uuid,corruption,scale_bin,severity,miou,dice,accuracy
00028130-99e7-42f6-b27e-e1dca60231d0,clean,s5,1,0.421600,0.581741,0.620373
0008d12e-a273-441e-bcb3-24dbfb96fc54,fog,s3,1,0.468436,0.522455,0.879976
000ca8c3-d1dd-4279-8e71-f3d995179980,gaussian_blur,s4,5,0.629436,0.759811,0.825748
0015aea9-00bd-466b-b0f3-a4e42477aa63,shot_noise,s5,1,0.364757,0.528835,0.546640
00599f55-33b7-4a85-b812-12f27518d7a2,fog,s4,1,0.407213,0.448861,0.814425
0059d426-9d71-4524-900a-455c3340f103,shot_noise,s5,4,0.342695,0.479837,0.569327
005bc050-c36b-465e-ba24-2719fcaee276,shot_noise,s4,0,0.785497,0.877169,0.901800
005c46d1-f071-4173-9228-e960f40d2f7e,gaussian_blur,s5,3,0.220312,0.346131,0.383931
005cd347-974c-4ea8-a661-68e375736746,clean,s5,0,0.697671,0.821915,0.821921
006af3ce-07c7-4926-b338-6e3435147c09,fog,s5,2,0.260172,0.358632,0.497552
0072f2b1-0047-4c31-8f7b-a6c66994dc14,gaussian_blur,s5,4,0.513314,0.678030,0.679538
00a18e42-8c64-444e-a461-ce6c3fe37898,clean,s5,3,0.640489,0.767585,0.837929
00ab6434-c3de-4994-a021-ab2979c20be1,gaussian_blur,s2,0,0.484937,0.492353,0.969874
00ac92c9-4dc1-43cd-b39b-238d1b780ccb,fog,s4,0,0.771689,0.866238,0.907733
00ad0913-2333-4676-aba3-231cb91f54eb,fog,s4,3,0.637790,0.766725,0.830786
00ae0839-99b0-438b-ba4a-8840456f57cd,fog,s4,1,0.484405,0.640415,0.686711
00bf617b-2c53-4e9e-9e45-09dfab94c2ef,shot_noise,s3,4,0.466679,0.482765,0.933357
00d00498-691e-4869-98fb-f3b8ab615e72,gaussian_blur,s5,2,0.627678,0.770775,0.773355
00da6c87-4109-4c6f-b6d6-cc836b499b55,fog,s5,5,0.290496,0.437619,0.472594
00df5df1-d635-46a1-97b1-448e7d0a241c,fog,s2,4,0.230306,0.325197,0.447285
00df5ef9-5e9d-4fe2-b2fe-90ae7f1bd694,fog,s4,2,0.543778,0.700993,0.716126
00e2dfc5-a0c6-47f7-a14e-8837876e11fc,gaussian_blur,s2,2,0.489496,0.494692,0.978992
00e3ab3e-8baa-4190-a6e3-f3b07ddf5127,clean,s5,4,0.773256,0.872131,0.872138
00ed89c6-9942-4545-ad3f-5a2470f6eafc,fog,s5,4,0.520525,0.674961,0.714520
00ef92aa-f726-465a-8bde-ea1600f4c395,clean,s4,5,0.647096,0.759725,0.894021
00f7f7bc-ac64-43e4-9eb9-9660e3b9178c,gaussian_blur,s5,0,0.798167,0.887075,0.893790
0106ea5e-17cc-4268-b5bd-49575201cebd,shot_noise,s5,1,0.144771,0.224560,0.289504
01085bb6-20d3-409c-80e0-3f6558084843,clean,s5,4,0.666124,0.799159,0.801849
010e4d8e-e2bb-4a7f-9441-1f59ccb01980,shot_noise,s4,5,0.382674,0.530218,0.603147
01106481-adf1-472d-9e08-16fef47bb19a,shot_noise,s4,0,0.645176,0.765820,0.863344
0113bb84-27b3-4bf7-aff4-e332b8a7d42e,gaussian_blur,s4,3,0.646045,0.760546,0.886949
01157ca1-02a6-4721-8f4f-687c1a550bec,gaussian_blur,s4,0,0.257942,0.410092,0.410117
01179b17-0fc2-4bcc-942a-d315bac1d1fa,fog,s5,4,0.530220,0.692438,0.694821
011a607c-fef1-4492-a9b8-b89165889b01,clean,s3,0,0.454917,0.476394,0.909835
011b3ae8-3d23-4777-b54e-be58cbfa5ec6,clean,s4,1,0.787533,0.877173,0.913437
012a51ef-c3e5-4dce-8ecb-572165aea219,clean,s5,3,0.602061,0.749521,0.759941
012d8c07-e6fb-4d54-a258-35c4426ef94b,fog,s4,1,0.428006,0.599177,0.600117
012e63de-ab89-4481-bac2-5d1a96cb6419,gaussian_blur,s5,4,0.448472,0.616754,0.625707
013334a7-a3fb-4bc0-98a4-18f11f65b25b,clean,s5,2,0.283979,0.365218,0.563838
0145ff6c-642e-401c-856d-a10090a7af14,gaussian_blur,s5,2,0.295035,0.371097,0.590069
0147756a-a8a6-40e7-89be-f1576258a454,fog,s5,4,0.682647,0.803045,0.853799
01514993-6f27-415a-a3a4-878d2cfaba09,clean,s4,1,0.747587,0.846561,0.914245
015b0ee6-337e-467b-91d6-c45ec6b0d054,fog,s5,2,0.607852,0.752592,0.770300
015e04d9-852d-4682-9de8-4c7f20662574,clean,s4,4,0.269732,0.419787,0.433616
016438c8-6655-495f-9670-f3824ee5cf36,fog,s3,3,0.591615,0.695774,0.900012
0170863e-29ef-461a-910a-a4dc85b44094,fog,s5,1,0.613440,0.745691,0.818300
01733203-7fee-40cc-9a88-6adc3525c1e7,shot_noise,s5,5,0.656060,0.792093,0.793381
018cbaea-b35d-4cbb-8dd8-de1f0d9b24cf,gaussian_blur,s5,3,0.804073,0.890788,0.896977
018fe69a-33a6-448b-b64f-2a1e7eb39529,clean,s4,2,0.277043,0.430122,0.440482
01a76a1c-79c1-4eae-9a83-2efffdbb9b60,gaussian_blur,s5,2,0.748758,0.856293,0.856595
01b10b0f-cf1e-4899-9f40-823f7a4487e9,clean,s3,5,0.620415,0.727120,0.907307
01b4c242-e89a-4442-8cf5-b5ebbef97e60,clean,s5,1,0.567937,0.719737,0.741213
01b98d77-b3ad-416a-b8bf-aa093ea8bc18,gaussian_blur,s5,5,0.509069,0.673189,0.679239
01ba0d88-b44b-4e46-807b-90358d82ed8c,shot_noise,s5,1,0.302620,0.449773,0.491640
01c673ec-8893-449f-9ad2-2d4c614e06b1,fog,s5,5,0.598550,0.748734,0.749392
01c90562-6a2b-4086-9dc6-3af74f00a0b2,fog,s4,2,0.525181,0.676554,0.726171
01e41d80-8ca4-41ae-b2e3-6179997a3458,clean,s4,0,0.262814,0.413666,0.420619
01e638fb-ae21-46f8-afa6-7cc00799454d,shot_noise,s5,4,0.536428,0.692136,0.718235
01eec83a-9a70-4869-a21b-d74dbc7fed5b,clean,s1,0,0.380317,0.449816,0.735071
0205e4d6-1cca-4483-a71f-63f73569a35b,gaussian_blur,s5,3,0.234410,0.319181,0.468819
0208131b-4c74-41da-b86e-2491115592e5,shot_noise,s4,3,0.291027,0.428874,0.489317
021b7a12-2598-4f18-b636-9ed95557661a,fog,s4,0,0.651217,0.784310,0.809461
021bc95b-ea77-46c7-9e31-61b0483f4f78,fog,s4,0,0.815261,0.895180,0.927328
021c2495-c0b2-4a76-98f5-805518e31af8,gaussian_blur,s4,1,0.695078,0.809902,0.873832
02221c16-b3b9-42ef-ae49-3714e33373fb,shot_noise,s4,3,0.804470,0.889146,0.914150
0224a4d9-0c8a-49ba-8ff4-9ba3c74f9256,clean,s5,3,0.380760,0.440755,0.749589
02257a6e-8c49-4b01-8710-22b3f6ef1193,gaussian_blur,s3,4,0.513306,0.617147,0.838357
023013c4-8559-479a-b991-f314ef235733,fog,s3,2,0.388560,0.512056,0.657216
023bea21-742d-4785-a212-cc3ec686a9ed,shot_noise,s4,5,0.703845,0.820222,0.859349
023ec8f7-02d3-4b04-b0cc-aef4c2141d47,shot_noise,s5,3,0.774580,0.870183,0.894460
023eef86-8cc0-4da8-9129-263bc93b9a63,shot_noise,s5,2,0.587700,0.739052,0.745157
0248bc25-d28e-4b07-be75-27be22f6d644,shot_noise,s5,4,0.497739,0.664645,0.664683
025ca271-06c3-44f0-910e-bb6a96097be1,clean,s5,1,0.374816,0.543267,0.549625
025ff941-113b-42e4-af1b-1c9f673c1d51,fog,s5,2,0.700156,0.810793,0.891520
0272f1ea-d64d-4a73-a2d1-595b8289b911,clean,s5,0,0.491089,0.639261,0.712580
0273efcf-e99e-4ece-843e-858fb2a8e9fb,gaussian_blur,s4,0,0.362034,0.462433,0.660290
02752f28-0e31-4260-b8fb-4ce89ab4c983,clean,s4,2,0.647373,0.770056,0.855051
02774f63-9aa5-47bc-977a-81b5c8ed1a9c,fog,s1,2,0.454016,0.505816,0.864660
02778a02-a1fc-4873-8ec9-221a9805944e,fog,s4,3,0.577583,0.728884,0.744610
028285e5-ef2f-4de7-8219-832eb7991ff6,clean,s5,0,0.796475,0.886708,0.886709
028489ca-aae2-4b96-8254-a0162343c520,gaussian_blur,s5,0,0.580381,0.724007,0.772438
028959d2-334a-4f2a-ab4a-26b8a8ff9381,fog,s5,4,0.600638,0.748556,0.758223
02b7944c-81b6-4987-b198-cf6663a56082,clean,s3,1,0.319798,0.441570,0.561701
02bfa108-95b9-429d-a621-c278ded4282f,gaussian_blur,s5,3,0.436737,0.603879,0.618251
02ddf687-85e7-45e0-9b40-1c0f1d51f066,shot_noise,s5,3,0.548313,0.707329,0.711493
02e0cebf-46a2-4bf9-b3b4-cd63b594eb7a,gaussian_blur,s5,0,0.288311,0.367897,0.573640
02e0e20b-9708-4769-ae76-c82ac27c0aa8,clean,s4,4,0.650544,0.772591,0.857261
02e5d166-6551-45d9-b01d-53729320e1af,shot_noise,s4,2,0.753233,0.848062,0.932885
031010c6-bfc6-4bbf-942f-8e3a98589a0a,shot_noise,s5,3,0.488379,0.651724,0.669269
03198c8a-18f6-4107-98a9-19e29f04a4e4,fog,s3,5,0.359287,0.441328,0.684925
03269eea-19f6-4e28-86f7-ed307e2c1e12,gaussian_blur,s5,0,0.659619,0.794889,0.794975
0326dfff-1c6f-4c35-872a-bec8afc920e0,shot_noise,s3,2,0.423580,0.528917,0.735563
03325e22-3462-4248-ab37-d4bf31e566f6,shot_noise,s4,1,0.527242,0.665095,0.766155
033b1e9d-9b83-40f9-9bb6-3440ab1ed4e4,clean,s4,4,0.683636,0.790758,0.914064
03423cf6-ac40-4869-83fe-4186985b303d,shot_noise,s5,5,0.558442,0.714950,0.722688
0344b0de-ba9a-4e3f-aa22-073203a10be0,gaussian_blur,s4,3,0.544893,0.687282,0.763389
03504024-75ef-4657-a0b5-4dfc25497561,clean,s5,2,0.420326,0.579627,0.621003
03523527-3a62-44bb-b43c-750f7b05561a,fog,s3,4,0.689743,0.794106,0.924607
035a5f5c-e8b6-46b0-b475-c3336b8b3346,clean,s4,5,0.461131,0.596871,0.716347
036560c4-f08d-49e5-b3f5-8e8ae74b9e2e,fog,s5,2,0.303617,0.438624,0.514229
036755b8-0b8e-4d76-8d0c-d1a23ef1eb1a,fog,s5,4,0.372963,0.526854,0.578048
038bb805-c56d-4ece-b69f-cff95f3696e8,clean,s5,1,0.769577,0.869351,0.873119
0392a242-91b7-48c4-bc20-850ad08682d8,gaussian_blur,s4,1,0.565352,0.701721,0.791435
03a3596e-0ebf-446b-96e9-5c01e4c95179,clean,s5,5,0.684662,0.808622,0.834746
03b62e1b-a615-417f-bec6-453049470aac,fog,s3,5,0.554090,0.618555,0.960863
03c2871e-abef-497b-9c62-5bf8e63ba277,fog,s3,3,0.699062,0.801175,0.932044
03c492fb-357f-4a3c-9d7f-fe3976d0fbdd,clean,s3,2,0.348781,0.410920,0.697562
03c80a77-d39e-441f-9aa7-2cf278ee9138,shot_noise,s4,5,0.681364,0.805845,0.834411
03c90add-5db7-454d-a65b-013a1763063b,gaussian_blur,s2,2,0.425061,0.459495,0.850123
03d097b1-03ef-4b48-8e09-5fb732b43fdf,shot_noise,s4,0,0.824985,0.902551,0.920006
03d23c76-2bc0-4fc7-aa3d-8f129c5525c9,shot_noise,s5,2,0.520712,0.684803,0.684901
03d62df4-ec4f-4b79-92af-4671118b0e29,clean,s4,1,0.797923,0.883899,0.919530
03df2420-4cf9-4bd1-9702-e126f9a5f540,shot_noise,s5,5,0.721515,0.836618,0.848112
03e5565f-45a5-49a5-a006-f219870d7792,shot_noise,s4,2,0.762264,0.862565,0.883514
03e729a9-2abb-44fb-8b0c-944621400e3f,fog,s4,1,0.746594,0.844503,0.921867
03ee97d9-9b81-46a4-bfa1-77a29d16e31c,clean,s4,0,0.261644,0.411614,0.420123
040490f1-993e-4f1c-a80b-aaeddeeec6ba,clean,s4,5,0.437893,0.588068,0.660076
040cd758-2cb4-48ae-9046-85c33ee375a2,fog,s5,3,0.373462,0.541113,0.549739
04131064-8b2a-4ba3-ab8d-c8ed8c0caaba,gaussian_blur,s5,4,0.769006,0.869421,0.869423
041a30f2-bffa-42ca-a930-792c69fc65be,clean,s3,0,0.529922,0.615229,0.894202
041fe072-49fe-45cf-9229-fc82dd2d89cf,gaussian_blur,s5,3,0.750088,0.856050,0.865187
04431064-8afd-4e02-ba76-e3edb565bb6c,gaussian_blur,s4,4,0.502745,0.665930,0.678597
045a2da6-f83e-484e-9122-84eb6b0a2674,fog,s5,0,0.666939,0.799273,0.804795
04623fe2-7089-4e59-a1bd-55c9f4c8ca83,clean,s5,4,0.613196,0.759326,0.763960
04682bb3-0be0-4dfd-938e-7f3138c28fda,fog,s5,0,0.564272,0.714785,0.744817
0474391a-1626-4915-8d27-abd8b197ca71,clean,s5,2,0.491656,0.612023,0.780827
04762b3e-9fb7-4ecf-aac4-eacd8f62a15c,shot_noise,s4,0,0.667388,0.780612,0.891259
04820b09-58c6-4627-a774-924e1b4ae45a,fog,s5,3,0.658689,0.793254,0.798939
0484b0fa-adab-4d43-bb7d-f8b2f504a6ba,shot_noise,s4,3,0.526697,0.638624,0.832102
04a68922-ad4e-41d3-9d85-47db301f7169,clean,s4,0,0.521459,0.677441,0.710371
04a7452a-8b56-4a7a-9237-1bfde51e95a5,fog,s5,0,0.325202,0.417963,0.615931
04ab9679-3eef-401d-b018-ac5d5cd39e1f,gaussian_blur,s4,1,0.326214,0.484525,0.506348
04b588f5-8e98-4631-9eb0-ff35d24b37ae,fog,s5,4,0.571768,0.727542,0.727568
04bd6cab-345a-4111-b587-83c26ae4a598,shot_noise,s4,3,0.606644,0.736752,0.825132
04bf0c0e-2717-4c0a-8c48-a1b1b98c95b0,clean,s3,1,0.553151,0.628633,0.937576
04cb79dd-4b36-45b3-abbb-68ce5e972629,fog,s3,5,0.460698,0.578287,0.755296
04d07d37-c16b-4fae-b961-54d8fcbcc3ae,clean,s4,1,0.519051,0.654620,0.766683
04d372fc-5033-4944-a329-dd3f198b61b2,shot_noise,s4,5,0.547952,0.687998,0.771982
04d3b645-7af5-4aaa-8f3c-1db31f5323b7,fog,s5,0,0.777412,0.872604,0.891760
04e28fd0-fee9-4883-89e8-1e5127b540ac,fog,s3,5,0.380151,0.495806,0.660123
050f62c3-05eb-4753-9450-0cb8693c5808,fog,s5,4,0.565837,0.722682,0.722895
0511e943-feb7-4be0-83c5-90c79db1e97c,clean,s5,5,0.545656,0.705884,0.706619
051d6774-093b-4b61-9297-b304f0127ec4,clean,s4,3,0.675567,0.792521,0.873147
054191f0-71ca-4cca-9921-9853d294e994,fog,s5,0,0.253347,0.336295,0.506693
054c25f2-ff8c-4e8a-a17a-1087ab06d443,gaussian_blur,s4,2,0.558823,0.671475,0.855493
054ce1a4-4146-4b50-bac8-47cf82c4da31,clean,s5,0,0.388699,0.539180,0.604555
0566d631-b50a-4d5e-9a60-c5dbed0ed916,fog,s5,3,0.385438,0.553271,0.563447
05671df5-989d-48ee-affa-1abcd1cf3be9,gaussian_blur,s5,4,0.780389,0.874769,0.891669
05684f85-00c1-4788-ba94-83359036d8e0,shot_noise,s3,3,0.516277,0.611572,0.859670
059ef5e0-cedd-4b7e-a58d-c0206b27527b,clean,s5,5,0.757307,0.861727,0.863111
05a10c9f-3361-417a-a12f-032a5a8af791,shot_noise,s5,1,0.737416,0.848796,0.849323
05a2ee50-b0d6-4971-b1cb-46f4f7775cf4,clean,s5,4,0.663143,0.797349,0.797995
05b3fb8c-4c5e-47dc-a275-6959c26a0024,fog,s5,5,0.346101,0.441760,0.644041
05e05b92-8de6-4657-919f-bb789b11ae44,gaussian_blur,s4,5,0.708016,0.825739,0.848054
05e437d1-6ab2-4dd3-b0d6-7a18e06c7154,fog,s4,4,0.567289,0.720813,0.735006
05e8a455-cb83-446f-81a8-ba420f13903a,fog,s4,5,0.277310,0.421659,0.455909
05eb8f28-28d2-42b7-a6c8-f956eae98f42,fog,s4,2,0.501892,0.666464,0.673988
05ef89bc-2c20-46ed-9760-c76958165aed,fog,s5,5,0.245558,0.384427,0.410324
05fd5e0e-7851-4192-8b0a-5e6233eb09e2,shot_noise,s4,1,0.536406,0.665354,0.796595
06064796-b349-405a-826f-e593dd7cad10,fog,s5,5,0.424012,0.590183,0.608532
06220d5e-1c86-479b-a92a-72f9c5ce7380,fog,s2,5,0.494789,0.497381,0.989579
06257197-1516-4687-9d23-3ebca8a4d25a,shot_noise,s4,3,0.482757,0.617252,0.739755
06318994-42bb-4c03-ad84-f5b924492d84,fog,s5,1,0.438441,0.569639,0.702475
06327903-329a-4690-ab18-f1b7a76f90f8,gaussian_blur,s4,3,0.617947,0.743187,0.844384
06375cf8-2384-4cd9-b758-ae6bf058292a,clean,s5,5,0.586956,0.733134,0.764427
063814b6-7bb7-41c8-97d7-3ca9e8a7a445,clean,s5,1,0.714112,0.831037,0.846105
063b8a95-a3f4-416f-aff3-c3eb8ed478cc,fog,s3,4,0.516800,0.630323,0.819692
064cdd07-ea58-48cb-ab07-db6e49b0a0a5,shot_noise,s4,5,0.754876,0.854703,0.898965
064ec90d-ddb9-41e8-9064-d867fe0528e2,shot_noise,s5,2,0.495456,0.649830,0.699125
06711c7d-8d42-4a05-bad5-c76f3705deb7,shot_noise,s4,5,0.454700,0.573921,0.745371
0674a271-cbf6-46e9-b7ad-e60a66e0b0d8,clean,s4,2,0.751093,0.848930,0.916944
06aa241c-7a64-4ddf-b5d1-cfe8b4e7f374,gaussian_blur,s4,4,0.625589,0.764806,0.790388
06b34c15-2ae9-4fcd-9ed2-b71d7a789ddd,fog,s5,2,0.590781,0.738669,0.758396
06b4100c-ba7f-42b3-b57f-df92920023e2,clean,s5,4,0.687336,0.813001,0.823781
06b5ef74-b179-4d15-a0b9-0d59c3b58394,fog,s5,0,0.697671,0.821915,0.821921
06ba8d63-6fd6-4ebd-9dbe-e04a0b568b8f,clean,s3,0,0.444127,0.470410,0.888254
06be575a-162f-476f-aa40-974d4f6df93e,fog,s4,0,0.583880,0.725797,0.779150
06cae8d8-92c8-4348-9c82-d31539891ab9,shot_noise,s3,3,0.284752,0.410530,0.498837
06cc48ea-18e4-4861-a320-7431464b7215,gaussian_blur,s4,3,0.657699,0.773101,0.883447
06dc0de3-ecbe-47d2-b920-8a41dd882fbb,gaussian_blur,s5,2,0.568821,0.724007,0.729325
06e099e3-567e-4282-b86e-82fdeba09bf3,gaussian_blur,s5,3,0.508527,0.657536,0.722870
06eb5451-f5f7-4847-a7df-a20496891f7a,gaussian_blur,s3,4,0.398910,0.521616,0.672117
06ef8d30-5b67-4c95-b4e4-36789b693983,gaussian_blur,s5,4,0.668035,0.800733,0.802245
06f72b5e-4b04-45f8-81f6-b5fd5b1c2279,clean,s5,1,0.505715,0.637435,0.766309
0701262e-0c01-4f29-bdc7-d2c59060e848,clean,s5,5,0.723139,0.837270,0.851968
07020ff5-9653-4eaf-8731-5e45e084d651,clean,s4,5,0.523379,0.665901,0.750667
070df377-270f-4ba0-9786-54b9c9ffde04,gaussian_blur,s5,3,0.532623,0.694780,0.695925
0714eae5-2faa-47c1-8179-f2c100884150,fog,s5,4,0.343533,0.451549,0.620491
071b3434-2dfa-4511-bd65-13930afea0cc,clean,s4,3,0.386068,0.484864,0.697237
071c5e81-f535-4d26-9cc3-ced8a00f69fa,shot_noise,s2,2,0.476387,0.487908,0.952773
0736717b-7043-4e79-85bf-ed2b6e96b345,gaussian_blur,s4,0,0.643461,0.779910,0.797351
0736bdda-02b3-4369-827e-6247a40e006e,clean,s4,2,0.558307,0.710968,0.735888
073e08b4-4b36-43bc-bfda-c1ee919ead12,clean,s5,4,0.599454,0.749255,0.750843
0745d9e0-8cae-41ee-9953-ad071454abc2,clean,s4,2,0.764679,0.858033,0.927339
074c6ff0-de90-43ca-a3f1-a17425fc2634,fog,s5,0,0.727882,0.841165,0.851003
074fb5bc-894e-468b-848a-66241f0c9187,fog,s5,0,0.633129,0.769343,0.801429
07538f51-8ba5-4915-b3da-9d194ffc0723,clean,s5,4,0.314827,0.407967,0.598677
075d632a-4e05-4316-a4a2-3997c37f700f,gaussian_blur,s4,0,0.488942,0.645002,0.689899
075db57c-950d-4d7c-ba65-c39c4e0f65bd,clean,s5,1,0.479265,0.646467,0.652251
075e9252-8558-4dc7-ba40-43d1c63a5d4a,fog,s5,4,0.334935,0.467770,0.565737
0763d1c6-2953-4bee-89fa-2b80cc1bb970,gaussian_blur,s3,5,0.404415,0.510167,0.710155
078269d7-46b5-4566-b203-d13b80b34d52,clean,s5,0,0.678966,0.804525,0.830615
07837f76-90da-4d4e-b086-2dc3474eb3c9,clean,s3,5,0.617686,0.706263,0.959088
0787a61c-b7bf-4fe5-87bb-24ce9317cd1f,clean,s4,0,0.314032,0.470211,0.492608
07987611-248d-4030-9a23-1fa1d3b63155,fog,s5,0,0.575246,0.718405,0.772801
07ac683a-8fd4-4e8d-9103-40badd1a4930,shot_noise,s5,1,0.627941,0.771160,0.772742
07bd4b30-394f-4f96-8188-07fed755aa75,clean,s3,2,0.600721,0.696137,0.929676
07cb0dd9-9afa-4cc7-bc63-c0443754ac04,fog,s5,2,0.503520,0.669546,0.670523
07d4114d-6e37-4146-9b7f-aaae723aeca5,gaussian_blur,s5,3,0.370590,0.475019,0.666027
07d6b792-7950-4496-8d75-9bdf940308ee,clean,s5,2,0.628707,0.769647,0.782384
07fb95cf-6445-4ce2-82f8-684b2a9a7bd5,fog,s5,2,0.361512,0.530424,0.532368
07fe8372-7a45-40eb-ab64-b9e4b0ce2d9d,gaussian_blur,s5,5,0.756686,0.860926,0.865563
0818cab2-b4b7-4b27-8f5e-522c826e700d,clean,s3,4,0.517756,0.621761,0.842229
081abd35-e1dd-4075-bd0b-8bb62e170625,fog,s5,1,0.617133,0.762744,0.765349
081b499c-f48a-44ae-b45e-5141ebbcf953,gaussian_blur,s5,5,0.669380,0.801889,0.802261
081cf6c2-b9ff-42cf-bc37-cccb71803309,fog,s3,5,0.470314,0.499958,0.919301
081e17cb-00a4-44ce-ac02-edc1495e8c8a,fog,s2,3,0.456856,0.537523,0.821045
083d510d-2655-4772-9ec3-0d533d8c6b4f,clean,s5,4,0.554235,0.711519,0.718997
084ecb04-e3a1-43e5-a5ac-ca9593151d4f,shot_noise,s4,2,0.602423,0.734212,0.818401
085b568b-e52b-4bc6-996e-3a2e202ea370,shot_noise,s5,5,0.670781,0.796188,0.836155
0865a542-37f3-41dc-b940-9a97b957bec1,clean,s4,5,0.401777,0.545160,0.634976
0881d89a-036d-4fce-9ea6-e43682bf035b,gaussian_blur,s5,3,0.789590,0.881655,0.888937
088737fc-36f3-40c9-b212-8e016f709788,clean,s5,0,0.384513,0.457036,0.736700
088b12e7-9865-4fa9-af8d-4a30e6b4b02d,gaussian_blur,s4,3,0.755491,0.854980,0.900283
088e9bac-5314-4309-8f6e-2d85e2954171,gaussian_blur,s4,3,0.818739,0.897766,0.925483
0898c770-a837-4401-aeb2-9c898dfa2601,fog,s4,3,0.357227,0.500283,0.578684
08998928-5269-494f-89bf-5a8b778f6338,fog,s4,5,0.658542,0.786400,0.830272
089b583e-7914-41e2-a8fa-1f49eb4eeb08,gaussian_blur,s4,0,0.260911,0.409753,0.420779
089d36cd-acad-4a5b-9319-70e35338eadd,shot_noise,s5,5,0.332508,0.462566,0.566997
08a85c62-ff1f-4b30-8782-8a3028f5d7f3,clean,s4,3,0.628637,0.749735,0.860864
08a8a3ff-f28f-4910-8371-423e40a663bb,fog,s4,3,0.630456,0.767545,0.798320
08b19b1f-149d-47a5-ab66-bf2945362723,clean,s4,3,0.558704,0.694059,0.791483
08b48a92-7c92-44ed-b589-eb1c8d42cc7b,clean,s4,0,0.693706,0.804090,0.896069
08ca1993-6e30-43e2-89f6-d7c1855a2c00,clean,s5,0,0.356860,0.482574,0.609952
08ce146e-a4a2-412e-b231-5a6205e645cc,fog,s5,4,0.699160,0.811381,0.884270
08d89c45-c6bb-4f39-aef7-be3811d5a01e,fog,s4,2,0.669096,0.781221,0.895568
08dcb0b6-c906-45c8-a859-8822a2361538,fog,s4,3,0.622900,0.743532,0.861632
08e4b33c-7f1c-41e1-b936-90879a634dc6,gaussian_blur,s5,3,0.746805,0.854612,0.858083
08ecfcdd-85b4-463b-91a9-6dd67a38244b,shot_noise,s5,1,0.535186,0.696622,0.699218
08f0929a-887c-4e68-8cd6-3a8f92cc76b3,shot_noise,s4,4,0.479599,0.628244,0.702187
08f2d729-6366-4bd4-b1fd-5eebf2d0f349,clean,s5,2,0.656307,0.792487,0.792528
08f96a99-364e-41b0-b006-e2cb1b49c0d9,fog,s4,2,0.822298,0.897395,0.952091
08fd9f6a-c53d-4201-91c4-f1c6b141ea5c,gaussian_blur,s5,1,0.580062,0.734132,0.734583
0902bc06-a0ec-4a12-8f13-037af593702b,fog,s4,4,0.340689,0.508227,0.508235
090a21e6-9cf1-4815-a09c-5ec2413a8f2d,fog,s5,4,0.547336,0.706909,0.709323
090ad6e9-905e-4dad-884e-97d74131f395,fog,s4,5,0.323074,0.457457,0.545342
091a9183-9056-40a7-af10-e90d63f62b80,clean,s3,3,0.592123,0.709077,0.863223
091becd9-6e88-44e0-987b-71a9c40f11b3,gaussian_blur,s5,5,0.598472,0.747407,0.754342
092b64bc-9f95-4cc8-9629-3abf02551827,clean,s5,2,0.634876,0.775658,0.781158
092f84e9-8837-40b8-ab3b-3b322817e8eb,gaussian_blur,s5,3,0.637499,0.773833,0.799813
0936ee71-5e4e-4b59-ae00-2100d12f013e,shot_noise,s5,1,0.415698,0.580166,0.604188
09389c6f-190a-4070-9b55-1fe7e9d47fff,shot_noise,s3,3,0.628238,0.734496,0.911723
093de169-7c16-4bde-a016-a8cabd71ebae,fog,s4,1,0.540509,0.697439,0.715904
094f0dff-a603-49ca-9cb1-3f808325290d,shot_noise,s2,5,0.667997,0.761309,0.967061
0959e2dc-c263-494f-b01d-f0490f1dfdbc,shot_noise,s3,1,0.457352,0.576677,0.748053
0966e525-7c0f-4dec-a54c-3e853f5f400f,gaussian_blur,s1,3,0.380104,0.451850,0.731411
096c1550-8b7e-4bc5-8500-3881ba13f916,clean,s5,1,0.643041,0.782165,0.785404
096e331e-0dfe-427d-9cf3-39d71cd9f3ae,gaussian_blur,s4,2,0.640397,0.769617,0.829251
096e53c3-9f1c-49aa-901d-d1ca879c9ccb,fog,s5,0,0.819937,0.901054,0.901128
0971ea1e-b69a-4336-93ef-8d48e6537af0,gaussian_blur,s5,2,0.732394,0.844110,0.854629
0976ce79-51e7-473f-9249-4e24ac455c75,clean,s5,3,0.660379,0.795095,0.797217
09783c60-4562-4bbb-9c41-6e1280bebdc6,gaussian_blur,s4,0,0.693706,0.804090,0.896069
097a676d-3132-4a1d-9efb-456d30c02fc3,shot_noise,s4,4,0.630932,0.767665,0.799716
098e48b6-db0b-46f4-bc11-35067b11f490,clean,s4,1,0.770729,0.861735,0.934069
09970183-4f2c-469e-b274-299abffeb99e,clean,s4,0,0.768231,0.864325,0.902835
099ac533-24ca-476d-b957-263d9427da83,shot_noise,s4,3,0.652672,0.777691,0.844480
099f0b86-f1a3-42ba-be59-65191f8dca9b,fog,s5,2,0.776962,0.873679,0.880853
09a7d0e7-bb9e-43d8-84fb-e61a76e02d88,fog,s3,5,0.468429,0.541333,0.848757
09b8ec0d-3874-49a6-ad11-960f6b84088a,shot_noise,s5,2,0.156213,0.243841,0.305093
09c77aed-e2e3-4767-952a-d3437238d90b,fog,s4,4,0.508223,0.626869,0.800079
09d4f61d-e23e-470d-a129-0320d9467a09,gaussian_blur,s5,2,0.463809,0.632879,0.635941
09d5ada1-6b4d-4166-b3d2-13c78f152549,clean,s5,2,0.711422,0.830075,0.839067
09eb2bc8-82e7-4643-aa86-3fca50663e26,clean,s4,5,0.745980,0.848371,0.895009
09f343a2-d8b8-481a-819e-eee61599c35c,gaussian_blur,s5,0,0.752484,0.858296,0.862053
09f3e1e1-c7ed-4281-94ba-b906b809c7f4,gaussian_blur,s3,4,0.735585,0.833090,0.934889
09f44de4-5900-43e7-ac1c-b65aa2bad412,clean,s5,0,0.658011,0.793655,0.794128
0a11b65e-d3e6-456c-aab1-03337edfa7d1,gaussian_blur,s5,5,0.245319,0.329147,0.490639
0a163018-1307-4932-9143-a5ee23882de9,shot_noise,s4,2,0.458686,0.615150,0.664640
0a23b81b-2057-4615-a87f-7fe0673c6024,shot_noise,s5,0,0.641026,0.781247,0.781269
0a27515b-3b24-4c4d-8cfe-d51d4c7a824e,gaussian_blur,s5,5,0.601090,0.749156,0.757610
0a2c219a-e78b-4acf-94b1-cc3f87bf311b,clean,s4,1,0.759895,0.853756,0.930661
0a32857b-ea71-4199-9872-f06852fb1565,gaussian_blur,s5,5,0.692070,0.817645,0.820048
0a470275-ee07-4124-bb81-6759432d08ac,clean,s2,0,0.475862,0.487632,0.951724
0a4770b3-fe79-4998-85b2-83b4d6e65182,gaussian_blur,s4,4,0.407213,0.448861,0.814425
0a582abc-5858-43a4-bd0c-da0dcbfd6c5a,fog,s4,4,0.495069,0.589885,0.838768
0a5b663e-26b9-4825-b1b3-60cfb3f47f0c,fog,s4,1,0.457692,0.609672,0.674843
0a64db2b-0619-48f3-b077-d7329bc37b61,gaussian_blur,s4,2,0.607533,0.744688,0.799605
0a67f161-299a-4e15-843d-604dbd0891c3,shot_noise,s5,3,0.619433,0.764544,0.766935
0a6a461a-bd6a-4cb2-8828-e0d3d2f8944d,fog,s5,0,0.669379,0.801776,0.802825
0a88ddc8-868e-4171-9b1c-b2a5b6d50c25,shot_noise,s3,3,0.519424,0.604061,0.884880
0a8bd2f4-8cef-4b9d-bb59-a49415124a14,clean,s5,2,0.474993,0.644060,0.644064
0a999749-6f58-4ffd-a7e3-5561d3fd5535,clean,s5,4,0.720843,0.837115,0.841856
0a9c6ea5-c1ca-4aca-acc0-e5df9fabd3c1,shot_noise,s4,4,0.671439,0.785169,0.888411
0aa37904-230e-47a2-b0c8-64f2817d218f,clean,s4,2,0.836022,0.908971,0.929558
0aa9948d-8c3c-4bcb-94c6-85094cb5b5be,clean,s4,5,0.682432,0.807618,0.830096
0abd3277-8434-4135-a2b3-4d2b3754b39f,fog,s5,1,0.514102,0.679024,0.679275
0accd1ad-90ce-4c0a-875d-b6b07c7f8588,gaussian_blur,s4,1,0.709845,0.815756,0.909261
0adbbe78-bed2-4c0b-85a8-e02924a9c90f,shot_noise,s5,3,0.510828,0.674464,0.681625
0adeaca3-2dba-4e5e-afe2-6f314331633e,fog,s4,5,0.750873,0.852086,0.895749
0adedbea-d9c7-4b41-b166-d6a63bfa8f91,shot_noise,s5,4,0.729937,0.839379,0.871964
0af76e22-c7a9-4557-9a27-bfffab875083,clean,s5,1,0.776577,0.874231,0.874304
0afd9aa9-2ae2-474c-9f4c-1bdc7681cc58,shot_noise,s5,2,0.622905,0.760333,0.798138
0afec7f3-a9ba-4ba3-8ce2-9846d83a0095,fog,s3,5,0.413147,0.516689,0.725477
0b063adb-0d79-41ab-987f-386dd6b26b2f,fog,s5,5,0.624660,0.759727,0.807456
0b0be12d-1745-4256-b381-11039b9a91c7,clean,s5,1,0.552216,0.711132,0.712859
0b0f3631-de92-475d-b868-455cb325be83,clean,s3,4,0.287094,0.395309,0.530127
0b0f92b9-eb81-4e66-a0e1-65ed0b9c5ae9,gaussian_blur,s4,1,0.511553,0.615883,0.835598
0b349fe1-9607-4877-99f6-8cc97a6cf591,fog,s5,5,0.703732,0.819419,0.863141
0b37b973-3254-49ae-bf73-ea32a8588dfe,shot_noise,s5,3,0.348475,0.410707,0.696949
0b430b20-7d65-4ca6-a7aa-f0b24d77304f,fog,s4,1,0.564531,0.706638,0.772874
0b470ded-51a5-4dcc-a505-cf608ee4af55,shot_noise,s5,2,0.495750,0.648421,0.704000
0b4ae124-164f-44b5-9961-8d7c2e4008f1,shot_noise,s5,1,0.485211,0.648350,0.667721
0b56258a-4de7-4402-b475-75bb2a16961e,clean,s5,0,0.454424,0.589592,0.710880
0b60b146-4dfe-45ca-97d7-eea1b69c2094,gaussian_blur,s4,1,0.565867,0.703322,0.788244
0b6db3a1-3e8c-4b99-919c-82fc8870f303,shot_noise,s4,1,0.440116,0.567883,0.711520
0b7f09bb-04dd-4776-9865-80c425b0ffe8,clean,s5,5,0.397343,0.554040,0.601611
0b8a3523-c164-45ba-a4bb-1a94e08e5e37,shot_noise,s5,4,0.344177,0.424678,0.664054
0b8c5aed-f340-4c9b-a09d-3ab83edbd942,fog,s3,5,0.217177,0.330901,0.395641
0b8ff9f9-bb6f-4f74-bfaa-de7a233c94cd,fog,s5,0,0.609778,0.757405,0.758366
0b91f2ac-8658-4c62-bc92-c028edcfa9d4,gaussian_blur,s5,1,0.659244,0.794524,0.795157
0b974ddd-338f-47d7-9f03-6d29ac549cc9,gaussian_blur,s4,1,0.516684,0.631954,0.815502
0b98ecb8-384f-4e41-919c-6698a39beedd,gaussian_blur,s5,4,0.852529,0.920217,0.922619
0ba25443-ea94-4c37-a08a-bd961742e277,shot_noise,s4,4,0.669396,0.798473,0.819273
0bb72fbc-7c0e-45bd-bf67-1ce0eb9f4b9b,fog,s3,0,0.549407,0.625258,0.933141
0bb95be3-f019-488b-8e3b-384d256b75e0,shot_noise,s5,3,0.657066,0.781963,0.843886
0bbfdeff-3046-47be-9cc4-2662698acc3f,gaussian_blur,s5,5,0.387007,0.553709,0.567765
0bc2e0a4-173e-4d1e-a109-63281f03681e,shot_noise,s5,2,0.600784,0.750583,0.750731
0bc745d6-4de9-41e2-a563-9aff0a9de432,gaussian_blur,s5,0,0.624433,0.768714,0.769177
0bc79251-495c-4817-8969-a1974f9e01dd,fog,s5,3,0.672200,0.802592,0.810958
0bc8e117-036e-4e6b-8c64-420a79ed9e42,shot_noise,s5,4,0.382360,0.433338,0.764720
0bd0edf0-c4ab-4942-842f-dbc3daa32138,fog,s3,2,0.575780,0.693409,0.852704
0bdb0fa5-0f97-4a79-ba22-b75e530f1c2d,shot_noise,s5,5,0.335157,0.401310,0.670313
0be54252-e0c7-4dfa-bb5e-1037f8c82b63,shot_noise,s5,3,0.715540,0.834176,0.834248
0bea61a4-28df-4007-8d09-50d8cc926f7e,clean,s3,5,0.731634,0.829204,0.937632
0bf240fe-59fb-4079-9ea4-95ac69216256,clean,s3,1,0.358486,0.417580,0.716973
0bfeab98-7de9-46a0-8d46-a18c348ae90b,shot_noise,s5,1,0.431215,0.601583,0.605104
0c06e24f-1758-4203-8e6b-e96f806077d4,clean,s4,2,0.764228,0.856686,0.933861
0c09ae12-204f-491d-a06d-498cac6037e6,gaussian_blur,s4,3,0.412915,0.485330,0.777148
0c09f232-cbc0-4612-b81b-68e1ba81d63c,gaussian_blur,s5,4,0.670041,0.802360,0.802752
0c0f8b61-2f29-45b4-a940-f2db7ef5746b,fog,s5,1,0.479507,0.632221,0.691640
0c189746-54bf-4657-b74f-6c64b7637712,fog,s5,1,0.392562,0.563742,0.563925
0c1bef29-eb1f-4433-bf21-21bf64c356a5,clean,s5,0,0.144771,0.224560,0.289504
0c25d01d-05a7-4d98-8c23-8e98511e7e51,gaussian_blur,s3,1,0.545376,0.620543,0.930542
0c26fd86-e471-4c42-ac9f-91c75bc72387,shot_noise,s4,5,0.674325,0.802153,0.822348
0c2f23bc-42aa-47f8-aafc-eac39791cb1f,gaussian_blur,s5,0,0.667036,0.795602,0.823084
0c35e741-3a14-4891-9e93-cccbca1bc646,clean,s4,5,0.318769,0.475467,0.498624
0c3daf7b-025f-4b4d-975a-0aa47b664fb6,shot_noise,s4,0,0.462543,0.572570,0.772773
0c3dc250-d7c7-4d02-af74-e272a30022a0,shot_noise,s4,1,0.642506,0.771822,0.828479
0c48dfa2-103d-4537-b54e-7dd998bd8b4d,gaussian_blur,s3,5,0.403263,0.496711,0.729808
0c4fad82-4905-4c6e-8e6f-1f8d01abbc41,clean,s5,4,0.431673,0.602980,0.603167
0c553a3c-d420-43db-8e17-06998501e304,shot_noise,s5,1,0.520070,0.683069,0.688064
0c560b97-6140-4231-ba69-b4a006c99d38,clean,s2,0,0.274430,0.356040,0.546565
0c736bb4-d3f9-4e90-9869-143cfc0c3f5d,gaussian_blur,s5,5,0.425362,0.596848,0.596848
0c92a9ef-08bc-4881-8a3b-650303bd7f04,shot_noise,s2,1,0.591996,0.671830,0.962763
0c9eeba4-44f9-40a9-8642-f7c239eb3372,fog,s3,0,0.353826,0.414400,0.707652
0c9f8bad-b6a3-4b7b-ab92-ee3b873a80a5,clean,s5,1,0.369156,0.441366,0.714459
0ca50c5c-a2f0-4ee4-aefd-f22e9dc5519c,shot_noise,s3,2,0.696849,0.794106,0.953637
0ca66d3f-c513-418b-8ff5-c113c9b92643,fog,s5,0,0.228099,0.314424,0.454672
0ca9825b-637c-41d2-a83a-5af9c7f12203,gaussian_blur,s4,4,0.595163,0.712020,0.864933
0cab912a-f8ae-43fc-8e47-b41ab5fd3ef3,fog,s5,0,0.373657,0.483334,0.661515
0cb0936b-e2ec-451c-8ea6-4e68802f7f5b,gaussian_blur,s4,1,0.802862,0.887025,0.922763
0cb5b14b-8d86-4dbd-8717-6358ac267493,gaussian_blur,s5,3,0.502714,0.668619,0.670450
0cba46ed-bf3e-4fd7-a9f4-d2fff58bb776,gaussian_blur,s4,1,0.204301,0.329528,0.353838
0d055e5f-aad8-4592-968b-6f20436f5c01,fog,s3,4,0.342600,0.427507,0.655063
0d188e0e-2f17-47e7-802c-61d238507b24,shot_noise,s4,2,0.647373,0.770056,0.855051
0d1fa013-3af4-4b34-b2da-3803e9b3c6b4,clean,s2,4,0.486619,0.493219,0.973237
0d2ba801-0e3a-4e3a-9f98-fe5ef5444743,clean,s5,0,0.660126,0.793559,0.803568
0d3130a7-1204-48dd-bab8-537e235c2490,fog,s2,1,0.485592,0.492690,0.971183
0d3c8827-a361-47ae-8038-22ac41a0e1be,gaussian_blur,s2,5,0.489600,0.494745,0.979200
0d3ec473-4035-4268-800c-5668c1b9c992,fog,s5,5,0.523516,0.685725,0.692091
0d5241de-a20b-4215-8a35-baccc145ee16,gaussian_blur,s4,5,0.600413,0.735741,0.805500
0d5409b9-e4d9-4cc9-98e2-c716516f6bf7,shot_noise,s5,1,0.378438,0.547781,0.551959
0d57f48b-82ff-4d8d-b14e-854da14b6c67,gaussian_blur,s4,0,0.469863,0.561446,0.816917
0d5bcb3f-e498-46e9-a941-1db3c5646d5c,shot_noise,s3,0,0.516577,0.626061,0.828805
0d5cf437-98ee-4122-949e-81a7c85b1365,clean,s3,5,0.616622,0.712623,0.937637
0d5d8b81-a711-4018-a145-8c5c96128cca,shot_noise,s5,4,0.675209,0.805476,0.809428
0d624c24-5175-4e04-93c1-dbd4c30f9f26,shot_noise,s4,3,0.605647,0.750736,0.769079
0d736a33-794d-40f7-9f72-c9a3258418e0,gaussian_blur,s3,1,0.584004,0.678655,0.920114
0d74160b-c97c-4aeb-ab1b-be2e40a94686,fog,s4,1,0.666333,0.788468,0.853140
0d74e242-23ec-47d7-92d9-2647e6f7b3e8,fog,s5,2,0.381812,0.515563,0.629131
0d84e385-ffea-452c-8093-7fbbc2674451,clean,s4,5,0.647373,0.770056,0.855051
0d976a1c-3822-4eb5-bebe-b0f6ffa3ebb2,clean,s3,3,0.569697,0.648980,0.944913
0d9e60d4-3452-407f-b1ad-31e4a6b38a94,fog,s4,2,0.654481,0.780869,0.838133
0dc062bc-f44d-47df-bb5e-bd2a50438770,gaussian_blur,s5,3,0.143032,0.222463,0.286027
0de0927c-1833-41fa-99cf-6541d94d64d1,clean,s5,2,0.713734,0.832478,0.835819
0dee9de2-94cb-4db1-83e2-300552823234,shot_noise,s5,5,0.439182,0.586458,0.668025
0dff8332-c730-4825-81ab-c2fbb50c2e7c,shot_noise,s3,1,0.347892,0.410302,0.695784
0e027a79-5527-46a6-8e82-e87154adc393,clean,s4,2,0.542452,0.690883,0.743739
0e080bde-541e-4a18-a4f0-109e6a81cbda,gaussian_blur,s5,4,0.264112,0.414995,0.422763
0e1c63a0-f207-4460-add1-d780abc99c5a,shot_noise,s5,5,0.465664,0.624432,0.664717
0e1fc1df-73bd-4227-9653-155d2922589c,shot_noise,s4,4,0.727825,0.828260,0.925249
0e2b8523-bdb7-4c65-b4a9-c692f8db71fe,shot_noise,s4,3,0.685049,0.801009,0.873808
0e36e13f-e2dd-4f46-a3cc-92e260587d1a,clean,s5,1,0.674796,0.804139,0.814434
0e4b793b-44ee-4181-8570-cf0e5b2cf912,fog,s2,4,0.460787,0.479593,0.921573
0e4c49c8-ab58-41da-9721-a4f11e00ea3a,fog,s4,1,0.781224,0.873045,0.909723
0e4ee932-f757-43ad-88ec-6b48da6b6f04,gaussian_blur,s3,0,0.638552,0.733359,0.952120
0e5a973c-40a6-4b25-9f7f-cb47453195df,clean,s3,4,0.479251,0.489406,0.958503
0e613b86-22a3-4e3c-9059-ec4c05d558a4,shot_noise,s5,0,0.488946,0.650626,0.674347
0e727e2f-040c-43ec-a96e-25e970d7ab0f,clean,s4,0,0.643867,0.761952,0.873276
0e813d73-857f-4269-8ff3-ef68c808661a,shot_noise,s3,1,0.597183,0.688051,0.939315
0e99148d-a9ca-4623-ab61-86ef72c9ffe3,clean,s4,0,0.705291,0.813804,0.899015
0e9cd1c8-8c54-4597-989b-ab6be4465f48,fog,s5,3,0.303613,0.377810,0.607227
0ea68798-6e8a-4eeb-a0e3-7f2a80bc4e17,clean,s3,5,0.461260,0.489135,0.909637
0eb74957-5324-4c52-b2ed-732b65aba4a6,shot_noise,s4,2,0.791260,0.878517,0.924216
0eb9667e-bd0a-4f64-93bb-481b03cd0b73,clean,s3,2,0.346209,0.471687,0.595093
0ebc2000-f12d-4150-bde0-4235aa3b17f1,gaussian_blur,s4,1,0.637872,0.774652,0.797771
0ec2d75a-c5e0-4a40-b852-a9be095cd97e,fog,s5,1,0.627420,0.768093,0.783856
0ed8e1d0-5888-412f-8d72-92cdab5d95a8,gaussian_blur,s4,2,0.630038,0.758275,0.834095
0eecb623-a86f-4d47-b838-9096a3a313cd,clean,s4,0,0.724870,0.826536,0.920949
0ef1b920-748b-491d-8549-77794ec8b4b0,gaussian_blur,s5,1,0.634497,0.771339,0.798437
0f04857b-efb6-4e80-a5c8-7c6831080487,fog,s3,1,0.589011,0.707278,0.857769
0f0ae837-bf85-4ea9-91d2-87109555fd62,shot_noise,s4,2,0.620813,0.764235,0.773754
0f0ef81f-cf4c-4e77-8492-a04c860bc69e,fog,s3,5,0.730078,0.822875,0.963152
0f1096f4-4877-42fc-bb98-9d1c07915e3e,clean,s1,0,0.490545,0.495228,0.981091
0f1288ef-0c37-4cb5-adc9-391f778b9ed0,fog,s4,3,0.771403,0.861738,0.937586
0f13d018-7b57-4491-a2c8-b5d6857d4675,shot_noise,s2,0,0.281452,0.361916,0.560498
0f19f792-f5eb-4cf3-8c35-a6d4a19e95e0,clean,s4,1,0.744690,0.847502,0.894074
0f231482-b261-4c48-a192-3a9f7cefff69,gaussian_blur,s4,2,0.552510,0.679833,0.811495
0f368824-b3f2-4c12-a0f8-b7d7adccce92,clean,s4,0,0.297838,0.458209,0.460389
0f42f7d9-7742-41a5-8235-c4982282a125,fog,s4,4,0.473297,0.629612,0.677299
0f555851-b096-4cc9-bf0e-ed3bb980862e,gaussian_blur,s4,0,0.728161,0.832433,0.903973
0f6358fe-a06d-46c0-a82e-8c699365ebf6,fog,s5,1,0.368115,0.435919,0.719340
0f662488-e070-4bb6-a07c-aa6cc2915256,clean,s5,3,0.454219,0.623681,0.627375
0f6b8bca-72f0-4767-9202-235725ca551a,shot_noise,s2,4,0.486619,0.493219,0.973237
0f6cadd4-2a57-4ae1-a494-cd2138415744,fog,s5,5,0.491419,0.656382,0.666603
0f6ea841-4b3d-46be-b022-cc65c89650cb,fog,s5,3,0.482749,0.648875,0.657643
0f6f42d8-4913-4d13-b6bb-5c71cd144192,clean,s5,2,0.502266,0.666452,0.675351
0f7aacdc-21aa-4afb-9626-2c849f391ed6,shot_noise,s4,0,0.795208,0.883899,0.903355
0f91319b-670b-40a2-bbc7-3d58613e5a1e,shot_noise,s5,4,0.261618,0.409498,0.423600
0f9153ad-b9e4-42cd-869a-fb09688b4f05,fog,s5,0,0.657392,0.792839,0.795434
0fa698d3-5604-48a3-a121-902463de9b4f,fog,s4,0,0.780609,0.869851,0.930091
0fb1eb8d-6aa1-4355-a351-0160cdd1f907,gaussian_blur,s4,0,0.700388,0.809622,0.898261
0fbdd801-d995-4509-a3b6-7be36a5e4199,shot_noise,s5,1,0.547881,0.698650,0.738640
0fbe9249-c59f-4dd5-999e-604ef6416078,clean,s4,3,0.683463,0.809038,0.827343
0fcfd880-de69-4542-86e7-8f9770cc8399,clean,s4,1,0.538163,0.698497,0.703898
0fd58cc6-c783-4ada-9754-3b9e3c36575e,fog,s4,1,0.625732,0.765785,0.786861
0fde0b00-b47a-4d56-b7ea-0ee322dd8529,clean,s5,0,0.717077,0.829485,0.868923
0fe241c8-3a0d-439f-b52b-da73fd182ebd,fog,s5,4,0.609653,0.753884,0.772176
0fe83c24-0647-4c6c-84af-fe9a59a070d0,fog,s4,5,0.647812,0.771150,0.852336
0fefc8d8-e81a-4fde-a7ea-f8c865457130,shot_noise,s4,0,0.700388,0.809622,0.898261
0ff848c8-67e7-4edf-a4c1-5294e99a9b2e,gaussian_blur,s3,0,0.286274,0.391821,0.532762
0ffa0345-e2f7-48bf-bdb4-daaac75a2537,clean,s4,2,0.683870,0.790953,0.914182
0ffc6b53-2133-4b18-b88f-94d06b1da438,clean,s4,5,0.787301,0.875615,0.924246
0fffa197-517e-4bf5-9731-03565091a5b0,clean,s5,5,0.384751,0.549202,0.570107
100caeba-04c6-4fe2-9e6e-391ddf249ba8,fog,s5,2,0.575669,0.725176,0.750789
1012cffb-3afd-4b8e-b97f-be6967f63a0b,shot_noise,s5,5,0.335224,0.493281,0.519573
1016461c-6d74-43b8-b1ca-b530653a5344,shot_noise,s5,4,0.287037,0.429456,0.475115
102147bb-d786-4456-a207-88ab0dff2636,fog,s5,5,0.594549,0.742686,0.757547
1028ccf6-2b08-4edd-88d5-b87c6ed055a4,shot_noise,s5,5,0.498397,0.663316,0.670955
1029472c-5fef-4de5-9167-28dc945db3d6,fog,s4,3,0.662225,0.791379,0.822746
102e0a7a-79d2-469d-94c9-3f384231c89d,gaussian_blur,s2,4,0.415889,0.457033,0.827670
10354ba1-23f9-4bb6-9bf1-1cbad9a87af6,shot_noise,s4,4,0.617064,0.761166,0.771669
103c0c11-3fb3-48fd-934c-943790e86eef,clean,s5,2,0.703009,0.825212,0.827872
103ef57e-8947-4b8d-958d-0ee7cbe6e314,clean,s4,0,0.530471,0.658801,0.794069
104de42a-b421-499f-8d23-deb11bd0e447,shot_noise,s2,4,0.643189,0.737112,0.956855
105b3e9a-7b75-4781-8738-e810dc16108d,clean,s3,0,0.345895,0.408910,0.691790
105ed281-e3fb-4d0c-a7da-36c321d90b84,gaussian_blur,s5,2,0.530504,0.687227,0.712469
106c8961-0522-46a6-873e-e676c5f51314,fog,s3,2,0.658087,0.762183,0.926697
106d79be-5cde-402d-8147-ed3e7803f4ea,clean,s5,4,0.468136,0.533325,0.861445
10734c64-6198-4e3f-b504-404d7f7d0162,fog,s3,3,0.591413,0.670720,0.963538
10757f5e-f45e-47b7-9562-38cab8de0fde,shot_noise,s5,5,0.703905,0.826176,0.826509
10766676-0953-4ba5-a8ac-5a88d17bce12,fog,s5,2,0.466567,0.608007,0.708374
10773f95-3fcc-4b95-b884-bd4c48572f5c,shot_noise,s5,3,0.631655,0.768121,0.800684
107e0529-b89a-4dea-9f0e-7c77b07992a3,shot_noise,s5,0,0.715978,0.831862,0.850077
1082f67d-5747-4fd5-b6df-d8b66e0f7b8f,clean,s5,3,0.812031,0.895508,0.903520
109307f0-bc7a-4bb9-8246-f90782b6ec3e,clean,s3,3,0.570514,0.668930,0.900517
10a04fd3-4ad0-45c3-a881-4dfc3aa06814,fog,s2,1,0.447606,0.521380,0.821135
10b119d3-6b32-439c-8d86-97375ee065f2,fog,s5,2,0.536605,0.695379,0.708443
10b337bf-c583-4151-bbfe-31bf9b1d5cec,clean,s4,0,0.475838,0.614838,0.722725
10c1cee4-a45e-49a6-b57d-4785c0e74b7c,gaussian_blur,s5,1,0.684496,0.812262,0.815041
10c3694e-4115-450d-bfc4-814f38608fd2,fog,s4,0,0.533602,0.657426,0.808133
10c96341-0891-4c10-8049-a35efc1372b3,fog,s4,5,0.314464,0.477583,0.480160
10cbe3b2-c906-4c4a-bcb7-4590934bd468,fog,s5,0,0.640578,0.769927,0.828687
10dfd399-bfeb-4a76-85c5-adabf89dd716,clean,s4,4,0.291899,0.432840,0.485483
10e28692-8e35-4708-87a2-5d1324afaf21,shot_noise,s4,0,0.689588,0.799958,0.897867
10e6381b-0816-4bae-a577-14354e069bca,fog,s3,0,0.831797,0.902112,0.970118
10e9ff24-d585-481f-8fb1-074690b383b9,shot_noise,s4,5,0.747380,0.851699,0.880588
10ec549e-b4a8-4919-8a6a-037a47ab22b8,gaussian_blur,s4,0,0.696539,0.811677,0.871323
10ed48e6-a0f2-47a5-be7f-843a103f4b22,shot_noise,s4,5,0.812486,0.889883,0.957029
10f10d04-6def-4545-aa14-ebee4dfd6403,fog,s5,4,0.220823,0.331393,0.407179
10f43660-27be-4717-b228-ed259d063c81,shot_noise,s4,4,0.476328,0.568427,0.823381
11015c3c-de77-4049-b69d-5867310682b6,clean,s4,2,0.448275,0.589453,0.691131
11105895-3e0f-4b8a-9e9b-25a49a6912ac,clean,s5,0,0.721471,0.837781,0.840805
111abefa-9eea-4bd6-8b9d-1cbf5c60d5cd,gaussian_blur,s5,1,0.551514,0.710209,0.713447
11235dc4-f342-44f3-9b62-34eb3dca0abe,fog,s4,3,0.169666,0.287636,0.293584
1125e98d-1eaf-43c3-b292-0ac0ca37908a,shot_noise,s5,5,0.330677,0.472309,0.543808
11390d44-e585-41b5-9c14-8122d4ac50d7,fog,s5,4,0.447814,0.581196,0.707936
1145a703-4f65-4f3c-b8e6-57318cb2df45,fog,s3,3,0.762563,0.852277,0.953371
115114f2-2b19-4eb5-aab0-04b7c0e8115d,fog,s5,1,0.582669,0.711841,0.821232
1151c70b-9a58-4e6d-80f8-8a16d1a72389,clean,s4,4,0.633259,0.752108,0.869632
11633ac1-4f69-47fe-8d8a-0d14c3f0388c,gaussian_blur,s5,1,0.509350,0.673460,0.679419
1164b015-6eab-484a-aba0-e71e7b922e08,fog,s5,3,0.746653,0.853798,0.862853
117ae1a6-18ef-43d6-934f-7d396f4480fd,gaussian_blur,s3,4,0.732864,0.829898,0.939570
118eab84-eaa9-42c4-a817-fc7f46c3fdf0,fog,s5,5,0.721529,0.838234,0.838293
119b8dd1-686a-40d4-8aeb-5ce324972bc2,fog,s5,2,0.431659,0.603004,0.603057
11a0fbdc-40bd-4f71-88da-6b44e7580eff,shot_noise,s2,3,0.690876,0.784535,0.968695
11a23d6a-44a3-4027-a1f0-225d076f3f47,clean,s4,1,0.783276,0.874427,0.910656
11a57df4-c872-4322-9d50-e780f5835a6e,clean,s4,3,0.539910,0.657297,0.829397
11aa46f5-0179-46a4-a897-558b92b0a0b4,fog,s5,2,0.514377,0.679280,0.679462
11ab5426-e262-4e7b-9966-77940967293d,clean,s5,3,0.421036,0.592041,0.593888
11adb295-2c2c-4df0-8803-741af5aac439,gaussian_blur,s4,5,0.530228,0.666298,0.773040
11d02790-55c0-47a7-90cf-45a12943e2fa,shot_noise,s2,4,0.479117,0.489336,0.958235
11d361fa-9ad8-417a-87fc-521eb4667288,shot_noise,s4,0,0.651088,0.769246,0.872889
11d6b0bb-746f-4291-b07f-1d7e7a2373b7,shot_noise,s4,4,0.624837,0.745944,0.860282
11dc8330-e873-44db-b77a-a60e18ce2e5a,fog,s5,5,0.449966,0.591546,0.691929
11dfce6a-b863-4d39-b786-ef60441605a7,clean,s4,5,0.683833,0.802192,0.863003
11e4e8fd-c483-4243-8c71-61f21caf69fb,fog,s5,1,0.586230,0.739042,0.739557
11e69d1c-5935-41b2-a991-b862ba179f51,gaussian_blur,s5,0,0.768842,0.868881,0.872641
11e7060c-43f6-4d6b-abcb-7bb512ff171c,clean,s5,4,0.504480,0.623686,0.795403
11eee773-2b70-4e06-b6fc-2fc3d0558641,shot_noise,s4,3,0.753747,0.850638,0.919483
11ef649b-0c7f-4d59-950a-f2f5e1b34656,clean,s4,2,0.706154,0.818775,0.877424
12009d3a-b297-4a36-86f9-d88f52358bb0,fog,s5,0,0.592204,0.742659,0.748624
120af621-25b2-4569-9d83-db9eda98064f,fog,s5,1,0.141928,0.228011,0.275216
12109146-494a-4f5c-8dbe-c547f2a26645,fog,s5,0,0.723689,0.838419,0.847616
12138ae4-8a50-4d84-8e5e-5a19b06f2796,clean,s5,3,0.713501,0.832633,0.833789
12220bd5-4004-47d0-a72c-9b2cf09c3ccd,gaussian_blur,s5,0,0.573006,0.728430,0.728987
12224d96-009c-499c-b47e-1092a6599389,clean,s5,4,0.642072,0.781340,0.785169
1237ed9a-8581-4743-a8ef-c8303e308af1,gaussian_blur,s5,2,0.551919,0.710988,0.712261
123c8a03-6bec-4083-9440-76a320fc3b05,gaussian_blur,s4,0,0.797002,0.883395,0.918256
12430b0b-dad6-4744-83c6-c708a81411e2,fog,s4,5,0.726350,0.833250,0.890880
124eff75-7747-40a0-92e2-06940bb9a8d3,shot_noise,s5,5,0.558437,0.703105,0.762329
12675ac4-7835-465b-8efd-bff7b8444cc1,clean,s4,1,0.806659,0.891279,0.908667
12726104-c63b-4d8c-9aa0-7e6e49a8810d,clean,s4,1,0.716993,0.832046,0.853789
1272f2b0-e8a1-4fbd-bda2-bec8b3ad5b1f,shot_noise,s3,0,0.541611,0.635512,0.886869
12778487-2ac1-4fe3-be53-035621c658f0,fog,s5,3,0.346240,0.498798,0.545472
12884703-5c25-4394-9efb-036c41955350,fog,s3,1,0.504723,0.635057,0.768934
12946d74-3ed2-4131-8468-fe330831e30d,fog,s5,0,0.580114,0.734207,0.734498
1294ba50-896b-4499-886e-235a4412544a,clean,s5,3,0.720206,0.835701,0.847376
1297d1a9-6476-4c69-815f-c05584e70c76,fog,s5,1,0.568911,0.717434,0.752821
129bbdda-76ac-4b5b-9f3d-5ac8caa83534,shot_noise,s5,4,0.549446,0.708236,0.712576
129c89e4-ecf4-4ec1-bddb-b35bd8f818e0,gaussian_blur,s5,4,0.447416,0.612726,0.632431
12a8d3b2-676e-4d3b-92bb-d8ac5ee73a22,fog,s5,5,0.312287,0.466801,0.493088
12c99f4d-8ad7-4ee4-8738-d0e249c76794,shot_noise,s4,2,0.662813,0.783891,0.858888
12cf57de-b6af-4022-9867-53ca063a2718,gaussian_blur,s5,5,0.686219,0.812764,0.820060
12ed232d-ef4e-4f7f-bc71-bd34905081b2,clean,s4,2,0.646995,0.763909,0.877826
12f5dfb7-4d6d-430f-a7f3-2a0eb3a7af06,shot_noise,s5,3,0.679881,0.808714,0.813229
12fe7391-7262-45e9-a9f7-70584a32251e,gaussian_blur,s5,1,0.593657,0.733841,0.787046
13005311-e1df-404e-8611-bae1eb87a7f6,shot_noise,s5,4,0.570962,0.726673,0.727707
131e6948-6f7f-4a11-a86f-2a3cfca773ee,fog,s5,0,0.397343,0.554040,0.601611
131feb03-4361-4bb8-a69e-c7ccf1984f6d,shot_noise,s5,5,0.524014,0.677094,0.720449
1320a3a5-f77f-4fdf-a952-3c43223e0423,clean,s4,0,0.523379,0.665901,0.750667
1330ab90-3a0b-409d-9ebc-d82169b2f4e3,gaussian_blur,s2,3,0.646107,0.734501,0.975264
13379725-5e7b-4fcd-8c9b-e270fe60ce5e,gaussian_blur,s3,0,0.521627,0.606393,0.886896
13407306-2361-4c50-8b29-bb9cd8a599b7,shot_noise,s2,2,0.322717,0.398865,0.636174
13423e0b-f379-49f9-84a8-0d8c8155c61b,gaussian_blur,s3,4,0.289841,0.415570,0.507344
134398e3-f280-4203-b3d6-d43ff36e97de,shot_noise,s4,3,0.479541,0.594096,0.781595
1353a8c0-7032-45b1-bc52-819e22ff46a3,clean,s5,0,0.405459,0.576879,0.577211
137657c6-f88f-4266-8273-c2e7a5587b69,fog,s4,5,0.709675,0.826066,0.853883
13815387-be16-4db1-997f-23aece7cdcdc,clean,s4,5,0.459195,0.600516,0.701637
1382a382-daba-4f52-b40b-666391bd469a,gaussian_blur,s5,1,0.447503,0.618288,0.618368
13893050-e3ce-4813-bd93-f960bb52de2c,shot_noise,s4,5,0.744840,0.843791,0.917598
139bee3a-23ca-4d6e-a474-f1088bca1733,shot_noise,s4,0,0.588898,0.720162,0.816683
139ead51-6cf0-4c88-b361-3b6808ba67bf,fog,s5,3,0.427835,0.561705,0.685003
13a6591b-2d42-432c-a4ec-c0ee25cdbb2a,fog,s5,4,0.674779,0.805246,0.808721
13ac1688-31eb-4773-9152-ba5c0291dd16,fog,s4,0,0.260244,0.408982,0.419813
13b06bec-a99c-4242-9848-bad914a13c36,clean,s1,3,0.454856,0.510444,0.859894
13c2e607-8776-4ebd-80b1-edc3b0c0d3b5,clean,s4,4,0.730826,0.831907,0.919296
13d21ee7-3c56-459a-a50f-d4b559f0111b,shot_noise,s4,1,0.668390,0.797038,0.821940
13f38820-f54e-45c4-a9a5-d01920915414,fog,s4,3,0.640015,0.765371,0.844976
13f61fd0-cf17-4e92-9428-e696230c81ee,clean,s3,0,0.448443,0.472820,0.896885
13f6b24d-5547-4e79-b107-bd5208d3954f,fog,s5,5,0.799623,0.887813,0.896175
13fa6581-1260-4052-ae8e-bb7197f1e97d,shot_noise,s3,2,0.348670,0.488389,0.573093
13fe387d-5174-464b-82ab-ad0f106dad25,fog,s5,3,0.600224,0.749785,0.751733
140c3e64-1d18-47a9-943e-e14c687d01b9,gaussian_blur,s5,5,0.568454,0.723987,0.728018
140e086e-5838-49b3-9961-ccf38909ddce,clean,s4,4,0.626524,0.748864,0.856072
140f5d88-05da-49ab-ad95-cc47301fbe91,fog,s4,0,0.454315,0.595046,0.698213
140faa68-e2c2-4e17-90a2-d4b8464f1df2,clean,s3,3,0.575389,0.683296,0.879432
141051a8-3aa6-4d33-8372-ece2f9b941bf,clean,s4,3,0.347360,0.449241,0.636130
14126b39-dc93-49bb-a2de-262777214191,gaussian_blur,s5,4,0.510571,0.665781,0.706565
1419cce0-9a55-43ad-8e24-206fba715588,shot_noise,s4,5,0.574723,0.692173,0.852609
14262e99-df1b-48ab-a715-e7ddc6dcbb1c,clean,s4,3,0.498800,0.604208,0.820709
1429500d-8524-4f54-8a69-ffb06066db23,gaussian_blur,s4,2,0.593014,0.735579,0.778323
142a9ba6-b192-4513-b559-2383e195b963,shot_noise,s5,0,0.672378,0.802641,0.811483
1444dfd8-7680-4da1-bdcf-739309ed22bd,fog,s3,0,0.521133,0.611381,0.875117
1444f8ce-4bba-4219-b242-ffd662112526,clean,s5,0,0.250044,0.386761,0.421739
144ee58b-c292-4205-a4b1-3a0602a37de3,clean,s5,2,0.688459,0.815488,0.815488
145574d2-8845-4550-b903-b7c0af06b436,fog,s5,5,0.466475,0.629458,0.654342
14562127-663f-47a2-9471-e7ac4cdd6f26,gaussian_blur,s4,1,0.588968,0.727451,0.792214
1467255a-48ad-4300-8fc5-a96c03b501ad,clean,s5,1,0.213140,0.300298,0.424400
147b075b-84cb-45a7-ad23-897847bcce43,gaussian_blur,s4,3,0.779821,0.873776,0.896223
1482de3d-90e6-4786-ad21-68f8b26d00b6,shot_noise,s4,4,0.267441,0.417701,0.429429
148311fa-9a27-4afa-bbbf-cecc5c41deb8,clean,s2,2,0.625308,0.717964,0.952065
148ba4b9-b276-421b-a77c-68313c2beace,shot_noise,s5,3,0.520062,0.683912,0.685381
14a54c25-0873-4ea5-bea3-ff1e3f4842c4,clean,s5,1,0.679919,0.806196,0.826341
14a7c0f3-7270-4b7d-95f6-195594845123,clean,s4,5,0.759895,0.853756,0.930661
14a917a6-6a52-45c4-9041-f367b263ae09,gaussian_blur,s4,0,0.520732,0.652206,0.778688
14abcb56-eeab-47a0-828a-50d403bdcd6a,fog,s5,4,0.393012,0.561593,0.570348
14b312d7-9665-4d53-84a0-68f9951947d5,fog,s3,1,0.462432,0.480483,0.924865
14dbf05e-cb10-4da4-aa3e-4d1743ca9fc3,clean,s5,2,0.448020,0.618670,0.619156
14dda75a-37db-4fe1-b6c5-e16a57ceb8af,shot_noise,s4,2,0.537061,0.647012,0.845573
14ea7dcd-ac99-40fa-9197-ce9db27525a2,shot_noise,s5,4,0.664225,0.796938,0.804651
14ec911d-72d2-451c-9d2f-1c4b3209819a,fog,s3,3,0.669056,0.766137,0.953861
14f2f18e-347f-4cc0-98f3-c321cdc314fc,fog,s5,5,0.485897,0.653268,0.656156
15191dff-c999-411a-bed3-8d7fcc1996c8,fog,s4,3,0.529786,0.667566,0.768018
151d519c-e1b1-489c-95c5-52ea3b84023f,fog,s5,1,0.256580,0.393415,0.433045
1523beb6-7d81-48ed-9cae-b05da8b26db7,gaussian_blur,s2,4,0.588926,0.677572,0.938902
15461be4-a7a3-4b92-b279-c89c439f44bd,shot_noise,s5,2,0.676024,0.806678,0.806811
155112b4-576d-4589-8d05-2269ce4aac97,fog,s4,2,0.555026,0.709666,0.728250
155913cb-b381-4382-b7ba-2827b1d368db,clean,s5,5,0.481519,0.630694,0.702403
156a34f8-a17f-4664-94ea-0b4e4748e302,fog,s5,5,0.389776,0.543717,0.598619
15b30757-6a0d-4345-bb1d-01371e2ffe54,shot_noise,s4,5,0.248973,0.397799,0.400155
15b3b0d2-bf65-4c57-9a3f-7b9f1a89152e,fog,s4,4,0.402822,0.559993,0.606823
15b3cb6a-02ff-45cf-b177-950c900475de,gaussian_blur,s3,3,0.558073,0.666911,0.864827
15b8886a-7e99-4e20-8ebd-ef918015ebc3,clean,s5,0,0.545269,0.705386,0.706885
15bd4d2d-adae-4dc2-8e33-864f9303deae,fog,s4,0,0.666010,0.794827,0.822432
15c1b115-d536-4376-9148-9fb70cb3b797,gaussian_blur,s3,1,0.420574,0.456861,0.841148
15c31e28-7779-40bc-91c4-e9c0ef3a384d,shot_noise,s5,2,0.628406,0.770018,0.779573
15c90b01-fcf6-41dd-9ac6-04dda084e88a,fog,s5,0,0.676773,0.807231,0.807244
15cc9297-d2d0-4983-bd52-c4028fb02c8a,fog,s4,1,0.568312,0.718486,0.746972
15de00a9-c140-4529-bb21-20e37aa4048e,gaussian_blur,s4,1,0.404507,0.523314,0.686565
15edff68-5d77-483b-a46a-3cd9c1d10d26,gaussian_blur,s4,1,0.415522,0.528344,0.711653
15f5081f-0b4a-4d05-afa1-a1f6d9d8bc07,shot_noise,s4,0,0.587777,0.738644,0.747012
15fd9bd9-44be-473c-b8de-9a632b49de26,fog,s5,3,0.284077,0.415139,0.489177
1604c6e2-b0e7-4d8a-9fc3-f9c0cfdadb9f,fog,s3,0,0.575124,0.693163,0.851157
160ac196-9c08-4bcf-92a0-c38c1e94e01a,gaussian_blur,s4,0,0.787171,0.876934,0.913243
160c6622-bbc7-4b2c-a3e0-6426ba48f5de,fog,s3,0,0.642558,0.748704,0.916422
16110e03-e3d5-4f71-98dc-a9c10580c74e,shot_noise,s4,5,0.698668,0.815927,0.858896
16133e92-e977-41c7-8ea1-4d08f0e74a21,shot_noise,s5,1,0.261376,0.358560,0.501532
16496069-8045-4662-ad31-2632a58c5c84,clean,s4,4,0.550371,0.698156,0.749177
164b69ab-7292-4a13-b88e-48290b8c60c8,gaussian_blur,s3,4,0.553165,0.638141,0.917264
1653a3ca-b431-4576-85ad-998f83f084a0,clean,s4,1,0.707164,0.812770,0.912300
1654fb87-758e-43cc-9de5-aeddb4fbf4d0,shot_noise,s4,0,0.432620,0.471949,0.853946
16574d26-73e5-4e11-965a-4f3ebc93dd84,clean,s4,5,0.326003,0.484279,0.506112
1663b0a7-f02b-4b2a-90be-4f4ef97895ab,clean,s2,1,0.282844,0.363070,0.563261
1673955f-a876-46ca-b0b3-34fe03c2951a,fog,s5,1,0.440330,0.611191,0.612043
1673d4d8-af8c-449f-b690-ec68d9cd3c5d,shot_noise,s5,1,0.605597,0.754251,0.754789
16914666-5221-4c5c-b0d0-2d484bf5c0cd,shot_noise,s4,1,0.772070,0.862604,0.935221
16a7c365-7fd9-4f73-b1eb-9e298205afa2,fog,s5,0,0.459088,0.628193,0.632207
16ba9276-24de-4587-bfa4-2c1e887d705d,clean,s4,3,0.759895,0.853756,0.930661
16c033f0-f520-4f0c-b5e2-702eac5265ec,clean,s3,1,0.639255,0.752162,0.891989
16e81100-392d-4318-b040-c0750b323442,shot_noise,s5,4,0.675859,0.803410,0.822720
17096da4-2a7f-401c-9fc3-30db840bd353,shot_noise,s5,3,0.454417,0.624825,0.625019
171c4842-b9fe-4780-b80f-c182e3f57d97,gaussian_blur,s5,3,0.454793,0.510161,0.860155
17238e47-0693-4ca9-8fe7-185f6f519aa0,clean,s5,0,0.722227,0.838665,0.839012
1725729c-7f3f-4248-abed-9afa0a9ff1aa,clean,s4,5,0.622646,0.762386,0.788740
17262769-5abf-460d-af32-c254f1cd9705,fog,s3,5,0.636980,0.740776,0.922752
1729f084-6975-44bd-9edb-6b1a6f9c6567,clean,s4,3,0.589789,0.740223,0.748699
172aee3a-c089-443c-8608-ae90336eeecc,shot_noise,s5,5,0.743823,0.853087,0.853147
173994e5-d91c-4e7d-9dbe-072d446eea85,shot_noise,s2,4,0.692730,0.784093,0.977728
173a7838-1c50-4b85-a933-4ee71ad979c4,clean,s3,4,0.575124,0.693163,0.851157
173cc71f-36dc-4e5c-aaa8-0cd2912f7805,gaussian_blur,s5,0,0.456802,0.607360,0.677483
17454265-7b19-4685-b352-66cd3bc95ba6,shot_noise,s4,0,0.598819,0.744267,0.767883
1759719e-6b24-4821-9731-c242e6515cd6,shot_noise,s3,5,0.554090,0.618555,0.960863
17636af1-effa-499e-95da-239c5c341898,shot_noise,s4,0,0.616468,0.731103,0.880368
1775eea0-e7aa-474d-85ff-f30ad9408929,shot_noise,s2,0,0.642222,0.732783,0.966837
177e82ac-d57e-49e3-8e36-68f33c639292,fog,s1,1,0.453717,0.505555,0.864206
178fab78-6ccf-4ac0-b6d7-445a023a6114,clean,s4,0,0.718524,0.826752,0.890804
17a0f67a-b283-4651-91f4-71d8f9a3c51f,fog,s4,5,0.172475,0.290875,0.298907
17a194fc-9b2f-47d8-bb52-5c63e16b22bf,clean,s4,0,0.700388,0.809622,0.898261
17a763b2-73c2-4573-b268-3fa8ec705bb6,gaussian_blur,s4,0,0.453189,0.544064,0.798419
17afa8ac-5a39-486d-b931-f018a2981203,gaussian_blur,s5,3,0.725186,0.840675,0.840891
17b5ddad-736e-4daf-a3d9-717fcefdbdbb,fog,s4,4,0.690580,0.809944,0.853963
17baae14-aa2f-4ea1-b792-a91708d35016,gaussian_blur,s4,1,0.691204,0.812253,0.844880
17c3fb1b-6e54-4432-bce7-ff3061e948e4,clean,s5,3,0.711399,0.828255,0.849478
17c5d1d0-edbf-49ef-96b5-0cbee1ed127f,gaussian_blur,s4,3,0.784770,0.875247,0.912757
17d2fbaf-7fc1-42d5-aefd-a6b0299fe4f9,gaussian_blur,s4,3,0.628132,0.757849,0.828377
17e0a82c-1696-491a-83c6-ace3a5927e79,shot_noise,s3,5,0.475681,0.547609,0.859297
17e3d973-8ce9-49ac-a449-ab8e0b9a5d02,gaussian_blur,s2,0,0.618214,0.706380,0.960546
17fd05d8-5f8a-4f25-838a-fb3f196a08a6,clean,s5,1,0.648838,0.786810,0.788032
17ffd06d-3b78-4029-948d-cb4a91faf0f7,gaussian_blur,s4,5,0.575171,0.711195,0.796436
1816a7af-1908-4856-abd2-0fce4cfd8c99,gaussian_blur,s3,5,0.594314,0.674752,0.963191
18174227-4907-413b-bf8e-8528fd082f30,gaussian_blur,s4,3,0.545782,0.691220,0.754529
18175861-6e46-476f-ae3a-983527e5fbf0,fog,s4,2,0.285589,0.414541,0.495112
1818cba2-56eb-4c72-83af-7944b32d9614,shot_noise,s5,0,0.500402,0.666560,0.668414
182025db-4dd3-4dff-8591-2744cfd9178b,shot_noise,s4,4,0.599463,0.722681,0.846577
1823136c-c0e1-4ef7-b833-dd6d457fd88d,shot_noise,s4,2,0.723028,0.833672,0.872806
182a744a-525d-462e-80c7-f1f7b1fa9b80,gaussian_blur,s3,3,0.519871,0.637047,0.813733
183252e6-061e-4706-adca-3f9d4d781fdf,gaussian_blur,s4,5,0.610861,0.746674,0.804827
18400732-6962-4f1f-9fe8-a1ad3cc5dbc6,gaussian_blur,s4,0,0.748910,0.849278,0.903885
185965fb-7141-4364-8b6a-c19c04ac2a8e,fog,s4,5,0.406866,0.573269,0.590427
1867c3d8-f770-4986-90c6-04b914f43923,clean,s5,3,0.668695,0.800929,0.804117
186f8b80-bd56-496a-a902-be947c4983bc,gaussian_blur,s4,3,0.771384,0.866956,0.900880
18722b81-3fb8-42de-8ed2-32b2107b657c,gaussian_blur,s5,0,0.265384,0.346733,0.530768
187f2353-3cc2-48cf-af22-9e77fc066fd2,shot_noise,s3,2,0.702620,0.802690,0.940133
18863984-be10-4436-ac35-394dc7dcdabd,shot_noise,s4,1,0.484741,0.633087,0.707135
18879bf3-ac77-47a0-b8d2-b29e696ce190,shot_noise,s3,3,0.274224,0.366970,0.530646
188c32d2-adf4-4aaa-b904-eeacb29f129d,gaussian_blur,s5,2,0.396928,0.566952,0.571371
18a7ca4c-1872-4545-9b24-676b52612ca1,shot_noise,s4,4,0.516441,0.663586,0.733248
18a95754-032a-4d10-a385-c71b2bae190b,fog,s5,0,0.623077,0.767374,0.769483
18ba7f56-1d30-4a72-9611-ec5de4ed9452,fog,s5,2,0.603691,0.752541,0.754233
18c0a085-663e-4d8b-882e-51b03b0a9d2d,shot_noise,s4,3,0.815360,0.896501,0.915584
18cae9ff-e486-4a24-9106-42c81d8abdf0,fog,s5,3,0.470933,0.613545,0.709597
18ce5f54-baab-4afd-a068-755ce715bcb1,gaussian_blur,s3,5,0.425167,0.528216,0.741723
18f1a025-8e96-469e-9e8b-db6892c16035,fog,s5,2,0.709475,0.828760,0.837584
18f51091-6208-408c-9ae5-7e86d086793f,fog,s3,1,0.477413,0.595850,0.771069
18faa1f1-41c9-48f8-a765-9c01030653bc,shot_noise,s5,4,0.563543,0.717526,0.732635
19214bf6-10dc-4448-b0c3-9a555cb924dc,clean,s5,2,0.647280,0.784739,0.791163
192c88c1-8fd4-4588-822a-8bd200983d34,clean,s3,1,0.496783,0.606957,0.808426
193ed3ec-3e94-45f6-85db-e9b6c033501f,gaussian_blur,s4,0,0.689588,0.799958,0.897867
194b0ed9-a708-43e6-9cdf-03ff350d53d0,gaussian_blur,s5,0,0.575074,0.729434,0.733116
194e26cc-8195-45fc-9b69-da35a15746d5,shot_noise,s5,5,0.766574,0.867437,0.871099
194e697e-424c-4a6a-b834-7a7ebcc9b7bf,gaussian_blur,s4,5,0.732071,0.838261,0.888912
194ef3d6-1fbf-4111-a1dc-6c4825790a2d,shot_noise,s4,5,0.749899,0.845734,0.930603
194f6258-a34b-485e-b8f2-bc962b7fbca4,clean,s5,4,0.564414,0.721252,0.722691
195aa2a7-56c7-4b8a-bec6-0954660e598f,fog,s4,4,0.431646,0.569275,0.681323
195c6b00-9f81-4f6b-95f2-933fdadbf362,gaussian_blur,s4,5,0.419073,0.502553,0.767686
196d3ac1-cdaa-4a31-a3ae-c44d9cf17800,clean,s5,4,0.772154,0.871427,0.871451
197061a1-6034-4712-a925-bb76f506b20b,gaussian_blur,s3,0,0.342290,0.449230,0.620363
197b3613-70d1-4c08-8114-563b8af83b73,clean,s3,2,0.532391,0.660364,0.796386
1980040c-1939-47cf-ab2b-8f5d6891ddbb,fog,s4,1,0.756212,0.859207,0.875240
19840621-3081-4c38-8c7a-ec9b818cf910,fog,s5,1,0.451750,0.587356,0.707164
19a059b1-8988-4441-bad2-787447dd9f31,clean,s4,0,0.454006,0.544837,0.799489
19a341e2-f6e2-4628-b2e9-019d1108118e,shot_noise,s5,5,0.550130,0.708726,0.713423
19b7e543-fa4b-4789-b353-062d91ff2f3b,shot_noise,s1,5,0.373675,0.442181,0.726674
19c44418-2a34-48f5-9348-b3588070eb18,clean,s5,2,0.510178,0.675097,0.677363
19d0ed4d-410f-44c3-b0a2-2e1773d77436,gaussian_blur,s5,0,0.468047,0.636414,0.641034
19d3ffa6-68ca-4f65-aa43-1398e882991e,fog,s2,5,0.510278,0.574545,0.913595
19d59786-85fc-485d-ab7d-d559e1895291,fog,s5,0,0.272108,0.352423,0.544217
19da3fff-175f-4452-acdb-ce1c229f3c05,gaussian_blur,s4,2,0.729272,0.838194,0.875893
19f17838-f32d-4e0c-9728-4ea03e36a2b5,shot_noise,s5,4,0.650567,0.772798,0.856505
19f6fae9-5c2e-4c92-b771-6061172a39d8,clean,s5,1,0.697671,0.821915,0.821921
1a02610a-4fbb-48f6-bcd6-a7cfecd72da0,clean,s4,4,0.699169,0.819732,0.840825
1a051f72-395d-4350-a4da-137b1292c74e,shot_noise,s3,0,0.703476,0.806617,0.925797
1a0d86f3-9091-42a1-b7cf-ebafec5299e1,gaussian_blur,s4,1,0.661239,0.786092,0.842766
1a24c0d7-662e-4d17-be1f-25831cf8f3e8,fog,s4,5,0.521048,0.659150,0.761301
1a2ee4c3-a45f-4acb-94bd-eea703f8a5fd,gaussian_blur,s4,4,0.583036,0.725700,0.776360
1a3d8316-cb5b-48e5-86e4-057a8ae56bcc,fog,s5,2,0.414158,0.547029,0.671173
1a415874-0141-41dd-9640-8d36cc3e6e1a,shot_noise,s5,3,0.708254,0.828993,0.830504
1a488b21-7662-495d-881b-9dd14c2d0fb4,clean,s5,0,0.458059,0.619070,0.652576
1a6525c2-2c0f-4fae-b4d2-7843a23d161f,fog,s5,4,0.515258,0.679381,0.682313
1a693708-13b8-4343-874b-40c9c814f7b8,shot_noise,s4,5,0.610162,0.744847,0.809006
1a71bcad-2176-4006-a1a4-9fc183c8dc2d,fog,s4,4,0.761356,0.854290,0.934661
1a8000a2-8a14-4389-b355-0e927a68fc67,shot_noise,s5,1,0.313892,0.407600,0.596315
1a858739-f8c7-423f-8a46-5081c08bd65e,shot_noise,s4,4,0.781731,0.874929,0.898018
1a8b3d16-3aeb-4d3a-8703-e98821a2f393,gaussian_blur,s5,4,0.583576,0.736999,0.737177
1aa42a71-9c76-4ecc-af58-394fd422898e,gaussian_blur,s4,1,0.796361,0.884744,0.903072
1aac8092-1f25-47f2-9fde-d675d6bd3403,fog,s5,1,0.514162,0.678176,0.682123
1ab732d7-21b4-4035-ab45-83fc67d5989b,fog,s3,4,0.400149,0.516571,0.685373
1ab935aa-5230-408f-9213-2913d3f13033,clean,s3,3,0.362180,0.487022,0.618987
1ad4f2d0-f33f-4768-8cc9-73d1c35ac928,shot_noise,s4,5,0.659779,0.789996,0.818948
1ada5849-81a5-4a46-86b2-1b1a9660d0d5,gaussian_blur,s4,2,0.380582,0.528240,0.600293
1ae8d283-750a-4bc4-a4a5-217ddfaf0fe4,shot_noise,s5,3,0.669220,0.801827,0.801880
1aefcdc6-9201-47f3-bad8-1b03927105e7,shot_noise,s4,3,0.693440,0.816304,0.833498
1af27ce0-5a30-4dd9-82e2-9824a0088c7b,gaussian_blur,s5,4,0.787127,0.879855,0.889458
1af454b9-52a8-4ec5-aeaf-932ed50a615f,gaussian_blur,s3,5,0.699701,0.796329,0.955856
1af8686e-ebf4-40c5-ba4a-3133ed30ae73,fog,s5,0,0.479651,0.636784,0.680119
1aff54cf-6a3a-4d1a-9a28-c66b1441fb71,shot_noise,s4,0,0.764228,0.856686,0.933861
1b01b811-8085-4773-8769-5dfd28782749,gaussian_blur,s5,1,0.661777,0.796028,0.798631
1b05102e-0bab-42d2-8fd2-f71f845667d2,gaussian_blur,s4,5,0.425603,0.538219,0.724560
1b08463a-aaa7-4e04-95ba-7375dfd9305a,shot_noise,s4,2,0.841382,0.909861,0.958219
1b1172a9-dc54-47d5-ac43-b0f6cd02af94,clean,s3,5,0.805152,0.883795,0.963190
1b1988aa-65ef-4d54-b3fe-a877f5fccd15,gaussian_blur,s3,0,0.460838,0.479621,0.921676
1b1a32a5-69bf-4e3c-9271-1fde0c7132e2,fog,s2,5,0.490280,0.495092,0.980560
1b1ae655-1fcf-41b9-8c45-a18b75f64636,clean,s5,1,0.715825,0.830274,0.858571
1b1feaab-c2df-4d36-bc05-4e97f7535088,clean,s4,2,0.474876,0.566314,0.822976
1b202efb-44c8-4fb5-a815-3d5f1e3a0ec1,fog,s3,3,0.500540,0.566265,0.899735
1b2e24e3-7a6d-40e6-b6e6-155b376fd15b,clean,s5,1,0.583694,0.735655,0.742706
1b446bb1-c5a4-48d3-8fa0-b467a325f896,shot_noise,s5,1,0.674240,0.803482,0.815328
1b44d61f-51fc-459d-96d1-8ced75608993,shot_noise,s3,1,0.486599,0.567041,0.856991
1b44dbcf-7609-45e6-8633-ce2eff83ee39,clean,s5,5,0.479344,0.647982,0.648240
1b4dc3ea-9a4e-405e-93e1-57f5224fe08c,gaussian_blur,s5,5,0.728770,0.843106,0.843127
1b5ae8c0-1383-4aa1-a1a2-436b9cf65bd6,clean,s4,2,0.796549,0.883006,0.918798
1b6bcdbf-8819-4699-8879-94c4c2b64e57,fog,s3,5,0.385801,0.489321,0.688912
1b6e0da0-f44c-469d-a357-79b28c897a46,clean,s2,2,0.632617,0.722462,0.964176
1b8008a5-0145-4d25-8568-93cfc4e115bf,shot_noise,s5,2,0.575615,0.727371,0.742699
1b820cac-e73a-4087-89d7-8b3887bf9c6d,clean,s5,3,0.679812,0.808712,0.812939
1b853f0a-ce51-47ac-baa6-621233be1204,gaussian_blur,s5,2,0.743993,0.851491,0.864754
1b861188-2a16-4057-b9a7-a4b443b51853,clean,s3,4,0.800987,0.880983,0.961045
1b9cf7f7-5116-4556-abee-f648442257ed,fog,s5,4,0.293394,0.424690,0.504072
1ba70730-9152-4e0d-a67f-33941b49fa33,shot_noise,s5,3,0.601782,0.750328,0.755648
1ba9e12f-8f3e-4b9e-a9f8-d4e1015146b7,clean,s5,2,0.455450,0.521584,0.843803
1bb34db9-9582-4775-90e9-353f95e024c3,clean,s3,2,0.790968,0.873704,0.959153
1bc020f2-9a15-43e1-8553-e4409f563a91,gaussian_blur,s4,2,0.436362,0.500539,0.821934
1bcc2b27-2a8c-4e4c-9eca-f00b330135e6,fog,s5,4,0.474218,0.639152,0.654976
1bd40ba3-f9ad-46e4-a934-e45fda948598,shot_noise,s4,1,0.451204,0.585376,0.709765
1bd8e15d-a394-459d-bed0-79f65dc6fa26,gaussian_blur,s3,4,0.462432,0.480483,0.924865
1be9f8ef-de18-42e7-8332-69fce9a9c239,shot_noise,s2,5,0.392591,0.442226,0.781841
1bf437e7-54f4-49ce-8971-365045297365,shot_noise,s3,2,0.565572,0.672838,0.874343
1bfafbb6-a7ca-45a2-81da-f3862e26c61b,fog,s4,4,0.590518,0.717516,0.831165
1bfdbc2c-6f9b-40a6-b846-beda56b33b74,fog,s5,3,0.494074,0.659905,0.665709
1bfedb14-0acc-4051-8d25-5c42b9427fc3,gaussian_blur,s4,0,0.649417,0.768155,0.870673
1bff46fb-8f10-4a91-867d-209c8230e30f,fog,s5,3,0.798740,0.886865,0.899123
1c026102-ea18-4cbd-a212-13dba8894ec2,gaussian_blur,s5,2,0.329557,0.468304,0.547339
1c0542cd-b98d-4117-8606-72c9e4bc4b65,clean,s5,2,0.608189,0.755905,0.758251
1c0a806f-1bcc-4a43-989e-07b8ee16217c,fog,s4,5,0.390480,0.516148,0.655685
1c0cc745-5ab7-42a8-800f-897fbaa0f0dd,fog,s4,0,0.755116,0.856663,0.887067
1c1369c4-2588-410b-8ff0-a7ce42728a43,shot_noise,s4,1,0.516978,0.656406,0.754885
1c1c53c5-f64f-4ed7-aa7c-3b5d51df6a7b,clean,s4,5,0.755116,0.856663,0.887067
1c23adc8-b3c9-4a54-8d60-4da1c96f5aac,fog,s2,1,0.460787,0.479593,0.921573
1c2fede4-e914-4183-859e-96b1dab001c0,fog,s4,4,0.690693,0.801502,0.895397
1c3bf180-6a96-48b9-a1da-b5f218d768f0,fog,s4,3,0.190977,0.318129,0.324485
1c46fb27-a816-4e41-bb44-394f080e7169,clean,s5,4,0.819937,0.901054,0.901128
1c511716-6e51-4700-84c9-486a3275fad8,fog,s2,5,0.488507,0.494187,0.977013
1c5523ad-bf00-40bc-8ddd-fee6b02912f2,gaussian_blur,s5,5,0.352519,0.449807,0.651179
1c55240e-4d1e-4bce-9df4-3f850d25233e,clean,s4,5,0.608023,0.737972,0.825942
1c561716-35e8-43cb-a3c9-d0c3bec50541,shot_noise,s3,3,0.413761,0.523958,0.714261
1c5dc015-29da-4de6-850d-0aa9867cc0dc,clean,s3,0,0.483805,0.491769,0.967610
1c5f73ad-dd31-4918-9bb5-fa8c9bc5ce98,gaussian_blur,s4,1,0.195653,0.326935,0.327776
1c71f1f4-f12d-47eb-895c-dbf977cf791f,fog,s5,5,0.595549,0.746409,0.746922
1c78fa99-bf86-4444-82c6-0633624b01cb,clean,s4,4,0.621565,0.742657,0.859754
1c79da0e-d4e0-4a76-bb77-c4076f446aed,fog,s4,5,0.372262,0.541262,0.545365
1c7ab0e1-5761-47e3-a755-24c3a9b8d024,clean,s4,3,0.736343,0.842490,0.884110
1c8fd3ef-b3ae-4f01-b222-93523787223a,gaussian_blur,s5,3,0.699898,0.823447,0.823526
1c98ef6a-615e-4efb-a4f8-5022c111bba2,gaussian_blur,s5,1,0.115068,0.193138,0.222811
1ca689dc-95a5-40bd-b174-bc891b057e5d,shot_noise,s4,3,0.602514,0.735509,0.814163
1cb3cf21-cc3d-4edc-b322-a2fd73d4af6e,gaussian_blur,s3,3,0.741952,0.834795,0.955172
1cb3d1d6-5367-4463-9efd-a214a8cd76bf,shot_noise,s4,4,0.503621,0.658120,0.704271
1cb850fe-33a5-4de3-b83c-da1b89c2bb92,shot_noise,s5,4,0.567580,0.724016,0.724625
1cbcd560-47f1-4727-aa88-d3f2bcf3c004,gaussian_blur,s4,3,0.770154,0.866089,0.900515
1ccce0bf-d42e-46e0-8d95-573888603965,shot_noise,s5,1,0.595945,0.744761,0.754909
1cd01d08-a521-4989-8264-5b5a080c201a,shot_noise,s5,0,0.573006,0.728430,0.728987
1ce653ee-7c9a-417b-b4b5-51e23ab358a2,fog,s5,0,0.515567,0.668823,0.715206
1cf828a6-acfe-40bb-8763-6eda0f1d1ae0,fog,s4,1,0.589436,0.715262,0.834517
1d03df32-9f86-49ea-89a2-491b52fb50ba,fog,s5,5,0.495969,0.658809,0.675573
1d0cf913-f5ba-4bcf-a8fe-2a1ea97258ff,fog,s3,0,0.714167,0.806295,0.972420
1d19fe34-803f-4bd5-8a99-bf2060396432,shot_noise,s5,4,0.436709,0.607011,0.610267
1d209b99-e9c8-40ac-a20f-6c454248f744,fog,s4,5,0.681934,0.799808,0.866260
1d3060ae-c727-4708-b96f-761bbce07c3f,clean,s4,4,0.655382,0.767552,0.896222
1d344c14-0786-40b0-9977-ea0b84c9645f,clean,s5,3,0.565439,0.719903,0.731328
1d3567a8-290c-465b-a365-0ae5ca8c7560,gaussian_blur,s5,0,0.707123,0.828435,0.828458
1d3ab2fb-78ce-498f-8798-5da86fcf7047,shot_noise,s5,5,0.695656,0.819102,0.828331
1d4ecbe4-93f1-4e21-8dbb-5cbe6bc0ad32,clean,s4,3,0.700388,0.809622,0.898261
1d557e77-74df-44c3-bf48-ccabe037d5c8,fog,s5,1,0.798739,0.887702,0.891739
1d57c8f8-0214-41e4-af8e-4c0b36a3d501,shot_noise,s3,4,0.464798,0.531496,0.854746
1d5f6d17-8537-47cf-a935-1f9132a7ba5a,fog,s4,3,0.537532,0.673368,0.778342
1d65aed0-b217-4f1d-8f3d-8bb1f63782ff,shot_noise,s4,1,0.754173,0.856432,0.883751
1d67650c-9e0c-4a71-8488-f0437b564672,clean,s5,4,0.709610,0.825279,0.857979
1d7bbebe-319b-4b5a-8d57-04c9a7429d0e,clean,s2,3,0.642222,0.732783,0.966837
1d7bf314-1135-4e70-8573-26d29bb9e1ad,fog,s5,1,0.719557,0.833919,0.854917
1d84a513-b2a7-43a1-af3b-55b3cf62b765,shot_noise,s4,2,0.770096,0.863887,0.915892
1d910886-5509-4c32-948e-41885857ba9a,clean,s4,5,0.830699,0.906552,0.917892
1d9e0b5e-7cf9-4547-8b47-5e8fdc0eca92,clean,s5,3,0.663143,0.797349,0.797995
1d9f9baf-e5aa-4d87-8e67-953a013ba6a0,clean,s4,1,0.650421,0.782707,0.813411
1db58539-6fcb-4c11-a539-2d2744e50654,gaussian_blur,s2,3,0.486149,0.492977,0.972299
1dbb67e0-56c3-41f2-8c5e-3011c85e2f1c,fog,s4,5,0.386633,0.554908,0.563836
1dbe2ddc-e2d8-4447-825c-1493d805a156,shot_noise,s5,0,0.731698,0.841564,0.867152
1dd467b6-6e99-41e8-90d1-b3c5ef4b0157,gaussian_blur,s4,4,0.723873,0.830764,0.893344
1de384d6-b1f3-489b-a781-b764bb13227d,gaussian_blur,s3,3,0.596570,0.685255,0.944489
1de5490f-c04d-4056-920b-2bbc0efa99d4,gaussian_blur,s4,2,0.561709,0.693028,0.805105
1dfafe1a-59fd-427c-89da-780a34d532bf,fog,s5,2,0.589541,0.740076,0.748309
1dfb6237-a727-472a-9adc-828c5be8930e,clean,s3,4,0.615347,0.709848,0.941189
1e0f5f9e-7e40-4571-b563-836b4366cc8c,shot_noise,s5,4,0.541582,0.690419,0.742080
1e13b783-70e2-4e9e-a2ad-3ae37c2d4b40,clean,s4,2,0.469346,0.559523,0.818946
1e4e590e-c517-4b60-b1bb-6e77f4851c29,shot_noise,s4,2,0.166105,0.284816,0.284990
1e4fdf57-40a0-41b2-b24a-ed010137aa3d,fog,s4,5,0.750521,0.851335,0.898839
1e53907e-a306-4ca0-893d-2df8885280fe,shot_noise,s4,5,0.431436,0.552786,0.714640
1e5a08ff-ab52-4c75-ae71-6c3eb3cc0345,shot_noise,s3,3,0.732563,0.826588,0.955509
1e69aaa9-e9c0-4330-b4c9-2cb96eaeb127,gaussian_blur,s2,2,0.486619,0.493219,0.973237
1e72eda0-448d-4d84-9b7d-664943209bbd,shot_noise,s4,4,0.677935,0.797156,0.861808
1e7b33d2-d6ce-420f-bf7c-c2a44a9350fd,fog,s4,1,0.527684,0.649862,0.807832
1e832369-d59a-4787-94d8-b86f55c03fcc,fog,s5,0,0.707123,0.828435,0.828458
1e8575f1-5cea-4058-b011-dd947e02938b,shot_noise,s3,3,0.465588,0.528167,0.862544
1e8fbd30-3273-4550-aba8-60e6da7580ba,shot_noise,s4,2,0.745121,0.848590,0.889333
1e90ef7e-1986-426e-989c-845106112c99,clean,s4,2,0.561772,0.683281,0.833456
1e916521-d98c-4d48-b075-2ad2fa4694e7,clean,s5,1,0.542538,0.703307,0.703868
1e93709a-9b49-486b-9a9b-63f8abe1ed05,fog,s4,3,0.542153,0.702107,0.706485
1ea150a3-1b0b-45f4-bdb2-063630e272d2,shot_noise,s5,2,0.381148,0.551340,0.553243
1ea8b4db-ea1b-49e8-8d56-068b13051f43,clean,s3,5,0.484280,0.616063,0.747568
1eabf725-d391-43f0-b5b8-83749ec99b15,fog,s5,1,0.710381,0.827248,0.850482
1eadf0e0-33df-45ed-a48b-a99e1e650011,gaussian_blur,s4,1,0.423208,0.488605,0.802234
1eb3e2cd-109b-485c-993a-cb41de356a86,clean,s5,5,0.356860,0.482574,0.609952
1eb92f41-86bc-4b76-9427-f6a91ab371d8,fog,s3,5,0.716572,0.816906,0.933097
1ec2dfd8-682c-45e3-8ac3-5d52cfa90399,fog,s2,0,0.493693,0.496827,0.987387
1ec4ec51-afed-46c8-8298-751038c220f2,clean,s5,5,0.515567,0.668823,0.715206
1ecb48b9-3fd1-4caa-b832-38a50f92787b,shot_noise,s5,1,0.670837,0.802905,0.803454
1ed59b18-1f6c-42fd-98d3-20d1d1c46b6e,fog,s5,5,0.560491,0.717763,0.720440
1eda83e0-86dc-4924-8e3a-4d7f821e6b7d,fog,s5,0,0.374320,0.542195,0.550283
1edd7eb9-a890-455a-b04e-0adc5edcc6c9,shot_noise,s5,1,0.539907,0.700879,0.702363
1ee83c50-4787-48e8-96ba-9a79c2d1567e,gaussian_blur,s5,2,0.462170,0.620988,0.661673
1eec1dc6-f0a1-4005-897a-aab22b5564df,shot_noise,s2,1,0.373182,0.430756,0.741640
1eee75eb-b8cd-4619-9550-4d4182b64334,shot_noise,s4,3,0.445596,0.496488,0.854811
1ef3b20a-fc46-4c69-be14-82de691e707f,shot_noise,s4,3,0.776481,0.869307,0.911456
1ef6a2a9-92f2-4886-9ecd-32702ff88062,gaussian_blur,s5,2,0.600659,0.748633,0.758000
1ef9a265-e2ea-4c19-a2ad-27482b48049f,shot_noise,s5,0,0.502565,0.655089,0.709109
1f043db6-a23d-4d4e-b22b-0521339da459,shot_noise,s5,0,0.373423,0.541275,0.549254
1f0cf888-b16d-4cf1-aea1-9be7c0799573,shot_noise,s5,2,0.330904,0.415183,0.637611
1f0ef3db-0c0e-4898-b02e-fe015b5c9128,fog,s4,2,0.597133,0.716065,0.859371
1f190fbc-815c-43a8-9143-f746e28a3ce3,shot_noise,s5,2,0.731561,0.842418,0.861184
1f1a5992-e3b1-4349-9157-8afd9fef9316,gaussian_blur,s4,1,0.633789,0.761755,0.835019
1f317138-9ff2-425f-9e16-3160153736fa,fog,s4,1,0.602645,0.746613,0.773573
1f377a96-6518-4d96-9ebb-a42c85cc494f,clean,s4,0,0.832277,0.906986,0.924331
1f3a9dc4-f53e-4952-801b-ca68e506e450,gaussian_blur,s3,0,0.462941,0.480757,0.925882
1f4e4ade-be65-4a45-bcc9-40d9dd5f1aac,fog,s3,3,0.426703,0.526792,0.748997
1f52f40f-2851-44ba-b40c-99be52c1b188,fog,s5,0,0.288311,0.367897,0.573640
1f5c78ab-4cdb-4fd1-9e27-0a686dcc2bfc,fog,s5,4,0.340426,0.421633,0.657158
1f99ad8d-ccc6-4b3c-8448-c30f9ca0a3e6,gaussian_blur,s5,0,0.772154,0.871427,0.871451
1fa26a89-f48a-49b0-aaa4-a352103dbd96,gaussian_blur,s3,0,0.527168,0.619710,0.876235
1fa46bf6-0a68-4992-bc0f-3a0dd2afb03d,shot_noise,s4,5,0.678975,0.797729,0.863515
1faabb72-111c-4cbb-a5c7-2863d34c12da,clean,s4,5,0.648656,0.774756,0.840766
1fb168af-8159-41eb-a10d-6d1dd71e8f40,fog,s3,3,0.244252,0.357121,0.447808
1fb18b9b-290e-45eb-9c86-e883991c0d43,fog,s5,5,0.408541,0.550737,0.645429
1fc2452b-03f9-493f-b346-99f5fbcc40a3,gaussian_blur,s5,0,0.634083,0.775065,0.780549
1fc43178-9703-45a3-b5e1-12a697491921,clean,s3,0,0.476772,0.549183,0.859778
1fc7c127-1375-409f-a0d4-0a0f4d3431ac,clean,s5,4,0.666405,0.796452,0.816315
1fdb27e9-579f-46fc-839f-d47c9926341f,gaussian_blur,s4,0,0.767917,0.859144,0.936747
20029e29-bc04-4126-9345-efd6e8498a0d,shot_noise,s5,4,0.151326,0.232367,0.302613
200531e5-509d-42d4-9ee6-a5084de3f976,shot_noise,s4,2,0.486139,0.585735,0.819574
202af4f1-cb6a-4627-a939-2decfc89be6c,gaussian_blur,s4,2,0.298017,0.427377,0.514741
20323eec-3119-4d5e-a2c9-2ffd2b8c9cdd,fog,s5,4,0.619977,0.764843,0.767845
203bd0e1-2cc5-4dd8-ac9e-c7bed5acd12e,fog,s4,1,0.709866,0.822129,0.876357
204256e4-22db-45d3-8ef0-51430c2b1278,clean,s5,5,0.536942,0.698139,0.700621
204b8a6c-fd25-4636-928f-903e56aef508,clean,s5,4,0.412411,0.583976,0.583995
20513c71-931c-4485-8061-de35836ca17b,gaussian_blur,s4,1,0.716293,0.820861,0.911936
2051fde7-40f0-482f-9769-f736d1e0198d,clean,s3,1,0.793547,0.874086,0.970709
20667d0d-3e38-4818-ab14-978fa068a87b,clean,s5,5,0.459290,0.514756,0.865877
2071c8e2-2ffe-478d-a455-5eb1713de542,shot_noise,s4,0,0.485599,0.619417,0.743931
2075bd3a-6f69-48b7-97d4-eaa3831b64bb,gaussian_blur,s3,2,0.543416,0.621725,0.922132
20841af7-d143-41ad-b530-20e502cce1e5,fog,s5,3,0.416214,0.578508,0.609792
208b2bd4-0dd4-43f0-8df7-838ef9aac652,shot_noise,s5,0,0.691951,0.817391,0.820901
208c1bba-3195-4f51-9be4-992ca1fef857,gaussian_blur,s4,4,0.746009,0.849076,0.890667
208c885a-91d8-4a08-92b0-2bc8512086c3,gaussian_blur,s4,1,0.571577,0.721958,0.746940
20949c66-3578-496c-bdc0-83de797052ea,shot_noise,s3,3,0.349001,0.488539,0.573892
20b8fd94-c72d-4b9d-9c83-3b344d8df046,clean,s4,4,0.519051,0.654620,0.766683
20bd31c9-4255-44ab-b04f-fab187ad962d,shot_noise,s5,4,0.734971,0.845971,0.855503
20dfcdb4-05fc-4d90-9eab-552565143f5e,shot_noise,s5,5,0.698253,0.822304,0.822405
20f1e8af-b93f-4a09-a608-f23aae8db387,gaussian_blur,s4,5,0.563370,0.714883,0.741160
20f4d0ee-80a5-40e6-8cde-7bf47911b727,shot_noise,s5,0,0.689321,0.815417,0.819755
2102c32d-785e-457b-9668-663a47378652,gaussian_blur,s4,4,0.295565,0.448869,0.469706
21044950-bd87-4e65-ade0-49d1c435e5b6,shot_noise,s5,2,0.532872,0.692952,0.702775
2108537b-2658-4e8e-ac02-64e664803b5e,shot_noise,s5,2,0.319986,0.462204,0.526907
210acece-090d-4408-a1f3-f83bb0178c8a,fog,s5,3,0.685629,0.812583,0.818390
210adb2b-81dc-46f0-bbea-3088b1c726ff,fog,s3,4,0.612032,0.699624,0.958102
21146692-2dd1-426f-a099-bae69095ed05,shot_noise,s3,4,0.324607,0.450502,0.562213
21198e06-37d9-4588-9704-7a3e8e76bc3c,fog,s3,3,0.724057,0.817197,0.964389
211c5911-36f5-4dac-b78f-c825257e637a,shot_noise,s5,0,0.729074,0.842647,0.847535
21260a70-25c0-4fe8-b33b-49ea22250e67,shot_noise,s5,3,0.512148,0.671022,0.696699
212a31f0-cbd0-4d42-a87f-02f688222f4e,clean,s5,0,0.771747,0.871170,0.871171
212bcd35-6916-43b2-b745-32e4be79a96d,fog,s4,2,0.593438,0.739030,0.767164
212cd8ac-d41f-4b51-8043-d58dd420da8f,clean,s4,3,0.606971,0.729728,0.850492
212d73c5-1b0b-4062-b9c0-811cc0b4c80c,clean,s5,3,0.724903,0.839848,0.844677
2144bcdb-e796-4632-968c-269230d1bc5b,fog,s4,5,0.342175,0.509224,0.511221
2150b125-9048-4086-8aff-0dce1da3b96c,clean,s2,1,0.581226,0.670224,0.932065
215bbbd0-18ac-49e5-b376-9306c2c95dc4,fog,s5,1,0.773244,0.871515,0.876864
2164eb06-4b60-4177-9e61-6048cec975c1,fog,s4,4,0.507177,0.643718,0.755249
216f242f-a6f8-4919-8d99-db983bd3682a,clean,s5,3,0.717077,0.829485,0.868923
2186f6e2-7f6b-4a43-ae4e-9701e99936ab,shot_noise,s5,2,0.412276,0.583398,0.584923
218bb1eb-9602-4a91-b310-c4105abadbfb,fog,s5,3,0.535491,0.696842,0.699605
218ddf5c-a739-4a75-a791-f9bd4488cf33,fog,s3,4,0.553594,0.642209,0.909576
21939614-4053-45bf-a400-57488664b2d5,shot_noise,s5,5,0.291157,0.438216,0.473761
21a603e9-2cbb-4a41-9bce-96936050ab67,shot_noise,s3,2,0.538244,0.616695,0.916672
21ab9cf7-ca02-4ea6-9daf-5c584100aa8c,shot_noise,s5,4,0.677935,0.807229,0.812361
21c5d122-b9de-4a55-bdcb-cba65b82bf82,clean,s4,0,0.598038,0.726589,0.828480
21c7ac89-5c83-458f-9210-376cc9fc3b24,fog,s4,0,0.297632,0.454598,0.466309
21d189e7-fdb8-4b54-b540-fc7bc3fdcf92,fog,s5,2,0.522628,0.679142,0.709355
21f914ce-d011-4624-9838-dc281d3e3a8c,gaussian_blur,s4,2,0.444528,0.519802,0.814680
21fa3f7c-96c0-4e81-a451-dec5869b7781,fog,s2,3,0.484937,0.492353,0.969874
21faf614-a859-4384-ad14-9b260b13203f,fog,s5,4,0.587027,0.734814,0.758515
22020a41-a540-4b70-966c-77c4bde185eb,clean,s4,3,0.719220,0.830974,0.870449
2233e4ef-22db-43cd-9467-8ff025dee976,clean,s5,4,0.435746,0.606275,0.608828
225035d2-5c15-4e92-97b8-d73b10a95715,fog,s5,4,0.225774,0.360060,0.381376
225b2715-31a1-4267-b10a-8c8088ddab46,shot_noise,s5,2,0.427235,0.584351,0.633184
22634b87-bd82-40d5-aa1a-55371e82854e,fog,s4,1,0.569888,0.701203,0.809093
226fb9a6-5d0e-47f3-8f56-17b028e5f315,gaussian_blur,s5,2,0.644550,0.772265,0.834783
227406a2-8e15-434a-b93b-fa10a870d674,shot_noise,s4,0,0.520732,0.652206,0.778688
227bb0ae-3bef-45d0-a431-b7d2f487774d,shot_noise,s4,5,0.567568,0.707119,0.782251
227f6c30-2894-4fe1-a062-3885d9915806,shot_noise,s5,0,0.244519,0.330147,0.486715
22842a1f-e75a-4895-96d4-9dbd88289639,shot_noise,s4,2,0.592730,0.729046,0.800572
228d1342-3b90-41fd-a097-ac3d33e394ae,fog,s5,5,0.328623,0.493289,0.497429
229369bf-b999-4a0d-96eb-e6c0525d4740,gaussian_blur,s5,3,0.619754,0.762564,0.776536
229c9484-b136-4601-83db-33f6c2340cc6,gaussian_blur,s3,3,0.639440,0.738670,0.938496
22a0aae9-11af-433e-95ab-c4cc75f499a4,gaussian_blur,s5,2,0.728935,0.842398,0.848421
22a55106-3114-4a80-8969-a5065ef2e178,gaussian_blur,s4,5,0.568422,0.715309,0.758286
22a5ae18-bce0-4fbf-84ae-dab3a6d6ec35,gaussian_blur,s4,4,0.460670,0.618926,0.661836
22a7d6f8-880a-4f0c-bc61-47b83513546a,fog,s4,5,0.614653,0.752281,0.797931
22aac2c8-e2c6-4e94-8120-6eabed9d6f9b,clean,s4,5,0.552318,0.688010,0.787230
22c90361-d840-4109-8b23-48ad4874dfa4,fog,s4,3,0.579268,0.729247,0.749631
22ced535-04c0-49da-b0d2-98a0df5ddabc,clean,s5,0,0.748054,0.853209,0.874000
22d9c198-1fe4-4ef5-b4a8-3fdc35b16611,fog,s4,2,0.506236,0.627325,0.792565
22ea98e4-7e6f-461a-ba08-948ca7dabe70,clean,s2,4,0.513110,0.596187,0.881365
22ec34b8-5421-4948-bb57-d91c9a884c83,fog,s5,1,0.625661,0.769231,0.771899
230c49ac-1084-4adf-b7d7-e359b5700e0e,gaussian_blur,s5,3,0.592034,0.740173,0.757493
230f3c09-439c-4f75-ad7a-001fb76a1db3,gaussian_blur,s4,1,0.463335,0.592713,0.732811
230fc0fc-a860-40ee-ad5d-1e387f18d04e,shot_noise,s4,0,0.666010,0.794827,0.822432
23160495-9f4e-499c-aa40-8ed2ecc481d2,clean,s5,4,0.493363,0.658946,0.666005
232b5144-4e54-4190-89cd-3c392950c753,clean,s3,5,0.658509,0.755797,0.950937
232f95f3-dc77-442e-87d4-8f7ac09a6192,clean,s3,2,0.591098,0.694706,0.901216
23304151-6729-4068-a677-cc4307346295,clean,s4,5,0.607019,0.753839,0.762042
233bc2a5-3bd7-4aba-b492-7e8397725859,fog,s4,1,0.753587,0.854505,0.893680
233d2408-5172-4aa6-84cf-83670157c42d,shot_noise,s3,4,0.292887,0.387237,0.560519
234dbd4b-0df1-49ca-9981-a3691b8e7c7e,gaussian_blur,s5,4,0.753633,0.858687,0.865337
235571fa-45c5-4679-b2d6-9094b645814a,gaussian_blur,s5,0,0.640578,0.769927,0.828687
2363e663-d9c6-4a6f-8475-887ee9b4a33f,gaussian_blur,s5,5,0.438282,0.606457,0.617064
2370f5a9-21b2-4001-a1b5-db1f1e735a6c,clean,s5,1,0.374566,0.537626,0.560933
2373c59c-c9a7-4898-947b-d08adbd1ce0b,shot_noise,s4,3,0.713775,0.818539,0.912597
23783e81-956e-4089-90b3-a3a2fde1f377,gaussian_blur,s3,1,0.587733,0.695694,0.887065
2385c0fc-b44f-4a16-967f-bb7b0e366b95,clean,s5,0,0.502565,0.655089,0.709109
238d28a2-068e-486e-af2d-69e3511569a5,fog,s5,5,0.283439,0.369652,0.555964
239d919d-5e46-4b95-bed0-aac0b10a9e5f,gaussian_blur,s4,4,0.633977,0.762318,0.833525
23a07a37-a352-4456-a9c1-bd37163d4005,fog,s4,5,0.623650,0.763507,0.788083
23a2f882-bf6b-4ddf-a528-909f2f056268,shot_noise,s3,0,0.572788,0.651770,0.948349
23c3a225-16e4-40c5-a2be-fa251d310cf5,clean,s4,4,0.558557,0.711181,0.736084
23ca3a88-01ed-489c-a6a8-fea18538bef5,shot_noise,s4,1,0.427669,0.524651,0.755765
23cb08fb-7463-4d98-aa41-ba365c6e09db,clean,s5,0,0.724839,0.840345,0.841259
23cb6238-7d61-4466-a5cc-2643bedfb449,gaussian_blur,s5,3,0.632018,0.774448,0.774857
23cb9079-9f68-4626-bd99-660d75c5288a,gaussian_blur,s3,4,0.793547,0.874086,0.970709
23cef4ea-e11d-4f12-9dfb-41741d0a610c,gaussian_blur,s3,2,0.601092,0.721514,0.856204
23d258e1-7ab0-474f-8903-a921db80e949,fog,s5,2,0.439536,0.603567,0.628565
23dcd4ea-02b0-49bd-bf8d-cc05b054e827,gaussian_blur,s5,2,0.663226,0.796996,0.800085
23e7f36a-3ff7-471e-a724-a1e0f23acebc,shot_noise,s5,1,0.446732,0.604886,0.649685
23f75458-ac01-41e2-9a1b-48486c3014a1,fog,s5,0,0.691951,0.817391,0.820901
23fa86aa-9b91-4194-aed4-5d35043a31dc,gaussian_blur,s4,4,0.502944,0.667948,0.673285
2406b159-065a-4efa-a880-ea55db635824,fog,s2,1,0.388905,0.444256,0.768314
241c0b27-941c-49d1-893c-1df1e8307e5d,clean,s3,1,0.467208,0.483048,0.934415
241de386-f4a6-4935-8f10-2c4c0bb446b7,fog,s5,1,0.838322,0.911862,0.914192
2431a92d-b790-4590-9a2b-7985bcc1b0a3,fog,s5,5,0.541717,0.662549,0.821861
2434522f-ba41-48e2-9d22-68755f0422ff,gaussian_blur,s4,2,0.817974,0.893238,0.962032
243c9e30-0c27-4ed2-82ac-a27b7ff9935b,gaussian_blur,s4,4,0.554716,0.699473,0.760571
243e5972-409c-40d8-8b8d-58204bd88e4a,clean,s3,5,0.621388,0.735511,0.883611
2445645d-dd11-473f-ac8d-5397b7b4b827,clean,s4,0,0.297632,0.454598,0.466309
245c69d5-ad2c-4721-b18a-3ba3a4711c05,shot_noise,s5,4,0.464564,0.631304,0.642819
24658324-998e-4c4f-a5c3-78d05f385975,gaussian_blur,s4,2,0.752779,0.852406,0.903325
2465afa5-044e-44f8-aa51-14c3d2d34658,fog,s5,2,0.657053,0.792322,0.796485
24663d90-59e1-4304-b80d-78e6599e4d92,shot_noise,s2,3,0.296838,0.374407,0.591069
24778f17-7b41-4f0a-b5ca-42c7a03fe4c3,clean,s5,1,0.754382,0.858909,0.867711
247db5cf-983b-4777-9680-bbaef27a5239,fog,s4,1,0.361832,0.438192,0.697280
247fbf86-474c-47ca-8531-4bc154944971,fog,s4,2,0.246175,0.389203,0.404725
248d305b-af9f-49c4-bf65-cc165c8f9e4c,shot_noise,s5,2,0.654665,0.790960,0.792903
2491bd43-ccea-4512-9864-15d8a801b4b5,fog,s4,2,0.805609,0.889896,0.914539
2493e718-f677-47b9-9f62-7b38f2cb4dcb,fog,s4,4,0.779998,0.873144,0.902091
24948ad1-4a02-49ad-a34f-4ebfddd341ed,fog,s5,2,0.613221,0.746344,0.815045
249dc4dc-0061-4b0e-9f76-f50f1d4b6f51,gaussian_blur,s5,0,0.720843,0.837115,0.841856
24a527a6-7d08-4145-b22e-5b776aaa7340,fog,s3,4,0.459971,0.479151,0.919941
24ac3881-5cc8-421c-9383-a606fd67f907,fog,s5,3,0.767569,0.867096,0.879088
24ae9d8a-8c76-4a12-bb60-677e3b123999,fog,s5,2,0.459677,0.629067,0.631899
24af9800-0a2e-4745-9d30-d338a63333a7,clean,s4,3,0.448631,0.559420,0.755493
24b11aed-062d-41da-ba0a-78941719095b,gaussian_blur,s5,0,0.446187,0.615802,0.620309
24b13c0e-e75e-4e18-b6a7-b735c7d0b902,clean,s4,1,0.749442,0.853445,0.879520
24b5b085-ac18-4127-8329-0532e6f2e1e7,shot_noise,s5,1,0.400896,0.571390,0.574565
24b9bc76-d667-4c5f-b5be-7b359e9ac1ae,shot_noise,s5,3,0.439793,0.593175,0.654506
24d95ddd-3b59-46e3-a6e6-76cdf84df503,gaussian_blur,s4,0,0.727943,0.839990,0.858580
24ddf98b-cb1d-481d-80ab-8f113d16ed89,shot_noise,s4,3,0.658556,0.789365,0.816763
24ea45c3-ca93-44d8-807c-7221e9d8c865,clean,s5,4,0.714981,0.830865,0.851195
24ea4a1c-46e2-4413-a930-3d659e9586ea,fog,s4,0,0.748910,0.849278,0.903885
250457a2-8a60-43f7-bb51-dc5f3f11a1de,fog,s4,4,0.186686,0.314393,0.314987
25224e82-161c-4cde-ab34-f297056e87ec,gaussian_blur,s4,5,0.323392,0.480152,0.505237
2526d599-72a0-419a-a161-8b97aec7a37b,gaussian_blur,s4,3,0.221260,0.353686,0.375749
25302503-69fc-4834-8d60-c63f2f7d73b3,shot_noise,s3,2,0.567796,0.668557,0.892577
25315627-43ae-4700-8ca2-8e616dbd73d9,fog,s4,1,0.587562,0.712846,0.835488
2539464e-93f8-4525-900c-383d577ad176,clean,s4,0,0.485599,0.619417,0.743931
25501d5e-7481-4282-b94a-19a60d3a0fd3,clean,s3,4,0.692623,0.786779,0.966711
255b800f-55a3-45b8-bac0-f1732a10e06b,fog,s3,5,0.462432,0.480483,0.924865
256a0e36-80f8-4c1a-b262-02066f227477,shot_noise,s5,3,0.721292,0.837134,0.843904
256abf5b-2b4d-4a85-8fb5-f7e9d9baf85f,shot_noise,s5,3,0.323221,0.448601,0.560961
2582ea39-097f-4e7b-b321-0ed457662274,gaussian_blur,s3,2,0.621676,0.738101,0.875937
2584d4cf-2db4-4550-a54d-e0a3720827d8,fog,s3,0,0.762472,0.849633,0.968960
258e2435-eec4-4da9-a6b5-8615f116b057,shot_noise,s4,4,0.396240,0.504056,0.695670
25a26025-4799-4a94-a50a-4bfc9460891d,shot_noise,s5,0,0.679812,0.808712,0.812939
25a38bd1-4e6d-4ffd-9b3d-21be82e6a0d8,clean,s5,5,0.480966,0.649294,0.650202
25a67113-197e-417d-baa3-0bfde33ce420,fog,s3,4,0.462736,0.528056,0.854426
25aa49e4-b60a-4ca3-aeef-28d738800955,gaussian_blur,s2,1,0.536674,0.622559,0.899655
25b76019-42c2-4a51-950f-cdb816726932,clean,s4,4,0.706423,0.826226,0.837922
25d60c15-3eb7-42f2-b8df-a5d4454510b6,shot_noise,s5,0,0.479651,0.636784,0.680119
25ecae0f-f4a2-46bb-84f5-2e2227b108ef,fog,s4,4,0.659660,0.784158,0.844859
25fb85bf-d6c7-46f1-81ed-9d7ad90eac84,gaussian_blur,s5,0,0.366636,0.517670,0.575700
25ff253e-fe3c-48db-be7c-931b7db2ada3,gaussian_blur,s5,1,0.646493,0.780864,0.805527
2617c40f-3d90-4dfa-a9d5-f3c76ab00394,gaussian_blur,s4,5,0.845265,0.912595,0.956757
261e1af0-6d44-451d-9670-3aea88694d10,clean,s4,1,0.702890,0.810750,0.903600
261f8763-f592-4289-9be5-9c0a1b043c10,shot_noise,s3,2,0.586573,0.675691,0.935931
2621edee-97b2-4dad-b66f-1f82a6cbb3e8,shot_noise,s5,3,0.391307,0.561738,0.564247
2623af75-bdb8-4ede-b9a5-383d7ffa71cd,shot_noise,s5,2,0.734839,0.844021,0.867251
262c3df8-854d-4f9a-8a30-ca2b32504248,shot_noise,s5,1,0.419002,0.582589,0.609653
2630facc-4399-40e9-99f9-520cca9d2138,clean,s3,5,0.627017,0.731186,0.917963
2635117f-f2f3-42e0-95cf-34f7629aab07,fog,s4,4,0.246487,0.390893,0.403039
263e2f6c-ec95-4597-95bb-941a54fbf114,clean,s3,2,0.541431,0.614936,0.929915
264baedf-e3bc-496b-b32c-a874200f3fdd,shot_noise,s5,4,0.367845,0.444353,0.706107
264bd0c0-62d5-4a3c-9876-cbbf82593daf,clean,s5,1,0.579306,0.723894,0.768849
264f9a8b-3c3a-4079-ab6b-89f86962a09b,gaussian_blur,s3,4,0.469050,0.527244,0.874071
2654bcd9-a220-4d31-96c6-134f9a8eb0b3,gaussian_blur,s4,5,0.658838,0.785245,0.836672
26591d4f-cfa2-4925-8098-87f7c1bdfade,clean,s5,3,0.563793,0.711229,0.755096
266b1ab1-4c8a-4b94-a5d4-3716ed76c2e2,gaussian_blur,s4,4,0.619982,0.750916,0.823640
2689b661-941b-48eb-8689-b1ca0245074d,clean,s5,4,0.854225,0.921083,0.925179
2697cd62-7142-4e6b-873f-6bf344aa0813,gaussian_blur,s4,3,0.756998,0.857141,0.893568
26a320dd-48d3-4b93-8eb5-3467e99756fd,clean,s5,1,0.788957,0.881227,0.888793
26aefefe-3162-4807-82f1-d6ef190d8aa1,clean,s5,1,0.675414,0.804990,0.812805
26b71800-98b4-4737-bb05-f146b749c2d0,clean,s4,4,0.271871,0.400824,0.472058
26c6d3c1-b4d0-447c-bac5-ccee9fb5d599,fog,s5,3,0.519134,0.683449,0.683496
26e8a8b8-4274-4ea8-9a23-b8651d094fcf,clean,s5,4,0.552216,0.711132,0.712859
26f01486-1f39-439b-984f-9f600845c22d,fog,s4,1,0.378309,0.545884,0.555691
26f5d9b1-3bc7-4474-b898-6e8676865a0c,gaussian_blur,s5,3,0.721845,0.835362,0.857241
2708386a-13e8-428d-a19f-33c04c6c01fa,clean,s2,3,0.483995,0.524683,0.920747
270de8d2-07cd-4f68-90c3-589f410bdebb,shot_noise,s4,0,0.693277,0.804146,0.893979
2710f540-0791-4a5e-8f6c-69a66cc4f61d,gaussian_blur,s5,3,0.593304,0.743601,0.749216
271a0fa0-fb1e-4888-b36e-7c5638f55dff,shot_noise,s5,5,0.460081,0.626779,0.639413
27224e0f-c24e-4a0f-9565-665318bc82fa,clean,s4,1,0.735107,0.839348,0.897042
27297709-d096-4332-a431-47bca2edd346,shot_noise,s4,2,0.606840,0.743700,0.800664
27306000-c3b6-4a3f-aaf4-d3e4bc2e7437,shot_noise,s2,4,0.475947,0.487677,0.951893
27311aa6-3fb5-43f1-b46f-195cddc725d5,clean,s3,2,0.484280,0.616063,0.747568
273386a2-784f-4996-9ee0-62a4d7b577c7,shot_noise,s5,5,0.456530,0.608906,0.672817
27499f8a-7869-40c9-89d1-41d098e941f8,shot_noise,s4,4,0.366546,0.502734,0.604272
274ea2d9-b3c8-49ac-bdf3-9e2e41dd1062,shot_noise,s2,1,0.460787,0.479593,0.921573
274f6acb-f988-4380-a554-cbd7cfcdf555,fog,s5,4,0.443038,0.608057,0.629286
27560398-cabf-43fa-8286-a1126b11ef1e,clean,s4,2,0.553292,0.691804,0.779280
27597736-a125-46b2-af8e-3f3fc23c1829,shot_noise,s4,2,0.528455,0.681080,0.724127
276ade7e-47a0-4f56-8356-fa0e6adaa0c0,clean,s4,1,0.706423,0.826226,0.837922
276c6da1-696a-48c0-8121-2102e46f7151,gaussian_blur,s4,4,0.545580,0.676823,0.796229
2771ec48-cf64-41b9-8b0b-5be6a9aad30b,gaussian_blur,s4,2,0.680801,0.799169,0.864479
27759ef7-e199-4d5b-aaf4-c0964caf3515,gaussian_blur,s5,1,0.771626,0.871090,0.871120
27845909-967d-4dfe-bc8a-63dd8c667be4,shot_noise,s5,1,0.549464,0.707611,0.714773
27876578-2a52-44c3-9096-219dbfab99ce,fog,s3,0,0.529922,0.615229,0.894202
27974816-2fb8-406e-8b4a-b725288a19f4,clean,s5,3,0.458572,0.628794,0.628801
27a43c55-40a6-4360-a143-0c835eb5fb15,shot_noise,s4,0,0.755116,0.856663,0.887067
27a7335f-5396-4a0c-b6ed-de5a46b5f7cd,gaussian_blur,s4,4,0.547544,0.704743,0.717405
27b20972-9608-4441-920f-1b97a6bd1cad,fog,s4,4,0.413976,0.568914,0.624139
27bd55c0-633e-4cd8-93e8-9e63c4288fa6,fog,s5,5,0.387248,0.489252,0.693481
27c4d7bc-4b77-4ce9-b39a-f9d1a0475c04,gaussian_blur,s5,2,0.519057,0.681867,0.688192
27d2b6c8-57b5-4f6b-addd-09a4a62652e4,clean,s4,2,0.617370,0.750702,0.814459
27e5529f-6d0f-4524-89c7-5e381155bae2,shot_noise,s4,5,0.587003,0.718533,0.815190
27fa5054-f2ff-413a-8f7c-aedaf4f3ee44,gaussian_blur,s4,2,0.754514,0.856311,0.886336
27fc6a80-28ca-4512-8c44-c1f1c33bc7c4,gaussian_blur,s4,3,0.244532,0.388838,0.399730
28147d72-c5a7-445e-aad6-8884a1ad1098,shot_noise,s4,2,0.402149,0.523559,0.678688
281de225-181f-45b1-b677-9cf06ba862ab,fog,s4,2,0.625297,0.762985,0.796757
281e1411-1b31-4386-9a53-d53ba4c0c513,shot_noise,s4,3,0.703623,0.810212,0.909387
282ad042-1a38-41e5-b5ba-55294c875f7a,gaussian_blur,s4,0,0.551797,0.687557,0.786752
282cdbba-305e-4bba-9a84-0df20b9e1f24,gaussian_blur,s5,0,0.148262,0.228737,0.296485
283a1a61-39ae-4563-a1fc-48076542193b,fog,s5,4,0.460561,0.525922,0.851600
283c9e04-ffa7-4923-bee0-69f0a481912f,fog,s3,0,0.446897,0.555151,0.758411
283dd83f-e872-40b3-a53b-a4e83b9f7b52,shot_noise,s5,0,0.578839,0.719259,0.783069
283e1620-9bca-4605-a85f-49f37dce38d9,gaussian_blur,s2,5,0.456873,0.544287,0.809130
284f2677-d36b-4b9d-ab8b-9b326041ef92,clean,s5,4,0.397343,0.554040,0.601611
28658438-ba36-4c9a-9b73-7fdc78f4bcc7,clean,s3,4,0.642558,0.748704,0.916422
286bd52e-6370-4662-927a-e4b1a50ce646,shot_noise,s4,2,0.741120,0.847346,0.877308
286cc8f9-062d-4ed0-8e48-66aced2a03ee,gaussian_blur,s5,0,0.451311,0.516877,0.839392
2871426c-f163-47d5-9543-9c75112335b8,shot_noise,s5,4,0.435565,0.606611,0.607352
2878c70e-139a-4443-bab2-7b76aed05837,fog,s4,2,0.316008,0.472541,0.494871
287bd664-599f-45d8-a976-2f926b09cf43,gaussian_blur,s4,1,0.694287,0.817848,0.828976
28845ac2-cd16-46b4-886e-6e8adf32bedd,fog,s5,3,0.428604,0.577599,0.653141
28883f13-23f2-4d32-8fe8-0b7efb124ae5,shot_noise,s3,3,0.574576,0.659841,0.935532
288d5f57-1212-4647-904f-52c1fc4d3204,gaussian_blur,s2,4,0.484937,0.492353,0.969874
288e5756-8812-422c-b66d-e2fb9ed3818a,gaussian_blur,s5,0,0.385715,0.553140,0.564670
28915389-b83b-4b4d-93ac-23af61a0e244,shot_noise,s5,4,0.427247,0.597360,0.602032
289ae921-e9a0-45c7-8b27-b1025c79c025,clean,s4,2,0.698215,0.811702,0.878537
28af037b-85d3-4d4e-80b5-fb1bddcfb34d,shot_noise,s5,2,0.597027,0.747607,0.747935
28b48ac5-3eb6-4ff8-9cec-754c2729bbea,shot_noise,s3,2,0.852755,0.916005,0.974357
28c5c339-51ea-4293-82e3-f877ddc3a62a,clean,s5,3,0.390640,0.552545,0.582528
28c7317d-f7e8-44bf-9ff6-a19b083f72d6,clean,s4,2,0.788785,0.874782,0.938949
28c7c5e9-9cb7-45b4-bead-a1b038eaa7a6,fog,s5,1,0.441583,0.611849,0.614667
28d6fe68-dcc9-4524-9f0b-0ecb5fdc83e3,clean,s5,2,0.747515,0.855001,0.859081
28ddd49d-d9b9-4f86-bf2f-865da4a4d908,fog,s5,0,0.724903,0.839848,0.844677
29059078-33b6-4ef6-a9e5-f0fe569aa4f5,fog,s4,2,0.631390,0.764905,0.812958
2910ed9a-3d0d-4975-9ef2-d112a92b7929,gaussian_blur,s4,4,0.772270,0.865024,0.919508
291db651-c130-4eec-aca0-f415aeb39aea,gaussian_blur,s5,4,0.665844,0.792090,0.834603
293a49fd-d37e-4f09-8c7c-f63182db68ac,clean,s5,3,0.768842,0.868881,0.872641
29434361-727b-4703-b6d9-c020757ba3d8,fog,s3,3,0.569988,0.682893,0.862373
2944ba51-0069-4984-b2b1-a76f54faba25,clean,s5,5,0.419686,0.590756,0.592416
294d640c-2831-4260-9d6a-dda5c2e7e775,gaussian_blur,s4,2,0.570698,0.698873,0.819027
294f3969-44e4-45a2-9b91-a6ad3b75deeb,gaussian_blur,s3,4,0.366659,0.506183,0.598126
295aae6a-dd78-4108-8131-0c87061ec035,gaussian_blur,s5,1,0.431522,0.602842,0.602997
296efa63-b0b5-471e-83c8-23eb795d1657,clean,s5,4,0.539039,0.699316,0.704384
2972a6d0-32a6-4455-a88c-7106ddedffd3,shot_noise,s5,5,0.776384,0.874108,0.874187
2974146e-0477-40c4-8072-2e50636373a1,gaussian_blur,s3,3,0.325571,0.451588,0.563477
297ae33b-8c6c-4b17-b0df-a3329584ff52,clean,s4,5,0.562212,0.687214,0.823829
29833989-9c23-4a3c-8f40-f3e6d8169a4a,clean,s4,2,0.770693,0.861142,0.937877
29a1e8e7-951b-4d7d-90f2-56daeaef1f90,clean,s5,5,0.757257,0.860970,0.868283
29a389b4-bc82-42a4-a18a-c87e74bc5b00,shot_noise,s4,0,0.475675,0.638874,0.660789
29b8d891-0c81-429b-8278-76a1c7c7cd33,gaussian_blur,s4,2,0.524749,0.666253,0.754395
29b96ddb-a8b2-405f-a73e-9cefd5f7db8a,gaussian_blur,s4,0,0.597379,0.718486,0.852608
29ba701d-c09f-4273-94e4-09a2718a64fc,shot_noise,s5,4,0.675824,0.806106,0.808886
29c4095b-4c4c-459d-a5a4-26c8aedede4d,clean,s5,1,0.317661,0.412469,0.600773
29cac419-e9d2-4d3c-af42-508913e6d686,fog,s5,5,0.522251,0.685340,0.688751
29cc024e-1c2b-4be5-9caa-e744afa8b582,fog,s4,1,0.558101,0.713066,0.727957
29d32697-2459-4a42-a23c-a9f37e874a60,shot_noise,s5,4,0.608707,0.756380,0.758346
29d71399-9e4f-4d3a-b369-35237a2c734b,shot_noise,s5,2,0.705306,0.826447,0.831471
29e4e25d-eae4-4c2b-b2ea-5dd8cf62278d,shot_noise,s5,1,0.582098,0.732300,0.749136
29f47b21-1579-4f46-8b01-595027158675,clean,s4,1,0.821984,0.900315,0.922164
29f4d88d-53ed-40e5-9754-c16ef2043d84,clean,s3,2,0.790470,0.873489,0.957952
29fb76f3-8593-47eb-b8e4-bab6aebc07cb,clean,s4,0,0.758289,0.859001,0.887560
2a133991-e55a-4130-b993-f629ebb92d76,gaussian_blur,s1,0,0.489603,0.494747,0.979205
2a174abd-b64a-4e1c-a99b-0fceee89161c,clean,s4,4,0.466331,0.551097,0.825301
2a1b497d-6d2e-4e07-8563-71a4115f1df8,fog,s4,5,0.494929,0.658518,0.672762
2a233ff1-2cf9-4a5a-9ec9-4bee61b17951,shot_noise,s5,3,0.563858,0.710406,0.758080
2a2e4cb2-7652-439c-a4fb-9894cf038f62,shot_noise,s5,0,0.700261,0.820929,0.839240
2a3cf11f-5b69-4330-b1fe-66b8a06f958f,shot_noise,s3,4,0.650770,0.758494,0.912458
2a644668-413c-4ac8-b4d7-252923675bc7,shot_noise,s5,2,0.429444,0.589630,0.628205
2a6b53e9-7e79-4b96-bc32-263d48a92ca4,gaussian_blur,s5,4,0.225211,0.323955,0.432229
2a6f8e43-3807-4374-b133-31f0eed53cef,clean,s4,3,0.550356,0.704882,0.727228
2a7161f6-e35d-4758-a976-42dfa153b232,fog,s5,1,0.473434,0.639611,0.650992
2a73b326-33e6-432f-a97b-30004fa53563,gaussian_blur,s5,2,0.676488,0.805610,0.814337
2a78521d-281c-423a-8d9a-237719c6d61e,gaussian_blur,s3,4,0.546955,0.619119,0.938229
2a7b7b60-0fe8-48b9-83b3-c4eac602e0de,gaussian_blur,s4,4,0.571302,0.696491,0.828252
2a86ae00-01ec-4077-913b-3e919026b7d1,clean,s4,4,0.667657,0.796490,0.821459
2a9fc6bc-ed22-4a06-b105-85a2053ca2cc,gaussian_blur,s5,3,0.716192,0.834603,0.834784
2aa1952a-17c9-42c1-b075-9df8ccd35002,gaussian_blur,s4,3,0.855630,0.920555,0.942895
2aa5d353-958a-455c-8f23-4591abe1c20a,gaussian_blur,s2,4,0.518154,0.603737,0.881655
2abcb90f-ccdc-42c8-a85f-2346d311c5a5,fog,s4,0,0.504807,0.585146,0.877696
2abdf8d5-69d1-4f2d-8534-0d4933b72372,gaussian_blur,s4,2,0.635514,0.762744,0.837835
2ad16601-80a2-4be2-8134-82270893f502,clean,s4,3,0.485599,0.619417,0.743931
2ad6a39f-b784-4366-a932-d94994617723,gaussian_blur,s5,1,0.724642,0.840260,0.840837
2adc8c0a-109d-4912-b8b2-acfc35d4de6d,gaussian_blur,s3,0,0.350453,0.475778,0.601493
2add5727-ace8-4bfc-a50d-106878f9114d,clean,s5,1,0.711877,0.831616,0.832140
2ade3565-0800-4df9-aba9-8b57edd2e4bd,gaussian_blur,s2,0,0.468405,0.483687,0.936811
2ae4eb7d-6660-4489-85ea-13fae6d7da39,clean,s4,0,0.452892,0.584330,0.717515
2aeed00b-9c13-4149-b492-8bfb18d0e3ed,clean,s5,5,0.732582,0.844933,0.850299
2af18a96-22bd-417d-8a49-9cdc9658a382,shot_noise,s4,4,0.454985,0.541415,0.808588
2af75e05-d38c-41cd-a655-14b70c92630a,fog,s2,1,0.480960,0.490295,0.961920
2afbb150-e80b-4dc9-823e-50577d282171,clean,s5,2,0.555901,0.713930,0.716811
2b02906b-c9c2-4703-abcb-25c36b9f6239,clean,s3,1,0.615347,0.709848,0.941189
2b041f79-0078-4dbc-9beb-7a3dffabd855,shot_noise,s4,4,0.629466,0.748241,0.869376
2b115fab-2fdd-43c1-8022-742cc5425705,fog,s4,2,0.600108,0.734178,0.809920
2b189bd3-4eca-4cb9-8fb3-0ed078ffadf6,fog,s3,0,0.484280,0.616063,0.747568
2b2000dc-7275-4ac6-96ca-e404bdd53539,clean,s5,3,0.385715,0.553140,0.564670
2b38be3b-a126-434a-9684-71d2c8968af5,clean,s4,2,0.616881,0.738656,0.856390
2b45ad42-9c45-4798-8a27-e4f078a9ffec,fog,s4,5,0.650847,0.779561,0.829055
2b474da1-c8da-4e7c-b5bc-196e3f84b60c,shot_noise,s4,1,0.802838,0.889327,0.902479
2b5c254e-4a39-4cf3-8621-1291d8067373,gaussian_blur,s5,5,0.565093,0.718051,0.736555
2b620a03-5cac-4b77-ba7e-bed3b0c5b1ae,gaussian_blur,s4,0,0.616881,0.738656,0.856390
2b629423-0be3-47d0-bc0b-b68bbd8417e8,fog,s5,2,0.605282,0.749570,0.772256
2b71c396-d121-423d-b0e9-fc7770a9dad1,gaussian_blur,s4,1,0.468538,0.598621,0.736465
2b743bb6-4b9f-4bda-a434-89b4d1e450f6,shot_noise,s5,4,0.396626,0.487431,0.725120
2b7b2b6f-1e97-42e9-a152-3df4d2de7355,shot_noise,s4,1,0.646885,0.763886,0.877493
2b7e2df5-3c3f-4f08-adf8-cf74f92a71cc,shot_noise,s4,4,0.434187,0.571780,0.684182
2b8b807b-826e-47fb-a420-f1718f7bd5b2,fog,s3,5,0.351572,0.488743,0.581850
2b8cf9ed-a6a7-4b3e-8b49-1939a0d81c05,gaussian_blur,s5,5,0.661001,0.795277,0.798981
2b92daeb-8669-49fb-b268-0662bbe92463,gaussian_blur,s3,3,0.520282,0.623230,0.846955
2bb094ec-2964-43cb-bd77-b2a1e7806b98,clean,s3,3,0.638699,0.738282,0.937086
2bb76f03-340f-4981-b0d1-e2684c06ba20,fog,s4,1,0.509398,0.646613,0.755207
2bbde5d1-f50b-442f-8e02-972207419f1d,shot_noise,s5,5,0.443186,0.600223,0.649083
2bc5d39a-269e-4968-b972-ff7101d2bd90,fog,s4,0,0.834169,0.907369,0.933547
2bca8681-50ea-4554-b009-ceee933fd642,fog,s4,3,0.505027,0.598983,0.851006
2bd0ac15-8f59-405a-9435-d085d829f450,gaussian_blur,s2,2,0.611877,0.700489,0.955269
2bd2896b-fc05-4cb6-864b-697e1dd9e462,shot_noise,s5,4,0.383387,0.517823,0.629867
2bd2e2ce-0da0-4fd2-8edf-d5f80b171494,clean,s4,3,0.485952,0.582385,0.825696
2bd43897-8fff-48f3-8151-6f0e15a30367,clean,s5,1,0.663631,0.797555,0.799072
2bdcafc0-345e-42da-9810-c84de420984f,fog,s4,3,0.535112,0.690965,0.717220
2be8a32f-590d-4d98-bafb-f850c79894ed,shot_noise,s5,3,0.482851,0.631081,0.705909
2bf1957c-d697-4b2e-8bb3-25e5fd86a93a,gaussian_blur,s4,4,0.290368,0.416104,0.508198
2bf89b97-0bc1-48d5-b1c9-dc6b058cf88a,gaussian_blur,s5,0,0.413740,0.584614,0.586997
2c0ad4c3-f4ae-441a-914a-225eca3f4c98,clean,s5,3,0.678405,0.805941,0.821029
2c0c81a2-02b0-44f4-b78e-747b33d68863,shot_noise,s5,3,0.614125,0.760893,0.761126
2c17e45c-e8a6-4892-8597-c7fdd9d1793c,shot_noise,s4,2,0.706030,0.812748,0.907473
2c250e70-595b-44a2-9dcf-34dc7901ebd0,gaussian_blur,s3,4,0.413944,0.526879,0.709456
2c2eed22-e3ba-4852-9cba-d2928c772395,fog,s4,2,0.336541,0.502024,0.506763
2c310960-7a56-44de-9d7b-6104d3f5c9b8,gaussian_blur,s4,5,0.451804,0.581294,0.720587
2c339f8f-ac5c-4a2b-909a-efb548a316d5,clean,s3,4,0.462941,0.480757,0.925882
2c361243-f3b4-4c80-a6f3-6bb4b3db4c07,fog,s5,3,0.354014,0.468153,0.625867
2c37a701-23af-4e7b-b4ec-fa5b1f4fb9c0,clean,s4,1,0.751954,0.851415,0.905545
2c3947da-42cd-4ebc-82f2-6f81d187674a,fog,s4,0,0.597379,0.718486,0.852608
2c405075-9071-4ede-98b4-7c2f4cfe97f9,fog,s4,4,0.626419,0.765338,0.791469
2c5aa96c-46ee-4a56-acc5-504cac340231,fog,s4,1,0.640598,0.757424,0.877845
2c5b9cb1-8f86-4e07-b033-5e5a38cdd902,gaussian_blur,s4,2,0.755130,0.855853,0.892606
2c659ea2-918f-492c-99df-1816840f3267,fog,s5,2,0.661499,0.786036,0.844091
2c6e83be-03a9-46e4-bcd2-1594b8958d13,clean,s4,0,0.796745,0.884700,0.905744
2c7fbbda-e5f1-44d3-ba86-7cfdf2411f1a,gaussian_blur,s5,5,0.722440,0.838826,0.839047
2c8efb3f-dfba-4430-bd85-c5a8d3668cd5,clean,s4,5,0.615266,0.741091,0.841851
2c955f7b-c297-47d8-a3c9-5304d1dd50bf,gaussian_blur,s4,3,0.290702,0.421859,0.499917
2c957d77-b588-4f69-b1b7-966aa8207d6e,shot_noise,s3,0,0.278834,0.400607,0.495248
2c96c606-fc22-4691-9e33-4ec19555ab1b,clean,s5,4,0.545310,0.694118,0.743827
2c98e427-0f36-404d-a5fe-5f299182ec03,gaussian_blur,s5,2,0.669697,0.792840,0.847255
2c9d0dc1-ebb6-46e4-bf49-df8840af84f9,shot_noise,s4,3,0.581826,0.708929,0.827399
2ca369a3-7ee8-4ecc-8d6a-b3fb21b2c9b7,fog,s3,2,0.619963,0.710351,0.955471
2caedd02-d853-4dbc-87e2-5dba5882cbe0,fog,s4,2,0.525943,0.663636,0.765736
2cc09a02-0192-403c-acd7-62e41f77e05c,gaussian_blur,s5,0,0.258819,0.341082,0.517639
2cc6db49-59dd-49d3-97aa-7c9f70bf4784,clean,s4,2,0.814757,0.895498,0.921142
2cc80b4b-0b60-4163-963f-f139e3c0f791,gaussian_blur,s5,2,0.511102,0.670462,0.694672
2ccdd52a-cbdf-48d2-a9cf-bbf94f514989,clean,s5,2,0.246631,0.393247,0.399680
2cf6e50f-a198-42ae-87ce-b7f264b925f9,fog,s4,4,0.329660,0.461924,0.558917
2cffca25-7e47-45a9-b93b-702f3eacb8c5,fog,s5,4,0.582035,0.708580,0.829232
2d0702cb-84d6-4bca-ac4d-97d0cbe7c342,clean,s4,2,0.588898,0.720162,0.816683
2d0f9856-f4c1-4058-bf47-0151789c648d,gaussian_blur,s5,4,0.302539,0.426774,0.530416
2d10dd0b-e670-4eab-b115-af2740ffc859,shot_noise,s4,0,0.737746,0.845536,0.872053
2d12d12e-4e1b-4499-8f52-440481ab3ee9,fog,s2,0,0.425216,0.459586,0.850432
2d14cb9b-d197-4ccb-8621-cbbe3955732f,fog,s3,0,0.686677,0.792213,0.920229
2d18bc4c-acb5-41a9-9862-132fa02c67be,clean,s5,4,0.623448,0.768031,0.768155
2d27bc4d-64b2-4339-a0fd-ffbcd42784c5,gaussian_blur,s5,5,0.466255,0.631013,0.649445
2d2f883b-9e93-4f21-bce9-71ccd1768704,gaussian_blur,s4,1,0.763222,0.861567,0.895665
2d3049ee-c389-4805-ab44-b11dbf566d35,shot_noise,s5,3,0.544107,0.699635,0.721791
2d36dda5-5c24-4c88-b1a4-bc44a1cf182d,fog,s4,5,0.524468,0.662395,0.764108
2d380283-f068-4a11-a386-182becbc0a59,shot_noise,s4,2,0.494152,0.636925,0.728992
2d3e40c9-f5b3-4dba-be31-1437983be836,gaussian_blur,s4,0,0.523379,0.665901,0.750667
2d3f050f-6dcc-4ba7-90f6-21247005b4f6,gaussian_blur,s5,4,0.646611,0.784798,0.788106
2d522a45-0c21-4d96-b746-4359b34ce8a0,clean,s3,3,0.476908,0.609546,0.738721
2d5cdcb4-f424-4a87-b633-79c98981a5f1,fog,s5,0,0.537326,0.682893,0.749957
2d612200-520d-444a-8e7b-e48755a5d59b,gaussian_blur,s4,2,0.410326,0.450746,0.820653
2d62b79f-eb3a-484e-91fb-a28bce27de2c,fog,s5,1,0.606482,0.738175,0.819469
2d733aa6-9608-41fb-b5ba-1116f5acc831,shot_noise,s5,5,0.558119,0.703779,0.759011
2d7872ad-c673-46c9-a908-c854f9efbadd,gaussian_blur,s4,5,0.273561,0.429454,0.429856
2d7e00b7-f0d4-4adc-9855-f3ebafe8d362,gaussian_blur,s5,4,0.379283,0.544939,0.561029
2d833a22-0265-44b6-82a4-ba4a809ca5bb,fog,s5,4,0.630074,0.772624,0.774988
2da3a9dd-fc72-4e36-a3a6-a9e1d45101fa,shot_noise,s5,3,0.262335,0.385368,0.464880
2da817b3-1b00-47af-b175-b3de1d7b2dfb,gaussian_blur,s4,4,0.446799,0.585339,0.695531
2dab7b44-f15f-4a67-8604-f890846b66b3,clean,s5,5,0.609949,0.757724,0.757726
2dadd831-1726-4aeb-86aa-b44db06d4f97,shot_noise,s4,0,0.655382,0.767552,0.896222
2db17580-3482-4272-a531-0ebf5e089dcc,shot_noise,s4,3,0.758459,0.852363,0.932251
2dc72589-b22d-486d-8caa-8d5252f774db,clean,s5,0,0.385715,0.553140,0.564670
2dc95880-ae22-460e-b464-d50216ed7813,clean,s5,4,0.766073,0.866502,0.875348
2dcacc9a-4b33-4a20-9e93-a7f51c88f3a3,fog,s3,5,0.220060,0.328829,0.408277
2dce15ec-c8aa-4553-a571-9f3f2bfb211c,gaussian_blur,s5,1,0.616026,0.753769,0.797435
2de55e11-3799-4f3a-b095-af24a4a1e8e5,gaussian_blur,s4,3,0.597840,0.724638,0.834277
2decac56-8c4c-4c39-9d0c-82285316feab,gaussian_blur,s5,1,0.562924,0.718673,0.726301
2df53367-a4b5-470d-b164-60e079cf4272,shot_noise,s3,5,0.377700,0.482221,0.675936
2dfc49b3-cc62-4cfb-b59a-34a759139b03,gaussian_blur,s4,0,0.822161,0.897966,0.945886
2e037224-687c-41de-9082-46c048ec3665,gaussian_blur,s3,4,0.570747,0.662841,0.916183
2e056002-baeb-4158-a06d-33ead817929c,shot_noise,s4,1,0.233090,0.373243,0.385742
2e09bf59-2fef-4de3-a456-c1b7f3620bfd,clean,s4,3,0.600054,0.709552,0.889449
2e13a781-ee52-451e-a2cb-9b3eb03bce00,shot_noise,s5,5,0.746857,0.854088,0.861934
2e1bdf9b-3fe2-4580-8db0-f36c795a038e,gaussian_blur,s5,3,0.631582,0.763946,0.817616
2e1c59bc-a0b0-40d1-ba6a-d499f64532e3,shot_noise,s4,1,0.455956,0.541132,0.812005
2e28bbd3-9a93-4b3f-8e6a-50742fbe50fe,clean,s3,5,0.599520,0.696094,0.925765
2e2eb302-a2d5-4024-b4c7-c05079ac478e,gaussian_blur,s5,4,0.372700,0.539268,0.551156
2e2f4393-6fe0-4d02-9b71-1d45098775ae,fog,s5,2,0.437867,0.606993,0.614287
2e2fa365-3546-4a24-bea8-d04bc072ac61,shot_noise,s5,1,0.369033,0.433265,0.725886
2e3460d9-d155-4a83-bbe8-38d7cf63d6c8,clean,s5,5,0.495762,0.658155,0.676736
2e404e76-e519-47d5-9daf-d8a766ecee5e,fog,s4,2,0.198364,0.330482,0.331920
2e416e67-926b-42f5-a77d-2efaa2240fb2,shot_noise,s5,1,0.405032,0.571481,0.588363
2e4d30ae-3571-4d13-bf6d-1d9c7ffe4956,gaussian_blur,s4,4,0.651825,0.768057,0.880453
2e4f186a-25d2-480b-8499-6bf409c50fc5,gaussian_blur,s5,3,0.522396,0.668175,0.740848
2e4ffb84-e861-4292-a81f-3b3f3ded4b7f,shot_noise,s4,5,0.586356,0.711144,0.836547
2e509124-44ec-45ea-8843-ef92757088d0,shot_noise,s4,3,0.504228,0.662343,0.694320
2e5a3082-7ee3-4e02-99b7-a36a8bfe5a18,gaussian_blur,s5,4,0.277003,0.428824,0.442603
2e6a8966-75f3-484d-bf41-6ebfbfa56d69,gaussian_blur,s5,3,0.704785,0.826747,0.827317
2e7369b3-819f-4028-8700-b1e7cb3aaa3b,gaussian_blur,s5,4,0.223915,0.309311,0.447829
2e7ed41a-b53b-4021-b3c6-e49ae044a121,shot_noise,s4,5,0.547842,0.684227,0.782781
2e82972b-fca9-499c-89f2-87bde3d4103b,clean,s5,0,0.416413,0.587268,0.589712
2e88245f-0823-4f52-a3a2-5e9a2427e792,fog,s4,1,0.524524,0.675387,0.727326
2e8b2aa7-9f9a-47a0-ba02-45bf13474b65,shot_noise,s5,1,0.565388,0.719681,0.731922
2e993539-5f52-4094-a9f6-5d5fc4667baa,shot_noise,s5,2,0.617995,0.763899,0.763913
2eacc636-ab15-477b-8a62-5275cb24988c,fog,s5,1,0.537391,0.694906,0.712827
2ec84e62-7056-4c1d-9b92-541970862701,shot_noise,s4,1,0.444602,0.561607,0.738551
2ec8bea0-c761-41a6-9e45-4b484d67630b,fog,s4,0,0.599117,0.736425,0.798192
2ec9cec3-8809-44eb-ab09-58095dade67b,shot_noise,s5,3,0.762730,0.865127,0.867393
2ed54ae8-4f76-447c-99dc-853469a0b3d7,gaussian_blur,s5,5,0.457788,0.621644,0.645009
2eda8048-5d4d-4642-8d46-5e3598ec0653,gaussian_blur,s5,0,0.575429,0.729041,0.735904
2eec2f95-e023-41b1-864e-426b480a1fd7,gaussian_blur,s5,1,0.610467,0.757724,0.759776
2eeea455-c1d3-424b-b163-dbf2ac68f666,gaussian_blur,s5,0,0.723122,0.834574,0.867979
2efb4956-1645-4a47-82c7-efe59420e10e,gaussian_blur,s5,2,0.462509,0.630318,0.638356
2efe4b9c-eaa0-423b-aa9a-c3320eed1a1f,gaussian_blur,s5,1,0.686646,0.808260,0.845269
2f018c6e-0acc-4688-8baf-57cb448aec4d,gaussian_blur,s3,1,0.572516,0.683018,0.870541
2f01aee5-0752-4f1e-8396-1ba898d4a83e,clean,s2,4,0.642990,0.733601,0.967040
2f07e072-abb9-4069-a857-4e36a3376f8d,clean,s4,4,0.326003,0.484279,0.506112
2f117c5c-8e77-4d5b-ac6b-822de8a1e895,fog,s4,4,0.400591,0.568920,0.579249
2f23603a-9438-4013-a9cc-2e6f9e9cf291,gaussian_blur,s4,4,0.771592,0.865327,0.913730
2f29a2f4-d197-45d1-8e1e-c70457284ef9,fog,s3,2,0.643936,0.756240,0.894860
2f2a98cc-c8ae-4dbe-897e-0c9efbd2cb21,gaussian_blur,s2,5,0.485553,0.492670,0.971105
2f2d1a33-4342-410b-baa8-d8db6cde7496,fog,s5,3,0.649259,0.787177,0.788072
2f3e67a4-ffac-4c6f-a22a-b73703145223,shot_noise,s5,5,0.631885,0.772877,0.781232
2f65063e-5071-41b0-b898-6814aa7e89a1,shot_noise,s5,1,0.742506,0.851786,0.855209
2f6ccae8-a780-4009-b072-eb37423b6a53,shot_noise,s5,5,0.756756,0.859543,0.875744
2f7f8462-233c-4c9a-bb9e-ebea49d3aadd,gaussian_blur,s4,4,0.444510,0.551861,0.757339
2f836c1e-56b3-45c8-8afe-925ba8e613e4,fog,s5,0,0.760848,0.863214,0.871269
2f8c486b-5c0f-4eba-80ad-1be050f062ea,fog,s3,1,0.610860,0.698534,0.957101
2f8df599-5690-49a0-8695-a5cc01570d6f,fog,s4,4,0.548618,0.684535,0.784576
2f96a72c-26db-4a90-be9f-0a58e37fe562,shot_noise,s5,1,0.646660,0.781518,0.803281
2f9935f5-8fce-495d-9d5f-90d4eb9c1f8d,shot_noise,s5,3,0.588382,0.736577,0.757107
2fa184fd-4e23-4f1d-bbcb-5e1dbda22087,gaussian_blur,s5,3,0.341786,0.436856,0.638357
2fb50ffb-34d0-477d-96dd-258558e31705,gaussian_blur,s4,1,0.536892,0.660573,0.810919
2fe47e9d-ca56-4814-95a3-2886a9cc2fa9,gaussian_blur,s3,4,0.471147,0.485145,0.942294
2fe4eac9-a79e-4a0f-8dc8-ff1e3cea7637,gaussian_blur,s4,5,0.527508,0.677628,0.731159
2feab38e-9e5e-4873-897c-dcc683dc9a83,shot_noise,s4,3,0.256465,0.404972,0.413712
2feb0d3f-4379-438b-a70f-d30b3b917733,gaussian_blur,s5,4,0.840573,0.912679,0.921429
2fef6937-920d-4ded-94c6-a2938b90dbc8,shot_noise,s5,2,0.479287,0.647411,0.649660
2ff71e89-8a63-40ff-aed9-9ddfd52b362b,clean,s3,0,0.570514,0.668930,0.900517
300748c6-b3a9-4cd6-b306-b7a78ab30206,gaussian_blur,s5,4,0.339593,0.418070,0.659845
300ccd58-70ed-4330-818d-774854b49f65,shot_noise,s4,0,0.615070,0.739593,0.846419
301aba62-283e-4845-8227-9f96c7bdbd1c,shot_noise,s5,0,0.148505,0.229026,0.296971
3027af5f-ae9f-4f91-8b7b-45a8167863f0,fog,s5,2,0.684297,0.807480,0.838952
302bb4eb-6686-4383-becd-25b19abc0fc7,fog,s5,2,0.526410,0.689662,0.689976
305b5e30-e898-456e-a71c-741f7ee4b50e,shot_noise,s5,3,0.698565,0.819657,0.838497
30676db2-0f4d-45ad-bdd2-55c7d52572f1,clean,s4,5,0.521459,0.677441,0.710371
308a8d64-f375-4cb9-b1e9-ebdb1c5b87c6,fog,s5,1,0.672050,0.803646,0.804973
3095465e-e89f-43c3-9b8c-1c6bdda10fb9,gaussian_blur,s5,2,0.458354,0.622832,0.643861
309a64c5-5aea-43b4-8a50-87f0ed8a528a,fog,s5,2,0.638384,0.777838,0.785798
30a737c6-94c7-4295-af1b-cb18cfbce4d1,shot_noise,s5,3,0.722730,0.830072,0.891898
30aad833-13b4-4497-833c-cc9b4f04794d,clean,s5,2,0.480885,0.649283,0.649952
30bb5e97-f979-49db-bb1a-b9b83cbd6db4,clean,s1,4,0.491078,0.495499,0.982156
30bdbc19-a383-4eb9-a654-f4831cd636ed,gaussian_blur,s5,1,0.563936,0.713279,0.748715
30c7b10a-9a25-43c7-83dc-1e24de86764b,clean,s4,2,0.253899,0.382167,0.441891
30c82755-11a3-4caa-a293-1923295c1aec,shot_noise,s3,5,0.531965,0.636047,0.855059
30db8f0f-1d06-4f8f-8ba5-1872caf1a4ec,fog,s4,1,0.747807,0.847843,0.907405
30dd77ba-50bc-48f2-aa5f-e1fb1b6dffd8,fog,s2,5,0.401605,0.454731,0.790084
30de88f9-eacb-44bc-8228-bbf26a0ec8cd,clean,s4,5,0.720138,0.831622,0.871042
30e1a55d-8300-41a4-9f72-f9b7a8a991d1,shot_noise,s4,3,0.418290,0.534973,0.707861
30eb571d-71ec-495e-a8b5-3b78907b79cd,fog,s4,4,0.628877,0.758327,0.829403
30edc6df-6be7-4593-a1c4-3be02be39762,fog,s4,2,0.570403,0.716634,0.761054
30f16b19-7302-4a09-89c4-eaff87cf0d78,clean,s4,4,0.681854,0.787320,0.921407
30f1a616-f789-43f3-ad90-df12786fb446,gaussian_blur,s5,2,0.457404,0.627416,0.628451
30f37f51-8668-48c1-a743-02994a8a6c96,shot_noise,s3,2,0.689118,0.788614,0.945269
30fde8b3-7572-4264-8028-215fb99dab7d,clean,s4,0,0.704520,0.813571,0.896800
3119057d-e83c-4bef-be74-d41f0b52dfc1,gaussian_blur,s4,3,0.672908,0.784216,0.898372
311badef-082e-4437-85d6-cb031cc338e5,fog,s2,5,0.473413,0.557283,0.835337
31238e8c-36b2-43a2-a8eb-a6ffd936be6c,shot_noise,s4,1,0.455525,0.572914,0.750048
314af006-4435-42cb-b385-0c43e06f109a,fog,s3,0,0.570514,0.668930,0.900517
3155fd61-968e-42dc-bf82-19ff36662138,fog,s4,3,0.480167,0.610980,0.746021
3164d0ed-e553-4c2d-8dc6-06e467fe62e5,clean,s2,4,0.281452,0.361916,0.560498
316707d3-2607-4940-9a2a-2b39e869a36f,shot_noise,s5,4,0.592030,0.742553,0.748363
316e3b9f-58f4-452a-8780-b69288a64f7f,shot_noise,s4,1,0.772664,0.864823,0.923037
318741c8-90c5-4a13-915b-64124d35f3d8,clean,s3,4,0.585958,0.667260,0.954334
31899db5-d9d3-4590-b66f-1b20a2dddd5b,clean,s2,2,0.479892,0.489740,0.959784
319c8e65-85d8-4085-8945-9c2e6f080acc,clean,s4,4,0.645556,0.764431,0.870245
319dfbad-c64d-4fe1-b06d-fdaa145d4629,clean,s5,3,0.570210,0.725569,0.728894
31aa0915-cb27-4140-8c13-bdab9407a7ac,shot_noise,s4,0,0.488337,0.644463,0.689280
31b06a73-cbb7-400e-904e-ce45a74012bf,clean,s5,1,0.570210,0.725569,0.728894
31b12051-574d-42a5-ac26-973d1109fafb,gaussian_blur,s5,3,0.411026,0.568552,0.615131
31ba8b3c-ed18-4534-8101-ff077d62e144,shot_noise,s4,3,0.511319,0.646567,0.761776
31d05ed4-a419-4f9c-bd5b-ff68b1218a61,shot_noise,s5,2,0.404449,0.523699,0.685664
3201d1fd-4d8b-4380-8266-82d8cc027f3b,clean,s5,3,0.645756,0.784424,0.786283
32045d7e-4d0b-48c3-916c-24305928c31e,shot_noise,s3,1,0.351325,0.471190,0.612219
32093601-101c-4d94-805c-44f4cef60d2d,fog,s5,3,0.346420,0.514291,0.515173
320b4756-cf65-4d17-b0d9-3c47032c707e,clean,s3,5,0.631630,0.735349,0.921153
3222e8eb-8438-4aa9-8148-35c77bef4e52,fog,s5,1,0.686503,0.813989,0.814789
323b8558-9862-4da8-8e22-ea7665f66f2f,fog,s3,1,0.264315,0.388359,0.466768
323c3838-eae9-4fe3-acaa-a6402fceeef4,shot_noise,s4,0,0.294855,0.435279,0.491099
323ed241-6b40-4097-92de-f45d1f3a3aef,clean,s5,0,0.722575,0.837808,0.845973
3244d4ef-8463-46b8-aea3-bff1672c43bd,gaussian_blur,s5,5,0.420525,0.592038,0.592149
32543597-14ea-4fa7-90e9-c691527abe1a,fog,s3,1,0.520393,0.588207,0.918512
32554720-63a5-4894-8fdc-7ae6e48b9357,fog,s5,2,0.569308,0.707015,0.788824
3270d294-49b5-48f4-a3c1-71e641921624,shot_noise,s5,0,0.473707,0.641270,0.647360
32747801-5df9-4c06-913b-f6ba12dd1bfe,shot_noise,s2,5,0.484937,0.492353,0.969874
32855ac8-e38d-4f78-996e-7e35a11e6b1d,gaussian_blur,s5,4,0.372555,0.458582,0.698532
3287b661-9775-4614-adf4-ec874aeb01e8,clean,s4,3,0.707964,0.820923,0.874203
3293199f-56d2-44a0-8c36-364a1197aee6,gaussian_blur,s5,5,0.803664,0.889685,0.904384
32a08755-f2ab-4520-b914-7253cda1e251,fog,s4,1,0.775829,0.870534,0.898729
32afc6ec-8059-4660-b301-e3c4ae1c31f0,clean,s4,1,0.795510,0.881547,0.924637
32b9c79b-4df8-4a22-8512-cf508097712a,shot_noise,s4,4,0.412664,0.537729,0.684840
32bcd689-315e-43db-8af5-8ea9224b5fa6,gaussian_blur,s4,5,0.694124,0.809160,0.873365
32dcc4da-cd6d-4016-ae0e-0a97ddf54eff,clean,s5,4,0.763273,0.865686,0.866195
32dd2e80-cabf-4940-823d-0fcc9bbf3e09,gaussian_blur,s4,1,0.583774,0.730562,0.761807
32eb8348-9599-4b73-aa4e-124ef11decf4,clean,s4,1,0.720861,0.834682,0.856597
32fad8af-f918-4969-ac55-85aa2c2c2a69,gaussian_blur,s4,0,0.485599,0.619417,0.743931
32fd7b47-2589-49aa-a3dc-cf5301696049,fog,s1,5,0.431232,0.486736,0.828348
3301f2fd-67f5-4545-acdf-386ffa8bbeec,fog,s5,1,0.594820,0.727167,0.814746
330f0f06-746c-47ee-8814-d95ce1b584f1,fog,s4,1,0.614682,0.734546,0.862400
331595c2-4b38-484f-8337-7454a0b279d3,gaussian_blur,s4,2,0.278607,0.408260,0.482336
3331b226-414d-41db-a18f-2a4a1287def6,shot_noise,s5,3,0.698168,0.819199,0.839189
3338fd9d-d0b8-4ac3-a85f-110777057ba0,gaussian_blur,s4,5,0.581814,0.730947,0.753027
333dd242-b0ff-4452-ab5a-595e63ec14e1,shot_noise,s4,2,0.304240,0.464483,0.470380
334bbec1-48e1-4c4f-91af-c27499b51bfd,gaussian_blur,s5,1,0.534286,0.682974,0.739008
335229a9-091c-42c3-b580-5369fe2341bb,shot_noise,s4,4,0.561461,0.699108,0.785749
3362d93f-b591-4163-9b76-02482a522224,shot_noise,s5,2,0.510561,0.670684,0.692096
3379591c-f626-41e7-94f7-0ba2426a3cc3,gaussian_blur,s5,2,0.514175,0.679107,0.679278
33889dd3-3aaa-4ba1-8096-87d28e4d5faa,clean,s5,0,0.585894,0.726940,0.782615
3398999c-1bf1-45b8-bcdf-d595804a4a49,gaussian_blur,s5,3,0.678349,0.806372,0.818581
339b9f37-2c9f-4dc9-a965-2b47962d5de3,fog,s4,4,0.745781,0.843166,0.925888
339d985c-092e-4340-bbd5-8342e8b92369,clean,s5,5,0.622085,0.766818,0.767880
33a56e74-1257-436b-9940-399449e6c39e,shot_noise,s4,1,0.592788,0.722920,0.821648
33ac1341-a0cd-43ff-813d-289a2b06d794,fog,s2,5,0.428120,0.500759,0.797455
33b2db3c-0a7e-4d7e-b4da-df264675ba37,shot_noise,s5,1,0.828492,0.905507,0.913562
33b50d29-ff6a-4628-a3be-54a0d5b13a0a,fog,s4,3,0.735771,0.835563,0.922036
33bd556d-54c9-4aff-9047-5c08cf995ce4,fog,s4,4,0.346879,0.505173,0.535118
33ca51ab-6e38-4835-8127-996d554691b7,shot_noise,s5,1,0.467881,0.618252,0.687891
33cc8b79-e65d-488a-bfec-6b04a41d40d9,fog,s3,2,0.674153,0.784580,0.901859
33cccc23-b8e8-4169-b1df-762ebf97244f,gaussian_blur,s5,2,0.562966,0.717985,0.728881
33d19207-80fa-42f5-af46-46176dfd997c,clean,s5,1,0.656950,0.791524,0.799867
33dbbc63-2b90-4c10-8795-74fe5779ad2e,clean,s4,2,0.449366,0.560302,0.756053
33e0ce4f-1b54-4f55-9c1a-853ed17ff335,shot_noise,s5,3,0.582360,0.728413,0.764240
33ec14ba-bb21-41b0-bcd7-deda593d05a2,gaussian_blur,s4,3,0.702431,0.806997,0.919573
33f322d7-5b6b-4994-927c-9d4c5cf1aaa3,shot_noise,s2,1,0.600608,0.691426,0.941835
33f36db7-6a4e-4d30-b76e-8b5ddd872c5b,gaussian_blur,s4,0,0.797950,0.885650,0.904868
33f99da5-b098-4d07-b030-2f77a23f22b6,shot_noise,s4,2,0.560661,0.709551,0.749275
34009e7d-26ee-4577-8fff-f0701da12bc0,clean,s5,2,0.567682,0.722175,0.731631
34074cba-4ad3-41e7-b1f0-e0b057858e54,shot_noise,s2,4,0.434383,0.465631,0.867742
340c42cf-bf11-439d-81bc-b1bf9dda1a30,fog,s5,5,0.649032,0.785079,0.796885
340cd9f2-9258-447e-8982-21708ce3bc38,fog,s5,3,0.545986,0.706270,0.706523
3413b214-1b67-40be-911c-4d49831a5bc4,gaussian_blur,s5,2,0.607895,0.756122,0.756203
341d3066-33f2-4acb-a86e-19eb770fb36f,shot_noise,s3,1,0.469882,0.500615,0.917152
34230d8b-dbb3-4b85-82cd-00ef18eb1332,gaussian_blur,s4,1,0.785103,0.875975,0.908976
3424c3bc-097d-46bc-9d35-719f7a751158,shot_noise,s4,1,0.854569,0.920368,0.936832
342754f9-7043-4477-921c-1126e9492faf,shot_noise,s4,5,0.280687,0.434014,0.445977
34396e11-bbf1-4358-a81d-7b1eb5519237,gaussian_blur,s5,2,0.539780,0.695992,0.717958
344500ce-551e-4c09-a025-528cb630d8be,shot_noise,s5,3,0.626285,0.769859,0.771700
3449af05-d400-4d86-8c59-84fff7fc7ee2,gaussian_blur,s3,3,0.535252,0.611935,0.917213
34513557-b4ff-4945-a965-9bc3f08c4395,fog,s4,5,0.660064,0.778160,0.872160
3451cdb3-0b33-4c46-b41a-e829a3bf40bf,clean,s5,1,0.642768,0.782238,0.783943
34632952-2898-455a-ae42-ded8cd7fd3cc,fog,s3,1,0.581770,0.660732,0.956251
3467ae3a-8e07-4a65-9ab7-da7b0004ab18,shot_noise,s5,5,0.550315,0.708442,0.715075
348a41ce-61d7-4b70-bde3-ec8ada6f5efe,gaussian_blur,s5,3,0.373681,0.544052,0.544069
349bd696-a203-4c79-ba96-5fde11eb8cf6,gaussian_blur,s5,1,0.505531,0.662829,0.697476
34a9f946-19eb-4ede-88fd-46b832d1ef44,clean,s4,0,0.572189,0.682989,0.869521
34afd3db-996a-415f-a127-c5a373e71912,gaussian_blur,s4,1,0.411865,0.566425,0.622663
34b5bb31-8cd4-4d3d-a10a-db463d2971eb,gaussian_blur,s3,0,0.507444,0.599317,0.857772
34b7dcaa-342e-4b7f-805c-5141872e9dfd,gaussian_blur,s4,0,0.439031,0.550814,0.742331
34d24192-e008-4574-8a82-1d601212629e,clean,s5,3,0.566329,0.722058,0.726985
34d5724e-8645-4596-9cb9-c5aaf720b4ed,gaussian_blur,s5,5,0.392085,0.536162,0.621827
34d664e5-f273-4c9c-b753-5834df417c19,gaussian_blur,s5,5,0.493984,0.659578,0.666347
34df8a6f-4c34-4c90-8388-1aba21e9c4f0,gaussian_blur,s5,4,0.257031,0.393400,0.434581
34ee34e7-b059-4c70-a8e5-bbed5277b909,gaussian_blur,s5,0,0.439503,0.585062,0.672254
34f058c8-75c4-4661-81b9-ae6d133861fa,shot_noise,s3,3,0.344967,0.427090,0.662883
35152fc0-af88-4382-84f6-782546f747f7,clean,s3,2,0.546691,0.640810,0.890960
352aa02b-7d61-43ad-ba9c-2262bb294145,fog,s4,1,0.801486,0.885434,0.927964
352aa747-fd6f-460f-83ad-a5492d72358c,gaussian_blur,s4,3,0.546387,0.651730,0.864395
352c607b-b138-4903-8a7f-e35c19e5c6c3,clean,s2,0,0.488213,0.494036,0.976426
352e8941-4d4f-4786-9a14-45629476c521,gaussian_blur,s4,1,0.734213,0.833704,0.925120
3544cc31-9aae-4d5d-ba2c-82f1a993a2f1,fog,s3,5,0.386565,0.484519,0.699333
35458628-884c-4936-8ad3-0c870a018350,fog,s4,3,0.611232,0.752034,0.785653
3565e611-709c-4c35-ac07-37bc8fb2261e,gaussian_blur,s5,3,0.305130,0.431707,0.530720
356ce546-a4db-482e-8268-24f256d76c36,shot_noise,s4,2,0.519083,0.664022,0.741141
35858182-c9e7-4634-9cc4-0365abba37bd,shot_noise,s2,0,0.488213,0.494036,0.976426
358af473-1001-4531-b58e-a936b8a3c434,clean,s2,1,0.592851,0.678215,0.950037
35987580-f55a-44cb-b101-264f644b44cb,fog,s4,3,0.543210,0.686371,0.760212
359adcda-bdba-4be8-b7aa-2f7121ae5292,gaussian_blur,s3,3,0.704868,0.805356,0.937515
35a601c5-f7bb-4f4c-aba0-3b8bb185ee02,gaussian_blur,s2,2,0.463148,0.548346,0.820700
35b89b53-f8a7-4eda-becc-e7c165f77c39,gaussian_blur,s3,1,0.577718,0.678931,0.898711
35d2e0a0-78f3-4503-b022-646fa0ed17cc,clean,s4,5,0.811007,0.893171,0.918775
35dca83e-460c-45f0-a260-4d801e480800,shot_noise,s5,0,0.708841,0.818081,0.893021
35f309d7-2581-4df2-9a78-12f96ce3164a,shot_noise,s5,2,0.720346,0.834000,0.858185
35ff86ae-cd03-4445-a1f3-c16fe20e49dc,shot_noise,s5,1,0.781523,0.877365,0.877369
3603480c-f2d8-4b47-8e62-7ec44c2d09bb,clean,s3,3,0.495172,0.561061,0.893147
3603c42b-7977-4b28-8396-d8e6d6dc8a57,gaussian_blur,s4,0,0.599117,0.736425,0.798192
360a5d59-d579-4c29-9a82-c3ca1769c5a5,clean,s4,4,0.608023,0.737972,0.825942
36142c6b-6543-4207-8efc-b38cc81f65cd,gaussian_blur,s5,0,0.513426,0.629119,0.811627
3614b067-13f5-45cc-adc6-32c0058cd5fc,clean,s2,1,0.588541,0.674962,0.944101
361bbc5f-69aa-4fc3-bc17-4d509694643b,shot_noise,s4,3,0.777226,0.872284,0.893179
3626de59-0b64-4b4c-937f-0e817c34471f,shot_noise,s4,3,0.827114,0.903112,0.928764
36292921-7486-4b9f-a1c4-e78b9f46b2a5,fog,s4,5,0.726434,0.827595,0.922443
362bd720-6194-4276-a0c6-edad0b971ae6,shot_noise,s3,2,0.583414,0.679521,0.915969
36316ace-1dd8-4aa2-b506-108bbb9997ca,clean,s2,4,0.485973,0.492887,0.971947
363e2200-185d-493f-ae6e-2d682a91055c,shot_noise,s4,4,0.771345,0.867505,0.896647
363eb2e9-7cee-4538-95f9-21ec219d2fbc,shot_noise,s5,2,0.542202,0.686817,0.755315
3654b6d7-64d9-4d97-838f-83376d07f1d8,fog,s5,5,0.190845,0.320273,0.320885
3668918d-f22a-4e97-bcb4-6874b6462977,clean,s4,2,0.521045,0.663855,0.748360
366fa930-806a-4420-8db3-26dd6b0fad40,gaussian_blur,s2,1,0.465539,0.482154,0.931077
3676a101-1265-424e-a3dc-1c5420cd074d,shot_noise,s4,5,0.686944,0.801956,0.877377
3682f125-0bc4-467c-bff5-dc3b050d184f,fog,s4,5,0.423739,0.511154,0.767275
36872665-570a-4955-a139-621ad8449cb3,fog,s5,2,0.448972,0.564008,0.747472
368d1eba-3263-4e2a-b6e8-267fa683e513,fog,s5,1,0.455832,0.510330,0.862875
368e286c-3989-4a08-b59a-ab1f8eb3844c,shot_noise,s5,0,0.659369,0.792119,0.807247
36948e7c-b8a2-4866-9de0-c97be9c4323f,shot_noise,s4,4,0.510057,0.641903,0.769499
36a6ac71-97a5-4ef6-a397-0b4db9de2a76,fog,s5,3,0.567809,0.715857,0.754171
36a9a232-3c93-4ea1-9d3e-29031b9d2cf0,clean,s4,4,0.600251,0.737186,0.799696
36d030ab-2d2f-41b1-b010-98e3e0a7aca7,gaussian_blur,s5,5,0.380305,0.466096,0.710155
36d40864-6e42-4a58-9f5f-ef0081e4343a,fog,s4,4,0.593089,0.702845,0.885019
36da2945-92bb-40b0-81c1-1d8b06ef1356,clean,s4,2,0.738076,0.845760,0.872267
36ddd54b-ce18-4478-928a-1580fce7b439,gaussian_blur,s5,4,0.646214,0.784967,0.785669
36def136-45b7-45d2-ba5f-e8708144e801,fog,s5,5,0.342582,0.469436,0.587417
36f990b2-cc23-49b4-b82d-51a62152c358,shot_noise,s5,0,0.248664,0.332144,0.497328
36fb8b51-bb31-44bf-9ae8-b33ec31a6abf,gaussian_blur,s4,3,0.371261,0.508423,0.608752
3700cb03-3094-4c91-b826-6d59d4397527,shot_noise,s4,5,0.697344,0.817379,0.845285
370e81a0-4f0f-45e7-9116-251d00c0dbf7,clean,s4,4,0.752805,0.848128,0.930368
370f4315-f730-4d8f-bf27-e728e5fdbdcf,clean,s4,0,0.702926,0.810957,0.902749
37187edf-e719-4b2f-9658-eab338caa486,gaussian_blur,s4,1,0.442672,0.570514,0.714197
371a9542-17fc-4d75-a7d3-62945b01c0bb,fog,s1,0,0.496532,0.498260,0.993065
3721d159-2501-4872-9576-b38720af8d12,fog,s4,1,0.231385,0.370297,0.384571
3725e77f-23eb-4f61-a80c-8b5bc31b8f57,clean,s5,1,0.620499,0.765217,0.768349
3736610c-15f4-4fe0-bfc7-6fb1a1b7f83d,clean,s3,3,0.628238,0.734496,0.911723
37403225-0abd-4e9c-bfef-3481bb065856,shot_noise,s4,0,0.757516,0.853565,0.919844
3751c45d-ed6a-4225-aab9-8f2d7a44169b,shot_noise,s4,2,0.575896,0.685391,0.875473
3761d459-4832-4d06-b38f-7bd525e96fd2,gaussian_blur,s5,2,0.420117,0.566179,0.650414
37749daa-805b-43a2-8ed0-b011a694bee6,gaussian_blur,s4,4,0.345768,0.419791,0.675989
3777604b-04e9-441f-9434-23e16e66d531,gaussian_blur,s5,3,0.657408,0.793144,0.794036
377e8c0f-c5c9-4159-b2fe-9d1ccc9f7c70,gaussian_blur,s4,1,0.558757,0.694876,0.789196
3784b9bf-8aaf-4e74-a297-abb010dbcac4,gaussian_blur,s5,1,0.649808,0.787737,0.787739
378dc051-7d86-4473-8d65-b210e589ec27,gaussian_blur,s4,4,0.831063,0.905427,0.932180
379571e6-ac27-450e-a3a6-bd3ad1675a5e,gaussian_blur,s5,2,0.481808,0.638327,0.683395
37b55c0a-afa5-4eb3-a4be-1448bbc703a8,fog,s2,5,0.487246,0.493541,0.974492
37b60712-7a8e-42f8-8b34-0243a054a17a,clean,s4,4,0.424807,0.466657,0.839381
37b86b26-27eb-42ac-8c1d-fb5270071f76,shot_noise,s4,3,0.571525,0.722364,0.745312
37bca160-4b6a-4516-b4c3-2a2a796e12fd,shot_noise,s5,3,0.564974,0.719246,0.731916
37d4a40a-af4c-4af1-b4e4-cb45cbbe3fc7,gaussian_blur,s3,5,0.498640,0.550886,0.920560
37e0b4d1-0403-4e4c-b47a-dacd8d7ede3a,fog,s5,0,0.188693,0.274027,0.377333
37e54314-8f24-4910-a104-17227197e09d,clean,s5,0,0.672378,0.802641,0.811483
37e7e149-b06e-4d0a-a885-ff928ab1c523,clean,s5,3,0.723689,0.838419,0.847616
37e9f3a2-4a90-4b6f-9ce5-6e268539b905,fog,s3,1,0.596993,0.694545,0.921489
37f08883-81da-4d27-b24d-cc93c9b7d2d6,shot_noise,s5,3,0.505789,0.660232,0.705819
37f46e60-c4b2-4efc-a51f-ad7d48656ce2,fog,s4,0,0.727949,0.828899,0.922390
37fbc4b6-2f60-4c7d-b7ee-a7c516035f65,gaussian_blur,s3,4,0.476682,0.488062,0.953363
37fc5dac-2ad8-47af-8e1e-1eb0bb019c79,gaussian_blur,s5,2,0.305868,0.404839,0.575333
3801cb12-2cb8-4d17-ade7-0fc766164c4f,clean,s4,4,0.445409,0.510900,0.831824
380f4990-68ee-4e67-802c-d9b7862d46fe,fog,s5,0,0.594799,0.745853,0.746198
3811c6b6-9c40-4850-85d0-fc904a881573,gaussian_blur,s4,2,0.756280,0.851144,0.928980
38184c25-9ba9-4c32-8e09-202e9f313240,gaussian_blur,s5,1,0.555308,0.709728,0.729075
3819fafc-6c71-4171-bfec-3c7646a4d155,gaussian_blur,s4,0,0.533602,0.657426,0.808133
3824772b-5575-419d-8d87-faecab089611,clean,s4,0,0.834169,0.907369,0.933547
3828628d-3247-40cb-a432-8d9fe317d1e5,clean,s5,0,0.455644,0.608674,0.670408
38305900-f8bb-4d24-adc1-6e7e4fef726c,gaussian_blur,s4,0,0.485952,0.582385,0.825696
3833b900-1987-4bf2-b487-b7cfa2d09778,clean,s5,1,0.764426,0.863997,0.884800
384d9db4-45c9-45b9-905f-91a910238a75,fog,s5,1,0.498981,0.665734,0.665840
384e6e55-2df3-478f-8302-7ce6a824acc2,gaussian_blur,s5,3,0.729871,0.841228,0.860324
386483c4-80cf-458c-a8c8-50ef1b756532,fog,s3,3,0.494687,0.547007,0.915617
3865fec8-7e95-427b-a09b-37357642c2df,gaussian_blur,s5,3,0.579987,0.733920,0.735093
3866e8f6-60f5-4bb3-afad-f1be7a2a593b,clean,s3,2,0.686677,0.792213,0.920229
386a18bb-3d52-4d37-a2dd-63a1d699fbde,gaussian_blur,s4,1,0.572947,0.701061,0.820294
387f8f1c-1df4-4a64-96f1-9941840a59c4,clean,s3,0,0.527168,0.619710,0.876235
388c1e4e-6d3a-494c-a484-860d325b7a66,clean,s4,1,0.326003,0.484279,0.506112
38919bde-3042-42ae-835d-98dba92497b2,clean,s4,3,0.623809,0.763274,0.789677
38adb31c-dfea-4182-83f3-384330934d94,fog,s4,2,0.728157,0.831176,0.910943
38b0710d-098f-437a-bfd6-92d0e267c627,fog,s5,5,0.520519,0.655705,0.768759
38bf5587-969c-447a-bf88-789f223d5b48,shot_noise,s5,0,0.634907,0.776411,0.777932
38d2c69f-5b81-4b29-b39a-2edf3989372e,clean,s4,0,0.707964,0.820923,0.874203
38d51f43-e5d9-4e05-ac14-d7c3fdd0175b,clean,s4,5,0.423397,0.544744,0.705104
38d6eb61-5497-4135-9ca3-e30cce0eb5f2,gaussian_blur,s5,4,0.441759,0.607710,0.625795
38eeb671-65f1-4b92-a129-58612b9c6c39,gaussian_blur,s3,0,0.583414,0.679521,0.915969
38f1f5bd-6c19-4f3b-bdf8-00ad98cc2060,clean,s4,0,0.610962,0.744217,0.814370
38f290ec-5ba4-434d-a00b-c2a522e3c02a,clean,s3,3,0.524663,0.613210,0.882203
38f8fcf7-9ed2-424b-86df-1e9fcb7ada3d,clean,s4,1,0.280847,0.438419,0.438736
38fb1cd5-449f-4629-a5fd-4d1c82610196,fog,s4,2,0.498399,0.635934,0.745744
38fca027-566b-42e4-b24d-e90f4210ca86,gaussian_blur,s5,2,0.512625,0.677427,0.678937
39009c13-897c-4188-8373-6e62a794d470,clean,s4,5,0.557030,0.702276,0.759931
39027cbb-68a1-4a61-b7c8-4f66eceb551f,gaussian_blur,s5,3,0.215954,0.351472,0.360949
390b41f4-c1b1-4720-8600-546092151549,clean,s4,5,0.786336,0.878166,0.898640
391593eb-eec1-4f78-821f-0b2189c4cfc3,gaussian_blur,s5,0,0.635374,0.776822,0.778005
3919d48f-cf82-44f9-9ca6-56278787085d,clean,s4,1,0.580456,0.712995,0.809621
392899d4-57d6-4bc5-8204-b5fe76c71a0f,shot_noise,s5,4,0.573123,0.717667,0.767523
39337972-dced-4a88-84fa-684788a6e943,clean,s4,0,0.669116,0.796163,0.829221
3942a8f4-6ada-48c5-9899-bb42d2322bc9,shot_noise,s3,3,0.456628,0.477331,0.913257
394352e3-a556-4537-a768-11a8dd741ea3,clean,s5,4,0.836385,0.910274,0.917922
394390d3-ed7a-4e01-9079-76f07bd5aa46,fog,s3,1,0.562950,0.685125,0.832299
394547b6-9339-496a-978e-4eb45a97fdf4,gaussian_blur,s5,5,0.480777,0.646539,0.657333
394931c2-be5f-4fc2-af7e-a727de2b03ea,clean,s4,3,0.505701,0.664589,0.692960
394df649-9f2f-4765-b1a2-cebef76a1a40,fog,s5,1,0.539924,0.701128,0.701589
3952e253-d068-492c-8379-fd33ef9b5333,clean,s5,0,0.556226,0.714224,0.716992
39532f06-39e5-4de1-9544-8b91489fb0b9,fog,s5,1,0.709485,0.819140,0.890420
395cf02e-9385-4036-98e5-b1b2e1ce60fa,clean,s5,3,0.502565,0.655089,0.709109
396cff76-fc80-442e-ad9f-ed74b62b9274,gaussian_blur,s5,4,0.454432,0.603164,0.679647
39789f91-1732-4762-bd58-32c5c959c2c5,fog,s3,1,0.462845,0.480706,0.925691
397f0561-adf6-4729-9ace-5cc5b27a4af8,fog,s3,4,0.249711,0.360441,0.460907
398f1fbf-91bd-4f78-9ff9-b7db2fcaa851,gaussian_blur,s5,0,0.681095,0.809639,0.813765
3996881e-0cf9-413f-9d29-e99621c824f6,shot_noise,s5,0,0.712397,0.831572,0.834864
39b55797-8cbe-47ea-8b69-2c9dd1385add,clean,s4,3,0.571759,0.695680,0.832235
39bc322e-57c4-4611-bd1e-13ed6c8b1e88,shot_noise,s4,4,0.646458,0.779305,0.812304
39c5678e-b809-4ea4-ad0b-a0ae0521266e,clean,s5,4,0.501502,0.648425,0.723679
39c85976-452c-44a7-a4ea-daf2ed1db7ef,clean,s4,1,0.553029,0.702403,0.745093
39cb2d96-085a-4f85-992e-72cf95ea2e83,clean,s5,1,0.563428,0.720521,0.721617
39cfd67c-e51d-4dd0-ace0-5a10cc142aa0,clean,s5,3,0.757852,0.861357,0.868675
39d479e0-6e7c-487b-a924-d05a86a06202,gaussian_blur,s4,4,0.764535,0.855083,0.945733
39d4f2a5-2055-44bc-8ae8-65bfae2f6f9c,gaussian_blur,s4,5,0.560530,0.670169,0.864565
39dbb0b0-83f7-482d-b4da-2476e4235fdb,shot_noise,s5,2,0.538448,0.699353,0.702103
39dd841d-47fe-47b8-95dc-1aa369521c48,gaussian_blur,s4,5,0.600319,0.746538,0.764892
3a006685-e3b0-4fff-b122-571029edfaff,fog,s3,4,0.460168,0.536000,0.833515
3a197a3c-d47c-4a77-8ecc-57782583d658,shot_noise,s4,1,0.693339,0.809954,0.865984
3a21707c-e7a6-4d37-a0fc-f8ecc8c712d0,gaussian_blur,s4,3,0.547370,0.662227,0.841472
3a2992ef-6944-40ae-88cc-e2810b7a3845,clean,s5,3,0.584896,0.738036,0.738282
3a3a6a3c-83ba-4451-9995-b807a386bbae,clean,s4,3,0.734193,0.833603,0.925595
3a44ba70-31fa-4b20-8a63-0d4dc3e4836d,clean,s4,2,0.753340,0.852228,0.907317
3a4aef73-6045-42a9-bacf-464ded5212e1,fog,s4,5,0.661390,0.786071,0.843483
3a583839-e12e-45ae-89b7-ba470764bc29,fog,s3,3,0.556386,0.626740,0.951352
3a58d0a6-8809-4543-ac68-4ca447354771,shot_noise,s5,5,0.655812,0.781833,0.839348
3a5c856a-319b-4a63-bd45-cc555bba9ea3,clean,s5,4,0.547564,0.704405,0.718613
3a5e0731-d63d-42f8-baba-4ca2f83013cd,shot_noise,s4,2,0.378078,0.482346,0.676890
3a6ca425-7ef9-4b40-a2fd-780398202ed0,gaussian_blur,s4,2,0.554727,0.690428,0.788451
3a74f0c9-9250-440b-bc5b-3b8d961d4065,shot_noise,s5,0,0.570210,0.725569,0.728894
3a75f51e-7502-4349-9fb0-c8aa6041517f,gaussian_blur,s3,2,0.195141,0.310417,0.349964
3a785b6c-dbe9-4093-8f2f-b35aa50e323a,clean,s4,3,0.749442,0.853445,0.879520
3a7c3bc1-b5e4-4768-b392-2efb833dc1ae,gaussian_blur,s4,2,0.471186,0.586953,0.770317
3a7fac6e-8b82-460a-8744-7bfb913f1e63,fog,s5,4,0.637499,0.773106,0.802952
3a8225ed-6840-4971-8b12-2abc25813690,gaussian_blur,s3,5,0.350641,0.470778,0.610757
3a88fee7-143e-44a5-b8d0-2afdfa90edbd,gaussian_blur,s4,1,0.556012,0.711305,0.726293
3a94cef5-a348-4f0b-b489-493184d6fc17,gaussian_blur,s4,1,0.486589,0.633055,0.713456
3a9b4f7f-aaa5-4f11-8514-30085134aeef,fog,s3,4,0.464200,0.584010,0.754396
3aa2341c-99d3-438c-aa3e-ebcb116f42c3,clean,s4,1,0.790923,0.877621,0.929319
3aad9d49-206a-4ae5-be9e-e80bf72246af,shot_noise,s5,3,0.762670,0.865356,0.865371
3ab241c6-d64a-46f5-bd35-15fa1c683f66,shot_noise,s5,3,0.497566,0.664268,0.665189
3ab32e31-c015-4ea1-afbc-281293a582c2,fog,s5,4,0.565285,0.722266,0.722319
3ab33d4f-3ce1-47f8-b020-56bdb643c843,fog,s4,2,0.497508,0.599820,0.825947
3ab36784-99e1-43a9-9443-743a4ea1c9f1,clean,s5,3,0.689938,0.815200,0.823693
3ab65e93-e74a-43b0-ad92-5e6cb088d2a5,gaussian_blur,s2,5,0.398343,0.457779,0.776214
3ab7f6dc-72ea-4962-beb0-e5d63a98be15,fog,s4,2,0.605397,0.713646,0.895829
3ab98138-8eb0-4cf3-9e49-ed3c57cb63ef,clean,s4,1,0.573281,0.708869,0.797132
3ac18724-19ce-4b24-b535-4fac36ff60e0,fog,s4,5,0.624767,0.755950,0.822750
3accd497-0cf1-441f-9872-905bb57e73c5,fog,s5,4,0.405125,0.570034,0.592000
3acf59c7-8e74-4cc9-ab82-0bb2286897a7,clean,s5,0,0.796821,0.886426,0.891301
3ad55c73-84d3-4f15-857d-d48e90d78a9b,gaussian_blur,s5,3,0.234517,0.319281,0.469035
3ad8e791-20d1-41dd-a28d-808876de5480,shot_noise,s3,1,0.424669,0.459266,0.849337
3adf67ea-daad-4bcf-b522-55fa78fb8157,clean,s3,4,0.304704,0.426712,0.537509
3ae2ff8a-3a91-474e-95e1-abeb1bd8cdff,shot_noise,s4,2,0.695434,0.817229,0.837500
3ae53bc0-9810-47f2-83e7-6710de0d30d7,clean,s4,4,0.617855,0.743256,0.843797
3ae81682-a800-4fc6-a51e-da7f3f13d714,clean,s5,2,0.368787,0.536672,0.543558
3ae993ab-23d7-4d3d-b639-94b140edc89b,fog,s4,5,0.604330,0.737884,0.812467
3aebdf6e-0d3e-453d-af9a-e4eba296d7d6,shot_noise,s5,0,0.327543,0.418741,0.622000
3aff335c-bd13-4fe3-9d14-19feafcd55e7,clean,s4,3,0.757516,0.853565,0.919844
3b02d940-7716-4e22-9932-b0cfac81ad74,shot_noise,s5,2,0.581544,0.735179,0.736298
3b0756b4-792d-46eb-bd80-4b5b2f94cfc8,clean,s4,4,0.387384,0.485149,0.700790
3b09666a-3d30-440f-a9a7-db43bd9e507b,clean,s4,2,0.704500,0.817269,0.877893
3b136d2d-b36f-4b77-b349-f08aea0bb54f,clean,s4,4,0.630980,0.734312,0.922156
3b198083-b83e-4254-b3b2-f8eb9d449356,fog,s5,1,0.326457,0.468723,0.536459
3b333de4-5684-4af6-b537-2ba69265ad0a,fog,s5,0,0.685697,0.812171,0.820873
3b506c5a-524b-4b19-972b-71f9d78ba53c,fog,s5,5,0.397843,0.566207,0.576181
3b64476f-a0ff-435b-941b-8ca05ff50d64,gaussian_blur,s4,1,0.823710,0.900972,0.927191
3b6a9e7c-ba4a-4d99-adeb-24faab46221e,clean,s3,5,0.482911,0.615082,0.745399
3b6cacca-ba58-43b9-a123-cb89e24cd4c0,fog,s5,2,0.659876,0.794229,0.799279
3b8f35b4-3a02-4332-b84f-bf43e5f8e7d7,gaussian_blur,s4,5,0.619630,0.761658,0.779802
3babd348-1346-49ba-bed4-b48c763292bb,clean,s5,3,0.457328,0.627200,0.628768
3bb3b139-48ae-4edc-b1ad-aabc9dce2a81,shot_noise,s3,5,0.455003,0.476441,0.910005
3bb4235e-148e-4d4a-b3af-3e309fd8d80b,clean,s4,1,0.600251,0.737186,0.799696
3bbef626-df46-4436-8153-b7f838940513,clean,s4,1,0.239789,0.378826,0.399693
3bd04ed6-38b4-43d0-9830-a227c821140f,gaussian_blur,s4,5,0.266170,0.405171,0.446091
3bd3edc8-af31-47c3-91bf-a0dff59bb798,fog,s5,5,0.324471,0.469561,0.528427
3bda573d-f350-4c78-b27e-a29570982671,shot_noise,s3,4,0.591033,0.682626,0.933045
3bef7701-e456-458f-8536-731d4600b530,clean,s5,3,0.687860,0.814964,0.815628
3bf5df14-b75d-43ab-94c8-d9ddf0c430b5,fog,s4,0,0.668476,0.798240,0.816474
3bf9af8d-d27a-44a3-a95d-84bdf02b8d51,fog,s5,1,0.231755,0.363805,0.395941
3c02b6cf-73cb-40cf-9683-d1d1fd65b2bf,clean,s4,4,0.386068,0.484864,0.697237
3c0b9e5a-b4da-4380-8994-817f52f9eaf7,clean,s5,3,0.482954,0.651306,0.651440
3c0d1dff-aa4d-44a8-a96e-82e2106f5e86,clean,s5,1,0.524627,0.685007,0.698352
3c0f2359-dcff-4b8a-b6b1-ba0050af6cb8,fog,s5,5,0.539107,0.698952,0.705835
3c0fb55c-d329-4e0c-bf64-a9c7445e1645,fog,s5,3,0.319892,0.390163,0.639783
3c103d0a-0bbe-4dca-a375-82c619776d16,shot_noise,s4,0,0.564001,0.715614,0.740972
3c159817-f44f-49c1-9554-be859ca90a3a,clean,s4,0,0.514749,0.658260,0.742238
3c2c6e33-9d09-499a-b889-db36f89dc281,shot_noise,s5,4,0.701156,0.823700,0.827893
3c4e193b-9c7a-4454-b4da-072c1f573cde,shot_noise,s5,5,0.547373,0.707477,0.707520
3c59efcb-39f7-4491-8ae1-fa3c3840c10b,gaussian_blur,s1,2,0.485770,0.535844,0.908234
3c7b7265-6447-444c-92b7-cb084ebafb18,clean,s4,1,0.771689,0.866238,0.907733
3c7f80a1-aa5e-4b48-be5c-fd0ee0b7a834,fog,s5,4,0.409420,0.550203,0.649393
3c818aee-bad5-465e-8d52-8e321d1cd7f2,clean,s5,3,0.481403,0.649644,0.650739
3c863794-4539-4802-a11c-6c2d76bd7180,shot_noise,s4,2,0.587174,0.701325,0.869048
3c9acc08-13db-412f-b59b-11c030295ae6,fog,s5,1,0.363187,0.498361,0.601604
3ca70994-67e6-4912-bf7f-dcde56ca5140,clean,s5,2,0.720747,0.837675,0.837957
3caf4108-0544-4059-92a9-89cacf6b5464,fog,s5,0,0.613196,0.759326,0.763960
3cb2047e-0326-4f95-9bc3-6d9d5499144f,clean,s4,1,0.548554,0.703281,0.725972
3cbd82c6-4490-435e-a124-f5aa19c23242,clean,s5,2,0.649666,0.775358,0.842278
3cd4371b-eaa7-4fd9-874a-044981895584,shot_noise,s4,1,0.453849,0.500831,0.871772
3cda11fd-d1d2-4323-adbe-c9f6834aa9fc,clean,s5,1,0.620210,0.763864,0.772912
3cdae5a3-fead-4e42-a517-4bde75f268dd,clean,s5,5,0.737866,0.848646,0.852576
3ceca6d4-0bc0-4f71-8710-e2f1e1201991,clean,s4,5,0.801296,0.886052,0.921595
3ced02f6-4632-4da9-9347-706a21b34f29,gaussian_blur,s3,0,0.780614,0.866188,0.956037
3d14459f-0bfc-4e91-98bf-2064bfc70aba,shot_noise,s5,0,0.793647,0.884772,0.886529
3d2a3781-a606-4b24-934a-c8960fad42f3,gaussian_blur,s4,3,0.598486,0.742303,0.774089
3d3ae165-75b9-4609-a063-7ee8ae487d74,clean,s5,0,0.775834,0.873752,0.873899
3d40fd13-b863-476e-9349-d4df1d97604f,gaussian_blur,s4,1,0.498440,0.602203,0.823840
3d6b4818-75af-4c45-b1c5-c4ee3f02c58c,shot_noise,s4,1,0.588613,0.730655,0.779600
3d78c7d8-2371-493e-9fd7-19fcaaeaf1e5,gaussian_blur,s4,2,0.439624,0.556249,0.733563
3d7dad77-9676-469f-9425-7b0c87cca3e8,gaussian_blur,s5,3,0.667862,0.800548,0.802427
3d8493c5-c129-46d1-a152-30be20a7a136,shot_noise,s5,2,0.333205,0.399908,0.666411
3d8cc365-a38d-462c-bad3-4a35225cf626,clean,s5,1,0.686638,0.812880,0.821312
3dabe710-7f33-46f9-80c7-d90e7d09e181,fog,s4,5,0.770364,0.866409,0.899327
3dafa3fb-fcbf-474a-a4b4-701f4cc585cf,gaussian_blur,s3,3,0.411950,0.529709,0.697937
3dc56c3c-3989-4af2-88df-291296b5d6a6,clean,s4,1,0.758685,0.857696,0.898560
3dd73a31-6f4b-4462-b01f-5d38b76d8143,fog,s4,1,0.348617,0.514897,0.521333
3ddc9d62-4dae-402e-9f49-28a3a39f4d7e,fog,s4,1,0.710228,0.823679,0.869621
3de9831c-f37d-4735-a9b6-508aa99388bf,fog,s4,0,0.541208,0.701028,0.706627
3df54410-9072-4d4f-8238-b2e5273d4a88,fog,s4,3,0.530706,0.667414,0.771588
3dfed661-64f0-4760-b678-7f2617e2c53d,gaussian_blur,s5,1,0.712757,0.830171,0.844779
3e02c60f-c753-43fd-8151-db7c694dbc8b,fog,s4,2,0.697485,0.819174,0.836234
3e0ae706-135a-4a72-849f-f303aea1d0b5,clean,s5,3,0.633129,0.769343,0.801429
3e1015a1-e545-46ca-b414-185c941622e3,shot_noise,s4,3,0.533128,0.668668,0.776390
3e1ee7b5-b8da-43c0-92f1-112d495be64d,fog,s5,2,0.280675,0.359528,0.561349
3e2a3757-a889-44fb-b3ff-8e76a97af374,gaussian_blur,s3,3,0.283058,0.383432,0.534955
3e3581f3-ca86-4455-962a-cae53d9e83f8,shot_noise,s3,5,0.407256,0.541919,0.659293
3e3c3550-07fa-4f0c-b70e-e7174f598ccb,shot_noise,s4,5,0.501096,0.647663,0.724341
3e3eb898-34b7-45a6-9557-d2cb496b73c3,fog,s3,4,0.740706,0.836330,0.940924
3e4015d1-01f7-491b-b528-68038239d547,gaussian_blur,s4,1,0.600332,0.748537,0.757108
3e531ca9-030a-483b-87d5-8b028444ff86,fog,s4,0,0.797950,0.885650,0.904868
3e6ac3d2-7729-4c62-bcf0-b5af5d250c5f,shot_noise,s2,2,0.730630,0.820478,0.977335
3e6d9c80-59f8-4022-825b-7dd5fc5eacbd,shot_noise,s5,5,0.549439,0.707586,0.714763
3e7d3873-4a73-4e8e-8b3b-8dd23839ad0b,shot_noise,s5,2,0.666012,0.797934,0.807418
3e8822dd-ba2b-43aa-b065-cf7d08bcfdef,fog,s4,5,0.525920,0.675076,0.733141
3e8e2fd4-10e6-4e4d-b505-12bf386be5b5,gaussian_blur,s5,1,0.173977,0.293307,0.300749
3e8eb084-f91c-4910-a3b8-6aa0ff96bf2d,gaussian_blur,s4,4,0.459086,0.622784,0.646496
3e95906d-a20b-4a1c-8281-a63c8c4914be,fog,s5,1,0.490533,0.650805,0.679371
3ea9471d-1c29-4999-8bcc-eaf1d8fb3d63,clean,s5,3,0.454778,0.607839,0.669540
3ead962c-ca68-4819-b164-ede43ed7b7c1,fog,s4,0,0.655382,0.767552,0.896222
3eb6a137-829a-4303-98f7-a082384ca188,shot_noise,s5,3,0.588241,0.722372,0.806923
3ec94a98-6ff0-4dae-adb3-1057fd0215e2,clean,s5,0,0.793647,0.884772,0.886529
3ecb0a6d-245c-419e-bfb8-6f79ab61672b,fog,s4,0,0.607019,0.753839,0.762042
3edb06e2-3bb3-4ed7-8cb9-14f170d0e405,clean,s5,5,0.480885,0.649283,0.649952
3edb7c12-68d8-4a91-8b86-aec5af229dd9,clean,s4,4,0.277043,0.430122,0.440482
3eeb78b9-b3c8-40ee-8646-858f2f8cd073,fog,s3,5,0.668013,0.766027,0.950308
3eee792c-fba8-4d8d-b36c-07d20c59b018,shot_noise,s4,4,0.658982,0.779579,0.861868
3f0348a3-2470-47d9-bcbc-e8492ed605f7,fog,s4,5,0.489213,0.632250,0.724334
3f096a26-87cd-4a55-a7f8-e6f4d5836d89,clean,s4,4,0.775117,0.863880,0.942619
3f0e4812-da2d-4f68-8ae6-273a8c309c19,shot_noise,s5,1,0.706748,0.826186,0.839659
3f17e04f-3840-4e99-b909-e7e32e05e74f,shot_noise,s5,1,0.269880,0.350548,0.539759
3f2d2029-f2a5-4bcd-9130-d91a95f885dd,fog,s5,4,0.491228,0.597157,0.811904
3f365729-b0af-41dd-8c9a-c5276eeefb41,shot_noise,s5,1,0.720859,0.836696,0.844487
3f465b13-3e84-4513-a995-21fd715e65da,clean,s4,4,0.710298,0.817979,0.900027
3f47af01-6928-4c92-9047-9e09e0e32dfd,gaussian_blur,s4,5,0.410386,0.521865,0.707610
3f5cf72e-4cee-469c-8c56-86f93645df83,gaussian_blur,s4,3,0.581912,0.711157,0.820703
3f6442ab-357a-4b65-b9f4-1381dc0c1e16,fog,s5,2,0.504022,0.663839,0.689253
3f6d1d3a-6c52-4e9a-8b43-dfb0c9f29d01,gaussian_blur,s4,0,0.637065,0.760612,0.852195
3f73ff7a-28de-4350-bf3e-106477e2976f,fog,s5,3,0.485777,0.653133,0.656120
3f7d18e0-ed36-4cb1-bb96-48356e7743f4,fog,s5,3,0.288275,0.447352,0.447872
3f89e518-c55c-4ec1-afce-15ed71645d81,shot_noise,s5,0,0.257899,0.399973,0.426837
3faabf8a-d162-4a96-a145-5f39390d3fce,gaussian_blur,s5,0,0.550600,0.708041,0.717493
3fb98bda-1c2c-40ad-b337-80e03730547e,gaussian_blur,s5,1,0.845415,0.915860,0.920656
3fc59924-1b24-48b1-b369-dc5457042e2b,gaussian_blur,s5,1,0.360211,0.434368,0.698075
3fcb26c0-a7f2-440a-a0f2-e21bbb8a4f1c,fog,s5,0,0.650592,0.784389,0.806517
3fd45d1b-140c-4161-b84d-3a80d31195bd,gaussian_blur,s4,1,0.789663,0.875531,0.938234
3fe75fee-e13b-4fe7-a76f-af25cedbdea2,gaussian_blur,s5,1,0.721280,0.838007,0.838488
3ff17a4e-ce57-4a8d-82b1-84e9f20bd96f,fog,s4,0,0.612222,0.754375,0.780245
3ff1d601-443f-4007-84ca-e9f70bb0e894,gaussian_blur,s5,5,0.503944,0.669882,0.671015
400109e2-1a6a-4914-b583-5740146ffbd2,clean,s5,5,0.773562,0.870068,0.889707
40117d66-8b68-4b13-9372-1d5248790a4f,gaussian_blur,s5,2,0.294486,0.442939,0.476608
40129c8b-7d73-40f0-98d0-d33bd312ba1f,gaussian_blur,s4,2,0.622227,0.742323,0.863387
401897d8-6d3d-4c22-8345-24d5440e2642,gaussian_blur,s5,5,0.496565,0.663603,0.663617
40193e1f-4786-470c-a4fb-20d3efcc1ae1,fog,s4,0,0.817887,0.898129,0.916437
402433c8-7135-435f-a5c9-54d1bbd6a9d8,clean,s5,0,0.680230,0.806563,0.825832
403250f2-a6d6-4ec8-b5e0-3da80798daa4,fog,s5,3,0.277414,0.376679,0.526837
403442b6-c54d-4e77-80cb-27cda31d01f0,shot_noise,s5,2,0.515037,0.661827,0.733346
403c992a-b428-422b-a67d-915d8f90e0de,fog,s5,4,0.478890,0.645329,0.654133
403f35e0-7af5-42e2-905d-98222533590f,gaussian_blur,s3,3,0.483142,0.596755,0.787301
40406ea7-637c-4bfb-af3f-082720810ff3,shot_noise,s4,0,0.565509,0.689225,0.829405
40481066-9a99-4ac4-968e-a37b32f86afe,clean,s3,1,0.835589,0.904653,0.971040
4063a01a-27e8-4fd0-ad25-a639b39def31,fog,s4,4,0.632606,0.745296,0.891447
406e5741-eb74-4ebe-a5e3-80137e4b9482,clean,s5,1,0.364078,0.515127,0.572336
40788921-bd96-4b6c-be40-a51a2a51e9d0,fog,s5,1,0.441922,0.604604,0.634102
4078c2dc-ba29-411b-8f2b-d60ed53cfc40,clean,s4,3,0.501760,0.581974,0.874571
4084322f-d9eb-4c6a-8dc4-fc90c8a0550f,clean,s4,3,0.523379,0.665901,0.750667
408814e9-241b-4355-9e01-cdc696b7d9d7,shot_noise,s4,4,0.660194,0.791045,0.815790
40943261-b5ac-47fb-8dab-43815424751b,shot_noise,s5,0,0.539017,0.700254,0.701189
409e4c59-d097-4f79-be2f-bc3c20bd0592,fog,s3,1,0.341653,0.417279,0.667219
40a7699a-f132-4858-9fe6-baa28f012dba,fog,s4,5,0.579233,0.721873,0.775593
40aefa84-a3df-4a42-aa57-c7328f2b1fb6,clean,s5,1,0.489171,0.633808,0.720222
40b1eb88-9fa0-48b0-bfbc-6b9b04fe190f,fog,s4,1,0.446923,0.584680,0.697397
40be62e6-c607-4bd9-949a-520e7d502076,shot_noise,s4,0,0.485952,0.582385,0.825696
40ca42cd-01ff-4380-a3d4-48beb4d0637e,clean,s5,3,0.652423,0.789656,0.789657
40d8c01d-7232-44a2-bda3-01c8da3de414,gaussian_blur,s4,2,0.823710,0.900972,0.927191
40f36a0a-f713-4cd7-b971-b012e413cd57,shot_noise,s3,5,0.675533,0.773371,0.951868
40fe466f-dd3c-44b9-a371-c729c5be3d2d,clean,s5,2,0.780387,0.875812,0.883387
410453b7-657c-4a59-9b74-bea7ecefa5b7,gaussian_blur,s4,1,0.738103,0.843084,0.889067
411ddf84-9bb0-42e5-becb-67f53a082821,clean,s5,1,0.259413,0.341597,0.518827
4121a877-e845-468f-93f7-399223edc55b,shot_noise,s4,3,0.781005,0.871644,0.919069
412999a0-3a18-4ab6-b087-38782303249e,clean,s5,5,0.643732,0.783059,0.784165
41305e55-06e1-454d-b785-996634477cc8,clean,s4,4,0.837897,0.910117,0.930527
4132635b-84cb-4ef4-943b-b7605a166dad,shot_noise,s4,0,0.732401,0.837793,0.893248
4133bc94-a5cd-46c6-a701-3c326a971874,fog,s5,3,0.708894,0.829573,0.830123
413a4ad8-08f7-417a-b13e-d6ce0c0b8079,clean,s5,3,0.779460,0.875082,0.883920
413a51f1-d3ae-45a0-b37a-92e3e9398f51,shot_noise,s4,5,0.542604,0.652579,0.850032
414d4bd2-3cdb-4a3d-aa2b-1799dec24a23,shot_noise,s4,0,0.558502,0.691650,0.798011
414ecfca-6a5c-4258-80a5-bd9aaa61d44b,clean,s4,4,0.725940,0.832717,0.891988
4152baef-af26-4803-9942-4f74ef011d01,shot_noise,s4,4,0.775428,0.870843,0.894165
415fef9a-5d14-4a91-9c7f-094322849e14,gaussian_blur,s5,5,0.546360,0.706134,0.708361
41627f35-a6f1-417e-81f9-50e281fb5160,gaussian_blur,s5,3,0.678860,0.805658,0.824449
41684386-1a0b-4a2d-af46-4dc59c5337d0,gaussian_blur,s5,5,0.593143,0.739528,0.764168
416c1638-d86c-4da0-8b9b-5d91861eb7b6,shot_noise,s5,4,0.497778,0.660649,0.676592
4172b410-a58c-4095-8202-4adbb91209a1,clean,s4,3,0.834169,0.907369,0.933547
4172f095-0e50-47c1-872f-75295c9b8851,fog,s4,3,0.293855,0.428104,0.499917
417b1766-a823-4c68-a0c4-1f8a3b2d7c91,fog,s5,4,0.529518,0.691032,0.696823
41875968-72de-4379-ab6b-2a12868ba731,fog,s5,5,0.504022,0.663839,0.689253
41910109-b3f9-4d25-b810-11f351f6e6b7,gaussian_blur,s5,2,0.331279,0.417869,0.634795
4191bfe4-9a41-4e59-8a7c-dc251c51eb0c,fog,s3,1,0.354079,0.479264,0.606933
419daff4-a822-416c-aab9-afa7aded3783,gaussian_blur,s1,3,0.483813,0.491773,0.967626
41a394ba-b1f6-4aa8-a43b-27ac211b1e3f,gaussian_blur,s4,4,0.771320,0.861837,0.936485
41b1ce86-6ad5-4fb4-a409-1bd8958babc5,shot_noise,s4,1,0.808880,0.890189,0.932174
41b2d5cb-58fa-4106-b9df-ece985c4fdf4,gaussian_blur,s4,1,0.525249,0.675285,0.730171
41b5d86d-4985-4889-aac0-70a262aec99b,gaussian_blur,s5,5,0.283433,0.428864,0.464120
41bdc4e8-f4b8-4bed-ad9f-b628785a791d,shot_noise,s3,1,0.803098,0.880959,0.973451
41c4eadf-99a5-4782-892d-5188750eb262,fog,s5,0,0.388044,0.550790,0.577675
41c5b99c-1736-432a-9eae-792619d16389,gaussian_blur,s5,5,0.613806,0.759558,0.765419
41ca9c65-53c4-462e-a699-77949b9ceca5,fog,s3,3,0.411530,0.533672,0.689088
41d54452-04c9-4694-9953-882c354b5284,fog,s4,5,0.493236,0.615095,0.778919
41e240f0-f352-4b06-8931-34bb945e18d7,gaussian_blur,s5,3,0.719625,0.836534,0.839536
41edb132-5d8a-4221-a6ec-0cc9afc74bbf,shot_noise,s5,0,0.449472,0.619170,0.622859
41f27e15-7da8-4f7f-b3db-7a5c79892b9d,clean,s5,4,0.683953,0.810860,0.820032
41f3d4b2-52f7-4dc6-b113-537acce7c8ba,clean,s4,3,0.661721,0.777540,0.881337
42079d33-38e5-41a0-b137-2c25686aad22,gaussian_blur,s3,1,0.402894,0.494776,0.731927
422c5cfe-20e7-467b-9605-bb4b24e57e71,shot_noise,s5,0,0.567028,0.700388,0.801502
424204a2-8977-4e79-abb4-6c6d7ecb3030,clean,s4,3,0.531976,0.681754,0.734536
4245c1a5-e2b7-43f6-af24-06d065615e08,clean,s4,4,0.722602,0.832954,0.874955
4246e786-ad38-4518-b6a7-d16442628790,fog,s4,0,0.676363,0.790832,0.883952
424e323e-9652-4717-a083-38f550d0ae13,shot_noise,s5,2,0.411223,0.557935,0.639012
424fa140-6fa9-45a7-9b2e-a30c72edc946,fog,s5,3,0.560349,0.718234,0.718240
425486e6-dbd6-4015-9232-4cf93413e234,gaussian_blur,s3,0,0.628238,0.734496,0.911723
428073e4-6714-40d7-8783-87edbaaa43c1,clean,s4,5,0.436369,0.474513,0.860865
428074c6-1dea-4675-9079-dd32763ef2d4,shot_noise,s4,1,0.721529,0.833688,0.865621
4289f672-bd68-43b0-a195-c5736c1a16f7,shot_noise,s5,3,0.399576,0.482910,0.741344
428cd40d-2d47-4dc1-ad23-51d043e4f220,clean,s5,2,0.495762,0.658155,0.676736
4294c3a9-b53f-4fc3-8e58-41aa91abde64,gaussian_blur,s5,5,0.731842,0.843425,0.856241
42987300-948a-452f-8ecb-f6a2ea4d54d3,fog,s3,1,0.530399,0.644955,0.828896
429fafc5-ae02-498f-98c4-0b4bd3f50e63,clean,s4,3,0.326003,0.484279,0.506112
429ffc4f-3755-4815-8109-e8985111f547,shot_noise,s5,4,0.526110,0.662340,0.769852
42a2ec62-7fb3-4321-afa3-f366eb0c502b,shot_noise,s4,4,0.824186,0.899037,0.949021
42a7c5c3-9c0f-4008-b7f5-06fe8d1837d1,shot_noise,s5,3,0.683335,0.809751,0.823088
42bb7994-a1c0-4181-8284-0be60f2b2d2c,clean,s3,5,0.569697,0.648980,0.944913
42bfe851-7bf8-452c-9561-09956caae58b,shot_noise,s5,3,0.356786,0.504107,0.569931
42c506c2-6ec1-4c42-85e7-da002b0b2920,shot_noise,s5,1,0.514205,0.675244,0.691280
42dd2442-ce0e-407f-a472-dbfee0a1d96e,fog,s4,4,0.737567,0.843504,0.883861
42dff5d5-3b38-4219-811a-043a4d10e34b,shot_noise,s5,4,0.496935,0.659292,0.677569
42e9447a-9111-4c56-8c8a-8e535913f136,shot_noise,s4,1,0.525844,0.647538,0.807595
42f8d3f1-4d9a-4802-9325-cbe7219ee74b,fog,s3,0,0.527478,0.655897,0.791655
42f9ec7a-4439-4914-a0c5-ab33a40beb0c,fog,s4,0,0.673180,0.799593,0.830012
43000559-b628-4958-83da-479fe7624eae,gaussian_blur,s4,0,0.579779,0.723676,0.771363
43127062-039b-4c78-9161-30099e9b578c,shot_noise,s4,3,0.670199,0.774841,0.925551
4320938a-b6e8-43f3-a878-663dbab4df04,clean,s5,4,0.708628,0.828453,0.835399
432ac996-e0f1-4fb1-9c3f-024920cdbab0,fog,s4,2,0.474751,0.641646,0.649957
433a1f86-d61e-48ff-b305-1a22c9476806,clean,s3,1,0.521237,0.613589,0.870812
4345bb45-46f9-4449-b578-9955c72444e9,shot_noise,s4,3,0.646035,0.760418,0.887391
4345f736-e46c-4e77-bb00-0af5f533f970,fog,s2,2,0.409307,0.460161,0.804450
434813f1-cf1d-452b-b730-713e2b244180,shot_noise,s5,4,0.684923,0.808767,0.835147
434d2b3b-9e5d-48c3-9e5b-76b7b0b8fb81,shot_noise,s3,2,0.598333,0.682315,0.957651
434fbf07-4209-4f17-b4b0-ee2f3e50aa96,gaussian_blur,s3,2,0.481460,0.531750,0.902473
4356326c-965d-42f9-af83-dc98f14e5bd1,gaussian_blur,s4,2,0.511897,0.628738,0.807579
4358f76c-ba3b-4da5-a1a7-7629b2315e0b,shot_noise,s4,2,0.465853,0.594153,0.737749
435d070c-8eb5-4528-87b2-6645143fe453,fog,s5,3,0.632427,0.760762,0.833637
436e1a47-ef4b-4d8b-99fd-ead1db8c163d,shot_noise,s5,5,0.464701,0.632052,0.641280
436fc148-6b54-4586-9389-dc8913df19c3,clean,s4,0,0.757244,0.856723,0.897667
438098d8-ac15-4915-8c01-431a01a622fc,fog,s3,0,0.699062,0.801175,0.932044
438e1fb3-a213-4b87-8773-7814846da6a7,clean,s4,0,0.715871,0.828849,0.866910
43905040-15c5-493e-b9c2-f232d8450c04,fog,s1,4,0.493779,0.496870,0.987558
4395b306-bbe4-4853-8b8b-4cc4bfaec553,fog,s4,1,0.757750,0.855632,0.907552
43b18749-10fb-425f-9908-635c5462d4dd,shot_noise,s4,4,0.420356,0.583695,0.611616
43b3d3bb-53ae-4d12-8c7a-fb100a3000b6,fog,s4,5,0.582501,0.717852,0.801128
43d0d64d-b7e0-4077-9346-c8537eed16b9,gaussian_blur,s4,0,0.794420,0.884148,0.896535
43d22c43-7260-4b6e-b801-8e0586f2b11d,clean,s5,4,0.497681,0.662288,0.671456
43d7877f-86f0-4d33-81ad-b237e0563325,clean,s4,3,0.681854,0.787320,0.921407
43d7b723-cb62-4332-af06-c479c14e59a9,shot_noise,s4,2,0.546259,0.664410,0.832144
43d8151a-99e1-4433-ba8b-377a9a6185d2,shot_noise,s3,5,0.456751,0.477398,0.913502
43da561f-2287-41c9-aa5b-5e82ae7171d8,fog,s3,4,0.563985,0.659105,0.903411
43e07d65-5c4a-44ee-9439-90fa205d1a88,gaussian_blur,s4,4,0.566417,0.689670,0.831249
43e1f87e-7828-482e-9e80-5904c66d50e1,shot_noise,s4,4,0.615070,0.741458,0.839813
43e3583b-7bdd-4ba5-b40a-a9f2f1b1ff35,gaussian_blur,s5,3,0.386124,0.557028,0.557355
43e7cba9-8413-472b-9410-f5066eb4ef7d,clean,s4,4,0.500368,0.580530,0.873120
43ebbd13-1f23-455d-808e-3351560f998b,fog,s4,0,0.277043,0.430122,0.440482
43ef490c-e72e-4a20-a792-9bdd07b8e19c,gaussian_blur,s4,4,0.461013,0.515079,0.870318
4405570f-afc2-46b0-aa08-4aeecace8256,gaussian_blur,s5,3,0.584272,0.735328,0.746139
4408cfe8-7ea4-4216-80b8-8200f1b6c623,gaussian_blur,s4,1,0.665211,0.795337,0.816610
440eaaff-acae-4473-8642-47b46b9200db,shot_noise,s5,0,0.806120,0.891800,0.900548
44151001-b915-481b-a56b-3875a41818c6,clean,s4,1,0.603519,0.732931,0.826927
441d52a9-0fc4-4908-9950-1a6d9998be77,fog,s3,5,0.650341,0.764272,0.889337
442930b5-8f59-4e61-918a-a8d18b547c38,clean,s5,5,0.711248,0.828388,0.848011
442a84ba-7801-456b-93bd-c9883b7522a9,shot_noise,s5,0,0.663521,0.797483,0.798955
4432a339-c000-48f5-90ce-3caf4eaccb80,gaussian_blur,s5,1,0.529099,0.691157,0.694901
443d311f-47c9-4a6a-86a2-b76828c446ab,fog,s4,5,0.546442,0.695571,0.743293
443f3246-b281-42db-ae7f-4a6e800569e9,gaussian_blur,s3,1,0.569956,0.694960,0.828096
4447f0dd-a30a-42a9-8626-31f0a919f6e7,fog,s4,2,0.566257,0.690724,0.827658
444916eb-8029-452a-93fa-82952152293b,shot_noise,s5,0,0.676773,0.807231,0.807244
444b5657-57a6-4528-b26f-a734cf649489,fog,s2,3,0.411337,0.451445,0.822550
444b8294-ab23-4540-ac05-d3bcbfb3bbc7,fog,s5,5,0.512097,0.668524,0.703910
447772a7-23f5-4ab0-ba7c-081c875e1d60,shot_noise,s3,1,0.521023,0.604515,0.888846
4479016b-8c33-41bd-8394-1c0f231c5aa3,fog,s2,0,0.642222,0.732783,0.966837
44915c98-c264-4657-9206-26317e120d2d,fog,s4,3,0.567669,0.721578,0.733712
4491ca6f-cc18-4ad8-8f24-2f516c2f7bad,shot_noise,s4,2,0.543750,0.697435,0.727648
449878af-6337-4d75-9d5d-f6106bd7a8dc,fog,s4,3,0.724657,0.832943,0.884681
44a10589-a11f-4dc3-add6-cc9625dc672d,shot_noise,s2,3,0.670505,0.761559,0.975536
44a3c1c9-5528-486f-ba23-b823425a24f2,gaussian_blur,s5,1,0.243939,0.380435,0.411200
44b74349-af84-40dd-a1cb-a9aed6d34d23,fog,s3,5,0.582897,0.668574,0.941428
44c46284-4c23-4d00-ba20-574a63cf3ae9,gaussian_blur,s4,1,0.521267,0.612253,0.873712
44cf98a2-b1da-4e2e-8fab-77dea183e326,shot_noise,s4,2,0.677414,0.790805,0.888395
44e2a06e-ca5d-48f0-8b45-2920166b2342,fog,s4,4,0.572616,0.711470,0.786336
44e99dd4-e62b-44d8-a4cf-c80136f5a874,shot_noise,s4,4,0.651234,0.774490,0.852171
44eba138-f1e2-47ca-b4df-4dad5f9d68ed,fog,s4,3,0.435655,0.565556,0.702090
44ee920a-4785-4a6f-b620-577931ce8b07,shot_noise,s5,5,0.753045,0.856461,0.877707
44f23107-04c9-42a4-b096-593406d26dfa,clean,s4,4,0.725124,0.828560,0.911259
45019191-7d8f-41bd-a9d5-09ec2f4807d4,fog,s4,3,0.394796,0.463749,0.756960
45032c11-e92d-4e2b-84d5-c4ef73213b04,gaussian_blur,s5,4,0.513886,0.678600,0.679820
450a4ad8-8529-43fe-9584-972cf2513648,clean,s4,2,0.869699,0.929360,0.943744
451301c2-2001-4413-a769-36b6c2e11ad2,fog,s5,0,0.544949,0.702654,0.714891
451e4370-7d0f-439f-b03a-b02afa762948,gaussian_blur,s5,0,0.575503,0.730494,0.730823
45212bb0-36c6-47e6-b413-811a9bcd92ab,gaussian_blur,s4,5,0.532353,0.693867,0.697922
4534221f-7ef5-4333-b203-2b1ff335529d,shot_noise,s5,1,0.304979,0.439990,0.516368
453bafb8-fba1-4e4a-9020-df328b7e12ba,gaussian_blur,s4,4,0.267181,0.397010,0.462629
4540763b-5a5d-47e9-87c9-16cf9baea652,clean,s3,4,0.561620,0.666909,0.876505
4544e297-4f3f-492f-b1dd-4134082b7ea1,shot_noise,s4,5,0.293814,0.444544,0.471536
455078e7-30bf-4281-92c7-1937503ef471,fog,s3,0,0.830102,0.901057,0.968896
45798a73-bd05-4efa-8953-5a027f4dbdfd,gaussian_blur,s4,0,0.414399,0.531792,0.701690
457c5b45-e6a1-4102-8fc4-45d668400792,shot_noise,s5,4,0.296514,0.434101,0.498576
457e0876-6d36-4641-9b9f-ce34ffdf8717,clean,s5,5,0.373316,0.526987,0.578942
4581ca4d-ac45-4400-99ba-35685d26fd8b,gaussian_blur,s5,2,0.766960,0.866714,0.878603
4586bd1a-95a7-4b6c-8091-a266117e977a,gaussian_blur,s5,0,0.370926,0.442748,0.717685
45878cb7-e698-427e-abe8-b1cda925edea,clean,s4,2,0.758634,0.860225,0.880843
4589a360-4b92-4598-b262-4b287f383fb5,clean,s4,0,0.514377,0.667553,0.714736
458e7012-d45c-43b9-bc2a-599311083106,clean,s5,2,0.734864,0.847028,0.848114
45948fcb-a7b6-4876-acaf-eba7c7ab033d,shot_noise,s3,2,0.458012,0.508089,0.872583
45a2aeb4-99c9-4a73-929d-ff583f594e77,clean,s5,4,0.426091,0.596688,0.599739
45a3f305-08a9-49c8-b944-6a328fabe666,gaussian_blur,s5,5,0.582300,0.730984,0.754725
45a489b2-cc72-4a87-adb6-c002d9d930d1,fog,s4,4,0.464437,0.613474,0.688133
45ad3a20-89e0-4c58-9423-77b04ed2216f,fog,s4,5,0.781605,0.869189,0.940318
45caf268-7cfd-4d06-8214-121375c34cf9,shot_noise,s4,4,0.765560,0.857119,0.937872
45cd02f5-91a9-47b7-aa78-ca915e351519,shot_noise,s5,2,0.604311,0.753357,0.753369
45d70524-9676-487b-bc99-42a3f04ea9c7,fog,s2,2,0.505956,0.592158,0.867560
45d8cb82-8609-408e-a4c6-396276df7609,clean,s3,1,0.576114,0.686518,0.873133
45e97fe2-590c-4ca1-867a-8fe6a49ac63b,fog,s4,4,0.391447,0.544617,0.602241
45ea6ff5-c68b-4298-a9a7-46d9c8a0062b,gaussian_blur,s4,1,0.496187,0.588850,0.844272
45eb7d9e-d2ff-45dc-97c6-6500248dd929,shot_noise,s5,2,0.734879,0.847100,0.847717
45ef84fa-a50e-42d0-bfa1-e2eece824275,gaussian_blur,s4,2,0.470944,0.628449,0.672304
45fcc635-869d-4cb9-9a1c-3550aaf0ce02,gaussian_blur,s4,5,0.402075,0.503226,0.715088
4603775e-4362-47d3-b8cb-bc50c682b53e,clean,s3,4,0.385147,0.488307,0.688619
462cdc05-013c-4ce0-a57b-c910cc1a16d8,fog,s5,0,0.680862,0.809688,0.812480
46319d8a-19af-4888-b94e-2e181ebe8a42,gaussian_blur,s5,3,0.419087,0.575908,0.625389
4633c005-fba7-45d2-abbf-288cf9a4ec1d,fog,s4,2,0.712152,0.824993,0.871225
46388a12-ae01-4b1f-9a4c-426dab491fa6,clean,s4,4,0.535823,0.690965,0.719776
463ddd51-2354-4a47-8444-a7cdc13ccecb,gaussian_blur,s5,5,0.547847,0.705821,0.714891
46429a33-1896-4c4a-8041-9d0504d3e39f,clean,s3,5,0.384115,0.487368,0.687029
46537155-bbe9-4e06-9905-16b7e7fd06da,gaussian_blur,s4,4,0.693115,0.814713,0.840511
465f8a20-449f-48ca-b55b-5bc8eaf0edf5,gaussian_blur,s4,5,0.479604,0.641453,0.667347
46704582-e8c6-4e3f-a3d1-c30b45404542,clean,s4,5,0.565522,0.710753,0.762983
4670cbb5-5bae-4a03-b971-7f1775d38d23,clean,s3,0,0.582112,0.662747,0.952678
467987a6-b920-4a59-a3ea-4dee702244b5,fog,s4,4,0.621542,0.740468,0.867317
4679a48c-8628-4ac7-adc4-59e0868256b9,clean,s4,3,0.544759,0.691968,0.748581
46824f75-b05b-4f98-a2cc-70cecb6f8d38,gaussian_blur,s2,4,0.450760,0.474105,0.901520
469146d7-6994-4a19-9574-b3420cfbc5cc,shot_noise,s4,1,0.620400,0.741986,0.857790
46a66839-ee7b-4643-a47f-9f2e641b6d92,fog,s5,5,0.679475,0.796359,0.871970
46a95566-b268-41af-8f74-2a89aacff307,gaussian_blur,s3,2,0.542495,0.618651,0.925633
46aaf0dc-927d-45e9-81b2-44ddde22b905,gaussian_blur,s4,3,0.592164,0.732218,0.787279
46aea28b-69a1-4f46-b8b3-93a68e9cf5b3,clean,s5,0,0.523537,0.681098,0.706606
46b1c918-e660-4817-8816-777bf93a5ac3,gaussian_blur,s4,1,0.748093,0.850053,0.894867
46cff82f-b026-4e97-980b-d4270d4bf45c,gaussian_blur,s4,5,0.568071,0.708968,0.778078
46d35286-2c5c-438e-8473-dc50e132afd7,clean,s5,3,0.661098,0.795413,0.798736
46db6be7-5c19-4413-96d4-7b1145107e75,shot_noise,s5,4,0.714439,0.833155,0.835132
46e4e583-9ab1-4215-97d8-ef92211c8b17,clean,s4,3,0.747143,0.849464,0.893867
46e8a8db-9273-48f4-ac14-bacdb947d1fa,clean,s5,1,0.652206,0.781893,0.824363
46ef337e-cd69-4bdf-97d7-0b63a3edf103,shot_noise,s4,5,0.613077,0.734533,0.856571
46f10e68-9574-4d5a-ac4c-7abf9a1fac6a,clean,s5,3,0.485116,0.649258,0.664840
46f4632a-4f1c-4667-ae9e-eb322ab7a7eb,shot_noise,s5,1,0.458798,0.627441,0.633213
46f487c6-bd34-4600-8702-6f2af39de5e7,gaussian_blur,s4,2,0.248472,0.394882,0.403264
46f55163-43d7-4047-b6ee-eb7cfc3ab5c5,fog,s5,5,0.589526,0.739050,0.752164
46f80284-200e-4b10-99c2-e3fea716d0d0,fog,s4,4,0.676374,0.796095,0.860179
47073203-b624-45f5-9243-c9d0e27b322c,shot_noise,s5,2,0.513158,0.665509,0.716384
471c39c3-f2c6-4685-a574-9cd42a770d00,clean,s4,2,0.811517,0.892743,0.925877
471f4951-9b2c-447e-a511-1e36c938078d,shot_noise,s5,4,0.778503,0.875458,0.875465
471fc1c3-9aa0-4aa1-9502-789f6c2193d0,gaussian_blur,s5,3,0.577066,0.731731,0.732160
47233113-ea0c-48b3-b95a-813e19c7cd4a,fog,s4,4,0.673896,0.797803,0.841681
4728c0e7-36ca-4333-82d4-4df37db5ad6f,shot_noise,s4,4,0.792526,0.880450,0.916096
4734d571-5471-4b79-a643-4168ae6dfff8,gaussian_blur,s5,4,0.783410,0.878549,0.878586
473a0eae-ab12-45bd-a9ee-0d102727d269,gaussian_blur,s5,3,0.599210,0.749279,0.749796
4741ae76-d118-4e20-bbf6-94da331336b8,gaussian_blur,s5,4,0.752139,0.857622,0.864973
474c6659-0cd9-497c-a923-f3f189f6238d,gaussian_blur,s4,4,0.642855,0.780759,0.791036
47524e9e-870a-4731-9a18-8298eb199ca7,fog,s5,1,0.739923,0.850499,0.850688
4753f34e-8513-4fdf-a3eb-9dc065308d8d,fog,s5,4,0.525512,0.683232,0.707061
47563cbb-21bc-4b6c-a18e-545f2768c06a,fog,s3,2,0.581836,0.660779,0.956349
475a6ae1-4505-4bbc-b9fe-889d7ed4dfe0,clean,s5,1,0.724942,0.839437,0.847413
475b74d7-ec50-48bf-92b7-861e07e0c581,gaussian_blur,s2,3,0.468195,0.483575,0.936389
4760b176-09e1-43dc-b409-178de93e68d2,fog,s5,2,0.320763,0.466615,0.521550
47755cbb-ddd3-430e-a224-c4cd73aa86bf,fog,s5,5,0.450410,0.620983,0.621333
478a59b5-d0d3-4a88-9b8d-2490589e132f,shot_noise,s5,1,0.563543,0.717526,0.732635
478fd697-3cb5-431a-8be1-ed0c702090f9,fog,s5,4,0.722661,0.839002,0.839024
47903a47-5b3e-4ae3-a4b7-d22e30f45538,clean,s5,2,0.689321,0.815417,0.819755
47abb130-81f6-4021-a0b5-5fa37afffc5e,shot_noise,s5,5,0.456654,0.522076,0.846512
47b02bb8-f04f-4501-b237-84e70a7c16d9,shot_noise,s3,3,0.527773,0.627813,0.860421
47bba80d-54db-490b-8b97-1120c7a6f4a4,clean,s5,3,0.644773,0.784007,0.784117
47c52ad2-b854-40e4-8fc1-cc159fc3c777,shot_noise,s4,5,0.716875,0.826866,0.882607
47f28021-b923-4c0e-ad25-6c4bbb79ec41,shot_noise,s5,1,0.708986,0.819359,0.887045
47f8da94-9bfc-4f30-b8ee-e583828db714,gaussian_blur,s5,2,0.498725,0.657138,0.690016
4804fadf-8b58-423c-b8b9-05800c2718c2,fog,s4,3,0.519519,0.670304,0.724710
480d5d0a-28c7-41e4-92c6-3018234c85d6,gaussian_blur,s5,1,0.562962,0.719185,0.724631
4810e1f1-d76e-4235-b860-e462813bc46c,fog,s4,4,0.773358,0.866085,0.917826
481ac74b-4335-426f-b17a-40a028cb3832,shot_noise,s5,2,0.683217,0.811335,0.814261
482a2f88-4c23-44c2-aed2-3faf956a1c12,clean,s5,4,0.369156,0.441366,0.714459
484668c0-eac9-406f-8f45-9d393b84251a,shot_noise,s3,1,0.484534,0.559854,0.863893
48480d98-34f1-438a-90e3-f5ab216bc017,shot_noise,s5,2,0.389974,0.559103,0.565707
484c42ad-b2b2-4742-b87f-c864ef676759,gaussian_blur,s4,1,0.835035,0.908330,0.929435
4850f0ac-16d1-43b1-ba27-1cbca3810ac8,clean,s4,1,0.402246,0.513091,0.698229
485184ac-f4b5-4c2c-ad7f-e37120063cfe,clean,s5,3,0.583831,0.737198,0.737393
4854dc39-d477-4cfd-986f-23e6eee86ffe,clean,s5,5,0.602061,0.749521,0.759941
4862a470-8fc3-4192-8efb-de998e84b4fa,gaussian_blur,s3,1,0.643642,0.753968,0.901965
4871b0e5-0e89-4f4a-999d-831e98565d52,clean,s1,1,0.496532,0.498260,0.993065
488b49f3-149b-4df1-85bd-19ae63c2316e,gaussian_blur,s5,3,0.544778,0.705315,0.705317
488c34f8-de21-4e43-a5e2-1510952128b2,clean,s5,1,0.719717,0.836890,0.837802
488d19bf-6bb0-46c2-80de-e97739f62c50,shot_noise,s5,4,0.750088,0.857180,0.857345
48a2de34-c5c5-46e0-9fc8-3f081e475ffe,fog,s5,2,0.727702,0.839718,0.859084
48b29cc6-8bd5-4fe3-a66a-e66f56bc6102,gaussian_blur,s4,3,0.782984,0.872801,0.921399
48b4a4d4-1d6f-45af-b293-73e285b81c90,clean,s5,0,0.747886,0.855660,0.856458
48c13523-62ee-4f71-8923-210dab08a8ce,shot_noise,s5,1,0.754470,0.860026,0.860256
48c2270d-5b78-4a09-aea5-f6b9c2b913e7,clean,s3,4,0.362180,0.487022,0.618987
48c452fe-3f94-43ae-9cd0-466d80f7d59a,clean,s4,0,0.387328,0.487036,0.697461
48c7e541-da5f-4907-b47e-ee18d06ecda8,fog,s4,3,0.719130,0.831232,0.868551
48c88ce9-cde8-469d-b1a3-bbb0c606867f,shot_noise,s3,1,0.527326,0.652994,0.798671
48e42c76-62a6-49ae-a246-2fb550ef5eb0,fog,s5,1,0.567810,0.715924,0.753946
48ed1e16-1952-459f-94a2-4b618e707982,shot_noise,s5,4,0.752535,0.858780,0.858907
48ef5967-b52d-4f34-be1c-f17dd7e11867,shot_noise,s5,5,0.702481,0.825108,0.826021
490a5b23-8592-45b2-bd5c-dc53e07e3bb0,clean,s4,1,0.504414,0.614495,0.816059
490d9430-bb48-4b4a-a72d-e4ea928b83f3,gaussian_blur,s4,2,0.451922,0.588161,0.705931
491a0b15-7823-4cee-8f36-0da65f778424,gaussian_blur,s4,5,0.580405,0.732684,0.741301
49231cd3-2231-4e33-a766-ff8b2fd16b6e,shot_noise,s5,5,0.642299,0.769734,0.836311
49273c75-358f-4c96-870b-047556fdbc31,shot_noise,s2,3,0.460574,0.479478,0.921147
492933bb-e67b-47ff-9fd9-5fcbeb54337f,fog,s5,1,0.531846,0.684651,0.725253
49385284-375b-4d27-8c18-365efd090d28,fog,s5,1,0.609791,0.753372,0.774757
49463d61-8515-4e17-9910-32c86954df3a,clean,s2,1,0.490823,0.495369,0.981646
494828ec-fd3f-40ca-842c-cc66dea3e98b,clean,s5,3,0.682816,0.810123,0.818853
494e5b96-3f0b-46ae-9e70-40efe6b515f2,fog,s5,3,0.678357,0.807840,0.811059
4961b2bb-3e0f-4333-9e58-5c502802c234,clean,s4,3,0.697498,0.807506,0.896030
4965aa34-60bd-4f48-920a-680f29e694d7,gaussian_blur,s5,3,0.531044,0.691861,0.699676
49723400-3e86-48c3-9580-a1a7b9bc6e48,shot_noise,s4,1,0.470092,0.532592,0.868352
4976f6e2-6c6e-43c7-ad99-492d01c70a28,clean,s3,0,0.731750,0.829020,0.939140
49ab0455-b04f-4d78-b33a-d2b57a41a765,clean,s3,0,0.583414,0.679521,0.915969
49b1969c-e168-42a8-892d-06ef9e7ff154,gaussian_blur,s5,1,0.533023,0.694882,0.697045
49c28b27-90f0-436b-ba49-6380375b0c52,clean,s4,4,0.302442,0.457712,0.476800
49d1124d-4016-4647-95c5-fa1b17c330ff,gaussian_blur,s5,4,0.659051,0.794469,0.794599
49d2d1bc-ba40-48a2-8667-fcee57ff0759,clean,s5,5,0.456802,0.607360,0.677483
49eb12d6-5bb2-4ea1-9c39-2a111021712f,gaussian_blur,s3,2,0.690539,0.786514,0.959491
4a00975d-9dab-4e42-b2de-e3a23ae94ff3,shot_noise,s4,1,0.653209,0.784310,0.817685
4a0a473d-48ea-4178-b2e0-6cf66c11e142,shot_noise,s5,1,0.507786,0.662599,0.706012
4a129602-02e8-4cc7-8acf-a8a5f1131e14,gaussian_blur,s3,1,0.610683,0.729195,0.865734
4a1f6636-38f0-4078-99ac-72dfa9f2d91f,gaussian_blur,s5,0,0.564272,0.714785,0.744817
4a258938-2aaf-4b85-9397-ae8f91caede0,shot_noise,s5,0,0.491872,0.659393,0.659429
4a2c7a88-8edf-41d3-bffe-ebf62909b4ab,shot_noise,s3,2,0.548188,0.672450,0.817210
4a37cafe-34ee-4d73-8354-27e402ec1529,shot_noise,s5,5,0.793359,0.883834,0.892864
4a38aef9-8464-4eaf-ac59-3ef0a70ff2d2,shot_noise,s5,0,0.647099,0.784683,0.790674
4a3bfb09-529d-42a0-9f80-d69d222bc4b7,fog,s4,1,0.630017,0.738905,0.903676
4a3e4fa3-82f9-4444-bf5b-6f5aa7917311,clean,s4,5,0.650815,0.764837,0.889003
4a483248-8c01-477b-8baa-324a1893f555,gaussian_blur,s4,0,0.604786,0.736473,0.819205
4a4feca4-b650-40b9-97bd-31c339cce2d1,clean,s4,3,0.666010,0.794827,0.822432
4a62a45c-ee54-47cf-9bc3-e32176707826,shot_noise,s4,3,0.634580,0.774667,0.784329
4a6d9439-2060-456f-a588-fb1af6e3135e,clean,s4,0,0.565139,0.699610,0.797221
4a7f4127-29af-4c9b-a975-389aae8a66fd,clean,s4,3,0.268738,0.419624,0.430533
4a95c4ba-e0f4-4f2b-a29e-e5557fe434ad,fog,s4,5,0.654159,0.780972,0.836373
4a9f7e81-b049-4b77-8500-0be3bda0798d,clean,s5,5,0.761552,0.863561,0.872525
4aabae9b-2b2c-464f-a119-fe8a0b58bef7,clean,s5,5,0.385715,0.553140,0.564670
4aad2fa8-ec77-4c66-8724-a0f8225c066d,fog,s4,2,0.725180,0.827123,0.919237
4ab8dfdc-fca5-4031-a578-198a6f489efa,clean,s4,3,0.614637,0.737265,0.852933
4ac003dc-9846-4473-9836-49a69d7c37bb,shot_noise,s4,5,0.587978,0.699281,0.877728
4ac31593-ca67-4b1a-ae19-4afcbdf59d90,gaussian_blur,s4,4,0.374047,0.522329,0.590747
4ac678d9-3ff8-4fab-9ca8-4b97b5bcfde5,gaussian_blur,s5,5,0.492292,0.657534,0.666336
4acda502-e4f2-46ed-afc4-7ef88c602e0c,gaussian_blur,s2,0,0.642222,0.732783,0.966837
4ad833e9-8a67-44b9-b5db-28acaff0ae9f,shot_noise,s5,0,0.632226,0.774679,0.774683
4adc336b-3e4f-48aa-bf1d-b314e8a90afb,gaussian_blur,s2,4,0.301853,0.389349,0.585532
4ae0c874-34dc-4616-8b7d-a80e64d3d615,clean,s5,0,0.584842,0.736394,0.744304
4af06e9c-c7d3-4bf7-b223-1647af131830,gaussian_blur,s5,5,0.412433,0.573412,0.608832
4b076729-8470-4422-819b-0183cf1dce80,fog,s4,2,0.512486,0.636189,0.791701
4b089a3d-197b-4ae9-852d-598b9ae82da4,shot_noise,s4,5,0.636768,0.776109,0.786880
4b1154a3-53cd-4571-afcf-94c0285ed385,clean,s4,1,0.630980,0.734312,0.922156
4b165272-e297-4762-8ea8-4826cea4a018,gaussian_blur,s5,4,0.681484,0.810053,0.813317
4b18b36d-1947-4b3f-a420-6f97c98b6752,gaussian_blur,s3,5,0.553529,0.631359,0.933013
4b1b791d-1af5-4f74-9fd2-0e9b84e36d90,fog,s2,2,0.490280,0.495092,0.980560
4b1ec2bf-2b62-4b39-8c2a-d8869dc24518,clean,s5,4,0.482094,0.650554,0.650570
4b2c9ba6-e779-4de6-8fbc-73ffc78266c5,gaussian_blur,s3,5,0.372249,0.499003,0.629435
4b36b156-95ce-4b12-9bbc-3496833f7243,fog,s5,4,0.474003,0.635060,0.665323
4b3c57b0-944a-471f-b5d6-2a39326777c5,gaussian_blur,s4,2,0.734962,0.844513,0.864757
4b42696e-cecd-403d-a858-6e6cb0a98df5,fog,s5,0,0.836926,0.910598,0.918234
4b4d6682-8adb-40fd-99f7-233f4ea8eaac,clean,s5,3,0.742617,0.851484,0.857802
4b4e1fd3-ff2a-4f5c-bbdf-7e752010a186,clean,s4,5,0.289611,0.443370,0.459520
4b5de195-0dcc-4b61-a0f3-a817aa6364a6,clean,s5,2,0.565439,0.719903,0.731328
4b5eb901-e8fb-4b2a-82ca-1a05ea270742,gaussian_blur,s3,3,0.590711,0.708820,0.859056
4b5f0124-3f09-4a1c-a0e3-ad7909cf270c,gaussian_blur,s5,1,0.616930,0.757224,0.787243
4b627368-57d8-4cc8-98e1-16139e55131a,shot_noise,s3,0,0.538434,0.612560,0.925604
4b690f4b-d6ec-4355-b31c-2d0de2092d50,shot_noise,s4,0,0.277686,0.434603,0.434789
4b6e3eb5-e71e-4e80-8130-bbda2c4abc4e,shot_noise,s5,1,0.500293,0.666689,0.667643
4b728f92-b5a0-4556-a9bb-da442088c173,gaussian_blur,s5,5,0.649216,0.785603,0.795229
4b8c02aa-eb77-48a5-abcb-3b0ead2f876f,shot_noise,s4,4,0.632265,0.765024,0.815925
4b925cf3-d99f-4c70-a817-495ed1abd574,shot_noise,s5,1,0.427292,0.588812,0.622904
4ba45467-6ae8-42e3-a920-ab0bff1b3ddd,clean,s5,4,0.482717,0.651090,0.651227
4ba84e7f-b564-486f-8609-f87fd819b090,gaussian_blur,s4,5,0.742758,0.849248,0.873263
4baca1fc-9d58-4017-8231-4dd190cb86c4,gaussian_blur,s5,4,0.550575,0.709460,0.712553
4bb014b8-f5ae-4be0-ad93-65abc12dab70,clean,s3,0,0.473301,0.580209,0.790901
4bb3a11b-b3d5-4ef9-93d1-3155727d2746,shot_noise,s5,0,0.288311,0.367897,0.573640
4bbd58de-9994-4d31-8f91-2d0be9130731,clean,s5,1,0.647099,0.784683,0.790674
4bc2cab0-713d-4ac4-9a3c-e510d033ff62,fog,s5,2,0.680038,0.808664,0.814186
4bc66067-eb6c-40e8-ace8-8f4c55acb04f,gaussian_blur,s4,2,0.683262,0.802458,0.859276
4bdd2d12-0f8f-4deb-b953-2825746bc393,shot_noise,s3,1,0.717511,0.817018,0.936664
4bdf4e17-d0e7-422f-9fb8-d1991938af92,fog,s4,1,0.456083,0.623999,0.632976
4be0f37c-19f0-4612-9400-3bf87233a64e,gaussian_blur,s5,2,0.438617,0.607537,0.615481
4c00db2d-ac59-4ddf-8ca4-eeb4e267ec9b,gaussian_blur,s5,3,0.516273,0.680975,0.680981
4c023630-d999-45aa-9947-6aa02797ef19,fog,s3,5,0.586436,0.685750,0.909760
4c0db28f-b73d-4431-8012-c07c48813be6,shot_noise,s5,4,0.307066,0.468880,0.471691
4c107bb5-e454-435d-98da-df85397474cc,gaussian_blur,s3,5,0.396066,0.514441,0.676479
4c2a77dd-2a07-4942-8126-f6b14bc35536,shot_noise,s4,1,0.577005,0.704717,0.823399
4c30e3a2-f63d-440c-bd72-db1e19fcd051,gaussian_blur,s4,4,0.444634,0.526072,0.804400
4c5dcbcc-6308-4179-8c46-350531346d94,clean,s3,1,0.468072,0.483510,0.936144
4c653fce-72b3-4609-8a3e-d296050073c2,gaussian_blur,s3,0,0.541319,0.645115,0.863856
4c6bd27c-d7a7-4038-a9ad-50a9c6c5a1d3,clean,s4,3,0.714035,0.828782,0.858746
4c6fd6d0-c493-4d03-b7fe-7e9d5284a6de,fog,s4,5,0.576790,0.727963,0.744968
4c757719-1bdb-4bd8-97af-c5c7698f1e84,fog,s3,2,0.473034,0.595554,0.757736
4c777dbd-dc7e-464d-9db0-e8761c34590a,gaussian_blur,s5,5,0.528232,0.689630,0.696672
4c7f5ec9-e02f-429f-a437-f7c0a6a22881,fog,s4,0,0.567258,0.700192,0.802919
4c83ed29-6d38-4294-a940-50fefd78e3e6,shot_noise,s4,3,0.251237,0.399088,0.405730
4c843bc9-6fd6-4552-baea-2a83710f1ef1,shot_noise,s5,0,0.725309,0.839952,0.846006
4c88472b-cea1-43e5-8fbe-dded348e4482,fog,s3,3,0.434184,0.533460,0.759849
4c8d4699-bd7a-4fef-b834-58420318156f,gaussian_blur,s5,0,0.639651,0.780168,0.780501
4ca7d6e6-238d-42e9-9376-19c622c7575f,shot_noise,s4,3,0.570962,0.674363,0.888216
4ca9421f-9cbb-4a38-a0e2-70b94f53f046,clean,s5,2,0.513021,0.677387,0.680480
4caa3d7b-941f-4227-a7be-7d8928da33f8,clean,s5,4,0.650830,0.787890,0.791312
4cab1b7c-696a-4adf-97cb-e7ce7d3c37fc,gaussian_blur,s4,4,0.699651,0.808303,0.901456
4cb7e66e-f95d-4332-9000-5060efb207b6,clean,s4,4,0.414145,0.533363,0.697915
4cc617c3-5dd4-473b-a64b-7b53d8824a3a,clean,s5,2,0.768637,0.866860,0.886656
4cc90324-6564-4776-9b5c-e8d625f4c5fe,clean,s5,3,0.504640,0.667370,0.681024
4cd411b6-f789-4b1b-80ec-83818bbe6d18,gaussian_blur,s3,0,0.575124,0.693163,0.851157
4cd9e27e-a01c-4805-986d-6a0bded91e5e,clean,s4,0,0.517616,0.681133,0.685313
4ce348e6-7fd3-4155-967f-22d1a2b7e473,gaussian_blur,s4,1,0.442654,0.509163,0.826574
4cec5d6a-c23f-4b2a-9d42-292a70c7a0e5,fog,s4,3,0.562447,0.703545,0.775314
4cedbc46-d191-46a2-8b7a-379d785efa7c,fog,s5,5,0.352983,0.505191,0.555321
4cfa9eb1-338c-4a58-a5ae-c25c78febf9a,fog,s5,3,0.750833,0.855169,0.875072
4cfcc56c-fe5e-4a3e-a816-7be0dd7ca51d,fog,s5,0,0.527351,0.687222,0.701163
4d09d385-707e-4e27-b32b-f7da3f5d5aa9,clean,s5,5,0.502370,0.661038,0.691582
4d22271c-18b1-4696-a16b-e4235e1be476,clean,s4,3,0.584379,0.716824,0.811311
4d235ce5-6486-4942-8c01-401e13689422,shot_noise,s4,5,0.523191,0.644925,0.805371
4d300909-0f89-4fd5-9539-087215cb1be3,fog,s4,3,0.483135,0.570627,0.839867
4d368dac-d994-49ca-98e7-82a4c0daef6d,gaussian_blur,s5,1,0.584576,0.737761,0.738104
4d3c6338-cea2-4bf0-9f5a-34de566ccc95,clean,s5,2,0.708628,0.828453,0.835399
4d4c4f54-3814-47e5-b80b-aa788b8cad98,clean,s5,5,0.694787,0.818336,0.828578
4d4d6fa8-c5d3-4e70-8229-b43cadc2255e,clean,s5,3,0.466714,0.617318,0.686290
4d57d03c-87ee-452b-8178-91d3c4f18b40,shot_noise,s4,4,0.774816,0.867444,0.915964
4d5c66ac-c8a7-4fe4-83af-d1a6d9dcc7e7,clean,s2,4,0.562087,0.622485,0.977072
4d5c6c14-cf47-45d8-971e-1f2de2306365,fog,s5,2,0.460538,0.598424,0.710869
4d65488d-81b9-4a96-bc03-7d37d9fcfca8,clean,s5,1,0.500144,0.666763,0.666891
4d66677d-c177-4d3e-9784-37c75ef15107,fog,s3,1,0.594457,0.715443,0.851822
4d6f4b7d-5dc7-49a0-ab8e-14f2f11b808a,shot_noise,s5,2,0.522463,0.678579,0.710482
4da7c0cc-dc7f-45f4-9183-a0b022e91544,clean,s4,5,0.760870,0.854663,0.929803
4dc0022c-67ac-44e8-a9f4-0edbd19ed90d,clean,s5,2,0.497529,0.664042,0.665730
4dc0b2c5-a2c2-42c6-977d-0a097e0af622,clean,s3,5,0.543102,0.632606,0.897988
4dcebb01-1aee-494f-8695-edd45cafcacc,gaussian_blur,s4,4,0.620085,0.740912,0.860384
4dd9f3df-b099-4817-9605-6816973cd8e9,clean,s5,0,0.678847,0.800449,0.850084
4dde0302-98cf-49c2-983e-e5ca2110a441,fog,s4,2,0.737102,0.837176,0.919168
4de3b763-2914-46d9-a3a3-a2bc8f4b7efd,clean,s4,5,0.589789,0.740223,0.748699
4de40c30-a5a4-414f-bea9-614628321186,fog,s5,5,0.404630,0.572866,0.583796
4de95b2b-962d-49dc-9921-d3b419295609,clean,s4,0,0.766288,0.865263,0.885637
4de9c64e-a556-4d2b-8d37-df2b937bc412,shot_noise,s4,4,0.750934,0.850103,0.908784
4df4c23f-ec5f-480c-940b-e1875925d96d,fog,s4,5,0.370577,0.492694,0.635509
4dff366f-a24c-4584-9200-839dc8d8b47c,shot_noise,s1,2,0.493782,0.496871,0.987564
4e05e3c8-cdfb-43de-a6e8-94fe2b5ddaa0,clean,s4,2,0.511352,0.630410,0.801877
4e11c539-4a53-4216-8e5d-af2f39df187b,gaussian_blur,s5,1,0.467794,0.632910,0.649674
4e1fe76f-dc4f-4220-9325-e04ec33b02df,fog,s4,2,0.571076,0.689286,0.848324
4e21cecf-cd36-4639-a36a-eff80dd74621,gaussian_blur,s4,0,0.262814,0.413666,0.420619
4e2c5b3c-6bc2-40dc-93e8-fe1c3220e456,clean,s5,4,0.508887,0.674517,0.674528
4e32aa2f-4d4a-48e3-9bc0-401d37fc7748,shot_noise,s5,0,0.707123,0.828435,0.828458
4e3dc15b-c946-4fc3-8359-706ef1d35a22,shot_noise,s4,4,0.642440,0.769052,0.839660
4e426ceb-7288-493a-9999-a397adc5c667,clean,s5,5,0.641259,0.780739,0.784542
4e45cd8e-af00-4a80-994b-3a5c9b358924,shot_noise,s5,2,0.453955,0.618411,0.640248
4e4f2e31-b951-428c-8a8d-179a376e9905,fog,s3,5,0.479468,0.563175,0.842721
4e4fd403-1f9e-464c-99ce-2d5aca5e4459,gaussian_blur,s5,4,0.703504,0.819394,0.862245
4e539b50-d1d1-4816-a653-1e2d7bc6301a,shot_noise,s4,0,0.453189,0.544064,0.798419
4e53ad90-7a2d-47d2-bce4-fcd9df9545f1,gaussian_blur,s5,5,0.776171,0.871825,0.890811
4e67922c-f7d5-433f-a20c-7648a06f5161,clean,s5,2,0.370778,0.446058,0.712323
4e6b4215-927b-4f85-adba-769bf8a8b92d,shot_noise,s4,1,0.766386,0.863007,0.902331
4e708e7d-70b0-4261-a987-d5856c14082f,gaussian_blur,s5,5,0.464060,0.594051,0.732187
4e741448-81d3-4fb7-8923-5190425554c0,shot_noise,s5,0,0.561138,0.717426,0.724037
4e757727-4400-43fb-9f75-e9f74bf88a09,fog,s4,4,0.278773,0.400567,0.495112
4e775b92-0ba9-4a78-ae86-52584626375d,clean,s3,4,0.495172,0.561061,0.893147
4e8897bb-bda8-4741-aaa7-b3be43e9ed84,fog,s4,1,0.443494,0.563832,0.730576
4e962e86-7b60-4e11-b636-91782c0e6256,clean,s5,1,0.509693,0.669157,0.693576
4e984cb7-fb50-4130-9f4f-18709224b047,clean,s3,2,0.639723,0.739058,0.938261
4e98b921-0ad3-4499-b190-170b96725f28,clean,s4,1,0.535677,0.685853,0.735173
4ea0d93e-8b19-4984-8c51-e5ef5bf21122,shot_noise,s4,3,0.741518,0.839375,0.927541
4ea6a3df-d6a8-44e7-b034-a39852767eed,fog,s4,0,0.687595,0.797127,0.902395
4eaead16-1368-45de-896e-2c6f8001495e,shot_noise,s5,2,0.471545,0.536217,0.866565
4eb22f20-ac6c-4441-8317-8f3056867126,fog,s3,0,0.599520,0.696094,0.925765
4eb3e514-967c-4e74-8588-2ce78ccce371,fog,s4,5,0.369535,0.524933,0.570632
4eda89b8-1bdf-4a74-84d1-8553f96c8d4b,fog,s4,5,0.342076,0.498853,0.531559
4ee0203c-a2af-467c-a152-8a8ac9fe2c9e,fog,s5,1,0.714112,0.833211,0.833240
4ee5a31e-c87e-419c-a6dc-44ce7e101fa5,shot_noise,s5,0,0.727882,0.841165,0.851003
4ef2c09b-2925-4f98-8960-c930b3c733ba,shot_noise,s4,3,0.589640,0.730096,0.785417
4ef75188-690e-4058-8088-7ef3a34191c4,gaussian_blur,s5,2,0.417326,0.565574,0.642568
4f0aa7fb-d044-479b-b568-0db91c85edcb,clean,s4,3,0.855357,0.920897,0.936491
4f191a9b-c396-4fbe-b11d-bb445a74b223,gaussian_blur,s5,1,0.525247,0.662389,0.766779
4f1d882a-cf0c-4316-a415-108adea7dd25,clean,s4,3,0.790923,0.877621,0.929319
4f2de9be-81a1-4fde-87c4-c07f3511d100,clean,s4,2,0.635745,0.756564,0.862559
4f3d9fcb-08e4-4a29-b460-041f25b14368,gaussian_blur,s5,4,0.464078,0.611261,0.692323
4f435bf6-03be-416c-8818-3426a5d2835a,clean,s5,2,0.725294,0.837064,0.863568
4f4609c0-afcf-4046-9881-e236cc5c38b4,fog,s4,4,0.767267,0.858718,0.936192
4f46697f-7a7f-4254-9113-65a55fd41096,fog,s4,2,0.719794,0.830077,0.878224
4f469012-492e-4472-b116-c7955a1ccdec,shot_noise,s4,2,0.734727,0.834794,0.921456
4f4c0ec7-0fbe-4583-84f2-0c13c71884e7,gaussian_blur,s5,4,0.457765,0.628037,0.628037
4f5a4dec-14d9-461b-bd41-513c9c0ffe6a,fog,s1,2,0.486184,0.492995,0.972369
4f5d70dc-c23b-4ebc-90df-71e647658599,shot_noise,s4,0,0.686422,0.810696,0.831814
4f64a3fd-6218-4296-9e3f-4ee612f182f5,shot_noise,s4,3,0.656944,0.774306,0.875604
4f6b108b-5abf-49b4-b713-15b65c0f5779,fog,s2,4,0.504837,0.584075,0.879829
4f75e5ab-3d2f-438e-a2fb-3762c6133bec,shot_noise,s5,4,0.756600,0.860567,0.867676
4f782869-393e-4654-83f8-bdc5a99ae960,clean,s5,4,0.500402,0.666560,0.668414
4f7db6f8-f0d7-48a4-8fdf-4ecc7adcfe8a,fog,s5,1,0.397439,0.568780,0.568880
4f804f7e-e65b-4fb4-9327-d6aacd7e94b8,gaussian_blur,s5,3,0.588249,0.740750,0.740757
4f8a7237-79d9-4c71-b904-093634fdbc73,fog,s4,3,0.612908,0.727270,0.880027
4f8f741e-ce4e-4b2e-a3bd-40d0fcd0d3f8,shot_noise,s5,4,0.628558,0.771698,0.772888
4fad92a8-fcae-46d7-963d-bf539d132033,gaussian_blur,s5,0,0.251372,0.399667,0.405232
4faf098f-1033-46aa-b0ba-e8cbedd0575b,fog,s4,4,0.254978,0.398089,0.420064
4fb01d04-d84f-4e24-af6d-c2a9fe3b969a,clean,s5,2,0.741524,0.851140,0.854545
4fb306c5-ac5a-46ab-8652-29242871f7a7,clean,s4,2,0.802033,0.884678,0.937526
4fb61b35-9a61-4390-b312-f57f58e862f3,clean,s3,3,0.486218,0.617850,0.749688
4fca4d3e-c12a-488f-9114-d160ac5f7208,fog,s4,4,0.537595,0.670076,0.787748
4fcaf606-8e84-4918-8ac1-38c8c4677def,gaussian_blur,s3,1,0.525785,0.635696,0.836064
4fd17d10-c6ac-459a-a9c5-8e0fec670ab9,shot_noise,s5,2,0.715695,0.834117,0.835345
4fd4feeb-0c07-499b-ae3f-f36cee1dc1c1,gaussian_blur,s5,3,0.467506,0.620736,0.680408
4fd7ce9b-1c09-4033-b35b-a088e8cb6e97,clean,s5,4,0.715825,0.830274,0.858571
4fd8bce0-024a-47df-a1f4-119262fd7581,fog,s5,2,0.503370,0.668034,0.674539
4ff356f1-a11f-4ad7-b1c6-8850dd8be90d,fog,s5,4,0.346828,0.461905,0.613755
4ff9d2b5-a96c-4eb1-ad1b-236c6cd3180d,clean,s5,5,0.691860,0.810908,0.854680
4ffa0c53-e1b3-46fa-a98b-33a5cd7528e7,fog,s5,1,0.467040,0.630178,0.654374
501598cd-84a8-40d0-b667-050f0131e5f0,fog,s4,4,0.626088,0.745260,0.867387
502490aa-d964-4521-9c39-0f25caeda9ba,fog,s5,4,0.325878,0.473285,0.526272
5048ac81-818b-41e6-b542-451396c4f0d0,clean,s3,3,0.388148,0.491035,0.693221
5049c760-3588-41b5-b7b6-300ef60f460e,shot_noise,s5,5,0.621930,0.766338,0.769311
504d72d6-ffaf-4774-8deb-efeb7652f9f8,clean,s4,1,0.650544,0.772591,0.857261
5082e603-090b-4662-b46d-45fb21b76ee4,shot_noise,s3,0,0.556458,0.680138,0.824120
5089139b-de4f-41eb-861b-a84152635c7f,gaussian_blur,s4,3,0.569046,0.702351,0.802573
508c44c6-f8e5-462a-97b3-256e9c26a293,shot_noise,s3,2,0.459560,0.478928,0.919120
5098b728-5e97-4527-a798-35c6def27df6,gaussian_blur,s4,5,0.769617,0.864216,0.911025
50a36aa2-d0cd-4e58-96cb-c00697deaaac,gaussian_blur,s4,2,0.573996,0.724134,0.748250
50aa766d-c414-44d0-9293-6be29586f070,shot_noise,s2,0,0.489600,0.494745,0.979200
50b0646e-a6b9-4fc1-ab03-f07828e17079,gaussian_blur,s4,3,0.479812,0.607699,0.752421
50b0b6ff-d1f1-4438-8fdb-5b6501114639,clean,s4,1,0.229843,0.355766,0.401732
50c15d5e-c26e-4ae1-95e5-bfa49694c285,fog,s4,0,0.707964,0.820923,0.874203
50d9f3a3-d40c-462a-8229-a4855663c486,fog,s4,1,0.724457,0.826647,0.918480
50ffbeb6-0d49-431c-a51e-1608beb90003,shot_noise,s4,3,0.759594,0.855153,0.920133
5112b830-0feb-4435-a6ed-25b188b58728,gaussian_blur,s3,3,0.472856,0.533360,0.875109
511587ee-c166-4660-ba4f-204875e29497,fog,s4,3,0.583747,0.720869,0.795579
5118851b-3282-43f6-a2e1-2938ff589fdf,shot_noise,s5,0,0.657392,0.792839,0.795434
51219eee-31c8-464c-b70d-8f204ecf2b12,clean,s5,1,0.709353,0.829401,0.833285
51241e3e-fcc9-4333-aaf9-893f97f62623,gaussian_blur,s4,3,0.516932,0.659633,0.745941
5124a991-5f78-4f21-86cb-8ae23d19b543,fog,s4,5,0.295536,0.453639,0.460993
512c5a15-cd25-407e-a192-2664f61bb843,clean,s4,5,0.520673,0.627275,0.839109
512c69bc-655e-4dae-9792-828221969c10,clean,s4,5,0.581322,0.697563,0.859796
5136e8a4-c726-46a1-8485-194864200b6c,clean,s5,3,0.370926,0.442748,0.717685
513aa308-e321-4918-b418-25d58ef9153f,gaussian_blur,s4,3,0.447541,0.544975,0.779594
513e949a-c1ff-4b26-8e97-6357bfa2481a,shot_noise,s5,1,0.480710,0.615650,0.736837
513f1996-522d-443a-874c-065840e3b38e,gaussian_blur,s5,1,0.615457,0.757715,0.779483
515a7c08-ef2e-4e1a-9156-240bf0b4acb1,fog,s5,5,0.554144,0.712698,0.714578
51612f5a-1621-4ef5-8df2-e8d7f6374b9f,gaussian_blur,s5,3,0.545222,0.690643,0.754322
5163c1f5-6b25-4986-91b4-6c85e4e87bc3,gaussian_blur,s5,0,0.819937,0.901054,0.901128
5167df10-e430-4a88-b3fb-254c66836aff,fog,s4,4,0.354449,0.521555,0.527211
51812816-59b9-4a58-8bce-6e5b8d527d0a,fog,s4,1,0.525516,0.685072,0.701339
518c0b60-7618-4882-ab5e-80fbd68a1b08,gaussian_blur,s4,5,0.703068,0.808404,0.915653
5191c97b-455d-42ec-8a23-9d3035796b48,gaussian_blur,s5,2,0.276316,0.429994,0.438245
5191f1b7-f588-47a9-91e3-d6402645a42f,fog,s2,4,0.386405,0.444009,0.761399
51a6dbae-c506-4066-9122-1fdcef2941f9,clean,s4,3,0.552318,0.688010,0.787230
51a84b33-c93d-49d6-a01d-0f6e72e9125d,shot_noise,s4,3,0.448773,0.569689,0.735328
51a8e2d7-de99-4a85-b23a-9df65f3a5958,fog,s4,1,0.458397,0.609394,0.677883
51b8f979-0e32-4ed6-9a95-e003c00fbdfd,shot_noise,s5,4,0.595155,0.745657,0.748352
51ba97f6-34e2-47e5-a9f1-bef1c70b552c,shot_noise,s5,0,0.349095,0.490371,0.570806
51d30cd2-0acb-4403-a08b-ccc68fa51132,shot_noise,s5,3,0.456883,0.581805,0.735771
51f52f70-5a21-4403-855b-64ab7ea4a26f,fog,s4,0,0.476435,0.639856,0.660737
51f89096-8407-44e3-9048-f66e60d78bb5,fog,s5,4,0.650667,0.787692,0.791557
51fe6ddc-dbb9-4301-a59c-5448323ad376,gaussian_blur,s3,2,0.446338,0.550475,0.765627
520b0587-cd47-493f-bd46-8600e10842ff,shot_noise,s4,1,0.470141,0.541862,0.852895
5229cbdf-82a0-42fb-b9b0-4191bdfb1120,fog,s4,2,0.585477,0.710641,0.835003
5237c7fc-7f7f-46c2-8570-9fd317b3626c,shot_noise,s4,5,0.462206,0.598146,0.716955
523e8b03-75a8-4b8d-992b-b9afabb5e75e,shot_noise,s4,5,0.218446,0.357402,0.360373
523ea487-a60a-4556-ac1c-9fc51fa9d226,shot_noise,s4,4,0.636249,0.764148,0.835120
52415c26-56d4-4bb7-b925-c20857e0bb3c,fog,s5,4,0.497862,0.664561,0.665369
524442d3-e225-4093-aa95-d2c0cd01bab7,clean,s3,0,0.396724,0.498842,0.706229
52461c4f-b61b-4256-9648-5dbdff9bda34,clean,s3,2,0.575124,0.693163,0.851157
5272147d-3d0e-4656-941d-20773572f184,fog,s3,5,0.377043,0.465884,0.700627
527af82c-2ba7-4413-8ea6-e34a3ceae9da,shot_noise,s5,0,0.480750,0.649333,0.649333
52a525fe-ca84-4de0-a6b7-59e01a341771,fog,s4,2,0.664338,0.788017,0.846928
52abe2c7-d31c-4434-9aeb-d6227185c36f,clean,s5,5,0.497842,0.650912,0.704373
52bb3453-72cd-4915-9182-45ef12e3f0b7,shot_noise,s4,2,0.843403,0.914109,0.926009
52c21a5b-1cd2-474a-8b06-0c7280a5e69d,fog,s4,1,0.581672,0.712934,0.814176
52ccac4d-a647-46a6-87a0-4c81f686a631,clean,s5,2,0.788889,0.881040,0.889955
52cdbcc1-eb0f-4299-af41-ae6476ea447c,gaussian_blur,s4,3,0.728582,0.834990,0.891417
52db8ce3-2d80-45ac-ba5a-16297273bbb8,gaussian_blur,s4,1,0.455899,0.545234,0.804491
52dd8146-cd0a-4d55-8508-db60fa0bd6cc,gaussian_blur,s4,5,0.412243,0.451900,0.824485
52def008-3403-4077-bde4-8056daf11e02,fog,s4,2,0.761527,0.854098,0.936747
52e6e8d2-8053-4eca-b4f9-9124bbebdb88,gaussian_blur,s4,3,0.581540,0.729153,0.758512
52f20445-72cd-4e20-910c-13bd3cc6ef84,fog,s5,0,0.705370,0.827113,0.827934
52f6c665-426a-45ce-aa7f-428f5cfe655c,gaussian_blur,s4,2,0.648916,0.763311,0.887515
52f7c21d-1c90-4917-8ece-2e79097b3eb4,clean,s3,2,0.436586,0.530312,0.772811
5306dec6-2ba5-4400-ba09-5de10389ad30,gaussian_blur,s5,3,0.569130,0.721870,0.738128
530f06bd-3d21-4cd6-9669-0bb12407e268,clean,s5,3,0.779699,0.876188,0.876430
531851c4-5b4e-4e1e-bcd9-93b1aee2dd3c,shot_noise,s5,1,0.540376,0.701563,0.701792
531b18b0-4f35-47f2-add5-8df25f709c72,shot_noise,s5,2,0.193391,0.306891,0.348939
53249140-a534-4b56-90c5-585d37e489a4,fog,s4,3,0.739721,0.841543,0.906227
5330c78c-e26b-484f-bcfc-f375de445e32,clean,s5,1,0.659247,0.793725,0.799039
533b1f23-245f-4353-9391-47f4bc61d1b9,shot_noise,s3,5,0.404528,0.526435,0.680770
533e3e11-1f40-40a4-a2b9-e782247d2cbf,shot_noise,s5,5,0.221427,0.360038,0.366528
533f7421-2fd0-4534-9bff-d2ab579f87a3,fog,s4,2,0.317727,0.480836,0.484928
53472f19-5749-45e7-afd2-ec9157b5c726,fog,s4,2,0.629611,0.753066,0.852277
53478748-daa3-45fc-996b-588d23dee5dc,fog,s5,0,0.560004,0.717322,0.720181
535d3f91-62fd-4dc9-80c8-1a69a440b5d1,fog,s5,2,0.585558,0.738552,0.738853
53753ec7-29df-4339-a6e3-a75d4aef5940,gaussian_blur,s4,3,0.825735,0.900223,0.947928
538bdcfb-47fa-4a26-8fb8-ede22024ef72,shot_noise,s5,0,0.405459,0.576879,0.577211
5390a2db-99ea-4376-a91f-a5afe7854de2,clean,s5,4,0.165894,0.249165,0.331744
53a4902a-0cd6-46af-98e1-5164ba13f208,shot_noise,s4,2,0.659163,0.792623,0.803976
53abb0c1-9d4c-4aff-aead-2ac3e9baaece,gaussian_blur,s2,0,0.562087,0.622485,0.977072
53b29515-f5fd-4cbb-95ea-c06ab4354f74,clean,s5,3,0.340087,0.476918,0.566139
53b91f82-7167-463b-a981-b429a2603f4c,fog,s5,3,0.322691,0.451546,0.554271
53b9a5ef-e10e-4bb6-b81a-7ee7c94e219b,fog,s4,3,0.769140,0.867270,0.886365
53cbe2cd-6af5-4148-b898-1978cc49bfb6,clean,s5,0,0.804064,0.890653,0.898144
53d95e60-2050-49de-b1ab-36c0243dfcc8,clean,s4,5,0.681698,0.803469,0.847648
53dbd7ef-0178-412b-86a4-1754f9ac2edb,shot_noise,s4,5,0.764076,0.856738,0.932741
53edaf91-bfce-41a6-8b00-1822ded5c0ad,shot_noise,s4,4,0.218771,0.358825,0.359280
53f3518c-8610-4876-a896-638d3c2f42ce,fog,s2,5,0.399461,0.444112,0.798923
53f3cbe1-2f51-4466-bda1-dbdebfd67a3d,clean,s4,0,0.493340,0.651437,0.687355
53f423d2-57cb-402e-83f0-3fc0b33973a1,clean,s5,4,0.565976,0.711167,0.763260
54016c01-323a-4ed8-a00d-f53231cc99d6,shot_noise,s4,0,0.708302,0.819942,0.880922
54021361-edc5-4f42-8b93-5327a8e03fd7,gaussian_blur,s5,5,0.693510,0.818499,0.821895
54107aa1-524d-4e78-ad44-c302f052de97,clean,s5,2,0.396920,0.556847,0.594075
5418b0e0-31bf-474c-94f4-d65035b3ac0a,gaussian_blur,s5,0,0.712729,0.831771,0.835255
542916e9-9c61-42ae-af96-c9e1001cb40f,fog,s4,2,0.782603,0.874792,0.904030
542b07aa-bad4-4830-8408-ca7aa3a59556,clean,s4,1,0.531976,0.681754,0.734536
5435944c-45b1-4b6c-b892-220fe0883219,gaussian_blur,s5,2,0.568879,0.707575,0.785493
54382334-b3f6-4f0e-b938-c734439e3b74,shot_noise,s3,1,0.481804,0.614313,0.743582
5452d3c5-4633-4558-a436-87c8573a1b28,fog,s2,2,0.486619,0.493219,0.973237
5458487c-4c30-4d73-a597-a8f890d96f1c,fog,s4,4,0.618051,0.751061,0.815701
54603e55-d7d7-4c84-ba26-a4eb33d4990f,clean,s5,0,0.611262,0.756110,0.769509
5460fb11-c7ad-4935-a3ed-1801b9f43113,gaussian_blur,s3,3,0.206269,0.333420,0.354859
5462fadc-49bb-4dff-9e2b-44dddc4ad4b2,fog,s4,3,0.583100,0.711669,0.823317
5468f6be-26ac-49f3-a92d-1aa203eb4201,shot_noise,s4,2,0.789020,0.879241,0.905495
546ad9a1-3e89-4377-bd1b-80340d390cf7,shot_noise,s5,2,0.687634,0.814477,0.817237
54829739-f26f-4363-967f-6865456efd21,fog,s4,2,0.412243,0.451900,0.824485
548ba5dd-076c-4236-85aa-cad356c9a0b9,clean,s5,3,0.664274,0.797882,0.800216
5496eba5-ae6b-4b0a-bd7f-e5b40035d741,clean,s4,1,0.633976,0.756425,0.856320
54980b60-d717-4501-9f13-501806edb455,clean,s4,5,0.840444,0.911979,0.928375
54ad6d5b-c982-4672-9dfd-b1eec2e1a276,shot_noise,s5,0,0.662261,0.787536,0.840512
54af7dbf-44ed-4bd1-93ed-a0a88d02a86f,shot_noise,s5,3,0.397932,0.519453,0.673077
54afa3ea-7cac-4d7d-b1e7-9d2d9f16de27,clean,s3,2,0.555187,0.663622,0.863692
54b6adfb-fe08-458e-8fa1-b386db5253a1,shot_noise,s4,0,0.756364,0.855819,0.899184
54cdef2d-e803-4358-8ee3-ef6564db77b5,clean,s5,3,0.405459,0.576879,0.577211
54d752d1-1f10-4159-896f-dcb498ece4db,fog,s4,5,0.531617,0.666442,0.777381
54d8affc-1fd9-4ad2-99df-14313ff5dc1d,gaussian_blur,s3,4,0.521092,0.596351,0.905157
54d9f22c-e921-484e-a3de-c1e05a34fca6,gaussian_blur,s4,4,0.396950,0.508095,0.690720
54e6890f-6909-4245-8a60-27ba2b34d40d,shot_noise,s4,5,0.701638,0.821146,0.844319
54e6e706-1d78-41cc-a7b2-e32d1b7ac19c,gaussian_blur,s4,1,0.640216,0.763107,0.854699
54f2b7cf-10df-4c92-b273-b50944a4154c,shot_noise,s4,0,0.781053,0.869392,0.935850
550253d4-c8dc-41ec-9aa6-033debc01bba,gaussian_blur,s4,3,0.390920,0.493072,0.698277
5508d65b-9e64-44dd-b759-299c5a115f6e,clean,s5,4,0.686549,0.812909,0.820765
5530836b-0503-4296-86ea-a769610a5749,fog,s2,1,0.316273,0.409182,0.601369
5535e134-3759-4e92-98a7-b180825666a2,clean,s5,1,0.810837,0.894711,0.903395
55361d3d-b7df-4d08-a344-e4caabbe210c,clean,s4,4,0.732811,0.837789,0.895228
5538919c-8c02-4a44-af84-b72c5292cc87,shot_noise,s2,5,0.619328,0.711604,0.949790
553e2aec-34c9-4c31-852e-d424f137b318,shot_noise,s5,3,0.302000,0.376559,0.604000
5543060d-b173-4b9a-8e32-877488aef19c,shot_noise,s5,1,0.647870,0.773607,0.842432
55486178-4583-4e6e-bc45-6f7634432ef9,fog,s4,2,0.502909,0.665429,0.680661
554dcd8d-a183-4dc3-9b26-9c25f897264a,clean,s5,3,0.750890,0.857723,0.857731
5565c4af-22be-4b20-bffe-d846bb97caed,gaussian_blur,s5,1,0.535672,0.694586,0.707632
557002ab-1ddd-4c5d-9b2f-ac09fd21aa7c,shot_noise,s5,1,0.238464,0.322919,0.476928
5570040b-e140-4571-9ec0-514c5f3b04c8,shot_noise,s3,1,0.665622,0.762218,0.954975
55711fea-3a6e-46ba-8ac8-5f174cc308eb,gaussian_blur,s5,4,0.588565,0.735624,0.761344
5572f4c6-ad18-46f0-b71c-d8d9a6f593db,shot_noise,s4,4,0.456404,0.592373,0.711099
5578766b-62c8-4436-ac67-e2fec61b48f9,shot_noise,s1,4,0.486091,0.492947,0.972182
5580e793-dcff-4808-9b5e-4c401b3649fe,gaussian_blur,s4,1,0.545580,0.676823,0.796229
5581cde0-8fe8-4068-bbbc-cde37c4e3e1a,shot_noise,s3,4,0.770414,0.858581,0.953336
558c803a-0936-478c-9cdd-aeaf8742861d,shot_noise,s5,2,0.559311,0.715750,0.723125
5593c7ec-2cda-4233-84b0-abd1736b92eb,gaussian_blur,s2,2,0.564271,0.632283,0.963936
5595b68a-08e1-4633-ad3f-9041002bfa4d,shot_noise,s4,4,0.617536,0.748859,0.822054
55975eb8-5e68-4c8f-8018-21e1590687f1,clean,s5,0,0.811740,0.895267,0.903938
55a5c7ec-dd47-4f5c-b24c-7639e673d218,clean,s5,3,0.256039,0.338659,0.512078
55ad5106-e4c8-47e7-aaed-abd1ec458a94,gaussian_blur,s5,5,0.725893,0.840294,0.846727
55b523e9-102b-4e37-bbfe-09510c9116a5,clean,s4,0,0.743209,0.846442,0.893387
55ba4ba8-4076-4096-b2cb-7648ede149be,fog,s5,2,0.147950,0.228366,0.295861
55c70bbf-ac7c-4191-b9ae-4d6a24dc52d7,shot_noise,s5,5,0.358851,0.518365,0.548523
55d1a841-8e03-4ca4-8585-fbd1f09f1ada,shot_noise,s3,4,0.718068,0.815462,0.946667
55d795e2-f57e-42bc-ae9b-d44797e5c356,fog,s4,1,0.342127,0.501333,0.526864
55eace5a-fca8-4dd0-a125-af2714e4e719,clean,s4,2,0.739196,0.838793,0.919829
55fd1c6c-bd5c-4ce9-8b5f-05a50818cd2b,fog,s4,5,0.192879,0.323003,0.323947
55ff7f11-90b2-49d0-8fdb-cf9a207404e3,clean,s4,1,0.732401,0.837793,0.893248
56026999-7813-4fe3-8509-39055361a0fc,clean,s4,4,0.637065,0.760612,0.852195
5602902e-e4e9-4f85-a1bf-5892563b5a00,gaussian_blur,s4,3,0.439728,0.467931,0.879455
560a6db8-1cdf-47b2-8a20-b9faf8531cdf,shot_noise,s3,5,0.538648,0.597274,0.955627
5616a6ab-4e46-4dad-8672-40f4ff1a4393,clean,s5,1,0.552298,0.710470,0.715445
56172649-82e9-4454-91ad-861f63189cb8,gaussian_blur,s5,3,0.667324,0.799172,0.806955
56176cf8-c526-42a2-b8ca-5608157a9f87,shot_noise,s4,3,0.632517,0.766122,0.812420
5618b026-f709-40e5-a8d1-03dbec987117,fog,s4,4,0.605454,0.740338,0.807808
56400551-149d-41f7-b640-d7ddb06713e7,clean,s5,5,0.567937,0.719737,0.741213
56467a53-4691-489d-a2dc-f4a3700c8c3f,gaussian_blur,s3,4,0.462845,0.480706,0.925691
5647c990-13c0-4314-87c2-ecc7dda8f1bc,fog,s5,3,0.541786,0.693904,0.731877
564aac0e-2586-44b7-b4d3-2e7010aba618,gaussian_blur,s5,2,0.670899,0.800942,0.813579
564e44ec-8a53-48c3-b6a8-b46c128c0bb0,shot_noise,s5,4,0.509045,0.660352,0.716778
5652be49-96c4-45c0-a05d-2d0cc0472473,shot_noise,s5,4,0.395087,0.565925,0.567485
5662badf-b089-4652-a0cd-d92436d190b1,clean,s4,2,0.724642,0.835017,0.872596
5665c8ec-19bb-4665-86ea-8bf464e9efc0,clean,s4,2,0.783796,0.876646,0.896223
5674a3cc-47bd-4d0d-9b92-6cf58683d94d,clean,s5,1,0.709906,0.829379,0.836006
567e1ae9-ad0a-4ed6-abad-cee7be8979a3,clean,s5,3,0.535551,0.695270,0.704971
5686c867-ef9f-4e3a-bcfb-af1ae142425d,shot_noise,s3,1,0.661776,0.767107,0.922542
569fd777-acf4-4444-9687-c62ee922ecfc,clean,s4,1,0.737778,0.845329,0.873521
56ac6aff-fb82-4768-9097-6013aba85dd2,gaussian_blur,s3,5,0.587295,0.668047,0.956736
56ba632f-bdf1-4af4-88a1-8f39604cc9eb,gaussian_blur,s4,1,0.448557,0.601715,0.663508
56c5f010-7950-4245-95fa-556a0ef97de0,shot_noise,s4,0,0.642404,0.764949,0.855976
56d00b1a-6af5-44e6-89dd-765fe4413ecb,shot_noise,s5,1,0.672907,0.800501,0.824401
56d7056d-4347-48dc-9a9b-6a7c72d5c306,clean,s4,5,0.764679,0.858033,0.927339
56e0e438-2d64-414e-9e60-d2da903e1831,fog,s5,1,0.617128,0.761527,0.770422
56e156f3-9e4d-47cc-8477-56864b656a96,clean,s5,3,0.587823,0.726929,0.789796
56e45e35-bb95-4385-8434-fd30cacde214,shot_noise,s5,3,0.595021,0.745892,0.746907
56e7af76-5edf-4e07-8b83-ff607a1d1311,shot_noise,s4,0,0.521459,0.677441,0.710371
56f1ebe4-1a34-4e5e-9c20-08fcb975b679,fog,s5,1,0.680164,0.807911,0.818640
56f541d5-993a-4686-9f6d-70c73515ba2a,clean,s5,0,0.506774,0.638792,0.766427
56f7fcac-bb1a-44d0-9f51-46b0dcb5efaa,fog,s5,5,0.659489,0.794575,0.795952
56fe8acc-da77-447f-84df-cfd14e57a5bf,fog,s5,4,0.795215,0.885221,0.892085
5701e58b-7d40-4e93-83c8-b380b5b84b95,fog,s4,3,0.624801,0.758604,0.812475
5715fe13-a6b1-4007-8b9b-4e1226141c02,fog,s3,4,0.185684,0.287705,0.349016
571782f4-5d68-40cf-988a-fa6b2a99577d,gaussian_blur,s4,0,0.815261,0.895180,0.927328
571b02d6-e8f8-4947-9c24-ec23084b20e1,gaussian_blur,s4,0,0.597858,0.735192,0.797915
571cf1f9-f882-4919-b364-848347cd57ca,clean,s4,0,0.533602,0.657426,0.808133
572938cf-5169-423e-82f6-cf979b1c4680,clean,s5,1,0.649067,0.787179,0.787259
5737812c-78d4-4754-b6b8-3cf1034ea3ee,gaussian_blur,s4,4,0.744933,0.841640,0.930768
573b02f4-2463-490c-a18e-08ad66d59433,clean,s3,4,0.359712,0.418410,0.719423
57517c16-3c40-42f9-9543-65f8054a282e,gaussian_blur,s5,1,0.662171,0.786569,0.844479
5754c1fe-dd73-4a9d-b169-5cdf09c6cba5,shot_noise,s4,4,0.597615,0.723814,0.836192
57593e8a-2c63-463e-8188-e706d0203e5d,clean,s5,4,0.753513,0.859404,0.859637
576d9b35-f454-4a84-a83c-c67a5a516720,gaussian_blur,s4,1,0.522663,0.678295,0.712053
57714c17-a946-4642-84c2-ea6b495f0ef1,shot_noise,s5,3,0.611778,0.759016,0.759627
57900ea9-708b-4abf-8311-025d355cc77e,clean,s4,3,0.786013,0.872704,0.938976
579219bf-7d3c-46d4-9e56-23db5230fb62,gaussian_blur,s5,0,0.508879,0.668387,0.692987
5792452a-790c-4792-8717-3d3367d736fc,fog,s5,2,0.530621,0.693313,0.693429
57941863-ef8a-4868-9934-1f96b8aec8bb,clean,s5,5,0.669720,0.795195,0.836368
5794b56e-52f4-4eee-b0af-263d32e92b0b,fog,s5,3,0.608501,0.755971,0.759211
57971252-309d-4015-b6fc-7fc83f88bb31,fog,s4,0,0.475675,0.638874,0.660789
579a5d30-828f-49c3-8448-7a95ab30dafb,shot_noise,s4,4,0.481124,0.591050,0.793029
579c3184-6138-4816-b3f9-b89ac6787acf,fog,s4,2,0.691162,0.812956,0.841040
57ae82e4-fafb-4058-918a-126fffcc4467,gaussian_blur,s4,3,0.565369,0.716646,0.742460
57b8d670-4df4-432f-88b9-bc913653a6aa,clean,s5,1,0.504480,0.623686,0.795403
57ba0ddc-a446-42cb-a69c-5d8836b3be42,fog,s4,2,0.554822,0.686986,0.798955
57c72c71-b78e-4e44-8222-96208497718f,clean,s5,4,0.489854,0.653115,0.670477
57cded5c-a196-4cfa-ac1e-0f1b6726f404,fog,s5,2,0.442165,0.610868,0.619178
57e9f5be-1cd8-4acc-b736-9d06bd0e97e6,gaussian_blur,s5,5,0.616346,0.761349,0.768053
57ec7fe4-8bf6-4581-bbe1-e8c051b05527,clean,s3,0,0.539393,0.628658,0.895024
57ee54ae-62c8-4046-af80-28e39d2e1fd5,shot_noise,s4,5,0.676456,0.790006,0.887968
57f76890-8961-4aa7-bb3c-c31bfa252b2b,fog,s4,0,0.755739,0.855862,0.895683
57ffc269-d402-42d9-ba1d-6c876520b2d4,fog,s3,1,0.573847,0.689989,0.855803
5806915b-f7c0-453f-a1ca-4c7d7960d576,gaussian_blur,s5,0,0.583694,0.735655,0.742706
58223ed5-7e59-44aa-9ea5-4f442d782da7,clean,s3,1,0.445829,0.542889,0.778208
58273e03-2376-497a-9189-f43f4653e6c9,fog,s5,2,0.541219,0.701048,0.706601
582bf01a-e9dd-48d6-8ec5-0bffb7dee9c1,gaussian_blur,s4,2,0.573333,0.678639,0.884944
5835f8b6-43e5-4875-90d1-044c84ef5695,gaussian_blur,s4,4,0.648703,0.775082,0.839582
5840775f-562a-4138-91fc-d6585e7177cd,fog,s3,1,0.359269,0.459750,0.656101
58412030-c123-408d-b10a-bbf530dc64ea,gaussian_blur,s3,2,0.350305,0.424015,0.683508
5858f280-59a2-4364-8400-157f57d87b3a,fog,s5,3,0.156516,0.238437,0.312992
58612fe5-10c0-403e-a437-26232d0adfdc,shot_noise,s5,1,0.637355,0.777110,0.784835
586bdf4e-40b5-43a7-8c76-87f83b2c5a49,gaussian_blur,s3,3,0.376776,0.470821,0.691915
586c9250-07ab-42b8-b250-4cc5f748d9cf,fog,s4,4,0.778923,0.865816,0.949563
586ed3ab-906e-4d19-ba69-7e4302c05945,gaussian_blur,s5,3,0.614303,0.744755,0.825016
587469b1-c9bb-4b99-96f8-281aaaaf8439,clean,s4,0,0.824419,0.898498,0.955611
587570d5-33d4-4468-96f0-1bedecb278d3,shot_noise,s3,2,0.615605,0.730239,0.880084
587747ce-c430-40b8-8099-f9173bd7df1d,shot_noise,s5,5,0.483538,0.637557,0.691363
587f2466-7a1c-4d19-8fb9-9d21cc3b20f5,shot_noise,s5,1,0.506267,0.669793,0.679547
588d2e1f-121e-4d20-b2c9-bb4a3b2e58b7,clean,s4,2,0.685011,0.793373,0.908363
58a7dc9c-5af3-4249-a4d0-23308a08ed08,shot_noise,s4,5,0.478303,0.619748,0.719024
58b93e27-5683-4ebc-ab25-ea229223bad8,shot_noise,s5,5,0.655875,0.792180,0.792180
58cdab8b-bfb3-443b-bc55-8c7af3a06c77,clean,s4,5,0.542452,0.690883,0.743739
58d5bf1e-bbc5-4da0-bb19-75d6a1c58bc1,gaussian_blur,s5,1,0.433702,0.593788,0.632633
58d91f56-fc6e-42ec-9a04-5a7246007568,clean,s4,0,0.716093,0.828344,0.870789
58d99d19-d71f-4f2c-883c-aabb99f670ca,shot_noise,s3,1,0.699062,0.801175,0.932044
58ee7c18-52a9-47fd-8808-a6a74b4a7fe3,fog,s4,3,0.394365,0.553938,0.591924
58f75a39-7fb5-4cf8-bb06-dcde8df6ee1c,shot_noise,s4,0,0.647672,0.775651,0.833036
58f7a0f0-d914-49c8-a513-fe7ea8f38dd4,shot_noise,s5,2,0.640605,0.779863,0.785819
5902fbc9-80db-4db0-b3f2-de905bc8976a,clean,s5,4,0.632131,0.774299,0.775979
5903e823-a933-4d4d-8c51-2f8ea614740a,gaussian_blur,s5,2,0.601079,0.750712,0.751365
590b0162-866f-44c8-9687-a95ffbb87638,shot_noise,s4,3,0.543114,0.681118,0.775424
590ca553-9176-456a-8153-8a1e59fd9835,fog,s4,2,0.280460,0.435928,0.441844
59145a39-cd1f-4182-bf4a-76351304c923,gaussian_blur,s4,5,0.794731,0.882550,0.911820
59293f1b-026e-4ebb-b36b-941693757495,clean,s4,0,0.647672,0.775651,0.833036
593251fe-c93e-481a-afa5-4e485c962e01,clean,s4,0,0.479776,0.609080,0.749141
5935cc5c-d767-4829-b9c0-0a710222ecb3,clean,s4,0,0.789474,0.880242,0.899982
594f2c18-c176-40b1-992d-9cc042d59ac2,shot_noise,s5,3,0.564203,0.720910,0.723123
59586e5a-c3a6-405d-9eb5-394adcdd56dc,gaussian_blur,s4,3,0.427363,0.552017,0.703280
59776dcd-14d7-45b8-aabe-0da4a263c4a5,shot_noise,s4,3,0.824754,0.902177,0.922211
59887c53-8aef-412b-914b-4562838b3413,shot_noise,s5,1,0.388607,0.517148,0.647851
599930f2-9988-44e4-a1c2-431639e85da3,gaussian_blur,s5,1,0.726938,0.841604,0.843627
59ae852a-acdb-4b9b-9c30-bd175ed1d2f0,fog,s3,1,0.268620,0.405348,0.453982
59bf368c-73c4-460d-b4a7-2de0ead1d67c,fog,s5,1,0.598857,0.742015,0.776592
59cc4eee-284b-443c-afa1-85197627b24f,clean,s5,0,0.589800,0.738428,0.755561
59e8a240-cdce-49eb-85a5-38a5a7ab01d7,clean,s4,1,0.787301,0.875615,0.924246
59f4ec03-4b40-49d6-ae1f-f059296f3171,shot_noise,s4,1,0.803071,0.883761,0.951173
5a02083c-3194-46e7-a557-7462d229182e,gaussian_blur,s4,4,0.710181,0.821221,0.882623
5a1cfc74-ccbc-4193-bd74-020144406735,shot_noise,s5,0,0.606888,0.753395,0.763317
5a1f4d49-2cfe-4916-9c22-cefd59d5c8fc,fog,s5,3,0.357699,0.459871,0.651055
5a25e6c9-6aef-4b13-a8f8-be5f89466a91,fog,s4,1,0.752317,0.854429,0.887677
5a31fc30-ab46-4e46-837d-62d9a87bd8fb,clean,s5,0,0.245760,0.329543,0.491520
5a349185-5116-4137-af1b-e1f2ca0e145d,clean,s5,4,0.250098,0.393081,0.411733
5a3daec2-4c8e-40dc-9c3b-deb6f3c2262c,gaussian_blur,s5,3,0.502602,0.668743,0.669676
5a429f8b-12f6-4915-99ff-fa22b7e05e3d,shot_noise,s3,5,0.492468,0.574802,0.860162
5a4f3d17-e256-4e89-a275-1184136e08f2,clean,s4,0,0.271871,0.400824,0.472058
5a591ee9-48e7-47ad-82de-47cd254bddfd,gaussian_blur,s3,3,0.494687,0.547007,0.915617
5a59f610-acbe-43d9-8847-c9f79433939d,fog,s3,5,0.708767,0.808937,0.937533
5a5aabd9-c50d-4fb2-8691-c2294c61e565,gaussian_blur,s5,5,0.542355,0.703070,0.703994
5a5cb419-bbc2-4e55-9d41-1769a66b01a1,gaussian_blur,s3,4,0.493516,0.585002,0.843712
5a65b9f1-8c2f-4932-bd24-85914a66f326,gaussian_blur,s3,0,0.587808,0.706187,0.856853
5a6999f4-15fc-439a-aa8d-9260d52d5ea3,gaussian_blur,s4,2,0.419038,0.455953,0.838077
5a88cb88-5763-417f-8354-28c48a380394,clean,s4,0,0.837598,0.910715,0.921793
5a8c9a2d-17c9-4cb0-888b-d060cbe92966,gaussian_blur,s4,1,0.681370,0.800749,0.859397
5a96bc51-c5e2-4f9d-bc96-caecd8cafea5,shot_noise,s4,3,0.634289,0.768209,0.810811
5a9a8b12-f529-4e2f-9281-dfc5883799af,fog,s5,4,0.514181,0.678206,0.682098
5aa54b3d-a553-4d75-8d72-2de24c8fa02d,clean,s3,2,0.463116,0.492547,0.909941
5ab5a8e2-8c0d-4724-8fe9-4b151293855c,gaussian_blur,s5,3,0.824797,0.903987,0.903994
5abb636e-e17b-4046-8652-edffb361aa7c,gaussian_blur,s4,3,0.607659,0.746608,0.792843
5adf4722-7a03-4f8e-8bfd-5f476033b471,clean,s5,2,0.473707,0.641270,0.647360
5ae23070-01e4-4ceb-ac47-144b2e3c6108,clean,s5,4,0.630853,0.773637,0.773694
5ae45752-5e12-4185-9a1a-78f8bcd2e3ac,shot_noise,s4,0,0.452892,0.584330,0.717515
5ae6eaf6-4245-4039-9918-7e01674fc5e7,fog,s4,3,0.742317,0.843004,0.910060
5af6efbc-2f11-49a2-b871-f4dfd0016eef,shot_noise,s5,5,0.378934,0.474772,0.692080
5af71847-8026-4d98-9a46-ad1b2a5d8f8f,shot_noise,s3,1,0.290366,0.401190,0.531651
5b0310ba-ceba-443f-89c2-82f075e592ac,shot_noise,s5,3,0.566073,0.722834,0.723231
5b0628be-57cf-474a-8102-5134dfcce308,shot_noise,s3,4,0.518651,0.592955,0.904359
5b0a979c-fe4d-43ce-b2f9-89452c184979,shot_noise,s4,3,0.610308,0.740763,0.824500
5b0c4dec-23a4-48bb-9fdd-6326ce21906e,fog,s4,1,0.531630,0.662782,0.787376
5b162b6f-d9bc-475e-9faa-50b0dd571083,gaussian_blur,s4,3,0.561739,0.717690,0.725349
5b1bc43c-9aac-450c-9847-e819311072bc,shot_noise,s4,1,0.705266,0.814331,0.896272
5b21d185-ac85-4b5c-9d90-efcce2982568,shot_noise,s4,4,0.304118,0.459869,0.478481
5b408e1e-6d0e-4dd6-bed4-745f66e2111b,gaussian_blur,s5,4,0.692230,0.817939,0.819163
5b49f07d-7894-41b9-b780-ed45addbe312,clean,s5,3,0.226809,0.313165,0.452144
5b65a72d-7202-4f87-a6ca-02a3f0bf8547,gaussian_blur,s5,0,0.558916,0.715104,0.723915
5b696ddc-abc9-48d6-b66b-f744c8d2fb50,gaussian_blur,s3,4,0.514915,0.620732,0.835520
5b795056-b26e-4fb7-ab03-8efb79d286b2,shot_noise,s3,1,0.770340,0.858364,0.954357
5b7ff90f-aa3f-404f-a878-5b90a218d6c0,fog,s2,1,0.477337,0.556811,0.847936
5b8167a6-146d-4f86-99fc-97ec10659329,gaussian_blur,s4,0,0.708531,0.809632,0.933263
5b8f0ec6-b60a-47d1-92f0-0e9ec60b7fac,shot_noise,s4,3,0.795703,0.884018,0.905299
5b9d5307-901c-46d5-aa44-51411278b2f5,gaussian_blur,s4,2,0.740381,0.838711,0.925941
5bac547d-5333-47ea-af60-4d1933cc446d,gaussian_blur,s4,5,0.643096,0.772955,0.826084
5bc7940e-7dcb-4f10-802d-a7819a4409d8,shot_noise,s4,1,0.786500,0.871911,0.947493
5bcdcaac-47f4-43fd-8cb5-1b0ba4767348,gaussian_blur,s5,3,0.607208,0.754934,0.758347
5bdba4a1-c666-4283-85e4-43920cb3e570,fog,s4,4,0.727495,0.834711,0.887889
5be5d5bf-4423-4827-982e-918b523243a8,gaussian_blur,s5,3,0.568755,0.719084,0.746533
5be93b47-a65f-41fd-81f7-5d0f47e32380,shot_noise,s5,2,0.480682,0.601452,0.769253
5bee21dd-9538-4b46-9d05-f59de30106ac,fog,s4,1,0.542674,0.675195,0.790848
5bff00c7-0d86-47cb-80a6-f999f9145768,shot_noise,s5,5,0.150233,0.231076,0.300427
5c0e7add-7f36-49f5-a879-66b1ca288b02,clean,s4,3,0.645239,0.770986,0.842818
5c1430a2-323b-45ba-9931-15632f093221,shot_noise,s4,1,0.681684,0.793286,0.895035
5c1517e3-0075-4344-ba31-61a71c0ccbe9,fog,s3,1,0.478857,0.584722,0.799025
5c2509ac-9964-40bf-bb73-b84a45c29f1a,gaussian_blur,s4,3,0.699331,0.808666,0.898325
5c2a54b6-41e1-4e0c-a555-d7cc5e8a233d,shot_noise,s4,0,0.570790,0.699271,0.818147
5c2d243d-eb25-415f-841d-649ee41c22dc,shot_noise,s4,4,0.428918,0.542323,0.727104
5c35032b-c181-47dc-a7dc-7727af0792c2,gaussian_blur,s5,3,0.384526,0.554909,0.556704
5c3aeb21-3508-44cf-bac8-fb2a23a619c5,fog,s3,2,0.624165,0.731598,0.906453
5c425a01-c883-4547-b249-e6d0c9102833,clean,s5,5,0.565711,0.714339,0.751631
5c45b38e-07bd-43fe-9d20-9e785fd3213e,gaussian_blur,s3,1,0.346678,0.472140,0.595803
5c4b776a-ed1d-4bef-bc51-8baeac585463,clean,s2,5,0.418293,0.455512,0.836586
5c62302b-4f6d-4955-a499-cf3725dc489f,clean,s3,3,0.541319,0.645115,0.863856
5c632a13-d761-4a1e-87e8-5d238abeca67,fog,s5,0,0.351692,0.494250,0.572027
5c708cbe-5d69-46fe-81de-aa8fa2aaf65b,gaussian_blur,s4,2,0.468869,0.637503,0.640905
5c77026e-a236-4301-8709-e78fb6be1996,shot_noise,s4,5,0.435168,0.516833,0.791883
5c91c527-0919-4474-8f42-2b38a3a3a545,gaussian_blur,s5,5,0.530556,0.692368,0.696269
5c935ff9-b117-403b-a325-ffa057216fb4,clean,s5,1,0.722744,0.839031,0.839248
5ca4aa6b-40ed-4aa7-b731-5775a9ce5656,clean,s4,3,0.749205,0.853964,0.874837
5ca4e042-02f8-4735-a12a-0795d94789d3,fog,s4,0,0.750177,0.853553,0.882560
5ca67990-517f-4c57-b9ed-292e8a695111,clean,s4,2,0.579779,0.723676,0.771363
5ca864ab-fe0f-4faa-a7ed-fdaff93eacba,gaussian_blur,s5,3,0.482500,0.650927,0.650927
5cafaa7a-a4f6-499c-b721-aed7d3407b37,clean,s2,0,0.447803,0.472464,0.895605
5cb036d0-765e-4f78-82ad-884c002adcef,shot_noise,s4,1,0.620754,0.753838,0.815440
5cc85e43-4685-40ec-a883-3b9eb855553f,fog,s5,5,0.651345,0.788016,0.792877
5ccc535d-ae48-48fb-8a14-b345cab63e3f,fog,s4,1,0.341814,0.490188,0.547323
5cd00199-7952-47c1-aa60-5fcbb17f72fb,shot_noise,s1,4,0.396325,0.464523,0.760291
5cdd1b98-7a63-4d40-83a0-6fe55e4f834d,gaussian_blur,s5,1,0.512339,0.677531,0.677588
5ce0c9e6-f533-4b98-a17a-efc37cc0f5c0,shot_noise,s4,1,0.504760,0.637077,0.764037
5ce12c12-5c3d-42b6-bd61-d44dfe174180,fog,s4,5,0.287692,0.446276,0.447840
5ce4f05e-a052-4d33-a6aa-4496ae2bae1b,shot_noise,s3,2,0.441005,0.575929,0.697326
5ceb1f70-db49-4218-b3be-88ec50bcf9d4,gaussian_blur,s3,3,0.509492,0.613430,0.834456
5ceef35a-bf82-4c46-b5f2-8aa79a5c8bfc,shot_noise,s3,0,0.456628,0.477331,0.913257
5d0a490b-dc37-4e5a-af3a-73f35cdc97c8,shot_noise,s3,3,0.665880,0.764274,0.948589
5d0b4fce-4040-44c0-b48d-d1a4debbf093,fog,s4,3,0.505088,0.666948,0.683862
5d1075fa-ad0f-4371-9fd1-68fbe38e17cd,shot_noise,s5,5,0.633122,0.775339,0.775408
5d14b073-cf89-4050-9c6b-bc6562a7cba4,shot_noise,s2,2,0.408563,0.451877,0.814068
5d1ccb99-e863-416d-acde-f0b43161228e,fog,s5,0,0.481403,0.649644,0.650739
5d2dddef-9179-41ff-952b-a6d1504116a3,shot_noise,s5,0,0.370778,0.446058,0.712323
5d302ea0-5cab-4c45-819c-b427cf7eb372,shot_noise,s5,2,0.625736,0.756756,0.823365
5d31f945-bb7e-44ab-bce0-27e963c90d65,fog,s4,3,0.292297,0.438165,0.477648
5d34ed5f-7d84-4536-9eaf-63cbb74c91de,fog,s4,5,0.385145,0.545215,0.580059
5d3d3413-4b7e-49c2-8363-5ca6d1e2b10f,fog,s2,1,0.388448,0.439415,0.773832
5d4ca6e9-380f-40bb-aa8f-c041bf2d49bc,shot_noise,s3,0,0.570514,0.668930,0.900517
5d501033-07fb-4706-9760-2f10c031bc20,shot_noise,s5,5,0.618570,0.762685,0.771323
5d726545-8231-475a-9b7a-4aa26abfd8e5,clean,s5,3,0.646658,0.773518,0.837965
5d7837d9-3d77-49cc-bf9d-5b88332c17f1,shot_noise,s5,3,0.577195,0.721157,0.770544
5d78d99d-7bab-4b18-974b-1d0898def9b5,clean,s3,2,0.460838,0.479621,0.921676
5d79190f-98b5-42f1-8244-7d4a05ec275f,clean,s5,2,0.762594,0.865297,0.865399
5d7ccf14-a73b-44c1-9757-f907abff78d1,fog,s5,1,0.390380,0.560972,0.562849
5d8a21a5-5233-44c9-9c40-cfd6dc208eac,clean,s5,5,0.729032,0.842619,0.847506
5d8be75e-afbb-4316-b32f-3d559a1686c3,clean,s5,2,0.738892,0.847613,0.864474
5d8f3eb5-e9c3-4a61-97a7-da873f5b2ddf,clean,s5,4,0.712195,0.831807,0.832511
5d92c0a4-3bdc-46d3-bad9-583758d30f5b,fog,s5,0,0.679905,0.809091,0.811371
5d9e19c0-4dbf-4f45-bfb0-4eb6c9ddf59a,shot_noise,s5,5,0.518558,0.680231,0.691499
5da2d259-f561-4dbe-aa91-f0695d3beab6,fog,s4,3,0.356570,0.513880,0.549995
5dab66f7-5709-42f5-b92c-6314562c6aae,fog,s2,2,0.443283,0.517425,0.814955
5dc59543-114e-4a7e-b8da-116e01d11ab0,gaussian_blur,s3,5,0.578454,0.687902,0.877237
5dd32147-4da1-45d2-997c-a1178ec37e86,fog,s4,0,0.520732,0.652206,0.778688
5dda26e6-a8fa-4658-aa23-f9f470030c15,gaussian_blur,s4,4,0.481584,0.578357,0.820229
5e0dfba7-5510-412b-98cc-a3c14708cb54,shot_noise,s5,0,0.575363,0.718501,0.772904
5e142083-2712-41d9-8cb9-b87e9ee92669,clean,s5,2,0.740367,0.849732,0.858037
5e1b1c96-a2e4-41cd-b649-319e729d2984,clean,s4,1,0.499373,0.632567,0.757397
5e1b3cbb-8793-4ac8-a71e-22b0b9284a77,fog,s4,3,0.505311,0.640457,0.757351
5e22fe78-e1f3-4057-b425-dbdc4d3b4cc9,gaussian_blur,s5,0,0.373223,0.541398,0.548314
5e27ffb9-4c78-4e8a-8432-dcb8657c0d1e,fog,s3,2,0.385100,0.488482,0.688176
5e34e57f-cd24-4146-8b60-e85890f29111,gaussian_blur,s5,3,0.652077,0.789291,0.789936
5e36929c-dbad-460a-a390-10d5ffece7c9,gaussian_blur,s5,1,0.655640,0.782981,0.833604
5e40e03d-3a64-40b8-88fa-73c4788bf399,shot_noise,s4,4,0.531880,0.667495,0.775376
5e49577a-f354-4496-b899-5039edeb9582,shot_noise,s4,4,0.575664,0.708464,0.806944
5e58885a-2171-481d-b0f0-ed0d609c205f,fog,s4,2,0.618859,0.759316,0.786359
5e7335c2-d304-4b43-a052-3454d2ea7b94,clean,s5,2,0.372360,0.530359,0.568843
5e8a1be7-92ae-48b3-8b69-2da8aac02187,gaussian_blur,s5,3,0.790577,0.883016,0.883262
5e9a9ab1-1e8a-4379-bee1-7ee9d82a6894,clean,s4,2,0.302442,0.457712,0.476800
5ea0d133-2ecf-4acc-90a9-3574870a2cd6,clean,s4,0,0.791162,0.880824,0.905073
5ea0ea17-5859-4fa4-aa71-173d6ad91a6c,gaussian_blur,s4,1,0.723062,0.830702,0.889916
5ea71745-e736-4210-9d9e-618e79ca8ae2,shot_noise,s4,2,0.485611,0.619564,0.743621
5eaaa908-2a7b-404e-a327-886e3f2e4d4c,gaussian_blur,s5,4,0.559213,0.713068,0.732059
5ebdc86f-c9be-4783-928d-7e15b90baf2a,clean,s5,0,0.513426,0.629119,0.811627
5ebe932f-e61d-48da-a20a-473dcaa136e3,clean,s4,3,0.498756,0.632232,0.756181
5ec68d88-5634-40c8-9d87-f2e6e3e52c92,fog,s4,0,0.386068,0.484864,0.697237
5ec6d8fe-e3d8-42ea-a986-11343702e916,gaussian_blur,s4,4,0.785387,0.876039,0.910094
5ece09f5-513b-4d1f-a16e-35b7c0d9872e,shot_noise,s5,3,0.160656,0.243210,0.321269
5ed2065e-53e3-4024-a013-e63c9c10f403,fog,s5,5,0.518809,0.682893,0.684080
5f086d8c-8a1c-4238-94d3-932f305d93bc,gaussian_blur,s4,2,0.250856,0.387009,0.424075
5f0e1aa9-4587-4688-b387-7cf0bb78d00a,gaussian_blur,s4,2,0.608682,0.754710,0.765048
5f13ad94-134d-4340-aed9-85de287f3468,shot_noise,s3,3,0.605995,0.695446,0.949117
5f16cf43-8636-44dd-8414-106a0a712fd7,gaussian_blur,s5,4,0.554152,0.709163,0.726745
5f2a8537-5494-4692-be7c-d1fc1ba969d9,gaussian_blur,s5,1,0.456654,0.522076,0.846512
5f315029-1cd6-4cbc-b993-2014c9990e2d,clean,s4,2,0.773881,0.870195,0.890509
5f31b89d-fa77-4c03-9eff-29366344d13f,fog,s5,2,0.245456,0.389564,0.401697
5f40663d-27cf-43eb-8613-1fadf722a00d,clean,s5,2,0.418300,0.589861,0.589861
5f4ba0e6-605e-4ea2-8d00-bb3a8f45e03e,shot_noise,s5,4,0.444455,0.615222,0.615845
5f5a8c84-39f1-4e22-bf4b-2910f9209d33,clean,s5,5,0.578576,0.731914,0.737216
5f633195-803c-46be-a977-0198f5d2e295,gaussian_blur,s4,0,0.616468,0.731103,0.880368
5f71431e-0fdf-4f17-aaf0-6d1ba7dabb9f,gaussian_blur,s5,4,0.463056,0.632779,0.633595
5f747631-7b26-433d-abed-470d447cbc8f,fog,s5,3,0.434805,0.584639,0.657709
5f7d2d22-3c79-4d7d-b3da-52b41ad2a3c3,shot_noise,s5,5,0.424312,0.547959,0.701675
5f8214d1-b2f3-44b8-ad8a-7a27c0b77bf4,clean,s5,5,0.697671,0.821915,0.821921
5f95dbf2-0709-4ba3-9f3d-eb9c0e78c3aa,shot_noise,s4,3,0.741372,0.847648,0.876639
5f9d028c-4f8f-4b08-8251-72168659d5b5,clean,s4,0,0.551450,0.644432,0.897769
5fa64e22-0ca1-4429-a6db-4bbd5168ba4c,gaussian_blur,s3,3,0.576687,0.677759,0.898342
5fbbb8d6-eba7-4d8c-8041-a401e4053705,shot_noise,s4,5,0.700238,0.819696,0.845869
5fcd17a0-6c1d-4738-a2ec-ac06efa6c2c9,fog,s5,4,0.797393,0.885918,0.899195
5fcdae7a-7ac2-4c19-a6de-ceb2f1cd2b57,gaussian_blur,s4,2,0.230290,0.374352,0.374389
5fd91daa-dc81-4cd8-8320-7a3d56dc9631,shot_noise,s4,2,0.306167,0.456421,0.491579
5fdc04af-9ba3-460e-9da3-a4a85a4b8c03,shot_noise,s3,0,0.487349,0.618890,0.750931
5fdca225-6672-4164-aa8d-5ddeecd6e96c,fog,s5,2,0.412068,0.578603,0.595586
5fea70e0-6ca5-4bc3-b086-55aef59c5169,gaussian_blur,s4,0,0.600054,0.709552,0.889449
5ffa04ec-b6ef-4315-a44c-116ab03876b6,shot_noise,s4,4,0.662813,0.783891,0.858888
6004cfc2-11a4-478e-8199-415f32081d12,shot_noise,s5,4,0.552528,0.708654,0.722501
6004cfd9-8575-4391-bfc0-c337c55ddb61,clean,s4,4,0.479622,0.569541,0.831276
6008edb4-0a26-4148-9a67-48a89b99e0fd,fog,s4,4,0.456847,0.582795,0.733540
600ccaaa-81b6-45f3-84a9-38a519ab53e0,clean,s5,3,0.714981,0.830865,0.851195
6010bddc-5566-4882-b806-f8f394671b05,gaussian_blur,s3,0,0.468072,0.483510,0.936144
601111d6-091d-4ce2-81b6-b28b4ea9eefd,clean,s2,0,0.629217,0.718770,0.963173
601ece8d-bd9c-4cc2-b5b3-694a7a89bb92,shot_noise,s4,3,0.578254,0.691686,0.866053
602af5da-687d-4b8f-9f92-4bb3d72585e0,shot_noise,s5,5,0.403209,0.573384,0.577771
603a5e4b-7e45-470f-845b-8dffac1765a7,clean,s4,3,0.436369,0.474513,0.860865
6040abbd-3638-4575-aa16-0508b7ce39f7,clean,s4,2,0.617648,0.741765,0.848335
604949a4-3f6f-4caf-a680-6453aade13de,fog,s5,0,0.632226,0.774679,0.774683
604fd115-d841-4d1b-935c-4f5af84283b9,clean,s4,0,0.645003,0.781053,0.798553
6054bb68-d78b-48de-98ba-3853745446f7,shot_noise,s3,2,0.471147,0.485145,0.942294
6064d828-c0ca-4eac-989e-b403065bd9e2,shot_noise,s4,3,0.580865,0.697613,0.858080
6070d61f-776b-4ea0-a91e-03a174cb15ae,shot_noise,s5,3,0.545850,0.693742,0.746938
6071d9ed-d324-48ad-b29c-81589806bcb0,fog,s3,4,0.340150,0.465822,0.585893
6085d845-e3de-42ab-b0c0-0d5581ede9d6,clean,s4,4,0.451913,0.562933,0.758813
608ec685-49db-4318-8fe6-9868f28943cd,clean,s2,5,0.537787,0.589394,0.967413
608f45ba-af8c-4448-87b3-bd39ec75eca4,fog,s4,4,0.619037,0.756885,0.796832
608f5192-88e0-453e-97b8-743258d8f010,fog,s4,1,0.862810,0.924938,0.945201
60911368-e94d-425f-a0f7-780cc5f16be3,clean,s5,5,0.717808,0.834068,0.845712
609c9657-9b6e-4249-b4a8-cecf68cf85c8,gaussian_blur,s5,2,0.733291,0.845922,0.847444
609f0a07-e346-4d82-a51b-8e1a82fb2498,clean,s5,5,0.771410,0.870928,0.871172
60a612d9-150b-4c9d-8c08-0fda607f8e05,shot_noise,s4,3,0.647795,0.762127,0.887696
60aac8f7-85ad-4b53-be9f-24ec3b4dadbb,gaussian_blur,s5,3,0.651419,0.780823,0.825861
60ac46cb-b302-4481-970b-e29ee9415ab2,fog,s4,0,0.536355,0.628585,0.885698
60b16063-abc7-4245-9ca9-419968975f45,clean,s5,5,0.641729,0.780369,0.788160
60b2ca5a-9c21-46ba-b62b-cb373f18d8d9,fog,s5,2,0.514826,0.679335,0.680907
60ba7d55-e04f-4394-86ea-06ce49ef9b88,fog,s4,0,0.601529,0.730808,0.826923
60c6280c-5a3d-4367-b5f8-c9ee276df2f3,clean,s3,5,0.591098,0.694706,0.901216
60ceebe4-739e-4982-9ade-0efce33046ef,shot_noise,s5,4,0.527266,0.657243,0.787411
60d92c7f-d6c3-4455-89f6-b8040a7cbf0d,shot_noise,s5,5,0.560003,0.717932,0.718018
60dffdfe-b255-449b-bb96-63c048f3d57a,shot_noise,s5,5,0.558665,0.715932,0.720085
60e081af-01f3-490c-b272-0a1353eaae90,gaussian_blur,s5,3,0.451115,0.600782,0.674270
60e184f8-2b77-4d5b-8087-5d85d46289e6,fog,s4,2,0.522655,0.666635,0.746107
60eaf2fa-05f4-4bd6-86d7-a07c3651e55f,clean,s4,3,0.650654,0.776815,0.840085
60fc31d0-07dc-42ed-84f5-c48446a7d764,clean,s4,2,0.454542,0.589827,0.710741
6104576c-b685-4ad1-b5d0-c860f5daf6fe,gaussian_blur,s5,2,0.424617,0.579674,0.635227
61098dfe-e32b-4b8e-931f-685f723631c9,gaussian_blur,s4,3,0.543246,0.700987,0.714208
610a3a98-3d3b-4a6b-a86b-e47c4d2dc7dd,fog,s5,1,0.389955,0.534034,0.619200
610dce44-ca31-47c5-9d15-035f9e760850,fog,s5,5,0.413976,0.581974,0.594101
610f475f-841f-42e6-9426-d3c85236908c,clean,s3,0,0.628238,0.734496,0.911723
611a916a-5343-46ec-9f92-5377948305a7,clean,s5,2,0.456802,0.607360,0.677483
61207e56-ce6a-4848-a723-9ef5ba876584,gaussian_blur,s3,2,0.579317,0.673948,0.916672
6123758f-2b38-4dc1-8d4d-2cc5f45fba0e,gaussian_blur,s2,1,0.448854,0.537120,0.797785
61279acc-8d43-42de-aaca-052c78ba38a6,fog,s5,3,0.401468,0.536583,0.651348
6134f977-149d-4955-8dec-e8c397832d3a,fog,s4,3,0.568377,0.676485,0.874128
61360ab9-e3b8-432f-afa8-b1102ca6a650,fog,s4,3,0.269323,0.421551,0.429207
613fb8e2-686a-46f7-8fea-de72dd758e86,clean,s4,2,0.620039,0.741869,0.856859
6143182c-5679-458f-8a7d-d6becdb78bcd,fog,s3,1,0.456708,0.530478,0.832703
61442b8a-2f95-45fd-8655-b150be6c55cc,fog,s5,3,0.744487,0.852010,0.863813
615722e9-732e-4c16-b37a-c6a633fa2a76,gaussian_blur,s4,3,0.717256,0.821238,0.914304
6159236f-bac3-4866-ba4c-f3e02c15f1ea,gaussian_blur,s5,0,0.723689,0.838419,0.847616
6159fd40-ab96-4957-8c4d-9d855ceabc91,clean,s4,1,0.589711,0.724112,0.806420
61614e53-03f6-4e0c-b77f-a1aea63e9e08,gaussian_blur,s5,1,0.826477,0.904398,0.911249
616ba89d-c4cf-42f5-979d-6ce4f4ae4c36,shot_noise,s5,2,0.765819,0.867380,0.867393
616d0133-27e3-4f4e-a304-a7dd1ae73f12,fog,s5,5,0.400692,0.541873,0.638189
61701697-8e9a-4a2d-97e3-bd73fef26eed,gaussian_blur,s5,3,0.633387,0.761755,0.833457
617bde0c-656e-45eb-92b9-8aa7f674a357,fog,s4,3,0.204933,0.339338,0.341397
617f506d-1f95-4cbe-8058-05a0febbc3e5,shot_noise,s4,5,0.653774,0.771582,0.874102
61810751-61d5-49fe-ba9a-74de0baaef08,clean,s4,1,0.266064,0.416098,0.427499
6182ecfa-330e-4efb-bacd-00063a3b6071,shot_noise,s5,1,0.426790,0.598166,0.598467
61871a43-4c3b-4a08-bac4-3043895d4fa6,shot_noise,s5,4,0.676043,0.803468,0.823228
618ce022-5c20-449f-be30-7008ec3009ca,gaussian_blur,s4,5,0.653758,0.776817,0.852539
619b6586-c925-4fec-9d2b-a443f8512319,clean,s5,3,0.754303,0.859432,0.863604
619ddc91-0191-41f5-94e3-cb6b38c95876,gaussian_blur,s5,2,0.715868,0.833988,0.836944
619ed5e8-f219-4358-a7f6-c7315953c297,gaussian_blur,s5,0,0.519109,0.667190,0.732263
61a66675-ac33-49c9-a40b-f13eeeadcbe2,fog,s5,2,0.447568,0.603752,0.655271
61b1d4c7-a824-483e-b7fc-4831c2653d01,clean,s4,2,0.612222,0.754375,0.780245
61bd4917-5575-4c9a-9a40-aa0a64582315,fog,s4,4,0.814238,0.896197,0.911216
61bfa12e-fbdd-486b-acaf-38806aba7f0f,clean,s4,5,0.296142,0.456125,0.458491
61d3327e-98fa-4614-a9e7-3a5c58d713dd,shot_noise,s4,1,0.424786,0.479290,0.820955
61dd7b6c-f7d5-43ee-854c-6ff36132e1a3,shot_noise,s5,3,0.720601,0.837207,0.840123
62073a9f-99da-48e3-94bc-f2a25a682d86,fog,s4,5,0.323259,0.461268,0.539278
620d59bd-75cf-48d8-a80b-6d3bd9db63a7,gaussian_blur,s5,3,0.700900,0.824004,0.824994
6227b244-8832-4f45-953d-44a947833e5b,shot_noise,s5,5,0.590975,0.739977,0.754186
62283926-c641-48ed-8f94-b17931dd8f49,clean,s4,3,0.712510,0.827353,0.859760
6248a748-5321-4232-9d43-e7b1c327048a,gaussian_blur,s4,3,0.565971,0.718833,0.737077
6258719d-4205-4b07-a4eb-66de5aba1fb5,clean,s5,4,0.652206,0.781893,0.824363
6258cd8f-ac93-46d9-88ef-5eac8b339130,shot_noise,s5,4,0.524054,0.671538,0.736947
62703f04-8338-46e7-9ae0-ff554b7355e4,fog,s5,0,0.793454,0.884823,0.884925
628bf8e3-9f8c-4c5f-920f-82f9fe02c35b,clean,s5,0,0.745884,0.853931,0.857988
628d86f9-ace8-4e10-90fb-5ecc6fe4c82a,fog,s3,1,0.476307,0.573455,0.813630
62ab2319-45dd-43a2-b419-03c5ce964896,shot_noise,s4,3,0.728214,0.831332,0.910348
62b04029-fe8d-4980-9624-cf52600c2887,shot_noise,s5,1,0.671497,0.802666,0.807530
62b3464d-7185-4e91-a96c-fe58684839aa,clean,s3,3,0.585203,0.666375,0.954015
62b9cc92-2543-4b79-83b7-ffff1a6e074c,gaussian_blur,s4,3,0.743603,0.846309,0.896156
62c69975-2395-431f-89c3-e3418b586af6,gaussian_blur,s5,4,0.758088,0.859647,0.882021
62ca6f55-c60d-40fd-b979-bf8efaa328d5,fog,s5,0,0.624433,0.768714,0.769177
62ccaa75-cd14-4bae-abea-fc8b78558fa7,fog,s5,3,0.731831,0.844718,0.847953
62d23687-3cb6-4508-91bb-547e87c450cc,shot_noise,s5,3,0.734611,0.846752,0.848649
62e70f1c-1143-40ee-be15-e9e354217967,gaussian_blur,s5,1,0.823445,0.902338,0.911748
62fa6772-a4cc-4df5-a6d3-727fe90576f2,shot_noise,s4,2,0.683521,0.794219,0.898485
630a4404-2253-4591-8ccf-82b698ffc516,clean,s3,3,0.467366,0.509760,0.896587
6316f1a1-9e67-435a-8566-1eb2d2898938,fog,s4,3,0.417534,0.587569,0.592811
631810d9-2092-4e25-9c99-a12bb97b43bd,clean,s5,3,0.767568,0.868498,0.868535
632085ba-794f-40c1-9ef3-da072f57e262,fog,s3,0,0.468072,0.483510,0.936144
63282a21-d6c8-43f7-89e4-a040372afec9,shot_noise,s4,0,0.660893,0.792779,0.810546
632e0b42-dab9-44b7-a8ee-0934a58dcd9f,shot_noise,s4,5,0.456686,0.624578,0.633525
6342b7d1-6d0e-4c87-8a82-e4945bd39376,shot_noise,s4,5,0.701370,0.808825,0.906352
6349002a-1c14-48f7-824f-0a38a256acbe,fog,s5,0,0.725567,0.840127,0.846174
634e1658-9d8b-42bb-8f8d-bb791469aed5,fog,s5,5,0.365200,0.532483,0.540424
634f44a1-d04b-40cd-bfc9-822096b54f46,shot_noise,s4,5,0.725303,0.826619,0.922480
635a048d-c4bf-4c19-b508-59b4dad4e5bb,fog,s4,5,0.629001,0.735416,0.911483
635fe64b-97bd-43d3-8184-dd7dd1899b38,gaussian_blur,s4,2,0.228751,0.372113,0.372677
63600dfb-2a98-424a-ad55-7caae15708d5,gaussian_blur,s4,3,0.548838,0.672871,0.818263
63677014-2bbe-41ce-bdb8-7906b86871fa,shot_noise,s5,0,0.447248,0.593036,0.679573
636b616e-3370-4c34-9241-c8547680f7f3,shot_noise,s5,0,0.420326,0.579627,0.621003
63762575-7d29-43f1-ad8b-72cdcbb83e2d,shot_noise,s4,2,0.762707,0.857397,0.921371
637a2cec-d007-4ee5-a079-19fc4a827059,gaussian_blur,s5,0,0.706638,0.828050,0.828431
6395c4eb-8ef5-4838-b211-3353deb6e2f1,fog,s5,5,0.578390,0.728561,0.748820
639b6ea9-dec8-4713-87d6-3acb759d59b7,shot_noise,s4,3,0.747684,0.849555,0.895994
639c6885-3715-444e-8eb0-ff8b269caa50,shot_noise,s2,0,0.537787,0.589394,0.967413
63b1435e-41d8-403f-8324-650a107f0c79,gaussian_blur,s5,2,0.565851,0.721773,0.726212
63bc74bc-3669-4ceb-b92d-382f162e049e,shot_noise,s3,2,0.629234,0.732070,0.923061
63c6a8a7-a6ed-4e9a-9aa3-c86065008889,clean,s4,4,0.778730,0.867770,0.934835
63e0b1a3-22fe-4379-8273-da084b32d693,gaussian_blur,s5,4,0.390088,0.561234,0.561259
63e73520-0bd8-4a1c-870e-635976fda1bf,shot_noise,s4,2,0.515187,0.621933,0.833701
63f359c8-c820-451c-9be5-bae6e5d3f17d,fog,s3,3,0.441146,0.546374,0.757360
63f3c297-6ba2-433e-8df0-a8f16623daa0,shot_noise,s5,0,0.391658,0.554405,0.581852
6413b0ef-03b3-4238-b25d-7abf50e4be4e,gaussian_blur,s4,0,0.840444,0.911979,0.928375
6415ab05-37ab-4395-9730-9bedd4746ede,fog,s4,3,0.476561,0.625163,0.699760
641fdc7c-ce04-4d3f-b18f-2e2b24771966,gaussian_blur,s4,5,0.649595,0.766594,0.877499
64228824-78a3-4800-9f3e-c5c68c59391b,gaussian_blur,s5,1,0.272524,0.352771,0.545048
6423522c-ac45-4f88-aa46-43cd7896ce7d,fog,s3,3,0.485997,0.598333,0.792947
64284728-d3f1-4a94-ba5c-7198bf8b7188,gaussian_blur,s4,5,0.526434,0.666681,0.758987
64288905-3577-4b75-bfb0-0842e82bf56b,clean,s4,5,0.482946,0.572815,0.835139
64462ea4-4531-4b22-917e-a66d62e35ca5,shot_noise,s3,4,0.557909,0.657121,0.888613
6451807e-e713-4ed9-9c93-efafd563ba05,shot_noise,s3,1,0.460838,0.479621,0.921676
6458187e-918c-463e-9bf0-bae9ca5c39e9,shot_noise,s2,3,0.455923,0.476945,0.911845
64657988-d663-441c-96fc-dae7415892fd,gaussian_blur,s2,0,0.629710,0.722616,0.953665
646a5b93-6cf5-4431-8d83-715fd93c417b,fog,s3,4,0.437037,0.480971,0.853467
64737a2f-5047-4493-a244-0f179cae3cb5,fog,s4,4,0.755377,0.849552,0.934368
64758a88-2792-4623-a5fc-5f2e8c177ec9,gaussian_blur,s4,5,0.615764,0.746065,0.825715
64770678-8d4c-44c8-82db-23ba6f6f6cc8,fog,s5,2,0.745792,0.853034,0.863605
647c76e4-b299-4901-acb6-de7b3f852c11,fog,s4,5,0.227379,0.367078,0.375936
6487b5a2-7948-46a4-8267-be4adc6fdb11,clean,s5,4,0.291381,0.372527,0.576763
649e5da2-b7d7-47b5-b4fd-705b04206b76,fog,s5,1,0.515218,0.679228,0.682643
64a1571f-241e-4df2-ba82-28624fa53d61,shot_noise,s3,2,0.580923,0.678139,0.911317
64b1aadd-20f3-4dfd-8f69-abbc9174b39d,gaussian_blur,s4,0,0.719500,0.823418,0.913056
64c049c8-709a-48c6-9750-402b5cfd6102,clean,s3,3,0.357736,0.417070,0.715471
64c18949-330b-4b8a-8206-ef4b624b3058,gaussian_blur,s5,3,0.386229,0.528634,0.617916
64c83364-dee5-4a70-b7be-b41e477f8ae3,clean,s5,3,0.585295,0.730191,0.768850
64cbbddf-4bd2-4d58-a8b2-c556be2c2e77,fog,s3,2,0.543416,0.621725,0.922132
64cbe932-1a32-4428-98f2-6be5783f754b,shot_noise,s5,2,0.150233,0.231076,0.300427
64d5ab34-f8a5-456e-a634-5076f5e240b7,shot_noise,s3,1,0.514575,0.600268,0.877703
64db2ce8-9c11-4f2a-8d20-1dd048197cd4,shot_noise,s5,2,0.553948,0.699664,0.757210
64dbeb49-9754-43f6-b961-c934832dee5c,gaussian_blur,s5,2,0.666514,0.799028,0.804181
64f64c98-ba8d-468e-a82d-22b9d13c5e57,gaussian_blur,s5,2,0.389175,0.560199,0.560517
64fdf474-4f7e-4fb1-8216-3b4145633b04,clean,s5,0,0.553239,0.711408,0.715694
65036466-94a4-4959-945c-6887998cafb0,gaussian_blur,s5,5,0.508682,0.672473,0.680037
6507f3e2-fdad-411f-9b82-653ca2f84810,shot_noise,s5,4,0.533260,0.679601,0.745493
651a3d9f-1053-4b1d-9c73-a5e219cb0a39,fog,s4,5,0.656666,0.786065,0.824030
651add73-61ad-4561-b767-d804bbf8519a,gaussian_blur,s4,1,0.636126,0.758885,0.855221
65203531-d621-4300-9b2d-f5b2c06da172,fog,s1,3,0.491792,0.495862,0.983584
6521433b-e759-4104-9fe1-b8f4ff5964d1,shot_noise,s4,1,0.525734,0.678511,0.722267
6523bdec-a5fb-4c13-a88a-614a8f1060a6,fog,s2,0,0.279757,0.360507,0.557135
6526ee29-7f11-4c2b-af4c-498838486a84,shot_noise,s4,1,0.305836,0.447109,0.506949
652f5586-8688-4c33-a40f-79395bc7983c,fog,s3,4,0.452703,0.552159,0.782011
653d8746-02ba-4d6f-87c3-3f318d356abd,fog,s3,1,0.476787,0.587291,0.787254
65498e7a-3253-4d8b-8507-d03ab257c7e0,shot_noise,s5,3,0.543081,0.703892,0.703892
656871f9-6231-4a3a-9625-63ba660b3c26,clean,s4,4,0.811517,0.892743,0.925877
656e46e8-e5e0-4467-9d2e-498b20eb56df,shot_noise,s5,4,0.339523,0.500200,0.520399
65774a36-40e3-443f-89fe-2436538c8923,gaussian_blur,s4,1,0.588079,0.720450,0.812758
6584236b-f646-48c5-ae55-df951c308e29,shot_noise,s5,4,0.642938,0.778758,0.800347
65951c07-06c6-4c96-ace3-dcddc30cc07f,fog,s4,2,0.544912,0.678660,0.788727
659af575-a11f-4556-9731-09a7bd515a91,gaussian_blur,s2,2,0.317573,0.394441,0.626745
65a4431a-3ba8-4ff0-b7d8-c795b3e9101d,fog,s5,3,0.283684,0.388975,0.528739
65a72f44-c60d-4f6b-8760-78a9865854d9,clean,s5,2,0.751978,0.857527,0.864795
65b54688-3287-4f6c-b9af-ce51c98b5e41,gaussian_blur,s4,2,0.506913,0.590872,0.872992
65be94cb-24fd-4d44-9e77-db44feeba9bf,shot_noise,s4,1,0.458240,0.530352,0.837433
65c3a233-1452-4b17-8d6a-9b1515caee28,shot_noise,s4,3,0.213745,0.351169,0.353808
65ccee77-694f-4689-9a68-df1205f0c5d0,clean,s4,4,0.691246,0.798465,0.911595
65cf12ba-3ac8-49b4-be00-64639b2130a2,shot_noise,s5,2,0.637745,0.778788,0.778901
65cf36a1-94e4-42eb-a6e9-ff7191eb7628,clean,s4,2,0.263105,0.414050,0.420955
65d8115d-01e6-490a-9f86-34621e8bbddd,clean,s4,1,0.639893,0.759167,0.868608
65e1f995-8e73-4114-a79f-3511f9710b16,fog,s3,1,0.289778,0.380707,0.560181
65e50afd-04c3-4efa-b3f2-51caa106eb12,clean,s5,2,0.556062,0.713265,0.719723
6605fe57-189a-4237-97dd-4cce8629c248,clean,s5,4,0.365488,0.533610,0.538992
660837b1-d23f-440f-9db5-e36d0706bf35,fog,s5,1,0.560744,0.717566,0.722077
660ac701-e456-4bcc-bea3-899e9acf2c3c,gaussian_blur,s5,3,0.622801,0.753919,0.823007
6619a6fb-c6d2-4344-ab74-8f3b3bd45a09,fog,s4,0,0.727287,0.835297,0.883511
6628880e-7c8f-4e3f-81b4-1654d6551300,shot_noise,s4,0,0.814757,0.895498,0.921142
66322ec5-1289-4142-b8d1-7085c960db37,clean,s4,5,0.483819,0.622798,0.729883
6634fa1c-7d09-4844-addb-a2351c171e26,gaussian_blur,s5,2,0.262069,0.407857,0.427872
663d47bb-0385-46e3-b5c7-747305db4628,fog,s5,0,0.500402,0.666560,0.668414
663e3a53-ef5e-4ed1-acb0-26d362069251,gaussian_blur,s2,1,0.473656,0.486472,0.947312
6640f749-bfac-475e-babb-8e949754537b,fog,s4,5,0.521770,0.671916,0.727881
664dc7da-d519-45c6-a150-0846e3399e6f,fog,s3,3,0.186777,0.279797,0.363312
66687b8f-3d9f-4916-b80a-4fae0331e69b,clean,s5,3,0.671829,0.802928,0.807651
666b91ba-3b27-4301-a0bf-45337e6c7aea,fog,s5,3,0.317560,0.475261,0.494965
66936c70-71d8-41df-9193-85a160192e30,shot_noise,s4,2,0.575483,0.709054,0.804424
669d2f4d-385e-4ead-abe0-98aeb5948627,fog,s4,1,0.416038,0.568828,0.631166
66b171ec-cd87-4bc0-a899-b66c132c9f2e,fog,s5,1,0.447550,0.614643,0.627989
66b955e5-c978-4d90-9f28-37ccdfee4e7f,shot_noise,s5,0,0.456031,0.522122,0.844619
66cbafac-5faf-4a4b-a0c1-1d19443e1f67,gaussian_blur,s4,2,0.834774,0.905786,0.954123
66d08232-cc84-4c25-a195-3a36efff342f,fog,s5,3,0.553969,0.705658,0.737825
66de86d4-77c8-4680-bcf3-92b8ed7e1a68,gaussian_blur,s4,0,0.740025,0.839162,0.921653
66e15e8f-2bbe-4a7e-add2-07ca41dfaa13,gaussian_blur,s5,1,0.646839,0.785465,0.785957
66e3a530-bca3-4b3f-aa44-a17ef856bd6c,gaussian_blur,s5,5,0.714940,0.830262,0.854496
66eaaf5e-90f4-48da-b035-4748f17e766f,fog,s5,3,0.617864,0.761946,0.771599
66ed194a-73f6-47b9-9503-8e4a711067e8,clean,s5,2,0.637208,0.776487,0.787003
66fe8dd1-3929-4e88-bea5-1621fce7de9c,gaussian_blur,s4,4,0.263411,0.413765,0.422474
6700ddbe-9295-4299-aa1f-00b34104325b,gaussian_blur,s5,5,0.260029,0.403908,0.427541
670ab7fb-4138-4e86-a2dc-1d85a41279a4,shot_noise,s5,3,0.422630,0.592101,0.599184
672396f0-fcd5-4a43-a122-926d0d8bd7c3,shot_noise,s5,3,0.497031,0.656112,0.687024
6724e8e2-1fca-40f4-949e-d25eb9de9e6a,shot_noise,s4,2,0.639812,0.758601,0.870436
67283067-2cbf-4570-9891-cb45fd370ab2,shot_noise,s4,5,0.601906,0.715149,0.879059
67290bab-c4b1-4500-bf75-4271b3c65079,shot_noise,s5,5,0.467035,0.623444,0.671925
672eae8c-f6b1-451d-b90f-d9f73a96754c,shot_noise,s4,4,0.565389,0.699024,0.799904
67344421-003c-4651-838b-d2e35ec78284,gaussian_blur,s4,5,0.416992,0.476411,0.802751
67423b17-2dfc-45ab-b1c4-7a11f5185e04,fog,s2,3,0.382388,0.441164,0.753760
674a636f-bb2e-4643-8736-f1e30ba7d0ef,fog,s4,3,0.694801,0.805825,0.892512
674e151d-3cd6-44b9-b082-6a3317834df6,shot_noise,s5,1,0.387634,0.537622,0.604277
675f90c5-7865-4f19-8675-f6701c69cb3c,clean,s4,1,0.624294,0.764747,0.785483
676d129a-1f60-4a17-be2c-19986c782601,gaussian_blur,s5,2,0.429587,0.591749,0.623642
67746906-a490-48af-8203-5486b458842b,fog,s5,4,0.442468,0.605149,0.634606
6778d903-db64-4b1a-aa03-d543bb37d46b,fog,s5,5,0.267218,0.421264,0.422561
678094a0-35c0-48a9-829c-090dc1aa9d01,shot_noise,s5,4,0.704045,0.826059,0.827834
67882d22-cdc3-4149-b994-c38cff3ba2eb,shot_noise,s3,3,0.579684,0.676792,0.910688
679ae3fb-9021-46d3-ac6d-607684b98c7c,gaussian_blur,s5,4,0.429715,0.561462,0.691552
67a77ebb-bda4-4c4f-b04e-732eddb7d70b,clean,s4,3,0.598819,0.744267,0.767883
67b69078-7216-41ce-afe5-992b37cca5e8,clean,s5,1,0.543434,0.697635,0.725862
67cc2a0d-395b-4c2c-940b-4dd6b5e82f5b,gaussian_blur,s5,2,0.332849,0.455511,0.580160
67cc2d9f-fefb-4cf0-af22-4696d64ba819,gaussian_blur,s5,4,0.598046,0.748171,0.749664
67d28bc1-6d56-4f8d-8bc9-d8b3625e8808,clean,s3,4,0.448505,0.541377,0.789099
67d3384c-b4ef-4170-a5f7-ab89c063b68f,shot_noise,s4,0,0.623809,0.763274,0.789677
67d62789-4cf4-4501-8b3a-cd466f83d9b9,fog,s4,1,0.500457,0.603402,0.827616
67db9084-f4f9-4929-b5e9-ee700925eb47,clean,s5,4,0.483434,0.625256,0.722549
67e6ef2c-95b4-4992-977c-2cf78320084f,shot_noise,s5,4,0.503312,0.659746,0.698577
67e8836d-febc-4c22-af87-fa6bb5badf85,gaussian_blur,s4,1,0.597027,0.721646,0.841177
67fcde92-7ae3-41be-8394-5f365d27d3fa,clean,s5,2,0.711014,0.830444,0.834988
67fd1fa5-6ecb-48e5-b978-8d2a46217515,gaussian_blur,s5,4,0.589875,0.740603,0.747580
6807b698-260a-4344-8837-6bc5c0839b27,gaussian_blur,s4,1,0.220806,0.346582,0.384933
681f35b8-9241-4766-becd-6140a0c2a969,clean,s4,0,0.667388,0.780612,0.891259
6824ce70-0caf-4025-9e65-d63db6ab2450,clean,s4,3,0.854713,0.920118,0.941045
682cd550-ece3-4c37-a927-9641aee64d6a,shot_noise,s4,2,0.515416,0.642685,0.785307
682dcf7e-8aaf-4e4b-b7a9-1bc3ebb0b65e,gaussian_blur,s3,0,0.692623,0.786779,0.966711
68339378-7282-4fd4-9a81-5e28a3d5bcad,gaussian_blur,s4,4,0.800479,0.884952,0.925975
68423835-9594-46ba-8554-29a1c0326ba1,shot_noise,s5,0,0.714602,0.831422,0.846165
686090d3-56d6-4ecf-9c09-474e1a6e9bcd,fog,s5,0,0.493164,0.660558,0.660576
6872251b-9916-4e40-a75f-fdc0547a02d7,gaussian_blur,s4,5,0.775810,0.867788,0.918871
6878ac55-b704-4e63-beea-78480961a547,gaussian_blur,s4,1,0.591343,0.719252,0.828501
687c215a-c7f7-408e-9fe8-cfc76e8c89bd,clean,s4,3,0.534569,0.684207,0.736272
688f07d4-59ea-423f-859b-7fe71588d5c7,gaussian_blur,s5,0,0.588389,0.740750,0.741295
689fa79f-d4a2-4ec6-bf7b-dd997a8defe0,fog,s5,1,0.466319,0.626622,0.661263
68a75c79-b311-4a35-97c1-da27aa47801d,shot_noise,s4,0,0.522744,0.648966,0.793739
68acd6fa-1377-4f0e-8fb9-f29063a7f655,clean,s5,1,0.412411,0.583976,0.583995
68c55ab7-6c10-4b01-a352-4dda354b6392,gaussian_blur,s4,5,0.253054,0.379308,0.443521
68ca24e0-f8c3-49f2-9bc4-b7d9a6577b14,clean,s4,5,0.269732,0.419787,0.433616
68dc8c12-cbf9-4462-9b3a-f7d86c939653,fog,s5,1,0.708995,0.829721,0.829724
68ecd14b-bbc9-42bf-97b1-24c060d29726,gaussian_blur,s4,0,0.786013,0.872704,0.938976
68efd517-8034-4d04-b5aa-e262010ff645,shot_noise,s5,1,0.772340,0.871544,0.871579
68ff9689-2635-4380-b325-6fee18e4fb71,clean,s5,5,0.476798,0.599009,0.762203
69093cb6-d661-4e27-930b-d1e7514e7dbc,gaussian_blur,s5,4,0.291210,0.439432,0.471819
6914bb3d-32ec-4ece-9c6b-6246bbd6ef9f,fog,s4,2,0.633974,0.761361,0.837293
6927a405-df8e-413d-8ed2-53bb49738443,clean,s2,4,0.488213,0.494036,0.976426
6927aa31-2b7f-4cf5-b057-c4221c599dca,shot_noise,s4,3,0.812537,0.893426,0.926112
6927fc0f-f735-4d21-86b1-0bf4035bec68,shot_noise,s5,0,0.373657,0.483334,0.661515
693a7ccf-f6f2-4520-bd33-576d2a27f4d9,gaussian_blur,s4,3,0.208503,0.344597,0.345765
6942fcaf-8dc3-45d3-a5ba-c5e8b17443d9,gaussian_blur,s4,1,0.524614,0.658987,0.773835
69467fc4-d890-4e24-9fa0-b6e16f2f9632,shot_noise,s4,0,0.529216,0.652812,0.805419
694975bc-f1ba-4ab4-ba1f-18e15ca41d5f,clean,s5,3,0.764220,0.866354,0.866361
695fa0a6-3f69-49cb-8eb8-b0e168ec86b5,clean,s3,4,0.487349,0.618890,0.750931
69632608-3ed3-4c68-b595-fe4532ea78c7,fog,s5,5,0.660222,0.793609,0.803739
696720b1-dbb9-4fd4-ac8e-8f768bf7f40f,gaussian_blur,s4,3,0.552999,0.663571,0.856620
696957ac-f5c9-483d-808c-dafad9da8526,fog,s5,4,0.322440,0.482260,0.498043
699282a2-26df-4145-bc4b-1b18a4fdcf4c,gaussian_blur,s4,0,0.475262,0.614312,0.722085
699b0c90-2bf5-49e0-9b38-24f5d6b0ac75,fog,s5,4,0.482753,0.650539,0.652928
69a73144-ac3c-4ee5-b4f8-6961e2952f27,clean,s3,0,0.575124,0.693163,0.851157
69b02d52-2c37-4d6b-a0e2-175cfbea708f,gaussian_blur,s3,1,0.287484,0.411723,0.505840
69b6e92c-8114-4af0-8e0d-c6a9a7e190ca,fog,s5,3,0.651869,0.784464,0.811455
69b95562-33df-42c5-9a75-f12eb590ae66,clean,s4,4,0.741633,0.847825,0.876805
69baf954-7962-4e63-a941-7d8ab67ca4ba,shot_noise,s4,1,0.738764,0.843690,0.888576
69d0cd0c-14bc-4df3-88b8-345cfa595d07,shot_noise,s5,4,0.681946,0.810659,0.812181
69dd58ff-811f-4f6b-9f6b-e31c2473520f,gaussian_blur,s5,1,0.577030,0.730873,0.735213
69ed9ba7-1227-4a5c-9804-47f062c38fbf,clean,s5,5,0.787035,0.880816,0.880928
69f73b11-1162-4b17-9049-5c667696d850,shot_noise,s4,5,0.726176,0.837413,0.865706
6a078062-fca6-492c-9619-1e6345be7eea,shot_noise,s5,4,0.368316,0.504973,0.605771
6a0f4963-032a-4fb4-87d4-69810c950666,clean,s3,4,0.617686,0.706263,0.959088
6a12ac7e-598a-4552-8328-fb40682232d9,gaussian_blur,s4,5,0.290689,0.437453,0.473525
6a1befe4-8907-4e99-a877-ea4b08f41aba,shot_noise,s5,1,0.292170,0.452195,0.452253
6a224be7-2116-42ef-a7f9-aa565033d3a9,gaussian_blur,s5,2,0.794979,0.885112,0.891604
6a24d469-9832-430d-ac0f-4bcdbd369a2a,fog,s3,1,0.795275,0.875522,0.969856
6a2a53e9-b688-4ddf-9bf4-ea3c618eab55,fog,s5,0,0.585673,0.738670,0.738844
6a3019a3-a11b-4e8d-8233-e1503b4758c5,clean,s5,2,0.694490,0.818033,0.828885
6a313207-395e-4358-900d-2bf3e6150c76,gaussian_blur,s4,3,0.786720,0.876413,0.914752
6a3a3265-10b7-4454-989b-acd8f6cd23fb,fog,s4,4,0.594612,0.734891,0.786836
6a42b286-0dda-48db-abaa-4aa31bbc8297,gaussian_blur,s4,5,0.558144,0.693111,0.792378
6a45b08e-a9f0-48c5-809e-6398b24ec6ec,clean,s5,5,0.759976,0.862632,0.870823
6a6456ee-b8f9-491d-903c-2615331b355b,clean,s4,0,0.544759,0.691968,0.748581
6a77c3f6-c4a5-4270-9cb8-82a11caa15b3,gaussian_blur,s4,2,0.715654,0.818446,0.921387
6a91cbcc-9166-4ef0-bc82-86d8ae28a895,shot_noise,s5,2,0.752523,0.858785,0.858811
6a9ced4d-522a-49a8-9c70-d26f39c644bd,shot_noise,s4,2,0.772410,0.868458,0.895429
6a9e3339-7f8f-443b-9fb1-c542c9131195,shot_noise,s3,2,0.521647,0.595539,0.908390
6aab1fa1-f1cb-47e5-973e-813adbb98385,shot_noise,s3,1,0.616829,0.712141,0.939728
6aac7d90-558f-4754-9cf0-3aa9d29349bc,fog,s4,3,0.546150,0.701589,0.722803
6abb2532-3391-458c-aca9-0776ba083546,fog,s5,3,0.412360,0.583926,0.583941
6abe41f9-2396-4305-bed7-fc2a599cc3fd,gaussian_blur,s3,2,0.604574,0.707368,0.911423
6ac23632-121c-4594-aa3d-65aebf4493c9,gaussian_blur,s5,2,0.540090,0.701230,0.701862
6ac68ff8-f67e-4d3d-b8f0-0ec1593498d3,gaussian_blur,s4,1,0.559176,0.676322,0.843781
6ace07e2-8c16-479c-8f73-0a50cd1d0af5,clean,s4,3,0.446911,0.612683,0.630816
6ad68888-8e4b-40c7-b817-13c70fb35218,shot_noise,s4,2,0.751950,0.855356,0.879557
6ae04e60-64fe-462e-a479-c27d77986509,clean,s4,4,0.869699,0.929360,0.943744
6ae4cdd3-b07a-441a-be53-7ec9e1548eba,fog,s5,5,0.477866,0.646695,0.646704
6af2c4b1-ea1d-4393-bb1b-45e489e596a9,shot_noise,s4,1,0.373580,0.533439,0.566482
6af72075-33bc-48a0-a5b0-ce6cfff72712,clean,s4,0,0.814757,0.895498,0.921142
6afa7d6e-cb63-4527-a065-d0a13c0a4d09,shot_noise,s4,0,0.583880,0.725797,0.779150
6b0d399b-21fb-4155-8ef1-a2bc992f3483,shot_noise,s4,1,0.545681,0.699111,0.729205
6b11a3fa-95ca-4f86-bafb-1b2321081a1f,clean,s4,4,0.574185,0.707375,0.805115
6b3aba61-48ce-4765-9568-9a1d405014b5,gaussian_blur,s4,0,0.649393,0.781539,0.814411
6b4ddd1a-3661-4e5e-8768-353589b8a2bf,clean,s4,3,0.704520,0.813571,0.896800
6b4e57b0-972b-4eaf-9a4f-c41847432da5,shot_noise,s4,3,0.820956,0.896995,0.947123
6b516de2-b91d-4d73-9d29-44496dc94b01,clean,s3,3,0.714572,0.815618,0.930664
6b5469d9-33cb-400b-bede-d441596f9a83,shot_noise,s5,2,0.760380,0.863450,0.867042
6b5c89cf-79c6-4084-a440-f946bb0dde95,clean,s5,4,0.629079,0.766258,0.798213
6b64f4a7-4c93-4aa8-bac5-eaa6c5f71414,clean,s5,2,0.693522,0.818984,0.819280
6b66b1c1-2aa0-4d61-8e3c-dc99ce90b79d,gaussian_blur,s4,0,0.765163,0.864527,0.884917
6b6b1202-33dd-479a-91cf-71ee99b61754,shot_noise,s5,0,0.819937,0.901054,0.901128
6b70c17c-c5c7-4fbb-bce7-866abaf9f77c,shot_noise,s5,4,0.739999,0.850573,0.850581
6b79c31c-2529-4b12-bd80-5482f72bcf06,fog,s5,1,0.444504,0.613473,0.620535
6b853328-ae9b-46e7-b416-6572eeeb6730,shot_noise,s5,3,0.650112,0.787901,0.788245
6b8ed8a3-6d6c-410e-8aba-df74f83a2675,clean,s4,5,0.759478,0.856012,0.913908
6b94fd12-ee6a-4e66-8a39-1e50917bea4a,clean,s4,0,0.639484,0.767578,0.834000
6b9ca11d-af86-4a4b-b237-ab2c953aa8cb,shot_noise,s5,5,0.579682,0.730152,0.747893
6baf38d5-59b5-417b-a685-b7af347d66af,gaussian_blur,s5,2,0.457219,0.624758,0.634889
6bbedc94-0626-45b2-9595-a5fec2ed28ea,shot_noise,s5,0,0.696819,0.818127,0.838901
6bc3a9bc-cf4f-473c-b96b-a6f03b36b97a,gaussian_blur,s4,3,0.731183,0.836391,0.895635
6bd22693-69e4-4f1f-90cc-b3d1f45c5b0a,fog,s5,4,0.466383,0.633969,0.641920
6bd89b2a-4cef-4999-8207-c8a3ac5b3d39,gaussian_blur,s4,4,0.565845,0.705353,0.781725
6becf3ba-fadc-44be-ba1a-2a5d5d8d18f2,shot_noise,s4,2,0.672139,0.788962,0.874841
6bf9dd02-52b0-4aab-9a53-9b80eae05926,clean,s3,2,0.529922,0.615229,0.894202
6c0d13ef-c1cc-4e88-b7c4-706bc1509cad,fog,s4,0,0.732068,0.840196,0.877319
6c11090d-00c3-4317-bb67-b4d5cf94fa33,clean,s5,2,0.358244,0.503037,0.576757
6c14bc79-2b07-403e-a2cc-c3f56661c7dc,shot_noise,s2,1,0.402752,0.446138,0.805505
6c21e287-2883-4401-a5cb-64752a952c88,fog,s5,3,0.625566,0.765873,0.785829
6c31bb42-ef21-480f-828c-5226cfbfdd5e,fog,s4,0,0.277686,0.434603,0.434789
6c41e3da-02b0-44b8-8b99-78cd4bd76184,clean,s2,2,0.488213,0.494036,0.976426
6c556058-1173-4ccb-adc0-5bea9a02b75d,fog,s4,1,0.455573,0.578468,0.738660
6c5744c4-254b-40ec-a9cf-f2569f576eac,gaussian_blur,s5,4,0.703981,0.826247,0.826452
6c6ceccd-c19a-4795-9c9b-89eb2629781f,shot_noise,s5,0,0.793454,0.884823,0.884925
6c74968c-63bf-4284-8ee0-f89621311bc4,clean,s4,4,0.686422,0.810696,0.831814
6c7fb921-51d0-4623-aa72-47a94796d85b,clean,s3,2,0.610789,0.715262,0.909778
6c88b8fd-57ca-41e6-9fda-ca7bacec81b5,clean,s2,5,0.481060,0.490347,0.962120
6c8cc5ba-e809-49f8-a902-a9bf5d602a76,fog,s5,2,0.469725,0.626933,0.672085
6c8e3e2c-7090-4ccf-9072-ee28f1ced5b5,clean,s4,4,0.647672,0.775651,0.833036
6c8f9f15-a7d8-4c47-ba3f-b91014de1760,fog,s4,3,0.450753,0.617837,0.630741
6c96b3b5-76e4-4833-a5d0-58ee64afa5f5,shot_noise,s5,5,0.508755,0.674393,0.674435
6ca0704a-ff1d-489f-9425-f966c07ac0fc,clean,s2,0,0.613340,0.702873,0.953729
6ca65623-faf2-47fe-b0a6-40bcfd28e686,clean,s4,5,0.632731,0.762223,0.829039
6ca75408-7ac6-43ef-9ced-53fc1f9b065e,shot_noise,s2,0,0.651677,0.744214,0.964631
6caa8540-5803-40aa-94ba-1a6dabf8261a,clean,s5,0,0.496503,0.663540,0.663584
6cadc097-f15d-4e95-bd78-21d8e50c6b6e,shot_noise,s5,2,0.474047,0.624777,0.692267
6cbb8252-cd62-42ad-953f-ef237428b546,shot_noise,s4,2,0.727097,0.838955,0.860820
6cc37b19-7158-4f9d-aaf5-65afcaaff8c3,gaussian_blur,s3,2,0.531054,0.645988,0.828515
6ccaf075-5f3c-430a-b082-ab45a40f3933,gaussian_blur,s4,3,0.398534,0.465155,0.765832
6cd3cdc4-d311-4f85-8ec6-6304f1a79c66,clean,s3,3,0.780969,0.866609,0.955029
6cd72847-6cd5-424f-bd90-13049a2edeea,shot_noise,s4,0,0.642876,0.770775,0.834309
6cd935fc-a352-4a00-9955-073a40481fb1,fog,s5,1,0.373034,0.543129,0.543904
6cdb519e-1182-4b95-a951-10586d6ec5a0,shot_noise,s5,4,0.609284,0.753512,0.772219
6cf17a74-07d0-4ead-8e8c-6837474b5d57,fog,s5,5,0.410352,0.575325,0.597429
6cff5679-87a9-410b-b376-593d5f81cfa9,fog,s5,4,0.709803,0.829468,0.835008
6d03c660-0338-440f-a4ff-1bfb332d62bb,fog,s5,3,0.490976,0.600788,0.803403
6d1749d9-4320-4d74-846b-a21009197fb6,gaussian_blur,s5,4,0.572415,0.724625,0.740588
6d1d4b4e-0e6a-413d-a326-a84f96f18d42,fog,s4,2,0.681213,0.797929,0.872012
6d1db6f9-690f-4228-9607-9f9bd486d2ae,clean,s5,2,0.501383,0.665965,0.673675
6d20368d-500a-45ea-af92-b77fff493882,gaussian_blur,s5,2,0.506198,0.672153,0.672156
6d55267e-a3e5-4de2-a6c0-93e525aac66d,gaussian_blur,s5,1,0.629624,0.771889,0.776379
6d593722-844b-4fda-869c-df38e7394c7c,shot_noise,s4,0,0.449891,0.530864,0.811835
6d6a36da-0b03-4a94-a1a0-118cbd1e99f3,fog,s4,2,0.509711,0.669789,0.691760
6d7a95ee-da32-4479-a9d1-1fc66ee5417a,gaussian_blur,s5,5,0.257743,0.399195,0.427584
6d7f1154-486b-46b9-832a-27dbb14d61f0,fog,s5,2,0.610653,0.758139,0.758799
6d86e719-222f-45fa-9904-4c117f7eaadc,gaussian_blur,s3,0,0.830102,0.901057,0.968896
6d8e1e35-9cba-4d74-ae47-c3c328bdd645,fog,s4,4,0.635556,0.759058,0.852366
6da079d4-302f-4b7d-827c-e2fca5c2d060,clean,s5,1,0.696280,0.820294,0.824597
6da30125-d9df-438e-bb81-67b804a8f8d4,fog,s4,1,0.213447,0.351442,0.352357
6dad10b9-fbee-46a1-8196-a92df123c62c,gaussian_blur,s3,2,0.516184,0.583456,0.914831
6dbfca28-2185-4487-8e2d-64866a649494,gaussian_blur,s4,0,0.719457,0.823688,0.911449
6dcf9c30-4e0c-4111-b549-c5389a770731,clean,s4,0,0.736634,0.836521,0.920688
6dd28242-c000-4884-b1ef-5bbcc3fb2c66,shot_noise,s5,4,0.508971,0.673637,0.677525
6de7e4dd-02d9-4667-afee-82fbf08ca75f,shot_noise,s5,1,0.649221,0.787267,0.787488
6ded5f0a-b490-4560-bb7d-826c02d9d524,shot_noise,s5,1,0.798030,0.886735,0.895938
6df8fcee-5081-4d05-b446-6171829acf3f,fog,s5,0,0.619851,0.765244,0.765637
6e0b05f5-3f98-42f7-812a-2278ffef4504,shot_noise,s4,1,0.746237,0.848687,0.894291
6e0b6046-c8e7-4ae5-a80d-a34fda77563a,clean,s5,3,0.258275,0.405670,0.418688
6e1ab72b-dc36-4ca1-b80c-2c9ca5b0259c,gaussian_blur,s5,0,0.352712,0.495636,0.572747
6e1bf330-e5c4-4553-bac5-7fd704d1efcc,clean,s5,0,0.443008,0.602399,0.643200
6e2db76a-5798-40d0-b3cf-4528f531e8ec,gaussian_blur,s5,3,0.637618,0.778192,0.781067
6e2f98f9-66ca-4187-b4c9-8decb2f894f0,gaussian_blur,s3,0,0.494440,0.623289,0.763689
6e30d2b0-ac01-40b8-b575-86ab0c754bf7,fog,s4,4,0.412483,0.500146,0.751920
6e339b2e-15db-42db-a416-cb014124c873,clean,s5,4,0.581389,0.735254,0.735423
6e4be81d-0b29-4b1d-96cb-72036fd88f06,shot_noise,s4,5,0.499342,0.604712,0.821333
6e52a09a-8565-459a-8c68-3ce1eac0a99a,clean,s4,0,0.247144,0.389360,0.407759
6e54f605-2e31-4bd6-9e18-4a4bac36a577,clean,s3,5,0.300037,0.422066,0.529957
6e56db30-1a87-4487-8088-4151d2d0ab2b,fog,s5,3,0.420057,0.590161,0.595131
6e723dd0-38d4-4f4a-b48a-23740d88f2ec,gaussian_blur,s3,1,0.496315,0.589220,0.843925
6e7eb01f-f28d-4320-84d1-4f26fb0c9958,shot_noise,s4,4,0.667005,0.785067,0.870853
6e7efbd3-58a6-4d1f-ab75-9d223c710370,gaussian_blur,s5,4,0.788972,0.879825,0.900468
6e87aa81-8f4d-4d33-bae9-c5815b46dfe0,gaussian_blur,s5,2,0.773557,0.871163,0.881325
6e8e9b12-4af5-4e45-9a6d-41462ea1bcca,fog,s4,2,0.424805,0.577608,0.640549
6e9437a6-0b8b-44dc-bba9-02a8992eaef2,gaussian_blur,s5,2,0.530911,0.691482,0.700414
6e95d161-1df8-4a7b-9fdd-2b57058706a0,fog,s5,5,0.607388,0.755044,0.758610
6ed4826d-0f72-46e2-bc70-4e346f67b874,clean,s3,0,0.595447,0.688027,0.933646
6eda2ea8-c1f6-40b3-861d-1ed63229bd8b,gaussian_blur,s4,4,0.706330,0.818125,0.881605
6ee08e2c-812b-4a03-9e3f-43c6d8624a99,fog,s2,3,0.514701,0.594933,0.888645
6ef3cd7e-61f7-4fff-9a16-8c6d620b09a0,fog,s4,1,0.702628,0.805357,0.928037
6efea4a4-9833-4bf6-883e-d9ca61e4913e,clean,s5,4,0.663631,0.797555,0.799072
6f15fabb-5bfd-4d4e-9eea-df6ccc5c88dc,gaussian_blur,s4,3,0.642317,0.772867,0.823332
6f1b4a59-29f7-4835-b1c6-a5a66049e213,shot_noise,s4,4,0.500075,0.638023,0.746048
6f2c9b10-52de-4773-95fb-e3c215dc35b3,fog,s3,4,0.242518,0.360659,0.436829
6f42e4a6-b96b-4d15-b6e2-81e80fda0078,gaussian_blur,s3,4,0.655337,0.768793,0.891238
6f462034-df68-4136-b42c-c63e3bb04253,gaussian_blur,s5,1,0.584314,0.737605,0.737694
6f477cba-1ac1-4baf-85f7-58fb684ba265,fog,s5,0,0.224208,0.349881,0.391531
6f512eb8-379c-4273-ad7e-b44d3dee1067,gaussian_blur,s5,4,0.458930,0.628838,0.629925
6f631d70-e0ed-4553-9766-5b63993d7bef,shot_noise,s4,0,0.520378,0.655809,0.768005
6f644d45-de85-4ad0-97b5-3c36b5bd8b46,gaussian_blur,s4,1,0.711422,0.828080,0.850584
6f73b8ac-3caa-4e56-9865-c57bec1720df,shot_noise,s4,2,0.644212,0.778861,0.805095
6f85be4e-4454-41b6-b438-a0e6a1066670,fog,s2,0,0.489600,0.494745,0.979200
6f8a0e1b-453e-43a0-a7e4-5e057d0a8d5e,shot_noise,s4,3,0.662576,0.778176,0.882123
6fb5f13c-f079-4c69-bf44-42055a87ce38,gaussian_blur,s5,0,0.573897,0.721001,0.758904
6fbb2519-1936-40f8-944d-92eeea92e8c5,clean,s5,2,0.688892,0.810299,0.844747
6fcc096b-c3d0-4884-b9e5-3865f1ae7d34,clean,s4,3,0.542461,0.680252,0.775675
6fe84f02-5dec-4b4d-852b-a2c9c0a8896f,clean,s4,0,0.790923,0.877621,0.929319
6fec9c31-08b0-4031-8a5c-151aa97598e4,fog,s2,3,0.490057,0.561372,0.877541
6fece138-48f1-412a-a209-f11b150736e9,gaussian_blur,s3,5,0.586573,0.675691,0.935931
6ffe622a-391e-4b16-8aae-00d31bb6019a,shot_noise,s5,0,0.774641,0.873010,0.873024
7002eeec-a0ec-45cd-b2e9-58d9d44d9912,shot_noise,s5,2,0.805663,0.892373,0.892380
7008f88b-ebe2-4ae9-9805-6b7bad1be35a,shot_noise,s5,5,0.634379,0.775978,0.777701
70092108-8c49-46e4-83f8-da9d0ccd137c,gaussian_blur,s5,1,0.280053,0.434590,0.442827
7014d305-ae86-4f05-bb0b-cfa24dd8a8e0,shot_noise,s5,1,0.630035,0.772983,0.773249
7015f24f-9123-4c90-ac0c-b36b6364b041,shot_noise,s3,4,0.301911,0.427876,0.526581
701c7c61-1eff-4522-84ab-4b410aa968f0,shot_noise,s4,2,0.553613,0.677050,0.823000
701f63df-84ac-4432-9652-9ff14d8ccee9,fog,s3,5,0.634163,0.733375,0.936492
7026d551-cf5e-4c7e-b16a-00b557e62864,gaussian_blur,s3,2,0.554090,0.618555,0.960863
702a7c80-956b-4267-955b-4dcc80052d0a,clean,s3,2,0.402146,0.503787,0.714336
7032baeb-db6f-4fea-9963-77e7b49bb389,fog,s4,2,0.599807,0.714468,0.873760
703cb749-8207-4451-a912-2e08305507c2,clean,s5,0,0.563428,0.720521,0.721617
70432f9e-0ed9-42c3-99bd-dd873b357e60,clean,s4,5,0.664941,0.795678,0.813820
70453733-dd18-4c40-ad76-c7209eb626ab,clean,s4,2,0.637763,0.760021,0.857165
7058445d-4ccb-4b63-a3d1-00276f3b151f,gaussian_blur,s5,3,0.435713,0.596376,0.633197
705eb0ff-be7b-48e0-9097-bd32b7a17b31,clean,s4,5,0.637763,0.760021,0.857165
705f418c-ee89-4e09-b7cb-8b9d3a9162a0,fog,s5,1,0.629020,0.772025,0.773333
706372fb-ce78-427c-8c6e-191d4a87724a,shot_noise,s4,5,0.509349,0.619256,0.821136
7072cd5e-fc19-4748-8b24-783f9af99b21,shot_noise,s5,4,0.546825,0.696493,0.741744
7079dabf-951c-4f39-8cfa-8dee4f647aa4,shot_noise,s4,2,0.878460,0.934457,0.948128
7095b5f6-51c8-4335-8715-78592cece28c,clean,s5,2,0.611579,0.758770,0.759856
709e63a6-8bfb-480e-a810-ee9b44e5cc06,gaussian_blur,s3,1,0.530743,0.585634,0.953628
70a22503-a8eb-4a7e-bdc2-c46d8ac5a7f5,shot_noise,s2,5,0.453536,0.475636,0.907072
70ccdad9-f463-4f51-8236-b53998b91f8e,shot_noise,s4,0,0.764516,0.863833,0.886464
70d67249-90c1-4f11-a17e-bef485b7444c,gaussian_blur,s3,0,0.457904,0.478027,0.915808
70e47d2c-a7db-4e53-a72c-f166aa85f0cb,clean,s5,0,0.481403,0.649644,0.650739
70eb4ecf-3805-4469-9389-79b5706015bd,shot_noise,s5,5,0.625807,0.769537,0.771163
70f3c1de-b2eb-4e78-8485-d8e346796165,fog,s5,0,0.774641,0.873010,0.873024
70fd26b4-339c-4cf1-b4c4-12bfa4adb1dd,shot_noise,s4,0,0.533602,0.657426,0.808133
7106587e-f312-4057-bda1-a777fb09bf97,shot_noise,s5,3,0.586969,0.739450,0.740832
71090502-b492-47bb-a3de-abcccaea3b18,fog,s4,1,0.677994,0.795545,0.869508
711d1807-9295-42fb-b4f8-199bf4550969,shot_noise,s2,5,0.484097,0.522692,0.924085
711f3fe3-3982-496d-ab89-aad91ed9c325,shot_noise,s5,0,0.459088,0.628193,0.632207
7128303c-632d-4911-9267-1f11979c17ad,gaussian_blur,s5,2,0.656016,0.791781,0.794688
712d8b49-f0cd-4935-8027-edcce518643a,gaussian_blur,s3,2,0.624165,0.731598,0.906453
71314da6-8254-4195-b158-28245b4045b3,clean,s5,1,0.607543,0.755865,0.755868
713263b1-d3d6-4d68-a684-1cf2b2649b3b,fog,s3,1,0.442387,0.469433,0.884775
714addc5-0f7c-4705-80b1-ec7fc7314d7a,fog,s5,4,0.392170,0.563390,0.563403
714e94bb-395a-4c9e-a38c-1ea52732aacd,fog,s2,5,0.456190,0.535629,0.822352
71626c0b-3288-4593-a0e0-12775d4d2412,shot_noise,s5,5,0.373907,0.544179,0.544557
7162b0ea-6aef-46e7-b66a-53b7f26d0494,clean,s4,5,0.239789,0.378826,0.399693
7164550d-ed11-4447-aa15-f4a4ab9c0761,gaussian_blur,s5,3,0.405788,0.543175,0.652032
71740401-b360-4858-a59e-b035a322b48e,fog,s4,4,0.471804,0.637390,0.651420
7174ed76-0744-4e3b-90eb-f53f7ea669c8,fog,s5,2,0.522670,0.685965,0.688277
71798663-2a92-4532-84bf-6d366362725f,gaussian_blur,s4,0,0.763737,0.859534,0.912389
71849b74-4e7c-4559-bcf8-804618dae67e,clean,s4,3,0.694675,0.802885,0.905814
71a0380b-266f-4491-a16a-dd75cb53f429,clean,s5,0,0.562221,0.717962,0.726187
71a9af78-87af-4bfa-8d48-a0d954d3ab63,gaussian_blur,s5,2,0.639564,0.772048,0.815765
71b86b60-536e-414c-bcc7-6e4e65e4a0aa,shot_noise,s5,0,0.517795,0.678121,0.695279
71b9c5b8-af2b-4e03-b484-98d699b45294,fog,s4,4,0.499256,0.657467,0.690933
71c20285-3659-4020-b6b0-c40d6d35b05b,fog,s3,3,0.344475,0.462276,0.605701
71c56694-5f10-472e-96ee-c437838fc8f9,shot_noise,s5,3,0.586844,0.738439,0.744213
71e3fd0b-bfdc-4aab-98f8-88cd3655b45f,shot_noise,s5,2,0.677555,0.802816,0.833008
71f8062d-7a1d-443e-afef-5584515836dd,fog,s4,0,0.801802,0.888106,0.906929
71faae80-94da-4a4a-8fb0-9725c606f092,clean,s4,1,0.403036,0.452038,0.798042
720137fc-7f6d-42ac-a6c5-d4277c8ddc04,clean,s5,3,0.679282,0.808348,0.812492
721c1bc1-defd-4f4b-b127-7accf84349c6,fog,s4,5,0.275031,0.428964,0.435694
72251763-0bce-44c2-9465-ea486f79683a,shot_noise,s4,2,0.490834,0.636089,0.719968
723ce219-6c8a-40c0-ac85-f2ee46d0370f,clean,s4,4,0.814757,0.895498,0.921142
723efd38-0447-48bc-91bf-dc3e45cbd7b2,shot_noise,s5,3,0.758128,0.862389,0.862693
723fd96e-9444-4e26-bd06-46ecde2d5ca2,gaussian_blur,s5,1,0.603836,0.752524,0.754871
724055fe-9d15-40f6-aa6c-7e0ca9e7fda5,clean,s4,1,0.549312,0.688588,0.774985
7249c3ea-d7fd-4a8f-9deb-7a33316c7e79,shot_noise,s5,1,0.609727,0.757497,0.757786
724a8022-217f-4ebc-89b2-b6faeb6c6ab2,shot_noise,s4,4,0.799856,0.882461,0.942731
724ca9d2-f69d-4eb7-98f8-38551eaa6894,shot_noise,s3,2,0.312475,0.421690,0.570352
72522a1a-07a8-4041-a0e0-ca29a361d799,shot_noise,s4,1,0.606145,0.711259,0.905515
725850d0-c288-41e8-bf15-3829dfb6ad84,clean,s5,2,0.780822,0.876922,0.876928
725e7893-756e-4c1c-b6d4-7f79ee044695,shot_noise,s4,1,0.784887,0.877027,0.899435
72745ed7-ee01-4a49-b62c-ef618cb16e9e,clean,s4,1,0.445409,0.510900,0.831824
7277d126-3dcd-4947-8e77-5789a9a64f5e,shot_noise,s5,2,0.552921,0.711862,0.712945
7286265a-5eab-458b-bc57-0c7be0b19763,fog,s5,3,0.371558,0.541803,0.541808
729e344d-89f9-4583-a1db-ba52a2aeed35,fog,s3,5,0.717015,0.814758,0.945476
72ac1f87-5182-4391-988d-64cb491376a2,clean,s4,1,0.484523,0.613639,0.754037
72ad00d3-0244-44e6-ad58-7f225384627f,shot_noise,s5,5,0.646488,0.784568,0.788663
72ad96cd-d725-4f37-9483-7a53b002fb01,shot_noise,s4,4,0.602678,0.702422,0.918994
72b14d7e-6c6a-4651-9b9b-7e3e5c8b54b8,clean,s4,5,0.771816,0.868131,0.894599
72c03695-0424-41ba-967b-46296f63010c,fog,s4,1,0.403555,0.556625,0.616594
72d60ac7-9b42-4f65-abed-fd035f4863b5,shot_noise,s5,3,0.257283,0.341531,0.512138
72dd87c6-d945-49e0-9728-ecb1afc0d454,shot_noise,s2,4,0.486043,0.492923,0.972085
72e94f1a-7add-4787-844c-37b326e4db6e,fog,s5,0,0.714602,0.831422,0.846165
72f0da3a-6c16-4844-8f9b-1b3b59adb798,fog,s3,1,0.591799,0.689114,0.918693
72f5bcb7-76c7-42a6-a356-8694b4aa5d80,shot_noise,s4,0,0.759528,0.855086,0.920229
730320eb-9ac9-4cb3-9125-e711facc80ea,gaussian_blur,s4,5,0.507891,0.643021,0.759429
73067fba-a419-44af-b815-6779fe644b89,clean,s5,4,0.461334,0.631291,0.631648
73092f95-c1a2-4b5e-a372-18717d5b19bf,gaussian_blur,s4,0,0.585894,0.712474,0.830724
730e5417-25be-45fa-b1f0-77a303e1d2bb,shot_noise,s3,0,0.529922,0.615229,0.894202
731d514b-b49e-45e5-b7b0-8a1f530cb594,shot_noise,s5,0,0.761987,0.864039,0.871386
73338a7a-ca7f-4979-846d-c796e37b49c5,fog,s5,0,0.717077,0.829485,0.868923
7349a570-9061-4556-a8b8-4dad58991507,clean,s4,2,0.401777,0.545160,0.634976
735b73a8-2226-4351-8bc4-1b5c2f0bcf3c,shot_noise,s5,4,0.432154,0.600096,0.612017
73689329-2ea2-4535-848a-370be1ecbc10,gaussian_blur,s3,5,0.211102,0.339475,0.362444
7369c84d-046a-455e-a89a-6b7b38cb306c,gaussian_blur,s3,0,0.686677,0.792213,0.920229
73782de4-e586-4b1d-bc59-bb9b7938512a,gaussian_blur,s5,0,0.671829,0.802928,0.807651
737db9c2-a054-4ce6-a97a-e33dab42a54f,fog,s4,3,0.415466,0.541079,0.687184
738698b6-b3f0-4af0-b73b-e31961476124,clean,s5,1,0.508887,0.674517,0.674528
7386db45-0ac3-42ce-bf84-b0e0d4c350a4,fog,s3,4,0.742932,0.835024,0.958485
7392519b-65be-4d0f-b5c0-236adf9764eb,gaussian_blur,s4,3,0.645585,0.759955,0.887408
7394c7d6-2ac1-42fe-93d6-e7ad3c450af4,clean,s5,0,0.640578,0.769927,0.828687
739b3bd0-cf20-4ee4-bb2a-1a443c5d3382,fog,s4,1,0.609807,0.743773,0.811637
739cc2ad-924c-4790-8bba-89968125ab9f,shot_noise,s5,0,0.508879,0.668387,0.692987
739f068c-da33-47c4-be9f-540d89a56972,shot_noise,s4,5,0.675455,0.802606,0.824981
73a1a1a5-91f7-4bea-beca-1a47d8073c6f,clean,s4,5,0.758115,0.854444,0.917201
73a1a3d7-590b-42a4-bbd1-109cf5443241,clean,s4,0,0.506671,0.646917,0.745225
73a8e5dd-5400-490d-a378-46c9cea4152e,fog,s4,1,0.629745,0.762702,0.815425
73b0e2e6-d26c-47be-a77f-0d13c2284d2a,clean,s3,4,0.542132,0.639766,0.878891
73b2496e-fe6c-4de5-ae22-e3e9dcc07d93,fog,s3,1,0.607451,0.707344,0.921349
73b371f3-d450-4a98-8647-b61c65608bdd,fog,s4,1,0.638477,0.773398,0.805638
73b728a6-8515-4f75-b293-890edf2c6624,clean,s5,5,0.418300,0.589861,0.589861
73b91c14-0924-4d81-8155-181aceb925e6,clean,s4,4,0.572346,0.700637,0.819472
73ca713b-204d-4f13-9d0c-5c5d4214b4ea,gaussian_blur,s3,4,0.603677,0.714368,0.887648
73d4f0c1-f834-4b28-8c58-ebbf132ad5ce,fog,s5,3,0.565278,0.716135,0.743888
73dea41a-78c0-4868-9988-818407421a6d,clean,s5,2,0.749214,0.856534,0.857294
73df76d4-69f9-4387-a013-e69c0d57a88c,shot_noise,s4,5,0.392694,0.536865,0.622384
73f25ab1-7ade-4216-892f-5bc4320b09a9,fog,s5,3,0.591509,0.743324,0.743360
7403738b-4c1a-4778-88e8-8155384ca536,gaussian_blur,s5,0,0.714672,0.823573,0.890408
740719c8-fe80-499e-a1fe-b722792b62e0,shot_noise,s5,0,0.494184,0.642020,0.715830
740f8de5-2362-4fcf-8b18-ef8750100dc9,fog,s3,0,0.286274,0.391821,0.532762
74133de1-6cf9-4608-95a2-491dce51f084,clean,s5,3,0.558173,0.714299,0.723957
7417b28c-9f8d-4d98-8723-2cd19f00da81,shot_noise,s4,1,0.593830,0.733083,0.790412
74246e7b-1e56-42d7-b76f-cf3dd3df36dd,fog,s4,1,0.451590,0.564896,0.753904
7426ff7e-172d-4711-9e2c-34fa984e810b,clean,s5,3,0.373423,0.541275,0.549254
743dfa86-2f2a-489c-9126-66b5beeafe75,fog,s3,4,0.249523,0.374789,0.438736
744e9a7c-9d6f-40da-8a72-a5fb68cc139b,shot_noise,s4,4,0.705783,0.819485,0.872018
74580c0b-e041-473f-bcfd-9b4d6a913645,fog,s4,4,0.525688,0.664746,0.761809
745fb254-b5ac-4e34-ac79-d2434743d148,fog,s5,0,0.385715,0.553140,0.564670
7460003a-cb29-4265-9b2e-fbf2a77ef2e3,fog,s4,2,0.553580,0.711604,0.716281
746d410a-26b2-4ecc-b329-b170ec578005,clean,s4,0,0.496022,0.600921,0.818981
7471b63b-239b-47a9-a6e2-13a9c4e80cf3,gaussian_blur,s4,5,0.416540,0.505428,0.755285
748bb67e-37fa-46a9-9d35-63d1615fd2df,gaussian_blur,s5,0,0.694192,0.818320,0.825968
74905171-97a0-48ee-922b-9e59d87de95c,gaussian_blur,s4,2,0.644478,0.779060,0.805302
749c0b80-d503-4c27-a54e-c3438f7e732a,gaussian_blur,s5,5,0.766563,0.867213,0.872718
74c3b50f-5b1e-4650-a92f-79adb2997a4b,clean,s4,2,0.454653,0.539939,0.810213
74d388c5-331b-4752-a9cc-45fddb199726,shot_noise,s5,0,0.397343,0.554040,0.601611
74d7ceda-c4aa-449b-9abc-dbbb2cfb0bf9,shot_noise,s4,2,0.507769,0.645562,0.752464
74e3459f-6734-4add-98c0-9067b9b6cf89,fog,s5,4,0.678635,0.808243,0.810186
74e8d463-0507-4c1e-8791-d6b029dd6996,clean,s4,4,0.668583,0.790602,0.852843
74ec72c6-b1db-493a-b750-d702c87ef65f,fog,s4,4,0.614265,0.730483,0.874443
74f6d9e2-d5c6-4b54-bff6-5252c57bf446,shot_noise,s5,2,0.598010,0.745292,0.760816
74fb0490-1da7-40bc-ad71-a900f70d4c53,fog,s4,0,0.687664,0.803758,0.871860
7518c020-dc46-49ef-9d39-e63775b80f48,shot_noise,s4,5,0.592527,0.730290,0.795467
7523422a-afc9-4294-894e-ed19aad3427f,clean,s5,1,0.690118,0.816651,0.816651
752c66fb-59cb-4d18-acc6-b16c0cc2ff38,fog,s4,3,0.698116,0.804346,0.913600
752d7387-6db9-46e4-9ddf-8b09a72b36d2,shot_noise,s4,3,0.641065,0.768478,0.836571
752eb923-a6b5-4335-8dbc-59738e0a939f,fog,s4,5,0.145854,0.251932,0.258112
7532d795-adfd-45ed-813b-96ab89a2eca2,clean,s5,2,0.567937,0.719737,0.741213
753d8db3-5e26-41a3-8a42-43229e5ca4c8,gaussian_blur,s4,2,0.703640,0.822667,0.845079
753dffb3-01f0-4145-9593-71cc705f6ca1,gaussian_blur,s4,5,0.606536,0.726427,0.859840
75439528-7278-45da-8bbf-48040585baeb,gaussian_blur,s4,4,0.705623,0.813801,0.900485
754d746b-8f74-47c0-8a40-8d0343a0f426,shot_noise,s5,5,0.266917,0.348039,0.533835
7554b171-d227-4d28-a858-604e873f78e4,shot_noise,s4,4,0.695561,0.813509,0.857669
755a7063-2d99-4682-98a9-fbb4a3704db1,shot_noise,s5,3,0.610286,0.757769,0.758874
75643623-259c-45f2-bd0e-af08fc5c2de4,clean,s3,0,0.543442,0.664280,0.823086
7565db78-3791-480c-839f-3e06189a2e44,shot_noise,s4,1,0.722474,0.830018,0.891010
75680e0c-efd9-4a7b-a94a-b6593f57aedc,shot_noise,s3,4,0.543985,0.635006,0.895461
75798677-b8ab-4a21-a54e-84c9e92fea8e,clean,s3,4,0.569875,0.665088,0.907928
7580ca12-e55a-49d3-825d-efb99ab6ac14,gaussian_blur,s5,2,0.423169,0.594682,0.594693
758e8ecb-a8f2-4ffe-97bd-4dca212cbb79,gaussian_blur,s5,0,0.311614,0.407119,0.589925
75d70d61-818e-4509-9030-fc0832703b02,gaussian_blur,s3,0,0.298526,0.420556,0.527504
75f40638-3efd-4431-a106-0cb352124985,shot_noise,s3,4,0.494098,0.585118,0.845264
76159b4e-6df7-47ab-b9bf-d540a122e90a,shot_noise,s5,3,0.468635,0.638065,0.638539
761ae0cb-9a9f-4a00-9881-9293cdcf9640,gaussian_blur,s5,4,0.619073,0.764504,0.765664
762e78bb-3c88-4db5-8669-e7f7b4ef0981,fog,s3,3,0.336480,0.402257,0.672961
762f1790-2751-40e6-8088-bcccc304eea1,shot_noise,s4,4,0.461013,0.540099,0.828928
763ed566-b095-45b7-b55e-5cf532443177,shot_noise,s5,1,0.202956,0.329905,0.348656
764dbd25-0b1c-4376-8cb6-a633c502741e,shot_noise,s5,0,0.641832,0.781825,0.781957
7657c563-0ac1-45f9-a024-35dcf0235f8d,shot_noise,s3,4,0.615347,0.709848,0.941189
76601094-1671-4950-9395-c23a6edc9266,gaussian_blur,s4,1,0.454807,0.614282,0.653676
76721fd3-efca-4903-9621-20e72a83d4b5,gaussian_blur,s5,0,0.617495,0.761883,0.770395
767981fa-80b7-4993-a2b4-a568f13b7cdb,shot_noise,s3,2,0.527497,0.587405,0.940948
767c4008-d432-4a43-9445-75a83c204f61,fog,s5,2,0.591279,0.742009,0.747568
7696f13b-58c5-4b15-8971-89087bdbc482,clean,s5,4,0.217210,0.303948,0.432971
76a2caa0-9e87-44f4-9e8c-c1b87d56ad25,fog,s5,2,0.419005,0.589366,0.593474
76acf573-71cc-44e8-8db3-e05c7317b551,fog,s4,3,0.277279,0.433466,0.435419
76b45b46-30fd-4f63-84b6-a25b97383a77,shot_noise,s3,5,0.654042,0.753650,0.941808
76bbc375-2913-4b82-b607-f26f164fdcf9,clean,s4,5,0.575911,0.726820,0.745803
76ce33da-671d-4c7a-a149-a9940de89ea3,clean,s4,2,0.462543,0.572570,0.772773
76cf5211-ccc8-4e08-a21d-7e8cd30b4693,fog,s5,4,0.396371,0.562846,0.578855
76d2b650-c5d6-48cb-a026-ce4bb66c2dc3,gaussian_blur,s2,5,0.490280,0.495092,0.980560
76dab746-ab57-4c18-a376-09c42c2a2a9f,fog,s4,1,0.563705,0.719404,0.726627
76e307b6-35a7-4873-85b9-55d5f5734145,shot_noise,s3,3,0.471289,0.513328,0.902261
76edac70-bab8-4108-9918-ee42aa60f790,clean,s4,1,0.784581,0.871706,0.938389
76ff1a0d-f844-40bd-aaca-e5093af4a384,shot_noise,s5,2,0.694348,0.808395,0.878108
7714efda-7c32-4bf7-8627-da7baff667c9,fog,s4,0,0.707830,0.825354,0.849360
7723733e-ae2d-47c0-aba3-df89ab9e9ea8,shot_noise,s4,4,0.283166,0.423149,0.472917
7739d6ba-b3ac-40cb-8047-7526a022d945,clean,s4,2,0.316461,0.472343,0.496757
774cd6aa-8be2-4f12-8465-45cdede9f16d,shot_noise,s3,5,0.251211,0.375021,0.443995
774e1a4d-6888-49ea-a587-5835a35080ec,fog,s4,3,0.504801,0.663454,0.693104
775ea7ae-36d7-467a-b8c5-4bb8737229b9,fog,s5,5,0.317343,0.432268,0.569024
77645cc6-01a1-4e19-8d2e-7c8f4469e610,shot_noise,s4,0,0.822161,0.897966,0.945886
77696463-a115-4b5c-9fb0-8f689fe5ec1e,gaussian_blur,s5,1,0.502798,0.667716,0.673461
776db147-21d9-403e-b6dd-8576a32b851c,gaussian_blur,s4,2,0.713735,0.818626,0.911984
776f76e9-b68f-4e9c-abf3-287ac02c08b6,gaussian_blur,s4,1,0.747414,0.852501,0.875456
777837d5-b5af-4e19-82d2-5917f4e2acf7,fog,s5,4,0.368663,0.537610,0.541119
7789bb6c-3c22-4cb2-b692-b5de21e3fea4,gaussian_blur,s4,4,0.709796,0.825583,0.857141
7791ce08-2293-4e71-8382-c0ccc56e51a8,clean,s5,2,0.646643,0.785007,0.787275
7792f0d3-2beb-4128-af0b-e0a2869c1898,gaussian_blur,s4,5,0.553779,0.677982,0.820988
77988054-db9b-421d-ac13-6b82e135d637,gaussian_blur,s5,5,0.452802,0.620876,0.629877
779ba704-debf-4037-8680-a3d3ac9c062f,clean,s5,2,0.580240,0.726127,0.764465
77add665-5cd4-4b15-b271-0d04886e3e65,clean,s5,0,0.633129,0.769343,0.801429
77ae0e2c-7ca4-4de8-9f07-1a1d8e32a85d,shot_noise,s3,2,0.523366,0.608238,0.888465
77b0bb6e-28db-41aa-a78f-c86ee3bcd4a0,clean,s4,1,0.616881,0.738656,0.856390
77b32585-e113-4b2b-8c68-9abb06c36f81,clean,s5,5,0.454605,0.624494,0.626555
77b4f22e-b435-4075-8bd7-422887f937c0,fog,s5,1,0.449196,0.601356,0.666501
77b61c9f-57b5-42e0-96a8-9c553554e855,shot_noise,s4,5,0.399743,0.475859,0.753003
77b66153-c716-4050-ac72-06acb08fa055,fog,s4,1,0.436908,0.592000,0.647640
77ccb641-227f-4f32-943d-401a1e9fbb88,fog,s5,4,0.593007,0.744307,0.745319
77d71816-7956-4701-9eba-cf86dc48b1d6,shot_noise,s4,2,0.682408,0.799977,0.867471
77d7dad0-fbb6-4ba6-a43c-951c77a89ddc,clean,s5,5,0.378090,0.537915,0.572092
77d9e76a-7ef7-4fd9-ac02-e2f185d78d99,fog,s4,3,0.667054,0.787466,0.860563
77dbc0c3-8040-45be-bd6d-b7bb2bbb4fa8,shot_noise,s4,4,0.484200,0.608783,0.764149
77e141a9-8749-437a-b2bd-cc49538b54c6,gaussian_blur,s4,2,0.507724,0.653559,0.731051
77ef22be-0e09-4c2a-ad7d-232f2a5ba350,fog,s2,4,0.506093,0.593044,0.866228
77f83a1b-2a3d-4b26-a5c0-45250f6b07ef,clean,s5,1,0.259351,0.401986,0.428427
77fa8e52-d0a3-40b5-9495-ae57ca46ffd7,fog,s5,3,0.602236,0.751315,0.753472
78004ccd-6864-49ea-99f6-de2bf69254f7,fog,s4,2,0.636183,0.774051,0.793539
780252ac-e5f6-4aa8-932b-cd1d808a3fa3,gaussian_blur,s4,2,0.605574,0.740936,0.806078
780a7aab-d6a5-4f07-9937-7dd770ca2570,shot_noise,s3,4,0.738084,0.829316,0.966432
780b91b5-113a-48c0-b9d3-38c4c5c0c477,clean,s3,5,0.300555,0.404480,0.559111
780bbfd9-07a2-4419-8cd9-645d93dd1bb2,shot_noise,s5,2,0.699235,0.823000,0.823000
780cad80-4ecb-4921-9fb0-7be2ea21d381,clean,s5,1,0.668695,0.800929,0.804117
78193cf6-1a41-4ea9-adbb-d0d0f717e5b0,fog,s5,5,0.512161,0.676653,0.679670
782e8280-b4f1-4518-adea-6a0eea91d8fa,fog,s5,0,0.488946,0.650626,0.674347
78330646-5bea-4ea0-a144-9891f1b9a97c,gaussian_blur,s5,2,0.575240,0.725622,0.747592
78456e3c-f770-40f9-bf36-c2d0d5139e2a,shot_noise,s3,0,0.647677,0.747040,0.940858
784dc794-c405-4953-8c3b-d625cf3ec05e,gaussian_blur,s4,5,0.447141,0.541841,0.784117
78698e6c-99c2-4740-8263-a097aa8d4581,shot_noise,s4,2,0.591421,0.718703,0.830565
786ca61a-c922-4b57-b5cf-725a07dcedef,gaussian_blur,s4,1,0.637932,0.769676,0.819207
7872d6d1-48bb-4214-9962-70e6417385ee,clean,s5,2,0.669720,0.795195,0.836368
7876e362-57e3-44e5-8832-58931e4bdfb9,clean,s3,1,0.698265,0.796543,0.949057
787ac6ba-889c-4ef3-8e26-736cc5cfbbd3,shot_noise,s5,5,0.665025,0.794523,0.819712
787b134d-5e74-489a-8204-a26c78220f12,gaussian_blur,s5,3,0.288823,0.437213,0.467712
7881e385-0178-4d66-8c8d-f6b300df82b1,gaussian_blur,s5,5,0.776242,0.872511,0.885920
78855ee6-a3cd-47c3-9468-100b7890c4be,fog,s5,2,0.385477,0.551553,0.567381
7892f7ae-ea19-485d-809f-a4be1128f666,gaussian_blur,s5,2,0.575507,0.730058,0.732454
78a2a831-472d-4a3b-923f-98ee54a7576e,gaussian_blur,s5,4,0.571034,0.712231,0.778114
78b63869-e8a6-43da-b337-d5029ab90cce,shot_noise,s4,4,0.794719,0.883373,0.904880
78b6984e-f9a6-4697-9e44-646613e1d302,gaussian_blur,s4,4,0.632413,0.768957,0.800197
78b84f34-00ee-4927-b104-e98c04f7d2b6,clean,s5,3,0.521888,0.682597,0.696069
78bac3c7-334e-4b09-af6f-818e81908cea,fog,s4,4,0.346994,0.514774,0.516117
78bb982f-d66b-49a6-bea9-53944d129bc8,shot_noise,s4,1,0.810331,0.892465,0.920936
78c53b63-3e35-4fee-a99f-ed4272e2bb68,shot_noise,s3,4,0.573694,0.678739,0.885882
78dea9dc-a8d6-4299-908e-159039dcf422,clean,s5,5,0.572609,0.713515,0.779586
78ec580d-c903-421d-b8ea-7d970fdc3908,clean,s5,1,0.680230,0.806563,0.825832
78f1c5fd-8ca5-4d41-a380-1a829f57795d,shot_noise,s4,3,0.721488,0.831323,0.879072
79027c1c-aa62-4a59-9f95-9b72c75fb1b2,fog,s5,0,0.493607,0.658862,0.667109
7907883b-241c-40d9-992b-1bf3bacb2397,fog,s4,4,0.314341,0.461763,0.509093
792004b3-a724-434f-8b6d-ba2f72d960be,clean,s5,0,0.307585,0.403533,0.582672
7920e0fc-aef8-4d98-bd84-e36aeba1a4f7,gaussian_blur,s5,5,0.476033,0.643027,0.650592
792277f4-34ba-46ea-9457-82edef37063c,clean,s4,5,0.811517,0.892743,0.925877
792fe5ca-712f-4d68-b224-e2490e5436c6,fog,s4,5,0.692798,0.814984,0.837659
79451790-d4b2-480e-ba3c-7c43f396d3f1,shot_noise,s4,0,0.815261,0.895180,0.927328
794e6773-d6ef-4cef-94b1-e195d7b19cf3,fog,s5,1,0.554187,0.709439,0.725936
795077cf-c5a6-4eab-99d5-e8c3b020ac1e,fog,s3,4,0.462432,0.480483,0.924865
795846c6-a4f4-48e8-8d9b-850ac034298d,clean,s4,2,0.735865,0.836612,0.916533
795b9992-2364-429a-9361-72f21c6d4eba,fog,s4,5,0.594677,0.743969,0.753084
7966e22d-ab16-4a28-87d4-b527b60316a1,clean,s4,1,0.609297,0.752149,0.777687
7974980b-00fd-4356-abc9-1f611b3a9fe0,gaussian_blur,s5,5,0.743846,0.853108,0.853123
79764249-7092-4baa-a8c6-feed0a1366e2,gaussian_blur,s5,3,0.459163,0.629221,0.629701
798594f2-2a23-49c4-97f6-69ff757682c8,gaussian_blur,s5,5,0.635906,0.776117,0.783328
799b0346-6db7-42b3-9c78-ba0a7756fdee,fog,s5,0,0.679812,0.808712,0.812939
79a2d234-b70f-4c0a-9f30-b393df83e973,fog,s2,3,0.494789,0.497381,0.989579
79ab4069-29e6-4393-8be1-c30996405aaa,shot_noise,s2,3,0.525946,0.598152,0.916255
79bab1e4-069a-4000-a1aa-7a14fcec4b75,gaussian_blur,s5,4,0.606041,0.738612,0.816258
79bdb240-90f1-4798-ab11-5360fb7d518a,clean,s5,5,0.308840,0.403574,0.586539
79c04c16-4641-4e3c-9dd9-e7129395b3b9,shot_noise,s5,1,0.669224,0.801437,0.803861
79c1a522-3c9e-4e4d-bc07-112680eea11d,shot_noise,s5,0,0.711422,0.830075,0.839067
79d381c5-6d09-45cf-8632-970b20bf97c6,shot_noise,s4,2,0.573011,0.704465,0.810060
79e028aa-98ab-4e9d-a2cb-3b9d1a171316,clean,s5,2,0.695191,0.819090,0.826283
79f9b6d3-97b7-42c3-b31a-e26893969b46,fog,s4,3,0.573648,0.704022,0.813688
7a05524b-fdd9-4521-a3b4-8a4997cf40e1,clean,s5,4,0.766977,0.865656,0.886491
7a0794aa-977f-4f72-931e-b7897b838033,fog,s5,4,0.391248,0.559529,0.569056
7a13bc84-e904-4ff6-8a17-c28b3fee1a3e,shot_noise,s4,2,0.249394,0.399222,0.399227
7a18f510-f953-4aeb-83d2-5fe23ad51980,shot_noise,s5,3,0.706795,0.827643,0.831520
7a1b1bf0-a4a2-4d26-89e2-dca6f91429e5,gaussian_blur,s5,0,0.721468,0.835426,0.855065
7a1e99de-7f26-400c-921a-63c82af2d35d,shot_noise,s5,3,0.612975,0.759926,0.760592
7a24fd2e-64ee-4ebf-99e9-b19af6123a45,gaussian_blur,s5,1,0.521976,0.633525,0.828885
7a2edb67-1830-4cee-8a0d-30555f21c7d8,gaussian_blur,s5,3,0.741971,0.850778,0.859227
7a33e7d8-dce4-42a9-b585-0c71d41bf2df,clean,s5,5,0.454778,0.607839,0.669540
7a532980-bc62-4fee-ae00-0845b1e528cd,clean,s4,0,0.765535,0.862489,0.901453
7a53f51f-ff2e-4872-bb40-cb3c3defd3c4,gaussian_blur,s4,5,0.341820,0.501012,0.526471
7a54e900-1b1d-4b6f-bcc3-65663e8c25d1,fog,s4,2,0.471860,0.598705,0.747010
7a5752df-569f-4402-8905-0e8aa13326e3,fog,s3,3,0.455243,0.587067,0.719117
7a58e6b0-b0f4-4caf-8b5f-84be80e10498,gaussian_blur,s4,3,0.690634,0.811068,0.848476
7a5b939a-acdf-4a7a-8e0c-497712b7e520,shot_noise,s4,2,0.610391,0.734082,0.848258
7a6a1598-03ec-4516-82e0-3e4b9323b6c7,clean,s3,3,0.460885,0.479646,0.921769
7a74cc5e-6800-4339-b6d7-d596231f510b,shot_noise,s5,2,0.724426,0.839781,0.842770
7a8cdb9d-8838-4636-8d50-a3a6b61e207c,gaussian_blur,s4,4,0.579840,0.714502,0.802515
7a9382d1-eccb-40b4-8171-6ac0f059e8cc,fog,s4,2,0.397112,0.543452,0.623285
7a94a314-7fbe-4713-aa3f-a057b0698d61,shot_noise,s5,2,0.311481,0.474517,0.475940
7aa80ad4-1fcb-4752-a8b4-dedc14629833,clean,s1,3,0.489377,0.494631,0.978753
7aaa28a3-95ed-4be4-8dcd-23fb6e4514cd,fog,s5,5,0.430744,0.582803,0.648443
7abe004a-68df-4cc4-bee2-9801776735c3,clean,s3,4,0.541546,0.647476,0.858976
7ad059ba-001e-405a-ae20-a1560c1c8fb7,clean,s2,0,0.511295,0.555120,0.949765
7ad46a5c-1f76-44bf-ac87-be8b7745ef86,gaussian_blur,s4,4,0.768878,0.864712,0.903547
7ad71299-eb1a-48eb-96e0-8e8450e6576e,shot_noise,s4,1,0.643067,0.766438,0.852667
7ada6afc-e958-47f7-8de2-1c57f0f42271,fog,s5,3,0.724576,0.836792,0.861755
7ae19504-a3bf-485c-934e-ccd83d212f5f,clean,s5,0,0.758920,0.862914,0.863115
7ae9e384-7226-4b66-aad0-7677a9759622,gaussian_blur,s5,0,0.697671,0.821915,0.821921
7aeacb8c-0880-4861-9411-ae017e4b8478,gaussian_blur,s4,5,0.417648,0.499571,0.768342
7aedb8cb-bd21-4f77-8ba5-5d382f5dd1ff,gaussian_blur,s5,1,0.739375,0.850108,0.850517
7af517bc-1184-4fcc-aa0a-2ced26453508,gaussian_blur,s4,0,0.469810,0.617415,0.696429
7b00b422-87f0-46fc-bea5-da426b7e1992,shot_noise,s5,4,0.572958,0.728125,0.729925
7b0261ed-98f9-4f43-b557-76e70848999c,gaussian_blur,s4,4,0.461638,0.509793,0.880299
7b04af63-671f-440d-8ad9-e64109c51aea,gaussian_blur,s5,2,0.663381,0.795594,0.807589
7b07a964-be50-402c-944b-93e3a2cd1774,fog,s4,0,0.760870,0.854663,0.929803
7b0cca44-cdee-4b11-9014-086adc3fd932,fog,s4,4,0.695597,0.815790,0.845904
7b1ad521-7f40-41c8-a4af-94efe275035c,fog,s5,1,0.482658,0.627299,0.714856
7b21a455-5798-45f5-b4c9-f076181677b9,clean,s4,1,0.540950,0.664189,0.814992
7b3ea9be-3be3-4a24-81fd-da5d315fa005,fog,s5,4,0.380249,0.550897,0.551184
7b4b35ad-dd95-4433-873a-50ed325546a6,shot_noise,s3,1,0.474389,0.530303,0.884518
7b4f818b-e0a2-40ff-ba7d-f0baae958b9c,shot_noise,s5,3,0.673339,0.796365,0.846136
7b58b4c4-419a-4bfd-9ec9-018262957ce4,shot_noise,s3,2,0.323625,0.423230,0.603026
7b67468a-5078-427f-879a-86988ac6244d,gaussian_blur,s5,1,0.393686,0.537590,0.624139
7b674c25-b54d-4f5c-bb81-720c20381374,shot_noise,s4,3,0.377020,0.506685,0.630501
7b6d2411-0a5c-40e7-8c1f-1ae49afdeaf6,gaussian_blur,s3,3,0.414033,0.512469,0.735621
7b719ad5-f9d0-44e5-ac68-6f21f4d39899,shot_noise,s4,2,0.769946,0.867285,0.890645
7b72f0c2-b6a9-45d4-b61a-b90250e823de,clean,s5,4,0.524627,0.685007,0.698352
7b733de4-efb1-45af-9e63-fc02ffb9b603,shot_noise,s4,3,0.500701,0.643041,0.735221
7b778654-a242-4ea9-84d7-92f3b7317476,shot_noise,s5,3,0.729963,0.842969,0.849874
7b843a46-4332-4fca-bd6d-0d18de0b7d10,fog,s4,0,0.737146,0.840161,0.902025
7b913eda-de97-4f0b-9e7a-376b375c0385,gaussian_blur,s5,1,0.687890,0.814989,0.815628
7b984fa7-cf27-4cc0-bf88-b771cea07b91,shot_noise,s5,0,0.632203,0.774388,0.775880
7ba0ae84-7c06-4a33-95af-0fd2131f1a02,fog,s5,2,0.629798,0.771627,0.778227
7ba8173b-8a4e-4c72-bb13-e93cd08c7c9c,fog,s5,4,0.593961,0.742762,0.754992
7baa3fde-74f1-4ef1-acb0-a58061de2fc1,clean,s5,2,0.210563,0.322611,0.385173
7bb7713a-5117-4a33-afaf-037e2b2e3021,clean,s4,5,0.771689,0.866238,0.907733
7bb8d50e-4c65-4939-86d5-9c01c384f55e,gaussian_blur,s5,5,0.246269,0.330001,0.492539
7bc2e9ae-c9a3-46e8-95ed-41e15efa1a60,fog,s5,5,0.607780,0.745270,0.798363
7bcc89bb-e18f-4baa-9e1d-e66e3c3a78df,gaussian_blur,s4,3,0.505888,0.624277,0.798576
7bcf9465-43fd-4df8-88e6-7a71919c15ae,clean,s5,1,0.503410,0.667585,0.676027
7bda8272-2fbc-49a2-a085-ad05d7481828,shot_noise,s4,1,0.712302,0.823251,0.881379
7be19222-db01-4bde-bbda-a5a15097b6be,fog,s5,2,0.730891,0.844523,0.844542
7bebbb04-290b-4111-b45a-493bcb744d6f,fog,s5,1,0.544010,0.704267,0.706042
7bf26ae4-fda9-42e9-a462-403e0c0f8d0d,fog,s5,2,0.352446,0.464676,0.626784
7bf7031e-8c43-41c1-a505-bb22498851e4,clean,s4,3,0.830518,0.904806,0.934795
7c0a8050-287c-42a3-ac56-00e49276b30f,gaussian_blur,s4,3,0.281559,0.429486,0.456779
7c1104a0-4d92-4f36-82ec-999303a78410,fog,s3,0,0.390661,0.493322,0.697056
7c27c469-d657-4665-8523-1ef3fb2a52ed,clean,s5,2,0.561537,0.709373,0.753062
7c2e2e42-9d2a-4ba1-bf03-4326920df3a9,fog,s3,0,0.524663,0.613210,0.882203
7c4b6217-112f-4b7b-9fdc-97563688a1ff,shot_noise,s4,5,0.736988,0.841094,0.895699
7c5251ff-8b48-46cd-b055-86c9183232b2,gaussian_blur,s5,0,0.384751,0.549202,0.570107
7c5999a7-fafc-478d-8431-b32885201ff3,fog,s3,3,0.636314,0.748706,0.893280
7c5b9340-7044-4cb5-ad6f-50a407027c7f,gaussian_blur,s5,5,0.313649,0.450554,0.526608
7c6645fb-6ec6-4b31-a8bf-4986c0e1bc4b,gaussian_blur,s5,4,0.259084,0.341312,0.518169
7c762034-e246-49d5-b820-2214fd386088,shot_noise,s4,4,0.703760,0.821673,0.851095
7c79ce24-1a73-4b62-977c-a657a520c5ab,clean,s2,3,0.480784,0.490204,0.961568
7c8c5f36-efa8-4f85-9da6-85a4b639434d,fog,s5,1,0.305696,0.379418,0.611392
7cafb6f3-7160-4358-9cf8-884f3b626913,gaussian_blur,s3,1,0.595325,0.694253,0.916688
7cb9f830-97ff-4d65-b534-09c5ecda5700,shot_noise,s4,1,0.474573,0.619941,0.706124
7cbb075f-1fd3-4bb0-a93e-9801656aaea6,shot_noise,s5,2,0.641017,0.774550,0.810936
7cc39700-ccef-4141-b5f7-cdba9e3338f9,clean,s4,2,0.351262,0.452756,0.642600
7cc967e0-7a2b-477f-89e0-470009da75e0,fog,s5,4,0.702520,0.823779,0.833733
7ccc4013-7993-4fd4-824a-eb51b96f45a6,clean,s4,1,0.694535,0.803871,0.900622
7cd23a14-8e83-4402-b7fc-a0de3396be5b,shot_noise,s5,5,0.711178,0.830606,0.834807
7cd35ef7-2398-47ce-bfbf-f1101033c8c7,gaussian_blur,s3,0,0.484280,0.616063,0.747568
7cd75a5a-8470-46a8-80a8-bc57ea36a0be,clean,s4,0,0.681986,0.789384,0.913230
7cd7bcbf-bbaa-439b-8415-935184d8c8cb,clean,s4,0,0.558502,0.691650,0.798011
7cffd98a-6489-449b-b055-b78c993978ea,clean,s4,2,0.518283,0.656193,0.759888
7d08f376-fe7f-42f4-b4bc-a3b0afc13f1c,shot_noise,s5,2,0.431503,0.601908,0.605275
7d0e8cb0-a35c-4d6a-a130-26749bef49a0,shot_noise,s4,3,0.446438,0.545184,0.775840
7d190cf7-bfeb-4a55-89e3-b8e83c955d50,gaussian_blur,s4,2,0.714646,0.830317,0.852801
7d20e16a-0586-43f5-9194-5b23ddcccc08,fog,s4,4,0.732697,0.839691,0.883404
7d28c4a4-e399-4c24-9314-c1a9305c8f28,fog,s5,0,0.457328,0.627200,0.628768
7d2c3ac8-626c-46a5-a97e-d4b36b004fcc,gaussian_blur,s5,0,0.450640,0.620861,0.622453
7d318887-c29a-4c77-b284-5c5a8e7b94ef,fog,s4,4,0.235823,0.374272,0.393429
7d3e9925-a4a2-4841-93fc-4075280dbcb1,gaussian_blur,s5,5,0.362912,0.520309,0.558080
7d429691-b926-43e7-9955-85ccf7193606,fog,s4,4,0.551775,0.677616,0.815183
7d90526a-8971-46b1-ac8b-656ac359a6c9,fog,s4,0,0.689588,0.799958,0.897867
7d9ae774-bc83-43c1-ae78-85479cad34d6,clean,s4,1,0.743688,0.849221,0.878107
7da3d6ac-2d1a-40e3-b6fa-64037ba1ec4e,fog,s3,5,0.608108,0.717357,0.894091
7dab4cfd-5519-495a-b000-080bbb285416,fog,s4,2,0.549076,0.649075,0.879408
7db4266e-0ba3-4187-8f2b-9d378e732d06,gaussian_blur,s3,0,0.330246,0.397769,0.660492
7db938c7-1b8f-4c8f-8eeb-f5e32f86fd9b,gaussian_blur,s4,2,0.532474,0.681498,0.737067
7dcca8cb-5831-41b1-9e28-be7335199301,fog,s3,2,0.280103,0.375735,0.536768
7dcfd720-e899-4e21-8d84-eb18c69dc0f4,fog,s4,2,0.472222,0.640320,0.644818
7dd04d1c-57b8-4a8e-ac18-5a8dce41639e,fog,s5,5,0.282593,0.423361,0.470656
7dd46553-9f21-4279-b64c-9b24dc152630,gaussian_blur,s5,5,0.194934,0.325096,0.328005
7de97e38-ea79-4a61-a7d9-b2f4aa33e487,clean,s5,5,0.563493,0.714151,0.744120
7df85e6b-54cd-4e8d-a117-834cd1e10397,shot_noise,s4,0,0.567258,0.700192,0.802919
7e0b4aba-8c5d-436a-a8a9-2d854e8d82ff,gaussian_blur,s4,0,0.693277,0.804146,0.893979
7e0efb19-fda4-410c-862a-b8167d27e900,shot_noise,s5,1,0.648913,0.781301,0.813502
7e11a2b8-270a-4dae-8ae4-671b951c9a3e,clean,s4,0,0.462543,0.572570,0.772773
7e14143e-55b1-43b6-a111-876e4ccff00a,shot_noise,s2,4,0.460787,0.479593,0.921573
7e174608-2e51-455a-90c8-ef8a82b54c78,shot_noise,s2,3,0.470475,0.484788,0.940949
7e178183-69e5-4111-a38b-e06770e143cd,shot_noise,s3,5,0.464997,0.481864,0.929994
7e2041ca-7f33-4633-824c-417d7ef98266,clean,s5,5,0.721121,0.837935,0.838162
7e23fc6b-65f1-45b4-a39d-89260f704de9,fog,s3,4,0.424308,0.540542,0.716096
7e2b8357-bae6-4b13-a81b-b964678ca443,clean,s5,5,0.535551,0.695270,0.704971
7e38d130-b3e5-4669-994a-4eabaae97a21,gaussian_blur,s5,5,0.665077,0.796863,0.808656
7e4615b6-51d4-4968-9bf2-12aaa12d47bc,clean,s4,2,0.649922,0.781935,0.814816
7e56be84-be52-4a5f-9fd6-ce682a46cbde,shot_noise,s5,3,0.599357,0.748371,0.753973
7e627d03-9ec2-4fb9-a652-10f4e4de865f,fog,s3,3,0.422629,0.484754,0.806473
7e64e37b-1522-4f24-a892-97f51c1fcb48,gaussian_blur,s4,5,0.251437,0.398190,0.407898
7e6ba0c9-be16-4823-8553-8503d8322907,gaussian_blur,s5,5,0.493300,0.652387,0.684555
7e77e62a-53e3-40b6-85b6-769f03b94005,clean,s5,5,0.726008,0.836593,0.869803
7e7a594c-1561-4bab-a0c3-a917f1baab6f,shot_noise,s5,5,0.482806,0.644324,0.670555
7e84cf0f-ad9e-4e37-8fdc-357687caa946,shot_noise,s5,2,0.357822,0.510363,0.561140
7e876274-ad3d-49dc-ac1a-67daec2cff36,clean,s3,5,0.460169,0.479259,0.920339
7e8d1a51-ab2a-4944-b89b-8afe3362f2eb,gaussian_blur,s4,4,0.416945,0.576105,0.617782
7e9c3f76-3de5-4485-bf96-ea5d3f5b9fd8,shot_noise,s4,0,0.834169,0.907369,0.933547
7ea0dd14-a422-4d7e-91ce-4dc36d7dc464,fog,s4,3,0.356931,0.525911,0.526453
7ea52ce2-a7c0-4710-bc04-12be124ac3b7,shot_noise,s5,5,0.641324,0.779195,0.791781
7eae4207-54a0-4c18-8d58-1b9a37e1e499,gaussian_blur,s4,0,0.756364,0.855819,0.899184
7eae70c0-56fb-4401-873f-2828485079ef,clean,s5,1,0.154906,0.236563,0.309771
7ebe322d-04d4-4b73-8f16-cd082a18a162,shot_noise,s4,0,0.534204,0.672728,0.768699
7ed097b3-2a9b-4452-a106-96850bdbaf9b,shot_noise,s3,2,0.685599,0.792868,0.912983
7ed3665f-9bfa-4508-9f83-da85b9192269,shot_noise,s5,1,0.539436,0.700566,0.701681
7ee4e164-5b6e-40db-b8c6-72fddf863673,fog,s5,4,0.298099,0.455985,0.465353
7eebeccc-82de-4279-a2c5-e52888c42697,clean,s3,3,0.560594,0.683893,0.827713
7f128f4c-0e54-4f0d-a071-ce1528d062d6,shot_noise,s3,1,0.642880,0.747648,0.921231
7f16c5a2-1064-4a2f-b1ea-922514c13789,clean,s5,4,0.675222,0.803069,0.821664
7f24ad0d-445e-40c7-bb41-3ca8162d71f2,clean,s5,3,0.741803,0.842234,0.912174
7f28e13e-d0da-49df-8b47-a4a99db1d52c,fog,s5,5,0.450062,0.620190,0.622219
7f317fff-3b7e-40e9-bf86-25c23d8ea44b,gaussian_blur,s5,5,0.711345,0.831322,0.831371
7f354b99-2b3b-4940-9448-3e9f4e8f3f74,clean,s5,0,0.533780,0.696031,0.696036
7f3d71cc-2fef-48b4-952a-19ba42d631c9,gaussian_blur,s4,0,0.544759,0.691968,0.748581
7f67b76a-ab5c-4a7b-b8c6-7b0912b66750,gaussian_blur,s5,3,0.517408,0.678836,0.691700
7f6c1a09-60b4-4edd-a467-fdd4a648d97a,clean,s3,4,0.686677,0.792213,0.920229
7f6d7d9f-1bdf-4a64-9861-c1256d08b2a6,shot_noise,s4,1,0.403976,0.506107,0.715925
7f700e4e-67c8-49b3-9f71-01630bb65741,shot_noise,s3,3,0.410198,0.511209,0.726096
7f71a1fd-7daa-4a9c-92eb-4884039ef444,clean,s4,5,0.531976,0.681754,0.734536
7f7c3eba-9ea8-495b-87ec-1daf4746c7eb,fog,s5,4,0.580610,0.730581,0.749825
7f9fd278-6e1b-4449-a8a8-4f07d08105bd,clean,s3,1,0.457904,0.478027,0.915808
7fb85708-b626-4ff8-b944-a7aa363f688b,fog,s5,2,0.747098,0.854546,0.860048
7fcdb3b2-0bad-4606-9be1-575754bfc570,shot_noise,s5,4,0.619694,0.765022,0.765952
7fd3a4ea-60c2-463d-b650-8e16e00e1248,fog,s4,3,0.725676,0.836349,0.869657
7fdb20f8-cdc5-41d6-914f-3e34e4de77ee,fog,s3,2,0.640179,0.751960,0.896171
7ff021cf-9c6f-4548-b37f-f4f8177aa9cf,shot_noise,s4,3,0.786084,0.874852,0.923221
8000415a-6019-4246-845a-ee667e2a1c6f,gaussian_blur,s4,3,0.479087,0.598134,0.771440
800e434a-e425-42c4-a7bd-a9c26ac8b144,gaussian_blur,s3,4,0.397505,0.489140,0.724965
80148bbd-bff6-40bc-aa4f-19ef1b947cc7,clean,s5,3,0.391517,0.553992,0.582288
801a17aa-71d0-4f72-8912-124fb68c4ade,clean,s5,0,0.723493,0.838852,0.844000
8023bec5-9e98-45e1-a869-cf14ec96f677,shot_noise,s1,0,0.496065,0.498025,0.992130
8026ab57-e483-4e1e-b42e-d5d2f578b083,shot_noise,s4,4,0.772329,0.868530,0.894448
80278d83-6c57-44f3-981f-6fcecaac7211,gaussian_blur,s5,4,0.488164,0.650954,0.670697
8039433a-f971-473b-996c-128dc719cfe5,shot_noise,s2,1,0.477282,0.488377,0.954565
803f2014-5314-48db-8e51-cdad19065d0d,clean,s3,1,0.549407,0.625258,0.933141
8045e575-3b64-42cc-a9b4-8d1d76910d2d,clean,s5,4,0.723139,0.837270,0.851968
805562e7-29a7-4dfe-bece-545ac22b2a7f,shot_noise,s5,4,0.552431,0.711633,0.711925
8055c6e0-a818-4994-86d0-a3a0c55a2156,gaussian_blur,s5,0,0.793647,0.884772,0.886529
805a15e9-ed53-4eb9-8e0f-83dccfea31db,clean,s5,1,0.751220,0.857475,0.861189
805f876a-4702-48b8-a99a-83599e21af62,clean,s4,3,0.741147,0.845033,0.891975
806cb649-61a9-41d4-aba7-a5ed56560b88,fog,s3,4,0.419089,0.538150,0.704309
806d00b3-670b-464c-aefb-95568c778413,clean,s3,5,0.553623,0.640867,0.912667
807b6d7d-e757-4343-b3f0-f3cf2ddc5462,shot_noise,s3,0,0.692623,0.786779,0.966711
807e94ed-46f9-41d9-a4dd-8d080c21b748,shot_noise,s5,1,0.405078,0.503944,0.723040
807ef566-8d3e-49e4-bfed-6bcdb2a2c80f,gaussian_blur,s5,3,0.236082,0.367355,0.405109
808603e0-3a42-40a6-9552-c59ed436b34a,fog,s5,2,0.552995,0.706534,0.731358
809a699b-5370-4239-83b5-40b1aa62d095,clean,s5,4,0.385715,0.553140,0.564670
80a455df-a5da-4487-97f3-8a9bf336588b,fog,s4,2,0.175876,0.296490,0.302907
80b645f1-2374-4178-a1ef-4ba25f13dc29,shot_noise,s3,5,0.628587,0.743007,0.884530
80b9fef8-ee86-4538-b986-b7ebcbe717d6,gaussian_blur,s4,3,0.648528,0.770146,0.859237
80ba6805-d53c-4336-bc56-61d782ec75af,clean,s5,1,0.565711,0.714339,0.751631
80bd36d5-eb68-4618-9d05-d398cefb9a49,shot_noise,s5,5,0.573844,0.726944,0.737586
80c071db-53f6-4ed2-9f67-310827ba6c17,gaussian_blur,s4,2,0.683176,0.808162,0.830577
80d6b588-70d7-4a50-8a64-91df54e87389,gaussian_blur,s4,2,0.500671,0.599359,0.836751
80daa453-b270-4c60-b59b-ba7182e2c202,gaussian_blur,s5,2,0.714309,0.829897,0.853647
80e2691b-0c4e-4f34-81ba-fea31188e961,fog,s4,1,0.752871,0.848318,0.929536
80e40024-f0f0-4e1a-a7d7-438068c7e1ce,gaussian_blur,s5,1,0.837805,0.911529,0.914192
80e660f2-d405-41ce-aa7a-25bf2a371f68,shot_noise,s4,2,0.440583,0.555779,0.737499
80e6fc53-9b0f-40b0-8e98-373dd77adb48,clean,s5,3,0.504771,0.626393,0.790005
80fc044c-e34b-45b4-9148-bdd6f758f49f,clean,s5,0,0.329206,0.460808,0.559392
80fc6450-f77c-4210-9104-12c22df9d355,shot_noise,s4,2,0.619141,0.744636,0.843652
80fd2362-31c8-4d18-98fc-55f213792035,clean,s5,2,0.392096,0.545990,0.601483
80fda530-5a46-40d5-8c6d-4e49afb57b87,shot_noise,s5,3,0.578728,0.730574,0.742747
8106559c-4562-4230-ad1e-e52ea78af3d4,shot_noise,s5,5,0.395546,0.566770,0.567099
8122e775-ed73-439d-bf9d-a1ad7e8507c5,fog,s4,3,0.439496,0.569791,0.705541
8129ea26-90e6-46d4-a88d-f7a12ead3623,gaussian_blur,s4,1,0.540243,0.693166,0.728677
812b5e41-dee1-487e-920a-ca959e0c1555,gaussian_blur,s5,2,0.345566,0.512254,0.516469
812ce6b5-a457-45e7-a34c-1f7e3899d445,gaussian_blur,s3,0,0.548371,0.627617,0.925040
813ab545-be42-4dbd-b56e-d10165d7861e,fog,s4,1,0.700425,0.810172,0.895739
814bd454-b28c-4b2f-97a0-70877cc7ecf2,gaussian_blur,s4,3,0.489065,0.646186,0.687088
81518bd3-af6c-4f6c-902a-9c03dbf73e31,gaussian_blur,s4,0,0.660423,0.772391,0.896961
8155b61f-011c-413b-9d0f-584ddc44c4e6,shot_noise,s4,5,0.703988,0.824195,0.838157
8171d2a2-a80b-4d04-9912-79d6b874c102,fog,s4,4,0.376335,0.461277,0.705739
818026b1-8285-49b1-9bf5-83268962610f,clean,s4,2,0.647672,0.775651,0.833036
818a3a32-2e49-46aa-9ea7-760888b01b58,fog,s5,1,0.491018,0.654469,0.670687
818c5f7c-a8b3-44a8-a94a-cdb69dc3b956,gaussian_blur,s4,0,0.689888,0.806153,0.869814
8194d42c-0357-44d9-9b4d-07c41585766d,gaussian_blur,s4,2,0.712801,0.822814,0.885981
819eb021-6e0f-4202-8546-2b763a5faa8e,fog,s5,3,0.698732,0.821123,0.831195
81c3c71d-0ac3-4128-bd53-950fe7ab5d6b,shot_noise,s5,0,0.727093,0.841471,0.845225
81c8089d-f58b-4fb3-a9a4-310cfcd615d3,shot_noise,s4,2,0.257329,0.406094,0.414769
81c90dc0-2f45-45ba-8ce4-7918384dddfc,gaussian_blur,s5,3,0.086700,0.152249,0.168197
81dd309e-a95b-4cbf-b4d4-8149a7a7d66e,shot_noise,s3,2,0.399178,0.495987,0.718607
81de94a6-54e0-4421-bb12-3eb53b3bb777,gaussian_blur,s4,2,0.505746,0.607756,0.834917
81f240b3-065c-4e6d-97b9-0b25c3d3dbd6,fog,s4,0,0.646160,0.781958,0.799237
81fdd898-0c05-429c-8bf5-e375e7cb8d16,gaussian_blur,s2,3,0.560611,0.646160,0.922753
8205c3a4-39c4-4e17-965a-71ba7f29c50a,clean,s5,4,0.672233,0.803563,0.806193
8208acd1-505c-4d31-aab1-26e483cde389,fog,s5,1,0.553542,0.712599,0.712688
8217dcf9-1b20-4f39-aabd-d9ab202e21aa,clean,s3,1,0.353737,0.478936,0.606421
822373ad-eedf-420f-ae83-3aa7c750b862,clean,s3,3,0.698265,0.796543,0.949057
822daa02-c60d-4ce5-bdad-57355a3b84f2,clean,s4,2,0.584900,0.695143,0.878970
8235f902-6720-47af-8bbc-bc2660fcfb3e,shot_noise,s4,4,0.582614,0.690927,0.882967
8239bdd6-04d9-43d5-bcd5-0e1b12ba77fa,fog,s5,0,0.637208,0.776487,0.787003
8240689d-b5df-4993-9aa5-0281d91812f4,gaussian_blur,s5,5,0.451569,0.608310,0.657592
82483ab5-4765-4e32-9bdf-ac0c19b16ec5,clean,s4,5,0.428889,0.544461,0.722912
8250de35-036f-432f-be2e-be3d7290b23c,clean,s5,4,0.597863,0.748160,0.748997
8265dbc0-74e6-4cdb-8045-41f9da5694fd,fog,s5,3,0.592383,0.739467,0.761498
82696fd9-e48d-4c69-9d97-94dbfc9c4eef,clean,s4,4,0.536355,0.628585,0.885698
826e9bd6-e0a6-4bd0-aee1-821d2147a247,gaussian_blur,s4,4,0.417565,0.534524,0.706443
8275b7c9-eb67-48c9-bee3-2667ded87a7e,gaussian_blur,s4,1,0.270991,0.426191,0.426832
8280bf9c-94a3-4272-8f46-9748cef03dd6,clean,s2,5,0.632617,0.722462,0.964176
82892949-7a6f-4b43-8bd1-9857705bde7b,gaussian_blur,s5,1,0.353404,0.483954,0.596444
829841b7-555d-4bee-89f4-5ba648a72f02,clean,s3,4,0.655000,0.765845,0.901280
829b0d99-d35b-497d-a895-b397cc844c8d,clean,s5,2,0.676381,0.802681,0.828609
82ae812e-3cca-4842-9b90-7c272b793981,gaussian_blur,s4,3,0.383845,0.502858,0.659136
82cb131e-a207-447b-910f-e88f1c386e5e,clean,s5,1,0.710275,0.828961,0.840165
82cd285b-60fa-4f7a-939a-80b9122054a1,shot_noise,s5,2,0.445693,0.616379,0.617104
82d04135-364b-4a94-b8f5-d2d7334eb333,shot_noise,s5,0,0.671829,0.802928,0.807651
82d8aac9-493d-4420-9d34-1f2ee1cc5b18,clean,s5,2,0.732582,0.844933,0.850299
82de5603-d08c-4227-91a3-6df88cf912a8,clean,s4,5,0.802567,0.884089,0.945536
82df4e49-656e-47e2-8271-e8231841537e,gaussian_blur,s3,3,0.582964,0.679310,0.915031
82ee1a98-5a6f-4702-b59f-8c12c7561d4d,gaussian_blur,s4,3,0.732977,0.833141,0.922485
82f024c9-2ed9-4c87-841b-710de0b56a09,fog,s3,3,0.234609,0.355802,0.417701
831750d9-3cfb-44ec-9bdf-ade0f2d437e7,fog,s5,4,0.449934,0.604821,0.660623
831fddde-b603-444b-b1e8-4626bea2ee85,fog,s4,1,0.493198,0.592995,0.826679
8320fa56-5155-4516-8a2a-1f52a6ab24b3,clean,s5,4,0.408511,0.551325,0.644107
83291187-2cf8-4a59-b73d-27da791c4a61,gaussian_blur,s5,4,0.681112,0.807978,0.822459
832ba139-4dff-4168-8678-468dbfdc3593,fog,s4,4,0.260332,0.407755,0.422171
832bd662-4192-4913-b905-546c4c11d898,clean,s5,0,0.653734,0.788731,0.799536
83383e3c-6418-4400-9e27-32fc3ab62261,gaussian_blur,s4,2,0.730036,0.836745,0.888117
833f467c-2d02-457a-a29d-355f6cdebd19,clean,s5,4,0.722044,0.838079,0.841742
834dc8da-311e-468c-800f-416541a51a05,shot_noise,s4,3,0.504278,0.606697,0.832576
834f2a73-2499-4f51-9f88-3a54b7c1d201,shot_noise,s4,4,0.781474,0.874788,0.897668
8355ff97-8cb1-4433-83de-b57d1a147ced,fog,s4,0,0.745619,0.846791,0.903126
83688a12-e509-41e3-9958-18b4e441ddc8,gaussian_blur,s5,1,0.762384,0.862968,0.881269
83766bd1-71f5-4b44-9434-216bfad3605e,shot_noise,s5,4,0.698784,0.822021,0.826426
8378e74c-87fd-47b8-b975-d0082e906ff2,clean,s5,3,0.663521,0.797483,0.798955
837c46d8-21f7-48a5-a1a2-6e7be451d5a0,fog,s5,4,0.463176,0.604765,0.704827
837ed6ae-e1d0-44e4-9d4c-0b5c06cd13af,clean,s5,4,0.643380,0.782776,0.784005
83863e1c-6d84-4dee-8377-33a82b3c3d46,fog,s4,5,0.661692,0.788311,0.834655
83954d39-cba0-42ab-9035-99972ccda749,shot_noise,s4,1,0.709308,0.826878,0.847598
83a48252-d46b-4c90-a2e8-ee960ecebc16,clean,s3,3,0.575124,0.693163,0.851157
83af3349-3501-4340-b90b-f6047d7c9a28,gaussian_blur,s4,0,0.656768,0.775237,0.871104
83b1e14f-4f90-40b5-b6dd-d10a727327bf,shot_noise,s5,5,0.675170,0.805303,0.810138
83ba3895-0f21-4463-bd16-c86c9457703a,gaussian_blur,s4,5,0.627200,0.747387,0.863952
83c3fc5b-3b8a-478d-88eb-8a469d8d3b15,fog,s4,1,0.683581,0.791126,0.912261
83c5b73b-71f8-4266-a68c-327d5b6180ae,clean,s4,2,0.777862,0.870937,0.906944
83d7b52d-a67a-422c-8be1-fbfaea12838c,gaussian_blur,s5,5,0.452751,0.513561,0.848901
83ddbbe0-37bc-4901-8412-2b8ea6e22637,fog,s4,5,0.743491,0.841830,0.922709
83ea1522-edf6-4654-9273-3bce07d003c1,shot_noise,s5,1,0.677366,0.807064,0.810715
83ec113f-345e-4dfe-87df-e396766875ca,clean,s5,3,0.583694,0.735655,0.742706
841c194f-8651-41bd-a0dc-ef7a65a84bb4,shot_noise,s4,2,0.334016,0.466469,0.565054
8420d993-2b33-4902-8182-d3555c1c1586,gaussian_blur,s1,0,0.415266,0.477246,0.796482
84265289-2bdc-4168-bb28-329870f1f07d,shot_noise,s4,5,0.497550,0.645301,0.718571
8429cda1-dc0d-4a98-978f-9c4e45be319a,gaussian_blur,s3,4,0.441269,0.468802,0.882539
8437d12f-de3a-40e3-b680-3e6e3894e457,gaussian_blur,s3,5,0.509216,0.638909,0.774228
844868e0-2b6e-4f2f-95f2-727615f1b6f6,shot_noise,s4,1,0.246445,0.388259,0.407168
844980e4-2c8a-4985-8527-ced480c3ae71,gaussian_blur,s5,5,0.169193,0.253904,0.337019
8467e795-4055-4078-acf0-dfd2656f3b30,clean,s4,4,0.743806,0.841987,0.923305
846ab68a-1166-452e-9d03-fb978a80db74,gaussian_blur,s5,1,0.696052,0.820772,0.820892
846c12d0-1dda-4b50-9236-36d9fc4040cd,shot_noise,s4,2,0.736321,0.836984,0.916565
847f41df-0eca-40af-98d0-e1f785965e6e,clean,s5,3,0.645448,0.784525,0.784528
8482781d-d3d8-4934-9f4b-e7df6d4f6b9c,clean,s2,1,0.483869,0.491802,0.967739
84933487-5d91-4930-af3b-a7fdb90ac98f,fog,s5,5,0.359991,0.529357,0.529498
84a46fee-f1df-454d-b4b7-698fd067eaf9,shot_noise,s4,0,0.850699,0.918119,0.934085
84b043b4-ff12-43af-9d5e-bb1de32d3fe5,gaussian_blur,s4,3,0.730597,0.831702,0.919357
84b4e326-786e-4e1b-8800-0158e4375981,gaussian_blur,s4,4,0.624367,0.753540,0.830469
850210d8-3c0a-4fb8-b04c-007c101387e2,shot_noise,s4,4,0.561370,0.672558,0.861132
8504bc42-d1e5-47d8-bd01-0ac1a749b90c,clean,s4,3,0.239789,0.378826,0.399693
850fd845-f3c1-46f8-8dc0-224bda19189f,fog,s5,2,0.696675,0.821222,0.821232
85100ce3-acc7-4c21-bfaf-c743b3dc243e,shot_noise,s4,0,0.724945,0.832100,0.890826
8511bf5b-fdde-4ba5-8c50-7be706169a69,shot_noise,s4,4,0.682439,0.788165,0.920225
8518db57-f04c-4365-85f8-1ee5c1769be5,clean,s4,4,0.414000,0.556915,0.650251
851c1e38-6fb1-4808-a2af-22762a71bcfd,clean,s2,3,0.273652,0.355383,0.545021
852dd94b-a0ef-4056-a199-5c73712c6d42,fog,s5,2,0.494826,0.661261,0.664384
8531fe57-471d-450e-9b7f-044f798dbc01,clean,s3,4,0.654094,0.749122,0.957321
85447071-2e13-4754-b2aa-05d9df788473,shot_noise,s2,2,0.490280,0.495092,0.980560
855d46c0-55cb-4160-b44a-81f1b312afb1,fog,s5,4,0.126216,0.206145,0.246811
856368f5-5e48-4031-99e8-17ae57dfb452,fog,s5,0,0.504640,0.667370,0.681024
8566ffae-2263-4d17-a574-9866ac445189,shot_noise,s3,3,0.877678,0.931919,0.977984
85692130-da7f-4241-81e5-27ae58e0bcfd,clean,s4,3,0.790095,0.880753,0.899407
856bfea3-749e-43c1-8876-8e3877de4a33,shot_noise,s4,5,0.433547,0.578882,0.666544
85824e4f-452d-49e9-8671-f6114536e15a,fog,s5,1,0.136577,0.214578,0.273120
858dba5c-ca1a-4fdd-ab1f-3ba3b40911a9,fog,s4,3,0.401291,0.491257,0.732922
85983810-51ea-4cfc-ab9e-8240adbce2e5,clean,s5,0,0.705263,0.825845,0.834715
859deb57-a0cd-4107-ac41-3aa37e068b42,gaussian_blur,s3,4,0.490488,0.582118,0.840123
85d18541-a12b-44c6-84a7-bbb04a980182,shot_noise,s5,3,0.636833,0.775208,0.791120
85d65a91-7a81-4d95-a178-19c58886044b,gaussian_blur,s4,2,0.280687,0.434014,0.445977
85edf08e-218c-494c-9c35-be9b710bda2e,shot_noise,s5,1,0.771048,0.867930,0.891893
85f0c1f5-8c60-4689-936b-d210d9831f17,shot_noise,s4,2,0.578145,0.713905,0.798346
85f376b1-d355-4d84-b785-f16acedfc59b,gaussian_blur,s4,2,0.713578,0.829356,0.853335
85f81ab4-c28f-4cf4-b763-cb06c2f4372e,gaussian_blur,s3,0,0.549407,0.625258,0.933141
8614d343-8a9a-40ca-bc59-64907ed69a71,shot_noise,s5,5,0.487675,0.626682,0.733136
8614f856-bd3d-4aa9-91a9-7abd6f994c4a,clean,s4,3,0.659334,0.771598,0.895832
861a3bd2-dbc9-4505-a34a-1c5c96c97f62,shot_noise,s5,2,0.725781,0.837044,0.866021
861d7dee-e997-47c8-af45-485a5c72686e,shot_noise,s5,1,0.602076,0.749141,0.761500
862347df-471d-4df0-8b00-fc31b34741c4,gaussian_blur,s4,3,0.469749,0.619874,0.690126
86234ab9-3d1d-4604-b6ad-87671a95c0da,shot_noise,s5,4,0.514912,0.679057,0.682078
8626b99f-e81f-4f8f-b3e0-9ec8c2e79198,clean,s4,3,0.681370,0.795940,0.881819
86398f4d-2ea1-46d0-866f-f016e67d0722,fog,s4,2,0.562866,0.705139,0.771719
863afd33-327e-4f2b-9e80-b06fccfa4e6b,shot_noise,s4,5,0.664730,0.794728,0.817488
865c752a-fedc-4597-bbaf-449786d58f4b,shot_noise,s5,4,0.549994,0.709090,0.711675
86602fa2-963a-4ca4-9331-5d4e15df3eaf,clean,s4,2,0.513874,0.630960,0.808752
867fccac-e1dd-48da-8f1c-636715c7a4ca,clean,s3,2,0.300555,0.404480,0.559111
86848764-5c3b-43f0-8664-01ad64d138ae,fog,s2,3,0.479832,0.489708,0.959664
868ebffa-3df6-4f01-9f47-e46ef858111c,shot_noise,s4,0,0.506792,0.625134,0.799504
86909544-68da-47c1-b5f6-5e3c4cc95c89,fog,s5,3,0.446182,0.603307,0.651689
8698ea7f-7f78-4b21-95a7-26f2c94ff449,gaussian_blur,s4,3,0.818300,0.893359,0.963013
869c673c-d763-444b-a62c-d1e119b9e405,fog,s5,2,0.336369,0.433969,0.626084
869d7f18-f0b3-438c-a271-befd141354e7,clean,s4,2,0.549020,0.688137,0.775313
86a2d71c-db1d-4ba5-ab39-89434a8a3e67,shot_noise,s5,0,0.254759,0.337537,0.509518
86b3c20f-8832-45ff-aa18-8a52d2ddd3c2,fog,s4,3,0.186457,0.311474,0.318427
86b3d8f2-e277-4ab9-afd9-d65e54f3a9ab,clean,s4,2,0.605409,0.741046,0.805051
86c2204a-d212-482e-bdaa-2e114aa3dee4,fog,s1,1,0.486091,0.492947,0.972182
86c46261-787d-4515-b7c8-138fe71f3aa6,gaussian_blur,s4,0,0.664162,0.792988,0.823343
86c4f3c6-c92c-46da-b6aa-15be8927c8bf,clean,s5,3,0.537326,0.682893,0.749957
86cce110-d14c-4073-90d7-6e6ca823df84,gaussian_blur,s3,1,0.561340,0.640413,0.937733
86cf67a3-c897-4157-95d1-8db9a8f0744b,shot_noise,s5,3,0.242938,0.378537,0.410816
86e64376-9731-49ea-b296-397aad2fa003,clean,s5,5,0.647690,0.786145,0.786343
86edc2a0-c21f-4051-a150-b64fa3e940a7,clean,s4,3,0.419808,0.563402,0.655392
86f67277-2d2d-4e18-a369-cdc050ed41bd,clean,s5,4,0.254400,0.337222,0.508800
86fa234d-1c04-440e-a58c-aaf54a6c1422,gaussian_blur,s5,1,0.719577,0.836055,0.842222
87099396-2cb4-4cde-adca-41afe1bbb355,shot_noise,s4,5,0.578986,0.726801,0.757389
87151900-a264-4aad-84ab-615c6b73112e,gaussian_blur,s5,3,0.538166,0.689196,0.733707
871c04ac-a2ef-44da-9d53-d0282df4989d,gaussian_blur,s4,5,0.736726,0.839980,0.901071
871c1109-ca1d-4ae2-be54-5b6bb81cb71e,shot_noise,s5,1,0.764309,0.865281,0.874805
871fa726-2b7b-492a-b60e-1e9e88bc2115,gaussian_blur,s4,3,0.528817,0.631205,0.856102
8722239a-2d6b-4d56-912e-a106694b4c05,fog,s4,0,0.667388,0.780612,0.891259
873d9ec2-a274-477d-a2c9-67b87ff47e5b,clean,s5,3,0.713166,0.829094,0.852916
873da4d7-ff84-4bb3-81ab-d98617de3406,clean,s2,5,0.634289,0.727424,0.955265
87408fc3-d334-42f5-a9b8-31ee86fa44b0,gaussian_blur,s4,3,0.520517,0.651898,0.778768
8743207f-91f3-449a-8a31-c8979cbe5681,gaussian_blur,s5,4,0.514226,0.679189,0.679207
87495111-d09f-47a7-afa6-060ac666d4f7,fog,s3,5,0.473875,0.520094,0.899207
87501961-5914-484f-b7eb-e1bbd9475e87,gaussian_blur,s5,5,0.470924,0.624816,0.681609
8758ea4e-0514-408e-aa5f-5973722f3aa8,gaussian_blur,s5,5,0.662886,0.795428,0.806283
876eb503-4827-4b22-8d65-9ba3569fbff8,shot_noise,s5,1,0.737683,0.846249,0.867211
8772eed5-fdc6-4831-8759-6b73aced720e,clean,s4,2,0.449891,0.530864,0.811835
877632b3-9ed3-4572-816a-9b3f9f13e288,gaussian_blur,s4,0,0.697498,0.807506,0.896030
8779b652-306c-449e-961f-57c0403b582a,clean,s5,3,0.483028,0.643423,0.673802
877a4cff-dba5-496b-b412-3547948f8192,gaussian_blur,s4,2,0.485515,0.646821,0.673045
877ca017-f83d-415c-aff4-cc798fe8811d,gaussian_blur,s4,1,0.671888,0.800166,0.821668
8780913b-2932-4b2b-9da0-e146b901d3f6,clean,s3,0,0.640456,0.743968,0.924789
878923ed-b1bb-4137-b834-020421bd45e6,fog,s3,2,0.277742,0.415384,0.467844
878ea37f-afe3-437b-88cf-f806d80e9b38,fog,s5,1,0.419908,0.591395,0.591611
879ae8bc-cc1d-467b-be04-dbb3a5f6cd24,gaussian_blur,s4,0,0.705003,0.820870,0.861102
879f6d48-c9d8-4f72-b43a-253748bfc23a,clean,s5,1,0.388255,0.549714,0.580725
87a2a5ae-5977-42a7-9736-8206b6f8ccce,gaussian_blur,s4,4,0.492840,0.647011,0.697837
87a8a048-d4de-4775-b05d-f07c57c05071,shot_noise,s3,0,0.395385,0.497622,0.704213
87ac22c5-2502-41ff-a55a-566dbf97d1be,shot_noise,s5,4,0.532058,0.693946,0.696595
87b11186-904d-444d-85d8-05b8c1f0a1ef,clean,s3,3,0.482243,0.490961,0.964486
87b86c97-8a2b-4900-ab54-b2a2d3fd3f7d,shot_noise,s5,2,0.364736,0.503381,0.597207
87bb9671-bdfc-4067-aac3-271ca0fee72e,gaussian_blur,s5,0,0.372360,0.530359,0.568843
87bc783f-82d1-4e14-9397-9364bf006a0a,gaussian_blur,s5,0,0.836926,0.910598,0.918234
87cc9c6b-5d96-4351-a974-3a2b6a877469,clean,s3,3,0.478814,0.489178,0.957628
87d343a4-a595-4bb6-beb0-7f90bf173bad,clean,s2,5,0.648543,0.739277,0.969109
87e90f72-ee37-41fa-b8f4-3a114ae2c7b8,fog,s3,5,0.359648,0.459489,0.657691
87efbce6-12d2-4c94-ac1a-1c92e48f6907,gaussian_blur,s4,0,0.707964,0.820923,0.874203
87f01ebc-f225-42c7-8d0e-5f2d42be8ac6,gaussian_blur,s5,5,0.442676,0.565520,0.724549
87feced7-b6df-43d3-b862-f5cfed1268c8,shot_noise,s4,0,0.262814,0.413666,0.420619
8801a988-c21f-438c-9a3f-282d4220acc5,gaussian_blur,s5,1,0.242709,0.326789,0.485419
880af09e-4b21-4c36-8f12-ab81b31c0d0a,gaussian_blur,s5,4,0.612786,0.759851,0.760155
880dbcf8-5107-4667-b5d4-45df15c8714c,shot_noise,s4,0,0.297632,0.454598,0.466309
8815e51c-8a24-4b19-b563-b4ef74414995,fog,s5,0,0.647627,0.784714,0.792725
8818457a-f4e6-4561-b274-679c68fd69f1,shot_noise,s4,4,0.266333,0.414732,0.430725
881c282e-af61-4049-8855-98ec6b2e1739,gaussian_blur,s5,2,0.396504,0.524234,0.659531
881d5dc4-11d0-41e5-ab5b-b020d7e7ac05,fog,s5,5,0.577362,0.730657,0.737269
881f744f-3fad-4579-96c3-83ce4dadef5b,fog,s4,3,0.429875,0.587114,0.635579
88232c32-ed6d-4f75-9c13-15c27d95a271,shot_noise,s5,5,0.443900,0.610287,0.626603
88266e0b-4570-4def-922c-798570ccc9f2,fog,s5,0,0.366636,0.517670,0.575700
884e1f80-6c38-48ec-9c1b-328be0506802,gaussian_blur,s3,3,0.587295,0.668047,0.956736
884e52b4-00cf-4fac-aaec-df6d31f2a9df,fog,s5,5,0.288494,0.365880,0.576988
88548ea9-31d9-48ea-8927-9201077d21da,clean,s5,1,0.328539,0.459472,0.559552
8854e0a7-aa02-40eb-95cd-443483bb1b77,clean,s4,1,0.462383,0.602489,0.707536
8857b2cd-8170-4d1c-bc22-1ae53b6f25cb,shot_noise,s4,2,0.805422,0.888855,0.922550
886b4e29-4741-4749-8e2e-541e71c0a50b,gaussian_blur,s5,5,0.389016,0.550704,0.581115
887899c8-e9a3-44b3-b2af-b25b4568c316,shot_noise,s4,3,0.710035,0.825136,0.860726
887a9476-dfdf-4198-95c6-28bd84a1a361,shot_noise,s5,2,0.420762,0.551015,0.684267
88960954-5916-46a2-bb39-8cf41b6f0d2a,fog,s5,5,0.447584,0.617892,0.619687
88a057b1-c8a7-47e8-8594-511b26970a2c,shot_noise,s5,0,0.529845,0.676471,0.742772
88a4d5c1-2479-4d4b-80a6-efa5dcb65651,clean,s2,2,0.562087,0.622485,0.977072
88addd4a-b21e-40fd-be56-7354c6f7b596,fog,s4,5,0.560894,0.656732,0.899157
88ae9d48-6a74-431e-b8d0-d83c653533ac,fog,s4,2,0.657684,0.781148,0.849929
88ba3d71-bcc6-4784-a1f4-5284894fb74b,shot_noise,s4,0,0.778513,0.871068,0.909571
88c14473-3396-494c-b4a2-75b4734d7f19,fog,s3,2,0.427269,0.533542,0.738459
88c71fd3-43ba-44b3-bc26-c5dcb00a72d5,shot_noise,s3,0,0.527168,0.619710,0.876235
88cc4746-553f-4fcc-ba4e-092231377803,shot_noise,s5,4,0.547091,0.696128,0.743856
88cdd3dc-932f-497a-98a2-13b29fbdd5b5,gaussian_blur,s2,3,0.368073,0.430947,0.726372
88ce5b36-7b09-470e-b81c-6dd6da52bd8e,clean,s4,2,0.495471,0.656396,0.680768
88d2c17f-4d54-4d89-ae27-839b7d3a5c34,gaussian_blur,s3,0,0.516577,0.626061,0.828805
88d7d5ad-fe6c-47b3-9fa5-33fb0e9c1515,fog,s2,0,0.482327,0.491005,0.964655
88daa8a7-75b1-413f-b681-83d7427ee79e,fog,s4,4,0.366285,0.505547,0.598123
88de2587-0f3f-433d-801e-663551bf2af3,clean,s3,3,0.642558,0.748704,0.916422
88fc8011-9f86-4bdc-a248-0d4fe0c2ad0a,fog,s5,2,0.667774,0.798132,0.813994
88fec059-6fb4-4e81-985c-fd0864dcae7e,gaussian_blur,s5,4,0.391582,0.503716,0.681813
89078685-a35d-4ad9-86bf-6dde60a33482,shot_noise,s4,5,0.368152,0.497856,0.618465
890f7046-b0a9-408f-b38f-6d53fc82672c,clean,s5,0,0.250098,0.393081,0.411733
89192686-7138-4c0d-90c0-cf5b81507a57,clean,s5,5,0.695195,0.809034,0.878637
891a30c4-ee13-4edf-b421-228769d10449,fog,s3,1,0.398565,0.503689,0.703493
891ab554-fb82-4eeb-a095-2b4c176766e2,clean,s5,2,0.678400,0.804385,0.828856
8926285d-38f5-48be-812e-f7562fa7d904,gaussian_blur,s4,0,0.386068,0.484864,0.697237
8927a6d7-dea4-4fb2-8134-6ecbacae5ad7,fog,s5,4,0.603020,0.736228,0.813492
892fee64-143a-4511-8b43-b831b1da1705,fog,s5,4,0.589264,0.738170,0.754491
8941177c-641d-4457-be54-57b947590b64,gaussian_blur,s5,4,0.820921,0.901279,0.905467
894555d0-186c-41a4-add6-4e2354217f80,gaussian_blur,s5,4,0.355611,0.476984,0.615790
894abfab-e5ac-4890-8ff7-1090b779f617,fog,s5,0,0.731698,0.841564,0.867152
894feca5-304a-4d8a-953a-e83d7471c555,gaussian_blur,s5,0,0.457328,0.627200,0.628768
8959e086-2901-4dd4-a822-e743cfed7e6b,shot_noise,s4,4,0.456587,0.624908,0.632309
89631d8e-d7de-4f8f-9c99-fe4c4a3c6573,shot_noise,s5,0,0.752484,0.858296,0.862053
89784f4f-8c13-4a5a-bcea-0a5df37fcdca,gaussian_blur,s5,3,0.602521,0.751815,0.752576
897c6def-0492-4ab1-b014-8afbcf42a0a8,fog,s5,0,0.543788,0.704153,0.705605
898ba06b-f590-4b12-8d83-492ef3280731,shot_noise,s3,4,0.387118,0.470598,0.723563
8991d724-0047-496b-b0d2-e6deff7a5e53,fog,s4,3,0.620327,0.749325,0.830927
8999fcdb-8d64-4d7c-905b-32614bb49dc5,gaussian_blur,s3,0,0.524663,0.613210,0.882203
89a088bc-b793-4349-b378-980e1d7d0639,shot_noise,s4,2,0.700339,0.820660,0.841070
89a0ad5b-ddea-47cb-ba70-2904395ee40f,fog,s4,4,0.176027,0.295568,0.304741
89aadc27-4b87-4ba5-b810-2fb66641d081,shot_noise,s5,1,0.765607,0.866398,0.873586
89aef04f-073b-4f97-a69b-aa2e54e1ec78,gaussian_blur,s5,2,0.523471,0.675716,0.722645
89badd81-1dea-41a4-83fe-91235e96bc16,fog,s5,2,0.318154,0.482712,0.482755
89be0202-8b57-4152-b43f-cb8525db71be,gaussian_blur,s4,5,0.545314,0.682245,0.779783
89c22792-8d19-4920-84ca-d1d350a5daff,gaussian_blur,s5,2,0.651098,0.786806,0.797499
89cc9d93-2664-4ab0-a01f-1b14e955dac5,clean,s5,5,0.725294,0.837064,0.863568
89d54644-91e3-454c-9985-7190c4abe799,clean,s3,0,0.565995,0.661017,0.905285
89dc6d49-fb7f-4b49-b7c7-381d4670df66,fog,s5,1,0.396756,0.560201,0.586096
89dc8393-f60a-4043-8da9-1e5ced7d522d,shot_noise,s5,3,0.747481,0.854680,0.861108
89e7bae1-c38b-4a60-9923-b43dc4259c81,clean,s5,2,0.785619,0.879939,0.879944
89fc7ce1-1334-4663-9404-aa383fc13a25,shot_noise,s2,4,0.384674,0.435340,0.768623
8a0dcaf1-9741-4831-bcb8-15da0dc2344e,clean,s3,5,0.566743,0.685440,0.844355
8a1b79f8-36a9-4478-a832-66cb03da4657,gaussian_blur,s3,0,0.647519,0.746886,0.940794
8a2343b9-2214-4cb3-ba25-d5876b7a27b9,clean,s5,3,0.257899,0.399973,0.426837
8a25a9d5-d3a2-430f-a2a8-dc6ad795eaf2,gaussian_blur,s4,0,0.732631,0.838587,0.889670
8a29bb1a-5325-44c4-914a-513ebed8254e,shot_noise,s5,5,0.589054,0.741132,0.742384
8a2ee6fc-28cb-47fb-8fb7-ca797ffa42c5,shot_noise,s4,0,0.708531,0.809632,0.933263
8a3eb5bb-6efa-41ae-a4ab-85cc8f476bb6,fog,s3,5,0.200609,0.305009,0.376148
8a409aaf-4fab-45ab-ae8b-7859a5c1f1cd,clean,s5,3,0.777412,0.872604,0.891760
8a45dcb8-a683-46c9-a1f9-c30fae7084bf,shot_noise,s5,2,0.507014,0.672345,0.674480
8a469010-e9e7-4180-b9c0-3b6309d36e35,shot_noise,s4,1,0.461469,0.565470,0.783504
8a46ff98-9b30-4b38-8b74-78eccd777708,clean,s4,0,0.566627,0.704777,0.786358
8a49b1de-7e11-4e15-b277-9d0fe5e8e7d1,fog,s5,5,0.408907,0.553742,0.640331
8a4ebbc6-9c51-4975-9753-e7be7ab108b9,clean,s5,0,0.274078,0.354071,0.548157
8a567a70-0dd4-4554-ba4c-0d350b008f6e,fog,s4,5,0.424345,0.580100,0.633345
8a6661fe-b273-4d44-aac7-fef1e5d1bc6b,clean,s5,1,0.651436,0.788933,0.788933
8a73e7be-bf1a-46e1-96f4-74f9ddb150d8,shot_noise,s3,5,0.661248,0.769665,0.910790
8a93049c-b094-4a65-803a-d34ac9d21587,gaussian_blur,s3,2,0.465190,0.549535,0.824693
8aa233cf-e3c4-4615-8e6f-213ad9a57336,clean,s4,1,0.482286,0.562139,0.853067
8aadf271-809c-4118-8edb-ebdc3063afed,shot_noise,s4,1,0.838435,0.910775,0.927169
8ab11be0-20c2-4041-9fd7-a22506847315,shot_noise,s4,2,0.421511,0.564297,0.659029
8accd308-e44f-4f1d-9406-51a36fe7a2db,gaussian_blur,s4,1,0.460179,0.571369,0.767803
8af328c5-196f-4dcf-a0be-16a269bf919e,gaussian_blur,s5,5,0.647356,0.785911,0.786037
8af8ae68-81e7-434a-b5e7-3c7cce2ce151,gaussian_blur,s4,5,0.546154,0.670870,0.814624
8b033598-dc05-487f-aa26-0955635184f1,gaussian_blur,s5,0,0.715825,0.830274,0.858571
8b05c299-9bde-4483-bd5b-ccf3db750693,shot_noise,s5,5,0.481797,0.648836,0.654422
8b0a040e-c625-4f69-bb87-3013f4ee65a2,fog,s5,1,0.689793,0.816090,0.818235
8b15fb06-576d-4e67-bd1a-ef42c6f03b3a,shot_noise,s5,4,0.663965,0.797211,0.802198
8b1616b7-a6f5-497a-8ca7-27425cc0f88b,shot_noise,s5,4,0.701661,0.824034,0.828339
8b1f9ade-0645-43d0-9f51-94d6632d8514,shot_noise,s3,0,0.521133,0.611381,0.875117
8b2a7569-05a5-4084-8493-50338adf186b,shot_noise,s4,5,0.740183,0.839670,0.919461
8b2b045f-304a-4599-9902-3b4dcd7d5ebd,shot_noise,s4,3,0.733099,0.836758,0.902601
8b2fa0d7-c2a3-40c7-8388-463909fa9352,clean,s5,4,0.479651,0.636784,0.680119
8b52a767-d112-491f-bacb-fe37709ce88f,clean,s5,3,0.564056,0.708729,0.764342
8b5419f4-106b-41e7-aecf-860e052ba97c,gaussian_blur,s4,5,0.791925,0.880981,0.908251
8b59d1dc-ee9f-4ffe-9320-502740888925,shot_noise,s5,4,0.680363,0.803773,0.840400
8b65db0f-aabf-4536-911f-ad876a6777e3,clean,s4,1,0.764004,0.864686,0.877521
8b69c0e0-b95c-4a35-a5cc-d9c5aa305fd6,fog,s5,4,0.313832,0.448223,0.531221
8b69f324-02cd-448e-8f73-4926fa5c21e8,fog,s5,3,0.550007,0.709284,0.711057
8b78036a-a426-4db4-9605-5183d599c15e,fog,s4,4,0.583924,0.731381,0.759396
8b83e398-2db2-461c-8c9c-3e0569810651,clean,s4,2,0.631982,0.754986,0.854128
8b894c4f-2c69-4a0b-8751-3e669f28ba94,fog,s5,1,0.580097,0.733155,0.738378
8b89c692-3c2b-44a7-ab65-fce106573ba2,gaussian_blur,s2,2,0.379374,0.433429,0.755934
8b92a81e-fbca-43f9-84f9-59fbea90985d,fog,s5,2,0.368130,0.525016,0.565803
8baf4127-e743-4854-bcdb-a7fe751f7759,clean,s4,2,0.600851,0.720739,0.857826
8bb394d7-a9e1-4386-adf4-9ad9c241de72,clean,s5,4,0.699122,0.821599,0.830336
8bc370e3-9930-4601-b594-f80a9987c19f,shot_noise,s3,0,0.604279,0.697469,0.937994
8be35c18-33d8-4b06-bfdf-7a68d7376743,clean,s5,5,0.617460,0.763485,0.763532
8be96edb-708d-4c8f-b64f-7cc8db561440,fog,s4,1,0.534923,0.673158,0.769959
8bec4660-d645-41fd-b1f9-9445b6fa3ac0,gaussian_blur,s4,4,0.787030,0.876764,0.913774
8bed2fda-bd49-4247-8f15-99707eedf77c,fog,s4,2,0.249086,0.392916,0.408571
8c076611-00be-48a7-a1d6-f8a04af03c8c,gaussian_blur,s3,1,0.710015,0.803842,0.965909
8c1c19e6-6784-44bc-b4d5-7de60bfa6669,fog,s5,5,0.349061,0.491097,0.569344
8c3057d6-6929-4588-89d6-8fed72ce98b6,fog,s3,2,0.624111,0.731004,0.908160
8c30bf59-0209-4919-99f3-0192c470abda,shot_noise,s5,4,0.641321,0.780834,0.784365
8c3fdbdd-d54f-4403-b209-0d15ac8e3f5a,clean,s4,4,0.633976,0.756425,0.856320
8c460eb1-b537-481c-84cb-08d227965668,fog,s3,2,0.483039,0.528885,0.911508
8c4a7062-e1ab-4e53-ab88-f8f80b5da659,shot_noise,s5,2,0.653232,0.789705,0.792832
8c583d3a-8c58-43cb-99a4-573d39b9cef2,clean,s5,1,0.515567,0.668823,0.715206
8c61ce35-56dd-4279-83e1-fb234d5d163d,fog,s5,4,0.142800,0.222182,0.285563
8c68eb24-2139-4234-8388-f8cda85ac2f2,gaussian_blur,s3,1,0.816557,0.891737,0.966255
8c69408e-8da9-4fca-a442-6926423a76ba,shot_noise,s4,1,0.548912,0.678937,0.801696
8c6e4d7e-ce53-4aef-adf2-973c82d2be9d,shot_noise,s4,5,0.630547,0.767300,0.799707
8c78b595-585f-4a79-8dbe-4bc49f674ef9,clean,s5,2,0.631196,0.773862,0.774101
8c7bbc08-1b1a-4b74-8588-261bf0e8e340,shot_noise,s4,3,0.638112,0.758702,0.863544
8c85bb11-e84d-475b-aa64-5a2ad10aa237,shot_noise,s2,2,0.484937,0.492353,0.969874
8c8afc83-a27e-4801-a447-6a9cee1eca59,gaussian_blur,s3,5,0.474423,0.568807,0.816848
8c9ec02a-8290-4e06-a892-dff18da51b67,shot_noise,s5,3,0.740955,0.851182,0.851357
8ca65d1a-d85c-45c9-9d57-a7cb09015abb,gaussian_blur,s3,3,0.591152,0.671843,0.960036
8ca8f0e3-4ceb-4c12-a92f-ca81bda76564,gaussian_blur,s4,4,0.596946,0.725431,0.828386
8cd9b583-9cd1-459a-8666-5e9bac9b1b6c,clean,s5,1,0.395359,0.550582,0.602491
8cda806f-6597-477f-aa15-2e093cc552b7,fog,s5,5,0.531146,0.687480,0.713973
8ce1c3f7-cb4f-4006-a154-ab7d20cbebab,clean,s5,4,0.480873,0.647574,0.654755
8cee19c4-5c7d-4f8e-89a2-347cb37e1373,fog,s4,5,0.712547,0.818744,0.906101
8cf583df-d4f4-452d-8b67-0a8bfcbb10cf,fog,s3,2,0.415283,0.527009,0.713381
8cf68adf-cec0-4fb6-8fb4-c13ec75e3a08,gaussian_blur,s4,5,0.556879,0.700855,0.763929
8cf72450-589f-4a9e-bf3d-9851dc7c9df1,fog,s5,3,0.624417,0.764570,0.786709
8cf81b23-fba1-44c4-a403-1365387e7f5d,shot_noise,s5,1,0.621369,0.765681,0.769862
8d079c6c-897c-42bf-a199-db092053bc69,gaussian_blur,s4,4,0.632262,0.757379,0.846123
8d0dcb7e-9d3c-41ac-bdaf-b5d3b2b5410c,shot_noise,s5,4,0.699926,0.823437,0.823709
8d0ef30b-e660-4d85-add5-66bc9c1f78d0,fog,s4,4,0.506951,0.670052,0.681195
8d0fabdc-dd6f-429d-8ff0-2ad23f546bd7,gaussian_blur,s5,0,0.549134,0.708777,0.709574
8d25c100-f4bb-4859-b02c-53685bb3dae7,clean,s4,3,0.262814,0.413666,0.420619
8d2684ec-b829-489b-9bf5-fda3a3430483,gaussian_blur,s3,5,0.590388,0.697058,0.892267
8d43173c-7802-4a61-acda-4de387a84fcc,shot_noise,s5,4,0.835736,0.910252,0.913488
8d589e46-a418-4fbe-9bf9-e023a56b8995,gaussian_blur,s3,4,0.645278,0.746302,0.934571
8d5a81cc-eead-4f27-9fb8-8845a894270b,gaussian_blur,s5,1,0.505245,0.671257,0.671483
8d5f54f8-3e9d-46a4-9ee9-14c32a266795,gaussian_blur,s4,2,0.531015,0.668123,0.770675
8d64270f-c400-4dbb-aec9-35ca976df385,clean,s4,3,0.735831,0.842804,0.879681
8d6e5ab7-c1c1-4836-98ab-623f6206aefc,gaussian_blur,s4,1,0.505879,0.629053,0.787305
8d8757c1-90e4-4284-8eb7-cb8964ca981d,shot_noise,s5,5,0.706693,0.827859,0.829797
8d886c3e-7075-4ebf-9710-26c416b91835,fog,s4,1,0.485320,0.631495,0.713173
8d95f6f9-d9a7-4e06-95be-c2480498d173,shot_noise,s5,4,0.433194,0.597740,0.621360
8da6211a-3861-49a1-97a5-ca63dcad0817,fog,s3,3,0.531625,0.625572,0.877477
8daf12eb-714e-4adc-84a3-7ac8d90fe992,fog,s1,5,0.488717,0.494294,0.977434
8dc0c7b8-c42b-4d9a-b199-40bbd057b08b,shot_noise,s4,4,0.582545,0.722985,0.783964
8dceaf2d-93c1-4dfe-a31b-31dd21c32417,gaussian_blur,s5,4,0.716798,0.834695,0.837128
8dd9ca37-ee22-4c29-8467-3af19094e1e4,shot_noise,s4,5,0.456638,0.589185,0.718965
8ddb7075-96b6-43b3-9406-16cf0289fdf9,gaussian_blur,s4,3,0.556590,0.702928,0.756250
8de2d77e-bd80-405d-813d-fcf0b664e59f,fog,s4,5,0.698949,0.816010,0.859717
8deb53fd-760f-473d-8cde-bb7016433eaf,fog,s3,2,0.387335,0.518163,0.641867
8df0cb05-a37f-47d9-989f-e1c49f08f313,gaussian_blur,s5,2,0.540756,0.701226,0.704312
8dfb3c0d-9a6a-4f66-bd66-763bbb5d726f,gaussian_blur,s4,1,0.540642,0.668966,0.801147
8dfb60bd-6bad-43ac-bcc8-c511f1488840,gaussian_blur,s5,2,0.303804,0.382441,0.601376
8e04ebf2-a11a-4377-8576-4972f6b36e68,clean,s5,5,0.718727,0.833338,0.854411
8e095913-3f2a-484a-869d-2cc44cd90fb5,clean,s5,1,0.472105,0.641351,0.641544
8e141d26-bcbb-41c5-90a5-3560d0bed7cb,fog,s4,5,0.526719,0.661692,0.773682
8e1642c0-2744-46e3-a72c-18439406b97c,gaussian_blur,s5,2,0.517340,0.681904,0.681904
8e16df17-333f-4df1-8b14-757d4a3acb3c,clean,s4,2,0.529884,0.653428,0.806059
8e242ac0-50ee-4d7f-89c1-135ac24a9cfa,gaussian_blur,s5,1,0.202860,0.301653,0.388336
8e40e9ed-d65c-4d81-bd43-ab22da0fbc7f,gaussian_blur,s4,0,0.647672,0.775651,0.833036
8e42a91a-093f-4b84-ba5e-21ee65e1ea00,shot_noise,s4,3,0.813485,0.895339,0.914468
8e7cad6e-742e-4f57-9912-e86115cfac8c,shot_noise,s4,1,0.608518,0.731480,0.850240
8e7d3a85-c769-4d48-80b8-2508e97f02ef,clean,s4,3,0.461132,0.571471,0.770578
8e823214-e342-4ef3-832e-cb350e184382,shot_noise,s4,5,0.629377,0.753827,0.848541
8e9e2a64-56fe-4cec-be5f-30a4950f1f8e,fog,s5,5,0.452160,0.512296,0.849200
8eb0f17c-6dd2-4ba0-90ba-f5843e7108c5,shot_noise,s3,1,0.416214,0.525441,0.719155
8eb9fda0-55ee-44b6-b7e3-47c06e257ce3,clean,s4,5,0.506188,0.631500,0.782443
8ec5fdf8-2e59-4001-b822-782fb3e2d27d,gaussian_blur,s4,2,0.786093,0.875000,0.922138
8ed1a58e-deea-480b-98b9-d77b126f67ea,clean,s5,5,0.703009,0.825212,0.827872
8ed37105-00ed-45a4-9ab1-beabfb0514ed,shot_noise,s3,5,0.609017,0.712387,0.912139
8eeaed70-6c8d-42aa-941e-436924b40540,gaussian_blur,s5,4,0.476254,0.616746,0.719515
8ef854a6-e21f-4fdb-9020-fa440736c576,clean,s5,2,0.354285,0.429712,0.687147
8efff815-2710-40d5-aeb3-0fb658edcc86,clean,s3,0,0.642558,0.748704,0.916422
8f04b569-2095-49a8-9e9c-0a5dbb0dfe61,gaussian_blur,s5,2,0.262855,0.344568,0.525711
8f0f8a7a-d801-4421-bb1b-8754c064613e,shot_noise,s4,3,0.418675,0.564775,0.648731
8f10e73e-b5d8-49b3-ba05-db7c24e8b835,clean,s5,1,0.638606,0.779399,0.779681
8f112426-8dd4-436b-87f8-ed97b279a479,shot_noise,s5,3,0.612735,0.759608,0.760965
8f1438eb-ff90-4015-98b0-5fcbe38a4c9b,fog,s5,4,0.588911,0.733970,0.768741
8f1ba4d4-7cfc-4220-870e-82ae3a808a8e,gaussian_blur,s5,4,0.700180,0.823310,0.825602
8f3693cd-d702-433d-8478-11dcbe1c197d,shot_noise,s5,5,0.596560,0.739718,0.776461
8f3a2156-4495-4212-825a-42afea999c78,gaussian_blur,s3,2,0.387489,0.484302,0.702517
8f4cb959-b13d-40a4-b6e5-b3160365043f,shot_noise,s5,1,0.700621,0.822855,0.830193
8f547484-0bf7-487f-80c4-a40f1015f8a6,fog,s4,2,0.452893,0.576688,0.733872
8f592a08-2581-4c0f-ba29-bd6fb64045be,fog,s4,1,0.789663,0.875531,0.938234
8f7b4add-d643-4d98-9ac7-b92a5903d52f,gaussian_blur,s4,0,0.749442,0.853445,0.879520
8f7eac51-a0d6-40ef-86bb-24b9c27306f4,fog,s4,0,0.647672,0.775651,0.833036
8f811fdb-43b4-4099-be61-43904c98b463,gaussian_blur,s4,1,0.540006,0.698277,0.711333
8fa88b7a-efa6-423a-bf74-c053b3bab842,gaussian_blur,s4,2,0.575879,0.729539,0.735778
8fc26fcf-7c51-4180-81c8-e11d97ca9c6b,fog,s4,1,0.275160,0.402458,0.480288
8fcf7dfd-1658-4a95-bc66-0baa61bc0a9b,clean,s3,4,0.720597,0.815298,0.958427
8fdc5429-a417-421a-8f29-844e87e07134,gaussian_blur,s3,3,0.227740,0.348961,0.404827
8ff9f263-afaa-40c3-b11c-745dc422b44b,shot_noise,s3,5,0.622020,0.728061,0.910048
9008ce3f-6b35-4f19-8fea-dc2b975fabcf,shot_noise,s4,3,0.369456,0.479381,0.655170
90114377-5196-4255-bb12-65b8258eae73,clean,s4,2,0.678068,0.805185,0.823386
9018bc2c-80a5-4113-a0b7-700608387d25,fog,s5,2,0.319488,0.389863,0.638976
903c0761-6b4b-4a50-af04-6248e741a6fa,fog,s3,1,0.641207,0.741903,0.934357
903eb178-2cdd-4c8a-a415-03dd28553a04,gaussian_blur,s4,0,0.754667,0.849013,0.934162
904b0858-20ba-4cc2-b4f2-8e9e0258be91,shot_noise,s3,5,0.293949,0.431481,0.494559
904c3189-145e-4192-b021-8cd65ec9c2ab,shot_noise,s2,5,0.469669,0.515553,0.894276
9051d24d-8b1a-4721-bd46-39d488af8686,gaussian_blur,s3,1,0.428616,0.522868,0.761792
905270de-1c5a-4e62-8783-5a9d73e7378b,gaussian_blur,s4,2,0.551863,0.697945,0.755195
9060459e-e7fa-40e3-b73d-e15160a09ecb,fog,s4,1,0.485773,0.579858,0.830128
906246fd-fa30-4fe0-add4-a07b15169798,gaussian_blur,s4,0,0.297632,0.454598,0.466309
90689518-3030-4fce-91f5-da2c1a58e315,clean,s4,5,0.229843,0.355766,0.401732
906bfbd7-86d7-4b59-9f1c-96c5bce5f336,gaussian_blur,s5,0,0.500798,0.648441,0.721235
906e3d81-3cff-4b54-a922-a2825ef76ef3,fog,s4,3,0.592384,0.720930,0.826769
90758b30-5f3a-42cf-af8e-8bc8d491bd1e,fog,s5,2,0.733572,0.844317,0.859131
90835813-cf5a-496a-87fa-6bae1f599455,clean,s5,1,0.250159,0.393192,0.411760
90895d03-85c9-40cf-8205-062e4cd19af1,gaussian_blur,s4,4,0.705977,0.812248,0.909688
908ce768-7aec-43d7-a2ac-c1c35bb1d870,clean,s3,3,0.554898,0.642257,0.913563
9091601f-5396-4a08-bf01-271bd7e1f623,clean,s3,1,0.557360,0.647860,0.908639
9095c52f-d710-496d-b88e-e75af9c1beb4,gaussian_blur,s5,0,0.722852,0.839100,0.839347
909775c6-06a1-4dc0-aac0-a1d9eebdbbf3,fog,s3,4,0.538424,0.598630,0.952448
90995949-727a-46a3-9f9f-e84069935307,fog,s3,3,0.359538,0.459337,0.657595
909b2150-e5b6-4210-9cb8-7038a9eb8220,clean,s4,2,0.764516,0.863833,0.886464
909fb114-4c6c-4f64-88f3-7bee9dd29827,clean,s3,0,0.570353,0.692732,0.835976
90af8f17-01c0-4383-bb96-4a631f9f9418,fog,s3,4,0.454688,0.476269,0.909375
90b92f28-a31f-4552-8f15-20a5f2532aa5,clean,s4,4,0.737013,0.840065,0.901951
90b9dcbc-7d7b-499e-bb6e-a34dfeb08055,shot_noise,s4,4,0.636078,0.759907,0.851111
90d880e6-140e-4910-931c-8921854dd019,gaussian_blur,s3,1,0.520994,0.634631,0.823120
90deea71-77f8-4492-a85f-4bbe60b1d850,gaussian_blur,s5,4,0.398085,0.553838,0.604512
90e28176-5eca-40c2-8e5b-a4fd9219d714,shot_noise,s4,4,0.630838,0.749918,0.868480
90e2d1e6-3ee3-44ee-a50a-e3edccb4b36f,fog,s5,4,0.742892,0.852027,0.855560
90e4f5df-e1b5-44b6-b87a-fa517124eb51,clean,s5,0,0.690752,0.816875,0.818291
90e85177-0304-472a-b327-631f75b7e7e1,shot_noise,s5,5,0.394735,0.563129,0.572688
90eacd15-1b4c-4fab-aae6-82c8cf80193a,gaussian_blur,s4,4,0.624818,0.746899,0.856781
90ef8295-929b-4552-89b0-4091b06970b1,fog,s5,4,0.288028,0.442181,0.456306
910e6e32-5274-4197-b9da-0309b956c7c4,gaussian_blur,s5,2,0.707426,0.825220,0.848251
9112abab-533a-4683-814e-ae263dd58a94,clean,s4,3,0.760567,0.858987,0.899571
911509dd-3563-4b62-986c-033ab9b6c192,clean,s2,2,0.623178,0.711869,0.962138
91243dc0-5ff9-4619-a5bc-4b0eb4362297,clean,s5,2,0.515567,0.668823,0.715206
912aa53b-2c99-49a1-a25a-604f415b4666,clean,s4,2,0.708531,0.809632,0.933263
9131360a-5b0d-4595-b7ce-e51502966cc8,clean,s5,4,0.660418,0.791631,0.813976
913366e0-e0ac-49e4-8062-db0117c8e236,clean,s4,0,0.658082,0.766822,0.909431
9147574d-32c2-45d8-b71b-f8b09e5f4ae5,shot_noise,s5,0,0.586181,0.738681,0.740749
91568ca7-090a-40d6-84e5-12a6ad20849f,clean,s4,0,0.625325,0.747859,0.855213
915737a3-dce3-4f24-a008-b794555393dd,gaussian_blur,s4,0,0.499500,0.607435,0.815973
915ad566-c770-4a99-883d-0b4543050811,clean,s5,0,0.687336,0.813001,0.823781
916cce36-2745-4c2f-b66f-3598eefe294d,fog,s5,5,0.488872,0.654839,0.662098
9174cc6d-a49f-454b-ba67-dfd6e7069f85,fog,s4,3,0.454984,0.624960,0.626627
9175e58b-b01e-4e91-999e-2b57f7ba6e42,fog,s3,0,0.583414,0.679521,0.915969
9188b007-3b36-46e9-9e34-36938af1e73c,fog,s4,3,0.492387,0.639730,0.715755
918dc8bd-c7b7-4ccb-967f-3a08dafd5430,gaussian_blur,s2,1,0.485867,0.492832,0.971733
918dc8fa-b74c-4617-9d09-d99e49aa6db8,shot_noise,s3,3,0.692623,0.786779,0.966711
91aab6a4-83d1-45ca-9147-f4f7aa1e8394,shot_noise,s5,0,0.618987,0.764318,0.766107
91b7957c-46a3-4be9-ac2a-bd3cb48ff950,clean,s5,4,0.657392,0.792839,0.795434
91bdf925-069c-469d-8510-8e2d5f428a2b,clean,s2,3,0.649747,0.740531,0.969459
91c5941f-6a6c-48da-8136-95cb4eb649ae,gaussian_blur,s5,4,0.603799,0.746667,0.777808
91cee273-9d78-4b56-911f-8d00a5b097fd,gaussian_blur,s4,4,0.447795,0.576047,0.718936
91d1b090-361e-4ba4-b33f-f08b26ba40f7,clean,s5,5,0.762226,0.864632,0.868319
91f4e71d-8e6e-40c0-b65b-1705819fe45e,shot_noise,s3,4,0.429925,0.526806,0.758805
91f8bc13-8ea7-4445-9c3f-bee5ea198452,shot_noise,s5,2,0.365495,0.533002,0.540315
91faa1c9-1341-456a-8306-2364dd0605a2,shot_noise,s4,3,0.620267,0.758877,0.793665
91fdc3f0-811d-486b-9916-a5e9dce74acd,gaussian_blur,s5,5,0.353929,0.507245,0.554421
9224a087-aa17-4aca-9cdc-8c241f3083e2,fog,s5,0,0.372360,0.530359,0.568843
923c5f6c-bf00-4c35-b555-219da2b24f6a,clean,s4,0,0.520378,0.655809,0.768005
925cbb90-dcff-4ebb-8683-117f20d91add,clean,s4,0,0.569958,0.721299,0.743240
927d4ce3-3b05-47af-9226-4edbbff7be7f,shot_noise,s5,1,0.726656,0.841423,0.843386
92861e90-b1e2-4865-be94-f82ec62c1cb9,clean,s4,5,0.569833,0.705397,0.795842
92862979-8d69-4acc-9fd2-dc5b899b756e,gaussian_blur,s4,1,0.696520,0.816565,0.845929
92999124-d0f2-4b03-a79d-a10c03c355e2,gaussian_blur,s4,4,0.456319,0.596918,0.700496
92a81f6a-f581-45f3-bef0-7c740fbe1f70,shot_noise,s4,0,0.697498,0.807506,0.896030
92aee13f-f554-460c-95a9-e27b496fc239,clean,s5,1,0.565439,0.719903,0.731328
92b4d9c5-3fc5-447e-9c18-2d7f60c0be7a,gaussian_blur,s5,3,0.598010,0.741740,0.774401
92b50873-8db0-4d59-9e9d-c72d54a96697,fog,s3,5,0.383151,0.486651,0.685272
92babe77-362a-49ea-aa33-a1f3a72c8bf4,fog,s5,0,0.466714,0.617318,0.686290
92c0b0b0-b30d-49dc-9cf5-eebdd995649d,gaussian_blur,s4,0,0.742692,0.846079,0.893096
92c48375-1110-473d-a5f7-05506fcdbefc,gaussian_blur,s5,4,0.506472,0.664304,0.696496
92cb9239-adda-4eb8-b7ed-6c0232bd4f55,gaussian_blur,s2,0,0.394216,0.440851,0.788432
92d50915-0e62-422f-bbc4-efcc8584ce44,fog,s5,1,0.336884,0.458626,0.587765
92d7c267-a403-4f1b-9e25-0047d59df7cc,gaussian_blur,s5,5,0.660820,0.794201,0.803428
92dc1e7b-dcb6-453b-a001-e231c41a6256,fog,s3,4,0.415310,0.516010,0.733317
92dc72dd-7823-4432-987d-161d2ec14f8c,clean,s5,3,0.544949,0.702654,0.714891
92e09dd9-5d30-4938-9fe0-fccfd66b00b5,clean,s4,5,0.744461,0.850089,0.876363
92e3a1c1-f8e4-41ee-b62e-d88150d16338,shot_noise,s4,4,0.432651,0.545451,0.732763
92f7d471-9244-44df-8377-3bd9b8e173ff,shot_noise,s3,4,0.399951,0.537592,0.644444
92fe2918-c5fd-4d59-8bc5-03e7b23399c1,gaussian_blur,s4,0,0.607019,0.753839,0.762042
93124d67-211b-4afd-91ad-046a9e791dbf,gaussian_blur,s4,0,0.493624,0.622134,0.763765
931ae3cb-f45c-437c-97cf-87306b7203f2,gaussian_blur,s3,0,0.699062,0.801175,0.932044
931d4454-0bab-42b7-9d1a-947fe9c553b4,gaussian_blur,s4,0,0.520378,0.655809,0.768005
9326de6d-80d5-4f37-881d-50357eda5cba,fog,s5,0,0.487472,0.655372,0.655623
93277f5e-201b-4dab-ba68-40e5aa351cc6,shot_noise,s5,2,0.619414,0.761624,0.779087
932a504b-3ac8-40b2-9b21-bfb019eb22b4,shot_noise,s4,1,0.534859,0.664896,0.792598
93481479-f7d9-43ee-99e8-fd7a28579aea,fog,s5,1,0.459534,0.629447,0.630382
936a52dd-4952-4045-8cfd-c2b39fb3e4bc,fog,s5,4,0.594999,0.744766,0.751230
93837327-184f-4882-9e8c-9b55c126f966,clean,s3,5,0.329480,0.455423,0.569525
9388305e-6c7e-40c8-935b-447246cd04ea,gaussian_blur,s3,3,0.595606,0.690765,0.926979
938f8f94-4338-467d-ae61-9de427b2d109,clean,s2,3,0.494789,0.497381,0.989579
9390f943-400d-4be1-9881-76cd9d98ae59,shot_noise,s5,2,0.484275,0.636219,0.697407
93a17385-5664-46a3-bd47-91d0f778a6fc,fog,s5,3,0.705593,0.827310,0.827832
93a61727-f91f-4e5a-bf98-1cf22cb04d47,gaussian_blur,s5,1,0.565048,0.720723,0.726958
93ad7fc4-ae1c-426d-9a0e-529c3a7ac5f8,gaussian_blur,s3,2,0.699062,0.801175,0.932044
93b32a47-3e37-41f7-93c0-08f020fdcf52,fog,s5,2,0.363611,0.533301,0.533317
93b36fb3-34fd-4c4f-9108-101a53b5fed8,fog,s5,1,0.646694,0.781792,0.802187
93b89141-3a60-405a-8705-785253f78330,gaussian_blur,s3,4,0.604772,0.721863,0.868245
93ba1883-1372-4006-88f0-e2064cbd5906,gaussian_blur,s4,5,0.307487,0.468173,0.474438
93be6946-ae53-4b19-8073-2f950ac3c714,gaussian_blur,s3,5,0.515909,0.583670,0.913623
93c02d94-9bac-48a9-9d61-0a46e5726656,fog,s4,4,0.703494,0.814884,0.885676
93c2ecdb-bc00-4ec8-b00b-ba1becf5ef0c,fog,s4,1,0.654518,0.783357,0.827341
93c35040-8196-4f73-ab6c-3a11192a4e8a,shot_noise,s4,4,0.513553,0.634162,0.800091
93c740d3-7b2e-410f-bec1-5128f7c8c9b7,clean,s4,4,0.521459,0.677441,0.710371
93cc29e9-ea86-4d29-8a35-6bc6f1f49d05,fog,s5,0,0.769577,0.869351,0.873119
93ccd2c9-8055-4d8d-aded-888745e53bdf,shot_noise,s4,5,0.266303,0.418619,0.424006
93e4259b-cab6-4e94-9a90-2a5503a97c4d,shot_noise,s2,1,0.475947,0.487677,0.951893
93e476bc-eb92-452a-862f-a8a6f9fed337,gaussian_blur,s5,5,0.665451,0.798194,0.803733
93e9effd-bf8c-4b1d-85cb-13073291f83d,shot_noise,s5,2,0.789318,0.881317,0.890164
93ec550d-bc46-4ca1-a641-63a87de61349,clean,s4,0,0.446181,0.558265,0.750118
93ee4185-52b9-4c75-a9b9-0af7bde4b663,gaussian_blur,s4,4,0.448557,0.601715,0.663508
93f61ceb-16c7-4f63-bab3-392ea9bd328b,fog,s4,4,0.515401,0.656829,0.748370
93f8401c-16a5-4c6e-8661-ad1a5b76ecbb,shot_noise,s4,0,0.646359,0.777651,0.819138
9401977f-5829-46cd-b405-d496ef19a331,shot_noise,s4,1,0.598227,0.731948,0.810786
94039887-71ed-4966-bf15-5dc758a0b9b2,clean,s2,4,0.424889,0.459394,0.849777
9405341a-1820-4ebd-8937-20265ffc5817,shot_noise,s3,0,0.357598,0.482640,0.612187
940e4fa2-ac11-4eaa-a33f-85b2bb078fd8,fog,s5,2,0.621878,0.766419,0.768757
9410baaf-a45a-46ac-bfda-70a2f93e25d5,fog,s5,4,0.283801,0.380747,0.541243
9410daed-e81e-460d-a2dd-d15f804419bb,shot_noise,s5,4,0.450361,0.602214,0.668341
94132d9a-32ea-468e-905b-0c36deb0423a,shot_noise,s4,5,0.420239,0.544653,0.695296
94190277-f54b-43f4-84d7-27e318a72f01,shot_noise,s5,0,0.470618,0.594621,0.752037
941d7782-3f04-4c12-8121-d2834cf0dc88,clean,s4,2,0.740342,0.838210,0.928619
942628b8-dddd-4711-9ee9-102ca57e21ec,gaussian_blur,s3,1,0.583988,0.697576,0.868928
942a0fa3-35b0-4cd9-9c8b-b23cf6409979,shot_noise,s4,4,0.464344,0.626190,0.655632
942e5a2d-a379-41ae-9dbf-89ef0b6a9862,clean,s4,5,0.810490,0.889551,0.947622
94357d27-4753-4462-807d-40b35a0a22da,clean,s4,4,0.758023,0.858766,0.887796
9448ac66-97b7-4608-ac19-75eeecd2b6c0,fog,s3,3,0.464114,0.481389,0.928228
9449419b-87b1-4485-896a-f09dd73f6841,clean,s3,4,0.563935,0.662718,0.894490
944a89f5-d3af-4d9c-b463-4a28ced17dea,shot_noise,s4,5,0.748618,0.853473,0.875120
944e6e11-0dd3-44c4-b081-7cb8dd415cc7,fog,s4,1,0.536763,0.673711,0.774728
9452d8b8-04c2-4400-a048-86848cedf0e2,clean,s4,4,0.576463,0.729745,0.737229
945505c4-3a7f-434b-9a6b-a9f0b014feb5,fog,s4,3,0.545940,0.694906,0.743597
945632bc-7882-460f-928a-e25ee6aef60a,gaussian_blur,s4,2,0.403576,0.511109,0.705893
945a2734-5fe9-4f0d-9814-980c8278ca29,fog,s2,4,0.491163,0.495542,0.982325
94604e5c-0c55-49e8-a4e6-214f6f374e0c,gaussian_blur,s5,1,0.645788,0.783903,0.788819
9461ef3a-7d91-4947-b164-b7681646a71e,fog,s3,0,0.516577,0.626061,0.828805
9474e2d2-5919-493e-a5ce-38de57090665,fog,s5,0,0.370778,0.446058,0.712323
94750793-8686-48ca-a4b7-ada1da64b8a9,gaussian_blur,s5,2,0.392468,0.497713,0.695077
948ab953-ce30-4fd5-9798-6ee4365e2200,gaussian_blur,s5,2,0.461475,0.629801,0.636160
94965568-90c3-4ec2-80a4-4b44399d6fd8,clean,s5,0,0.668217,0.797996,0.816560
949d1235-a5bc-4b4a-9cbb-4bd981be1108,gaussian_blur,s4,5,0.695978,0.817025,0.841040
94adf0c4-f210-4af3-8281-b3f7634099bb,fog,s3,0,0.527168,0.619710,0.876235
94ae66b3-3a79-4b5e-bcc1-7a0a491d760d,gaussian_blur,s4,5,0.549519,0.653914,0.869246
94ae7a53-448b-44dd-9060-cb2bd1e50e9c,gaussian_blur,s4,2,0.514827,0.657576,0.744379
94c2a652-d0ac-48f8-a902-388997542b15,gaussian_blur,s4,5,0.708999,0.812733,0.920459
94c5cb8a-7ecb-4a80-9537-ce8bc5566b04,fog,s5,1,0.545921,0.702180,0.720016
94e0290e-911a-4e99-a55c-c08657193fb3,clean,s3,5,0.445287,0.471060,0.890574
94e17a85-d3f5-475b-8e45-d1a114d7c81e,shot_noise,s3,5,0.262758,0.378468,0.476816
94f3cb39-e14e-4d66-8d1d-74d73684d3b1,shot_noise,s4,4,0.505472,0.636762,0.767182
94f6864d-3c78-4e9d-a20f-03de9d0af846,fog,s4,2,0.673295,0.786896,0.888549
94fd83ca-7232-4638-ac75-acb52db88d60,fog,s5,2,0.682878,0.809795,0.820837
95012ff7-1cc2-427d-987c-ce3105d0586d,shot_noise,s5,5,0.403691,0.575126,0.575323
9502fb9a-0a87-4a5d-9cc5-c4b5c168e197,fog,s5,2,0.677026,0.807249,0.808262
9516aa99-0a89-4e5f-9707-1a5f9c3e6d45,fog,s5,4,0.475011,0.643003,0.647087
9519d125-891c-4083-a106-d8cc138c4950,shot_noise,s5,5,0.590700,0.742666,0.742792
951f9968-92a1-4277-a6f7-c7232da7ed37,fog,s5,2,0.563556,0.720856,0.720896
9520a1f7-bae6-490e-8443-8948fb44e36e,gaussian_blur,s5,2,0.573480,0.728930,0.728937
9529c3ea-b013-4aea-a7c0-3de4d77eedcd,shot_noise,s4,1,0.565305,0.677750,0.860521
952ea71d-4bcb-4a51-b44d-aae212dc9fef,fog,s5,5,0.600803,0.750206,0.752312
9534551a-6eea-4770-a628-d48826c8bd2c,fog,s4,2,0.590436,0.727526,0.797375
9539c54f-56e9-483d-af63-b7bec2e979cb,gaussian_blur,s5,0,0.633129,0.769343,0.801429
95409795-1d2d-46e9-8b27-0e80343053c7,gaussian_blur,s5,5,0.568492,0.718270,0.748389
954a5636-a0f8-430d-a261-28773a6bafc9,fog,s5,2,0.715868,0.833988,0.836944
955b4341-4816-4578-b354-e3d6ce5c2313,gaussian_blur,s5,3,0.593350,0.743677,0.749099
955c8053-7376-45bb-b907-8593fe7aeff0,shot_noise,s4,3,0.714234,0.829182,0.857397
955c9659-d4a4-45a9-bc32-fc58e969c99d,gaussian_blur,s5,1,0.613265,0.754330,0.784487
955d49a8-08b0-412b-abbd-77ea794d448c,fog,s4,4,0.835493,0.908191,0.934162
95613449-69f9-40ce-a2c6-cd93051c28dd,clean,s2,3,0.423530,0.458599,0.847059
95622e7e-1518-4451-9c6e-93ccd50ad6a9,gaussian_blur,s3,3,0.396964,0.504522,0.697093
956d53ae-fb55-4954-99e1-cd25a5b0faf5,fog,s5,5,0.747626,0.854334,0.864219
957ae4f1-16d6-4e87-9abc-369cb69ef3d6,gaussian_blur,s3,2,0.212271,0.340864,0.364372
959899f3-9fdc-4009-a4f6-bba100262040,fog,s3,5,0.442180,0.572623,0.708181
959d4664-df67-4758-917d-5b604512371e,clean,s3,5,0.651853,0.753529,0.934123
959e840e-65e7-4c88-a09c-65e1dd943eba,fog,s4,0,0.308950,0.464197,0.486731
95a56143-d3dc-486c-86cd-bf0b511f3a32,clean,s4,2,0.461131,0.596871,0.716347
95a8dbd7-991e-41b4-98e2-781f4155664e,gaussian_blur,s5,0,0.727882,0.841165,0.851003
95a9db6b-45cf-4b71-a5fd-eede0a24d35d,gaussian_blur,s4,0,0.508288,0.666750,0.695729
95ad5d40-f5e2-49ed-a8fa-7a512cf2e28e,fog,s4,3,0.384897,0.540355,0.589558
95d4691c-b11a-4863-bba6-13088afe3d36,fog,s5,3,0.360544,0.523934,0.542741
95de8878-59cf-4e80-a2da-5e3c2c6e935e,shot_noise,s4,0,0.854713,0.920118,0.941045
95eacf76-3338-4117-815a-9854d427a180,shot_noise,s4,0,0.739196,0.838793,0.919829
95f00190-b312-4bec-8640-173ca6331b96,clean,s5,5,0.527351,0.687222,0.701163
95f08944-ac95-4a12-8525-a5b9a02b2d34,clean,s4,3,0.656768,0.775237,0.871104
95fb5d26-8fe2-46de-aacd-63c3d4d70c57,gaussian_blur,s4,1,0.567267,0.712045,0.765040
9603cc58-cec1-4b13-b83d-d50972ceeefc,clean,s5,5,0.250098,0.393081,0.411733
96106a3f-7b80-4ee8-9ca9-d8753e68506c,fog,s4,1,0.636024,0.766531,0.824611
9613a347-b473-4e65-a0da-abb81b3ddb39,shot_noise,s5,0,0.779421,0.876038,0.876043
9615abba-5f8f-4bc8-9b1e-46ab69dd1ff0,fog,s4,2,0.296168,0.442365,0.483216
9618f752-4482-4ad2-a673-d673d95c03a3,shot_noise,s5,3,0.715819,0.833588,0.839111
963fe14e-0e8e-49bf-a3a9-f46d83674c8e,clean,s5,0,0.718319,0.835110,0.841904
9651ee53-1b4a-44b9-a51a-0ac89b32684f,gaussian_blur,s4,5,0.554725,0.709963,0.726133
96610c85-64e7-4bad-a9ab-094ba3af5151,gaussian_blur,s4,4,0.612552,0.753311,0.785750
967e9bb3-7401-49d5-97fb-8cd1a36ac220,shot_noise,s5,5,0.600494,0.745031,0.771387
967ed664-92e9-4485-a92f-2d34d332f30f,gaussian_blur,s5,2,0.784963,0.879521,0.879587
9684a50d-bf2b-467a-a0bf-29baddfac3df,shot_noise,s5,3,0.362703,0.427727,0.715111
9694879e-7c11-4a89-96c4-84261925e315,shot_noise,s4,2,0.796318,0.878850,0.950672
96a1af36-cb44-4ed8-95f2-c9df5b2ffd7b,shot_noise,s4,1,0.384118,0.482220,0.695670
96a90d9a-a82c-4060-86ae-b1dcf009f17d,shot_noise,s5,0,0.725831,0.841015,0.841910
96af7519-b8ac-4f64-ac83-363c8a267f49,shot_noise,s4,4,0.666860,0.776976,0.904000
96b16337-0d0a-4543-b0c9-6e781374d386,gaussian_blur,s4,0,0.795208,0.883899,0.903355
96b95c1a-dc71-464d-8890-3c7db76bab88,gaussian_blur,s5,2,0.757604,0.861128,0.868997
96c2540a-cb80-4692-b511-dbb04d342007,fog,s4,3,0.262975,0.411399,0.424997
96cbd9f0-e44f-4b32-80cd-cd97148f0650,fog,s5,4,0.382509,0.552491,0.555286
96ceab79-4723-48cc-a027-73ed58b0dfed,shot_noise,s4,2,0.619522,0.731388,0.890449
96d31a21-b728-45e6-b5dd-3f75d3db7bf1,gaussian_blur,s4,4,0.291145,0.432419,0.483701
96d40b37-cda0-4d57-8267-9cf23d24f2b4,gaussian_blur,s3,2,0.759373,0.849333,0.955477
96e91c1d-0271-4e5f-8b01-a25eefc24b69,shot_noise,s4,3,0.676474,0.803296,0.825953
96f8813e-2a86-49e7-9f8d-fea7fda6900f,shot_noise,s3,3,0.620969,0.712690,0.952308
9709d1af-af1c-410e-a9fb-5928566661e2,shot_noise,s4,3,0.543635,0.687385,0.758645
971bb155-40e7-4e9a-a6be-8babb3ce426b,fog,s5,1,0.580093,0.731989,0.742693
9720a777-1142-441b-bcfa-06652bf4d9c4,clean,s5,2,0.656821,0.789460,0.809061
9726053a-4fd3-4471-b50b-59d63dbb72da,clean,s4,2,0.771816,0.868131,0.894599
9738b348-eded-4d2b-b0c0-28930e63c1d1,fog,s5,1,0.555288,0.713144,0.717273
9739621b-1c0a-4208-aa1c-63ce73c759f5,gaussian_blur,s5,5,0.556925,0.699678,0.767823
973f6860-e776-4ef0-9d32-347cbe301e5f,gaussian_blur,s4,2,0.397031,0.553010,0.602806
9749a5cf-10d5-49a9-95d9-ac3b11a80363,shot_noise,s5,2,0.655020,0.788711,0.805019
974dd14c-aa56-46dd-9787-b4037b7abfd3,shot_noise,s5,1,0.706464,0.827301,0.831952
974e163d-bcb6-4ee1-89b1-f003b7efcf8b,clean,s4,4,0.715289,0.825418,0.883260
9751d920-75b7-425a-81db-9dd7f83afba7,clean,s4,0,0.485952,0.582385,0.825696
97557447-71dc-4d94-a814-6d5922022367,shot_noise,s4,4,0.710881,0.821641,0.883548
9765dd1e-24c1-4b34-a4c1-3994232a8ace,shot_noise,s5,4,0.603134,0.735552,0.816318
977f2982-5135-4a05-aaa9-c4fe7afedb5f,shot_noise,s4,0,0.469810,0.617415,0.696429
9783b87f-aa45-4453-86e5-9ddcb6b771c3,fog,s5,2,0.462298,0.516991,0.870997
97864c13-230a-4ba5-b6cb-8b252889245f,fog,s5,3,0.562616,0.694975,0.802447
978851a7-7403-4764-84c6-0248b9f836f9,clean,s4,4,0.534793,0.684397,0.736485
97918a0b-f0d2-49be-83f4-f0c3034e5071,shot_noise,s2,1,0.484937,0.492353,0.969874
979cf1c0-97f5-4d84-a975-17dea424257b,clean,s5,5,0.536213,0.698097,0.698099
97a05cd2-fb7f-4860-a576-2be84f9230f9,clean,s5,4,0.458839,0.596701,0.709248
97a97ad5-af3f-43ab-99fa-3d3dfc0fdc85,gaussian_blur,s4,4,0.430640,0.507266,0.794334
97ac033b-01e2-47a1-85c3-923be4b010f4,fog,s4,1,0.629345,0.770729,0.780293
97b7aa41-088e-4c9f-b6ef-1c89c3d311fe,gaussian_blur,s5,0,0.626401,0.768097,0.779749
97cd71a6-c05f-47e8-a54e-27da2e5ac8eb,gaussian_blur,s5,0,0.647280,0.784739,0.791163
97cecdd2-0403-46cc-9052-d56500e8410a,gaussian_blur,s5,0,0.479651,0.636784,0.680119
97d29140-53b8-4a8f-8b01-8fe2e0871420,shot_noise,s4,3,0.754602,0.854710,0.897515
97e2c31a-02f0-47f1-8deb-1e38b0dda966,gaussian_blur,s4,0,0.667388,0.780612,0.891259
97f2f824-55cf-4f45-9752-9e5e785e2840,shot_noise,s3,0,0.830102,0.901057,0.968896
97f66896-1efc-44bc-8344-c4f3fb9b1d75,fog,s4,5,0.629368,0.748872,0.866736
97fb98dd-121b-42e1-96e5-11f4b6664b41,clean,s5,4,0.370778,0.446058,0.712323
98021933-dfe1-4703-8a6d-6f10633ce050,clean,s4,4,0.303851,0.459012,0.479152
980866c1-4f26-4c09-a192-d5b14b7d611f,shot_noise,s5,3,0.474128,0.641918,0.647029
980ebc7f-26bc-4b93-843c-249c9847b177,gaussian_blur,s4,3,0.714903,0.820364,0.908286
98146815-d667-4b06-bd3b-9b47eda56263,gaussian_blur,s5,3,0.477863,0.645417,0.650299
981b8a2b-cd5e-492a-9d85-c17719f184ae,fog,s4,0,0.734373,0.839201,0.894389
981f6dc1-5c9e-45eb-b040-ece6aa819699,gaussian_blur,s4,2,0.580115,0.730619,0.747819
981fa1ba-ce19-4c44-9f36-a50216bfd4a1,clean,s5,2,0.550068,0.708434,0.714192
982c238f-6e90-42c8-bc90-9d703e6fb31e,shot_noise,s4,2,0.247934,0.390342,0.408848
982f63c3-2052-4a42-ab19-7e3c450d385c,fog,s4,1,0.672917,0.796624,0.843127
98370f6d-0e01-4f37-9d77-89c51e08487b,fog,s5,2,0.353881,0.489208,0.588462
9845bcf9-36aa-4715-82fa-0f18d74f4283,fog,s5,0,0.500811,0.647706,0.723253
9850a942-81a6-42ea-9592-853f117a5463,clean,s3,2,0.468072,0.483510,0.936144
9866f6cc-f15f-42a5-852f-201d34a028ae,gaussian_blur,s5,5,0.707743,0.827856,0.834715
986751fe-001f-46b9-856f-a68b41bed283,clean,s5,2,0.536784,0.698334,0.699403
986822c9-db2d-4cc8-89b4-6186cc4ee655,clean,s5,3,0.793647,0.884772,0.886529
9888f12c-56dc-403d-8e0e-8cc32b023206,shot_noise,s4,3,0.578942,0.703602,0.833622
98a8e48f-a40a-42b6-bd19-c5918da26e43,clean,s4,3,0.229843,0.355766,0.401732
98b6f19d-1202-4e21-ab66-950a041b5179,gaussian_blur,s4,4,0.228693,0.366463,0.381393
98c21200-fa5c-486e-9d1c-2182b18926d8,clean,s2,1,0.494789,0.497381,0.989579
98c38519-b7a7-4c6e-ac77-c944daae9b52,clean,s5,4,0.657243,0.793159,0.793261
98cb02b3-5bd1-4ff3-93c8-704629cc9f33,gaussian_blur,s4,1,0.824992,0.900615,0.939221
98cfc8f2-91fb-4545-9038-cdee81cd3580,fog,s5,2,0.364396,0.534081,0.534299
98e29996-3875-4613-b2da-af146287f0a7,clean,s4,2,0.727762,0.834206,0.892054
98ee3a94-0699-4313-9cef-8abc3469f455,fog,s3,2,0.246094,0.368909,0.436304
98f49e46-246d-48ed-a57c-ef15016aede9,shot_noise,s4,5,0.749345,0.845784,0.927592
98f74707-011c-4f76-b4ed-86b39556f966,fog,s4,5,0.421281,0.558781,0.669963
990a08c0-8af2-4c92-a25b-ed696b54b9bf,gaussian_blur,s5,1,0.737489,0.848484,0.851753
990db68d-f4be-47fc-8ad0-92a4995593f6,gaussian_blur,s5,4,0.632274,0.773434,0.780372
9924f523-53cb-4bcb-ab8b-367236a99e29,shot_noise,s4,5,0.429200,0.511164,0.783606
99321844-3731-4f17-8b80-f801f4ee9575,clean,s5,2,0.586956,0.733134,0.764427
9932b58f-91ea-47c9-9627-b4f61f2318c7,fog,s4,2,0.484812,0.652296,0.655133
9935748e-dbd5-4706-aea9-93cabf621203,clean,s4,1,0.584834,0.715298,0.817910
99362ff9-bf2a-4d96-9537-9bbbed925a2e,gaussian_blur,s5,5,0.597256,0.744015,0.762845
993f3a4a-82b4-444d-b9f6-104f7a10ea4a,shot_noise,s3,0,0.640456,0.743968,0.924789
9943ad96-6b44-47c0-bbd4-b713ea2f10d6,gaussian_blur,s4,5,0.201401,0.334039,0.337136
994df445-f4c0-49cc-aec1-85f27c49f488,gaussian_blur,s5,4,0.647654,0.786024,0.786759
994ec880-c6a4-424d-b2e4-6a88c18af886,shot_noise,s5,2,0.404032,0.569088,0.590485
99515c3a-176e-41f2-8fc0-f624026fbdb7,gaussian_blur,s3,1,0.238908,0.372815,0.406180
9957f736-fc2e-48fa-953f-2fc0309f8166,gaussian_blur,s4,4,0.754460,0.856339,0.885868
995afeb4-5f7a-48b4-8652-2d53e5aa9f9a,gaussian_blur,s4,3,0.457283,0.622485,0.641088
996f65bd-bbd5-4251-9ca2-679b089a26f4,fog,s5,0,0.626717,0.770493,0.770688
9994a0e2-3bb7-4398-9c47-df5a10d8f722,fog,s4,0,0.700388,0.809622,0.898261
99a3492d-da67-46e3-8bed-4e65dd388467,shot_noise,s3,0,0.483805,0.491769,0.967610
99a7a446-ed6f-43c8-9fda-4b6f967d625c,shot_noise,s5,5,0.762310,0.865087,0.865414
99a898d7-b700-4b7f-b4fa-1ecae76c35f4,clean,s5,3,0.144771,0.224560,0.289504
99aa30e4-e4b4-4ef0-9bd2-293a60104bb5,shot_noise,s4,0,0.797950,0.885650,0.904868
99b4510f-1ab2-4044-bfcb-98da9be220ae,gaussian_blur,s4,1,0.715706,0.819621,0.915675
99c71bf7-593e-4abe-996e-293807079ea3,shot_noise,s5,5,0.373821,0.451445,0.713307
99c98249-6925-4a1d-96e4-16e96fe639c0,shot_noise,s4,3,0.514983,0.629444,0.815888
99cd7d7c-e845-4f8e-9a21-4dcb3eb3683c,clean,s4,1,0.477199,0.640237,0.662347
99d20747-55a1-41fc-8d62-73d3d70789bf,shot_noise,s5,2,0.459296,0.608448,0.683180
99d809db-90a9-40e0-ab01-1528263bd186,shot_noise,s4,2,0.436910,0.508750,0.810414
99f29d5c-8289-47fe-8e11-95777b2d89bb,gaussian_blur,s3,2,0.377116,0.501232,0.640832
99f5428e-e942-4935-a746-c3e847890019,shot_noise,s4,3,0.800192,0.884218,0.930377
99fe5f23-44cd-450f-924c-6be42de6e127,gaussian_blur,s5,0,0.522106,0.683521,0.693964
9a00cdfa-8f35-40b0-ad05-aaa90dd04482,fog,s5,3,0.523568,0.685737,0.692240
9a0a680a-2e85-4520-8001-989c7de3d05c,shot_noise,s4,5,0.815500,0.895969,0.921498
9a17b947-020a-42fb-bce1-4f63471517c3,fog,s4,5,0.379144,0.440366,0.745416
9a1a3a6c-de38-4b97-b311-c3259917d8ff,fog,s4,0,0.291899,0.432840,0.485483
9a200764-0fc2-4680-a015-e9dfb34edbbc,gaussian_blur,s5,3,0.375771,0.516754,0.607349
9a2956e1-4382-41c2-af20-b5db88cd9a5f,gaussian_blur,s5,4,0.533887,0.694156,0.702554
9a37139d-914d-4e25-9cd0-b320b029d15b,fog,s4,3,0.666951,0.787639,0.859376
9a3f6e0f-5174-4eb2-85e3-3c7b8ce6bf62,shot_noise,s3,0,0.642558,0.748704,0.916422
9a447998-e499-406c-84d9-48267138cac8,gaussian_blur,s5,1,0.546130,0.703714,0.715674
9a4d2f36-5e73-478f-8c48-3e8c45e6f659,clean,s5,4,0.827285,0.905184,0.908603
9a527592-b83d-4c7a-aa07-add4eeb941a9,gaussian_blur,s4,5,0.760343,0.854558,0.927797
9a57bee0-d890-4e3b-89b2-5351902e531d,shot_noise,s5,1,0.782499,0.877972,0.878037
9a5a99e3-4e26-49a1-8326-f6630102e51d,gaussian_blur,s3,1,0.513059,0.575159,0.920656
9a5f8438-05b6-47eb-b2f6-d499c43b462a,fog,s2,3,0.493693,0.496827,0.987387
9a65cc87-be6c-4816-9ae7-28004fcad400,shot_noise,s4,0,0.414791,0.534224,0.698304
9a671822-0140-40c4-8757-10699672c010,shot_noise,s5,2,0.473083,0.642303,0.642306
9a67da24-fe03-4fba-ab12-6dcd4d2fd660,shot_noise,s4,0,0.783202,0.869658,0.945659
9a698bfd-1db1-49f2-b440-78fbd2447dc6,gaussian_blur,s4,5,0.594846,0.724395,0.824208
9a7ae7d7-bf5c-4666-859b-ad42547fd6d4,fog,s4,5,0.665942,0.792680,0.832267
9a7b2e43-2169-4d72-a82d-491dd34f8b2a,fog,s5,1,0.471505,0.639450,0.644723
9a818006-b8a3-4545-b2ae-d50c8b7744f1,gaussian_blur,s5,0,0.777412,0.872604,0.891760
9a82bd1d-5290-4060-a2ae-6a431c2c0510,fog,s5,5,0.674054,0.802794,0.817979
9a932e3d-cf02-41df-8364-86e441080951,clean,s4,5,0.263105,0.414050,0.420955
9a9753a3-f3ae-44f5-984b-5bc2edf7e9c7,shot_noise,s3,4,0.543535,0.626976,0.911489
9a9dbdd2-e4d1-46a4-a501-0e3e6b0a6dff,gaussian_blur,s4,4,0.506768,0.602678,0.848779
9a9f10a7-067a-4b41-b0ee-92505c415b5c,clean,s5,0,0.624695,0.768903,0.769422
9ab4eefe-7763-49e9-ab21-3cfea5df4c86,shot_noise,s4,0,0.707881,0.814078,0.908992
9ac96a62-df3e-46c3-bdfb-f3b723aa6eda,shot_noise,s4,3,0.632068,0.772678,0.782843
9ad9ae58-ae7f-4026-b0cd-4ba0e899f9bc,fog,s3,4,0.678835,0.776937,0.951083
9ae6d95a-5c09-4d37-ae2d-1767ac1b02d2,gaussian_blur,s5,3,0.235958,0.336300,0.450411
9aec5f37-c6c0-4378-a0b0-6b55047ba352,clean,s4,2,0.646960,0.760337,0.891225
9af4e075-d766-4967-b92e-78013749d8fd,gaussian_blur,s4,5,0.817974,0.893238,0.962032
9b0ba0b0-ac5b-4820-ad9a-b0906220bdfd,shot_noise,s5,3,0.377019,0.450149,0.724795
9b0c529c-61c2-456a-8806-471dbbecc15f,fog,s3,0,0.570353,0.692732,0.835976
9b1466bc-6e22-45ce-804e-232a7fc9f15f,fog,s2,3,0.468308,0.552314,0.829034
9b1f09b2-9965-436f-a46a-b53cee9b3e47,shot_noise,s4,3,0.694798,0.817022,0.835748
9b24357f-1fd4-4a4a-ad75-4247e1962827,shot_noise,s5,1,0.685237,0.810033,0.830016
9b362630-c229-41d8-9964-0bdbeac521a5,shot_noise,s5,0,0.567682,0.722175,0.731631
9b388c7a-a435-46d6-be2f-dcedba67779a,fog,s5,5,0.715540,0.832197,0.846042
9b538903-b54d-4510-ab77-b33e15a0758c,clean,s4,2,0.751954,0.851415,0.905545
9b60e9fb-f880-45be-a883-72451fb81cea,gaussian_blur,s5,4,0.462298,0.516991,0.870997
9b6ae843-20f1-4346-93e8-f1b7a5d86e0c,shot_noise,s5,5,0.711201,0.830516,0.835444
9b721f12-0a87-4948-98b4-5f731be650d2,clean,s2,2,0.479832,0.489708,0.959664
9b8e4330-2354-40fe-b624-2e005fd2fc68,clean,s5,2,0.366636,0.517670,0.575700
9b93eb87-ea32-4277-bc14-a1ec48a1adde,gaussian_blur,s4,1,0.690674,0.800691,0.899067
9b9d5220-a403-4221-a60f-cbce61ead562,shot_noise,s4,1,0.792939,0.882292,0.903383
9ba03332-f350-423a-85e6-b809f6abcb1d,gaussian_blur,s5,3,0.527157,0.680471,0.721381
9bbdad0a-f45f-4baf-b71a-f123e00c9a67,shot_noise,s4,1,0.629564,0.766412,0.799500
9bc75eac-2f43-4df7-9257-f7ebedce8bde,shot_noise,s3,0,0.617686,0.706263,0.959088
9bcff967-34db-47ca-b6ab-016abced9de7,fog,s5,2,0.359037,0.526271,0.532800
9bd200e0-6acb-4864-b498-ed291a2d15a3,gaussian_blur,s4,2,0.572549,0.710183,0.790277
9bd4014a-7674-4399-9071-be8892c277f7,clean,s2,0,0.407239,0.448877,0.814477
9bd6ff8e-da29-4caf-93fa-efa9f78cd908,clean,s5,2,0.414483,0.555519,0.654756
9bde0d4f-1713-4407-8427-f2cc76425b6a,fog,s5,2,0.615516,0.761990,0.762069
9be0d5d0-95cc-4a8b-97dc-511f2cd02a43,fog,s3,2,0.365515,0.501366,0.603509
9be0d9c2-c50e-4344-ad57-3de0253a9c7f,gaussian_blur,s4,2,0.704763,0.821925,0.854283
9bf05e26-6c27-455c-b4de-1d5ac8a34aca,fog,s4,0,0.753525,0.853378,0.900787
9bf6c1de-4ea4-4bf2-b72e-f8ad3a2a89c4,clean,s4,4,0.699036,0.813527,0.872923
9c1ad60e-6174-4ddf-a9e0-f69b51039ddf,clean,s5,0,0.555888,0.702397,0.755432
9c26fe53-1fb8-4081-b88e-4db25ffe63a4,fog,s5,2,0.347039,0.442585,0.645644
9c315603-217b-42e2-8139-cf0ab6a83192,fog,s5,4,0.323849,0.404473,0.631616
9c46f3cc-504c-4fbd-b260-677711fe31aa,clean,s5,5,0.679537,0.809165,0.809355
9c4e5f81-da85-4432-888c-1882454ab009,gaussian_blur,s5,5,0.700311,0.819220,0.848772
9c504874-62e4-40dc-a46b-d2810db4b00c,shot_noise,s3,3,0.562570,0.651036,0.917845
9c50e802-a87d-46ec-b828-d9e48f8bbc28,clean,s4,0,0.469810,0.617415,0.696429
9c59f408-1c9e-4bab-a3ca-6daf4ffcafe1,gaussian_blur,s5,1,0.704881,0.826062,0.831699
9c71f1ba-c82f-44f6-9ace-e60c073eca99,fog,s4,5,0.488337,0.651158,0.670725
9c7e7b90-399f-4871-b5d2-a02c47366015,shot_noise,s5,5,0.587911,0.740452,0.740608
9c885dc7-8af6-43d8-98ae-49513d5cd726,fog,s4,1,0.549587,0.662403,0.848347
9c927776-ebee-46c8-a329-2ca533221b36,shot_noise,s5,3,0.556954,0.714908,0.717309
9cad4b19-7c85-44fc-8601-12e8a976a919,shot_noise,s4,5,0.642713,0.772949,0.824578
9cc4d82d-9c48-4feb-9799-d3c71d1af9a6,clean,s3,0,0.549974,0.629439,0.926128
9cc4db53-f0f6-4c2f-afac-c62da21cd397,fog,s3,3,0.274440,0.411559,0.463183
9cc714ce-3fcc-4b02-a1f4-29c90567aca2,clean,s4,3,0.553442,0.702746,0.745472
9cc87fe2-e238-4707-9511-14ee51627260,gaussian_blur,s4,2,0.592342,0.736734,0.771545
9cd7bc45-1e0b-4216-9de0-1c1a5119729d,shot_noise,s4,3,0.530998,0.686661,0.716005
9cd7d955-421b-4565-b590-3889f22e98e4,fog,s5,4,0.605016,0.752977,0.757670
9ce074a8-8b63-4d3d-a6c6-0b98fafd4fc1,fog,s3,1,0.523777,0.597469,0.911065
9cf533bb-b874-404c-a141-f81a110f5746,clean,s3,1,0.449831,0.473591,0.899663
9cf6dd67-422d-400f-87d5-73a512fb72a0,clean,s4,0,0.430393,0.470435,0.849814
9d019117-edf7-465a-9a90-901d443611a9,clean,s3,4,0.699062,0.801175,0.932044
9d067f93-e77d-474a-ad11-9f03efa8136a,shot_noise,s4,0,0.759765,0.856213,0.914055
9d0990d1-60a5-4678-9538-7f8a6e63d1cd,fog,s5,5,0.346859,0.409583,0.693717
9d161b49-5b79-4e8b-86c4-24d857e86ca2,shot_noise,s5,4,0.786377,0.880406,0.880496
9d1aa625-148a-4455-8aab-84b61033fe17,shot_noise,s5,2,0.626711,0.769762,0.773838
9d24fa07-eb5c-4d5e-8a34-6b0e89e3927a,clean,s4,4,0.563549,0.688416,0.824981
9d2ac081-c1f4-4853-8b73-09c038c0176e,shot_noise,s4,4,0.765175,0.861707,0.905009
9d2e1308-5607-462f-b4df-b20b969994e6,gaussian_blur,s5,0,0.381785,0.528215,0.604277
9d54e7ac-d649-4b63-896e-bb0a5e26dfaf,fog,s5,1,0.487042,0.654900,0.655477
9d684f9c-8e85-4516-a525-f2effff4434e,gaussian_blur,s3,0,0.570514,0.668930,0.900517
9d6b36a5-2cb4-483f-bdaf-628af0e1406c,gaussian_blur,s5,5,0.345693,0.482892,0.573504
9d6c66fe-c1fc-4180-8a48-d6044f47b224,clean,s4,1,0.539633,0.657074,0.829051
9d7ac899-724c-4eab-9248-329099684352,fog,s3,0,0.574922,0.680065,0.886474
9d7b419a-d5e8-4262-b5ed-48e2e9aa9b3d,shot_noise,s4,3,0.301369,0.457950,0.472763
9d8cb5fb-7e94-4b07-8982-94d77856825f,gaussian_blur,s3,4,0.579641,0.676878,0.910331
9daf4630-35be-4f05-8193-61b656ee40cc,gaussian_blur,s5,0,0.225258,0.312122,0.448475
9dc7ac18-f61a-4dfe-8677-93170a88ea17,shot_noise,s2,0,0.630555,0.723505,0.953965
9dc89a56-d047-453f-8025-8b6a741e444a,clean,s5,0,0.708230,0.828541,0.833027
9dd48d39-c4da-4f41-8529-7c58615bdbd2,gaussian_blur,s3,3,0.567538,0.668952,0.890743
9ddd2a53-f8fb-4252-bbe1-dfacebb25d81,gaussian_blur,s4,1,0.717774,0.823805,0.903227
9debb35c-1c7f-41b7-9eaa-4fde14005e77,clean,s5,5,0.364078,0.515127,0.572336
9decb8fa-3e81-4e74-87ca-c4a44126e584,clean,s4,1,0.245568,0.390471,0.400601
9e166602-c4cd-4c93-96bd-1c61948d1c8b,fog,s4,1,0.529436,0.681209,0.727205
9e282f69-9ec8-409f-8f9f-1620d3e9554c,gaussian_blur,s5,0,0.405459,0.576879,0.577211
9e29981c-90c8-4580-bc67-41add54d94cc,shot_noise,s5,0,0.769577,0.869351,0.873119
9e2aa166-a055-45af-bdb9-9840ae26f55b,clean,s5,2,0.627217,0.770754,0.771580
9e2d2963-5698-4de8-9d95-9ae58adae827,clean,s4,5,0.712541,0.829433,0.848043
9e3501e4-6ce1-4934-ad33-b45132a26931,shot_noise,s5,5,0.564931,0.721562,0.723520
9e48bf44-b77a-4887-9026-65d76be55c57,clean,s4,0,0.721024,0.829537,0.886965
9e4a5854-0e78-472e-822e-0fec894a361f,gaussian_blur,s3,2,0.462566,0.549729,0.816454
9e54a27a-cfe6-4174-bf00-1c0df9f6bb95,fog,s4,5,0.697594,0.808183,0.893173
9e5ca00d-e204-499a-bb65-5db5ef7e3065,gaussian_blur,s5,2,0.449935,0.620365,0.621321
9e5d95bf-37d6-4134-ad06-de439056ffb9,gaussian_blur,s4,3,0.570842,0.712682,0.775929
9e6cffbf-7bb5-47be-b67e-40f508586820,gaussian_blur,s3,2,0.690879,0.793998,0.929728
9e7656b9-818e-4ea2-8037-128fb310df76,clean,s4,3,0.808011,0.891562,0.914564
9e7b9ca7-b353-453c-8f78-0ea1e541bbec,clean,s5,0,0.646229,0.781907,0.799755
9ead5bf2-7349-4ad6-906f-e5c8adb8ea08,fog,s5,4,0.313676,0.451223,0.525536
9ebb6be3-0358-47b0-bf56-44448b71a16c,shot_noise,s3,2,0.462901,0.480736,0.925802
9ebe2815-b527-468d-bf4a-2fde64636fb3,clean,s4,2,0.801337,0.885498,0.926529
9ebf417a-1ff4-48a1-b40f-9abd416e11d8,gaussian_blur,s5,5,0.473480,0.636270,0.660262
9ebf4ee3-8f0b-4493-8747-ad2cee2cf00a,fog,s4,1,0.373822,0.476534,0.673488
9ec2e193-0345-4593-b3f9-e844c533d655,shot_noise,s4,1,0.669144,0.783904,0.884507
9ec5408d-a0af-4052-8ddc-1104040bd0f9,fog,s3,1,0.687857,0.784027,0.958781
9ed18919-e2a8-4877-9459-7035acb841e6,fog,s5,5,0.490026,0.653751,0.669264
9ed9fe27-6d20-431e-b619-489d1cae54c3,gaussian_blur,s5,2,0.450242,0.581181,0.715803
9eea3e6c-b5b9-4864-be29-5b2ceb86fa66,gaussian_blur,s4,5,0.722062,0.824428,0.919328
9f0ea179-48d3-4ffe-8fb5-c2c6e3116283,fog,s4,1,0.765213,0.855778,0.944752
9f16a30a-f567-43d0-8613-eb9f9f8d6c84,clean,s5,3,0.663859,0.797582,0.799917
9f1d5377-c676-4206-a005-9588e52605ad,fog,s5,5,0.146564,0.230596,0.288229
9f238b30-55e1-4fe8-bc94-3281440a5d42,gaussian_blur,s4,3,0.614528,0.757825,0.775382
9f2d8097-d362-4049-a28f-845484d9363a,shot_noise,s4,5,0.375497,0.474495,0.682010
9f3167e4-657e-4b60-980d-fc8f7ba25789,clean,s5,3,0.467709,0.614447,0.696688
9f41010b-70bc-4802-bc5f-8e1a2ab619d7,gaussian_blur,s5,4,0.652861,0.789255,0.793403
9f4d68ba-cda4-402b-ba40-751a8c8dfcdd,fog,s5,3,0.361150,0.520653,0.551520
9f58420a-511a-4525-9a34-470e0c7813c9,clean,s4,2,0.736771,0.839896,0.901785
9f5a0899-5aa4-4bbe-9420-092446ea843c,fog,s4,5,0.791127,0.878812,0.921117
9f61ea84-a1a6-4919-bd6c-9baab772fc87,fog,s5,0,0.806120,0.891800,0.900548
9f63bbf0-2806-4da1-a3bf-2087b753e170,shot_noise,s4,4,0.728660,0.836399,0.883589
9f6e72a6-4bc1-40ed-9278-dc8225997840,clean,s3,1,0.686677,0.792213,0.920229
9f718271-a28e-438b-9691-5e33d5099b54,shot_noise,s5,1,0.494507,0.646877,0.703928
9f7386e7-19c6-4fbe-b93e-3bd64e9edff1,clean,s5,2,0.764356,0.866440,0.866461
9f7497a4-6501-42cc-9af8-5b12e17be3d8,clean,s5,4,0.500978,0.634193,0.758683
9f828b14-1353-45a9-af0e-2fa834adcc0b,fog,s3,0,0.454277,0.476043,0.908555
9f8e5768-d041-4890-9e1b-9cd7e9b48c12,clean,s4,5,0.485100,0.647265,0.670368
9f923e78-bdd1-464e-9456-985c07eba568,clean,s4,1,0.668375,0.789019,0.859098
9f9787fa-21bc-4280-9816-64d8353d45b0,shot_noise,s5,0,0.677566,0.802792,0.833174
9fad3bd8-8e79-4c35-92f3-5cc4f857e26d,clean,s4,0,0.610778,0.738543,0.834176
9fb39d13-f821-4ae8-b2b2-a8fa7bd4f2e0,gaussian_blur,s5,4,0.446143,0.613812,0.625296
9fc89012-78fc-4bf2-8ce8-6118e5f20ac7,shot_noise,s4,2,0.683176,0.808162,0.830577
9fcca5f5-2153-4b44-9e62-e0dc4968c3fc,clean,s2,1,0.489600,0.494745,0.979200
9fd977e0-2992-4fc5-b24b-c00f63b92997,gaussian_blur,s3,3,0.263636,0.363736,0.501397
9fdc83d3-d0d8-404a-9ecd-aafa8e0aa9c2,fog,s5,4,0.502409,0.668295,0.670342
9fe535c4-7cb0-4075-aaab-f63ce73007b5,fog,s4,1,0.220013,0.353160,0.372288
a000b926-6bb3-4b85-9d0c-04ac4f395f23,fog,s5,0,0.550750,0.708651,0.715968
a002edf6-bbb8-41ab-9986-0b250ee3f075,gaussian_blur,s5,2,0.415383,0.582013,0.598778
a00508d9-c4fa-41b3-9e8d-53a253237a25,gaussian_blur,s4,5,0.424306,0.579312,0.635018
a008b1aa-838e-4ad7-84e3-4ff1f521feee,shot_noise,s4,0,0.759895,0.853756,0.930661
a01007dc-fea7-4484-acc4-8e0866172bd0,fog,s4,5,0.670714,0.795118,0.840923
a01498b0-69bb-4efe-baab-9e8a63c078a1,clean,s5,2,0.758711,0.860228,0.881232
a036c8b4-b90b-4dd3-84f9-c79fbd2f1535,gaussian_blur,s5,4,0.377813,0.542093,0.562251
a04063b3-631f-4b47-ba47-df2fb1b63e0c,shot_noise,s5,2,0.727792,0.842331,0.843233
a041f314-c6da-4f34-b993-d48dca6a4d2b,clean,s4,0,0.595785,0.741953,0.765088
a04be5c1-e346-449f-a487-35ad9ca68c5e,shot_noise,s5,5,0.738621,0.847029,0.866883
a04cf013-6f19-4e30-b4d4-30cf4f5c43a8,fog,s5,1,0.765263,0.865051,0.881648
a055bb50-abc7-4982-a628-dbc4bbcd6386,clean,s4,3,0.810490,0.889551,0.947622
a0563adc-c1ac-4d66-a8e7-4911502edfa2,fog,s4,5,0.578035,0.706687,0.820949
a05c148a-3e72-45e5-b6cc-281b360bf82e,shot_noise,s4,3,0.376962,0.504287,0.634754
a081207c-394b-40ac-8de2-bdc42b466736,shot_noise,s5,3,0.725256,0.840341,0.843324
a08eb642-f355-4f02-b6e2-717e1512cd9a,gaussian_blur,s4,2,0.383491,0.507025,0.650444
a09ff08b-4542-492f-ac9c-0a2d4cb4a4f7,clean,s5,0,0.731360,0.843679,0.852262
a0a119db-a366-4fb1-a240-9f5b7b7a0d90,gaussian_blur,s5,5,0.436689,0.607854,0.608053
a0ab948a-316f-4f55-994c-e59aa08a333a,fog,s3,1,0.484845,0.592881,0.800869
a0ae6d18-3dd9-49f0-b056-d314ed31a2b2,gaussian_blur,s4,2,0.480450,0.623840,0.716101
a0afe46e-76d2-43df-97e8-46e1f9b0770a,gaussian_blur,s5,5,0.728067,0.842535,0.843291
a0cb3e26-452e-4268-98ef-e6d411ad5a9f,gaussian_blur,s5,4,0.658231,0.793580,0.795423
a0cbb86c-f8d3-4e44-9bfa-2d1dfb0b5f91,shot_noise,s4,3,0.564074,0.708796,0.764187
a0d1f3fc-6c9e-4d84-9d8f-ed881596e52f,fog,s4,3,0.417539,0.562686,0.649515
a0d985b7-b765-4939-b20a-d1f42a117262,clean,s4,3,0.582674,0.712656,0.818655
a0e2af1a-b11f-4f07-a194-bbc221b1777c,fog,s5,3,0.700490,0.823465,0.826156
a0e91845-cffc-4162-bbad-28a88ecfc9e9,fog,s4,2,0.445791,0.569618,0.726011
a0ef9ce6-8f9e-4875-a6ba-65dcf3a386c4,shot_noise,s4,5,0.552307,0.699390,0.752197
a0f74dc7-5dd3-40a0-928c-6eae84e76bb1,fog,s4,5,0.541455,0.699346,0.713099
a0f9248b-8945-4b3b-aab5-c6f38cd6b7d8,shot_noise,s4,2,0.749007,0.850428,0.897051
a0fb9423-c8be-42f7-8595-ecd140747ef9,gaussian_blur,s3,0,0.446628,0.471810,0.893257
a0fc6ff6-ee37-4b69-a285-407956dc37c6,gaussian_blur,s5,5,0.603949,0.749859,0.765941
a10734d0-2d18-411c-84e5-c0cbcdeace79,fog,s5,3,0.522573,0.685244,0.690213
a10d610e-a61a-4048-b702-f7164d914b07,fog,s4,3,0.439728,0.467931,0.879455
a1106139-dc5d-4ce6-ab04-5f4764fb65ab,fog,s5,2,0.279280,0.402181,0.494229
a1228f98-8b2d-442f-a6fa-ab9dfad3d6e6,fog,s3,2,0.493155,0.608122,0.794353
a12fd683-5dd8-4a61-a451-420bc8611f79,shot_noise,s3,4,0.569938,0.662836,0.913595
a132d313-d44c-4258-ac26-50e61acbf3b0,shot_noise,s4,1,0.243359,0.383056,0.405067
a1364689-4607-4487-a4db-1feb53c0058c,clean,s4,5,0.768732,0.861606,0.924453
a144dfaf-792f-4eeb-93ef-74cb9cf2a059,clean,s4,2,0.702412,0.822038,0.842943
a148a352-fc7d-433f-bdb3-8895bdb9939a,shot_noise,s5,4,0.557140,0.715584,0.715628
a14c2e79-737d-4fa9-92c5-55c7fe7d2883,fog,s4,0,0.547146,0.697507,0.739664
a1538dab-7fdb-4dba-892c-0cec7e3c9fe7,gaussian_blur,s4,1,0.845370,0.914473,0.936480
a155e9d3-a4fc-41c2-a310-9433a4c5b526,fog,s5,1,0.560189,0.717384,0.720651
a158cc08-2325-4db1-9d82-dce890f6c490,clean,s4,2,0.560004,0.685231,0.821904
a1651670-f64f-4593-8665-fe89b3fbc02c,fog,s4,3,0.603070,0.709916,0.898827
a170e24b-9ce1-43a1-9007-900c6a207eca,shot_noise,s4,4,0.715328,0.820528,0.909339
a175af73-8461-4610-a396-d429258ec72e,clean,s4,1,0.743830,0.849025,0.880085
a18d1fbf-4d50-4121-ac1f-a81b0ed44e6c,shot_noise,s5,5,0.652436,0.789581,0.790069
a190c9a7-40e9-44f4-ba5c-c3d6c16eec50,clean,s4,2,0.607019,0.753839,0.762042
a190d0f1-c387-43f2-af1d-f2fbc91e7e97,gaussian_blur,s5,3,0.537199,0.696664,0.706411
a1967b25-a741-43c1-94b8-d52b06ee7f93,clean,s4,5,0.635421,0.759273,0.851018
a19eb9b2-2ee4-4cbf-b2e0-fdf38552e93b,shot_noise,s5,5,0.645600,0.784398,0.785749
a1a6f6aa-64fb-46af-809f-d3428996ebe8,fog,s4,0,0.557114,0.695084,0.782765
a1bfce90-ca30-4176-a34c-5d4c3d5af646,fog,s4,5,0.431486,0.583616,0.649045
a1df3968-fe39-41e6-8a30-2056628a42b1,gaussian_blur,s4,1,0.456359,0.596961,0.700528
a1f128da-651d-4688-afe2-24fe0e2860ae,fog,s5,3,0.543751,0.704124,0.705574
a1ffdd5d-8de0-402a-9620-f118033f2da7,gaussian_blur,s4,1,0.433594,0.554433,0.718180
a20d8c43-d093-4a29-9dec-80ba90b0c542,clean,s5,1,0.771436,0.870936,0.871254
a21ccdca-3e8b-4674-a74a-e377fb05baed,shot_noise,s5,1,0.577438,0.730755,0.737199
a22115fb-cd39-4ce4-9157-9782829392dd,shot_noise,s3,3,0.532435,0.624542,0.882245
a2281a4a-e710-47c5-8272-f501e26980bd,gaussian_blur,s3,1,0.533385,0.622704,0.889157
a22de294-7c8a-4dad-a2ee-bf08370c6a76,gaussian_blur,s5,1,0.570128,0.726068,0.726768
a24bd14d-2a03-4913-bb59-fe4c118f5cd7,gaussian_blur,s4,1,0.580260,0.717736,0.793371
a25af758-1f14-4afd-afe7-4cec065c2dd5,fog,s5,0,0.564142,0.720362,0.724853
a25d616b-531f-4df6-bb86-1c56b0004a25,shot_noise,s5,3,0.567566,0.723169,0.727634
a25eb696-7721-4df1-bf16-2c3a43071798,clean,s4,1,0.459907,0.609102,0.683640
a276e467-9741-45a3-9de3-b2143948c4e3,clean,s5,5,0.374320,0.542195,0.550283
a282c642-b032-4388-8d86-8d9de1425f04,shot_noise,s5,3,0.596820,0.744583,0.758971
a2860e26-7b9b-4b52-a55d-9beee10b2e4a,gaussian_blur,s4,3,0.413772,0.585303,0.585445
a290f42f-0505-4108-8b1e-e44a24f91d91,fog,s4,1,0.594362,0.739542,0.768763
a2918cce-3ee3-4ec0-8980-23e1e94b8daf,fog,s4,4,0.591219,0.707642,0.864395
a29d4bec-63da-490d-9eb6-90626785e72a,shot_noise,s3,5,0.608342,0.727830,0.861760
a29f644c-c7b6-4af2-b61b-a2c555803248,clean,s2,0,0.591940,0.681973,0.937675
a2a6b439-654e-4f2d-be97-6807f52ab25d,gaussian_blur,s5,4,0.602470,0.749844,0.760251
a2aa33e8-ae1c-4de8-93a4-fd503dba3f83,fog,s4,2,0.709132,0.819491,0.887009
a2b42f3b-140d-4bcb-813d-ea4289a998c9,gaussian_blur,s4,4,0.581515,0.731695,0.749163
a2c9e7cf-9544-4d19-828b-a8a66c01160d,fog,s5,2,0.299346,0.425140,0.522733
a2cc0e6a-5e98-49fb-bbb9-dffb23511ff4,clean,s3,1,0.547633,0.626778,0.924533
a2d3f96c-d893-4692-80bb-b6465dcf4c3c,clean,s5,5,0.575363,0.718501,0.772904
a2e6579b-361d-416b-a4a7-37f7f915a4ce,clean,s4,4,0.506250,0.631557,0.782507
a2ea6eb6-09a4-4ac5-93f6-88299bf854fc,clean,s5,4,0.649666,0.775358,0.842278
a2fb45ad-50bc-44db-a426-69e581a3d5b9,shot_noise,s3,0,0.456829,0.477441,0.913659
a3007ad1-69cd-4a30-b5af-6a733b13b335,fog,s5,5,0.550129,0.702492,0.734299
a3017d76-9769-4200-85f3-176134c1777d,gaussian_blur,s4,1,0.299779,0.427944,0.519546
a30d1de1-e0c6-4db7-94a9-9ae164c5cc92,clean,s5,0,0.717117,0.834833,0.837823
a3117cb8-cf14-4712-a3f2-b1592f76a680,clean,s5,1,0.461401,0.629924,0.635574
a314506f-bb96-4555-a6c1-cbb4d5bc2d88,shot_noise,s5,2,0.490012,0.656725,0.660651
a3177d22-1262-4163-acc9-e96f4b686394,fog,s4,0,0.362034,0.462433,0.660290
a32217e7-4ac5-4058-8a50-858637389b56,clean,s4,0,0.382746,0.480990,0.693510
a324f3f2-0829-447f-bce9-54f0bb171045,shot_noise,s5,3,0.462298,0.516991,0.870997
a3508510-f692-4183-865b-b30c83a7dfa6,gaussian_blur,s5,4,0.594622,0.745474,0.747003
a356d75d-942a-4c63-b51a-3d0d4ba48a8f,clean,s5,3,0.666689,0.796659,0.816528
a3575d99-cdde-411e-adf5-30aaa019777e,gaussian_blur,s5,2,0.664787,0.797922,0.802224
a35b06a6-34ef-43cd-a852-2fefbcd16249,fog,s5,5,0.707208,0.827930,0.831792
a35b258d-4287-419e-8c4d-0772421f270a,gaussian_blur,s5,1,0.371214,0.541377,0.541573
a35f87f0-6ef7-4ade-9f38-19b2de144f50,fog,s4,3,0.638089,0.760051,0.858309
a35f9b6f-fea5-4b6e-8fe6-ef4aaefa7c30,fog,s3,3,0.448090,0.502657,0.852538
a36323cb-e7ee-4dd4-9302-5621fc8edfd9,shot_noise,s4,5,0.675685,0.794939,0.862631
a36e5d18-dd65-4aa6-83bf-4ba549ab1436,shot_noise,s5,3,0.596412,0.747110,0.747509
a36f9474-f742-4407-9ba8-ac471b29a1f5,fog,s4,0,0.787301,0.875615,0.924246
a3718878-33b5-4f6f-a460-570ae140acbe,shot_noise,s3,5,0.822150,0.895392,0.969346
a3780878-b178-4fe5-a8ea-38e49c6df234,fog,s5,3,0.285878,0.415648,0.494262
a37e37e3-76e2-4cbf-aded-56f212dbc34a,shot_noise,s5,1,0.578669,0.732868,0.734016
a37e9922-fb51-4759-9f57-2a948704b124,clean,s5,4,0.748923,0.856278,0.857562
a37fa6ed-d095-4e6a-92a0-dfa417778d59,fog,s2,0,0.484937,0.492353,0.969874
a3905144-6353-414b-9e80-d072746c4cf5,clean,s5,1,0.357346,0.506188,0.567744
a3975fec-b9ed-4400-a312-eb8893a4a5c9,gaussian_blur,s4,0,0.687424,0.803576,0.871706
a39a1e3e-15c9-4e90-8f30-f61e35fbb007,shot_noise,s4,3,0.672012,0.782979,0.899941
a3a4a830-dc8a-460c-8e5d-51e386387f35,gaussian_blur,s4,4,0.618607,0.719711,0.923701
a3b25ad6-60fa-4b6d-8b7a-6355d9df9987,clean,s3,0,0.631157,0.745042,0.886971
a3bb9a8d-eb7e-4e57-9a3c-69d7cb014269,gaussian_blur,s3,4,0.240438,0.342045,0.457005
a3c81446-2112-42b2-aa33-d575905c6796,fog,s4,3,0.454118,0.606926,0.669550
a3e03729-a071-4546-b79f-3cfdb4771bf9,fog,s5,5,0.457327,0.624578,0.635739
a3e5fb63-6aba-4970-aa02-c3a1e0243f22,shot_noise,s4,4,0.705808,0.821257,0.862656
a40d92bd-2697-4f18-90d7-53e2523916ac,shot_noise,s4,1,0.814573,0.892661,0.945802
a43cfa66-9152-470d-9bac-7954c99c93ea,gaussian_blur,s3,5,0.422592,0.499944,0.782438
a43f2660-bbbf-4ff3-808b-063f1e481c27,fog,s4,1,0.549002,0.672691,0.819309
a457d725-da64-48ed-9fe7-09de93e61aea,gaussian_blur,s5,4,0.574243,0.728070,0.734981
a45c79e2-7891-425c-979c-02804e20a6e4,clean,s4,3,0.533602,0.657426,0.808133
a46089f6-c5d6-4d94-8bef-ec63dc94b463,clean,s3,1,0.722214,0.813470,0.973982
a4622c07-8cde-4596-acbb-5ed665cb32e9,clean,s3,0,0.518929,0.642887,0.796399
a4643add-5f25-4bbc-a10a-3a532a23c3c1,gaussian_blur,s5,2,0.689795,0.802950,0.884805
a470479c-b8ff-48f5-9751-d45890949067,clean,s3,2,0.601462,0.701076,0.918624
a472f375-cb50-44b6-9bc4-3c20322433c0,shot_noise,s3,4,0.735585,0.833090,0.934889
a473b9a9-1af6-45e5-beed-ee1228ce2d9d,fog,s5,3,0.592195,0.743679,0.744625
a47c9f18-6d67-4846-b696-7a8c7dcef018,fog,s4,5,0.623654,0.742115,0.869401
a47ca3f5-0535-4d70-9d10-bd80f68a51a6,fog,s5,1,0.527061,0.689218,0.693760
a47d8e46-f6cb-4d74-a97b-19f3ad25bd22,clean,s4,1,0.595124,0.714825,0.856126
a4c8a899-527e-4f84-855e-6c545e26c000,clean,s5,5,0.506801,0.672679,0.672704
a4ccf89e-d158-474f-9d30-fc0d700b7975,gaussian_blur,s3,5,0.530557,0.617257,0.891928
a4d803c8-661b-468d-8a95-3465d6d3c7f1,shot_noise,s4,4,0.624102,0.739636,0.879604
a4d922fc-97d6-4551-b39d-b9186ef71012,clean,s4,0,0.748771,0.852662,0.881302
a4e1cf38-d427-4374-b37f-9e1e6e630324,fog,s3,4,0.295604,0.434482,0.494931
a4e311b8-26d9-45fe-be13-1e081dde62d3,fog,s2,2,0.485535,0.565508,0.856624
a4e68e99-3756-493f-81ea-32bcded5f99d,clean,s3,4,0.835589,0.904653,0.971040
a4e7faa4-bc2c-489e-b5f8-8ef85a77f816,shot_noise,s5,3,0.744313,0.852950,0.856592
a4eb065f-7855-4357-813d-9fab581169ff,gaussian_blur,s3,5,0.741075,0.838046,0.933022
a4f13dce-ba76-4fba-9722-2915919bed70,fog,s4,0,0.795208,0.883899,0.903355
a500ee77-e959-45f3-b9da-041d7215e3f1,gaussian_blur,s5,3,0.475704,0.644695,0.644768
a513a517-d3c4-48a6-88ad-458494076f1a,clean,s4,5,0.740678,0.848215,0.869515
a518311c-abff-4200-b073-cbd65c316ad0,shot_noise,s4,2,0.516781,0.605642,0.873568
a53002ad-8c99-426b-8129-6115ddced077,gaussian_blur,s5,2,0.635471,0.776912,0.778000
a53406db-622d-40eb-8d5e-c80125acbc95,fog,s4,0,0.757516,0.853565,0.919844
a5499cb4-0e52-42b0-9950-fc48fc1bf8c0,fog,s4,2,0.604442,0.737673,0.813643
a5606500-fecc-4e3c-8f05-a68ee1efe441,gaussian_blur,s2,3,0.430408,0.520014,0.772185
a5613f6b-3d96-4713-9136-4ba1b9a4a2ec,fog,s4,5,0.285832,0.430749,0.468896
a56247e0-b7dc-4d75-a4b6-f1d35d917f59,fog,s4,1,0.227553,0.360996,0.385995
a5645524-8cb0-4ce6-95cf-775c60829731,shot_noise,s5,0,0.517501,0.678791,0.692171
a5799819-08b2-448e-b423-a7a8b84d0461,gaussian_blur,s1,4,0.463852,0.514604,0.879184
a579ada2-5afe-4dcf-90ef-a35d34d5042f,clean,s5,3,0.572526,0.727733,0.729731
a58bd9bf-2521-4801-b9c2-1b3125c6dadb,clean,s5,4,0.594919,0.745550,0.747856
a5ace6cc-7c8c-46fe-a134-427873770026,clean,s5,5,0.731848,0.841952,0.865491
a5ae7575-91ad-4902-958d-1369b3c13cf5,clean,s5,5,0.721471,0.837781,0.840805
a5af9056-bd77-466b-97c0-95806bbf5b9f,fog,s5,2,0.448974,0.613167,0.636636
a5b4c183-c528-425e-8d54-261fcd761c5f,clean,s5,3,0.245760,0.329543,0.491520
a5cb46ae-4e0c-4171-855c-6a193396fc65,clean,s5,3,0.760937,0.864231,0.864315
a5d7e3f0-456a-4f70-a3c0-efc9311cd8e6,clean,s5,1,0.714672,0.823573,0.890408
a5e46454-d348-49ec-ac45-bfd725d690b8,gaussian_blur,s4,4,0.396240,0.504056,0.695670
a5edec55-9c10-452d-9440-49586abf5fef,fog,s3,0,0.645448,0.744874,0.939943
a5fde0a4-b09c-40b0-90a4-510f13111a45,shot_noise,s5,4,0.774419,0.872844,0.873078
a602303b-5745-41ef-b244-f3e77e7333a5,clean,s4,2,0.436369,0.474513,0.860865
a6139d98-b321-4838-b8e4-40d1d79ded53,fog,s4,0,0.429390,0.545828,0.721845
a61ef551-b466-4244-8ae6-45d7b9f0bc44,clean,s5,2,0.617666,0.763069,0.766108
a62f3009-c665-4ed2-b035-6b8a10db1555,clean,s4,3,0.569765,0.715509,0.762533
a64caecc-eee4-4f3b-b811-fcec5e5ea665,shot_noise,s5,4,0.815257,0.897545,0.904887
a65135b4-4ba0-4c72-982d-3903226a1b43,gaussian_blur,s2,5,0.494128,0.581172,0.853045
a6562707-2572-4b0b-b632-b19194c4344e,fog,s5,4,0.646915,0.785220,0.787416
a65fc2d2-7f84-4aa6-93bb-4cb08c7e3faa,gaussian_blur,s5,0,0.774641,0.873010,0.873024
a668f877-e952-46b1-bd2e-8369224fdeed,gaussian_blur,s5,0,0.663521,0.797483,0.798955
a66f394e-23f1-46fa-a256-06b92f1343c8,clean,s3,5,0.699062,0.801175,0.932044
a6842900-caad-4541-b706-308b1b5b59de,gaussian_blur,s5,4,0.375165,0.545514,0.545883
a68b9f03-3f30-4cde-bf79-21239eb4d651,gaussian_blur,s4,2,0.767700,0.864902,0.895856
a690dccb-7e67-4c30-bf58-9c146b2cedf4,shot_noise,s5,3,0.423504,0.594891,0.595326
a6920461-11be-4d5f-b80a-532d4a371e21,clean,s4,3,0.297632,0.454598,0.466309
a6939bbe-c2f9-48c2-a7ed-ecf1a457e967,clean,s5,5,0.660418,0.791631,0.813976
a699b953-001d-4262-81f5-8a2ec6b7ddf1,gaussian_blur,s4,5,0.639956,0.768385,0.832570
a6a407ea-e534-485c-85fb-adc78e388b18,clean,s4,0,0.562763,0.709751,0.756267
a6a5c4fd-8fa1-4bbe-bee2-cb8feee58648,gaussian_blur,s5,3,0.634550,0.775102,0.782289
a6a9e611-064c-4fc7-85ee-d4d627fec9c6,gaussian_blur,s5,0,0.660469,0.794076,0.802539
a6b2f2b7-0c7c-44e5-9e6f-a0f803d7d433,clean,s5,1,0.731848,0.841952,0.865491
a6c9b4b1-8bdd-4575-82de-64a9f8150d41,gaussian_blur,s4,2,0.511802,0.671997,0.692560
a6d61d33-d15d-484c-9b28-d0bab0ccb3fc,clean,s4,4,0.687424,0.803576,0.871706
a6d7b365-3a82-46ca-9062-b40b46645215,shot_noise,s4,1,0.719543,0.822376,0.918667
a6ec1c37-ad58-430b-bb85-63e4beb0fdd6,gaussian_blur,s4,5,0.750088,0.845893,0.930577
a6f5b5dc-a309-42fd-a1f4-c5cde0191185,shot_noise,s3,1,0.649057,0.746933,0.946245
a6f6bd70-b204-409f-bcd4-b48bbbf56c2c,shot_noise,s5,0,0.637208,0.776487,0.787003
a6f867a2-e72f-4ca5-a07b-44e2d67a86e8,shot_noise,s4,3,0.710132,0.826887,0.851364
a6fa78f7-fed7-4bce-bfe1-fa698594071b,gaussian_blur,s4,1,0.752537,0.853535,0.894725
a7076dca-82d3-4a86-9c46-c91e73369605,gaussian_blur,s5,0,0.515720,0.668946,0.715381
a70e66b1-ceb3-4595-a1c6-418941af8b78,shot_noise,s5,1,0.658344,0.793652,0.795556
a71123ec-20df-43eb-8113-cc86c9418bc6,gaussian_blur,s3,1,0.629473,0.739645,0.899221
a7151802-c89f-4545-b2f9-5b6991f56357,fog,s5,3,0.654755,0.791278,0.791765
a72235ba-d9bb-4295-934a-d2777e59b375,clean,s5,4,0.492330,0.647743,0.694080
a725f400-e85f-4be3-b338-2a8dc716b9e3,clean,s5,1,0.705388,0.826592,0.831017
a72a4364-06c1-4c51-8111-30eb7b553f35,shot_noise,s4,4,0.747278,0.852949,0.871775
a72a5ad8-1e1c-4221-baac-0e7e488277f2,gaussian_blur,s5,4,0.584144,0.737466,0.737572
a72f98ad-924a-43ae-a6f8-a02a0e78d270,shot_noise,s5,4,0.211956,0.344188,0.358293
a731ee96-800b-4705-a578-aaa766eed92e,gaussian_blur,s4,0,0.619500,0.735571,0.876535
a736902d-f46b-4f2a-a0cf-be6361c3b167,fog,s5,2,0.430459,0.601765,0.602053
a741be43-276e-4fd3-b2c0-f4dd9ad27360,clean,s5,0,0.555102,0.700445,0.758863
a7464eb9-7ed1-47df-9ea0-b5ee7e4fd990,shot_noise,s5,2,0.616448,0.746339,0.827297
a74ab969-656f-49ed-abaa-a064fb22641e,clean,s5,5,0.501383,0.665965,0.673675
a756df5c-5eca-4ece-aa9e-4c3a5bdbaf8e,fog,s4,5,0.524141,0.685053,0.696462
a757f381-2fd0-4c6a-a286-5b88b794ae19,gaussian_blur,s3,4,0.538424,0.598630,0.952448
a76e0841-f211-40ef-888a-60eee0c4ffb1,clean,s5,3,0.713695,0.832484,0.835600
a7740db3-009d-4b5c-a52e-4d3b9ab8124b,clean,s3,2,0.594493,0.687704,0.931337
a77ba5f5-16ee-46e3-acc5-509a6f951885,fog,s1,0,0.454856,0.510444,0.859894
a780ea95-0352-4adb-988f-d5db5e832139,clean,s4,3,0.802354,0.886154,0.927105
a79a2344-7c0a-45be-8545-6b64798ab691,gaussian_blur,s4,0,0.558557,0.711181,0.736084
a79fb884-e95c-4a00-b4b3-a6a2fbf22071,fog,s5,4,0.242050,0.389639,0.389954
a7a62418-1a20-4ad1-b1e5-b4710931c9f3,clean,s5,5,0.656821,0.789460,0.809061
a7a96faf-e2f6-497d-b807-aeead898ebc1,shot_noise,s5,4,0.735746,0.847750,0.847806
a7ab73b9-251b-43db-aca5-465eb800cca5,gaussian_blur,s4,5,0.364740,0.519079,0.566626
a7b285aa-6a86-4dc6-9608-f309dad09a89,fog,s3,0,0.483805,0.491769,0.967610
a7b73743-fcfb-4ac4-baf3-1380e375e133,shot_noise,s2,4,0.660587,0.753872,0.965172
a7b9507c-c376-42f6-a726-db34d83802e8,gaussian_blur,s5,0,0.696492,0.818287,0.836557
a7bb375f-9c40-474b-9638-fe177be9c18b,shot_noise,s4,3,0.747716,0.849363,0.897381
a7be5a5e-8ad7-4b1b-a883-390af8ab9bc6,gaussian_blur,s3,5,0.724768,0.817967,0.963791
a7c1fc9e-86d8-4442-ab2b-d58f640aa6bf,shot_noise,s3,0,0.575124,0.693163,0.851157
a7cbbcdc-3cac-4ca2-a0af-3d38b9059c9c,gaussian_blur,s4,5,0.599742,0.709268,0.889205
a7cc8ea7-694b-4453-96e2-60cac347fe5d,fog,s4,4,0.446607,0.569199,0.729467
a7fc5982-7970-4765-afc8-d321de11d240,fog,s5,3,0.551880,0.707428,0.724272
a7ff6558-9f61-429e-bbb4-e51ecc3591cd,gaussian_blur,s3,1,0.440033,0.468104,0.880065
a804d47a-a15a-42d4-af56-17b325987869,gaussian_blur,s4,4,0.513496,0.642881,0.778451
a807cbb5-7ced-477e-93f6-d43e1a42c306,gaussian_blur,s5,3,0.370427,0.526647,0.570080
a80a4f6b-3254-483b-a6d6-3c82be67342d,clean,s5,2,0.307585,0.403533,0.582672
a80b056b-a103-4235-b8d9-0a5a73798b45,fog,s4,5,0.505461,0.664445,0.692539
a8129302-bee0-45a8-b386-8e631caf4a2f,clean,s4,1,0.726139,0.834250,0.884149
a81d3595-debf-469a-964e-f20733341c0e,fog,s5,5,0.295808,0.371708,0.591616
a8214d30-c81e-4b75-ae60-8fa77cfa5483,gaussian_blur,s5,2,0.632537,0.774143,0.778324
a83526ee-2161-40c1-87de-1ead68434154,clean,s3,5,0.324456,0.393540,0.648913
a839dc6e-07c5-4bca-8b4f-6218a2db947f,fog,s3,4,0.640602,0.732007,0.963506
a845255b-fc6e-49c5-9ee9-855c222c9b8b,gaussian_blur,s5,3,0.510135,0.675611,0.675628
a8494a30-30c6-45a0-8f64-0b24c0282860,shot_noise,s4,3,0.716696,0.820889,0.913598
a84e0028-8972-427c-b594-edf5a491fc91,gaussian_blur,s5,4,0.432003,0.597450,0.618024
a87281f6-0e85-4ac0-8234-74cdd9ebae75,shot_noise,s5,2,0.562499,0.715863,0.734556
a87390c2-2209-4e38-8220-06ba6eb36759,fog,s4,5,0.473791,0.583930,0.784818
a874a14d-0588-41cd-82f0-5caa447954e3,shot_noise,s4,2,0.445584,0.493335,0.859520
a8782ab5-ccca-4d68-8df6-94abf2e05a19,gaussian_blur,s2,5,0.476387,0.487908,0.952773
a88f4c91-fbfa-4199-a42b-553234586b3f,fog,s4,0,0.609902,0.741947,0.818686
a8a561bf-714f-4a55-9c59-d5c1e3e47412,gaussian_blur,s4,0,0.750177,0.853553,0.882560
a8a5fde0-f8a0-425b-a766-50983633c6d9,fog,s4,3,0.747488,0.850311,0.890167
a8aa96ff-4660-4661-9484-a3b1dd2c93ac,clean,s5,4,0.650319,0.787775,0.789706
a8ab4d47-de4f-4adc-9071-b8f0cd58fa88,shot_noise,s4,4,0.457418,0.586122,0.728192
a8b1eb5a-9c4f-4f36-86cf-b90c30c2ab2e,gaussian_blur,s5,3,0.435724,0.605643,0.610352
a8b6305e-e503-43c6-8bb5-0042da6badde,gaussian_blur,s5,5,0.543943,0.704351,0.705509
a8c20e56-34e1-4670-b0e3-a41b33dfb964,gaussian_blur,s2,4,0.460008,0.479171,0.920016
a8ca288e-add6-4f3a-ada7-ac1305e526c1,clean,s4,1,0.825880,0.903101,0.920498
a8dea74c-d458-4037-85a0-bd1088cc1a1b,clean,s4,3,0.616468,0.731103,0.880368
a8e0b406-5ecb-4bda-8b52-a568e4df1edd,gaussian_blur,s3,4,0.685864,0.783550,0.952793
a8f22e5a-2b7c-4c0d-aee1-c4c69d53a7f1,fog,s4,0,0.520378,0.655809,0.768005
a908cfd9-8ea0-4b01-ab60-ed74084e72eb,gaussian_blur,s4,4,0.267300,0.421675,0.422128
a9176425-a755-4943-b84d-ab65c88e42db,clean,s4,0,0.756378,0.852846,0.918693
a925aa57-ab4d-48b6-b39d-0f0bbe6aa700,gaussian_blur,s5,1,0.436791,0.585849,0.661515
a929486c-b2c5-4ba3-b5b9-c13ffbfd3695,shot_noise,s4,2,0.705312,0.815349,0.891344
a93e87ad-726e-46f5-a466-8837562afb8b,fog,s5,5,0.655603,0.787963,0.810928
a93ea469-d9f3-40f2-9493-a13ef4d3feec,clean,s3,0,0.660367,0.762379,0.934607
a9444d7e-bce6-4383-a9d5-ad1c2e34a9ec,clean,s5,0,0.400818,0.552654,0.616096
a944ab63-d448-4c43-b750-06d275ef2d17,shot_noise,s5,3,0.464054,0.615965,0.680709
a9497e30-b319-4bc5-810d-d266632a36a5,gaussian_blur,s5,5,0.550493,0.699307,0.745941
a94f1dab-4ee2-4915-aa76-0c6d9ae6046e,clean,s4,3,0.750177,0.853553,0.882560
a9543d2c-8710-4e4c-938c-8123bd477244,clean,s4,4,0.794582,0.880952,0.924024
a957962b-5c1b-456b-8a8f-757c5085936e,fog,s5,0,0.680215,0.809018,0.813120
a95ca938-0f63-460b-8f1e-85736ce0298a,gaussian_blur,s4,2,0.598281,0.731082,0.814006
a95d982f-7451-4824-b78e-7410b4486ddf,shot_noise,s4,5,0.765867,0.859637,0.922799
a96ec7d6-7821-4fb4-9354-ff8cc776c940,gaussian_blur,s5,1,0.368318,0.537238,0.540759
a97b47b3-501d-48a5-8ac6-a72c19773e5a,fog,s4,2,0.750048,0.852412,0.889440
a982f9a4-5a69-4bb2-bf35-3752bd49bb80,shot_noise,s5,2,0.678486,0.803868,0.831808
a98b5dcc-4aba-4a50-a927-b140a4180ea2,gaussian_blur,s3,4,0.519772,0.607552,0.878844
a99363a2-64b8-4561-8e12-1b1bcd1e5d14,shot_noise,s5,4,0.360509,0.519538,0.551659
a9946616-8ef0-4718-bdf4-caac95230a5b,clean,s4,0,0.539698,0.657112,0.829168
a9959912-986b-4a51-a9f8-9b4ffb097386,clean,s4,5,0.612911,0.747145,0.810869
a995f30e-2b6a-4a92-bed2-b2f14b35b6f4,fog,s5,2,0.123596,0.204737,0.239195
a9990343-b00f-4a48-ab77-c653567a0e5b,fog,s4,2,0.569648,0.714088,0.766893
a99e8bc0-1d08-45b8-ae6f-d3e657ece270,gaussian_blur,s4,3,0.549151,0.707793,0.713000
a9a9db76-3c1e-4186-ac10-764fb033ccb5,gaussian_blur,s5,1,0.627446,0.770582,0.773253
a9aaf59a-d406-4f5d-84f9-96ca1f763498,fog,s4,3,0.559836,0.689296,0.809598
a9abb6d4-1ac7-4938-9ac8-200a4f5e7d5a,clean,s5,0,0.548943,0.704240,0.724204
a9af69d2-9357-4e50-aff5-812c09fed377,shot_noise,s5,4,0.269547,0.376705,0.501532
a9b2d664-693f-45ae-bb41-8c7a0f265997,clean,s5,5,0.456551,0.625455,0.630734
a9b4183b-266d-4f52-9537-e2bde7d797b8,shot_noise,s4,2,0.436032,0.556472,0.721813
a9b49ce0-2ff5-41e1-af09-4a42079b27ce,gaussian_blur,s4,4,0.567557,0.697931,0.810860
a9d0f9e9-e67d-488c-8751-c098e55ec540,clean,s4,5,0.801018,0.882151,0.952016
a9e1605e-28af-49f4-9cf1-53e590b76f63,fog,s5,2,0.631494,0.771543,0.785451
a9e2c956-72ca-48b3-9e82-bc9a5daa0f72,clean,s5,5,0.780862,0.876939,0.877027
a9e9818e-5f84-4ada-94e6-f41211e56d51,shot_noise,s5,2,0.305892,0.379569,0.611783
a9ee2b89-1327-4b7b-a4a2-8d0ce2fc9a01,shot_noise,s4,2,0.695378,0.810504,0.872135
a9f2c657-819b-42f1-877b-92ad35bdea8f,shot_noise,s3,0,0.628238,0.734496,0.911723
a9f5e9db-c43f-404d-82ba-e32285435d0e,clean,s3,5,0.640941,0.747216,0.915578
a9f73cce-f3c7-49f2-aec8-c697c4f129f7,clean,s4,2,0.682432,0.807618,0.830096
aa00d247-c370-4e3f-bdf1-c12ce4b02540,gaussian_blur,s3,2,0.715900,0.809292,0.966251
aa014257-966c-4ac9-8ab0-b5ca7488ca9d,shot_noise,s3,4,0.454688,0.476269,0.909375
aa0a31c9-d902-4d52-896d-ba5a719859e1,fog,s5,1,0.723714,0.838928,0.844602
aa0dfd58-1760-4d4b-9c8f-1f33427bcdd0,fog,s4,2,0.756587,0.850202,0.936373
aa17945f-ff63-4a39-a23c-2c7cd5aea50e,gaussian_blur,s5,0,0.548774,0.705396,0.719723
aa1fb550-d9b2-4fa8-84fd-54f9ee1cf4fc,shot_noise,s4,2,0.471360,0.611892,0.714976
aa284fac-2aa0-4492-967e-ee853e25927f,shot_noise,s5,0,0.550517,0.709872,0.710919
aa373c92-cd75-4981-bfa6-61e905573f5a,fog,s3,0,0.343955,0.469509,0.591680
aa37612d-d657-477d-a523-cfff9e3e4f53,shot_noise,s5,0,0.649993,0.783905,0.806240
aa3814d8-4e5f-4b93-a9cb-873fff5e4e6d,gaussian_blur,s4,4,0.617921,0.737571,0.863968
aa3e2dbd-bf16-4cc1-8d76-728fd15a557f,clean,s5,2,0.484991,0.644994,0.676279
aa637b90-9f55-4a15-9785-9dd4883dfc1b,shot_noise,s3,4,0.434996,0.485553,0.840917
aa6ed6f0-f862-41c4-83ef-2465d0c5e2a9,fog,s4,0,0.491130,0.646921,0.692197
aa75e7d0-af32-43e3-8782-ba6d8e3b6435,fog,s5,5,0.493565,0.660880,0.661046
aa88b8c6-1acb-4bc5-a2fb-cd43538cea00,clean,s3,1,0.701866,0.805301,0.925070
aa8c9ec0-b235-490c-a6b4-48d57b706be0,shot_noise,s5,2,0.573077,0.727783,0.731632
aaa8300d-2b63-4106-b025-4dba70c78e4c,shot_noise,s4,4,0.785257,0.876881,0.902715
aab233a3-0a5f-4fea-953a-bec09d2bc778,gaussian_blur,s5,2,0.699971,0.823472,0.823717
aab77bf6-6960-4be2-80e2-ed0c7b2157b9,fog,s5,3,0.491020,0.653206,0.674294
aaba7d93-df8b-4e2c-a548-7e696ff46898,clean,s4,4,0.557029,0.690364,0.796688
aaccd806-6cec-412b-9a94-84321fd45d35,clean,s4,2,0.483819,0.622798,0.729883
aad86fe8-0198-4447-91e6-c9e77a701f35,shot_noise,s3,4,0.556175,0.658624,0.879350
aadb0862-7e46-40e2-968c-f3f2b2538d16,fog,s4,4,0.415983,0.585236,0.593141
aaf65de8-e3df-4a2a-8c8f-166b7ae57a0f,fog,s4,0,0.262814,0.413666,0.420619
ab02a2a0-c2af-4a15-ae94-119a281f91f2,clean,s5,1,0.741135,0.850807,0.854793
ab0358c3-0b71-428c-9a23-b8f05d817045,shot_noise,s3,5,0.284040,0.363798,0.565989
ab04a472-f401-4c97-9a43-8194a58b1cec,fog,s3,4,0.527322,0.597424,0.921767
ab07f652-6e23-4fef-8fc9-7468e4bcf726,fog,s4,1,0.631277,0.754413,0.853584
ab1a0252-9587-4d11-8840-5baa9f38d817,gaussian_blur,s5,3,0.773356,0.870475,0.885477
ab27ff86-aabe-4972-b620-785c1904bf39,clean,s4,5,0.814757,0.895498,0.921142
ab28d3e5-6e34-4b09-a0b3-90b592d04faf,shot_noise,s3,5,0.516598,0.608416,0.867280
ab341686-c864-4a09-b654-dc944307d41d,gaussian_blur,s5,5,0.594264,0.729265,0.805479
ab384c7d-2901-49c3-8b4e-616c7f5c699c,shot_noise,s5,1,0.669090,0.798221,0.819195
ab4b5fdd-699d-4625-aadc-12fb54957208,shot_noise,s5,4,0.420618,0.587574,0.603288
ab516f68-480c-4687-87ed-e91fdf60d2f8,shot_noise,s3,5,0.696477,0.794932,0.948627
ab55965e-5f8a-432d-8fea-7e0feba9a8a8,fog,s4,0,0.522744,0.648966,0.793739
ab8c097b-fe3d-46a6-b1fc-47f41e5ce281,fog,s5,5,0.563871,0.713530,0.747624
ab97f4e5-5b03-4d47-a872-c98ec6a89851,clean,s5,2,0.643445,0.783040,0.783063
ab9a309e-1699-4414-a7f4-b61d6789b65f,shot_noise,s5,2,0.631471,0.774103,0.774157
abad36b6-fb91-4ee7-b8d5-fd62324a6cd0,gaussian_blur,s5,4,0.779480,0.875435,0.881226
abba0552-d358-47ba-a135-6dc61e098b7d,fog,s5,4,0.363437,0.533119,0.533120
abbf4720-8f9d-495a-9530-b52ed03e882e,shot_noise,s5,4,0.699546,0.821356,0.833621
abcbbbb9-8b68-48e1-baa7-d461741804e3,clean,s4,4,0.467315,0.605185,0.717461
abd8fda4-471a-49d2-ad80-1ba9b67bac5d,gaussian_blur,s5,1,0.342467,0.497832,0.534846
abdce202-9f46-446a-82ea-2a0545cf1d7d,shot_noise,s4,1,0.371213,0.510117,0.605371
abe8a30d-321f-44dd-9324-ebc738f20eb6,fog,s4,4,0.507859,0.660626,0.711891
ac0be8a1-a3a8-4b7b-b1ce-51f0a28c15d9,gaussian_blur,s5,5,0.549770,0.705092,0.724384
ac172531-0b8d-4be2-a59a-b442e81abf05,fog,s4,0,0.419808,0.563402,0.655392
ac27c593-3300-418b-92a3-1fb9a9141d83,gaussian_blur,s4,5,0.659377,0.775861,0.878907
ac28e48d-6da1-42c6-abde-a1e5110ac0af,shot_noise,s2,0,0.491163,0.495542,0.982325
ac54696f-d600-4b0c-a204-44711937bfdb,shot_noise,s4,5,0.676652,0.795924,0.862139
ac654076-da53-44b3-b7ad-ccced6b8c4de,gaussian_blur,s5,1,0.349183,0.509368,0.534443
ac6cdc61-960b-4805-baea-c9ba337af387,clean,s4,3,0.604427,0.736912,0.816307
ac719678-4fa0-405e-8290-7ad37a563230,gaussian_blur,s4,0,0.854713,0.920118,0.941045
ac76ead6-deba-4703-afbe-e8d5add9d421,fog,s5,5,0.575737,0.726458,0.746454
ac900295-47b6-4dd7-bdaa-c181d3a9e420,gaussian_blur,s3,3,0.721616,0.821032,0.934791
ac95d095-9bf1-4e76-916d-ad7b7cfc90a5,gaussian_blur,s4,0,0.271871,0.400824,0.472058
aca578ac-c5da-4323-b7ec-d91bfea1000f,gaussian_blur,s4,5,0.621860,0.757816,0.804144
acad7e2a-f294-4b36-9428-0aa4c9a1c903,clean,s5,3,0.545301,0.705650,0.706108
acb53d10-be62-4216-a0a0-633c8b24503e,gaussian_blur,s5,0,0.691260,0.816288,0.823777
acb93b34-f17d-4d23-960e-2fe65d672743,clean,s4,2,0.720138,0.831622,0.871042
acbe1dd4-ccf2-45c9-acc5-edf83c78df25,clean,s4,1,0.444304,0.558721,0.743353
acc22318-aa4c-43be-bf83-005ea49ca17a,shot_noise,s4,1,0.533153,0.668758,0.776229
ace498c3-f272-4434-8ed6-8fe374a80c6e,shot_noise,s2,5,0.465539,0.482154,0.931077
ace4ff5b-5e83-4361-97b5-5348515a3741,shot_noise,s4,4,0.473575,0.584312,0.783355
acec8e59-889e-4b97-b669-aa3d933e1ea9,clean,s5,4,0.479753,0.644103,0.660562
acfcc63b-824e-4870-89ed-3f8c6b23329c,shot_noise,s4,3,0.513957,0.651852,0.756816
acfd2996-02d4-4d85-8dea-51dcc5ae1a9d,clean,s2,1,0.562087,0.622485,0.977072
acff7ce7-dfd2-4081-b79a-152821892604,gaussian_blur,s5,0,0.696819,0.818127,0.838901
ad02562f-64a3-4139-95e4-eff3295266c1,gaussian_blur,s5,3,0.372815,0.453762,0.706763
ad14b560-7f2f-46de-a913-4c62d0fa6a7a,shot_noise,s5,1,0.567224,0.722791,0.727706
ad198bd2-12b3-412f-8a73-d012d6bf7693,gaussian_blur,s4,4,0.470966,0.599478,0.742395
ad1c3bed-3863-402a-9550-86e32972abc6,fog,s4,2,0.702378,0.818421,0.862357
ad1f78fb-a24f-4d7e-bcfc-43078dcc47d6,shot_noise,s4,2,0.647643,0.780324,0.812639
ad2055e9-7dda-45b8-a144-63df82812d66,fog,s5,5,0.322942,0.483991,0.496410
ad310023-adfa-4bb9-8913-a3092682bcdc,gaussian_blur,s5,1,0.236232,0.363941,0.410859
ad41ba5c-673c-4569-9dbd-21e0d9d55d6f,clean,s3,1,0.658509,0.755797,0.950937
ad4f3762-c921-4bde-905c-ef70cc9d3706,clean,s3,0,0.653017,0.761596,0.909615
ad5970c9-2191-4c38-b639-23d5931bc9d2,gaussian_blur,s4,0,0.583880,0.725797,0.779150
ad64a08f-4cb4-48ed-8307-204fb7dfc3db,fog,s4,4,0.431606,0.524075,0.768733
ad7a06a6-e9fd-4086-a290-6964e874a9be,fog,s4,5,0.551717,0.671564,0.831497
ad7c81ed-f002-4ab4-a876-ee1ca017c37e,shot_noise,s5,3,0.447192,0.614157,0.628011
ad891c82-76d7-4052-9591-b8bb23d9e393,clean,s4,0,0.710509,0.819804,0.891544
ad8e613c-f51d-474c-be89-94755d36aa76,fog,s5,0,0.570267,0.724077,0.734503
ad944131-c073-4863-9499-c7c177a04491,fog,s4,0,0.704520,0.813571,0.896800
ad9eda50-d559-4924-be61-de4446635a01,fog,s5,1,0.651862,0.788795,0.791375
ada681bb-255a-42f4-92e1-9ce52ab6ffba,fog,s4,3,0.780466,0.872439,0.910094
adb31223-521a-423a-83e2-041f9dfc8590,gaussian_blur,s5,3,0.665567,0.798559,0.802432
adc96afe-e26e-45f2-88e4-3280ef24728d,shot_noise,s5,2,0.714442,0.832643,0.838198
adccc4bc-f2fc-4ece-8cd6-aa60053e58c1,gaussian_blur,s5,1,0.637979,0.777234,0.786832
adcea660-94f2-4fd1-b3cf-a4c1748b14f0,fog,s4,4,0.206083,0.340978,0.342896
add87cf0-ea6f-406c-bbd0-db11dd537782,fog,s4,1,0.660600,0.789589,0.824260
addf501f-f0ee-4b27-bcfd-f7b221742bbf,fog,s1,3,0.448445,0.507920,0.845369
adebfeb0-40c0-4055-92b4-dcf6402815ab,shot_noise,s5,4,0.805624,0.891444,0.900697
adf5dae4-10c1-4c49-9565-f107fcb8c392,shot_noise,s5,3,0.406143,0.571936,0.591066
ae14cee8-4115-4ae9-9b39-fdf66b385776,fog,s5,4,0.780744,0.876413,0.880603
ae25fa14-fc4b-4609-9316-48c759cb4151,clean,s4,1,0.633259,0.752108,0.869632
ae329e71-0d0b-436c-99a3-dc19a9e32012,gaussian_blur,s2,5,0.520796,0.589004,0.918224
ae42de68-c5b3-41d1-a965-c63ec0f99cb3,clean,s5,3,0.611576,0.756361,0.769723
ae4ca6c7-76a6-43b2-a0e7-f9c838166bb2,clean,s4,5,0.735865,0.836612,0.916533
ae4dfdbc-f2fe-4d21-bfa5-47a0bda8bc45,gaussian_blur,s5,4,0.416799,0.552149,0.669237
ae59dd7b-605c-45d1-8c05-6663bc400a89,clean,s4,5,0.466526,0.551285,0.825547
ae6aece4-d773-440d-bfa2-ec507b4adeab,fog,s5,3,0.655453,0.791376,0.794247
ae7a0b33-1c62-47c0-acee-327ef87ad89d,clean,s3,2,0.583414,0.679521,0.915969
ae8b9795-5b11-4f63-b503-ceec170016e1,clean,s4,5,0.589157,0.720381,0.816896
aea429fd-1d7a-45ce-bafc-5becb773cb00,fog,s5,3,0.560740,0.717735,0.721470
aeba7ee7-9851-42c4-8b7d-63ea79dff7c6,fog,s5,0,0.564130,0.704957,0.776841
aed045f4-1449-4645-9e82-6e77506cc116,shot_noise,s5,5,0.721601,0.836491,0.849296
aed9686a-483c-4cd2-a778-e8e831f1925a,fog,s5,0,0.696819,0.818127,0.838901
aee05008-2d6b-4e11-b566-c56764abf3a6,clean,s4,5,0.763673,0.862877,0.888800
aee13940-3d2f-4c99-8469-1e2642b09803,clean,s4,4,0.780609,0.869851,0.930091
aeee9db3-c3c0-424b-8499-81aa43df1034,fog,s4,2,0.646449,0.768653,0.857067
aef74135-135f-4dda-ba38-fe191b8a5fbf,clean,s4,2,0.280596,0.419940,0.469755
aefed10f-c120-4344-abc4-eb4889d5412b,fog,s5,1,0.286693,0.412712,0.501675
af0d6bc5-51db-4ea8-af00-ae96d15e0b82,fog,s5,2,0.334584,0.406403,0.661451
af14f4dc-6c6f-408b-81d4-257934f9aeb7,shot_noise,s5,5,0.610203,0.754582,0.771524
af2d3ec7-e9ed-4ea9-be03-332f07e4dbcf,shot_noise,s5,3,0.581256,0.734254,0.738678
af2feb12-652e-4315-97de-afb5f84202eb,shot_noise,s4,1,0.701226,0.803392,0.931112
af356ebe-9b42-490f-807b-cde84491ebce,shot_noise,s5,3,0.559608,0.715864,0.723829
af3eb6a0-609e-4b13-a759-8d4f999259cf,clean,s5,0,0.608189,0.755905,0.758251
af4fce4c-704a-4e57-9caa-444aaa424ad4,gaussian_blur,s4,2,0.736236,0.841274,0.890981
af60ea30-8389-473b-a3ca-2fb281d5e447,shot_noise,s5,4,0.478782,0.639525,0.669759
af6a022d-c641-4905-8462-69a0747c2cd2,clean,s5,1,0.493363,0.658946,0.666005
af78bf81-f2d4-4fff-842e-f1cc88414dee,clean,s3,2,0.616622,0.712623,0.937637
afa56e05-5417-4f88-a4e4-76ba4ff639e4,clean,s4,2,0.520673,0.627275,0.839109
afaf51d2-ae11-4853-8683-23a3626f6873,gaussian_blur,s5,2,0.683433,0.806663,0.839305
afc17087-0dfe-4213-bb33-41bae413c24c,shot_noise,s4,3,0.713570,0.819491,0.906832
afcd9b3a-0978-44cd-a0ef-6224d877bdb9,fog,s5,0,0.674782,0.805390,0.807994
afd4a0a1-84cc-4bcf-8631-e3a0be9fedc2,clean,s4,4,0.466513,0.601847,0.722555
afd90960-e6b8-478b-bda6-8ec7da09555c,fog,s4,0,0.620249,0.743953,0.850251
afda31ae-3575-4f24-a031-99b39a793e10,fog,s5,3,0.597932,0.748368,0.748438
afdd29df-3323-4562-988e-e4306b15a8cb,fog,s5,2,0.760074,0.862695,0.870883
afee06fe-2132-48ff-af1b-55156c108ff3,clean,s4,2,0.386068,0.484864,0.697237
aff7a35c-14f9-4b96-91a6-08bd6a69cf64,shot_noise,s5,3,0.299971,0.450132,0.482185
aff99307-d6d4-4be3-aaf4-5d471fd61e13,clean,s5,1,0.538360,0.697622,0.707493
b00da858-232e-484f-a7b7-f639aa3a4784,gaussian_blur,s5,1,0.564385,0.720899,0.723849
b02406b0-5714-46f7-83d7-3aac582ca1e9,fog,s5,2,0.454555,0.622150,0.632577
b03a9887-b745-4f26-b814-ebd60972a082,gaussian_blur,s4,2,0.724545,0.828398,0.909477
b05c9697-9ad0-4548-a3ff-a4867416d79a,gaussian_blur,s4,3,0.712549,0.814324,0.928155
b0644908-a067-482e-8dc1-9e4029330a4b,gaussian_blur,s2,1,0.531092,0.600808,0.926549
b0669d41-f33e-4f22-9140-10da9fd38be2,shot_noise,s3,5,0.595600,0.695120,0.915252
b0709d0b-13e5-4952-b001-dac1c18a4372,gaussian_blur,s4,2,0.797756,0.883587,0.921131
b0725738-f9f7-4505-9bb4-75d63a6393c9,clean,s4,5,0.740342,0.838210,0.928619
b07466ab-ae32-4b23-a05f-c5a52c0cdf67,gaussian_blur,s5,3,0.663534,0.797730,0.797790
b077b897-f08a-445d-87dd-ee8d39c717be,clean,s5,2,0.517501,0.678791,0.692171
b07c9b4a-f48c-479d-884d-359f1491cfe3,clean,s5,1,0.583239,0.736736,0.736881
b07f1309-d84b-4730-bebe-646e6923cd2a,fog,s5,0,0.676994,0.799071,0.848790
b080e00a-258c-4247-b466-4e5fceb0bef1,shot_noise,s4,4,0.583337,0.714591,0.814817
b0988712-a123-4637-aa93-8e536c40b5bd,clean,s5,2,0.479651,0.636784,0.680119
b0a6ad19-6c88-41a3-b8a2-b7dbe1da1e66,shot_noise,s4,5,0.742620,0.849351,0.871898
b0bf6ffa-deb9-48bd-9a50-f770e4600f59,fog,s4,5,0.508828,0.653295,0.735538
b0c53b1c-6753-45db-9938-f27f75ed8c0c,fog,s2,1,0.501356,0.565081,0.904213
b0d56ec6-6689-4a76-afa3-ea09ff7b75ce,clean,s3,4,0.503951,0.613858,0.816000
b0d74d12-2dd2-4950-812c-4d1b01f465a3,fog,s4,4,0.395626,0.553192,0.597744
b0d75a6e-c0c9-4500-a48a-ad62b16ece41,clean,s3,1,0.532681,0.626236,0.879333
b0e2b082-0580-4443-ad16-4113cf80faf4,clean,s4,2,0.565522,0.710753,0.762983
b0f19888-42a0-4629-851f-4e2e9e4936fb,fog,s5,2,0.624446,0.767360,0.775045
b0f7330a-7154-4d39-85af-f7b093b67444,shot_noise,s3,3,0.621384,0.717065,0.941158
b10151dc-794b-4d01-a7d2-67ef2d9c6257,fog,s5,4,0.356266,0.417135,0.711045
b10508cf-f0a9-45f8-8d96-f5252a8fa844,clean,s3,2,0.598749,0.691564,0.935309
b10aba3f-f51e-4301-af64-4c5a233d499c,fog,s4,3,0.715941,0.827097,0.877035
b10df195-02c7-4e29-8248-f4b3d8f4e1b5,gaussian_blur,s4,0,0.666010,0.794827,0.822432
b111cc75-d1de-48bf-b7c9-2b8fc2d02ccd,clean,s3,4,0.515139,0.644647,0.779446
b112b125-c000-445b-ba6b-7e8b7e8ce8a1,shot_noise,s2,0,0.425216,0.459586,0.850432
b11643d9-178e-4dc8-9799-fc803bb97bba,gaussian_blur,s5,2,0.311823,0.460861,0.502378
b11ed20f-e256-4e93-9c3c-e20a1a639791,fog,s5,3,0.596072,0.744294,0.757205
b1215bf6-a1f0-4484-ab5e-889e9db0c324,fog,s4,2,0.455136,0.597992,0.694128
b123bc2d-64f5-4438-ba38-bbd35c1eccf5,gaussian_blur,s5,0,0.517795,0.678121,0.695279
b1249d46-ae99-46e8-bb57-1e4383bbe556,fog,s5,3,0.254374,0.402942,0.409995
b12dc270-6cc2-4a6e-82f7-88047f8f2d05,shot_noise,s4,1,0.689912,0.797957,0.908312
b12f2cfa-d8ed-4e95-a593-c1749b94d8f4,gaussian_blur,s5,2,0.530071,0.672444,0.755233
b13182b7-cefb-4142-b784-1a7d1530222e,clean,s5,2,0.552143,0.704847,0.733862
b1333d3e-8b7d-48bb-a8ba-909d9eadbc86,clean,s4,4,0.678068,0.805185,0.823386
b141a598-7bc5-4c40-a736-c20a5011b15d,gaussian_blur,s4,5,0.644358,0.764781,0.864235
b150d995-8f47-486c-aeea-d916bfecd54f,clean,s5,2,0.513468,0.645234,0.772389
b151fa66-1854-4811-bdea-371704cf3a06,fog,s4,4,0.583682,0.732759,0.753440
b1526d4b-aa00-406f-b5fe-6f0930d77a47,gaussian_blur,s5,5,0.464343,0.618022,0.676553
b16b091f-94a7-46f1-8fe7-7a9d59eca4be,shot_noise,s4,0,0.543547,0.680366,0.779110
b176f04b-1ea7-40d6-8af6-4d61aa6a66f1,shot_noise,s5,5,0.381658,0.551664,0.554247
b180c037-35a9-4c03-9645-32c009177be6,gaussian_blur,s5,1,0.456647,0.620394,0.644343
b1811b03-ded9-4fa3-a06a-19c74e66ccf2,shot_noise,s4,1,0.720271,0.823785,0.914613
b187ac32-d1c3-4544-bb1b-aab2f6ec18ba,fog,s2,2,0.532567,0.614767,0.903269
b1a40026-b5e4-430a-83ff-bf849546cc05,shot_noise,s4,0,0.748910,0.849278,0.903885
b1a5edbf-6877-4ba4-9326-83df89a476d7,gaussian_blur,s3,4,0.411006,0.511844,0.727459
b1ada5b0-545f-4430-96c9-287359d7ce91,clean,s3,0,0.541319,0.645115,0.863856
b1b07f36-44b9-42ff-a7b8-1ba74c5e00a7,fog,s5,0,0.628998,0.770784,0.778651
b1b4ee77-514f-4a9d-ba78-66ea146a9d98,clean,s5,3,0.621981,0.765997,0.770970
b1c3102d-9eb2-46a0-bf18-640f68578a15,fog,s4,5,0.752780,0.851949,0.906278
b1d73dca-48ea-4810-8bc4-d742374584ed,fog,s4,4,0.717516,0.827988,0.879357
b1da17da-044e-44aa-a709-ffbd41c0ac2b,gaussian_blur,s4,5,0.486975,0.636567,0.705670
b1f199d5-dc16-4d27-bfc3-d4efb1b1b06b,shot_noise,s5,1,0.735403,0.845371,0.861488
b1fda88e-ec14-49fa-a91e-bb010362ef7f,fog,s5,1,0.500930,0.666858,0.669397
b216655b-66b7-485f-a7a2-0943178c0043,shot_noise,s5,3,0.814231,0.896814,0.905261
b21ff532-b7d2-4ca4-8838-709f99d65ba2,gaussian_blur,s4,4,0.675967,0.802522,0.827610
b2237d42-834b-4638-8879-19fa29dc42fc,shot_noise,s4,5,0.488366,0.626343,0.736270
b24e814d-1e73-4d3d-806b-2b3cb4d191f1,shot_noise,s4,3,0.287151,0.443850,0.450373
b24f8d47-391d-4b0e-83b5-ef3dc0e565ce,fog,s4,0,0.401033,0.450692,0.794198
b2634a0c-8abc-4394-9248-5b0218b30c17,shot_noise,s4,2,0.632806,0.760960,0.834331
b26e59c3-9630-4c72-8a65-a4a979691a8c,gaussian_blur,s5,1,0.768424,0.869042,0.869103
b27716a4-ab34-4f12-b31d-aede964c4700,gaussian_blur,s5,2,0.120753,0.200903,0.233733
b2824b24-9b95-4d7b-992e-2f0e4255af3a,clean,s5,3,0.322815,0.417001,0.609979
b282fa88-48e8-4c77-9790-2fd4fc1adb3a,shot_noise,s2,1,0.470669,0.484892,0.941339
b284f685-41e1-46b9-8cb8-e722c51efc4a,gaussian_blur,s5,4,0.541065,0.690661,0.739486
b289232d-b4cd-4004-b10b-662ac7fef67c,clean,s3,3,0.553111,0.633013,0.928208
b28f81ab-7dc5-4dae-8b45-ff7baaeadeab,clean,s2,0,0.479955,0.489772,0.959909
b2936c33-491a-4eab-b20e-b5a2a52a652a,clean,s4,0,0.668503,0.782728,0.886891
b29b22f3-15e4-4895-aff2-986e6cf20f9b,fog,s4,0,0.697498,0.807506,0.896030
b29c24f2-d2a9-4908-b26b-c1a06bfe9c85,gaussian_blur,s4,4,0.401985,0.490406,0.736414
b2a9acec-a25d-4c35-bb56-ad39f3ce9062,shot_noise,s4,3,0.697674,0.806574,0.901245
b2b22172-5ebb-407a-9b1e-dca2db0cb5c0,gaussian_blur,s5,1,0.443570,0.611395,0.622654
b2b3ab47-abb8-4a22-b3f5-a0c24af1422f,clean,s4,2,0.780831,0.872809,0.909323
b2b84381-c115-45af-92c3-d40f878dabda,shot_noise,s3,3,0.685612,0.789404,0.927843
b2cb6173-2c09-4e06-bf4f-1575b7c631ca,gaussian_blur,s4,1,0.375504,0.428900,0.751008
b2cc1608-592a-46f0-816f-52866adbc9a8,fog,s5,0,0.599454,0.749255,0.750843
b2ceb960-1c58-4183-9607-5b32a8aa3c0c,clean,s3,3,0.709843,0.810274,0.935867
b2df3d0b-0901-462f-a662-f3f5c1803be8,gaussian_blur,s5,5,0.504150,0.648357,0.732876
b2ebd7f2-27c7-4d8f-895c-3a31688867ec,clean,s4,4,0.610394,0.752961,0.778740
b2ed1d82-eae1-4403-95b4-e15638eb98fc,shot_noise,s4,1,0.764698,0.857810,0.928919
b2f52b74-7e93-45b1-8de8-f27d0da59709,clean,s3,5,0.483492,0.491608,0.966985
b2f862e5-e65a-45a1-a478-e98ed443e179,clean,s5,1,0.713125,0.830919,0.842149
b3415126-41e5-4105-b127-81627b786fb3,fog,s3,0,0.572788,0.651770,0.948349
b342273f-66e9-4d2e-af55-219b4fa6609e,clean,s5,5,0.644773,0.784007,0.784117
b34ca749-7974-4453-9641-a5b4f753f315,gaussian_blur,s5,5,0.516504,0.655358,0.756096
b35ff87c-b2c3-4db7-a1c2-b181e9ad83c1,gaussian_blur,s4,1,0.595479,0.733956,0.793449
b3627ce1-c329-45f8-ac81-db22631f85f5,shot_noise,s5,1,0.640025,0.779777,0.783819
b362fc64-4fd1-4e78-ba59-35ada16c88f7,clean,s4,3,0.770700,0.864333,0.915982
b3687470-eb2c-4f80-87ff-09aa1fc7ecfe,clean,s4,0,0.695499,0.804631,0.901153
b3689214-32ed-421e-a1f3-20f18b0e8f23,shot_noise,s5,1,0.720432,0.833276,0.862843
b37b59c5-7564-41c4-932f-5e6efa48214a,shot_noise,s5,3,0.659447,0.791506,0.810480
b37c6fa4-e8be-412b-8b6f-4952dbe24d1f,gaussian_blur,s5,3,0.479210,0.644435,0.657748
b382d6b4-7ba3-4d0b-9a64-b0b8399880f4,gaussian_blur,s4,1,0.506401,0.668306,0.684469
b391d2aa-7d5b-4da7-ac92-ffc30476fb32,clean,s5,0,0.632543,0.770097,0.795883
b3b28fa7-d88e-4548-a152-73412c1c62d9,gaussian_blur,s4,4,0.547772,0.672735,0.815027
b3b944b6-00cd-4522-b3fa-13915de5d37c,gaussian_blur,s2,3,0.355786,0.443091,0.671634
b3d07fe1-f346-4b29-8321-955c8e06d2f1,gaussian_blur,s5,1,0.657385,0.793132,0.793995
b3df3c12-6f79-499e-831e-edd8126ffe59,gaussian_blur,s4,4,0.660392,0.790904,0.817277
b3fce2da-e122-494c-a652-5a6e42ffa892,gaussian_blur,s5,3,0.626385,0.770278,0.770282
b414dc03-07ec-4b19-86f5-f5d64a17e78d,gaussian_blur,s5,4,0.675529,0.804822,0.814157
b4161463-df24-4ca0-aa72-62067e8027a2,gaussian_blur,s3,5,0.326658,0.395155,0.653315
b417c066-2815-4fd0-82e9-084d62914711,clean,s4,3,0.520087,0.644734,0.795616
b41de4be-1a93-43ab-b85c-76205313121b,shot_noise,s5,3,0.645055,0.784023,0.785216
b424583c-4756-4c3c-a423-f98fe3f963bd,gaussian_blur,s4,3,0.648422,0.765994,0.875279
b42d5d5e-f19e-466b-b405-b82741c20e6e,fog,s4,0,0.506792,0.625134,0.799504
b43e8904-583c-45d3-8f4a-496c8c569463,shot_noise,s5,4,0.472010,0.638525,0.649029
b4493093-1f6e-48a8-a793-d9d2fa357411,fog,s3,5,0.635789,0.732697,0.944395
b4543603-aa9f-4f2c-b0f6-93ec89955412,clean,s3,2,0.304915,0.427178,0.537435
b4556708-2f61-420d-b4dd-9aa58ba0e393,shot_noise,s4,0,0.588310,0.698394,0.881401
b45f9d45-04d8-4d68-9c71-d8924909980b,gaussian_blur,s4,1,0.581077,0.710370,0.820216
b46cf16d-2949-46e2-b421-f7673fe50cbb,shot_noise,s4,3,0.518880,0.661523,0.747399
b473cec2-e98c-4980-9687-f267125c93ed,fog,s5,1,0.650093,0.787453,0.790270
b4769a00-ca11-4f97-ab0d-31a465697432,clean,s5,5,0.570210,0.725569,0.728894
b47a36a5-c286-4a93-a15f-2efbd5c4561b,shot_noise,s5,0,0.504640,0.667370,0.681024
b47d2133-b86d-48f9-adc1-1eefac1eda67,fog,s5,1,0.614371,0.756628,0.779616
b48728d6-0c88-4b14-bb8f-36ef3b66edcf,clean,s4,4,0.755116,0.856663,0.887067
b49a5444-b385-40ac-9c52-d948d4088280,fog,s5,5,0.636222,0.777551,0.778218
b49f08d9-02ea-4096-92fd-a88ded7e5a50,gaussian_blur,s4,4,0.763679,0.864017,0.880635
b4a40938-3847-48bd-8609-b3039638b40a,fog,s4,3,0.692078,0.800948,0.903797
b4aa0538-1f01-4769-813a-97838dc376b0,shot_noise,s5,2,0.398718,0.490174,0.726928
b4b261eb-92c0-41b6-9fb0-2d75c03238f4,fog,s5,1,0.539468,0.699673,0.704768
b4c5d60d-0d10-48a4-8b84-6408bf2deeae,fog,s5,3,0.687425,0.812875,0.824848
b4cabd6e-c1c2-437e-8649-d12457ebb994,shot_noise,s1,1,0.453347,0.509100,0.857652
b4ccd716-16e0-453a-9495-a170cbafb4df,fog,s4,2,0.365456,0.507488,0.591733
b4d35a98-fa92-4b8a-80ef-b5e5b09cb4a4,gaussian_blur,s5,5,0.331038,0.418893,0.632533
b4d4a061-d4df-4c15-aa7d-655ffd8e726d,gaussian_blur,s4,5,0.517171,0.641896,0.793069
b4f35b34-e779-4908-b347-6c722b411aec,fog,s4,1,0.807004,0.890326,0.919363
b4f4b3da-aa15-4d10-a102-6ddfad793d12,gaussian_blur,s5,4,0.186368,0.275496,0.367579
b501e2e8-563c-410b-999c-bf65161479bd,clean,s5,3,0.567937,0.719737,0.741213
b509cbc9-ea7c-4ef9-a727-e7dd03eba341,clean,s4,3,0.764228,0.856686,0.933861
b5155cd1-0f97-40c6-aaf1-785495a16bbd,fog,s5,5,0.349865,0.517950,0.519243
b51dee22-0875-4637-a6ce-55896e5cef12,shot_noise,s1,2,0.419618,0.480737,0.803844
b51fe1c2-b50a-4bbb-b7c8-a6931cf3e94e,shot_noise,s4,1,0.808464,0.891750,0.915700
b528d30d-47a4-4393-a55b-39b2e2af22ce,shot_noise,s4,2,0.695990,0.813744,0.858347
b529090d-66f3-4960-8222-93b1fb1f80fd,clean,s5,4,0.653886,0.790702,0.790843
b5369b22-f9d7-4698-ab04-7338494195fc,shot_noise,s4,0,0.762528,0.860476,0.899599
b5410c10-8da2-439a-b53c-8425a7309946,gaussian_blur,s5,4,0.263825,0.397612,0.450522
b547667c-2217-4cc5-885b-4e192e49b34e,gaussian_blur,s4,5,0.385726,0.531251,0.611035
b54f241f-0895-4942-a941-71f0188e85b1,fog,s4,3,0.316701,0.480141,0.482805
b55fce65-cb51-4fb0-9603-30ad46974470,gaussian_blur,s4,3,0.764835,0.861520,0.904515
b5652fbc-61bb-462a-a174-93d366495b25,fog,s4,2,0.479393,0.627039,0.704549
b566d516-3b9b-40b1-ae76-5e182c1fbc6f,shot_noise,s4,4,0.687651,0.806948,0.856217
b56d8661-f263-42d2-8fa0-5668ac85f71d,fog,s4,3,0.801486,0.885434,0.927964
b572934a-bfa6-49b0-9cce-3f8fdc5fab57,gaussian_blur,s5,0,0.370778,0.446058,0.712323
b5732f3a-1b28-4fdc-9342-93a33bf1af3f,shot_noise,s4,0,0.277043,0.430122,0.440482
b57f68f3-6780-4661-a16d-6493c3bf6e2a,shot_noise,s4,1,0.720484,0.835827,0.847946
b5802c1b-0659-4299-8e38-d980eeabe15e,fog,s4,1,0.702077,0.814209,0.882854
b5806349-d723-48f0-bed4-5ed18fbbc025,gaussian_blur,s5,3,0.690270,0.811291,0.845723
b5842be1-ea9c-42b6-8a3f-347d01ee50ce,gaussian_blur,s4,2,0.626717,0.762978,0.802391
b5888e8a-3e46-4ce0-8e75-efba26942059,shot_noise,s3,1,0.379491,0.513384,0.625826
b5981b37-2cab-45fd-80ef-cfe4a11d9a2b,shot_noise,s4,1,0.552374,0.685127,0.795887
b5a0b24c-a019-4024-b743-3684ba764a7d,clean,s5,5,0.550813,0.709606,0.712928
b5a354fe-a829-4a83-a296-3375fc08d238,clean,s4,4,0.821802,0.897732,0.945742
b5abff56-3cb9-4804-835e-8ffdd8e0ec63,clean,s4,5,0.724348,0.826990,0.916153
b5cb43c1-9094-487a-b950-cc542e4c22db,fog,s3,2,0.690539,0.786514,0.959491
b5cf0d78-cc23-4197-9667-dc9e1c70b525,clean,s4,0,0.596082,0.726698,0.820963
b5d55b5c-d9f0-4d4f-bbd3-ce32c0aefcc2,shot_noise,s3,5,0.675700,0.773801,0.950893
b5db788c-7fc4-4204-be2b-c519ba3ef20a,shot_noise,s4,0,0.536355,0.628585,0.885698
b5f78d5e-efd5-493a-a6ee-b5e43211afe6,shot_noise,s4,4,0.723743,0.837496,0.853505
b5ffedd5-c3c1-4aae-adc8-43e0329e4a62,shot_noise,s5,1,0.699254,0.815802,0.862162
b6005deb-1af7-4e10-aca5-3e77f22d2b07,shot_noise,s5,5,0.740597,0.847882,0.871263
b60cde95-52c5-4bc0-babf-08fdbb2bc74f,fog,s5,2,0.550620,0.670379,0.830981
b6102621-47b3-4c87-87c0-5282c16e4b96,shot_noise,s4,5,0.749711,0.852066,0.889995
b613e5b1-e72d-414b-bf56-a47a40dd4d24,gaussian_blur,s5,1,0.449894,0.585064,0.706205
b6294bab-3386-421d-8b89-7a592104e237,gaussian_blur,s1,1,0.488462,0.494164,0.976925
b62b14ef-3508-4404-a0d7-9a85cbde9c84,gaussian_blur,s4,3,0.242556,0.390192,0.390779
b62fdde1-a2bc-4a89-905d-60fefc41b0fa,shot_noise,s3,4,0.580023,0.690245,0.876085
b63b2651-9f8b-4014-a7f7-e3c67c72c077,shot_noise,s4,1,0.638913,0.742364,0.924515
b6483b20-7578-42b9-bbc7-f6562e942a22,gaussian_blur,s4,5,0.606020,0.738727,0.815766
b64fc87d-388c-41e7-bd4a-cd00b9b30cdd,shot_noise,s5,5,0.416917,0.587556,0.590736
b6597da5-89e2-4a47-9ec4-7e8356fbff9f,gaussian_blur,s5,0,0.371981,0.525927,0.576695
b6629c31-198a-4374-b7ea-8214f4b889ce,shot_noise,s4,3,0.780008,0.873083,0.902624
b667fa11-18b1-4de4-8fde-d86eac84fe5e,gaussian_blur,s4,3,0.560291,0.704160,0.765605
b66a9192-9a9d-48e1-9599-ea62ff10e0f8,clean,s3,1,0.545648,0.632189,0.906840
b6796bf3-3b41-4d12-a974-eff3f88251bb,gaussian_blur,s1,1,0.493845,0.551600,0.905539
b680e2e4-6803-40ff-b1c2-27124453fd68,shot_noise,s2,4,0.334191,0.403048,0.664991
b68adcc7-b11e-450c-8936-14d4bc07b9f0,gaussian_blur,s4,3,0.704754,0.811388,0.908581
b68b0635-1f7e-4592-ab65-fadb3c8c347e,fog,s5,0,0.513426,0.629119,0.811627
b68e044c-5bd2-4e1a-8706-08cd6ecf0cfa,shot_noise,s5,0,0.250098,0.393081,0.411733
b6912850-3ef1-49e2-9102-32aa15081d40,gaussian_blur,s5,1,0.528449,0.674439,0.743837
b69542c2-217b-406e-a3a2-c38c73f3624a,gaussian_blur,s3,1,0.699062,0.801175,0.932044
b696cd4c-dfcd-48b2-8f34-e970f0ceaba0,gaussian_blur,s4,2,0.733520,0.842770,0.868593
b69c1cbb-bbdf-4247-9f97-1fd34903824d,gaussian_blur,s5,0,0.633689,0.762939,0.829929
b6aa54ab-5c57-436b-9c85-75ea75f786c1,gaussian_blur,s5,2,0.339430,0.484325,0.550466
b6b3cff4-792a-47da-ba77-fc6f73e7c322,shot_noise,s4,3,0.639502,0.765188,0.843696
b6b89487-58b9-418d-8ca8-cf08a099ac6f,fog,s5,1,0.728855,0.843090,0.843639
b6baff40-9c69-4a78-81b7-28ec87fb6386,gaussian_blur,s5,1,0.540941,0.697790,0.716325
b6d23b89-4911-4c00-adff-32125dd2d009,gaussian_blur,s5,5,0.299297,0.438859,0.499640
b6dfcc91-797a-4066-b8c7-6471b07d23b8,shot_noise,s2,2,0.616537,0.700565,0.970587
b6dfe778-0ef3-4c2b-bc09-626b332448c8,fog,s2,4,0.487751,0.551811,0.887461
b6ee1f85-7270-4807-a889-664db01ef1eb,gaussian_blur,s5,3,0.555014,0.713371,0.715467
b6f06312-f201-4816-b9b4-612c05fba1c9,gaussian_blur,s4,1,0.806704,0.888982,0.929309
b6f113c8-c801-44ec-bb23-5fd1465d1a19,gaussian_blur,s3,0,0.599520,0.696094,0.925765
b6fd8ba2-3efd-4fe6-9b5d-9b71538db998,shot_noise,s5,5,0.353309,0.478178,0.606389
b700532b-1592-4a38-a192-3570797b01e6,gaussian_blur,s5,1,0.376262,0.546787,0.546789
b71166f4-7023-4572-9c29-acfc276bc249,fog,s4,1,0.201045,0.334233,0.335611
b7193c0f-183c-4024-ad1c-8bde75eb0a66,fog,s4,3,0.855630,0.920555,0.942895
b7216e36-0a16-4be1-8895-700aee8c17f7,fog,s4,4,0.706978,0.821233,0.868090
b72bcf5b-0eb1-418f-ad14-c20ef99b1b97,fog,s5,4,0.405704,0.574705,0.583152
b732b59f-d8e8-4ef6-9c5c-d80811c08f80,clean,s5,1,0.640702,0.769963,0.829033
b7366cef-b71b-4d07-9bd9-956a80914998,shot_noise,s4,1,0.730779,0.831657,0.920449
b739b2f1-c753-4612-babb-0bf53ee5e3f6,gaussian_blur,s3,3,0.464114,0.481389,0.928228
b742078d-042e-4d70-9de5-319042af8fbd,gaussian_blur,s5,5,0.424269,0.592102,0.604766
b7447f46-8a5c-4b94-add5-8c7b27c75ac8,fog,s4,1,0.595987,0.731333,0.804637
b74bf019-8ecc-4e87-ac82-9ec88c42c4b3,shot_noise,s5,2,0.737130,0.847410,0.856973
b74ce128-f566-4738-a3b3-4bc7fb3c0431,fog,s5,5,0.668763,0.796713,0.825096
b750327f-821d-4589-86b6-f35d2903a996,gaussian_blur,s4,3,0.486761,0.651226,0.665024
b751520a-d2d1-453b-a501-925c7a73aa23,clean,s5,0,0.525128,0.682264,0.708685
b754813a-827a-4a03-9f4b-e2c8b4748d2d,shot_noise,s5,1,0.637839,0.774974,0.796230
b76db8bf-3d4c-4acb-ba8a-54a615b4fc03,fog,s5,0,0.663521,0.797483,0.798955
b76e6890-2324-4a64-8444-77f7016e0be4,clean,s3,1,0.545199,0.669886,0.814060
b76ee16d-c2b3-4b41-a0a2-f06923e1d093,fog,s4,0,0.707881,0.814078,0.908992
b770cd05-1d29-42d6-8849-895e1ca6169c,clean,s4,5,0.514253,0.669626,0.708245
b771d86c-e394-4aa5-90c9-2688fe08980f,clean,s5,5,0.659802,0.794647,0.796937
b79b6381-cb98-4704-9b4e-4dc1bbe92f5d,gaussian_blur,s5,1,0.660703,0.795274,0.797723
b7b4e7d6-c105-4ba1-b1dc-8a13467507fb,clean,s2,4,0.560497,0.641572,0.932584
b7c49b88-e01d-4435-89ef-fc1097101acc,gaussian_blur,s4,1,0.469999,0.631157,0.661952
b7cfd5d8-d665-46bc-b781-4c293436bcd0,clean,s5,5,0.676773,0.807231,0.807244
b7d80830-197e-4ed6-97e6-5c37444e2e86,clean,s5,1,0.629079,0.766258,0.798213
b7db2729-7fb0-4d8c-93c2-9e05d6a5ee61,fog,s5,1,0.455140,0.624843,0.627477
b7e7978a-ea86-4c7f-bd16-6da3f34193a6,clean,s4,0,0.849671,0.917079,0.938595
b7ea5b0a-bcdd-4ebb-844c-2c211ebfc021,shot_noise,s5,5,0.588900,0.724464,0.802252
b7ef27ff-a073-411d-b33d-d8e30cd6dcbb,gaussian_blur,s5,5,0.618359,0.764118,0.764443
b7f4f639-1315-4fac-aa2c-adc05c3c3cbe,clean,s5,2,0.533171,0.693359,0.702544
b80738ef-ec2a-4a44-bc19-a7d72de46710,clean,s4,2,0.557030,0.702276,0.759931
b8147ddd-55d9-456a-9dc3-1b51a822e01e,gaussian_blur,s2,1,0.485529,0.492658,0.971057
b8156f77-da2a-48fc-8a18-371334bd930f,shot_noise,s3,4,0.371894,0.508928,0.609838
b81e5e38-bfd0-44a4-af3c-5f0a2ef85d9f,gaussian_blur,s4,1,0.641679,0.744413,0.927760
b821dbad-258b-4e05-be69-8fa89b7a61ac,clean,s4,3,0.292017,0.432910,0.485755
b83c4893-a31c-4672-a3eb-99fd2f09ea20,gaussian_blur,s5,5,0.480098,0.648231,0.650180
b83f006e-2f0c-4801-8217-30fde53a0fcf,gaussian_blur,s5,2,0.599993,0.748551,0.755736
b857c5c7-a359-4e33-98bc-e8992f40c9a5,clean,s4,2,0.740726,0.844739,0.891728
b8587a48-635f-4269-b0d9-c2631a242dbe,gaussian_blur,s4,5,0.842222,0.911968,0.941461
b858b663-0047-419e-a9ae-84e575513835,gaussian_blur,s5,3,0.555891,0.712055,0.723275
b864c7b1-89ff-45bc-bf16-1d376c189e53,clean,s4,5,0.558704,0.694059,0.791483
b87d894a-75a2-4572-a21b-a555daf4fa03,gaussian_blur,s4,0,0.798689,0.880537,0.951211
b8a6c29f-ac18-4c8d-bbca-9e803e404e43,fog,s4,3,0.780569,0.872881,0.907307
b8a7632a-ed6e-4c20-be3a-a4c60aae4887,gaussian_blur,s5,2,0.724496,0.840207,0.840450
b8ad5cda-a81f-4773-a671-62b0ad11d777,fog,s4,2,0.261075,0.405789,0.427957
b8bda557-74d0-4ef9-888c-0263f151a236,fog,s5,3,0.436825,0.607874,0.608469
b8c06949-b37e-4a75-8816-0cf503e07f44,shot_noise,s4,3,0.477923,0.621068,0.714524
b8c430b8-5d55-4c56-863e-5458139f478c,fog,s5,2,0.423517,0.593859,0.597909
b8cacb04-831c-4661-9943-f55e882d797f,clean,s4,2,0.500161,0.660024,0.686769
b8d00f9f-5de9-4fe1-af9f-50781155c399,shot_noise,s5,4,0.524043,0.687206,0.689282
b8d2f7ee-605a-4c07-88c6-25fcce941c98,shot_noise,s5,4,0.656195,0.782005,0.840153
b8df4c63-6205-4683-b485-351e59a4529c,fog,s5,4,0.432702,0.572550,0.677696
b8e3075f-2924-4160-9558-10084285d592,shot_noise,s5,4,0.249444,0.391613,0.411904
b8e5118a-0684-47ae-8eb1-9c16830b34c3,clean,s5,4,0.694218,0.818887,0.822976
b8e6a30c-0244-4416-b200-b10906e43465,clean,s5,3,0.366636,0.517670,0.575700
b8ee02ed-8c1a-4544-badd-78995687f113,fog,s5,4,0.779037,0.874666,0.884816
b8efaa14-5826-49cb-9ade-88a6034cff5b,shot_noise,s4,2,0.778847,0.871708,0.906611
b8f67139-047d-4772-896f-f77e6b108e26,clean,s5,2,0.727157,0.832459,0.899141
b8fefc0c-1ef5-4e43-94da-ea25e2a93751,clean,s4,5,0.587322,0.716644,0.822498
b90a7704-820d-4f68-8630-ee7ba2407f6c,clean,s4,0,0.655382,0.767552,0.896222
b911b0e1-bec9-4af2-a476-9a154ccfa761,shot_noise,s4,3,0.714771,0.825427,0.880842
b9247b8b-67d7-4db0-9542-a27b7edc883e,fog,s3,5,0.221696,0.342843,0.393499
b927a948-e90f-4856-880c-aea36a3eb7b8,fog,s5,3,0.246673,0.395726,0.395738
b937bfbe-f6ea-474e-a595-8d775725c00f,clean,s4,5,0.659334,0.771598,0.895832
b93b3887-6c80-435b-9a77-f2d17706236a,clean,s3,0,0.524663,0.613210,0.882203
b93b7716-51e7-456a-b39c-ac0db2a0c345,gaussian_blur,s2,4,0.372323,0.428800,0.741877
b94267ba-15b8-4bf7-87b8-9fec5c2cb0d4,fog,s5,3,0.422724,0.563206,0.665309
b94e509e-b308-479b-9920-faf319cdf62f,clean,s4,1,0.444876,0.537982,0.784224
b95314ca-2925-463f-8dad-41a71ba1f34d,fog,s5,4,0.485980,0.654013,0.654299
b95bce2d-beae-4688-a752-57f8bf738ab9,shot_noise,s5,1,0.846010,0.916349,0.919365
b960b64b-65cc-4b75-ab05-68781733fda5,clean,s4,1,0.661230,0.779249,0.872282
b9618275-e1ca-467d-9c81-3bc1e0204893,clean,s5,0,0.647099,0.784683,0.790674
b9844991-e84c-4594-99c9-f7b143ef3110,fog,s4,4,0.561568,0.717725,0.724590
b9927b66-7964-41fe-8eda-1280dc7e7f20,gaussian_blur,s2,4,0.479832,0.489708,0.959664
b9985b2d-2e26-449d-9dce-105701fc6cee,fog,s5,5,0.633601,0.762401,0.831730
b99b2c03-dcb3-42d9-a888-0df95212ed04,clean,s5,1,0.580114,0.734207,0.734498
b9a47f91-8a38-4a03-977d-c434cfa8baf6,gaussian_blur,s5,4,0.504334,0.670507,0.670513
b9a9f2e9-c7d4-4ac4-ab04-468ba408da7f,gaussian_blur,s1,5,0.418086,0.476286,0.806106
b9ab48d5-882e-4910-bd46-d67efafd847f,clean,s5,5,0.702555,0.825235,0.825637
b9ad229e-1eec-4a35-9483-8a552efd0a71,fog,s3,3,0.479777,0.520553,0.915195
b9af3b8e-a71e-4c6c-9dc3-0daa9073befe,shot_noise,s3,4,0.586130,0.681427,0.920006
b9afa941-a0e0-4978-9aa7-4af8988c9532,clean,s2,5,0.489600,0.494745,0.979200
b9b16beb-e1f9-4b48-bd3e-9d94c364f15f,shot_noise,s5,1,0.622101,0.766967,0.767305
b9c06f40-a388-4108-bfaf-d1dad204cac9,clean,s3,1,0.382318,0.485735,0.684256
b9d0a730-6de5-4aaa-8793-d5f5e9828c8a,gaussian_blur,s3,3,0.632005,0.738913,0.910869
b9d25a49-2a26-4064-974b-c324eca70b13,clean,s5,2,0.611481,0.758857,0.759107
b9d3f8ac-6e29-422f-bfe1-7cea2c33f9e0,gaussian_blur,s5,1,0.532934,0.695232,0.695574
b9d4490a-8895-46b9-b084-a57757d1bd92,fog,s5,2,0.411222,0.573663,0.604192
b9d725c1-07e3-45c6-9fba-e7516179084b,gaussian_blur,s4,5,0.670883,0.799104,0.822563
b9d8c1d6-1b7a-460d-9dad-dc4e266597c4,clean,s4,5,0.825026,0.902541,0.920384
b9e03af9-c7a0-44a1-91a7-b3662420b1ac,gaussian_blur,s4,5,0.473787,0.639290,0.653104
b9ea6dec-d8b7-42cd-9bac-223974e4221b,shot_noise,s4,5,0.526470,0.665029,0.763700
b9ea82f0-8844-43ff-b721-5368220d5b16,clean,s5,0,0.680325,0.808959,0.813916
ba003fd5-d1a6-45f1-ae35-6b9ed182c635,clean,s5,3,0.552301,0.704977,0.734006
ba125ba8-7999-4f4b-ab9d-23e9ae6b7f8d,clean,s5,5,0.473974,0.643069,0.643279
ba15a302-2e8a-4077-ae07-5deb5771579e,clean,s4,4,0.245568,0.390471,0.400601
ba162aa9-fb54-45d9-8a1d-0a54cd6c3355,fog,s3,1,0.814686,0.890467,0.965570
ba16716f-5c58-4038-9781-99c8d9f1cac8,clean,s4,0,0.697498,0.807506,0.896030
ba16d0d5-993b-4809-ba6c-da56feef8f64,shot_noise,s4,3,0.695017,0.809166,0.877215
ba17f0d0-1015-403f-9aeb-9ae740524eac,shot_noise,s5,3,0.678149,0.808192,0.808311
ba44f912-04d7-41a9-b6cd-2f336c0072c8,fog,s4,3,0.609260,0.726596,0.869105
ba4e138c-6964-4877-a90c-2efcd7d36cbf,shot_noise,s5,1,0.363245,0.420790,0.726491
ba5819b5-34c8-4ed4-9a45-0361d39e7dec,clean,s5,3,0.683953,0.810860,0.820032
ba697736-1e1c-4141-b6ae-b08f1e9dff99,fog,s5,5,0.346066,0.449177,0.632216
ba6f2ce6-52a3-4140-bf31-482b74fd7901,shot_noise,s3,4,0.792561,0.875743,0.952965
ba76e01d-3a57-42c0-972b-aeacf648125e,shot_noise,s1,1,0.487374,0.493606,0.974748
ba7eb151-9959-4fad-adbd-99b65cfd21ee,shot_noise,s4,5,0.606765,0.733321,0.837541
baa421c6-9d48-40e4-99ea-36298a397fad,fog,s4,0,0.531333,0.688599,0.711124
bab919b6-598a-4dd7-8042-4bbc8aa819ad,fog,s4,2,0.521291,0.661153,0.756668
babb6775-2bb5-4aa5-a1d0-aa9084ee4960,gaussian_blur,s4,4,0.661125,0.789455,0.827066
babd6fd7-2c2c-47a4-95da-aa8458eef6a4,fog,s4,4,0.512740,0.675374,0.685664
babf481b-cbcd-4766-bef8-9a86fdd73076,gaussian_blur,s3,4,0.524812,0.641136,0.819964
bac06e39-f04c-4160-bf24-30570b9dd10d,shot_noise,s3,0,0.699062,0.801175,0.932044
bac31982-35f5-4e45-abf9-bb3600ffd2f4,clean,s3,4,0.460838,0.479621,0.921676
bac8d76b-be62-4651-8c1a-534288c817ce,fog,s5,5,0.670040,0.801670,0.806222
bad56f9f-5fc8-4f64-82e3-c45896eb5968,fog,s4,5,0.536688,0.695088,0.709688
bae37029-a0e6-4a42-9636-489230ddb44b,shot_noise,s5,2,0.751218,0.857885,0.858307
baf37f4c-3d95-48af-b20a-0fa38bae5e7d,gaussian_blur,s3,5,0.324908,0.450935,0.562448
baf3a7b7-bda6-4f60-b0aa-24a35250eeda,gaussian_blur,s2,5,0.346944,0.435585,0.656138
baf401cf-8147-4209-933b-f502ce4f4011,shot_noise,s5,4,0.301873,0.459694,0.471264
baf4a533-e130-42ac-a434-7758c49ce167,shot_noise,s4,0,0.794582,0.880952,0.924024
baf7f134-bbfe-49b7-8710-c2a8a6baa312,gaussian_blur,s3,5,0.515826,0.628890,0.819892
bafa9886-9880-4e51-b6a1-af4f5a81dfcd,clean,s5,1,0.739128,0.847275,0.867835
bb0049bb-471b-4f77-a8c3-80dce40ae520,clean,s5,2,0.781736,0.877493,0.877547
bb0351d6-8418-48a6-bc0b-278052dabd53,shot_noise,s4,2,0.489239,0.604789,0.789221
bb0d0591-6bfd-403b-baed-0bafb2dc016b,clean,s5,4,0.812644,0.895823,0.904480
bb1620dc-a788-4835-ba3b-237508a2bd4e,fog,s4,4,0.503765,0.644771,0.741040
bb2ba824-49ed-4cb2-b6ae-12cefaaff37a,gaussian_blur,s4,1,0.582813,0.724253,0.780578
bb3ee515-2c4a-4c89-b346-0edcc265e72d,gaussian_blur,s4,4,0.722086,0.832783,0.873509
bb3f9de2-d78b-4042-9e56-13f65661f25f,gaussian_blur,s4,5,0.729309,0.839107,0.870580
bb4b1ebf-1bfd-4963-a7a4-327610d049bd,shot_noise,s2,5,0.490280,0.495092,0.980560
bb4b423b-cb11-4df4-97b3-fd4ae3f270c7,fog,s5,4,0.419975,0.590768,0.593375
bb4d01d8-685f-47c8-b693-806ed88b0f2b,fog,s5,5,0.589890,0.742016,0.742188
bb52b254-e9d9-4a75-9e35-6c9c46844469,fog,s5,2,0.541308,0.702388,0.702444
bb573177-d999-4f56-8de3-87fee0f79553,fog,s5,3,0.525598,0.688948,0.689333
bb5e1ffb-fc81-4e4e-877e-cdbef87c5f5b,clean,s4,5,0.646960,0.760337,0.891225
bb795014-d6d1-4b97-924c-29287ec18e54,gaussian_blur,s5,4,0.380065,0.506253,0.641003
bb8556bd-ff53-4a84-99d2-4b27850d3ab6,fog,s4,1,0.183149,0.306297,0.314352
bb8aa245-09c2-40ca-a0a1-d03321f90290,fog,s4,3,0.656342,0.781902,0.841204
bb8ead95-70ad-44bf-b081-e0357b2f887e,shot_noise,s5,1,0.601828,0.750705,0.754320
bb8f0c21-ea03-4944-bf18-2f208da2ed30,clean,s5,4,0.661549,0.787009,0.839943
bb94203d-5664-48cb-ba95-dc61aab3fd8b,fog,s4,5,0.641005,0.763241,0.857237
bb94e95a-84a9-423b-b13f-44bf7acb612c,fog,s3,4,0.462845,0.480706,0.925691
bb9ab965-082b-4999-bc50-6771ebe00f16,fog,s3,3,0.607795,0.720409,0.883573
bb9fecb9-6a05-4cb9-b2b3-e6b4b417db71,clean,s5,3,0.520617,0.684557,0.685339
bba2089d-e98c-4e91-8339-ae88f2bb1a57,gaussian_blur,s3,2,0.645547,0.755719,0.902821
bbb2d5a5-fcbd-4e59-ab31-83449ab29455,clean,s4,4,0.510829,0.619592,0.825093
bbb5ba40-2dbb-4471-aef3-b34048826d61,clean,s3,5,0.639723,0.739058,0.938261
bbb6639b-a9cc-4a87-8f8c-801ee289b051,shot_noise,s5,2,0.232991,0.365811,0.397035
bbb84697-b1bd-4a75-b8aa-894b0ff155ba,gaussian_blur,s5,4,0.634434,0.776324,0.776383
bbc97759-c6f5-4718-ba32-21a737b793ba,fog,s5,1,0.638711,0.774511,0.801778
bbd58db5-16cd-44d9-b405-29d9279d331e,fog,s5,2,0.220355,0.348922,0.379888
bbd772be-fd00-4e23-8521-6856dd1fc6aa,shot_noise,s4,1,0.658279,0.774965,0.878210
bbe04af7-9176-4a0a-99ce-a3817079fd78,clean,s5,5,0.563428,0.720521,0.721617
bbe33fa3-5c9c-456e-8643-47559154139d,clean,s4,1,0.635291,0.756309,0.861784
bbfb3050-24ff-4bdc-bf2e-76f9334febf7,clean,s4,1,0.324025,0.480451,0.506784
bbfd14d1-7826-4ce6-b3a6-defbe0e4d5ef,fog,s3,4,0.807607,0.885517,0.963863
bc2db872-dab3-4b53-a966-3c7f7d598c18,shot_noise,s3,0,0.460361,0.479362,0.920722
bc329e77-6ecf-47f2-8ceb-dbe616d0ee25,shot_noise,s5,5,0.508245,0.661676,0.710251
bc3d91b2-27e8-47fe-868c-d209d0762864,shot_noise,s5,3,0.211991,0.335161,0.371877
bc3f11d1-eb4f-46fd-ac4e-e12dea517b26,clean,s4,1,0.631878,0.761727,0.827682
bc4a4d39-570e-4269-9d03-379c0ef6d8f0,fog,s5,0,0.456802,0.607360,0.677483
bc4f040d-23f8-4499-84fa-3a42524e274e,fog,s5,0,0.720828,0.835396,0.852187
bc507ae4-747d-4ed7-8651-d951e1f14cd4,gaussian_blur,s5,3,0.668435,0.801145,0.801910
bc60dacf-17eb-46d2-8823-8d6db8ad2df4,clean,s5,0,0.688892,0.810299,0.844747
bc651866-5c3f-4b36-97db-64fc61d078c2,shot_noise,s2,3,0.425216,0.459586,0.850432
bc659b03-c50a-4ea8-807c-175ce837ddc3,shot_noise,s5,2,0.673568,0.803730,0.811159
bc678cd4-04ce-47c3-a752-6a84943cb534,gaussian_blur,s2,5,0.478502,0.489015,0.957003
bc76bc59-25c4-4299-8182-71890bbd4ea0,fog,s4,2,0.428317,0.567566,0.674176
bc7a4a6b-7846-4f96-be71-06990dca9d1b,gaussian_blur,s5,5,0.718610,0.835914,0.838435
bc7d9069-32e0-447e-ae89-1b09fc4b0319,fog,s3,2,0.461009,0.479714,0.922018
bc8028ff-91c4-4820-9f7a-6e0ac93a3c1b,gaussian_blur,s5,0,0.259455,0.402154,0.428501
bc81398f-19b1-44f2-ba40-3dbd9cfbb490,fog,s4,5,0.786278,0.870833,0.954064
bc8ffe1d-1888-4f5a-98e6-28929394ddb5,gaussian_blur,s5,3,0.598565,0.748198,0.751576
bc974721-8089-4dac-9a8d-b72e56b2629e,clean,s5,0,0.396886,0.554919,0.598181
bcb08ae1-6299-46d6-b112-fb3fbbde8b5e,shot_noise,s4,5,0.784041,0.873806,0.919712
bcb528a2-321e-4678-8d6d-59feefb5183f,fog,s4,5,0.493543,0.637356,0.725833
bcc7f049-ede5-48fa-8881-286e32e5970f,fog,s4,1,0.480666,0.647261,0.654913
bce8ccc5-4b12-4a32-a932-e2f978a9aa2e,clean,s5,3,0.375577,0.478510,0.675605
bcf10b93-9cb0-4ff6-8f86-ed6803d4e1ff,shot_noise,s5,1,0.857993,0.923258,0.927632
bcf371fa-13ce-4393-8721-279224265219,clean,s5,1,0.408511,0.551325,0.644107
bd012108-514f-4f23-8389-783411bdf4cb,clean,s4,3,0.693706,0.804090,0.896069
bd0b8a2f-7fb0-49fc-89a0-438ba9ba3a78,clean,s4,5,0.777862,0.870937,0.906944
bd1d9189-ae7b-4652-9380-73737842bd1a,fog,s3,2,0.402716,0.485180,0.747099
bd1fb14e-c5dd-43a8-8976-8d46a3af8c82,gaussian_blur,s5,5,0.720946,0.837786,0.838235
bd23a2cf-863f-451d-b545-ed74c865c545,gaussian_blur,s5,4,0.740251,0.850680,0.851147
bd2b5284-f144-40f9-b4f5-22d8c6e16a22,shot_noise,s4,2,0.727484,0.827675,0.926805
bd358705-648a-4a20-88da-f1518a633f2d,shot_noise,s5,1,0.652670,0.780847,0.830858
bd383ae5-80fd-4d24-b498-3997fd95e004,fog,s4,4,0.389920,0.496722,0.688923
bd504749-086b-4f4e-96ac-e5f6d40faec1,fog,s5,2,0.426846,0.570029,0.664074
bd60acdb-ebe2-4f51-bd48-4f6e1445e583,fog,s3,3,0.433352,0.464296,0.866704
bd77d520-5378-4234-8e4a-d25962720607,shot_noise,s5,0,0.397506,0.549242,0.612444
bd83882b-cda0-4c82-a9bc-b7b3a5e2dfad,clean,s1,2,0.452378,0.508242,0.856206
bda55b0f-a6a0-4e34-b69c-b55861aa4f74,gaussian_blur,s3,3,0.741075,0.838046,0.933022
bdae90ff-5f9f-49b8-bb79-32558d1b4b15,fog,s5,5,0.491072,0.654488,0.670827
bdafc9f0-f84d-4bff-a947-f01f86af2f55,clean,s5,1,0.491090,0.658543,0.659158
bdafccac-1591-4114-8160-1700fa79ab92,shot_noise,s3,2,0.388560,0.512056,0.657216
bdc026c2-4f7c-474f-a5eb-fddadb3fea44,gaussian_blur,s4,2,0.721490,0.825076,0.913333
bdc47de9-05bc-48e3-8bd8-a1fa3d888b5c,clean,s5,3,0.700024,0.818402,0.851872
bdcd6d1e-d631-453a-a2bb-04e924c4041f,fog,s5,4,0.536707,0.687417,0.734021
bdd0a1e1-33c0-413a-860b-7fa21a24fe9e,fog,s4,4,0.518975,0.679519,0.695189
bdd0dee4-d430-415b-b321-390b66737b6a,fog,s5,2,0.585528,0.731909,0.763515
bde047ea-5415-4e16-a058-fb1005827e6f,fog,s4,3,0.594788,0.731090,0.801045
bdf15086-c666-40c1-b0ec-99ad6868246e,fog,s3,2,0.421372,0.534792,0.717834
bdf8acd5-cdb0-4f79-903e-d66675fe58b0,shot_noise,s4,5,0.734933,0.834870,0.921994
be0ae7d5-8bc0-4292-8b00-d0c2f3d742e1,fog,s4,2,0.817974,0.893238,0.962032
be12af19-bd31-4f16-a799-89b766b36b18,shot_noise,s5,5,0.418480,0.589826,0.590564
be29f5c7-e94c-49a6-b7c3-7c2fa43320c3,clean,s3,5,0.440919,0.538558,0.771147
be376128-f72e-4471-b07d-9e67e86a0805,gaussian_blur,s4,5,0.609358,0.748322,0.792814
be3a1537-043b-4767-b269-6f9cdb584384,gaussian_blur,s3,1,0.520282,0.623230,0.846955
be3e50cd-bc94-4454-b22c-43ea1c08ae5d,shot_noise,s4,3,0.554273,0.672824,0.836709
be443f20-7a96-4b5c-a0db-3afe5ce2244a,fog,s5,3,0.733541,0.846285,0.846341
be62476f-efb0-4834-b2e1-2e5fae979a15,clean,s3,2,0.527168,0.619710,0.876235
be62cfa8-bf6d-46c1-8017-bc2f6d6ecb6c,clean,s3,0,0.636995,0.736609,0.936343
be657c7e-babf-4a1d-b404-1e3453e02f9e,gaussian_blur,s3,2,0.278196,0.377115,0.528698
be7bae82-49a2-43c3-855a-2f38d0057342,shot_noise,s5,2,0.705042,0.826688,0.828856
be82cbbf-49ce-4560-bca8-4c75152cd622,shot_noise,s5,0,0.697671,0.821915,0.821921
be8a684a-15af-49dd-9539-205c1a4df4c6,gaussian_blur,s4,0,0.556916,0.694914,0.782585
bead71b9-d734-4b66-bfc8-d393fb735d14,shot_noise,s4,3,0.538398,0.674949,0.776848
beaecae5-11a4-4150-858d-1a566f6ec2aa,fog,s5,2,0.380813,0.474686,0.697953
beb09403-ac54-4ead-81bf-c12aace506e6,fog,s4,2,0.589016,0.716938,0.827634
beb8cd63-5c7b-4ede-a029-18f6f76b4e16,fog,s4,3,0.796059,0.883280,0.913611
bebc1e00-213f-492f-9195-04def003cc7e,clean,s5,0,0.502332,0.649798,0.722815
bec22818-2573-43a1-9ad3-82ce016b5e89,fog,s5,0,0.540164,0.700903,0.703223
bed471ff-ae06-4fc1-b1a3-1e4c6a971452,gaussian_blur,s3,3,0.499649,0.628304,0.768725
bee4b303-1f71-4c16-bbce-667699ccb727,gaussian_blur,s3,2,0.647414,0.749826,0.930475
bee50caf-c998-4879-88d4-943a5513e11b,gaussian_blur,s5,2,0.475923,0.625225,0.697456
bee77b74-f1bb-441c-b422-4c0cdb809b3f,clean,s5,5,0.803475,0.891027,0.891059
beededf3-e864-4d17-995c-44ecf4c8f14a,fog,s5,1,0.365285,0.529278,0.547483
beee139e-0c2c-44f4-b790-5da7310c31e6,clean,s3,5,0.557958,0.647585,0.911159
bef4f514-ab2f-4f4c-8235-481b5d7cf21b,clean,s3,0,0.487349,0.618890,0.750931
bef8784d-a4d4-4581-9c5d-5452b9a7b637,shot_noise,s3,2,0.413857,0.490590,0.771605
befddb4a-8838-4045-98b9-3ec910068e27,gaussian_blur,s4,5,0.498405,0.600129,0.828096
befdfd72-e959-4587-bfcb-efdd4bd9c426,gaussian_blur,s5,2,0.607544,0.753019,0.767390
bf05e5e8-8990-477d-b0c1-2d3b4bfc9eab,fog,s3,2,0.797947,0.878698,0.961171
bf09d270-7441-4da8-8c16-4160d54b4c3c,fog,s5,4,0.502286,0.668143,0.670363
bf1be053-0c8f-4064-a207-00ffb9c53a24,shot_noise,s5,0,0.565711,0.714339,0.751631
bf1cc324-7b06-4b4d-8903-d43de89fb650,shot_noise,s5,3,0.526582,0.674944,0.735844
bf2b11cf-f74a-4511-b39a-3982860d5c38,fog,s4,0,0.822161,0.897966,0.945886
bf3833af-e506-4e8a-88f4-09cec64ab6e2,gaussian_blur,s4,2,0.219846,0.353631,0.370997
bf43419c-6abd-4cce-a4a4-88740a1674c2,shot_noise,s5,2,0.608697,0.740925,0.817871
bf47a407-1ad2-44db-aa11-2bac069d957d,fog,s5,5,0.712840,0.830796,0.841525
bf4cebbd-0e31-45aa-897c-961494f340d1,fog,s5,1,0.631029,0.772932,0.777514
bf4cfcc1-771b-42b4-81e2-d6a54c721dfa,fog,s5,3,0.318681,0.460368,0.525888
bf62dbe3-8cd1-40bf-83a8-7e6ecfc914b5,fog,s3,3,0.507582,0.631327,0.787419
bf67f721-f506-4410-a5e2-44dff64b138a,fog,s4,4,0.522167,0.655821,0.774011
bfa8f68f-d8d1-4308-a156-1342fce086f3,shot_noise,s5,2,0.726711,0.840244,0.851024
bfae04d2-10d9-41a9-8a38-189f0c43213b,shot_noise,s4,4,0.497428,0.638521,0.735904
bfb9d77f-bee7-435d-bed8-d662454e52ef,fog,s3,5,0.306178,0.445596,0.510697
bfc827fa-cf61-4110-89d6-3d2ffb7749ff,gaussian_blur,s4,0,0.511418,0.675799,0.679639
bfcf00eb-9e95-4caa-b34c-b6aef9876e05,gaussian_blur,s3,5,0.460272,0.547533,0.813518
bfd5b1b9-4cb3-404c-a0de-493a470d9f89,clean,s5,4,0.564293,0.702057,0.786613
bfe70f1d-10fe-4a46-a423-c6ae513f2c79,gaussian_blur,s4,2,0.469527,0.594957,0.747797
bfe80e9e-4479-4914-aa28-3b4b7f7d2a8c,gaussian_blur,s4,4,0.507460,0.661681,0.707504
c0006215-f053-4619-a55a-e0d4bc4f6fae,clean,s4,1,0.669992,0.780438,0.902366
c00cf44d-6db3-47d6-bcb5-1503a9b218e9,shot_noise,s4,2,0.723123,0.833754,0.872779
c017cafb-363d-4dce-8fc3-fab75955312a,fog,s5,3,0.347555,0.416354,0.686269
c0308114-58bc-454c-8534-a25cb15df170,shot_noise,s3,4,0.489250,0.572904,0.854045
c03d20c7-f6d6-43fd-acda-485b58b291e8,clean,s5,3,0.453101,0.514598,0.848261
c03dcbff-51d9-4c44-9d66-fee66250997d,fog,s5,2,0.532711,0.690301,0.710691
c052a05e-ecec-4e6a-87f8-ccf0774354bd,gaussian_blur,s3,4,0.434973,0.555575,0.720258
c053db58-dd11-49ff-b958-c91d87027392,clean,s5,2,0.508727,0.654542,0.731802
c05adb38-33ba-4085-98bf-fdc8e81b8cec,gaussian_blur,s5,4,0.710990,0.819815,0.893640
c06d4b53-b378-4500-a718-61f61b4fc0e7,fog,s5,3,0.364008,0.438787,0.702912
c07069ab-f8c8-4be6-98aa-c96199c68917,clean,s3,2,0.592589,0.678118,0.949429
c07323c7-f721-46ab-b524-339680ca10d2,shot_noise,s2,5,0.644774,0.730716,0.982000
c07666d2-5bcd-49f8-9f23-916e2a440253,clean,s5,0,0.479907,0.648563,0.648564
c082eca3-a248-4265-a002-38dd22183011,shot_noise,s5,3,0.725326,0.840613,0.841963
c0b87905-ca72-4386-8703-e09b23c45ccf,gaussian_blur,s5,1,0.505313,0.670282,0.674679
c0bf55dd-0d7f-4cdc-9f9a-bb0deb88ece8,gaussian_blur,s4,2,0.687981,0.807728,0.853771
c0c25411-6444-492c-ba46-6ac244b61367,gaussian_blur,s5,0,0.443008,0.602399,0.643200
c0d356a8-8a6a-4a63-bd4e-a5481c45dfcd,clean,s3,2,0.571821,0.691621,0.844231
c0f314f6-7f44-4f84-a291-e06be68a3754,shot_noise,s4,0,0.707964,0.820923,0.874203
c0f9f15f-4bbb-4072-a904-30bb57699c41,gaussian_blur,s5,2,0.380851,0.545420,0.565253
c0fb18d2-9a99-4910-babf-011a89081476,gaussian_blur,s5,4,0.503312,0.659746,0.698577
c106307c-e3dc-468c-a72c-404a5c6be070,shot_noise,s4,2,0.603128,0.725869,0.849363
c11cc89a-d468-4716-8715-b47c2a04166a,clean,s5,5,0.607658,0.754847,0.760469
c11e3897-24ca-451c-bd6d-dd26543f7004,shot_noise,s3,3,0.428227,0.540640,0.728150
c121cbd1-e1f7-4259-811e-e83718fdc421,shot_noise,s3,4,0.414099,0.523476,0.716192
c127ec47-6f0d-4c87-a01a-8141a28a7589,shot_noise,s3,3,0.631983,0.731899,0.933387
c12de8c7-6981-4758-8e0a-2e905a6a72eb,shot_noise,s5,4,0.611808,0.758662,0.761213
c131e7de-cee0-4eff-9304-16ccaa3743bc,gaussian_blur,s4,1,0.759518,0.853606,0.929714
c13d8709-f8eb-4aa1-a37e-6a6e1d3392c8,shot_noise,s5,2,0.738070,0.848959,0.851544
c13f86d9-ee06-4358-9aa4-927fe1cbf786,fog,s4,3,0.791684,0.876314,0.943701
c148bf17-e60e-4fea-aa3e-1256c8ad3829,clean,s5,5,0.497529,0.664042,0.665730
c1510ad3-7c85-4d50-8d10-ef64d4d017a3,shot_noise,s5,0,0.481403,0.649644,0.650739
c15dc604-2253-430a-8d33-f07a13ecbc8e,clean,s5,2,0.144771,0.224560,0.289504
c1620b10-7e96-4055-8d66-7f57c1edc732,shot_noise,s5,4,0.410517,0.582080,0.582080
c1664666-675e-413b-b848-0b93a2a993ac,shot_noise,s3,0,0.446897,0.555151,0.758411
c16a3e87-d5dc-484e-8959-d39e2eccad9a,fog,s5,0,0.715978,0.831862,0.850077
c16d09ce-b5fd-42fa-be39-e43ae280c212,fog,s5,2,0.439092,0.600949,0.633505
c18a93e3-93bf-4cec-8994-46efcc2a5dbd,gaussian_blur,s5,2,0.591519,0.742935,0.744912
c18b206e-9b99-4b17-826c-eacb3ecb7d8c,gaussian_blur,s5,0,0.718460,0.836091,0.836635
c199b211-bda9-469d-bd73-226c2034e57b,shot_noise,s5,1,0.617775,0.763436,0.764992
c1a181ac-c523-4fbe-8bd4-e614149ec7c5,fog,s4,2,0.661110,0.782086,0.859772
c1a3f7b0-65ad-4c3a-880e-7f96628ece64,fog,s4,3,0.525925,0.686611,0.697964
c1a6073f-1c21-4b03-8b7d-88807127ee07,fog,s5,1,0.506949,0.648125,0.742982
c1a716d1-18cf-4d52-8325-bdbe7d7cb2de,fog,s5,3,0.594045,0.745152,0.746032
c1aeb5c4-45e5-48ef-b3d6-19bd3563f1c2,shot_noise,s4,4,0.576044,0.708484,0.808238
c1ba739f-d1cf-4afe-a7d4-ce8eb50c7331,shot_noise,s5,3,0.611381,0.758144,0.761659
c1bb1bf0-c2da-4670-9254-f800a4bc62ca,shot_noise,s5,2,0.359294,0.436864,0.691636
c1cbc40b-bcd5-4da8-a8fd-682b0ad6f360,clean,s3,5,0.585203,0.666375,0.954015
c1e1fb97-c50d-453f-ada0-baa0e169c23f,fog,s5,4,0.326961,0.429664,0.603489
c1e50e6c-97de-4ef6-ab25-cfeb52bbf3f1,gaussian_blur,s4,5,0.499944,0.626638,0.773696
c1e6168d-1060-4a03-869e-f373eb1a2825,gaussian_blur,s4,4,0.607495,0.750010,0.779101
c1f35215-614e-4f4e-b46a-2e018f8e37e7,gaussian_blur,s4,2,0.293505,0.436565,0.484427
c20340d7-2463-4aa2-8615-cb3bb8750c89,fog,s5,1,0.266481,0.400531,0.454668
c2075cbb-cd90-45c7-bfc4-42c5167a19a9,fog,s5,2,0.475976,0.639519,0.660071
c2098e19-de62-4c64-b7e1-effdff54bae2,clean,s3,2,0.495172,0.561061,0.893147
c20c47ba-8ddc-4c30-94b7-2b2ea141378a,gaussian_blur,s5,2,0.717107,0.832004,0.854571
c210ebc8-020d-4b56-98a4-67a3641f10ca,fog,s5,4,0.650877,0.784364,0.807807
c2158945-c272-41b9-8c0c-4b7a56661f35,clean,s3,3,0.468883,0.483942,0.937766
c21e37d9-6720-4a52-bdc5-abf44a8693e5,gaussian_blur,s4,1,0.595575,0.728453,0.813114
c2285bf9-5fe5-49c3-bde1-aedfcb80c358,shot_noise,s1,0,0.454856,0.510444,0.859894
c2342097-2a44-4535-9427-0ff330a9ab9a,gaussian_blur,s4,4,0.513237,0.666685,0.713268
c2367b8c-2cf0-486d-8dcc-109240add2d9,shot_noise,s4,2,0.617320,0.754854,0.798192
c23bba85-dea9-4652-ad84-e499abf53457,shot_noise,s1,3,0.445260,0.502030,0.845369
c23f14a7-e4c4-4b77-bd1c-19f210cc8c3c,gaussian_blur,s4,3,0.609843,0.735341,0.841910
c2587911-7d29-41a3-98c0-26887358b8b8,clean,s3,2,0.620415,0.727120,0.907307
c259d1e3-7ada-4087-bc5b-c15cc51b2f69,clean,s3,0,0.528663,0.622081,0.875797
c2623a38-46db-4c32-904c-a2b1adbd4c56,shot_noise,s5,1,0.490732,0.654485,0.669643
c26ae208-1707-4379-891f-18462e39d9ea,gaussian_blur,s2,3,0.400153,0.454128,0.786759
c280515d-15bb-4b51-a464-33911b756e08,clean,s4,1,0.698853,0.819909,0.838431
c2805c75-feac-4550-81cd-2b767176e8f9,gaussian_blur,s3,5,0.641380,0.757164,0.881786
c2812e15-a9e9-4e51-82a4-ed0591bac4b6,gaussian_blur,s4,5,0.229210,0.354540,0.401445
c289f537-06dd-4b98-bac3-6e9c809abb80,fog,s5,3,0.606965,0.737926,0.822161
c29f9004-fa06-49a4-9929-8fca00d0dbe8,fog,s5,4,0.447387,0.615196,0.626006
c2ae697a-fd7c-4bf2-b811-8f0cf2694438,gaussian_blur,s4,1,0.248818,0.389426,0.413323
c2c22595-45cc-4d21-92d3-f1c895df5722,gaussian_blur,s3,0,0.651432,0.754069,0.930679
c2c412d1-4730-4e41-b989-4f1895f0c34d,shot_noise,s5,2,0.718245,0.834758,0.843669
c2cdaa31-df3d-41b8-94b5-b49bff379030,gaussian_blur,s5,4,0.644172,0.783537,0.783792
c2d19fc8-5d77-46e0-87fa-571fe1fc67a9,shot_noise,s5,3,0.561819,0.713509,0.740151
c2d348cf-ca9d-4ef6-b0b4-658369f98d86,gaussian_blur,s3,2,0.703889,0.797693,0.967195
c2d6529a-1046-4a4f-99e0-15db11354c13,fog,s5,1,0.495060,0.662041,0.662914
c2dbf808-fafe-4102-8c0c-63ca20763a58,clean,s4,4,0.758685,0.857696,0.898560
c2e06259-1c0c-46a8-b517-280c7b316695,shot_noise,s4,0,0.727949,0.828899,0.922390
c31d27f3-ef5e-4991-9c32-71b7355e7c85,clean,s5,5,0.354285,0.429712,0.687147
c32176a7-a81c-4db0-961f-36ced256791c,gaussian_blur,s4,1,0.361710,0.510143,0.574363
c324ce36-25d7-4b94-ab44-5ef64aa5a169,shot_noise,s3,1,0.591867,0.697089,0.897205
c3267d44-ba58-44b8-a290-60b09e1be468,shot_noise,s5,1,0.639362,0.779160,0.783879
c32df73c-0fcd-486f-a428-709148bb11d1,fog,s5,5,0.466596,0.598794,0.729776
c3347192-8fb9-4ff7-87a6-37d059b79297,fog,s5,1,0.618445,0.764177,0.764539
c3485084-9e16-40ae-ba8b-2a46e29f376e,clean,s4,5,0.388473,0.486126,0.702490
c351d43e-b2df-46a1-bf27-deea78a219ac,clean,s4,4,0.459659,0.600943,0.702171
c361fff9-64ed-4a53-8f5c-a01f60a5e037,shot_noise,s5,0,0.633508,0.775350,0.776937
c367ea78-2e11-46d5-bb42-d19a95a8a367,fog,s4,3,0.691110,0.809068,0.860695
c36a02e5-19b4-4b18-93fc-ad2d83727e1e,fog,s3,2,0.613057,0.713935,0.921562
c37a56f7-2fd7-40ce-8984-021ec9070122,shot_noise,s5,1,0.666598,0.799508,0.802157
c37d2403-588c-4b3e-af26-5d1e9ac89960,gaussian_blur,s3,1,0.538424,0.598630,0.952448
c3915239-eddd-45d4-86f7-9700caf8c438,fog,s4,3,0.631087,0.748328,0.875130
c39f59b4-9378-42d2-953a-e452e00b5fa3,gaussian_blur,s3,5,0.624165,0.731598,0.906453
c3a58d43-e56e-486b-a0f1-8182d5ce2afe,gaussian_blur,s5,4,0.472463,0.639321,0.648416
c3a736a5-4961-46d5-8b41-d2216017ab64,clean,s5,3,0.699231,0.821457,0.831627
c3a81326-70fd-4f88-be3d-c8af3b2edcd1,gaussian_blur,s5,3,0.377052,0.541459,0.561061
c3b1479e-3b75-4178-a58c-e098b5bf7245,shot_noise,s4,3,0.563371,0.696987,0.799015
c3b739bc-37a9-4fa6-8ac4-9ab92d15f923,shot_noise,s5,5,0.636676,0.776724,0.783776
c3b79580-bcca-4d54-a8a6-4baf813123af,shot_noise,s3,1,0.652287,0.753635,0.935363
c3b7dec4-8e5c-40e4-8875-df34b52dd888,fog,s5,0,0.622692,0.764841,0.778704
c3bc5e38-061c-46b0-8d0c-2f037eb0eedd,gaussian_blur,s5,5,0.732045,0.845228,0.845728
c3c7396a-520b-49ed-85b2-cf1fdfba1183,clean,s5,4,0.354862,0.502675,0.566384
c3f1343f-623b-406f-9323-f53fef2cc73b,fog,s5,4,0.588843,0.741222,0.741227
c3f2eeca-6263-4605-8179-abcc9e8e249e,fog,s3,4,0.351045,0.455185,0.638016
c3f7a5fb-381d-4dde-af50-dd5b2b31120b,fog,s5,2,0.676263,0.806556,0.808492
c3fa135d-5248-4f35-9120-1de05771dacf,clean,s4,4,0.756364,0.855819,0.899184
c3fb91aa-37de-4a1b-8399-8937035d48ec,shot_noise,s4,5,0.723917,0.833607,0.877381
c405fa59-ef14-41d5-aec1-28c6d6fdf646,shot_noise,s2,5,0.400890,0.445639,0.800883
c4102aa4-0707-479c-b0f5-97fb8510a1c7,gaussian_blur,s5,4,0.227490,0.312757,0.454912
c446c835-e3b8-4dcc-a38b-2617d20b037f,gaussian_blur,s3,2,0.294998,0.423076,0.511963
c44b191e-41de-471e-a3cb-d0f4f3bb770c,shot_noise,s5,5,0.483227,0.607291,0.764389
c454f345-0698-485d-bf45-f9c8a17c0abb,clean,s5,4,0.372360,0.530359,0.568843
c46f9ce9-019d-43c2-affe-3bf6296fac40,shot_noise,s5,5,0.271473,0.426442,0.428032
c4762f11-ba74-4afa-889e-180103fd6218,clean,s5,1,0.465745,0.634989,0.636925
c47e8973-7867-4af1-bbcd-0367cadf7d23,clean,s4,3,0.520378,0.655809,0.768005
c488b3a4-ae8b-495b-8cdf-632c50770630,clean,s5,2,0.497842,0.650912,0.704373
c4929bc5-0ecf-4dce-99cf-277869f01c28,shot_noise,s4,4,0.561237,0.691066,0.809269
c493e460-2103-4d1b-a3bc-8d31bfaf55ca,gaussian_blur,s5,3,0.455043,0.623416,0.630926
c4a5462c-cc38-4a50-b2bb-e980e4cd1c34,clean,s5,0,0.506519,0.672403,0.672539
c4ab299a-be0c-4ad1-8bd0-0e4dfe8e3963,shot_noise,s4,5,0.732066,0.841493,0.869392
c4b249bc-3f11-4a95-8a4b-3de8aa4be9b4,gaussian_blur,s4,1,0.396283,0.565645,0.572186
c4b8821f-eb8d-4f44-a5af-cbde7540e263,gaussian_blur,s3,4,0.486348,0.572980,0.845137
c4bc0e56-5f61-4769-9f50-4885c73ca567,fog,s5,5,0.635799,0.774837,0.788544
c4bd4910-55dc-41d0-aa5e-1350deaa4496,clean,s3,1,0.647677,0.747040,0.940858
c4ca7cdb-4aae-4a0e-aa40-0a01803f32f5,shot_noise,s4,4,0.308908,0.446771,0.517629
c4d39b77-7b3f-47a6-948c-6f50ad13f25b,gaussian_blur,s4,0,0.757516,0.853565,0.919844
c4e68cb5-5e6b-4f7d-b5ff-4c5398a16a3a,fog,s5,5,0.538815,0.694094,0.720581
c4eeea5d-9f9a-43f8-ae77-a7c6198d03de,shot_noise,s3,2,0.605917,0.711689,0.903462
c4f0075a-66fd-4fda-83cd-9fd8d32db3b1,shot_noise,s3,4,0.686741,0.794605,0.910080
c4fccbef-dd96-42fa-9460-95096b4bb0df,fog,s3,2,0.731091,0.827284,0.945259
c502d64e-56f3-4344-9e09-23c70ae6ae4b,fog,s5,0,0.779460,0.875082,0.883920
c510cfb2-02be-4bbc-910f-c31e8f0155b5,shot_noise,s4,1,0.309489,0.471440,0.475045
c511c362-7b30-4d41-8dbb-4bf38303c1ae,shot_noise,s2,0,0.493693,0.496827,0.987387
c51e4ddf-5c56-4d41-9d15-3d5f7dd025b7,gaussian_blur,s4,5,0.464420,0.628373,0.650144
c531518b-a537-4cca-bd62-2340576cd0e4,clean,s5,3,0.816161,0.897980,0.906582
c53184b5-9b0a-4d68-9247-0feb5772d777,clean,s5,0,0.702613,0.822852,0.839352
c5372e2f-5416-46d4-affc-0fee8c90c0be,clean,s4,3,0.655382,0.767552,0.896222
c5383965-6d0e-4078-b802-f8ed792a7170,fog,s4,1,0.683025,0.807132,0.835157
c5398b1a-7eb1-4fc1-9ba2-e1ca0395a41e,fog,s5,0,0.250098,0.393081,0.411733
c53b38b2-7683-48f0-88d8-10bbc6f131aa,gaussian_blur,s5,3,0.413447,0.583248,0.589272
c53cf8b7-ecc4-4341-a311-8c47fdd98b41,shot_noise,s5,3,0.386987,0.545613,0.585344
c53e4b95-3bf9-4bda-9205-c9dddae34e76,clean,s5,4,0.496523,0.661428,0.669893
c551556e-bf10-49b0-9975-ae84dcbe8b4a,shot_noise,s3,3,0.471805,0.485493,0.943610
c5537a59-4989-49d7-8a60-9a4a002b939a,shot_noise,s4,2,0.742318,0.847948,0.879440
c560d988-60aa-4df2-98f8-512593e04361,shot_noise,s5,4,0.470548,0.609337,0.718357
c5643507-27d8-4014-82f8-4611e7562c3f,gaussian_blur,s5,3,0.454546,0.601760,0.683360
c5683fa1-f2a1-4b54-8dfd-abaf33483caa,shot_noise,s4,0,0.429390,0.545828,0.721845
c56ab27f-53f4-4409-b056-601baa8edeff,fog,s4,2,0.118864,0.201690,0.225979
c5768085-7ac0-45df-9ccb-634d183faf7d,gaussian_blur,s5,5,0.370750,0.535117,0.553483
c57ba6e2-b796-437a-acb4-3d36dead074a,gaussian_blur,s3,2,0.584004,0.678655,0.920114
c58b3080-099b-4e4b-a698-687c0d286fb9,fog,s5,5,0.318117,0.413642,0.600432
c59c2cf8-ef23-4cd3-8204-b46eff5cd202,fog,s5,4,0.601218,0.732197,0.820979
c5a782f9-2071-44f9-8d22-3b76f814ca6b,clean,s1,4,0.435879,0.494068,0.830589
c5b39743-0de4-49bd-aa07-bf7104014a99,clean,s4,0,0.666010,0.794827,0.822432
c5b8a254-9178-44af-b719-43ac7cf152c1,clean,s5,3,0.764663,0.864319,0.883739
c5bc01cf-dfcc-4e30-855c-924a66f08308,shot_noise,s5,1,0.478797,0.647548,0.647556
c5c5d736-1c13-4269-ac88-08b213628e05,shot_noise,s5,0,0.517336,0.662066,0.740593
c5cbb4ce-de09-4127-904d-84633ef67e28,shot_noise,s3,5,0.460189,0.594078,0.719582
c5d0aed7-b434-4b40-b6d8-63e7341385e5,clean,s5,5,0.637208,0.776487,0.787003
c5d664fb-faf9-4dc5-92e8-0a8552f65afc,fog,s5,1,0.557689,0.694794,0.785681
c5fa677f-c2cf-49c4-8085-a7c6521626f2,clean,s5,2,0.258819,0.341082,0.517639
c6046a78-fd41-4d8d-9957-82e7c4a31d59,fog,s3,0,0.456905,0.477482,0.913811
c60dcb4a-1816-4c6f-9532-340d22ae7764,gaussian_blur,s4,4,0.192972,0.323479,0.323568
c61d8e0b-6661-42f8-ad83-87b60d7f14d4,clean,s5,0,0.230373,0.316994,0.458640
c629bb8f-bf4e-421b-924b-1dd92e37ae97,fog,s5,0,0.562464,0.719724,0.720850
c62c59d1-e822-4124-896c-76d9c406d828,gaussian_blur,s5,0,0.481403,0.649644,0.650739
c6426abe-24cf-4846-9802-6adc027f4bf3,gaussian_blur,s4,4,0.540825,0.678488,0.775105
c64805bc-4f70-4629-a10e-566710e3c552,clean,s5,0,0.372360,0.530359,0.568843
c6549e5d-2f82-4a95-9952-b8682baab7d5,gaussian_blur,s5,2,0.710387,0.828536,0.843141
c657d50e-d83e-4e05-b414-d6300e9e5d3f,clean,s5,0,0.622832,0.767367,0.768529
c693a4da-e809-456f-b374-cff70e6a48b2,shot_noise,s3,2,0.679382,0.774094,0.963984
c696efdf-ce4e-4a9f-927a-5fdc13702830,shot_noise,s5,0,0.487472,0.655372,0.655623
c698269d-433a-4d9d-9d72-a21495839fb6,shot_noise,s3,3,0.533744,0.633215,0.867182
c6a3660c-aac5-4490-bc9d-f7ac393ac111,shot_noise,s5,3,0.500015,0.665563,0.670018
c6a9260b-1d4b-4a92-8dcb-961fe75bcf35,clean,s4,1,0.681370,0.795940,0.881819
c6ac9591-c28c-4851-b720-9d2f583829aa,fog,s4,3,0.592486,0.738626,0.765052
c6b36e39-de29-4191-a0d8-1f4d4448c5c2,gaussian_blur,s4,3,0.536121,0.684137,0.741968
c6b9e651-53cf-46aa-a5aa-75b8085176ef,shot_noise,s3,5,0.701236,0.805878,0.919719
c6c38fd8-b09e-49db-8133-a65ec23e22e4,gaussian_blur,s4,0,0.790923,0.877621,0.929319
c6c67b61-1c3f-4c87-99e3-eca677fe5bf6,gaussian_blur,s5,2,0.541635,0.701536,0.706493
c6ca3c5d-8e0d-4d48-893a-3cb3a735e4ca,fog,s3,3,0.464914,0.596134,0.730301
c6ea4453-d1fe-4bb0-b9eb-e4a32b99f704,clean,s2,0,0.486613,0.493216,0.973227
c6ee3077-4b18-4926-99f7-34ac681fdc64,gaussian_blur,s3,4,0.448260,0.570080,0.732895
c6ef84ff-a352-41ef-98c9-ab179d5e581d,clean,s4,2,0.541185,0.700974,0.706723
c6f72947-c3a9-4cfc-a756-2333b2664f43,fog,s5,4,0.523547,0.686128,0.690923
c6fb058d-5a63-4f16-88ee-93dfe0d2928e,shot_noise,s4,3,0.685500,0.799014,0.885029
c6fedaf2-3e34-4edc-a028-efd726bab74f,clean,s4,3,0.583880,0.725797,0.779150
c7037b84-358e-48c4-a68f-362a9dcfd269,clean,s5,0,0.679812,0.808712,0.812939
c7039e32-2ee4-4211-92ea-b092a333d9f4,clean,s5,0,0.739468,0.840464,0.911393
c70fcc84-e65a-42cb-855e-3f3263991eac,clean,s5,4,0.505900,0.671389,0.673417
c710925a-cd7b-44b3-b681-c93c4657836c,gaussian_blur,s5,2,0.123370,0.197933,0.246709
c7117e47-cee4-442a-8fa8-4f796f862a04,gaussian_blur,s5,1,0.764357,0.863718,0.886438
c71cead6-3635-428d-a58f-48fda4732bdf,shot_noise,s5,5,0.344128,0.407673,0.688256
c720ab05-3b9d-4373-a233-c365c6ff83e2,clean,s5,1,0.579579,0.733659,0.734518
c7249152-5e25-49b4-b9ad-7ac5ec78ef71,clean,s4,4,0.829387,0.901972,0.955349
c725d3db-6660-40a4-a567-ba410176ad6f,shot_noise,s4,0,0.523379,0.665901,0.750667
c737fa47-4fab-4238-a792-8a1c98f80748,shot_noise,s3,5,0.648237,0.745411,0.948300
c73c7c59-6df6-4f3c-8d8f-0abed7a5719e,shot_noise,s5,3,0.452713,0.610929,0.654976
c746cf44-7389-42c3-92c2-a879b07fd9b2,fog,s2,4,0.398098,0.443268,0.796195
c74b24ca-cf8b-40e5-9986-678b41ea9e4e,gaussian_blur,s5,3,0.691457,0.804926,0.882492
c7500ab3-1de3-4031-80be-e79d17775522,shot_noise,s3,5,0.407989,0.516309,0.710251
c750af05-05f2-4d69-a18d-31b3b0a3b53d,shot_noise,s5,3,0.166679,0.255978,0.325723
c764005f-8fd8-4b62-a5f4-6c089999f06c,clean,s2,2,0.405284,0.447687,0.810568
c7664c47-5f60-4571-99da-0466aafd04df,shot_noise,s5,1,0.733740,0.845842,0.850203
c76f3e9c-21b2-4f91-9f40-b081899d6181,shot_noise,s4,0,0.597379,0.718486,0.852608
c772d211-cb51-4324-9807-3fd3ba8c1fd9,fog,s5,3,0.343431,0.478274,0.574528
c7738d3d-4014-49a7-ae4f-94e7b7147e84,clean,s5,2,0.479344,0.647982,0.648240
c7761acc-ccf3-4a6a-9285-054c9054030a,gaussian_blur,s5,4,0.635004,0.776457,0.778123
c7786e8e-1b7d-4198-889e-b630c7413da4,shot_noise,s5,0,0.457328,0.627200,0.628768
c77c6ced-e1b2-459a-b728-0c2071ae7f3b,fog,s4,4,0.470782,0.613332,0.709610
c783de69-279b-426a-8612-a2d9c5fa24d2,fog,s4,5,0.450847,0.596732,0.682901
c78b431a-a7e3-460c-a095-c8d5c362436a,clean,s4,4,0.825892,0.899471,0.956112
c79fed7d-fd9e-4833-a62d-ca18c66fe180,shot_noise,s4,3,0.397630,0.484792,0.732463
c7a2e127-fcb7-4b67-9d94-761c045b35ec,clean,s5,4,0.654975,0.791522,0.791525
c7a53fa4-5ea3-4b47-b896-2249e3495c2c,shot_noise,s4,5,0.758940,0.852689,0.932619
c7a9c944-902a-49ac-9e4c-f20ba0370ce7,fog,s5,5,0.562994,0.719919,0.722138
c7b1d7e7-3432-440e-b3bc-d4b0f9ae8e3d,fog,s5,1,0.728010,0.842197,0.845146
c7b33e66-9196-4533-bb81-8db926b72764,gaussian_blur,s3,0,0.519435,0.648568,0.783749
c7c0177d-fc51-49a1-a28c-43e3dd80cc40,clean,s2,5,0.494013,0.496989,0.988027
c7c3daf0-b0ed-4f52-8140-88c0bc16a54a,clean,s5,3,0.285487,0.367335,0.565616
c7d32a5f-717a-4c7a-b98f-bb8fb71548d2,clean,s5,2,0.617685,0.762030,0.770537
c7df7ad7-fd43-44eb-91b0-ea3409abeea7,gaussian_blur,s5,4,0.659692,0.794899,0.795241
c7e2c9dc-1e36-4adf-8445-9da818534db8,shot_noise,s4,0,0.599117,0.736425,0.798192
c7e824d7-37db-4b58-b200-1de21f35acc3,shot_noise,s4,0,0.732068,0.840196,0.877319
c7f0cd83-5d9d-4257-a587-8321c98d4253,fog,s5,4,0.363633,0.532676,0.534731
c7f7f691-9ac4-4b50-9916-0596e0828b00,fog,s4,2,0.807094,0.889415,0.927940
c80a5bf6-d67d-48b1-aa52-04ad4cb51df8,shot_noise,s4,1,0.650544,0.772591,0.857261
c80e4ef4-a6f7-4693-bf1a-8d244e31d9df,shot_noise,s4,4,0.480520,0.563145,0.845936
c8159fe5-1afc-4513-ba0d-fa743abcaa82,gaussian_blur,s4,0,0.834169,0.907369,0.933547
c822e7b9-9496-43d9-90c5-d3e0eba0410d,clean,s5,1,0.540905,0.686389,0.752038
c824987c-740a-454a-ac78-6995e1669ec2,fog,s3,5,0.707466,0.809318,0.930178
c82e19d6-7129-4166-b2a2-816ce69f48c1,fog,s5,2,0.589710,0.741909,0.741910
c8463b68-371c-4a22-bd2a-2e97531be7e3,gaussian_blur,s5,0,0.504640,0.667370,0.681024
c84e25fb-d0d4-4a9e-b7f6-cee9544b60d2,fog,s4,0,0.469810,0.617415,0.696429
c8513ee3-8ceb-44db-9b6d-cb4a8dbb263e,fog,s5,1,0.307877,0.381094,0.615755
c8550b36-d3a0-4693-b837-7da0905f9fdc,clean,s5,4,0.253759,0.336658,0.507518
c8614edf-cd10-4765-b708-bb3a56d95abe,fog,s4,2,0.451447,0.523683,0.828612
c861f46a-e1aa-4644-8c30-f7d9cdaf8d76,fog,s5,2,0.761399,0.862484,0.879483
c8622d96-d560-46f7-8c3a-361043fc25cd,clean,s4,4,0.799806,0.886825,0.905946
c87932fa-fb15-44ea-b986-ba2eaa33b5a8,gaussian_blur,s4,4,0.691617,0.797576,0.917115
c87b7688-88ea-4df6-b5b8-121885e429a8,shot_noise,s5,4,0.316726,0.387800,0.633452
c87cee5f-6982-44e5-b0c7-ebf782291be7,fog,s4,2,0.759515,0.859456,0.890838
c88e1dc1-636a-412d-8593-0edfb0eda7bd,gaussian_blur,s5,0,0.681204,0.808625,0.819531
c8ad6b7b-f4b9-41e2-9070-000c251e64af,gaussian_blur,s2,4,0.490789,0.495352,0.981579
c8b77f3b-e341-4a1a-a29f-e5fc8baa37a1,gaussian_blur,s4,0,0.828969,0.904639,0.925873
c8b83041-7786-4d74-940c-3e4b56831730,clean,s3,3,0.722214,0.813470,0.973982
c8c547d0-e05a-41d5-97ad-cd3d13fc84dc,clean,s4,3,0.775978,0.870670,0.898527
c8c87283-45e0-45cf-8986-8e5c1efcc6b3,shot_noise,s4,5,0.140403,0.238820,0.255973
c8d49ca6-334c-4a19-8bde-e38b275a3f56,clean,s4,0,0.419808,0.563402,0.655392
c8da73ed-f30f-4903-b963-10d00318ebfb,shot_noise,s4,1,0.572802,0.684996,0.866124
c8daf420-dda6-4c1b-b043-d9f49cb07ff6,shot_noise,s5,5,0.637717,0.778060,0.782068
c8de54a7-5bcd-4a29-9fdc-07228af5ffb6,shot_noise,s5,3,0.351307,0.513798,0.532608
c8f43b58-6817-4f7a-a658-046e1a62f0cf,shot_noise,s4,1,0.281518,0.432591,0.451264
c9023456-98bd-450a-ad0d-8e227964e11a,fog,s4,2,0.441094,0.591809,0.662037
c90278bd-32fb-494c-84c2-9725c90ac065,clean,s4,3,0.814757,0.895498,0.921142
c91234f6-d24e-44e9-a0bf-cd43b46cb46a,fog,s5,5,0.369176,0.434757,0.724162
c91e4f10-9ad6-42f0-b5ff-a7be29e4feb4,gaussian_blur,s4,3,0.574802,0.709313,0.801160
c91f90de-7698-42af-8063-4d939f8c7625,fog,s4,5,0.450176,0.578471,0.721410
c91f977f-9878-4c30-8b46-4d563708ed6b,clean,s5,5,0.664274,0.797882,0.800216
c926ee0a-7f55-4aae-a054-a8a4eaeaf72b,clean,s4,2,0.837598,0.910715,0.921793
c92e664e-6a5f-4197-8980-8d93ce989f5b,shot_noise,s5,5,0.406154,0.535786,0.667928
c933b98d-a6cf-471d-89e9-26b6dfa63cc8,shot_noise,s5,5,0.557022,0.714694,0.718309
c934bf77-a474-422a-8047-620c40658502,fog,s5,0,0.565711,0.714339,0.751631
c93eb180-937a-411d-b24f-89e754261e54,clean,s2,3,0.465451,0.482107,0.930901
c94b6ee9-89c6-480d-a71d-9955cda7e99a,fog,s5,2,0.502109,0.668177,0.669629
c94e98db-0cbb-433c-b259-ffdbda446277,clean,s4,2,0.667214,0.782008,0.884735
c95cecce-70d5-4f25-935f-3a12943043d3,clean,s4,0,0.301100,0.457121,0.473372
c9627bc8-8aed-49db-a258-ca0d3cba8075,gaussian_blur,s4,2,0.556129,0.711664,0.725495
c96f77fb-f355-4a6d-ad69-08aa109e02fe,fog,s4,0,0.424454,0.543022,0.711781
c972cf64-73fa-48aa-afb7-f24d8a5ae14e,clean,s3,2,0.451876,0.474721,0.903751
c972de77-a8fb-412f-be15-be203628e692,fog,s5,4,0.517379,0.671097,0.714898
c9778653-80d3-4155-83fa-2c130641dabb,fog,s5,2,0.578082,0.731843,0.735605
c98a21ec-af28-4c47-a248-ca4e2205d71f,fog,s4,0,0.854713,0.920118,0.941045
c98c6c37-5e95-45f6-bb79-5269c0f048fd,shot_noise,s5,2,0.583627,0.737037,0.737225
c993b103-246b-435d-ae0f-0af97fd7b007,clean,s4,0,0.787301,0.875615,0.924246
c99a6ef9-225e-4230-aae4-b41b9d43003b,shot_noise,s3,2,0.500008,0.613212,0.804893
c99ec7e8-5a0b-49d0-b526-33079d88213d,shot_noise,s5,1,0.785634,0.879948,0.879963
c9a9f9d6-e9d8-4f40-91a1-290f10aec821,fog,s4,4,0.618119,0.747464,0.829467
c9aebc98-0fe4-4009-96bb-78d32cba06a2,gaussian_blur,s4,3,0.336924,0.479555,0.551053
c9b154ba-2d57-4bd0-81a6-c57d37307a38,gaussian_blur,s4,4,0.593496,0.742889,0.752711
c9b8b8b4-d07a-47ab-a9f2-108847488a75,fog,s5,0,0.502266,0.666452,0.675351
c9b9315e-8ad7-4a5e-9332-e127dfd926df,gaussian_blur,s4,3,0.436397,0.581942,0.669067
c9bc37ca-3c3a-4e7f-b99d-7b222e637727,gaussian_blur,s5,0,0.777660,0.874924,0.874937
c9bd9b3e-7615-4446-98c2-cfb2ce1ceb42,fog,s5,4,0.625583,0.769671,0.769676
c9d225ad-67ab-479a-94e5-c03f310ebbb8,clean,s4,5,0.446871,0.578714,0.710261
c9de7e9c-3508-4d93-af7c-6c5b25cdc950,shot_noise,s3,1,0.541572,0.645368,0.864075
c9e1e747-07f0-475e-a206-46a8a2170800,clean,s4,1,0.556901,0.711540,0.728768
c9ed6867-c5d0-4e07-8871-53e87faca017,gaussian_blur,s5,0,0.490833,0.658457,0.658501
ca0375af-9511-43d0-a6c1-e314efe60f33,clean,s3,2,0.627017,0.731186,0.917963
ca043f03-865b-4a09-8d4d-54dba1ac1379,fog,s4,4,0.657310,0.784761,0.832549
ca101994-4fce-4d18-b1ed-6124674f210b,fog,s4,2,0.514384,0.667861,0.713862
ca1be47e-cabc-428f-b912-dda7470a405c,gaussian_blur,s3,1,0.462432,0.480483,0.924865
ca1f29cb-035a-4a59-98fc-d97a3e08a26a,shot_noise,s3,5,0.708111,0.802961,0.961856
ca279a5e-3466-47d6-95a0-f331dcebd565,shot_noise,s3,2,0.699062,0.801175,0.932044
ca2eb9a9-db37-4dcd-9320-05121d072056,clean,s5,5,0.535066,0.683196,0.741088
ca3b78d7-bd2d-40f0-9fd3-9871ae187ddd,clean,s4,2,0.745359,0.844943,0.913189
ca4626b1-ad5b-4f70-8b8c-98abc15e2898,shot_noise,s3,3,0.659544,0.761976,0.932959
ca46e3d5-1e6b-441c-9570-9556bdac22e4,clean,s5,5,0.491656,0.612023,0.780827
ca54bb21-de55-482c-9228-a7ea478c0a00,fog,s4,2,0.371771,0.426455,0.743541
ca569102-5136-43ea-a660-88e1743d4610,shot_noise,s5,1,0.605496,0.754151,0.754799
ca62b63b-38f4-42f9-9860-cf3613ab4421,gaussian_blur,s4,5,0.766090,0.863047,0.900469
ca694918-ccb5-40a8-8f45-37b7fbcec0cd,gaussian_blur,s5,5,0.595659,0.746496,0.747008
ca75ff3b-f95a-4ae6-a7a2-5589bb22e09e,clean,s4,4,0.784342,0.876754,0.898491
ca7d169c-1c3c-4949-b000-e3094476af8d,clean,s3,3,0.317748,0.439566,0.558437
ca7e90d0-0d9d-4f38-8c16-326e65afadc0,shot_noise,s5,2,0.747130,0.854086,0.863348
ca8023e7-aa82-4607-92ed-e80bb1dbea49,fog,s4,0,0.485599,0.619417,0.743931
ca893f9e-3a51-4912-8563-7209b24f82ab,clean,s4,0,0.652383,0.786549,0.804047
ca8d0678-ea4c-4b04-b973-4b0bc89e8fd4,shot_noise,s4,3,0.579085,0.705014,0.829820
ca943088-5ef4-4b02-b4f4-87d7e78daf84,gaussian_blur,s5,1,0.302401,0.451150,0.488468
ca94473a-75d8-4563-96ef-4a9302d6a9d4,gaussian_blur,s5,0,0.547702,0.707387,0.709042
ca968b7d-fa81-44ff-af11-d8e44ef2b4f5,clean,s5,4,0.573814,0.727503,0.735433
caa59d52-36c2-4bdd-b83b-a6d47af184bb,gaussian_blur,s2,0,0.494013,0.496989,0.988027
caa94081-b30a-4adb-8229-8fc992f2683a,gaussian_blur,s3,2,0.554682,0.669948,0.845711
cab9c092-bdc1-4410-b999-16b6750cc321,clean,s4,0,0.671467,0.792846,0.854619
cacafe4d-c8f8-4404-b489-d7c1311fdb41,gaussian_blur,s5,2,0.176321,0.295821,0.305411
cad77088-c2dd-4d23-8257-8e87d4bc2bc3,shot_noise,s4,0,0.253729,0.401122,0.410832
cade86f3-c727-4aeb-bf03-bf682b76d1fa,gaussian_blur,s4,4,0.543099,0.674374,0.794603
cae911a9-4658-4345-a3e3-3c5f9a236f91,clean,s5,4,0.647280,0.784739,0.791163
cb054033-aed6-444a-9456-549154a71cd0,clean,s4,1,0.554586,0.701677,0.753060
cb07b67b-b246-46ca-a46a-af7ed5cb6f92,fog,s5,3,0.425950,0.597302,0.597735
cb099b12-5bf7-4077-8367-3197732af79f,gaussian_blur,s2,1,0.382525,0.433444,0.765050
cb0ae329-df1c-4943-83b1-06121f03f3a5,shot_noise,s4,1,0.617239,0.761462,0.771133
cb1a8ce6-a8a2-4dd3-8fc9-ea592be268ae,shot_noise,s5,5,0.521401,0.685391,0.685521
cb304bea-648c-46af-8b51-6fe2b6cb1d8a,gaussian_blur,s4,5,0.604853,0.733670,0.829286
cb3491e1-c7c8-4407-bef5-7cae30b89a23,fog,s4,1,0.424255,0.567824,0.660389
cb3c4432-3e2b-43e5-b395-9dacb1f59037,clean,s2,4,0.494013,0.496989,0.988027
cb3ef4b8-489c-4a99-a7ce-1642fbe595ed,fog,s4,0,0.642358,0.774613,0.816072
cb4f3c9b-26e7-4dc8-a193-7de73064dd2d,fog,s5,1,0.703370,0.825817,0.826087
cb5ae745-ce6c-49f0-ba4d-ec5c949fa802,gaussian_blur,s4,4,0.754677,0.855099,0.895317
cb6bdcf3-b7ec-426b-b317-ce1527f60886,gaussian_blur,s4,2,0.443564,0.573695,0.710352
cb6ee33e-bace-4db0-945c-de385a258f5e,gaussian_blur,s4,5,0.767368,0.863740,0.902381
cb7a0305-0772-4e75-8944-54f5502ac3ae,gaussian_blur,s5,2,0.807262,0.892674,0.899689
cb85b8a1-3609-4121-8d51-3ef6804dc06a,clean,s4,3,0.607019,0.753839,0.762042
cb91bea8-7d0a-417f-8447-057a1279354f,gaussian_blur,s5,5,0.600272,0.750081,0.750736
cb93cda4-4b5d-4844-944e-7ef312ac464f,fog,s5,3,0.703796,0.814875,0.887057
cb9e5e7d-4542-45c7-92f4-ee2b3a0e1cf9,clean,s4,3,0.597112,0.728910,0.817196
cbb7ad1b-9a63-4d34-9de7-68587da80d55,gaussian_blur,s5,3,0.459623,0.621770,0.650971
cbbd8874-182b-4a37-9d78-bcd3ac411baf,gaussian_blur,s4,3,0.655983,0.788351,0.810720
cbc95219-d6df-4f59-8028-22021ba0c35d,gaussian_blur,s5,4,0.483039,0.643249,0.674316
cbd337e9-d990-47b7-8878-c088b1f6ac1e,clean,s5,5,0.654975,0.791522,0.791525
cbdb8249-7aa2-4c5f-ba46-8717786173b2,fog,s4,5,0.481280,0.574140,0.827520
cbe1b4c1-d5a9-4d44-afb3-45a5025c5bdf,clean,s4,0,0.739853,0.837891,0.928123
cbe3152d-b3fd-4121-a90c-a206c1c2780d,fog,s5,1,0.426227,0.587720,0.621903
cbe4e254-db11-47fc-aea2-3ec5f65dd045,shot_noise,s5,2,0.781718,0.877485,0.877515
cbe918e7-30ad-44e5-88ab-39826aa47278,fog,s5,2,0.750063,0.855790,0.866850
cc15fb55-0c51-4dbe-8a0d-f539be37d46d,fog,s4,0,0.558502,0.691650,0.798011
cc1afc6c-4635-4138-bbeb-3ee5689d4f07,gaussian_blur,s4,0,0.397972,0.448630,0.788312
cc2abfa0-7da9-41fe-80ab-7a1d34a311d1,shot_noise,s3,3,0.411944,0.546354,0.665425
cc33d19f-3285-473d-94c8-09c090008ce3,fog,s5,3,0.553454,0.709084,0.724449
cc3e00f6-4494-49db-8ea6-017c889c36d9,clean,s4,0,0.621565,0.742657,0.859754
cc51f537-3927-414e-ab27-f12543264d49,fog,s4,5,0.655261,0.784881,0.823574
cc58deda-c0ae-4e07-b5a0-b49184910fde,shot_noise,s5,0,0.385715,0.553140,0.564670
cc5d03ed-c43b-49bb-8934-f2c12b0d3163,shot_noise,s4,2,0.697838,0.818747,0.840150
cc6d4089-c6b9-4129-8332-e26cc9b7d902,shot_noise,s3,3,0.710516,0.813815,0.921783
cc71eb9c-bcaf-4e44-b679-b7b1f7d4a39e,shot_noise,s4,4,0.552216,0.704545,0.735125
cc7574b6-996c-4486-bfe0-5370f3f05f71,shot_noise,s5,0,0.711248,0.828388,0.848011
cc75a073-1a99-4357-9594-00fe5345af14,gaussian_blur,s5,0,0.502565,0.655089,0.709109
cc76bc10-5a5e-4075-8240-1c1a7f40e68b,shot_noise,s4,2,0.424346,0.506861,0.776293
cc76fd65-f095-4731-a398-3f07fa15de6d,clean,s4,0,0.607019,0.753839,0.762042
cc822918-93d8-43af-aa30-8634e9572b1f,clean,s5,1,0.686975,0.814417,0.814603
cc8a2cd1-81ae-4021-a75e-e7d8ce1e82d4,gaussian_blur,s4,3,0.670679,0.793055,0.850365
cc8dbc2f-02f5-4ce8-bbd0-8dbeb46998ef,clean,s5,2,0.494151,0.661385,0.661630
cc9170e4-ca29-4195-a955-cde0208b56c2,shot_noise,s2,1,0.558357,0.638183,0.933321
cc925ff3-a871-4d94-8fd7-5826e5f57817,clean,s5,0,0.465009,0.633638,0.638051
cca64c41-0ab7-40a7-8c73-b9296bfdb616,gaussian_blur,s4,5,0.775883,0.870194,0.901573
ccaa63b5-9e50-44d1-a1ad-6f0f9212e01f,gaussian_blur,s5,1,0.128384,0.204335,0.256736
ccaa763f-390f-4940-94c6-2a39595ee03f,fog,s4,0,0.453189,0.544064,0.798419
ccaafeee-ce63-4a62-8ea2-b15054dd8b99,clean,s5,3,0.680230,0.806563,0.825832
ccbc388e-5069-4f3e-8c1e-9ca4aa36d9ff,clean,s3,2,0.635286,0.741988,0.912566
ccd65137-b0b9-4273-9888-bbeee966171d,fog,s4,0,0.810490,0.889551,0.947622
ccd8e9b9-0708-420d-8028-f8e6e821652f,gaussian_blur,s3,0,0.446897,0.555151,0.758411
ccdf513a-c5e7-4f3b-afca-8b2211850255,clean,s3,4,0.469754,0.484405,0.939508
cce94336-5202-4eeb-85bb-274ca7650a7b,shot_noise,s5,3,0.478555,0.629581,0.695237
ccf82232-3d0c-4514-bda3-c4783a5fb072,clean,s5,4,0.603313,0.752577,0.752607
cd02abe4-5fd7-4eff-b6da-87f778c67d3f,gaussian_blur,s2,2,0.481848,0.490756,0.963696
cd0762ca-4bb8-4872-aec2-c4846d90f929,fog,s4,2,0.448785,0.615970,0.628811
cd08f405-fc32-43b6-9b5f-5a1e5d7dd87a,shot_noise,s5,4,0.614084,0.760674,0.761880
cd1f86db-faa6-4772-9bed-686c37a22a25,fog,s5,0,0.765724,0.867313,0.867376
cd2e34ef-cdf6-4658-96ef-cff8b719eef9,fog,s4,0,0.625563,0.749671,0.849493
cd305089-af65-4fa5-b92b-5919040dff7c,shot_noise,s3,1,0.789079,0.871623,0.963763
cd390f74-9819-46f0-831c-15a89891577e,fog,s4,5,0.261482,0.402087,0.435429
cd633c08-1ad2-4c13-909f-bcec8fab6ec3,clean,s3,5,0.575389,0.683296,0.879432
cd66d2b1-5818-4763-bbe3-df5eaf39be79,shot_noise,s4,1,0.609698,0.733890,0.846371
cd6b8bb6-094a-46ec-95a3-2d263b2f9d75,shot_noise,s5,3,0.687853,0.812665,0.827861
cd77498d-b3e3-4bb1-93f8-655ed54aea2f,clean,s5,4,0.560419,0.717575,0.720837
cd8af58a-09fb-43cb-9f51-e5e5eddfb533,fog,s5,3,0.678621,0.807916,0.811824
cd8ec44c-13d5-497f-9254-0bac5b9fa869,shot_noise,s4,1,0.605566,0.733560,0.832299
cd981a1f-2fd7-4d84-b325-20300ad77d9a,fog,s4,1,0.498097,0.662577,0.672075
cda808c6-6fc6-4f37-835a-fefe0c965b30,shot_noise,s3,5,0.544953,0.626375,0.917136
cda8e019-aabf-4732-92d5-1a4ccda0b08b,fog,s4,3,0.541296,0.692628,0.734156
cdb7fac7-7853-459c-b2f9-610f654deb08,shot_noise,s5,1,0.332568,0.491497,0.514165
cdc08c5a-8e38-47f9-9abb-a75e89cbdb01,gaussian_blur,s5,5,0.276257,0.430428,0.437291
cdd94e16-460b-443e-9b66-15e83c811f40,fog,s4,2,0.415519,0.543583,0.682416
cddbbe2a-6c98-4109-879e-12745b28a921,clean,s5,2,0.713166,0.829094,0.852916
cdebe24b-624d-4686-a532-6da61ff18473,fog,s2,2,0.253484,0.341637,0.499850
cdf15b6b-9d52-4e36-b100-5b90efc4e31e,shot_noise,s5,4,0.535660,0.689855,0.722692
cdf5428a-fd83-4475-bad2-a3214093ef1a,clean,s4,4,0.524439,0.678353,0.718165
cdf71aa1-265e-477d-8b02-3bd978213249,clean,s5,5,0.742617,0.851484,0.857802
cdfc3d3b-c7ab-4d04-ba8f-677611641d84,gaussian_blur,s3,1,0.408806,0.508014,0.727403
ce0a5ada-1803-41ba-b047-d9887f5a7500,clean,s5,1,0.580129,0.720440,0.783790
ce149028-8f7c-4906-9353-9dfb14a9b319,fog,s4,3,0.508480,0.661871,0.710512
ce1813b1-9c42-4128-b269-75cb45b582d9,fog,s4,3,0.785055,0.876414,0.905259
ce20bb4c-24d1-4433-84ce-135bb9cb4baa,shot_noise,s4,5,0.478704,0.585600,0.796752
ce248728-20de-49f1-bd6e-385bad651aac,clean,s4,4,0.688298,0.809098,0.848259
ce2d0ce7-b06a-446e-a313-0fabc8a18b4b,shot_noise,s4,2,0.568690,0.703828,0.796707
ce30c394-c206-43a0-a2d8-fc7bbc612132,shot_noise,s5,5,0.410198,0.573488,0.601154
ce3a9927-5b87-41d5-a6dc-283fdd9119d3,fog,s4,4,0.781531,0.872697,0.914080
ce6724c8-3896-4cbc-9142-9609584b676b,clean,s3,5,0.556458,0.680138,0.824120
ce67b6a0-4772-4e28-92fc-baa9c388b3ac,shot_noise,s4,1,0.556271,0.691737,0.789942
ce6894c6-04fb-495f-b844-d98c1f435282,gaussian_blur,s1,4,0.487787,0.493818,0.975574
ce74dcf0-df12-484a-a434-eaccefb77153,fog,s4,4,0.407213,0.448861,0.814425
ce7ca89d-30d5-4413-8212-1b713c669354,shot_noise,s5,1,0.517823,0.659941,0.748145
ce882738-a018-43a3-be0e-94326f0770a0,fog,s4,2,0.462117,0.614502,0.677826
ce88e277-1bb2-4aa0-b60e-4a37a84e5392,gaussian_blur,s5,2,0.789194,0.882173,0.882224
ce9071b5-6785-47ad-a40c-b6f4c42f01d6,shot_noise,s4,5,0.498174,0.640897,0.732277
ce9a7335-e761-4bf0-99fb-8ffda78d432e,fog,s3,1,0.699062,0.801175,0.932044
ce9fd44d-a4f1-49ee-a932-ae6c0f807b67,clean,s4,2,0.741342,0.845433,0.890453
ceaea907-93bd-43fa-8597-16e7a8c109b3,clean,s5,5,0.657392,0.792839,0.795434
ceaf48dc-0ade-4f5c-8e05-7c600881729f,shot_noise,s5,0,0.345552,0.486029,0.567307
ced5d05d-5661-4116-9799-e95eea568e2f,fog,s4,4,0.504539,0.612686,0.820448
cef5467a-4274-437d-978c-60c53634bd3d,gaussian_blur,s4,1,0.635189,0.769110,0.810639
cf01d21b-e3b4-42f4-b138-f4c61cd716b7,gaussian_blur,s5,2,0.463946,0.528914,0.856539
cf028ebd-6399-42db-b985-246cf05772da,clean,s5,5,0.646643,0.785007,0.787275
cf077a71-d126-4412-a07a-412fa578170e,shot_noise,s4,5,0.438733,0.493508,0.839664
cf0ce2ff-611a-4af6-a87f-a48ade0c4d13,shot_noise,s4,0,0.571467,0.716907,0.764030
cf142423-fb4e-4e6e-bb0c-48e5f20cf1e6,fog,s4,5,0.690597,0.812707,0.839832
cf1daa13-fa40-4906-b95f-23051da410bc,fog,s4,2,0.446460,0.561486,0.744624
cf240cee-468c-488c-b8ca-b7444cd2fa6f,shot_noise,s4,4,0.768204,0.865449,0.894623
cf27c17a-602b-4049-9cf5-3f7fbdd9d28e,fog,s4,3,0.686854,0.807337,0.850816
cf2ddb2a-fc15-4c18-837c-9973bbb702cb,clean,s4,3,0.842770,0.913815,0.924685
cf348715-7caa-447c-a3f4-bdfaa08bd87e,fog,s4,4,0.653241,0.769547,0.880112
cf38d423-54b0-469c-a52a-4bf692892f92,fog,s4,1,0.599597,0.744535,0.769845
cf434d56-9546-43c8-9a12-b58db4b4b96c,shot_noise,s5,4,0.155202,0.239669,0.306885
cf4bff10-1c5e-4307-8fa9-d6b6d858a238,fog,s4,3,0.530800,0.673986,0.753329
cf4c3584-b378-4f45-a80a-7f88582d075d,shot_noise,s5,2,0.695823,0.819300,0.828000
cf54e6a3-b111-4c38-890e-1a5a46b9d6a3,shot_noise,s4,1,0.800192,0.884218,0.930377
cf5e297b-0bbf-4aff-a583-99c456b3de8e,fog,s5,1,0.422515,0.567776,0.654802
cf66eb28-8442-45f8-811c-896f092c3c38,gaussian_blur,s3,1,0.699944,0.795712,0.959471
cf73adb1-bd56-40b0-91b6-66f1e8284d0d,shot_noise,s3,5,0.588104,0.688046,0.909221
cf73e2c3-395d-4e6f-97fa-83792e4ce74c,gaussian_blur,s5,0,0.552216,0.711132,0.712859
cf7b4f0a-5c65-4af9-90f7-4333ee105b4d,fog,s4,1,0.679102,0.796559,0.869485
cf92857d-f0e5-4f10-8a03-da877f3b574d,shot_noise,s5,0,0.544949,0.702654,0.714891
cf93526c-66be-483a-959c-4dcf8f1d9770,fog,s5,2,0.429698,0.601029,0.601289
cf9c2f27-f7e3-41dd-9348-ddee0b49757f,shot_noise,s4,1,0.624606,0.765486,0.783629
cf9e4c27-c111-4cf8-8518-b7fa2dc5ce66,shot_noise,s4,2,0.622911,0.733396,0.896117
cfa3ccdb-0c34-4fa3-badc-cc7124cb73fe,clean,s3,4,0.527168,0.619710,0.876235
cfaa3750-0c74-48e3-acc7-5eb4e280e50a,fog,s4,0,0.529216,0.652812,0.805419
cfadc3db-ae23-475d-901a-e897a020b64b,shot_noise,s3,5,0.620963,0.716379,0.941706
cfb0b723-cf67-4cf7-877d-235029b756da,clean,s4,0,0.294855,0.435279,0.491099
cfbbe346-dc9e-4ec9-961f-931af6590ec0,fog,s5,2,0.343389,0.435280,0.645717
cfd3f655-1732-4499-97f3-0dba03372813,shot_noise,s2,1,0.494789,0.497381,0.989579
cfef3ad5-dd2b-4e1e-a208-a530ec75f68e,shot_noise,s3,0,0.286274,0.391821,0.532762
d001d22d-89ae-4ca7-92c7-a249e64c2563,shot_noise,s4,2,0.708433,0.815875,0.902448
d01a0785-d3f0-4d9c-848e-1987e0add0a8,clean,s5,2,0.292747,0.369281,0.585493
d01b0e4e-949f-45a7-9ee2-72d4cc6e826d,fog,s5,4,0.432225,0.573250,0.674622
d01ed741-f07f-4183-89ed-3fc6ad0804bc,clean,s5,1,0.258819,0.341082,0.517639
d03aaa76-6dce-41c4-958d-ec93b1b16cce,shot_noise,s4,2,0.594544,0.725216,0.820352
d040c80c-159d-4890-bda8-012ae0ac2738,clean,s4,1,0.663953,0.790876,0.832311
d041a7e6-dbf6-49f5-82c1-8798ceeadb8c,shot_noise,s4,3,0.513968,0.645595,0.773134
d04dcec9-c8cb-4f8e-9f8e-12ee520ba47b,shot_noise,s1,3,0.496532,0.498260,0.993065
d04ebe9f-ba65-46d2-beca-2cdf9f6635e5,clean,s5,1,0.581630,0.731162,0.751552
d054778a-7e43-417f-bee1-f54ca2ba9e98,shot_noise,s5,0,0.564142,0.720362,0.724853
d062fc52-b88d-4c70-8fcf-b7f5f4f9f122,gaussian_blur,s5,0,0.544949,0.702654,0.714891
d06c6ab9-2908-44aa-a7bc-ea2c2a1d8029,fog,s5,3,0.343681,0.509921,0.514877
d0780f89-dce2-4372-986e-f5bbb3e947c9,shot_noise,s5,0,0.513426,0.629119,0.811627
d078cabd-c168-4413-9bf2-b193d4eb58b3,gaussian_blur,s5,2,0.624640,0.756662,0.819488
d085e389-d843-494b-9537-30e20a0f13bc,gaussian_blur,s5,4,0.594625,0.745057,0.748651
d09388ae-aa32-4083-a231-67631d5d74cc,gaussian_blur,s4,2,0.729552,0.830136,0.923077
d0a9c55b-b92f-45ec-8d56-5260540f03c5,shot_noise,s5,5,0.417730,0.588808,0.590475
d0b2fa98-b93f-4821-98fa-1dae68819038,shot_noise,s5,1,0.661968,0.796604,0.796624
d0b8e22a-e7a0-4c57-8bb9-e70243d1a7f1,clean,s5,2,0.702388,0.823470,0.834864
d0c8eb9f-0a52-4a84-8411-4c0442129b04,fog,s3,2,0.183220,0.285074,0.344138
d0c91a15-2e77-4e64-8a65-ce5f87be844d,shot_noise,s2,3,0.603513,0.682591,0.973739
d0ca857c-e989-46c7-a347-dc7c616f5862,gaussian_blur,s5,5,0.545011,0.704494,0.708949
d0cf9aca-a797-412b-8793-2ad8f0e4538b,clean,s5,4,0.801936,0.889335,0.896841
d0d77d0d-0be1-4def-9fcd-aeca552b8d88,clean,s5,0,0.604450,0.741512,0.799718
d0df6d80-6610-40c3-9d20-2c67b38d9760,gaussian_blur,s4,3,0.788026,0.880098,0.892709
d0e4f0bd-0efe-42d9-b9d7-183f41b8e082,fog,s3,4,0.434348,0.548107,0.732949
d0f7f4bb-b2be-4fca-b951-1c9d3555b68c,fog,s4,3,0.326214,0.484525,0.506348
d1069870-02cd-4b90-9335-cee65ec17653,clean,s2,5,0.470253,0.484671,0.940507
d11e4d4f-cdb9-4bf4-b67e-ded033eea7f4,fog,s5,5,0.408623,0.580141,0.580251
d129099e-20df-4aec-b6a6-b782aa6fcbba,gaussian_blur,s5,2,0.718264,0.834318,0.846395
d129ebeb-7c03-463f-ad19-fa44e7cae8c8,gaussian_blur,s4,2,0.655954,0.775717,0.865893
d12d9178-9320-4a02-a173-81c8397cc833,gaussian_blur,s3,2,0.498172,0.549484,0.921538
d12e1e48-f23f-41e7-b2b0-8b6010333cc3,gaussian_blur,s5,1,0.582958,0.735273,0.741339
d1460955-bc9a-4c31-b111-bdee54501828,fog,s5,3,0.373899,0.543978,0.544971
d149b8e5-203b-498e-bfe7-20f7d6380fcf,clean,s3,5,0.617436,0.717189,0.927140
d14bffff-92d6-45eb-90f5-593df169d313,clean,s3,3,0.698385,0.796046,0.951680
d15307fb-aaa3-41c6-b3c1-157df846dd11,shot_noise,s5,1,0.430947,0.583663,0.647148
d157ab3b-d080-4b6e-9e32-7957ceceae03,clean,s4,2,0.518848,0.673574,0.712741
d1598f41-ec50-48ab-aa82-6dc8a21885f3,shot_noise,s4,2,0.561835,0.699308,0.786459
d15b2da7-b89f-40f1-b68b-e5801e113337,gaussian_blur,s4,1,0.407213,0.448861,0.814425
d161e4ac-6c39-411c-add5-e9002697fa4e,fog,s5,3,0.579650,0.716224,0.796175
d16f97ae-4caa-41ec-8974-8358c1af1c44,shot_noise,s4,4,0.710976,0.827157,0.853755
d1786f7d-a3ec-4bbb-89c2-f63f7e7697c4,shot_noise,s5,2,0.729629,0.843102,0.847381
d19cc74a-126e-4049-b045-93846f70077b,fog,s4,0,0.590492,0.700471,0.882934
d1b6fbbe-a8fe-4bbb-b8b4-ef4106a652e0,gaussian_blur,s5,2,0.586082,0.738732,0.740176
d1b7b297-7db5-4747-8d1d-f986845aec26,gaussian_blur,s5,1,0.708853,0.819592,0.885231
d1bcc24c-0d70-4732-ac62-11659c0aca8e,clean,s5,5,0.489525,0.654998,0.663936
d1c326fd-81f6-4b2c-862a-e119f571bbfd,fog,s4,5,0.588979,0.719541,0.819019
d1d3e1c3-a78e-411a-be75-09f6aca78ff8,gaussian_blur,s5,3,0.703078,0.824730,0.830940
d1e63f2b-c5df-4f1e-b556-270ae8100c72,clean,s4,1,0.396758,0.549107,0.610265
d1e7f95a-54df-47f1-9e4c-3e7ee979d5f6,gaussian_blur,s5,0,0.633508,0.775350,0.776937
d1f4a72d-1ae1-41d3-a722-c07ca8ba329e,fog,s4,1,0.676374,0.796095,0.860179
d203a25b-9878-4dfb-88c7-d0dbc635cfd8,shot_noise,s4,3,0.739865,0.846272,0.877899
d204939e-b68b-480a-a0fc-3d2b900dbe7b,shot_noise,s3,4,0.264890,0.354304,0.518775
d2051d89-ac53-41cb-bf17-1a33201f9cf9,fog,s5,5,0.549656,0.698045,0.746965
d20613f1-9704-435f-8fba-3fe2231c2544,shot_noise,s4,1,0.607608,0.751329,0.774357
d20a3c0d-8c24-4cf2-8fa5-7662ff611b7e,gaussian_blur,s5,3,0.474098,0.606652,0.736251
d221827e-c5a8-447e-b264-36e14fbed288,clean,s5,2,0.371981,0.525927,0.576695
d223e359-b9ed-473d-b9ff-c1c98f63b8e2,gaussian_blur,s5,4,0.401247,0.547391,0.628617
d23198b5-7a04-4f5a-ba2d-770dcdaf77f1,shot_noise,s5,4,0.479727,0.630238,0.697514
d24ba49f-af7e-47c7-83d6-95798cc30ab8,fog,s3,2,0.475029,0.507025,0.922139
d25c3183-ae5e-43d6-9721-98814e928121,fog,s5,3,0.561510,0.683712,0.831355
d276f9ab-335d-444b-ad97-3772c9c6a02f,fog,s5,3,0.452160,0.512296,0.849200
d2846894-48dc-4941-9267-5bfc3e254000,fog,s4,3,0.685460,0.797701,0.890888
d2895136-0727-4823-9605-509f54747364,clean,s3,5,0.521237,0.613589,0.870812
d28e1210-d515-4a23-a14e-37580afb08b0,shot_noise,s4,0,0.619500,0.735571,0.876535
d28ecf0d-3273-4b25-b0c3-c3380eb5c6fc,shot_noise,s4,2,0.699260,0.818560,0.847584
d29e7678-54f3-4370-8a32-eab5f47300ff,fog,s4,4,0.541800,0.689881,0.744520
d2a73888-606a-4b4d-9655-54078cb9ae33,clean,s3,1,0.484280,0.616063,0.747568
d2a74fec-feda-402d-b3a7-5535d331f509,shot_noise,s3,5,0.869728,0.926913,0.977024
d2c2fc94-1cf9-4bb6-9476-8bcdf6efb4ec,gaussian_blur,s4,1,0.622914,0.743302,0.862492
d2c41934-635c-4c2c-9f23-8be34bd2a837,gaussian_blur,s5,1,0.602364,0.750475,0.757333
d2c7be66-b098-44d2-98ad-a5e6e1857daa,shot_noise,s5,5,0.376250,0.523021,0.596577
d2cf5ecc-0e9d-4e38-9045-cccde85241ee,shot_noise,s4,5,0.645224,0.780219,0.803201
d2da2e19-c6a8-410d-98e7-6e106760c7ac,gaussian_blur,s4,0,0.478014,0.557893,0.848005
d2df7f4a-7c42-45ec-9b10-de1fa09495d7,shot_noise,s4,5,0.637612,0.770621,0.813973
d2e5b65f-72a2-4a47-8287-4d42c5b6eb40,fog,s5,3,0.543119,0.692325,0.741621
d2ea2b8b-2bce-4607-b1dc-cbe5bcd95bf5,gaussian_blur,s4,1,0.742983,0.847527,0.885435
d2f1e92d-5d49-46bb-a631-fb0b3bbfdbcc,clean,s5,3,0.625559,0.769417,0.770679
d310050e-58d8-4861-8afe-e8fa366097dd,fog,s4,0,0.825892,0.899471,0.956112
d321f453-596b-4c93-ab3b-0d85df8615ab,fog,s5,2,0.626496,0.758079,0.821138
d3265274-5de0-4ecd-8875-8df45dc30450,clean,s4,5,0.491074,0.570992,0.863093
d3271176-87ed-422b-861b-7cc3725dd724,fog,s5,5,0.418804,0.590336,0.590424
d327d95b-ab04-452f-a2dd-e75c2db0261e,fog,s2,2,0.406525,0.448527,0.812932
d337b598-1c6e-41e5-9d3b-59452a5de38d,clean,s5,2,0.537565,0.699241,0.699243
d34f5729-cab3-4da3-bddd-5bb90f497269,shot_noise,s4,1,0.704582,0.821987,0.853124
d363a86b-e064-4a09-97f9-891e7655bd23,fog,s4,1,0.592670,0.710340,0.861308
d36c76c6-e58f-4055-8f5f-cfbfd7defe39,fog,s4,2,0.456537,0.625084,0.631669
d36f53b8-846c-4507-83fd-1bdddf91dd20,clean,s5,4,0.692069,0.814728,0.835754
d37c1430-144a-414f-bef2-41e0943ddab4,gaussian_blur,s5,2,0.735476,0.847141,0.850439
d3862b47-1c6d-4408-8f94-ba35489ed5ae,clean,s5,0,0.593433,0.744789,0.745081
d3871036-4f9d-447b-9f01-1e1c18334c30,clean,s4,4,0.540950,0.664189,0.814992
d38d16c6-8a4a-4043-bf94-f597d6624967,fog,s4,5,0.433098,0.526316,0.769312
d3946ca5-970a-4843-9599-636e59e4ebe6,fog,s5,4,0.761163,0.863407,0.871556
d39c94e0-ba2e-4419-9779-072341ddc71d,clean,s5,2,0.385715,0.553140,0.564670
d3a4e480-8c3a-49d1-b903-ab3a801ba3de,fog,s4,2,0.513857,0.602864,0.870258
d3a65b3e-c1c4-4e93-b121-3884baf4b44f,gaussian_blur,s4,2,0.743491,0.841830,0.922709
d3b351b7-8107-4e46-b985-768efdcc282d,fog,s5,2,0.740956,0.850788,0.854007
d3b6280f-b98d-4b30-a3a8-5d46546f9838,clean,s5,1,0.796475,0.886708,0.886709
d3bf4403-2934-4310-9a82-ecd041f13d9c,shot_noise,s3,0,0.353826,0.414400,0.707652
d3c03959-eefa-417b-b310-6ffd3ebe2d84,clean,s4,4,0.731921,0.841625,0.867867
d3dd87ba-68be-4ee2-9c64-80a53bfbf7e7,gaussian_blur,s5,1,0.586322,0.738584,0.741663
d3e002e1-ebab-4f9c-8609-5b7350efcd3d,shot_noise,s2,2,0.470987,0.485060,0.941973
d3e0d5d7-790a-4647-8e7d-894d84e1f683,fog,s3,2,0.442997,0.469776,0.885995
d3f9b1c5-6bf1-42cf-8b5f-368b8d52d3f0,fog,s5,3,0.432273,0.602442,0.606576
d3fb7bb5-68f9-4aeb-b9d2-daf8161ea5a8,clean,s4,3,0.703823,0.823001,0.844072
d40d5442-8554-42fa-9978-d955ef218224,gaussian_blur,s4,3,0.723485,0.836777,0.856617
d4198fbf-1452-4804-8590-309d1d882a92,shot_noise,s5,4,0.542667,0.702953,0.705536
d422af0e-934c-418d-8664-711c943864ea,gaussian_blur,s2,3,0.492424,0.496183,0.984848
d42d2922-602a-4760-a7f3-5c7014e3f1b9,shot_noise,s5,5,0.260719,0.410801,0.418359
d42d6eae-35e0-42d8-9707-e6a9d52c64b9,clean,s5,5,0.779460,0.875082,0.883920
d43d173f-90b8-4feb-8c5b-2cc0848e10d5,shot_noise,s5,4,0.654135,0.790526,0.792736
d4515dd1-88bb-4227-8919-533489f1d202,shot_noise,s4,0,0.553029,0.702403,0.745093
d471ea19-49a4-4973-a09b-80f35354c0fc,clean,s4,5,0.575428,0.720142,0.767531
d473f2c3-1193-4e45-ae82-795741badeb9,gaussian_blur,s4,0,0.604548,0.748425,0.773885
d48481da-a926-49d4-9dee-1809d6df304b,fog,s3,1,0.520095,0.639096,0.809525
d4856dc7-34c7-4385-b4cb-6b2afc2712f5,fog,s4,4,0.320020,0.478117,0.497813
d497d708-fdb7-4cf5-8581-c179b6435b6f,gaussian_blur,s5,4,0.421593,0.573790,0.638498
d4a226ea-0510-4096-ae41-5e5891c90f9c,clean,s3,5,0.714572,0.815618,0.930664
d4a458ad-c9ff-4cdf-8077-6e98b1c40c5b,fog,s5,0,0.752484,0.858296,0.862053
d4a7f357-af3a-44d5-a622-caad93228053,fog,s4,1,0.569065,0.708279,0.783892
d4b52a6d-3dfc-4368-9307-38d5c9164564,fog,s5,0,0.493320,0.660635,0.660903
d4bd5807-1895-4b67-8bba-59d41770634f,gaussian_blur,s4,2,0.749652,0.851333,0.894464
d4c5cac5-a045-449c-a988-29b546240b77,clean,s4,1,0.651035,0.769503,0.871659
d4c80b32-11d2-43c7-8a89-8b653ca46055,shot_noise,s3,4,0.488358,0.538169,0.911892
d4c9f9fc-ac47-4c7c-8758-afe7f3026ed9,gaussian_blur,s4,4,0.701991,0.816308,0.871712
d4cd427d-217e-405f-bfc5-991f92d6281f,fog,s5,3,0.404794,0.560135,0.613062
d4d1899d-6dd2-4377-8f91-ce2da2068320,gaussian_blur,s4,2,0.656254,0.777149,0.861141
d4daca23-10ad-42d0-be3e-3d886e5a975f,fog,s5,3,0.652452,0.780202,0.832787
d4e31079-0ff6-4997-820b-cb427d988cff,fog,s5,0,0.405459,0.576879,0.577211
d4ea35a5-c172-4958-900e-7a0fe1b96496,gaussian_blur,s5,2,0.722495,0.834974,0.862643
d4f30aa9-2815-4daa-81f5-06159642f3a8,shot_noise,s4,1,0.691646,0.810439,0.856128
d5003687-964b-45e3-bc52-5dfa2202de23,fog,s3,3,0.642571,0.753331,0.900229
d50636ff-3f03-4d13-a854-c9581bcef5a9,clean,s3,3,0.521237,0.613589,0.870812
d5165070-1abd-4280-8a07-f61d19024ce3,clean,s5,3,0.692410,0.817676,0.821419
d51a7aae-2482-4c97-b84e-2eaae90af7b3,shot_noise,s5,0,0.445493,0.616166,0.616971
d52b2b91-2a87-4873-9176-31fa80338d01,clean,s5,1,0.373020,0.439804,0.728209
d552f402-34c0-4c82-a16a-3e399ee33524,shot_noise,s5,0,0.564056,0.708729,0.764342
d55716c3-a949-4ddb-841e-5fff3a334721,gaussian_blur,s5,0,0.500402,0.666560,0.668414
d561e42f-7e11-4cba-84d5-2a1a59c8332d,fog,s4,0,0.640057,0.759875,0.866549
d568a17a-13ae-4514-82a0-516e8aecdc01,clean,s3,3,0.640456,0.743968,0.924789
d5699b47-96b9-42cc-8bff-e39541e4b981,fog,s5,5,0.325930,0.491599,0.491675
d57a396b-a93c-49f8-af19-2794b799c8b2,fog,s4,3,0.440680,0.523464,0.797069
d599cc4f-516f-4c23-8ff2-76daa922f617,shot_noise,s4,3,0.481570,0.555833,0.862272
d5b8285d-9062-4885-9263-7ec204ee9197,gaussian_blur,s5,4,0.654883,0.787866,0.808377
d5b8ad16-d7c2-477b-869c-fb2f8bcb0561,fog,s5,4,0.438208,0.609355,0.609445
d5ca7cfa-50b6-434c-ba4b-e1f7c1f35e7a,fog,s4,3,0.715008,0.825398,0.882087
d5d7ae4c-363c-4dbc-bcd6-44fc39c48f9d,gaussian_blur,s5,0,0.454194,0.624554,0.624971
d5e2d56b-e33d-4505-a3fe-e33a65dc44a0,clean,s4,4,0.564296,0.717592,0.735200
d5ee4a13-995c-4ed2-807a-44056e6e2d55,clean,s3,1,0.542132,0.639766,0.878891
d5f16b4c-ca7b-4032-b5b7-45996210918d,clean,s4,2,0.550386,0.706122,0.723189
d5f22fa7-fc98-4479-ab99-0c4e433a5dc9,gaussian_blur,s5,3,0.774658,0.872972,0.873412
d5f3b613-93b1-4a01-a87f-702d34130930,gaussian_blur,s5,5,0.624158,0.768502,0.768987
d5f494dc-2d16-4f5d-93ba-6fe75594f46b,fog,s5,0,0.721772,0.838369,0.838635
d5f4e2d7-bd8b-4ae6-aaad-ded40dd1e9d0,clean,s5,3,0.765724,0.867313,0.867376
d5f697d4-7813-43a6-95fd-f3cac12606cd,clean,s4,5,0.561772,0.683281,0.833456
d600ba32-21aa-4180-a580-31ee09cd2c16,clean,s4,0,0.612222,0.754375,0.780245
d610d321-6e2f-4f52-959f-c94dd5660b1e,clean,s5,4,0.769577,0.869351,0.873119
d6143e25-5846-4bbc-9095-271448526740,shot_noise,s5,2,0.684763,0.811888,0.818211
d615d41b-c19f-4fe4-bdaf-82884841343c,gaussian_blur,s5,0,0.470618,0.594621,0.752037
d61c8867-f7f6-4664-a813-476c24d37707,gaussian_blur,s3,5,0.276753,0.373504,0.529333
d62ee3b6-64dc-4c5a-b558-ed31f73cddd0,gaussian_blur,s3,1,0.495210,0.564854,0.886554
d62fbeea-b4fa-425e-8c03-1c89ddf4484d,clean,s4,1,0.617223,0.733555,0.874995
d6398b94-8961-455b-a029-423b620732a6,fog,s3,3,0.386257,0.521117,0.632754
d63dd7b2-6345-4a6d-8546-7e9787df7a6a,shot_noise,s3,0,0.469754,0.484405,0.939508
d650971a-868a-48bc-86a4-3cf0557a8f23,clean,s4,1,0.700536,0.820672,0.841904
d657fbad-0211-4e0f-93cf-c1472f00f306,fog,s5,2,0.637595,0.778048,0.781622
d660f1dc-312d-4136-8dfa-ea7140a045e0,shot_noise,s4,2,0.389322,0.528208,0.628784
d6697dea-c5cc-4aa3-9e5d-b73582d45f7f,fog,s5,4,0.610264,0.757509,0.759856
d66a5f1a-11ff-4a8c-9228-42f3ed421475,gaussian_blur,s3,4,0.656590,0.753484,0.951784
d67d6ef3-6e25-4619-a11f-04d3d2bc86e1,shot_noise,s4,4,0.753510,0.848806,0.929704
d67faa03-54d6-4b20-b464-d74bf8596bd6,fog,s4,2,0.620119,0.754584,0.810096
d6834892-53ab-4e44-a3e8-e555af9358c0,clean,s4,5,0.737697,0.836320,0.926835
d68cab69-3bf5-42c0-8481-ce5a8634c81d,gaussian_blur,s4,4,0.328619,0.485714,0.512107
d692b8a6-1352-48a6-a3ce-c0f064476152,fog,s4,0,0.617370,0.750702,0.814459
d69d87d4-cefc-4867-a511-7b91cc278ea7,fog,s3,2,0.625151,0.726232,0.926827
d6bed360-f01b-4485-9d3a-767a53635c6f,fog,s3,0,0.628238,0.734496,0.911723
d6c564e7-b8ee-4aee-8e08-1fe0ee633b86,gaussian_blur,s5,3,0.571615,0.726808,0.729677
d6d6a5eb-5788-4722-802e-04794e348d26,clean,s3,0,0.651853,0.753529,0.934123
d6dbc65f-5a55-4ff5-959f-bf2da2a24439,gaussian_blur,s2,2,0.494013,0.496989,0.988027
d6dddcdd-ed99-4143-bd45-3345b926bf40,gaussian_blur,s5,1,0.439054,0.594616,0.648637
d6df7c17-a6b9-4343-ab7b-28967a9f2220,gaussian_blur,s4,2,0.414038,0.525263,0.712730
d6e51fc3-21f2-42ab-a582-316bca0d9de3,shot_noise,s5,0,0.370926,0.442748,0.717685
d6e6192e-88cf-4d65-9e09-5d25006d004f,clean,s4,1,0.570617,0.699120,0.818000
d6ecd8dd-a729-4339-aa37-dd231f804f36,gaussian_blur,s5,3,0.695398,0.818663,0.829563
d6f96634-4ddd-401b-bcba-abdf65651a2b,gaussian_blur,s4,2,0.650262,0.776017,0.841893
d6fb5555-f348-43d5-87ab-c97632f083ea,clean,s4,2,0.259235,0.408730,0.416816
d6fba443-ebd8-4a40-bfa6-a9e980d729bc,clean,s5,2,0.527351,0.687222,0.701163
d6ff8eae-de53-4566-bc53-e7c02ee252a0,clean,s4,0,0.482469,0.562321,0.853280
d70cebcd-be27-493c-8ac8-db474378ffeb,gaussian_blur,s4,3,0.602845,0.729104,0.837546
d717c136-fc88-44d0-beae-99c6d8c291d2,fog,s4,0,0.778513,0.871068,0.909571
d71929a4-d4af-4d35-9cc9-d4c3720e0812,clean,s4,4,0.494063,0.639970,0.720805
d758e321-246f-4974-b686-dd26b35e66bd,fog,s4,1,0.523107,0.647039,0.799814
d75a5e26-dd4c-488b-9ac9-de23b3ef5686,shot_noise,s2,2,0.693697,0.787425,0.968398
d75ac77b-8abb-4d56-94e2-492093673505,clean,s4,1,0.690756,0.810881,0.849970
d766657a-d4a9-4c28-a03a-fd0dde1ed6a4,gaussian_blur,s4,3,0.441692,0.550551,0.751109
d76ea69f-6d5b-480b-b65a-420b1a0fcb25,shot_noise,s5,5,0.602590,0.747079,0.771557
d77e3a52-4403-4098-8174-395c9789fb13,clean,s5,5,0.421868,0.582036,0.620587
d787cd90-0359-42e8-b4f0-ba60c9a178cf,fog,s5,3,0.208716,0.321173,0.380971
d79345e2-62ba-4988-8ca9-de8d76c26f92,fog,s5,4,0.432144,0.542391,0.737015
d7a1c486-a792-4c2f-962b-8c15870e4334,gaussian_blur,s4,5,0.446994,0.575097,0.718384
d7a8d500-219e-4e8a-a54d-933798166b2c,gaussian_blur,s4,3,0.537418,0.658319,0.818524
d7b6a033-0c35-4475-9165-6bc8c8d12585,shot_noise,s5,5,0.524025,0.674979,0.726779
d7ba57be-51bd-43f4-8d58-32dafb3c0a64,gaussian_blur,s5,0,0.528468,0.690805,0.693748
d7bef93f-c9eb-48c2-ace3-36ba2b1e458c,clean,s4,1,0.556664,0.692296,0.789643
d7c48223-10f1-4bfb-b03e-3e426c1c82cf,shot_noise,s3,1,0.682685,0.781032,0.950219
d7c8e310-f5b8-448c-ac2d-5a4e3ccdea93,gaussian_blur,s3,3,0.426396,0.460274,0.852793
d7c9e418-bd08-4df0-8f8c-a6cc37a1c091,fog,s4,1,0.782189,0.870390,0.934837
d7cb0727-db2f-4b3d-8ce1-dfb1ad5156f2,fog,s5,3,0.768492,0.868265,0.875373
d7cf5d8d-b44f-4704-b941-56650ada9832,gaussian_blur,s5,0,0.679812,0.808712,0.812939
d7de6746-91fd-432a-87bb-626a8147da64,shot_noise,s4,0,0.673180,0.799593,0.830012
d7e11807-a5ca-4220-99c5-81592fe89958,gaussian_blur,s1,2,0.494348,0.497158,0.988696
d7e5a124-0b9e-441c-b3f3-322e163ca555,shot_noise,s4,1,0.726137,0.836064,0.873548
d7e5e5d3-7a63-4dd0-89ea-624441dc08a5,gaussian_blur,s3,1,0.587295,0.668047,0.956736
d7ecd005-1cee-4cbe-8fa9-f498b338d1f0,clean,s5,5,0.460551,0.622066,0.653376
d7edb1f2-3fd8-4798-8c8f-41d703eca64d,fog,s2,1,0.486149,0.492977,0.972299
d7ee2d72-0c07-4f90-b738-f06f94def6fb,shot_noise,s5,4,0.822001,0.901914,0.906299
d8069cca-666f-4202-9c83-a4baced847a9,gaussian_blur,s5,0,0.668695,0.800929,0.804117
d80d6d0c-52e7-4ce8-970f-0c0ef208d82e,gaussian_blur,s3,5,0.295454,0.415104,0.526299
d812bf23-395f-493f-a0ff-c03e1ce47ca9,gaussian_blur,s3,5,0.612616,0.715300,0.916012
d812da0c-1820-4146-ab1b-9e683aa0cf71,clean,s4,1,0.613891,0.739941,0.840811
d81f545a-42b8-4884-87ce-c96145ffcf91,shot_noise,s5,5,0.213571,0.342385,0.366549
d82a93e7-bfc0-4903-84ee-da02185485ef,gaussian_blur,s5,4,0.424672,0.595865,0.596917
d82c6b77-c08c-43ea-87cc-950a439d9726,gaussian_blur,s4,0,0.732068,0.840196,0.877319
d832ba6e-12e7-401a-9b29-3dde3f28c400,gaussian_blur,s5,4,0.575675,0.722097,0.761668
d836f977-bc0a-4632-9b26-6ebd86abb5a1,shot_noise,s4,0,0.271871,0.400824,0.472058
d83b160b-1d8c-4664-a659-03da76c1faf1,gaussian_blur,s5,0,0.708740,0.828181,0.837493
d83ebe59-318c-41e4-87ac-005d39fca5a2,gaussian_blur,s4,2,0.591606,0.701306,0.884360
d842f8ae-1079-4087-abe6-bb38ed4f9bd5,shot_noise,s5,4,0.541229,0.698923,0.713664
d865801e-b741-4ec7-bd34-15e904c307d2,fog,s5,5,0.662818,0.796959,0.798523
d888ab1a-100f-46a1-aef5-0859e0e63127,clean,s5,3,0.373316,0.526987,0.578942
d8891296-16ee-41c3-b39f-bd89356065cc,clean,s5,5,0.375889,0.483082,0.668875
d88ebbc4-983e-4616-af16-1bae38f488aa,fog,s4,1,0.587484,0.688304,0.906464
d8977e25-8d6a-4e01-9874-48fac8ef4797,gaussian_blur,s5,2,0.459769,0.613389,0.672679
d8b2b90b-986a-49af-86f2-b03fb1568eb7,clean,s5,1,0.454778,0.607839,0.669540
d8b6f049-651a-43af-b3cf-bd8e246bbe93,fog,s5,1,0.611834,0.755217,0.775355
d8c6fef9-aade-4872-ba75-bf128843bb8c,clean,s4,2,0.702111,0.820308,0.851036
d8c7d365-0dd7-49a9-9a49-8f4da073a605,shot_noise,s5,5,0.689938,0.816524,0.816530
d8ceb65e-5847-4c45-9641-3567e639cd58,shot_noise,s5,2,0.596171,0.739089,0.777328
d8d16f2d-ec28-43e8-8e71-4fc4ea052487,fog,s5,0,0.677566,0.802792,0.833174
d8d29960-dfa4-48ab-8cab-3b6bcedb268c,gaussian_blur,s5,4,0.620588,0.762918,0.778373
d8d485c6-b1f4-4c20-8ec7-4cd9cc7e53d8,gaussian_blur,s3,3,0.581196,0.704229,0.839629
d8e0cc4a-b67e-4df6-89b6-964dcd02ba75,gaussian_blur,s5,4,0.527832,0.673441,0.744589
d8e40b40-be9e-449f-83c1-21b245a4a21e,fog,s5,2,0.505320,0.670199,0.674955
d8e73f35-980d-49fe-9e62-ce91dd3e83d4,shot_noise,s2,2,0.494789,0.497381,0.989579
d8ecf492-a431-4e25-9a64-c32c4ed7f488,clean,s4,1,0.801018,0.882151,0.952016
d8eefc0e-fea4-4066-814b-3cfa93e7edf7,shot_noise,s4,5,0.842693,0.910587,0.959872
d8f517ac-a298-44a2-b4b1-3e3503170358,gaussian_blur,s4,1,0.795072,0.881397,0.923288
d8f58b0e-7203-4cfd-867e-03ad7aa06869,fog,s5,0,0.517795,0.678121,0.695279
d9018ef3-5e00-48e3-9c9d-d4a7ba27d416,fog,s5,1,0.346585,0.512568,0.519261
d9026d76-7fb5-4575-89f4-510424cfe9f0,shot_noise,s5,2,0.248939,0.332389,0.497877
d9178b00-48c8-475a-9843-ed844e58106f,fog,s5,1,0.509335,0.672285,0.682934
d92939f6-2c82-490a-8f36-30137b0acc6c,shot_noise,s5,1,0.162769,0.251651,0.317808
d932793f-4569-48a9-8aa0-010b0293872e,shot_noise,s5,3,0.306131,0.467129,0.471821
d964c0bc-9c4a-4a6e-a535-bad8dc90474a,gaussian_blur,s3,5,0.462432,0.480483,0.924865
d968d325-35a5-459d-8c6b-a44ecb524461,fog,s4,5,0.405392,0.447753,0.810784
d96a85f8-4580-4e55-9b9a-5687fd64f8cc,clean,s4,1,0.498721,0.657929,0.687745
d972a6d8-b45e-4c5a-901d-43946492154c,fog,s3,3,0.632097,0.745028,0.890496
d9757898-027d-4c8f-a91b-d48403ade371,clean,s5,4,0.394275,0.554497,0.590400
d98116c3-e9c6-4606-a164-4c28dabdc909,shot_noise,s3,1,0.621388,0.735511,0.883611
d982e848-1a3c-49ec-941e-042e31472939,fog,s4,2,0.673081,0.782749,0.905184
d99801c8-8fbe-4522-ad67-8b6772af68b7,clean,s5,1,0.450640,0.620861,0.622453
d99ee5a3-632d-441e-b5a4-0c51369a8008,fog,s4,4,0.414805,0.578352,0.605413
d9a6a0a2-52f6-4491-ac53-e69eb75e25b8,clean,s4,3,0.744649,0.846485,0.900229
d9a9a66d-e72f-4844-9e16-29874da1fd10,shot_noise,s5,5,0.615838,0.761614,0.764928
d9b8813f-020e-4516-a1b5-4545d211dc39,shot_noise,s3,5,0.670375,0.764925,0.963207
d9c0ff25-6883-464d-b090-43dd5ff8feb1,fog,s3,4,0.346448,0.468520,0.601330
d9dcb98c-b029-4b06-a77c-8779ad54e35c,shot_noise,s5,5,0.496846,0.662880,0.666757
d9dd899d-b69a-4281-aed4-23430ba0b275,fog,s4,1,0.461329,0.577137,0.759664
d9f4ac86-a7c1-446f-8b2a-08152f64fba2,clean,s3,2,0.732574,0.825382,0.961707
da0293bc-d96f-4269-a1c8-a474e6d5a7c8,gaussian_blur,s5,1,0.469037,0.638029,0.640043
da09663f-6e59-4126-85e1-ef2d1984e862,gaussian_blur,s5,1,0.575296,0.730042,0.731713
da1577c6-d068-443c-84ca-59c9407fb06a,clean,s4,4,0.551526,0.672405,0.828597
da3a2db0-09ea-47d1-b62a-6701f73dc831,clean,s5,0,0.674997,0.805653,0.807587
da3b8196-af0f-4568-8d5a-b1d39dc5070b,gaussian_blur,s4,1,0.351949,0.520162,0.521679
da61999e-747d-47ee-9168-d3895a2726b2,shot_noise,s4,4,0.804903,0.887612,0.930123
da6e9c03-d489-4b98-b896-e07c72657d98,gaussian_blur,s4,1,0.660295,0.780762,0.862140
da7b9803-50e1-475f-afe4-1f37bcd1198b,fog,s5,3,0.389069,0.559279,0.562247
da87e68c-1053-4802-b099-65ad6250a92f,shot_noise,s5,4,0.657604,0.787299,0.822304
da946805-dc01-40dd-a78d-3558561919e5,gaussian_blur,s3,5,0.676121,0.780803,0.925227
daaf6077-20b0-447b-ae46-6484e30d8e5c,fog,s4,0,0.650722,0.768945,0.872649
dac3a926-f58d-490c-96ee-ec0ce1f2398b,shot_noise,s3,5,0.462648,0.509314,0.883904
daca4171-4542-435c-b304-8ebb4a268cd8,shot_noise,s4,1,0.619064,0.738130,0.866251
daefeee5-d625-421f-8dcb-2854a0d03ca8,clean,s5,3,0.493607,0.658862,0.667109
daf07cc5-d11f-4b32-a46d-09dfadc924e3,shot_noise,s4,5,0.553030,0.696653,0.763429
dafbbb74-a577-439c-a3fc-59857731c97c,fog,s4,0,0.748577,0.854574,0.867484
db0db110-4607-4d7c-bbbd-ec6f73c3c41b,gaussian_blur,s5,0,0.706298,0.827217,0.831661
db191e57-d3eb-4153-a509-235acd45d29d,clean,s5,1,0.650830,0.787890,0.791312
db2147c9-7285-474b-9cc8-619916359746,clean,s5,0,0.567682,0.724181,0.724413
db238fac-98e0-45f8-9881-6ccbda9c2170,fog,s4,4,0.420402,0.562261,0.659765
db275b22-0886-4a62-be40-93a48ccecfd6,gaussian_blur,s5,2,0.701327,0.824321,0.825165
db2fd1fb-30bf-4fd1-a26f-230cdfb48ea4,gaussian_blur,s4,2,0.562716,0.702505,0.779576
db32d4dd-bebd-45bb-a67f-ae8556184695,fog,s4,5,0.646740,0.763908,0.876846
db361a40-061d-429a-96a3-2806b0e09f78,clean,s5,4,0.570306,0.725617,0.729080
db3b96eb-2ef0-4e4e-8922-6939a1e2bbd7,gaussian_blur,s4,5,0.577974,0.728694,0.746773
db4adda3-a93b-4671-891a-91861dd85179,clean,s5,1,0.491471,0.659034,0.659067
db550d2c-5f6a-4f40-9e1a-9d3ab6fa7ca9,clean,s5,1,0.757532,0.862035,0.862078
db61ce33-24a9-4280-b7bc-3d0468f8a42d,fog,s3,0,0.541319,0.645115,0.863856
db7b96e6-c947-4c63-9097-a5b46f12add3,clean,s4,2,0.534204,0.672728,0.768699
db88aa83-04b0-4809-9547-ef51aba291c6,clean,s4,0,0.757516,0.853565,0.919844
dba47164-9bf0-4a6e-ac66-26b05b019994,clean,s5,2,0.799167,0.887895,0.892645
dba60a5a-68f2-49f1-87be-03e672f35230,gaussian_blur,s4,4,0.562812,0.699475,0.789403
dbadf0d0-400d-433a-b3e4-12a1ae1cf177,clean,s2,5,0.279757,0.360507,0.557135
dbb5ca08-692b-4375-b514-6f60052d1525,fog,s4,5,0.441742,0.612640,0.613175
dbb9c2b5-2baa-4257-9bc2-6bda96441f9a,shot_noise,s4,0,0.607019,0.753839,0.762042
dbdae14d-b476-49f1-9b36-6d3d3f6d13e3,fog,s3,5,0.475029,0.507025,0.922139
dbe1304e-d85b-4d36-aa19-5a3074fb6021,clean,s5,0,0.354862,0.502675,0.566384
dbeba3fb-9b56-445d-9a4a-9be0d9e1169b,clean,s4,0,0.562032,0.705731,0.766805
dbf2935b-73f6-42a3-955a-f7d32e42dc30,fog,s5,3,0.542236,0.702045,0.706997
dc088cce-c926-412f-973f-8058088a65b0,gaussian_blur,s4,5,0.500645,0.619266,0.793243
dc1b32df-913c-47e4-87dd-ca32c00a7427,clean,s4,0,0.473426,0.636858,0.658485
dc1b71c9-14fe-45c6-b9b6-fe8f71a57173,gaussian_blur,s4,2,0.591288,0.731155,0.787798
dc31a393-8c64-4caa-ad6e-788e5267693b,gaussian_blur,s4,2,0.365636,0.510070,0.587348
dc33820e-3c2e-42ca-a489-edb7442a408a,gaussian_blur,s5,0,0.698477,0.822242,0.823783
dc41e65b-fa75-46b8-b1d4-78b4f852f5a1,fog,s5,5,0.569413,0.725633,0.725659
dc50a880-f444-42a9-88c6-2cf9135f8d52,shot_noise,s4,4,0.760620,0.854193,0.931547
dc634837-d127-44dc-ba96-c6ef99aac355,clean,s4,3,0.541504,0.633975,0.889959
dc6757df-bcc4-4ca1-8c98-fc38bc56cddc,clean,s3,3,0.592529,0.685607,0.930301
dc68a0b3-e02a-4032-91ba-c5c7a9c4dc72,gaussian_blur,s5,4,0.490541,0.658112,0.658479
dc6e02e7-3c8a-4cb7-a445-268b468f9a1d,gaussian_blur,s4,3,0.542627,0.701046,0.711754
dc6e7dd0-626b-424d-a0d6-cc2d1f70a97a,shot_noise,s4,4,0.263891,0.413383,0.424747
dc76cebe-39d7-4a50-bb64-ce1d1a3b14bf,fog,s3,3,0.468010,0.542744,0.845081
dc79c271-112f-423c-b02e-aa941cd09981,gaussian_blur,s4,0,0.553968,0.689961,0.787195
dc7ee839-09d9-4ea6-8ae0-d8288f2df410,clean,s4,0,0.616468,0.731103,0.880368
dc8464d6-e814-48ff-90fa-8f71040a62db,gaussian_blur,s4,5,0.747912,0.849055,0.900317
dc945a84-dcc4-4a21-945e-ed788f8e9e35,gaussian_blur,s5,4,0.639583,0.778793,0.786437
dc947c17-2ce4-44b2-abbc-7038f9d05fa5,shot_noise,s4,4,0.702523,0.821651,0.845580
dca4fb69-7168-42eb-a50c-2b12f0cc6bf4,clean,s5,1,0.815673,0.897737,0.905742
dca5922d-29ca-48b3-8ec6-eba4675927c7,fog,s5,2,0.707483,0.828634,0.828981
dca9cc37-d605-40da-9c1d-99326aca64f8,fog,s4,4,0.679318,0.796315,0.871514
dcb2e94d-19c2-4f4d-8bf8-fdd9078e8bbe,shot_noise,s2,3,0.493693,0.496827,0.987387
dcb53a7d-5dae-4123-b796-aa99bff554ba,gaussian_blur,s4,5,0.577030,0.725505,0.754702
dcb6878e-f579-4eb2-8339-e63942b85573,gaussian_blur,s5,1,0.435322,0.605467,0.609414
dcb73b05-9bf0-484e-9e47-c8fb26c1f089,clean,s3,0,0.283939,0.391002,0.526519
dcbc6616-136a-4c91-b9d3-8eee6e06cfdc,fog,s4,2,0.324208,0.457002,0.549813
dcc2756f-3e68-4f23-8d37-87972341a23a,gaussian_blur,s4,4,0.479307,0.643935,0.659477
dccec4cb-aaa3-4d7e-a21b-c4a27f62b03e,shot_noise,s5,3,0.379717,0.549868,0.551669
dcd0ef90-ccbf-4da5-99df-20c04be62af0,clean,s4,0,0.794412,0.883421,0.902653
dcd1c9b3-a3ff-4c26-a7c2-f826b49a823b,shot_noise,s5,2,0.763435,0.865349,0.869573
dcd6063a-40f6-404c-8551-0fb6fa5ed6c1,fog,s4,5,0.395958,0.536592,0.633540
dcf2f979-ad5e-42c2-9285-ec7708e76ca3,gaussian_blur,s4,5,0.520501,0.672232,0.722512
dcf61108-2a4b-4aa4-b400-9749bd9677fb,fog,s5,1,0.291185,0.432047,0.484468
dcfa5e4f-9ef5-496d-947d-f9d1b9992016,shot_noise,s5,4,0.461137,0.631169,0.631296
dcfd4689-b48b-4c3c-8d8c-bfe48ae4ef07,gaussian_blur,s4,0,0.452892,0.584330,0.717515
dd0047ab-542e-4f10-947c-61a883f2a99d,fog,s5,4,0.547686,0.707703,0.707904
dd0fe28f-36e7-4b19-9c71-7b78d92e2a20,fog,s5,5,0.745140,0.853528,0.856911
dd1a1334-189d-4f5f-a71d-136fb0842871,gaussian_blur,s5,1,0.412724,0.545473,0.669707
dd341e5b-af8d-44ab-b9d8-189c7836a431,clean,s5,1,0.726955,0.837295,0.870144
dd42100b-78af-4e08-a9e5-f738c97eff76,fog,s2,3,0.262046,0.347950,0.518517
dd43ecc4-9298-4503-bf88-1446575c1150,gaussian_blur,s3,5,0.585423,0.698489,0.871232
dd4f58ac-a1d3-490b-b2a4-c4fbb94b36dd,clean,s4,2,0.548192,0.683621,0.785766
dd5bb3f4-3d25-4a57-b337-02e2a9312411,shot_noise,s4,0,0.316461,0.472343,0.496757
dd69f8fc-691d-4ab5-a29b-f311b4c49bbf,fog,s3,2,0.497762,0.568721,0.887160
dd752018-6142-41bf-a16e-55208bbda14e,fog,s3,5,0.536895,0.638736,0.864589
dd8b03c7-0b2e-4478-affa-4199ec19787c,shot_noise,s4,0,0.698215,0.811702,0.878537
dd8bb294-2261-4574-bd8f-47b10939a358,shot_noise,s4,3,0.457016,0.615466,0.658187
dd95b1c7-ebab-42f2-9ccd-a793894d0af7,fog,s4,4,0.662680,0.774912,0.895797
dd9a66af-8d37-45fb-842c-29385fdad739,shot_noise,s5,4,0.623713,0.764340,0.784869
dda1057f-0937-4144-a6c4-5bf7a243ccd7,gaussian_blur,s3,4,0.529769,0.657471,0.795210
ddb13f4a-11ba-4c29-882f-335d8ef8bb5b,clean,s3,2,0.729933,0.826475,0.944222
ddb5e91a-6cde-4890-95c0-5994be9ce8f9,fog,s5,4,0.598432,0.748379,0.750341
ddc11abf-eed4-46c0-82f0-2a710e8ad164,shot_noise,s4,1,0.787970,0.877416,0.914024
ddce1674-de36-4ece-90dd-71bbbd61c96d,shot_noise,s4,1,0.615815,0.738918,0.851541
dddd50d6-f0c9-4435-927a-3b0f44fed9d9,fog,s5,2,0.458601,0.612220,0.671640
dde864c6-7c02-4a44-9958-d1e8ab727465,clean,s5,0,0.661442,0.795905,0.797802
ddf1810a-3d0a-42de-b774-d486686508a0,fog,s4,1,0.458684,0.542506,0.817746
ddf4286a-314f-4088-8c05-9c4525d2e633,fog,s4,3,0.416058,0.558161,0.654320
ddf5397e-d14e-46ea-bfa1-039099e968a1,clean,s1,2,0.493782,0.496871,0.987564
de075d74-5c2e-44ab-bfe7-989a839ec91f,gaussian_blur,s4,0,0.814757,0.895498,0.921142
de0df803-2af3-407a-a92d-2fe5d5326220,fog,s5,1,0.546327,0.706609,0.706625
de0e76f2-b4d8-473d-a337-05ec306e1689,fog,s5,4,0.391440,0.553904,0.582222
de17170e-0f7c-4970-8bab-c33a020a48be,shot_noise,s3,3,0.679511,0.784456,0.923867
de261575-4b85-4daf-ba60-ed36da32a10f,fog,s5,3,0.640439,0.780538,0.782072
de2a982d-68d3-4a58-a95c-bd775d029df9,shot_noise,s5,0,0.779460,0.875082,0.883920
de3062a4-6a9e-41e6-9787-b8c702e17fc3,gaussian_blur,s2,3,0.485789,0.492792,0.971579
de327714-d8ed-4138-aef4-5cef9044539a,gaussian_blur,s5,1,0.351221,0.489159,0.579952
de35a08c-8acb-43e7-9564-50b4fbc04cd1,clean,s4,1,0.634415,0.745904,0.896024
de3ffc1e-42fe-4c48-840e-a0e088e5943c,fog,s3,0,0.640456,0.743968,0.924789
de618e31-46d6-4afa-9d34-d72298635118,gaussian_blur,s4,2,0.409645,0.527151,0.695515
de6a8e4f-9c44-49ee-8dfd-f0e787209516,gaussian_blur,s5,0,0.473840,0.640989,0.648603
de6d0060-93f9-4ca0-a853-ec4fa31177b2,shot_noise,s4,2,0.738243,0.837345,0.923605
de7362c7-59f1-4d5e-bca9-ae5d86457d80,shot_noise,s5,4,0.686238,0.812240,0.822917
de76ab64-357f-4e10-a6ac-adcaf6142b28,clean,s5,4,0.547475,0.701091,0.729253
de770117-b38d-46e0-ab96-e2782425da5f,shot_noise,s5,2,0.638259,0.778495,0.782337
de8b2b3c-391b-48c7-977b-150348dc3db3,gaussian_blur,s5,2,0.446418,0.616414,0.619515
dea544d3-5cd0-47bc-9ab1-92c2008852ea,gaussian_blur,s5,3,0.553817,0.712836,0.712885
dea7976d-7893-4d1d-94e2-7c7ffce945f7,clean,s5,2,0.697671,0.821915,0.821921
deb92f6a-1077-42be-83cf-271349df8cf2,gaussian_blur,s3,5,0.604174,0.705447,0.915552
deb9a82d-9592-4a76-b770-3f31ee773978,clean,s4,3,0.272928,0.428738,0.428960
deba7bf4-64bd-45f2-8f5a-58c2e1f0a8d5,shot_noise,s3,3,0.795714,0.876845,0.962498
debd8462-5fd0-4f79-ad91-08254c1704c6,gaussian_blur,s5,5,0.723230,0.837675,0.849946
debdda6a-24aa-4c0b-a3ac-76903f0587ba,fog,s5,0,0.550517,0.709872,0.710919
dec71613-a52c-4c52-a45b-15f76f6adc0b,shot_noise,s4,5,0.252326,0.400796,0.406603
dee06ebf-d204-47c0-9f39-2f9d2947d987,fog,s4,2,0.750862,0.853708,0.885030
dee25d27-def5-42a5-b761-89555f59665f,clean,s5,2,0.652207,0.788068,0.796245
def3bf8f-6901-4a57-83df-550dacc4b8c2,shot_noise,s4,5,0.667569,0.782678,0.883341
def92ac6-5bd1-41f0-9986-13bd983761bf,shot_noise,s3,0,0.529670,0.657891,0.793775
df00e706-941a-4d59-a5f2-0e0d7a2abc4a,clean,s4,3,0.452892,0.584330,0.717515
df09e6db-f716-4534-99b7-72ff27c02ad4,clean,s5,3,0.435860,0.606059,0.609765
df0aba92-87c6-4c0d-acf3-54fcf846c117,shot_noise,s3,1,0.484372,0.542945,0.892608
df19b887-1cf1-4d11-ae5d-c4bb9a7d5871,shot_noise,s3,2,0.622020,0.728061,0.910048
df2588e5-024c-43f8-8516-c9cd72f2d86b,shot_noise,s5,3,0.738313,0.846242,0.870379
df2d06ad-afce-44ff-8f98-ab48ed3850a1,gaussian_blur,s4,4,0.791534,0.878919,0.922617
df2e0c11-d944-4c51-83b5-8d17eb5e8a8c,clean,s4,1,0.656972,0.781796,0.844229
df426005-e7e7-4370-8383-0f9371070884,gaussian_blur,s5,5,0.725340,0.831409,0.896559
df44dd18-047b-4b12-a95d-66b3b79b5601,clean,s4,2,0.730283,0.830621,0.923813
df47eb30-486f-442d-8b6f-65c8571816ec,fog,s4,0,0.708531,0.809632,0.933263
df4a384a-4d6b-49e5-99e4-e2987e9160c4,clean,s3,5,0.468072,0.483510,0.936144
df56b5e9-4a73-4afd-9dd2-fe6c8eb8f7ac,gaussian_blur,s5,1,0.546465,0.705879,0.709616
df5aa777-ae58-43c4-929e-12511d32dfcd,clean,s4,5,0.715576,0.824588,0.889070
df62f62b-a7ae-420e-9faa-f58dc44e0ade,clean,s5,0,0.715825,0.830274,0.858571
df6743ae-a2b4-4075-9c41-cde723f8b41d,clean,s5,2,0.640578,0.769927,0.828687
df6b6207-e73d-4623-9147-cbacb9340445,clean,s5,4,0.396383,0.548169,0.611015
df6eb8f6-2c5a-4bbf-9f1f-48d7f44bb217,fog,s4,3,0.698627,0.815547,0.860699
df7141e2-0863-44e8-9cd1-70672525ee63,gaussian_blur,s5,5,0.590730,0.742452,0.743739
df728447-f77a-4ada-9b44-2dd0d5c1e001,shot_noise,s5,0,0.777412,0.872604,0.891760
df78a531-4a10-444e-853e-c3d66c10b44d,clean,s5,1,0.453101,0.514598,0.848261
df79e75d-f284-4e2c-b9ab-d8836ff0683e,fog,s5,3,0.307099,0.441257,0.521147
df8fdc5b-2d43-4fad-8bbd-9fd1c576051e,fog,s5,5,0.270977,0.358000,0.532960
df9129d2-8d9c-41aa-9fa6-078229d29987,clean,s3,3,0.658509,0.755797,0.950937
dfa04571-08f2-4b50-b3cb-f505db65c656,fog,s5,2,0.464139,0.620431,0.669785
dfa3036e-3c5d-4cbd-869d-a39926d92364,fog,s5,3,0.562391,0.718920,0.723435
dfa4fad4-35ca-49dc-aa34-e088257e3fd9,gaussian_blur,s5,5,0.706911,0.826563,0.838267
dfafa819-20a4-4cf8-b505-e218f5d11176,clean,s3,1,0.476908,0.609546,0.738721
dfb13f9c-91a1-446f-9211-6496c0b59223,gaussian_blur,s5,2,0.572109,0.726359,0.733177
dfbeebf1-dec9-4be4-9f31-f1ae9676519b,gaussian_blur,s5,1,0.536180,0.697735,0.699173
dfbfa1f0-d65e-43e5-b4ff-dacafeb82e15,gaussian_blur,s3,2,0.490056,0.534314,0.922871
dfd449a3-e873-45ea-8f94-9034f88c3797,clean,s3,3,0.286274,0.391821,0.532762
dfd56d58-1e06-42ac-8944-49b07d429155,clean,s5,2,0.743348,0.852319,0.855920
dfda7dcd-61aa-4b15-901d-41bda8dfd83b,shot_noise,s4,0,0.851714,0.916330,0.962816
dfe57f47-c359-45b1-a2bf-9b7613a022df,clean,s4,3,0.467943,0.608107,0.712677
dfe89194-83b1-4277-a8e1-764e7515907a,shot_noise,s4,4,0.605057,0.723719,0.863320
dfef97a7-132c-4f43-a91d-872e8c0949a1,clean,s5,0,0.709771,0.827001,0.849048
dffeb8ad-eb41-4e54-831f-0f07faecca32,shot_noise,s4,0,0.554740,0.693048,0.780605
e0075bf9-89a4-4456-bc88-c3fa07a9d77e,clean,s5,3,0.473974,0.643069,0.643279
e00ca582-005c-49c4-ad36-e786491d4148,clean,s3,1,0.517756,0.621761,0.842229
e01769a9-7463-43dd-ab1d-bc0ca61f2e11,fog,s5,3,0.608048,0.750720,0.778461
e0201ab3-744d-4baa-b81c-979951067292,fog,s4,5,0.687173,0.798842,0.892848
e0289336-6025-4a38-a76f-84f367ac7180,clean,s5,3,0.488054,0.633131,0.718198
e03d30a1-e5aa-4974-9203-95312e294452,clean,s5,1,0.485116,0.649258,0.664840
e049aa95-aa9e-45cc-9e93-5ae7c0556d38,fog,s5,5,0.522447,0.685451,0.689105
e04b78a5-0b81-4b98-8fa3-70ac8573ef64,clean,s4,4,0.299407,0.460056,0.462283
e04dcc23-c8e9-4482-8b8a-e8dfc2c60331,clean,s4,5,0.418045,0.534842,0.707342
e04dd755-a74d-4a7a-91b1-b7a65a44e611,clean,s5,0,0.459290,0.514756,0.865877
e0585276-6db5-4ca6-88bc-f6c5718c3707,gaussian_blur,s4,5,0.574235,0.717232,0.773072
e0657427-fce1-4c3f-8198-30b4096b2ebe,clean,s4,2,0.436790,0.587040,0.658782
e088d6b6-9776-4cc0-ba02-63329fc6a1a3,shot_noise,s4,5,0.729015,0.836783,0.883030
e09777f3-1b29-48d6-82a7-a204bbbc6708,fog,s4,1,0.548147,0.697668,0.742747
e0985f97-d90f-4366-b51e-2d54bdf785fd,gaussian_blur,s2,0,0.486043,0.492923,0.972085
e0a3ad58-adfc-4b67-ab61-6dd84d0db6c0,shot_noise,s3,3,0.427794,0.563908,0.680251
e0a712b9-8cc0-4297-864f-3c1baa0c2c27,fog,s3,0,0.714572,0.815618,0.930664
e0abe8fd-ba28-4bfb-b4f3-3e46047875f8,gaussian_blur,s4,1,0.283325,0.429562,0.462560
e0bd58ef-c1a1-41fd-b571-c5d2f4f16828,shot_noise,s5,4,0.747292,0.855317,0.855749
e0c63f20-9626-42f0-9558-c975b032bfd5,shot_noise,s4,2,0.575911,0.726820,0.745803
e0ca29a4-480f-4791-acac-8d2a9676ac8b,gaussian_blur,s4,0,0.567258,0.700192,0.802919
e0cb35a0-d6aa-4a75-8b95-31a8297b3ed8,shot_noise,s3,1,0.468072,0.483510,0.936144
e0d097d4-58b2-41d9-827d-55b6387b79e4,shot_noise,s5,0,0.622692,0.764841,0.778704
e0dd91f2-0053-4eb6-accb-9a637f70d86b,shot_noise,s5,3,0.668424,0.800604,0.804576
e0e6b4c6-5a88-458b-a4dc-f1a14df8bb8c,clean,s1,5,0.454856,0.510444,0.859894
e0eef9c6-c420-4535-a98f-118a5684efdc,fog,s5,1,0.218743,0.317421,0.419829
e0f46771-29fd-4646-8745-5c889a91df34,fog,s4,3,0.760115,0.859925,0.890736
e0f9dbd1-1847-4676-9d16-e55478129719,shot_noise,s5,3,0.334985,0.495685,0.514091
e112b052-2665-415b-9fda-f539cca1bfa9,fog,s4,4,0.689470,0.814511,0.825287
e118a51e-f5b1-4022-b810-c8e6cb39f71c,shot_noise,s3,5,0.297410,0.400037,0.555856
e12af5dc-93a0-474f-97f4-36ed9b36d044,gaussian_blur,s4,0,0.522838,0.646917,0.799232
e137dbcc-b1ed-4f2f-972d-1e79d3218b49,shot_noise,s2,3,0.485601,0.492695,0.971201
e1508064-2a6d-4b23-949a-3c6ee10ec6e5,fog,s3,4,0.357992,0.493267,0.594275
e1512bbe-d73b-4502-b826-0d57d3ee592b,shot_noise,s5,3,0.691933,0.812836,0.845083
e153d00a-e270-4b6a-b9aa-271b7ed3796f,clean,s5,5,0.500798,0.648441,0.721235
e15b7d19-bcfb-4864-9f19-f5adba66b56e,gaussian_blur,s3,5,0.486634,0.534381,0.913039
e16630be-768c-4830-b42f-81af2de20e22,clean,s3,0,0.357598,0.482640,0.612187
e16bd734-7d65-4f55-b5a3-281e1e4e4773,clean,s4,4,0.591101,0.722391,0.817278
e1804ff8-7035-44c8-97cf-6b1280fad7eb,clean,s5,0,0.499199,0.663879,0.672128
e18a85f3-3cae-43b8-9773-025aa686aacc,gaussian_blur,s4,0,0.519007,0.673710,0.712896
e199b71b-a539-4ab5-947c-3e192ce6f413,shot_noise,s3,3,0.504723,0.565129,0.913964
e19b4648-ac32-4d67-8ca4-9c6a5c0f3f13,fog,s5,3,0.480228,0.642816,0.665770
e1a085c6-0180-4b6b-82f7-a11f9e22ed83,clean,s1,5,0.486091,0.492947,0.972182
e1a71f95-6886-4d95-a83b-056369589a2c,gaussian_blur,s4,1,0.854404,0.918340,0.960021
e1adbbe1-7307-407a-bb63-121978a6a645,clean,s5,2,0.480079,0.618271,0.728491
e1bae55d-af35-45f5-9670-62362023ad69,fog,s3,3,0.590645,0.695061,0.898704
e1c2a6e9-c20e-4d35-b2df-900dda007130,gaussian_blur,s5,3,0.387052,0.481563,0.705710
e1cf1380-a4cc-4154-b322-b76f0e507a02,gaussian_blur,s4,3,0.552408,0.705389,0.733029
e1d2f2bc-24b6-42be-ba4a-b61e07079c02,shot_noise,s5,5,0.659875,0.782809,0.851634
e1db5d89-ec24-4588-b90b-7ae7b6d8c80c,fog,s5,4,0.615981,0.760407,0.770517
e1e34750-8348-4684-8f0b-38a3241f02c2,clean,s5,2,0.702082,0.821953,0.841904
e202524e-321b-4249-a716-ed71df975b30,fog,s4,1,0.622667,0.728160,0.912036
e202f6dd-62da-47e3-aee7-d3181ffc9ce0,fog,s5,4,0.311742,0.449818,0.521642
e2053a92-cd79-4382-ac42-654e00ef3a8a,gaussian_blur,s1,5,0.485758,0.492776,0.971517
e20abc74-b84c-4272-88ae-f3438dd7a4f1,clean,s4,2,0.781155,0.874151,0.900828
e20edacc-ad7d-4d3c-b46f-32de14d09d50,fog,s4,5,0.688882,0.798683,0.900733
e217f95c-8e06-480c-951d-4442c4f3699f,fog,s3,1,0.173805,0.277179,0.322370
e2189d30-efbc-4349-8380-e1d89cb8ae73,shot_noise,s4,0,0.775978,0.870670,0.898527
e2405422-0392-42fc-9254-6816bf4dc265,shot_noise,s3,4,0.475044,0.487202,0.950087
e252c45f-21c2-409e-904d-5c45e05ec7bf,clean,s4,1,0.638083,0.760574,0.856270
e2683bd5-0f58-444f-b741-f76e108404bf,clean,s4,0,0.606356,0.726399,0.859285
e279680d-141b-43dc-bfbf-e4aacbf1d101,clean,s2,2,0.494013,0.496989,0.988027
e284a251-be35-44f3-b657-c52539cc90cd,gaussian_blur,s5,5,0.433451,0.589716,0.641448
e28f9849-2ecf-4680-a38a-5ae1141c1f82,fog,s5,3,0.347433,0.447986,0.638357
e29602ff-a143-4573-96e9-e2329f5cf080,gaussian_blur,s3,2,0.439704,0.555511,0.735272
e2ac348e-6ddb-4f03-88d1-a09aaba6dfc0,fog,s5,2,0.576465,0.730720,0.733637
e2adf068-3f77-495c-be42-67d86ffed6ce,shot_noise,s4,4,0.246487,0.390893,0.403039
e2ae050f-ae1a-432f-a7e3-7a561cb5d455,fog,s4,1,0.388598,0.530808,0.621273
e2ca3eb1-d118-499b-a521-701169c2f1c8,fog,s4,5,0.588555,0.715711,0.829931
e2d5602a-500f-4e8a-b305-40b7feb29ed5,shot_noise,s5,0,0.711882,0.831640,0.832022
e2dd4586-5d39-4c85-8a14-c04bad5cbb85,gaussian_blur,s4,4,0.742935,0.849374,0.873331
e2f0c7a2-acc3-4655-a071-3e48b53324d3,clean,s4,4,0.467686,0.615483,0.694076
e30970ee-03d2-40ac-af0d-d183de1a8628,clean,s4,1,0.765799,0.864916,0.885527
e30ccd00-c336-4f28-afa8-afede1f97194,gaussian_blur,s4,0,0.519910,0.660459,0.753856
e3125be1-4e53-4007-84b2-ab6039482d1f,clean,s5,0,0.602061,0.749521,0.759941
e313e8f9-20c0-43dc-8047-1fcc3abb3565,clean,s5,0,0.495518,0.660553,0.668910
e31a1885-bbf3-4393-976b-52496764b7d5,fog,s4,2,0.708043,0.822272,0.867312
e31d0271-d59a-46c3-8da3-0ef7fd559e12,clean,s5,4,0.751978,0.857527,0.864795
e323759e-22dd-4615-bfee-2540ead45f6e,fog,s4,0,0.544759,0.691968,0.748581
e32ee5d6-331b-41ac-965c-c711bdcdedd9,gaussian_blur,s4,5,0.842276,0.913119,0.928976
e331c7c2-adec-4807-9756-92aa4fb0438a,shot_noise,s5,5,0.645433,0.784366,0.785205
e334bcce-abb5-440a-8ab0-d0534efd2b0b,shot_noise,s4,4,0.504295,0.597861,0.851040
e33cc49b-d9a4-469c-96c6-816481665f41,shot_noise,s4,4,0.470084,0.618248,0.695291
e3406634-f585-44b0-bff9-5018aac79f65,clean,s3,4,0.546691,0.640810,0.890960
e355ac34-472f-4249-b6a8-9bda0fa12517,clean,s4,3,0.536447,0.673323,0.774739
e35618e8-fcb4-43f3-9cec-ca3951dcf44b,clean,s5,3,0.510022,0.673170,0.682691
e35f7bb8-5575-4cfa-89cd-baddeb02e440,clean,s4,1,0.385468,0.483430,0.697790
e365985f-1c04-4ab7-b2f4-28351202f031,fog,s4,0,0.568008,0.691361,0.831856
e36801e9-8a14-4157-8e99-773db9604797,clean,s4,3,0.558502,0.691650,0.798011
e37a2c9a-9278-43e7-a66a-68741a1dcfbb,clean,s4,5,0.574863,0.706748,0.809502
e3857582-59aa-47a7-9831-453ae3b87f38,gaussian_blur,s5,1,0.631882,0.773017,0.780607
e38e7ff3-167c-486a-9fa6-740d8af7c15a,shot_noise,s4,3,0.280091,0.433687,0.444540
e395d617-9592-44f5-a0d8-fecffcc49484,shot_noise,s5,3,0.607134,0.755497,0.755760
e3a06776-eddd-4fdb-8d4c-cffdb967b3d9,gaussian_blur,s4,4,0.641744,0.766756,0.846210
e3a8147f-e6bb-4e51-a770-25b57ef32831,clean,s4,5,0.536355,0.628585,0.885698
e3b364aa-fcb3-487d-ab72-fa065988cfc0,shot_noise,s5,3,0.416504,0.586847,0.591040
e3c040f1-6b0a-4304-99d9-813948e122e8,clean,s5,0,0.366731,0.534775,0.540694
e3c81b58-1286-490e-bc65-e89606ea6d9b,fog,s5,4,0.297816,0.373289,0.595632
e3e30489-5045-447e-8bc1-60392a14b05e,clean,s5,2,0.609472,0.757200,0.758000
e3fbeb6a-4cf0-4790-aff8-33451ff38822,clean,s2,3,0.491827,0.495880,0.983653
e4027955-723c-4ed6-b930-29f129b5b5f4,shot_noise,s3,4,0.793547,0.874086,0.970709
e407b3a9-281c-4322-bb1c-afef242e123c,shot_noise,s4,1,0.581100,0.713108,0.811567
e4084c37-37f0-4e46-a80f-a4c12e05e46e,clean,s5,5,0.153519,0.234943,0.306997
e42f1603-5d47-4f7c-a4a4-1c5b8ed77329,gaussian_blur,s5,3,0.431600,0.566038,0.688048
e443d49c-eb83-4d95-8690-1bc573d49493,gaussian_blur,s5,1,0.529192,0.683694,0.718757
e446a44e-221d-4312-8206-cc4a5b3c3e28,fog,s5,0,0.533171,0.693359,0.702544
e45702a5-1e56-4070-9c71-63a42e2dc5c2,fog,s5,5,0.527505,0.685735,0.706396
e46f76f3-673c-4780-a17f-85d787950f68,fog,s4,1,0.738093,0.842531,0.892382
e4737a66-a0d5-4ead-9464-cac48bbdc1e6,gaussian_blur,s5,5,0.552977,0.694512,0.769892
e48723a9-cf4c-4162-b9f5-ca8b02c8b833,gaussian_blur,s5,5,0.608831,0.754895,0.764885
e48f23f3-5742-4472-b31c-be5fa43a0d4f,gaussian_blur,s4,5,0.371301,0.511108,0.603759
e490ed5e-8969-45ac-8a5a-23565454dd82,fog,s4,5,0.363488,0.522094,0.556357
e494e080-d038-4691-badf-e2cbc8df214a,clean,s4,2,0.613069,0.740885,0.834390
e4996c8b-f278-472a-8cb0-c5229ce85913,fog,s5,5,0.566423,0.698613,0.804803
e4adcdfc-1235-467a-b514-7f5ed983d69e,fog,s3,1,0.493435,0.549004,0.908704
e4b1e303-850b-4748-8731-ede395e7164a,gaussian_blur,s5,0,0.692265,0.815016,0.835104
e4b7f91a-6ecb-43e5-a9d8-e04b3c4005eb,fog,s4,0,0.616468,0.731103,0.880368
e4bba06f-66a8-4ab5-a549-9d0eee51cb82,clean,s5,3,0.384009,0.537113,0.593397
e4becc18-f4ed-4bff-adaf-c726f5966e3e,clean,s4,1,0.814757,0.895498,0.921142
e4bf1460-4a13-4046-905e-a0edf785cbb7,clean,s3,4,0.529922,0.615229,0.894202
e4c1c9b7-c3ca-4a9d-a1dd-dcbbb2a627af,shot_noise,s3,4,0.527926,0.629171,0.857867
e4cabb04-78f5-4f5b-bf6f-75d09232aad5,shot_noise,s4,0,0.621565,0.742657,0.859754
e4cd7a55-0cc3-485d-9696-8388130b64d3,clean,s4,1,0.524861,0.616624,0.875639
e4dd721d-1813-4be8-8481-0960183d0735,fog,s4,0,0.485952,0.582385,0.825696
e4e57b18-0c79-4888-be72-b3154b344cc0,shot_noise,s4,4,0.547317,0.694676,0.749245
e501affd-a2ee-48f1-a80e-ecbac6f235cb,fog,s5,1,0.534477,0.696625,0.696625
e513ca56-8960-43ac-a0ab-b7ba69f9b249,gaussian_blur,s2,4,0.503227,0.583609,0.875872
e523ce66-834e-4fc2-b415-0285aa582a0b,fog,s5,0,0.432909,0.603264,0.606693
e5271c92-9492-4a6b-ab39-d610ea6099ab,shot_noise,s5,2,0.728830,0.840842,0.857637
e52f9022-db7f-4383-a11c-8d5b18ac918c,clean,s5,0,0.691951,0.817391,0.820901
e53124dd-89cd-4456-abba-b43622484fc9,shot_noise,s1,5,0.488023,0.493939,0.976047
e554b840-e09e-4cf4-8044-d6bffe584433,shot_noise,s5,1,0.638383,0.777732,0.786267
e5607259-3594-4b96-b86d-37ab97b4aa3d,clean,s2,2,0.491163,0.495542,0.982325
e5634b5e-26fb-4dd0-995e-b55942bd84d7,gaussian_blur,s4,4,0.644986,0.770099,0.845451
e564e16f-c50c-4df7-a9b0-f4a4061d244d,gaussian_blur,s4,3,0.546943,0.698236,0.736594
e5667720-fc94-4419-aadd-368bbc7555f3,fog,s5,4,0.480846,0.614244,0.740608
e573a14f-fb15-4e58-9ef9-9b32041619a0,gaussian_blur,s4,2,0.662425,0.791586,0.822619
e57a46f1-9d18-49df-b7bc-3a6c85155f05,fog,s5,1,0.345840,0.414835,0.683301
e5859f10-90a2-41d1-b1ab-90fb2310ef76,fog,s4,3,0.308946,0.442120,0.525706
e588d754-6e3a-45f3-b9a6-d9047fed168f,gaussian_blur,s2,1,0.468057,0.483502,0.936114
e58c2dbe-614e-4957-adb6-048fe77ce429,clean,s3,1,0.541546,0.647476,0.858976
e5a2156c-eb3c-463f-a0d0-b9537e519abd,clean,s4,3,0.652577,0.770765,0.872671
e5b23a65-a674-4ac3-8058-543a31f7fdac,fog,s4,4,0.564245,0.696632,0.803164
e5bfe474-a1d7-4bd4-b26a-1be453ba472c,gaussian_blur,s4,3,0.245265,0.387105,0.405029
e5cbe68d-5801-46d6-8acf-1a840d564d73,fog,s2,4,0.472874,0.545350,0.854935
e5d1628c-2246-4da3-8805-d3b4dc3f4d8c,gaussian_blur,s4,0,0.419808,0.563402,0.655392
e5f3b1cd-c85d-4012-a008-43d77f65733b,gaussian_blur,s4,2,0.630031,0.757659,0.836455
e5fd749e-a680-4a75-bca5-c7ac2c86a8ad,clean,s4,2,0.851714,0.916330,0.962816
e6098f8a-5087-4734-b39f-a71a0da8a331,fog,s3,4,0.486246,0.612852,0.761458
e61a437f-e669-4927-87b5-31cfcea197ae,fog,s5,3,0.136435,0.217997,0.268389
e61febf2-b81c-4872-b8aa-82b3ac189c3d,fog,s5,0,0.696492,0.818287,0.836557
e62b7e23-f881-4993-9b98-ea70d60d420b,gaussian_blur,s4,4,0.483742,0.560522,0.860337
e63003e1-7c37-4729-a06f-7d7a1e30bdcd,fog,s5,2,0.382846,0.553562,0.554032
e6342457-296a-425c-af6f-e2b4e918a271,shot_noise,s3,3,0.293856,0.408193,0.532027
e637c7c9-2cb0-46cb-866f-c0d41d9e36c4,clean,s5,2,0.805680,0.891594,0.899676
e642bd15-cfe1-45b4-84de-f00a679808eb,shot_noise,s3,1,0.690694,0.785726,0.963256
e65be9c7-b473-4aae-9511-1dabcaed30cf,gaussian_blur,s5,4,0.617277,0.758299,0.784267
e666ec5f-7ee3-4cdd-9460-345108784336,fog,s4,4,0.605645,0.736022,0.823995
e67a2f39-8ace-4815-b428-48d819a576e4,gaussian_blur,s4,5,0.427344,0.545025,0.716981
e684f251-2442-462f-b5cd-b25191c36aa9,clean,s3,2,0.479074,0.489313,0.958148
e6991d65-4a12-4d50-b812-73636bdaa815,shot_noise,s5,3,0.590406,0.731474,0.783370
e69e4780-6493-4a63-a1a8-bf96d14f72e4,fog,s4,4,0.626641,0.733718,0.908503
e6a4336c-a131-4e80-9c11-381e5d4001b0,gaussian_blur,s4,5,0.654064,0.772373,0.872059
e6b1819c-f590-46b9-b338-9e3097732e25,fog,s4,0,0.523379,0.665901,0.750667
e6b4e236-524a-47a4-8b89-885a8f0b9b48,gaussian_blur,s2,5,0.494789,0.497381,0.989579
e6bde309-5b23-4415-852c-d6acde2d6465,shot_noise,s5,1,0.668962,0.798379,0.817874
e6c46c89-1bec-45b7-87f9-07d2f5edd2d1,shot_noise,s5,1,0.631444,0.773914,0.774880
e6d56e67-3fe5-4cc7-b0bb-2a1ebec745ab,fog,s4,3,0.525007,0.642096,0.818270
e6e13275-da27-4c5b-8690-79e431d70cc8,fog,s4,0,0.814757,0.895498,0.921142
e6e59ee8-1cd1-4f03-bde9-8d773d8356ae,shot_noise,s3,3,0.674082,0.767249,0.968865
e6e7f043-12b2-4601-8ff6-b5feb8f37a87,shot_noise,s4,0,0.326003,0.484279,0.506112
e6ed3d7c-5e74-4bf0-bd55-a9d228bc938a,shot_noise,s3,2,0.479251,0.489406,0.958503
e6f6f581-351a-4bb2-aee1-f32738282da8,shot_noise,s4,5,0.300255,0.437330,0.505399
e702d583-b8e3-4fd9-9f4e-67e0935078f3,gaussian_blur,s5,1,0.557973,0.716209,0.716533
e7136ac9-0e56-4c6a-b693-71cb0a4e7c8b,shot_noise,s5,5,0.589089,0.740641,0.744411
e716be0e-8eb9-435d-b91e-e268e580e1e6,fog,s5,0,0.349095,0.490371,0.570806
e72bd4a1-e81b-4522-8968-f06630df4b2b,fog,s5,5,0.347196,0.514693,0.516965
e73b7436-8d11-44bd-84bf-2e4d5d045ffd,shot_noise,s4,5,0.432817,0.594589,0.627728
e73d782f-dea5-4502-85e7-7fd5b6435da7,shot_noise,s4,3,0.462278,0.626646,0.647339
e7626205-e8b9-41b3-8ab6-9115cbd270f6,shot_noise,s5,5,0.506277,0.657289,0.715797
e78428d7-0755-42c9-87dc-3f95641c4a31,gaussian_blur,s5,5,0.385582,0.556546,0.556603
e7845fd6-906d-46e5-ab29-97523319092e,clean,s5,2,0.590689,0.729995,0.789676
e7901c24-0f56-41be-961e-2cd3b2dbd707,shot_noise,s5,5,0.694465,0.819078,0.823051
e7a73354-3a33-4171-96dc-642b6b615983,clean,s5,1,0.731472,0.844807,0.845596
e7aad75a-60ca-4e54-8c52-cf8869ce892a,shot_noise,s3,2,0.786991,0.870078,0.963327
e7b18c6d-ad2b-43d9-be6c-c7e2230122e9,gaussian_blur,s4,3,0.326279,0.491419,0.493207
e7b38925-8f98-4c4e-a711-06fd391d794c,shot_noise,s5,2,0.487953,0.654424,0.660060
e7bb3e4e-069e-4070-ae53-581c3d35ce61,shot_noise,s4,2,0.463096,0.572199,0.775243
e7bd2536-3d84-4168-8544-822dff2762ab,fog,s4,3,0.490006,0.596045,0.810411
e7db8e29-1540-48b1-8367-550d98ca557b,clean,s5,3,0.641678,0.781686,0.781952
e7e34910-0dfd-49a0-a1b2-4d89a9cb561d,shot_noise,s4,3,0.510742,0.644500,0.765168
e7e39bc0-2193-44b8-82d5-d2432075c0e9,shot_noise,s4,1,0.499363,0.658387,0.688679
e7eb6f90-5600-442a-91d3-bc17393426e1,gaussian_blur,s5,3,0.566194,0.722092,0.726357
e801f23b-02e1-4e93-bab2-1857bfaa9cd6,shot_noise,s5,3,0.663723,0.792455,0.824000
e8055a86-1f3f-4f42-bff2-c9b3ace43aa1,gaussian_blur,s3,4,0.583988,0.697576,0.868928
e80c324f-8c61-4e25-b3ca-9eedfbcba1de,gaussian_blur,s4,0,0.855357,0.920897,0.936491
e81695fa-2ac1-40e4-bd27-07c5f8fcab2c,clean,s5,0,0.668695,0.800929,0.804117
e8194133-3d16-4c17-af44-606a23ae48a6,gaussian_blur,s3,2,0.476682,0.488062,0.953363
e8278e4f-71b4-426a-8006-7e51adb914c7,gaussian_blur,s5,2,0.729352,0.843447,0.843824
e828b7a7-45f3-42bf-aaf9-0af735c959cf,clean,s5,0,0.484481,0.652552,0.653236
e82ab05a-dcc1-450e-a2b9-2b7503c16296,clean,s2,1,0.424630,0.459243,0.849259
e84ba227-2ae6-44eb-9a63-e166bb5d2578,clean,s5,0,0.558173,0.714299,0.723957
e84ce717-ad78-46d9-a429-dfb8160390a9,gaussian_blur,s4,1,0.601223,0.736325,0.806438
e84da4ea-10c6-47ab-961c-63777078e4d6,fog,s5,0,0.700845,0.818907,0.852869
e85940d1-1995-4eda-9927-7765b1f991e0,shot_noise,s5,0,0.466222,0.633720,0.642037
e8615c37-5e69-4dc2-8442-1ab8648347e2,shot_noise,s3,1,0.540683,0.618910,0.919579
e86ef5be-8038-470d-819a-880898a07f8f,shot_noise,s5,5,0.442081,0.589102,0.671557
e873ad9b-997c-4982-b5e7-40a93aca2a1a,gaussian_blur,s4,0,0.475675,0.638874,0.660789
e88629c6-7c83-455d-83ad-2c9a95efd611,shot_noise,s5,0,0.777660,0.874924,0.874937
e88f4bcc-276d-4001-80f4-48b0574c5766,gaussian_blur,s3,2,0.424455,0.516535,0.760224
e891af18-9c11-46bd-aa65-f908f8ffdc9c,fog,s4,2,0.585807,0.731888,0.764638
e89352a8-1399-4f42-bda2-9e01a896662f,fog,s5,1,0.202017,0.334321,0.338848
e89c5e71-4fe3-4dc7-8dab-ffa4c0f55771,clean,s4,0,0.645236,0.780005,0.804203
e8a609e4-ae1e-474f-9b4c-92ad158d8c93,fog,s4,5,0.445313,0.602359,0.651067
e8acb042-4dad-458d-977e-31d39f710a32,shot_noise,s4,2,0.713716,0.818589,0.912082
e8b35407-8f50-4688-8358-b10e5c30c35b,shot_noise,s4,2,0.811881,0.893458,0.921667
e8b95392-c412-4dd1-acde-e40ebd4b77b9,gaussian_blur,s5,2,0.564941,0.709109,0.766300
e8c7e926-f2f3-48da-8edf-f9fff107890b,gaussian_blur,s3,1,0.500911,0.551846,0.925489
e8d2e416-7b83-4b30-a5bf-315304949a4e,gaussian_blur,s4,4,0.540026,0.669839,0.796674
e8d97967-fcc5-4029-a441-f6deb55b3c3e,shot_noise,s4,1,0.731052,0.837820,0.886647
e8e083d6-c074-4c07-8fa0-0b8549c05dff,fog,s3,5,0.429566,0.537006,0.739136
e9008eb5-5107-4c4a-bff1-dbc22e57360b,gaussian_blur,s4,0,0.810490,0.889551,0.947622
e90c0551-b55b-434c-8fcd-4c545b8f87cc,fog,s2,0,0.562087,0.622485,0.977072
e90d1a50-eade-43b3-88d1-50961405cff3,fog,s4,5,0.520743,0.670509,0.728389
e91e27eb-7eb8-4031-83d9-a9110e01f552,gaussian_blur,s5,3,0.822827,0.901958,0.911423
e91e5727-79f5-4c66-b06c-da42f1e9cfcc,fog,s2,2,0.484560,0.492159,0.969120
e937aeff-3d48-45a8-a461-783343a02ec5,gaussian_blur,s4,5,0.432341,0.484265,0.835237
e938ee73-c682-433a-b34f-924d40ba446a,clean,s4,3,0.794740,0.879775,0.934354
e93ed942-f7d3-4dd2-89d3-5e36c7dce90c,shot_noise,s5,0,0.564272,0.714785,0.744817
e9486349-6366-4101-bc42-3d34659badc3,shot_noise,s5,0,0.624433,0.768714,0.769177
e96130c2-9f26-4269-bcd4-fbdc8196f91e,gaussian_blur,s3,0,0.640456,0.743968,0.924789
e9647d2d-e4ae-4a79-a8bf-52cae6e39a7d,clean,s5,0,0.558083,0.715718,0.718672
e96f6931-c1f1-44c2-81b2-3d1749ad88f4,clean,s4,3,0.469810,0.617415,0.696429
e97184f6-4cb4-4983-8702-67cd35d4d9f3,shot_noise,s5,2,0.474457,0.641784,0.648549
e972082c-b89a-4cc2-9db5-a9998dffbaaa,shot_noise,s4,5,0.738391,0.839375,0.912613
e982550f-77ee-49e4-b085-b985a1fa6fd2,gaussian_blur,s4,4,0.623774,0.744612,0.861063
e9876264-ea9c-4697-a601-af6a861a3a64,fog,s2,0,0.560921,0.642007,0.932950
e9893d40-ae75-4e6b-9260-fcaad6436440,fog,s4,2,0.720030,0.830193,0.878667
e9a1253b-66f8-4a83-b246-d385ce0693f7,shot_noise,s3,2,0.586711,0.676222,0.935063
e9a95c6b-23f6-4dc7-89c4-0689161c43e6,shot_noise,s5,0,0.717077,0.829485,0.868923
e9c02fe2-8d4d-4751-8da0-bc0b0f8b5b63,clean,s3,0,0.562832,0.671072,0.869846
e9c2f970-9e2b-45b9-a0e8-c483fdd8b430,clean,s5,5,0.259455,0.402154,0.428501
e9c4d24f-45e4-4604-8eb8-e008b53e29cb,fog,s2,4,0.484937,0.492353,0.969874
e9c746df-c639-4c98-8320-30487db53cb6,clean,s5,1,0.385715,0.553140,0.564670
e9e4739b-7cd6-4415-9264-50d534e742d3,fog,s3,4,0.458160,0.541083,0.818694
e9e815dc-1374-402c-b966-4c221fe61e7e,clean,s5,3,0.513426,0.629119,0.811627
e9ebfd23-5171-4466-bb63-4b6552569ef7,fog,s4,4,0.459762,0.614360,0.670245
e9ee2838-0876-475a-91b3-ab1367044bca,fog,s4,1,0.537993,0.674276,0.777363
e9ee2bfd-1c47-4990-937f-2da8c7e878f0,shot_noise,s4,1,0.519588,0.656816,0.762640
e9f1f883-0dce-40ec-ba2f-6f0c3848f9af,fog,s4,1,0.727135,0.835028,0.884352
e9ffbfed-0a54-480a-80f7-84bf6dce1f3c,fog,s3,2,0.448551,0.545525,0.781664
ea07d2d7-ce72-4b29-aa2c-059d12deefde,fog,s4,0,0.830000,0.902373,0.955563
ea082062-d513-4b6b-a35a-19ed9e3cd27a,clean,s5,4,0.652241,0.787089,0.800955
ea12531c-cad1-41a1-a266-f3377cc78380,shot_noise,s5,1,0.577859,0.720804,0.774205
ea18b62e-dced-4cf1-8edb-55df128acdea,gaussian_blur,s4,2,0.580620,0.708424,0.824703
ea1d1c96-d676-4cdc-ba4e-fee8bdf037b2,clean,s4,1,0.564733,0.711379,0.758025
ea3ccd44-3a6b-42d8-bb1a-de571f576510,gaussian_blur,s4,3,0.664535,0.792955,0.825065
ea5f12b7-39f8-4bdd-bb2d-7ee3dc129a26,gaussian_blur,s4,5,0.724571,0.826259,0.921057
ea60c2d7-396e-4475-b4ce-f9a485c76056,clean,s4,1,0.710298,0.817979,0.900027
ea62fa56-2f34-4657-b0fc-fe2682eaf597,clean,s4,5,0.711300,0.818070,0.904005
ea717e22-f420-4e35-a730-fe4a1bb2f6f3,fog,s5,1,0.208218,0.337001,0.356234
ea7540ef-d839-4a10-98e6-972ab843390e,clean,s4,0,0.628208,0.761884,0.812693
ea81b800-008a-4d54-854c-486f36855b7c,gaussian_blur,s5,5,0.652804,0.779669,0.836529
ea854a7d-47cc-4b12-ad25-e431d1892da2,gaussian_blur,s4,4,0.543509,0.701217,0.714405
ea87b62d-6d0c-4b03-b98e-f84510b67fdf,fog,s4,1,0.651973,0.762702,0.901525
ea8c914b-6314-444a-a508-9cbe638a035a,shot_noise,s4,1,0.788167,0.879058,0.902030
ea921a67-6fb6-4612-af77-cd5a1770c7bc,clean,s4,1,0.454411,0.586314,0.718080
ea9b0386-cde2-414d-913d-d6877a7c34de,clean,s3,4,0.583414,0.679521,0.915969
eaa7b81c-6091-4a14-a3d5-8c6f2c7aa86e,gaussian_blur,s5,5,0.539400,0.700791,0.700799
eaa8d26d-6ed3-4762-9477-31b436bb5b18,shot_noise,s4,4,0.790082,0.878887,0.914485
eabdf866-90ea-4552-99c7-0bef8184c8f5,gaussian_blur,s4,2,0.791081,0.877907,0.927981
eabe129b-b0e6-4f1f-8f46-35d923df686d,shot_noise,s4,5,0.445445,0.611184,0.629611
eac14f98-89fc-43de-a927-ee2f26f5b373,clean,s3,1,0.278830,0.387795,0.514926
eac36c87-650a-46b9-8ac9-28ddf115b767,gaussian_blur,s2,2,0.494789,0.497381,0.989579
eadaca1a-8411-433f-b6b1-6dbdc3fa59d6,shot_noise,s3,0,0.653155,0.755679,0.931453
eaed58da-11c9-4dd1-b0bb-18a034174d89,clean,s4,3,0.798101,0.885735,0.905042
eafb111c-b497-4954-b51f-69be1de2aac2,clean,s4,5,0.771239,0.866116,0.906186
eb0cfd36-a443-471d-b48f-183d875b0f8c,gaussian_blur,s4,4,0.325709,0.464827,0.540976
eb1b8eef-d558-4c6e-ba3c-491d2554e751,clean,s4,3,0.619500,0.735571,0.876535
eb1f1c72-26ae-482c-b2ec-cc6211c0ad0a,shot_noise,s4,1,0.294914,0.449448,0.466480
eb2f34a4-dd88-4336-a027-f5d57f0c1144,gaussian_blur,s4,1,0.658209,0.765786,0.913829
eb369449-aa72-4ce4-8874-48eb2d12e072,clean,s5,5,0.269027,0.349827,0.538053
eb37881d-b957-429c-8fe4-4c7b6fac0c03,fog,s4,4,0.402712,0.554641,0.618086
eb38e7b6-b1ea-4461-9679-009afa0d52a6,clean,s5,1,0.566329,0.722058,0.726985
eb47ba75-e942-4c1e-a6c4-5a244aaa973c,shot_noise,s3,0,0.524663,0.613210,0.882203
eb628e5a-1bc8-4ab5-958c-827c568b0e41,shot_noise,s4,5,0.341749,0.508752,0.510745
eb72a4c6-535b-4906-a022-716fe1cf7821,shot_noise,s5,1,0.719669,0.836940,0.837263
eb775603-1994-4be8-8c97-98af4d293cd7,clean,s4,5,0.499500,0.607435,0.815973
eb79c440-c240-49ac-956e-5ec890236d75,clean,s5,5,0.647099,0.784683,0.790674
eb911a3e-2834-408f-86af-f15df284e8f1,shot_noise,s4,4,0.795158,0.878225,0.948848
eb953e15-afcb-4a09-9a30-350ede23d02b,fog,s4,0,0.619500,0.735571,0.876535
eb95662a-3e09-4231-969a-d40bb6b92d1d,fog,s5,0,0.470618,0.594621,0.752037
ebb03b1b-a063-4100-830f-50ca7f9b8189,clean,s4,5,0.584900,0.695143,0.878970
ebb7f741-71f3-4281-97aa-6aa467db80d4,shot_noise,s4,2,0.564962,0.702011,0.789141
ebbbc843-3d21-43e3-b195-10aa9d7ea025,shot_noise,s3,1,0.621910,0.713382,0.953562
ebd31578-8bca-4b17-b6b8-07e8f70b0027,shot_noise,s4,4,0.638240,0.775583,0.795194
ebd821d3-8225-4450-8ef9-97c5774cd8c1,shot_noise,s5,1,0.474626,0.623020,0.698643
ebd8a994-761f-435a-bbc1-04d0ab649d32,shot_noise,s5,3,0.729893,0.843849,0.843925
ebda2a23-27bc-4c5b-afaf-dc57dad655a5,fog,s5,4,0.698013,0.817889,0.845563
ebe8a8ce-76c8-4c3a-95fb-c117fb856af8,shot_noise,s4,5,0.556722,0.698124,0.771979
ebfacf1b-acdc-4138-a339-d8e3254420ba,shot_noise,s3,4,0.474003,0.540269,0.866937
ec006437-4315-45fc-9812-7250c78d7fbe,fog,s5,4,0.496933,0.663868,0.664136
ec05f458-de70-415d-9273-6ddb25ad0592,gaussian_blur,s4,3,0.442575,0.580392,0.692709
ec078dd2-32cc-4308-994e-a21a63a6d186,fog,s3,4,0.718429,0.817799,0.936846
ec124338-4f3e-44f3-b4b2-cf30811d9bb0,fog,s2,4,0.489600,0.494745,0.979200
ec14aee0-8ed3-4e04-ae98-0c0d6dc1e1b3,gaussian_blur,s5,3,0.721973,0.838418,0.839309
ec18a3e7-e794-45d4-8298-6c16762e20dd,fog,s5,5,0.532690,0.672504,0.764114
ec1bf155-fa1b-4fad-8ba2-708cfb84b0be,clean,s5,1,0.714981,0.830865,0.851195
ec1f9161-cb86-43de-9d7e-01d83d172d8b,gaussian_blur,s5,4,0.536398,0.686907,0.734496
ec1fd43b-7a13-43f4-aa4f-701f34141938,shot_noise,s4,2,0.757182,0.853601,0.917910
ec2777ed-0283-4837-89aa-91eed490d879,clean,s5,5,0.764612,0.866141,0.870085
ec3c8348-1431-4e46-bf4a-2a165fac6e87,gaussian_blur,s5,0,0.806120,0.891800,0.900548
ec3f58e9-7cdd-49f9-9b86-8e4f8e699102,gaussian_blur,s4,4,0.684182,0.807971,0.835964
ec42f086-dba1-4d5e-a40e-01c9bbed2c83,gaussian_blur,s4,3,0.734731,0.838531,0.900055
ec45df0b-612b-4eea-a786-1ceef0361bb4,clean,s4,4,0.777029,0.870095,0.908637
ec4663f6-1eb2-47bd-a0b2-1e19448a82d5,shot_noise,s4,5,0.511472,0.669172,0.699803
ec46a943-71f2-437d-bbfc-3859fd907e56,gaussian_blur,s3,1,0.367726,0.437413,0.716012
ec4dda2c-3ebf-4366-9e1a-9c67ef0b9d24,shot_noise,s3,2,0.505027,0.555309,0.931550
ec5be836-c1d7-405a-8bbf-4a292a0bddb9,shot_noise,s5,2,0.563267,0.713063,0.746992
ec5d3de7-9d42-4eb0-a049-c116461978bc,clean,s4,3,0.307888,0.463505,0.484448
ec724e83-3b41-45fb-b946-3a240e3e7330,shot_noise,s5,4,0.454434,0.519331,0.844512
ec788e19-462b-4f1a-8076-35d2c8169644,fog,s5,2,0.612305,0.756262,0.772987
ec79425e-8535-4b61-9966-7311968fc115,gaussian_blur,s4,3,0.374715,0.428385,0.749429
ec7a98f6-176f-4306-a7c4-e9bd48f82730,clean,s5,2,0.583747,0.736479,0.739802
ec7d1df8-6050-428a-b96d-734f63d349b1,fog,s3,2,0.471985,0.544996,0.852925
ec7d6d1b-0f15-4e4d-b83d-a8d6ce89b055,fog,s2,0,0.634289,0.727424,0.955265
ec88cba6-b70d-4b86-9f02-ecd263fb8e24,shot_noise,s5,2,0.671575,0.803289,0.804715
ec8dfb9f-2fd4-4d5f-8473-73f90c34e621,fog,s3,5,0.507823,0.617833,0.819467
ec946197-5ee7-4c66-a939-6b93175819cf,clean,s4,4,0.637475,0.755914,0.871580
ec9cc28c-d8ce-4029-9aa1-9a6430dd72a6,gaussian_blur,s5,5,0.402602,0.571899,0.579171
eca22d29-815f-4f1f-a4e0-4f016396ab06,fog,s5,3,0.455780,0.623432,0.633429
eca79f11-f020-4f00-8803-912dac1e5c0d,fog,s5,1,0.402750,0.572378,0.578559
ecb64aa7-5943-4563-9a31-2892608859b4,fog,s4,0,0.640113,0.758813,0.870785
ecba0d12-5e80-4b85-b701-6aac17e7c002,clean,s2,4,0.494789,0.497381,0.989579
ecc23f6d-f6b7-40d3-a4d4-2c4057172813,gaussian_blur,s2,0,0.488213,0.494036,0.976426
ecc25d96-6edd-427c-8abf-1e01ba7847c0,gaussian_blur,s5,0,0.373657,0.483334,0.661515
ecc6a028-d33e-4573-81ef-57b876c03a38,shot_noise,s3,0,0.732574,0.825382,0.961707
ecca4d0f-9f18-4f76-a873-73b27afe175b,clean,s4,5,0.678398,0.801872,0.841271
ecca564d-4b1d-4e26-a57c-de61a32233e6,clean,s4,5,0.550356,0.704882,0.727228
ecd7c960-5f1c-4722-89ef-baa725a31791,fog,s4,5,0.537998,0.664334,0.804697
ecec9a6b-b2ce-4db8-a750-623638c23431,gaussian_blur,s5,2,0.462541,0.630732,0.637352
ecee4293-56a3-4dfc-9e45-56209b5cbc64,shot_noise,s4,2,0.582545,0.722985,0.783964
ecf0af3c-8b2b-4eb5-b1bd-884c026868e4,gaussian_blur,s3,1,0.432079,0.549173,0.723779
ecf4e996-b5a3-49fd-af1a-c75da7a69b92,clean,s5,4,0.259455,0.402154,0.428501
ecfac955-3b2f-48f0-8a6d-6e0cb827c0ae,clean,s5,5,0.715800,0.834331,0.834557
ed14cfca-5115-468c-b0d1-00c291ad7435,gaussian_blur,s5,5,0.504946,0.658155,0.708765
ed178421-3c1c-439f-afce-b8f495d00186,shot_noise,s4,2,0.320815,0.477511,0.501616
ed1a6320-54db-428a-bd71-36c65ef8960c,fog,s4,1,0.346251,0.484834,0.571770
ed1d4c7e-ccfa-4e2c-bebf-40ab2af85d93,gaussian_blur,s5,5,0.644940,0.776534,0.818235
ed2b4dcb-d756-4eb4-a344-3c0d9d80a3f2,gaussian_blur,s5,2,0.609060,0.752120,0.776880
ed3071a8-ba5a-4ddf-b912-d8c04d0b9e76,clean,s5,0,0.676646,0.807122,0.807248
ed4c0648-2a76-4757-82e0-7984f099859c,fog,s4,3,0.784994,0.870401,0.950128
ed58e1b6-763b-4d7d-8407-b4f29334058e,gaussian_blur,s5,2,0.441056,0.612059,0.612309
ed5d3e43-1a9e-4b06-b27b-a750c5c5420c,shot_noise,s3,0,0.541319,0.645115,0.863856
ed5dc076-4e8f-4709-b77e-eac0c05463dd,gaussian_blur,s4,3,0.674347,0.801641,0.824985
ed608784-ac9f-4096-825f-baea0a7c2499,shot_noise,s4,5,0.745111,0.846504,0.902395
ed661ecb-9018-4e8f-9ade-ef6fda9ac169,shot_noise,s5,5,0.353044,0.433501,0.677811
ed664069-5b5c-41d3-be9b-40314775e73c,shot_noise,s5,0,0.702388,0.823470,0.834864
ed66d919-67c9-43ad-84ff-0a573106b659,shot_noise,s5,1,0.494924,0.659247,0.670628
ed6c3c0d-8834-441e-9073-015c089c1af5,fog,s4,2,0.622079,0.743895,0.857285
ed74b967-993e-4ff2-9000-ad5f68197dc2,fog,s4,0,0.616881,0.738656,0.856390
ed811cba-8f96-48a4-ae60-451f0469074c,clean,s5,4,0.697671,0.821915,0.821921
ed81f058-027a-42be-b2f8-60350d402a77,shot_noise,s4,5,0.816206,0.896965,0.916640
ed87b413-48f5-470b-b3a3-923b88a5d927,fog,s5,4,0.511563,0.664643,0.713317
ed9c0a41-afb9-49bb-8d60-88c219becd10,fog,s4,5,0.256695,0.405042,0.414377
eda54881-888a-4493-b27e-250dc107e244,gaussian_blur,s5,0,0.494335,0.661458,0.662067
edb4bc87-7850-47be-be93-aab2b5828900,shot_noise,s4,3,0.257180,0.405808,0.414741
edd33a6d-4dc9-41dc-bee7-21b269128d79,shot_noise,s4,4,0.616395,0.735434,0.865659
edda469c-df89-43bb-8642-59655cc98fa4,clean,s4,3,0.667388,0.780612,0.891259
ede0c836-5a74-4e16-818d-53b3fe8fdd83,fog,s5,3,0.546277,0.704619,0.713177
edee04ca-bb4a-4ddf-a068-0ecfd3f53a65,gaussian_blur,s4,2,0.737293,0.836475,0.924054
edef5bf1-fbe0-4113-884d-847ed8ea16a5,fog,s5,4,0.676672,0.805255,0.816947
edfb94cc-f87e-4601-ab90-dd974d19a2d7,shot_noise,s5,5,0.546421,0.706690,0.706693
edffa159-ee1a-4394-af05-44e4aad71e84,shot_noise,s3,1,0.451045,0.526995,0.821867
ee0810a9-eaea-4029-a2db-e73363d641c1,shot_noise,s4,5,0.776472,0.869692,0.908557
ee15d361-1e36-4d83-a20c-0241e8706597,fog,s5,0,0.502565,0.655089,0.709109
ee2a5b9d-1d0f-470d-837d-77b6dd3554af,shot_noise,s4,4,0.756176,0.858597,0.879301
ee2a6e49-c2da-488d-9e28-ed261f14c2fe,gaussian_blur,s4,4,0.709177,0.827153,0.845431
ee40dbd2-261b-4f73-8116-66e962a913fd,fog,s4,0,0.580024,0.713129,0.807634
ee426dd2-9f57-480e-8def-5d19603f8930,gaussian_blur,s3,5,0.499327,0.564965,0.898470
ee44e873-be4e-41c4-8e8f-87be36aee98d,gaussian_blur,s5,2,0.526808,0.679805,0.722160
ee522d13-397a-4a7b-badd-2911ec15b456,shot_noise,s5,4,0.699642,0.822942,0.825201
ee559d1b-f3f3-4efc-802e-bff88a3a7051,fog,s5,5,0.183433,0.268439,0.366816
ee639e66-b51f-419e-b7a9-58fd98b1a289,gaussian_blur,s3,1,0.279583,0.386118,0.519862
ee66a533-0524-4164-b8f6-7cf58d4a0f44,gaussian_blur,s5,3,0.391039,0.561655,0.563528
ee69a56c-fa1d-4772-86f3-1fbca101c479,shot_noise,s5,1,0.630013,0.772991,0.773129
ee70291c-a018-40c6-9e43-42e7fa7b73e0,fog,s5,2,0.545218,0.704011,0.711337
ee716eae-5a21-4a45-b77b-57c894f0befd,fog,s4,0,0.557376,0.705299,0.751383
ee7240b5-c542-4aaf-a638-690a5201eb51,shot_noise,s3,0,0.835589,0.904653,0.971040
ee72bf7a-654b-4953-8916-03cabe3994d8,clean,s4,1,0.738424,0.840346,0.907075
ee786253-f96e-495c-9b20-d1366fd6de4c,fog,s4,3,0.623012,0.757911,0.808252
ee83f892-17f2-405a-a0b6-ab602b51c810,shot_noise,s5,4,0.660258,0.795357,0.795419
ee87017b-eba3-4f88-920d-3356c91ab8d3,clean,s4,3,0.717359,0.826485,0.886922
ee8b016e-d22b-4058-b830-d2e862ef30c2,gaussian_blur,s4,4,0.243297,0.378152,0.412635
ee9f2874-41aa-4c10-a031-15cf86686349,clean,s4,4,0.726139,0.834250,0.884149
eea06ce5-f449-466f-a507-d21199bded72,clean,s4,1,0.845370,0.914473,0.936480
eea618d1-5062-4dce-b17e-b05e79538cf4,fog,s5,1,0.645486,0.783479,0.789517
eeaf9c5a-6c01-407e-8bab-f620bf960aa9,clean,s5,4,0.585426,0.726664,0.781845
eeafa86f-2b99-41d8-a954-55ddc0e39ceb,clean,s3,2,0.497312,0.625938,0.766754
eeb13a8a-1389-493e-99eb-8ddb1c3d6268,clean,s5,5,0.516789,0.678729,0.689819
eeb7e39e-df49-40d0-ade1-be34095ed624,fog,s4,5,0.536612,0.690663,0.723563
eecce04d-71f6-40b1-9617-fd688a7448d5,gaussian_blur,s4,1,0.193162,0.323781,0.323781
eecd56e3-6ca7-4663-be6f-0cac53b64d4b,fog,s5,0,0.793647,0.884772,0.886529
eed31b42-60c5-4ace-ae14-a2bdeefcd9f3,fog,s5,5,0.304726,0.408179,0.566688
eed5f14c-5faa-41f7-b8ab-ff72ce51a3bc,gaussian_blur,s4,2,0.567536,0.674795,0.875760
eee40a37-11c8-4c7a-9f57-fe63746cc8e5,fog,s5,1,0.475743,0.626619,0.693312
eeefb612-edba-4608-a347-6d47f4d67523,gaussian_blur,s5,3,0.533143,0.690707,0.710955
eefa21ad-a30e-4f16-b883-fd05528224fd,shot_noise,s4,4,0.717038,0.833448,0.845743
ef022a89-8e4f-4415-b9ad-2cd0bdfe61a3,clean,s4,1,0.448911,0.561011,0.753237
ef07625a-33ee-4a54-b3bb-e7672fde56e2,clean,s4,1,0.294855,0.435279,0.491099
ef09a71f-a6bf-4f5d-a8c0-1a41cc25afc2,shot_noise,s5,0,0.658011,0.793655,0.794128
ef287898-890a-44a6-9f55-dec19cbb0235,shot_noise,s4,1,0.495478,0.635899,0.736064
ef44e596-f94a-4f32-b198-1dd594d33684,gaussian_blur,s5,0,0.731698,0.841564,0.867152
ef4d31cd-cdf2-4b4e-aa88-8d6daf049b34,shot_noise,s5,5,0.704887,0.825717,0.833696
ef6324e7-2443-478a-b712-5c088ba76446,clean,s5,5,0.372661,0.435909,0.732781
ef67ba8c-2ae4-40f2-a89f-19ca82c69311,shot_noise,s5,1,0.217726,0.343956,0.378384
ef6d19e9-15fd-4db6-99ec-2c8eda318705,shot_noise,s4,0,0.704520,0.813571,0.896800
ef727fe1-4e20-4666-a5dd-bccb1b9473f6,fog,s4,3,0.499892,0.662098,0.679808
ef79e2b4-8117-490c-a063-d458f5d47041,clean,s4,5,0.719457,0.823688,0.911449
ef7fbc66-edb3-4d73-a6fb-69846db56107,shot_noise,s4,1,0.270731,0.399890,0.469783
ef8d1517-bede-4e87-aa9c-c5c935c8b152,shot_noise,s3,4,0.461260,0.489135,0.909637
efa9edd4-22f3-4a69-be83-e60af8d9b18c,clean,s5,5,0.567682,0.722175,0.731631
efb3522d-705a-4643-9792-b6ea0c28172d,fog,s2,2,0.461643,0.480056,0.923285
efbb0c41-52b1-4244-9d98-28d7ec4550f3,fog,s4,4,0.541655,0.674794,0.788480
efbb17a4-7794-4c47-addc-5f42185d9163,gaussian_blur,s4,1,0.646384,0.777197,0.821210
efc2b17f-f605-4e85-8fe2-55a9c1ee6a70,shot_noise,s3,0,0.686677,0.792213,0.920229
efc55a6f-d199-497b-afa4-10669f3b4857,clean,s5,4,0.609778,0.757405,0.758366
efdf2e40-cdb6-4182-ac07-76f1e45560b0,clean,s4,5,0.760860,0.860771,0.888757
efdf2fc5-be9e-4f7d-be59-42d22686de37,fog,s4,2,0.504063,0.657772,0.706784
effc5be6-5504-4c76-b00d-ebaa95a3d13a,clean,s4,3,0.444740,0.536114,0.787163
effec2bc-fad6-4f07-b3b3-445bb6ba2bc9,clean,s5,5,0.652043,0.779034,0.836188
efffa826-6f4f-4f58-a116-11eec7425806,clean,s4,2,0.784556,0.871341,0.940928
f0047e31-ce97-4e29-b183-241e660365b1,clean,s4,4,0.621824,0.753560,0.820631
f015a4f3-bb32-43bc-be6c-1f7bb2c45a39,gaussian_blur,s5,4,0.152572,0.262705,0.267526
f02a183c-7d86-4f7b-9599-f5fd05f2ed6c,gaussian_blur,s5,0,0.793454,0.884823,0.884925
f033f01b-e2fc-42b7-ba16-3a1dca42fce3,shot_noise,s5,3,0.419373,0.550300,0.681269
f036290d-db10-4355-9090-89dc204512cf,gaussian_blur,s5,1,0.600771,0.734085,0.812718
f0490abb-47bb-4fbf-995f-a76e4467edba,shot_noise,s4,5,0.621799,0.747753,0.842317
f05f3f12-2ac7-4293-88a1-8c2b64f71df6,gaussian_blur,s5,4,0.478141,0.646299,0.648789
f060c53c-bbbd-4512-bd88-3682dbcd61c8,shot_noise,s4,2,0.753981,0.854047,0.898718
f06ef1df-574b-47a5-a08b-702ab4f535aa,clean,s3,0,0.305880,0.427879,0.539408
f06f2ebf-978f-4842-b138-c8fb36f281c7,shot_noise,s5,4,0.490214,0.642396,0.701296
f07323b5-db2b-40b9-b9df-fb67549e38c0,fog,s4,3,0.260767,0.406010,0.426549
f08f8ddf-bbd8-4163-81d2-23856878f733,gaussian_blur,s4,1,0.754447,0.855052,0.894453
f090482d-fcda-43cb-b78f-d36d9006107d,fog,s3,2,0.506374,0.630184,0.786217
f0983f6e-4780-449a-9bbd-a30d6a49f89f,fog,s5,3,0.326696,0.418363,0.619952
f0a2c206-682a-4cdc-8a40-d13a953bad56,fog,s5,4,0.543078,0.696971,0.726720
f0a3318b-1be4-47e1-80e0-6389925c1d72,gaussian_blur,s4,2,0.415852,0.561112,0.647374
f0ab8bcc-fda6-4d43-9a2e-ad3054a48104,fog,s5,3,0.579151,0.733493,0.733509
f0ace069-6b84-47e0-99f3-9e8b0fbadcad,gaussian_blur,s5,1,0.440650,0.572798,0.702890
f0aeeff5-b154-4486-836a-5da268ccb1c6,shot_noise,s4,3,0.277737,0.409176,0.477987
f0b3e988-64d7-4801-b029-2edf8dd54b75,fog,s5,3,0.529299,0.691773,0.693632
f0b9e387-46ca-460d-8d88-9943d8a35c6d,clean,s4,0,0.616951,0.749754,0.816450
f0c0e258-242c-4cab-a51c-b4accc8d95b1,clean,s5,2,0.587593,0.740122,0.740653
f0c29fa2-55d5-49dd-bd5f-ebb3074b67e4,clean,s5,1,0.679556,0.804950,0.831045
f0e0bb0a-6576-45ed-b40b-ebcb5ba84dc4,fog,s4,2,0.787471,0.876981,0.914588
f0e2908f-6235-446f-b887-26274d7ddb70,clean,s3,1,0.490824,0.556509,0.888342
f0e439d4-2176-48fe-b729-2d906fc523e2,shot_noise,s4,3,0.770249,0.866154,0.900563
f0eb06af-b08c-48ef-8b19-6337e1656275,shot_noise,s4,4,0.401922,0.456121,0.788997
f0ed6a74-4fd6-445b-8830-00f974053d75,clean,s3,1,0.482988,0.491347,0.965976
f0f231b4-01d7-4edf-82f1-223a5c3fcd11,gaussian_blur,s4,3,0.603864,0.743952,0.788395
f10d0c64-bd1c-4c0a-b567-001ebf3dca26,clean,s5,4,0.575335,0.723747,0.754619
f11220dd-59e9-4d6a-938c-aad682e39f79,clean,s4,4,0.845370,0.914473,0.936480
f12f30cc-ea08-4181-8ff6-408fd14bbdb0,gaussian_blur,s4,4,0.682219,0.796347,0.883504
f140f3fa-3fdf-4960-a57f-bbe26662c881,gaussian_blur,s5,5,0.667327,0.800240,0.801651
f17ae317-0797-4534-98bd-0cc1faca2638,clean,s4,4,0.754370,0.855311,0.892323
f185edb4-3d1c-4299-b5b2-15b943c4a11f,gaussian_blur,s4,2,0.526206,0.644342,0.816703
f18a0ab9-ee6d-4880-b20c-3026b4b630ef,fog,s4,2,0.726525,0.832836,0.894052
f18b45f9-38bc-439e-9c82-f0466ecca5dd,clean,s5,0,0.783231,0.877999,0.882053
f18f88e2-e873-4a7f-8da9-d56c1b9477bb,gaussian_blur,s3,2,0.463924,0.570386,0.781435
f192a695-6ef4-46df-b144-de4e97a9eee9,gaussian_blur,s4,3,0.419522,0.480410,0.804060
f1954304-f501-4574-a4a4-0914776a0c97,clean,s4,4,0.801717,0.888052,0.906880
f19ac7e7-29e8-45fb-9e68-2e1517381f71,fog,s4,5,0.454934,0.591771,0.707664
f1aadb58-095b-4e27-929b-e25aa9fa02d9,gaussian_blur,s5,2,0.368502,0.455135,0.691636
f1b79f84-7f24-46ba-aa81-fd735219f713,gaussian_blur,s4,2,0.779763,0.867600,0.941621
f1b7feb1-dc7f-4359-9282-828d81996487,clean,s5,1,0.640489,0.767585,0.837929
f1ba9e96-43c9-4fb5-892c-787c1fb92366,fog,s4,5,0.453999,0.619866,0.636628
f1bbb42c-43ee-4fd5-8ea2-5fcd4d77e9c0,fog,s3,1,0.536529,0.653050,0.828976
f1bfa927-a1ff-425b-929e-607347e60a74,shot_noise,s4,0,0.362034,0.462433,0.660290
f1e30e9f-b540-431c-891f-721f06bca9b8,fog,s3,0,0.278834,0.400607,0.495248
f1ef2559-d33c-4f2d-b222-b265e42d819d,clean,s5,1,0.456577,0.603925,0.684971
f2030a5d-47f9-46e2-9646-f79da5fd0c3b,clean,s4,5,0.294855,0.435279,0.491099
f211fb34-a196-4741-900b-97b21b9edfb7,clean,s4,5,0.539934,0.657382,0.829259
f21f6bd6-7980-4c5c-92af-888329439b09,shot_noise,s5,1,0.452751,0.513561,0.848901
f220d7ca-3930-4038-92cc-40e0fa537726,fog,s4,0,0.775978,0.870670,0.898527
f224129c-0d08-49e9-aa0f-95fb43bbd1e5,clean,s5,4,0.345514,0.485230,0.568651
f23725b5-9057-4a9e-aae4-aa1d6df77d80,clean,s4,4,0.511737,0.651439,0.750402
f23bd82a-1c02-410c-b516-daf1f5d531a1,shot_noise,s5,4,0.279037,0.358182,0.558075
f2496814-f3ee-41ba-96d8-cb7fa101c1f0,fog,s4,0,0.326003,0.484279,0.506112
f24d974d-74c4-483a-a48b-79e7d4eed12e,shot_noise,s5,4,0.555251,0.710050,0.727775
f25f05b6-d684-4307-ac3f-9dffdf48e847,clean,s5,4,0.721468,0.835426,0.855065
f26575d9-5607-4fd6-94e2-6ba178e2e272,clean,s5,2,0.710120,0.830312,0.831548
f267c6a0-7efe-410e-a915-1e3fd4513f88,clean,s4,5,0.708012,0.824478,0.855083
f2776bed-00ef-4332-a38f-166e16c91d25,shot_noise,s5,0,0.679905,0.809091,0.811371
f28c1ced-3841-4d72-85a9-4336daea3fef,gaussian_blur,s4,5,0.563028,0.714428,0.741456
f28c79f9-a5be-4bc7-8d01-68c763efc551,shot_noise,s5,1,0.386747,0.526726,0.623381
f29ce2a9-e7cf-497a-9b2d-b791de0207cd,fog,s4,1,0.269039,0.415174,0.439104
f2af2df8-eccf-4966-9e26-1dd72db676a8,fog,s4,1,0.669953,0.793174,0.846784
f2b5f213-e134-4d81-9269-5ce4516ad2c3,fog,s3,0,0.617686,0.706263,0.959088
f2ba7193-353c-4018-8708-0c8dfb3c3f13,shot_noise,s2,0,0.486619,0.493219,0.973237
f2be1ee4-d0ed-4ee8-aeda-874733a99477,shot_noise,s4,0,0.544759,0.691968,0.748581
f2c414a4-aa25-4947-acee-479ef4e5adcd,shot_noise,s5,2,0.499502,0.665501,0.668384
f2d39911-5bb8-4e69-8496-548e7c73c403,fog,s4,2,0.364131,0.522835,0.556982
f2dd5995-0e8b-40fe-b685-4e1f9e3a05c8,clean,s5,0,0.370926,0.442748,0.717685
f2e6b630-985e-4c5f-80c1-242d8de02c4a,gaussian_blur,s4,4,0.763475,0.856360,0.932122
f2ebb798-83c1-4706-8a1e-2e037aceaed5,clean,s5,5,0.331759,0.464457,0.561285
f2efd6ea-68b7-4181-8eb8-979c17aaa4f1,gaussian_blur,s5,1,0.666788,0.794227,0.828565
f2ff1a03-1d0d-4aa7-a2d9-d6adb792409e,shot_noise,s4,5,0.744542,0.843375,0.918645
f304dba3-7726-4f72-9cbf-b4d518deb2ad,gaussian_blur,s5,1,0.620274,0.765533,0.766102
f306f012-cc78-4cd7-b679-ade46f08bc9d,fog,s5,2,0.639378,0.779435,0.782699
f3112cd8-1322-424a-aace-70eeb2e91781,gaussian_blur,s5,1,0.459353,0.627210,0.635753
f32af4c8-d327-4f16-9e0a-c5a46de1570d,gaussian_blur,s4,0,0.704520,0.813571,0.896800
f33232b5-8b72-4133-8f37-3262d8e0984a,gaussian_blur,s4,3,0.236739,0.381134,0.385607
f33f63d3-ba2f-46da-bc3e-6959ec253aaa,clean,s5,5,0.258819,0.341082,0.517639
f3485e13-aca3-4ae3-84cf-19f301e4bf81,fog,s5,2,0.480932,0.645621,0.660442
f34cb3c4-3531-4601-8380-c1f33f0af295,clean,s1,1,0.450774,0.506828,0.853794
f3550673-c750-4cda-b538-4a4fabdfc2ae,clean,s4,2,0.301100,0.457121,0.473372
f3608e9c-15aa-4284-af64-393d1de6eb9c,clean,s5,5,0.725831,0.841015,0.841910
f364da29-48e1-4bb8-8e53-2bd52f4b558a,gaussian_blur,s5,0,0.597863,0.748160,0.748997
f3742dc3-8396-4de0-a643-3f37d5eaa356,clean,s5,0,0.558150,0.703003,0.761626
f374e87c-8d5f-48ea-996c-3e954feddb61,gaussian_blur,s4,5,0.743583,0.842647,0.918330
f38814f5-1b57-4eb8-8702-ec2305feb168,fog,s5,0,0.715825,0.830274,0.858571
f39b68aa-4039-4469-b540-f7f917cb610f,clean,s5,0,0.599028,0.749078,0.749888
f39d132d-8e2a-436d-9ea8-0bdd70d1d06b,gaussian_blur,s5,5,0.456605,0.626748,0.627471
f39e6490-d1c9-41f4-8eb9-afd1dfaa30c6,fog,s5,0,0.508879,0.668387,0.692987
f3a31d00-33bc-490f-a783-4d472cb4021a,clean,s4,0,0.792433,0.877150,0.941568
f3ae0f4f-5c35-45d5-8f40-50e2784222e4,clean,s2,5,0.484937,0.492353,0.969874
f3b2a1e0-65c2-4f5e-ac2e-cedaf35e7ff6,gaussian_blur,s5,2,0.477975,0.645271,0.651099
f3bf1309-f1ee-4e8a-be64-e35070ba774d,gaussian_blur,s4,2,0.294206,0.454549,0.454837
f3d25350-2e33-440b-afca-1d26a5dab024,fog,s4,0,0.271871,0.400824,0.472058
f3d43b63-026c-4b20-bd8d-1097e830553c,clean,s5,5,0.718800,0.834884,0.845563
f3d5aef7-8bb3-4333-8a0c-d9c671f136c1,fog,s5,0,0.421868,0.582036,0.620587
f3d78c11-0c4c-4068-8832-b280901b9550,shot_noise,s4,1,0.667984,0.784723,0.876315
f3df4481-3185-49fd-a27e-07d8dd2414d6,fog,s4,3,0.523506,0.657025,0.775333
f3f8f1ec-050d-4a88-bbb1-c1b0290c14d1,shot_noise,s4,5,0.525998,0.629471,0.851072
f4041032-e9b3-49ab-8f11-c5021aa55c55,clean,s5,4,0.537326,0.682893,0.749957
f4184258-bb04-4da8-8bab-3772816d7bfe,fog,s3,0,0.456628,0.477331,0.913257
f41bda3d-00cf-4612-8b07-34c2626d836d,gaussian_blur,s5,5,0.644993,0.784125,0.784486
f42fb031-782d-46a7-a828-9c19f7491371,fog,s5,2,0.662427,0.796721,0.798018
f4312c9d-737d-4050-9694-69ae633eabda,shot_noise,s4,1,0.836931,0.908757,0.938304
f457b20f-b488-4c9a-9b4f-667b11b2d70d,gaussian_blur,s3,3,0.391872,0.497552,0.693515
f458d0cb-ca78-43d0-978d-d123cb27f635,fog,s3,5,0.328260,0.454056,0.567931
f462aac1-6f55-442b-9107-9ff30b528281,clean,s4,1,0.463605,0.553989,0.811807
f4723c09-d957-4daa-b30d-e9a4b201e41d,clean,s5,1,0.466714,0.617318,0.686290
f47e13f8-9424-45e5-8551-dde02296732d,shot_noise,s4,0,0.454315,0.595046,0.698213
f483158e-91b9-4ca9-92d0-4882edfbbad9,clean,s5,5,0.735327,0.844995,0.863510
f487c2b5-432e-4895-b124-6e0d16c01a7e,clean,s5,0,0.619576,0.765108,0.765113
f488d5d1-81d1-4a9c-8c5b-cfe53bf9a7c6,shot_noise,s4,0,0.742602,0.846057,0.892786
f48d880b-4a90-437d-8926-a9dcddea47ac,gaussian_blur,s5,1,0.670178,0.793254,0.847355
f49fd6fd-b5e5-4adb-ba6e-8275d1d99775,fog,s5,4,0.399969,0.567446,0.580532
f4a8715c-4048-4827-8d5f-99385f43a84f,clean,s4,5,0.704500,0.817269,0.877893
f4b6335e-caa0-4fbf-a9ff-4510ae111435,gaussian_blur,s4,3,0.315468,0.472047,0.493989
f4bbc3e8-7ca2-4573-8836-505926f48280,fog,s5,4,0.289277,0.423582,0.492395
f4c16fde-82ba-4b3e-864a-76d60b155677,clean,s5,1,0.815018,0.898077,0.898137
f4d6704d-4fcf-4c03-bc04-dbc4672e0132,shot_noise,s3,3,0.483805,0.491769,0.967610
f4e32865-faa0-4948-86c2-b37b306f3920,fog,s5,5,0.539614,0.699686,0.705259
f4e8d7f4-cab5-4763-b3f8-9a95b4543179,clean,s5,1,0.466623,0.635114,0.639637
f4ea276d-1470-4916-9493-f3e676a9c219,gaussian_blur,s5,4,0.638919,0.779321,0.781323
f5004465-df8e-484b-8ef8-30dfd52e0eab,clean,s4,5,0.518283,0.656193,0.759888
f5069182-2cba-43ca-b875-d9e9f7275c83,gaussian_blur,s5,4,0.506384,0.669556,0.680674
f50b49e7-f675-4b3b-86c3-9246d1f61a27,gaussian_blur,s4,5,0.144723,0.252090,0.253872
f50d02d8-6e0c-4caa-ab9b-3a01f486fc93,gaussian_blur,s3,3,0.495285,0.584401,0.850291
f51647ce-5510-4946-bf56-abe70751a7d2,gaussian_blur,s5,3,0.630576,0.772991,0.775414
f5199f14-3eab-4746-aa7f-4ae2aa265825,shot_noise,s5,0,0.723179,0.834617,0.868000
f529f9ef-7bde-478f-bf99-444bcfc8df83,gaussian_blur,s5,1,0.371321,0.523718,0.578997
f5348435-1b2b-4ac2-bad6-8dac19077722,fog,s5,4,0.408206,0.577486,0.585121
f53c9003-bf7a-42d2-be0c-f00de76cfe4a,fog,s4,2,0.825191,0.901090,0.935920
f53ed973-8600-47a0-b8e1-7cf1d2c5b94b,clean,s5,2,0.512757,0.661662,0.725936
f5447ca2-2e50-4cc1-a680-101d473abc63,shot_noise,s5,3,0.745893,0.853343,0.862032
f5452c76-001c-40c1-a5c0-e372066c8f98,clean,s5,0,0.611481,0.758857,0.759107
f547dc57-5413-4c96-b282-082ea9a7b153,clean,s5,3,0.443008,0.602399,0.643200
f5505de1-6408-4dcd-82b0-fa2f869cfe46,clean,s4,1,0.414000,0.556915,0.650251
f555d089-338f-4f6f-aafd-3e53059f5521,fog,s5,3,0.418123,0.585716,0.599266
f56db37e-ec72-4e5f-a13a-112c896ea3cc,gaussian_blur,s5,4,0.591409,0.741537,0.749886
f56fa763-d2e1-465b-8fb0-42b0b1e3bd4b,clean,s5,1,0.593245,0.742993,0.751344
f574f550-2375-46b0-b817-92b3a552cd77,gaussian_blur,s5,3,0.259561,0.393837,0.442347
f57be853-d957-4194-8bc2-6596b3f2dc09,fog,s5,5,0.636883,0.776395,0.786085
f582e94e-ab4b-4621-8094-eaab5bc0240f,clean,s5,1,0.648934,0.786751,0.788709
f584b55a-f855-41e5-b35f-15efe81cc166,shot_noise,s5,2,0.681905,0.810579,0.812421
f59624e8-f96e-4600-b404-4d42ed17e8ff,gaussian_blur,s3,4,0.617995,0.713405,0.940101
f597e905-cd2c-4489-b84b-a84694802f4b,shot_noise,s5,0,0.633129,0.769343,0.801429
f5a3561b-d6c6-4a2d-be9e-415921093c4c,gaussian_blur,s5,4,0.279194,0.424161,0.457970
f5b33ac3-ed6a-4d7c-b520-ba81fa70de63,fog,s4,0,0.578365,0.710948,0.808693
f5b491fa-5568-414c-bfac-ed5e309b189c,clean,s5,3,0.584335,0.735995,0.743877
f5c15793-90c4-4ace-badf-d7b8e5a6ef2b,gaussian_blur,s5,3,0.432991,0.578910,0.664654
f5ce55dc-340b-45b6-bbec-1188e59bfbf9,shot_noise,s2,2,0.444444,0.470588,0.888889
f5d08897-2450-4798-9877-553d93e385f4,gaussian_blur,s4,3,0.573609,0.707980,0.801141
f5d1700c-7545-41d1-a344-dd17b604f98e,shot_noise,s5,1,0.479600,0.620989,0.720299
f5e7325e-ce20-4054-97a4-68dbe77a3d07,clean,s4,2,0.811007,0.893171,0.918775
f5f1a094-c16d-4c68-b745-fd24145f5f0a,clean,s3,0,0.434174,0.569842,0.688292
f5f48002-c181-4de2-936f-97e69dc24a3a,gaussian_blur,s5,5,0.594990,0.745515,0.748272
f6128ffa-66de-4e58-a21b-202514177808,fog,s4,3,0.556950,0.709465,0.735995
f613f530-204d-4382-94b4-cb9ef173f632,clean,s5,5,0.651078,0.786203,0.800208
f61785bd-d6db-4ac1-98dd-9180873971d1,gaussian_blur,s3,0,0.642558,0.748704,0.916422
f628fa40-855a-4b19-967a-5f892c38911f,clean,s5,2,0.454256,0.623715,0.627411
f62db00d-14d0-40c2-98e1-6ce46642310e,clean,s5,4,0.538052,0.695210,0.714234
f6307cf0-4580-4ba8-ba82-bc17cbcd0ae7,fog,s4,5,0.610419,0.728694,0.866427
f6582b82-b668-4a13-bb5c-672a700bb419,clean,s2,3,0.479892,0.489740,0.959784
f6584b9d-e4c8-4b3c-bca9-5178050015e1,gaussian_blur,s5,1,0.753261,0.857967,0.868433
f6647e13-16f3-450f-8f84-96a332f3ae6d,shot_noise,s5,2,0.698495,0.822453,0.822677
f6648962-ae35-48b7-a212-de8eccebfbce,shot_noise,s4,1,0.744341,0.848655,0.885018
f67c6766-e161-4e8c-b9d8-c5557cc75574,fog,s2,5,0.259450,0.353087,0.503081
f67ce326-fcd3-4226-92a4-b631bc6a6e42,clean,s3,4,0.556458,0.680138,0.824120
f695e50b-6f9c-4658-8e67-a962a9cf83a0,fog,s5,4,0.309976,0.382698,0.619952
f69779e0-0182-4d77-927a-616f245a15dd,gaussian_blur,s4,5,0.712105,0.818738,0.904173
f6a011b4-615c-4c54-adec-c83914b2d33c,gaussian_blur,s4,4,0.579623,0.722757,0.773979
f6ac833d-9c47-4a38-a7c5-bb9809d64e40,clean,s2,2,0.274672,0.356244,0.547045
f6c04ba4-ff7b-4a37-832c-4d3b58e7b8e9,gaussian_blur,s4,2,0.395053,0.463876,0.757525
f6c286c5-6d12-4d19-9cae-35a2be46bb6f,fog,s5,5,0.539474,0.700845,0.700889
f6d85ed2-db22-41fc-888c-3ef6b172f905,gaussian_blur,s3,3,0.472162,0.485683,0.944324
f6e04c92-f7e1-434d-aeaa-5583c292b673,shot_noise,s5,2,0.515417,0.673243,0.701619
f6e9c9ef-e207-4fdc-a5d5-01ae23e14237,gaussian_blur,s4,5,0.446061,0.582673,0.699024
f6ee979c-3b18-47c9-8d22-b371d8068a1b,gaussian_blur,s3,1,0.793547,0.874086,0.970709
f6f180f3-3aae-45b1-a2d7-678581bec0ed,fog,s4,4,0.301577,0.461901,0.466192
f6fb8c12-791d-4a3d-97d9-2d1743dc8c8a,gaussian_blur,s5,1,0.361814,0.526295,0.542085
f70f0614-20d8-4c59-9930-d474ee393c6c,clean,s5,4,0.758769,0.854324,0.921303
f70f0f9c-ce78-4319-aa22-4cde1c59e21f,fog,s4,1,0.679541,0.803774,0.836843
f7139e09-ccf0-4a28-b9ce-e3bc207c1b14,shot_noise,s4,0,0.750177,0.853553,0.882560
f7266acf-684d-4746-a01e-2e29ec3ee690,gaussian_blur,s5,5,0.203371,0.302210,0.389296
f7267421-7884-4842-a495-de2aba50234b,fog,s4,0,0.543547,0.680366,0.779110
f726997e-a81d-425d-82b5-cf2a2cb82af0,fog,s4,5,0.693711,0.810807,0.863317
f728f9fa-d199-4a19-975f-bca5e1caecd0,gaussian_blur,s4,1,0.634155,0.752018,0.873344
f73d3848-0f2d-4e4e-b790-619e37096ae5,fog,s5,4,0.741022,0.850702,0.854917
f7482cba-9b2b-4a96-a4be-6c7fc60a0e6d,fog,s1,4,0.446964,0.499743,0.853780
f75152a8-31e3-40a5-b9c9-c98b7c968497,gaussian_blur,s5,1,0.638449,0.773796,0.803813
f752c0c8-a510-4650-b564-12e3f956c4e1,clean,s5,0,0.457328,0.627200,0.628768
f75c39e8-5fcc-49b2-8439-cd19d0c66087,gaussian_blur,s5,0,0.527351,0.687222,0.701163
f767237d-5f4b-4480-8ec1-071425729fb7,shot_noise,s5,4,0.530466,0.660552,0.789413
f76dac14-17e6-4070-acf3-6c2cddd73e10,fog,s2,0,0.494789,0.497381,0.989579
f773dbec-a8ae-435f-93cf-2502ce7fbd9d,clean,s4,4,0.584524,0.727521,0.775481
f774d8cd-5a42-4426-b146-c198520314a5,gaussian_blur,s4,1,0.772747,0.862788,0.937541
f77777de-ca2e-4190-a46b-ccf6b2fceff4,fog,s5,5,0.493067,0.608501,0.793232
f77dab33-6dc1-487b-8d3a-3327f5a32977,fog,s3,0,0.541491,0.630890,0.896711
f77dcbc5-88dd-4e19-8876-1aca2c790aeb,gaussian_blur,s3,2,0.510471,0.567838,0.925984
f77e8e9a-82a6-460f-bea9-dfaffdd15531,gaussian_blur,s4,3,0.266545,0.420873,0.420949
f79cf967-e83b-4258-b75d-f93f42477e07,clean,s4,1,0.281055,0.436033,0.443669
f7ab6a9b-1b6b-4e7e-8a86-7cccac6514f6,clean,s5,2,0.449472,0.619170,0.622859
f7bfbfc9-2ac5-414f-91c8-bde98feb4834,clean,s5,3,0.561862,0.719226,0.720371
f7c69020-8f97-455f-9b0f-749d38cc2b94,fog,s5,3,0.578862,0.733252,0.733311
f7c9461c-ac9f-4629-81b8-254caf272af8,clean,s4,4,0.756344,0.857699,0.886369
f7da0658-ae5b-4ca5-8e88-1678e5f0a864,fog,s4,4,0.618761,0.758560,0.789035
f7dc3351-1479-42fd-b41c-53662b77bfdc,gaussian_blur,s4,1,0.724024,0.826086,0.919488
f7e027fb-2e84-4f4b-8578-96cc3bdd43ed,fog,s5,5,0.560368,0.714836,0.730227
f7e1775a-e0c3-47d5-be45-845a28e76d3b,shot_noise,s5,1,0.576506,0.731337,0.731499
f7f3d6e3-d68a-4548-8361-e6e46e4c2a4e,clean,s3,4,0.457904,0.478027,0.915808
f7fcb3a7-649c-4761-a3a2-75cdd6353ffd,fog,s3,3,0.344241,0.451786,0.622319
f800c31d-2af2-433a-9231-b8690d19506d,clean,s3,3,0.835589,0.904653,0.971040
f806c194-0281-41b9-b09d-1b677aec0c22,clean,s5,1,0.475603,0.614802,0.722037
f8075d71-16fb-4060-b73a-204d38eda675,gaussian_blur,s5,0,0.552074,0.694070,0.768054
f80bd8b1-1f62-4e99-84dd-15c1697a0bac,clean,s3,5,0.485256,0.569989,0.847477
f81f66fd-2406-4832-ad29-2b9fb54bbe53,gaussian_blur,s5,2,0.563791,0.720502,0.723040
f82af8c7-4ad8-4b04-bdcc-fcd5f827d61d,clean,s5,0,0.544949,0.702654,0.714891
f82ffe6f-ba81-46bc-981c-eb7ee1f5a7d6,shot_noise,s4,2,0.746661,0.842914,0.931628
f84123df-44f5-4576-a19e-60ebef872833,fog,s4,5,0.767630,0.864782,0.896347
f8487148-5635-4faa-a727-57a94d78d7b7,shot_noise,s4,2,0.608542,0.745694,0.799674
f84a7009-cd09-4000-8dc7-5fe91549f5aa,shot_noise,s4,2,0.265652,0.414289,0.429173
f8737a45-0f2c-4ddd-9618-78143fa1fcc4,clean,s4,1,0.557029,0.690364,0.796688
f8765a1f-da85-45d9-ac5e-a08003798511,clean,s5,1,0.288311,0.367897,0.573640
f8846698-398e-4e36-9e6a-c42f423ba2a0,gaussian_blur,s5,2,0.583311,0.736811,0.736872
f88c8c35-b33c-4866-994e-5052bad585e2,gaussian_blur,s4,4,0.434620,0.498259,0.820444
f897ddd1-1c58-4097-9ccb-ff6a47386743,shot_noise,s5,1,0.586800,0.730562,0.773152
f8b17df3-988c-4bbc-8ab8-6935b585ff16,clean,s4,5,0.764228,0.856686,0.933861
f8b4864a-9d43-4a15-8b43-0701ead48f81,shot_noise,s4,5,0.577369,0.685406,0.880383
f8c1d843-3ef1-4956-828a-4537cf2e9489,fog,s5,1,0.842419,0.913758,0.922739
f8c69685-b813-422c-8e2e-a25d44bb624a,clean,s3,4,0.793547,0.874086,0.970709
f8c93cda-63dc-4694-98e7-0a5131e20b5b,gaussian_blur,s4,3,0.592025,0.722032,0.821826
f8c9ccaa-c6d7-46e8-a268-970098efc89a,gaussian_blur,s4,0,0.292944,0.435144,0.485008
f8d4f2b5-000c-46ee-91e5-4240c0d6c33c,shot_noise,s4,3,0.647941,0.764438,0.879445
f8ddb3b6-4c90-4055-a591-468516d424c6,gaussian_blur,s5,5,0.552123,0.682608,0.802291
f8de3011-cf7d-4cb5-8471-c91e6c4c0bed,fog,s5,2,0.573901,0.715325,0.778267
f8e54a31-2dde-441d-9dd1-7813c15fe26d,shot_noise,s3,0,0.583414,0.679521,0.915969
f8ed3cd9-bac6-4ef0-b499-ad2b5e105889,shot_noise,s4,1,0.500737,0.656586,0.698581
f8f014b8-6675-4810-a574-64e88c766a74,gaussian_blur,s4,0,0.558502,0.691650,0.798011
f8f0b679-deb9-4cd8-94d6-8b8f11076dc0,gaussian_blur,s5,5,0.137337,0.215514,0.274640
f8ff888c-c05a-4c05-a3e1-88f0314de8cd,clean,s4,1,0.616637,0.735404,0.866645
f90338c8-b2a8-4873-832e-5c5a7d358640,fog,s5,0,0.714672,0.823573,0.890408
f91ceec7-fbaa-4906-b78e-3ec60e4bd7b5,fog,s4,3,0.488361,0.579698,0.838352
f92174e6-f78c-4b26-ac4b-118a1248f684,gaussian_blur,s3,5,0.589011,0.707278,0.857769
f9342594-de49-47e4-bc02-fe05aa037d24,clean,s4,5,0.741789,0.848948,0.870343
f93f42f2-edad-4aba-8ca2-a6ff1b4b19bb,shot_noise,s5,0,0.533171,0.693359,0.702544
f942373c-26a1-4003-9c14-1f4c6fb67a73,gaussian_blur,s4,3,0.552249,0.679983,0.810180
f944f57c-3e48-47df-8d55-510a4ece5077,shot_noise,s5,5,0.141992,0.222154,0.282768
f95ca1ef-dc5b-4e90-ad6f-2b9c00ec09a3,fog,s4,4,0.304146,0.443376,0.507845
f9704207-1671-4c67-8848-0420e9d4c5d1,clean,s4,0,0.736780,0.843236,0.881665
f9708601-e401-4021-baf8-c2d7bfd9bbc8,gaussian_blur,s4,5,0.744466,0.840549,0.934848
f97b1acb-1335-43a8-a812-b2bdfc74427a,gaussian_blur,s5,1,0.460080,0.613240,0.674092
f97e550e-4737-43be-ab5b-3fbc09085eaa,fog,s5,5,0.340470,0.468344,0.582549
f97ef1e9-06d8-4230-a617-61cecc48e3cb,fog,s5,1,0.730472,0.842560,0.854957
f98d799d-0bb0-43de-b5bb-6829de4ed75b,fog,s4,1,0.722081,0.831851,0.878839
f9909e4d-5926-4283-88cc-9c5c85670e37,shot_noise,s5,0,0.836926,0.910598,0.918234
f99161b6-2877-45b8-bf6d-9fa4b4e15722,gaussian_blur,s5,5,0.579717,0.720169,0.783199
f998775f-d54f-4fe3-9364-eed42cc25b2c,clean,s5,0,0.533171,0.693359,0.702544
f9aba7a6-c2c8-4d81-aaaf-99e7bdbee320,gaussian_blur,s5,4,0.520826,0.684253,0.687055
f9af69c9-0330-41e1-9d6b-9c40c2f8b1d2,clean,s4,3,0.575492,0.717616,0.776378
f9bf09b0-d103-425b-bcad-3df047439dbb,fog,s3,2,0.466014,0.482409,0.932027
f9e2d907-732d-4f55-8018-f5a8ae615bf3,gaussian_blur,s5,0,0.770019,0.869214,0.876602
f9e8d704-544d-4cfa-8bcf-1063d637cc2b,shot_noise,s4,5,0.778972,0.872794,0.899030
f9ea78de-8197-44ae-b60e-4e68ad85389d,gaussian_blur,s5,4,0.518785,0.683038,0.683536
f9f3cd99-954f-4a16-8e6d-9ef9f097cfa7,gaussian_blur,s5,1,0.377757,0.518750,0.609904
fa083022-a4ab-4f06-a3ef-11ddab4b5786,fog,s4,4,0.681962,0.806520,0.833618
fa086890-1706-4dd1-a29f-0e44e09293c1,fog,s5,3,0.476346,0.631872,0.681792
fa0dd22e-11f1-4e45-92a7-b042503aa465,gaussian_blur,s5,0,0.708628,0.828453,0.835399
fa13a6b2-d3a1-456b-9977-fe2b692ada77,clean,s4,5,0.630225,0.750501,0.864055
fa1967f2-cb49-4e47-9ad5-d4dc4898a893,shot_noise,s3,1,0.435462,0.536546,0.758139
fa1ebe9c-e8f3-4439-a0b4-3314f5b4d554,shot_noise,s5,1,0.763314,0.865749,0.865940
fa25732a-219c-470d-90e8-17499b0103b7,shot_noise,s5,2,0.311749,0.465350,0.493963
fa2b6a98-bc1e-44ac-9cca-45e248d58a99,clean,s5,0,0.447083,0.596542,0.670869
fa380a84-fd39-4913-89a1-7313feae7fcc,fog,s4,0,0.727058,0.838142,0.865558
fa39ac81-eff3-4f46-9b3d-66c0de6d3339,fog,s4,0,0.452892,0.584330,0.717515
fa4296a2-dfab-4421-a962-84efe2816b1e,fog,s4,5,0.266301,0.414387,0.431200
fa4feaf9-1bca-4214-a052-f817d7f8240b,gaussian_blur,s5,4,0.645034,0.780189,0.802555
fa533fb2-5616-49c8-a417-645ddcbd9fa1,fog,s5,1,0.390239,0.524026,0.639916
fa5403d8-1c51-406d-8df0-f104db72b94f,fog,s5,1,0.574528,0.725146,0.746633
fa638946-c06d-4402-9c58-a9b0ab624343,gaussian_blur,s4,1,0.818300,0.893359,0.963013
fa6bc929-e0e5-4703-9eb0-8b46381aae83,fog,s3,3,0.615163,0.723984,0.898507
fa747048-cf6f-4fe7-878a-0725f332e7de,fog,s5,5,0.506217,0.671681,0.673659
fa8204f6-ffa3-4389-bde6-33e25c3cef3d,clean,s3,1,0.730426,0.826870,0.944400
fa8da697-354f-4ab7-81e6-c3c8e3a1aeaa,fog,s4,4,0.534236,0.677781,0.754263
fa9cb835-839e-4d24-9d1b-49a2961394c3,clean,s5,4,0.426270,0.563521,0.676141
fab831ee-4c0b-471e-b273-81ee28ac3b59,gaussian_blur,s5,0,0.737812,0.847985,0.856647
fabdc898-e2de-492d-9ec1-3266ef678718,shot_noise,s5,3,0.271424,0.351848,0.542848
fac1b0d7-4e68-480e-8c85-94c21d67aaf1,fog,s5,4,0.351479,0.489250,0.580619
faccb998-7347-41f4-ad7e-5e201095db77,clean,s4,5,0.717280,0.827270,0.882245
fad6e761-1c77-49cb-b80d-df5fbaf10021,gaussian_blur,s2,1,0.494013,0.496989,0.988027
fae3e825-7544-4302-b1f2-4d69d784ef57,fog,s5,1,0.359861,0.477188,0.628864
faf7303f-ff16-49e3-8403-e4f2fd8026ed,gaussian_blur,s5,2,0.599584,0.744623,0.769456
fafa56b2-4a92-495c-aaa0-962925b54e78,gaussian_blur,s4,4,0.830074,0.902811,0.951772
fb01e4bd-ad7b-4f6d-ae4c-564c3d40979c,clean,s4,4,0.552318,0.688010,0.787230
fb201837-3456-4041-8901-6b11817a8766,shot_noise,s5,2,0.419725,0.585234,0.605845
fb26d226-2d20-4168-9538-80511467838b,shot_noise,s5,0,0.493716,0.658970,0.667181
fb3061b5-d995-4e2f-9d53-296d482be450,clean,s2,1,0.476997,0.488228,0.953994
fb30b87b-6e7c-4c13-a4b5-66bccd6c2528,gaussian_blur,s3,3,0.449264,0.473276,0.898528
fb35119c-cde0-4f3b-a3b1-e46403755127,shot_noise,s4,1,0.715199,0.823231,0.894623
fb3a3416-cd74-4aab-af3a-3cae3bb4f652,clean,s4,3,0.790628,0.880819,0.901984
fb474952-1534-4b09-852f-fba38489aae3,shot_noise,s4,2,0.543183,0.677745,0.785381
fb49c953-56a3-41de-8eae-b0b03b50499d,clean,s5,5,0.566329,0.722058,0.726985
fb4ab4b5-22db-4071-9127-93764be04fc1,gaussian_blur,s3,3,0.647123,0.755009,0.911285
fb518d97-f3a5-45b8-bdaf-f4a1325d339b,shot_noise,s5,0,0.715825,0.830274,0.858571
fb59b5d5-ae63-4e6b-b450-01094918fce8,gaussian_blur,s3,5,0.438524,0.467248,0.877047
fb6a8891-a060-4b7b-98c7-452235418c2d,clean,s4,0,0.775978,0.870670,0.898527
fb6aecdb-5240-4daf-8c22-ecc2707f5fdb,fog,s4,4,0.805160,0.888779,0.921610
fb86d4eb-c53b-4dd0-a312-a0901ba489dc,shot_noise,s4,0,0.609902,0.741947,0.818686
fb9a85fa-cd7e-41e8-94e2-c5fbc9cf4c50,fog,s5,2,0.222542,0.361553,0.368000
fb9aa962-8391-45d5-ab58-c431e8df187d,gaussian_blur,s2,0,0.279757,0.360507,0.557135
fb9bfebf-cf9c-457f-b559-1933212d2c11,fog,s4,4,0.600259,0.737917,0.797078
fb9c85be-db9d-4072-806c-87af41f544ad,clean,s5,3,0.697671,0.821915,0.821921
fb9f98ad-e405-40d9-9970-bf9eff39bf4a,clean,s5,0,0.504640,0.667370,0.681024
fba62d27-6139-4d04-a133-de07dc2b641f,gaussian_blur,s5,3,0.600403,0.750092,0.751207
fbad3984-4287-4864-bc63-0750777160c3,shot_noise,s5,3,0.658734,0.793658,0.797187
fbb510f1-38f4-4225-8829-e7eb5c4069ba,clean,s5,0,0.497990,0.662490,0.671952
fbb7c1f3-d220-424d-aff9-b00fb9701edf,gaussian_blur,s4,0,0.326003,0.484279,0.506112
fbc0af19-57df-485d-9cc1-a6df888d0e27,clean,s4,2,0.293826,0.453585,0.455317
fbcb046b-ce8e-42d5-ba64-1ca4cc500b31,shot_noise,s5,4,0.522142,0.675509,0.718581
fbdb1e10-c6f8-4835-b52f-07cd17f9408c,fog,s3,1,0.404669,0.532093,0.670394
fbeebd53-14d7-49c8-a266-8f552a89c61b,gaussian_blur,s4,3,0.635639,0.759205,0.852117
fbf345c3-9256-47e5-a66b-a58436c61b8c,fog,s3,2,0.542765,0.658761,0.835104
fbfed56b-0441-4ba1-b6df-92532c2334b0,shot_noise,s5,0,0.384751,0.549202,0.570107
fc09a6cf-6ea0-4094-b40a-6f9c203f64b0,clean,s5,5,0.721354,0.837497,0.841982
fc13de7b-a88a-4a09-b88a-50e1d83c3929,shot_noise,s5,3,0.498740,0.651447,0.705993
fc22a718-912c-48dd-8da3-06d30b37249e,fog,s5,0,0.370926,0.442748,0.717685
fc27be57-bc2a-4614-bc49-906c23057161,gaussian_blur,s3,0,0.528235,0.599747,0.920040
fc311d8f-7959-456b-a381-5b817ea28489,clean,s5,3,0.715825,0.830274,0.858571
fc42e281-724d-4684-bed1-39833086bed9,shot_noise,s5,2,0.545105,0.700209,0.723536
fc455579-f2b6-43ed-9189-3d0773709d2f,fog,s4,4,0.715469,0.826805,0.876480
fc46f69f-3a71-41b7-b1c5-0d47f513043d,gaussian_blur,s2,1,0.357917,0.444896,0.675345
fc4866a2-459c-4a2f-8672-f84ba3e2e178,clean,s4,0,0.698031,0.807846,0.896688
fc5795bd-2764-4658-add3-75ae1590dece,fog,s5,5,0.454268,0.606020,0.672247
fc6aaca4-f396-4b0f-a463-1ca26195b1dd,clean,s4,2,0.571687,0.707806,0.794822
fc6bbc16-c8e2-4bb4-bcee-9f541696b5ae,gaussian_blur,s5,0,0.650449,0.784301,0.806325
fc7dc0e7-9f30-4ba9-b425-8ea3c5dcdb41,fog,s5,1,0.437684,0.542208,0.754496
fc8358ec-3e0f-4f67-9380-8eaf8fbc642c,fog,s5,1,0.515990,0.677077,0.692043
fc855c17-99e6-474d-9757-0499b24592ba,gaussian_blur,s5,4,0.275165,0.396164,0.490219
fc8cf4ad-3b62-4db4-91b6-16cd38b8a296,fog,s4,2,0.686238,0.802136,0.873521
fc8d4a8e-c8f2-47af-aae5-3a080b9c3d27,fog,s4,2,0.716275,0.821559,0.908245
fc8f9b74-78ab-40ba-b4fd-4e6c03ab6908,shot_noise,s5,4,0.550506,0.708337,0.716139
fc916405-8e88-4263-be14-a3c546bd8cbf,shot_noise,s3,3,0.699062,0.801175,0.932044
fc9e22cc-7265-4eeb-96a4-7273453c892e,shot_noise,s5,3,0.450272,0.619764,0.624064
fca46951-7656-4a92-b9e6-76c6f345eae6,shot_noise,s3,1,0.475044,0.487202,0.950087
fcb4fbbb-a22e-48d2-bd9c-f817c8deebaf,gaussian_blur,s5,3,0.648252,0.786526,0.786906
fcc4209f-25a1-4474-9f13-01eb904c0de6,shot_noise,s4,4,0.806600,0.890286,0.917210
fcc9f38f-f59b-4a36-8c3a-6e0fcdd20e6a,fog,s4,2,0.586161,0.699353,0.871281
fccf20b4-f825-4f54-a11b-1bf33dcbe744,clean,s3,0,0.461201,0.479818,0.922402
fce27d3d-a961-4839-997e-ce52f63f4d06,gaussian_blur,s5,1,0.470962,0.617027,0.701234
fce381ac-50a2-43c6-8684-a79db89546d1,clean,s4,3,0.696768,0.811605,0.872685
fcea3e59-98ba-4b18-8790-9135ec658de7,fog,s5,4,0.393970,0.528458,0.643269
fcff9a5d-db6e-4d2c-b497-5a3e9576345b,clean,s4,4,0.600851,0.720739,0.857826
fd24d8f4-e958-4157-818a-beb5a394c15f,shot_noise,s5,5,0.680907,0.809444,0.813958
fd294d5f-08e0-48ff-8020-11527dff4752,gaussian_blur,s4,0,0.598819,0.744267,0.767883
fd3568eb-989c-4328-ba30-4bb28381c3ba,clean,s5,0,0.827022,0.904641,0.912468
fd364f93-9063-48d7-a894-4bed4b533ace,gaussian_blur,s4,3,0.516477,0.621455,0.838859
fd3c0f29-1658-4998-ac12-17d66e005f91,fog,s5,4,0.637915,0.774931,0.796725
fd3eb246-7920-4db6-b18b-1b8d61ba3bba,gaussian_blur,s5,4,0.515281,0.678546,0.684987
fd441e43-4658-478f-a682-c4245bf58a11,shot_noise,s4,1,0.693756,0.813773,0.848298
fd4f19f0-a99f-42ba-9d03-026f816a3c6f,shot_noise,s4,0,0.830411,0.906377,0.917728
fd50a51e-03fa-4f92-839a-91f625e83ba1,clean,s2,3,0.630555,0.723505,0.953965
fd53cf86-3188-4b3b-958a-491d0c7e1172,clean,s4,4,0.712769,0.824917,0.874471
fd678441-eadc-46d5-aba9-9aba89ef6f5e,gaussian_blur,s3,2,0.566585,0.649420,0.934181
fd69f226-4c77-4b29-82a2-ad69c3da37cc,gaussian_blur,s3,2,0.620007,0.738116,0.869765
fd6eb362-d5d6-41ab-bc10-4e80a6b331ee,fog,s3,4,0.528294,0.630809,0.855339
fd6f5c09-5b15-4040-a2a0-cddf67d65a8b,shot_noise,s3,5,0.695713,0.795466,0.943221
fd74110e-18b1-4880-8216-21ac7c9c9abf,shot_noise,s3,2,0.660663,0.756703,0.955790
fd825fe9-9bd8-41bd-9830-8f167c7debef,gaussian_blur,s4,0,0.775978,0.870670,0.898527
fd86a016-44f1-4419-93ca-f821df3e9634,fog,s5,3,0.704029,0.825910,0.828613
fd96439c-03ca-4669-8d25-0984bcc85e56,gaussian_blur,s3,0,0.762472,0.849633,0.968960
fdb2d7f7-46a3-4820-a1e1-4d6103515e29,gaussian_blur,s5,0,0.717077,0.829485,0.868923
fdcce365-0b72-47aa-92d5-0be4d70196e3,fog,s3,2,0.554090,0.618555,0.960863
fdd1e456-6c05-4512-b289-b4b0d951b5be,clean,s5,3,0.731698,0.841564,0.867152
fdd3ac96-5d3b-4b1e-b895-bc1afc20241a,shot_noise,s5,3,0.813575,0.896353,0.905429
fddf803b-dcea-4b56-96df-e4d369c66bb5,gaussian_blur,s4,0,0.655382,0.767552,0.896222
fde1926b-5b4e-4a6c-a2cd-c45dcea0e265,gaussian_blur,s4,2,0.576583,0.723445,0.760320
fdf700ef-4afa-4de3-8f26-5ab33445ad2b,clean,s4,0,0.568542,0.713244,0.765685
fdf7ab41-0ea2-4620-ac46-58090bde6558,gaussian_blur,s5,4,0.656453,0.782281,0.840000
fdfefeaa-057a-4539-b217-78a0b42a6943,clean,s3,3,0.532681,0.626236,0.879333
fe01b8f9-6d1c-48e2-8295-7630ce26138f,shot_noise,s5,5,0.694317,0.819259,0.821380
fe0e7e54-3034-41cd-9d4c-d2e393c75ea7,shot_noise,s4,3,0.801511,0.883362,0.945195
fe11abc8-6743-461f-93f6-213455231673,gaussian_blur,s4,5,0.509635,0.616497,0.828187
fe1380b1-e0c4-4838-818d-209a9634a92f,gaussian_blur,s5,3,0.670597,0.796481,0.833988
fe1f4bc2-0bcc-4cef-804c-26a787649f11,shot_noise,s4,5,0.549506,0.662836,0.846973
fe23c342-1782-45b3-863e-eb72bf5f2c1e,fog,s5,0,0.460670,0.526226,0.851419
fe5cc4d1-1351-409c-9f81-eb6b3bd941a6,fog,s4,0,0.598819,0.744267,0.767883
fe648eb0-75d2-463e-8e64-b63980582d47,clean,s5,4,0.731134,0.841179,0.866782
fe667c9a-5be0-4385-ac82-7538fc15923f,shot_noise,s4,0,0.419808,0.563402,0.655392
fe6b9fa6-d20b-4d0a-8443-3054e5407771,clean,s4,5,0.747224,0.844004,0.927915
fe6c62df-4dc4-4ac4-85ac-ae8511f9aa00,fog,s5,5,0.355675,0.504924,0.564707
fe6ee50b-3101-4d19-87be-e0575d346e3f,fog,s4,2,0.694331,0.813725,0.851093
fe86305d-977f-4846-afd1-a38264cc4b42,shot_noise,s4,5,0.596413,0.733012,0.800299
fe8900a7-e244-4046-8ba5-25fa89377f20,gaussian_blur,s4,5,0.598963,0.734776,0.803533
fe8b2468-fdb6-4d78-a180-41d5a013851d,fog,s2,1,0.507215,0.597484,0.860780
fe8e86a9-6aef-4c96-a47a-38ad726d6141,clean,s5,5,0.213140,0.300298,0.424400
fe91ec5e-d4db-428a-959f-5b9be65ee23c,clean,s4,4,0.610778,0.738543,0.834176
fe96b00b-5d88-4598-ba25-35c81bee9e08,gaussian_blur,s3,5,0.835589,0.904653,0.971040
fe99fcab-d272-4ecb-85f5-57deb20157dc,fog,s4,5,0.220234,0.356508,0.367904
fea2815c-1f10-43c4-ac5d-0e0dbb736b87,gaussian_blur,s4,2,0.467725,0.601762,0.726704
fea2c1f0-6c9a-40d5-92ea-21a99da7b44b,shot_noise,s4,3,0.633248,0.759071,0.843415
fea2fd11-c361-4933-ac12-49ed51fdb0e0,shot_noise,s5,1,0.578795,0.724825,0.763685
fea9102e-69b1-49ff-ba0e-8001cf857086,gaussian_blur,s4,3,0.658628,0.783142,0.845104
feb846a9-41cd-4d56-a54b-0189074ff49d,fog,s5,5,0.376892,0.546352,0.549882
fecbb114-ccdc-42fb-b4cc-3ffb10300946,fog,s5,5,0.340267,0.432578,0.640256
fed6ac0d-7967-492d-ba85-80a9204f1191,clean,s4,0,0.669992,0.780438,0.902366
fee3b74f-b8df-4172-a1fd-df5e647b66aa,clean,s3,1,0.560095,0.679298,0.838787
fee9f07a-5b46-45c8-96f8-09ce2af0d6a8,shot_noise,s5,4,0.480208,0.646699,0.654895
feef26e6-18db-4b46-8cd6-856149f5ccd2,fog,s5,4,0.665246,0.798772,0.799989
fef1d841-a671-4594-9605-996c8523c2df,shot_noise,s5,0,0.773256,0.872131,0.872138
fef2f561-cf70-4431-8c9a-5228e685f81e,clean,s5,0,0.663521,0.797483,0.798955
ff03c5d9-1028-4a57-8db6-569bccda3659,clean,s5,2,0.227471,0.313670,0.453632
ff17bcad-f7f7-4e15-b64b-7583133304dc,clean,s4,4,0.750861,0.856081,0.868986
ff1bdece-19e2-4ce5-95e6-abce03eae96c,clean,s3,1,0.738133,0.829991,0.963152
ff1f9637-1716-4fac-a1ba-72a4a346f8c2,clean,s5,5,0.424251,0.595200,0.597117
ff238811-6512-4722-8c47-d9494bda27f9,fog,s5,0,0.445493,0.616166,0.616971
ff274b2e-554d-40df-b488-917602fd53e9,gaussian_blur,s4,0,0.277043,0.430122,0.440482
ff3aeac5-a49d-48cf-b27f-8ede8930f622,clean,s3,3,0.427261,0.536741,0.732491
ff47c229-e06c-4b51-ad60-7eac078e505e,clean,s4,1,0.466513,0.601847,0.722555
ff4d8892-a165-4566-b4b3-c0196149c2bc,gaussian_blur,s4,0,0.320820,0.477027,0.502544
ff511fcb-8e80-4f04-a071-31ef02bd500a,clean,s4,4,0.712133,0.818363,0.906208
ff541795-5f02-441b-ac0a-6c8b5cd36880,fog,s5,1,0.691809,0.817648,0.818849
ff620132-f88f-4f4e-88b0-60dac4a2d5a1,clean,s4,5,0.616881,0.738656,0.856390
ff667c6a-096c-45cf-adf0-6a075c961000,gaussian_blur,s5,1,0.384073,0.478709,0.701320
ff7b20da-5974-4834-a6f0-7b69c54323ec,gaussian_blur,s2,3,0.484937,0.492353,0.969874
ff7ce937-a7c8-4abb-ba76-87750ba204a3,shot_noise,s5,1,0.602413,0.751696,0.752635
ff7fcc6f-f464-459b-9ff7-c03583d4a745,gaussian_blur,s4,5,0.777724,0.872323,0.895669
ff8a14b8-94cb-4f30-9b50-02f298fa4340,shot_noise,s4,5,0.486210,0.646153,0.677305
ff9cb81a-6138-4ed2-9bbf-234fc117041f,shot_noise,s5,2,0.282287,0.412959,0.486837
ff9f0291-fcf9-412a-b9c7-52f122604ed7,fog,s5,0,0.671829,0.802928,0.807651
ffa689b4-50c3-4589-8f8c-025b546fd8fa,fog,s5,1,0.764570,0.865630,0.873646
ffa861ac-b8b7-4240-9fef-6776c54c71f0,clean,s4,4,0.638083,0.760574,0.856270
ffb5d3bc-62f1-40a6-9371-eb9413517136,fog,s4,5,0.387692,0.532001,0.615931
ffc3657f-1a5e-434a-8830-72409c36b8ed,shot_noise,s3,4,0.466021,0.596956,0.732048
ffd567f8-ee5c-4ac7-8e4e-692ca1d582ed,shot_noise,s4,2,0.556829,0.661004,0.875615
ffd5f06c-ba7d-4049-a23e-65778616b617,fog,s4,4,0.601379,0.722446,0.854228
ffd6079f-43e4-4d5d-a2f9-23c88f9db132,gaussian_blur,s4,3,0.727210,0.834754,0.886298
ffe5d172-711a-4ee5-a3a7-6b0c236cbcc7,shot_noise,s4,4,0.304240,0.464483,0.470380
fff454fd-0dbd-4151-959c-8dad67f03d8d,shot_noise,s4,1,0.472004,0.585846,0.775227
fffa4d0e-a769-43a5-acc4-0a4e57b2e8cf,fog,s4,5,0.491101,0.639537,0.711899
fffca5ad-a61c-4d51-93d4-958a5579b494,gaussian_blur,s5,2,0.527235,0.686176,0.704043
