uuid,corruption,scale_bin,severity,miou,dice,accuracy
00063c13-0b18-4a80-babb-68feaeb45e3a,fog,s4,0,0.544330,0.695473,0.736027
0009034c-6d9c-4a29-887a-e66e2e258f4e,gaussian_blur,s4,5,0.968776,0.984100,0.986677
00119678-a103-4314-b590-640871b5022b,fog,s2,2,0.717909,0.809495,0.973845
00128aae-6d47-465f-a096-209fdad69bb1,fog,s5,3,0.472458,0.640699,0.644587
001447da-e9c7-4c41-98e7-db27fe86851a,shot_noise,s5,0,0.826925,0.903945,0.919000
00361315-8122-413e-afee-f09278838587,shot_noise,s4,0,0.911467,0.952652,0.975453
003cc1ff-ada2-491a-a647-31ff460ec91e,gaussian_blur,s3,2,0.794857,0.874656,0.973851
00530a82-fb9d-4e85-a474-7aa6c4446e4d,fog,s4,3,0.886946,0.939038,0.957272
0065d935-ded5-460d-a333-529bae5830ae,gaussian_blur,s4,1,0.951773,0.974939,0.989325
007d7e06-b28f-4d9c-b5ce-56f6f73e3dc5,clean,s4,2,0.752793,0.849450,0.922162
008d79ff-c59a-4507-a866-e275fda8b803,clean,s3,0,0.959784,0.979170,0.994367
00a8b510-97b9-4e91-aedf-e52eb54179b9,gaussian_blur,s4,5,0.407384,0.448966,0.814769
00b3aaa8-e549-4e45-a8b9-af0cf87cad32,clean,s5,1,0.689320,0.813237,0.831375
00bbbb65-f80f-48a9-b387-91023fcfd4bc,fog,s4,5,0.945081,0.971276,0.988805
00d6dd61-7344-4001-8c7a-bdcea96208ba,shot_noise,s4,4,0.974022,0.986750,0.993643
00ed68ff-38ed-4764-8c80-297a97f0546c,clean,s4,4,0.458284,0.617751,0.656710
010d29bc-9102-43c4-af26-985c2a7be2a9,gaussian_blur,s3,1,0.900243,0.945230,0.989005
010fe5c7-7645-423f-912d-93c46355c707,shot_noise,s4,3,0.971519,0.985481,0.990543
0110f474-82ea-4efd-8221-4a116eee0f2b,clean,s4,4,0.833462,0.908145,0.920294
011fd40b-ee13-4188-8a76-6e25d7f8fd71,gaussian_blur,s3,5,0.521255,0.574143,0.946306
01269e21-ea97-4497-98d3-2e2dfee18278,gaussian_blur,s5,5,0.811664,0.896038,0.896090
012b3d5a-d8f7-429e-9579-430e22608758,clean,s5,0,0.962994,0.981143,0.981417
01321656-0c39-44eb-b546-621569d38999,clean,s5,0,0.934947,0.966373,0.966587
0144f19e-cd78-43ae-ab6f-942091797bb0,clean,s5,3,0.805851,0.892485,0.892530
014ca002-3739-451f-8360-407425e68149,gaussian_blur,s5,4,0.972971,0.986298,0.986448
01524091-9f40-425e-9a4f-9d9dc4c7c1b9,clean,s5,1,0.645236,0.779753,0.805328
017aa2f2-28b0-4944-a550-5cd35b605f84,fog,s5,1,0.809275,0.890565,0.931313
0187d952-fe4d-41f7-bc06-28c7b65781f8,fog,s4,0,0.970626,0.985017,0.990233
0188a442-a579-4cc8-b8a3-8ac33e86b343,gaussian_blur,s4,1,0.955593,0.977110,0.985235
0188b1c2-e4e8-43df-a300-4f5d2e54136b,clean,s5,4,0.887281,0.940027,0.944405
019659e7-29b9-4a81-b93d-49a781de7a18,clean,s4,0,0.902105,0.947743,0.963657
019d7685-9cdf-4a5e-b7e4-e5c825b2e66a,clean,s4,2,0.915453,0.955182,0.971013
01ad082b-7e04-4491-9911-ba1c4ff1ab2d,shot_noise,s4,2,0.957723,0.978297,0.983385
01ad66b9-d11c-4452-ad84-43e0e3ace437,gaussian_blur,s5,5,0.624999,0.767597,0.776256
01b0fb7f-39ce-4021-b942-9244465dda5b,fog,s4,4,0.260086,0.409704,0.418063
01b1f204-f5d6-4bf3-8ae3-663735d19345,shot_noise,s4,1,0.545820,0.636429,0.898059
01b7b99e-3b3c-4e9f-836d-d4862d8c108f,gaussian_blur,s5,4,0.264173,0.415243,0.422545
01bf0bc4-eec7-4184-bdb7-7ff1ab7d865d,gaussian_blur,s5,3,0.892988,0.943382,0.945014
01c4b38a-b492-41e7-9aeb-725b65daaac9,fog,s3,4,0.579073,0.671854,0.921093
01d337da-2307-4eda-93bc-d00c6d06398b,clean,s4,5,0.924091,0.960204,0.969200
01db009e-6572-4539-b41a-5195f3274805,fog,s5,0,0.776899,0.873583,0.881250
01e0065c-4495-4c10-b6fa-4d625b61a12b,shot_noise,s5,3,0.976430,0.988075,0.988075
01e25b32-a8f4-4293-b385-e7a56bdfe7b7,shot_noise,s5,5,0.905169,0.949001,0.974220
01e8d827-a7a8-4860-83f2-196df70f6a7a,clean,s5,4,0.407121,0.578648,0.578683
01ea9966-bdd8-4608-91ee-f25ee97cb7d9,clean,s4,4,0.975770,0.987712,0.989691
01f5f359-f8b4-4015-af07-11b80d7721bb,clean,s5,2,0.749567,0.856857,0.856881
01f878be-870e-47f3-9d0b-9a2908c8d94d,gaussian_blur,s4,1,0.778240,0.866308,0.942491
01fa916a-a81b-42b7-9433-0667d2637e18,fog,s5,5,0.502468,0.668306,0.670517
020be03b-d0af-4fc9-9ac8-e12642e3ae3b,clean,s4,4,0.819559,0.895928,0.947957
0215338c-8de4-4fa9-98a6-61542fb79e96,fog,s5,5,0.870764,0.930903,0.931139
021cb8ad-f035-4d9c-9186-f8bb0f81da98,gaussian_blur,s5,2,0.313771,0.468298,0.495281
02222c55-99cc-4799-85c6-f9aaeee93705,shot_noise,s4,1,0.925238,0.960488,0.978371
02476181-d9ee-4210-b7d5-59e6210649db,shot_noise,s5,5,0.451521,0.607139,0.660307
024b7de7-f253-4b90-aa54-a4d0e0b8a4cf,shot_noise,s4,4,0.910623,0.952288,0.972762
0258ab75-9148-435a-950e-d93b4f7e3f6c,shot_noise,s5,5,0.977100,0.988415,0.988647
025e137f-1615-42ff-a556-d36efc28c099,clean,s3,1,0.848582,0.913084,0.975680
027100dd-5c02-44ca-aee5-4f8b6bd02837,gaussian_blur,s4,5,0.810283,0.888123,0.958465
0276ef04-84a6-4448-b2ab-7474ab15e1f9,clean,s4,4,0.932206,0.964521,0.975979
027e9399-6433-4f67-9fd3-c3b0aff96105,clean,s5,4,0.665611,0.797507,0.807796
029e4edb-a2f1-4c1d-b975-58967b5ca3db,fog,s3,1,0.741242,0.835329,0.948955
02b92637-4120-4024-ae74-5046cb8f1256,fog,s5,1,0.947880,0.973221,0.974047
02c4ed9f-9cd6-4e1d-9a46-97d3fab4b118,clean,s4,0,0.964442,0.981702,0.992715
02c4f8d1-8b0a-4144-9340-9d263becd6e5,clean,s5,3,0.776899,0.873583,0.881250
02d59ca5-9f3e-49f9-9c5d-5f97d9de3790,shot_noise,s4,0,0.785702,0.875667,0.914780
02d9b77e-70b1-4d9d-af11-0069e44b7f18,gaussian_blur,s4,3,0.979375,0.989522,0.995157
02e22df5-6086-4180-8c6a-1023e28fcffe,shot_noise,s5,4,0.824745,0.902144,0.922474
02edb83e-aa3d-4b7d-9a36-52cd501a6820,fog,s5,3,0.881993,0.936900,0.943584
02f1e8ed-fa32-484e-9cb2-f75ba7488a46,fog,s5,3,0.975372,0.987529,0.987778
02f2f3cd-940d-4bf2-9d8b-40ffccc1a807,shot_noise,s3,5,0.902831,0.946986,0.985693
02fca06b-9ae0-4cd7-aacd-914c6087bad2,fog,s5,1,0.809172,0.893990,0.899547
02fdefb1-7bc5-4077-9f86-7d98dabb039b,fog,s5,5,0.897488,0.945833,0.948607
030294b2-d94d-48ac-bde1-e191b4df0ec6,fog,s5,5,0.980826,0.990320,0.990320
030b8506-82c6-42ed-8d83-b2b75b4ae866,clean,s3,5,0.963844,0.981308,0.996640
03110dcf-f594-4780-8661-9417b06a4265,fog,s5,2,0.743947,0.845561,0.902485
031ef7dc-fca0-407c-bc5e-cf2c9397cfb9,clean,s4,5,0.950127,0.974090,0.987381
0335e2b2-0618-4778-bc83-1ae2abee8c62,fog,s5,5,0.824253,0.903171,0.908720
036944e4-ea08-4e44-852e-dfdca8fe3a19,shot_noise,s5,3,0.652921,0.785639,0.810464
0372a42e-30ee-41fd-8b34-e3dcf700cb00,gaussian_blur,s5,3,0.769068,0.869452,0.869530
037eae80-e831-4f3e-af72-6d84fa9122aa,gaussian_blur,s5,2,0.935329,0.966518,0.968552
038588b0-c5ba-4efe-822a-12f6371c92cd,gaussian_blur,s4,5,0.905323,0.949084,0.974373
038631ef-8980-4d7a-9c8d-bbd478795d33,gaussian_blur,s5,0,0.805851,0.892485,0.892530
038a799c-dadf-4142-afb5-f98bf5bb496e,fog,s4,0,0.798776,0.883254,0.929920
03971874-7526-43d0-917c-dc4d23fe558c,clean,s3,1,0.753519,0.845787,0.947945
039a0af5-75db-4a96-b281-9a903a8b5c0b,gaussian_blur,s4,1,0.947968,0.973075,0.981246
039d3dcb-6474-439a-a47b-a9c8e44ce3e6,shot_noise,s1,4,0.473405,0.486339,0.946811
03a41555-0f95-4ae2-ba88-5efb02b4ff2f,clean,s5,0,0.727568,0.841169,0.849445
03a7c21f-16e0-4afb-9897-2dd9a8a23f41,shot_noise,s4,0,0.956706,0.977568,0.991512
03b025af-639a-445c-8e6d-252641356ff4,gaussian_blur,s4,1,0.840536,0.911993,0.928891
03b0cf42-81e7-43f0-98ce-7bb7c90d38a0,gaussian_blur,s4,0,0.771353,0.866886,0.901221
03b3797f-87f3-4110-8b68-37fb96f68209,gaussian_blur,s4,4,0.643908,0.766884,0.854179
03b5c6c8-cbc3-414a-9da5-43194e81e34d,clean,s3,3,0.928743,0.962077,0.988856
03c5b814-0479-445a-8a80-34afa1e41a54,fog,s5,0,0.903309,0.949195,0.949269
03c72c4e-215c-403b-aeb5-1fe55c786ad7,shot_noise,s3,3,0.838715,0.905683,0.982269
03ca457e-3f37-4a33-9b5d-c9e2a024a913,clean,s5,1,0.936467,0.967104,0.969851
03ec5427-a46b-4ffc-bea2-4f948c78b3bc,clean,s4,4,0.904147,0.948191,0.978022
03f3f190-bfb4-4db1-a435-055baa6ab7d1,shot_noise,s4,1,0.954746,0.976611,0.987016
03f59b16-f0b1-4e5b-a6cc-e8696a13a50a,fog,s5,3,0.851650,0.919871,0.920025
03f6694c-fd35-46d3-a6cf-5593ca2d6aa1,shot_noise,s4,1,0.916933,0.955677,0.979003
03fc0045-85d1-4389-937a-7913005ce4fc,clean,s4,3,0.599827,0.727271,0.832709
04114db6-e370-4012-997e-11b162ef93fb,shot_noise,s4,2,0.974323,0.986968,0.989061
041998cb-8317-4e80-98f8-7fd0e6ab21f8,gaussian_blur,s4,4,0.790842,0.877907,0.926619
041a951a-9256-4f14-9106-0e9eb0e96af6,fog,s4,1,0.754722,0.856522,0.885979
042fd8f9-281b-4b83-a5dc-d6ce185ae466,fog,s5,1,0.747228,0.853532,0.867606
0441b2e5-4d76-413d-91a0-55f5e7862194,shot_noise,s5,5,0.825853,0.901240,0.938867
0452da02-7d69-4411-98a2-036c348c8a1d,clean,s4,0,0.580438,0.721402,0.781643
045c8459-0c9b-40a5-a4ed-2fe25252c345,gaussian_blur,s3,0,0.802315,0.882706,0.955197
046170aa-7b2a-4be7-8467-5fbc578e99fc,fog,s4,0,0.964561,0.981887,0.986027
0463c2a3-62a6-45fe-ba44-372fb58a3d9a,fog,s3,2,0.794553,0.874494,0.973339
046a6428-9059-42ff-bf4f-46ae86352c66,fog,s5,3,0.779679,0.876160,0.876543
048c2fe8-d88c-4edb-a242-dc69027c6784,shot_noise,s3,0,0.656342,0.763576,0.914944
04912681-e6db-4327-bf1a-6a3949e7348e,gaussian_blur,s5,5,0.734901,0.846065,0.854544
04972051-cbbe-4e91-8973-bb8e87da2ab9,fog,s4,0,0.967772,0.983555,0.987668
0498f468-224e-4132-8bbc-ccdae3d011f8,clean,s5,4,0.963690,0.981458,0.984272
04a4e1e0-7841-4ee8-930a-984b4b8bc8bf,fog,s2,2,0.917169,0.955039,0.995862
04a921a3-b329-45ed-a992-757965622875,clean,s5,0,0.912657,0.954165,0.958037
04ae47ae-8f18-4b03-a4a4-6e0cf7bffe59,shot_noise,s4,0,0.909908,0.951908,0.971984
04d000f4-3b2a-4e30-b603-cc35e68246b0,fog,s2,5,0.565351,0.627004,0.977904
04e25d3d-aec4-46d8-9498-3c5e05c0b80d,shot_noise,s5,3,0.922901,0.959903,0.959947
04f79755-f609-4347-912c-fe37fdc9d536,clean,s4,0,0.953219,0.975918,0.981493
04f9dbe7-0f75-43dd-9e1d-d11a1acea0aa,shot_noise,s5,2,0.648143,0.786449,0.786816
04fe7005-c49e-4050-94c5-046c5b1cf946,shot_noise,s4,2,0.220287,0.314805,0.428520
05147076-392b-4060-958d-c852d3c100e2,shot_noise,s4,3,0.722814,0.830072,0.892288
051a8243-00ab-4127-b59c-ad9b3e5fb5ab,clean,s4,2,0.828416,0.905024,0.918085
051ba04c-9e2b-4ea3-a712-0ccf6c0b1199,shot_noise,s5,0,0.936467,0.967104,0.969851
0521f045-8478-42b3-bb6f-b4f82f465756,clean,s4,4,0.964561,0.981887,0.986027
0525fefc-e1b7-4bbf-8203-a9753eee8933,clean,s5,2,0.846742,0.916804,0.919501
0542759e-7b61-46a3-9bf3-ec356fe1da39,shot_noise,s2,4,0.882646,0.934003,0.993163
0542c58f-1976-472f-8faf-a7990f942c0c,gaussian_blur,s4,1,0.975752,0.987650,0.993976
054522bf-78de-48cb-9dad-53875c36e9d5,clean,s4,3,0.557545,0.645547,0.914491
055c5ee5-2a9a-46e8-97a7-8ad859fa6df2,shot_noise,s4,4,0.945237,0.971557,0.982075
056b460f-e343-41a9-a3af-8cfaf78e4128,fog,s3,3,0.677126,0.781223,0.927520
05737df5-e002-44a4-91e5-62ab0da097a0,gaussian_blur,s4,3,0.830018,0.905753,0.921568
058051e4-2e6a-4f37-ad3a-1619aa04e95e,fog,s2,0,0.932359,0.963801,0.997984
05921f5f-a156-413b-9c50-6f638f60e993,clean,s5,3,0.652865,0.788417,0.797365
059c80f2-b0d7-479f-9ef9-f7fa11cc6cd5,shot_noise,s2,1,0.883371,0.934460,0.993221
05b738e8-0250-4d0f-8085-e3c033602d53,gaussian_blur,s3,0,0.729694,0.819604,0.977441
05c8078a-e6ad-4080-9571-268e2291456d,clean,s5,5,0.977147,0.988439,0.988671
05d48f17-b5cb-41b4-aa9b-980717a40cc6,gaussian_blur,s4,2,0.914792,0.955103,0.964336
05f00370-1d2f-4145-8bfc-b5f3d381dfd0,fog,s5,2,0.373008,0.515153,0.601488
05f5568d-a8f0-4399-bc3f-b3c0276e6168,fog,s5,5,0.838421,0.911322,0.920997
060ae4d7-9d4e-47d9-8735-fd800447e40d,shot_noise,s5,1,0.742870,0.844772,0.902043
061616c6-6315-4706-a4bd-2ff95b019fb3,shot_noise,s5,5,0.920283,0.958375,0.961173
06165996-e994-47b0-ab46-b344ada9d5a1,clean,s3,5,0.481174,0.490406,0.962348
062a48c8-5b20-4cc7-b157-9bfb65b41c17,fog,s5,0,0.652865,0.788417,0.797365
062f4cc3-df00-49fa-97c6-879cf6fda22d,fog,s5,2,0.237370,0.366277,0.411113
0633f132-fde5-4e89-b862-e4630e27b17b,shot_noise,s5,5,0.345967,0.408960,0.691934
0635619e-dd67-40ab-ab78-336de1511e5c,gaussian_blur,s5,1,0.771192,0.870816,0.870822
064eedcb-3736-4136-b498-12009171768a,gaussian_blur,s5,5,0.855557,0.921861,0.925940
064fefcc-5946-4d5d-a7b6-cbc7664e6664,shot_noise,s3,1,0.907206,0.949725,0.983572
06574dd4-1386-4d92-a82e-9963be38b5f0,clean,s5,3,0.496914,0.637439,0.736949
066723c0-53f7-4e9a-a1ff-e2b27448ea31,clean,s5,0,0.496688,0.662993,0.665861
066ccd50-44bd-4044-af92-673e1eed838c,shot_noise,s5,2,0.904027,0.949451,0.952438
0677085c-01c3-4816-ae68-d5f2dac11cb0,clean,s5,5,0.894803,0.944322,0.947339
0693a02d-c871-4fbd-b8d8-70d540378401,clean,s3,3,0.963844,0.981308,0.996640
069deef3-6346-4017-8dd9-601d31da9b3f,gaussian_blur,s3,2,0.564233,0.640783,0.945893
06a06ac6-d28a-4754-b783-d5d7100f702e,shot_noise,s3,3,0.909898,0.951303,0.984060
06a28f2b-d82a-4f09-9728-645a065d5075,clean,s4,3,0.833462,0.908145,0.920294
06a90008-5da4-4e47-a0f9-bbf80e350cbc,gaussian_blur,s2,2,0.600428,0.675151,0.981776
06aa6d78-1c33-4c88-bc47-f70bc2ac07cb,fog,s3,5,0.709296,0.800902,0.975712
06acc4ad-1f43-438b-950f-fb134344a6a6,gaussian_blur,s5,4,0.418277,0.585925,0.599291
06b5db82-174d-449b-8c55-476b1c854d0b,shot_noise,s4,3,0.819977,0.897770,0.933516
06c6223c-b614-4042-b383-7e0b8a3e43d4,clean,s5,3,0.679577,0.799935,0.855652
06c8df49-9ddf-43e2-8880-fbe7a3ee9bd7,fog,s4,3,0.845798,0.915185,0.931467
06c9067c-dcb6-4933-aac1-f884318b16cf,clean,s4,2,0.977803,0.988712,0.994511
06c9d9cb-0860-4071-87b0-2730d04e2fa5,fog,s5,5,0.859834,0.924503,0.926389
06d0eb57-fb52-447d-b8c8-5ed001c7c7d3,shot_noise,s5,3,0.735378,0.847512,0.847519
06d69364-f812-4985-818b-c807f1ed032f,gaussian_blur,s3,5,0.847453,0.911613,0.983218
06d9e9ef-a0de-492f-9f8f-2fbd594888ca,gaussian_blur,s5,4,0.780338,0.876306,0.879136
06e344f0-23cf-4c8b-b5f4-f28b9a677c88,shot_noise,s5,3,0.444627,0.484751,0.869435
06e42447-c430-42bd-90c7-e90f7021e3d5,fog,s3,4,0.681631,0.773979,0.973051
06e563ae-c5f3-49df-a350-cbe9996161b1,gaussian_blur,s5,4,0.885072,0.938139,0.953472
06fe2cb2-a02f-4140-82e4-249b3a95f348,shot_noise,s4,3,0.630045,0.760456,0.825574
0705a177-7da1-4517-b0fd-a397f4871945,clean,s5,3,0.707296,0.827208,0.836362
070fbaee-b85a-4987-8a84-4b4100de07b9,gaussian_blur,s5,3,0.388815,0.441571,0.771861
0712fbca-82ec-4562-9310-caa90bc26e50,clean,s4,4,0.963647,0.981338,0.989472
07133cf4-5a5f-4c57-9aa3-51b48a2142df,gaussian_blur,s3,0,0.661465,0.769189,0.913456
07198a15-664b-4a2f-bb89-2d4d1f5cc77d,fog,s5,2,0.899332,0.946643,0.953659
071ccda2-4694-473a-a43b-be41bced4b1a,clean,s4,1,0.946282,0.972192,0.979877
071efd02-c035-4922-a9b0-354ede8837bd,gaussian_blur,s3,4,0.961084,0.979879,0.993917
07342352-3ae0-4a44-bcbf-9fab6b1e406b,shot_noise,s5,3,0.923689,0.960229,0.962884
073564c6-a338-448f-aa10-8e1c2b4be117,shot_noise,s5,5,0.836204,0.909719,0.922728
07399c50-b0fd-4e5d-9508-e242af86804b,gaussian_blur,s5,5,0.929045,0.963132,0.965549
073e6332-c7dd-4af8-aec3-5de5ec8abacd,clean,s5,3,0.144880,0.250764,0.256198
07453813-6fd6-40e9-a889-af9b156bd3e1,clean,s4,0,0.763445,0.863382,0.883970
0751680b-5262-4dae-9283-307e40476f1e,clean,s5,5,0.764327,0.866019,0.869442
0756bb22-b9e4-4231-befd-bdd80fcf22b3,clean,s5,1,0.941749,0.969993,0.970275
07603e3d-5a19-4ac8-aab1-f7559ad5e12a,clean,s4,4,0.950300,0.974154,0.988548
07675e95-6818-4c23-8c88-47a4294bcda4,clean,s3,1,0.656342,0.763576,0.914944
0786b17a-2973-4de2-8d83-5ef3b1b0295a,shot_noise,s4,5,0.787657,0.879584,0.894781
078f2850-3cbb-41dc-b01d-2459e9808ba0,clean,s5,3,0.884788,0.938493,0.945045
078febf8-6c5b-4cd4-b662-5bb7ba36c1d6,fog,s4,2,0.956065,0.977427,0.982501
0792019d-5e34-472a-a5d0-36af4b42eee1,gaussian_blur,s5,3,0.950297,0.974506,0.974883
079add52-9d68-454f-bd40-dc4a2c3ac7d6,gaussian_blur,s5,0,0.653778,0.783620,0.823125
07a8d812-025d-45ea-8b21-f6d88f495135,clean,s4,2,0.719667,0.826067,0.899749
07afe87e-6e28-4544-806e-d521ad5bc14c,clean,s3,1,0.948571,0.973028,0.995045
07b98e42-50a3-4c9a-8f95-46e313f2e9dc,gaussian_blur,s4,2,0.947840,0.972852,0.986834
07c2e98a-68f3-4579-9f8c-ea7ee1d8f744,shot_noise,s3,2,0.680674,0.781646,0.939862
07c5b376-2fa5-446a-9e50-ab6c172f0970,clean,s5,3,0.838689,0.912177,0.913307
07c60c15-55c4-482c-a5c9-b35e912cea2b,shot_noise,s4,3,0.903787,0.948380,0.970424
07dbabd9-d832-4d13-8867-480fcd16345d,fog,s5,0,0.328446,0.400561,0.651163
07e0afc5-f41e-4f83-b5f3-d2cb1cbd4f4b,gaussian_blur,s3,4,0.746865,0.839386,0.952879
07ea854d-6679-4095-819d-000676844c2c,fog,s4,5,0.448928,0.473090,0.897856
07eaee20-b08e-4215-9294-5c4de0f08329,shot_noise,s5,4,0.595712,0.744182,0.756252
07f0841e-bc20-4853-80da-7f06760b9d03,clean,s5,0,0.913402,0.953748,0.976210
07f2cb5a-98ed-4497-8f6f-87750bd0387e,gaussian_blur,s5,2,0.904422,0.949813,0.949814
07f75d43-118e-4831-86f5-634ff8eef21a,shot_noise,s4,3,0.846799,0.912974,0.963826
07fbbfef-36c4-448d-a699-dd9397dc40c1,shot_noise,s4,0,0.882148,0.935462,0.967177
080aa621-cec8-4e4c-89bb-650306835498,gaussian_blur,s5,2,0.792804,0.884055,0.887652
08115224-94a2-4b8f-8b72-12f1649bcaf9,clean,s5,0,0.894803,0.944322,0.947339
081eda1d-2b44-4a1f-b9cf-b4c98f06dd40,shot_noise,s4,3,0.304864,0.463043,0.475152
082cd140-effc-420c-837a-146b3c44f598,clean,s4,5,0.798776,0.883254,0.929920
082d2ddd-2e22-4c3b-b675-f53a8fa6e8dd,clean,s5,3,0.909497,0.952496,0.954871
083af374-eb93-452d-86f3-6a234539383c,fog,s5,5,0.755575,0.860772,0.860774
083b9dfb-f0a2-4cb8-9930-8fa1ac462715,gaussian_blur,s2,0,0.876559,0.930134,0.992704
08447fda-4504-4044-a273-becf96a0830d,clean,s3,2,0.910570,0.951696,0.984163
084eb79e-4f28-406a-9277-2c2d7dfeed4c,fog,s5,4,0.957068,0.978062,0.978102
084f49d4-268b-42f1-b282-03a9e2d55917,fog,s4,2,0.937666,0.967680,0.972491
08564a54-c6d5-42a5-984a-3f364137ec33,fog,s5,3,0.982711,0.991280,0.991280
085d4689-1ffb-4f92-9f60-0c03e61ce653,gaussian_blur,s5,3,0.907644,0.951386,0.955701
085dc738-a6a3-446e-9738-4e4423163d52,shot_noise,s4,5,0.634543,0.764405,0.827399
0868a333-e6e8-40d2-90d8-3c459abfa88d,clean,s5,4,0.470942,0.623789,0.684288
086e1537-9f96-4295-b8bc-5be6cf7bd425,clean,s5,5,0.824813,0.903106,0.913195
086e2d05-8b19-4f75-8821-e7beb0f94671,fog,s4,1,0.655911,0.768729,0.893717
08777bae-26be-4249-a8aa-215714bc65ef,fog,s5,1,0.784864,0.879181,0.881824
087966e1-2d63-4f2c-8db2-e372e0e0d83d,fog,s4,1,0.434233,0.602170,0.613962
08811b1d-ec89-46f6-a7d4-20f4a9cb96d8,shot_noise,s5,2,0.930932,0.964222,0.964479
08840c4e-e5ec-4c10-931f-eeb475eebedf,clean,s5,5,0.443938,0.483049,0.869952
088d0be2-5f34-4bfb-adba-9cfd2ae810e6,fog,s4,0,0.489961,0.629247,0.734382
088eec4f-0579-4856-8eb3-66706e32280a,gaussian_blur,s4,5,0.722931,0.830213,0.892043
089c340c-4503-4017-bc94-cfffd296694b,gaussian_blur,s3,3,0.671405,0.776464,0.923910
08a00fba-3eeb-43ca-ab09-fcb12b50f05b,gaussian_blur,s3,0,0.379763,0.442789,0.743735
08a87fd5-9f99-48ac-a8a1-2da3efa7cf56,fog,s5,1,0.768293,0.867973,0.876484
08aa5ff9-f971-475d-8135-e22bf1dfded8,gaussian_blur,s3,4,0.755121,0.847032,0.948374
08c8cf73-0e2b-43d9-ae5c-df2eee01a6f6,gaussian_blur,s5,1,0.566875,0.718440,0.741808
08d5efeb-35a0-4077-96e7-fa51993364f2,clean,s4,3,0.915453,0.955182,0.971013
08e252e8-1eea-492c-a87d-bc5e86d092fe,fog,s4,3,0.950781,0.974670,0.978693
08f3ae83-cf10-48d9-b88f-45f279830d9d,fog,s5,1,0.600833,0.749348,0.755845
08f6ebc4-c7a9-40fd-8528-13be03239efb,clean,s5,4,0.782905,0.877365,0.885335
0906e25a-a98b-4aea-add3-240f326f271b,gaussian_blur,s5,3,0.843622,0.915041,0.916805
090a7f6f-fe35-482d-afe9-75d2800256e0,shot_noise,s5,1,0.742031,0.850977,0.858208
0910e933-73c2-4830-95fe-94b68caed66d,fog,s5,2,0.721157,0.836700,0.845899
0918a7da-9fe6-488f-914e-48fc71ffc1fc,gaussian_blur,s4,2,0.630140,0.752568,0.856138
091ebdb0-6c92-4c72-8090-84854df49f31,gaussian_blur,s5,5,0.659434,0.792707,0.804720
0923b2f9-97a2-420b-a2cd-598505d475da,shot_noise,s5,3,0.394647,0.564536,0.569184
0926fea2-365d-46f3-b7ab-55c708887a5a,gaussian_blur,s5,4,0.393196,0.444002,0.781088
093bfc03-8269-4726-8f56-b373c94cc366,gaussian_blur,s5,1,0.711791,0.830669,0.837328
093cf4b3-5d30-4986-bd0c-51a2c90c8d92,shot_noise,s4,2,0.849561,0.915006,0.961680
093cfbec-e4f9-416b-9cf8-8724cf81c124,gaussian_blur,s4,0,0.949353,0.973772,0.983427
09423d42-0121-4885-810e-f20d583339a9,fog,s2,5,0.960380,0.979422,0.997669
09563ffb-e8c7-42d2-8478-f1f762c240cf,fog,s3,0,0.959784,0.979170,0.994367
09636ada-fb75-4fc1-9b65-973d7066c708,gaussian_blur,s3,0,0.530602,0.648004,0.822078
0965c7cc-2482-4cc3-944c-ef4f4b005661,fog,s5,1,0.570973,0.721149,0.747541
0967aef7-0008-48be-8ccc-8910b3fad5ca,gaussian_blur,s5,2,0.941944,0.970102,0.970180
0976a927-2efd-4303-9325-4606182c812c,clean,s4,4,0.935644,0.966480,0.974871
097fb532-6e84-4b07-9d17-e57b2f020cd3,clean,s4,2,0.643858,0.754679,0.900219
0981add4-7708-4f38-ae93-428cd4c7a31a,shot_noise,s3,5,0.542999,0.636303,0.889472
09822865-d898-464f-a069-d71702842bd3,shot_noise,s2,4,0.919599,0.956391,0.997654
098567e0-fc33-438f-9575-47cf7d064666,fog,s4,1,0.704072,0.817372,0.875451
0987adaf-3ecc-4a29-b3df-f42829ac2d77,fog,s5,4,0.461224,0.617127,0.668260
09939392-b669-4fe4-8775-e5c74b521953,fog,s5,3,0.736114,0.847811,0.849253
0994da90-7df3-46e3-bd58-4393a156624f,fog,s4,3,0.432332,0.588332,0.640947
09ab1d7f-e404-437b-8a4d-5fb912d432a4,fog,s5,0,0.905159,0.950133,0.951952
09acea95-1e6c-4bd3-abc4-e87698381f4a,fog,s4,2,0.961721,0.980322,0.988896
09b6451c-59d9-4ba8-be72-a6695705c998,gaussian_blur,s5,1,0.886751,0.939729,0.944091
09bd10a9-7200-4d01-9776-35f5e33922f6,fog,s5,4,0.705663,0.827169,0.828976
09d0371d-94f4-42c6-8279-b9ac94debb80,shot_noise,s3,1,0.726991,0.817287,0.976715
09d74801-ed92-497a-af9e-cf020607fd92,fog,s4,5,0.605478,0.732960,0.834048
09da3829-7b92-45e5-bb3d-b7c16c802ec6,fog,s4,3,0.928332,0.962279,0.977563
09e68aa8-7884-437f-b863-646f9a0a559b,fog,s4,5,0.943215,0.970337,0.985650
09eb6db4-b047-4a36-8cb0-3a3bbec934d2,fog,s5,4,0.844122,0.915470,0.915515
09f34ce5-6879-4bd8-8ea4-a2978e4e8dce,fog,s4,0,0.950322,0.974195,0.987444
09f5adab-066f-4c0c-bb5c-1a5294b4c150,shot_noise,s5,5,0.953343,0.976051,0.978767
0a04b7f5-b634-45e6-96ff-5ec42e9315db,shot_noise,s4,0,0.914408,0.954242,0.978207
0a099ec4-152f-403f-be53-09bcaad915c4,gaussian_blur,s5,5,0.961154,0.980158,0.981933
0a219dcb-ee2a-47e5-b646-0fd3d98bae0a,shot_noise,s4,0,0.960663,0.979705,0.991361
0a221b08-b4a3-419a-95ee-1dc70e547959,gaussian_blur,s4,0,0.834037,0.907583,0.930354
0a29c807-2318-4e72-bc5f-bdb4542b6e39,fog,s3,1,0.952628,0.975248,0.995575
0a3ce145-cfee-49f9-bb3d-1da54d73b3a7,fog,s5,1,0.890886,0.942253,0.943029
0a3e0cf9-0cc6-409b-b522-4278c7031c9d,shot_noise,s2,2,0.604058,0.681751,0.977551
0a6cadb2-1cb8-4ee4-91cc-da8067eefa48,fog,s4,5,0.948046,0.973116,0.981275
0a7ad34c-27d0-47f6-95d8-a4b4920b627f,shot_noise,s4,0,0.701545,0.803458,0.932155
0a853316-fb01-4e36-b966-c5153882a01b,shot_noise,s4,0,0.650975,0.782356,0.817259
0a8bff5c-a3a7-4457-8453-c1585e838615,gaussian_blur,s2,3,0.917908,0.955395,0.997600
0a8cfdc4-7294-4eb8-9841-dcd86e895575,gaussian_blur,s4,4,0.789606,0.874281,0.947301
0a8eedd3-275f-4887-acfc-1191a3405517,clean,s4,5,0.968797,0.984060,0.989877
0a97fc01-2a25-4281-b7a8-451a863b802b,fog,s4,2,0.664595,0.774496,0.904981
0a9d35c1-4104-4248-a2b5-58ec1e2f5dd0,gaussian_blur,s3,1,0.747555,0.840611,0.949232
0aa4605d-6442-40c6-9f53-8b1ae91890f0,gaussian_blur,s4,4,0.931757,0.964108,0.980428
0aa9cac9-bb54-4654-bb0a-c8a853742863,gaussian_blur,s4,2,0.825432,0.900913,0.939248
0aaf8b11-e5d3-4a00-9d92-d469dc70b9c3,gaussian_blur,s5,5,0.944354,0.971291,0.974492
0ab35678-a270-4365-9934-a141dd1efb47,clean,s5,4,0.877661,0.934792,0.935659
0ac49aed-f2e4-4eb1-ac33-9fcbc34e7e83,fog,s5,4,0.855092,0.921477,0.927093
0ac89577-02ab-42bf-a683-8dcd3ee51a83,fog,s4,0,0.557545,0.645547,0.914491
0acc5da0-cc6d-45da-b0da-80899528fd19,clean,s4,0,0.399237,0.570378,0.571280
0aceb948-4e8e-4e58-8f9c-0413ed358ecc,clean,s4,4,0.800602,0.881694,0.953211
0ad56d07-f6d4-4c21-be74-3bb2886b6150,gaussian_blur,s5,4,0.514582,0.654966,0.750619
0ad98c6d-8ef2-4167-a2c3-4ed3cba4c417,gaussian_blur,s5,0,0.794381,0.884597,0.892448
0ae0a1bd-43fe-43c8-b5ee-2609d4f39c12,clean,s3,4,0.796883,0.876133,0.974379
0ae4e5bc-18f0-45ce-8142-74e7f73f0ad6,shot_noise,s3,0,0.874055,0.929664,0.977317
0ae5afe2-6285-45ab-9778-c5bf3eddc9bb,fog,s4,5,0.456284,0.622417,0.637829
0ae779a7-32f5-4565-87ff-2265cdfda80f,fog,s4,4,0.950697,0.974534,0.982240
0b18194a-37c7-4d14-a0c9-ad6c57a3b988,fog,s3,4,0.627926,0.736211,0.905003
0b29309b-855d-48d3-91ee-bd0bdf1df8bf,fog,s4,5,0.973188,0.986330,0.992400
0b2c2509-33b3-4948-be28-4e86d8e172cc,gaussian_blur,s4,3,0.968801,0.984105,0.987184
0b2c5d12-a915-4681-b325-838d1e74fabf,gaussian_blur,s5,4,0.669095,0.799993,0.810507
0b3d4720-6e28-41d1-b9f2-e5c238fccb2b,gaussian_blur,s5,3,0.824394,0.903255,0.908821
0b43bfac-9357-461e-b1b7-aef45f1b9a16,clean,s5,4,0.394083,0.563972,0.568560
0b4d0dbf-7eef-4947-a529-b41a85ac7700,gaussian_blur,s4,5,0.412278,0.564734,0.627762
0b581690-282a-4f96-9f69-a481ab71d2a7,clean,s5,0,0.836298,0.910797,0.911473
0b60387b-fd56-4769-808b-cc3c112a29cb,fog,s4,5,0.850315,0.918177,0.930414
0b651610-5a95-482c-9b1b-4be0ca9ff6ee,gaussian_blur,s4,2,0.935071,0.965798,0.985384
0b66643d-fef4-46a4-b18d-90ced1ec438b,shot_noise,s4,5,0.830602,0.903413,0.949397
0b6be36b-2dd8-4c86-ab01-99d0b77cf940,clean,s4,3,0.909908,0.951908,0.971984
0b70c928-f317-4233-b6bd-d590d27e3336,shot_noise,s4,0,0.970626,0.985017,0.990233
0b737538-3667-4173-ae58-98f198a766da,shot_noise,s5,2,0.608222,0.755033,0.761931
0b743e87-b39c-426a-a175-35b3181fd9d9,clean,s4,3,0.950300,0.974154,0.988548
0b748552-dddb-4468-b7fb-0f67eb1fc2a9,gaussian_blur,s4,0,0.972499,0.985971,0.992267
0b792df6-511b-4758-8032-366a1f6d9564,gaussian_blur,s4,2,0.915300,0.955096,0.970960
0b842dfd-7b57-4e74-a67f-57d5533da7de,fog,s5,2,0.714187,0.829375,0.856069
0b88d83d-c1a1-48da-bf02-cab55c0d508a,shot_noise,s4,1,0.631651,0.771989,0.784155
0b8b2951-533a-454c-9ef1-e801b6fe56df,fog,s5,0,0.782905,0.877365,0.885335
0b90c6fa-aaef-4b9e-84a8-357ddebff38d,fog,s4,5,0.938678,0.968136,0.975684
0b98707e-87a8-4d9b-b44b-8f343e61190d,shot_noise,s5,4,0.728720,0.840014,0.862208
0b9e8bc8-b6f8-4f01-8657-0a0b66d2f439,gaussian_blur,s5,5,0.953320,0.976094,0.976450
0bafb200-ec11-4541-86ad-cb1ede293bab,clean,s5,3,0.756795,0.859268,0.877877
0bc205a2-b072-4e0f-b5c8-8a71de38446b,gaussian_blur,s3,5,0.657829,0.761090,0.929694
0bcba1db-c5f9-4fb1-8203-88f66a4f8bfd,fog,s5,3,0.954133,0.976520,0.976877
0bcc1199-a6c5-4f4c-a5ae-d50b8c971871,fog,s4,1,0.947040,0.972418,0.986640
0bcf0ce1-5812-44ab-995e-f147f31aa2aa,shot_noise,s3,4,0.741248,0.835963,0.945497
0bd9039a-b134-4216-9970-8a2f8cca2ec1,gaussian_blur,s5,4,0.711633,0.830518,0.837463
0bf18822-139d-43cc-9e81-de0196b858ab,clean,s4,1,0.819559,0.895928,0.947957
0bf245e8-cfd9-41d2-88f5-11959194f68c,clean,s5,3,0.739822,0.849578,0.856304
0c094f77-8204-43ae-b5e6-17080ad9d194,clean,s5,1,0.884210,0.937623,0.953371
0c0d8bbc-e7e2-43c8-aa31-1f13b3c1a0ce,gaussian_blur,s5,0,0.545030,0.694503,0.741611
0c0dadfb-90d7-4af3-b93a-39c31e915761,clean,s4,1,0.468883,0.521563,0.882673
0c0ef88a-b704-4e5d-9696-0b95c9229142,fog,s4,1,0.779454,0.873980,0.892560
0c14c972-1fa0-42ca-b5ee-f458984a215c,clean,s5,5,0.925242,0.961168,0.961211
0c178932-76d3-4282-bf2a-2cc7587301ca,clean,s4,3,0.792318,0.882210,0.900400
0c1afeb4-15ef-4d04-966c-93e95e8f6fbb,gaussian_blur,s4,1,0.969570,0.984466,0.989952
0c28f9d7-00fd-41ee-a026-665b85a3f7d2,fog,s3,5,0.657045,0.763114,0.919328
0c47d4f7-a5cc-446a-8c8e-eb5161db08e6,fog,s5,2,0.966957,0.983165,0.985327
0c4e8cd7-4fa3-432a-9735-7238ac1c04ca,gaussian_blur,s5,1,0.447419,0.485677,0.875952
0c571b48-5875-4b66-8086-cc5fd921a11b,fog,s4,1,0.686630,0.787705,0.939024
0c5873b4-3014-4b21-beed-c2cbd6da14f9,clean,s3,2,0.939120,0.967740,0.995385
0c674b27-d040-41e1-84a7-564e8ecc595d,gaussian_blur,s5,3,0.665594,0.799105,0.799835
0c694846-a73d-4196-bff4-3b06f6fbad7a,shot_noise,s4,4,0.264454,0.415415,0.423208
0c6a5e4d-937a-47d0-b4f0-90cc6d53f595,gaussian_blur,s3,1,0.959779,0.979167,0.994335
0c6f1838-ce84-4aef-b68b-434d076084a1,shot_noise,s5,5,0.916588,0.956358,0.959240
0c725411-1f77-4449-a4e4-4deb5912bfc6,gaussian_blur,s5,1,0.542992,0.703508,0.704859
0c843655-af70-47a6-853c-000fb6b6ae7d,fog,s2,5,0.685175,0.774424,0.984987
0c858fd1-0356-4ee5-99b7-b9d53fd637a9,gaussian_blur,s5,1,0.891347,0.942443,0.944462
0c8c8d06-41d0-497e-b202-cc96a9446121,gaussian_blur,s3,0,0.959784,0.979170,0.994367
0ca2bac0-7e04-4867-9759-dc7ec315b67f,shot_noise,s5,3,0.650200,0.788025,0.788027
0cc32427-9921-4167-8471-151ada9f0044,clean,s2,4,0.655417,0.741624,0.986218
0ccf3dba-d906-412f-af14-55a506356508,clean,s4,5,0.489961,0.629247,0.734382
0d041603-646a-402c-8532-c470aecba090,gaussian_blur,s5,2,0.961729,0.980486,0.980769
0d0ae366-52fc-457a-bf13-394d68f62d42,clean,s4,3,0.883326,0.937223,0.951199
0d14685d-28e6-4438-b286-f991ca3d08fd,fog,s5,3,0.832603,0.905505,0.942000
0d17bed4-2708-4ef1-917b-cefcadc78c65,shot_noise,s5,4,0.498958,0.638712,0.740549
0d1c8b67-e40d-4457-ba57-3615bbf91b0f,shot_noise,s2,5,0.926220,0.960350,0.995664
0d225650-c4c6-4303-8965-1446618a7106,shot_noise,s2,1,0.936452,0.966136,0.998107
0d466032-b003-49bc-9da1-b2ed96382374,fog,s4,5,0.894973,0.943662,0.960802
0d46c29b-4e52-4d18-814a-7f0d21aab746,shot_noise,s5,0,0.328446,0.400561,0.651163
0d490c4d-ac57-42b1-a6ba-5fa5f253ce26,fog,s5,0,0.641852,0.781838,0.781979
0d5e77fc-65c2-4eae-8f41-a054d0d744c8,fog,s5,2,0.867925,0.928861,0.935376
0d6427c1-0bd4-467a-9eae-c69c9e8d61a1,clean,s5,3,0.841473,0.912609,0.928829
0d688366-5506-43ec-a1d8-5db7cd152128,fog,s4,3,0.215627,0.309561,0.420220
0d6c01fb-868d-4384-aab2-5ebcc993bbf2,gaussian_blur,s1,2,0.848733,0.911270,0.996031
0d6dcc2c-d363-414e-8095-488e40a37942,gaussian_blur,s5,4,0.609307,0.757212,0.757296
0d79db11-055b-49ad-a1fb-2207c5398544,gaussian_blur,s3,0,0.478570,0.500188,0.941760
0d7d5545-59cb-4642-af85-2ec27e3b6bff,clean,s2,3,0.888372,0.937650,0.992800
0d81abae-ce13-475d-83bd-03857dfd741f,shot_noise,s1,5,0.472104,0.485652,0.944208
0d851a55-853f-43ef-ab04-bc85c4070887,shot_noise,s3,1,0.849310,0.913556,0.975888
0d906b32-08a6-4269-b759-2ac1267957d7,fog,s4,2,0.923197,0.959174,0.981883
0d9b8243-3c6a-4d75-aaff-d4b08a883737,fog,s5,4,0.280211,0.359147,0.560421
0d9e1702-a3b7-47bc-b0f2-fe1c2fdfd7b5,clean,s4,5,0.668430,0.783317,0.884114
0da08438-fb4e-4d16-abf5-4b009d90f8ed,gaussian_blur,s5,1,0.605096,0.751563,0.763650
0dba3f66-e021-4e9b-b5c4-bcdb56a4115f,clean,s4,1,0.889362,0.940114,0.963611
0dbd1ab7-c8d7-4074-95c2-90507516ed9a,shot_noise,s5,2,0.804174,0.889689,0.907510
0dc2d210-6b71-4ba9-b752-67e2b94b1d37,fog,s4,4,0.731660,0.835968,0.900336
0dc6b18a-e557-42c0-93c1-0dd89af779ff,clean,s5,3,0.949656,0.974173,0.974395
0dcbae71-791b-4a8d-a47c-40823ae9c89c,gaussian_blur,s5,0,0.626037,0.768354,0.777189
0dd7355c-ae70-433d-9d46-556e93f49427,clean,s3,2,0.980980,0.990328,0.997686
0dd92475-a2cb-42fd-9b95-c7882c363124,clean,s5,5,0.882193,0.936632,0.949684
0df33069-c9c8-4fb8-8850-f28a335b3813,shot_noise,s5,3,0.270944,0.423177,0.431898
0dfa33e5-623e-41a4-9335-571f3bc8752a,shot_noise,s5,0,0.652865,0.788417,0.797365
0dfbb6ad-8209-4adf-acf8-0f824c320ef8,fog,s5,0,0.984694,0.992288,0.992288
0e01f57b-2a38-43a4-816d-b79e73bcab42,clean,s3,1,0.685834,0.786172,0.942120
0e076c0b-7b7a-4ae0-90a5-cd1f3dd6f1a1,clean,s5,4,0.347094,0.410953,0.692506
0e1716f5-6c79-4318-bc05-f38931713cf4,clean,s4,4,0.849449,0.914923,0.961786
0e1c8b90-51ee-44eb-ad50-cc1bd1755ef8,clean,s4,3,0.531199,0.633424,0.858629
0e2bc450-d22e-4505-8c1e-71901b7b0229,clean,s4,5,0.571141,0.689884,0.846851
0e3a5ec7-6184-4848-a9ad-893c24af84ed,gaussian_blur,s3,5,0.961933,0.980320,0.994701
0e41c417-eef7-4c40-8c3d-38346b265426,fog,s5,3,0.920949,0.958765,0.960859
0e4484a9-12b7-4735-8dae-1508259de7f5,gaussian_blur,s5,5,0.879519,0.935883,0.936125
0e4f9798-cf05-455d-a3ed-a7e158517e13,fog,s4,5,0.966128,0.982664,0.989029
0e5527ba-6143-438d-a89c-a863bd4cd36b,clean,s4,4,0.960663,0.979705,0.991361
0e693e4d-bdd0-41b3-a849-4da123e65d0b,fog,s5,4,0.915259,0.955565,0.960030
0e719ec8-f951-4fc7-98d5-fc71d62101b3,clean,s5,1,0.929294,0.963314,0.964368
0e7405b0-de45-4f05-9e7a-fe49fbb9459e,fog,s4,3,0.909999,0.951622,0.978864
0e77fe42-f073-4c6e-a6fa-a4064c4d6847,gaussian_blur,s5,4,0.952595,0.975713,0.976078
0e7934ac-07ad-46a8-803b-bb726efdc774,clean,s2,3,0.869100,0.924987,0.996352
0e7acb8d-6790-4dd0-bbf5-a1a34832083d,shot_noise,s3,0,0.797793,0.877094,0.972395
0e7b365b-91a7-4a16-8583-7ad1dcb84c82,shot_noise,s5,4,0.928511,0.962908,0.963538
0e7ce06e-6686-4d54-a3b9-6ee4df49117b,shot_noise,s5,1,0.967485,0.983451,0.984893
0e84ce4a-4f09-48bb-b92f-eb0cb5c55b1d,clean,s4,4,0.771353,0.866886,0.901221
0e8d7981-770a-4172-9de7-386c931dbd0d,clean,s5,0,0.564848,0.716236,0.741953
0e8fa8aa-8483-40a1-a698-30a026da2044,shot_noise,s3,5,0.850690,0.913590,0.985659
0e90c183-df76-48bd-8184-2b3d6e298f75,shot_noise,s4,4,0.746671,0.852103,0.874312
0e9d13ae-9079-4fec-94b4-b6628e51aca9,clean,s4,2,0.599827,0.727271,0.832709
0e9efff3-8bd0-44e7-8a6e-5a8ca70e6643,shot_noise,s4,1,0.825085,0.898210,0.962615
0ea35891-46b1-4c45-8bf9-93212f7fba61,clean,s5,4,0.891069,0.942360,0.943040
0eaeb14e-e4f3-4efb-bc5a-e6ba7e85626b,gaussian_blur,s4,3,0.679708,0.794794,0.880091
0eb03d1c-69c8-4bdc-8fe0-8b3020132920,shot_noise,s4,5,0.253051,0.401484,0.407926
0eba44a6-b41a-40ef-a451-c4721df9ab26,gaussian_blur,s5,4,0.830551,0.907291,0.908960
0ec3918d-b07d-4d9c-8f00-45498fcb6fca,gaussian_blur,s5,5,0.549395,0.672113,0.822203
0eca9ffb-2cf0-4ea0-a205-42c317065c9e,clean,s5,2,0.930599,0.963942,0.967099
0ecf22ee-6b5d-4d89-9542-35cd21d5b8a0,clean,s4,5,0.531199,0.633424,0.858629
0ed24f95-305e-47eb-87db-75c02061a5e0,shot_noise,s5,3,0.766193,0.867588,0.867873
0eea4846-5929-4942-8e3e-f87048a335b9,gaussian_blur,s5,3,0.645695,0.784708,0.784709
0eec6475-e676-45e4-9937-44b12aa4b1d0,gaussian_blur,s5,2,0.859496,0.923718,0.933904
0ef3deeb-fe9c-4f2b-8447-a114f951e824,fog,s5,2,0.367002,0.504430,0.602555
0eff92a5-9846-43ec-b699-a1cb603d7df3,gaussian_blur,s3,5,0.617525,0.728751,0.891808
0f00cd17-4de8-44e1-b3d0-0c11a52de37e,shot_noise,s5,1,0.845257,0.914713,0.932869
0f07d88f-5df4-449d-8f58-893614d563b0,fog,s4,4,0.512515,0.637344,0.788976
0f2b8d25-0132-4cc8-8e29-d7607af1ce80,clean,s3,4,0.848582,0.913084,0.975680
0f33cf9d-b896-44ea-9ed8-b35a58049980,fog,s3,0,0.767752,0.854519,0.965547
0f4d9301-2c46-4489-bd11-e451913eac25,shot_noise,s5,0,0.582100,0.730028,0.757451
0f5a7d8c-05d8-4b45-b204-9e0914c0a931,shot_noise,s4,3,0.962806,0.980910,0.988419
0f6329ad-afcc-404d-ab5e-7bd4746147f1,gaussian_blur,s4,2,0.941090,0.969250,0.982684
0f655179-13b6-43d8-958c-3d8690d2a477,fog,s5,3,0.903532,0.949116,0.953371
0f69ac12-6393-457a-9d30-20e0dcc76137,gaussian_blur,s4,3,0.467387,0.632799,0.648563
0f75070e-6418-4cfa-8dbd-e5db1ac3fcae,clean,s4,1,0.728754,0.840015,0.862363
0f7f8c7b-9af5-485a-922b-27a15929c6a8,fog,s5,1,0.231951,0.360048,0.402358
0f813cc8-8c79-448a-86c5-525ec36fad32,shot_noise,s4,1,0.400308,0.571457,0.572411
0f839096-d289-4cd6-bb91-ce4ca8f5b1d7,gaussian_blur,s5,1,0.900568,0.947564,0.949957
0f892d9b-6c20-4546-9c3b-5ac5bca77a47,shot_noise,s5,0,0.731079,0.841525,0.864379
0f9d3065-697d-4cf6-930b-2eef7547dec0,gaussian_blur,s4,3,0.618534,0.718942,0.925744
0fa590ee-7d0a-4450-a59f-2afeb9eaddae,shot_noise,s5,4,0.332303,0.480164,0.534768
0fbcbed9-d812-4ac2-a3bb-c900369ba126,clean,s4,3,0.963647,0.981338,0.989472
0fbec82c-1e34-451e-9d31-64a9b1b133fa,shot_noise,s4,5,0.933992,0.965201,0.985076
0fc338f9-95ea-40e6-9f4b-a6d314ce8e13,clean,s4,4,0.798776,0.883254,0.929920
0fc7ef81-120e-4c62-b778-0dd0292d6c1a,clean,s4,1,0.901824,0.947041,0.973616
0fc7f9d2-e354-41f6-953e-d6bd436b6031,fog,s3,0,0.939120,0.967740,0.995385
0fc84ecc-db38-4b1e-8ebb-c2d00f51eddf,shot_noise,s4,3,0.960733,0.979742,0.991373
0fcb8af5-5b14-4b63-bd4e-90d9538dc53f,clean,s3,4,0.863448,0.922190,0.984954
0fdceb4e-e8db-427d-a9d9-e15a52a8dd68,clean,s4,2,0.952414,0.975450,0.982850
0fea95b9-792f-4ea9-bb92-3236789945c2,gaussian_blur,s4,5,0.923883,0.960190,0.966608
0ff2a5ef-4c4b-4b34-86a5-b51cf58eae58,shot_noise,s4,1,0.901879,0.947611,0.963625
100f1e24-8885-4358-b145-29fe30919144,clean,s3,2,0.802315,0.882706,0.955197
1011e3b3-7c96-43bd-8e83-8d205d5dcf64,gaussian_blur,s3,0,0.481174,0.490406,0.962348
10210bb8-603e-43b8-af4d-12b592207a27,shot_noise,s3,0,0.928743,0.962077,0.988856
1054618d-84de-40d6-99a1-c697fc2d9bf0,shot_noise,s4,2,0.642585,0.765745,0.853538
105f6ac3-5528-4f2a-b806-384c54de795f,shot_noise,s4,1,0.583510,0.729047,0.766272
106c6b9f-c775-4338-b97e-fea551a8398c,clean,s3,0,0.980980,0.990328,0.997686
106d8339-fb8d-469c-ad33-d5b8a8a4ebc9,fog,s3,0,0.557199,0.653347,0.895349
106fe5e6-0734-49ce-b36d-61ab51934944,gaussian_blur,s4,0,0.800602,0.881694,0.953211
107de80f-55e9-4cdd-a713-8fc8a580eab6,fog,s4,2,0.945672,0.971674,0.986308
10883150-578d-4752-88ab-1fe93324a1a0,clean,s4,1,0.963647,0.981338,0.989472
1093a18b-6b23-4825-8822-84a6b68dc32d,clean,s3,4,0.874055,0.929664,0.977317
1093da2e-c2d2-449f-9a55-b8347ffae4d0,gaussian_blur,s3,4,0.961088,0.979831,0.996373
10a06ede-5f71-49e6-8efd-deceb30d8af8,gaussian_blur,s3,5,0.511318,0.593390,0.881423
10a6feff-2319-4341-937b-6df8a09e164f,shot_noise,s2,3,0.593565,0.669500,0.973248
10bf25b8-5cbf-4771-948c-3bf7241b8b5c,shot_noise,s5,5,0.613969,0.758708,0.769564
10cca7e2-7965-44e5-9a63-f357401e2f04,fog,s3,5,0.701820,0.798136,0.956816
10d18764-bf25-4839-88f5-b84615e3688e,shot_noise,s5,3,0.815923,0.897717,0.907573
10de2670-1e09-4aba-b104-e279f91c6bd8,clean,s4,3,0.489961,0.629247,0.734382
10df19e6-67a4-48a8-9e6b-f0f47cd135cb,clean,s5,5,0.925654,0.961358,0.962269
10fdfad1-65db-42c4-bd41-68b2beb3be71,fog,s5,4,0.709961,0.826651,0.851910
11029e28-7a2e-4ab5-8478-67dd63104749,fog,s4,4,0.510468,0.667509,0.701163
110fa4ff-e3eb-47bc-85c4-0663c9929d52,fog,s5,1,0.545082,0.669004,0.816043
11132229-9f3c-45fc-8b1e-de9f81fe9065,shot_noise,s3,0,0.898411,0.944084,0.989481
1114d94e-fce0-4113-9c87-33cb9568c582,clean,s5,5,0.936467,0.967104,0.969851
1128f602-c42c-49ad-97c8-4a874a95ca7f,shot_noise,s4,1,0.262778,0.413810,0.420251
114b5360-04f4-43ec-a26f-a5e08bbe0f96,gaussian_blur,s2,3,0.951404,0.974517,0.997862
1151e885-7d7b-4c20-a469-4544a1c1dd23,fog,s3,3,0.730946,0.822522,0.968749
11605ba3-97c7-47a2-9d45-55b15dc375e6,fog,s4,2,0.981885,0.990820,0.995133
11641cec-278d-4e48-ae55-e3599395e35d,gaussian_blur,s3,1,0.527403,0.644924,0.819189
116fcb64-7ae0-47d0-ad1d-efc8dfe17832,gaussian_blur,s5,4,0.597034,0.745090,0.757835
117239cb-fa98-47cd-8855-527d739abb43,gaussian_blur,s5,2,0.883634,0.937834,0.944475
11762e85-54d2-4e96-a306-f14576e2a699,clean,s4,5,0.663027,0.774351,0.899403
117f0be7-89b3-4530-a650-c2db468bb3a8,clean,s4,4,0.840024,0.911692,0.928517
1186d0f1-0c5f-433e-acee-7e1e8571e908,gaussian_blur,s4,1,0.588264,0.689680,0.905381
11887f72-664c-4c5e-8c47-dc5792a95351,clean,s5,2,0.944932,0.971662,0.972542
1190986c-cba3-4184-a610-5cec778ed948,gaussian_blur,s5,4,0.520916,0.658996,0.761269
11975524-a307-4c3f-ac01-c3acd706e2dd,shot_noise,s4,1,0.685099,0.796458,0.895013
119ef29d-ab16-4992-bcc1-08a607ef9d71,shot_noise,s4,1,0.846195,0.913353,0.955211
11a8db09-94f0-4ccf-a2e9-659a302c6ab5,fog,s5,1,0.980656,0.990220,0.991613
11ae4050-0b73-4a7f-b3a8-d6af23362737,clean,s5,5,0.903309,0.949195,0.949269
11b7e7ff-f1d2-4b67-a4db-75c0b803419b,clean,s4,2,0.468883,0.521563,0.882673
11b9fbb7-cce8-46cc-bdd1-a571e8252107,fog,s5,2,0.196028,0.296630,0.372112
11c4698c-1714-4dfc-b901-ecb264c2e9e6,gaussian_blur,s4,2,0.856044,0.919669,0.956933
11c713fc-235f-48db-a1a2-63a75c2c53f5,shot_noise,s5,0,0.645236,0.779753,0.805328
11c88875-57c7-451f-a215-c8ba70925ee7,gaussian_blur,s4,3,0.951166,0.974622,0.988765
11f5b2a2-6bb5-4e61-b02a-378101daad9e,shot_noise,s4,4,0.526282,0.680083,0.719456
11fd964b-ca8c-4cea-8664-6175ec1fbbe6,gaussian_blur,s4,5,0.605101,0.734540,0.827179
11ff29d0-d353-47f6-ae5c-28ba85c563e4,gaussian_blur,s4,4,0.783039,0.869074,0.948936
1201f104-e390-487a-9a4d-756c0a77e475,shot_noise,s5,5,0.562756,0.718318,0.726925
120a4bf7-ffd8-40d2-8764-c9dc42dc2081,gaussian_blur,s4,5,0.899830,0.945660,0.976978
12144607-fab0-4398-8aa0-e190549684dc,clean,s5,2,0.240784,0.386607,0.390575
1219bd4f-d290-4aa4-a125-94846e5287f2,clean,s4,4,0.709705,0.816839,0.903195
122e7e7c-5dc6-470c-a39d-3a90cef02470,clean,s5,2,0.762176,0.864894,0.866112
122f2229-376c-458b-b9fc-2932e01521f2,gaussian_blur,s4,1,0.819212,0.895915,0.945851
12391a4c-c048-43c9-80e2-7067d7dce80a,clean,s4,3,0.964561,0.981887,0.986027
124db0b4-bc7b-44aa-9e2d-7b4fe2b88063,clean,s5,4,0.882974,0.937754,0.939405
124df286-3ce9-499a-bb19-fe8765a228de,shot_noise,s5,3,0.380923,0.522741,0.612357
124f022f-7ecf-47e8-8761-0bf37f3a31c1,shot_noise,s4,5,0.606417,0.736463,0.825305
125080df-aa5c-4fec-94c3-15fc0b38887a,fog,s5,2,0.781091,0.877044,0.877488
125576f2-ac68-4c35-a5d7-4d47a5f5d24a,clean,s5,2,0.347094,0.410953,0.692506
125c6550-ccd0-4efe-9634-0eb0a43ca1c8,fog,s5,1,0.967911,0.983682,0.984410
128affb5-bff9-4925-af19-a50f40d55b9f,clean,s5,1,0.724475,0.832166,0.888256
1295d258-b543-48a2-989f-bd1c75bc7cb1,gaussian_blur,s4,1,0.544387,0.661660,0.833048
1296559e-4a66-4498-9781-f1ea7ea172d1,gaussian_blur,s4,4,0.865720,0.925634,0.960222
12982007-1b33-4cae-b15e-334064c76857,clean,s3,5,0.959784,0.979170,0.994367
1299dac3-b740-4114-9d27-5727f9b45e2e,fog,s4,4,0.763453,0.856990,0.927892
129bb63c-53a1-4666-9f9e-fcc854053c4c,clean,s5,3,0.905948,0.950650,0.950716
129de116-045c-459c-81f0-c13595365bf5,clean,s4,0,0.734274,0.842358,0.874832
12c06103-ae7b-48fd-b4f0-a2eacbbb95ec,gaussian_blur,s2,1,0.778471,0.860359,0.983424
12c9c897-8bc2-4ec4-aec1-d4bb54a962cb,fog,s4,4,0.394540,0.565026,0.567696
12cd5643-94a0-42c8-b569-5b838c6c5630,shot_noise,s5,5,0.734339,0.846791,0.847029
12cebe8a-d148-4808-9f67-138c4eb95c30,shot_noise,s5,0,0.891069,0.942360,0.943040
12d86ef6-9b41-4f1c-813e-839f808f4df9,shot_noise,s3,4,0.482965,0.491335,0.965929
12dd337a-58db-41a6-a716-8b5b2a6debc4,shot_noise,s5,0,0.236396,0.365524,0.408987
12edfb92-9156-480c-b7c0-af335c8c76bf,shot_noise,s3,5,0.842204,0.908944,0.973640
131689a8-35a9-424f-9358-2a9402d255d9,clean,s4,3,0.919113,0.957216,0.972704
1318a707-4eb2-41fe-8d6b-abafbf29f417,clean,s4,0,0.910341,0.952125,0.972739
131d6833-38af-4572-94c1-abc3aa837d40,clean,s4,1,0.544330,0.695473,0.736027
13208c7e-1a5f-4dbd-a41c-72f31863b4b9,clean,s4,5,0.919113,0.957216,0.972704
132dd441-2d0b-4358-b959-68045a57ae59,clean,s5,4,0.743577,0.845309,0.902213
1335e69a-3c52-44b2-aa2c-c02671411c40,gaussian_blur,s4,4,0.945369,0.971518,0.985946
135cd1fd-9db3-410f-b5c9-a2e45d81ec35,fog,s5,5,0.883050,0.937750,0.940198
135dea62-7d0b-47b7-831a-49fbf76873a1,fog,s5,5,0.142228,0.246924,0.251841
13635651-9715-4a78-926b-e91be42575fd,fog,s5,3,0.145052,0.251013,0.256482
13643370-157d-416a-b627-401ed56cbd83,gaussian_blur,s3,4,0.773642,0.859048,0.966939
1377f741-cf71-421e-8b05-c8e31a123e33,shot_noise,s4,3,0.951824,0.975095,0.984241
1378178f-a86c-4d02-a843-57023e29fc0c,gaussian_blur,s3,4,0.911119,0.952012,0.984355
1381ffe2-232c-4f37-b22f-43bc9edb3127,shot_noise,s3,1,0.809279,0.886642,0.964678
138bedcd-2a92-45d5-baca-12a4c8e791a7,shot_noise,s5,5,0.446528,0.615595,0.622021
139fbb67-bbfc-40bf-9e22-efc74e32a0a2,clean,s5,0,0.931544,0.964474,0.966949
13b340e7-a1c9-4e3f-9134-5129b876e5c6,gaussian_blur,s4,3,0.902542,0.948166,0.960511
13c1ba91-2325-45f7-bc5f-9778eebcd02c,shot_noise,s4,1,0.841869,0.913183,0.925237
13d665a0-89d7-488c-9b2f-d9abaf1a9e53,clean,s5,1,0.933229,0.965385,0.967668
13df5506-85ef-4ee0-8e6e-a6bc8bcc0cde,shot_noise,s4,1,0.792370,0.882258,0.900304
13e0b1b6-86d5-424c-b881-27b8e2c3bc33,clean,s5,0,0.925654,0.961358,0.962269
13e3e92f-812c-40cf-ba65-4c66fc678d78,gaussian_blur,s5,4,0.621310,0.764540,0.774456
1404ada8-7027-4876-9c06-228de0d9e222,shot_noise,s4,2,0.668481,0.798860,0.813461
14121bd7-f824-4ea7-8268-891b8442e7e6,gaussian_blur,s4,2,0.723917,0.831616,0.888757
141d3254-5380-40ad-b380-c1aa68d17867,clean,s4,2,0.544330,0.695473,0.736027
1429711c-52ae-449a-a9d4-5e182578316c,fog,s5,5,0.853618,0.921005,0.921333
143d3909-a3da-4249-b8ba-d630d7988e0f,clean,s4,0,0.935547,0.966469,0.973611
1446b05b-cea2-4c15-86f2-02c4e83ffb8a,gaussian_blur,s5,2,0.737417,0.845809,0.868688
145ede93-9deb-413f-9a64-4001f326ca1a,fog,s5,4,0.841832,0.913973,0.915880
146d4278-5e03-44b3-9deb-8c002b70b31a,gaussian_blur,s4,3,0.959075,0.978846,0.991573
1470f7a6-bd3c-4da4-9468-8202139070b7,gaussian_blur,s5,1,0.713271,0.823598,0.883915
1486164b-6617-4555-9323-db6cecf76ad4,gaussian_blur,s3,4,0.735815,0.825181,0.977207
1486a602-a338-4e50-bd8e-260f07c30ce0,fog,s3,1,0.628172,0.732904,0.916613
14913097-1076-460f-9579-750d5e4f5438,gaussian_blur,s4,5,0.970420,0.984911,0.990064
14919f28-2f32-44c3-970a-f88bb3b1f472,clean,s5,2,0.912657,0.954165,0.958037
1492baea-5b73-4d02-bf57-2ae8678e897e,clean,s2,5,0.655417,0.741624,0.986218
14933e68-9e4c-4ce6-b88c-39760f21e9e6,shot_noise,s5,5,0.618196,0.762220,0.771776
149d5e69-d82c-4141-8725-044a130d3e30,shot_noise,s5,0,0.240784,0.386607,0.390575
14a5a3bc-ceb8-42c9-997e-efc92582bd72,shot_noise,s5,2,0.842164,0.913351,0.925510
14aa44ec-9376-46e6-82e7-9763d7d89ff6,gaussian_blur,s4,2,0.512555,0.660455,0.728625
14ad9c4b-01f9-4030-948d-3fb03362b270,shot_noise,s5,0,0.564848,0.716236,0.741953
14b0a337-cc4d-4fde-9257-25814053f139,fog,s5,1,0.985105,0.992496,0.992587
14bf1290-a16d-41d9-9990-663f42084014,gaussian_blur,s4,0,0.977803,0.988712,0.994511
14c12f63-6a66-4bbc-8e10-d9f86a30c033,fog,s4,0,0.580438,0.721402,0.781643
14c25953-68a5-4a9b-911f-68f08f8cb8dd,fog,s3,2,0.804728,0.883319,0.964485
14c9155f-1cde-419b-8a67-a6bfe26e164c,fog,s4,1,0.721128,0.828917,0.890896
14e0e6bc-633a-436b-ac78-3db267ecf1bb,shot_noise,s5,5,0.941187,0.969561,0.974356
14f1cc87-6bfb-4973-8eb3-f737a3a91dd7,clean,s4,1,0.970684,0.985037,0.990928
14fea7e6-f89c-4e1a-b875-9d77c9182889,gaussian_blur,s4,0,0.557545,0.645547,0.914491
150c898b-a5cd-4f63-8ca8-7507daec1e85,shot_noise,s3,1,0.776661,0.861464,0.966896
1526d26d-e730-4c17-8078-23564d34736a,shot_noise,s5,4,0.762806,0.865445,0.865449
15277c82-5234-49d6-aaad-305a3679ebfa,gaussian_blur,s4,2,0.885435,0.937702,0.963874
1529cdb3-5d02-4083-a854-cc73896957c6,fog,s3,5,0.646612,0.750301,0.925892
152bc850-06d0-480b-b1ae-5e709db73061,fog,s5,3,0.637824,0.776682,0.788653
152e01c7-dd89-4c23-96c2-bd690eeefdf3,clean,s5,2,0.822013,0.901001,0.915564
15315fa0-76d6-4e34-9903-f556a19d2b68,fog,s3,1,0.498432,0.616277,0.792952
153fb1c5-1e78-4bea-9e3d-b02db16aa89f,gaussian_blur,s4,1,0.604555,0.751357,0.762363
154dcab8-2f2e-4eca-90fb-b9b899da9190,fog,s5,0,0.407121,0.578648,0.578683
1553f5f3-f20a-415b-9914-f1f0de403441,fog,s5,0,0.375428,0.532889,0.573776
1570b63b-09f0-446e-a412-cf6e9eb824d7,fog,s4,1,0.616144,0.760209,0.771984
157b8e19-a631-4aac-8ef1-7929b8525d50,gaussian_blur,s5,2,0.956174,0.977524,0.980827
158c4a2c-e7d6-47cf-a1fb-4396cb3dc67d,fog,s5,0,0.925242,0.961168,0.961211
158efcc0-7904-4e62-af7a-e4ce17e1bb75,gaussian_blur,s4,2,0.708259,0.822700,0.865979
159c5cb6-3e1d-4d90-ba04-916cd06815d3,shot_noise,s2,2,0.871634,0.926964,0.992363
159dd015-fe13-438a-9bdb-132d4be7e5d5,clean,s5,1,0.936122,0.966836,0.972175
159f6e1b-fc85-4a33-ae21-55a5f227303c,gaussian_blur,s4,0,0.904147,0.948191,0.978022
159fcd10-7abc-4e95-8a22-426d90603ab0,gaussian_blur,s5,0,0.762176,0.864894,0.866112
15b0fc2f-d3cf-4001-aee4-12da21f0c09f,clean,s5,2,0.407121,0.578648,0.578683
15bcaaeb-7685-4ac6-931e-1199c342acd8,shot_noise,s5,5,0.371140,0.513110,0.599381
15c63638-05af-44dd-9a79-9cb076f98cde,gaussian_blur,s4,1,0.422869,0.591354,0.601816
15f651ba-546d-4cd3-9a47-8037923c3911,gaussian_blur,s2,0,0.959488,0.978927,0.998222
16074d2f-030f-4ed2-97e2-59af4ae6cb4e,fog,s2,0,0.876559,0.930134,0.992704
16136bca-baef-4fdf-b2e6-3905f3e42c9d,fog,s4,5,0.597674,0.743878,0.764979
16247e72-0491-4289-9072-11366023a726,shot_noise,s5,5,0.721079,0.836932,0.844112
1624e9dc-24f6-453f-aa85-5cca594af447,shot_noise,s4,3,0.951507,0.975009,0.980830
1625e345-fb34-4004-a401-6383a0d95c39,fog,s5,4,0.621132,0.765325,0.770421
162a9923-e37a-49ed-ab78-79d6ae55bbc1,fog,s3,1,0.823299,0.896271,0.968800
1632864d-076c-419b-ada9-e4330c47527d,gaussian_blur,s4,5,0.979839,0.989768,0.994566
164db8b4-c1b2-418e-b5f4-4992df6d711c,shot_noise,s5,4,0.416035,0.584081,0.596080
16544f0f-5297-4420-94e8-40017674564b,gaussian_blur,s4,0,0.864321,0.924460,0.963808
1656be7f-8c07-4f11-b9ff-09df3508a065,clean,s4,5,0.970684,0.985037,0.990928
1659a57d-6d61-41d9-9ef6-67b064b33c26,clean,s5,5,0.768812,0.868986,0.871675
1659ae20-2734-41f2-9747-4a3cbb8ed163,fog,s5,3,0.587968,0.737501,0.752064
16649cdf-0c86-4bdf-a8eb-03a7d0c48339,fog,s5,0,0.963690,0.981458,0.984272
167ddaae-9c83-4d64-a3eb-c748d23eb993,clean,s5,1,0.762176,0.864894,0.866112
1681ea51-422c-4ed2-8439-3ac482f8d562,clean,s3,0,0.729310,0.823932,0.954431
1683a1ed-f50a-4611-b497-5a85ebc87070,clean,s4,4,0.949353,0.973772,0.983427
16885f23-2f06-4126-b220-683497594897,gaussian_blur,s4,1,0.822780,0.896688,0.961690
16888cf6-2dc1-498b-9d60-b994ecb9fd4e,clean,s3,1,0.709676,0.804857,0.959994
169550f9-2644-4b57-a7fe-327a3fe60e05,shot_noise,s4,5,0.954049,0.976202,0.988347
16959100-ca4f-4f60-be21-0e20384dbbb3,shot_noise,s4,2,0.867962,0.928578,0.939627
16973064-ed38-4197-8626-c8002ef75112,clean,s3,3,0.459295,0.590642,0.724339
169d86c0-03b0-4a49-bce4-8dc45e44de7b,clean,s5,4,0.941363,0.969700,0.972982
16a2cb59-db54-403e-858f-de8eb6271655,shot_noise,s5,1,0.925090,0.961086,0.961131
16a2ddad-6cd5-400d-bf17-cf3188dc07b3,gaussian_blur,s4,2,0.623831,0.724740,0.926757
16b37d4f-238e-4adf-bf1c-313b48868e7b,fog,s5,4,0.867473,0.928801,0.932306
16bf3458-5cc3-499c-8810-88acb4cc551e,fog,s5,1,0.768635,0.869137,0.869552
16c4cd84-f903-409b-bf72-710c8dad04af,shot_noise,s4,4,0.665138,0.780187,0.884024
16fa4c04-5cb4-4740-9c95-efe64b5c6b16,clean,s4,1,0.935644,0.966480,0.974871
171610f6-5a30-4a2c-9843-3aac2783a5ca,shot_noise,s4,1,0.643324,0.766374,0.853924
171d4b23-cd98-41ad-886c-49b1897b270a,gaussian_blur,s5,0,0.811888,0.895817,0.899655
172ac6db-ea23-4180-a631-abc70d476bc5,gaussian_blur,s5,5,0.918411,0.957179,0.964278
17339cc5-c1ee-408f-9033-818dc0bc1a40,clean,s4,2,0.970684,0.985037,0.990928
17615449-b07e-4837-a4f7-9b9c7144ee0f,clean,s4,3,0.950322,0.974195,0.987444
1766add6-3728-4903-ade6-a39673ebc98f,fog,s4,2,0.949029,0.973664,0.980827
176e1be7-9da7-414d-9731-6b363cf37f47,shot_noise,s5,2,0.745369,0.853213,0.860224
176fce57-e9b9-473b-ab87-2c556a6cba8a,fog,s3,4,0.474542,0.604377,0.742909
17834a9e-6a88-4e25-aa4c-e1dae80284e3,clean,s3,5,0.598005,0.684977,0.949893
178a55fe-f7d3-4990-b1c6-317faa6d6981,gaussian_blur,s4,4,0.561477,0.691945,0.807510
179d5e8b-2846-4990-b85e-2743c14a40ef,clean,s5,5,0.679577,0.799935,0.855652
17a22e51-06d0-4592-aeac-3a02644f3768,gaussian_blur,s5,3,0.575388,0.729312,0.734752
17a39d2c-ed11-41ef-971c-508f0b098b61,fog,s5,4,0.864866,0.926903,0.936208
17a4046b-8938-4588-b831-8153b2484671,gaussian_blur,s4,4,0.951102,0.974587,0.988753
17a648ec-4eaa-45d3-b1be-f97907d053a7,clean,s4,3,0.960489,0.979643,0.989832
17ad1569-ce68-4a7f-b0dd-fd098abd8d2b,gaussian_blur,s5,5,0.285846,0.389579,0.534747
17b04e48-6651-45a0-b2da-20030bb3ea44,gaussian_blur,s5,0,0.641852,0.781838,0.781979
17b1caeb-fa7c-4174-b0d3-e5253d090837,clean,s5,1,0.756795,0.859268,0.877877
17b2f1a4-c332-4881-b6cc-701db3f5d4f3,gaussian_blur,s5,3,0.848284,0.917850,0.918709
17b953d7-ebdb-4a8a-8977-cd2ccf4aaec4,clean,s3,1,0.729694,0.819604,0.977441
17ba2a1f-c35c-42bb-91db-929374ff5e50,clean,s5,4,0.377960,0.519750,0.608608
17cc859e-1d8f-4fb9-b385-85f7cc1a7ae3,shot_noise,s5,0,0.882193,0.936632,0.949684
17d4a518-08e3-45bf-bf70-34053684e3ee,shot_noise,s4,0,0.800602,0.881694,0.953211
17d588f0-7085-4f93-83f4-291c1a006a33,shot_noise,s4,5,0.884327,0.937389,0.958160
17d71e1f-05cd-4deb-a3f7-d773fc37e394,gaussian_blur,s3,4,0.783540,0.865691,0.975008
17dc63e6-3b9a-4afb-b17d-64a0ede071ab,shot_noise,s4,0,0.972499,0.985971,0.992267
17deae0c-ba81-4eee-bd51-1674898f4c66,clean,s4,5,0.399237,0.570378,0.571280
17e018bf-8cf0-4308-8a0c-e652532718aa,clean,s4,1,0.927750,0.961882,0.979272
17e05b00-c8f2-4d3c-bc0d-4296c6365814,gaussian_blur,s5,3,0.895983,0.945102,0.945803
17e4063d-c99c-41d6-8194-11872dc2896c,fog,s5,2,0.686222,0.812287,0.822597
17e5be9d-41c6-4211-a487-7278923d7a4d,gaussian_blur,s3,3,0.962371,0.980520,0.996501
17e63b98-24d1-4c2c-8232-17c5abea55aa,clean,s3,5,0.939120,0.967740,0.995385
17e99c12-c466-478c-aacd-75e3940cc897,fog,s4,2,0.503646,0.652924,0.718811
17f7255d-b31d-4815-a545-6b0361971a44,gaussian_blur,s4,0,0.935644,0.966480,0.974871
17fd072e-c3b4-4736-bd51-17eb8d591234,shot_noise,s4,1,0.911785,0.952947,0.973196
17fe220a-cc1c-480d-883c-0524435156e1,gaussian_blur,s5,4,0.878349,0.935179,0.936108
180cc3f0-fcb3-4ce1-b65d-cdc1167b6b7c,clean,s4,5,0.234458,0.329511,0.454942
18248725-ebfc-4035-8553-b02f02fddde5,clean,s4,0,0.911467,0.952652,0.975453
18265510-a584-4154-98e4-ad7602ba6b41,gaussian_blur,s5,0,0.929294,0.963314,0.964368
1827c991-b967-49a0-bbf0-c1591158c8ea,gaussian_blur,s5,4,0.775896,0.872923,0.880777
18293c99-840b-4c17-8823-93865042aedd,shot_noise,s5,3,0.902569,0.948787,0.948857
182c52cb-37b0-4fff-9ee8-a7ba9ae1c2e6,fog,s3,4,0.946068,0.971701,0.992973
1834b531-ad75-48ee-8c48-5927302d5244,fog,s4,2,0.696031,0.810266,0.876171
183f27dd-eb55-488f-8cdb-b5d1f58bb335,gaussian_blur,s4,5,0.900195,0.946266,0.970012
18485da7-057d-41ac-8e24-8e59469ee678,shot_noise,s5,4,0.194732,0.294368,0.370789
1850c226-9a69-41db-8f71-eea7aae2d7a1,gaussian_blur,s4,5,0.900175,0.945923,0.975979
185e70b9-45a0-4a58-a1ac-215e2516f17a,clean,s4,1,0.915142,0.954852,0.974287
186f3e19-6146-4530-9632-557e02f7a5fb,shot_noise,s5,5,0.931210,0.964309,0.966368
187460ce-7e53-40f3-8e19-7cbd94bd5f53,shot_noise,s4,2,0.899706,0.946134,0.967088
1875798f-0bef-4b4e-b57b-d17694b868fd,fog,s2,3,0.388975,0.484878,0.706096
187ca27d-f544-45d0-8054-ea374f75ed48,gaussian_blur,s2,1,0.937041,0.966470,0.998133
187ea9de-b146-4dcf-9aad-77844fc9b70d,gaussian_blur,s5,5,0.917472,0.956887,0.958645
188ec69d-2b7f-440a-9510-4f86230af5a4,shot_noise,s2,3,0.391563,0.488123,0.708592
188f348f-1b72-4a31-95ea-795fc47b552f,gaussian_blur,s3,2,0.496134,0.568904,0.882006
18a458f4-028a-4766-a184-6674fa2fc36c,gaussian_blur,s4,3,0.973286,0.986368,0.993345
18ac86b0-46b5-47b0-bc7e-388d829a934c,shot_noise,s4,5,0.905613,0.949621,0.967301
18c0bc6b-168e-4890-b6ae-945f7e4604e1,clean,s4,0,0.408637,0.486170,0.763162
18ca8b5f-f1f9-46f8-b6c5-deac7d6ec3b6,shot_noise,s4,5,0.830463,0.905740,0.924787
18cf6655-0e23-4a33-b877-993786e98a17,gaussian_blur,s3,5,0.669063,0.774320,0.923147
18d5b516-491b-41d2-a508-d6d26fb9c655,shot_noise,s5,2,0.279909,0.430790,0.448982
18e0487e-0545-4e1a-9bd8-881ff7f1ffb1,clean,s5,1,0.639752,0.780303,0.780304
18e0a62a-7e39-453a-b438-3f6e840ae6c1,gaussian_blur,s4,0,0.653408,0.788102,0.801115
18e92a62-37bd-438a-876a-5d01fe29bc36,shot_noise,s5,0,0.882974,0.937754,0.939405
18ed07a7-a9d5-47ce-b039-72f7d0133350,fog,s3,0,0.760733,0.850552,0.954826
18fdf8a6-ae6c-4f66-83af-0a50ffd7d2de,clean,s5,4,0.750076,0.855640,0.867948
18fefee5-d99d-4ac0-9d80-5817cd7b147d,clean,s3,1,0.478570,0.500188,0.941760
1900eea9-2939-4b9a-ab3d-84f3aa7349dd,fog,s4,2,0.951666,0.974883,0.989217
190552e0-89bb-4eb5-96bf-65e905300e0e,fog,s4,2,0.690391,0.808727,0.859264
191471a6-10d5-41d1-9ab9-4d1b6930b3b7,shot_noise,s5,1,0.714132,0.832986,0.834685
19298d71-676d-4f51-b608-96cbc6473912,shot_noise,s5,3,0.969565,0.984517,0.986517
194089b1-2266-4dc8-8957-245d9954f1db,gaussian_blur,s1,0,0.743035,0.829031,0.990294
19576feb-3d7e-430f-9581-36a52ae024ec,fog,s5,3,0.398285,0.567709,0.574227
1957b455-2dda-4c45-8b00-df1b48d84a4e,fog,s4,5,0.974565,0.987033,0.993717
195e3637-51ef-48cc-84b1-a811eafa7c64,fog,s5,5,0.882315,0.937088,0.943691
1970a2d8-fd2d-4970-9ef6-ab53b8f7ec4f,shot_noise,s2,5,0.936227,0.966009,0.998096
19713559-5d06-4555-afbb-32bfe68befdd,clean,s5,3,0.930599,0.963942,0.967099
19806e2f-0919-4b33-98f3-d3ad84e29e6c,shot_noise,s5,2,0.666786,0.798311,0.808882
19834e77-4ca5-4e8b-91f0-8bb8a90f51b4,clean,s5,0,0.298675,0.448249,0.481212
19840fa3-a759-4b38-8333-5e077a4c0494,shot_noise,s2,5,0.861519,0.919963,0.996149
199e6d74-4631-4ae5-953f-11db1aef86c0,gaussian_blur,s5,1,0.377780,0.519544,0.608427
19c1af5a-4b09-4cb8-9667-f5aba2c03720,gaussian_blur,s4,4,0.444879,0.603882,0.645890
19c4498a-79d2-4e72-be28-b84208c67d55,fog,s5,0,0.841473,0.912609,0.928829
19c493ee-87b3-4d4d-b5d1-590860bb99ed,shot_noise,s5,5,0.577287,0.702719,0.830496
19c60181-d327-4153-b824-01ffbf08fbea,clean,s4,1,0.927241,0.961356,0.985309
19d363d4-de3b-478e-9415-7ec948157b01,clean,s4,1,0.842742,0.911238,0.953227
19d5ae40-1b52-48ba-86b9-8a6ae8b7e59d,clean,s5,4,0.762176,0.864894,0.866112
19d5c0d2-0987-44ce-b7cb-96410b98b428,clean,s5,3,0.804280,0.890500,0.900880
19dfa17a-278d-4b9d-8bcc-e3f3bad39fc7,clean,s4,3,0.935644,0.966480,0.974871
19e8ce89-a0b8-471c-81db-8ab2e5e108b9,fog,s5,4,0.931634,0.963988,0.981795
19ea7be5-3a71-4582-b82a-82da7ac5fa24,shot_noise,s1,3,0.478048,0.488778,0.956096
19f68373-27f4-49ff-b11a-b811ac5614dd,shot_noise,s4,2,0.472318,0.531829,0.876060
1a0507e2-d331-4530-bdaa-b2b6b10e558a,gaussian_blur,s3,2,0.547566,0.614697,0.948889
1a0dff78-b42d-42d0-9754-c3f881002190,gaussian_blur,s3,3,0.749732,0.837201,0.978384
1a21d871-ed59-4a42-adcd-b2b7ba792fbc,clean,s3,3,0.959784,0.979170,0.994367
1a27477e-b8ce-4f75-ab6f-0ef9ac2c1fc9,fog,s5,0,0.877661,0.934792,0.935659
1a30ca5b-08f2-4488-b596-4127a67b16d0,clean,s5,4,0.271773,0.352141,0.543547
1a34b8e5-967a-4429-8d3d-81976d201e1a,shot_noise,s4,3,0.947513,0.972878,0.979351
1a350a2d-d635-477f-942d-79bf7401f13d,clean,s5,0,0.941749,0.969993,0.970275
1a361cd3-6091-4b43-a7f5-034a79b84abe,fog,s4,4,0.937003,0.967229,0.975051
1a373275-f973-4357-a29e-d008feb63d8d,shot_noise,s4,2,0.965708,0.982486,0.986491
1a46b803-3384-4bfa-a41e-d19b6f901de0,gaussian_blur,s4,5,0.928771,0.962771,0.971115
1a4de8fe-0230-4eee-8572-24dea8ae7e93,clean,s5,3,0.724475,0.832166,0.888256
1a4ecfab-1184-4a68-b984-c7ebd9ef2a86,fog,s4,5,0.645717,0.770962,0.844811
1a51bc9e-6498-4844-bc30-0e1c33461269,shot_noise,s5,4,0.923521,0.960136,0.962848
1a737dbe-45ad-4e17-9207-1274d27c5f99,fog,s4,5,0.643093,0.766243,0.853543
1a7f8510-8900-4b30-a9d5-a123f5153d48,fog,s4,5,0.770434,0.861896,0.931425
1a821436-0abc-4b25-be70-67891bfac328,shot_noise,s4,2,0.934447,0.965616,0.980563
1a8d3c26-c72a-46ce-a2b5-a63e9b5aaec1,fog,s5,1,0.536000,0.697909,0.697941
1a8f1190-9116-41a5-b5eb-73a8210b95ef,gaussian_blur,s3,1,0.496623,0.532785,0.943772
1a99b100-60b1-42f9-a760-0910b065519d,shot_noise,s4,5,0.933772,0.965244,0.980367
1a9c6424-dd03-4668-8a11-82ff3a37c38c,gaussian_blur,s5,4,0.767602,0.868178,0.871144
1a9e8e3f-8343-4b94-9473-b2c461951f1e,gaussian_blur,s4,5,0.895404,0.944334,0.953477
1aa4a0d0-32c5-4040-b2dd-385c36e81fe7,clean,s4,0,0.959172,0.979060,0.983964
1aa96528-d24e-4b5a-990b-6c9bd7bd6c87,clean,s3,4,0.767752,0.854519,0.965547
1aabc974-0d5b-4e55-b120-ed6440bf8385,clean,s5,3,0.556148,0.679907,0.823707
1abc7fff-a5ff-4a69-8f4b-254050e1ce6c,fog,s4,5,0.782053,0.868709,0.946174
1abefc01-138d-42f5-baa9-846735eaf347,fog,s5,2,0.804246,0.890438,0.901232
1ac708c8-f054-4246-93a6-b3ba1ddad1de,gaussian_blur,s5,2,0.680043,0.807982,0.817744
1acb094c-4c40-40fb-89ca-05a96ab36e21,gaussian_blur,s5,5,0.928475,0.962889,0.963508
1ad1b2d9-262d-4cef-a720-bef8265f98d9,gaussian_blur,s4,0,0.399237,0.570378,0.571280
1ad6919d-e99f-4c0c-bf1d-21f6e0638cc9,clean,s4,0,0.376587,0.531212,0.581090
1addf4e1-ef54-4034-95cf-ed9e41972cf1,gaussian_blur,s5,1,0.909242,0.952162,0.958784
1b074a29-af43-4e81-b947-865c04a45e09,gaussian_blur,s5,2,0.701392,0.824474,0.824595
1b0c2245-2cc4-4c2b-838c-b3bb6e9cfa93,fog,s4,1,0.965181,0.982205,0.986621
1b0e9083-422e-4627-945e-b00555f3fe87,gaussian_blur,s5,5,0.931534,0.963950,0.981290
1b0f4c4e-bfef-42b6-80b3-5c33d70bdad8,shot_noise,s3,1,0.800557,0.879107,0.972987
1b27f45b-c99c-477c-9beb-a31cb1b36f2b,fog,s3,3,0.935850,0.965946,0.993765
1b28123f-f379-4f04-a55d-e60521771c2c,shot_noise,s5,1,0.909925,0.952822,0.953198
1b286a48-9837-465e-98c5-8951515cfb00,fog,s5,2,0.826044,0.904305,0.909248
1b3a91e2-cc06-4e14-a7de-a8d06806b4eb,clean,s5,2,0.731079,0.841525,0.864379
1b3ad613-8006-405b-a1b5-3fe2c51e0497,fog,s5,1,0.856634,0.921369,0.940752
1b3c4fe0-5b7b-47be-be5b-b6b0f4faecd1,gaussian_blur,s5,0,0.925242,0.961168,0.961211
1b3ed8e2-a1d0-4d20-8f1f-07fc0e1f8888,shot_noise,s5,3,0.932930,0.965111,0.970751
1b44ef36-5997-4c19-8bcd-686739b30ff1,gaussian_blur,s4,4,0.969276,0.984310,0.990015
1b4a1b62-fda6-4287-bed8-e78d867dd9af,gaussian_blur,s2,2,0.851629,0.913251,0.996165
1b5a3306-9129-4de7-949d-dcb58d5d4cb8,shot_noise,s4,5,0.835198,0.907934,0.934810
1b6284e6-cd67-4310-a07e-6f27ed65fae9,shot_noise,s4,1,0.848388,0.914259,0.961331
1b7a31b0-aaac-4ead-baaf-8aeb9daeaec5,fog,s4,2,0.644073,0.765408,0.860672
1b7ad648-5461-4b45-80eb-b3334ccfb47d,gaussian_blur,s5,3,0.974798,0.987238,0.987271
1b8cb78a-c680-4244-9ac5-fe4c825a8fc3,gaussian_blur,s3,1,0.645883,0.750912,0.921083
1b9712f6-ed8e-4384-b55c-41bb14860c43,shot_noise,s4,1,0.892186,0.940949,0.978129
1ba468aa-de69-4e55-93e6-f2661a865792,shot_noise,s5,5,0.711457,0.830347,0.837641
1bb1e64c-cb6e-4adb-8911-e708ca8767e7,fog,s4,5,0.688534,0.802271,0.882651
1bc97506-2ee3-4e45-981c-d0bad921e1e1,clean,s5,0,0.679577,0.799935,0.855652
1bcfb818-c856-4340-b2d8-7bbc13dac04c,shot_noise,s4,4,0.206849,0.301382,0.402067
1bd4b64a-5da8-4c87-ac20-51fae336289f,gaussian_blur,s5,5,0.660357,0.793682,0.803956
1be3f990-8975-4c1e-948f-e42a9dbf3641,shot_noise,s4,3,0.938507,0.967780,0.983737
1bec7c19-db6a-4839-9867-ca8bcafa428d,gaussian_blur,s4,4,0.923289,0.959204,0.982430
1bed4ce4-e810-4dee-83ae-c1f9cede47b3,gaussian_blur,s5,4,0.799038,0.888266,0.888554
1bf4e77e-8464-43b4-9195-44077451b9e3,fog,s4,4,0.496684,0.639980,0.729632
1bf8a577-2d8c-4119-9a8d-5612ef9c7934,clean,s5,3,0.846742,0.916804,0.919501
1c07eb4f-9b18-4699-a79a-89c7303bd746,gaussian_blur,s3,0,0.729310,0.823932,0.954431
1c1edc93-8c5e-495d-8c7e-06cc7b727fd2,shot_noise,s1,0,0.743035,0.829031,0.990294
1c224435-e476-43eb-b3e9-602651cd4558,shot_noise,s5,1,0.826341,0.904794,0.906171
1c270124-c8bb-4f70-bbc4-01db81f704ae,shot_noise,s5,5,0.655422,0.791841,0.791888
1c35edda-9dc6-40e6-8a58-e513a5a834c9,fog,s5,1,0.453167,0.621972,0.628256
1c3dfd46-3053-4851-810e-94dbd58e7aca,shot_noise,s4,0,0.982676,0.991226,0.995361
1c3e711f-2273-49d8-9d46-5a546270d0fa,clean,s5,5,0.665611,0.797507,0.807796
1c4bbf15-3dcf-44ab-84f0-c814760467b3,shot_noise,s4,0,0.937933,0.967398,0.985605
1c530f90-acfd-4ed3-9f7c-d72f55ab0e42,fog,s4,2,0.903051,0.948135,0.966805
1c5c73ac-3725-491f-9214-86af77d2a948,shot_noise,s4,4,0.864766,0.925842,0.949557
1c61e88f-8607-4509-bd3a-7b3723b68206,fog,s3,4,0.665276,0.761203,0.957269
1c67655c-91b1-41eb-8a3d-b5adc71fea98,fog,s5,1,0.810487,0.895321,0.895363
1c69b009-ddea-49a1-8ed9-244e7f751417,clean,s4,5,0.645483,0.768081,0.855571
1c736856-60b7-4b38-84bf-73c2f209630a,fog,s5,5,0.405602,0.545494,0.646709
1c7cc60b-ef2a-4541-a76e-36fde73cfb3f,fog,s5,3,0.884638,0.938680,0.940547
1c7f9d9c-380c-4548-ab10-f1eb438116ca,gaussian_blur,s5,2,0.963137,0.981178,0.983580
1c95027f-b670-430a-9f4a-02124ee989b5,fog,s3,2,0.631473,0.739348,0.907495
1ca03c8b-1fa9-4524-810e-2e789bac40da,fog,s4,1,0.953224,0.975843,0.984697
1ca88793-5e79-43ca-b79a-02a5f8d401c7,fog,s4,4,0.582608,0.677212,0.919205
1cbd349a-d72c-4dc3-9348-47f795dd200c,shot_noise,s5,0,0.962994,0.981143,0.981417
1cc575d8-fa30-4102-9122-0daa9780620b,gaussian_blur,s5,2,0.913791,0.954878,0.956643
1cc5c292-67de-479c-a1e9-f9f0ebf335b6,fog,s5,3,0.898866,0.946573,0.949867
1cc5d2c5-2418-40ae-8fb2-e5ed35016b23,clean,s4,4,0.734274,0.842358,0.874832
1ccf8f03-985e-4dcf-ae44-223fb5afb575,shot_noise,s5,0,0.622903,0.767344,0.768917
1cd317dc-721d-4e41-bc13-7de833d56eab,shot_noise,s4,3,0.752720,0.851319,0.910016
1cdac7b5-bc69-4665-ae47-d97a04425e14,clean,s4,2,0.864321,0.924460,0.963808
1cdb9184-3b4e-48ba-a4dd-384616528797,gaussian_blur,s4,4,0.946107,0.971843,0.988779
1cdfc037-7a80-4132-9a52-a1861863d4ed,shot_noise,s5,5,0.794565,0.884702,0.892645
1ce65a84-1479-4a68-9ffd-dac7d81a3083,clean,s2,2,0.888372,0.937650,0.992800
1ce79a15-0f8f-47de-b290-5de7acb74bdc,fog,s4,3,0.338749,0.493021,0.531801
1ceb70d4-9489-48bd-9be5-8e74f20d242a,gaussian_blur,s2,4,0.388892,0.484439,0.706571
1cef552c-9d4f-4c48-bfa3-9b60983ff5d8,gaussian_blur,s4,0,0.722901,0.830098,0.892544
1d022016-8a47-4abc-bdbc-624434afb5c3,clean,s5,5,0.882974,0.937754,0.939405
1d19e71b-0173-4b06-9bda-38cd617833dc,shot_noise,s4,5,0.358183,0.520082,0.542784
1d1b618d-16db-4d69-acd2-dbcbb9370324,shot_noise,s4,4,0.412989,0.492480,0.765994
1d1c91af-98fd-4c4f-9652-fba1d8c4807e,gaussian_blur,s2,4,0.479606,0.542501,0.879521
1d25ca0d-bb26-46b2-b156-55f383f00511,fog,s3,3,0.767535,0.854317,0.965701
1d2ea76b-7da0-49dc-a96f-8efdd16f70d4,fog,s2,3,0.909740,0.950530,0.997355
1d3b3d8d-3e0b-45cd-8e52-8e8a6b8da10d,fog,s4,1,0.981365,0.990554,0.994988
1d3faadd-4131-4d4a-bee5-690cd520d014,gaussian_blur,s5,3,0.861833,0.925536,0.929200
1d41fd0f-2c72-4ac6-9175-ebec48ad300a,clean,s5,5,0.962994,0.981143,0.981417
1d46f84b-e2ff-4a46-afda-17cd9d71575d,clean,s5,4,0.884788,0.938493,0.945045
1d50b860-000f-405c-90a2-d24272a59268,clean,s5,1,0.286449,0.440235,0.454441
1d597506-6549-4388-82b7-fbe4f68c2dbd,gaussian_blur,s4,3,0.970594,0.985002,0.990117
1d66d645-5ab3-404e-836c-361735f79014,clean,s2,2,0.601544,0.677528,0.979681
1d819c47-cb56-47d2-be3f-d6931a854953,clean,s5,5,0.891069,0.942360,0.943040
1d8a31fa-ac5b-4d5f-9937-47283eb32c75,gaussian_blur,s4,3,0.856402,0.920862,0.945200
1d8d5eae-e6b6-43f3-a25c-9823a3691273,fog,s5,4,0.728907,0.841422,0.854411
1d91b801-a24f-4355-93cc-10e7b2bb56c0,gaussian_blur,s2,2,0.920389,0.956929,0.996041
1d940a64-9336-4ccb-ad05-14a9e61e1f4c,gaussian_blur,s5,5,0.895951,0.945084,0.945797
1d9758f8-6b89-4823-96ae-f72d21cd5a78,shot_noise,s4,5,0.923936,0.960220,0.966603
1dbb427e-1442-4b73-9fb2-0839e94619aa,clean,s3,1,0.661465,0.769189,0.913456
1dbfda8b-820b-4fb2-b0b0-853623c38737,fog,s5,3,0.393486,0.563367,0.567920
1dc19c38-5eb6-4466-b66a-a846431cc61a,gaussian_blur,s4,5,0.792886,0.882567,0.900768
1dc36129-d761-4d49-a642-6aea32b64757,clean,s3,0,0.598005,0.684977,0.949893
1dd36038-ce04-4391-839c-5bbd520923c6,clean,s3,0,0.656342,0.763576,0.914944
1ddd089b-4233-4647-8308-69f4acaa22da,gaussian_blur,s3,2,0.817787,0.891414,0.976630
1ddd9bed-84d3-442e-a1b4-b6d80112480e,shot_noise,s5,1,0.951352,0.974997,0.977968
1dde2d13-435a-4678-a98e-972d45fcb19d,gaussian_blur,s3,0,0.709676,0.804857,0.959994
1de42740-44f3-4e8d-85b2-629ca5ec4cff,fog,s3,2,0.554802,0.646887,0.902769
1de6e414-6456-4372-9341-536a89af4a32,fog,s5,4,0.594704,0.745259,0.748165
1dfe872a-42b5-4291-92c6-27eb46320d35,fog,s5,5,0.854833,0.921703,0.922155
1e010636-edfd-4643-b8d6-217128ae28f8,fog,s5,4,0.375636,0.517459,0.605536
1e0df919-2ce0-4aec-9ca5-7831f410fa37,shot_noise,s4,3,0.793813,0.883198,0.900971
1e142e04-4173-4443-966f-786f73f8dd74,fog,s5,3,0.660159,0.794947,0.796997
1e267736-8628-42d4-bf7d-ee63b8df0a7a,fog,s3,4,0.742826,0.835993,0.952715
1e2e83d9-5768-4b98-a58c-e394fa25017c,gaussian_blur,s4,0,0.919113,0.957216,0.972704
1e3cbf00-b912-44a2-b13f-161f47c70d12,fog,s5,3,0.803631,0.889972,0.901611
1e44d966-54c2-4c2e-aaab-5c4e1d49ae3c,shot_noise,s5,4,0.709237,0.829880,0.829930
1e46f9d6-8986-4838-8198-3e3e2b9ba3e2,clean,s5,1,0.774561,0.871818,0.881877
1e621a63-a819-482b-aa0b-eea040a175d6,clean,s5,0,0.842405,0.914246,0.916991
1e6c8d58-7fd3-4ec6-87a9-e9e836eccffd,clean,s3,1,0.919822,0.956781,0.991925
1e7ba709-69a0-4669-8388-9186762b1459,clean,s5,2,0.419817,0.587765,0.600107
1e8795b0-fff0-4980-98b7-5c662791f8f3,gaussian_blur,s5,5,0.954226,0.976554,0.977548
1e907944-a7e6-4892-a90e-e135ca5db3aa,clean,s5,5,0.977250,0.988494,0.988525
1e9637a4-ae83-40a7-b337-4c79aa7472af,fog,s4,3,0.630884,0.758492,0.836523
1e9d8267-ec5f-4b22-a0ba-9eafcb0708d2,gaussian_blur,s4,4,0.894166,0.943635,0.952853
1eac698f-dd31-4d9e-a0d4-908b3f6e5f0e,gaussian_blur,s5,2,0.825600,0.904206,0.907227
1eacfce2-d516-46c3-ad1d-411c235f3216,gaussian_blur,s5,3,0.812003,0.896091,0.897771
1eaf49ca-cd47-48f4-9965-6d49a5de9278,clean,s3,2,0.874055,0.929664,0.977317
1eb2619a-3d3a-4c33-b4b7-1528fd867806,clean,s5,2,0.804280,0.890500,0.900880
1ec3fede-c51e-4803-bba9-6ef1d1c71e1b,gaussian_blur,s5,2,0.550788,0.708923,0.715179
1eccdf21-254d-4e03-9b36-95b6a14898c7,gaussian_blur,s2,5,0.931608,0.963371,0.997968
1eced458-8d00-4d37-9dba-184ba3b6b18d,fog,s4,3,0.716948,0.825393,0.890981
1ed6a5d9-4624-4aa7-ab4e-c9eb81f30db0,shot_noise,s3,2,0.464201,0.594889,0.730776
1ed6c516-2c3b-47f8-b2a6-76fc1424e9fa,shot_noise,s4,1,0.856065,0.920621,0.945509
1ee25f3b-cf54-451f-8080-06555ae33732,gaussian_blur,s2,3,0.502076,0.522250,0.974651
1ee32d0c-646f-4e0a-88d1-e49a5d16ca37,gaussian_blur,s5,5,0.768914,0.869048,0.871765
1ee4c316-c447-4f2a-b1e6-be240e3bb4bf,fog,s4,1,0.518426,0.629219,0.827482
1eeca1ae-12fa-401d-a99b-cc3af6cd431f,clean,s5,0,0.841473,0.912609,0.928829
1f13b844-2004-4dff-8824-8acd13e426ad,shot_noise,s4,2,0.682012,0.793862,0.893835
1f2bb01a-2815-491c-bd25-f04c791b7f1d,shot_noise,s5,3,0.304069,0.381403,0.603643
1f35b78a-634e-474c-ad50-cc547b2f0009,fog,s4,0,0.962527,0.980729,0.990066
1f4c2188-8290-47e1-9d7c-3e7899993925,gaussian_blur,s5,0,0.941363,0.969700,0.972982
1f4f86a9-bda9-4497-979f-b6c830c945d1,fog,s5,0,0.626037,0.768354,0.777189
1f505825-e16a-4462-bcb7-2080f556eaed,shot_noise,s3,5,0.372249,0.491733,0.642496
1f51b0ce-bac2-4a79-a365-c7bcdef623f7,gaussian_blur,s2,2,0.389630,0.485353,0.707307
1f67e5da-10ca-41d9-90f9-6437b200feff,shot_noise,s4,4,0.942153,0.969993,0.977604
1f783c53-48b5-4192-9fd0-882ba5a4f40f,clean,s4,5,0.458284,0.617751,0.656710
1f7afa6f-c134-42be-96cb-ea2ce3688f35,fog,s2,1,0.390369,0.486241,0.708085
1f8db0e7-6e19-4f26-9e9b-a89fc2a12905,gaussian_blur,s4,1,0.716745,0.825746,0.888139
1f92042b-2eb9-4155-91e1-6cb7055d5c0d,clean,s4,1,0.949353,0.973772,0.983427
1fa64334-0ee4-414d-a813-3d0215216eaf,shot_noise,s4,5,0.395411,0.566499,0.567264
1fbf7356-3ceb-43b9-ab60-198479fc0685,shot_noise,s4,0,0.901824,0.947041,0.973616
1fc07544-9df8-4cec-9812-48bd0ab9ef2b,gaussian_blur,s5,0,0.796666,0.886783,0.887216
1fc4a40b-0a4d-4061-8d80-9968283d1b96,shot_noise,s4,2,0.881277,0.934472,0.973832
1fc70a68-4811-4c70-826c-56b1cba182ea,gaussian_blur,s3,2,0.527855,0.645454,0.819369
1fdd83a9-3cf8-4df5-b958-f4eea6880d91,fog,s5,2,0.855322,0.921378,0.930187
1fe283a8-ca22-4609-a8d9-c80a92a9560f,shot_noise,s4,4,0.974097,0.986802,0.992720
1fea0f24-c0f1-458e-aa2e-5eba6d2a4863,shot_noise,s5,2,0.837441,0.911086,0.916523
1ff0f914-d15c-4a5c-98e3-cfc5fcf0e376,shot_noise,s5,0,0.639752,0.780303,0.780304
1ff2bbe6-8002-4bff-8115-935451a59398,gaussian_blur,s4,3,0.538663,0.627441,0.895387
1ff99419-7c32-46c7-be19-8733e9f5e74b,shot_noise,s5,1,0.345967,0.408960,0.691934
1ffb2eea-f147-4d6d-9fb5-601b089cd46c,fog,s5,2,0.752153,0.858544,0.858573
20022137-43ef-4314-a338-a52056942aaf,shot_noise,s4,1,0.971632,0.985540,0.990579
20144317-3c16-4c10-979c-1c2c97804a6a,fog,s5,3,0.528604,0.686284,0.708613
201c5a79-06dd-449b-8044-9cfecaf2d60a,fog,s5,0,0.894803,0.944322,0.947339
201e7926-2492-4a83-829d-0c866e15ade5,shot_noise,s5,2,0.541683,0.696022,0.724740
201f6b6b-4551-4711-9135-602301048a4e,clean,s3,3,0.530602,0.648004,0.822078
202712a9-8152-474a-b43a-7ba5f82279b4,gaussian_blur,s4,0,0.892152,0.942493,0.951861
204a56ee-c42f-4b1d-b55b-d6f0953e4558,gaussian_blur,s5,0,0.977250,0.988494,0.988525
206f6b64-6aa6-40ba-8048-65986e617262,fog,s5,0,0.433250,0.597974,0.620976
20981702-4acc-4c00-b84c-18a09025750a,clean,s5,0,0.882974,0.937754,0.939405
20a5046b-d366-4925-93f9-00623e41b36e,clean,s4,2,0.915142,0.954852,0.974287
20b3dd01-7cce-432f-bde5-b23644bdf8fe,gaussian_blur,s5,3,0.711686,0.831335,0.832907
20bb02fb-d4de-498e-aea2-e51892767770,gaussian_blur,s4,4,0.962460,0.980788,0.985184
20c827ed-1aa1-496a-bd77-e7002225763d,gaussian_blur,s4,2,0.975283,0.987407,0.993862
20cb336a-9f12-4214-9bbc-f2762548f5e0,shot_noise,s5,5,0.342592,0.478613,0.571205
20cf70de-9a74-4db5-b600-259c3b896da8,gaussian_blur,s3,2,0.491257,0.608302,0.787898
20d04027-2818-433a-8a9e-9414ac5a2f95,fog,s5,0,0.887281,0.940027,0.944405
20d5df3e-b116-4145-91db-2c84e74fefb1,clean,s5,5,0.328620,0.396587,0.657240
20d68beb-8c29-4402-a8f6-ab23c675ad9f,clean,s2,4,0.926871,0.960697,0.996415
20da19f6-6a94-4984-8fc2-97d387ef2482,gaussian_blur,s4,1,0.713547,0.826674,0.868352
20dc871b-3405-4a5f-92ec-ea589a9204d5,shot_noise,s5,3,0.942606,0.970360,0.973667
20f5d87a-5308-4870-b84b-4caeb0e9c96d,clean,s3,4,0.562575,0.652322,0.914895
20fcc629-ee5a-410d-9987-a3854bde3143,gaussian_blur,s5,0,0.841473,0.912609,0.928829
20fdfabd-a04e-4bbb-ad98-766bf72686f9,gaussian_blur,s5,1,0.809058,0.894060,0.898152
210b2bbe-8603-4637-81d8-3aad6c68b5c7,shot_noise,s4,3,0.510657,0.587492,0.890811
210fbe0f-a256-4663-ae2d-fa6635a66400,clean,s5,5,0.877661,0.934792,0.935659
211f1e66-6b30-4f00-88c3-c7c7788f849b,fog,s4,2,0.791398,0.876644,0.939568
2125bb51-1955-4b23-ae42-ab85ccec5c9d,shot_noise,s5,2,0.742538,0.849546,0.870213
212c286d-ffd0-4303-8954-171b0584c6b0,gaussian_blur,s4,1,0.839701,0.909481,0.950267
213d7b9e-e29e-4974-8166-ec3e58c28d7d,clean,s5,5,0.556148,0.679907,0.823707
214066e9-b7f5-482a-86dd-edbb7c7bac89,shot_noise,s2,4,0.468841,0.525975,0.875515
2149115f-c394-4d74-8e91-66a3352f0ac6,fog,s3,4,0.796380,0.877158,0.963915
215940dc-77aa-455b-8a0b-4d45e1f9502b,shot_noise,s5,5,0.882767,0.937717,0.938010
215b2fc3-d8d7-49ca-b7ef-5c2bd6a8e9dc,fog,s5,4,0.356699,0.433013,0.689542
2178b3ff-e60e-4edd-b528-e3675318efaa,fog,s5,0,0.822013,0.901001,0.915564
217a6048-4a0f-430a-b808-fb7fada862cb,shot_noise,s4,1,0.866440,0.925316,0.970294
21864011-5fb9-45fb-a873-16e84b9c84c8,clean,s4,4,0.956706,0.977568,0.991512
21a6e4ef-209b-49f0-91eb-db8ba91b76f4,fog,s4,2,0.856576,0.920589,0.949947
21bb76f6-4f30-4cca-970f-14d2b4b918f8,gaussian_blur,s3,5,0.761494,0.852028,0.949564
21c4ea0b-136f-4d5b-bf8a-7674d461c72e,shot_noise,s3,2,0.490571,0.522093,0.943099
21c64f9d-78c8-4112-8563-43e2c8423aea,clean,s5,5,0.731079,0.841525,0.864379
21cc26a5-bb82-4d9e-b45c-66673b7dc9bd,fog,s4,4,0.944527,0.971019,0.987102
21ccd571-f56b-45a5-8468-e570a4c5c4fc,gaussian_blur,s5,2,0.388569,0.537371,0.607865
21d5ade7-a1d1-46d0-b602-8c242e3f06be,shot_noise,s4,2,0.936117,0.966398,0.985056
21dbeba3-eeb2-40d2-b202-5ae8c658c42c,shot_noise,s1,4,0.741169,0.827381,0.990177
21dc124d-ec86-46bb-8e7b-3fbfda6c732d,gaussian_blur,s3,0,0.498881,0.630932,0.759797
21deb0ce-cc1e-464a-91c2-5a0ca62d2ddb,shot_noise,s4,1,0.978898,0.989275,0.995056
21e3a86a-61bd-415a-a6de-ba70f39ae871,clean,s4,4,0.234458,0.329511,0.454942
21e7c305-5f7c-433f-85ef-c09c8503bcbe,shot_noise,s5,2,0.973346,0.986466,0.988485
21e99ae5-ee98-4a3e-b5e0-ec0e5cd8ed31,clean,s4,2,0.442712,0.469615,0.885424
21ecacd8-9cc7-4760-9a2a-f110835aa913,fog,s4,0,0.234458,0.329511,0.454942
21edb4b8-28ba-4432-8c32-cd9c8d5f35ae,fog,s5,3,0.708539,0.829196,0.830655
21febd70-bad0-477c-82f9-442ce0d2914d,shot_noise,s5,5,0.814032,0.896495,0.907029
2202fe2e-bc02-4f07-8f51-3adcc07788e2,shot_noise,s5,4,0.623855,0.766561,0.776085
2210d600-79fc-4e60-9545-7994ea177c85,fog,s2,3,0.956538,0.977341,0.997429
2216b194-26b7-4b07-82a5-da9a4da9453a,gaussian_blur,s5,1,0.804966,0.890809,0.902360
22263719-50c3-4d7f-891a-1e1f4ac9d2a5,shot_noise,s4,1,0.959951,0.979326,0.991187
22317868-bb77-400b-a431-b9c5a1574937,fog,s5,4,0.529064,0.684547,0.715669
223561b7-6031-4762-80a1-74e64f65b703,shot_noise,s5,3,0.940322,0.969212,0.970258
2236b31c-dad8-4a61-9c2a-bd0e13fb7932,gaussian_blur,s3,0,0.797793,0.877094,0.972395
22382d79-5305-4720-a2b4-429edd59db13,clean,s5,0,0.545030,0.694503,0.741611
22419417-6891-4fe4-b28d-ac24310a9e34,gaussian_blur,s5,3,0.274477,0.354403,0.548955
224ef126-6cdf-4a24-83a0-381d7e50aa95,fog,s5,0,0.707296,0.827208,0.836362
225f08f4-4f8a-4f46-9017-a2335c9b15aa,clean,s5,5,0.936122,0.966836,0.972175
225f76e5-d1e5-438a-b4be-53595d2884f3,shot_noise,s3,4,0.980326,0.989990,0.997606
22613075-156f-48d1-b9de-8fb0de4875a8,clean,s5,5,0.887281,0.940027,0.944405
2263ae5f-3d04-4bc6-b60d-303350502e8d,shot_noise,s4,1,0.488204,0.627674,0.732440
22670fcf-dc7d-462c-b104-6eec202b923a,shot_noise,s5,1,0.868148,0.929373,0.930101
226feba4-f4f4-4acf-a5ef-d3f11dff823b,shot_noise,s4,5,0.652682,0.771616,0.869670
2270fcae-55fa-4d4a-95dc-ebf5fcd710e9,fog,s5,3,0.436783,0.591848,0.647578
2273dbfd-e77a-40c2-b075-ccccfe1d2811,fog,s4,2,0.973082,0.986321,0.988997
2274ebf7-6942-461b-a158-5281b279547b,fog,s3,0,0.498881,0.630932,0.759797
227812db-f4a8-49ba-a2dd-089cb6e3f60d,clean,s5,0,0.639752,0.780303,0.780304
228f2501-810b-418a-b1cf-6e7f34953300,fog,s4,4,0.845895,0.915110,0.933064
22c301d6-635c-4c03-a040-982bdf16296c,gaussian_blur,s5,4,0.862202,0.923846,0.954331
22c4c72c-b2fe-425e-adc4-de63ad124b56,fog,s2,5,0.649176,0.743806,0.956939
22d0d6f4-1c04-4f76-a448-d0d46b3767eb,gaussian_blur,s5,0,0.750076,0.855640,0.867948
22d4475e-33ec-4993-abc9-916b06542003,fog,s3,5,0.603677,0.714141,0.888336
22d9e6b4-d492-480b-a9bc-57f173118bc4,gaussian_blur,s5,0,0.496914,0.637439,0.736949
22d9fcaa-fe16-413f-a2fe-c10e92655b0f,gaussian_blur,s5,1,0.924696,0.960861,0.961234
22e44350-121c-43bc-a871-0a4fa35dae78,shot_noise,s2,1,0.392010,0.488697,0.708997
22e5a641-12dc-49e0-8d20-6fe59ebba539,clean,s4,1,0.924091,0.960204,0.969200
22e72003-8f78-47d7-b07a-28c1a689e615,clean,s5,3,0.963690,0.981458,0.984272
22e78152-4c7e-4dfe-a791-84a2f4daf6e3,clean,s5,1,0.394083,0.563972,0.568560
22ef1c32-2e3c-41c5-a1a4-c077aaeda744,fog,s5,4,0.420719,0.579166,0.623381
23005e96-6dfa-450b-89f6-0d18d5e0a3a6,clean,s5,4,0.824813,0.903106,0.913195
2301bb10-f51c-4bf6-827f-8141975d02cb,clean,s4,0,0.977803,0.988712,0.994511
230ff35c-dcbe-4174-8d26-5157de985244,gaussian_blur,s3,3,0.653064,0.756498,0.928222
23265885-d224-4b37-afa2-f6eddddd1ba9,fog,s4,3,0.779491,0.874006,0.892571
2331ecaf-e0c9-42e3-bdb3-1948d9a701bf,fog,s4,5,0.933223,0.964942,0.980165
233b8b45-d677-41b0-b6fb-8366520b3724,fog,s4,2,0.927711,0.961892,0.978463
233c69ec-aad6-4bbd-9da5-797c1c9323c8,shot_noise,s4,3,0.655665,0.770598,0.885435
234fdb57-1d68-40e0-9385-f5eed99e2226,gaussian_blur,s5,4,0.651471,0.784427,0.809979
235ab98c-33f7-4f02-bd3f-cab44fc7f72a,gaussian_blur,s5,5,0.840022,0.911464,0.931046
236700bd-f615-4f57-969d-fd60a1af6937,gaussian_blur,s5,0,0.934947,0.966373,0.966587
236d3e51-c98a-4b8c-b97f-7fd4eeac7505,clean,s5,0,0.884210,0.937623,0.953371
236f4c7c-6ec8-4669-a838-8121ae102000,gaussian_blur,s3,2,0.944007,0.970508,0.994571
23710918-2e05-44b1-a081-dc4e672133a3,fog,s4,3,0.968761,0.984004,0.992156
237203f2-cac9-4c32-88b0-dfdd904c61bf,clean,s5,1,0.841843,0.913705,0.919072
23767637-c130-4593-a24e-8313c2d34765,fog,s4,2,0.442677,0.469596,0.885355
2376f055-0d61-4557-a9ad-2cdd935606ad,clean,s5,4,0.905159,0.950133,0.951952
238026fb-689a-4154-a109-62b0bec02248,shot_noise,s5,3,0.740307,0.849690,0.858011
23a2af97-18b0-43d2-8425-af5034cb2a2d,clean,s4,0,0.960489,0.979643,0.989832
23a70147-5dd1-46d9-bac9-b09734e757ff,gaussian_blur,s4,2,0.848616,0.915910,0.944265
23abed73-8357-45d8-a7fa-bdf09b25e7fd,clean,s5,3,0.891069,0.942360,0.943040
23ad62ae-fc84-466f-ba1d-04d07cfadc98,clean,s4,1,0.701061,0.810493,0.896923
23c91387-2d21-4e2a-8fde-15118e8a0640,fog,s4,1,0.941693,0.969760,0.976955
23cea845-ecbe-4a47-bee8-b5ced845bde5,clean,s3,2,0.379763,0.442789,0.743735
23e2d6c3-597b-4a20-8e99-ade3ee9a88b5,clean,s3,2,0.928743,0.962077,0.988856
23e3e27a-b312-4479-b523-912adf6fb3ca,clean,s5,4,0.724475,0.832166,0.888256
23e5e22f-6078-4bfa-947e-61bbeda21e4d,fog,s4,2,0.943731,0.970926,0.975360
23e7bd64-1846-4901-84d5-32aef0b84ef6,clean,s5,1,0.717945,0.835564,0.837369
23ed306d-303d-4500-9612-dd7685cf6e14,fog,s4,3,0.482588,0.633759,0.698102
23f3442a-4089-4bfa-96dc-c43c35b161ce,gaussian_blur,s5,1,0.814375,0.896215,0.911922
23fc1bf0-14a7-45d3-a9df-02d80393f201,clean,s4,3,0.946282,0.972192,0.979877
2403c927-4a57-4cf9-80a4-559a7adde005,gaussian_blur,s3,2,0.955195,0.976648,0.995770
240fc073-2bed-437a-a386-203dbaa98cf1,shot_noise,s3,4,0.476104,0.495568,0.941483
2410adda-8d8b-434e-8c35-91f2f2e2ea03,shot_noise,s3,4,0.658433,0.765771,0.914745
241b60f8-d5af-457c-9f2f-96c213ab7027,shot_noise,s5,1,0.914765,0.954531,0.976485
241d6b4d-ff4c-48ba-ab50-aaca43d850ff,clean,s5,2,0.838689,0.912177,0.913307
242706a2-e02f-4155-98bd-2e11a78854e8,fog,s5,4,0.894764,0.944354,0.946354
24519878-7170-4ab8-8d35-d7750405603a,gaussian_blur,s4,1,0.856632,0.921745,0.936018
245baff2-1469-4163-8994-ad1cae71bba9,fog,s4,1,0.223859,0.365290,0.366667
24647dda-d9b3-4acf-9f00-06c44e4f912c,fog,s4,3,0.775642,0.864266,0.942757
24668d17-eb27-479d-8204-e932f9e3e313,clean,s4,1,0.956706,0.977568,0.991512
24812aff-d926-432f-9e5c-dd2e1c284045,shot_noise,s3,0,0.557199,0.653347,0.895349
2491a41a-c6fc-4342-a329-ec5c0749aabe,clean,s5,5,0.838689,0.912177,0.913307
2491e1b3-8f0e-48f5-bea5-489179151762,clean,s3,5,0.874055,0.929664,0.977317
249d12f7-b41d-4430-a0f4-a59b6a627b80,shot_noise,s4,2,0.442712,0.469615,0.885424
24a7df2f-aec0-4a76-a753-3191f94e5142,gaussian_blur,s3,0,0.874055,0.929664,0.977317
24a9f0e8-4ff8-412b-924e-1be1b7e2d5ea,shot_noise,s3,5,0.732119,0.825960,0.956725
24b008d4-2294-42db-828a-a91ac784cde0,gaussian_blur,s5,4,0.670803,0.792910,0.851550
24b4c55f-45a2-4a50-8bbf-fc0a33d7f1b1,gaussian_blur,s5,2,0.741349,0.843684,0.901243
24bafb92-774e-485a-950d-b035a5b948d1,fog,s4,2,0.972389,0.985914,0.992192
24befa18-f6c5-4323-805b-d602e8dd9442,gaussian_blur,s4,2,0.950103,0.974075,0.987483
24befc2f-7e1c-42ab-a6f2-abce09363516,shot_noise,s5,5,0.763693,0.864984,0.873660
24c8cd9e-aaa2-4cd8-9763-ff3803560598,gaussian_blur,s4,2,0.722914,0.834399,0.868027
24cc2da4-3929-4b3c-bdcf-d703c22d78ad,fog,s4,1,0.555379,0.700509,0.759653
24cf06a7-cfb2-425a-b049-f1e1cee11630,shot_noise,s5,5,0.682871,0.811554,0.811560
24d9bae7-dd70-4474-8db0-ac1185edb665,shot_noise,s4,2,0.892379,0.942137,0.960277
24dfd2fb-fdb5-4119-ab84-9cb9aedbe315,clean,s5,5,0.648453,0.785403,0.792977
24e79583-a099-4295-8456-9c4d6f487e46,fog,s3,3,0.518122,0.602815,0.883417
24ea8711-1302-4859-8f6d-b665319f073b,clean,s5,5,0.794381,0.884597,0.892448
24ecf7f6-1ab5-4300-9cf8-173bf35cd91b,fog,s5,2,0.382689,0.552419,0.556053
24f4e8d7-6e39-420d-9283-97d2c78643c8,gaussian_blur,s4,5,0.581725,0.712197,0.816725
24fcd093-cfd3-4125-a739-a494cb8b592d,shot_noise,s4,2,0.736462,0.844301,0.873488
25003d22-af74-4011-9f25-9000530601c2,gaussian_blur,s4,4,0.899179,0.945157,0.978943
2504a094-4420-4967-9b97-b2234903ffcc,clean,s3,2,0.481174,0.490406,0.962348
250f83a2-bd9d-45b5-b7f1-1e564a6b88ef,shot_noise,s4,0,0.935644,0.966480,0.974871
251c0416-dd0d-41c2-9828-54dd4d8274f9,fog,s3,5,0.530032,0.647391,0.821724
251f1837-4d9d-4cc8-aca7-82a2bc5d4fae,clean,s4,3,0.950127,0.974090,0.987381
251fc9f0-b2df-4f02-9ed5-a9e4ee57f0ac,clean,s5,5,0.973012,0.986294,0.988336
252e4bbe-8d86-49b4-99b9-b8dfe269338e,clean,s4,2,0.972429,0.985952,0.990990
2533f88b-ffdc-4b60-8124-e0cb8fc17aae,clean,s4,2,0.963647,0.981338,0.989472
2537307f-7d07-4ddf-831e-27e74768cc0a,gaussian_blur,s4,2,0.823138,0.896716,0.963741
253f4f04-a759-447a-aea2-c490108e1e12,clean,s4,4,0.972499,0.985971,0.992267
2548af6e-f7a8-4e60-9368-b62474bf815b,gaussian_blur,s3,1,0.356812,0.477538,0.618629
254a8c7a-7620-42d9-9200-e5d0fdfa5e67,gaussian_blur,s3,3,0.550463,0.644410,0.894693
25501912-cb7a-42bd-946b-7a0a31475cb4,clean,s4,5,0.963647,0.981338,0.989472
2551c8a5-f613-42ca-a660-b944becdcbea,fog,s3,2,0.922867,0.958462,0.994179
255e6d65-5bb0-4301-9233-d48fd1c8fb44,clean,s4,0,0.952280,0.975292,0.986253
25601650-5323-46d8-8750-b950952361e6,shot_noise,s5,1,0.835377,0.908893,0.925808
256ece02-0113-4853-9693-964b89ca2b2c,fog,s2,5,0.945196,0.971083,0.997532
2581f376-87fe-4539-9a6f-02e78b4b396c,clean,s5,5,0.913402,0.953748,0.976210
25824ce8-7137-4f6f-93d9-eb8757401c7b,gaussian_blur,s4,3,0.832151,0.906398,0.929634
259385ae-6cd6-4186-8c93-b8b384ccdd56,clean,s3,0,0.753519,0.845787,0.947945
25ab0f27-0e15-4944-abbd-ed1757080ce0,fog,s5,4,0.878763,0.935459,0.935629
25b974d7-62ab-46d6-93d4-fdefaf803284,clean,s5,4,0.717945,0.835564,0.837369
25bf6afc-7dbb-406c-9213-e46774406b3b,gaussian_blur,s3,4,0.881425,0.933632,0.987364
25c5215e-4f34-40d6-ac1f-85f23ca8b453,shot_noise,s5,4,0.937466,0.967724,0.967724
25ccfa9c-806a-4507-94f2-9366011b97d1,shot_noise,s5,1,0.967354,0.983406,0.983443
25e333b7-20f7-47ca-8b97-7e3cb1b3c8e6,shot_noise,s5,2,0.981768,0.990800,0.990800
25f08800-070f-44df-8da5-0513f464f585,shot_noise,s5,0,0.842405,0.914246,0.916991
25f4f8a3-4768-4178-ba42-fae592261572,fog,s5,0,0.805851,0.892485,0.892530
25f87413-ce67-4e4d-9659-4d9582697480,fog,s5,5,0.623713,0.766836,0.774341
2607e281-9f09-4092-bcc6-64d2493cbd7f,shot_noise,s4,5,0.878622,0.933647,0.961664
260bae68-c794-4cfc-9201-7552eb1f2d12,shot_noise,s4,1,0.910472,0.952361,0.969451
261aaaa1-abe0-448d-bc0a-538d5f040cd6,fog,s4,3,0.855539,0.921114,0.935227
261d4928-4ecd-428e-bb5d-00c337747cc1,shot_noise,s5,4,0.791111,0.883101,0.885712
262f41b0-64ce-42fe-9696-106e1ff920b8,fog,s3,5,0.566546,0.644620,0.944720
26373273-f936-45db-b33b-300fdf08d7d6,fog,s4,3,0.630515,0.756146,0.844125
26448f3c-3a47-4c6c-b1b8-16bdfcc4ccbb,fog,s2,4,0.681413,0.768761,0.991131
2648c13a-1966-4101-ae36-7352ae80fccf,fog,s4,5,0.743630,0.839574,0.936455
264a11a4-ce46-47a6-a9bf-133d57be3ba8,clean,s4,0,0.842742,0.911238,0.953227
264b0625-866f-4961-bb14-ea2115a78518,gaussian_blur,s5,2,0.196469,0.297430,0.372517
264ea451-44de-4313-b240-2e9f4a6d712a,gaussian_blur,s5,5,0.839421,0.911689,0.924161
26500416-9e99-4591-9848-507b366a3195,fog,s4,5,0.398516,0.569253,0.571445
2651493f-8459-45a3-adf9-d93775b0a0b1,fog,s4,5,0.173966,0.296118,0.296736
2651f4b7-2484-4175-88fe-d5d587f76fba,clean,s4,1,0.719667,0.826067,0.899749
2660da39-a932-4071-bd32-bf55735c32f5,shot_noise,s2,5,0.630661,0.713644,0.982541
26615df6-7728-4175-a859-fa38dc5dae32,shot_noise,s5,2,0.935859,0.966860,0.967078
2663543a-193b-44d5-a884-a8c6c03c50d1,fog,s3,1,0.822512,0.894704,0.977727
266a4222-b343-4e24-92a1-185b41c38df4,gaussian_blur,s5,5,0.682720,0.810608,0.815883
266e52ce-a3fa-4d07-932d-fed55621e20a,shot_noise,s2,3,0.890389,0.938860,0.993648
268a440f-dc17-4e25-93ac-4979a63ead7b,clean,s1,5,0.485877,0.492838,0.971755
268e91ed-5e8a-4e62-b1a5-306dd82c74f5,gaussian_blur,s4,1,0.508369,0.636889,0.776443
26901e07-70c7-4d46-b99f-9d32f2c58bbc,gaussian_blur,s5,4,0.914095,0.955042,0.956835
2690a6a7-15d1-4997-b5c5-c60bc72ea0d0,fog,s5,0,0.743577,0.845309,0.902213
26aacfa7-b136-41e8-a8bd-88e323b4d280,gaussian_blur,s5,5,0.247898,0.395491,0.400305
26b16292-a3f3-445a-9c1a-55b6a936a6dc,clean,s4,4,0.935547,0.966469,0.973611
26ba1bbd-03e4-421a-8ded-d2d87758f214,fog,s4,2,0.585354,0.719648,0.805525
26cc6683-88b5-4c38-9088-4ef5552a63fd,shot_noise,s5,1,0.771455,0.870974,0.871065
26d7053a-6bda-4d57-bc22-27e6889fec5b,gaussian_blur,s5,3,0.916304,0.956324,0.956324
26d8c849-fc12-42bc-a15a-73f91640b728,gaussian_blur,s4,0,0.458284,0.617751,0.656710
26de6fc7-eb3c-4e3b-9ac4-5957502e610e,clean,s5,1,0.331715,0.465803,0.558779
26e0ad5d-e8c7-42d2-9b8a-8783eac16cbd,gaussian_blur,s5,5,0.529411,0.668027,0.765445
26e18d28-8ef7-41a5-bb4b-0587c55b4d6a,clean,s4,0,0.836112,0.907713,0.943563
26f21d5d-3310-4890-8566-611a2223110b,clean,s5,1,0.236396,0.365524,0.408987
26f2a295-c327-4a95-91f4-9cf65eea20be,clean,s4,5,0.927750,0.961882,0.979272
26f65740-efd8-4db3-8689-7b47369cc3cc,clean,s4,3,0.785702,0.875667,0.914780
26f8bebe-8b84-42a8-868a-60d2fb2d2674,clean,s4,4,0.722901,0.830098,0.892544
26fe0d9f-b1e6-49df-b48b-e570fb5a7da5,shot_noise,s5,1,0.465137,0.634788,0.635355
270bc3d9-dc9b-420f-911b-9ddd58f53835,gaussian_blur,s4,5,0.806246,0.886904,0.944256
270f69f0-ea59-4fae-a028-a7cba9b718dd,gaussian_blur,s2,4,0.931290,0.963187,0.997984
2710335e-39ed-41fb-8037-3d3e46935547,gaussian_blur,s5,0,0.679577,0.799935,0.855652
27245d76-3844-4a1b-83d4-b18bb92c3b9a,fog,s4,0,0.876866,0.932027,0.969219
272ce77d-5cdd-4c2b-8256-ac1277a9044a,shot_noise,s5,0,0.894224,0.943871,0.949275
272d38e5-b9ed-4c4f-aee1-8e6219a39866,clean,s4,2,0.709705,0.816839,0.903195
27329708-2abd-4d46-8af5-5af6393e57df,fog,s5,2,0.640653,0.779439,0.787931
27346ce2-4b07-491a-acfe-14b0da5d6125,clean,s5,1,0.842405,0.914246,0.916991
2734fe61-3c6a-4fe9-81b5-8453ff89f8fd,clean,s5,1,0.407121,0.578648,0.578683
273c0522-f6bb-4842-90a7-04c758d93ea7,clean,s4,0,0.668430,0.783317,0.884114
2748a9d7-19f4-4c97-a6b9-475905409347,shot_noise,s4,4,0.595330,0.731079,0.803093
27490bcc-a67b-4d95-bafb-10ba799f0a76,shot_noise,s5,4,0.706758,0.822290,0.861376
274d1727-71af-4cc8-a2b3-a1953456c9ad,clean,s4,0,0.975770,0.987712,0.989691
2753fd65-4593-49fe-880f-f796bba9ca3b,fog,s4,3,0.878093,0.932917,0.967488
2754973c-eac8-46ea-b803-6dab49ad8c05,gaussian_blur,s5,5,0.921044,0.958712,0.963432
2758d3d5-08f9-4149-a9cd-d796f5915052,clean,s2,3,0.926871,0.960697,0.996415
27595584-d4d0-4c9c-bc6a-44fbc0bef148,fog,s4,5,0.836392,0.906716,0.955844
275abc4a-653c-48cf-bc62-0df0076abebf,fog,s4,1,0.630009,0.753783,0.851115
276365db-b847-4e79-a7e3-630a1a2e7b7e,shot_noise,s4,0,0.967772,0.983555,0.987668
27665a55-dafb-4015-bb5d-32b6ef0e68b3,fog,s5,5,0.983875,0.991871,0.991973
277c0e2e-0763-452b-9fc4-8a0e369d0bca,fog,s3,2,0.456912,0.588395,0.721594
277eaecf-8043-4a06-b0a7-546012aee7dc,clean,s5,1,0.836298,0.910797,0.911473
2789d52c-09ba-474f-8be6-7808048bb878,clean,s3,5,0.729694,0.819604,0.977441
27967675-0e56-4f5a-95b2-b216cfbf0cd3,clean,s4,1,0.924866,0.960729,0.967019
27985e1c-95fd-4f89-b017-46a51bcda1e7,gaussian_blur,s2,5,0.950669,0.974135,0.996971
279a04a9-bdf5-4901-97e7-87c1b61df2f3,clean,s2,3,0.932359,0.963801,0.997984
27a3bb0e-e426-4e01-b880-8167a1fdaaae,clean,s3,1,0.963844,0.981308,0.996640
27ad42ca-c0cb-4ebc-906a-927086d12c07,fog,s5,2,0.833068,0.908775,0.910661
27b0023a-d8de-4ccc-a154-c958a77fb020,fog,s4,3,0.630896,0.761806,0.823532
27b2c02e-45c7-4790-b5a1-cc8915ddd481,clean,s4,5,0.953219,0.975918,0.981493
27be260e-8c85-4fa2-a274-003bb279332e,gaussian_blur,s5,2,0.388205,0.529669,0.622272
27bef5dd-e182-4ffd-bcdd-34e61fc5c6eb,fog,s3,2,0.746586,0.839888,0.948720
27bf8516-ea54-4d17-9c2b-2703001f993c,gaussian_blur,s5,1,0.753843,0.859517,0.860571
27c6951b-2fb1-46ca-b336-058b47618082,fog,s4,0,0.889362,0.940114,0.963611
27c78af0-fa99-4a2b-9636-8e2f2aff5839,clean,s5,2,0.887281,0.940027,0.944405
27d5f523-5a78-43f2-ab4b-08a19306dd47,gaussian_blur,s3,0,0.656342,0.763576,0.914944
27e59a0a-0a10-4d6a-aba4-b9ec21cf35f4,gaussian_blur,s5,1,0.942340,0.970289,0.971184
27f2abcd-4996-45f9-a562-ac9bc3aaddc7,clean,s5,3,0.882974,0.937754,0.939405
27f5787f-7fc5-4448-a3af-9bf8130bb405,clean,s4,5,0.970626,0.985017,0.990233
27f9de10-5d53-4b4b-af02-8074b023c27a,fog,s4,0,0.977803,0.988712,0.994511
2817c1a4-e10b-4c5d-a09b-9780e79446e0,fog,s4,3,0.959766,0.979288,0.988277
281d70ae-7ccc-4ef2-b6d8-5ce66cd71eb8,fog,s4,0,0.682848,0.801744,0.860944
2843e1c6-d836-4c8c-82e1-57e1ac4df17d,shot_noise,s3,1,0.475461,0.494356,0.941411
28591bc7-972f-4091-bb8c-3dd9205fa6ab,shot_noise,s4,0,0.892152,0.942493,0.951861
286b2608-25db-4c6f-8964-f36f6a292c10,gaussian_blur,s5,4,0.820629,0.900134,0.914944
286c2596-3feb-42f9-9be8-aac59fcbbc41,shot_noise,s5,1,0.804593,0.891298,0.895575
2892f29e-865d-443d-ada1-d4634dab83d5,clean,s2,3,0.959488,0.978927,0.998222
28af10c1-674f-4498-82f6-d6e7c9502e4b,clean,s4,1,0.964442,0.981702,0.992715
28c2a4b4-0854-4f96-9925-88ed8b815c72,gaussian_blur,s5,5,0.944113,0.971121,0.975813
28dd02ce-7c6d-4483-a498-6b35c1b58e2e,fog,s5,4,0.663734,0.794697,0.813413
28e539a8-87ca-4b82-82c4-cf2a4af39532,shot_noise,s4,0,0.882742,0.935226,0.976216
28e86b06-1873-4da2-b712-b0a3bcfb9203,gaussian_blur,s5,0,0.838689,0.912177,0.913307
28f023de-cf9f-4377-b806-a52e3c0b90e1,shot_noise,s4,4,0.946081,0.972113,0.978769
28f852a1-5a1e-478c-a0e3-0f567521a39c,clean,s5,5,0.970083,0.984785,0.986757
2906fb63-4390-4c17-bbf0-55c4e3f40330,clean,s2,5,0.477349,0.541657,0.874365
290d1e39-8caa-433a-a7b2-f1f09afee866,gaussian_blur,s5,0,0.941749,0.969993,0.970275
290de803-9eb5-4047-b864-222d418a1eb7,clean,s4,3,0.769524,0.865961,0.898040
29125aba-3bfd-44de-86c9-bc1e9a601ad3,fog,s4,5,0.934594,0.966023,0.971157
29154e8c-5c62-4c60-b8b1-7194f3c31671,shot_noise,s4,4,0.825814,0.900261,0.948091
2915abd5-f6e2-4ec7-b2db-1dae28e3a0c4,fog,s4,3,0.918296,0.957130,0.963883
291836b6-f7a9-490b-9aac-ccb0ed4481b4,clean,s4,0,0.970626,0.985017,0.990233
29188551-d4a5-41b7-b315-497f51194314,gaussian_blur,s5,2,0.879208,0.935707,0.935945
292f3411-4e97-4e33-b474-0c1ee2029069,shot_noise,s5,3,0.898633,0.945430,0.968235
29300489-f47b-4a4f-8dd3-491ad5a79f85,shot_noise,s4,2,0.722915,0.830146,0.892347
29367627-c480-4e38-92e9-984eb932a773,clean,s5,5,0.641852,0.781838,0.781979
293bbcb1-5846-4eef-8f5b-7e5e45b7126e,shot_noise,s3,0,0.729694,0.819604,0.977441
2941fb9c-a6d9-4197-a485-856068f84306,clean,s2,4,0.876559,0.930134,0.992704
2949ef16-ec6d-4949-af49-1bb52822f360,shot_noise,s4,4,0.899578,0.945777,0.972162
295acf9a-3087-4f6e-b7de-f959f3553703,clean,s5,5,0.756795,0.859268,0.877877
29634df8-01bf-47a9-9061-84e1988a1ee5,shot_noise,s5,0,0.982153,0.990985,0.992274
2963bd24-9152-4c05-908b-32f96fbe4340,gaussian_blur,s5,4,0.888893,0.940719,0.948937
297912e7-3be3-40ae-a9d2-2cebaf2e033e,shot_noise,s3,4,0.737487,0.830598,0.957024
29836de4-8670-4e97-8d68-9e8d221be1d6,clean,s4,5,0.902105,0.947743,0.963657
2985b4b2-e5b3-42a4-8243-49ff57ee2952,gaussian_blur,s5,0,0.776899,0.873583,0.881250
29888776-cc84-454f-97dc-ab1f163ab137,shot_noise,s4,1,0.968478,0.983945,0.986544
298916bc-133a-4435-970a-3e884275e2e0,gaussian_blur,s4,1,0.772848,0.865105,0.922037
298aa541-135b-4719-b342-68135b5c4503,gaussian_blur,s5,2,0.938320,0.968072,0.971533
298b1b91-78fe-4e0e-b2aa-9fe6e407af78,clean,s4,5,0.833462,0.908145,0.920294
29949053-b793-438e-8e40-596bb78f24ea,gaussian_blur,s4,5,0.787786,0.877593,0.911563
2995a42c-18fb-45c2-94f0-bd102e4959b9,fog,s4,0,0.982676,0.991226,0.995361
299c0e78-3f94-426e-8b7d-f460d2e8f62b,clean,s3,5,0.521480,0.638345,0.815850
29ab6ba8-9c5c-4eb5-a932-eefd915436ba,gaussian_blur,s4,3,0.757982,0.855942,0.906688
29be4dc5-5e24-4b9a-a069-0117f53db0cf,gaussian_blur,s3,4,0.668491,0.773890,0.922589
29c10b6c-ba12-4c0d-9015-5ce6877b488d,fog,s4,0,0.892152,0.942493,0.951861
29c6d867-dd27-49ca-bf4d-e75894bfe06d,clean,s4,4,0.928677,0.962433,0.978636
29daf2dd-0fd0-4f1e-841c-10d55606b285,fog,s3,0,0.369384,0.489418,0.637557
29eceaca-ddeb-452c-afa9-82efc4c79f65,shot_noise,s4,3,0.919720,0.957438,0.975657
2a0e0870-9fa4-4ff5-a658-d915ea83bd2b,clean,s4,2,0.967772,0.983555,0.987668
2a0f1745-d1f2-410f-9cb7-8854a6a40609,shot_noise,s5,1,0.646183,0.776389,0.823883
2a17d4d4-b54c-4d4b-b367-e2057dbe7ce1,fog,s5,0,0.884210,0.937623,0.953371
2a2e9d6b-7440-4bc2-aeb6-fcb6f8cb7495,shot_noise,s1,1,0.736156,0.822921,0.989823
2a30f1d9-2da5-4d8f-ae2b-9f318f9d5bf8,gaussian_blur,s4,0,0.968797,0.984060,0.989877
2a39ee09-285c-49f6-bd7e-675991e3770f,shot_noise,s5,3,0.837262,0.910973,0.916491
2a475a9b-5b67-44c2-8951-c38712cd4a24,gaussian_blur,s5,3,0.915110,0.955453,0.960615
2a5b2cea-fa31-4b9e-9333-c392f6c0a638,shot_noise,s3,4,0.950229,0.973939,0.995221
2a5b9908-f9f8-428b-b018-a719a8049bac,fog,s4,5,0.942491,0.969949,0.985207
2a5bd627-8713-4e0d-a965-598bee3bf7b3,shot_noise,s4,1,0.851649,0.917982,0.943045
2a699d55-c44d-46e9-a42f-69eb6a786f31,shot_noise,s5,5,0.539822,0.700815,0.702261
2a72b2bf-44d0-4677-b195-b94f08b6786e,clean,s5,0,0.828011,0.905914,0.905916
2a88abe9-cba3-45d8-a835-37a5617140c5,fog,s5,5,0.913628,0.954688,0.958768
2a8df138-ccb0-42dc-8c9b-9e16c5770b6c,clean,s5,3,0.735411,0.847522,0.847621
2a9257ec-bec0-4938-b829-43187a3754a8,shot_noise,s3,3,0.670000,0.776623,0.917772
2a9f2315-7681-46ea-bbf1-bd95a1e21056,gaussian_blur,s3,4,0.530705,0.646001,0.827341
2aa175b5-86d8-4f91-8448-65fe8b75ab89,shot_noise,s3,1,0.691956,0.794490,0.932024
2aab1dc6-2e8a-4ebd-b1c4-d36f92b88838,clean,s4,0,0.622986,0.753356,0.825874
2aac9ed1-d3f3-459f-8d01-731cf6d101e7,gaussian_blur,s5,4,0.480751,0.648213,0.652523
2aadce43-8f54-4ce9-95d6-4677b781d912,shot_noise,s5,2,0.951148,0.974895,0.977650
2ab5586f-edb4-4493-a9e4-780663605d53,clean,s4,1,0.828416,0.905024,0.918085
2abbc613-aaf6-4a8e-b814-9c1ad9b07599,gaussian_blur,s5,0,0.936467,0.967104,0.969851
2abbd6d1-53eb-4da5-bd45-5abf52677b6a,gaussian_blur,s5,1,0.873297,0.932194,0.934871
2abf919a-0877-4639-9cdf-44f799db7f29,clean,s5,2,0.743577,0.845309,0.902213
2ad17479-3409-46bd-8a57-f271215023c9,clean,s4,1,0.970626,0.985017,0.990233
2ad74867-21d3-4d4b-9f97-9e5992a68049,clean,s5,1,0.925242,0.961168,0.961211
2adb1830-7908-462d-a1af-f777f36619c4,fog,s4,3,0.816210,0.896474,0.921333
2add36ae-9999-468e-8f07-a34e3000219b,fog,s5,5,0.970434,0.984963,0.987157
2b0bb4b6-3402-494a-9846-b0cfab45c525,clean,s4,0,0.531199,0.633424,0.858629
2b107dd5-2f5f-480b-b422-efb25c7b8489,clean,s5,1,0.841473,0.912609,0.928829
2b14fee2-da99-42f9-b9b1-cb7f67b8e994,gaussian_blur,s4,3,0.969393,0.984371,0.990101
2b2fe875-a739-4c57-8a9d-10150a40d4ea,clean,s4,1,0.950322,0.974195,0.987444
2b3415a7-acdd-408d-9c27-821beef822cf,shot_noise,s5,3,0.404359,0.574233,0.579691
2b3aace4-474a-4533-9982-9abe24531d1a,gaussian_blur,s4,0,0.840024,0.911692,0.928517
2b44d693-0c1d-4d5b-aaae-b2c0457419a7,fog,s4,1,0.358612,0.527771,0.528203
2b496f78-ed32-492e-8c83-186ac82d4e91,clean,s5,3,0.470942,0.623789,0.684288
2b6086ad-9496-4e77-bc4f-6cdf827a1610,fog,s5,4,0.828888,0.903155,0.940355
2b69bd51-066e-413c-a86b-7a2db05fcb9e,gaussian_blur,s5,3,0.745179,0.851161,0.872965
2b74f9e2-2b11-4cf9-af6f-d3bd9a15d74b,clean,s5,1,0.240784,0.386607,0.390575
2b78f8b2-4fe1-4c09-8ecb-64be5347166f,shot_noise,s5,5,0.978714,0.989241,0.989365
2b8052e3-ef72-486b-b0e4-9cd2ac280edf,fog,s4,0,0.399237,0.570378,0.571280
2b8482ec-21f9-428a-aa32-7706801066fd,fog,s4,1,0.863874,0.923908,0.967160
2b887e2c-743d-4c6a-ac0c-2cc4d6cc2130,gaussian_blur,s5,0,0.756795,0.859268,0.877877
2baf9588-7814-4ea9-b711-6eaf841e39e5,gaussian_blur,s3,4,0.540991,0.671390,0.795691
2bb41f26-91fd-4ad6-9fce-77da5b2b4760,shot_noise,s3,5,0.632168,0.737015,0.917688
2bbca9f9-fee7-4c27-93d5-2b0258ea96af,fog,s4,2,0.705279,0.818492,0.874987
2bbeedff-b05d-4e0e-89e9-d5170d1b74ae,fog,s5,4,0.804400,0.890598,0.900747
2bd92ace-d9f7-4365-808f-7f6e9bebea3c,gaussian_blur,s4,3,0.946278,0.972219,0.978829
2be35cf0-dc3e-4861-ae10-fd46fd87297e,shot_noise,s5,4,0.938700,0.968372,0.968653
2bee035e-0991-4393-9c48-f5b8edfdeb44,fog,s5,4,0.274646,0.378896,0.514725
2bf0c884-6276-40b6-b70c-43df6da4ceb6,shot_noise,s5,3,0.931722,0.964624,0.965506
2c02be62-abeb-4201-b9cc-cb0b89f98aa4,shot_noise,s3,5,0.660984,0.767742,0.917109
2c06888e-9b02-4a57-b82d-f596c793d867,clean,s4,5,0.982676,0.991226,0.995361
2c092548-cd85-47f8-8c5e-28399ba6f300,shot_noise,s4,2,0.896269,0.944822,0.953909
2c2851bb-ea4a-4796-856c-402ea5908ed5,shot_noise,s5,4,0.764206,0.865985,0.869037
2c2dfee2-96af-46db-93cb-02018a83b1ae,shot_noise,s5,0,0.496688,0.662993,0.665861
2c37b776-5789-42bf-948c-a0bd74f561b8,clean,s5,4,0.888631,0.939610,0.964566
2c3f2a11-04d6-4e47-9734-dbff30ad4aac,gaussian_blur,s4,3,0.970009,0.984695,0.990066
2c464e8c-7dc0-46a2-b50e-77f7b27a5c2c,shot_noise,s4,5,0.565774,0.706501,0.777790
2c4d61f3-487a-49f2-8c87-bde4dafd84ea,shot_noise,s4,3,0.823020,0.901720,0.915125
2c4edf03-78b3-44e9-8d38-ebdc9222e7bb,clean,s5,3,0.977250,0.988494,0.988525
2c611946-7664-492b-aa50-00c1b0aaeacb,fog,s5,1,0.644874,0.782632,0.790859
2c86352b-2ce6-4437-a932-f5c6cf78a2f6,clean,s5,5,0.826925,0.903945,0.919000
2c894ba4-208a-47bb-8be7-293c048b5059,gaussian_blur,s4,0,0.914408,0.954242,0.978207
2c895a3e-9c69-4c5d-ac77-ce3f448529ff,fog,s4,1,0.877405,0.932967,0.960543
2ca2fc44-e02f-428b-aa96-e2644e9b2c0f,shot_noise,s4,0,0.972429,0.985952,0.990990
2ca6344d-1deb-4ecd-8fd7-6806777b1566,shot_noise,s5,2,0.192458,0.290509,0.368293
2ca78ad9-931e-4e15-87a3-d1963aaa20f3,shot_noise,s4,2,0.830170,0.905697,0.923205
2ca8482a-36fc-4e42-8efc-063bbf00c07c,clean,s5,5,0.653778,0.783620,0.823125
2caaf468-0d7a-48b1-b14a-cad7158d35d4,shot_noise,s4,1,0.950977,0.974520,0.988723
2caf3fd6-1724-4523-b997-59b716c387fb,fog,s3,2,0.730056,0.820070,0.976787
2cc18d00-bce1-4714-8390-54e1d0af44ca,gaussian_blur,s3,5,0.535993,0.626641,0.888800
2cc426ee-4e1a-45df-919e-7bacc73682f2,clean,s4,3,0.840024,0.911692,0.928517
2cc46d03-ae48-49a0-8314-baec8098fd4e,fog,s5,4,0.975192,0.987440,0.987440
2cc5d985-080e-45a6-95b5-de85aa73d54d,shot_noise,s5,3,0.574108,0.723768,0.749968
2ccc4185-4f24-4302-8ef6-0f6a1ee06695,fog,s3,2,0.760214,0.851127,0.948730
2cd4f68a-2af1-42b1-8ab4-3d033a4b6c75,fog,s3,5,0.952520,0.975191,0.995509
2cd7ca61-9cdb-4407-90e7-da6b4d267aad,gaussian_blur,s4,5,0.628717,0.743783,0.882325
2cd8880a-50e9-464d-80ae-f5179cbd13ae,gaussian_blur,s4,2,0.322408,0.476011,0.509741
2cd8f41d-71b8-4ce7-9be5-c3cdd78f38f7,gaussian_blur,s5,3,0.292378,0.440042,0.474651
2cf4fefb-16b9-44cd-ae32-6b9653c0c223,gaussian_blur,s5,5,0.388476,0.558290,0.562475
2cf88fd3-a37e-4863-81a3-3c9f54937e86,shot_noise,s5,2,0.646950,0.785631,0.785648
2d26ee2f-d88f-48a9-b206-4955c95b262b,gaussian_blur,s4,3,0.713930,0.824022,0.884624
2d37eb59-fa76-4c00-9142-69a21c6eae9e,clean,s5,3,0.708960,0.827824,0.840581
2d3cdc5e-863e-441f-a4e9-d591968145ec,shot_noise,s4,3,0.862400,0.923532,0.959925
2d53a871-8b60-43ce-a979-e965fc041b60,fog,s5,5,0.706344,0.826969,0.833307
2d584ab6-b397-4bec-a725-27e79d1df55f,fog,s5,0,0.739822,0.849578,0.856304
2d6938ca-fdec-410d-a140-0c519f34b411,clean,s3,3,0.685834,0.786172,0.942120
2d6e5145-3173-4666-bec4-4c54337e882c,clean,s5,5,0.941363,0.969700,0.972982
2d8051fd-fcd7-4730-a2dc-9c1545da7716,clean,s5,3,0.794381,0.884597,0.892448
2d8fb209-b6d6-4430-9cbb-86d8a57d3928,clean,s4,4,0.468883,0.521563,0.882673
2d9549ff-e5cc-4bdc-bd65-0bf4d16bcd91,shot_noise,s5,1,0.897996,0.946205,0.947224
2d98198c-e875-40dd-839d-535ca64bba42,clean,s5,2,0.929294,0.963314,0.964368
2dab874c-2ca5-4803-84c0-6d627ed54695,clean,s4,1,0.960489,0.979643,0.989832
2db3a36b-cdb8-48da-99ca-a8029a498d23,fog,s4,0,0.745236,0.846101,0.905504
2dbe17df-dbbc-4ac0-ac3c-0c00be838dac,fog,s4,0,0.840024,0.911692,0.928517
2dbe881b-0dd3-402c-9e54-3d6648cb3ed2,clean,s4,4,0.967772,0.983555,0.987668
2dcb0698-2eb9-4cd1-ba58-27bc2020d797,clean,s5,3,0.822013,0.901001,0.915564
2dddd920-bcd4-47ef-8f02-17494648f4fb,shot_noise,s5,3,0.640500,0.780715,0.781520
2ddff5e5-728f-41ec-9b58-ed0fdc25c4b0,fog,s5,4,0.760849,0.864163,0.864341
2def1205-c798-49ec-99fa-c6cf3de8c357,fog,s4,3,0.717035,0.831730,0.855832
2df7e501-999a-4fa7-87a8-b7d8fa232448,gaussian_blur,s4,2,0.442685,0.469600,0.885371
2dfad810-0f03-495a-a638-c443b6b200fa,clean,s4,5,0.828416,0.905024,0.918085
2e00be84-2cc7-48e1-8eab-00f3b259e5f7,gaussian_blur,s4,1,0.603537,0.737627,0.810426
2e04753e-73bd-415e-91af-673d6476f086,shot_noise,s5,4,0.978497,0.989131,0.989162
2e10c3ef-0609-4c9c-8a90-a0765dfbf384,gaussian_blur,s5,0,0.887281,0.940027,0.944405
2e1b684d-e026-4eb6-a5b6-2297688b7eea,shot_noise,s5,3,0.933171,0.965422,0.965659
2e20fc00-6b78-49a4-9bba-a1b728bf2164,shot_noise,s4,4,0.747962,0.845966,0.919719
2e342f90-f028-4178-91da-a9a63b82390b,gaussian_blur,s5,3,0.640302,0.779980,0.784043
2e34f453-91f3-4cf8-b389-872ab21254b7,gaussian_blur,s1,2,0.495141,0.497559,0.990283
2e397803-dd1f-4dea-9cfc-b7d746dd7e06,gaussian_blur,s5,4,0.606398,0.754150,0.758347
2e409a47-baa5-4fa0-93af-3dab2d787253,gaussian_blur,s5,5,0.888710,0.941052,0.941491
2e54c1cf-85c5-4734-a384-055fd4206ada,clean,s5,5,0.394083,0.563972,0.568560
2e610f59-d1cc-4042-a4ad-d8e243d77a6a,gaussian_blur,s4,4,0.923778,0.959503,0.982016
2e67df0a-d175-4cf3-acf6-9e2540d2f466,fog,s2,1,0.925438,0.959808,0.997780
2e6b0182-7ca0-48bd-aa18-d32a8ac8c02c,shot_noise,s5,4,0.732558,0.845617,0.845771
2e83bb3b-ac6e-4718-87d4-2073d1f7fa89,gaussian_blur,s5,3,0.548979,0.671909,0.821349
2e9bc607-15cd-4634-8d68-7b51d65aec4f,gaussian_blur,s4,0,0.702782,0.811323,0.900335
2ea42c6f-c1c6-4188-b7cc-a7ca834f1616,shot_noise,s1,5,0.738605,0.825110,0.989982
2ea66f51-34e8-4982-b0c2-c474e8c959ba,gaussian_blur,s5,1,0.917610,0.956831,0.961775
2ea795c6-1f18-4565-b1b1-1cbef70faf1e,shot_noise,s4,3,0.929538,0.962879,0.979732
2ea89f11-eeee-42b6-973c-1175e5a0b7a1,clean,s3,2,0.562575,0.652322,0.914895
2eb8e0b8-7b5d-440f-af4b-56dcfdc21c79,fog,s5,1,0.653786,0.790649,0.790677
2eb9cbf2-c44c-4d09-9739-5202a31f7e65,fog,s5,1,0.837076,0.911308,0.911375
2ec488f3-7065-4e80-9394-7f79ce18b4a0,fog,s3,5,0.939801,0.968163,0.994197
2edbab57-ebad-459c-93cc-72dcb4df98a0,fog,s3,1,0.587849,0.694153,0.891754
2edc24bc-bf75-4ce9-9e16-7a26c57db66a,clean,s4,5,0.927241,0.961356,0.985309
2ef1cc19-0ad6-43e5-9370-9e4c86c5bf94,shot_noise,s5,4,0.760694,0.863999,0.864715
2efea983-3ba7-45df-8ac6-8e79c60c6dfc,shot_noise,s5,1,0.795639,0.886143,0.886603
2f0092ec-e02f-4374-9368-21b08f5bf28d,gaussian_blur,s4,2,0.692395,0.801424,0.902939
2f03e5a4-644e-48b7-82c6-ecdfe65bec76,shot_noise,s5,4,0.769259,0.869424,0.870805
2f04297e-dac8-40be-bb01-0de7d5816f64,gaussian_blur,s3,2,0.368212,0.488237,0.635941
2f057f15-11c1-4ce0-98d6-966ff280688c,clean,s3,0,0.685834,0.786172,0.942120
2f0649f1-b8bd-42a6-b094-30630badae5f,fog,s4,3,0.730612,0.836715,0.891035
2f138214-82a6-4eaf-a546-066f4a6bcff6,fog,s4,2,0.235560,0.380554,0.382507
2f13b214-97a4-497c-ae0d-5fa3f1af81e9,gaussian_blur,s5,5,0.712285,0.828720,0.850947
2f1f980b-9d6d-4c75-b2b1-154e2504cfbc,clean,s5,0,0.846742,0.916804,0.919501
2f2fda43-2339-4cb5-b341-dcf17fe0bd51,clean,s5,0,0.982225,0.991024,0.991984
2f3a6013-0463-4d1d-91a5-0d3a2e5519c8,clean,s5,5,0.144880,0.250764,0.256198
2f3f2ee7-f177-431e-8cbd-5306377da082,shot_noise,s4,4,0.960814,0.979767,0.992310
2f56acf3-7057-435b-a8df-1fecf6921b8e,shot_noise,s4,5,0.964491,0.981872,0.984795
2f5729e8-275b-4cb1-bd9d-81ca82a36918,fog,s5,3,0.914500,0.955123,0.960201
2f5c6535-db67-4691-9453-730455c4733f,clean,s4,4,0.914408,0.954242,0.978207
2f643b55-6260-4c64-8361-85029d15ef87,shot_noise,s4,2,0.752152,0.850522,0.912235
2f67a2a6-6747-4ed4-acc9-04fed2efb44e,shot_noise,s4,5,0.827961,0.904327,0.922165
2f7762dd-a0a7-46be-a731-f0f266132bf3,shot_noise,s3,2,0.960974,0.979770,0.996368
2f7d022f-5cf6-434d-9ef9-4c5af024a408,gaussian_blur,s5,5,0.630241,0.767436,0.797920
2f8d8ae1-ca52-4c79-bdd8-9312994a3bc8,shot_noise,s4,5,0.824009,0.899277,0.945581
2fa5fcf7-a1f2-4e1d-bef3-8c30f1e941e2,gaussian_blur,s5,3,0.958895,0.978975,0.980965
2faed9c2-4c1f-41c8-9faf-7150e9c625a8,fog,s5,4,0.382912,0.553233,0.554992
2fba759b-eaa3-4b94-841a-c94659af9971,gaussian_blur,s5,0,0.735411,0.847522,0.847621
2fbb457c-3a8f-46e4-aa72-eae7a299e277,fog,s4,0,0.376587,0.531212,0.581090
2fc08955-83be-4eb2-b1f4-6aa1e1411dc5,fog,s5,3,0.936223,0.966529,0.982950
2fda39bc-ff29-4034-89e4-04139d5091ae,clean,s4,4,0.682848,0.801744,0.860944
2fe6ef8a-76dc-420b-9f36-0752ed815bfd,clean,s4,5,0.442712,0.469615,0.885424
2ff09a84-ab37-4595-8af0-6e4a7c6d8b93,clean,s4,2,0.876866,0.932027,0.969219
2ff1367c-e604-4bd0-a089-397e3bc1572d,gaussian_blur,s4,5,0.573333,0.726768,0.736299
2ffa43de-709c-4655-93b9-30dc3677713a,gaussian_blur,s2,1,0.475056,0.540152,0.870210
2ffb4d59-914e-41a9-9951-ab6065ee6f6d,gaussian_blur,s5,0,0.828011,0.905914,0.905916
3003672a-31e3-48fc-a73b-4586f9f50b26,shot_noise,s4,1,0.937361,0.967215,0.981486
300d853a-54c2-4793-9ac7-b6b043195625,clean,s3,0,0.557199,0.653347,0.895349
300e35ca-7f73-41ed-a78e-dbb393880adb,fog,s2,0,0.926871,0.960697,0.996415
300e5025-9d37-4084-af31-681b02095ca0,gaussian_blur,s3,3,0.629343,0.739485,0.899285
301a0d67-383d-49a7-b106-77b689d33882,gaussian_blur,s4,0,0.833462,0.908145,0.920294
301dc7e8-9e23-414c-abfc-f51834136088,shot_noise,s5,0,0.776899,0.873583,0.881250
30205619-3e74-4518-8c67-e27cde8a2e1e,shot_noise,s5,1,0.638004,0.773485,0.803356
3020c6df-178b-4f24-bd51-a98ebc8217d9,fog,s2,2,0.926001,0.960131,0.997893
3020efb3-a4f7-48e9-a993-8ac70bbd3f77,gaussian_blur,s3,2,0.610599,0.722319,0.887536
3020f3a1-14e9-494e-84cb-5e65d5abb61c,clean,s4,3,0.876866,0.932027,0.969219
30274f4b-0fb2-45db-a8f6-a0597d607c24,clean,s5,3,0.689320,0.813237,0.831375
3034ce4a-4272-4560-82bb-668c5b6aa489,fog,s4,1,0.959056,0.979002,0.983776
304b889e-312e-4238-8499-3463627801e2,shot_noise,s3,4,0.565254,0.642162,0.946069
304fa686-2bf3-43e1-a084-71f9b0759abe,shot_noise,s5,1,0.665767,0.797572,0.808144
3055160a-1a34-4c62-ae12-ef1d92e6af63,fog,s5,2,0.558230,0.710839,0.736043
3062d513-ae3d-4e4b-bd4b-ce6b618acd6c,shot_noise,s4,0,0.458284,0.617751,0.656710
306785cb-2540-433b-900f-d01e7df06a4d,shot_noise,s4,0,0.561909,0.703643,0.773075
3075573c-19dd-40f6-89cd-a0e9b21c70f7,shot_noise,s5,5,0.861831,0.925725,0.926645
3079b23a-098b-4379-a83a-be0cfbe5c641,gaussian_blur,s5,1,0.902288,0.948514,0.950967
307c2a77-2d9b-4512-b44b-fdd38ac4bb64,clean,s4,5,0.734274,0.842358,0.874832
308104e8-b1f7-4836-a829-41260fbfe486,clean,s5,3,0.762176,0.864894,0.866112
3089adb4-3530-4b2d-8190-8c1c995579b9,gaussian_blur,s4,1,0.967466,0.983345,0.990581
30954484-44e6-4a9a-b18e-30d7808cadb5,shot_noise,s5,3,0.744472,0.853487,0.853760
309a8e52-e79f-422e-8c92-d101626e60f7,gaussian_blur,s5,1,0.932200,0.964822,0.967435
30b24900-7a4b-4bbc-975e-50986ffd76b1,fog,s4,5,0.705679,0.817515,0.881867
30b31c41-e734-4cc8-ba55-54dd567b9c4e,clean,s5,3,0.443938,0.483049,0.869952
30bb9eee-d1ad-4db4-9329-574294fd6971,shot_noise,s4,4,0.896414,0.944802,0.955819
30bccfa5-2532-4a90-8397-2a00e4201763,clean,s2,0,0.932359,0.963801,0.997984
30bdbe8a-1258-4009-b774-4fdf7e685fbc,fog,s4,1,0.727901,0.833623,0.896037
30be0eae-5e67-4e6e-9aa5-0d8903ad4e34,clean,s4,3,0.967772,0.983555,0.987668
30c124ce-95f5-49ce-bb4f-3aed3f934ba9,shot_noise,s5,3,0.963206,0.981228,0.982887
30c57e79-6143-4081-806d-81a9a5b66b93,shot_noise,s4,0,0.964561,0.981887,0.986027
30c6b2ec-016e-40eb-9b75-52af6b8b56d7,shot_noise,s4,0,0.833462,0.908145,0.920294
30c998fc-024b-47d9-b917-972881a87732,fog,s5,1,0.761069,0.862777,0.875616
30d5deaa-c605-4240-ac7b-314110110503,fog,s5,1,0.762995,0.864606,0.872661
30dddd49-59ed-4ac0-9f9c-1f8a49f423fe,clean,s3,0,0.481174,0.490406,0.962348
30e10b86-2fc2-4be9-bb40-804f26d8c312,shot_noise,s5,3,0.943064,0.970691,0.970934
30e12eb2-4e80-4bb4-9030-8a1dd121e7a9,gaussian_blur,s5,0,0.822013,0.901001,0.915564
30fc6608-7515-4732-b6d7-0912a5dcd898,shot_noise,s5,1,0.821339,0.900507,0.915972
3103102d-12b6-4d24-b1cb-2577b5564fb5,shot_noise,s5,1,0.400356,0.570235,0.575413
31046b1e-d4b3-447d-bb64-7b3480c5cfb6,fog,s4,2,0.775293,0.871294,0.889984
3105003a-a6b2-4a5d-98f8-ed17b2d636c9,clean,s2,4,0.923010,0.958392,0.997740
31077f18-7f3d-4ebf-9212-37f03507a05a,clean,s3,4,0.959784,0.979170,0.994367
310c6c74-139d-4262-b8a5-6430a7514bbc,fog,s4,4,0.444571,0.470659,0.889141
311ab2dd-83a9-4810-a5ed-11a3f331606e,clean,s4,3,0.864321,0.924460,0.963808
3136c760-90ef-4ce9-a95f-d960dfb30dcb,clean,s4,2,0.467647,0.633062,0.648753
31389307-4ea3-4dad-a401-e00d4914be41,gaussian_blur,s3,3,0.919630,0.956869,0.987436
3153a44c-4885-4356-a729-b0e7aeaed81b,fog,s4,4,0.959735,0.979240,0.989736
315c629f-5341-4aff-bb4d-07ab448911db,fog,s4,3,0.358386,0.448499,0.671210
315e77a6-227b-4475-9d97-a9fc4af1ebca,clean,s5,5,0.796666,0.886783,0.887216
315e9ddf-2172-46ba-b14d-7b92430eb318,gaussian_blur,s4,0,0.531199,0.633424,0.858629
31840439-72dd-4616-8319-fb747edd4a95,gaussian_blur,s5,4,0.874141,0.932793,0.933616
319b64fa-71d3-4684-85c6-69b8e4909a09,gaussian_blur,s5,0,0.909497,0.952496,0.954871
31a9194d-0fd4-4b8d-af41-d6de82713f09,gaussian_blur,s5,0,0.727568,0.841169,0.849445
31b528ae-0571-4b94-a735-a47b77fc2299,clean,s4,0,0.946282,0.972192,0.979877
31b72a9f-ddc0-4af7-8b23-5f5ada1e5929,shot_noise,s4,5,0.971425,0.985434,0.990427
31c2324f-720a-4ff1-9380-aad3bac5f84f,fog,s4,0,0.970684,0.985037,0.990928
31c822f5-526e-4a91-a05d-be1bc87d203e,shot_noise,s5,1,0.588985,0.735582,0.763093
31d12d17-28bb-4b01-b645-07266350fef8,clean,s3,3,0.379763,0.442789,0.743735
31ddffbf-3686-4c37-a8f4-209660432b25,fog,s3,1,0.951710,0.974807,0.993158
31e20cbb-eedd-4a6b-aa2a-2e1688463542,gaussian_blur,s4,2,0.808950,0.888812,0.944517
31e71073-3ba8-459f-8674-0ceada28aff4,shot_noise,s3,2,0.634261,0.741433,0.910688
31f574a4-81ec-4c4a-8617-8ba951c59e23,shot_noise,s4,0,0.939014,0.967978,0.986331
3200a847-3898-47ad-bb54-8aeb4e1d9413,gaussian_blur,s5,5,0.611391,0.758805,0.758965
322e53b3-4a40-4c53-aec5-38d5f4748258,clean,s5,1,0.796666,0.886783,0.887216
32368718-13fc-4720-bf32-97f8cf738c7f,clean,s4,2,0.892152,0.942493,0.951861
3242f052-d32e-4b85-8fa1-3fbb0878f6b2,shot_noise,s3,4,0.630962,0.738522,0.908379
32469b4a-0c05-45a0-9c92-7aae534019f8,fog,s5,1,0.273501,0.353589,0.547003
32518fa4-b07c-44f4-ae4e-c0c3c56b403d,gaussian_blur,s4,4,0.860155,0.922771,0.951360
3262e3de-6968-43c2-b985-93c9e1716d13,clean,s5,0,0.144880,0.250764,0.256198
327a5867-7299-4328-8cdd-90afbb579a02,clean,s4,1,0.399237,0.570378,0.571280
329879b5-92a1-4d47-bcc0-04fbe344b8a4,shot_noise,s3,1,0.661752,0.769884,0.911904
32a3d05e-f410-4484-a09e-b82d51329aa7,gaussian_blur,s5,5,0.620201,0.763586,0.774040
32a89318-b75d-4ca1-9267-9f268bdd4011,shot_noise,s5,1,0.689260,0.814357,0.825169
32aba1a6-a867-4c1f-9e3e-d029dd8b9e5a,clean,s4,4,0.489961,0.629247,0.734382
32b9a761-55ef-4794-a70a-b9a1a1cfa4dc,fog,s4,1,0.696233,0.814954,0.853140
32be5cdb-5477-4adb-951d-8925a4420a69,fog,s5,3,0.577361,0.730944,0.736203
32c48724-c594-402f-9eec-a23dc09f4c31,gaussian_blur,s4,2,0.933460,0.965073,0.980226
32ce083d-46e7-40a1-9762-d9659c387702,clean,s5,2,0.963020,0.981131,0.982807
32d5fd90-8bd2-46dc-8a3a-9b63ba5f042d,clean,s3,2,0.661465,0.769189,0.913456
32f0660f-21de-4495-b3cc-cf3c9ec9f7e9,gaussian_blur,s4,0,0.643858,0.754679,0.900219
32f24cda-c1b3-467d-b676-ba5edd9c9813,gaussian_blur,s5,0,0.882193,0.936632,0.949684
32f8e292-6cfc-42b1-8209-c41901525cf2,shot_noise,s3,0,0.598005,0.684977,0.949893
32faab7e-540e-456a-94a7-176ec14e7d58,shot_noise,s4,4,0.955505,0.976994,0.988227
331979f5-358c-4960-a89a-633aa226392c,clean,s5,1,0.191846,0.289407,0.367701
3323f1ab-51a4-431c-aafb-07356fc0b7a9,shot_noise,s3,0,0.685834,0.786172,0.942120
33320e7a-d1cc-4dc3-9cd1-4063c4bba5a7,clean,s4,5,0.836112,0.907713,0.943563
33353e4f-fddd-4824-877a-0361b6347fcf,gaussian_blur,s5,1,0.622175,0.765272,0.774821
33366aa3-3bab-4a32-be75-7881997e0c99,clean,s3,1,0.910570,0.951696,0.984163
336d4100-64aa-4d46-a90d-5d94370f4977,gaussian_blur,s5,2,0.775964,0.873540,0.876309
33794550-d7a6-4737-a8c2-10cef60f9af2,shot_noise,s5,5,0.148795,0.256386,0.262623
337c0570-1078-4eb4-848e-3f128be76c03,gaussian_blur,s5,1,0.910459,0.953127,0.953215
337e585f-63dc-4829-9ec3-9e65f40f15da,shot_noise,s2,0,0.655417,0.741624,0.986218
337f1214-5170-4110-8d1b-0f343bc74501,gaussian_blur,s3,4,0.957572,0.977981,0.993995
339c0317-cc07-485d-a9ed-57cfaea91758,shot_noise,s5,5,0.940552,0.969357,0.969641
339e0b21-f4bc-484c-ab36-55b0cedeb9c2,shot_noise,s3,5,0.671565,0.777067,0.922162
339f6c1e-0289-4cde-bfe9-c10fc42d4436,shot_noise,s5,2,0.639456,0.775473,0.800613
33a42fc9-7b30-4c18-ae9a-6c6bdac09a79,gaussian_blur,s4,0,0.663027,0.774351,0.899403
33a49cd3-cfaa-4bd8-8fd4-311695af67de,gaussian_blur,s5,1,0.930441,0.963762,0.969631
33b3acbd-4408-4149-828a-b2e77891e2a4,fog,s4,4,0.947875,0.972978,0.982938
33c164ff-373c-4c20-a379-9ea77ba9b974,fog,s2,0,0.869100,0.924987,0.996352
33c50e66-1ddc-4301-bb92-4b8fa114291a,fog,s3,2,0.302297,0.386423,0.591095
33c54ef2-75cd-45e8-b608-22ac0d063a9a,gaussian_blur,s4,2,0.931644,0.964044,0.980422
33c6b984-f4d4-4c55-becf-727f5c87dc56,shot_noise,s4,4,0.610592,0.730805,0.860065
33cad3f8-6fd4-42e8-9ca7-ebef847d33c6,shot_noise,s4,5,0.919815,0.957844,0.967467
33d21b3d-42e0-4328-bcaa-63c7aa241bd5,fog,s5,5,0.483379,0.649547,0.657946
33d926cd-58db-4e4b-b1e1-e3cdad9f1109,shot_noise,s4,3,0.951540,0.974984,0.982533
33e0a22a-7e14-4636-a1a3-69281021bf7e,gaussian_blur,s5,3,0.968470,0.983950,0.985994
33e1932d-b480-4485-8bd0-ffc18800f6c2,gaussian_blur,s4,3,0.933158,0.964904,0.980221
33efe122-186a-4f2e-9833-6a41e555e5c8,fog,s5,1,0.545091,0.704498,0.709232
33fd948b-888c-4eb8-96ec-760f916ee835,fog,s5,2,0.652266,0.787502,0.799134
33fda9fc-ae44-400e-bde4-e9fd6a332d18,clean,s5,0,0.963020,0.981131,0.982807
340d43e9-4b3d-417e-9704-64eb968b7e62,fog,s4,3,0.447889,0.614980,0.628285
341d59f4-b802-4e5f-b535-f22c1b4de43a,gaussian_blur,s5,4,0.442576,0.481556,0.868267
34246a1a-55ab-4c90-8433-04369deef2d6,clean,s4,2,0.937061,0.966920,0.985264
3424f9ff-3678-44b1-8cf5-55867bb57ca9,fog,s4,0,0.927750,0.961882,0.979272
342b1dd3-a236-4cc6-a819-d8c531b2b003,gaussian_blur,s4,4,0.955488,0.977117,0.982501
3457c0c2-a57c-4006-a6c3-a6e60849bc0e,fog,s5,5,0.755830,0.860937,0.860940
345e605d-0a4b-4b86-8928-d670318bbb15,clean,s4,2,0.849449,0.914923,0.961786
3461820b-eb50-4e5f-b94d-ae7bed4481df,shot_noise,s3,3,0.917723,0.955832,0.985723
346247ec-758b-4b0f-aa81-4d81589cdde8,clean,s5,1,0.776899,0.873583,0.881250
3465e0d9-2a52-47d3-8e99-c8593be283d2,gaussian_blur,s3,2,0.504507,0.637959,0.760987
34664049-231b-4cf0-9b95-c153fa700132,gaussian_blur,s5,1,0.196361,0.297239,0.372411
347afe17-3b7f-4898-a34b-1e42236d0962,shot_noise,s5,0,0.286449,0.440235,0.454441
34872b95-bf31-40b0-bf43-4d44733c0e56,shot_noise,s4,0,0.902105,0.947743,0.963657
348801b2-46be-4a15-a23b-0fba14cd179d,fog,s3,4,0.536012,0.632978,0.874886
348937da-a96b-4179-ac01-e0dcd1ad51bd,clean,s5,2,0.977250,0.988494,0.988525
348fcd2c-55fb-46e6-88d1-0e86fd48bde1,fog,s4,3,0.926116,0.960822,0.982549
349a9831-e3e7-46b5-96f9-56fddb006616,clean,s4,2,0.458284,0.617751,0.656710
34a513b8-60f4-4237-9055-e0d599125021,gaussian_blur,s2,2,0.610205,0.688791,0.980060
34a5cd1b-0a4f-4964-82ce-82352018217e,gaussian_blur,s5,2,0.840937,0.913529,0.914373
34ad4275-e62f-4309-af5a-791edf58acaf,shot_noise,s3,4,0.512236,0.643347,0.773088
34afefac-3c60-4fda-963f-943840b8ba66,gaussian_blur,s4,0,0.608023,0.737747,0.826740
34ce8fc5-cafb-4c98-9e55-f80beb5191c9,shot_noise,s4,2,0.759608,0.860798,0.881958
34d8cf2e-a229-4fee-b604-d01c4781ba52,shot_noise,s5,0,0.724475,0.832166,0.888256
34e4f874-6599-410e-8a68-9b0b490c509e,fog,s4,3,0.919331,0.957305,0.973544
34e77a09-2623-4616-b2f0-cbc7e2f9d3a6,gaussian_blur,s5,5,0.838373,0.912013,0.912859
34eb1fc8-9dd1-4876-a8d0-83af825ba18c,shot_noise,s5,1,0.778923,0.875574,0.876933
34f23ed6-c4d7-46b4-80df-c8287785aa2f,gaussian_blur,s5,2,0.714450,0.833208,0.834865
34f6d7da-1364-4209-baa4-b1f9e72d0ffb,clean,s4,5,0.650975,0.782356,0.817259
34fca1ad-1086-4b97-a5ed-185a9347df0d,fog,s4,3,0.446267,0.606278,0.644691
3504e843-e4af-4c29-af7d-6b330b108c01,shot_noise,s5,2,0.495362,0.652086,0.692555
350f5514-a40f-4c2c-9a06-28f3047713c2,shot_noise,s5,5,0.918819,0.957677,0.958056
3512a4cd-74d7-403d-b5be-b2a93ea0485f,fog,s4,4,0.922654,0.959174,0.974412
351bd1e1-583e-423f-81d9-30ef984046f6,shot_noise,s4,2,0.951427,0.974883,0.984108
351d4dc1-5896-4e08-91f3-1d7f32b4ac82,fog,s5,1,0.910274,0.953026,0.953114
351e730d-f316-4a93-9a48-a2195aae41b2,shot_noise,s3,2,0.876792,0.930768,0.986123
352de878-58db-4fee-8d17-f268a0ffcacd,clean,s4,2,0.952280,0.975292,0.986253
353e243f-1b50-45c0-9bcf-54f9e286e507,gaussian_blur,s5,2,0.151198,0.259807,0.266561
354281b3-2355-40ea-9b84-b725c6185d4f,gaussian_blur,s3,5,0.960030,0.979262,0.996267
354fc481-6e71-4ae9-b005-7060eb06112f,gaussian_blur,s5,1,0.972624,0.986102,0.987557
35545b92-c392-4e00-aed0-d6549622c7b8,shot_noise,s5,0,0.762176,0.864894,0.866112
355e7d1d-d63c-44ce-9823-73f4f9a82421,fog,s4,4,0.694069,0.810217,0.867856
356dc150-cd59-48e4-8858-1357fa962dc8,shot_noise,s5,1,0.982290,0.991054,0.992334
357205dc-17a6-4abe-8ecb-9782e58dd187,shot_noise,s5,3,0.810402,0.895272,0.895279
35726a48-2f98-4e44-8b97-7e0b89e9737e,shot_noise,s3,1,0.370277,0.490221,0.638955
35744f55-03fb-47a6-8998-604a9903b0d2,fog,s4,2,0.925007,0.960362,0.978217
3575c8e8-69d2-4b5c-b4b8-0bc2cbf9070b,gaussian_blur,s4,3,0.840640,0.912058,0.928923
3575cf21-8f3b-42cc-92dc-ce3b21f55030,fog,s5,1,0.640301,0.780576,0.781328
3581ecdc-9d79-4855-bcac-05dadeeedce6,fog,s4,0,0.953219,0.975918,0.981493
359374c7-51fe-48db-81ad-b546df419945,fog,s4,0,0.561909,0.703643,0.773075
3596a314-d99b-4163-a31b-fa0034b94f97,gaussian_blur,s4,3,0.844191,0.912172,0.953563
35985b3c-4ce7-4544-9de1-7efbfcb38518,gaussian_blur,s5,3,0.892063,0.942831,0.945081
35994a1d-cf50-4a27-882e-829aa9580ac2,gaussian_blur,s4,3,0.442712,0.469615,0.885424
359bea88-70e4-4544-963e-dc901022df87,fog,s4,2,0.672357,0.783602,0.898725
35b8a532-5341-494e-86ec-e97b2c1d7c6c,fog,s3,2,0.829878,0.899808,0.979117
35bade1d-aab4-46ec-86cc-a98acd0cf7ab,shot_noise,s4,3,0.958005,0.978321,0.989201
35be8b05-e1db-4c38-bb28-17b2b824eb0e,clean,s5,0,0.931936,0.964748,0.965363
35c0c5ea-4c0e-4c5e-933a-c90ba22cb108,shot_noise,s4,1,0.952249,0.975362,0.982790
35c348e7-87e6-42ae-9c59-83cba35b415b,fog,s4,3,0.214809,0.353499,0.353886
35ca99bb-8a34-426c-bdee-6c9de0c933d0,gaussian_blur,s4,4,0.570727,0.703604,0.804640
35d82de2-b6d4-4590-b7e6-0af2c9fe2a10,gaussian_blur,s5,5,0.899497,0.947087,0.947134
35e8afaf-ee3c-4e09-9459-b2f79d3f979a,gaussian_blur,s2,1,0.958792,0.978564,0.997557
35f38c15-b4a0-474c-ba74-89d94ebef843,fog,s5,5,0.741114,0.851024,0.853230
36014cf9-35e3-47df-ae20-f0a1d8e6d2f3,gaussian_blur,s3,2,0.636394,0.731561,0.950054
3603f34d-7d01-42af-882e-eb360aa842b4,shot_noise,s4,2,0.957743,0.978124,0.991728
360cbb7d-500d-4521-9a19-bf487ad680f8,gaussian_blur,s4,2,0.853972,0.918487,0.954946
3615f1ac-56f9-4b3d-a4f5-fb536fc423a1,clean,s3,2,0.634854,0.742205,0.910261
36235c61-6427-4fc2-96f9-89eab12f86b8,clean,s5,2,0.982153,0.990985,0.992274
363385f0-c604-4045-85b6-ef14b3f2db80,clean,s4,2,0.950300,0.974154,0.988548
3638241d-746a-44d2-95b5-fa9a877a85f2,clean,s4,3,0.653408,0.788102,0.801115
363ac371-1a28-4003-8b74-b9dfedb06850,fog,s3,1,0.521745,0.605852,0.888352
364de220-1468-48a7-b40b-8b354cdff6fd,shot_noise,s5,3,0.923926,0.960445,0.960818
365a4769-2a4e-4932-b205-d3007e92e45e,fog,s5,3,0.964168,0.981715,0.984078
366920f1-395f-48a3-b906-f563897679a1,shot_noise,s4,4,0.819695,0.899323,0.916731
3670ad19-82b4-4124-9d1a-65f415e09e00,fog,s3,4,0.839028,0.906046,0.980838
367724a7-6fa6-45f4-92f3-349a44ead06c,gaussian_blur,s5,0,0.443938,0.483049,0.869952
36781ac7-5231-4f61-b952-5478a0cd2dbd,gaussian_blur,s3,0,0.901236,0.946034,0.985466
367a4abe-6b25-4cdf-9212-59d02074c51b,clean,s4,5,0.946282,0.972192,0.979877
367c6d87-1c5c-46e9-9a69-6a524c81efa3,fog,s3,2,0.942046,0.969417,0.994389
36901c3d-502b-456b-ac44-3c8c4cb21def,gaussian_blur,s5,0,0.774561,0.871818,0.881877
36910c8f-d9a6-40ef-a8f2-3b0ec2cfde15,shot_noise,s3,2,0.899578,0.945046,0.985147
36952d85-7051-43d9-8b14-de59c2ae72df,clean,s3,3,0.634854,0.742205,0.910261
3695e090-751c-4804-ace3-94dbe1ab8de8,clean,s5,4,0.841843,0.913705,0.919072
3696c70f-b859-4cdf-b249-18921b593680,fog,s5,3,0.962749,0.980987,0.982800
36a44710-7108-409b-93db-a616b6c7ccb6,gaussian_blur,s4,1,0.486044,0.637771,0.699345
36be1bad-4b0b-4a4f-9246-907aafcdf381,shot_noise,s3,0,0.753519,0.845787,0.947945
36c38c0c-d33e-4c57-9742-5da836e88deb,shot_noise,s5,1,0.834470,0.909536,0.912318
36c8b140-8850-4eb0-b92c-d8dbe034dd23,gaussian_blur,s5,0,0.877661,0.934792,0.935659
36ca9b52-9273-44c4-9074-3611584751be,shot_noise,s4,4,0.404341,0.575514,0.576624
36d09420-4719-4824-96d8-497c953aca60,fog,s4,0,0.571141,0.689884,0.846851
36d7625d-df84-4090-89aa-4ec365bfe7ab,gaussian_blur,s4,4,0.901995,0.947346,0.969875
36dcacad-b06f-4702-8244-3e620df4c5f1,clean,s4,5,0.964561,0.981887,0.986027
36e07fee-a877-4d24-8f53-f356890bcf6b,shot_noise,s4,4,0.729727,0.839235,0.871819
36e7117a-4319-4128-902a-f5a1e0eaeccc,gaussian_blur,s5,5,0.916514,0.956320,0.959147
36ef3ab0-acc9-4538-a90c-7e5be5968439,shot_noise,s5,3,0.884430,0.938485,0.941696
36f6dbe1-0483-4028-af6c-5ca1466b5075,shot_noise,s5,2,0.884719,0.938456,0.944971
370a46fa-d379-4434-86c7-53ada02c7f23,gaussian_blur,s5,0,0.913402,0.953748,0.976210
37102b2e-74d3-4676-82ef-74ae743dd6fc,gaussian_blur,s5,3,0.711373,0.822536,0.881003
3711c1be-14b7-4b47-be4e-db1e268045c1,clean,s5,0,0.838689,0.912177,0.913307
371bca3d-f349-4865-906a-7606082b2157,fog,s5,5,0.658225,0.793890,0.793893
371f7b3d-5647-4ec7-bc3a-abed0eb7c805,gaussian_blur,s5,4,0.813663,0.897255,0.897297
372680a8-9880-46b9-99cc-dba6d0338247,shot_noise,s5,2,0.784376,0.879100,0.879659
372b9cf6-1dbb-4dff-99ce-be195af363e2,clean,s4,2,0.924866,0.960729,0.967019
372ee465-f590-496e-850b-9e06f0536533,shot_noise,s5,5,0.932833,0.965151,0.968059
3741a96c-3ea9-4f42-9002-9de0ef63e29d,shot_noise,s5,2,0.615450,0.759741,0.771168
3746adb3-6a02-4e24-b38f-2b837e36c065,gaussian_blur,s3,5,0.683763,0.790204,0.916952
374771a4-8248-4ac5-bdcc-bc0d00e6d439,fog,s5,5,0.693898,0.817075,0.831408
374b0608-dab0-4f94-91d9-891bf3790b66,clean,s3,1,0.530602,0.648004,0.822078
374bb378-c25b-4b9e-b595-be561d3e3698,clean,s3,4,0.729694,0.819604,0.977441
375023ae-c684-45e9-8bf2-289cc660e7c7,fog,s2,0,0.601544,0.677528,0.979681
375328e0-b486-4e89-a196-10df5f3b1275,fog,s3,5,0.905639,0.948701,0.985226
3759e1c3-4b6f-42d3-8140-ab358b9c3ccc,clean,s5,0,0.909497,0.952496,0.954871
375f6898-36d8-4715-987d-44cbcb76592c,shot_noise,s5,0,0.331715,0.465803,0.558779
376902a7-ed43-47d7-8f7d-8f1886746dad,clean,s4,3,0.935547,0.966469,0.973611
37736790-8212-4368-9d72-0ff0da20efcc,gaussian_blur,s4,2,0.658429,0.770283,0.897456
377c75df-73d3-4573-89b6-9a97a2295b89,gaussian_blur,s3,1,0.835089,0.904259,0.971499
37940399-d099-4402-8182-c2f61c5a3e6d,clean,s5,1,0.328446,0.400561,0.651163
3798725d-c5e1-477c-96da-16e046e214b5,shot_noise,s5,2,0.775849,0.873466,0.876245
379a1e32-0b08-487e-9667-1d75fd5b0741,clean,s2,3,0.391945,0.488670,0.708843
379ae15c-a366-46f3-b725-45221e777a19,fog,s5,2,0.833866,0.909027,0.913598
37bb8b07-ab8a-4a17-b4bb-4accf867b5ad,clean,s4,1,0.882742,0.935226,0.976216
37c3b242-523c-4201-9b2b-655d757f1458,gaussian_blur,s5,4,0.942561,0.970293,0.975093
37c6d918-b60f-43d5-91b6-1e7f8002ce32,clean,s5,1,0.254201,0.358885,0.477851
37cd7940-ebc3-474c-91bd-1c7c0b216a98,fog,s4,3,0.306826,0.465265,0.477632
37d6c726-2d85-4fe8-88b0-c4dc3a3d1671,clean,s3,3,0.898411,0.944084,0.989481
37d873a5-e021-437c-bf50-2a99e17da2b0,gaussian_blur,s4,1,0.807307,0.887844,0.942752
37e00480-8a43-434e-8ca5-fe471285a9fe,clean,s5,1,0.881710,0.937123,0.937358
37e20d60-7c2e-47c0-a05e-60a7a4fc127e,fog,s4,5,0.975412,0.987523,0.989952
37f08faf-1ea9-4aef-ade8-8c85d54ab2e5,shot_noise,s5,1,0.806699,0.892004,0.902315
37f8de28-396a-4793-9185-d84d552ceb4b,gaussian_blur,s3,4,0.686869,0.790338,0.928997
37ffb60a-3613-4295-9d3b-aefdd682f05d,shot_noise,s2,5,0.476912,0.542144,0.872269
380898f5-b284-4c9b-9728-152310f3fe59,shot_noise,s5,0,0.774561,0.871818,0.881877
38251790-ef28-440f-bdd4-1505559c2fe8,gaussian_blur,s4,1,0.846463,0.913649,0.953894
38308aad-4f53-4666-9b7c-bf586e4dcf41,clean,s5,4,0.930599,0.963942,0.967099
3838ad78-e509-4879-839a-079cea865416,clean,s3,0,0.767752,0.854519,0.965547
384d5b28-7fa5-4223-839e-2a19ea6e27b1,clean,s4,2,0.702782,0.811323,0.900335
384e9b58-0c62-47d5-be89-49a87afe1378,clean,s2,3,0.601544,0.677528,0.979681
38599bc4-48ff-432b-ae47-9ab593d403eb,gaussian_blur,s4,3,0.447777,0.606565,0.649088
3861f049-7ef6-49a9-8362-605654f9f075,clean,s5,0,0.984694,0.992288,0.992288
386b0c19-5ec7-44e6-a672-54a08bb4e1a1,shot_noise,s5,5,0.928150,0.962726,0.963000
386e5715-f770-4c8f-bb68-9e84c7ac5243,fog,s3,3,0.808469,0.885906,0.965845
3880ee2a-31fd-4ec5-ab71-9666a894f115,fog,s5,3,0.833862,0.908976,0.914128
388253ee-02d8-408e-96b4-28ee8dd538ef,shot_noise,s3,2,0.598211,0.685238,0.949904
388bfedb-ce38-4d02-ac6b-6dbecd5ab9ed,shot_noise,s4,0,0.643858,0.754679,0.900219
38996d2f-b854-47c9-90df-534d6c456426,gaussian_blur,s5,0,0.970083,0.984785,0.986757
38b2f25c-e103-492d-a6a9-3c42180a9665,fog,s5,5,0.797084,0.886309,0.893926
38b50d3c-8ca0-4179-b8b3-64642ff0ac17,fog,s5,5,0.921916,0.959230,0.962847
38b82e42-8bfb-4c8a-9c93-07610a02e2ec,clean,s4,3,0.978925,0.989289,0.995061
38bcb673-80b9-4c35-a22a-f7f7a2375959,shot_noise,s4,3,0.973257,0.986365,0.992485
38ca0360-c156-4961-8ba7-438b106e50d6,gaussian_blur,s5,1,0.790559,0.882926,0.883926
38d0a710-3f8e-4237-8692-90008eb87927,clean,s4,4,0.909908,0.951908,0.971984
38d9fb2a-2a3f-4c87-95b0-f652d980ee78,fog,s5,4,0.773412,0.871192,0.880293
38e1c53d-d1a0-42b0-a561-3fcd7077702a,fog,s5,4,0.918975,0.957544,0.963253
38eb262a-ddfc-4f13-82ad-81d9e8a1df89,gaussian_blur,s5,2,0.758152,0.861546,0.868912
38ff55a2-414d-4e3b-955d-39025523ae60,fog,s4,1,0.948986,0.973721,0.977781
3909a3ea-6d94-4f7e-bb3c-5b0628859769,shot_noise,s5,2,0.904871,0.949987,0.951529
39117a4f-7d35-479d-9b08-6a6a604ea818,clean,s3,0,0.521480,0.638345,0.815850
391fdc56-a06a-4dd1-876e-8c615a5630d1,clean,s5,3,0.913402,0.953748,0.976210
3920dc86-c340-49f7-a3b7-2a97d63138c7,shot_noise,s3,4,0.722583,0.813289,0.976408
392142dc-2f78-47db-9b76-a33bf8baa1e0,shot_noise,s3,0,0.760733,0.850552,0.954826
39221120-114c-4f12-8b17-a2d0fd2102fd,fog,s5,4,0.732160,0.844209,0.852837
3922bc28-7690-4bf0-b28c-eca7965c787b,clean,s5,1,0.931936,0.964748,0.965363
3936601c-a096-4464-9eb1-9ce5e59ebd33,gaussian_blur,s5,2,0.549337,0.703462,0.728224
394d9faf-8565-4f25-bd6b-48311e75527d,fog,s5,4,0.896089,0.944957,0.949557
39607156-6934-4c24-b2fd-0c1d784931bd,shot_noise,s5,1,0.249350,0.354028,0.469045
3980d7bf-aa6a-4d04-b6c0-f81c06d33a9f,shot_noise,s4,5,0.901074,0.946821,0.969445
398f2dcf-60d0-4ac0-b079-ada9a1173aea,clean,s4,0,0.904147,0.948191,0.978022
3993d323-5fd8-450c-8a6b-672aadca84d2,shot_noise,s3,3,0.907195,0.949353,0.990565
39961e6f-3dd1-4f6a-b136-9fbcc05d895a,clean,s2,4,0.477349,0.541657,0.874365
399b6569-4518-452b-a7eb-1e92994df20b,shot_noise,s5,1,0.935680,0.966733,0.967936
39a1d743-ae6a-42cb-b201-a6b6c826afdd,fog,s5,3,0.499059,0.665307,0.667392
39a28e29-14f9-433c-816a-8619dd25f000,fog,s5,5,0.862235,0.925351,0.935008
39b02a03-7d08-461c-a043-562e3d6dce08,fog,s5,0,0.750076,0.855640,0.867948
39bab4e7-9442-446f-9e74-da9cab81f07d,fog,s4,4,0.436303,0.571838,0.690912
39bd1c5b-3fef-41a6-acf1-094e6f2f9cbc,fog,s4,0,0.728754,0.840015,0.862363
39c32568-aecd-4f28-aad2-d30936cd22ba,clean,s4,4,0.968279,0.983842,0.986448
39d489f2-a4b2-431a-a38f-4915e868e627,clean,s5,3,0.936122,0.966836,0.972175
39e0e37e-c764-42bc-afdd-83e64d29a07b,gaussian_blur,s5,1,0.718368,0.835263,0.841217
39e5d30c-dbc0-4e45-9d8d-24d97d2ce6e9,clean,s5,3,0.888631,0.939610,0.964566
39ed4d67-0840-4b9a-82d8-c6e0d1f39773,gaussian_blur,s3,4,0.719979,0.821807,0.923550
39efba4c-eb31-4745-a372-04c5f9ddee7f,gaussian_blur,s5,0,0.759649,0.859555,0.890853
3a041d23-6386-4194-b637-a0aa4ed5b91e,fog,s2,2,0.956219,0.977167,0.997429
3a09a9d8-74e8-4b48-bacc-7915af696bf3,clean,s4,3,0.763445,0.863382,0.883970
3a172a15-6257-49e2-8425-7ca63b36a02f,clean,s4,0,0.785702,0.875667,0.914780
3a29f7db-c841-4502-be87-613038a71584,gaussian_blur,s5,3,0.973436,0.986512,0.988533
3a2c7b13-1faa-4099-8fef-c2b94c4c733b,clean,s4,1,0.458284,0.617751,0.656710
3a55d360-a087-4e7a-9807-a823c27d78a3,fog,s5,4,0.619343,0.751670,0.818331
3a84e920-40ef-428b-a557-c9228c3e3d55,gaussian_blur,s5,4,0.230299,0.358307,0.399424
3a9038e8-6cfb-4564-ac4f-140e07283139,shot_noise,s4,2,0.957250,0.978047,0.983207
3a97983d-7223-4ffd-95b3-19812721a101,gaussian_blur,s3,5,0.765033,0.852457,0.964608
3a99a6e3-6883-4f10-8e11-1c504a4ab845,gaussian_blur,s4,5,0.850304,0.916237,0.953230
3aa4da3f-720a-4979-9c71-01903db60a44,fog,s5,1,0.732074,0.842677,0.862084
3aad0945-5264-4784-9122-824b9a87ed4c,shot_noise,s5,1,0.380617,0.522312,0.612208
3ab58c84-02f7-432c-a393-7eebfd41670d,shot_noise,s5,1,0.276651,0.427051,0.444484
3ab80fbb-26f3-4861-916e-87740e56709b,shot_noise,s2,2,0.392127,0.488776,0.709221
3acac5ba-dbca-470a-a5d3-a2e0bbee1702,shot_noise,s4,1,0.975266,0.987397,0.993947
3acc633d-3869-45f4-a93f-a59e7e025b09,gaussian_blur,s5,5,0.863603,0.926207,0.934976
3b05f67f-5008-46f6-b9d3-4a60b3d0c6ea,fog,s5,2,0.795208,0.885909,0.886042
3b06f9a1-556e-41e5-a2f9-748ea32e0201,fog,s5,0,0.962994,0.981143,0.981417
3b2e012a-9937-4624-b2a4-68cf435e0f49,clean,s5,4,0.925242,0.961168,0.961211
3b35ef63-246f-40c8-93e0-b454cbc3022b,shot_noise,s4,0,0.531199,0.633424,0.858629
3b469430-23fa-4578-8961-d75d133e3b46,fog,s4,3,0.952923,0.975531,0.990732
3b58c002-4332-456e-900f-f33d0cf9447f,gaussian_blur,s5,2,0.799871,0.887748,0.898267
3b5de8b8-bfab-4f75-9302-dd79f26665a9,gaussian_blur,s3,2,0.882710,0.934802,0.982172
3b668366-9c16-4789-b335-978b96ba1255,fog,s5,3,0.345192,0.513022,0.513637
3b7e7f93-a158-4b20-b034-3b49c4996fcf,gaussian_blur,s5,0,0.739822,0.849578,0.856304
3b87f9bc-0ba7-48f1-a526-2d6f3898b1f9,gaussian_blur,s4,2,0.952662,0.975582,0.982946
3b8e8a38-9979-41b0-a130-458b593bb7d4,clean,s4,3,0.937933,0.967398,0.985605
3b90a3cc-849f-4daf-81e0-1c0014bf8ebf,gaussian_blur,s3,2,0.685306,0.788795,0.929163
3bba5a76-af8b-4b05-ad2f-467a17d125b7,clean,s5,3,0.842405,0.914246,0.916991
3bbc3f5e-795d-40b8-9aa8-9a968464bf68,shot_noise,s4,1,0.956358,0.977381,0.991446
3bc03461-1765-4c56-a77d-2e906b358623,clean,s5,5,0.982225,0.991024,0.991984
3bc17a93-9ac1-46d7-8ff3-11dfa2af10c2,shot_noise,s3,1,0.809131,0.887420,0.957360
3bc6c990-4dd5-4ab3-86d5-6fc91f6ba01b,shot_noise,s5,1,0.927855,0.962487,0.964985
3bc70353-ea0d-41bf-959f-3d7158f25ce5,clean,s4,4,0.960489,0.979643,0.989832
3bc73009-a997-415c-96e3-edb14f2eb6e8,shot_noise,s4,4,0.309762,0.468563,0.481365
3bd0b14b-61ad-41e4-93d8-7dd23141dcbf,shot_noise,s5,4,0.928682,0.962837,0.968000
3bea7964-c2a4-4292-97e9-fbce3a1ba4cf,shot_noise,s5,2,0.743914,0.845503,0.902677
3bec78c5-b5ae-4b55-8d97-d98b1836ee86,clean,s3,5,0.901236,0.946034,0.985466
3c15bcc8-31fe-4768-a026-5c1182869204,shot_noise,s3,0,0.459295,0.590642,0.724339
3c4d5b67-6d12-4eda-979e-c6fd3a62538f,gaussian_blur,s4,3,0.792680,0.876125,0.950763
3c4f47e8-8d56-4df3-955a-e3284fc7adbd,shot_noise,s5,1,0.324544,0.397380,0.643819
3c50ed48-f5c2-4f35-bee8-a7c8c31ec3cd,shot_noise,s5,1,0.903474,0.949286,0.949361
3c5d7850-48de-4e0a-9d20-2ff196da28ab,gaussian_blur,s5,4,0.981418,0.990613,0.991621
3c5de7f8-8c04-42b8-a038-23333ea8694a,shot_noise,s4,0,0.889362,0.940114,0.963611
3c6ca9dd-7e71-4df3-a499-424f25717342,shot_noise,s5,1,0.760234,0.863364,0.866885
3c708a9d-27bf-4a8a-89fb-b823db3a1316,fog,s4,0,0.964442,0.981702,0.992715
3c755eb0-3063-42d0-aa11-d25e594bb843,gaussian_blur,s5,0,0.824813,0.903106,0.913195
3c7ce285-98dc-4059-a7db-61387126b4a9,gaussian_blur,s4,5,0.945743,0.971933,0.978619
3c89e4e7-56d4-4603-bc65-cada2e42cbc7,gaussian_blur,s4,4,0.645288,0.773104,0.834224
3c917a99-25f8-4092-bfe5-b4b72daa1265,clean,s5,0,0.724475,0.832166,0.888256
3c9ce4f2-e441-47b0-96ba-c6fdce66e5f3,fog,s4,3,0.654740,0.766866,0.896379
3cbc25e7-4d89-4f09-af52-fcfcaa5fde8f,gaussian_blur,s5,3,0.929386,0.963309,0.965899
3cc100a3-4316-41c3-8018-bfefb767f08c,clean,s5,4,0.884210,0.937623,0.953371
3cc79791-86f2-4b95-a71c-ad29036a985a,clean,s2,5,0.888372,0.937650,0.992800
3ce50ef9-879d-4142-ac72-9972687b82a9,fog,s5,2,0.846345,0.916646,0.918373
3ce87a86-377e-4d96-a95e-55377f2f5237,clean,s4,2,0.950322,0.974195,0.987444
3cee854e-f05c-4906-8737-de4e1c50f75d,gaussian_blur,s5,4,0.782682,0.878092,0.878116
3cf10aaf-1710-4adc-8448-6638f3217116,fog,s4,0,0.883326,0.937223,0.951199
3cf11429-e2f9-4043-9911-cea232085b7d,gaussian_blur,s3,3,0.962179,0.980451,0.994738
3cf6159f-1761-4f77-a76a-eb23b4585bcf,gaussian_blur,s4,1,0.905457,0.949517,0.967536
3cfabea1-2b9f-4aeb-88d1-2044646ac0fe,shot_noise,s5,4,0.971982,0.985762,0.987893
3d089167-dae1-4303-9a38-848c67b35e10,fog,s4,4,0.884946,0.937123,0.968198
3d0a1ac2-a9c3-4273-bc38-da994e75c3ef,fog,s3,3,0.629897,0.737991,0.906272
3d160e84-1d7a-41d2-919b-87b84399607b,clean,s4,3,0.828416,0.905024,0.918085
3d1e4a01-fcf8-480d-acb0-e276eb860107,shot_noise,s5,1,0.625342,0.767777,0.776864
3d2f45b7-a2bb-45e2-846f-b5c4f13ba4d1,shot_noise,s5,3,0.222288,0.349161,0.386099
3d34cf95-d4ca-4a9a-9321-80d0a43518cd,clean,s4,2,0.970626,0.985017,0.990233
3d3700ec-5152-4086-90bd-0504d0eaf796,gaussian_blur,s4,0,0.972429,0.985952,0.990990
3d4e31b1-960e-4ed5-9bdb-08a661805b95,clean,s4,0,0.472691,0.633408,0.665219
3d4f4773-fc39-48fe-a50b-761703ac33de,clean,s5,0,0.811888,0.895817,0.899655
3d5022bf-9b37-49b4-a244-d7c45370b566,clean,s5,3,0.286449,0.440235,0.454441
3d51abbb-960e-419e-8eff-904c9e0fac8c,clean,s4,0,0.901824,0.947041,0.973616
3d52b508-a72e-4d6e-82f3-c93422c68e0c,fog,s4,5,0.900182,0.945892,0.976613
3d572bb0-e58e-4dcf-9a34-e684c3f00e39,clean,s4,0,0.771353,0.866886,0.901221
3d575850-3708-494b-8a8e-4b9162c51eb1,clean,s3,5,0.760733,0.850552,0.954826
3d58eb4e-fcd0-40a3-8afb-06cbb7512217,shot_noise,s4,2,0.740267,0.842468,0.903328
3d6479b8-6674-4134-9e49-8ff212fa8750,fog,s3,3,0.636136,0.745084,0.905195
3d6a946e-2abf-4fbd-a5bc-1540a52a6e37,fog,s4,5,0.207293,0.301687,0.403138
3d6c30e6-9e43-4862-ab65-b3ea56a60282,fog,s5,0,0.727568,0.841169,0.849445
3d70b423-ba90-4736-bc06-461bda05c13e,gaussian_blur,s4,5,0.810433,0.887902,0.961216
3d70e648-c15e-49e5-afda-fc5959888eaf,gaussian_blur,s5,5,0.756797,0.859992,0.872796
3d716b77-83bd-4487-a741-2ed8c557f3a4,fog,s5,2,0.837077,0.909645,0.929787
3d82d747-e9d9-4b53-a64e-204a955f7ed1,shot_noise,s5,0,0.949656,0.974173,0.974395
3da78757-977c-4435-bf21-d5cc25583802,clean,s5,3,0.298675,0.448249,0.481212
3daa84ac-b859-4cd1-ac11-631783210616,gaussian_blur,s3,2,0.860785,0.920445,0.984769
3dab0f29-2557-42d5-9085-ffd0248074ff,gaussian_blur,s4,0,0.956706,0.977568,0.991512
3daedc42-d9c0-4056-b84d-f39223361b70,fog,s3,0,0.910570,0.951696,0.984163
3db7522a-2758-4fc3-aea3-335a4561961e,clean,s4,3,0.737664,0.845090,0.874464
3dbb0be6-c704-4d1a-b89e-3cc9058747ef,shot_noise,s2,4,0.948583,0.972960,0.997748
3dbd6f3f-e94b-4e47-a8b0-a19d1e316a15,clean,s4,1,0.953219,0.975918,0.981493
3dbe4cd9-d7f0-4edf-9fef-97546f7fcab8,fog,s4,5,0.416085,0.512328,0.742117
3dbf193e-f9c6-4984-bb41-3278a3825f3e,clean,s5,5,0.743577,0.845309,0.902213
3dc1fa4d-d9e3-440a-a974-146831ec7acf,fog,s5,3,0.896272,0.945295,0.945376
3dc9ffc3-d84e-44e8-b9bb-2fd57d344deb,gaussian_blur,s4,4,0.966546,0.982917,0.987172
3dcde241-6ff6-4c1c-a04d-ac924c52fc4b,fog,s4,1,0.450421,0.590671,0.695406
3dd025fa-58c1-4145-8ce5-7b1842703594,clean,s5,5,0.931205,0.964181,0.969840
3dd19454-382a-4586-a5b2-149550ee75b7,gaussian_blur,s3,2,0.851494,0.915004,0.976112
3dd7a69d-7729-4f94-93a9-7380aec0d8c7,clean,s4,5,0.937061,0.966920,0.985264
3de5a580-3757-43c1-b437-d934a1cd800b,gaussian_blur,s5,4,0.739793,0.847827,0.867597
3dfa4f44-a1f1-4f65-834d-0bd140f35b93,shot_noise,s4,1,0.891613,0.941431,0.964384
3e033cdd-bac3-4cc6-b133-f15923af059c,shot_noise,s5,2,0.890702,0.942154,0.942848
3e093377-2c07-4374-863c-f212817b6a5c,shot_noise,s5,2,0.882039,0.936803,0.945541
3e0a8308-4306-491d-ae30-165a15430e02,fog,s4,4,0.672851,0.800783,0.822775
3e0fa28b-cb9c-4904-b3b1-f2274fb6c817,clean,s3,0,0.691907,0.794469,0.931916
3e144f47-075b-4074-baa2-50aef2ed6fd9,shot_noise,s3,2,0.938797,0.967558,0.995397
3e17cd32-23f3-439f-8d1f-4f6a24798c3f,clean,s5,1,0.679577,0.799935,0.855652
3e1c3573-e66f-4c35-9be8-eae6c676c091,shot_noise,s4,1,0.231904,0.325137,0.452599
3e4b43eb-91f5-4f19-9214-24957daf1f8c,gaussian_blur,s4,2,0.647452,0.773216,0.842390
3e55f4bf-035b-4126-8ad5-5a1ca66384bb,shot_noise,s4,5,0.909599,0.951502,0.976529
3e60a559-1101-4d14-b71a-f54e92c74c82,shot_noise,s5,1,0.969682,0.984577,0.986577
3e6684b9-bf86-4153-b5c6-ece4387a8ec7,clean,s2,5,0.601544,0.677528,0.979681
3e7e6784-2363-4922-9f78-3a5215404af1,shot_noise,s3,2,0.852915,0.915932,0.976384
3e82f4fb-6d0b-46d3-a710-76086eff06b6,clean,s5,0,0.824813,0.903106,0.913195
3e85e3e9-61b3-47d8-95a3-3e43886498cd,shot_noise,s3,1,0.950542,0.974110,0.995253
3e8b24a4-f32e-4b32-bdc9-a3607d46405e,clean,s4,2,0.653408,0.788102,0.801115
3e906568-8df3-4111-8104-64c307866371,shot_noise,s5,4,0.656644,0.791535,0.798523
3ea6fed8-5133-436d-a2b0-abf38246b2c1,clean,s5,4,0.946627,0.972503,0.975458
3eaa268c-03f8-4dd6-bad0-124d0a2ee503,shot_noise,s4,2,0.900064,0.946442,0.965367
3eaae343-f5d7-4c5b-afbc-d249b6c96363,gaussian_blur,s5,1,0.928351,0.962835,0.963102
3eaf91a0-8d29-4814-aafe-e189d5154c81,gaussian_blur,s4,3,0.639469,0.763058,0.851989
3eb02bf9-3d9c-4a18-b400-77218ac15a9a,fog,s5,0,0.882193,0.936632,0.949684
3eb0cc40-f18f-47e6-81b8-0083b7a4421a,shot_noise,s5,0,0.857630,0.923291,0.924251
3eb7e617-42b8-48ec-982d-02616973baef,clean,s3,4,0.459295,0.590642,0.724339
3ec13eee-831c-46c5-a666-81e79cacd8eb,shot_noise,s5,4,0.820769,0.901451,0.902704
3ed9a6df-77d8-4aea-9178-977d6315a1d9,clean,s5,4,0.648453,0.785403,0.792977
3ee9854f-6f6b-4a42-b84b-050f698e440e,gaussian_blur,s5,5,0.941848,0.970027,0.970937
3eea31a8-43c9-4f12-a2d7-b076bece2bc2,shot_noise,s3,3,0.860201,0.920880,0.974987
3eef693f-ac39-48ef-935e-7957412df7c4,fog,s4,3,0.939888,0.968788,0.976215
3ef79a17-c7c1-4d7b-9870-1a46492b85c3,shot_noise,s4,5,0.953494,0.975908,0.988048
3ef91493-5c0d-4318-bc8c-3def84d9cc8a,fog,s4,2,0.618079,0.745580,0.836235
3ef9e639-b7e6-405c-8895-935e1a6495dc,fog,s5,4,0.762752,0.863571,0.878892
3f0a1f61-d092-489e-b981-07a7eecc27f1,shot_noise,s5,2,0.911719,0.953715,0.956114
3f0af2df-d3a5-47a1-8ae5-b99275daaf4c,gaussian_blur,s5,2,0.624579,0.768646,0.770059
3f0c56bb-4ed2-4491-aeb3-b3965d4a70a1,gaussian_blur,s3,3,0.473194,0.594107,0.761401
3f1440f2-bd9b-4f69-b2fc-36e6a3d022a8,clean,s4,0,0.937933,0.967398,0.985605
3f190b58-1ed7-41ec-b808-c9690c632335,shot_noise,s4,3,0.831674,0.906610,0.924085
3f192872-522c-4214-8b1e-85d8af6ab8e9,clean,s2,1,0.926871,0.960697,0.996415
3f27d75d-05e2-405b-8009-372a01e79e28,clean,s2,3,0.876559,0.930134,0.992704
3f2d5b7e-4dcb-47bf-84a3-71e3fb8944c3,gaussian_blur,s2,5,0.721396,0.812537,0.974795
3f4b8f56-fe37-4c9a-b8ae-8864c16d585e,gaussian_blur,s5,1,0.911854,0.953725,0.957573
3f55c999-186f-456b-a6b2-e715f5785f1a,clean,s5,2,0.811888,0.895817,0.899655
3f5bcf0e-04ef-43f1-bc5b-457f043862ba,gaussian_blur,s4,1,0.402995,0.574098,0.575371
3f649495-81d9-41a3-aca7-fb2cad1f9330,clean,s4,3,0.836112,0.907713,0.943563
3f76e6ce-46a7-4f0e-90e3-50aef6574829,clean,s3,2,0.478570,0.500188,0.941760
3f9d531c-433b-415e-b542-8029bfac24ae,clean,s5,5,0.841473,0.912609,0.928829
3f9e8c8c-149d-40cb-8c63-a472b8ca7419,gaussian_blur,s3,1,0.734801,0.827014,0.963419
3faa9a19-2c06-4373-992f-6be3635519f7,clean,s4,0,0.544330,0.695473,0.736027
3facfa91-5c92-481a-8c8a-592fb8c17c79,clean,s4,1,0.653408,0.788102,0.801115
3fb564ca-9a1e-4daa-9449-37f39d06e6cf,gaussian_blur,s3,4,0.701219,0.801426,0.939931
3fb81cdf-8812-4d58-b0a9-297d8869e690,fog,s5,2,0.542795,0.699409,0.717765
3fc2e9de-f79f-4196-91b6-83d7c0ec2b0f,gaussian_blur,s3,5,0.308548,0.391985,0.602511
3fd009dc-4cb3-461d-a594-caa41921b156,fog,s1,2,0.486080,0.492942,0.972160
3ff7d11a-8d54-42f5-abdb-25a7817d35d6,fog,s3,2,0.516420,0.602395,0.879061
4007f91f-bec5-48a3-9129-de7790123d08,clean,s4,1,0.919113,0.957216,0.972704
400931cb-e9f1-4e4a-a5ac-d5c194c362e2,fog,s5,2,0.668085,0.800835,0.801952
400e74be-a1b5-463f-a01d-13ac602c1b7d,clean,s4,3,0.668430,0.783317,0.884114
402203ec-40fb-4f57-a089-3de7db94686d,gaussian_blur,s5,2,0.848888,0.917970,0.921912
4026fe7e-ff35-413b-a294-3967625d1570,clean,s3,5,0.796883,0.876133,0.974379
402869b1-9a42-48e8-8d0e-d5dcfa1128c0,gaussian_blur,s2,2,0.939713,0.968040,0.996448
402e208d-fa9a-43aa-92ad-7cf320d16d28,clean,s3,3,0.948571,0.973028,0.995045
40376d4f-6242-42c8-8694-6e8f8791b4a3,shot_noise,s5,4,0.906126,0.950633,0.953135
403e9526-1227-4da7-a90d-89f07be3b58e,clean,s5,0,0.328620,0.396587,0.657240
4044c293-b230-4c09-8848-0c41e70efbaf,fog,s4,2,0.795939,0.880909,0.932284
405159b4-050d-4081-8716-2d36832c63f6,gaussian_blur,s5,1,0.984389,0.992133,0.992133
40538a28-32fd-4d78-9a6c-e2273993d088,shot_noise,s5,0,0.941749,0.969993,0.970275
4056a647-dde3-4080-ae35-8137ac554bfc,clean,s4,5,0.561909,0.703643,0.773075
406c0a8f-000b-4d1a-ac75-ee53b10ae55b,clean,s3,3,0.910570,0.951696,0.984163
406cbdb6-dbf1-4a9c-b625-7d57a0a2c213,fog,s4,1,0.827330,0.902135,0.939968
4076efbe-cf62-4aa4-a3eb-bafd1e4510b3,shot_noise,s4,5,0.727402,0.838098,0.867477
40888912-1dec-47a7-892d-76659fba44ba,fog,s5,5,0.905994,0.950666,0.950928
4095081f-ccd7-47e8-831a-19a360884ba3,clean,s5,2,0.960007,0.979595,0.979629
409ce50a-dedb-4f3d-a2ec-69ffc8214f0c,shot_noise,s5,4,0.310021,0.385895,0.615648
40a8d5c2-545f-4fa2-a501-1d57af4a83ce,fog,s4,1,0.816738,0.894043,0.947099
40b2c818-2a59-425b-8f08-de19da04efd8,shot_noise,s4,5,0.704068,0.812602,0.899632
40b311e5-cc40-4b47-9e1d-11601145cdf0,gaussian_blur,s5,3,0.846032,0.916577,0.916810
40b5cd29-40e0-4d0e-8fb4-b74b1990da8f,gaussian_blur,s5,0,0.891069,0.942360,0.943040
40bdb9ec-2d85-4a23-8b37-f075fa94fd18,clean,s5,1,0.884788,0.938493,0.945045
40c915e1-9c3d-40ec-ba88-2fa735ffe9dc,shot_noise,s5,0,0.888631,0.939610,0.964566
40dd216f-d1f6-4756-a861-7507fe2cd684,fog,s5,5,0.364730,0.501898,0.599979
40e16bea-4e88-496d-853b-6178fc478521,clean,s5,2,0.931936,0.964748,0.965363
40e260fb-ceea-4519-b89b-2c3ba44ad165,fog,s5,4,0.555338,0.680057,0.820528
40f55586-c817-402f-9b92-8ca6a4b8fd99,fog,s3,3,0.564215,0.672139,0.871665
40f69bb5-8b8b-4f65-98a8-d56fda917f9b,shot_noise,s3,1,0.909705,0.951046,0.986859
4106bd2d-fddc-4137-9e3c-33a254e4566a,gaussian_blur,s4,3,0.719407,0.827465,0.890960
410ef544-908a-42df-9a7b-6831a80f3d23,shot_noise,s4,2,0.811985,0.893213,0.924560
411e1e34-c222-4e61-ba3d-91fdc58a1405,fog,s4,4,0.965880,0.982538,0.988704
4124b4f8-6d9a-4c57-913a-4e427c5312e2,clean,s3,5,0.478570,0.500188,0.941760
412832ed-271f-41f5-a271-43f2154b5843,clean,s3,2,0.796883,0.876133,0.974379
412964a5-92a8-492a-a367-2b160a8ce1c9,gaussian_blur,s3,2,0.555777,0.683134,0.813357
412dc992-edad-49e8-bd13-08df7502a9fd,fog,s4,5,0.426972,0.582170,0.637347
4131f4a9-b9ed-49d3-8a44-aca14eec2455,gaussian_blur,s5,4,0.828468,0.905323,0.915323
413e2fb9-3663-49f4-a779-c5e651ede773,clean,s5,0,0.433250,0.597974,0.620976
413f466c-3b0c-4a7a-9d3a-6cb9377997c9,gaussian_blur,s4,2,0.229174,0.372649,0.373276
413fa869-96f5-49e7-82ac-99e308c5a99a,gaussian_blur,s5,5,0.718168,0.835722,0.837477
4144dca5-3d91-4756-aa1b-e5aca03a87f4,gaussian_blur,s4,5,0.935826,0.966288,0.983502
414a11f9-d797-4cff-8356-108db896c004,gaussian_blur,s5,4,0.849815,0.918516,0.922432
414e6da5-1f3a-4e5b-abee-31ca30ff3b36,gaussian_blur,s4,0,0.975770,0.987712,0.989691
41613e44-6918-4deb-91e3-12cdba37e1f4,fog,s5,2,0.682363,0.809643,0.819357
4181c67b-921a-4145-9263-f08ed36b3869,fog,s5,0,0.970083,0.984785,0.986757
418411cb-efeb-4f31-8350-bcd29bda8eac,shot_noise,s5,3,0.855435,0.920851,0.937690
41855dd5-9882-4722-aa4d-7d8dd59db079,clean,s4,3,0.728754,0.840015,0.862363
41872ece-58b3-4f60-867a-321594aeb754,clean,s5,5,0.375428,0.532889,0.573776
418b539b-832b-49ed-b695-1e068016a5ad,shot_noise,s4,3,0.894024,0.942821,0.965493
419e50c1-a000-4021-b2c7-26822ea6ad7c,shot_noise,s3,2,0.753675,0.845900,0.948037
41aac206-f2db-47e9-aefc-5b4a655ea329,clean,s3,3,0.481174,0.490406,0.962348
41ae95c6-ed62-442e-b1bd-e2f3176f9ae5,clean,s5,5,0.739822,0.849578,0.856304
41c297d0-a5a4-457e-9325-d0880b99b5e6,gaussian_blur,s2,0,0.926871,0.960697,0.996415
41c63c01-dfac-4463-88e8-e7d2b342f0b5,clean,s4,5,0.949353,0.973772,0.983427
41c6ded1-aa00-4e44-b20f-b5016015ef4a,gaussian_blur,s4,2,0.967518,0.983391,0.989483
41ce9b57-5d2e-42c8-a854-865ac5dbe2ca,fog,s5,1,0.521697,0.678019,0.709465
41cf9cf7-19aa-48b3-b49f-f45a975e164f,shot_noise,s4,5,0.965810,0.982539,0.986549
41d9ffa3-3c4e-45f3-b4c7-c3e679c432a4,clean,s5,0,0.582100,0.730028,0.757451
41dac11d-f760-4b94-a078-c1ed79ae4085,fog,s4,2,0.817487,0.894032,0.951930
41e66657-b22c-40c6-9cf7-1eb9aaf99b44,shot_noise,s5,2,0.716756,0.834756,0.836565
421203c2-36fe-4883-90c9-51c0d34a0633,clean,s5,1,0.929314,0.963349,0.963715
42207780-23b3-4f48-9821-57ffda22296d,clean,s5,0,0.776899,0.873583,0.881250
423a6bef-8720-424b-b190-8c4442c02028,shot_noise,s4,1,0.624595,0.755782,0.822733
42419153-c0ce-48d6-bd11-02c34c85f2eb,shot_noise,s4,2,0.974230,0.986871,0.992757
4250f535-0ec7-48ad-b667-cd1b2dad5635,clean,s5,0,0.648453,0.785403,0.792977
42527835-c470-46be-b24a-1873b7a17f2a,fog,s4,1,0.665697,0.775962,0.903477
425b8768-fe6c-4cbb-a592-e13cbf918ed6,fog,s5,5,0.830062,0.907133,0.907226
425d3976-e635-4a67-b12c-8707a19b1d2d,shot_noise,s4,5,0.598767,0.744740,0.765867
425e2949-f394-4ec5-9704-3e5e4f33ee63,shot_noise,s4,5,0.949375,0.973653,0.988337
42628b0a-dae4-4122-ab1d-1556bf9ccb32,gaussian_blur,s4,0,0.763445,0.863382,0.883970
426afa99-463b-4696-9778-7798eb1e52e5,shot_noise,s4,1,0.476243,0.640806,0.657468
427505e5-505a-426d-b359-39a177c6311f,shot_noise,s5,4,0.954902,0.976866,0.979723
427bceac-6677-4ca4-95e1-bccb0cc33a8c,fog,s4,2,0.964193,0.981649,0.988389
427dec33-f57a-41ce-95c3-537a3fb9344a,clean,s5,1,0.888631,0.939610,0.964566
4283a851-018c-497a-8d84-da7350a1b1d0,clean,s5,0,0.271773,0.352141,0.543547
4283e66c-8980-4c6b-80d9-8fad5751eb59,shot_noise,s5,4,0.397186,0.567088,0.571931
42a3f110-4286-4b2d-b39b-bd3302bf4037,fog,s5,0,0.936122,0.966836,0.972175
42ad5a70-34da-4164-befa-b9a9ecfa79f5,shot_noise,s5,4,0.791799,0.883338,0.887796
42b3d035-344f-4c81-91bd-167c0eedf60c,fog,s4,5,0.915153,0.954845,0.974579
42c49bb3-4eb2-42af-bd87-a18541508249,fog,s5,0,0.419817,0.587765,0.600107
42d26a5e-0411-4490-b944-a3c13250efb8,shot_noise,s4,5,0.959248,0.979119,0.983072
42dfb778-1ec4-465f-b04d-d2eb71e3194f,shot_noise,s5,1,0.841306,0.913763,0.914414
42eaf648-1ce0-4f93-a79e-e6f7c99ccc3c,fog,s5,5,0.947131,0.972825,0.973674
42ec2795-05cf-4bf4-ad28-d02b765bcd0a,gaussian_blur,s4,5,0.854883,0.918766,0.958679
42ee8472-47e2-4057-8f73-bcfb2cd123f4,gaussian_blur,s4,4,0.846327,0.913553,0.953959
4316f735-8be8-4baa-9bb1-84ea06e0d201,clean,s4,3,0.730916,0.835719,0.898256
4320c13d-01db-46de-9e5b-ec7e385dbd4c,gaussian_blur,s4,0,0.952414,0.975450,0.982850
43392616-f092-4912-b632-05c35380af96,fog,s2,5,0.386781,0.482158,0.703904
433e34ca-2e72-42da-b749-dc01879ca4f6,gaussian_blur,s5,4,0.888499,0.940836,0.943027
4344fd11-11fd-422b-a766-c06816f258fa,clean,s4,2,0.682848,0.801744,0.860944
434dc54c-18f8-40ba-bb49-5721426369e4,shot_noise,s5,5,0.973072,0.986325,0.988373
4351bb1e-45c7-4ab9-b89a-1bf6f9b1a327,shot_noise,s4,4,0.751880,0.854043,0.888010
43521481-71a4-49ae-a905-0e4fa49f60d3,clean,s4,4,0.622986,0.753356,0.825874
4355e980-ba0e-46a2-84bd-3f3947dcf5ae,clean,s5,1,0.443938,0.483049,0.869952
435765e2-f2d8-40e8-aa97-2c52ef062a12,gaussian_blur,s5,2,0.911483,0.953516,0.957472
4372f691-8fe5-4189-b087-ecdadc8928e7,shot_noise,s5,1,0.751139,0.856338,0.868662
4376aa72-231b-4247-a908-1ea6cbdfeec0,fog,s5,4,0.805047,0.891988,0.892066
43787882-8315-4d91-9b65-05ef03a9cd72,gaussian_blur,s5,4,0.348235,0.503529,0.542864
437b0003-bc74-4acd-b40a-964fdd8f8aab,gaussian_blur,s5,0,0.905948,0.950650,0.950716
4381480e-ed1c-4d80-b069-2971c7042e63,fog,s5,3,0.635034,0.771934,0.798048
438ce56c-a278-4b72-add6-13a8348e1daf,shot_noise,s4,0,0.580438,0.721402,0.781643
43911d36-57f6-4986-b407-14677b57e854,clean,s4,2,0.737664,0.845090,0.874464
4392a6e0-9e6f-4c98-af4a-be5338f40f70,clean,s3,1,0.797793,0.877094,0.972395
439deb63-dce3-46f5-98fc-c797202ab143,clean,s5,5,0.750076,0.855640,0.867948
43a253d4-53cf-44fa-a680-22a3eadaf641,clean,s4,3,0.956706,0.977568,0.991512
43c325b2-8e05-4a18-b1db-e749650bd487,fog,s5,2,0.519933,0.683697,0.685592
43c9462b-c62c-47c1-b1bd-133d85aa279d,shot_noise,s5,5,0.642541,0.782315,0.782651
43cae6b9-24c9-49ac-9e4a-f0c03078edf7,fog,s3,4,0.709773,0.805735,0.956469
43cd1702-9884-471a-a385-7f9069f6e0dd,fog,s5,1,0.914246,0.955085,0.957819
43e4f8d9-a0fd-453a-afc0-e08b4d51b1ad,shot_noise,s5,3,0.459381,0.611378,0.676331
43f3f1ba-df06-4366-95f7-5193e6fe42d3,shot_noise,s5,3,0.923286,0.959897,0.965499
44020952-647b-4e7e-a139-01d1822b5947,shot_noise,s4,1,0.465803,0.625552,0.662287
44022c05-08cc-4273-a767-e8c1cb1a9ee8,fog,s4,3,0.970102,0.984722,0.991552
4420a211-ebb7-4047-9300-981c59381fcb,fog,s5,2,0.704846,0.821763,0.855547
44321f0f-4db8-476e-bfd2-43e67f4d6060,gaussian_blur,s4,5,0.525641,0.671700,0.742000
444bc3b4-ae08-4cfb-8892-9c325e601518,shot_noise,s4,0,0.728754,0.840015,0.862363
444c8329-31b4-4877-b22e-763286694a42,shot_noise,s4,5,0.645781,0.766156,0.864379
444fe50f-3328-4030-ba02-313c15c22a15,clean,s2,0,0.477349,0.541657,0.874365
44679e6f-654b-43ff-8f61-6abf8ba16c36,shot_noise,s3,2,0.545605,0.640307,0.888667
44730952-26a7-45e6-9311-9829849811aa,fog,s4,0,0.468883,0.521563,0.882673
44859ba1-8e7a-4686-bc18-fc6c026631bc,shot_noise,s3,0,0.802315,0.882706,0.955197
4485efa3-8d5d-4336-af0a-cc011c4cd463,shot_noise,s4,5,0.975245,0.987397,0.993045
449299d7-baef-4fdc-8ab6-46fcbdc121d6,shot_noise,s5,0,0.925654,0.961358,0.962269
44ae2d43-81b2-49db-92ca-877dd72f76b2,gaussian_blur,s2,0,0.655417,0.741624,0.986218
44bb35a9-b98c-495c-974f-2d287195c408,gaussian_blur,s4,4,0.717156,0.826081,0.888197
44bcb8f9-ee60-4034-8890-5c39079b5d90,gaussian_blur,s5,3,0.309854,0.464717,0.488797
44bdb56b-5160-49e5-afe6-78ed6a4f51ff,clean,s5,3,0.925242,0.961168,0.961211
44c477ef-e15f-4e4a-b90c-9940331b5337,gaussian_blur,s2,5,0.882345,0.933543,0.996965
44c549fb-54fe-4898-b340-b84624f05989,shot_noise,s4,4,0.842155,0.911355,0.947708
44d58643-6562-4c24-ac42-5eaf41d7c97d,clean,s5,2,0.796666,0.886783,0.887216
44d7aaa1-af46-4a4e-99a2-a135bf92c535,gaussian_blur,s4,4,0.902898,0.947907,0.969407
44eb2311-5a34-43ae-9786-6e6d59543b3a,fog,s5,4,0.909521,0.952512,0.954835
44ef041c-508b-48ea-9fd3-ddb0a104265e,fog,s5,5,0.946898,0.972658,0.975184
44f0aa5d-777e-4441-affe-ff29444ac4c6,gaussian_blur,s3,4,0.701610,0.799015,0.952156
44f6f951-e9d2-4a87-88bd-16b6f8469f48,gaussian_blur,s5,1,0.936277,0.966999,0.969856
4532283b-09c1-4eab-89f4-881887978291,shot_noise,s4,3,0.862481,0.923319,0.963259
4541e72b-8168-47f3-aa33-a04043440ad7,shot_noise,s3,1,0.723306,0.818970,0.952518
45438050-4a4e-401f-9e68-2a71ebc7d0b7,shot_noise,s4,4,0.832255,0.906491,0.929387
45470836-86ab-4c59-b48d-3f6c09ce77ba,fog,s5,0,0.645236,0.779753,0.805328
4547fe33-8cf6-444b-b080-4b189e629a9a,shot_noise,s4,4,0.961607,0.980208,0.991560
454a8985-2a3e-489f-a022-16d403aa463d,shot_noise,s5,0,0.884210,0.937623,0.953371
454ca154-a156-4295-b238-cc2337ba8a71,gaussian_blur,s4,2,0.812569,0.890739,0.950176
454dd32a-6a09-4935-b6c6-91f26fbcf8ab,fog,s4,4,0.746852,0.841843,0.938800
45866ed5-65a9-40de-8d3c-bf9fbc0f6bca,clean,s4,0,0.975249,0.987388,0.993941
4589b899-cd25-49c3-a11a-fdbf83d7bbae,gaussian_blur,s5,1,0.967286,0.983368,0.983541
458c2c57-02d7-4cf2-b8fc-573167667a9d,gaussian_blur,s4,0,0.964561,0.981887,0.986027
458f41c4-9fcd-4493-ab3a-0ef68e57f0ff,fog,s5,0,0.891069,0.942360,0.943040
4597a608-d1d0-428a-a7a6-b18eb7646f67,clean,s5,3,0.375428,0.532889,0.573776
459baaab-5161-48a2-8e08-bd59e7d6bef2,clean,s5,1,0.838689,0.912177,0.913307
459bfdd7-9167-4158-8dec-d872e9576549,fog,s5,2,0.976249,0.987979,0.988222
45a0c661-9c20-4fb1-b247-40ea4651d333,fog,s4,1,0.946310,0.972185,0.980653
45a4d8c5-0202-4adc-b1c8-7f20937b8343,clean,s4,4,0.977803,0.988712,0.994511
45ab1b68-3898-4f77-a330-16b6a47a0c55,gaussian_blur,s5,1,0.865144,0.927656,0.928261
45b14551-81be-4f4d-8f69-9a842e57c87f,clean,s5,4,0.882193,0.936632,0.949684
45b6dafc-a6be-43a0-bf3c-ca3bd64d1f8c,shot_noise,s3,5,0.887882,0.937646,0.988169
45b937d8-0641-4589-a943-612ab2d849f1,shot_noise,s3,5,0.637492,0.745227,0.909688
45c9b7fa-2298-4559-93cc-f6b368911307,gaussian_blur,s5,2,0.801884,0.889579,0.894321
45d06e54-9226-47cb-a379-0a33b5ff729f,gaussian_blur,s5,0,0.613437,0.758877,0.766768
45d26325-6959-43cd-966f-42c4b0a36ce6,clean,s4,1,0.668430,0.783317,0.884114
45d44dac-46d3-4ef6-b13b-ac2efde8e092,fog,s4,0,0.939014,0.967978,0.986331
45d4922c-73fe-4368-9359-a616fde9b7a0,fog,s5,1,0.672522,0.794213,0.852739
45df5a08-73c9-468b-a3b6-f9e5a853faf7,shot_noise,s4,0,0.442712,0.469615,0.885424
45f2a56d-c8ca-424b-8fcb-75c1d8b0d70d,fog,s5,2,0.984326,0.992101,0.992101
45fa4ed8-3b13-44b0-b340-d6256cba0247,fog,s5,4,0.894984,0.943878,0.957131
45ff1740-d0de-427d-b99a-e4e5de23634a,fog,s3,1,0.718583,0.820332,0.924851
4614101f-9089-4eb5-a987-bbe38e274c1e,clean,s5,5,0.903973,0.949420,0.952432
46192676-e648-4353-9c93-c0d1bc6d1a27,fog,s5,2,0.884921,0.938940,0.939067
462d081e-eb43-4b4b-b53a-db8867e41937,gaussian_blur,s5,0,0.826925,0.903945,0.919000
4632b69e-b204-4ff2-a4aa-b5cb40d7e057,fog,s5,3,0.787161,0.880050,0.888048
464325bb-a231-4ae6-8e26-ee9061868064,shot_noise,s5,0,0.912657,0.954165,0.958037
4651faa0-4ae8-4dfb-ae14-14b1ab3fcf03,clean,s4,4,0.842742,0.911238,0.953227
46550f8c-feea-4b87-a712-b39d64cf350d,gaussian_blur,s4,1,0.641063,0.752623,0.897115
4657a709-c517-411e-b48d-d4b77aa1cd36,shot_noise,s5,5,0.887005,0.940084,0.940715
465cc022-4d76-4f16-a2a4-b587a0e7e636,clean,s4,1,0.967772,0.983555,0.987668
466f807f-9f93-45d9-92d6-451cce9ca292,clean,s5,5,0.707296,0.827208,0.836362
46739924-dd0b-42f4-8d31-84a3dd5469a2,gaussian_blur,s4,4,0.970299,0.984848,0.990032
467c783b-5c80-43b5-b9c5-f3df72fe92b9,clean,s5,5,0.941749,0.969993,0.970275
468ffbcb-ca05-4cad-b708-a15782bf7333,shot_noise,s4,2,0.973189,0.986350,0.991013
4691b995-d722-4488-b0e1-cf45d2b5bd46,gaussian_blur,s3,4,0.348215,0.423102,0.678554
4696c299-9324-4931-8806-c789ebb90a43,shot_noise,s3,4,0.531336,0.648740,0.822661
46a52ece-5b11-48fd-9e4d-40d9b6752e6c,clean,s4,0,0.882742,0.935226,0.976216
46b8502b-59b3-4d87-8f8f-9f5b32232f12,gaussian_blur,s4,2,0.701407,0.815618,0.872688
46b8ce72-3cb5-42a6-ab39-7db73e5b926d,fog,s5,1,0.741958,0.844071,0.901861
46bc98be-d967-4319-9cf2-cbffd5c44f3f,clean,s5,5,0.582100,0.730028,0.757451
46c3c2d3-ce2b-4b32-abae-2ff9fdcf04f2,shot_noise,s4,2,0.974826,0.987168,0.993835
46c5ae18-e233-4c08-81c0-e96563be4a2d,shot_noise,s4,4,0.572439,0.714801,0.774688
46cb7a45-e683-4679-bb42-37b75b3bc8e8,shot_noise,s5,5,0.792651,0.883823,0.888733
46d89494-4e9f-4229-9f52-2f5a3d05acd6,fog,s5,1,0.813423,0.897096,0.897283
46dd680a-4820-41b3-be3e-70481ff0cd24,clean,s3,5,0.928743,0.962077,0.988856
46f4e0e2-9e6d-4842-891b-ec38629baccf,shot_noise,s5,4,0.881960,0.937265,0.937484
46fec91e-ad75-4a09-9aa6-b43c33e0fb6b,clean,s4,1,0.599827,0.727271,0.832709
46fff817-0c06-4f1e-b54c-85d98809963d,clean,s4,4,0.650975,0.782356,0.817259
47166a9c-c96b-4b57-81e8-f4c6b6b63813,gaussian_blur,s4,5,0.900669,0.947212,0.957723
471c7295-8ae7-4066-8e29-788939064f78,shot_noise,s5,4,0.841813,0.912757,0.929658
47304f34-b7ce-4f6e-b247-6bfdfdc05b7f,fog,s5,1,0.985146,0.992517,0.992517
47322cb6-4c90-422a-97ab-b1b7b5b73f84,fog,s4,3,0.422585,0.592435,0.598213
473f7a29-fff4-43c2-b331-369c61c09b48,shot_noise,s2,0,0.876559,0.930134,0.992704
474c363a-8657-4ae4-a510-fe3668ef3405,shot_noise,s2,4,0.854832,0.915466,0.995899
474f3bd3-345c-4ad9-b6b7-790a0e1e42a7,clean,s4,3,0.719667,0.826067,0.899749
47513f05-1532-4464-aaef-22f7a2f46e5d,clean,s4,5,0.914408,0.954242,0.978207
47520dd3-e499-47ae-92a4-520c2a033ead,shot_noise,s5,2,0.794036,0.885040,0.886544
47582c52-1d49-46bf-ba5b-692eee838998,fog,s4,4,0.979154,0.989410,0.994875
475ee254-4846-431d-ae9c-e24c9da40268,shot_noise,s5,3,0.882610,0.937130,0.945845
47622548-3b12-4728-9d43-f895df32725e,clean,s4,3,0.882742,0.935226,0.976216
47630662-6275-4f16-a32e-ef7fd818aff0,gaussian_blur,s5,5,0.667917,0.790587,0.850144
47659f83-e7b6-4623-b514-dacd425f74a2,gaussian_blur,s4,0,0.650975,0.782356,0.817259
476e8aa2-8b63-465d-a62e-2ba8e64a157d,shot_noise,s5,4,0.931700,0.964634,0.964880
479086d5-e988-4122-b34d-679fa8410c66,gaussian_blur,s4,2,0.787138,0.873399,0.940084
479e5f90-a9e3-4597-894b-c744c34674fb,fog,s5,2,0.729110,0.840678,0.860017
47a0f4b1-9021-428c-ae11-bcdc0d763df7,gaussian_blur,s4,5,0.965583,0.982325,0.991851
47a321ab-eac4-4090-bfc0-6b36ab4d9b44,gaussian_blur,s5,5,0.977715,0.988714,0.990305
47a50696-d933-4675-8e73-e4429dc427f0,fog,s4,4,0.919917,0.958020,0.964677
47abf2f2-5b1b-42b3-9793-e6e55dfa553f,fog,s3,2,0.630096,0.735144,0.916306
47b778fe-202c-4266-b1d9-b65833d8dda5,fog,s3,5,0.704575,0.803235,0.945876
47b8b6f8-9a5e-4869-8006-b8114d696678,fog,s4,4,0.373080,0.527744,0.576614
47b9a4ee-576b-4951-8b53-8cd9458ef6f7,clean,s5,1,0.347094,0.410953,0.692506
47bf8920-7dc5-4f12-98a0-4efc73fcb16b,gaussian_blur,s4,0,0.645483,0.768081,0.855571
47c77021-b103-455f-a405-2df393397e35,gaussian_blur,s5,0,0.929314,0.963349,0.963715
47d87563-91cf-4825-8355-12b8d62dfdd1,shot_noise,s4,5,0.818742,0.893894,0.961075
47e64789-0346-449f-9de8-d9c659f38c24,shot_noise,s4,0,0.960489,0.979643,0.989832
47e7e462-a11c-44d8-addb-95cec5b68b7e,clean,s2,0,0.869100,0.924987,0.996352
47eae393-4f17-490c-9f68-7ea0b9b10de7,shot_noise,s2,0,0.869100,0.924987,0.996352
47ecc3c6-afee-48c2-add4-bf37d397be94,shot_noise,s4,2,0.711373,0.818508,0.902091
47ee8d5b-a450-4d9f-aaa6-1122cf898223,shot_noise,s3,2,0.727070,0.817244,0.977261
47f69b50-e0e0-46c8-b2e5-83eb4069f57a,shot_noise,s3,3,0.460596,0.591931,0.725691
47f8c731-7953-4e55-9458-55805d9f46c9,fog,s5,2,0.449120,0.506477,0.849579
48086cb1-cf38-4a84-a5c2-48ade189ba3f,shot_noise,s4,5,0.977941,0.988780,0.994832
480bd41e-10e3-4a67-af5f-5888defafe16,fog,s5,0,0.762176,0.864894,0.866112
481d2fd2-a86f-474e-adbc-386a8a24e110,shot_noise,s5,2,0.969801,0.984667,0.984832
4826280b-459f-4141-adda-7b5f4a182336,fog,s3,3,0.316804,0.439179,0.556048
482aef3a-a7a9-4de1-8ed5-5764a5091404,fog,s4,3,0.667764,0.791924,0.843397
4836bc52-87ba-4a03-906a-da017ec3b4e0,gaussian_blur,s3,5,0.603667,0.693930,0.945389
48485882-f651-4f66-bef1-fa73b43ab4db,fog,s3,5,0.482177,0.490927,0.964354
484f4b6c-e812-4e7c-b8d4-cca303bb43bb,fog,s5,2,0.712526,0.831901,0.833526
48566f9e-9487-47a0-a53f-1f99dea7bda0,gaussian_blur,s5,1,0.951820,0.975228,0.978837
48612686-62e7-4bea-ae63-1e17484bcb54,shot_noise,s5,2,0.327475,0.485213,0.509248
4867458a-cd0e-4a70-bf34-50b104ffc1a4,gaussian_blur,s5,5,0.337023,0.406313,0.668917
486b6aaa-51e3-4fa9-a6bf-8822d2fcc553,gaussian_blur,s5,3,0.901408,0.948144,0.948216
4871dcc0-95af-447e-b0c6-b06ef3932b15,fog,s4,5,0.581677,0.693956,0.871328
487491bd-3210-4372-be0d-e937f6b77bfb,shot_noise,s3,5,0.721732,0.812402,0.976853
4878cd2a-9b34-45eb-a616-e3e3624ce17f,gaussian_blur,s5,3,0.641524,0.780171,0.788211
48856c27-83c2-44ac-8836-434c54be9c21,shot_noise,s5,4,0.612556,0.757354,0.769538
488c32d3-7780-46c2-9d5c-a0662e739630,clean,s4,0,0.970684,0.985037,0.990928
488c4122-6399-44fd-b494-549fe603bf85,clean,s5,5,0.563108,0.720018,0.722213
48985259-bd9e-4d14-96c3-1986ecebcc1c,fog,s5,2,0.374542,0.432529,0.743115
489a6f7c-3745-4b5d-89bc-58b1502e4dd8,gaussian_blur,s4,0,0.928677,0.962433,0.978636
48a2dcc2-9dba-41af-9b48-ccce7f996a7a,gaussian_blur,s3,3,0.481687,0.490673,0.963375
48ad5c0f-01e1-4910-bb1b-4cf0362a72ed,clean,s4,2,0.972499,0.985971,0.992267
48af80da-49b6-486b-8c7c-30b1cf3ffbfc,gaussian_blur,s4,4,0.868322,0.927150,0.962060
48bb00fb-4bcd-4a86-bbf9-1b3b29ad5fa4,clean,s5,2,0.254201,0.358885,0.477851
48c16c7f-3aee-4501-bec8-f4e9f408bded,gaussian_blur,s1,4,0.493528,0.496743,0.987056
48c1d257-4c40-463e-90e9-4ec6266d03c8,clean,s4,2,0.968797,0.984060,0.989877
48c2bb63-f512-476f-897f-3b41fd30a4e3,fog,s5,0,0.794381,0.884597,0.892448
48d685c6-dc96-459d-a5dc-515d5c448845,shot_noise,s5,0,0.836298,0.910797,0.911473
48d8a70f-ad37-4e45-9834-c0476ae59c41,gaussian_blur,s4,2,0.238096,0.331881,0.463547
48e5186c-7471-4f57-9dd4-d390de5767a6,fog,s4,0,0.968797,0.984060,0.989877
48f23968-d21c-43da-b172-e3da16f30c02,shot_noise,s5,5,0.956335,0.977606,0.980992
48f6b083-6ed5-4445-8aec-54678e46cd48,gaussian_blur,s4,0,0.932206,0.964521,0.975979
4902ae2b-ecbf-462e-a491-8c4213b4df90,shot_noise,s3,4,0.792412,0.872774,0.973877
4902b26f-7ea2-48bd-897e-2e267f4731f0,shot_noise,s3,0,0.521480,0.638345,0.815850
490463e7-c7d6-4a7e-ba02-cb0edec085aa,clean,s5,5,0.762176,0.864894,0.866112
49075406-e31e-48f6-9de5-5c3b16a72323,gaussian_blur,s4,1,0.619185,0.741872,0.853677
49084340-632e-4d62-ab44-56220be30d4a,fog,s4,4,0.807511,0.891041,0.916123
4915b282-f846-4b12-9efe-ed0a659e294b,fog,s5,4,0.805486,0.891211,0.901952
491f9951-a34f-49aa-9472-c1d655c1a56d,shot_noise,s5,1,0.929519,0.963359,0.966568
4920b3b6-0dd1-46bd-91d0-389ac02e054f,fog,s4,0,0.910341,0.952125,0.972739
492c0af4-316d-47ba-bf52-9c3c5a5afeab,shot_noise,s5,4,0.916047,0.956108,0.957910
4934e949-1ce7-4c64-a5a9-9c63d1d8be07,clean,s4,1,0.952414,0.975450,0.982850
4943f301-33af-4dd9-8f62-245d24d77753,clean,s4,5,0.915453,0.955182,0.971013
49555af0-de17-4bcf-9661-0a4b23c83fe9,fog,s5,2,0.406491,0.558932,0.621302
4955bbe5-26a5-45f4-a8fb-0c6df96d7a82,gaussian_blur,s4,4,0.756834,0.856876,0.894512
497bb48b-6204-4aa7-bf63-9cef576241b6,clean,s5,4,0.613437,0.758877,0.766768
4985f0e1-adf3-49aa-ae4e-2d239c43e343,clean,s4,2,0.837913,0.908095,0.952217
49907228-4fda-4125-b214-a4090bc56af5,shot_noise,s5,3,0.787343,0.880712,0.883605
4993d01a-edb2-43ef-a7a0-272b15af7341,shot_noise,s3,3,0.363108,0.428783,0.714800
49ac73ea-4228-4044-a6e6-0af056fb460d,clean,s4,5,0.467647,0.633062,0.648753
49acde1a-05cf-4c2d-b349-84dca06c3f10,clean,s5,5,0.271773,0.352141,0.543547
49c1bc07-8da2-4ef2-a09a-dba39b1f1227,shot_noise,s4,5,0.975256,0.987392,0.993892
49d102c5-51ca-402b-8d83-27f42b78a77a,fog,s4,4,0.462426,0.616713,0.673363
49e0a51a-0aa0-41a3-b871-5f8b0e2a5b20,fog,s4,4,0.853403,0.919748,0.935307
49ee3bec-9468-48c8-85a8-4157b46702d9,shot_noise,s3,0,0.498881,0.630932,0.759797
49f3717a-4b9c-4230-8fba-299b6093fdf4,clean,s5,3,0.903973,0.949420,0.952432
49f723f7-11bb-4715-a0b8-17e013725125,shot_noise,s4,4,0.964120,0.981531,0.992651
49ff32cd-a026-489e-bfd4-65cddb439ef9,shot_noise,s5,0,0.377960,0.519750,0.608608
4a269f83-92d4-43df-acb1-37fa413ad674,shot_noise,s4,3,0.901969,0.947532,0.966113
4a2a050e-4a61-47d1-bc06-ce3f66633f6e,shot_noise,s5,0,0.931936,0.964748,0.965363
4a2ce9b2-375b-48f7-9709-b2a4edd45f52,gaussian_blur,s5,1,0.766347,0.867338,0.870597
4a2cffe7-91f5-44dc-8fa0-d02c4fd86dd9,shot_noise,s5,5,0.902992,0.949020,0.949094
4a38e4f8-3425-41b4-a8f5-fe4c4c21e61f,fog,s5,5,0.746359,0.853631,0.862475
4a5871ae-545d-4c2f-a272-51e455bca96f,shot_noise,s5,5,0.837377,0.910300,0.924784
4a5e1ce2-78bd-4c91-a3c1-01c5a595b6b5,shot_noise,s4,3,0.704508,0.814822,0.890464
4a625ef3-59db-41fd-9905-aa08a7d8a8fa,clean,s4,1,0.472691,0.633408,0.665219
4a6692c6-316f-495d-878c-22c352a9fa7d,clean,s5,3,0.824813,0.903106,0.913195
4a6e19b0-5e42-4716-b147-842d9152b6f4,fog,s5,5,0.882809,0.937583,0.940544
4a6e49c0-5ca2-40d3-b516-cdc317272b84,gaussian_blur,s1,5,0.492648,0.496297,0.985296
4a723d05-fd2c-46d9-80df-6fd36c38ac44,gaussian_blur,s5,2,0.776479,0.873306,0.881053
4a83fa7c-b638-4ac8-9bc2-e1f1579f46f3,gaussian_blur,s4,0,0.968279,0.983842,0.986448
4a866e54-4ad2-4f9d-9d35-05ad7304bc0c,clean,s5,4,0.984694,0.992288,0.992288
4a89f5d5-1337-462b-a3d8-fbc3aee388dc,shot_noise,s5,1,0.558392,0.682510,0.824080
4a8e9f27-bb6b-4015-91b0-35de0ec63357,clean,s4,1,0.557545,0.645547,0.914491
4a934c07-a6d5-4855-bd56-9647ebb29026,clean,s2,2,0.655417,0.741624,0.986218
4a9bc4c5-0ab1-4cf8-94e6-aafbe78d0046,clean,s4,3,0.702782,0.811323,0.900335
4aa01658-6ef8-4d46-abe7-cf706f3e41ca,fog,s4,0,0.709705,0.816839,0.903195
4aa88014-6e4e-4ef7-a8b9-9e2fcbdd689e,fog,s4,5,0.949429,0.973877,0.980997
4ab470f9-745f-4f37-a9b8-054016bb9da7,gaussian_blur,s3,2,0.831945,0.902165,0.970603
4ab68211-45bf-48bd-b8bb-19f42e0e4208,shot_noise,s5,1,0.731326,0.841814,0.863792
4ad49baa-e72b-4754-a21f-891fc9e2b8fc,fog,s5,3,0.950139,0.974431,0.974485
4ade8bce-c2d4-4198-99f0-2243f5579686,fog,s4,3,0.930620,0.963879,0.969168
4ae4a8b6-3ece-4ac4-9195-9dc609eb7cde,fog,s5,0,0.941363,0.969700,0.972982
4af4bd19-5b14-4163-bef6-9275e870d1bc,fog,s4,1,0.390237,0.439077,0.779465
4af6f03c-f520-4081-9836-545adc8b19ab,fog,s3,3,0.580511,0.682690,0.898139
4af747e0-8486-40e2-ad4c-bb558b713a92,gaussian_blur,s5,2,0.868259,0.929432,0.930224
4b1a6d4b-a229-4485-bea6-503a81b19f8a,gaussian_blur,s4,0,0.792318,0.882210,0.900400
4b26f52d-2fc8-4ec1-bd71-b018370fcd09,clean,s5,2,0.888631,0.939610,0.964566
4b2a1524-2bcf-4cba-a9f0-859d39312995,clean,s4,1,0.234458,0.329511,0.454942
4b2aa96a-7911-4cb7-8377-709ee6dace22,gaussian_blur,s5,3,0.981094,0.990444,0.991808
4b3db36e-21f8-4ce1-990c-c50c772c5862,fog,s5,5,0.690633,0.816997,0.817088
4b41c3e7-2f3c-476d-9540-1113cba56caf,shot_noise,s5,5,0.399639,0.569522,0.574635
4b4b6c57-2bd9-4982-98e7-3a7d0830989f,gaussian_blur,s5,0,0.470942,0.623789,0.684288
4b4ce411-da0f-4eb9-9dbc-7694e9ac6535,shot_noise,s5,4,0.962072,0.980614,0.983552
4b4dbca1-276b-4700-808b-b0d6f5651baa,gaussian_blur,s4,0,0.876866,0.932027,0.969219
4b5455e5-d3b6-4146-964e-6ecf3174c704,shot_noise,s5,5,0.294196,0.373563,0.584064
4b5693af-aa98-4fa5-a161-0827b73e21db,clean,s5,5,0.963020,0.981131,0.982807
4b5ebeab-e9e1-48e5-a878-1798b062b5e9,shot_noise,s4,3,0.827453,0.903002,0.932165
4b65a719-65e5-45aa-8dc9-fb4c6c02ed96,shot_noise,s5,0,0.903973,0.949420,0.952432
4b718d6c-756f-4bf7-8922-50ac41d007b8,fog,s4,2,0.911234,0.952325,0.979370
4b7a218b-d8b9-42f0-acc6-3776e0620b21,shot_noise,s4,4,0.955525,0.976990,0.988853
4b7d06e5-e841-4274-b629-64cd58ca33c9,shot_noise,s5,0,0.708960,0.827824,0.840581
4b7d9cdf-d131-4d7c-843f-6decc31cfc35,clean,s3,1,0.691907,0.794469,0.931916
4b841255-4313-42ec-a99a-d8ae7d6d3d19,gaussian_blur,s4,3,0.960511,0.979607,0.992188
4b85c4d9-4dff-4bbc-b11b-0b0ff7ce299d,clean,s4,4,0.653408,0.788102,0.801115
4b94af50-c2ea-4d5a-8c36-e657c78d5121,fog,s4,4,0.715714,0.824664,0.889291
4b9830c0-9eb7-464a-b06b-7817ef740dae,fog,s3,5,0.566069,0.658522,0.911495
4b9d2fc1-0bc2-4df0-b0ca-605eb9228ae7,fog,s5,5,0.546506,0.706300,0.708336
4b9e9fa2-8daf-43a1-9978-327e3a15fb46,shot_noise,s2,3,0.942397,0.969517,0.997471
4bb715fa-6e1d-49a3-bf47-a3adddf4f9bb,shot_noise,s3,4,0.845060,0.911124,0.971155
4bbdfdd3-352c-4866-9039-d1c5687f8837,fog,s5,4,0.878652,0.935345,0.936363
4bc17fb0-7619-42f0-a849-52890a14d394,gaussian_blur,s5,2,0.632636,0.773365,0.782145
4bcab53b-50b4-4011-82c6-a1785fe90043,gaussian_blur,s5,5,0.467360,0.621009,0.679221
4bda34ea-e235-4b98-ba1c-a938ad2f48c9,clean,s5,0,0.407121,0.578648,0.578683
4beabe3b-5c89-45fb-814f-627cf51e654a,clean,s5,1,0.697999,0.822141,0.822155
4beb10a6-0e59-4a1f-9609-c3b194a179e6,shot_noise,s5,4,0.315512,0.386888,0.631024
4bf31c44-2a41-484c-8a6c-c56317286eef,clean,s5,5,0.298675,0.448249,0.481212
4bf349c1-4956-4f92-8067-96b633d2bfbc,shot_noise,s3,1,0.628316,0.736048,0.906949
4bf6b9d8-4099-4744-9076-e21d36f2a5e0,clean,s5,2,0.903309,0.949195,0.949269
4c055bfa-2a84-4eb1-8982-465ea264e846,fog,s2,2,0.513907,0.543972,0.974825
4c1120c8-29fe-4e0c-aaf8-a2b544466f51,shot_noise,s4,3,0.693197,0.803872,0.894930
4c12b065-2f95-4ed7-bf31-75c0451e4ba2,fog,s3,5,0.950658,0.974234,0.992973
4c15ad4e-937e-4a2f-a1f9-ac2e0a2ea31b,gaussian_blur,s4,4,0.931943,0.964504,0.972363
4c2bb315-844e-472b-932a-0bcdfc527c14,fog,s5,3,0.857457,0.922970,0.927013
4c354bbb-6b93-4872-accf-92257dc7d03a,fog,s5,4,0.922932,0.959780,0.963426
4c41d2c1-38c8-4d76-a38b-233a5beffe0c,gaussian_blur,s5,0,0.931205,0.964181,0.969840
4c44c013-3f3d-4805-82be-301d18d3782c,clean,s4,4,0.982676,0.991226,0.995361
4c49f921-1aa2-4a5b-9c91-2ca8ee06b616,clean,s5,2,0.689320,0.813237,0.831375
4c4c8bfe-3f41-4cc1-903e-30894465fd93,gaussian_blur,s5,5,0.879288,0.935612,0.938186
4c4fa355-8305-46e5-941f-12beb3847817,clean,s5,4,0.645236,0.779753,0.805328
4c6e04eb-746d-4fb9-81a7-7040873f96d3,clean,s4,5,0.964442,0.981702,0.992715
4c7e9057-8f0b-47f5-8ebd-c8b22318f9ef,fog,s4,3,0.439829,0.580978,0.682467
4c82b991-e9f8-498b-b60a-69d56d4cf24a,clean,s3,4,0.919822,0.956781,0.991925
4c9aecc6-32ce-4ebf-b1a3-e36a883993bc,shot_noise,s4,2,0.885768,0.937545,0.969504
4cac50f7-66fe-4428-b5e6-83ebf85e25fe,gaussian_blur,s4,4,0.956803,0.977812,0.983015
4cac5f6d-42d2-488b-bf30-423231c5931e,shot_noise,s5,1,0.819563,0.900835,0.900835
4cafde98-cc86-4085-9201-e0cb5e1d729a,shot_noise,s3,3,0.939626,0.968023,0.995469
4cb7af3c-65fd-4363-8072-66f0107670cc,clean,s4,5,0.972429,0.985952,0.990990
4cbe4668-8c61-4d2f-8c22-10c5e90ea3b9,shot_noise,s4,2,0.830812,0.904616,0.938752
4cbeca8f-aa11-48b7-ba85-b76df6522332,clean,s3,0,0.802315,0.882706,0.955197
4cc50761-6b6f-49d5-ad89-f18efd8bc2f1,shot_noise,s3,3,0.631232,0.738897,0.908117
4cc74ecc-e19f-464f-ba41-5d6b5f09a1bc,gaussian_blur,s1,1,0.779974,0.860106,0.992777
4cd7697f-f231-4d42-a621-5dad43ef3ec6,fog,s3,2,0.751148,0.843699,0.948699
4ce505c0-ee87-454c-8857-3818c6c0f1e2,gaussian_blur,s3,4,0.552034,0.638996,0.911844
4cede001-d821-48c7-8763-99529f48f8ee,fog,s5,4,0.934995,0.966344,0.968245
4d000491-be90-475c-8944-779c03de568b,clean,s4,0,0.663027,0.774351,0.899403
4d031109-fc1e-4167-a22d-448246329bd9,fog,s5,1,0.754186,0.859495,0.862535
4d23bd97-3a54-478c-a7f1-a71542a4f680,shot_noise,s4,0,0.924091,0.960204,0.969200
4d2a5d4a-6695-468a-a45f-36270c923bf7,gaussian_blur,s5,1,0.960970,0.980091,0.980378
4d3649d8-8dd1-4ccb-9a02-b7bb4b65b73c,clean,s4,2,0.821336,0.895735,0.961080
4d490410-2234-467f-95cb-6e375d541e6c,fog,s5,3,0.659471,0.792579,0.805488
4d4acef8-bdcd-4aac-8b08-e73029cc81ea,shot_noise,s5,3,0.885118,0.938683,0.945184
4d70231f-cb98-4bfe-a4c5-5e897012b1bc,shot_noise,s4,5,0.789386,0.875180,0.939328
4d7c9706-ca25-4d94-881d-72e76c074792,fog,s5,5,0.885872,0.939278,0.942848
4d84a62b-2078-4ed2-b058-20c4024fd49f,clean,s4,4,0.924091,0.960204,0.969200
4d8816a9-f098-4a58-8926-dbc9d2e2feba,shot_noise,s5,1,0.885094,0.938785,0.943285
4d8c00fa-e5ed-4e52-8793-f2ab26d86353,gaussian_blur,s5,5,0.766515,0.867826,0.867837
4d90a1cb-87e3-4c92-bccf-79edaef1942a,clean,s5,3,0.563108,0.720018,0.722213
4d93658f-8b77-4c28-8f72-271110179332,clean,s4,0,0.927241,0.961356,0.985309
4d93ff82-c51a-486a-acff-575156ecadfc,shot_noise,s3,4,0.448045,0.580183,0.710879
4d977129-03e1-4346-8f40-bc5da055e4b3,fog,s5,5,0.735662,0.847360,0.849941
4daeb07f-0c47-49b4-abbf-6d8d10eef72a,gaussian_blur,s5,2,0.949689,0.974120,0.977117
4dbc829f-75fd-4a0e-aba8-69984fa9378b,fog,s4,2,0.474080,0.530713,0.882965
4dc05e0c-6201-41ff-8c47-878ee7f36015,fog,s4,3,0.446979,0.472005,0.893958
4dc268f6-aa90-4509-91a9-1b49deb2f153,clean,s5,4,0.735411,0.847522,0.847621
4dc48517-59d8-43bb-80a3-7db37f084210,gaussian_blur,s4,1,0.524824,0.674834,0.730011
4dd56a5a-d142-4b5e-8846-40d04e0003ff,clean,s4,0,0.909908,0.951908,0.971984
4ddd60d5-85f0-4a12-8030-258b3c0167e7,gaussian_blur,s4,2,0.963447,0.981233,0.989365
4ddde8ad-5115-4cd7-8861-fd22711f0928,fog,s4,2,0.722977,0.834510,0.867669
4de50a71-dd52-4b00-850a-3eef0cdaae48,clean,s4,2,0.668430,0.783317,0.884114
4dea9684-e406-4cb0-a943-ce00dd98d98d,fog,s4,5,0.709903,0.823699,0.868030
4dfb4a15-681d-4ce4-867e-c95b2a3091f7,fog,s5,2,0.372442,0.539068,0.550716
4e184397-2cc7-4184-ae43-85cbd7f2e49d,shot_noise,s5,1,0.936066,0.966970,0.967180
4e18a166-b299-4b47-b0e1-c5f19ac42b3f,fog,s3,1,0.529211,0.646552,0.821105
4e22cbc1-0e95-48ba-958f-2ceaefc282c9,fog,s5,1,0.375342,0.517445,0.604608
4e242bf5-cc3f-4e1c-809f-a72f551efd22,shot_noise,s5,3,0.708385,0.827844,0.837787
4e2daafd-e1af-4c95-9f38-bac2656b061f,gaussian_blur,s4,0,0.376587,0.531212,0.581090
4e34a2cd-4149-4389-8b2e-3a610ce4cf28,shot_noise,s5,5,0.847232,0.917002,0.920874
4e3fd9f6-4685-4c70-8e4c-6875075291e2,clean,s5,0,0.882193,0.936632,0.949684
4e42a668-85d3-48fe-be19-4caa2f16819b,shot_noise,s4,1,0.710128,0.817288,0.902795
4e4ac206-ff81-46e5-a3cc-1fa1aae3dfa4,gaussian_blur,s4,3,0.976859,0.988223,0.994336
4e53852a-e0ba-4288-a290-bc358ee3632e,clean,s5,1,0.727568,0.841169,0.849445
4e56067b-6b27-4c4c-81c6-510f11dc6df7,gaussian_blur,s5,4,0.929933,0.963581,0.966810
4e5644fa-8f3d-4660-a0a8-35ac87ec1b54,fog,s5,3,0.372308,0.514216,0.601035
4e7c074e-1895-494d-8bb8-5996077c7d8c,clean,s4,4,0.785702,0.875667,0.914780
4e7e8e7f-6267-4a6a-b056-e42fbd4e2d25,gaussian_blur,s5,3,0.963616,0.981420,0.984224
4e803f7e-c378-4707-b8f9-67266ce43ed2,gaussian_blur,s3,4,0.731247,0.824151,0.961984
4e80b2c7-dd26-4517-9c20-076fa9778aae,fog,s3,5,0.713254,0.811966,0.942533
4e9b8a07-280d-4c98-aa62-d42a34337243,fog,s5,4,0.880634,0.936527,0.936567
4e9fee3b-e048-4f4a-9d7c-e448a96c5d3f,shot_noise,s4,4,0.657551,0.768594,0.900597
4ea6dab2-37c4-4f4e-8d13-280d1c37d84e,gaussian_blur,s5,4,0.289131,0.435636,0.471481
4eb90fb1-c192-42d8-b6cb-551ba0050d3f,clean,s5,0,0.735411,0.847522,0.847621
4eca514a-c509-4e27-8af6-8d0a0dcbd20f,gaussian_blur,s4,4,0.750558,0.854520,0.878036
4ecdfa78-ce57-451f-bd94-b2fe979d49ae,fog,s4,5,0.543217,0.636169,0.890459
4ed322d1-365d-418a-8766-82ba09ef3fb0,shot_noise,s5,0,0.841843,0.913705,0.919072
4ee46a43-7a4b-40e4-b7f2-3c62e9b13dad,gaussian_blur,s3,1,0.539298,0.625148,0.902276
4eec0c76-825c-4f86-9e76-53c139a7c090,shot_noise,s5,4,0.710854,0.829568,0.839360
4eecd1cd-6333-4dd6-bcae-1bd11ecfe9cf,shot_noise,s3,4,0.662281,0.770695,0.910827
4ef7240f-c1ae-40a7-b1fb-c09cdbff93a2,fog,s5,0,0.689320,0.813237,0.831375
4f006b2d-1948-48b7-a12c-6087d692cfc2,shot_noise,s4,3,0.966892,0.983044,0.990432
4f034660-6b3b-4b06-b139-77fa98764664,shot_noise,s5,0,0.930731,0.963948,0.968987
4f08c280-f858-4677-b142-6266f4002a2d,gaussian_blur,s5,5,0.195550,0.295851,0.371552
4f161de8-d223-4b33-afd4-2389ec853ac8,shot_noise,s3,2,0.969100,0.984118,0.996239
4f1d1fae-b4c9-4003-8e97-9c780032e381,fog,s5,4,0.929321,0.963344,0.963958
4f1f68c3-958f-4e75-8413-52300db376a9,fog,s5,5,0.698953,0.819568,0.840739
4f207387-4044-4701-a8eb-75772e8bbf46,shot_noise,s5,3,0.973869,0.986736,0.988720
4f265633-b0f9-49a3-9320-b80c50c1ea52,gaussian_blur,s4,1,0.906143,0.950037,0.965256
4f391cef-d40d-4818-a75f-2ad8b3f17579,fog,s5,3,0.808215,0.892896,0.903659
4f3be48e-bda8-4fdf-97b8-b7e9695cdbdb,fog,s4,5,0.955996,0.977389,0.982544
4f412ff1-89e2-4ac0-8602-dcc5ed183738,fog,s4,0,0.737664,0.845090,0.874464
4f5652f8-b0c8-4022-86f2-4044c00a2952,gaussian_blur,s4,4,0.976057,0.987807,0.994139
4f618472-0460-47ce-b108-e6da1d2c2406,shot_noise,s5,3,0.845723,0.916340,0.917291
4f6978da-0825-4910-816c-b605a0ca5479,gaussian_blur,s4,4,0.465790,0.631348,0.646943
4f6b6ca6-ae96-4c3a-9d86-53e19bd70473,clean,s4,3,0.849449,0.914923,0.961786
4f6cc7ad-2141-4619-bc5c-40e91825f025,clean,s3,3,0.557199,0.653347,0.895349
4f78e9e9-0522-4928-8842-862f0c61539a,clean,s5,5,0.735411,0.847522,0.847621
4f7a54b0-5f0e-4566-8173-9fe4c928d7fb,shot_noise,s5,3,0.337712,0.486639,0.540501
4f81734b-bab0-48bb-bca7-52d65ea29161,shot_noise,s4,4,0.893793,0.942696,0.965243
4f81eb1b-8dbf-4694-9333-82bc3c3b8abd,fog,s4,4,0.960048,0.979365,0.991845
4f8a43b6-d58f-442c-a825-7ab7e6f312fa,shot_noise,s5,5,0.961628,0.980433,0.980727
4f906b1f-4be6-4244-99ee-f2f23e292ad9,gaussian_blur,s5,0,0.946627,0.972503,0.975458
4fa1c24a-4381-4347-8c0c-3550229ea777,fog,s3,0,0.598005,0.684977,0.949893
4fab4ad7-d5e3-4796-a38d-d3c3d66fc087,gaussian_blur,s5,5,0.779658,0.876186,0.876204
4fb23255-f98e-4863-842c-a73c835ff9a9,gaussian_blur,s5,4,0.915095,0.955541,0.958464
4fb36033-beca-4fe1-b66a-384479fe22e5,fog,s5,3,0.836884,0.909638,0.928480
4fb4bc6e-96e7-4874-8d9a-ff1b92107177,gaussian_blur,s5,1,0.731580,0.842302,0.862006
4fc3eba2-fc8e-4fe0-9f4e-4198bb576339,shot_noise,s3,4,0.792703,0.873330,0.971493
4fc562df-a8fe-485b-b2a1-00ef1a4eb730,shot_noise,s4,5,0.973295,0.986371,0.993456
4fc77ea9-91db-403d-b675-cc7a42b4d645,clean,s4,5,0.937933,0.967398,0.985605
4fcdbb85-4c2f-4eb2-a016-345aa924e32d,shot_noise,s4,4,0.587318,0.733148,0.765739
4fdaee28-d6e3-437b-ad0f-14a2e45204d3,fog,s5,3,0.872226,0.931753,0.931756
4fe4e9bc-7fec-473e-9516-16c5b4dd7a4d,shot_noise,s5,1,0.596281,0.744293,0.758020
4fea8372-720e-40fc-8f04-ffa3528854d1,fog,s4,5,0.943349,0.970425,0.985183
4fef656a-9f2a-468f-92e7-166c981f403b,clean,s4,1,0.975770,0.987712,0.989691
4ff92045-ecaf-4b0d-ac58-2c2e40f14e58,clean,s5,4,0.563108,0.720018,0.722213
4ffaaef3-50b9-4fd2-9727-65f4b17b2cb4,shot_noise,s5,0,0.759649,0.859555,0.890853
4ffb69e1-19ce-49df-86cc-5f41e09cacbe,clean,s5,2,0.909497,0.952496,0.954871
4ffcd7b0-c114-4b6b-8b3d-db00b2010d3b,gaussian_blur,s5,3,0.914205,0.955107,0.956811
500ca450-2ad8-4976-99f8-393c1e76c0e0,clean,s5,2,0.613437,0.758877,0.766768
501c306a-94b0-4bba-b580-146172ed1755,shot_noise,s4,0,0.864321,0.924460,0.963808
50200766-9c39-4901-b9e6-b646ed85b162,fog,s5,3,0.649380,0.787421,0.787435
50259ad1-5cc1-4f29-ae10-9df5cbd8ea76,shot_noise,s4,4,0.974157,0.986882,0.988992
502d0029-e3d5-42d9-b6e6-1cd713d3c963,shot_noise,s4,0,0.769524,0.865961,0.898040
504f9da4-f0e0-4100-83a5-1c1d154b7c1b,clean,s3,4,0.521480,0.638345,0.815850
5057e177-3b4a-4a98-8ca7-399782cb6864,fog,s4,1,0.482593,0.643671,0.671616
507aeebc-d062-456b-93e9-8cc92b045f06,clean,s4,2,0.911467,0.952652,0.975453
508d2fd1-d6ff-4c43-a175-ce3a2d05d06d,clean,s5,0,0.941363,0.969700,0.972982
508d8035-c0cc-458c-81dd-6afa028960a7,clean,s5,5,0.613437,0.758877,0.766768
50999608-8fd3-42c6-b798-f2c4d2670e82,gaussian_blur,s4,2,0.978422,0.989029,0.994933
509d19d0-d09f-4c82-928c-8601b151ee42,gaussian_blur,s4,2,0.945838,0.971748,0.986913
50a59457-ec2b-4e36-93dc-832f073062e5,fog,s4,2,0.924898,0.960711,0.967931
50af93d5-ce41-4da1-8deb-b16e328cff8d,gaussian_blur,s5,1,0.943532,0.970853,0.974117
50b60c01-0fb9-4ed2-a265-fa1ce9578f62,clean,s4,0,0.963647,0.981338,0.989472
50c1a0d2-9077-4dd0-b31f-dc7a396b64b1,fog,s5,4,0.970198,0.984840,0.987083
50d5cb30-9f35-45a9-9afe-38dc023710bb,fog,s4,5,0.737719,0.832817,0.946259
50de3ca2-db06-4d48-8549-8aa82ffc2bc6,gaussian_blur,s2,4,0.787047,0.867137,0.983936
50e16ea9-6517-45a4-85db-ce53c147f163,fog,s4,1,0.217151,0.310828,0.423554
50e5f188-f335-4ac9-b35f-0d5bc55825e5,clean,s3,1,0.379763,0.442789,0.743735
50f281a8-4c34-4918-b6d0-42297c62d7d0,gaussian_blur,s3,0,0.634854,0.742205,0.910261
51000bb6-e708-4a7b-9b03-555523c2bc14,fog,s5,2,0.424028,0.576067,0.641452
5105ea5d-90b4-460e-be0e-098a89d80c72,clean,s5,1,0.826925,0.903945,0.919000
511e2128-c65b-4a59-b2bf-a3f1a6444dd5,shot_noise,s4,3,0.877625,0.934200,0.944318
511f2d66-c7bb-4de3-8847-0b5b657fcd3d,shot_noise,s5,5,0.924633,0.960707,0.964231
512ad35e-9fd3-46aa-9ab8-b145b990970a,fog,s4,0,0.763445,0.863382,0.883970
51333658-f415-4243-b5d9-fbc325bebcf1,clean,s4,2,0.904147,0.948191,0.978022
5138c60e-fcc6-4a0a-adb3-9240d71fc192,fog,s3,1,0.651928,0.759122,0.914553
5147fe9a-1b11-410f-a2fc-9ab615fd5be0,clean,s4,1,0.904147,0.948191,0.978022
514d98be-06dd-4d08-8a00-afd848be14f0,fog,s4,4,0.424039,0.588404,0.612891
5164b41e-e8a4-443a-9b54-34c574aa3092,clean,s5,1,0.905948,0.950650,0.950716
5167b895-938a-46cf-8c38-14a05f6ca3cb,fog,s5,0,0.841843,0.913705,0.919072
5186301b-85ae-4bb2-9d3f-2e42ea459d02,shot_noise,s4,5,0.544451,0.695360,0.736821
519b160a-bff6-4a65-950a-a0431f2cac98,gaussian_blur,s4,4,0.817643,0.894751,0.946443
51b34b34-3f7f-4378-a094-7d0fa5031cb5,gaussian_blur,s4,4,0.584206,0.718196,0.806176
51bb11ac-ffe6-4f40-a1bc-1cc4e3d75d22,clean,s4,1,0.702782,0.811323,0.900335
51c4dc0b-ea7a-4099-a887-29b2744cb5fe,shot_noise,s4,2,0.363483,0.518192,0.564253
51c7d2a4-6eb9-4479-98ea-175dc27f7b03,clean,s5,5,0.933229,0.965385,0.967668
51c9d376-17e5-4083-8a67-52f56f2df63d,shot_noise,s4,5,0.646354,0.777278,0.820741
51d10785-af8d-4599-a61e-e050c9f3b7ef,clean,s5,4,0.846742,0.916804,0.919501
51e348fd-5123-4a1a-9250-2add39d5b3c8,clean,s5,2,0.905159,0.950133,0.951952
51eaaf86-0919-4d4d-86f9-f739b3db4010,fog,s4,5,0.906785,0.949903,0.975290
51fa0b6b-0feb-4a3e-9c67-f52391f064bf,shot_noise,s4,4,0.950094,0.974253,0.980445
51ff5f79-3698-4aac-94f4-6f08eddcde12,clean,s4,2,0.950127,0.974090,0.987381
520361fc-0674-4b5a-9740-9fef6c477996,gaussian_blur,s5,3,0.860209,0.924159,0.933995
520825ce-0075-46b6-9237-bebe274eb2da,fog,s3,0,0.729694,0.819604,0.977441
5218a1db-3c7f-4f2f-8e51-2d099f404b80,fog,s5,3,0.612746,0.749952,0.799579
523268b7-9b68-4085-98fe-66ac44498dcf,shot_noise,s1,3,0.739961,0.826313,0.990086
5233cbf9-0869-4533-b316-d16ab4163704,fog,s4,4,0.634391,0.760630,0.841776
524726d7-5f8a-4672-b731-c28d518fb937,clean,s4,1,0.763445,0.863382,0.883970
5248217b-df3b-4970-b9d3-615807b177bc,gaussian_blur,s4,4,0.680891,0.794642,0.885696
524a7c90-9400-4419-907c-72566d17fee2,clean,s4,5,0.682848,0.801744,0.860944
524a963f-f271-4d08-9415-7ccaa5264972,gaussian_blur,s3,0,0.753519,0.845787,0.947945
52630841-7044-4840-90d8-b0658955a78d,gaussian_blur,s4,0,0.962527,0.980729,0.990066
526815ec-eb9d-4fe3-84ec-41b83c6dc784,shot_noise,s2,0,0.959488,0.978927,0.998222
5269eda3-9d7e-48ad-8910-dd1b8ae683bf,shot_noise,s5,5,0.982381,0.991104,0.992048
526d4afe-1646-4435-a128-159a047a8ae1,clean,s4,4,0.580438,0.721402,0.781643
5280b176-b943-4b6c-84f2-a04047293cb1,shot_noise,s2,0,0.888372,0.937650,0.992800
528e8a40-a632-4d57-8582-66188ed1e05e,clean,s4,4,0.927241,0.961356,0.985309
529cf14f-aea3-46fd-93af-588e3e0dd234,fog,s5,0,0.931274,0.964414,0.964414
529d61ac-970f-4147-996d-a9aabd43c850,clean,s2,0,0.926871,0.960697,0.996415
52c28073-aa80-4afa-bcf7-96b0b3788dca,fog,s2,3,0.934418,0.964978,0.998063
52cbf88c-ba19-415a-9769-4b37f34eb714,clean,s4,0,0.467647,0.633062,0.648753
52d909ce-642b-4f18-853a-3338e2a76dae,clean,s4,3,0.472691,0.633408,0.665219
52dbdd28-0835-43c2-858e-204f92ef7a2e,gaussian_blur,s4,4,0.950858,0.974530,0.985800
52dc37b3-ec93-4490-a586-acf9ad85244e,gaussian_blur,s4,1,0.766743,0.858320,0.936108
52dfff87-9f5c-4708-9ca9-b1575f6924bb,clean,s5,2,0.328446,0.400561,0.651163
52e05da0-c829-465d-bcc4-409114c6f7e4,clean,s3,4,0.685834,0.786172,0.942120
52e36992-481c-458e-b267-78d8aeba02f3,fog,s5,1,0.252973,0.401772,0.407180
52ed71ee-9ed2-408c-aa1e-76b7292764fa,gaussian_blur,s5,5,0.326105,0.456551,0.556731
52f5e3d3-d66f-4a4d-8dae-d01d0bac74f1,fog,s4,2,0.945382,0.971537,0.985516
52fe0aaa-7067-4403-9970-305388d85fd4,gaussian_blur,s3,5,0.891720,0.940323,0.983613
531ec613-636e-46af-b45e-acb4b4aa23cf,clean,s3,2,0.691907,0.794469,0.931916
532024df-d3ae-4bad-8df3-e111e18d0584,gaussian_blur,s4,1,0.959166,0.978896,0.991568
532626b1-23ad-4096-aed6-483c6555230a,shot_noise,s2,0,0.601544,0.677528,0.979681
532e7af8-985c-4936-9838-3c80c8496f7e,gaussian_blur,s4,1,0.442712,0.469615,0.885424
533574ca-dfbc-4fb6-855c-d22a94df340e,gaussian_blur,s3,2,0.779520,0.863522,0.968277
533f4282-21b8-4a89-873d-7670586dc831,gaussian_blur,s2,5,0.934649,0.965144,0.997111
533f5460-d8e9-47c1-a8e6-13f27846280c,fog,s4,1,0.957074,0.977766,0.991568
535bcc59-3208-49e7-a83f-85673539a514,fog,s4,0,0.904147,0.948191,0.978022
53617ede-eef3-4883-ad5e-71a69a3e7498,fog,s5,2,0.932394,0.964412,0.981930
53714304-dec8-4bdd-8888-f78def0ec9f4,clean,s5,1,0.894224,0.943871,0.949275
53776f13-0399-4233-90bf-e7b199b978e4,gaussian_blur,s2,3,0.915242,0.953901,0.995749
538b7c4f-9892-4507-af56-0c89059915de,clean,s5,1,0.909497,0.952496,0.954871
538e04a6-c6f8-4010-b692-d585faa66ba1,clean,s3,3,0.797793,0.877094,0.972395
5391d25e-7ec7-4f2e-9837-631ededa1b6a,gaussian_blur,s3,2,0.774835,0.859974,0.967121
53a78af8-ceda-497b-a0dc-19cd89e46538,fog,s5,1,0.825521,0.902438,0.924760
53b2811d-f22c-4a76-a825-683a05f74580,clean,s5,2,0.857630,0.923291,0.924251
53bf8006-172c-4c60-a394-8ef5fd1e2cac,shot_noise,s5,3,0.714100,0.832965,0.834655
53c0b4f3-83f4-4dff-903c-f2d6d770f91b,clean,s5,3,0.962994,0.981143,0.981417
53c79dcc-a645-44d7-a0ca-a710d88d0540,shot_noise,s4,3,0.781227,0.868001,0.946709
53d8e49b-e919-4f5f-b953-936bc2d69eaa,clean,s4,4,0.645483,0.768081,0.855571
53de7614-4960-44c8-823a-c5a08a231584,clean,s4,0,0.837913,0.908095,0.952217
53ecd8be-5d35-4e9f-8a2e-aefd741643b5,clean,s2,1,0.869100,0.924987,0.996352
53f06c58-be0c-4fc8-ba81-ac00bba88e19,fog,s4,5,0.740594,0.836544,0.939205
540f4c96-2833-442a-a1fc-f0e718528ee5,clean,s5,0,0.841843,0.913705,0.919072
54117102-5cfe-4785-8bb3-aa893545f783,shot_noise,s4,3,0.846907,0.913325,0.960762
5416b2de-7a5e-45ac-b0c1-34d44196b055,shot_noise,s4,1,0.627379,0.750048,0.854976
5425359b-c66b-4a12-b800-108ec559a606,gaussian_blur,s5,0,0.857630,0.923291,0.924251
542885f8-ff2e-4aaa-b0ef-8e3461cd2462,gaussian_blur,s4,4,0.728161,0.837655,0.873780
54303c56-4e42-4502-82e2-c25a310b3385,shot_noise,s5,0,0.470942,0.623789,0.684288
544401b8-9712-4b46-bfbb-53932e8179e0,clean,s5,0,0.641852,0.781838,0.781979
5464a9d5-7a25-4699-886d-24e604791a80,fog,s5,2,0.252641,0.401341,0.406766
546beae0-7fa9-4d11-a3c7-1545ce4509fc,shot_noise,s5,5,0.940449,0.969210,0.972568
54765349-e2fc-49b9-8df9-a5362339abaf,gaussian_blur,s5,2,0.753828,0.859558,0.860203
547a825c-ce51-4346-b368-1d5b0cedefcb,gaussian_blur,s3,3,0.852467,0.915639,0.976309
547c8fd6-f990-48bb-8e7d-a77e5c5d4a9c,fog,s3,5,0.760868,0.850086,0.958320
547ef088-d84b-4858-afa8-b3c26e59d0a3,shot_noise,s5,2,0.643553,0.783105,0.783216
548301c9-a997-4bdf-a642-e8507afcfdfc,fog,s5,5,0.906864,0.951109,0.952154
54883f6b-6729-4a06-82c0-c56a7a3dda9d,gaussian_blur,s4,2,0.570195,0.724272,0.733531
5494eb47-5272-420a-92ea-6012212c5b5a,clean,s5,1,0.743577,0.845309,0.902213
54a4b734-8b92-48af-b2d2-af33bd758f28,gaussian_blur,s4,4,0.983790,0.991797,0.995657
54af268a-a0b8-4346-bf8b-880568e1309f,clean,s3,4,0.939120,0.967740,0.995385
54af525c-7bbc-4f26-b2e9-1aa89fe35bff,shot_noise,s4,2,0.394794,0.565864,0.566635
54b05cd9-1db8-4da1-97c6-993ff4c88965,shot_noise,s5,0,0.894803,0.944322,0.947339
54b75cec-105b-41e0-95e0-bdcc95524256,shot_noise,s5,3,0.730339,0.840924,0.864480
54b925c3-0251-436f-8c29-ddf38543dcef,clean,s5,5,0.645236,0.779753,0.805328
54c62aab-b8c6-4d5f-a224-ac7d54dd3117,fog,s5,4,0.603127,0.746615,0.775419
54e2ce8f-67e2-4c12-b338-1acf3b29ade9,gaussian_blur,s1,3,0.802755,0.877971,0.993976
54eddbd5-89c4-46ef-9f08-22141a8e2cfd,shot_noise,s4,4,0.720961,0.828691,0.891376
54f16774-7fe3-4d6e-b89a-310860d98964,clean,s4,5,0.763445,0.863382,0.883970
54f18948-6643-47da-9a5f-b8e4cc67a065,shot_noise,s4,2,0.925538,0.961095,0.967349
54f61fdf-53f5-49a7-9a64-f19c77989871,gaussian_blur,s4,3,0.618954,0.746350,0.836720
54f8c3e0-83e0-4840-941b-ea9782d0bebd,shot_noise,s5,0,0.419817,0.587765,0.600107
54fd0068-cadf-4e91-b475-5373bc67b69f,gaussian_blur,s4,4,0.744595,0.849813,0.878832
5503e606-9cc7-4b38-9ef4-bb126122d179,fog,s1,4,0.909075,0.950096,0.997994
55053417-1b6b-4a0b-a1cf-7b92f181576f,shot_noise,s4,4,0.971449,0.985445,0.990519
551fc583-ef20-449a-b279-fe56e4ade6f7,gaussian_blur,s5,4,0.333433,0.465737,0.564453
5529947f-27eb-4769-9929-632219f4f560,shot_noise,s5,5,0.791062,0.883294,0.883771
55309661-77fe-4932-b927-7dbc5f49aa3a,gaussian_blur,s5,3,0.335880,0.401828,0.671760
5553875c-d2fe-4187-8bef-58cf416b037b,clean,s5,0,0.563108,0.720018,0.722213
5553f05b-14c6-444a-a033-3801bb14b946,fog,s5,4,0.414225,0.581943,0.595019
5557efcc-a3a4-4d39-b451-f0ce7a232551,gaussian_blur,s4,3,0.966094,0.982707,0.985493
555a5f7f-d626-4419-bd36-cc2483fab80f,clean,s4,2,0.580438,0.721402,0.781643
55613a7c-0888-4812-b70d-f03b5302dfe4,clean,s5,3,0.750076,0.855640,0.867948
55799c35-c7f8-40e2-9e42-11dfe246ba8f,gaussian_blur,s4,5,0.959180,0.978903,0.991589
5590cbb0-407d-4007-a52f-dee867605bd3,gaussian_blur,s4,3,0.702234,0.819422,0.856370
55b5fc4c-7dc7-4d7c-8cc1-e0685ac269ba,gaussian_blur,s5,2,0.880989,0.936556,0.939459
55bbbf86-6ba9-4b4e-9aba-05431c7f0142,shot_noise,s3,1,0.625828,0.719848,0.948365
55c04272-6205-46b2-8b1b-2155605b6a2c,shot_noise,s5,4,0.742074,0.844177,0.901781
55cf41f6-b124-4981-95b7-fd8c0684453b,gaussian_blur,s4,2,0.808761,0.892263,0.912901
55df0c44-e3c3-47ec-9089-24c1ab67f1b2,gaussian_blur,s3,1,0.691627,0.791738,0.942396
55f5feb7-e42b-437f-ad9c-3a101b20f59f,clean,s4,5,0.468883,0.521563,0.882673
55f8f5d1-c5eb-478a-821f-162309e3c0b1,fog,s5,2,0.795906,0.885600,0.892959
5603464c-929c-43f3-aec8-00f49e2543ca,fog,s3,3,0.951821,0.974809,0.995440
560431cd-baaf-40f7-b1fa-f864b4d70350,clean,s4,2,0.902105,0.947743,0.963657
5609bfe5-84c2-4e4b-9f6b-89330a7f7781,gaussian_blur,s5,3,0.864331,0.926995,0.930430
560d3760-1f13-46c0-87f4-2fe0b769465c,shot_noise,s4,4,0.901450,0.946609,0.977425
5611af04-16cd-49eb-b77b-1e887ff97bde,clean,s5,5,0.900328,0.947431,0.949820
56151363-bf7c-48cf-9dcc-751a1c82eb05,clean,s4,1,0.571141,0.689884,0.846851
5618ba13-87e5-481c-999a-a8cd3c081bcf,gaussian_blur,s5,5,0.819876,0.899689,0.914329
561ad336-4ea0-45b1-9f20-0706ebdd9b45,gaussian_blur,s3,1,0.958795,0.978597,0.996101
561eab24-56ed-464b-8ee5-847f78bf5ab3,fog,s3,4,0.956943,0.977642,0.993914
5620347b-f924-477a-b92a-36a4052e7144,fog,s4,2,0.927302,0.961761,0.975851
5620fdb5-2d8a-4718-a97a-de852a0d38f4,fog,s3,4,0.844218,0.910129,0.975620
56243b44-4ea4-4386-93db-059b350cf360,clean,s5,0,0.622903,0.767344,0.768917
5627bf33-7c83-43e2-8d84-9da053798a81,clean,s5,2,0.582100,0.730028,0.757451
5630aeaf-a4d5-4991-b493-48a91569fa0e,fog,s5,3,0.553571,0.678519,0.818789
564008ad-2a57-40e6-9192-2f5dde0ac28c,shot_noise,s5,5,0.531126,0.693494,0.694677
5644719f-28c6-4cf8-a142-219c3d8ddffa,shot_noise,s5,2,0.790956,0.882817,0.887206
5644886f-6c36-49a1-9a88-55be1964b6da,fog,s3,4,0.529902,0.647232,0.821694
564e2550-ba4e-4f1a-8abe-df3993b19f2f,fog,s5,2,0.399239,0.570468,0.571077
5650de13-1753-41e3-b01b-221206a2f462,clean,s4,4,0.769524,0.865961,0.898040
5656bbfc-90c9-4b9a-b1d1-878f09696475,fog,s4,5,0.663538,0.771610,0.912165
56702847-ccc8-4e64-b3ca-09014929f310,clean,s2,4,0.959488,0.978927,0.998222
567a7490-4c02-49d5-af74-7ea9e2d35732,clean,s5,0,0.805851,0.892485,0.892530
568133ac-5783-4f51-b0e4-a836330010d1,gaussian_blur,s4,3,0.903836,0.948728,0.964343
56837b77-d492-4f39-9e90-f0063d9a1626,shot_noise,s4,0,0.959172,0.979060,0.983964
5683e307-d5a5-4933-95b9-4f01b83925d0,fog,s3,4,0.574423,0.652475,0.951886
56932497-0222-420c-9378-2c9a26877217,clean,s5,1,0.144880,0.250764,0.256198
569757b9-3484-4145-9794-bfdce3a019b4,gaussian_blur,s5,0,0.394083,0.563972,0.568560
56996278-db18-4d46-a085-6114227052cd,shot_noise,s4,0,0.952280,0.975292,0.986253
569d0774-f506-4b24-baf2-b3d0a2f61433,shot_noise,s5,2,0.573100,0.728059,0.730709
56a860c5-9786-4ca9-881c-a7bf7266f940,gaussian_blur,s3,4,0.877743,0.931340,0.986620
56acd5df-52cf-4cea-86e0-dbda3d375405,fog,s5,2,0.814475,0.897729,0.897989
56b9cccb-1961-4905-9817-d5b73f338828,clean,s4,0,0.915142,0.954852,0.974287
56b9f50c-1fe9-4b4f-b3cc-3cb1ae108521,shot_noise,s2,3,0.934909,0.965259,0.998059
56bfbd96-3ecd-41bb-a9d3-ccb79c975e7e,shot_noise,s4,4,0.699645,0.808639,0.899813
56c20ae5-8939-46b9-8231-4f900d6feb7c,clean,s5,1,0.613437,0.758877,0.766768
56ce95e0-316b-4fec-8003-2a1feb1f1f5f,clean,s4,1,0.837913,0.908095,0.952217
56d15613-83d7-457f-9783-67451d7eef03,shot_noise,s3,3,0.670571,0.776765,0.919451
56d65229-2dfd-415a-b7a7-a878c13821ed,shot_noise,s4,4,0.884587,0.938196,0.947877
56f1cdea-cb2f-400b-8103-002b16a28285,gaussian_blur,s3,2,0.636960,0.741347,0.920795
56f294ea-6bf0-475d-abc4-55ed66419721,shot_noise,s2,2,0.631228,0.714840,0.981145
56fbbba5-fe49-4f0b-93d3-07263f144fd6,shot_noise,s4,1,0.936244,0.966448,0.985686
56fdd074-f03d-4d14-b7aa-a994c41348cb,clean,s2,3,0.923010,0.958392,0.997740
5708fb59-6a5c-4f10-a526-427a98c57b2c,clean,s5,0,0.782905,0.877365,0.885335
57101695-c175-4009-aaae-c303e72cce79,shot_noise,s4,5,0.825765,0.901427,0.936440
5711c105-da83-4e96-8db8-5d71979a207a,shot_noise,s4,0,0.964442,0.981702,0.992715
5718dccd-012d-41ea-9cf9-42657317b272,fog,s4,5,0.440885,0.468586,0.881771
57253bae-6e69-424c-9607-0d6db3d7d90b,shot_noise,s4,1,0.936720,0.966731,0.985205
5732ac52-bcec-43f1-abf5-6fe3cf2e3c97,gaussian_blur,s4,4,0.935873,0.966469,0.978961
57507b12-871f-4fe6-b418-65ca276a9db9,fog,s3,5,0.544537,0.638488,0.889411
57516a1e-789f-45b7-881b-0ce0122e780b,shot_noise,s5,5,0.923050,0.959984,0.960032
57563642-6f8b-4995-a450-84d08354e241,shot_noise,s4,5,0.691572,0.808229,0.866885
5759490a-4013-486d-858e-efa88fde0bb6,gaussian_blur,s5,5,0.666436,0.797132,0.813153
576fed98-7938-4880-a075-d4b8186a940d,clean,s3,2,0.760733,0.850552,0.954826
5778041d-93e6-4008-9d78-cbf189748dc4,gaussian_blur,s2,1,0.929047,0.961898,0.997874
577816b2-120f-4c85-8f24-51b80f64fd8f,shot_noise,s5,3,0.199146,0.301913,0.375456
577ad9a4-e56f-4d32-ac24-5337157c251d,shot_noise,s4,2,0.455960,0.616530,0.651907
57889ab7-2227-4a8a-8b67-1ec94fa12c32,clean,s5,1,0.648453,0.785403,0.792977
578b8653-98eb-4bdd-ba7f-5093187df74f,fog,s5,4,0.922213,0.959496,0.960436
57aca365-1974-498b-a2e8-857db957ec82,gaussian_blur,s4,1,0.911948,0.953037,0.973301
57adf8f8-40a9-4082-b631-37d69cb48935,clean,s5,4,0.941749,0.969993,0.970275
57af58d2-890b-487c-92e8-5fdaeafcea8f,fog,s4,0,0.650975,0.782356,0.817259
57aff252-58d3-41b2-a947-ab754114881c,shot_noise,s3,0,0.729310,0.823932,0.954431
57b15942-6a17-47bb-bab0-cc9f2a66fb93,gaussian_blur,s2,1,0.513078,0.542316,0.975066
57cc3a7c-7e40-4ce0-821c-cfc307aa6b2b,gaussian_blur,s4,4,0.851229,0.918738,0.930697
57d23ad5-b1e8-4b63-a47a-d41c3aec2f2b,clean,s4,2,0.975770,0.987712,0.989691
57d5b7e3-b342-436a-b57b-11b72400a55f,shot_noise,s4,2,0.964116,0.981528,0.992651
57ee23de-36d6-4c67-a9bf-ad3e8c8b1d98,clean,s3,2,0.369384,0.489418,0.637557
57f267b2-df6c-42dc-879e-94584980bd3b,shot_noise,s5,0,0.973012,0.986294,0.988336
57f40577-16a7-412e-bd69-de73dfd5e15e,clean,s2,4,0.888372,0.937650,0.992800
57f4f551-d834-44d0-834b-263a201f1133,clean,s4,2,0.561909,0.703643,0.773075
57f751ed-dd98-4f3d-8118-d17a4b89cbba,shot_noise,s4,0,0.968279,0.983842,0.986448
57fdf952-4485-457e-b429-f06293a0415b,fog,s5,4,0.226106,0.353565,0.392417
5800682c-9f07-41aa-bea4-1bebf98a904d,shot_noise,s5,3,0.931539,0.964535,0.965153
5803f0c3-0b8e-428b-a649-36a31d2f018e,shot_noise,s5,5,0.278573,0.382662,0.521760
580d15c4-648a-4bb2-9e29-e28a834f3324,shot_noise,s3,3,0.692180,0.794629,0.932342
5811263a-b80e-492a-864e-dcc76e45d79e,fog,s5,2,0.948254,0.973361,0.976392
5816a637-fd5c-442b-9d97-6a7934b454f9,fog,s5,2,0.933439,0.965546,0.966391
581ad82d-7241-4e9f-af45-f7e150a46d35,shot_noise,s4,5,0.908406,0.951021,0.972094
5827de0e-6e15-4dcf-bb57-fd3a31ac3694,clean,s5,0,0.697999,0.822141,0.822155
5832ffe8-77ff-4e21-ad4b-5ad0d2c2a76b,fog,s5,5,0.594728,0.743273,0.755973
584219a3-9789-4da3-95a7-4f70ae558d16,fog,s5,5,0.757760,0.860150,0.876766
5848b82f-f946-40e0-8d11-56da729363bd,fog,s5,3,0.846303,0.916222,0.923104
586aae81-f666-4e6a-898a-1a80b72584e6,clean,s4,0,0.643858,0.754679,0.900219
586e857a-5e50-4bb8-a163-856d896659cf,gaussian_blur,s5,4,0.938299,0.968082,0.970832
58760209-ef73-4751-b25f-6bc059dd36a5,fog,s1,3,0.494915,0.497444,0.989829
5888667b-49f0-4f4a-88da-b9d8a96b9cb1,gaussian_blur,s4,0,0.709705,0.816839,0.903195
5888cc31-8f85-438e-89a3-b9e935e4e81d,clean,s5,0,0.931205,0.964181,0.969840
589a7796-b555-4a3b-bea4-1cd5c0b58cb0,fog,s5,4,0.921127,0.958943,0.958987
58b30ebc-5588-4f38-8d37-aba57e216f80,gaussian_blur,s3,1,0.497989,0.615334,0.793671
58bf0245-c4db-463c-93bd-e70bf7d5a800,clean,s2,0,0.601544,0.677528,0.979681
58c0802f-34f5-4950-9c8a-fba349c36f19,gaussian_blur,s4,0,0.937061,0.966920,0.985264
58d1048b-70e0-4ced-b010-2702083a7445,fog,s5,0,0.882974,0.937754,0.939405
58d1681d-6a84-4801-88f5-32a09e47af3c,fog,s4,5,0.982306,0.991037,0.995253
58d2152e-4104-43d5-b02c-9ce24b20d3c4,fog,s3,0,0.459295,0.590642,0.724339
58d5efb9-a256-413e-a31f-839800e24118,gaussian_blur,s4,0,0.910341,0.952125,0.972739
58e58b4d-da5d-445c-b829-eee176cdca75,gaussian_blur,s5,3,0.801356,0.889694,0.890005
58e67974-516a-45bb-87f1-1d08665b9aaf,clean,s5,5,0.328446,0.400561,0.651163
58e85e9f-8eeb-42a0-a7c8-148d9e5a38c3,gaussian_blur,s4,5,0.788879,0.873777,0.946981
58ed2ef2-608a-465d-80f1-32de6e788840,gaussian_blur,s2,3,0.391962,0.488621,0.708976
59157f15-db21-4306-99ed-06917e40ef20,shot_noise,s4,2,0.966518,0.982902,0.987166
591f0b9d-7b9c-4692-8584-7ac74eca1b4b,gaussian_blur,s4,4,0.906358,0.949521,0.977776
5920a490-982b-4dac-8521-1896a4aef470,shot_noise,s5,5,0.918918,0.957678,0.959357
592f3d4b-7922-4f8a-88a1-e64c081a011e,shot_noise,s3,2,0.814330,0.889000,0.975728
5931043c-4e8b-45cc-a83b-27c656f67781,gaussian_blur,s5,5,0.809066,0.893441,0.903989
593f6e98-66b0-445a-adf1-2b42cc24ea6d,fog,s4,2,0.910451,0.951867,0.979302
59417840-cc85-4fab-aa9d-2fcbbbed936e,fog,s4,3,0.708154,0.819139,0.884475
5950737a-93a2-4a36-933b-dd2f5e5cb23e,fog,s5,0,0.963020,0.981131,0.982807
59539681-7164-4d68-b52c-5a92378761be,fog,s4,0,0.771353,0.866886,0.901221
5955d70d-812e-41a5-85f2-bd805c72156c,clean,s5,3,0.946627,0.972503,0.975458
5968c111-7a26-41ce-ad32-f89d46a2910f,gaussian_blur,s4,5,0.961758,0.980421,0.984896
59722b31-571b-4bc5-af2f-7c67110e85e8,gaussian_blur,s5,1,0.741811,0.844004,0.901552
59744f15-ee54-44a9-9f70-945063e43b2e,clean,s5,3,0.347094,0.410953,0.692506
59850e09-7ca4-4a48-975e-87e25f1c85b3,clean,s5,2,0.962994,0.981143,0.981417
59886ac9-452b-4f26-9fde-8f4e782b6165,fog,s5,1,0.752212,0.858533,0.858960
598dfdd3-0f0c-45e5-bb41-67536ddeabbf,gaussian_blur,s5,3,0.980580,0.990185,0.991232
599e14d8-feaa-4c86-a95b-94aeabeaebff,gaussian_blur,s5,0,0.903309,0.949195,0.949269
59b37c2d-198e-4f61-a531-2cf8a8fb78f9,fog,s4,1,0.859532,0.921832,0.958088
59bf74ab-a0f3-485d-a5ce-1bfd800fd02d,fog,s4,1,0.946655,0.972178,0.987645
59db7bb9-1c89-4e63-ab7d-a00b1ad515da,fog,s5,5,0.929500,0.963451,0.963766
59e574b5-0917-4afe-9518-6b47c24ab2cd,shot_noise,s4,2,0.527930,0.629173,0.857874
59eb5955-6426-43ac-bf24-bb4db6b49216,clean,s4,2,0.909908,0.951908,0.971984
5a04040a-5266-4452-b238-c9e0fc7a95c7,clean,s3,3,0.498881,0.630932,0.759797
5a0da454-a8ba-406d-b97b-2bd927c13951,fog,s2,2,0.598300,0.675092,0.975129
5a1dae6a-f6cf-449b-a881-f0b381565073,shot_noise,s5,4,0.274452,0.422449,0.444982
5a1dc710-2c58-44ff-8682-6c8f043a0e12,shot_noise,s4,0,0.771353,0.866886,0.901221
5a1f2e9c-436e-45a0-b578-bbd5a0a66c15,clean,s5,2,0.925242,0.961168,0.961211
5a2ecbcc-d486-4073-b6fe-594f6d7777ea,clean,s4,5,0.390167,0.552067,0.581989
5a30b368-b4fb-4fa4-8741-2a02b43b2e96,gaussian_blur,s4,1,0.802724,0.886650,0.925136
5a35d051-23ac-4d82-b534-6b19afbd1874,fog,s5,3,0.986050,0.992975,0.993061
5a47b1b9-f560-4464-a007-4cd0ff50a2a5,gaussian_blur,s4,3,0.293813,0.450672,0.460571
5a4d8632-8891-425c-92df-773ef8ed497c,fog,s4,4,0.741208,0.837704,0.935589
5a4ed1ac-66ad-4ddb-8b18-1a088d9bcaf0,gaussian_blur,s4,0,0.970626,0.985017,0.990233
5a50f23d-3d58-4775-99a9-a6e00c8243e8,gaussian_blur,s5,3,0.384140,0.553919,0.557616
5a71a5c4-b813-4ee7-a6d8-960b1a10ff73,clean,s4,4,0.467647,0.633062,0.648753
5a757f2c-00f7-4745-926e-c7b0a1e0b92f,shot_noise,s5,2,0.821463,0.899990,0.921897
5a8ff1bb-2daf-423d-bb71-4273e42e4a3c,gaussian_blur,s5,0,0.298675,0.448249,0.481212
5a9ac1c6-6208-4902-9132-165754cf31af,fog,s4,5,0.623739,0.750408,0.839860
5abd768b-da59-4bc9-9378-486790371616,fog,s5,2,0.776271,0.873233,0.880459
5ac02c01-9083-4128-b478-a39448a37fb0,shot_noise,s5,5,0.873085,0.931708,0.940075
5ac2938b-eb50-4c2f-826a-c7d6db016c3a,shot_noise,s5,5,0.763593,0.865948,0.865976
5ac711f0-d16e-40f0-bb26-b358d2e8ae68,shot_noise,s5,2,0.793299,0.883917,0.891803
5ac7a4f5-5432-4184-82e6-2e581971ae29,shot_noise,s5,4,0.964122,0.981719,0.982524
5ad665fc-32da-4168-8492-9b353f5f70a4,gaussian_blur,s5,0,0.846742,0.916804,0.919501
5ad77d8f-09db-465c-9b12-e0865796ca35,shot_noise,s5,3,0.332814,0.465952,0.562075
5ada7425-192b-4237-839c-85cec7eeed25,gaussian_blur,s5,4,0.853486,0.919685,0.936736
5ada7ead-7d5d-4d24-be17-4ad808b3d7b8,clean,s3,2,0.709676,0.804857,0.959994
5aec9b3e-0167-412a-a2be-1fca472564bd,fog,s4,2,0.900760,0.946972,0.963203
5af7f8a1-4e56-45ae-8c0a-1717fe7f66a4,fog,s4,0,0.909908,0.951908,0.971984
5af9ca25-5b15-4c5b-8823-4aced80eb4ab,fog,s4,1,0.977688,0.988652,0.994523
5b03ae17-2416-447b-ab49-ddffc3dce81e,shot_noise,s4,3,0.899536,0.946276,0.962665
5b04433a-e6ff-439c-9f89-10e4411e18a5,clean,s4,5,0.975249,0.987388,0.993941
5b05b63a-d1a2-4a94-b6e6-d78f02e50627,clean,s5,2,0.882193,0.936632,0.949684
5b12792e-b06a-4475-b7b3-8426c2f5038e,fog,s5,5,0.924268,0.960610,0.961493
5b143b92-030b-4576-b0c9-af3afb26564d,gaussian_blur,s5,3,0.889837,0.940883,0.955653
5b19228e-0f22-468b-b1de-63edcc452914,fog,s4,0,0.752793,0.849450,0.922162
5b21528c-9ab4-482e-a0bf-7565e7cd8606,fog,s3,4,0.888248,0.938189,0.983337
5b230ef2-4a0e-4d97-835c-a4c2a34d6c96,shot_noise,s5,4,0.938732,0.968365,0.969447
5b351e76-000a-4bcf-8d67-566fddfe22b7,fog,s5,5,0.788039,0.881282,0.882928
5b367c5a-a55e-4b00-a361-c4eaf46760a4,fog,s4,4,0.739637,0.836846,0.933009
5b3e3e07-0d39-474f-94d6-7323ad9c45bf,shot_noise,s5,3,0.929568,0.963384,0.966633
5b4463a7-0e89-473e-a354-7b01bb3bf0c9,clean,s5,0,0.894224,0.943871,0.949275
5b5541c9-78f6-4d44-9efa-2a0444683c65,fog,s4,4,0.941886,0.969610,0.985329
5b59ea2b-8c8a-494b-9106-eb79e0bbe922,fog,s5,1,0.402487,0.571981,0.578591
5b69b798-5d71-477c-a2a9-94bc1cf2167d,shot_noise,s5,2,0.576986,0.726103,0.752405
5b6f876b-7549-4bd9-afc0-659bdc35fef6,gaussian_blur,s4,0,0.561909,0.703643,0.773075
5b75d34c-6f4c-4ada-89bc-72a39d5f628b,shot_noise,s5,0,0.933229,0.965385,0.967668
5b8c8b68-de43-4aba-8859-4dca9fd3bd78,shot_noise,s4,5,0.937406,0.967110,0.985381
5ba4175c-91b4-4e8e-8beb-d291f5f53f3c,clean,s3,1,0.521480,0.638345,0.815850
5bb107e8-bfff-4a0c-b23e-73f6bcdcd451,fog,s5,5,0.221091,0.347582,0.384404
5bcca9ea-461f-46bf-8dc8-8b2cafcba2a0,clean,s5,5,0.749567,0.856857,0.856881
5bce94d0-123c-4da7-89d6-b09e09484907,gaussian_blur,s5,2,0.825545,0.903153,0.917699
5bd3ef58-5d04-4af1-ac37-b90b3f58e348,shot_noise,s4,2,0.650449,0.762906,0.894928
5bea3eb0-c56f-4720-8d47-72ec5b937722,shot_noise,s4,3,0.391672,0.562681,0.563333
5bea8e35-3cf7-4236-afd7-961913943718,gaussian_blur,s5,0,0.973012,0.986294,0.988336
5bee7d6b-a71c-4ea0-b65f-4292137d6159,gaussian_blur,s4,3,0.919184,0.957016,0.978235
5bef7f8f-53d3-42e4-aee9-22073d822752,fog,s3,2,0.849294,0.913553,0.975808
5bf4cd9e-ee01-4bbc-8de1-917bf00829b7,fog,s3,1,0.581521,0.683475,0.899424
5bfdbaa2-43e9-4a1f-8241-9fc55eff85dc,shot_noise,s4,5,0.898197,0.945509,0.962137
5bfe6762-2d07-424f-90d6-0ddb0c0378d2,clean,s4,0,0.833462,0.908145,0.920294
5c01e472-693d-4e7c-828e-004c00321c0a,fog,s4,2,0.861920,0.924822,0.939386
5c146cab-61e1-45e1-b911-9322c5815106,clean,s4,4,0.972429,0.985952,0.990990
5c1640b6-6f71-4c1d-8320-a0f688034cac,gaussian_blur,s5,0,0.842405,0.914246,0.916991
5c1789c9-f9e3-4c52-bbe1-614059d7f1ca,gaussian_blur,s4,3,0.926863,0.961398,0.978767
5c1961d8-3d4f-479d-8ff0-90f9dd82be4d,fog,s4,2,0.546632,0.693266,0.751211
5c24e10a-5449-49e7-8940-22f9cad0a337,gaussian_blur,s2,4,0.955998,0.977032,0.998072
5c2a2e90-2e86-4ad6-b0a8-a5d6b7c16bb2,gaussian_blur,s4,4,0.713924,0.821104,0.900075
5c53f966-58f3-4eea-a421-d6e7ad2c5be3,fog,s3,1,0.764627,0.854460,0.950141
5c60593c-346c-4c60-a0c0-447fe9a17ad7,gaussian_blur,s4,1,0.539905,0.691506,0.732704
5c775c38-6c5a-4040-9093-e7119fb0e54a,gaussian_blur,s4,5,0.835920,0.907572,0.943691
5c7a4bc2-8087-4cea-9f73-dad09f8596e9,fog,s4,2,0.970235,0.984813,0.990173
5c7eb8c3-f68a-4794-b500-21b607d22c80,gaussian_blur,s5,2,0.343478,0.501282,0.531467
5c83b6a4-29bd-4165-8c82-611fc7eb095f,clean,s3,5,0.633459,0.740939,0.909417
5c8d5ee7-2bf4-48e0-81c8-10f3d59988ad,gaussian_blur,s4,0,0.964442,0.981702,0.992715
5c937bc6-a8b1-4687-9fed-6cd401a4fb4f,fog,s5,3,0.331722,0.398837,0.663443
5c954329-b0d0-4b1c-8c89-6760c82fbe2e,fog,s5,0,0.708960,0.827824,0.840581
5ca136da-1a2c-4da6-a327-ca7aec52780f,shot_noise,s5,5,0.947358,0.972878,0.976288
5ca422ff-d215-448e-b751-2f6b6e3d8e22,clean,s4,2,0.834037,0.907583,0.930354
5ca6b50c-e0af-45ec-bb71-0edc6ec7903a,fog,s4,3,0.950170,0.974075,0.988849
5cacfb50-d8cd-4f64-afed-13e7717c0ced,shot_noise,s4,3,0.956012,0.977344,0.984907
5cb3a99a-be9c-409f-a24e-1c4c9b3ab164,gaussian_blur,s4,0,0.950322,0.974195,0.987444
5cc3b09a-5db8-466b-9742-ec52703ccf53,gaussian_blur,s5,2,0.973079,0.986355,0.986389
5cc4546f-b7cf-471e-bbc8-5456ab8deebb,fog,s4,4,0.175166,0.297978,0.298304
5ccc9a37-e2df-4b3a-9785-7069dae443c2,clean,s4,2,0.734274,0.842358,0.874832
5cce64ae-f8d4-4ee2-a0df-36b5144ec021,clean,s5,3,0.727568,0.841169,0.849445
5cd72fed-7313-4869-aa56-90ed7da3d9e2,clean,s5,5,0.944932,0.971662,0.972542
5cd78803-01e3-4c27-9979-1ea9839c2bab,shot_noise,s4,5,0.849495,0.915073,0.960427
5cdb7a95-d15b-48a1-928b-aa3ebe289626,fog,s4,3,0.982855,0.991318,0.995398
5cdd133a-31b3-405f-8b33-1dbadcbfe026,shot_noise,s5,2,0.918676,0.956746,0.977685
5ce4d42e-9d91-482a-9361-829a038df2a1,shot_noise,s1,1,0.484893,0.492331,0.969787
5ce79cde-1e48-4855-a4a7-e33942f94326,gaussian_blur,s5,4,0.920014,0.958339,0.958384
5cf31a5f-ac61-42da-a39a-58c3f365ca69,fog,s4,2,0.640207,0.763695,0.852359
5cf517d7-3016-4d6b-80f0-33d08121098b,fog,s4,1,0.208771,0.345331,0.345573
5d046d9a-b06e-4e9a-8f3d-6d25131e486e,fog,s5,0,0.894224,0.943871,0.949275
5d1315dd-5624-4945-8053-6eb807861f77,clean,s3,2,0.948571,0.973028,0.995045
5d1510f4-5173-45d8-96a5-9578bc880353,fog,s4,2,0.865349,0.925631,0.957178
5d1805a0-8fbb-4e48-851c-1f56863d69b1,gaussian_blur,s5,2,0.411819,0.583148,0.583963
5d1f1d40-c46a-41be-977f-1a12e10ead6e,clean,s4,1,0.531199,0.633424,0.858629
5d23398e-2323-446d-a273-41cc2ae2c201,shot_noise,s5,3,0.849409,0.918509,0.919355
5d250c77-a03e-43fe-beaf-87fb1b6e07de,gaussian_blur,s4,5,0.489079,0.649787,0.677163
5d3eefb1-92a6-435b-aa22-e1ecfbb88acb,gaussian_blur,s5,2,0.734249,0.846714,0.847081
5d4ffe4f-9d6f-44d3-8f94-075967d3880b,gaussian_blur,s5,5,0.601464,0.748593,0.761285
5d5cbca0-b632-46bf-861b-60944ddc67f1,fog,s5,5,0.875509,0.933405,0.936895
5d637ba8-c461-489f-8b1a-9e51281391a2,clean,s4,0,0.840024,0.911692,0.928517
5d6cfe48-4921-497d-b6ec-b96ac3c1db05,fog,s5,0,0.443938,0.483049,0.869952
5d705a5c-7898-4f11-9029-b470b6060c5d,clean,s3,4,0.656342,0.763576,0.914944
5d759746-438b-473f-9bee-1c89838b31c1,gaussian_blur,s5,1,0.674874,0.796186,0.853447
5d7b5cb4-e0f5-4c32-885c-3ac7def5dc53,shot_noise,s2,0,0.932359,0.963801,0.997984
5d873fa3-268f-4915-a526-5f2f90246b10,clean,s4,0,0.608023,0.737747,0.826740
5d8871b3-62a4-446a-9b81-ff8e1d185478,gaussian_blur,s4,3,0.577425,0.713993,0.795459
5d9d3f87-9bec-46ad-8d1b-723f1d19b5bc,clean,s4,3,0.952280,0.975292,0.986253
5da12702-945d-4ea9-99ed-348a418bb598,fog,s4,5,0.414374,0.579646,0.600939
5dad8c04-97a7-4056-9c7c-7f8e08f617cc,gaussian_blur,s5,1,0.341266,0.498421,0.529707
5daf5b49-ef9f-44e3-8966-f72d1c36a5fa,shot_noise,s5,0,0.977147,0.988439,0.988671
5db40e06-c556-4bf5-85f0-05fbad01ff30,fog,s4,2,0.622471,0.743261,0.860992
5db564e4-30c3-4ee2-ad41-8fc6c5a429f6,shot_noise,s5,0,0.144880,0.250764,0.256198
5dd9ebfb-c6bf-4d6c-85a6-5e0e335de708,clean,s1,0,0.743035,0.829031,0.990294
5de514f6-c8c1-42c3-aff5-aa49e425ac3e,fog,s4,1,0.915543,0.954955,0.977104
5df64a31-49af-4d8c-823d-18b77ffcb948,fog,s4,0,0.834037,0.907583,0.930354
5e12bde7-30e7-4c44-bf6a-7d424f568138,shot_noise,s5,4,0.307661,0.460083,0.489940
5e15cde6-7252-48cf-a7aa-aef0cd96b9d1,fog,s5,0,0.982225,0.991024,0.991984
5e1a30b8-7ebb-4073-8024-66d16bbd1a07,clean,s4,5,0.737664,0.845090,0.874464
5e285701-8937-4a47-aec4-d401fc6907ec,fog,s3,2,0.339617,0.461237,0.592043
5e4c50c6-aae6-4073-8714-9b3f1f459b1a,fog,s5,1,0.726781,0.840522,0.849637
5e4f876b-1e07-4ed3-971e-bec51c4d7713,clean,s4,1,0.854692,0.919785,0.944944
5e540142-4418-43a0-b71c-75f8ba5fd3aa,gaussian_blur,s3,4,0.981760,0.990731,0.997782
5e54d7ce-a89b-4cf7-b04d-623ebecdf218,shot_noise,s4,2,0.575215,0.694608,0.847310
5e55e090-5049-44b7-b00f-34bb3dea0147,clean,s4,3,0.915142,0.954852,0.974287
5e56bbf5-5f16-4f58-b447-76b01e9820fb,clean,s3,5,0.898411,0.944084,0.989481
5e593650-190c-4e60-b42c-ef10e0d7ef03,clean,s5,2,0.903973,0.949420,0.952432
5e5b3bad-0db3-4cbc-943a-1d2ed4c7c397,gaussian_blur,s5,2,0.832563,0.906829,0.927988
5e602ff4-0d4e-4411-8f4f-dca1a596f985,shot_noise,s4,5,0.911947,0.953192,0.970054
5e6960d0-7ea0-48fb-b90a-f9f0a935f0d8,clean,s4,3,0.798776,0.883254,0.929920
5e6e5bf2-f468-42e8-969b-c0b5d75dda81,gaussian_blur,s3,0,0.521480,0.638345,0.815850
5e70bc83-7ffc-4dc3-8143-c8a475b1e7a7,fog,s4,4,0.437611,0.597312,0.637338
5e84f1ce-7d57-45b4-8439-de0b1f3985c0,gaussian_blur,s5,0,0.419817,0.587765,0.600107
5ea43fa8-d31c-45c7-9c4e-f4b7613d8081,shot_noise,s4,4,0.912426,0.953480,0.969856
5ea8cd59-fb27-4308-9180-e74e5b67975c,fog,s5,5,0.436182,0.603428,0.617483
5eab9659-91e4-4030-9654-613cefae1326,shot_noise,s5,0,0.563108,0.720018,0.722213
5ec070fb-bf83-4a38-b3a1-ca0e63df9b07,fog,s5,0,0.960007,0.979595,0.979629
5ec2ecde-e052-4a4a-bc5c-5a8fffda102d,gaussian_blur,s5,3,0.267498,0.371979,0.501877
5edbb3e9-222f-40a6-a14f-da5831ebc0bf,gaussian_blur,s4,5,0.434308,0.526326,0.772958
5eea049f-e47d-4207-b66f-426082bae7b9,gaussian_blur,s5,1,0.812550,0.896410,0.898246
5eee97a7-2416-4686-afad-6ca33eec0cdc,fog,s3,0,0.661465,0.769189,0.913456
5ef2d4d3-9fba-4a5d-aff0-fe1472f5fbde,shot_noise,s5,1,0.773093,0.872028,0.872030
5efd4045-3fed-4462-8cb6-a28a479c8645,gaussian_blur,s5,4,0.272169,0.419005,0.443160
5efe1649-72b6-416a-8c6d-427d0b58159a,clean,s5,3,0.894224,0.943871,0.949275
5f04ce78-2c04-421c-be23-c512e129693a,fog,s3,0,0.898411,0.944084,0.989481
5f173605-c2cf-4990-b0b0-69ab603ea843,gaussian_blur,s4,3,0.881070,0.934881,0.965868
5f1d6f85-9254-4cb2-bff8-7dcb32792fa3,gaussian_blur,s5,3,0.261198,0.411703,0.418461
5f221c67-28e2-4b50-b9c6-43fe734d9326,shot_noise,s5,0,0.727568,0.841169,0.849445
5f40c03a-a57e-49bb-9adf-140c2b4a66fe,shot_noise,s4,1,0.834117,0.908104,0.925365
5f44dc6d-11a0-485a-b0fe-3e78e04ca1b9,shot_noise,s5,5,0.893065,0.943396,0.945562
5f53e153-858f-45f3-ab80-d0ea7900c08f,shot_noise,s5,5,0.859690,0.924491,0.925360
5f5ea028-6dd2-455d-ad4b-923abd5ea029,fog,s5,5,0.738002,0.841224,0.899824
5f6ee03d-cabd-4c80-9099-68e05cf71772,fog,s5,0,0.846742,0.916804,0.919501
5f70bd08-9cb0-4b2f-8a28-2a9dd0321327,fog,s5,0,0.977147,0.988439,0.988671
5f734a01-fc1d-4c79-9b8f-1cbd5cb0659b,fog,s4,1,0.970028,0.984705,0.990107
5f82c7c4-3830-418c-9512-91251db61f21,clean,s5,1,0.916771,0.956505,0.958264
5fb0f6dd-09d1-4402-b0a2-ec37c64c5f44,clean,s5,2,0.936122,0.966836,0.972175
5fc68c67-2188-4079-8126-23047dbff99f,fog,s3,5,0.791089,0.872136,0.971147
5fd24e8a-b5a0-4ba9-b460-7b3e6983de84,gaussian_blur,s3,0,0.898411,0.944084,0.989481
5fdd7c39-f564-4253-9213-7e0b46e94791,shot_noise,s5,4,0.503911,0.670022,0.670475
5fdf3639-304d-46b5-8784-1f641bca604a,shot_noise,s2,0,0.923010,0.958392,0.997740
5fe34968-b707-4503-9b8d-62f0ab8a87ef,gaussian_blur,s4,3,0.909206,0.951472,0.972469
5fe84a74-a916-43fb-8720-9c5991ec0ade,shot_noise,s5,5,0.903112,0.949001,0.950827
5fef9ee0-eb5c-4387-8316-0b4d519d7717,fog,s3,2,0.572302,0.699238,0.823541
5ff79cb3-7048-4acd-8300-c4c36066ca56,gaussian_blur,s5,5,0.333108,0.399838,0.666216
6004bc3b-e2d3-4d55-be14-776e881dbe42,fog,s5,2,0.684575,0.812753,0.812779
60052d54-8676-4ddc-b5bc-c5008bea90b9,gaussian_blur,s4,3,0.935281,0.966145,0.978764
602d188d-2185-4c51-9a54-3a479b07214d,fog,s5,1,0.908604,0.952023,0.954000
602eba5d-d5fb-4a72-8a39-4a2596e7b4a5,clean,s5,3,0.894803,0.944322,0.947339
602fb812-485a-4528-9da1-0e4c96f19db3,fog,s5,2,0.911767,0.953712,0.956768
60316483-8d63-4757-8e37-e81ce0a33c6e,gaussian_blur,s5,2,0.881049,0.936602,0.939309
60399c8d-a56d-42fe-8a54-7ef05fbc1907,fog,s4,0,0.960663,0.979705,0.991361
6048f13e-8c33-4cdb-85f7-f09ad3ec6a55,fog,s5,1,0.943735,0.970963,0.974175
604a4e89-7631-4336-8bc0-29278b566be1,gaussian_blur,s5,4,0.739792,0.849459,0.856933
604ddc64-5ac4-4db4-a300-b00d5ff476f3,shot_noise,s4,4,0.884002,0.936882,0.962961
6055a1ee-7511-48da-a7f5-2f59a45cea61,fog,s5,2,0.779019,0.875783,0.875800
60635f30-3bbb-46f6-bfe7-3498ce2304a5,shot_noise,s4,0,0.663027,0.774351,0.899403
60714376-117d-4d20-8bf2-fccce42ebc9c,fog,s5,1,0.417001,0.581640,0.605131
607a0674-5ace-4aaa-9731-cdaa6c55bbbb,shot_noise,s5,4,0.980700,0.990256,0.990256
607a215c-1f58-4ee6-b3e5-b68ef1309a61,shot_noise,s5,1,0.641415,0.776853,0.802539
607d573c-f53b-474d-ba97-dce245c340e8,fog,s4,1,0.847962,0.916768,0.929237
607ff5a4-588c-4231-a10f-201f6f39ac9e,shot_noise,s4,3,0.976618,0.988098,0.994234
60856fae-3e6a-4883-a8a8-9c3083370876,shot_noise,s4,3,0.898704,0.946191,0.955179
608863dc-549c-4ce1-b710-23a70e3a5832,shot_noise,s5,2,0.917549,0.956811,0.961413
60888745-1b86-4710-a6c1-df974864424d,gaussian_blur,s5,0,0.328446,0.400561,0.651163
609ca052-14e5-49a3-8bec-5472230d1466,fog,s5,4,0.698155,0.811050,0.881531
60a20d33-65b1-4c83-b476-cc2b41c12f53,fog,s1,3,0.808803,0.882555,0.994269
60a405e5-52d8-47ae-b829-09c5c86fb54c,fog,s2,1,0.472818,0.537812,0.867611
60b057f2-52cc-40e0-907c-7007f14d3bdf,fog,s5,0,0.931936,0.964748,0.965363
60b35f8c-5aca-4675-968a-95936a217678,clean,s5,2,0.236396,0.365524,0.408987
60b40dd9-6792-403d-8ad4-fb24cddf7738,gaussian_blur,s4,3,0.657067,0.769375,0.895696
60b59873-36c0-4bb8-9ab8-dd43c381e107,shot_noise,s5,1,0.931386,0.964474,0.964474
60b816b8-a5a5-48b9-8c16-0a2f2e8d0636,fog,s3,5,0.499069,0.626724,0.770624
60be99ca-96ac-4714-9144-d2dc57f8feaa,fog,s4,4,0.932378,0.964518,0.978766
60cefaaf-a7c2-42bf-9eb4-fb2c75ee430f,gaussian_blur,s5,1,0.655446,0.790326,0.799211
60f9717a-52b0-442a-9092-005c6826d00f,clean,s5,4,0.970083,0.984785,0.986757
610251c6-b4e8-449d-8840-d1c20d6561fe,shot_noise,s5,1,0.721648,0.829980,0.887387
610540e6-c0b0-458f-99ae-7f65be54cd1a,clean,s4,5,0.975770,0.987712,0.989691
610a7e2a-8809-403c-9733-330af5708465,gaussian_blur,s5,2,0.921899,0.959351,0.959647
610f157d-afc2-4595-b78e-a9c1649c573c,fog,s3,2,0.519998,0.621600,0.849664
6119e9d7-b40f-40a0-b005-27be6ec16ab9,clean,s4,1,0.864321,0.924460,0.963808
611d3471-60ef-4b8f-aff7-2b9cfee694f8,clean,s5,1,0.828011,0.905914,0.905916
6121bede-fd04-4ad7-ba50-15479ef0f676,clean,s4,4,0.730916,0.835719,0.898256
6127f2fb-b7c5-4752-9ab0-9cb44f564b72,fog,s4,2,0.624108,0.748149,0.849581
612948ca-7563-4d69-9510-8610b07408d8,shot_noise,s3,2,0.514975,0.633240,0.806922
612a8fe5-bb3f-466c-9119-967b47d873ff,gaussian_blur,s5,5,0.440264,0.479835,0.864229
612dd1b6-92bc-4605-8ecf-5f68547d613c,gaussian_blur,s3,3,0.647622,0.749126,0.933627
61326600-9116-4080-8605-498118e8212d,shot_noise,s4,1,0.856485,0.921350,0.939795
6135e9b4-0b24-476e-91b2-c6860e4f7a10,fog,s5,3,0.927647,0.962465,0.962468
6138eb47-fe1b-4b25-96ff-84ce50ad5e47,shot_noise,s5,2,0.234735,0.363650,0.406258
613ed450-6823-4273-88a9-e996a7aa69c1,fog,s4,3,0.950083,0.974226,0.981259
614138e8-315a-42a3-b640-756e84ff3ff9,fog,s5,1,0.383866,0.553669,0.557248
6146464c-eb33-4c86-8b1e-8089dcb220e7,fog,s5,1,0.704194,0.825178,0.833559
615282e7-bc52-4419-8dfc-270e77cac1b1,gaussian_blur,s4,4,0.735091,0.842918,0.875360
6158599e-8ac4-4893-9760-f20e5ff75c7b,fog,s5,5,0.607182,0.753837,0.762689
615a0ef7-a32c-40a6-8a27-516b6496efac,shot_noise,s5,0,0.877661,0.934792,0.935659
615d2a2e-897e-4ee3-ab53-547ec5e882e1,gaussian_blur,s3,4,0.953017,0.975461,0.995625
616448ce-6676-4149-963c-e89ea0cde2c1,gaussian_blur,s4,3,0.781335,0.874999,0.895225
61669af0-5e60-4925-8b7d-2f3d35adee68,shot_noise,s3,3,0.675458,0.776999,0.937676
617190f3-98a5-46f9-aea7-d3ce1a4d5638,shot_noise,s3,2,0.703189,0.798931,0.959024
617b7dc5-1d2f-4feb-bc6e-acfd4e6b37bf,clean,s5,2,0.750076,0.855640,0.867948
618bf6b2-fdc1-4ced-ac53-89855b93efe1,gaussian_blur,s5,3,0.543405,0.703830,0.705291
618d89f6-2311-4940-aef9-b6140c1c5faa,clean,s5,3,0.941749,0.969993,0.970275
61959b67-7001-4530-9d07-de6ba596c14d,gaussian_blur,s4,2,0.656944,0.770344,0.891429
6196881d-2588-48be-8878-fb3e819fb80f,shot_noise,s4,5,0.374699,0.529342,0.578693
61aa4ec2-8c1f-48ad-84c7-5374283f6d6c,fog,s4,1,0.783789,0.871185,0.937838
61b59a10-ab0b-463d-a924-ee2a0f1589b6,shot_noise,s5,4,0.389382,0.530624,0.624187
61b71367-c4e4-4b2d-b5e9-de26f06055cb,gaussian_blur,s5,4,0.955385,0.977183,0.977228
61baa61a-8241-4325-be2a-435fb675889a,shot_noise,s2,4,0.627017,0.709765,0.980904
61d89c45-138c-4329-a2a3-7edbe7ba930d,gaussian_blur,s4,1,0.624602,0.760011,0.806091
61ee81de-92d3-4ca5-bde9-a8b364f78c11,fog,s4,3,0.819956,0.897594,0.935035
61f0c0e0-5b61-4d06-a7ea-d75f0e5a19a3,fog,s5,1,0.778570,0.875499,0.875515
61f38766-1f68-4feb-be6a-af954b51f7a9,shot_noise,s4,5,0.639836,0.753635,0.888869
61fa7555-8897-4c41-b2dd-0864e2616454,clean,s4,1,0.972429,0.985952,0.990990
6202a0ce-448c-4ad3-8cee-98c66c0ab45e,gaussian_blur,s3,0,0.980980,0.990328,0.997686
6207ec0e-4b97-4614-bcb7-a3426b182c42,shot_noise,s4,0,0.968797,0.984060,0.989877
6208ff5c-f2d7-4287-bb31-83e7cad79c83,shot_noise,s5,1,0.337508,0.473038,0.564731
620faa98-adcb-4886-ae9d-d0476f7c19fa,clean,s5,1,0.665611,0.797507,0.807796
62120859-ec61-4a97-94b7-f7ef53a28c96,fog,s5,3,0.942026,0.970050,0.973425
62137b03-d6f6-4644-9c5f-043acac3beb2,clean,s4,0,0.924091,0.960204,0.969200
62217344-d1a3-4e86-85ba-e0b950bded74,clean,s3,0,0.910570,0.951696,0.984163
622f56e7-3b88-4481-b775-509be8629c3e,fog,s4,1,0.921441,0.958747,0.968027
6239bce9-f7be-43e2-bcd6-a81f79f2b92f,gaussian_blur,s3,2,0.753964,0.840722,0.979039
623e89a5-d11a-4a14-aba8-05301462495f,gaussian_blur,s3,5,0.757747,0.843949,0.979003
62495d1a-3253-4760-a0fe-9670de29fd2d,clean,s5,2,0.929314,0.963349,0.963715
624a34d5-9112-4abc-8e1e-bb7557f899b1,gaussian_blur,s4,5,0.841734,0.912720,0.929493
6253c288-2838-455a-a760-6c8613543fc6,clean,s4,0,0.442712,0.469615,0.885424
6264375d-09e1-4527-8e4e-81322e939c83,shot_noise,s4,5,0.955806,0.977285,0.982631
62648f24-0330-4f4c-b958-153273edcc27,clean,s5,4,0.982153,0.990985,0.992274
626e5c74-d647-445a-a5d1-c9532e8f5c65,fog,s3,0,0.802315,0.882706,0.955197
62761597-7bb8-4d24-9cc6-b1c7c7de0b73,fog,s3,4,0.914560,0.953766,0.990139
62819fdf-26f6-46c9-bd67-3b6a9de0ef69,clean,s4,0,0.935644,0.966480,0.974871
62945230-8308-424c-bd63-edaefe49c066,fog,s4,0,0.952414,0.975450,0.982850
629ae2ca-69ed-4030-927a-cd37edc92d0b,gaussian_blur,s3,3,0.347755,0.422827,0.677569
62ab59dd-8e4e-4e95-a348-7bd6580c5505,gaussian_blur,s4,2,0.453782,0.589629,0.708711
62acb925-bb0e-463b-98b3-56bdad103bd8,clean,s5,1,0.805851,0.892485,0.892530
62ba3d39-3210-4b2b-a4cb-065f9e9d7913,clean,s4,1,0.950127,0.974090,0.987381
62c1233f-58c9-450c-9cef-e71831fc1be7,gaussian_blur,s5,5,0.855252,0.921714,0.925371
62d1e91a-5483-4bd1-b539-a79249fbc4b2,gaussian_blur,s5,5,0.973079,0.986355,0.986389
62d571a6-36e7-4a9d-84f4-a7caac66a69f,fog,s5,5,0.809058,0.893417,0.904171
62e0dc87-121a-450c-bf9e-ab9a38d7bae1,fog,s4,5,0.737625,0.840723,0.900991
62f290c9-2d2f-42c3-a7cc-e751f80ce4cf,gaussian_blur,s5,4,0.874167,0.932322,0.940789
62f991d5-dc61-485e-9421-807100cb8dd6,fog,s4,0,0.608023,0.737747,0.826740
630421e7-459a-4b34-a97e-16756c590c41,fog,s5,4,0.493872,0.632654,0.738896
6315709b-b3ae-487a-b22f-27ec24332f60,gaussian_blur,s5,1,0.859143,0.921984,0.953090
6317e593-5ff5-43b6-9a01-c645b703fa5e,clean,s4,2,0.964442,0.981702,0.992715
632fb9fd-e0d4-42d6-8453-471006d09488,gaussian_blur,s2,4,0.499971,0.518319,0.974566
633b66c5-fc78-48ed-b876-d31f1ace6767,gaussian_blur,s3,2,0.907661,0.949894,0.985562
634058f0-64df-4d20-9246-710a75f9072c,shot_noise,s5,0,0.689320,0.813237,0.831375
63446670-863b-4606-b7d5-92087e11010c,clean,s5,4,0.905948,0.950650,0.950716
6346ae38-adbd-4ae5-a038-9c8c9d2c1020,clean,s3,1,0.557199,0.653347,0.895349
63533f39-01eb-446f-bd87-36030d52cb51,gaussian_blur,s4,2,0.749367,0.853976,0.875586
636401f6-1edf-42cd-ab50-6155274f3f27,fog,s5,2,0.814603,0.896389,0.911748
6368c806-0cd3-4670-9d5e-aabbe4098dd8,shot_noise,s4,3,0.978765,0.989206,0.995024
6371f637-67f3-4251-8c17-c91ed55e51a5,clean,s2,5,0.932359,0.963801,0.997984
6372ad3f-cd21-4081-9f5b-1c240833268d,gaussian_blur,s5,2,0.926689,0.961900,0.963257
637be2d0-990d-4201-af01-0a96685cb05d,clean,s3,3,0.767752,0.854519,0.965547
6392a7c2-4dd6-4481-8af1-f11d79175fec,clean,s5,1,0.946627,0.972503,0.975458
63a482e4-75ee-4c8a-a4c8-c0db0a066e2c,fog,s4,4,0.854662,0.919109,0.952879
63ad313c-7597-43d4-979f-841198787966,clean,s5,4,0.805851,0.892485,0.892530
63aeda72-65e3-41d7-9b6e-bc46cda36f9b,shot_noise,s4,0,0.834037,0.907583,0.930354
63b35b5c-a87e-4786-8a6b-c2a71bd12025,gaussian_blur,s3,2,0.305897,0.389996,0.597157
63b46176-87be-4fe0-ab23-52e2409e6301,fog,s5,5,0.494010,0.657241,0.673221
63c47c14-9813-4ff7-bc15-41e856da8f64,shot_noise,s2,1,0.667584,0.754958,0.987168
63c5c8c6-b776-427b-95b7-f496d9f0e992,shot_noise,s5,0,0.929294,0.963314,0.964368
63d23233-6a84-4635-840e-723bfe06f4aa,fog,s5,1,0.711028,0.830883,0.832462
63d92aca-fc4b-4dac-a47b-767f03720124,shot_noise,s5,5,0.674410,0.795796,0.853315
63dc5d79-36e2-4582-a5b6-58530daca20b,fog,s4,2,0.795055,0.879065,0.941754
63e29ce6-d01e-4212-a717-6941af70b55d,shot_noise,s5,1,0.868520,0.929524,0.931195
63fa99b4-6dd7-4972-b8ff-7f1447075a68,clean,s4,0,0.234458,0.329511,0.454942
64295aca-fcef-452d-9dd8-908179330907,clean,s5,3,0.743577,0.845309,0.902213
642ac5a6-0868-4d0b-b644-6b5cd90ca6ed,fog,s4,2,0.943801,0.970638,0.986437
642b708e-d2e3-4943-b66f-277fc8e40c70,gaussian_blur,s5,0,0.905159,0.950133,0.951952
643576e6-b427-44be-aa7a-bd3e9d1f22a6,gaussian_blur,s4,5,0.910978,0.952451,0.973706
6448cd03-bbb6-4b4d-af6a-647b9795e838,shot_noise,s2,4,0.936366,0.966087,0.998112
64582280-99ce-49d2-917e-9c139050fcb9,gaussian_blur,s5,0,0.900328,0.947431,0.949820
645c3d71-d052-4f96-95b0-9b7536d882e5,gaussian_blur,s5,3,0.660582,0.793755,0.804561
6462c5bd-ecd3-45cc-b0bc-25ece9a83541,shot_noise,s2,1,0.601977,0.678068,0.979771
6470e8de-fa33-4b57-89ff-114de02c1503,fog,s4,3,0.934940,0.965887,0.980722
6477054d-cae0-40ea-9161-04897c0fb94d,gaussian_blur,s4,5,0.887227,0.939498,0.952573
647a89c2-1fb6-4de6-8eec-237cce62f5e4,shot_noise,s5,4,0.848163,0.917807,0.918292
6488b87a-720f-4015-bd4c-b4fe112ce3a5,clean,s4,4,0.472691,0.633408,0.665219
64899f14-598d-4460-902d-c42c2263ad34,gaussian_blur,s4,5,0.660153,0.772213,0.896608
648d97a4-7ecf-4835-9afb-834e4c633742,gaussian_blur,s5,5,0.444903,0.613595,0.621595
6493c4a0-a04b-4ccc-8785-cdfb7be6c966,shot_noise,s5,1,0.936431,0.967161,0.967491
64af590b-5d35-4cc1-97b4-fb29756b581b,shot_noise,s5,4,0.939483,0.968746,0.970453
64ba3032-2f50-45db-8929-a37c093b1c32,gaussian_blur,s4,0,0.251396,0.399764,0.405151
64bf8489-5fca-4dcf-9efc-f1fd1336c0ab,fog,s3,0,0.562575,0.652322,0.914895
64d717d0-c49d-490b-8970-ad380a2fb6f1,clean,s3,4,0.634854,0.742205,0.910261
64de5189-1fa0-445c-994b-faec4cfe11ca,shot_noise,s4,0,0.849449,0.914923,0.961786
64e01afc-f3e8-4e61-8601-8e79858e6dc3,clean,s3,3,0.874055,0.929664,0.977317
64e9aae0-ea9d-4a00-9172-59f05ce9ed9f,gaussian_blur,s5,2,0.736946,0.847782,0.853621
64f5fa92-5fcd-4669-a295-1d60f988f34d,clean,s5,0,0.933229,0.965385,0.967668
65027922-b521-484c-9859-c4d0b78a0e58,gaussian_blur,s3,5,0.981629,0.990664,0.997766
650cc133-b770-429b-bd59-98a727d5dc37,fog,s5,3,0.826926,0.904760,0.910573
65198534-3730-4ae9-8459-0464d94785bb,shot_noise,s5,0,0.749567,0.856857,0.856881
652d8033-0eba-4609-ba21-43056d31f6fc,fog,s3,1,0.943178,0.970048,0.994485
652d929a-32c0-4aa5-914f-877147fbfae8,shot_noise,s5,4,0.847313,0.917280,0.918144
6540dc2e-9636-42d1-9f2e-54a0100b9a6c,fog,s4,2,0.961555,0.980204,0.990320
6542df7a-3122-4602-b945-6787c77c07c2,shot_noise,s5,3,0.485752,0.645138,0.678517
6555c99e-3686-424e-8a41-4f2460dc60b7,fog,s4,5,0.942233,0.969763,0.986602
655b647e-6dc8-44f6-902b-c7dc4f603771,clean,s5,1,0.556148,0.679907,0.823707
655e8b41-1c75-493a-b2ab-61561eb12fe2,clean,s5,1,0.768812,0.868986,0.871675
655f8265-514c-40b2-904a-023c1daae470,shot_noise,s4,3,0.660443,0.771253,0.901509
6569e212-9022-4168-aeb0-6568a0240cca,shot_noise,s4,4,0.877635,0.932675,0.966852
657fc44b-91c8-4cd2-8144-9dcb45775482,clean,s4,5,0.935644,0.966480,0.974871
657ffcc9-9c6e-4254-8413-e141957df848,gaussian_blur,s5,4,0.851087,0.919488,0.920368
65823114-b585-4a6a-9eaa-2251a0490414,clean,s4,4,0.376587,0.531212,0.581090
65839628-8088-4140-8b6a-79a1481340c7,clean,s4,4,0.763445,0.863382,0.883970
6589d8f7-f096-4b11-8f55-223891d3b5cc,fog,s3,5,0.837971,0.905947,0.974539
6591ef4e-1262-4b71-942e-d1f9f25823ae,clean,s5,3,0.884210,0.937623,0.953371
6597495f-62b1-4ab4-aa6c-57a19221db62,gaussian_blur,s5,2,0.513044,0.651332,0.755109
659a3496-0dac-4e6c-9b51-f5382f9e4cdc,clean,s3,2,0.656342,0.763576,0.914944
65a1c8b5-80a9-4131-9496-dcb8a113daa9,gaussian_blur,s5,0,0.977147,0.988439,0.988671
65a2a1c1-1871-47d4-a7e8-2f076393e981,gaussian_blur,s4,0,0.959172,0.979060,0.983964
65b44faf-b4a9-4cf9-b467-fd4dd38030ca,gaussian_blur,s5,4,0.943820,0.971006,0.974258
65c0848d-3c39-4b3d-bf53-8cd83a945fb2,gaussian_blur,s5,3,0.928388,0.962832,0.963731
65e6cc79-fbb5-4b1c-90f6-52c24e482748,shot_noise,s5,0,0.881710,0.937123,0.937358
65f46d9e-c65d-4060-bfb5-c64470e63e87,shot_noise,s4,5,0.931006,0.963592,0.982908
65fdc8e6-9657-4c42-8705-f51e56b6e45f,gaussian_blur,s4,4,0.767754,0.860251,0.928515
660c2120-78a6-4858-a850-2cbaa6d1e453,clean,s4,1,0.745236,0.846101,0.905504
6610c2e9-5fda-4c32-9950-428fb72e3912,clean,s4,4,0.561909,0.703643,0.773075
6611e8cf-09c7-4f94-9be4-d81d2c90827b,shot_noise,s5,3,0.272067,0.352388,0.544133
6616b4f0-8bd3-4f48-b9ab-c004eee46089,fog,s4,1,0.915652,0.954861,0.980519
6617d711-5260-41fc-83f4-8ed7d440cce3,clean,s5,1,0.824813,0.903106,0.913195
663b7324-a76f-49de-b021-2a22b40d4e61,clean,s5,4,0.749567,0.856857,0.856881
6650da24-0260-4240-9cfc-5c8938d0f139,clean,s5,4,0.838689,0.912177,0.913307
6654ee26-7df4-446f-a6f1-60f1eea80555,clean,s5,5,0.470942,0.623789,0.684288
6656321e-6bab-4faa-8c14-93bacddcd9ba,fog,s5,1,0.924278,0.960615,0.961506
66578ef9-1ff9-45ba-878b-7f951f3e60bb,clean,s5,2,0.930731,0.963948,0.968987
66583dd1-c0f0-4dd5-acf2-88e541725ce6,clean,s4,2,0.472691,0.633408,0.665219
66663269-426e-4d7b-8de3-7f24ef44cd97,gaussian_blur,s3,1,0.827687,0.898247,0.979171
66742915-2346-4b7e-b950-ad082b425d67,gaussian_blur,s5,5,0.911747,0.953666,0.957509
668abf3c-55bf-48b0-a39e-95ecb4c27dc4,fog,s1,0,0.485877,0.492838,0.971755
66a29214-6d90-4e01-8930-8d19e7a052a3,gaussian_blur,s4,0,0.882148,0.935462,0.967177
66a54c5a-1b0e-4430-a5c1-6ee41abe83ec,fog,s4,5,0.536884,0.688582,0.731045
66ab581e-ddbd-495c-8e0c-6d50d43334b1,gaussian_blur,s4,0,0.798776,0.883254,0.929920
66addf5e-f1b6-44a2-8e19-0ffd578e0f99,gaussian_blur,s4,5,0.901670,0.947023,0.972276
66ade9b7-59fd-44ff-9fe9-2d7122aeef75,shot_noise,s4,0,0.709705,0.816839,0.903195
66af2632-0173-48bb-a6b0-b72c0f6f41e7,shot_noise,s3,3,0.850618,0.914809,0.971766
66b4f1a9-17be-4989-b08a-1dfb7639d216,fog,s4,1,0.833639,0.906852,0.935264
66c476f7-5daa-441e-b321-e54ff1a8590b,shot_noise,s5,0,0.946627,0.972503,0.975458
66d91cef-ebd5-4fc8-ae8a-a7cd47915a51,clean,s4,5,0.837913,0.908095,0.952217
66e740bd-c27d-47be-8a5f-eff85143b7c9,gaussian_blur,s5,4,0.255793,0.360469,0.480736
66e98259-a895-4da5-9356-a20502af0528,gaussian_blur,s5,0,0.912657,0.954165,0.958037
66f29ba9-1592-46ce-80e0-e253031acd5a,fog,s5,1,0.812291,0.895785,0.902563
66f49256-b6e7-4f2d-a96f-b853d78fa1b8,fog,s5,4,0.784834,0.878534,0.886976
66f917ab-14f2-4bf7-84bd-de0a69b7b394,shot_noise,s5,5,0.325422,0.394249,0.650844
66ff834d-3491-4c2f-aed4-6318a890c201,clean,s5,1,0.963690,0.981458,0.984272
6704a0a4-2592-4514-938e-9cc309f1e697,gaussian_blur,s5,5,0.914448,0.955312,0.955315
6704c2c3-927b-452f-821c-6a73ddceef1d,clean,s4,5,0.819559,0.895928,0.947957
6716d352-d0b1-4c35-99fb-e0c29d76f07b,clean,s5,4,0.375428,0.532889,0.573776
671b0dbe-94d3-4d7e-9654-a68b74f36b0a,clean,s4,0,0.967772,0.983555,0.987668
671bcd65-7e9f-4bae-83cf-becb9979d5d7,fog,s4,5,0.532054,0.645382,0.833250
6727bf11-a853-4c58-a98f-e71e9704c3ba,fog,s4,3,0.857372,0.920424,0.958222
672f6dd8-175d-4f68-a6be-b206c2399e40,gaussian_blur,s5,4,0.904740,0.949984,0.950058
6737b352-04c6-455b-bf3b-5f40176999ce,shot_noise,s4,3,0.749228,0.848763,0.908715
673a75aa-46d0-4853-b15f-bda6f4b1fe8d,shot_noise,s5,0,0.191846,0.289407,0.367701
674cb70f-436f-40db-b07f-5a4964ed0067,gaussian_blur,s4,0,0.975249,0.987388,0.993941
674cc74c-6333-408f-a6ac-06c816b4e20e,fog,s4,0,0.935547,0.966469,0.973611
674ee7bf-30ea-4238-bff2-aa93893c3d5e,shot_noise,s4,2,0.568365,0.711364,0.771291
67631d34-8a9e-4200-91f2-f2a050640bd0,fog,s5,3,0.386626,0.548586,0.577728
676f6623-03da-4728-8a56-89648968f8b7,fog,s4,3,0.895933,0.944150,0.962305
676f669a-986b-44be-a8e2-e6cdaceef11e,gaussian_blur,s5,2,0.766572,0.867510,0.870535
6775b815-0e01-459a-9274-a3fc02d5f442,clean,s5,1,0.622903,0.767344,0.768917
6783bf12-4797-41c2-a61e-a1502f2ed13a,shot_noise,s3,4,0.790459,0.874331,0.951696
6799e299-1139-4f58-8181-408973bd351d,clean,s3,3,0.848582,0.913084,0.975680
679cb041-4275-422b-8843-07b320e2a35a,clean,s5,2,0.144880,0.250764,0.256198
679f183b-4f7f-42df-9492-b64ef300edda,fog,s5,2,0.936960,0.967393,0.969317
67a0d0c8-551a-404a-b8dd-5d250eb310c8,clean,s3,5,0.848582,0.913084,0.975680
67af7915-6b2a-4487-abb6-4c3d03bb5100,shot_noise,s3,1,0.934287,0.965065,0.993585
67b56618-4f7d-4f41-9834-323f70e655ed,shot_noise,s5,5,0.906970,0.951098,0.953628
67b5ec77-6c5a-4a54-a5d1-69a6799bf920,shot_noise,s5,1,0.964574,0.981963,0.982228
67bc7c57-3d63-4ac3-b2ef-3eb1aec6804d,clean,s1,4,0.485877,0.492838,0.971755
67bdf7c0-0949-4615-920a-b1169f0e5b64,clean,s4,3,0.745236,0.846101,0.905504
67be3ff5-a6e2-4c8e-9a17-959708a8d7db,gaussian_blur,s4,5,0.644076,0.767017,0.854304
67d2ddc8-863e-45b5-980f-d4d336c48b53,gaussian_blur,s4,4,0.823029,0.899384,0.938117
67e05688-ddb3-4782-b046-ed096fb67083,clean,s5,0,0.689320,0.813237,0.831375
67e72281-28b6-47be-a10c-1a4920a37b27,gaussian_blur,s4,2,0.969654,0.984510,0.989976
67ecd2c1-3fcb-46cd-9276-1fe829818592,gaussian_blur,s5,0,0.433250,0.597974,0.620976
67eed722-4790-4aa1-9e3a-0dcca7b1766a,shot_noise,s5,1,0.555035,0.713442,0.715296
68194cc3-2ca9-48bf-a03d-aece10eaba8a,fog,s5,4,0.464517,0.633977,0.635415
68253b11-2de2-4f7d-a32c-246e576b4c61,clean,s5,2,0.782905,0.877365,0.885335
683990c0-4773-414f-a828-aaeaf92bd473,shot_noise,s4,4,0.838543,0.909223,0.944779
684e84ee-24e4-4d19-901f-d7003d11ae1c,fog,s4,4,0.957704,0.978104,0.991700
685ad9f2-18ce-401f-ac5d-b44fe6ce838c,clean,s3,3,0.709676,0.804857,0.959994
685ccf7f-396d-49d9-87b2-54103bebd798,gaussian_blur,s4,2,0.964338,0.981764,0.986295
68658516-65c4-4804-a299-58c908079de1,fog,s4,1,0.808235,0.889924,0.930512
686789b6-7fbd-4053-bf2a-3b9acae26685,gaussian_blur,s4,4,0.800556,0.885304,0.923480
6869c4a7-d523-4aad-b31c-325b4f4fe3cd,shot_noise,s4,1,0.967523,0.983426,0.987555
686b3ef3-53ae-425b-8be4-136d2790a6ec,gaussian_blur,s3,2,0.962276,0.980469,0.996491
68737fe0-91f2-43e8-9fd8-4d2fc0c584ea,fog,s4,3,0.506503,0.647222,0.743856
6895ec61-30d2-44b9-9503-65860853ed42,clean,s5,5,0.697999,0.822141,0.822155
68983cb8-c287-4567-aafa-6348f891f944,shot_noise,s5,4,0.794969,0.885467,0.888459
689f3e24-b98d-459b-b896-caa244fdf7bc,shot_noise,s5,4,0.923315,0.960127,0.960171
68a25dbf-18a2-4d9c-b0d6-783288c98fcb,fog,s5,1,0.928392,0.962747,0.966075
68aae2d7-9d32-45b1-95e3-c48a7d17ebf4,shot_noise,s4,0,0.963647,0.981338,0.989472
68b3561c-f3b7-466d-8b29-1a884da72cda,fog,s5,3,0.350009,0.484830,0.583941
68b78d60-31a6-40c9-b719-f871cb6ad5ce,shot_noise,s4,0,0.896427,0.944467,0.961929
68c44ed2-4f4c-44c6-a005-5d8d1e1e25fd,fog,s5,1,0.352569,0.521331,0.521333
68c7eb00-9656-4f98-a0c3-d43b0cfe3809,clean,s4,3,0.962527,0.980729,0.990066
68cd0d2e-1b30-4f7e-857d-3834de79088e,clean,s4,2,0.785702,0.875667,0.914780
68cf3f95-3052-47bc-80a3-509d37010925,gaussian_blur,s5,1,0.931014,0.964165,0.967324
68e7b52e-e7cd-4fef-910f-86205ef03b45,fog,s4,1,0.825070,0.902591,0.920171
68e9fb4a-bdde-46ea-b4f5-7571876dec7e,gaussian_blur,s4,3,0.226301,0.368835,0.369464
68eaae21-8da5-469d-a75a-7db5f0ecc7d3,fog,s5,5,0.781637,0.876109,0.888155
68f25b9b-96da-4683-89d8-e22f585c319d,gaussian_blur,s5,2,0.976787,0.988255,0.988491
68f660b5-067a-4ad1-b743-e2107bbda03a,clean,s5,3,0.944932,0.971662,0.972542
690c6794-1db0-409f-afab-420506cc342b,gaussian_blur,s4,2,0.621397,0.757001,0.805568
69116c88-9b56-4f1a-ac13-53c8e2c84ab6,fog,s4,5,0.840618,0.908990,0.961950
69129695-4158-4233-870d-7a27f87cf54a,gaussian_blur,s3,0,0.760733,0.850552,0.954826
69129a4f-6d97-4169-83aa-34a91ddd8fff,fog,s2,0,0.959488,0.978927,0.998222
691baa14-320b-4d3a-93ea-d65c1d4ad305,fog,s4,0,0.701545,0.803458,0.932155
691dd5da-7165-4639-9c53-84631bcef30c,shot_noise,s5,1,0.751332,0.855628,0.874521
6922e2d7-9e4f-4f02-bc4b-0b372e694a15,gaussian_blur,s5,5,0.741177,0.843535,0.901307
6923fdd9-192c-4453-80f3-d10f0619826b,shot_noise,s5,5,0.658563,0.792713,0.801008
69251b43-ccf9-4ece-bae9-767735f181fe,fog,s5,2,0.863807,0.926674,0.930390
6927c7e7-885f-430b-af29-a263262d6579,shot_noise,s4,5,0.885514,0.937401,0.969323
692e30ae-e56d-45f3-9011-1cd8a414e1e9,clean,s5,5,0.377960,0.519750,0.608608
69360fac-97ab-44cf-89b6-7a1229dd6349,shot_noise,s3,3,0.517294,0.635328,0.809473
69431e53-823b-48ad-be4e-ce1a16b9457e,clean,s3,2,0.521480,0.638345,0.815850
6947d266-7dd9-4875-afd6-3761d204aef5,fog,s4,0,0.622986,0.753356,0.825874
69558732-b855-4b4a-bbc5-97c4940e15c5,gaussian_blur,s4,3,0.854760,0.918841,0.956847
6959cf44-ee6a-451b-ae7f-c112e87d1fd5,fog,s4,1,0.885402,0.937457,0.967375
6959eeb0-2672-4158-8d86-c97cefb69200,gaussian_blur,s5,1,0.799361,0.888469,0.888720
697252ab-f102-4c7e-adc2-8736f6a437dd,shot_noise,s2,1,0.886817,0.936680,0.992661
6976b118-477b-4a23-9450-a09e8c120bbc,gaussian_blur,s5,4,0.942857,0.970563,0.971447
6980e93f-ab60-4d6e-9734-82669c7661a6,clean,s5,2,0.652865,0.788417,0.797365
699351ac-b21f-4c51-8e31-26863b203f54,shot_noise,s4,0,0.876866,0.932027,0.969219
69948f22-2962-498a-a7cd-681d03bb3d8c,shot_noise,s5,1,0.611108,0.756095,0.768961
6999378a-62e0-4ae1-9c71-c5b41eeb8562,shot_noise,s4,4,0.728402,0.838736,0.868448
69a47ce8-6dd7-4d11-846a-5bcb7808a7bb,clean,s3,1,0.481174,0.490406,0.962348
69ac05c1-709a-4fef-95b4-c94e6541accf,fog,s5,0,0.931205,0.964181,0.969840
69c14fff-3959-4b9a-b090-499ea1c44e0d,fog,s5,3,0.949263,0.973950,0.974774
69d3a482-c62b-47fb-b63f-e41bcdd13159,fog,s4,5,0.864257,0.924758,0.959466
6a0bf07b-e718-4e92-9d42-2834ce4eecef,shot_noise,s3,3,0.782360,0.865800,0.967995
6a12d1cd-cc3f-49d4-ae58-4eed2cb00f77,fog,s3,0,0.817625,0.890802,0.980811
6a14ebb1-3e20-4a2c-ae96-8d269ba07dc5,fog,s5,1,0.975352,0.987519,0.987766
6a17d4b0-cf4b-40ec-b44e-6bfb03fb6766,fog,s4,0,0.442712,0.469615,0.885424
6a24accd-bf0b-4e94-b20e-1f97f0128e94,fog,s4,4,0.833134,0.906528,0.935120
6a275786-66a2-4097-b955-c4e968e53560,gaussian_blur,s4,5,0.946442,0.972052,0.987946
6a308b7c-4f6d-4027-861d-526db6fd965b,shot_noise,s3,0,0.963844,0.981308,0.996640
6a3682ce-a041-4773-a1c8-545c7ebc8380,clean,s4,3,0.982676,0.991226,0.995361
6a3d3c1c-a184-4f1c-82cc-d950e9a457f4,gaussian_blur,s5,0,0.622903,0.767344,0.768917
6a76adcd-6a6d-43ea-bdcb-769ebaa5859f,fog,s4,0,0.932206,0.964521,0.975979
6a82ba46-6635-43e7-8d30-3ae6f75cb11e,fog,s3,1,0.561273,0.689475,0.814053
6a8c8e7e-d6bd-4f18-acec-cbe08b825183,fog,s4,1,0.786993,0.875642,0.922288
6aa1cfbc-dcbe-46bb-8433-9ec13a6f6284,shot_noise,s5,4,0.792953,0.883684,0.891723
6aac3320-a98f-4cc8-a12a-9d1dea12ccbb,shot_noise,s5,3,0.832490,0.906401,0.931963
6ab014ad-84b8-4874-83a3-5153f85d01cb,shot_noise,s5,3,0.267582,0.414332,0.435616
6aeef8c2-fca0-4387-b98f-05e2d78da1dd,shot_noise,s3,5,0.943962,0.970481,0.994630
6af5940a-94cf-4c4e-9214-b2131ec4e6cf,fog,s2,5,0.568238,0.632854,0.974799
6afbb240-65f1-4422-8df1-18ee7999b96e,shot_noise,s3,1,0.807664,0.883624,0.979317
6b206547-4d7c-46de-9817-f825e6a98f62,clean,s3,5,0.557199,0.653347,0.895349
6b2995d3-1bb7-4c1c-a216-52ea06274537,shot_noise,s5,5,0.750700,0.857178,0.860558
6b3f9007-54c0-4244-8a48-8621167171fe,fog,s4,4,0.643281,0.766297,0.854065
6b54e0a4-db44-4f4a-bef5-6a1679ed5c34,fog,s5,3,0.746782,0.848007,0.901291
6b58778d-120e-416e-9773-727f93b519b6,clean,s4,1,0.909908,0.951908,0.971984
6b6a58bf-7fb5-4da1-82b8-707113b118af,fog,s5,4,0.716539,0.834756,0.835520
6b7d0c1d-1206-4f82-a306-6712ae7801db,gaussian_blur,s5,1,0.799311,0.887671,0.895515
6b8aa88f-8187-41e3-8b1c-d2b869c3d2c1,fog,s5,2,0.358527,0.430840,0.698205
6b8ccdca-e0ba-4e9c-867f-077d76dc64ee,gaussian_blur,s4,5,0.841711,0.909606,0.963249
6b93366b-5f5f-45c2-91ff-6710c468428f,fog,s4,0,0.730916,0.835719,0.898256
6b9ce9a8-32ec-48a2-8873-6a8bccec48d3,clean,s4,5,0.728754,0.840015,0.862363
6ba1b23d-67a3-4afb-9cc2-8b949f6a93d0,gaussian_blur,s4,5,0.735521,0.839394,0.898752
6ba4b0d4-7317-436a-ba6e-3f1a07685ed6,gaussian_blur,s4,0,0.967772,0.983555,0.987668
6ba7fff5-141c-4f9b-a659-f88cdc4fbb98,fog,s5,4,0.874963,0.933106,0.936395
6baea186-268a-4078-9c81-982bbde4e8d3,gaussian_blur,s4,1,0.854958,0.921018,0.931814
6bb48f20-da17-4c11-98f6-14b7fe578abb,fog,s5,0,0.982153,0.990985,0.992274
6bbe3614-0654-4f11-bc97-c3f81bc480d0,gaussian_blur,s5,2,0.959484,0.979285,0.981150
6bc06d9c-8538-40ba-99f9-7a348759c25d,gaussian_blur,s4,4,0.917286,0.955944,0.977632
6bc9f627-6380-41a0-ac87-95b5c60c9447,shot_noise,s4,4,0.485385,0.645344,0.676681
6bcff30c-7235-4978-9d5a-0afdca3a8ad8,clean,s4,4,0.915142,0.954852,0.974287
6bd9f93d-1cab-4c1d-ad86-5fd50127abd6,fog,s3,2,0.943952,0.970555,0.991991
6be13031-1d0e-42a7-be81-75d5b370fd47,gaussian_blur,s4,3,0.957490,0.978112,0.986100
6be32db7-6d38-4a77-9eb9-85e47554f7fd,gaussian_blur,s5,2,0.907193,0.951313,0.951856
6bf31332-c327-484d-974d-57ecab438352,clean,s1,2,0.485877,0.492838,0.971755
6bf3d757-7fab-4236-8d56-bf9714f51773,fog,s5,3,0.697086,0.821483,0.821659
6bfce8a3-4841-4a7d-aabd-583503c6319f,shot_noise,s2,5,0.916588,0.954618,0.997480
6bfe8635-a985-46e8-922c-cb5045b7a282,shot_noise,s5,3,0.975990,0.987846,0.988090
6c0034ce-e680-4bec-a5ca-9764674fb394,gaussian_blur,s4,3,0.369641,0.539505,0.540325
6c0c2ec6-acfa-43da-871c-ef79edcf5d89,gaussian_blur,s5,1,0.609339,0.757166,0.757616
6c1a8826-6402-43a5-85c1-57edb2c7288d,shot_noise,s4,5,0.778590,0.873471,0.891659
6c2aab32-326e-4c76-8981-d967f8bd79ae,clean,s5,5,0.622903,0.767344,0.768917
6c2fd181-b71f-48cd-b5e5-c1328adfbf85,fog,s5,1,0.349057,0.414438,0.693458
6c38b51f-be9f-4fc3-b83a-c3f0a968a87d,fog,s2,5,0.472195,0.536482,0.868018
6c3d6ec7-5094-4a63-bdc4-068e929b83e5,fog,s4,5,0.697145,0.812641,0.869104
6c4d6927-7ca9-4743-b31a-3688132d21b5,fog,s5,1,0.911270,0.953575,0.953580
6c500d7c-a4ad-407d-864a-7c1b0c8ed0f9,fog,s3,0,0.928743,0.962077,0.988856
6c56bb3a-3d5a-411c-9fbc-a8d02e03c0a3,clean,s5,1,0.905159,0.950133,0.951952
6c5b2ee6-bd72-44d3-9546-d85fc653be62,fog,s5,0,0.934947,0.966373,0.966587
6c5bc5d8-7ec7-4752-8763-6d56d4401e47,clean,s4,0,0.557545,0.645547,0.914491
6c6f78b2-8c0c-4b01-918e-245aee3b33be,fog,s5,1,0.955570,0.977235,0.979272
6c7645ca-463a-4464-ada3-94d97474d66e,shot_noise,s4,3,0.933997,0.965585,0.974216
6c869401-5e9f-4fa3-bd69-3d9926458c8a,gaussian_blur,s5,2,0.465934,0.619100,0.679216
6c874dfd-962a-4f27-bbc9-7091e844ff79,clean,s4,3,0.442712,0.469615,0.885424
6c8ba115-5289-45c6-b03d-cbedf56966b2,gaussian_blur,s5,4,0.969725,0.984629,0.984665
6c8e8a6c-ea24-496b-9f26-7ea73530f636,clean,s5,0,0.759649,0.859555,0.890853
6c90cf83-a242-4a96-9d48-49dd97a6115f,fog,s4,4,0.900282,0.945922,0.977157
6c9b6915-fa7f-4daa-bc27-bff2a1ab3eec,fog,s3,3,0.529556,0.646977,0.821189
6c9f1a13-8795-4c2c-907d-860059e82f7c,fog,s5,3,0.928271,0.962779,0.963399
6cab696f-29e1-4fe5-9479-bac365d7e423,clean,s5,1,0.653778,0.783620,0.823125
6cace90b-4db1-4db0-bf43-7feac0430d97,clean,s4,5,0.834037,0.907583,0.930354
6cb7042c-a836-407c-8b60-2813b72b0247,fog,s4,3,0.945226,0.971656,0.978402
6cc4c4bc-5ea4-4a69-a6ee-4143c94f607c,shot_noise,s5,4,0.648469,0.786751,0.786763
6cccdbc3-d7a0-44ca-a0d1-577ad70516c7,shot_noise,s5,0,0.271773,0.352141,0.543547
6cd7275f-7441-49a3-8ccc-4252dfa5beb4,fog,s4,1,0.643619,0.763641,0.865808
6cd7d71f-25b5-4490-aa09-46dbb32c1a68,shot_noise,s4,0,0.737664,0.845090,0.874464
6cd8e519-350f-431f-95e2-371dab292969,shot_noise,s5,4,0.779330,0.872798,0.901008
6cee6bae-3ab4-4ba4-ad01-1fc0a6aff9e0,fog,s4,3,0.539481,0.663684,0.811403
6d059e79-32ac-4a9b-aa73-9b996ee3f4c0,shot_noise,s4,5,0.892217,0.940970,0.978094
6d0df0ac-1fb1-4f27-b16b-4e0088b79e14,clean,s4,3,0.964442,0.981702,0.992715
6d167c33-451e-43f8-b514-3fcfe56cf89e,shot_noise,s5,0,0.900328,0.947431,0.949820
6d179cdc-0b33-4f9f-b5be-b0947e4d49c5,shot_noise,s5,1,0.482096,0.636194,0.690048
6d18f4f5-ce2e-43f9-bb80-33d05196d31b,clean,s5,0,0.877661,0.934792,0.935659
6d3149a3-c102-4c16-a6d5-7fcfc7c4b8ad,clean,s5,1,0.963020,0.981131,0.982807
6d32c66b-d367-4a52-a228-d99f8eaf0d35,gaussian_blur,s5,5,0.590328,0.742235,0.743029
6d4678d9-eed1-4e04-9b52-82f615f9640e,shot_noise,s5,5,0.796447,0.886387,0.889365
6d48415e-e093-40bc-9e92-83656b085441,fog,s5,2,0.879032,0.935429,0.938619
6d4ff64d-bd14-491c-91c8-dab65ac24179,clean,s1,1,0.485877,0.492838,0.971755
6d58a550-af82-4709-ae35-04ce83e735c9,shot_noise,s4,5,0.944296,0.971125,0.979163
6d60d31c-a354-4647-89fa-8aa8a1832050,fog,s3,2,0.981861,0.990784,0.997793
6d6def40-1274-4392-a750-af38d21248e9,clean,s5,2,0.679577,0.799935,0.855652
6d75ed98-53bf-4563-88ab-11ad3b003580,fog,s5,4,0.956865,0.977950,0.978294
6d7dc6d6-c5d6-4817-88e1-7345cb97adb5,shot_noise,s4,4,0.843842,0.912195,0.950768
6d83caaa-8228-4c6f-8216-a416378c4907,gaussian_blur,s4,1,0.575998,0.706726,0.813605
6d8cfce9-5ed5-41cf-97fb-ffc18f9b0c21,gaussian_blur,s5,4,0.933356,0.965522,0.965749
6d9311c5-7bfc-4f94-8d5c-e0c7144e02a7,fog,s4,4,0.245445,0.337086,0.480226
6da16e94-fdee-4002-822c-5297b01e14c4,clean,s5,4,0.144880,0.250764,0.256198
6db0d0b0-270b-47c2-9f2b-6d0a017b16d6,fog,s4,5,0.445318,0.471078,0.890637
6db25f0c-72d9-4489-8d33-0eb51875697f,gaussian_blur,s4,1,0.971427,0.985435,0.990421
6dc2e3b8-1458-43f9-a05b-91d663f219b0,clean,s5,2,0.727568,0.841169,0.849445
6dc7888e-bf75-44d1-a722-62dd3147896a,fog,s3,3,0.914347,0.953894,0.984819
6ddb11a7-8dd3-4e46-8e52-3315032d6f8e,shot_noise,s4,3,0.878849,0.934238,0.954990
6df1a7af-20e3-4090-a2dc-d31d97a330fb,shot_noise,s4,2,0.926698,0.961637,0.970235
6df5a69a-872e-4879-99bc-7e29cadfcb41,gaussian_blur,s5,0,0.944932,0.971662,0.972542
6df6ede5-dfab-4c5f-b688-4b11d99ea909,shot_noise,s5,5,0.981961,0.990887,0.992191
6e08c411-7c5a-4c43-ae35-e358d0dad79a,gaussian_blur,s5,5,0.531596,0.684441,0.725013
6e109b6a-f210-4223-b9b9-07901acacf75,shot_noise,s4,3,0.924455,0.959929,0.981098
6e1aace8-5f2d-4326-84b1-cb6d0b6512fb,shot_noise,s4,1,0.385713,0.540174,0.592639
6e207868-5778-46f8-9797-c7cdb0568d23,clean,s4,4,0.911467,0.952652,0.975453
6e2089e8-f2b5-4c50-a7c3-fdbb5e2161ad,fog,s4,2,0.448928,0.473090,0.897856
6e26d795-566e-4c83-b5a6-9372f4e590ab,fog,s4,0,0.390167,0.552067,0.581989
6e26df11-2463-4fae-9b7f-f9deaa08412a,shot_noise,s4,3,0.470237,0.629918,0.666039
6e359b3c-3ca3-4030-b3a6-e1d336c52149,fog,s5,3,0.750109,0.856901,0.859397
6e43c69a-5209-4f9c-bd09-a188318d15dc,clean,s4,0,0.737664,0.845090,0.874464
6e450228-5092-49df-8d44-867a162443d0,gaussian_blur,s5,1,0.973812,0.986706,0.988693
6e47aebe-b39a-4f6b-b768-4f0c2e95523d,gaussian_blur,s5,5,0.341741,0.496251,0.535499
6e484a26-b39c-48d6-b531-2a7594ed1e04,fog,s4,1,0.445823,0.509119,0.835874
6e541043-dc0c-45df-9fd8-544f71fbe2ed,fog,s5,5,0.755885,0.859722,0.869894
6e562fd4-c322-420f-b005-591f714c0350,shot_noise,s4,1,0.740241,0.846852,0.876080
6e762ecb-f5d9-4bd9-8a85-b2b5ee65dec5,gaussian_blur,s5,3,0.531388,0.670795,0.764469
6e77e23c-8a79-46bc-9b08-d42fdcc67432,fog,s5,2,0.781895,0.877219,0.880697
6e828ede-86c4-4062-bea3-586c60385978,shot_noise,s4,2,0.888373,0.938652,0.977324
6e86338e-06b7-45c3-b463-08f8d532c9ba,clean,s5,2,0.328620,0.396587,0.657240
6e892558-f433-4956-989d-d24c13df7e03,clean,s4,5,0.901824,0.947041,0.973616
6e8c6b96-6738-4aac-9ca5-59c91e516efe,gaussian_blur,s5,5,0.984936,0.992411,0.992411
6e8ee229-9e8a-4bd9-8f02-3079d8088bc5,shot_noise,s5,2,0.932416,0.965005,0.965622
6eb13aa6-0cfc-4f0e-9502-55afb3409b7e,shot_noise,s5,5,0.586472,0.733669,0.760640
6eb18e19-fa4b-40a4-898a-bd1d99b08b3a,shot_noise,s5,2,0.926874,0.961954,0.964555
6eb7d07e-8cb6-4a56-89f1-0371e5fb1bcc,clean,s4,5,0.643858,0.754679,0.900219
6ec0e574-7fa4-4161-9a26-d6555ee419f7,clean,s5,3,0.970083,0.984785,0.986757
6ec1acab-25f6-4afe-8782-1f82694c0810,clean,s5,1,0.887281,0.940027,0.944405
6edd081d-2f18-4e36-9451-a174173eb2da,fog,s5,2,0.946343,0.972409,0.973258
6edeefa7-e4d9-4095-abd8-342ea8be82d5,clean,s4,5,0.821336,0.895735,0.961080
6ee2f724-3f99-497d-b73d-5b5052859a17,shot_noise,s5,0,0.931205,0.964181,0.969840
6ee5f919-9622-4cfd-94fb-35e7e885699f,gaussian_blur,s4,2,0.806346,0.888742,0.929195
6eecf7bf-668b-4b60-a775-35b89e420496,shot_noise,s5,0,0.641852,0.781838,0.781979
6ef47426-5d7d-423e-b5f7-6240b0ed35be,clean,s5,4,0.794381,0.884597,0.892448
6ef62b49-6c78-4db3-ab1a-d6c17b443f37,shot_noise,s4,3,0.832022,0.905115,0.941989
6efd6092-4c0e-4f2a-9ffb-2cda3f7461df,shot_noise,s5,3,0.911018,0.953366,0.954960
6f04e3bd-c05d-4937-bcf3-8517e9996139,gaussian_blur,s5,4,0.978937,0.989341,0.990846
6f056001-d2cc-4e53-b1f0-b21b451973dd,shot_noise,s5,4,0.936620,0.967160,0.970717
6f108b7d-6e2a-464a-bf38-13543359b863,shot_noise,s5,1,0.310101,0.463197,0.492406
6f13169b-459b-4146-b913-99f74a84845b,gaussian_blur,s4,4,0.861068,0.922774,0.958685
6f1f0ec5-3518-4b0c-9dab-d542afc3605a,clean,s5,5,0.884210,0.937623,0.953371
6f260c1d-93c4-479b-8fe6-acecb75d7942,gaussian_blur,s5,4,0.742522,0.844564,0.901611
6f2f6eb4-c854-47ba-aaae-7aaa7f0ae5da,fog,s5,5,0.576693,0.727955,0.744634
6f30f162-b537-4e95-aedd-fb0e7dac06f4,fog,s3,3,0.583084,0.708725,0.832491
6f33d48f-ada7-4c0d-a32b-ab8ba826ee6a,fog,s5,5,0.527420,0.690595,0.690627
6f35fa15-0564-42ea-8179-8ada8c0434ad,shot_noise,s4,2,0.797833,0.882693,0.928949
6f5105d0-bea9-45ac-a3a0-28f949933822,shot_noise,s5,5,0.857814,0.923080,0.928480
6f5eac7c-692e-4520-aa10-4003ada1b948,gaussian_blur,s5,1,0.955534,0.977260,0.977305
6f60bb79-1859-4669-af0c-fcb411b43bc2,fog,s3,4,0.720077,0.816201,0.951849
6f66a86f-6104-4e14-8b77-98f256744e35,shot_noise,s5,3,0.761750,0.864633,0.865739
6f76098a-04c3-4d25-9e6f-fd5d288ef86c,gaussian_blur,s5,5,0.510688,0.671011,0.691568
6f7cd70e-85d2-43d6-8f69-1926c4c65495,gaussian_blur,s5,3,0.195836,0.296348,0.371845
6f851dd4-b754-4ef6-9536-9473f65af2b2,gaussian_blur,s5,1,0.975519,0.987605,0.987850
6f8e9a44-4748-45f4-aba6-659d3cb12d1d,clean,s4,3,0.834037,0.907583,0.930354
6f95715e-e619-4fb7-99cc-f0ff0c70dcdc,shot_noise,s4,4,0.947453,0.972798,0.981072
6fa7ab3b-f63a-4b58-9f79-e64d87b3ef2f,fog,s5,2,0.688696,0.815645,0.815705
6fb8b845-4cc2-47c9-a76a-1d3f77bed4c8,gaussian_blur,s4,4,0.541709,0.645635,0.863880
6fbeef20-ffe1-4e9a-a32d-6828cf560119,gaussian_blur,s5,2,0.867502,0.928459,0.937323
6fcadbaa-565c-4a3c-a08a-ba2d00fac496,gaussian_blur,s3,1,0.686566,0.784820,0.950501
6fcd279d-ac60-4035-9050-9806aeb634db,clean,s4,5,0.599827,0.727271,0.832709
6fce9c68-17ae-46f7-a34f-986d19d0cbed,fog,s4,0,0.531199,0.633424,0.858629
6fd6d10e-27d8-46ce-91b2-4c1c963c8a49,clean,s5,3,0.877661,0.934792,0.935659
6fdaa81a-9c82-43aa-9ef7-49c4e746661a,gaussian_blur,s5,1,0.645768,0.784761,0.784763
6fe22a8e-0a8e-4446-8b45-b1fc4aab45f3,clean,s3,0,0.963844,0.981308,0.996640
6fe5fa58-5e4f-49bb-bfce-6cbe72afeee0,clean,s5,2,0.768812,0.868986,0.871675
6fe947f7-3801-4803-afd2-0fbbd3157f27,shot_noise,s3,0,0.530602,0.648004,0.822078
70083d7c-16fe-4912-b1ac-13d7165ea956,fog,s5,3,0.834152,0.907609,0.930885
70097499-7f52-46e2-bc79-1c22fd20b92e,clean,s4,0,0.701545,0.803458,0.932155
702b9262-b41f-447f-9b71-dcdf44d21838,fog,s5,1,0.675888,0.806602,0.806603
703094f2-9dc4-49b4-9089-c1043d7d536b,clean,s4,0,0.489961,0.629247,0.734382
7039df5c-6a35-4bda-8d94-1c281f769c39,fog,s4,1,0.765143,0.857821,0.931135
703ea266-7085-4715-bc52-de13b4ec84c9,fog,s5,5,0.931871,0.964713,0.965333
70407e9b-80a7-4934-a0ce-3765b088ad3b,clean,s4,5,0.935547,0.966469,0.973611
7042a1b4-55a5-4f19-8e8e-6a2ddc6e9a1c,gaussian_blur,s5,2,0.593582,0.744222,0.747874
7051b77d-051e-47b7-bcfc-970dc4e3898f,fog,s4,5,0.576089,0.682243,0.884592
70538452-e832-42d4-92ec-fc28343638db,fog,s4,5,0.909477,0.951314,0.978867
705cadfa-24ec-4dc1-a9cb-4bad5cb9809c,gaussian_blur,s5,0,0.930731,0.963948,0.968987
7076d2bc-1807-45ad-a5f9-751079362e77,gaussian_blur,s4,1,0.951115,0.974594,0.988771
707dc345-b69d-4925-88f0-4debf8443f55,clean,s5,0,0.970083,0.984785,0.986757
70898953-5837-46a8-b805-1dfcc1ca29eb,shot_noise,s4,2,0.968388,0.983846,0.989749
7090455e-c872-409c-8750-4677dd1a687d,shot_noise,s4,2,0.967039,0.983134,0.989754
7095e9a8-3c83-40bb-ab1e-46be6f607029,shot_noise,s5,5,0.906570,0.950993,0.951057
70aaba48-88b6-4f5a-a5e1-07de63457c47,shot_noise,s5,3,0.794097,0.884410,0.892352
70bb4ff8-2a66-4625-82e2-8380a68614a2,shot_noise,s5,2,0.874310,0.931828,0.949253
70cd9279-455f-464d-bbc6-8aad8b033155,shot_noise,s4,4,0.946019,0.972049,0.979829
70cffcc7-10c1-43f6-9e9b-bd62c04fd3cb,clean,s4,5,0.876866,0.932027,0.969219
70ef5578-a353-4899-9627-ddbcfa1e6bdf,fog,s4,4,0.435053,0.465271,0.870107
70f8c76f-200c-4015-a30c-66acb9e356bc,gaussian_blur,s5,5,0.852916,0.920275,0.924944
70fdb1b2-4ae9-4075-9bd0-f412201b329a,gaussian_blur,s5,5,0.680013,0.809533,0.809535
71072f1e-96f8-4230-945b-c4d21c820223,fog,s5,5,0.191472,0.288736,0.367333
710e5166-98af-403d-bc63-95f79773343e,fog,s5,4,0.736013,0.839686,0.899392
7118307a-189a-477f-bc44-9bcd1ff52473,clean,s4,3,0.882148,0.935462,0.967177
711e5313-bc0c-4a17-b4e3-0ed5d292de97,clean,s5,4,0.822013,0.901001,0.915564
71288c9a-aa38-4ff1-8170-510a079f7fa4,clean,s4,3,0.571141,0.689884,0.846851
71323fa7-d018-4b7a-88a7-2a78ad5f9c97,gaussian_blur,s5,2,0.687854,0.809625,0.843627
713b68c3-a9a3-4af9-b975-1f38d3f5ccb9,shot_noise,s3,0,0.481174,0.490406,0.962348
713f9661-42ba-423b-900b-abaf11a7664c,shot_noise,s5,2,0.728735,0.843067,0.843200
714df08f-838e-4480-9be8-8a0eb5b46627,shot_noise,s3,2,0.919426,0.956551,0.991875
71535fae-18c6-4928-8da7-58957ce21c0c,shot_noise,s4,1,0.520155,0.593766,0.907317
7170246d-6f40-42a1-866d-35a101bea869,shot_noise,s4,1,0.823215,0.901877,0.914853
7173ca25-2d65-44e7-8d93-8cf080840cdf,fog,s5,3,0.482146,0.640063,0.679894
7180139c-6f67-4e24-8874-f1e9be16c0d5,fog,s3,1,0.303882,0.388603,0.592905
71a3eaa6-f1e3-4071-8632-04617b07c5a4,clean,s5,2,0.496914,0.637439,0.736949
71a8524d-fafc-45bf-8ec8-1765b94583b8,gaussian_blur,s5,3,0.771631,0.870155,0.878351
71ae72b7-2296-455b-9cb6-ff0ce1bb0eb4,clean,s5,4,0.652865,0.788417,0.797365
71bc82da-4d92-49f4-a130-a034aa542f80,clean,s3,4,0.753519,0.845787,0.947945
71d36cc7-e2ee-42e9-9e80-bf088fc66d7c,clean,s4,2,0.946282,0.972192,0.979877
72058f87-c60e-48e7-8616-012e66bcfd26,gaussian_blur,s5,5,0.653524,0.790453,0.790507
720eff0b-a528-483e-8014-5934c2c2e4fe,shot_noise,s4,4,0.442712,0.469615,0.885424
72145c11-7939-4087-b4e1-489f0ad1a512,fog,s5,0,0.916771,0.956505,0.958264
721972a2-2c5c-455e-8071-99c752dcd0ab,clean,s4,5,0.653408,0.788102,0.801115
72301e7e-64a8-49a3-a666-72597f6fad07,gaussian_blur,s4,4,0.232471,0.376811,0.377937
72365d43-c207-420f-b17a-e62f5c79faa8,gaussian_blur,s2,4,0.882138,0.933417,0.996885
7242bb77-6260-4297-8ec7-c7b6da06c12f,fog,s4,4,0.862094,0.923428,0.958757
724fb837-befc-41ef-b4ea-38a1cbf3da3a,clean,s5,4,0.759649,0.859555,0.890853
72547312-f75d-4cb8-9df9-41a03e4f75b9,clean,s5,1,0.433250,0.597974,0.620976
72568906-bc9d-41d7-bfbd-e29158110dcb,shot_noise,s5,3,0.583731,0.736535,0.739531
7258ee82-53ed-4465-a07c-48f7762892df,shot_noise,s5,4,0.710256,0.828934,0.840232
7259037d-164d-4117-abae-f0b5e6eeae55,clean,s5,5,0.708960,0.827824,0.840581
727104c1-9ac3-4f28-b71c-2d1b6d776ee6,clean,s4,2,0.896427,0.944467,0.961929
7277d9bb-2cdd-48ad-bccd-f49fcd6cca32,shot_noise,s4,3,0.905074,0.948732,0.978260
727cea7e-6b3a-4410-bcdd-27d78754bdef,gaussian_blur,s4,1,0.834548,0.906716,0.943019
7285ada1-8925-4e54-9c1b-19c043b5a4d6,fog,s4,4,0.609324,0.723454,0.879419
728b1de7-1d48-468b-be36-12ccf35df5be,fog,s5,1,0.881075,0.936419,0.942421
728db092-eacb-459d-833a-9da2d6b1dffb,clean,s4,5,0.251396,0.399764,0.405151
7295894d-9b18-45a7-b661-1b7428b319f8,fog,s5,5,0.819538,0.897195,0.936084
729653fe-69a7-4d86-bd9f-7e53f150f909,gaussian_blur,s5,5,0.394358,0.565157,0.566779
7297b487-644b-4404-8d2c-087ae3a98ef6,gaussian_blur,s5,3,0.768280,0.868626,0.871482
72a4605d-012b-46b9-be16-f06f03ffa469,gaussian_blur,s5,1,0.418499,0.590047,0.590085
72a671b9-3d14-46d4-b00c-1ac98dea767d,shot_noise,s5,2,0.368555,0.526071,0.565051
72b16c5a-4fc9-4261-9771-053630a83b9e,clean,s3,2,0.729310,0.823932,0.954431
72b6301b-e41d-4dfd-85d9-cb8810e71f0d,shot_noise,s4,0,0.599827,0.727271,0.832709
72bff99b-483b-485d-b673-6b5c15a544df,fog,s3,0,0.481174,0.490406,0.962348
72c9627d-8208-4a27-9026-06a33e548705,gaussian_blur,s4,0,0.915142,0.954852,0.974287
72df63fc-b8e4-4c80-aaa0-875982350dc7,shot_noise,s5,4,0.938454,0.968165,0.970912
72ea02af-c9bd-4b23-b947-6cbfe6747ef6,shot_noise,s3,3,0.502121,0.634550,0.761584
72f3f2dd-8e36-4a46-ab34-f6f4f316d64a,fog,s4,2,0.776344,0.865408,0.938613
730237d8-b1e1-4b94-8f20-fcba91b33010,shot_noise,s4,0,0.819559,0.895928,0.947957
7302820f-a025-424f-af28-c9efa52ba26c,gaussian_blur,s3,3,0.764810,0.852270,0.964640
7304d873-7155-48d0-933f-3f97ea7fc2be,clean,s4,1,0.821336,0.895735,0.961080
731150ac-c50d-4d12-b9e2-a16a7d5b6694,shot_noise,s5,0,0.665611,0.797507,0.807796
731aede0-5b5b-4625-b674-daa610754fc5,gaussian_blur,s4,3,0.749795,0.846977,0.922569
731af4b4-62ec-47a5-8405-65dd503c6e32,clean,s4,1,0.915453,0.955182,0.971013
731e1458-fc3d-4e6e-a8f6-f464578812e2,shot_noise,s4,0,0.978925,0.989289,0.995061
732e4291-9be4-4ac6-b64f-c14cad2ce726,shot_noise,s5,4,0.819320,0.899147,0.915972
732ea6b1-44e2-42a9-986e-856957f8c071,fog,s4,1,0.332426,0.486473,0.523331
73311c47-67ed-4a9c-bf3c-4bbef8d1aea8,clean,s5,4,0.653778,0.783620,0.823125
733ef7e9-a621-4189-a448-3feb85059e3e,shot_noise,s4,2,0.232806,0.377023,0.378747
734e16ea-6498-4e95-8cfa-1a0820b36e99,gaussian_blur,s2,5,0.931308,0.963198,0.997976
734ff9c2-8151-4d24-adf8-f3e5a903dfcc,fog,s5,0,0.884788,0.938493,0.945045
7354bd59-e457-45ff-827b-aafe6b4dc612,fog,s5,1,0.952920,0.975840,0.978075
737008f9-78eb-4598-805c-6071e35a0f37,clean,s5,3,0.931205,0.964181,0.969840
737c37fc-ce2f-443e-b152-4f0cfdb17ec0,gaussian_blur,s4,4,0.936973,0.967002,0.981370
737d4cd4-8df6-49a8-a9a3-1e97f059dc1a,gaussian_blur,s5,4,0.735258,0.847394,0.847692
738b128f-02fb-419e-99e8-755c62bf6003,gaussian_blur,s5,2,0.928454,0.962879,0.963477
738bbad5-3524-4a08-aca8-d06a5080f292,gaussian_blur,s4,0,0.901824,0.947041,0.973616
738c1ab0-3042-4709-a7ad-54cf2a46f10f,fog,s5,5,0.806997,0.892640,0.898331
738e4310-e892-4b11-8bf8-6255701cc323,shot_noise,s3,0,0.848582,0.913084,0.975680
739d5824-5ae4-4e48-8412-800d035be60f,shot_noise,s4,4,0.878888,0.933330,0.968697
739f552e-aef4-4c82-ba81-432bce8d7a14,fog,s3,4,0.894942,0.942437,0.981428
73a6084b-4e1d-4d7c-ac22-efd1d2425018,fog,s5,3,0.895353,0.944750,0.945472
73aa8ec3-b7e4-45aa-9c59-3b681018f771,shot_noise,s3,2,0.782324,0.868362,0.950096
73aca074-6b22-4fa3-945e-ac08970dcabf,shot_noise,s5,0,0.805851,0.892485,0.892530
73afbdc5-bb50-49d9-9b9e-be2cec86b552,gaussian_blur,s4,0,0.896427,0.944467,0.961929
73c70a1f-12bc-4f0b-9023-4af9594fb0f4,fog,s5,0,0.144880,0.250764,0.256198
73da0859-966b-428f-bc76-01943fa1a27d,fog,s4,2,0.934035,0.965390,0.980422
73e32d68-c428-47bf-add5-ed458670be2a,fog,s5,1,0.517368,0.655491,0.758667
73edd35c-c005-42c2-b4f4-b5c5f3b8c782,clean,s3,5,0.498881,0.630932,0.759797
73f40674-d08f-4530-aaea-910d255cf657,gaussian_blur,s5,2,0.890491,0.941772,0.947253
73f5b039-cddf-4964-b792-e4349a57d9ac,shot_noise,s5,1,0.897795,0.945985,0.949111
73f765e7-23d5-4535-9f8f-d88d0d834064,gaussian_blur,s4,1,0.232028,0.376039,0.377658
73fec12c-d62b-4779-bcd5-0e44ec3fb8a2,clean,s3,1,0.633459,0.740939,0.909417
740ccb56-0c94-4114-b863-e8b28685ce5c,fog,s4,3,0.945289,0.971434,0.987319
740e5733-19bb-401f-921b-583a426bd8b0,shot_noise,s2,3,0.860918,0.919563,0.996107
740f90cd-81c6-4ef0-8224-64708e4daa58,gaussian_blur,s5,0,0.881710,0.937123,0.937358
74148024-ba43-493f-bb3f-306ab655677e,clean,s4,0,0.939014,0.967978,0.986331
7416cd05-f93b-48b1-8306-2cb919809f76,clean,s5,3,0.764327,0.866019,0.869442
74287722-ab79-416d-b852-c4ff7fbda509,fog,s4,0,0.937061,0.966920,0.985264
742c5cf0-fc51-48b5-9e74-c0a09f571d8d,gaussian_blur,s5,0,0.768812,0.868986,0.871675
7434843c-332c-43cf-80f3-a2344caa58ed,fog,s3,0,0.530602,0.648004,0.822078
744c33ca-1f63-42c0-a6fd-3cb09d7a6d5f,fog,s4,5,0.799830,0.885995,0.913248
7450475a-b95f-4b1e-8b3c-ad5f73ab5556,shot_noise,s5,4,0.936468,0.967079,0.970639
745b3221-8317-4446-8a79-9add2199b86a,shot_noise,s5,2,0.610193,0.755896,0.766176
746782f3-98e4-46f0-9845-44d6f666ea08,shot_noise,s4,1,0.742442,0.844573,0.901168
7483ee32-c814-4c35-8347-e6c16642473e,gaussian_blur,s4,3,0.917154,0.955711,0.981081
74840ccb-25b7-443c-958a-3638c39a293a,shot_noise,s4,0,0.730916,0.835719,0.898256
749b760e-2429-4330-9df7-7c30191efcea,fog,s1,0,0.743035,0.829031,0.990294
74a4838b-dbe4-4b84-a3a3-d02b96bc5e03,shot_noise,s4,3,0.588966,0.684889,0.920400
74ae5e9d-8219-46f7-927a-b7ec4c8b5d52,fog,s3,0,0.796883,0.876133,0.974379
74b55f33-6648-43e2-9586-9052d9192cae,clean,s3,0,0.848582,0.913084,0.975680
74b745ad-9be3-4fd7-a347-9a8efae86d59,fog,s3,0,0.685834,0.786172,0.942120
74b9b3f4-e3b1-405b-bba6-2041b97229e9,gaussian_blur,s4,4,0.738132,0.840959,0.902037
74c09077-568c-4e0e-817d-7fd3b8484a12,fog,s5,5,0.291848,0.395231,0.545419
74d0dbbc-6d50-4199-b223-1d2663a86a49,fog,s4,0,0.950127,0.974090,0.987381
74d3274e-84fd-4d07-aaa6-c78c358a8e5b,fog,s4,1,0.890049,0.940088,0.970840
74dd87ca-6d19-47b0-9316-3f591b7456ea,fog,s1,1,0.490144,0.495023,0.980288
74de6cfb-0434-40d5-86d6-022adc267e92,gaussian_blur,s4,0,0.730916,0.835719,0.898256
74e507ad-7336-4f15-be1b-e728ab74615e,gaussian_blur,s5,0,0.697999,0.822141,0.822155
74fdebf5-e400-4189-a6b6-fc0404c416d2,gaussian_blur,s4,0,0.953219,0.975918,0.981493
7505b12f-e83d-43c8-a047-3ca202842c9e,fog,s4,4,0.870716,0.930028,0.943216
75071dd0-1a36-495c-ae4d-401084f4de13,clean,s5,5,0.934947,0.966373,0.966587
75115ff9-aa63-45c4-9950-3cdeac40686b,clean,s4,0,0.950127,0.974090,0.987381
751b0d9d-014a-495c-8b1b-ecad32650e37,clean,s5,4,0.828011,0.905914,0.905916
7523932e-ae97-4d75-ba40-5b289458cbc5,shot_noise,s5,1,0.652276,0.789546,0.789557
7526478d-ba4e-4ecd-9f58-5f246573ddfb,fog,s5,1,0.831576,0.907901,0.909605
752ee3bd-a572-438d-9255-9f3efac2c777,clean,s3,3,0.369384,0.489418,0.637557
753814c6-002b-431b-a3a3-91c3bfadc43c,clean,s5,0,0.973012,0.986294,0.988336
753d3382-fefd-4594-90e2-8b9a869d2215,fog,s5,1,0.896526,0.945435,0.945541
7546f839-0f04-4dbe-9e80-78c85fca0413,fog,s3,3,0.466352,0.597288,0.732376
754a832c-5fac-48fd-a44a-001af94327e7,fog,s4,3,0.623844,0.737946,0.884395
755110b1-b615-495d-83d8-4a1c950474b9,shot_noise,s4,0,0.915453,0.955182,0.971013
75550f73-ce4b-4570-8e92-27197cc4d645,gaussian_blur,s3,5,0.527120,0.644606,0.819045
75692155-0590-41ab-aa92-70d8686bd0ec,clean,s4,3,0.468883,0.521563,0.882673
756aff85-3d7b-4fc6-af1f-e52cf5bcbf05,gaussian_blur,s4,4,0.697381,0.801746,0.922434
75729f02-41b3-4904-bf6a-41b93d8d18a2,fog,s5,2,0.878703,0.935194,0.939168
7579c2ea-25db-4193-9e46-875af257ed42,shot_noise,s5,5,0.969646,0.984559,0.986571
757a368d-ab08-4532-b57d-bfea841bd120,clean,s4,4,0.544330,0.695473,0.736027
759b052f-21b9-417d-927e-adf36d24647d,shot_noise,s5,0,0.433250,0.597974,0.620976
75a634d2-79c3-4cf7-a934-b47e7aeaeec0,clean,s4,2,0.728754,0.840015,0.862363
75abcb1d-9cb1-4689-bd90-fcedb4629d5d,fog,s5,3,0.928188,0.962661,0.965327
75afb3ba-9322-4d91-b962-bf743788a09b,shot_noise,s5,3,0.963016,0.981155,0.981429
75bbb406-4bd5-438e-9759-7aa0ceae9afc,shot_noise,s4,5,0.727987,0.837528,0.873700
75bc850a-5775-45de-82c2-fe380791dce4,shot_noise,s4,0,0.953219,0.975918,0.981493
75c04cc6-e6dc-4e72-8143-922f1c443a62,shot_noise,s4,2,0.260766,0.410674,0.418735
75c4ae8c-e434-48ca-8c22-2e36491a4274,shot_noise,s4,1,0.964598,0.981784,0.992741
75cb21ce-be3f-4fe2-8456-463e26eb1e0e,fog,s4,5,0.912651,0.953541,0.971328
75cf337e-abf9-4e45-ac2b-e3dd4e66e74c,clean,s5,0,0.977147,0.988439,0.988671
75d0d305-04fc-41d6-b10b-85a11691c3db,gaussian_blur,s4,3,0.352178,0.413308,0.704300
75d28748-3c1c-4394-a742-76d0b4e05ed1,clean,s4,4,0.937933,0.967398,0.985605
75d63635-825b-4c93-8f4f-59e8e97c24be,gaussian_blur,s4,5,0.770815,0.864522,0.915268
75d7cf1e-e01e-420b-879c-cc99bb3e154a,clean,s4,3,0.800602,0.881694,0.953211
75e8f130-6fa3-48c0-a87a-c1230dbfc945,fog,s4,2,0.784814,0.870978,0.944981
75f9dcc0-08e8-49f1-af0a-4587fdb8a771,clean,s3,1,0.729310,0.823932,0.954431
760436c6-5979-4d72-b9cf-3e00d7434795,clean,s5,3,0.782905,0.877365,0.885335
76246f31-5d10-464c-bac8-59863931a8a0,fog,s4,0,0.882742,0.935226,0.976216
762c9b92-9fd4-4c12-bbe4-2183159cb970,shot_noise,s4,0,0.928677,0.962433,0.978636
762cca50-7d44-4cd1-a31f-cbc1ccf9a128,fog,s4,2,0.955355,0.976842,0.991230
7634852b-05ff-44d4-95e3-5d1b964bde53,gaussian_blur,s5,3,0.947440,0.972934,0.975850
7634c988-b192-4cee-a740-0d417580132c,clean,s5,0,0.652865,0.788417,0.797365
765910e9-ed71-434f-bbc6-5e1f2104f209,shot_noise,s4,5,0.727892,0.833907,0.894379
765cd523-6f16-4e60-830d-6bd4b387f151,fog,s4,4,0.920330,0.957649,0.978890
7662a3fa-c4c4-4b45-96a1-f10b0130aaef,shot_noise,s5,1,0.143107,0.248200,0.253286
76638630-c9e1-4b7a-8417-8f58bdfcb1e3,gaussian_blur,s4,2,0.848151,0.916924,0.928835
768d1932-9996-4da9-ae7d-b42bc846cb26,gaussian_blur,s4,2,0.908737,0.950908,0.978235
768f61ae-c37f-4b8b-9022-1b678f0dbcfb,fog,s3,5,0.517847,0.623743,0.838090
7699b721-94e5-44b3-a1f5-ad0dce87977c,shot_noise,s5,1,0.272595,0.352830,0.545189
7699fce9-039f-4a2c-9648-1f70dbc5b7e9,gaussian_blur,s5,5,0.372908,0.515118,0.601232
769d21dc-d0a1-4a85-a77d-efbdd52fdae9,shot_noise,s4,5,0.532679,0.634846,0.860090
769e6223-8c2c-4a44-928b-713b157b7f85,shot_noise,s5,3,0.628568,0.770494,0.778171
76a516df-38c5-42ce-a601-9518fe55b902,fog,s2,2,0.472639,0.537365,0.867838
76a99489-4758-4226-a386-a85c447f97b6,gaussian_blur,s3,5,0.455535,0.586735,0.720788
76cc8af8-b677-4c2c-b317-fed1a81c3ea9,gaussian_blur,s4,0,0.580438,0.721402,0.781643
76d91868-3757-494b-b301-aa18623d063a,gaussian_blur,s3,5,0.578492,0.660357,0.946752
76da6c55-5f58-478b-931b-205264691cdb,clean,s5,1,0.973012,0.986294,0.988336
76e036f7-a5b8-4f84-80fb-4c60c2e3bd85,fog,s4,2,0.418493,0.503288,0.764731
76e3a609-0565-4b9d-912b-af4c9e58af96,shot_noise,s4,5,0.695821,0.804621,0.902571
76e9a7cb-9ab0-4bcf-a296-743187942ffb,shot_noise,s4,1,0.930585,0.963728,0.972769
76f63261-fda8-41ae-a641-ddeeca9bc206,clean,s4,0,0.928677,0.962433,0.978636
76fc3d87-52d0-474b-ae09-7d262ee2f4f2,fog,s4,0,0.719667,0.826067,0.899749
76fcec2d-ac93-42dc-b37f-b1f119d9f0d6,clean,s4,2,0.489961,0.629247,0.734382
77074ac0-01cf-409a-a056-eca34f851b22,clean,s4,4,0.719667,0.826067,0.899749
770dd4e7-3d71-4611-96c6-21912ba176d8,clean,s5,4,0.419817,0.587765,0.600107
772a0962-9807-4265-aeea-b4861109fa45,fog,s5,2,0.332491,0.399393,0.664982
77329826-8a30-43a5-8de1-9c4b20bb244b,shot_noise,s5,2,0.845770,0.916402,0.916909
773ba832-725f-400c-87df-f46133a22f3b,shot_noise,s3,5,0.963462,0.981136,0.994891
773c3b6d-6f71-495d-9253-205b0f3ef746,gaussian_blur,s4,1,0.907114,0.949955,0.978059
774d5139-854f-4af7-bbaf-306bf6db08ed,shot_noise,s5,2,0.268277,0.372736,0.503280
77590235-3ebf-493f-bcf7-170b4ca176f6,gaussian_blur,s4,5,0.937677,0.967387,0.981596
778f62a4-ae70-4b0f-8c76-a8d0dd251383,shot_noise,s5,4,0.874622,0.931325,0.959235
7795d75d-2a61-4082-ab6d-3ccb24682c90,fog,s3,1,0.980448,0.990053,0.997622
779bb4d9-26aa-4323-8c47-41dd8e00957b,shot_noise,s5,3,0.642808,0.778171,0.802411
77b94503-335c-4bfe-bd0e-25e2090e72d7,shot_noise,s5,1,0.446630,0.615828,0.621765
77c3c455-e822-4998-a0be-a3435b8004f9,fog,s4,3,0.803372,0.886837,0.927457
77c6750d-100c-47c6-a194-2fd3ec32826c,clean,s5,1,0.962994,0.981143,0.981417
77cbbbbd-39b6-4d2c-9bf2-8f5f731be07b,shot_noise,s4,5,0.819141,0.896898,0.936299
77ecd353-9c55-478f-957f-0871860bcddc,gaussian_blur,s5,4,0.658485,0.792598,0.801227
7812f086-f3fc-4c69-992c-e2adbeecbe23,clean,s4,1,0.975249,0.987388,0.993941
781cbf39-08c3-4cc9-960c-cfc1cc6094ed,gaussian_blur,s5,3,0.916567,0.956276,0.960843
781e42b6-64f0-484c-b4fe-d3ae6899075d,fog,s5,1,0.906150,0.950440,0.957312
783a205f-a561-41b3-bd1f-6662c37297a8,fog,s3,1,0.558215,0.629225,0.951811
7841b01d-6de3-4462-b36f-4d17ba5a453b,shot_noise,s5,2,0.728372,0.839520,0.863541
784634f2-12ad-417a-be24-6333361cb255,clean,s4,1,0.883326,0.937223,0.951199
784c3609-b2bf-4544-b023-8dddf83b3e98,gaussian_blur,s5,2,0.713171,0.823602,0.883435
784cd87e-41f7-4b91-9b65-f1a9f3a2b7d0,fog,s5,3,0.779404,0.876011,0.876163
787657b8-da3f-4844-a527-f4a9fc819d30,clean,s3,2,0.557199,0.653347,0.895349
787d5619-90fa-4190-9cd4-094f9afcbea0,fog,s4,1,0.969895,0.984672,0.987648
787e3e3e-f5b0-4625-aaa8-d59d089b1d22,clean,s5,3,0.407121,0.578648,0.578683
78812014-6fa6-4175-8642-dfb4673ca6d9,fog,s4,2,0.786638,0.870738,0.956712
788419dc-e9e7-4235-adfa-cbaff3f7b86c,fog,s4,1,0.442285,0.469375,0.884571
788c6ade-889e-416c-a227-eae89ab8df29,fog,s5,4,0.830544,0.907042,0.911593
788da170-6d6b-4066-8fa0-a89d473313cf,shot_noise,s5,1,0.524595,0.678659,0.717792
788da2b8-111a-466c-9136-0bbbeddc5190,fog,s5,2,0.909520,0.952436,0.956421
789b10fe-aa50-4c16-8591-8b0565b7f7f6,fog,s3,0,0.478570,0.500188,0.941760
78a689d5-0c4f-4953-8f17-2a8f548cebc9,fog,s4,4,0.944895,0.971208,0.987596
78a783a5-f1f0-45c8-9a22-4207c9265989,clean,s5,3,0.328620,0.396587,0.657240
78af72a4-990f-45b8-bc1d-d14dccbb0cfd,gaussian_blur,s3,0,0.910570,0.951696,0.984163
78c223b0-5c90-4d29-88f5-73cbb2dc4bd0,shot_noise,s5,4,0.597218,0.739662,0.779170
78c8600e-050d-4d9f-9b4c-5fd4355850ab,fog,s1,5,0.879613,0.931786,0.997003
78cf7190-6999-47a1-b692-21fb750ef1f6,fog,s5,1,0.646699,0.783354,0.795122
78d03f81-0216-4e82-a403-6ac523cdd0fe,clean,s5,5,0.929314,0.963349,0.963715
78d592e2-ebc3-4f83-a13f-8595c9402c03,shot_noise,s3,1,0.512540,0.629680,0.807449
78f1b7b7-0933-4c41-a720-648e2f36a616,clean,s5,1,0.846742,0.916804,0.919501
78fe9db9-c857-421c-9aee-f53314671306,shot_noise,s4,2,0.982949,0.991367,0.995434
79077325-c53b-4a33-b3ce-ff9bd9954d01,fog,s5,2,0.756024,0.860838,0.862683
790a5ac9-68fb-48fb-af6b-3cdbb5235f42,clean,s5,2,0.933229,0.965385,0.967668
790cb19f-29c8-4766-acb7-8df82b6e7315,fog,s4,0,0.467647,0.633062,0.648753
79149f00-d0df-4e12-87aa-cf32eda2cc6a,gaussian_blur,s1,1,0.494955,0.497465,0.989909
791a7b68-e87f-4e26-ac52-99fcddb5821b,clean,s5,4,0.973012,0.986294,0.988336
79218f94-3e87-4ba0-867f-68d3cd5d29fb,clean,s4,5,0.950322,0.974195,0.987444
7928a973-9d38-441d-b497-21d3b6cd2aca,shot_noise,s4,1,0.797426,0.882442,0.928603
792967a8-23ee-4a3e-92e1-84cfb1c4e202,clean,s5,1,0.811888,0.895817,0.899655
79317146-44a6-416b-85b6-b478629b180c,gaussian_blur,s4,1,0.620770,0.750116,0.829659
7933b786-6ed7-4868-9550-12c85fd15fdb,fog,s5,4,0.965398,0.982355,0.984613
7941f1f9-dbec-442b-be03-f786aef032a2,shot_noise,s5,2,0.439286,0.603383,0.628171
794ed640-49f1-43f0-bcb3-adba442a6116,clean,s4,3,0.608023,0.737747,0.826740
7950d23d-f393-496d-949d-934d4efa154b,fog,s5,2,0.923414,0.960027,0.964071
7969d24e-d238-46e0-8e7d-292a08340d8e,shot_noise,s2,1,0.921587,0.957559,0.997701
7984b08d-7969-4cce-aecb-7595435756be,fog,s4,0,0.946282,0.972192,0.979877
7985de56-49a3-4f75-a4ac-f760914db05c,fog,s4,0,0.837913,0.908095,0.952217
799ce569-173b-4a8f-a261-fd32189c6715,shot_noise,s5,3,0.137793,0.240440,0.244544
79ace868-f5a0-42d4-98f6-dd519618ffc5,gaussian_blur,s5,3,0.363449,0.528660,0.542619
79ad275d-96dd-413a-a5bd-ca4378d2751f,fog,s4,5,0.364155,0.518865,0.565120
79bc3fb7-6aa3-404a-a16c-0b252b55b9aa,clean,s5,3,0.639752,0.780303,0.780304
79be9308-e39c-44ba-a68e-b5c3c6967f12,shot_noise,s4,1,0.914956,0.954899,0.970901
79c6db4a-1947-403a-b646-5fe00726d675,gaussian_blur,s5,3,0.159258,0.271127,0.279739
79daf233-942d-4372-a509-911927bd1f1f,clean,s5,4,0.545030,0.694503,0.741611
79e13d35-3e4b-4287-879c-f13e0edb5376,shot_noise,s5,1,0.952797,0.975766,0.978400
79e98edd-647b-4759-9544-969a4c4ac932,gaussian_blur,s4,1,0.584020,0.712076,0.825307
79eeac97-d344-4736-a772-6ce008c9044e,gaussian_blur,s5,0,0.724475,0.832166,0.888256
79eeb5c7-9617-40d4-a158-a9ea6d198254,shot_noise,s4,3,0.735079,0.842924,0.875269
79f205cc-2d77-4c5b-8d73-50a461ad79bb,fog,s4,0,0.882148,0.935462,0.967177
79f7ad86-33d0-418c-9a9d-b4495ae58df4,shot_noise,s2,3,0.918676,0.955848,0.997614
7a0829c3-f64a-40f9-9816-37c52ab8d9a4,fog,s5,4,0.965657,0.982502,0.984031
7a09d711-8b68-4c5e-bfac-8609085a2a20,fog,s5,3,0.728987,0.840171,0.862538
7a0d6e1c-5b71-4691-8ae7-4d404b6ce5c9,clean,s5,5,0.960007,0.979595,0.979629
7a130fab-015f-4d8c-9a63-09a02396baa8,clean,s4,5,0.978925,0.989289,0.995061
7a17ac9b-7322-4c09-a85a-37061623a662,clean,s5,2,0.470942,0.623789,0.684288
7a196f75-3119-4c88-b9d8-dfed850e3577,gaussian_blur,s4,4,0.607011,0.739627,0.816234
7a2abd0e-16d1-4a3c-9911-5e45758d6660,gaussian_blur,s5,4,0.659803,0.795036,0.795045
7a31b063-aff5-4ca9-88ca-b1bb12cfbd10,shot_noise,s4,4,0.939325,0.968286,0.982179
7a3e33d4-57ca-4bf1-8c99-5602a6a4dba3,gaussian_blur,s3,1,0.760638,0.846272,0.979682
7a4aac8c-140e-4e4a-bc8e-2d8d985990ea,gaussian_blur,s5,5,0.339094,0.503961,0.511477
7a4c3a0a-af21-43f0-b6b7-a6923b771386,shot_noise,s5,1,0.787865,0.881039,0.883936
7a4eeb54-b480-4bcd-a9ad-c20fc72aca48,clean,s4,1,0.932206,0.964521,0.975979
7a53af67-1b50-4fa1-95d9-268152876981,fog,s5,1,0.864314,0.926553,0.936287
7a6e8d08-b802-44db-9bec-792d0b155f9c,fog,s5,2,0.764428,0.865419,0.874431
7a71358f-247a-440a-99e3-00848f6e8cd0,gaussian_blur,s5,3,0.383767,0.554652,0.554709
7a7666ec-dd8d-41cd-9306-918884326fec,clean,s1,5,0.743035,0.829031,0.990294
7a793a59-8578-4c2f-ae94-5a20501fabc6,shot_noise,s4,3,0.687046,0.804916,0.863600
7a79c217-419d-4683-848e-939677b131ce,clean,s5,4,0.328620,0.396587,0.657240
7a7b66ad-5e7b-44be-bcd3-45665baff5bd,fog,s3,0,0.521480,0.638345,0.815850
7a88aa08-7afe-4f95-8948-abb08fca9ff4,shot_noise,s3,4,0.960713,0.979629,0.996352
7a91e7fa-e8c7-450d-ba5e-cbc9ed5a6fb2,clean,s5,5,0.841843,0.913705,0.919072
7a9c2169-d777-4931-b686-2193e05bb23a,clean,s4,0,0.854692,0.919785,0.944944
7aa92c64-5812-4dc6-93ca-ecb232a8c189,shot_noise,s4,4,0.900182,0.946649,0.962839
7aaac19c-81f1-4699-bd0f-20d60725f39d,shot_noise,s4,5,0.914066,0.953943,0.980315
7abbe010-62d3-47cf-afa2-ce9751eb9f61,shot_noise,s5,2,0.871235,0.931144,0.931819
7ad5ef28-9244-4aeb-b928-0c7ecb23c948,clean,s4,2,0.390167,0.552067,0.581989
7ad9fafb-13df-467d-977d-d590edb7f47c,shot_noise,s5,4,0.899217,0.946808,0.949303
7ada13c5-eef8-4ab4-94ea-898f2bf253fe,shot_noise,s5,4,0.606744,0.753769,0.761248
7adfeaec-e515-4c55-a2e9-361c8468c474,shot_noise,s3,0,0.633459,0.740939,0.909417
7afcd6ac-6af0-4f69-9ae2-902fd9f707f4,fog,s5,4,0.923430,0.960190,0.960222
7b09621e-b3f9-440f-b2ea-c141c851a660,shot_noise,s5,5,0.204673,0.328022,0.357325
7b2c709e-21b4-4a8f-9390-666538f66803,shot_noise,s5,2,0.884849,0.938887,0.939234
7b32a183-304e-46be-8d34-82e1da4a04dd,gaussian_blur,s4,3,0.861527,0.923190,0.957158
7b421729-75b7-4278-b4a4-fd7e18f96c5b,clean,s5,5,0.949656,0.974173,0.974395
7b433106-eab9-4f45-89e9-425b9dc35ac2,gaussian_blur,s4,1,0.892191,0.941751,0.964885
7b442f35-0c89-479b-b7c3-4d3317fb9980,gaussian_blur,s4,2,0.400990,0.571972,0.573525
7b461a19-6d09-4cbe-8500-9af0b1f3d561,clean,s5,4,0.707296,0.827208,0.836362
7b4bd0d1-749a-4b7f-b06c-6a43954dc0b1,fog,s5,3,0.722650,0.838784,0.840325
7b4db552-35b2-45ab-a4dd-af02c848383d,clean,s5,4,0.929314,0.963349,0.963715
7b50ce7a-5e2a-4fbb-9c3f-e8f5d7474026,clean,s5,4,0.776899,0.873583,0.881250
7b540c9d-dab5-4809-b8c0-0b316c286606,gaussian_blur,s4,3,0.798882,0.884214,0.922608
7b6b5b0e-647b-4f10-b0a1-01e585436a20,gaussian_blur,s5,3,0.862315,0.925876,0.928661
7b6cf3ad-7a8e-4dfa-8596-c08299a98f0a,gaussian_blur,s5,5,0.234061,0.362504,0.405735
7b6d8166-bf1d-495e-b3b3-46f5452d19fb,shot_noise,s5,2,0.946183,0.972323,0.973211
7b738f18-941c-4198-9224-0e3a1235024a,gaussian_blur,s3,3,0.758697,0.849850,0.949006
7b748727-c06d-4985-b372-bf33be9cd674,gaussian_blur,s5,4,0.881836,0.937036,0.939940
7b80bef9-f83d-4309-84e8-9342886e987e,fog,s3,5,0.438751,0.544112,0.754224
7b8320ca-5950-4935-af36-b42852760ebe,gaussian_blur,s4,5,0.535446,0.687694,0.728677
7b849952-9832-478d-b635-de4e053914e6,fog,s4,4,0.961936,0.980461,0.987653
7b98e751-2ac1-4ed5-ac82-eb1316c83b53,clean,s4,3,0.896427,0.944467,0.961929
7ba0706f-3c3f-49b6-aaeb-e87f65d258c8,clean,s4,0,0.599827,0.727271,0.832709
7bc08efb-22fe-4e0d-897a-fcaf6e4dd269,gaussian_blur,s3,4,0.509851,0.591068,0.881508
7bc69162-2307-4811-bef0-5d875a721d20,fog,s5,4,0.470905,0.633942,0.657643
7bc855d8-3132-4f95-b69f-a960ad8e29cb,fog,s2,2,0.389404,0.485261,0.706768
7bdcd85c-6da1-4baa-afa4-9b7849094d27,shot_noise,s4,1,0.767700,0.866154,0.886763
7be50a23-97bd-40a6-9d00-91e43f369a5d,fog,s5,4,0.693411,0.812536,0.853173
7bed3e1c-bdb6-4885-b454-ed81efb5befd,fog,s4,2,0.380654,0.550964,0.552405
7bf361a4-7c68-4edc-86ac-0941f3e30559,clean,s4,1,0.968797,0.984060,0.989877
7bf6d92d-f187-45cc-afca-35713cd5945d,clean,s4,0,0.834037,0.907583,0.930354
7bfbf932-3f48-4ce0-8b76-52af9e48d9bd,gaussian_blur,s4,0,0.467647,0.633062,0.648753
7bff4536-13cf-4d18-9943-f3a5b877954c,clean,s5,3,0.881710,0.937123,0.937358
7c0b051c-6ddb-4b20-8532-08dcc322d47f,gaussian_blur,s4,4,0.723035,0.826596,0.912277
7c174ff4-4455-4d02-8dd5-82dac752fa16,fog,s3,4,0.949965,0.973791,0.995296
7c1998ff-05d3-4489-a7c0-9174c1bfee97,fog,s5,2,0.725684,0.839773,0.848939
7c23c206-e2b9-4b41-bbbf-60f98fb0100d,gaussian_blur,s4,3,0.442073,0.578908,0.694324
7c25ceee-df42-43f5-a589-6586e625b28f,shot_noise,s4,5,0.577481,0.696271,0.850304
7c321dd3-f12b-4953-be82-997524bc64c5,shot_noise,s5,0,0.735411,0.847522,0.847621
7c3a0141-d39a-41cc-8eb7-21926666b994,gaussian_blur,s4,2,0.799590,0.882329,0.942234
7c4a996b-1f07-48dd-bae5-846cbd5636b8,clean,s5,2,0.653778,0.783620,0.823125
7c4c51b5-c0ef-48e0-9d84-3d5ceb7d0093,fog,s4,2,0.812255,0.894806,0.911579
7c57c97f-d7bd-481f-88a3-83ad7894f7a6,shot_noise,s5,0,0.931274,0.964414,0.964414
7c628a8b-3bb7-4759-9f80-dc579b3805b6,fog,s5,3,0.663896,0.796871,0.803568
7c69efb8-e42f-474d-8235-91933258c4d6,fog,s5,3,0.734890,0.838831,0.899051
7c6c6f5f-20d5-4b34-b2de-3e48e25b6299,gaussian_blur,s4,2,0.954961,0.976769,0.985270
7c7973ab-5092-413b-8afa-478dda987068,clean,s5,2,0.564848,0.716236,0.741953
7c8c1775-8c09-453a-8bfa-d59704cf6005,gaussian_blur,s5,3,0.650532,0.782843,0.813259
7c8f4adf-326f-42f8-974e-dc63935d8b74,clean,s4,1,0.972499,0.985971,0.992267
7c97c870-ec98-4aec-bbce-2710b507c108,shot_noise,s5,5,0.457387,0.619364,0.649531
7cad9680-660c-45e8-8b80-73be66f891ed,gaussian_blur,s4,2,0.545984,0.650795,0.865347
7cadd378-5bc6-417e-bad5-cd199850697b,gaussian_blur,s5,4,0.623017,0.765928,0.775413
7cb7bca3-6871-44ae-947c-bd4f8a71a170,gaussian_blur,s5,4,0.969383,0.984423,0.986426
7cb87160-2ef2-4426-8422-6c56fe31c425,shot_noise,s4,5,0.938407,0.967659,0.985728
7cc19725-2b83-48b6-9ca6-c6c9427af619,fog,s5,5,0.633504,0.770410,0.798411
7cc485e9-6789-46ee-ae04-d37cf58f8a52,fog,s4,0,0.734274,0.842358,0.874832
7cc63f40-b96e-4843-9a5e-58cd59236f64,fog,s5,4,0.678436,0.808406,0.808459
7ccc08d3-e5fc-4e35-b766-ffe964f1c385,shot_noise,s4,1,0.894450,0.943795,0.952992
7cd6971a-879b-43bf-92e9-2d969507c89b,fog,s5,0,0.731079,0.841525,0.864379
7cd7b9f3-2135-4b42-af8c-8b014004ca70,fog,s4,0,0.251396,0.399764,0.405151
7ce19689-ff6a-45ac-a158-a1e96dafbafd,gaussian_blur,s5,1,0.367601,0.519585,0.575053
7cef8ed7-592d-4262-98e1-24c6fe1adf03,shot_noise,s5,0,0.841473,0.912609,0.928829
7cfb3c6b-9420-486b-a3e1-51f131256be5,gaussian_blur,s4,0,0.390167,0.552067,0.581989
7d032bad-4542-49bf-aeea-c1451222b458,clean,s3,4,0.557199,0.653347,0.895349
7d20c07e-4a99-444d-be79-19a723e984df,clean,s4,3,0.821336,0.895735,0.961080
7d2b757e-11d2-4e4e-9779-278052e3cd75,fog,s4,2,0.446574,0.606758,0.644545
7d3ad254-9dc5-4509-84fd-58d8755eb1e0,gaussian_blur,s5,1,0.759690,0.863433,0.863465
7d3f669f-fc72-4192-a0cc-494cffc685cf,clean,s3,1,0.796883,0.876133,0.974379
7d438bcc-076c-40ad-b30a-0bfcb228b76d,shot_noise,s4,4,0.589938,0.686067,0.920544
7d48bd89-0bd5-4749-8ac4-8675481bfff7,fog,s4,5,0.883766,0.936467,0.967099
7d4f3cff-b490-4f2b-8956-85e8d070ac7c,shot_noise,s5,0,0.782905,0.877365,0.885335
7d4f79bc-75ae-47ae-b0a4-c12cf354694b,shot_noise,s5,4,0.681070,0.801106,0.856414
7d66d608-d2c1-49b2-a6b6-5f33a1bfe683,shot_noise,s5,2,0.959831,0.979503,0.979539
7d7581c1-3cf5-4881-885c-86d93671ab3d,fog,s4,3,0.638449,0.762246,0.851207
7d833dc8-8b0f-4edf-aec8-6aded47ab7c9,clean,s5,4,0.912657,0.954165,0.958037
7d83443c-2506-47e8-bf6f-9a47e88a1fec,shot_noise,s4,5,0.875242,0.932148,0.952973
7d8b8b17-a873-4ea0-aebd-325b10259d3b,clean,s5,5,0.727568,0.841169,0.849445
7d8fa30b-9e0b-45ba-9a00-70a1c1781b88,gaussian_blur,s4,2,0.842077,0.912929,0.929653
7d8fbc1b-d6e6-4aec-8d43-c0a7aac7425f,clean,s5,5,0.805851,0.892485,0.892530
7d9b4571-607d-4569-bb85-dd06e3874f2d,shot_noise,s4,3,0.943203,0.970335,0.985499
7da83895-3a70-4b93-88fb-8421c51b0cdb,clean,s4,1,0.834037,0.907583,0.930354
7db9b7a4-4888-42bb-aff4-221236eb3464,clean,s4,4,0.408637,0.486170,0.763162
7dbc2b1f-56bf-4cf4-8439-bbc9b7c0ee23,gaussian_blur,s4,5,0.932784,0.964550,0.984224
7df64d48-8752-462b-9571-189f7750d401,gaussian_blur,s5,0,0.933229,0.965385,0.967668
7df6613c-d9c4-441b-a98b-ea2580e0dc1f,shot_noise,s5,3,0.905410,0.950354,0.950423
7e007a53-db6b-47ad-b7dd-77c2b1036c81,gaussian_blur,s5,0,0.665611,0.797507,0.807796
7e0474fe-d3de-4fcf-b774-3bb2384e367d,clean,s3,2,0.901236,0.946034,0.985466
7e09a383-ecaf-473d-aefc-8227bb8fd16b,shot_noise,s4,4,0.950199,0.974129,0.987420
7e0e6b28-5501-466f-910a-80da05fded88,fog,s5,4,0.810445,0.894561,0.902300
7e286d61-a876-449e-bba0-932e8dc8aa4e,fog,s4,2,0.850635,0.917695,0.938672
7e31ca4c-649c-4f56-8034-3af8ebb5146b,fog,s4,2,0.816265,0.895935,0.926747
7e34a9b6-cb69-4a03-933b-f72674bb6f16,clean,s5,0,0.888631,0.939610,0.964566
7e45ccba-64ee-4862-9070-711be744c343,clean,s4,4,0.964442,0.981702,0.992715
7e46e8ea-2daf-4188-aa6e-08b21e8b5f85,clean,s2,2,0.926871,0.960697,0.996415
7e548919-d772-4539-8d21-f3a0883b4808,clean,s4,2,0.889362,0.940114,0.963611
7e6ff70b-b671-4f7d-b7de-d742c9e0c67b,shot_noise,s3,3,0.540111,0.631734,0.890544
7e756f41-814c-4ede-b9a9-28c52bc6dd33,clean,s4,1,0.911467,0.952652,0.975453
7e764ec0-83a4-44f5-a0fe-adeea682166d,gaussian_blur,s3,5,0.641567,0.747193,0.917957
7e7679e7-8f11-4d11-af1e-74b07efd08b0,fog,s3,3,0.716659,0.812874,0.952901
7e8fe8b3-7b41-4c73-917c-bc5f63217b04,clean,s4,2,0.949353,0.973772,0.983427
7e9e12a6-bf03-4139-a567-0266d311fbfe,gaussian_blur,s5,3,0.819383,0.899356,0.914340
7ea12d22-38c7-419e-9172-66b39a4c6389,gaussian_blur,s5,5,0.721416,0.834520,0.860197
7ea4eb81-dae7-4b82-8b2b-04c8c17429b2,clean,s4,4,0.834037,0.907583,0.930354
7eb5a52b-7a5d-4986-98ae-01c238a74eea,gaussian_blur,s5,5,0.921360,0.959069,0.959115
7eb90590-3b4d-4c3c-8d9c-9983d366431f,gaussian_blur,s3,3,0.946426,0.971847,0.994816
7ec2eb4f-6ad0-4997-9fad-a05e8ba3d3dd,gaussian_blur,s4,5,0.442712,0.469615,0.885424
7ed05d23-9232-4b05-b5e9-da5ff85b8267,clean,s5,0,0.857630,0.923291,0.924251
7ed0e946-28af-4b60-b82d-bb6236f1df0b,fog,s4,4,0.607839,0.737536,0.826800
7edfa4ca-18e6-4d33-b555-d58d9254847b,fog,s5,1,0.613012,0.757896,0.769120
7ee308b4-e5d9-4ada-8509-433917cf3bbb,gaussian_blur,s5,1,0.908011,0.951787,0.951813
7ee62ece-9820-4635-8436-58c77cc51619,fog,s4,3,0.448928,0.473090,0.897856
7eefcbfe-9285-4a70-a7c4-afbd9c6b6f59,fog,s4,4,0.687401,0.810903,0.835063
7f0ccf4c-8ea0-4369-9169-6607a730e336,gaussian_blur,s5,3,0.783414,0.878531,0.878763
7f1779c4-1d64-471a-8009-1b5754c59adb,clean,s5,3,0.271773,0.352141,0.543547
7f17a36b-5e4d-47fd-b8ce-c6a27be696d2,shot_noise,s4,5,0.572147,0.714601,0.774293
7f19f276-5960-4638-b319-ca28f973b05a,fog,s4,1,0.494618,0.645087,0.709141
7f32a55c-b3d7-46d6-b919-068dcbcc9c1a,clean,s5,5,0.916771,0.956505,0.958264
7f3c162c-b19a-4332-9464-5ef0a007584d,shot_noise,s4,2,0.855310,0.920135,0.945531
7f3e50d5-5175-42d4-a525-e9e0893b7c90,gaussian_blur,s5,2,0.754554,0.859898,0.861616
7f407bd2-8e55-4818-bf20-adbcd6d056c7,shot_noise,s3,2,0.961701,0.980196,0.994652
7f4a05e9-245d-4620-a428-e5c1224ec95c,gaussian_blur,s4,3,0.444296,0.547785,0.764413
7f7044db-3abf-489a-8150-800602879dec,gaussian_blur,s5,3,0.909284,0.952468,0.952892
7f715c06-7f3a-462d-8031-4bd9c600c357,clean,s4,5,0.745236,0.846101,0.905504
7f82fdb0-af6a-45be-abae-faf2c8208165,clean,s3,1,0.760733,0.850552,0.954826
7fb7d954-6d60-431c-928a-7227953f2668,fog,s3,3,0.757239,0.848354,0.950853
7fc0ef6c-8dc8-48c7-84b3-64fa4921d4b8,clean,s5,0,0.804280,0.890500,0.900880
7fc5f071-924a-4f72-89ed-6da4dcb47d6b,shot_noise,s4,3,0.617213,0.751095,0.812357
7ffb237c-5e48-4f41-8d44-c24df3a2ed85,clean,s4,2,0.935547,0.966469,0.973611
7ffcb11c-6daf-4a4a-b48a-d83154bab0bd,shot_noise,s5,3,0.760296,0.860281,0.889211
800100f9-717a-4b51-a4ab-8600b5558896,gaussian_blur,s4,0,0.442712,0.469615,0.885424
80050b80-58da-40cd-a95a-f6317847148d,gaussian_blur,s5,3,0.361519,0.498700,0.595589
80052b44-9b71-453b-80d4-bebd6082b763,shot_noise,s5,5,0.862506,0.925242,0.938697
8010e7c5-7087-4d88-8e65-dfc0ff47898a,shot_noise,s4,3,0.949498,0.973720,0.988373
80125432-8104-4b60-8586-9551b6e9f820,gaussian_blur,s4,5,0.726166,0.829169,0.912740
80293f6d-ae1d-4d6a-a6c2-a58bd7483c24,shot_noise,s3,4,0.932249,0.963855,0.994872
80302344-ea0e-4692-8943-7937c85d75a5,shot_noise,s4,2,0.949287,0.973605,0.988319
80327960-a08a-440c-a2d9-f1b97b89d778,fog,s3,4,0.528707,0.631075,0.856048
806919e9-ed00-48df-81b3-04aad420abaa,clean,s5,0,0.930731,0.963948,0.968987
806e02f7-76d5-4db0-b0db-cc0dd1b0fffe,clean,s3,4,0.901236,0.946034,0.985466
807e85bc-30d3-45a6-8698-21fc6c0696cd,gaussian_blur,s5,1,0.714662,0.833559,0.833770
80862ac5-da66-4f88-b24b-8befcbf373c7,shot_noise,s4,4,0.887737,0.938721,0.970053
809147bf-facf-408c-a233-e2495a83d7dc,clean,s5,2,0.433250,0.597974,0.620976
8098fd49-5188-4c0f-bb6f-23cbb6450a2d,shot_noise,s4,5,0.521654,0.595525,0.908438
809a402f-5467-43c7-9278-d3ad9fb472b0,gaussian_blur,s4,1,0.348554,0.503105,0.544753
809c398f-6f10-4f13-aaaf-d28c130baee1,fog,s4,2,0.657439,0.785746,0.828667
80a1a08e-3ace-4f72-8da5-76fdbd4e4c12,fog,s2,3,0.916270,0.954487,0.996258
80b0560c-a339-4cfb-b877-64c7e5d17847,shot_noise,s4,2,0.551329,0.637458,0.913035
80b09dbd-1449-4b23-a497-12ae8a39cca9,gaussian_blur,s4,0,0.234458,0.329511,0.454942
80b98df9-8bf6-4dc5-bd53-988f1bc40257,shot_noise,s4,2,0.978963,0.989309,0.995072
80be60e2-c98e-49b2-80c0-f22d721f9b09,shot_noise,s5,0,0.905159,0.950133,0.951952
80d9337a-f0e0-4b93-bfa6-96d348d175e5,shot_noise,s3,5,0.441530,0.574461,0.702176
80e86932-9139-4e6f-add4-833ecc21f016,fog,s3,2,0.790494,0.874364,0.951649
8100694a-2c92-4a9c-976e-f7551c9688cc,shot_noise,s2,1,0.952607,0.975178,0.997910
810321c5-03c4-4b95-83dd-d3b3aca306fd,clean,s5,1,0.970083,0.984785,0.986757
81263dae-e898-47ac-8bb2-9a50b416786f,gaussian_blur,s4,4,0.932785,0.964580,0.983412
81264637-5a41-413c-a4fe-d22e208b69a0,shot_noise,s4,1,0.648458,0.767197,0.870713
8129e3c2-d98a-4a0a-86bb-5fa0e82bc85d,clean,s5,3,0.931544,0.964474,0.966949
812c3650-16de-4e68-89a2-7b7b802aaab2,shot_noise,s3,5,0.527200,0.654859,0.793429
8141cef8-35b1-4047-babb-ee316c812073,shot_noise,s3,2,0.350754,0.421608,0.688326
81528ee2-4001-44e5-a080-e3b3707932cc,gaussian_blur,s5,5,0.146536,0.253150,0.258918
8153038e-5074-41d7-bf45-210642ba5f43,clean,s5,2,0.545030,0.694503,0.741611
815ec9a0-6b30-494d-ac39-99aa5ad0549e,clean,s5,2,0.982225,0.991024,0.991984
81609a67-047d-4504-a5c6-6fef2f83c61a,gaussian_blur,s3,4,0.632792,0.737340,0.918880
81622546-b9f6-41c4-a120-796096b01633,fog,s5,5,0.610661,0.758058,0.759168
81651564-cd68-436d-8a88-dca4b936c839,gaussian_blur,s5,2,0.920290,0.958489,0.958533
816f60c7-b5bf-4a07-8ba9-fb4a58549663,gaussian_blur,s5,2,0.973792,0.986696,0.988683
817d88a6-c716-4be0-9c65-2bc40c919250,clean,s5,2,0.949656,0.974173,0.974395
817e0f3e-67d9-4fea-bcb7-110b9ad7419a,gaussian_blur,s5,4,0.984893,0.992389,0.992389
81821357-a5cc-4405-8a6c-e1570c5e9e0a,clean,s5,2,0.841473,0.912609,0.928829
818e9678-0bc9-4914-a22e-c0be55fadc8f,fog,s3,1,0.723962,0.819088,0.954817
8199e6d1-427d-46bd-b883-617853dd33e9,clean,s4,2,0.939014,0.967978,0.986331
81a10eee-13c4-4260-a3e5-bdabe96054eb,gaussian_blur,s5,5,0.754012,0.859305,0.862975
81b58c04-0697-4356-83e3-9bad65dd2e0a,fog,s5,0,0.804280,0.890500,0.900880
81cd0425-1bf8-417d-a3f6-e895598cc021,clean,s3,5,0.685834,0.786172,0.942120
81dad486-16eb-4f50-aaf5-58ec3bf944b9,fog,s5,2,0.868770,0.929212,0.937760
81dbe66f-6f56-41f8-af03-9d81e09ee1b9,shot_noise,s4,1,0.958722,0.978703,0.989381
81e8eeaa-e0d9-4025-a5e0-75c68d11bc99,clean,s5,2,0.836298,0.910797,0.911473
81f4327a-7291-43e9-ad33-372a9b10e933,clean,s5,2,0.977147,0.988439,0.988671
81f6a9d3-5aaf-415a-9c4b-24de18487acf,clean,s3,4,0.661465,0.769189,0.913456
81ff1911-8f17-494a-8e86-975b00ff849c,clean,s4,0,0.914408,0.954242,0.978207
82188ca9-37b5-4aaf-aa47-9a45939bf24b,fog,s4,5,0.837586,0.910112,0.928339
8220c23d-dd08-42b8-b47a-3a348728e750,clean,s5,4,0.811888,0.895817,0.899655
822a97f4-6b83-48cb-86dd-ad27a468e310,fog,s5,5,0.972692,0.986154,0.986425
822f3f68-b0fb-407a-aad8-e134266f86eb,clean,s2,3,0.477349,0.541657,0.874365
8230b06a-b4ad-44d6-b194-ade01a4184c3,clean,s4,3,0.734274,0.842358,0.874832
823e5045-c269-4199-a14c-25429da5f54f,gaussian_blur,s5,3,0.714983,0.832883,0.839339
823f3626-9911-4759-ba0b-b2d5a025464e,clean,s2,0,0.391945,0.488670,0.708843
824bea9b-1631-41d5-bac4-cb278d5f7d41,gaussian_blur,s4,2,0.971343,0.985369,0.991888
825865d5-8f13-4970-b5f9-76a1de3a4831,clean,s4,2,0.745236,0.846101,0.905504
825c620d-4e11-443f-8779-6294f1e83680,gaussian_blur,s5,5,0.880470,0.936262,0.939165
8260b07f-82e9-4864-acfc-4d5ef516824e,gaussian_blur,s4,4,0.795318,0.878731,0.945856
8265bedf-adab-45ad-a53a-5daefe995e4f,clean,s5,4,0.909497,0.952496,0.954871
8269626d-5b71-4cc8-b8bf-203e509d16b6,gaussian_blur,s4,1,0.958535,0.978760,0.982059
826d4a8a-4360-4337-9e60-4305f8ba69e6,shot_noise,s4,1,0.938219,0.967555,0.985685
8272a2c3-3164-4334-96d4-e33d468fc4c0,gaussian_blur,s5,5,0.909070,0.952365,0.952460
827ace21-aef3-43a9-b288-2d9d0a6bf505,gaussian_blur,s5,0,0.884788,0.938493,0.945045
827b562b-7967-4a74-bb78-713446cda160,clean,s4,2,0.650975,0.782356,0.817259
8283224a-0740-4052-a269-daaf79534c73,gaussian_blur,s5,2,0.890421,0.941220,0.955883
828d7294-0fe6-455c-9b4f-cf5a54ac081f,fog,s4,3,0.845961,0.913847,0.947964
82933e6d-6e59-4dd2-a601-9f816eaeb411,fog,s5,0,0.236396,0.365524,0.408987
8295f5fc-3672-4f4f-82c2-211f1db3eae1,shot_noise,s5,1,0.931337,0.964427,0.965045
829b10d7-810f-48b9-bd3b-aa628f7aaa4b,clean,s3,4,0.481174,0.490406,0.962348
82a08d07-2082-40f4-b673-f7956fb543fe,clean,s3,0,0.498881,0.630932,0.759797
82a7a333-6df4-48a5-929b-2186705b77f7,shot_noise,s5,1,0.937463,0.967637,0.970363
82c46963-cfbc-43d1-a167-03f02c72b8b1,fog,s4,2,0.908642,0.950840,0.978475
82cef328-3b92-4222-acf1-c5c7d3a349b4,shot_noise,s4,2,0.909200,0.951259,0.976695
82e3d534-cdc2-411c-be6f-437b5fbe2b15,clean,s1,2,0.743035,0.829031,0.990294
82f9e3af-c10b-4cae-adb9-3142198d3fbd,shot_noise,s2,2,0.867118,0.923680,0.996315
8306fdd3-d154-49ca-b6b7-f612b5d9269d,gaussian_blur,s4,5,0.596302,0.731247,0.806108
83093d7c-ae99-4c8a-9f9f-27edd5e79db5,gaussian_blur,s5,3,0.961925,0.980560,0.982287
832866bc-642b-43f0-8374-ccc04a17dde5,gaussian_blur,s4,4,0.957198,0.978056,0.981515
832b01c6-600b-4eeb-aee0-70f55fbdc6b0,shot_noise,s5,0,0.934947,0.966373,0.966587
8337eb03-d9af-42d4-a927-ea773a235735,clean,s5,3,0.984694,0.992288,0.992288
83405c5f-2552-41e9-b32c-edd6b0639a44,clean,s5,0,0.743577,0.845309,0.902213
8347ab33-8359-414c-a231-48a87ffa5cbc,gaussian_blur,s5,0,0.375428,0.532889,0.573776
834c1e38-246e-4e72-a6a9-26908812491a,shot_noise,s4,1,0.915108,0.954627,0.978709
8352dc70-f962-487f-8223-8ef3c5a49a57,shot_noise,s5,2,0.827048,0.905338,0.905339
8355c365-d40f-4ea2-adc8-cb08830194b7,fog,s5,0,0.930599,0.963942,0.967099
8358d2f1-6f75-440d-86bb-d98113431a86,fog,s2,4,0.526999,0.566432,0.975801
8361cf00-1439-48ee-832d-1ad3e5311f23,gaussian_blur,s4,1,0.402797,0.451707,0.797826
8368301b-ed94-4292-ad4c-2451afd3fd35,fog,s5,0,0.933229,0.965385,0.967668
8370a480-0c13-4a15-b8b2-4a508b10b6ad,fog,s5,0,0.881710,0.937123,0.937358
83843b54-2002-4082-8b64-28c1bb7fb456,shot_noise,s3,2,0.908259,0.949905,0.992240
8384dffb-7d04-4efc-a52a-38c4f7f40652,clean,s5,3,0.731079,0.841525,0.864379
838d67e9-5321-4440-a666-e42630ad63e1,shot_noise,s4,5,0.892488,0.941590,0.970589
83a07890-a898-4584-b52f-2d77ff8cf504,fog,s5,3,0.441955,0.481664,0.866363
83a35b0d-c3bd-447f-981b-c771036034a2,fog,s4,5,0.851512,0.918717,0.933152
83a7e928-86c5-47da-8fa5-c6b3935acdcc,fog,s4,1,0.803129,0.887657,0.918940
83a8db39-f837-4030-bca6-0932578511c5,shot_noise,s4,0,0.390167,0.552067,0.581989
83c612c1-08b0-432d-b9cc-c4f59957aa1c,gaussian_blur,s4,5,0.535412,0.637589,0.862503
83ca4030-f468-4807-8f62-276e64360041,gaussian_blur,s5,4,0.911683,0.953801,0.953802
83e5521b-1e4d-451b-b0dd-715dbff9ee9d,fog,s3,3,0.731367,0.821217,0.976991
83e767c8-d74d-4a84-9ddd-1f18c0f826b3,gaussian_blur,s5,0,0.841843,0.913705,0.919072
83ef073c-72ff-49c9-ad9b-f76db3dd644d,fog,s4,2,0.775673,0.863144,0.950556
84148ab3-4e66-4452-861a-5f70b0139cd2,gaussian_blur,s4,5,0.976031,0.987794,0.994112
84182590-e808-434d-926c-b40ac695a7ea,gaussian_blur,s5,1,0.747983,0.853088,0.874448
84191b4b-5c44-4ca3-8457-2cf76d4bd4d2,gaussian_blur,s5,0,0.836298,0.910797,0.911473
8425dd19-2d71-4e7f-b64d-9bf9a85d6f55,gaussian_blur,s5,3,0.800604,0.888181,0.898928
8428ac56-788a-4308-a191-cbe4e8958f32,shot_noise,s2,3,0.926034,0.960213,0.996374
8431ae45-4c0d-462d-bc3a-93cbe989eba6,clean,s5,2,0.884788,0.938493,0.945045
843cd104-9aeb-4c4b-a1ad-1ecfdadc634c,gaussian_blur,s5,2,0.272432,0.352694,0.544864
843d0d72-03d3-432c-9419-c7072dfa8542,clean,s5,2,0.735411,0.847522,0.847621
844ae4b9-bed5-4069-9184-bd4d296610b1,gaussian_blur,s4,4,0.958510,0.978586,0.989525
8451cfd6-ef9b-443d-bb73-753eabf2eb9d,fog,s3,0,0.729310,0.823932,0.954431
8453047f-ed39-4df9-89a3-54b626bbc6f0,gaussian_blur,s5,1,0.365826,0.535685,0.535685
8481d831-8379-4aa6-a460-15add0b63c7e,clean,s4,2,0.663027,0.774351,0.899403
84b9eb9f-7de5-45c3-b5b5-545037540a59,fog,s4,2,0.229957,0.372566,0.376097
84c0a551-1c8c-47b5-94f0-efe19eb15b68,fog,s4,1,0.863377,0.925678,0.940164
84c1a4db-af9f-44a9-830b-b1756b31f8ce,shot_noise,s5,2,0.818786,0.900122,0.902805
84c90626-1356-460c-b8a5-3576a13c9313,fog,s5,5,0.301440,0.376123,0.602880
84cf5806-0e12-4c43-a5e5-6afe56b9a543,fog,s4,1,0.490959,0.634602,0.724208
84d225ac-029a-4178-8e59-f7cc2be11e1c,clean,s2,5,0.923010,0.958392,0.997740
84dcc738-4a1f-4b9f-917d-98b8b364b15f,gaussian_blur,s5,4,0.926881,0.962020,0.962929
84e10614-4cb4-444f-af33-25a95b5dd555,gaussian_blur,s5,1,0.332540,0.464668,0.563440
84e83402-8140-4415-b765-7f833e493fc9,shot_noise,s3,5,0.852557,0.915991,0.973019
850096c3-6689-4b32-9dc5-1852f1fe509e,shot_noise,s5,4,0.914317,0.954281,0.976230
850462e1-ce0a-45d9-a298-775e3d303658,clean,s4,1,0.580438,0.721402,0.781643
850f7ccf-b74f-475a-aa58-8e11e7df7551,gaussian_blur,s4,3,0.520847,0.632016,0.828774
8510f646-f8fc-4d86-84dc-738364a4d923,fog,s4,4,0.553267,0.646377,0.899072
851127dd-0dfb-4933-9a80-c48aa8643f7d,fog,s4,1,0.776768,0.863375,0.954770
851ff794-f488-4128-a029-691da7046cbe,fog,s3,5,0.898982,0.944836,0.982482
854c97c2-c25c-44c6-9fb2-a645aca68eeb,fog,s5,0,0.912657,0.954165,0.958037
85502cd1-376c-45f7-8e6a-434a402d1cba,clean,s2,1,0.876559,0.930134,0.992704
8557886a-8350-4c82-abec-2b6f6e154376,clean,s5,2,0.639752,0.780303,0.780304
855df76c-d1a2-4e26-bdae-bb35f8a5388f,fog,s4,4,0.947548,0.972957,0.977157
855e7f04-33e8-4a5e-96e0-0fc0376147f1,gaussian_blur,s5,1,0.816899,0.898921,0.902208
8560165d-62c1-472f-83a8-3208262cd3f1,clean,s5,3,0.912657,0.954165,0.958037
85670144-74f8-429a-aac1-faf4d733b50b,shot_noise,s5,0,0.905948,0.950650,0.950716
856aa900-17e3-43ac-83ba-b6200f68d176,gaussian_blur,s3,4,0.661627,0.764493,0.931676
857a1562-0b97-42a5-9664-2038fbf49412,fog,s5,1,0.412040,0.582841,0.585451
857c6dca-5e01-40af-9616-4acd80d8cc94,gaussian_blur,s4,1,0.927284,0.961684,0.977557
8588c4f3-7f57-4ad8-9f87-1951c74723ce,fog,s5,3,0.819462,0.899440,0.914042
858b5008-0f69-4409-aac3-c69abb3bbe7c,clean,s4,0,0.653408,0.788102,0.801115
858b5b65-81f2-41ad-bd78-22f8188b1cc2,shot_noise,s3,0,0.478570,0.500188,0.941760
858e27b8-a458-4b60-9386-799786f84c92,fog,s4,4,0.921775,0.959065,0.964933
858f0c9d-e79c-45b1-b649-8adf772232c4,fog,s5,4,0.848202,0.917854,0.918030
85917845-cd76-45c2-804a-a770a097272a,clean,s4,4,0.962527,0.980729,0.990066
85929125-4a53-46c6-8cc5-69bdc544f8bb,gaussian_blur,s4,5,0.740414,0.847829,0.870685
85a9a297-f2a4-4d12-8237-42961ac0a2c7,shot_noise,s4,5,0.467127,0.627493,0.661753
85b5211c-8c25-43af-9004-fd4b033c4392,shot_noise,s5,2,0.928562,0.962888,0.964835
85b84bae-606b-4806-a655-2f903f132f4c,fog,s5,0,0.774561,0.871818,0.881877
85c3c9d8-f4cf-42a8-bbfd-57062f61b66a,clean,s4,5,0.959172,0.979060,0.983964
85cde8d4-8ec1-4b60-9739-550ee9e56c10,fog,s3,5,0.884930,0.935852,0.987280
85ced914-5b73-45bb-9cbc-54442041e0d6,shot_noise,s5,4,0.591908,0.737928,0.765461
85d6b837-d355-4d77-b4ea-0bfa575fd668,shot_noise,s4,0,0.975249,0.987388,0.993941
85f086c2-0e2b-4eeb-9a1d-ef603b652fcb,gaussian_blur,s5,0,0.888631,0.939610,0.964566
860bda78-99c7-4586-8dd2-8313e15df6c8,gaussian_blur,s5,0,0.782905,0.877365,0.885335
8615541e-f3ff-4649-88ff-d162bf1d7acf,clean,s5,2,0.641852,0.781838,0.781979
8617d32f-270c-4971-83b8-aa58dd5dce8c,fog,s5,3,0.895509,0.944716,0.947748
86414787-5bfe-480a-904e-c36522ea656a,shot_noise,s4,0,0.932206,0.964521,0.975979
8642a7c2-cc5c-4e8b-be8d-ea0a7a0b6b10,gaussian_blur,s4,1,0.920985,0.958491,0.967925
864d4d23-c672-4f17-bf77-db357a052bf4,gaussian_blur,s5,2,0.893060,0.943507,0.943564
86559770-1e6f-470f-ab34-230ff92f72ac,shot_noise,s4,1,0.747549,0.847768,0.906597
866ff64e-fd37-4af4-9738-e5eb46d9ef57,gaussian_blur,s4,2,0.679759,0.784103,0.926304
867061b4-a856-494a-b7af-ce27edd9720f,shot_noise,s5,3,0.345967,0.408960,0.691934
86816750-d521-46c0-8fab-77c9f16a043b,shot_noise,s5,1,0.652532,0.788182,0.797072
8683bb75-e3bc-4b5e-8737-d4788bbf0018,clean,s5,0,0.394083,0.563972,0.568560
8688e9ed-81e1-4ff8-94cc-b82d79279470,clean,s4,5,0.962527,0.980729,0.990066
86a3e007-b639-43d3-9404-f2e4619ed752,clean,s4,3,0.939014,0.967978,0.986331
86a6a7df-c487-4594-9385-a105964da71a,clean,s5,1,0.750076,0.855640,0.867948
86aa82ef-8ccd-4893-ab98-629716eb9dd4,gaussian_blur,s5,2,0.586422,0.736200,0.751056
86b2b438-300a-4158-a236-dcaef0a4f833,fog,s4,0,0.924091,0.960204,0.969200
86b829aa-b316-47e6-9713-f486ab24de01,fog,s4,5,0.965886,0.982545,0.988523
86bbf163-992f-434f-97d5-1b3ae51af776,shot_noise,s5,1,0.379358,0.549809,0.550587
86bf3cd2-5f36-4364-a22a-ba4c05e15d2d,fog,s4,5,0.903215,0.947843,0.974149
86c518aa-f3e8-4524-82eb-cf48c70661c2,clean,s3,2,0.530602,0.648004,0.822078
86c9992c-aebd-4644-89b8-9418caf1cef3,fog,s4,2,0.502287,0.644849,0.735845
86d41f84-a70f-4b78-a8e2-60f342181001,shot_noise,s4,0,0.668430,0.783317,0.884114
86f371ba-a32d-4309-ab0f-19d8efb9aa94,gaussian_blur,s3,3,0.484052,0.551240,0.877622
86f89516-85e5-4c78-be6a-3d4c34cda6e8,gaussian_blur,s5,5,0.947157,0.972754,0.976821
86f9c837-9515-40d9-ac74-c8532cb5eef9,fog,s4,5,0.959495,0.979063,0.992028
870dee5e-6b1b-4187-8976-cafb0b11ac55,clean,s4,1,0.769524,0.865961,0.898040
870ed2b1-7ef0-44d2-bcb6-49d925d2bcb3,clean,s5,5,0.984694,0.992288,0.992288
8713d4df-f23f-4f17-a8ed-f093d70f91bf,shot_noise,s4,3,0.357730,0.512374,0.556849
871d9ba1-ebc2-490d-8250-3d0cba5f3621,fog,s5,5,0.507864,0.655882,0.725167
872a4904-36c0-4d3e-84c1-6e534bc4b3d8,fog,s3,2,0.630621,0.736457,0.913931
872d1894-7c18-4886-b67a-eb2290ac49af,fog,s4,0,0.599827,0.727271,0.832709
872f8a6d-69cc-4604-9ddf-b39f14e2c2d3,shot_noise,s3,2,0.655208,0.764017,0.908971
8743c2be-c601-41c5-8908-91aa4ba6a9aa,fog,s5,1,0.933954,0.965746,0.968859
87552978-dbdb-44fa-bc5f-b5deb038afe3,gaussian_blur,s5,1,0.272483,0.352736,0.544965
876ecdcc-d9da-492c-a3f0-2d7a67b0eb1c,gaussian_blur,s4,3,0.934491,0.965498,0.984640
87754ddc-e350-45a1-97f3-04b302ff5782,shot_noise,s4,1,0.734190,0.841977,0.876760
878bc63c-7723-452a-824f-08ccd942d39f,fog,s4,3,0.701985,0.819036,0.857310
879cad15-3913-4527-b94f-ee98802c8937,shot_noise,s2,1,0.926034,0.960213,0.996374
87b4460a-e120-41f4-8354-2988cc74f211,gaussian_blur,s3,5,0.917923,0.955883,0.987163
87c65005-3643-47c1-af4f-38235ff7461a,shot_noise,s4,5,0.755212,0.853971,0.905499
87c85ab3-00a2-4c13-ba48-fbef784dd378,shot_noise,s4,2,0.946322,0.972230,0.979291
87d25c56-f41f-474d-bf50-036165e9ae6e,shot_noise,s5,1,0.924015,0.960294,0.965872
87dc15d7-f752-4307-bb72-e35c68e23403,gaussian_blur,s5,1,0.345967,0.408960,0.691934
87e0a5c1-8837-4cfc-9921-f374199615e7,clean,s4,1,0.792318,0.882210,0.900400
87e3b8a6-a695-4389-bbf9-339f2f0e0b71,clean,s4,0,0.978925,0.989289,0.995061
87f65366-5022-4eca-8d65-51c365df76a1,fog,s4,2,0.875745,0.931972,0.959994
87ff0612-4bf9-4194-892a-a291bbf47549,clean,s5,0,0.756795,0.859268,0.877877
881a5111-880b-44ec-bfcc-aa7eef5d9f3b,fog,s3,5,0.591729,0.712171,0.852366
88223490-16e6-4153-8531-9d2f3f2c0e97,shot_noise,s4,2,0.700870,0.809330,0.901755
8832a121-d1f6-4f10-bcd0-f631d5e6f821,fog,s5,5,0.784418,0.879186,0.879189
88334ddb-a981-4a84-b0e0-9804fd8786bd,clean,s5,2,0.877661,0.934792,0.935659
883d2f18-bf02-41d7-b5fc-d9bf71aa25ea,clean,s4,0,0.722901,0.830098,0.892544
883e6735-d29e-4dfc-a675-0969422e382c,clean,s5,3,0.331715,0.465803,0.558779
88441a48-0fba-4fc6-8593-d83d9be1dfb4,fog,s5,0,0.930731,0.963948,0.968987
8847e30d-d498-498f-af84-52f4a8754555,shot_noise,s4,0,0.935547,0.966469,0.973611
884b890b-23f5-4c1d-8215-ffd3b7745405,gaussian_blur,s4,2,0.476937,0.637756,0.668180
885247b7-1978-49eb-898d-6232a9fb59e3,gaussian_blur,s5,2,0.653219,0.790238,0.790245
88688852-62c9-4525-abb2-4c6c32613453,gaussian_blur,s3,5,0.921659,0.958098,0.986307
8874ae95-dfbd-4159-ad30-a904d827f216,clean,s5,1,0.900328,0.947431,0.949820
8879e478-3bc8-473c-becb-c8636eede59a,fog,s5,4,0.630270,0.770709,0.784112
88a5195d-b62d-47ab-b8a9-d2251a265427,gaussian_blur,s5,3,0.758009,0.862317,0.862581
88ab00aa-2ee9-4d66-9d78-4ef863658e5c,clean,s5,5,0.626037,0.768354,0.777189
88ae28c0-e9cc-478f-b452-6554a9f0c02e,clean,s4,0,0.745236,0.846101,0.905504
88b08bf0-4ed1-4dfc-a2b8-40c8e2fc8001,gaussian_blur,s4,2,0.528966,0.643182,0.828536
88b268c1-7d0d-4857-8de3-03cb0ab42974,fog,s5,3,0.981013,0.990403,0.991763
88b9e87f-b1b1-4977-abe2-4fb811031824,gaussian_blur,s4,3,0.851076,0.918696,0.930018
88caa3ae-19ba-40dc-b4b2-3547837c4e20,fog,s5,4,0.717790,0.834679,0.841969
88cdfe20-7cdb-40ff-8d76-f1a7e3e6abfb,gaussian_blur,s5,3,0.942895,0.970543,0.972811
88d02ec6-a9d8-404e-bb7c-306123baa859,shot_noise,s4,0,0.702782,0.811323,0.900335
88ef0ff3-d157-439c-be40-66c0afbf0807,clean,s2,0,0.876559,0.930134,0.992704
88f485ca-21cf-4f03-b316-e6d80c1f036d,gaussian_blur,s5,1,0.732629,0.844411,0.853867
89282e28-36e1-46ea-b6b2-2102e128d049,fog,s5,2,0.639624,0.780181,0.780331
894345be-cbf3-4b21-a8fc-32936678a15f,gaussian_blur,s5,1,0.882601,0.937298,0.943088
89443cd5-dd11-4596-9897-04af51bf18e8,gaussian_blur,s5,1,0.768406,0.868054,0.876495
89474f80-401d-406d-a5db-b1041db2998a,shot_noise,s5,4,0.902942,0.948978,0.949355
894fcb04-cf67-4cd8-862e-ffd24b0dc336,shot_noise,s5,2,0.434213,0.603042,0.611717
895e8d6f-f4a8-41d2-b085-a441fef15c98,gaussian_blur,s5,1,0.284480,0.429193,0.467051
8964dfc8-2c95-4fa2-b899-c221d5ae5008,fog,s5,2,0.956997,0.978019,0.978348
897684a5-3882-4022-a02e-3a8133013830,gaussian_blur,s4,0,0.982676,0.991226,0.995361
898589ca-7492-4c1a-aaa2-f3c32c082a6f,gaussian_blur,s4,5,0.694252,0.804104,0.898325
8990b013-4937-4710-b930-329cc65f1424,fog,s5,3,0.555919,0.696886,0.772981
89963247-9de9-42c9-919e-e29d03588cf0,fog,s4,5,0.959132,0.978951,0.988128
89986d7d-d494-46bf-9875-1cda88a0ac77,gaussian_blur,s5,3,0.931977,0.964770,0.965387
89a4e847-7a38-48cb-bfb1-1cbcbc694c1f,fog,s4,3,0.959528,0.979239,0.984514
89ad4f47-a46a-498a-8b32-0082651db7d0,shot_noise,s4,3,0.716345,0.821163,0.910613
89c088f0-4a6b-4f1a-8acd-4367712f0f6c,clean,s5,4,0.977250,0.988494,0.988525
89cfb3c0-97b8-4adc-b41c-9e4c41585272,clean,s4,2,0.836112,0.907713,0.943563
89d2c4e4-2ba5-4672-80c0-0e4abe84a16c,gaussian_blur,s4,0,0.902105,0.947743,0.963657
89ea6bcb-52a5-4a5d-9743-e32991aa0c2a,clean,s5,1,0.822013,0.901001,0.915564
89f7349c-ba25-4cab-82e8-4874de4c6f6f,fog,s5,0,0.888631,0.939610,0.964566
89feb9d1-03b5-4fc3-8dfa-55731bd54760,shot_noise,s4,3,0.909700,0.951927,0.969104
8a084d89-19e6-4742-8a51-7269ddb3cd50,gaussian_blur,s5,3,0.976645,0.988182,0.988419
8a12ffb7-eb88-427b-a7cb-b4dd2d431c36,fog,s5,2,0.651150,0.788721,0.788731
8a133acc-e35b-4fa3-931c-229869490c4f,shot_noise,s5,3,0.915292,0.954824,0.976775
8a232713-126b-4157-baac-68db0a3d79f3,gaussian_blur,s5,0,0.689320,0.813237,0.831375
8a2713ae-7677-4d9c-87fe-f163338dfaeb,fog,s5,1,0.505195,0.642995,0.750464
8a3ea0ff-63a0-44e4-9d87-8cc844f5cbba,gaussian_blur,s5,2,0.660248,0.793517,0.804293
8a418a2b-9bf9-4d4a-9932-083c7c05dab1,clean,s4,4,0.910341,0.952125,0.972739
8a45afa4-d194-411e-8b11-fb9d79620470,fog,s4,5,0.930016,0.963415,0.972596
8a47672f-bc74-4dff-9dc9-2e8fe4bd2f58,shot_noise,s5,4,0.368050,0.537621,0.539024
8a53da0a-ed1d-4385-ba8b-c3c184ae3a10,shot_noise,s5,5,0.813468,0.897141,0.897141
8a559b52-aa13-49b8-b6dc-366b6d9ef7ee,clean,s2,2,0.391945,0.488670,0.708843
8a60fa70-08ad-4e7c-bd91-d8bec190aa2e,gaussian_blur,s3,1,0.944081,0.970545,0.994720
8a61f90d-65d4-4b46-8574-18e335cb6153,gaussian_blur,s5,3,0.921364,0.959071,0.959115
8a682a36-a537-448a-81fc-96573178ddaa,clean,s5,2,0.298675,0.448249,0.481212
8a85d412-cf6e-4bed-bb6f-6f0b08e75b7c,gaussian_blur,s5,4,0.933667,0.965653,0.966929
8a8eecc9-713b-49f0-aa2d-4f6274188ea4,shot_noise,s3,5,0.792636,0.872922,0.974048
8a98493c-bef9-4946-b20f-ab2366d572fe,shot_noise,s3,1,0.456282,0.587616,0.721267
8a9a6b0c-5027-483c-b62d-9681c17cc174,clean,s4,0,0.719667,0.826067,0.899749
8aa25168-531a-4b68-a5e1-da45995ab062,clean,s4,0,0.701061,0.810493,0.896923
8aab9f0b-5dc8-4e97-b199-28cc50445914,fog,s5,5,0.856480,0.921912,0.932683
8ab3aac6-a653-4a91-b1f4-cd6f9412e630,gaussian_blur,s5,3,0.757382,0.861141,0.867717
8ab3c8c9-a149-4bc7-82ca-cf990308dcb4,gaussian_blur,s3,1,0.784265,0.866220,0.975291
8acb3da4-67f5-40e8-bcf8-2a02532492c5,gaussian_blur,s5,1,0.889106,0.941256,0.942016
8acfeeb6-c946-4019-9c51-564842c256fb,clean,s5,4,0.328446,0.400561,0.651163
8ad70c54-43f0-4fd4-b396-85f9111e71c4,gaussian_blur,s2,2,0.933005,0.964170,0.998031
8ad9c32d-6609-48d4-ae7c-9c48496ff8a7,gaussian_blur,s5,5,0.705219,0.817675,0.878992
8af0f340-ea10-4b9b-94da-b518b3557b8b,clean,s3,0,0.634854,0.742205,0.910261
8b003ce5-3838-42f6-bd20-5b72a85966a1,fog,s5,1,0.778818,0.874507,0.884825
8b092d0d-6579-4ca8-ac33-af82f1184634,gaussian_blur,s5,5,0.964519,0.981898,0.984180
8b0a420e-d08a-401f-b785-c3f8e36a672a,fog,s5,4,0.762160,0.864585,0.868309
8b0e4c43-35f4-4adb-b97d-f0e12abc6d8f,gaussian_blur,s5,3,0.906812,0.950811,0.957584
8b11d561-2ac0-4ff4-98cf-79b386553353,gaussian_blur,s4,3,0.642461,0.774086,0.818741
8b129365-5f30-4756-9169-8a4b3cc67dba,clean,s4,2,0.960663,0.979705,0.991361
8b22e5a3-1f56-4b8c-a891-c6b198b862b0,gaussian_blur,s4,5,0.960503,0.979678,0.988523
8b25f80b-a340-4c5b-82ae-ca7af80bce5b,fog,s5,2,0.900352,0.947445,0.949813
8b2690f1-611b-4a0d-b19c-db33e232b09b,clean,s3,5,0.729310,0.823932,0.954431
8b5283e4-8bde-4d25-a48c-9cb36b08664e,gaussian_blur,s5,5,0.273200,0.353337,0.546400
8b572ec5-8094-4efa-9932-439052d82d25,fog,s4,2,0.977812,0.988717,0.994544
8b64a32f-638c-44c4-9126-402c6308979c,gaussian_blur,s4,3,0.245302,0.337894,0.478648
8b651347-6b99-47bc-8306-06c3b48e0017,shot_noise,s4,5,0.888717,0.940536,0.950235
8b6e1022-f2ae-4f1f-9228-f82b0112c12a,clean,s5,1,0.298675,0.448249,0.481212
8b8c315e-5ad5-4038-a8e7-21bbb2bd6e24,gaussian_blur,s5,2,0.827737,0.902435,0.939729
8b91a2b8-a9c2-4ee2-85dc-147fb800cab0,fog,s4,3,0.830995,0.904317,0.943034
8b936051-4631-4cd3-8c7f-0ad51ed39c14,clean,s5,1,0.707296,0.827208,0.836362
8b93f4ad-f654-4733-8478-1c72afab1dfb,fog,s3,1,0.896366,0.943167,0.983791
8b9886a1-e42a-4104-b4e3-94fc96d11fc6,gaussian_blur,s5,3,0.747431,0.854355,0.863067
8b9cc0e7-4145-4f9d-9abd-d2e8b6d8b8c5,fog,s5,0,0.842405,0.914246,0.916991
8ba356f9-aa0b-46df-a95e-27dc0d4c9004,fog,s4,5,0.944876,0.971471,0.978174
8bb7e0bc-4ed3-44a4-bbdc-f5aa8427a60d,shot_noise,s4,4,0.967900,0.983645,0.986293
8bddb284-a0ac-47b1-88ad-78ae9a86a5f1,clean,s3,3,0.753519,0.845787,0.947945
8bdfce34-b9cd-4a05-9df0-f60c159eb334,clean,s5,3,0.982225,0.991024,0.991984
8be7e13f-5573-43df-ac74-c187b0879356,shot_noise,s5,0,0.960007,0.979595,0.979629
8beab2a6-a65c-4679-afa1-c3434d6c3e91,fog,s5,3,0.827963,0.904955,0.915682
8bf569a8-4d50-4398-8f31-329b2bb962d4,clean,s4,0,0.956706,0.977568,0.991512
8bf7e33e-5fbe-4ae2-b49e-2047f221702b,gaussian_blur,s5,2,0.928418,0.962786,0.965419
8bfce650-69d6-4e5a-9e29-8cc54992b4c8,fog,s4,3,0.608260,0.728699,0.858597
8bfd97ae-dd3d-44c1-836b-7b6fb0e0599b,gaussian_blur,s5,2,0.327803,0.459491,0.557141
8c0309da-f10f-4094-b6d8-e0dcbf60f387,shot_noise,s4,0,0.842742,0.911238,0.953227
8c08c35f-b5f1-4e55-8f6d-d5cc3a4864e4,fog,s4,5,0.955683,0.977077,0.988784
8c11e613-d361-4efd-a153-010ba2ad8eff,clean,s4,4,0.970626,0.985017,0.990233
8c245e13-654f-4be5-b7f8-34b6371ce58c,gaussian_blur,s4,2,0.858794,0.920681,0.966292
8c3b4205-9288-4e73-a907-7eafa6d96c28,shot_noise,s5,4,0.345967,0.408960,0.691934
8c5febcb-7bb4-4746-983e-b79a01eb3eb4,fog,s4,4,0.719130,0.831772,0.865440
8c967c0b-ce8d-451e-b37b-fed79d9fd524,gaussian_blur,s4,4,0.603431,0.750471,0.761504
8ca5c02b-505d-449b-9d97-0a1feddfffcc,clean,s4,2,0.771353,0.866886,0.901221
8cabca40-8c39-4493-95d4-3cb47c9ff937,fog,s5,2,0.580522,0.731040,0.747815
8cb59760-2dc1-4358-97b6-2b7c547d69dc,shot_noise,s4,5,0.537107,0.624605,0.896645
8cc4a045-566b-459d-88b8-84dea369044b,clean,s4,3,0.701061,0.810493,0.896923
8ccd95cd-43e7-4630-afe3-722a46b5fab8,shot_noise,s5,3,0.860142,0.924623,0.927339
8cd8a24f-669d-49c0-9c67-ac00f0e3ff43,fog,s4,0,0.975770,0.987712,0.989691
8cefdab1-9cbf-49d0-86c2-9aadfeaad8e7,gaussian_blur,s4,0,0.719667,0.826067,0.899749
8cfd2723-f830-4f70-ae07-fd6123a0f4c9,clean,s5,0,0.903309,0.949195,0.949269
8cfd7774-c79a-4a87-875c-75a44682c562,shot_noise,s5,0,0.804280,0.890500,0.900880
8d09671a-8f77-4508-a1a1-5f21458b3738,gaussian_blur,s5,3,0.944890,0.971663,0.971731
8d0c50a4-faa6-49c0-8cb7-1c36f4c662e3,shot_noise,s4,5,0.801877,0.882788,0.951973
8d1b505b-76fe-482b-82ae-f1dd32933b84,gaussian_blur,s4,4,0.442712,0.469615,0.885424
8d1c2272-b5f7-466f-816b-7d8cf4b22522,fog,s5,5,0.910358,0.953056,0.953497
8d271efc-9a15-4754-85d1-a5d2f55fedc8,fog,s4,1,0.903263,0.947695,0.977430
8d2b11a5-7d73-4862-95a5-fe18c48a8973,clean,s4,3,0.643858,0.754679,0.900219
8d332ae2-7539-429c-b250-c63453d2550c,shot_noise,s4,1,0.610611,0.739937,0.828595
8d33af73-caeb-4668-81ce-50276eaa550e,shot_noise,s4,4,0.473425,0.638277,0.654620
8d3746b4-3f32-4c22-85bc-673e5fe6e428,clean,s2,3,0.655417,0.741624,0.986218
8d3a72ca-3c8e-4e3c-9756-0ed8bdac7b00,gaussian_blur,s4,4,0.490272,0.651188,0.677387
8d444fd8-a1a6-4149-aaf5-86c9d37f9bc4,gaussian_blur,s4,4,0.838604,0.909938,0.937531
8d46d401-32b5-4478-bd99-8560a9ef14a0,fog,s4,3,0.895183,0.943644,0.963301
8d478d8c-ff93-459c-ad55-b879c4dbe136,gaussian_blur,s4,1,0.952958,0.975701,0.984614
8d5a05fc-bfef-4f36-ac6d-9f7de4d138ba,fog,s3,5,0.530821,0.589243,0.947357
8d5a14af-5ac0-4b31-be2b-4ec56cb1e44b,fog,s5,5,0.968952,0.984220,0.984929
8d6197b1-0917-4f02-8d4c-400c38d7571d,gaussian_blur,s5,1,0.864386,0.926999,0.930841
8d61b3b3-2096-4f29-94d7-115dc3cfb81f,gaussian_blur,s4,4,0.424453,0.511960,0.768054
8d6f83c6-84e3-4543-9e69-84898d68d7b5,shot_noise,s4,4,0.811630,0.892048,0.932837
8d8221b8-57d1-494f-ace6-320428e5a141,fog,s4,0,0.915453,0.955182,0.971013
8d85163c-83d9-4c9c-a827-376499880e07,fog,s4,5,0.462140,0.625347,0.650277
8d86d8db-ffc7-4140-8065-4fc7283b8ec8,clean,s3,2,0.753519,0.845787,0.947945
8d8d5ad8-8e80-4259-ba44-cbb606e36468,gaussian_blur,s5,1,0.857283,0.923092,0.924027
8d9ec877-2578-43b5-8657-c0d38afcd724,clean,s5,2,0.739822,0.849578,0.856304
8da1361e-b1e3-489b-95f6-91896c821f18,clean,s4,0,0.950300,0.974154,0.988548
8dadad96-e766-4c35-a9ce-b186c560a36c,shot_noise,s5,3,0.757514,0.861583,0.865251
8db38de3-2046-4268-9d88-3c76c7365e46,gaussian_blur,s4,0,0.960663,0.979705,0.991361
8db69d55-3e95-4c0d-8028-659838c3182e,shot_noise,s5,5,0.807940,0.893476,0.896511
8dc235bf-8f63-45ea-b497-2d16c45fe14d,gaussian_blur,s5,1,0.620813,0.764285,0.773541
8dc32138-ec7b-4a58-b636-357546e08087,shot_noise,s4,4,0.974251,0.986870,0.993628
8dcf00da-df9f-487b-81a3-570cbd5c99cd,clean,s5,4,0.731079,0.841525,0.864379
8dda34e7-3c40-41b6-866e-0fd142d6dea1,fog,s4,3,0.943463,0.970479,0.985477
8deae5e1-56a8-4a18-9800-b0a852dfee55,clean,s5,1,0.735411,0.847522,0.847621
8debcaa4-aea2-4ca1-b46a-ac1bb3a2f27e,shot_noise,s5,2,0.937737,0.967758,0.971284
8ded22c2-8d19-4bf5-8423-e5d20435afba,clean,s5,3,0.626037,0.768354,0.777189
8df72e35-5aa4-4a9b-8210-450c2de95e07,shot_noise,s4,1,0.857341,0.920055,0.962432
8df7ba96-c5a5-40ee-a7b0-d377e9b3e4d7,shot_noise,s3,5,0.840751,0.908412,0.968896
8df8a978-2fdc-4a89-ae42-e6700d75d076,fog,s3,5,0.595727,0.719769,0.842587
8e12ba01-6381-4e89-b44e-5a5adc92a77b,clean,s4,1,0.408637,0.486170,0.763162
8e15481a-0b7d-4833-ae8a-d0cdc6444c58,shot_noise,s2,2,0.890452,0.938941,0.992992
8e16bf6f-eeea-4da5-b0c8-156ac81ea225,gaussian_blur,s4,2,0.796008,0.878231,0.953663
8e1a8c07-4c37-4e8d-901e-4931f231004b,gaussian_blur,s3,0,0.928743,0.962077,0.988856
8e2b1ca2-88ea-4335-b1c4-8c139a9adaf7,gaussian_blur,s3,0,0.598005,0.684977,0.949893
8e34ad23-aa55-4c90-ad62-c35a5eda587f,clean,s5,2,0.894803,0.944322,0.947339
8e49ce1d-dad5-4fc2-822b-a9a49fb1310e,fog,s4,4,0.829253,0.903360,0.940779
8e4aa41c-e72b-421b-968c-59342465e810,shot_noise,s3,4,0.801912,0.880287,0.971765
8e4d3bb9-0b77-4115-a954-99bed0bbba35,gaussian_blur,s4,3,0.654758,0.772163,0.875640
8e57919c-f116-4ff4-846d-4655a6cbf08e,clean,s5,1,0.931544,0.964474,0.966949
8e600e3f-9761-4a1f-8555-06e8a1f2f4f1,fog,s4,4,0.819253,0.895955,0.945748
8e7920fe-1936-4ade-912f-2c211034a976,clean,s1,1,0.743035,0.829031,0.990294
8e7b64b7-6291-4000-94f6-30843bc4bdd4,shot_noise,s4,0,0.701061,0.810493,0.896923
8e808b20-c82e-4b0d-bcef-d6420f01101d,clean,s4,1,0.902105,0.947743,0.963657
8e874c9f-5137-42db-b700-9e9019d4911d,shot_noise,s4,2,0.687555,0.790933,0.929269
8e8c26c3-d30a-4a8b-97da-dc91278a329a,fog,s5,0,0.496688,0.662993,0.665861
8ea83e81-ffea-4fbc-be44-575a4fcb023a,gaussian_blur,s5,4,0.898256,0.946399,0.946448
8ec54bd1-19c6-45cd-824e-bff6c183d518,clean,s4,2,0.819559,0.895928,0.947957
8ee2f29a-cf30-4d31-9eff-e07c64ea7e65,clean,s5,2,0.697999,0.822141,0.822155
8ef43b83-3b77-4dba-aa64-af108beca14b,fog,s5,1,0.928800,0.963064,0.963682
8f0583e9-82ec-4086-bd63-bc6690c1892e,shot_noise,s5,0,0.328620,0.396587,0.657240
8f12088c-c161-49b3-88ab-472b6ffe5774,fog,s4,5,0.770412,0.861583,0.933435
8f167fee-f028-40db-8e25-99886deefb58,gaussian_blur,s4,3,0.931839,0.964447,0.972320
8f197a45-aec5-4d36-b3ba-078829a6e2bb,shot_noise,s5,4,0.858306,0.923520,0.926770
8f2cff8e-d874-4237-bf6d-2fce54b9e469,gaussian_blur,s5,1,0.883322,0.937865,0.940976
8f34ce7f-10ec-469d-adb6-6009ccf6982e,fog,s5,4,0.772097,0.870458,0.878617
8f40ceb0-a8b1-4b73-ac38-7e4f35cb7dec,gaussian_blur,s4,1,0.670395,0.778218,0.912968
8f6f7c14-0efb-4d7b-8487-b1ffc783ae9b,shot_noise,s5,1,0.933549,0.965446,0.971029
8f733d56-38a3-4a31-ad8c-09a798e30a10,gaussian_blur,s5,1,0.660965,0.794061,0.804717
8f7c660e-1bed-4e23-80b6-48a1a9f2ba9b,clean,s5,1,0.984694,0.992288,0.992288
8f7cdd00-7065-45fb-94ce-fed055561639,gaussian_blur,s4,4,0.631208,0.765677,0.809072
8f8d3be7-13e1-445d-9ae5-351bc87e5ddc,clean,s2,2,0.477349,0.541657,0.874365
8f91e2ae-705c-496f-a446-7e5eff016ad3,gaussian_blur,s4,5,0.837851,0.908093,0.951803
8f94fe53-aa7d-4b94-8989-7bf6c8999f4d,shot_noise,s4,5,0.965730,0.982447,0.989389
8fb4c5e7-53b7-48e5-b211-18db825f9a50,fog,s5,4,0.980477,0.990141,0.990261
8fb837a4-abfc-4ea8-b3f7-1da7229e80e8,clean,s2,5,0.869100,0.924987,0.996352
8fbc79f3-f065-4277-804d-7fd7aaef207e,shot_noise,s3,4,0.638706,0.747842,0.905173
8fd99ff5-830b-4690-a49c-e6aef381793a,fog,s4,5,0.929931,0.963208,0.976884
8ff762e8-60bc-4585-bd3a-6b684442a59b,fog,s4,4,0.434394,0.588904,0.646498
8ffa326f-c0d4-4766-8783-3463d548f58b,clean,s5,2,0.648453,0.785403,0.792977
8ffd34da-6974-4260-af83-5ed88c59d5e6,gaussian_blur,s4,3,0.741279,0.840446,0.920190
9000c0cc-e98d-4fd7-b18a-1cdfb881b98b,gaussian_blur,s5,4,0.922276,0.959387,0.963982
90078bc3-13b7-4d97-94f4-f235d319259e,shot_noise,s4,0,0.910341,0.952125,0.972739
9011024b-0050-4367-9258-034fb9f979ec,fog,s4,4,0.802375,0.886022,0.928346
902a02fb-519a-4f75-bb3e-221cf89e1e28,gaussian_blur,s4,4,0.873650,0.931699,0.945246
9031e493-b22b-4a84-be87-ef452395d15d,fog,s4,2,0.940731,0.968938,0.986289
90491f96-e562-4eef-8248-fcfeb58d40a3,fog,s5,1,0.911169,0.953444,0.955159
904da094-4ceb-454a-844d-2ddca057aa62,clean,s3,5,0.459295,0.590642,0.724339
904e3864-9be1-4bb7-b98e-d759f8ace790,gaussian_blur,s4,1,0.962102,0.980601,0.985035
905686c6-6caf-4442-994a-b1ac10d0e24e,shot_noise,s4,1,0.954779,0.976742,0.982216
905b3806-5d05-41e2-88d8-6a0620cec55d,fog,s5,5,0.689930,0.816110,0.818744
905c2809-27ea-4f01-9d1b-aeaa223a0a27,fog,s4,3,0.931296,0.964151,0.972091
905d5455-8cd0-4550-9058-c70b8e213d35,shot_noise,s5,4,0.281693,0.385639,0.527339
9062ce19-ba8a-41c8-b799-a389ea2631e5,shot_noise,s5,5,0.743746,0.850285,0.871472
9064dc2b-90ce-4434-90e9-242eb1125ee2,gaussian_blur,s3,5,0.559172,0.648693,0.912468
9065e00f-8737-4bc8-bdf0-6806379bb186,gaussian_blur,s4,5,0.940598,0.968868,0.986169
906aba43-a95d-4cd3-8ac9-1c8eb1f7dd86,clean,s3,3,0.980980,0.990328,0.997686
9072cc85-d942-4967-86a2-0f14dbd6f770,shot_noise,s5,4,0.443173,0.482721,0.868272
907d4ecf-a97c-4a7d-88e5-af1e97a7466a,fog,s5,3,0.966206,0.982800,0.983557
90871235-0d15-4d5b-9e6e-3b4d29ddddd4,gaussian_blur,s5,4,0.926218,0.961674,0.962270
9087b9eb-f6b3-4b18-a6db-f87c9a434835,fog,s5,4,0.785163,0.879626,0.879892
90a8078e-c6b7-4780-a30f-6455324a1354,fog,s5,0,0.977250,0.988494,0.988525
90a96967-c4fb-4da2-a5a3-14886875c0c0,shot_noise,s4,1,0.920521,0.958079,0.971419
90aba766-beef-4356-8ed6-64124a2266dd,fog,s4,5,0.554967,0.700248,0.759008
90c09e05-ab59-4df2-9242-e13e7e57b933,gaussian_blur,s5,1,0.333389,0.400040,0.666778
90c9a3fe-4a26-4f2d-9231-641f3c76f3a1,shot_noise,s3,1,0.648517,0.756309,0.911862
90ce7917-1fd6-46c2-9168-0b96a3153558,shot_noise,s5,3,0.873860,0.932515,0.935195
90da6b3c-e0e5-4985-9806-3fc71565b507,gaussian_blur,s5,5,0.931552,0.964555,0.964796
90daa2fe-ed43-44c6-88b3-d1be2ca20b05,gaussian_blur,s4,4,0.875954,0.932490,0.954401
90e89850-26e4-4d4f-bd49-1a3d7120df6a,fog,s3,3,0.759418,0.851792,0.940642
90eddb14-a7f9-49a0-b20e-d2769c5ef36e,clean,s5,0,0.925242,0.961168,0.961211
90fe1b52-dc1b-4211-8df7-9e1102ea2076,clean,s4,5,0.924866,0.960729,0.967019
91076da7-75c9-461f-ba3c-8e4e8d13e8e0,gaussian_blur,s4,1,0.967721,0.983544,0.986725
91131f61-074b-43e8-8fab-c99f9cc285a6,gaussian_blur,s3,3,0.743819,0.835203,0.961643
911972f8-79b7-46b2-a118-23c2475b4cf3,clean,s5,4,0.240784,0.386607,0.390575
911f5681-70ee-4db2-9a56-2b85beef18c1,clean,s5,5,0.963690,0.981458,0.984272
9125ae31-1b10-463d-b04b-bb01df8ba957,gaussian_blur,s4,1,0.232576,0.325614,0.454147
9127f74c-3aff-42cd-998c-c4ddc4ba23e9,gaussian_blur,s4,4,0.542315,0.693577,0.734811
912b7311-d1a8-4d5a-9403-a80d81dd8007,shot_noise,s4,0,0.975770,0.987712,0.989691
912d4a9a-f7bd-41a8-9e94-e2bbaa2e5090,shot_noise,s4,2,0.791734,0.875424,0.950699
9144943a-89ec-49f7-8955-97f1c7de3b85,clean,s5,4,0.556148,0.679907,0.823707
9144c011-c476-450b-adc9-f28f66070adc,fog,s5,0,0.796666,0.886783,0.887216
9144def1-3b56-47e6-8303-886c3cc8b816,fog,s4,4,0.694387,0.808361,0.878448
91456a5e-083b-46bc-afdb-da76ee49fbd4,clean,s4,1,0.982676,0.991226,0.995361
916116bf-fefb-4c09-8c42-d07eeb103fb7,clean,s5,3,0.717945,0.835564,0.837369
9169a1ba-e482-44a3-95a4-eb2b6daebbfb,fog,s4,4,0.760738,0.854123,0.932597
91730841-d567-4a30-a99c-067eb41548dc,shot_noise,s4,4,0.806917,0.886199,0.954149
91734004-a401-4c70-aacd-dbbd448f4521,fog,s5,3,0.478968,0.633667,0.686027
9173a26b-b14d-4233-a1af-d0baa85f0a70,fog,s4,0,0.702782,0.811323,0.900335
9176256e-27b7-4f12-900c-50baee0ab859,fog,s5,3,0.953664,0.976200,0.979728
918dbc85-b7ff-413f-819d-12965c4d619c,fog,s5,1,0.645396,0.783450,0.789280
919a54fe-bf6c-4ca5-9935-899817f262c7,shot_noise,s3,5,0.872302,0.927935,0.985382
919fa981-4223-41c2-a4a4-c99002abb964,clean,s4,1,0.376587,0.531212,0.581090
91af1bbc-9e7e-409a-bef5-40c27d6fe26f,gaussian_blur,s5,3,0.802449,0.889957,0.894413
91b8e29c-419e-45da-bf80-8af9046cfcfe,shot_noise,s4,3,0.467650,0.563356,0.806571
91ba8908-e329-40ab-9795-93a6322db4d3,fog,s4,1,0.765061,0.861502,0.905835
91bbabf1-15d0-4b4c-acb3-c7d52e1d6d74,clean,s4,3,0.968797,0.984060,0.989877
91bd9f28-a6a6-4f7c-af40-7e995333610b,fog,s4,1,0.845863,0.915335,0.930208
91c25403-020c-404d-9981-ea3009c45915,fog,s5,3,0.731585,0.840108,0.875520
91c46662-305d-4081-ae10-36d503e3757f,clean,s5,4,0.443938,0.483049,0.869952
91d544bd-5e0a-45b2-bcb2-1ecf65da8229,gaussian_blur,s3,3,0.951059,0.974394,0.995305
91da8d5f-4625-4f23-a90d-8b2131bcda0d,gaussian_blur,s3,3,0.840926,0.907339,0.981058
91eee90f-101c-4424-8f38-7b985a0e41c1,clean,s4,4,0.927750,0.961882,0.979272
91f8eebe-258e-4f55-abf5-b8e628906051,clean,s3,1,0.634854,0.742205,0.910261
921f9848-3cf4-4a92-9dde-bd93c11d77c8,clean,s5,3,0.933229,0.965385,0.967668
9228de33-237c-4c6b-847b-68cc2d506b3e,shot_noise,s3,1,0.856942,0.917931,0.984236
922efe2f-f4c2-48d4-93c5-7e4b3e427909,clean,s5,1,0.931205,0.964181,0.969840
922fcb62-71a9-412b-a602-79856834b8c0,shot_noise,s5,5,0.816107,0.898642,0.899744
9231ce02-44c3-4a96-b004-0d08c48cfd68,gaussian_blur,s4,4,0.961384,0.980124,0.989767
923c64f0-7c86-4f17-871c-beea46673c9d,gaussian_blur,s4,1,0.948675,0.973500,0.979784
923ca961-e9bb-4a41-8733-6b3a7d4bd03c,fog,s5,2,0.908426,0.951996,0.952443
923dcf8d-90c0-48b7-ac16-983bf5fdaa26,clean,s5,5,0.912657,0.954165,0.958037
924935f7-f3f7-49cb-88db-5dc17fc8dc97,shot_noise,s5,0,0.909497,0.952496,0.954871
924d5780-8cde-4f31-a996-f9522736c5d2,fog,s4,3,0.930167,0.963254,0.979232
925977bd-7302-49ef-a879-929b04d023f2,fog,s5,3,0.821339,0.901404,0.907005
92602b0e-adc6-4d76-a57a-f23a76ac992c,shot_noise,s4,4,0.707018,0.808184,0.933584
9260e781-f05a-4cec-bc96-4d74b12c9d21,fog,s5,2,0.878969,0.935180,0.941861
926562b8-fac9-456e-bdcb-dccd8057ea66,fog,s5,3,0.758714,0.860741,0.877628
9276343d-7044-43f3-a920-3b749782b9cb,clean,s4,0,0.709705,0.816839,0.903195
927868e0-bee6-40c2-bd45-c37fdcaa6b78,gaussian_blur,s5,2,0.870997,0.930855,0.933892
9290f051-7e53-4693-be0b-596640c92f48,gaussian_blur,s2,1,0.715495,0.802729,0.993467
929a6503-31cb-4a93-9bf3-42275909d364,fog,s5,5,0.959690,0.979424,0.979748
929d9c34-5a29-413e-bbe8-cfac79e1174b,fog,s5,0,0.929314,0.963349,0.963715
92ac4a9b-2b71-4d27-885b-facb6f8d77e4,gaussian_blur,s4,3,0.540070,0.673408,0.786939
92b8558d-26a3-40c1-b9b2-4d687dc28482,clean,s5,4,0.298675,0.448249,0.481212
92c08264-1bb2-4b36-a5cc-b72132a65ab9,fog,s4,0,0.935644,0.966480,0.974871
92c951f4-151f-4412-9ade-5afb0dd633a4,clean,s4,3,0.914408,0.954242,0.978207
92cbedb5-7539-41c4-a8c9-c088761bfef8,gaussian_blur,s3,3,0.528111,0.645623,0.819790
92d275fd-3dda-44fd-b2b8-df3eb3b1c04a,gaussian_blur,s4,1,0.857142,0.920309,0.957798
92db610c-cce8-44f6-b608-6ae8ac17aba1,clean,s5,2,0.946627,0.972503,0.975458
92df1d7d-2533-47ac-9524-305570f23922,gaussian_blur,s3,4,0.553403,0.649175,0.893019
92e2d017-db92-4597-931c-22f0e859985b,gaussian_blur,s3,0,0.459295,0.590642,0.724339
92ed5850-4ed1-4043-a9c1-b6359c2ba76f,fog,s4,4,0.965787,0.982434,0.991829
92f563b2-b489-4a78-aa4b-e4d3c4849995,clean,s4,2,0.928677,0.962433,0.978636
92fb8f1a-bcc5-45ea-9635-9b78e1cb23c5,gaussian_blur,s4,0,0.935547,0.966469,0.973611
930a33d5-eaa2-4583-9ac7-eea884ab13c8,fog,s5,2,0.923235,0.960073,0.960389
930c9168-cbd5-42d6-ab15-ce9dacd151b7,fog,s2,3,0.678307,0.772803,0.964661
930d55d0-6bc4-40ef-acd9-808d9c4db2fe,clean,s5,4,0.433250,0.597974,0.620976
932a5234-d68b-4ad6-83ed-514aac1c2766,clean,s5,2,0.707296,0.827208,0.836362
933ae5db-9243-4707-a8e0-cf2885f77556,shot_noise,s4,4,0.934650,0.965584,0.984741
933b9314-5849-41ec-8c47-cef061af3346,fog,s5,1,0.807636,0.892551,0.903179
933fdcf6-fbe7-4131-b082-7cc9f241cacc,gaussian_blur,s5,5,0.919572,0.958064,0.958994
93404016-b1bc-4384-838a-ed8026029206,fog,s4,5,0.943138,0.970398,0.982198
934742c8-d38d-4b9d-b878-c6ad4b052765,gaussian_blur,s5,1,0.874048,0.932776,0.933018
9347b625-956b-4caf-8d8d-bbc0b219652b,gaussian_blur,s5,3,0.934099,0.965366,0.982120
9363287e-f10d-403e-af06-fb98f90d5d43,shot_noise,s5,4,0.963350,0.981303,0.982942
9373d247-2231-40ca-ab19-ef16d0f7991d,gaussian_blur,s4,5,0.372714,0.542685,0.543792
938b5225-6945-4b21-9d9e-ea7733095d77,fog,s5,3,0.937594,0.967697,0.970728
938ce7d6-f370-4e16-a974-02f4b6ebfafb,shot_noise,s4,3,0.878931,0.934676,0.949175
939249b9-ff42-495e-9abc-4786bfd24c5b,clean,s4,1,0.849449,0.914923,0.961786
9393ec79-973d-4001-82ca-e6ccc7172396,clean,s3,4,0.530602,0.648004,0.822078
939abd55-5a6f-4b80-9cc9-0c4e81de495b,clean,s5,4,0.756795,0.859268,0.877877
939bf78c-dbde-45f4-a916-d69d44420b5e,clean,s5,4,0.894224,0.943871,0.949275
93a082ce-0043-49bf-ab36-346d9826d50f,shot_noise,s4,1,0.688419,0.800146,0.892085
93b5324c-be84-4229-88d8-69f39b9e1062,gaussian_blur,s4,3,0.918445,0.956471,0.980885
93b8d98a-0e7a-4d77-99ff-64eaf145809d,shot_noise,s4,0,0.915142,0.954852,0.974287
93b93f1b-b48d-4377-904b-05031709b5fc,fog,s4,3,0.967177,0.983221,0.988907
93b99a7f-ad1a-464c-80f9-b54c3b8931a5,shot_noise,s5,3,0.958162,0.978630,0.978832
93c2bd91-3813-406c-89da-3a2885e62ac7,shot_noise,s5,1,0.978000,0.988865,0.990043
93e2f554-1ce6-42e9-95d8-f9a5dd501b69,shot_noise,s4,3,0.957112,0.977786,0.991577
93e4d335-cf7e-40fd-a72d-a5c5420c1e8e,clean,s5,3,0.377960,0.519750,0.608608
93e7afd3-775e-41f6-8bae-3cc588da9113,gaussian_blur,s5,0,0.271773,0.352141,0.543547
93e9841d-a01f-4482-8f5b-4acddf8ce1b1,shot_noise,s5,3,0.952940,0.975880,0.976862
940c07da-8309-4729-bc8d-90d35b2907f5,clean,s5,5,0.639752,0.780303,0.780304
940c3cbd-63ae-4cde-823b-e83d964ad0fd,shot_noise,s5,3,0.910674,0.953144,0.955477
941cff38-2352-4b69-9de2-d8a3d4b6915b,fog,s5,4,0.448187,0.485380,0.878539
9425056b-8cc6-4628-acf6-988a23742f30,clean,s5,4,0.925654,0.961358,0.962269
942bc8cc-7bd2-4dc9-bcdc-9e1e2d01fe96,fog,s3,2,0.909193,0.950604,0.989549
942cad38-a397-4d9e-9ec9-14c4fa7b0fc3,fog,s4,3,0.956873,0.977817,0.984455
94319cd0-edf7-4bdc-83df-d358a43de89c,shot_noise,s2,4,0.909634,0.950615,0.994475
943b8aba-d6cf-4662-9716-40222b1cb765,gaussian_blur,s4,3,0.893320,0.942348,0.966317
94510b5c-9f47-41be-bfb6-c14381549c12,gaussian_blur,s5,1,0.864100,0.926448,0.935915
9456e12d-0e22-42c4-bc11-469c0cc2f367,fog,s3,4,0.764522,0.854199,0.951252
945a9bb3-e843-4230-a8a8-5fb5524d98dc,clean,s4,0,0.819559,0.895928,0.947957
945e24e8-8af5-4b58-aa3f-c921b14a59a2,gaussian_blur,s3,0,0.919822,0.956781,0.991925
94617bb1-27e6-4651-b220-9597f8a0c0b8,gaussian_blur,s4,5,0.793891,0.880969,0.919856
9467fde5-9e9c-431c-9e80-e32d152a631f,shot_noise,s5,3,0.740784,0.848396,0.868880
946cb3b6-6a69-4324-b1a7-fd2c1a3b2bfc,gaussian_blur,s5,2,0.746101,0.852799,0.866766
947d7302-8813-4fa4-a4ee-6516e10475a7,shot_noise,s5,4,0.615366,0.761731,0.762560
9481312d-b06a-4741-9036-5c0f4e70c903,gaussian_blur,s4,1,0.923102,0.959763,0.966245
9485c8c0-595f-4e59-a8e1-a9d13724c8ef,shot_noise,s4,0,0.408637,0.486170,0.763162
948e818f-b3ef-4f35-b745-8698a559637f,clean,s5,3,0.394083,0.563972,0.568560
94921e49-b3e1-4e1a-a091-fdb2151dd57f,clean,s5,4,0.641852,0.781838,0.781979
94941eee-e84b-41f7-a8ec-f3ba50e981a5,clean,s4,0,0.972499,0.985971,0.992267
949a9f07-31b4-49dd-839c-ebe76eac2766,clean,s5,3,0.811888,0.895817,0.899655
949ecff5-08cd-48e4-b3a3-d0dd29dee08c,fog,s3,3,0.506038,0.576818,0.896961
94a0052b-bc31-4a46-ba4c-e8eee7c08cf4,clean,s5,0,0.556148,0.679907,0.823707
94b43ea4-1346-4e9b-8fb5-e645cd9ff585,gaussian_blur,s4,1,0.659804,0.771509,0.898016
94b80753-b1bc-47bb-828d-e8ebce9d79c8,fog,s5,0,0.826925,0.903945,0.919000
94ba9ae8-3115-4029-a138-a7578fc0c23f,gaussian_blur,s3,4,0.760428,0.848832,0.963671
94c498af-ac9b-4899-b6ca-d3c6c79bbe6a,gaussian_blur,s4,0,0.963647,0.981338,0.989472
94d66cb1-48ea-4eaa-bebb-67a4fabd8bba,shot_noise,s3,4,0.884557,0.936012,0.981416
94d7a71a-4b25-4566-a47e-fa56d2d7557b,fog,s5,4,0.969563,0.984536,0.985224
94fccab2-87ef-470c-b62b-16e506f01651,fog,s4,4,0.867941,0.926307,0.969946
9509e756-1fed-4fae-a0eb-fc270285ba34,fog,s5,2,0.980828,0.990308,0.991695
951427ea-891f-476a-8b2d-0f9a9dad1fe9,clean,s3,4,0.691907,0.794469,0.931916
952534a2-c475-428e-9323-7d8a8bb776fb,gaussian_blur,s5,0,0.645236,0.779753,0.805328
95339b21-411e-4c31-959b-7360171898f8,gaussian_blur,s5,0,0.962994,0.981143,0.981417
95397ade-728b-4c62-b6c8-79e03a00bb36,fog,s4,0,0.963647,0.981338,0.989472
953f763f-a54e-4a80-97bc-eb2df333faa7,shot_noise,s4,0,0.376587,0.531212,0.581090
955d9255-150d-4630-8672-b269b7d6b1b7,fog,s4,1,0.764619,0.855568,0.943070
955d92c7-5afe-4fb2-9c89-04e8120bddb1,gaussian_blur,s4,0,0.745236,0.846101,0.905504
955e69f5-3246-4d89-b3a4-6d4bbb5d6a09,fog,s4,5,0.925389,0.960915,0.969776
957417a5-37d0-4681-8a25-bc4f17baccc8,fog,s4,3,0.972559,0.985984,0.993525
9587bf4c-1642-471a-a65e-bd6b9c5c79cc,clean,s4,0,0.932206,0.964521,0.975979
958b766f-85c0-413c-8b53-ec2c55c4fb9a,clean,s4,0,0.650975,0.782356,0.817259
9591043c-63ab-48b4-a6f9-e19a2dfbfabe,shot_noise,s5,1,0.421763,0.588092,0.605931
95b18508-0308-4f4c-8316-bd922e3567af,gaussian_blur,s5,1,0.361430,0.527701,0.537851
95b2b646-91cc-4b57-9cf9-90a0bb579455,gaussian_blur,s5,2,0.332476,0.399382,0.664952
95bbdf93-2e8d-4d37-aa6b-ee1b54833948,gaussian_blur,s4,1,0.546964,0.651686,0.866365
95be9be6-7737-452b-9931-ba9a73ecdf80,gaussian_blur,s5,3,0.937175,0.967559,0.967862
95c5dc29-4c25-4641-af75-ef39b2cff7dd,fog,s4,0,0.828416,0.905024,0.918085
95c6596c-54df-4aa7-9ad1-f755e0c54533,gaussian_blur,s4,4,0.900817,0.947364,0.956496
95ebcd57-39b2-4957-bf37-7835827e5f9c,clean,s5,3,0.613437,0.758877,0.766768
95f084c6-a301-4e64-b881-26a04a63ca7f,shot_noise,s5,2,0.936224,0.967061,0.967063
95f7ec2d-ada3-4add-b510-7b34e2d3e98f,fog,s5,5,0.899361,0.946703,0.952864
95f80a8d-8e90-4bd7-b98e-f6265ad9b517,gaussian_blur,s4,4,0.976023,0.987791,0.994048
960b4c4e-0368-442e-9b3d-98ced56d7d27,shot_noise,s5,1,0.880933,0.936683,0.936927
960c7d84-87a1-4cdd-a3cd-075601ffe8f6,gaussian_blur,s5,4,0.881868,0.936829,0.943515
960c8d3d-bc40-4b28-a995-ed29ac8928e5,gaussian_blur,s3,1,0.919510,0.956867,0.985886
9617cf80-f27e-4a52-b7ce-19d833f142dc,shot_noise,s5,0,0.298675,0.448249,0.481212
9617e338-9b2c-4c22-97b0-a096f8e1ac6f,gaussian_blur,s5,3,0.655953,0.787689,0.813653
96370d7d-d623-42eb-a9c4-892a08c62c5f,fog,s4,2,0.963165,0.981150,0.985831
963ad0b8-12a9-4e42-9a78-1b10cdd571b5,shot_noise,s4,4,0.681641,0.800801,0.860304
96462f26-1f3a-4007-8fdc-4cd83ea26f89,fog,s4,5,0.620209,0.736285,0.876720
965503aa-a773-42d4-9561-460817523d62,gaussian_blur,s5,0,0.931936,0.964748,0.965363
9658e2e0-6937-43c9-8d1c-d10f674917b3,fog,s5,3,0.555756,0.714451,0.714453
9661b637-bf02-47b2-98a2-48bc2f4f4da5,clean,s4,2,0.968279,0.983842,0.986448
966fb832-5295-446a-af13-845d32053662,fog,s5,1,0.953664,0.976201,0.979691
9673874b-9e04-479e-83bf-7295dfae750f,clean,s5,3,0.328446,0.400561,0.651163
96762b10-e6a5-4edf-912d-e139c079c752,clean,s4,4,0.896427,0.944467,0.961929
967f4116-1cba-41c1-ab58-160d2efae913,gaussian_blur,s2,0,0.477349,0.541657,0.874365
9694ffca-c373-4bda-aed8-e38a8aca79d5,fog,s4,4,0.790157,0.873508,0.956075
969a083c-048f-46d6-899d-91877b5567ae,clean,s3,1,0.980980,0.990328,0.997686
96a08f32-0d58-44b5-86d8-b4d4c6777994,shot_noise,s4,1,0.542853,0.694213,0.734725
96b14d70-8ce7-40e7-89e2-b4bc4214df41,fog,s3,5,0.758698,0.849896,0.948730
96c27c0d-035e-404a-afda-1339cb6e08e2,shot_noise,s5,2,0.272683,0.352904,0.545365
96c73b4e-b3d2-4e3d-9f67-b129b5f16760,gaussian_blur,s3,2,0.527497,0.611461,0.894528
96cf37d5-b8f4-4df7-9be9-1850379fc9b4,fog,s3,2,0.529380,0.646804,0.821039
96dfcfb9-0d21-45b8-a77b-eaaa2d654b7a,clean,s5,5,0.828011,0.905914,0.905916
96e31b94-264e-4baa-ba2b-9d8c828a2023,fog,s5,0,0.613437,0.758877,0.766768
96e3e182-8062-4703-a720-437bf269090e,clean,s4,2,0.953219,0.975918,0.981493
96e7bf2a-2af8-4af0-84a8-b2acee327279,gaussian_blur,s4,0,0.937933,0.967398,0.985605
96e8fdeb-36df-41ff-a96a-cd7ded23d5c2,gaussian_blur,s4,4,0.947509,0.972848,0.980368
970af3bc-1686-4c6a-b380-705f0edc7b81,fog,s5,3,0.275157,0.354970,0.550315
970b64e2-29e3-4922-a814-183cab8d45bd,clean,s4,2,0.608023,0.737747,0.826740
970c307c-20e9-4621-8f8e-36a12a05b52a,gaussian_blur,s3,2,0.721165,0.818946,0.943216
972b3616-21c6-4b8a-8897-7219e479a336,shot_noise,s2,5,0.893515,0.940794,0.993909
973aa020-93fb-4886-a88d-d001229df5df,gaussian_blur,s4,3,0.762622,0.861930,0.889925
973d5caf-b235-49a4-b4dc-b20369917401,clean,s5,1,0.882974,0.937754,0.939405
9749eeb7-bcf7-4209-ba69-9b7fc69c0dba,clean,s3,3,0.633459,0.740939,0.909417
97504f4c-a9dd-4bdf-a453-0ce022efde86,clean,s5,3,0.903309,0.949195,0.949269
9751a2e6-95b8-44e5-a82e-8a6c18f9dd1e,clean,s5,2,0.776899,0.873583,0.881250
975334b4-6efa-4e7f-b81f-d216ccc14730,clean,s5,0,0.470942,0.623789,0.684288
9769aea2-c144-4d6f-8972-22db5fed15db,fog,s5,2,0.757641,0.860353,0.874699
97813481-4181-4dbc-aaff-e820521dbb2c,shot_noise,s4,5,0.755058,0.850034,0.929803
97909577-81f0-4dd0-b59f-d69dfd4b1f12,gaussian_blur,s5,5,0.360888,0.530304,0.530512
979257dd-c981-43c9-80b4-d660cf5a8937,gaussian_blur,s4,1,0.911446,0.952434,0.979691
9792be21-1acf-4ad5-8eba-8a58eb9132ab,clean,s5,0,0.963690,0.981458,0.984272
97931d16-c514-4db6-89f1-9e94c754aefb,shot_noise,s4,2,0.749273,0.846927,0.920305
97a0f116-bf09-4d03-bc0f-4387fef03eba,gaussian_blur,s4,3,0.555467,0.700651,0.759515
97bf8e46-ecd7-4510-97f3-99e45eb71d93,fog,s5,3,0.728397,0.839362,0.864624
97c51b70-c7c7-4f46-88bc-4c6d1f0ec1a9,shot_noise,s4,5,0.970613,0.985052,0.987445
97d359ae-1fd5-423f-9cc0-8106903ec8ae,clean,s3,3,0.919822,0.956781,0.991925
97d882ea-2482-4c38-8485-dd2e51d182b6,fog,s5,4,0.357020,0.488168,0.600453
97ea8f54-d47d-4608-a56d-f221a3f023a1,gaussian_blur,s5,5,0.703134,0.824707,0.831328
97f99950-a817-42e9-8da4-63995950bbc3,fog,s5,1,0.822554,0.902306,0.906042
97fd2c0f-171b-490e-9c18-2abb65068c63,clean,s4,1,0.928677,0.962433,0.978636
98052fe3-ffeb-477e-8150-b753be6067b7,fog,s4,2,0.221656,0.314967,0.432820
9813f90d-35ed-403f-9a00-679063fc25a4,clean,s3,1,0.459295,0.590642,0.724339
981e59ad-d137-4fc7-8000-ddc27c0ea9bc,fog,s5,5,0.924372,0.960454,0.966932
9823cac7-df73-402f-9fa3-ad771e84a117,shot_noise,s4,2,0.833067,0.907003,0.929682
982e3585-596f-45b5-a751-0160538dcc08,clean,s3,5,0.863448,0.922190,0.984954
9836b5ea-7df5-44f5-9796-355a300b1bdd,clean,s5,5,0.884788,0.938493,0.945045
984023b9-f36c-448d-bbb0-b8dc67ee4516,shot_noise,s4,5,0.739536,0.841457,0.905845
985382f4-ef90-4ad7-83d3-cf5075fcbec8,clean,s4,3,0.645483,0.768081,0.855571
985b1b17-0191-4af5-9f3b-9d6d7543e16f,shot_noise,s3,0,0.901236,0.946034,0.985466
985f2e74-1a49-4d73-8487-8c9157ea4694,fog,s3,1,0.849266,0.913512,0.976037
98625f0f-c7e9-45d5-b444-6870b62e7c5c,fog,s5,4,0.941613,0.969850,0.972555
986e8c15-0332-47ae-b205-27665e9108b5,fog,s4,2,0.882955,0.935879,0.968421
9873b15a-929f-454b-adee-9d73cce59b38,gaussian_blur,s4,0,0.752793,0.849450,0.922162
9879e554-d4df-4b45-9e56-fb0028bd0065,fog,s4,0,0.792318,0.882210,0.900400
987d6030-b0b3-427a-8c4a-5d335de1a980,shot_noise,s4,1,0.733192,0.842793,0.866837
98801beb-6859-427d-9dab-84d6f102130c,shot_noise,s5,1,0.936014,0.966779,0.972085
9899eade-1611-425b-a581-20bcbd5244ae,fog,s4,0,0.819559,0.895928,0.947957
98a3ba15-35cc-4f6e-8d4a-9aeb1d5a4f22,gaussian_blur,s4,5,0.685652,0.807547,0.844530
98ab491a-cacf-4020-9c68-b016c554f84a,fog,s3,0,0.634854,0.742205,0.910261
98afeb2b-3e86-4da6-be6f-d81dfb0b0fd0,fog,s5,1,0.354819,0.507576,0.556712
98b014c0-9f4a-4d3d-9c31-e16954cf37ca,fog,s5,3,0.858178,0.923427,0.926937
98bbb76b-2cf9-421e-bdb3-a4a82c045451,gaussian_blur,s4,3,0.822350,0.897982,0.946964
98bc631c-f40f-4a23-8b61-b0e9edbbc6b6,gaussian_blur,s5,5,0.891027,0.942260,0.944348
98be923e-e161-4d9a-aa35-2ec94c554360,fog,s5,0,0.724475,0.832166,0.888256
98c56539-e35f-44a4-87ab-eaa7762626cd,fog,s5,4,0.905304,0.950150,0.953291
98ce6672-1037-4217-9ace-42dd134a71ff,gaussian_blur,s5,1,0.932212,0.964832,0.967323
98d8afe8-2221-4e6b-9b40-c46346076431,clean,s5,2,0.842405,0.914246,0.916991
98e1ef9f-e189-45d8-a268-cb8f213995dd,shot_noise,s3,3,0.950118,0.973878,0.995211
98e8fc00-d2ce-496c-8022-cb4cc669a44e,clean,s5,3,0.768812,0.868986,0.871675
98f1719f-6aa5-4175-99fa-35d71e25e14f,gaussian_blur,s5,1,0.818871,0.899101,0.913462
98f191a0-1b8b-42f1-92cb-891fead8bb15,gaussian_blur,s4,1,0.920632,0.957949,0.975976
98fc922e-c39c-49b5-a51f-0306948d9f87,clean,s4,5,0.950300,0.974154,0.988548
98fd29a7-6085-4a2a-8ee6-e90a3adec04b,shot_noise,s4,2,0.937467,0.967125,0.985965
991416eb-9664-4c47-8c59-eed0a58ce5b9,fog,s3,1,0.466640,0.596888,0.734206
991a9042-ad4a-4c4f-a139-4ac93acd0c3a,shot_noise,s5,0,0.347094,0.410953,0.692506
99287441-ade5-4782-aafe-db162d144b1d,clean,s4,2,0.882148,0.935462,0.967177
99288759-26c7-4d79-8127-427c4fc332ab,shot_noise,s4,0,0.792318,0.882210,0.900400
992a1ffe-80b4-4e6a-a00c-d9f540e8b8fb,shot_noise,s4,4,0.843311,0.911006,0.959829
9937b1fc-5b4f-4159-a2df-7afdc75835de,shot_noise,s4,0,0.645483,0.768081,0.855571
9944e4ca-8876-48e0-b57e-bab17ab69b28,shot_noise,s4,0,0.571141,0.689884,0.846851
994aa035-2a9b-4ff2-9c3a-b430062627b5,fog,s5,3,0.867636,0.929066,0.929995
99533cba-4fb8-4398-8f28-fa9408de607f,clean,s4,5,0.580438,0.721402,0.781643
9960629d-73c6-4539-8aab-bb74362dda65,gaussian_blur,s5,0,0.963690,0.981458,0.984272
99692406-f1ab-4686-8323-c6879c6366e3,fog,s5,5,0.717745,0.834279,0.844155
9978d097-b1d9-4194-84bc-3b4f0216860f,shot_noise,s4,2,0.859749,0.923318,0.941123
99793933-73d6-4afc-a878-b6c0f5de6c9f,fog,s5,0,0.331715,0.465803,0.558779
997c53b6-9a9a-4fa2-8ea0-120a5770b836,clean,s4,5,0.730916,0.835719,0.898256
9984e363-6055-4192-b666-22a32a16c487,gaussian_blur,s4,0,0.489961,0.629247,0.734382
9985d936-9383-40e2-a818-88e7f0c183b9,gaussian_blur,s5,3,0.366857,0.509272,0.592864
9987a2b9-7180-483d-94b2-7e90aef39162,clean,s5,1,0.271773,0.352141,0.543547
998b3cae-39a3-47e4-b4ec-87070edf5b52,fog,s4,5,0.434400,0.593212,0.636360
998fb88b-993a-4781-94bf-1c3bad38386e,gaussian_blur,s4,3,0.540882,0.677618,0.777803
99917d2c-9587-462d-b9a6-1cc5734abd4c,gaussian_blur,s4,2,0.788664,0.875419,0.933440
999af1d1-4aa8-4a22-b646-dcf6f5d08c40,shot_noise,s4,1,0.751093,0.848224,0.921317
99a3cbf0-4203-4324-a7fc-da8ded0c9d19,shot_noise,s4,3,0.607723,0.737515,0.826445
99a5fd36-3f9f-41fc-ab25-a816b0cd2b6c,shot_noise,s3,0,0.959784,0.979170,0.994367
99a72333-f947-42d2-94d0-8c3f021377ce,shot_noise,s4,1,0.891466,0.940953,0.970827
99b7f69b-5a33-44ab-b77c-14a7e70cb781,gaussian_blur,s4,4,0.830533,0.905400,0.928793
99b9499d-1967-4a00-ade4-9c4cdf223040,gaussian_blur,s3,1,0.687444,0.790557,0.930408
99bc3be1-78b1-4ad4-ae9e-be109603e5e1,shot_noise,s5,5,0.776775,0.874361,0.874400
99be4d73-d38d-4cc8-836b-3a33e6211666,gaussian_blur,s4,2,0.954335,0.976359,0.988258
99c01a96-fb81-4633-ae15-7cce0a48ff55,shot_noise,s5,1,0.777886,0.874210,0.881894
99c999d0-19f1-4a0b-bce6-197eb0b48b4c,fog,s3,1,0.742311,0.830796,0.978000
99cbcb4a-93b3-466a-b9c4-e0278de9c289,clean,s3,0,0.379763,0.442789,0.743735
99d339ed-ece6-4522-bd3a-f0c2868aee0d,shot_noise,s3,3,0.477230,0.497682,0.941610
99dfb449-ba4c-4bec-ab9b-c0e9be064f98,gaussian_blur,s5,1,0.961658,0.980453,0.980497
99e28a04-72a8-4d08-802c-985b6c66fa3b,gaussian_blur,s4,5,0.631766,0.754085,0.856677
99f2faea-95c0-4f4b-a472-4f000f93685f,shot_noise,s4,1,0.696678,0.809322,0.883659
99fb6787-e40d-412b-b1b7-51fb9b889b7b,clean,s5,4,0.931544,0.964474,0.966949
9a02f196-7666-44df-8e64-81e4a777d114,fog,s4,4,0.930856,0.963633,0.979505
9a077ca5-1fe3-49b0-ab77-78fc750b5891,clean,s5,5,0.888631,0.939610,0.964566
9a0ca426-ae13-42c3-aa0b-eee77186af00,gaussian_blur,s4,3,0.642362,0.779960,0.792613
9a0cdec1-33df-4a38-b5b5-65621f82760e,gaussian_blur,s5,1,0.530058,0.669919,0.762363
9a0d016a-b4c2-4d95-b866-d97a1eadbe06,clean,s5,0,0.708960,0.827824,0.840581
9a154701-4187-4ce2-a435-510d7526668b,fog,s5,3,0.724928,0.839167,0.849013
9a15a321-f076-4b79-a71f-5bbaf070cd82,fog,s5,3,0.424563,0.595492,0.597467
9a1aeaa8-3a57-46f9-b341-9cf84ec4cd4e,clean,s2,1,0.932359,0.963801,0.997984
9a1b582c-ab23-4cbd-be7b-caa76a4945ce,gaussian_blur,s4,3,0.861201,0.923221,0.954125
9a2cd0b2-5ed6-486e-82b7-49e8f1f2dffb,gaussian_blur,s4,0,0.785702,0.875667,0.914780
9a3f9c6c-d156-4e26-92cd-78a0acb38711,clean,s3,1,0.767752,0.854519,0.965547
9a44a572-4371-47bd-87a5-671a0baccd6f,clean,s3,2,0.729694,0.819604,0.977441
9a51db7b-ddd3-408e-9840-e3dd62c5d245,fog,s3,1,0.525860,0.613643,0.884991
9a547b9a-a553-40c6-bf77-820fe48cd6e0,gaussian_blur,s4,3,0.914731,0.954775,0.970773
9a5492c4-1626-4d12-bb74-364a7cd2b010,gaussian_blur,s3,0,0.948571,0.973028,0.995045
9a5f98fa-63e1-4ad0-97fa-a974296193b5,gaussian_blur,s5,5,0.268678,0.414786,0.438541
9a67efe3-13d8-4833-8b25-de9fe0ecb44a,shot_noise,s5,3,0.983143,0.991492,0.992400
9a7711c9-b4f6-4080-994d-8edd773b9b98,clean,s5,1,0.882193,0.936632,0.949684
9a8577d7-23c8-422a-960f-3b2f4770b4d5,shot_noise,s4,2,0.915715,0.955328,0.971115
9a8cfd9f-38d4-4371-b22f-9c9fec0589e9,gaussian_blur,s3,4,0.354686,0.475511,0.615413
9a8fa32c-e621-429f-aa84-b1d7942eff3d,clean,s5,5,0.759649,0.859555,0.890853
9a916142-9e1c-4ca1-b461-3a02614bb7f6,clean,s3,1,0.369384,0.489418,0.637557
9a964905-28e2-484f-8bf9-592568c57c9f,shot_noise,s4,5,0.954552,0.976438,0.989904
9aa6e934-55a8-42e9-a16e-85e109a4286f,fog,s4,0,0.833462,0.908145,0.920294
9aaf5707-ae87-4f3a-a193-80235aa1f6ff,shot_noise,s5,2,0.897556,0.946009,0.946082
9ab248c9-8478-44a9-b205-ab67a44a2e2b,clean,s5,1,0.804280,0.890500,0.900880
9ab6a55e-bfd3-417e-b4b9-7d1f95ff1f4a,shot_noise,s3,1,0.963633,0.981195,0.996619
9abdef8d-1303-460c-9029-1cbf88813551,gaussian_blur,s4,2,0.445808,0.604337,0.647912
9ac60022-3b09-42cb-8925-54433c403071,shot_noise,s4,2,0.915023,0.954787,0.974188
9ac71375-3091-4dd2-be50-4e7b4352e276,gaussian_blur,s3,0,0.939120,0.967740,0.995385
9aca3d37-8d14-4461-8f6e-d23e13ea4364,shot_noise,s5,4,0.884730,0.938464,0.944960
9ad0952a-3bcd-4819-bed8-c3cfebdbddae,clean,s5,2,0.645236,0.779753,0.805328
9ad9641d-6f35-429d-92e4-25835dc0cd13,clean,s4,2,0.935644,0.966480,0.974871
9ae28dcc-e250-41bc-bf13-05a9988528cc,shot_noise,s5,3,0.913043,0.954466,0.956300
9aecc527-8449-4cca-90fc-58b769473bbb,clean,s4,0,0.849449,0.914923,0.961786
9aecc5aa-ffc6-4249-84e7-ec33ebe88c6c,fog,s4,1,0.930181,0.963592,0.970315
9afc6df7-1631-4719-9e7a-df0a32bb7027,gaussian_blur,s5,5,0.873589,0.932130,0.938432
9b0043cd-580d-40b1-ae0f-38b9f68310fe,gaussian_blur,s4,4,0.395744,0.566674,0.567995
9b013e44-7ecb-442e-b596-db652349d1d1,gaussian_blur,s3,0,0.848582,0.913084,0.975680
9b0a2f84-a870-4507-952d-33d4b4feb613,shot_noise,s5,3,0.666529,0.798099,0.808826
9b0aee47-54c0-41bc-ad55-7c7391476a92,shot_noise,s5,2,0.925812,0.961275,0.966693
9b18d6ff-04d9-4909-ae3c-a3ab53e4f88c,shot_noise,s5,0,0.679577,0.799935,0.855652
9b21307c-7e57-403d-866e-b111ea34323e,clean,s2,2,0.876559,0.930134,0.992704
9b21b478-de08-4eb3-8239-16d9e77b1345,shot_noise,s5,0,0.764327,0.866019,0.869442
9b369cf1-8f71-480d-8a90-03ac8df600b8,clean,s5,4,0.930731,0.963948,0.968987
9b477ea7-f332-4c93-b77f-1d111991163a,shot_noise,s3,0,0.369384,0.489418,0.637557
9b514974-82ba-4c06-82ca-97973c5b81aa,gaussian_blur,s3,2,0.568237,0.660381,0.914018
9b539065-1814-4690-950d-2962bd19925d,clean,s3,2,0.919822,0.956781,0.991925
9b5851b1-58ce-4345-9d60-d1fb8e882a2b,shot_noise,s4,2,0.862889,0.925602,0.937105
9b5aac82-8100-4e76-9152-cc929a04b1a3,shot_noise,s4,4,0.660468,0.771474,0.900741
9b64a8e4-55c8-4ebf-a3c1-b248550e7b4f,clean,s4,1,0.882148,0.935462,0.967177
9b714c61-6858-494d-9e26-71ce5e1294a7,fog,s4,3,0.973483,0.986529,0.989141
9b73d05f-8efb-41e8-8c8b-924be9e88208,gaussian_blur,s4,2,0.952013,0.975068,0.989392
9b856637-8929-45a6-be2b-a2d4be40f5c6,shot_noise,s4,0,0.472691,0.633408,0.665219
9b8b507f-6421-412f-9a98-8af0ade68225,shot_noise,s4,1,0.874577,0.930937,0.964306
9b8f406f-4808-4429-a5ff-e8bce0e6cdf3,fog,s5,0,0.286449,0.440235,0.454441
9b9164f3-2bbf-4872-8564-a99ce26941df,clean,s4,4,0.821336,0.895735,0.961080
9b97088c-687c-4312-b1a8-51458a694ef2,shot_noise,s4,5,0.442688,0.469602,0.885376
9b9bdf41-35f9-49ae-bf04-601bb9111291,fog,s5,0,0.639752,0.780303,0.780304
9b9be2f5-b770-4878-82cb-72de39300684,shot_noise,s5,3,0.603838,0.750759,0.761946
9b9cb8b8-534b-465b-877f-e06c1528b42e,shot_noise,s4,2,0.968071,0.983734,0.986363
9baa579e-b642-45c6-a3de-6e1267804ab1,gaussian_blur,s3,5,0.764488,0.851545,0.967440
9bb422f2-cd4c-4b2e-94a2-d08c071db19a,fog,s5,3,0.699624,0.821935,0.830762
9bb4adb9-80c8-4439-9441-89d71d518ac0,clean,s4,4,0.701061,0.810493,0.896923
9bbda2cc-31cf-4a4e-85e1-dcbe44f1a041,shot_noise,s2,3,0.608334,0.686361,0.980036
9bc96253-c4ca-490e-8804-f2ea0ee4e1f2,gaussian_blur,s4,3,0.958020,0.978325,0.989392
9bda03b0-5de7-40d1-8077-975aa4ce18c7,gaussian_blur,s5,5,0.791958,0.883792,0.884854
9bdae633-be73-4d8c-9e59-ac2bcf43f5a5,gaussian_blur,s5,2,0.917680,0.956823,0.962869
9be757bc-85c4-4718-a10a-16f4811777f2,clean,s5,5,0.240784,0.386607,0.390575
9bec3fdb-71df-41b9-8c96-adcc91d19dfd,clean,s4,2,0.800602,0.881694,0.953211
9bee101a-7259-4040-94a1-fb87fa29b3d7,gaussian_blur,s2,0,0.391945,0.488670,0.708843
9bf582d8-f3f3-4dc0-846f-72e1412ae9df,gaussian_blur,s5,4,0.863221,0.926573,0.926812
9bfefeda-85e9-40d8-960f-28f633d88239,shot_noise,s4,3,0.656895,0.774797,0.873407
9bff985a-ac9a-4a30-890b-04b25e3ebb62,gaussian_blur,s4,3,0.361152,0.515824,0.561289
9c061ba1-915a-4d47-bcc1-bcd17a9beabd,clean,s3,3,0.796883,0.876133,0.974379
9c065b67-f51f-4ca9-ad96-6047bb8c6869,fog,s4,3,0.781921,0.868563,0.946492
9c0a84fd-a1b0-4317-bc3f-ab4963dd1714,shot_noise,s4,3,0.861545,0.923903,0.948235
9c0b4997-f770-4118-a1a9-c81643cb9d7f,gaussian_blur,s4,0,0.927750,0.961882,0.979272
9c25a7aa-d16c-4e6a-9fea-fa25d397fe04,gaussian_blur,s3,4,0.609343,0.721163,0.886699
9c260496-ddb6-4811-8fdf-3e7b617b60e9,gaussian_blur,s2,4,0.917018,0.954950,0.995856
9c31ffae-34bf-452c-81cd-a3d4d875d5c8,shot_noise,s4,5,0.419741,0.564028,0.653830
9c35af71-d2fa-438e-a7dd-634901d5461e,shot_noise,s5,2,0.923703,0.960303,0.961237
9c40b018-fb46-461e-829f-5d8b7c4229ab,gaussian_blur,s4,4,0.775873,0.865426,0.935975
9c4373fb-ae1a-4649-8dd4-3de5b33b9ba0,fog,s5,2,0.915362,0.955650,0.959445
9c4596e5-2d91-4dfc-ac1f-6634e6cd26a9,fog,s2,1,0.920114,0.956748,0.996480
9c4d1b31-56b0-4554-8251-4ec678c4f783,shot_noise,s4,3,0.821864,0.896092,0.961235
9c4f43b0-ecd8-4085-a969-c8153a8a844d,clean,s5,0,0.377960,0.519750,0.608608
9c673b42-9454-4738-928c-b9c6d74b3838,gaussian_blur,s5,5,0.646459,0.783826,0.791957
9c68da8b-0c0f-4b63-a816-3b833c5ba57c,fog,s4,5,0.727353,0.832272,0.901104
9c721fb6-970c-4058-a03b-afaa4127f1e0,fog,s4,2,0.618814,0.762054,0.774923
9c760203-d647-40d2-9f92-a289fc433ea8,fog,s2,4,0.910077,0.950804,0.995964
9c7b4cfb-41ac-488b-bd2e-ce51fe8591ee,fog,s5,5,0.928998,0.963192,0.963213
9c806e4b-451b-4451-89c3-54ecb1014e61,clean,s5,1,0.903309,0.949195,0.949269
9ca537cb-dc6e-4305-bd62-b9055483f69d,shot_noise,s5,0,0.254201,0.358885,0.477851
9ca5627a-509a-46cf-a943-bd9f752007ce,gaussian_blur,s4,2,0.934699,0.965613,0.984693
9ca9f732-18f6-4f3e-9dba-7859fb23cfc5,clean,s5,3,0.836298,0.910797,0.911473
9cbfff9e-ba0c-4e02-b8ba-46f142a435ab,gaussian_blur,s5,4,0.355951,0.495974,0.582651
9cd15cd1-51d4-4a33-843d-792a3fe0038c,shot_noise,s2,4,0.925688,0.960013,0.996349
9cd2c8f5-3339-4702-84d9-23b9fa62928e,fog,s4,4,0.959718,0.979228,0.989883
9cd820c4-23c6-43ef-91d4-c4728043f8a1,gaussian_blur,s4,5,0.897707,0.945431,0.958294
9ce4b550-ad88-4046-9019-a4e59399ed7e,shot_noise,s5,3,0.462180,0.631120,0.635051
9cea35ae-e9a6-423d-a2f8-84a33fcf6923,shot_noise,s4,4,0.893192,0.942491,0.962567
9d01ac05-5c2e-4974-aae5-f30c7ee806ed,gaussian_blur,s4,1,0.974922,0.987230,0.992933
9d0f6582-5b6d-446e-8a3c-7ffd8866c8c1,clean,s5,0,0.944932,0.971662,0.972542
9d0f9984-a7d8-43a6-8ef8-135945d69b93,clean,s4,1,0.968279,0.983842,0.986448
9d1d6a39-0459-4f68-be58-37d818787b8f,fog,s5,2,0.907169,0.951216,0.953562
9d23d41a-69ac-4f05-ade5-3dac5a64d895,clean,s4,1,0.730916,0.835719,0.898256
9d2a1424-624e-4c18-b633-5553145c76b8,shot_noise,s4,2,0.486537,0.626116,0.730753
9d2a634b-e5a5-4c68-9b9f-5ba7ab8ddcaa,clean,s5,4,0.903309,0.949195,0.949269
9d2c33b7-ce6e-4b05-bf6d-2d1610a16ec8,clean,s5,1,0.857630,0.923291,0.924251
9d312bb7-aa82-4070-96ff-ed03931672b1,gaussian_blur,s4,0,0.950300,0.974154,0.988548
9d37039e-7b98-432a-8fd6-928a62543c9f,gaussian_blur,s4,1,0.552754,0.682561,0.804600
9d3efb74-c83e-4696-a376-9a2dd8ed36ea,shot_noise,s4,4,0.982798,0.991289,0.995392
9d592b2b-e318-4949-bc81-3e090b688de4,shot_noise,s5,2,0.495097,0.661735,0.663947
9d5ec337-9b14-4ebb-a5e5-312b6eafc52e,fog,s2,0,0.923010,0.958392,0.997740
9d6f4219-9dd3-452f-8d50-fafdd68611ad,clean,s4,4,0.970684,0.985037,0.990928
9d7d7cfd-30ca-4918-8fe2-19c31d7d74aa,gaussian_blur,s4,1,0.748697,0.852560,0.881595
9d92d31d-f162-49d0-a652-67c07f9c924b,fog,s4,5,0.751283,0.849424,0.914800
9d96baf4-57b6-4d63-9d50-d03af20c70cf,shot_noise,s5,1,0.190536,0.287124,0.366320
9d9756b2-e87c-44a6-beb8-ede964e970dc,gaussian_blur,s4,5,0.566658,0.663108,0.902352
9d9da267-4b82-4823-9bf2-db7cb192ac76,clean,s5,4,0.626037,0.768354,0.777189
9d9fc606-7daf-4fa8-8c5e-c990e0d15404,gaussian_blur,s5,3,0.717441,0.832396,0.853860
9da175b0-0154-4d61-b1a1-a2c79681a25d,fog,s5,3,0.916836,0.956609,0.956722
9da83716-3c39-4631-ad46-fd2d099188be,gaussian_blur,s5,4,0.883364,0.937920,0.940486
9dbe4458-c2d2-4b2d-9ff5-7d16e1dda59a,fog,s1,5,0.495141,0.497559,0.990283
9dc36969-4af5-4128-9a44-ee3cb77635b5,fog,s5,3,0.362797,0.438225,0.700120
9dcb95f8-29eb-41f8-b7ff-821b149f8f21,gaussian_blur,s5,0,0.717945,0.835564,0.837369
9dd1949a-cc15-4a04-837b-caeca23926ac,fog,s4,5,0.437864,0.594186,0.645670
9dda17aa-392d-44e9-84f1-842d4e9cea59,shot_noise,s4,5,0.820768,0.896374,0.951630
9ddc8a6f-1517-4dc0-9324-e36610c9b7e9,gaussian_blur,s3,1,0.769294,0.855724,0.965824
9de35ade-072c-4fd9-ac95-01643ac0f325,shot_noise,s5,4,0.726788,0.833230,0.893051
9de904cf-3de6-43c2-9190-757f3a0e297f,gaussian_blur,s3,4,0.888108,0.938122,0.983025
9dfbf51a-429c-4e30-a5f9-23242c2304bd,gaussian_blur,s4,2,0.872342,0.929411,0.965941
9dfea673-1e38-4ebd-995d-41affd46023c,gaussian_blur,s4,0,0.682848,0.801744,0.860944
9e04c2d6-8d36-4487-83fe-5c07960f90fa,shot_noise,s3,4,0.905659,0.948434,0.990442
9e092797-cc7f-47b5-a444-7a717001bcee,clean,s5,1,0.949656,0.974173,0.974395
9e140060-266b-49cb-89a2-7dde95fdd2cf,fog,s4,1,0.826980,0.901597,0.942899
9e1941a8-92be-48dd-8044-212dec22787d,shot_noise,s5,5,0.666874,0.798311,0.809267
9e39a3de-af40-4452-892f-5df8d4f7a68a,shot_noise,s5,0,0.887281,0.940027,0.944405
9e4b8f20-aa7b-4d97-8779-3213b1520dcc,shot_noise,s5,1,0.666680,0.799926,0.800427
9e510b3c-07f5-463a-8570-06871a1162b9,shot_noise,s4,4,0.846022,0.914579,0.940125
9e5ebad3-e11c-4baa-a38b-59b30e093973,shot_noise,s4,0,0.653408,0.788102,0.801115
9e5f8e82-dfca-450d-9b6e-7ee0e08e5274,clean,s2,1,0.477349,0.541657,0.874365
9e670942-ccc1-4817-8147-bcd9eddce21c,fog,s4,3,0.893427,0.942202,0.969886
9e670f13-ef7d-4669-b4c7-9e0fd3887a9c,fog,s4,4,0.834936,0.908117,0.931009
9e8e35bc-1afc-4eb6-b374-423b2ed2de51,clean,s4,3,0.977803,0.988712,0.994511
9eaae1eb-2708-4d14-900b-b357e08e2a6c,gaussian_blur,s4,1,0.489008,0.628318,0.733517
9eb4dde6-ee3a-49d0-8d16-e73d7b4da769,clean,s4,3,0.927241,0.961356,0.985309
9ebaabf7-9948-4474-9e44-db1f5fe82f11,clean,s5,3,0.191846,0.289407,0.367701
9ebc06a4-2869-43bd-bccc-2dea7db3df36,clean,s4,1,0.682848,0.801744,0.860944
9ecc4d0c-f7a5-481f-8aee-e234a37be332,fog,s4,1,0.816050,0.893111,0.951083
9ed21469-e2af-404e-a6f2-e792b7784dd9,shot_noise,s5,3,0.799358,0.886645,0.904790
9ed46af6-afbc-43dd-9378-c6e94ceffa78,fog,s4,3,0.940028,0.968592,0.984840
9ed51256-510b-4ceb-bbf2-9ecc67644249,fog,s5,1,0.932782,0.964633,0.981870
9ed57714-9ebf-44d5-9322-ba4c2bfc4677,gaussian_blur,s5,4,0.533088,0.685565,0.726859
9ed5fa9d-a49b-4ba9-b2a0-7d4d2b51b3da,fog,s4,2,0.789199,0.877250,0.922357
9eda6227-4877-4d70-8d36-d33c9bfd2a03,fog,s3,1,0.912958,0.952810,0.990289
9ee0a145-349e-4e20-a343-359f5f9f5247,shot_noise,s5,4,0.889261,0.941207,0.944416
9ee44555-74d9-4c2d-abcd-8407a6675914,clean,s5,2,0.934947,0.966373,0.966587
9ef93d87-14c9-4381-9a63-3ed83c59834e,gaussian_blur,s3,4,0.940187,0.968381,0.994160
9f030163-7ec6-4780-9a55-dabb09278178,shot_noise,s4,5,0.565951,0.656485,0.915931
9f1efd54-910e-4138-a803-c04809b8a7de,shot_noise,s5,2,0.717045,0.833888,0.843157
9f261e4d-9176-4bae-b7fb-7b62596385c8,clean,s3,2,0.963844,0.981308,0.996640
9f2f8b9e-182d-47a3-adc4-1eaac4d5dbe4,shot_noise,s3,3,0.652327,0.760063,0.912629
9f3318a1-919a-4801-8f98-54b849514661,clean,s4,2,0.376587,0.531212,0.581090
9f3aab1e-e762-451d-90c5-59083ada2a76,clean,s5,5,0.564848,0.716236,0.741953
9f3d33f5-e138-4c4a-914c-a049d027e79f,fog,s5,4,0.339920,0.507122,0.507883
9f44cfd0-207a-4564-adc0-61eac34e210e,clean,s5,1,0.739822,0.849578,0.856304
9f4612bd-99d6-4bc2-9684-e529ad4c5de5,gaussian_blur,s5,4,0.275064,0.354892,0.550128
9f5e5007-32d0-481d-a12d-3f64c4849114,fog,s5,0,0.946627,0.972503,0.975458
9f64b5e9-0e45-44a6-b21e-6d0d8706d0bd,shot_noise,s4,5,0.815996,0.895696,0.927248
9f689b68-e61a-4647-a9c3-f83624fed288,shot_noise,s4,2,0.406838,0.483274,0.762413
9f75786d-622c-4851-a4d9-c415b6809241,fog,s4,2,0.830097,0.903890,0.941205
9f7a4141-19eb-40cf-95ab-13edb132684a,shot_noise,s4,3,0.983011,0.991398,0.995452
9f7cb8dc-51fa-4b84-86c6-e82cbf060947,clean,s5,3,0.882193,0.936632,0.949684
9f91cc2b-5a9c-4151-b6d2-ca4b0965cde2,clean,s2,5,0.391945,0.488670,0.708843
9f94df70-4926-4ff2-8784-2e3a1679f0d4,clean,s5,0,0.826925,0.903945,0.919000
9f990e5a-887a-4e83-b9b0-be12b092fc22,shot_noise,s3,2,0.515369,0.646429,0.775675
9f9fe555-b681-49a9-9d44-3650ee8c9b32,clean,s5,3,0.982153,0.990985,0.992274
9fb46705-95ab-42f3-83df-107cdf8e785a,gaussian_blur,s5,3,0.932719,0.965114,0.967312
9fc00b86-ba1e-409b-8e4a-17755cdc4a35,fog,s5,4,0.193313,0.291988,0.369200
9fc76c99-74d6-441e-91de-b9cd6bd6cf52,fog,s4,3,0.902006,0.947317,0.970524
9fd799a4-70bc-4ba6-aa41-2fd6ee049c64,shot_noise,s4,2,0.938741,0.967842,0.985835
9feb16b9-6ac0-4e6a-9e4c-5f7c4c632f47,shot_noise,s4,1,0.969000,0.984166,0.989947
9fec020e-b642-47af-bc58-2f31ed3ac29c,gaussian_blur,s4,0,0.927241,0.961356,0.985309
a00a4094-aadb-467c-b858-f7ac9b643c73,shot_noise,s3,4,0.909518,0.951081,0.983970
a01cb563-62a0-43f1-95e1-2f94aa72bd7e,shot_noise,s5,3,0.956533,0.977723,0.980533
a020c979-0432-46e5-817f-a40f740cebc6,gaussian_blur,s5,1,0.238397,0.367458,0.412755
a039b143-1c3f-4805-adbe-3b8af4bf91fe,gaussian_blur,s5,0,0.331715,0.465803,0.558779
a04776b8-b9bb-459c-abea-eda771df6052,shot_noise,s5,2,0.936932,0.967352,0.970117
a06b98d9-4704-4d78-ae9d-ea2956ba1749,shot_noise,s5,3,0.792296,0.882966,0.893909
a06e4b0a-7077-4172-a0a5-3133f1b2274b,fog,s5,2,0.639875,0.779365,0.785061
a07597b6-5dad-492a-a078-febba5492b77,fog,s5,1,0.332997,0.399758,0.665994
a0770333-c73c-49ed-892f-db3283511ebf,gaussian_blur,s3,1,0.758177,0.849439,0.948933
a0825f09-9843-4baf-8a3f-8bc872d75a8d,gaussian_blur,s5,2,0.961480,0.980324,0.982277
a085fe77-0c1d-4cdd-9902-e114f815658b,clean,s5,3,0.796666,0.886783,0.887216
a0898357-4325-4c70-9abc-e31d984fa67a,shot_noise,s5,2,0.891712,0.942538,0.946560
a08fb39e-d5e3-4b3c-8a4b-e9255ab14b03,clean,s5,3,0.887281,0.940027,0.944405
a09a0b40-2cc6-4ccb-9f50-32c90d651ee1,fog,s4,1,0.936505,0.966744,0.981284
a09cf9c0-8287-4ae2-947c-443db2a314cd,clean,s4,2,0.914408,0.954242,0.978207
a0ae6c4d-26a0-46b5-a3e6-05e0a039e86a,gaussian_blur,s3,2,0.480823,0.490224,0.961646
a0c39cdb-a07b-4c55-a1f4-58e431a8ed54,gaussian_blur,s5,4,0.740082,0.849583,0.857584
a0ca6d61-5dab-42ac-a6ca-057741664792,gaussian_blur,s5,4,0.781905,0.876746,0.884577
a0d3267e-5e91-4739-8239-4c189825b689,clean,s5,2,0.756795,0.859268,0.877877
a0d3658e-db9a-45cc-b400-661a65e6066c,clean,s4,1,0.937933,0.967398,0.985605
a0dcc1d0-c329-4ecf-945a-590440345f51,gaussian_blur,s4,3,0.729614,0.839115,0.872000
a0e54436-1b74-47e9-8056-d595403f1708,fog,s5,4,0.412563,0.580123,0.593685
a0e5eafd-0cd3-44c5-aff2-bb15fea604bb,gaussian_blur,s4,0,0.978925,0.989289,0.995061
a0f100b1-dc86-485c-8865-280bbee0dc85,fog,s4,0,0.896427,0.944467,0.961929
a11d74a1-87c8-486b-abbb-83ab75a2140c,fog,s4,5,0.968116,0.983657,0.992491
a11db62d-344e-455c-bb51-d3e267fd0d0c,shot_noise,s4,1,0.955497,0.976975,0.988827
a12832d2-f2a9-4a91-93e7-d63aae165f8d,gaussian_blur,s5,1,0.774738,0.872760,0.875531
a12b13a1-06f4-49c9-a62a-996b533a6ff6,shot_noise,s3,1,0.714209,0.810846,0.951886
a12df4f2-c03d-496f-a2fe-1099b604d65b,gaussian_blur,s5,1,0.818448,0.900158,0.900192
a13177eb-da34-4cd0-bf4a-6389cafdb8f1,shot_noise,s5,2,0.325826,0.394546,0.651653
a1341b29-ec5a-4483-9ad2-2ede9b9c6d3f,clean,s5,3,0.930731,0.963948,0.968987
a1349967-8d9e-40cb-9fdd-e0bc5406b87f,clean,s4,3,0.889362,0.940114,0.963611
a15eb9c3-084f-4f25-9e5d-b47f8fa48dd4,gaussian_blur,s5,3,0.980922,0.990368,0.990480
a162fbb8-7083-4635-a6b5-96725c4926fb,gaussian_blur,s3,3,0.469373,0.599552,0.737073
a16358d2-bec9-4585-b960-0dfd248046ca,clean,s4,1,0.734274,0.842358,0.874832
a1662455-290a-4c20-abe2-aa4fc5a8cae4,gaussian_blur,s4,4,0.958207,0.978382,0.991392
a16782bb-5532-484b-b600-b4e7a29cd865,shot_noise,s3,2,0.647665,0.755905,0.910112
a175de49-9561-444a-aa81-5dad4920173f,gaussian_blur,s5,2,0.742463,0.849649,0.869160
a17d8fd0-987c-4180-b68a-bb3a103e47eb,clean,s4,4,0.390167,0.552067,0.581989
a17eba4f-93c2-4baa-b72b-397c5b247f29,gaussian_blur,s4,5,0.936949,0.966838,0.985843
a1801668-f9bf-4919-b001-66f84904f794,fog,s4,4,0.897006,0.944709,0.963760
a1828ed7-ea2b-4340-aeb5-46f56f764b9f,gaussian_blur,s5,4,0.911020,0.953224,0.958021
a1846f9b-06bc-401b-877e-1af0e0a5293c,shot_noise,s5,2,0.464653,0.617366,0.679237
a1930499-9a3b-462b-b18e-0ded29081a09,gaussian_blur,s5,0,0.563108,0.720018,0.722213
a196301e-f1fd-4608-9d20-0614c9d1ae34,clean,s5,4,0.900328,0.947431,0.949820
a1a4411b-d480-47c9-85d9-d3b2be356971,gaussian_blur,s4,4,0.965290,0.982228,0.988537
a1aa36bc-cfb5-4fea-a773-915c03d00a2c,gaussian_blur,s5,2,0.892208,0.943031,0.943088
a1ae42a1-3bc5-46ab-b1c3-7e3e75f974f9,shot_noise,s5,2,0.728828,0.841143,0.855760
a1d317ca-c79b-4c87-981f-ceaa63811f1d,clean,s5,0,0.496914,0.637439,0.736949
a1d396e4-9b67-46e3-be9a-392c30b10281,clean,s4,3,0.970684,0.985037,0.990928
a1d57981-1fc7-42fb-99ab-eb2cd8e32e9b,clean,s3,4,0.379763,0.442789,0.743735
a1df614e-88c6-45c5-aabc-d42f3247f842,gaussian_blur,s5,3,0.347070,0.410911,0.692494
a1e2133e-7448-498e-a9ea-3fb8cac2e062,gaussian_blur,s5,3,0.984536,0.992208,0.992208
a1fafa68-eeef-41b0-9e8d-3cc6e94cb21a,gaussian_blur,s5,0,0.556148,0.679907,0.823707
a2077fd4-e021-421d-b57a-fc7945c30c9a,gaussian_blur,s4,3,0.780380,0.874585,0.893067
a2181f74-427c-4165-87b1-69c1fbb8a899,gaussian_blur,s5,5,0.855171,0.921008,0.933634
a22bf4f1-2731-4b79-a6fa-09c80c7e1bb8,shot_noise,s4,2,0.714664,0.822958,0.893648
a2426dfb-e783-4425-9279-674e7b0ce045,fog,s4,3,0.712857,0.819090,0.905715
a2504598-eb95-4df2-bff1-b56affd54a99,fog,s5,4,0.914056,0.955086,0.955383
a25c95d5-78b7-439b-9cc2-7bb16955b9f7,shot_noise,s3,3,0.960062,0.979318,0.994407
a2639205-c2f2-4634-aa0b-ded8c53d9063,shot_noise,s4,1,0.954594,0.976646,0.982066
a2999db0-fae4-4959-a192-621654b13f90,fog,s5,5,0.600401,0.732895,0.815526
a2a0420d-f843-4254-aa5b-d8b48471f293,fog,s5,2,0.908088,0.951830,0.951832
a2a57263-7f68-4496-9951-56cb38cfe28a,gaussian_blur,s3,1,0.939739,0.968247,0.990564
a2a5cb20-d1cb-4930-b0bb-721a6a000d03,shot_noise,s4,0,0.467647,0.633062,0.648753
a2a63dd8-7d60-4c92-b403-91c446215469,clean,s5,3,0.641852,0.781838,0.781979
a2b100a6-fc58-4ab0-9a96-6af42f7e5071,clean,s5,1,0.930731,0.963948,0.968987
a2b3b0f3-ede3-44f5-86c7-7b63b38ef35d,clean,s3,0,0.901236,0.946034,0.985466
a2c1541f-2fef-4412-aab8-d6991f84d476,gaussian_blur,s4,4,0.902508,0.947233,0.977624
a2c8fbbc-a0f7-468f-b7e4-95e16e9a9653,shot_noise,s4,3,0.586787,0.706702,0.851726
a2d4bfb0-9eb5-4098-a176-764cd0c6d14f,shot_noise,s5,0,0.903309,0.949195,0.949269
a2d5a50f-f331-4aba-8252-916a09936ddd,clean,s5,5,0.929294,0.963314,0.964368
a2d793d5-2467-44cf-a12d-633e47b08486,gaussian_blur,s4,2,0.721933,0.829373,0.892091
a2d799d8-d9e8-44c5-a074-f9fb96b17353,gaussian_blur,s4,4,0.930087,0.963086,0.982511
a2e39b7d-3925-4acb-9c1d-608ae6a2c580,shot_noise,s4,3,0.469512,0.629757,0.663979
a2e8016f-1392-4b3e-b406-d45a26523c0b,fog,s5,3,0.908300,0.951933,0.952222
a2e84a17-50ba-4edb-8aa3-4fe2608611e5,clean,s3,4,0.709676,0.804857,0.959994
a2ea851d-da61-4eda-b70a-4a22a308b612,shot_noise,s3,1,0.893718,0.941569,0.983367
a2ec3d4e-6001-4893-827b-338138deee59,clean,s3,4,0.760733,0.850552,0.954826
a2ed18e4-ba14-4854-9168-5a86f119e063,fog,s5,3,0.868953,0.929275,0.938472
a2ff81bf-91ba-4a40-9079-2b8955c56fb8,clean,s5,3,0.665611,0.797507,0.807796
a301d8d3-7e9a-42c3-98cb-687b196589ec,gaussian_blur,s5,0,0.652865,0.788417,0.797365
a3094011-9a3d-4568-964d-6df5f0554377,shot_noise,s5,0,0.626037,0.768354,0.777189
a3190ddd-4882-4482-bb95-b3925133e54d,gaussian_blur,s3,3,0.761332,0.853208,0.941392
a32a3d89-b61e-4d4f-8721-2752f258948d,clean,s4,5,0.915142,0.954852,0.974287
a338164e-65e8-4a13-a787-bd76af4617fc,shot_noise,s3,0,0.980980,0.990328,0.997686
a33a6762-8c1e-420e-84e3-cef4a2bcf17a,clean,s4,2,0.251396,0.399764,0.405151
a33fd710-d019-4a7c-b27b-b231113838fd,fog,s5,0,0.377960,0.519750,0.608608
a34dd1e9-1074-4b10-8c68-2e0570077071,gaussian_blur,s5,3,0.700653,0.823968,0.824060
a353bb00-a984-41d3-962c-a3435cf2b937,gaussian_blur,s5,1,0.925531,0.961274,0.962648
a379d387-4895-4ffd-a316-04a75741a4fd,shot_noise,s5,0,0.930599,0.963942,0.967099
a3965c7e-2d7c-4b24-8bda-755e6b3f4f09,gaussian_blur,s5,4,0.715819,0.834131,0.835850
a3c37a3d-d548-4f1b-99f4-2a2f777efb03,clean,s5,4,0.982225,0.991024,0.991984
a3c3d610-49bf-4056-b638-e5e12e6134ea,gaussian_blur,s5,3,0.693381,0.817690,0.825737
a3c6d419-32c2-4299-aed8-54abae6d033f,fog,s5,4,0.927037,0.961912,0.968058
a3d0d375-473e-4ba4-a3ad-a2e285d4ca72,gaussian_blur,s2,0,0.888372,0.937650,0.992800
a3d168db-f510-4354-a543-86c6d2b3ac9e,fog,s5,2,0.702729,0.814917,0.882133
a3d190cc-c9a3-45b7-a580-c0fcfea58fe9,shot_noise,s4,1,0.573507,0.713040,0.784408
a3d905bd-bfc1-4f97-ab78-216c6499586d,gaussian_blur,s4,4,0.949468,0.973733,0.987239
a3e3bdd2-378e-4b4a-99e6-8e4c958334c6,clean,s3,2,0.598005,0.684977,0.949893
a3e8f2b0-f3f0-4c1d-b6e8-381f3bd27059,shot_noise,s4,1,0.472017,0.632621,0.664998
a3e99942-23d9-4111-8ad0-784069a8a5a8,fog,s5,5,0.364665,0.441494,0.700855
a401c412-98d5-4aea-b88c-ff3e39455ce9,gaussian_blur,s5,3,0.334402,0.489492,0.524139
a4043c52-afde-4485-8fe9-9967081decfd,shot_noise,s5,3,0.876617,0.934239,0.934466
a40470c7-f414-477e-99bf-65a04527f05f,gaussian_blur,s3,1,0.482268,0.611376,0.751945
a410f549-589a-4217-b59b-5fd30d34938f,clean,s5,0,0.916771,0.956505,0.958264
a4188edb-6809-41fc-88ba-4ddb02742e6c,shot_noise,s5,1,0.907169,0.951322,0.951387
a41ce179-5f29-4019-b42f-d6f23cc67b18,fog,s4,0,0.842742,0.911238,0.953227
a437c547-b61a-48e3-bbcf-1d01a0570d29,gaussian_blur,s5,4,0.973327,0.986456,0.988480
a475f9a3-eed5-4c4e-b23d-19a721a21898,fog,s4,1,0.972382,0.985897,0.993117
a47c0268-8e7d-4727-8255-824000ebe0ba,shot_noise,s3,5,0.531482,0.648895,0.822757
a48b650d-c335-4994-898b-8b2edf39e636,shot_noise,s5,0,0.443938,0.483049,0.869952
a490dc83-074e-4ebc-bef3-c6c2a224d215,shot_noise,s5,4,0.712275,0.829225,0.848000
a493969f-640b-4556-803e-7fc6bb57f26e,clean,s5,5,0.894224,0.943871,0.949275
a49ae84f-7fca-4914-99f1-15b981de0c7c,gaussian_blur,s5,5,0.911103,0.953349,0.956384
a4accddf-1b53-45cc-a59c-249d4293ce5b,fog,s3,3,0.748675,0.842765,0.942210
a4b2fbfe-8e27-4418-bb4b-9e3c12e1c273,gaussian_blur,s4,3,0.681650,0.795329,0.885755
a4b409f9-70ec-44ba-a2bf-d62db049cf49,clean,s4,3,0.959172,0.979060,0.983964
a4b99228-6086-4310-9aab-b6eff66d10af,gaussian_blur,s4,4,0.746400,0.847962,0.899675
a4bf1046-5a07-458b-94bd-e8630252149c,fog,s5,1,0.956817,0.977925,0.978258
a4cedbd4-a80f-485e-907f-b5631d02b88c,gaussian_blur,s4,4,0.949377,0.973930,0.977909
a4d1264f-4455-48b0-aea9-754f1079fe5f,fog,s5,4,0.976240,0.987975,0.988216
a4d63328-ce88-4472-8abe-5e0807f25dc0,gaussian_blur,s5,0,0.286449,0.440235,0.454441
a4d99369-fa01-4891-930c-b1e1ead000a4,gaussian_blur,s5,5,0.773254,0.871208,0.879287
a4e82559-b209-4792-9a81-e407d7f2b3da,shot_noise,s3,5,0.674845,0.772210,0.953581
a4f738be-31d4-4f1c-9f16-b7cd399cdbf8,clean,s5,1,0.794381,0.884597,0.892448
a4f86200-b534-4fe9-81c9-9360b9ad9501,gaussian_blur,s4,3,0.567477,0.707818,0.779670
a4f870bc-8c46-4a4b-829c-3ecbbcf1bda1,gaussian_blur,s5,1,0.818381,0.899975,0.901573
a5015e81-9a85-44fb-a139-77c2c4b68248,shot_noise,s5,5,0.687724,0.808153,0.850517
a5181f38-d1b4-4715-bb32-df599e231418,clean,s4,2,0.531199,0.633424,0.858629
a5231498-25ea-457b-8add-63c80be3e460,shot_noise,s5,5,0.746808,0.853487,0.865755
a5328e79-ca5d-43ec-b74e-98a8c33d8073,fog,s4,0,0.472691,0.633408,0.665219
a5353107-473f-4976-a79e-3095374ddc86,shot_noise,s4,1,0.982413,0.991091,0.995289
a53ce407-aea1-46c4-ba3b-ccbbb3729b39,shot_noise,s5,3,0.366597,0.535984,0.537648
a5423928-2e06-4c73-b37f-44d9c26c6b81,gaussian_blur,s4,4,0.839672,0.911471,0.928427
a543c77e-72ef-48d7-a6be-58e6a9bc1ccb,gaussian_blur,s4,2,0.797238,0.883852,0.915840
a55a0e26-af04-4f3e-b998-00970e41bb9b,fog,s4,1,0.812878,0.893101,0.931215
a55e1d37-8057-4580-a67b-c8f09c76ff44,shot_noise,s3,5,0.934458,0.965109,0.995063
a5658dba-3999-4497-841e-d705d37e4502,fog,s4,3,0.412044,0.576888,0.599509
a586cc3e-5f37-42e5-abb5-99263868a808,gaussian_blur,s3,5,0.941988,0.969346,0.995618
a5917832-7b63-4919-adfb-2652c6109689,shot_noise,s5,0,0.556148,0.679907,0.823707
a59e4848-c4f1-4767-8036-20ca5a41a59f,gaussian_blur,s4,2,0.979319,0.989500,0.994416
a5a8278b-a324-4109-9d63-63d5c093f198,fog,s4,4,0.952973,0.975791,0.981285
a5a82c95-4328-4fa8-8bf4-a47bbebfc7cf,gaussian_blur,s3,0,0.633459,0.740939,0.909417
a5abf354-d32d-4398-8b68-b728de109ae9,gaussian_blur,s5,1,0.566959,0.718371,0.742359
a5b907fb-8c15-4dba-b944-da6990d406cf,gaussian_blur,s2,2,0.473354,0.537395,0.869868
a5bd63ea-3efe-4919-8179-7412beccc14e,clean,s2,1,0.888372,0.937650,0.992800
a5be3c5d-287c-4166-b852-d941819143f9,gaussian_blur,s4,4,0.791768,0.881854,0.900123
a5d12095-67c9-4b12-9506-1a4c1c0503d6,fog,s4,3,0.892072,0.941133,0.973950
a5dcbc7b-14ec-4501-b0bf-58c18a75a32e,fog,s4,2,0.961590,0.980187,0.992128
a5dedaae-c09e-4800-ad17-3fbb2e54d22e,clean,s4,2,0.701061,0.810493,0.896923
a5e9037c-3fa7-44db-b802-7e3170e5311b,gaussian_blur,s5,1,0.907345,0.951422,0.951423
a5eb8ec0-182e-414f-ae64-2c2941b48f16,clean,s2,2,0.932359,0.963801,0.997984
a5f0edbe-c5b2-4872-b6bd-3d72f7ed0e23,clean,s5,5,0.931936,0.964748,0.965363
a5f28178-9529-4d4f-a90b-651a88fbf703,fog,s5,0,0.556148,0.679907,0.823707
a5fd62f0-0416-4598-9f41-e11c820dbd66,clean,s5,0,0.375428,0.532889,0.573776
a5fef908-7bf3-4def-8ba5-dde49b248dc8,gaussian_blur,s4,3,0.918410,0.957193,0.963952
a600e659-e51a-4912-b6dd-827c68217356,fog,s5,3,0.920029,0.958253,0.960659
a60247d8-425b-44ce-b607-3c298b93d5f9,clean,s5,2,0.377960,0.519750,0.608608
a60c371f-1b61-4ff9-a53a-3fb0779dc0e7,gaussian_blur,s5,2,0.299082,0.449374,0.480567
a615439e-2d51-477a-9580-7e7b4675c6ed,clean,s3,1,0.802315,0.882706,0.955197
a6245601-b4c3-436f-a166-66fa8f20cb49,shot_noise,s5,3,0.736040,0.846343,0.858431
a629075e-155e-48b7-a854-74dc51cb8cea,gaussian_blur,s5,3,0.883052,0.937386,0.946021
a6317b3d-184a-43d2-9aaf-a6b15bc11148,clean,s3,1,0.928743,0.962077,0.988856
a635a3a5-51b5-45d9-a16e-4beddf901ac7,fog,s5,5,0.436000,0.605749,0.611029
a644ff94-eb98-4e3d-ae08-9e8bd7194923,fog,s5,3,0.777592,0.874531,0.877687
a64ac07f-d918-4bcc-904b-efa64d03cfea,fog,s5,5,0.719488,0.834679,0.850075
a657a530-2471-476c-a2f1-63bf084e94b8,fog,s5,4,0.637054,0.776862,0.784709
a6596a4b-5861-46ec-9a26-da2cea41a2cc,gaussian_blur,s4,5,0.945131,0.971604,0.978412
a662fa77-8d6e-468e-b0d7-122c3f7fad8b,shot_noise,s4,4,0.846770,0.913238,0.960715
a66544c2-4078-4599-80e2-76b5dde79676,shot_noise,s5,5,0.674020,0.804482,0.809307
a66b7ae3-f1a1-4790-a48a-bc9607966317,gaussian_blur,s5,4,0.678931,0.803156,0.837264
a66b991d-d6c1-446d-bf00-bf7c7719b1c9,gaussian_blur,s4,3,0.781762,0.868050,0.949257
a67213c9-d3ba-4de4-8636-ce626257cb2f,fog,s5,4,0.885648,0.939088,0.943765
a67ca3df-2521-4555-a721-8a6756f9dae5,clean,s5,2,0.665611,0.797507,0.807796
a67ccd35-8b8f-4146-9ea8-dcf5f1ebeb0b,gaussian_blur,s4,2,0.921879,0.959093,0.965675
a6827b8d-de86-432a-9b45-de7667c29d6b,shot_noise,s2,2,0.924004,0.958972,0.997772
a6874373-87c1-458d-b89f-3152d5ea59d9,gaussian_blur,s4,5,0.961531,0.980292,0.985279
a687944c-efb5-4fca-b0ac-97de884a0368,clean,s3,0,0.863448,0.922190,0.984954
a69f7099-b93c-4dbb-ad9d-5483ac321379,gaussian_blur,s4,5,0.532514,0.664232,0.786453
a69f7e1d-2502-40e7-be0a-6b818a1120e3,clean,s4,2,0.840024,0.911692,0.928517
a6a447dc-37dc-4203-a175-5b314a9b63bf,shot_noise,s5,5,0.824622,0.902892,0.914080
a6aa2ade-8476-4329-9d7a-24eddc3697e5,shot_noise,s5,0,0.407121,0.578648,0.578683
a6ae6d17-2a3d-463e-a4fa-c9608d2cf8a9,fog,s4,2,0.863696,0.924414,0.959279
a6cbf45d-ff46-4f38-8987-82b50ff227dd,fog,s4,4,0.823489,0.899990,0.935316
a6d57a54-6a9c-47ff-b270-81a72c95edbc,fog,s3,4,0.632534,0.737369,0.917856
a6dde4c0-a092-4af2-b500-815a61e377fb,shot_noise,s5,2,0.678858,0.799363,0.855321
a6e9165d-66ce-42de-b376-38156d05ba3a,fog,s4,3,0.802111,0.888653,0.904000
a6f1a1c2-ae3e-4750-a0d0-509a2eaab08d,fog,s3,2,0.887899,0.937976,0.983276
a6f37db3-e929-4a47-83b7-0b853508684c,fog,s5,5,0.966469,0.982912,0.985075
a6fe1991-159e-4262-8615-2db19930c215,fog,s1,1,0.807015,0.881209,0.994165
a70365d9-e40c-4d7f-b95f-f5b157b823ed,fog,s5,5,0.933152,0.964832,0.982145
a70fb692-5eee-4671-bfb5-e3a958c26323,clean,s4,3,0.904147,0.948191,0.978022
a70ff689-5cc4-4344-99f2-3b324a66a162,fog,s5,0,0.900328,0.947431,0.949820
a71a714e-0734-4f57-b79d-314eeb073826,fog,s5,5,0.817886,0.899274,0.905258
a71c72ca-e137-4b91-8506-1e80143609bd,fog,s5,0,0.768812,0.868986,0.871675
a72acd7c-8007-4d05-89b0-e0bf31aa5405,shot_noise,s5,2,0.930174,0.963783,0.964976
a72c2089-7fa3-4197-a46b-af33be1a1885,gaussian_blur,s2,2,0.750003,0.837220,0.979547
a73182cc-b973-45c6-8e4c-a509b34f7725,gaussian_blur,s4,4,0.977040,0.988314,0.994608
a73f8d99-cbcf-4f88-a0c8-edf5a1e07e67,fog,s4,1,0.935919,0.966495,0.978943
a740e39f-8d3d-4aea-9d12-12ea45a72812,fog,s5,3,0.291070,0.394501,0.544037
a74ac551-2e55-4de1-969f-53ff64ce684d,shot_noise,s4,2,0.608531,0.738193,0.827050
a78b2297-94de-4a21-90a0-e9efedf1766a,fog,s4,4,0.739178,0.845563,0.878966
a795b218-45fd-418e-b529-7badd9f6780f,shot_noise,s4,0,0.489961,0.629247,0.734382
a79945a6-5943-47a2-a3ab-89ead4200558,shot_noise,s5,2,0.669118,0.800712,0.807029
a7a36c52-9430-46ea-a71c-2e4855d4ad1c,fog,s2,4,0.636464,0.720496,0.983063
a7b8adf9-ab7c-47cb-a022-1dfb4c4dad90,shot_noise,s4,0,0.837913,0.908095,0.952217
a7bc42e0-4595-4885-81c7-7c564d0d81ed,gaussian_blur,s4,5,0.860037,0.922703,0.951269
a7c4b9d5-6cfe-48ab-b4fb-ca3364b435ed,clean,s5,2,0.905948,0.950650,0.950716
a7d7024d-1c23-4225-95ca-23a8bdef17d7,clean,s4,5,0.376587,0.531212,0.581090
a7e30892-cd9d-46d7-a0b7-e56e9d22c624,fog,s4,2,0.978642,0.989146,0.994721
a7e52878-84d0-4731-a45c-4a09c0b5dcf5,clean,s5,2,0.882974,0.937754,0.939405
a7f56ae7-008a-4f3b-91c7-fce1fd67158a,shot_noise,s4,1,0.918735,0.957244,0.967072
a7f6817b-92d5-4d75-84fd-a0f0d182b86c,shot_noise,s5,1,0.940700,0.969346,0.972645
a7fa770c-6200-4b72-94e3-4bbdce8fcc14,gaussian_blur,s5,5,0.950219,0.974473,0.974527
a8013ab6-25ac-426b-b32e-5eddf05a3d80,shot_noise,s4,5,0.471902,0.636891,0.653120
a8140e01-f669-4b14-9997-7f0768ba33ae,shot_noise,s5,2,0.883511,0.937999,0.940637
a8297a53-61a0-42e7-b949-e798244cc8b4,gaussian_blur,s5,2,0.423455,0.591618,0.603168
a83cb483-9bbc-4718-910b-3be3ab1be9d7,fog,s4,0,0.901824,0.947041,0.973616
a84ee996-5e09-4fdd-a5d7-8a7caacd380e,fog,s5,5,0.732367,0.844688,0.850803
a857b671-fb9e-4ada-940e-433bd2d30e1d,fog,s4,4,0.561163,0.705383,0.764795
a85ece4b-284c-41f4-bdcc-84fc330753e6,fog,s4,5,0.918584,0.957289,0.964005
a85f7757-b075-40bc-bd7d-7f6225df5d38,shot_noise,s3,2,0.585024,0.689590,0.894757
a8602da0-82aa-4f5e-9baa-0f168f7dd27b,shot_noise,s5,3,0.776523,0.873337,0.881059
a865c671-75dd-4268-8899-d8c7abc1d114,shot_noise,s4,4,0.431072,0.570325,0.677204
a86a3e68-ea84-4b98-9e22-9c5b59fb0b2b,gaussian_blur,s4,1,0.705155,0.818382,0.875013
a876edb9-eb70-4626-a2fd-ccbefb8025a1,gaussian_blur,s5,4,0.334237,0.400650,0.668473
a885ce78-a8ad-4d19-8d80-3caf595c06c2,clean,s5,1,0.941363,0.969700,0.972982
a88da089-f80a-4002-9a09-69c0c92fd5eb,clean,s4,0,0.800602,0.881694,0.953211
a89131bb-7075-454d-a239-4e3534c7a724,shot_noise,s5,2,0.965475,0.982388,0.985099
a8a0d7f9-066b-43ff-beaf-d29aa3ad1883,shot_noise,s4,3,0.900849,0.947310,0.957877
a8a100a9-beb4-4622-87c6-ed7e8851fd10,clean,s3,3,0.863448,0.922190,0.984954
a8a1ed4f-d0dd-4fd6-b108-fc097ce7f317,fog,s5,0,0.653778,0.783620,0.823125
a8bac97c-d5eb-4016-8a35-238719966f39,shot_noise,s4,5,0.820177,0.898996,0.923081
a8c4ce8c-e824-4caf-bc72-579dbb8057b9,fog,s4,3,0.820694,0.897566,0.940092
a8d31d81-c802-4517-a59a-2f98becd8e9f,fog,s4,1,0.960243,0.979470,0.991824
a8d873bd-61c0-4120-a0e3-3aec26eaa661,fog,s5,5,0.882951,0.937642,0.940965
a8d8c881-44f9-4cbe-ab99-06f39e297df7,gaussian_blur,s2,3,0.880016,0.932055,0.996885
a8df2730-82eb-4e7f-a2a7-d1f87f544c92,shot_noise,s3,5,0.483639,0.493649,0.964619
a8e88be8-7597-4d81-8880-6b70b912f2af,shot_noise,s3,5,0.853757,0.916467,0.976688
a8eb9e60-39d6-44cf-9506-9b692e9e7f6d,gaussian_blur,s3,4,0.849831,0.913913,0.975824
a8ff60dc-a014-4988-b9db-f8558d623b99,gaussian_blur,s5,2,0.928403,0.962212,0.980335
a900c46c-eff7-4bf9-8a06-99932c77d676,fog,s4,2,0.918101,0.956895,0.966752
a914ca3d-d448-4010-819c-92f3e84a6046,clean,s4,4,0.608023,0.737747,0.826740
a91bf100-738d-43ce-8641-96eb5e431f5d,gaussian_blur,s5,1,0.802794,0.889544,0.900272
a92ef1ba-c1dc-41dc-aef7-c23102084c7d,gaussian_blur,s5,2,0.976987,0.988358,0.988491
a9442900-fa9c-4e4c-a170-abb511fed130,fog,s4,1,0.967449,0.983363,0.989013
a944fd18-981a-4c02-b6f6-a56e6eb0aa5b,fog,s4,3,0.589587,0.732663,0.776032
a954cd3f-3cbf-446d-a8fe-7b25e8ab51cb,gaussian_blur,s4,3,0.867159,0.926843,0.956341
a9638ee2-0a14-465e-b6db-88dd3d6f2139,clean,s5,0,0.930599,0.963942,0.967099
a9674008-4f4a-4059-874f-2e125f02f359,clean,s3,0,0.928743,0.962077,0.988856
a96c0314-381f-4a73-b1ef-a0af273dfd3f,fog,s5,0,0.973012,0.986294,0.988336
a9760fe8-2bf3-4cbe-8da2-47aad178846a,fog,s3,0,0.633459,0.740939,0.909417
a9834063-815e-4da8-9629-c2f0d47a60cc,fog,s4,0,0.919113,0.957216,0.972704
a9842c84-26fe-485d-9e21-1a738681d5ba,fog,s4,4,0.946277,0.972219,0.978811
a9842d64-4d10-4d83-9592-c22405a96493,shot_noise,s5,2,0.551530,0.674954,0.821691
a98eec50-d9f6-48ee-a838-a69fca47194a,clean,s3,1,0.898411,0.944084,0.989481
a98fe429-f3d8-415d-9a47-3d93c506865b,fog,s5,2,0.956489,0.977760,0.977802
a9aa6699-08dd-40ec-92f3-f0f5f5ac6596,shot_noise,s4,3,0.926554,0.961648,0.967840
a9ad8cce-a610-422e-babe-ccf940a3fca3,fog,s4,4,0.922544,0.958803,0.981787
a9b80812-b00b-4fa7-aa0d-fde43fd4700e,gaussian_blur,s4,5,0.440941,0.579300,0.689788
a9bf32f1-a714-4104-9cbf-f7a1cdc26c39,shot_noise,s4,3,0.969099,0.984218,0.989984
a9ca0956-0870-4ae3-9442-e0f94a0a6b7f,clean,s5,3,0.826925,0.903945,0.919000
a9ccf80c-1397-42a3-a331-89dbcdabd432,fog,s4,1,0.527897,0.681761,0.720080
a9cd8a98-4ecc-41fb-9d8d-a6f97dd6f8e8,shot_noise,s3,4,0.519532,0.638173,0.809922
a9e5fd66-f6fc-47db-84cd-ef51811030db,fog,s3,4,0.605221,0.686384,0.969876
a9f36ce7-4206-48a9-af03-00df8ae0d60d,fog,s2,1,0.915385,0.953987,0.995744
a9fa2f11-6210-49da-a6b2-2d586ab2052a,clean,s5,1,0.982153,0.990985,0.992274
aa075d6c-388c-4371-9dc6-fb4661f37156,shot_noise,s5,3,0.660837,0.795773,0.795860
aa11a431-d22b-4542-bd4f-921ecd1b2190,shot_noise,s5,1,0.985524,0.992709,0.992709
aa16055b-587c-4ca5-aff3-61da4d161d59,clean,s3,3,0.661465,0.769189,0.913456
aa1fc83f-6a90-4b43-8351-953d3fadba30,clean,s4,5,0.408637,0.486170,0.763162
aa2fc9cf-88ee-4a36-b806-d0d301033cf4,shot_noise,s5,3,0.602186,0.750473,0.756645
aa3b1d28-0289-4adc-84d8-f97abe42fb68,gaussian_blur,s4,2,0.461620,0.580265,0.754091
aa40f010-4c58-4440-9edb-9d176cc430eb,clean,s4,0,0.702782,0.811323,0.900335
aa5377ee-fd11-4490-94d7-94211ed8d590,fog,s3,2,0.826072,0.897801,0.972774
aa6f80c6-e747-49a1-a49a-476fce6ae1ca,clean,s5,4,0.727568,0.841169,0.849445
aa734316-9e20-4acd-acc9-454ff6ca2537,clean,s5,1,0.891069,0.942360,0.943040
aa784594-dcbc-4995-91b1-d13dc1fadb70,shot_noise,s3,3,0.366994,0.487158,0.634000
aa90cf65-afd7-44dc-b3c9-1fdda6cf5ca3,shot_noise,s4,5,0.972044,0.985754,0.990716
aa96547d-28e6-49e6-8950-e87e9a79b8b1,shot_noise,s5,3,0.936637,0.967166,0.970811
aa98fb53-56bb-4ccd-9b8d-f05527319fa9,fog,s4,3,0.926095,0.961096,0.975343
aa9ad8e5-96f6-498b-84e7-1d4d1b855e58,gaussian_blur,s5,2,0.984505,0.992192,0.992192
aab50489-c0cb-4416-9a1f-55fdd2f3a70b,clean,s5,1,0.894803,0.944322,0.947339
aab603dd-5cd8-4712-a94c-fbff1fbe3ed0,clean,s5,0,0.881710,0.937123,0.937358
aacf6ff0-bc25-4a8a-8ae5-a15cb4593037,gaussian_blur,s5,3,0.444852,0.615596,0.616240
aad0ec4e-542f-46a6-bcee-84e647111d1c,fog,s4,4,0.699890,0.814680,0.870795
aad187bf-f433-4907-8c7a-e3d48792b750,gaussian_blur,s4,0,0.842742,0.911238,0.953227
aad4aefb-ec32-4611-8c86-da186a20d2e0,fog,s3,3,0.763690,0.853758,0.949822
aad72784-b715-4221-b721-fe3987eb7a19,fog,s4,0,0.854692,0.919785,0.944944
aad8b280-47a2-450e-90ea-70879b8cb70e,clean,s4,0,0.876866,0.932027,0.969219
aae2f3bd-785b-4f22-a34b-568014a2a53b,fog,s5,0,0.679577,0.799935,0.855652
aae5dceb-4772-47d8-808b-b3cc2b182168,shot_noise,s4,2,0.906829,0.949758,0.978602
aae6807c-df3c-4e2a-8962-36a032e2c49d,clean,s4,1,0.608023,0.737747,0.826740
aae69b8b-4274-4c22-8985-fcd056c7d22d,clean,s5,1,0.564848,0.716236,0.741953
aae89978-16a2-4597-be7e-8afe06763cf3,fog,s5,3,0.920651,0.958417,0.965178
aaf9e4b3-f35d-4542-9b39-db219ff91a67,clean,s5,3,0.925654,0.961358,0.962269
aafb8c6c-e691-4ccb-ac51-80f602ef0c45,shot_noise,s5,1,0.229256,0.357351,0.397351
ab083cda-28aa-47fc-a3ad-a56f967513dc,clean,s3,5,0.797793,0.877094,0.972395
ab0a9f53-7b96-4101-8344-f62e0d35ad17,gaussian_blur,s5,3,0.768571,0.867517,0.881420
ab0d7161-6a21-44b3-ab33-9aaf421607eb,clean,s5,5,0.331715,0.465803,0.558779
ab17b51c-6c0f-458a-9262-30e3c21a0e3a,clean,s5,1,0.782905,0.877365,0.885335
ab1bd77b-72fb-40c6-9cd2-0453a15f3f20,shot_noise,s4,5,0.731715,0.840604,0.873131
ab2a19fb-e70c-4baf-ab15-cb58cc951910,fog,s5,4,0.229742,0.372746,0.375072
ab34223d-c9d5-4fef-ae30-9d50f3ecaff2,gaussian_blur,s3,3,0.551661,0.680925,0.805499
ab388a31-0740-49d2-ae96-fd6d7d25b433,clean,s4,3,0.467647,0.633062,0.648753
ab411a8c-2090-42ec-b037-779a0bea53fe,fog,s5,1,0.863892,0.926961,0.927193
ab533a7c-6763-42aa-b284-f886c993fce3,gaussian_blur,s4,0,0.701061,0.810493,0.896923
ab5706bc-410f-4f4f-8055-4bcf4f9b9c2d,clean,s4,5,0.956706,0.977568,0.991512
ab5c16ec-0264-40b5-919d-9b6ce1dab117,clean,s4,5,0.928677,0.962433,0.978636
ab6c5e96-d74f-4a55-982e-6d1819b77943,gaussian_blur,s5,2,0.947076,0.972797,0.973626
ab751bd6-e7a9-4e3c-9be9-0c355b3be1b2,clean,s4,1,0.650975,0.782356,0.817259
ab7d3674-a34c-421d-a04b-3aa8f9c991bb,fog,s2,0,0.655417,0.741624,0.986218
ab7fc811-7954-45e8-a273-1d1e94cf7ba2,clean,s5,0,0.626037,0.768354,0.777189
ab846aff-acfe-4bd9-9786-3c4437c09eab,clean,s5,5,0.236396,0.365524,0.408987
ab85987c-115a-4520-8e83-2d095653d986,shot_noise,s4,4,0.935183,0.965860,0.985419
ab8e10bc-5bf1-4664-9791-3cea991e0c47,fog,s5,0,0.811888,0.895817,0.899655
ab8e83de-e265-4248-a460-e7dad97cd7d4,gaussian_blur,s5,4,0.578352,0.732569,0.733925
abb53878-9360-4c9b-a16d-17478b70f0c3,clean,s5,1,0.960007,0.979595,0.979629
abc992ac-20e9-4460-9e57-0c6a2a0aa20b,shot_noise,s5,2,0.733580,0.844703,0.856714
abcef81e-4cb6-4c85-8fdd-c364528a1325,clean,s5,3,0.240784,0.386607,0.390575
abd524f3-f295-4caf-b53d-23cc7ffc0485,fog,s5,2,0.576880,0.716782,0.784251
abd83132-a843-48a8-a9e8-9daf27bb8fc6,gaussian_blur,s4,5,0.944266,0.970893,0.986499
abdfca2f-6c4d-401c-a5dc-e6e62fd42555,clean,s4,4,0.854692,0.919785,0.944944
abe2c599-8a63-4080-b6a1-d8314b02b296,fog,s5,5,0.751656,0.858164,0.858644
abebe650-3ac6-47ea-8385-6ab1f644a4cb,clean,s5,2,0.443938,0.483049,0.869952
ac000220-a4d0-466d-a346-8141c2afd47a,shot_noise,s4,2,0.816645,0.892577,0.959513
ac142fb8-2d3e-413f-835b-365d798f181f,shot_noise,s3,3,0.881800,0.933734,0.989317
ac191549-2c12-472b-a675-1fbbdc986d4a,gaussian_blur,s2,2,0.922077,0.957898,0.996529
ac1aad75-52f9-49b9-b1e6-24d6a8b938fb,gaussian_blur,s3,1,0.766445,0.857005,0.943153
ac200aea-ea8b-4178-8e97-61ccf9d2f522,fog,s4,2,0.919970,0.958048,0.964725
ac2dbff6-23b5-48b5-ba81-dcb3bf90fe84,gaussian_blur,s4,5,0.574635,0.716579,0.776741
ac360ef4-c869-4c1a-b7bd-317cf337134b,gaussian_blur,s5,4,0.345967,0.408960,0.691934
ac38c6e7-0b61-418c-a43b-023decd6dd9f,gaussian_blur,s2,3,0.930889,0.963036,0.995909
ac3bb8c7-dc95-4ac5-8b52-fe13736b0cc4,gaussian_blur,s5,2,0.908211,0.951878,0.952305
ac47bddb-dfd1-4f91-9919-de3c5966ab21,gaussian_blur,s3,1,0.867940,0.925093,0.985487
ac4bbbbb-4e29-4910-a9b0-624c11c65b99,fog,s4,3,0.440427,0.468326,0.880853
ac4c7a81-17eb-431f-8d5f-f21441887c6d,gaussian_blur,s3,5,0.782176,0.868363,0.949292
ac540ecf-02d6-4db2-bf13-3a01ce168677,shot_noise,s5,0,0.794381,0.884597,0.892448
ac573df4-dffd-40fb-aef4-e25811915a71,clean,s5,4,0.764327,0.866019,0.869442
ac5e5f68-858d-4a1c-af41-a89e41060755,gaussian_blur,s3,3,0.644277,0.748802,0.922427
ac63de65-0212-4486-86dd-7f08a0113c17,clean,s4,3,0.752793,0.849450,0.922162
ac688f39-f99c-4a91-9686-4e2b3acd9168,shot_noise,s4,2,0.957436,0.978018,0.989051
ac731552-440d-4212-bb15-629be9128575,clean,s2,0,0.888372,0.937650,0.992800
ac7e36da-bd4b-48da-b467-7e8ee2e6bbbc,gaussian_blur,s4,3,0.964984,0.982102,0.986533
ac82580c-5882-4ace-80b3-21b76366e96d,shot_noise,s4,3,0.695311,0.815569,0.845797
ac96b76a-6113-4f3e-8028-f95e141ed982,clean,s4,2,0.792318,0.882210,0.900400
ac9af847-1917-40ed-b9d1-a206c4df03c7,shot_noise,s4,1,0.931472,0.964259,0.971829
ac9cb684-9618-46a6-b88b-3db9f2a4b162,gaussian_blur,s4,5,0.946130,0.972206,0.976405
aca3477c-8361-447a-a65c-6713fb7123c0,fog,s5,0,0.941749,0.969993,0.970275
aca93e9d-5d2c-4ccf-80b1-7ab99cc019a2,shot_noise,s5,5,0.712891,0.830985,0.840656
acaac760-7771-42a5-b0c7-b0c843007fd2,shot_noise,s5,5,0.912389,0.953903,0.960363
acaba292-9fc5-422c-ae61-775c8a7fcef3,clean,s5,4,0.639752,0.780303,0.780304
acaf365c-1696-4dec-a438-30730cb91837,shot_noise,s2,0,0.477349,0.541657,0.874365
acb021b0-e745-4100-ab58-6dbfed67e39c,gaussian_blur,s4,1,0.959839,0.979249,0.991981
acb2eb01-227a-4e91-af0f-ec0e25477d56,shot_noise,s5,1,0.843372,0.914614,0.919925
acc1076e-47a5-402a-9950-3efefcc3079c,fog,s5,0,0.749567,0.856857,0.856881
acc3b7f2-84bd-4d14-a98d-5c6a3b164ad7,shot_noise,s3,2,0.817321,0.892605,0.963489
acc8db00-b8ad-400a-a5c8-da532b8ef768,fog,s3,4,0.575019,0.676761,0.895417
acca3441-d12d-4291-bc8c-272626a7a1a0,fog,s4,1,0.418451,0.570309,0.635863
accac469-9f7b-4e09-827a-ae0d1f13bbce,clean,s5,1,0.944932,0.971662,0.972542
accd88f1-0465-4de7-9411-70916c5f4c85,fog,s4,0,0.927241,0.961356,0.985309
acd3e6e9-8937-4d2a-8669-a7756d8eef0d,gaussian_blur,s4,0,0.769524,0.865961,0.898040
acdf189b-2174-4d9d-8768-8b8f2261b603,fog,s5,5,0.347046,0.414668,0.687141
ace6f8c2-5512-4477-a4bb-c39307c8de2c,shot_noise,s4,1,0.950494,0.974288,0.987498
aceb49e2-7c40-4c3c-bf9f-848a19538b5a,shot_noise,s5,2,0.774898,0.869752,0.899451
acef823b-fbe3-487c-990d-846f890ac0ef,clean,s4,4,0.952280,0.975292,0.986253
acf6cdca-2701-4f7c-b5e5-fdf886f9d191,gaussian_blur,s4,2,0.884199,0.937072,0.961888
acf72eab-ea0f-4595-9bd4-6b581c5949b9,gaussian_blur,s4,5,0.925830,0.960890,0.976737
acfc5488-4666-4da9-90d8-0ad24d66620b,gaussian_blur,s4,3,0.415660,0.457936,0.825754
acfd9679-cda6-4839-b066-5ff3df7246ab,clean,s3,3,0.817625,0.890802,0.980811
acff1d66-9bc3-4814-80e4-7ef814bbcb92,fog,s2,3,0.469731,0.533957,0.865042
ad156bc9-4c4f-49a4-9088-c900470ebc91,shot_noise,s4,5,0.968529,0.983949,0.987969
ad1e2baa-9ca7-4d61-a531-d72e51d067c3,fog,s2,3,0.535313,0.580232,0.976301
ad201b0c-8dcb-4d72-8598-c1e3cfa470a3,gaussian_blur,s5,1,0.742397,0.850194,0.865249
ad4dc399-5752-48c5-9c77-34dfe27854e6,gaussian_blur,s4,4,0.670766,0.773416,0.933266
ad505175-39b5-4db4-ae37-f1bde5b3d103,gaussian_blur,s5,5,0.924954,0.960881,0.964418
ad5e18e3-9d76-482d-8c19-171df87a01ad,fog,s3,3,0.901663,0.946339,0.984623
ad5e1bdb-8f96-4167-81bf-b4f06aac38a6,gaussian_blur,s5,3,0.910365,0.952992,0.954939
ad62c5b7-8c0b-49fd-a626-ba4705b611bf,fog,s5,2,0.973683,0.986639,0.988635
ad639bf3-d4c2-4661-92f1-bf5407195196,clean,s4,4,0.876866,0.932027,0.969219
ad6de435-d8ea-452e-b8fd-bd4a3cfb9931,clean,s4,3,0.927750,0.961882,0.979272
ad72e143-be50-4e0b-8dcc-4db0b3de6c0f,gaussian_blur,s5,0,0.963020,0.981131,0.982807
ad79c857-ccfd-4015-84e7-a46f5a520678,fog,s3,3,0.918452,0.955980,0.991860
ad7d7fef-d80d-40d9-ab56-b237424c2099,gaussian_blur,s5,0,0.236396,0.365524,0.408987
ad825b1b-37d2-4305-af34-43ffc8db2ebf,fog,s5,1,0.875522,0.933454,0.936282
ad942206-f154-4bbf-9062-4cd4ec2a1e44,gaussian_blur,s5,4,0.949561,0.974031,0.977888
ad94ae12-5a34-463a-a1a4-695ea0f6037a,fog,s4,0,0.864321,0.924460,0.963808
ad94cc20-7cac-488b-a0d4-645124f84176,gaussian_blur,s5,2,0.979355,0.989555,0.991019
ad94d10c-fc5f-4ff3-a04b-d8ac59d7afd4,gaussian_blur,s4,0,0.828416,0.905024,0.918085
ad9f94ab-1fb3-42c4-bb7f-5f1e1d65c6de,shot_noise,s5,4,0.334789,0.469126,0.562875
adaaf492-41aa-4250-8893-e212aca75042,fog,s4,5,0.805829,0.889431,0.920015
adb3c9fa-04da-4029-a512-fa1b82f1cb25,clean,s5,0,0.347094,0.410953,0.692506
adc0563b-9334-4125-8cf8-2694236c65aa,shot_noise,s3,0,0.796883,0.876133,0.974379
adc72a65-40d8-4624-8405-b5803a23d946,shot_noise,s4,0,0.836112,0.907713,0.943563
adcdf070-571a-4eba-9fff-9147c10d2c36,clean,s4,1,0.960663,0.979705,0.991361
add01605-2e29-4984-9be0-287b63800ffc,fog,s4,1,0.721327,0.835074,0.856486
adeb3959-a2d4-4490-b4d8-638c7653fee5,clean,s4,5,0.557545,0.645547,0.914491
adf3ee74-903d-47d0-9a24-8d1040ddaa1b,clean,s4,3,0.972499,0.985971,0.992267
adf3f742-0ced-4972-92af-818f0a26a432,gaussian_blur,s4,3,0.658663,0.771190,0.894816
ae077848-ce67-4ebd-9868-799b35e412d7,fog,s4,4,0.722493,0.820127,0.943216
ae09c32d-aac6-4bb9-ade5-9bb530be8e5c,fog,s3,1,0.687633,0.785882,0.950469
ae0d1d0f-e9f2-4724-955c-ce9e4ab44615,clean,s4,0,0.972429,0.985952,0.990990
ae0f38a8-068a-4c9a-b78a-50a00187c3b4,shot_noise,s4,0,0.840024,0.911692,0.928517
ae0f9493-45bc-41bb-9008-930d2a006221,shot_noise,s4,1,0.461849,0.507406,0.884541
ae136d99-3301-43d7-b6f6-6a1b7a1585b6,clean,s5,2,0.931544,0.964474,0.966949
ae153bbe-95a9-4121-8d9f-01c37bcee547,fog,s3,5,0.457855,0.506390,0.874736
ae15e17c-6039-4eaa-970e-f9e7749538ef,shot_noise,s3,4,0.358413,0.426805,0.703705
ae1bcb14-62df-4161-b0da-e72a9768f2c9,fog,s2,4,0.387490,0.482797,0.705013
ae2046fa-2727-4927-acba-c01af79e2b91,fog,s5,2,0.912017,0.953851,0.956871
ae261472-2a23-4488-b8ba-644df0f55fea,shot_noise,s4,5,0.958850,0.978717,0.991934
ae487ecf-032c-4d04-adb0-15b945ebabcd,gaussian_blur,s5,1,0.502432,0.640745,0.746987
ae68cc18-a439-4403-a92a-62deee7754d9,gaussian_blur,s5,3,0.790451,0.882854,0.883891
ae945390-f16b-4cea-a4a7-52bc05752e06,gaussian_blur,s5,0,0.328620,0.396587,0.657240
ae94b066-3801-4ce1-973c-f747b723154c,clean,s3,0,0.562575,0.652322,0.914895
ae99bd58-66b7-41db-8a70-351885c96275,clean,s5,4,0.894803,0.944322,0.947339
aeac0702-4dde-4644-9990-98103159ccb7,shot_noise,s3,4,0.840694,0.906855,0.984288
aead7437-8b01-4df1-869b-d2c5e5bfc2b3,shot_noise,s5,2,0.682565,0.811338,0.811345
aec37c0b-7bb0-4bcf-a489-2f40125b55ec,fog,s5,4,0.811007,0.894184,0.909420
aecf9fe8-9f98-4947-82cb-bf25b7a1f952,fog,s5,3,0.648682,0.774528,0.841826
aed1bf25-ee84-4f1c-a20d-48508349e9b5,gaussian_blur,s5,1,0.146015,0.252400,0.258062
aed258dd-d6e3-41fa-853d-733e0aede061,gaussian_blur,s4,0,0.734274,0.842358,0.874832
aed2bf6a-1dcd-4e6b-9c7d-995ab3b8d675,shot_noise,s2,5,0.924497,0.959323,0.996272
aed4c22f-b9d9-473f-9a24-11816441ba11,gaussian_blur,s4,2,0.678513,0.792811,0.884043
aeda95b7-f443-499e-bea3-9bbd5ae96014,clean,s3,5,0.802315,0.882706,0.955197
aeddf3e6-9418-4ade-892a-9955018bd8c8,shot_noise,s5,5,0.444262,0.482930,0.871035
aee591f4-d6e1-4622-bd73-0e0797ca0426,gaussian_blur,s4,0,0.889362,0.940114,0.963611
aee9dae1-464e-4a8a-94a0-af95c690ded4,fog,s5,5,0.808640,0.891852,0.915878
aefb8436-6677-4d52-879a-c2396a5d4596,clean,s4,1,0.910341,0.952125,0.972739
aefd31d8-4464-43ac-b202-d9dff643dc25,clean,s4,4,0.902105,0.947743,0.963657
af063998-623a-4c30-af0b-0ffb1a9b8397,gaussian_blur,s5,2,0.253396,0.402194,0.407916
af143924-f014-491a-a77d-3bbdb1d74447,clean,s5,4,0.934947,0.966373,0.966587
af174a4a-5cfa-4d48-aa98-14b5929bd7f6,fog,s5,4,0.652137,0.784946,0.810373
af1d3abf-fb41-4780-b87a-ce8d8bd11423,shot_noise,s4,3,0.967550,0.983464,0.986133
af36b66a-2701-4e53-b48c-a8d025154403,clean,s4,2,0.927241,0.961356,0.985309
af3a584d-aff5-44eb-9f2b-a198aecc167d,clean,s5,0,0.905948,0.950650,0.950716
af51455f-514d-4c97-b0b3-4acd7d7c37ac,shot_noise,s5,3,0.917182,0.956691,0.959381
af65ef6e-0764-43dd-82c7-190a321f7d0a,shot_noise,s4,4,0.923719,0.959852,0.972672
af6b9d6a-2ed7-481d-88e2-650d68273bf4,shot_noise,s4,2,0.769973,0.867725,0.887536
af6ee631-dcbe-4c4d-a8d3-2480b37b2d42,fog,s5,1,0.806239,0.891599,0.903131
af778484-9835-4a46-a196-e421606eeece,fog,s4,3,0.519487,0.673791,0.714347
af903b4d-9caa-4d41-9014-48cb3be219c3,gaussian_blur,s4,0,0.622986,0.753356,0.825874
afaaa05b-ae4d-4469-b9ea-e095eddb395e,shot_noise,s4,0,0.752793,0.849450,0.922162
afb27f8d-29de-4918-9ec7-4f0e90f0a54a,clean,s4,3,0.901824,0.947041,0.973616
afbcf09a-6d03-44a4-a4ef-7293ecfddfc6,shot_noise,s4,3,0.957301,0.978085,0.982704
afcd7eb1-b097-4b40-af66-2f9b617c1871,fog,s5,4,0.716682,0.833257,0.845184
afd872f5-7f85-4ac2-b09a-f96016d269e8,gaussian_blur,s4,1,0.437996,0.537106,0.764868
afe94544-931e-46d6-a36c-a847bc672097,gaussian_blur,s4,5,0.904063,0.948856,0.964454
afec464c-332d-4fb8-9973-2099252b6486,shot_noise,s5,3,0.634255,0.776194,0.776229
affc9d9b-2a92-4081-8c9a-e1b7fc4613e9,shot_noise,s4,4,0.900839,0.946112,0.979763
b00bd543-512b-43f1-af57-12fa054c90ae,fog,s4,1,0.959638,0.979220,0.988245
b01073c7-6ba0-43da-8968-1063781ada4f,gaussian_blur,s4,1,0.974151,0.986814,0.993925
b0319b77-82f7-4a2e-965e-94493ed5f982,shot_noise,s5,2,0.963448,0.981379,0.981652
b055dd8d-7326-4088-9743-a7d9349e7515,gaussian_blur,s4,2,0.936336,0.966722,0.979116
b076cd35-c674-4b5a-858f-86630e7e82c0,clean,s5,3,0.433250,0.597974,0.620976
b07e0730-ea33-4300-a4e1-5b116ffa4798,clean,s4,4,0.950322,0.974195,0.987444
b08c0d61-4d0e-4041-a375-85af10dcdce5,shot_noise,s5,3,0.660001,0.793598,0.802853
b08c17bc-3f39-409e-ba13-ea7d0a7ae725,fog,s3,3,0.886816,0.937311,0.983117
b0a12e11-405a-48cd-afcf-ab21b4b8c522,gaussian_blur,s5,4,0.906763,0.951015,0.952885
b0b1c63f-e1ab-4b0a-95b0-e51f8bc7b84e,gaussian_blur,s4,4,0.632911,0.754107,0.860946
b0b7cb7b-848e-458c-82b2-f8bfd3492995,gaussian_blur,s4,0,0.915453,0.955182,0.971013
b0c63e81-e6df-449e-86f0-488ba912d3a9,shot_noise,s1,0,0.485877,0.492838,0.971755
b0cb9a62-5671-4185-934e-8059d3e3968d,shot_noise,s4,3,0.808878,0.889940,0.934347
b0cd8d48-8b42-4531-9bf7-baf0b1be1cb4,gaussian_blur,s3,4,0.551827,0.620913,0.949357
b0d22498-432f-4c4d-b4c8-d8b41ab9f536,clean,s4,2,0.937933,0.967398,0.985605
b0d69e0b-bf85-43b8-9680-eeacfc9e9ff4,gaussian_blur,s4,5,0.967490,0.983377,0.989472
b0d91ebe-3ac7-4464-bf03-b805fffa7d42,clean,s2,2,0.923010,0.958392,0.997740
b0ef9202-11fb-4f5a-a787-f16dcb22ccf5,clean,s4,1,0.937061,0.966920,0.985264
b0f09f1f-e45e-4903-9241-f27792d9a182,shot_noise,s5,5,0.272035,0.352361,0.544069
b113fd4a-cf8a-40f2-a90c-ec74ecfbdb26,shot_noise,s4,0,0.544330,0.695473,0.736027
b117ec96-fa69-458c-9fe5-c486d7447d31,fog,s4,2,0.410943,0.451118,0.821886
b118db71-9127-4f82-9cfd-8d830b8b4613,fog,s3,2,0.629496,0.738916,0.901744
b11c1de2-e431-4c34-bcfd-3c67121e7c66,fog,s5,5,0.881612,0.936918,0.939676
b11c7bda-1c7d-4def-a108-05f555ceb50e,shot_noise,s4,1,0.965775,0.982521,0.986528
b146f4e8-4904-4d7d-adaf-a549abe2d602,gaussian_blur,s4,2,0.946257,0.972207,0.978836
b14bbd4a-53e8-4e08-be17-0136f784bd59,fog,s4,4,0.608129,0.746482,0.795120
b1585cf0-03cc-483b-8707-69c00d737294,shot_noise,s4,4,0.718503,0.822898,0.911285
b15cf666-2679-4337-85b0-762c62556fec,clean,s4,5,0.709705,0.816839,0.903195
b17cb956-aa25-4dae-8e1d-c9532bb7a079,shot_noise,s5,2,0.800370,0.889112,0.889163
b1824b64-a2a4-4c2d-b7c2-540e6f19da7b,fog,s4,2,0.664678,0.786775,0.853868
b184914e-ecb2-4713-aa40-c2adf60c42bb,shot_noise,s4,1,0.841427,0.910388,0.952920
b1862c29-39bc-4285-93d2-fcf4692f2210,shot_noise,s3,3,0.895821,0.942789,0.984534
b19435f8-fd73-4ddf-87f6-53e996649025,clean,s5,2,0.970083,0.984785,0.986757
b1ad171b-f4aa-4925-9004-92235773be6f,clean,s4,5,0.544330,0.695473,0.736027
b1b3fc4c-3159-4744-82a4-cb892709d633,shot_noise,s5,2,0.982080,0.990948,0.992244
b1c6eeed-d09f-4afd-a067-28aeb89ab915,gaussian_blur,s4,5,0.949449,0.973723,0.987233
b1d07660-f09b-4323-a87e-bed4bd552cdd,clean,s4,0,0.390167,0.552067,0.581989
b1f364fb-7a74-4a86-9d53-a8f32590b426,gaussian_blur,s2,3,0.697196,0.790467,0.970101
b1fb2f11-7d78-414b-abb2-ed7eec28f4d3,clean,s4,3,0.910341,0.952125,0.972739
b1ff591c-1270-45ed-b56c-740eb525f274,shot_noise,s4,3,0.658737,0.791969,0.805291
b212cbab-7b2a-41b1-88c8-f786474fa16d,clean,s5,5,0.905159,0.950133,0.951952
b21e7deb-c3d5-4fc7-bcfe-844b405172e4,clean,s3,5,0.691907,0.794469,0.931916
b22ff267-7bc2-4976-bcf4-84e4d6aed8d5,clean,s4,1,0.785702,0.875667,0.914780
b23ffd2c-27a8-480b-898e-47b5bdadf5df,shot_noise,s5,3,0.891020,0.942333,0.943003
b24c23b2-3bb3-4c51-996a-83ff055e1591,fog,s3,4,0.940349,0.968470,0.994219
b2572af4-8bbc-4420-b12d-666d72ea934b,fog,s5,2,0.557375,0.681643,0.823040
b2613997-b588-4307-938b-eca1dace7c77,fog,s5,1,0.971647,0.985589,0.987739
b2626ba0-6336-4c2c-b291-a88e460f36cc,fog,s5,5,0.819652,0.899563,0.914091
b26804ca-9aba-441e-a7ac-12ffe5171202,fog,s4,0,0.722901,0.830098,0.892544
b2745100-a9bf-4010-b3bf-5966376e951b,fog,s4,1,0.975084,0.987314,0.992955
b27c30d1-829f-4489-83bf-391be29b71c4,gaussian_blur,s4,3,0.633587,0.755943,0.856653
b27c9078-4c29-469d-906a-c3154988187f,shot_noise,s3,5,0.806305,0.885352,0.957447
b298f838-6917-4034-8ed8-3843c6510b39,gaussian_blur,s4,0,0.737664,0.845090,0.874464
b2a20a0a-cf79-480b-9ee4-db07b8e442ff,shot_noise,s4,0,0.924866,0.960729,0.967019
b2a79576-5390-4e0b-b036-ef5fbaf8e6b0,clean,s5,5,0.931274,0.964414,0.964414
b2a9baf3-ab4d-4b3b-b686-a5025642470f,gaussian_blur,s5,0,0.894224,0.943871,0.949275
b2aa142c-c8aa-4842-b4f1-45f0028bcaae,gaussian_blur,s4,5,0.834896,0.907644,0.935744
b2afd029-3bdc-40fa-b529-0e09267b50e0,clean,s5,4,0.960007,0.979595,0.979629
b2b30b68-4906-488d-9031-403eeeb741a6,fog,s4,4,0.446527,0.510200,0.836198
b2b74bef-55e5-4b11-928f-fdaef2e346a2,gaussian_blur,s5,4,0.976775,0.988248,0.988485
b2ccfaf0-9025-47e7-aecd-9976e2cdfc27,clean,s4,3,0.390167,0.552067,0.581989
b2e72094-68bc-4301-bce4-c60a852c40c4,shot_noise,s5,3,0.800685,0.889275,0.889637
b2ee6b1c-b7e1-487c-b933-4a5e16d7489c,shot_noise,s4,2,0.899088,0.946013,0.962596
b2f3f091-fc5d-48cb-8392-937f6b22ffe3,gaussian_blur,s5,5,0.682112,0.809445,0.819275
b2f7124b-2f96-45d2-a1d3-8e39bcbe140c,shot_noise,s4,5,0.803097,0.886122,0.931851
b2fa9525-458e-4208-ae53-06b47f0a0170,fog,s3,2,0.632645,0.735375,0.924709
b2fec10b-12dc-4742-ba18-90f6b7488c1b,shot_noise,s4,3,0.935439,0.966022,0.984907
b300b572-ca05-46af-8810-57331da4a1e5,fog,s5,3,0.194246,0.293506,0.370309
b3102720-e24b-42dc-b98f-afdb1660bc5c,fog,s5,1,0.334370,0.490318,0.522448
b315ff08-1cb7-40e3-82f6-950b56c58fa6,shot_noise,s5,3,0.291959,0.439290,0.474567
b31c3ad4-abb6-4364-b329-0f2e0e31e4e3,fog,s3,1,0.878894,0.932442,0.981466
b321e83a-36bd-435c-8572-029d5bfd6904,fog,s5,1,0.933770,0.965683,0.967745
b3471ec7-d5dc-4007-bdb7-668541551719,clean,s5,1,0.930599,0.963942,0.967099
b34b3008-b945-4a5c-81de-d533a68cd204,clean,s4,3,0.399237,0.570378,0.571280
b34b4b69-5758-404a-a7df-926fb68a5b09,shot_noise,s5,4,0.710671,0.829775,0.837285
b356db20-1f7b-4b77-b122-82638ad247f5,fog,s5,3,0.702504,0.824982,0.826843
b35880fb-bd84-4266-bd5c-ad1f628d45f7,fog,s2,5,0.916043,0.954375,0.995790
b35957a2-0dd3-47ac-a5fa-7962ba710725,clean,s5,3,0.973012,0.986294,0.988336
b3656dab-a5bd-4ce1-a7b8-5d5f0d6606ce,gaussian_blur,s3,2,0.921675,0.958107,0.986319
b373ff3d-b151-4288-9ae1-17aeb99baea4,gaussian_blur,s3,2,0.654998,0.758285,0.929117
b37d7523-f872-4af7-9274-11d93b577590,shot_noise,s4,4,0.923114,0.959770,0.966240
b3801fca-66c1-4ece-813f-0708c3d6a68a,clean,s3,2,0.848582,0.913084,0.975680
b387013c-fab6-4933-bf62-17ce334c47b9,gaussian_blur,s5,5,0.291048,0.438085,0.473624
b38a91ab-0ab6-42d4-a914-0bef410ff0e5,gaussian_blur,s4,2,0.500727,0.657868,0.694917
b3a5b707-dd7d-4341-99eb-939ee768d427,fog,s3,3,0.822206,0.895072,0.972544
b3b055e5-2671-468b-b7c9-2af572b0363a,fog,s2,3,0.914184,0.953275,0.995692
b3b92267-beb2-444d-a294-6e7be7c94859,fog,s5,4,0.818096,0.899300,0.906380
b3b9bd10-5be4-4874-a8df-471222cb81a9,fog,s4,1,0.666091,0.777788,0.897680
b3be1d63-3d38-48d7-a130-548050eb0a64,clean,s4,3,0.924091,0.960204,0.969200
b3c1eed3-be1b-4d13-95df-0df9fa4790a9,clean,s4,5,0.952414,0.975450,0.982850
b3c47ee3-099a-457f-978d-f99f59b2d867,shot_noise,s3,4,0.961661,0.980175,0.994624
b3c51cec-5b05-4a5c-8836-e01ab1049117,shot_noise,s5,5,0.446078,0.596709,0.667136
b3c66b53-837e-4793-af79-be0bac173186,fog,s2,1,0.956276,0.977198,0.997419
b3d50039-7afa-4b86-8961-2d6eedc7e50c,fog,s4,3,0.963955,0.981523,0.988325
b3f36444-06e8-4eb6-9bcc-be86a2798591,shot_noise,s5,0,0.750076,0.855640,0.867948
b4049332-0c2d-44a6-8475-7ee6b924ed35,gaussian_blur,s5,0,0.916771,0.956505,0.958264
b4073853-863e-4431-9b90-92274b962f4f,clean,s4,4,0.953219,0.975918,0.981493
b4077e4a-9e53-4b79-9959-1425c03e9939,clean,s5,5,0.496688,0.662993,0.665861
b40c81dc-7757-47c3-96aa-73dbe0529315,clean,s5,4,0.933229,0.965385,0.967668
b40ed8d6-ab59-415c-ab85-2dc6819b10d5,shot_noise,s4,0,0.557545,0.645547,0.914491
b424d5ab-50fe-41bc-8cd8-d93dbf7a27b2,fog,s4,3,0.706703,0.813809,0.905174
b427dc47-f64a-4784-917c-e3f421e6ec53,shot_noise,s4,4,0.954233,0.976479,0.980901
b4281cc6-a0c0-40db-ae61-8b41e30bf35d,shot_noise,s5,3,0.621780,0.764811,0.775188
b42b463f-db99-4282-bd7a-7a90006e51da,clean,s5,3,0.254201,0.358885,0.477851
b42e700b-ee6c-42a8-845c-d5c7bf15ba45,gaussian_blur,s3,1,0.573622,0.653790,0.946421
b42f2aca-a823-41e8-b124-5b76d8d689cf,gaussian_blur,s4,0,0.854692,0.919785,0.944944
b433ff06-229d-4b60-a2ee-9cf3c507a18e,gaussian_blur,s4,2,0.904055,0.948853,0.964417
b4360fef-f614-459a-9905-408d1f1bc4bd,clean,s5,0,0.749567,0.856857,0.856881
b4366899-4746-4354-9f38-dd588e3f1954,clean,s5,4,0.564848,0.716236,0.741953
b441e07f-1419-4904-9c6c-48a2df66c641,fog,s5,3,0.731316,0.843633,0.852331
b443da66-5549-4e52-a056-af7bcda1461b,gaussian_blur,s3,5,0.837438,0.905832,0.972011
b44a7478-90bf-4ab8-b22e-46d056e06f69,gaussian_blur,s4,3,0.860493,0.922987,0.951365
b4583901-e768-48fd-9357-0dc1988f1aae,shot_noise,s5,0,0.916771,0.956505,0.958264
b45e5002-9488-43b4-a530-5700316d93f3,fog,s5,4,0.924889,0.960898,0.963050
b46ff53d-2cc0-45ca-894c-4404ab583dca,shot_noise,s3,1,0.753765,0.845978,0.948018
b4850a98-d688-4a51-9b16-6c3196d2998f,gaussian_blur,s5,4,0.561244,0.713188,0.739131
b48668db-f72b-408b-af44-e9f3e974cb01,shot_noise,s4,0,0.962527,0.980729,0.990066
b48edf2e-b012-4abf-949e-8b7a9b5c6ca6,shot_noise,s5,0,0.545030,0.694503,0.741611
b498c93f-a332-40db-9069-6326e33b70d2,shot_noise,s4,0,0.950127,0.974090,0.987381
b4b29c09-8908-4b59-baf0-bbd3a3ba59be,clean,s4,2,0.622986,0.753356,0.825874
b4bad95d-53c2-462e-92bc-bf772d3d95fd,shot_noise,s5,0,0.963690,0.981458,0.984272
b4c17da0-56b6-41dd-ae4a-cd56b3603b1e,shot_noise,s5,3,0.919024,0.957688,0.960533
b4cb3c75-b85b-4607-b934-45ce2716c27e,shot_noise,s4,3,0.740733,0.846422,0.881245
b4cbaeb7-7f91-4254-aec1-7a1b1db12f91,gaussian_blur,s4,2,0.545177,0.682077,0.779797
b4e3a1a2-4d60-4def-babe-c6ee720fffd6,fog,s2,4,0.487899,0.493875,0.975797
b4e4a277-359a-4a92-bdff-74f54d723f7d,clean,s5,5,0.846742,0.916804,0.919501
b4e9e57f-09d2-4b93-95ca-596391467932,shot_noise,s5,0,0.944932,0.971662,0.972542
b537c545-c4cb-4608-87a1-6533486b6b15,fog,s4,1,0.724994,0.835918,0.868960
b55ca4c5-bdaa-4450-a34a-f6c3e5c6ae00,gaussian_blur,s4,2,0.566666,0.710035,0.769509
b56e5bdf-a50f-4204-b209-334b670a335a,gaussian_blur,s5,2,0.820054,0.901120,0.901247
b572ae83-afd8-4a9a-a4b0-691d5a7f143b,clean,s5,3,0.977147,0.988439,0.988671
b57d41c8-00cc-4f72-8314-e19ee7034c22,shot_noise,s5,2,0.839546,0.911943,0.922224
b59970ec-dbb2-4d8d-8628-128a4b8c0b62,clean,s5,0,0.328446,0.400561,0.651163
b59d37e9-948c-4460-a59a-869149a3943c,clean,s5,0,0.331715,0.465803,0.558779
b59e541f-8c29-4755-92ba-85aab82bbe52,gaussian_blur,s3,1,0.535274,0.625709,0.888576
b5a3b64f-6713-470e-9a98-dfc13f3d44e9,shot_noise,s5,4,0.762700,0.864334,0.873069
b5a81959-db82-4657-859e-c4a91d19dae2,fog,s5,0,0.913402,0.953748,0.976210
b5ab3675-f196-41b7-b720-c9a246315e38,fog,s5,3,0.922628,0.959756,0.959792
b5ad4ad0-3e8f-4670-9f16-db56941703f6,clean,s4,5,0.771353,0.866886,0.901221
b5b429ef-06c1-4c82-87a5-a51653cac518,shot_noise,s4,4,0.609669,0.739141,0.827920
b5ba1c28-60ca-4ea2-be0a-1d516e9c5510,shot_noise,s3,2,0.948409,0.972939,0.995035
b5c10e57-91b4-42ec-b41f-8390bff12542,gaussian_blur,s4,0,0.882742,0.935226,0.976216
b5c756e9-3057-40ee-a128-6eac376abca8,clean,s5,4,0.881710,0.937123,0.937358
b5c8ba7b-4280-40ac-be3b-511cd940cbc1,clean,s5,4,0.929294,0.963314,0.964368
b5d0bf32-bc7e-4749-9a97-780f15049bd8,shot_noise,s5,2,0.925859,0.961412,0.963852
b5ecb4d8-4f75-4baf-9d1a-c8b7d2bc7fff,gaussian_blur,s4,4,0.753154,0.856427,0.878505
b5ef0b15-dff8-4da6-bad3-2a4335afa0e4,fog,s3,4,0.658271,0.764325,0.919520
b5f1849a-86f7-47ff-b159-95306c5d7793,clean,s3,3,0.656342,0.763576,0.914944
b5f3b601-3932-4a0d-8024-03ea5d625ca0,fog,s4,2,0.766197,0.864904,0.887754
b5f3ca9f-ef28-4605-9d80-9ff61a7abc4d,shot_noise,s4,3,0.251934,0.400290,0.406108
b5f49eca-cccf-492d-8ae3-5ffeabc4757c,clean,s4,0,0.949353,0.973772,0.983427
b5f49f2f-e69a-42e4-b389-d2eb2aa7c14a,fog,s4,1,0.501769,0.574528,0.888485
b5f504db-b4f1-4ff7-aeaa-f4a223c36251,gaussian_blur,s5,0,0.884210,0.937623,0.953371
b5f52090-6038-4faa-aee5-267b066fd6d1,fog,s5,1,0.444913,0.482850,0.872981
b6124e86-a300-435e-8ced-8ddfcba63827,fog,s5,3,0.236023,0.380737,0.383796
b6432b24-5a33-4db4-9bd9-276b340ba39a,shot_noise,s5,0,0.941363,0.969700,0.972982
b653696b-3a1d-4039-8ff5-6f62312f437e,fog,s5,2,0.631910,0.768501,0.800107
b65b23e4-10da-4a30-8438-70eef2711613,shot_noise,s5,5,0.640716,0.777044,0.798853
b6603002-c8b1-4c8f-bfe2-b8e4cfd1c275,shot_noise,s5,4,0.809060,0.893459,0.903792
b66394d2-bc92-4a2b-9456-96ac4ff796a3,shot_noise,s4,4,0.842779,0.913643,0.926721
b6652d1c-4d00-4f96-926c-f77d33200cff,fog,s4,0,0.668430,0.783317,0.884114
b668cadd-30d8-4d11-bad1-81d35921e2a2,gaussian_blur,s3,2,0.927535,0.961162,0.994436
b6739337-f79d-4c17-a65f-91f6354d831c,fog,s4,4,0.614550,0.758735,0.771749
b6795bee-159c-42a2-8907-95f305e5cf9a,fog,s3,3,0.916085,0.954506,0.993558
b67d8859-e0b7-4a17-8ed8-7fee404fc4b9,gaussian_blur,s5,0,0.144880,0.250764,0.256198
b68eb57a-0120-47e6-99e2-6e5a305035d2,shot_noise,s4,4,0.700556,0.810175,0.896293
b6a54689-f6ae-4c4e-bb01-d446b34499bc,fog,s4,0,0.408637,0.486170,0.763162
b6abb0aa-b292-4a70-be35-138ded7f75f0,fog,s4,5,0.831356,0.904691,0.941723
b6bd90a5-320a-4cbf-98ad-e95cbb11b955,gaussian_blur,s4,2,0.909256,0.951391,0.974703
b6bdc592-318d-462a-8701-b1ca5804e8ed,gaussian_blur,s3,5,0.543529,0.645691,0.869595
b6cf14c4-a4f7-42da-adfd-61ba40ba2cf0,fog,s5,4,0.775890,0.873750,0.874235
b6e149d1-cc5b-4c8b-b86b-7cb998934dc9,clean,s4,2,0.763445,0.863382,0.883970
b6e8f39d-f2af-4d19-937d-2fa690710439,gaussian_blur,s4,2,0.737747,0.840942,0.900277
b6ef90c7-1fcb-47f6-af08-3a72bb8723a6,shot_noise,s4,0,0.927241,0.961356,0.985309
b6fa1951-4ce7-4e11-ac8a-d18e72b1bf15,shot_noise,s5,2,0.652991,0.788551,0.797264
b6fd9058-9abf-44f5-8838-9309e18658cc,fog,s4,5,0.928057,0.961913,0.983008
b70a3f27-27b1-41ca-833c-0e3f07f6566f,clean,s4,4,0.946282,0.972192,0.979877
b71a53c5-ebd5-4cdd-a273-0000dc593643,gaussian_blur,s4,5,0.828321,0.904944,0.918261
b726b8f0-39d3-44d2-b716-9fa90ffae83b,shot_noise,s5,0,0.963020,0.981131,0.982807
b72ed527-798a-4385-96f0-4cdc83f4c6d1,fog,s4,3,0.472945,0.528848,0.882709
b7314566-7da0-4024-8137-ae78e9f5b573,shot_noise,s4,0,0.622986,0.753356,0.825874
b7338734-3058-4554-9ef0-dd344d4992a4,gaussian_blur,s4,3,0.961902,0.980417,0.988939
b7420ff0-8c6d-4c8d-b239-814a0d9f3c54,fog,s3,2,0.693814,0.799456,0.917849
b744b95f-6edb-40e0-afdc-2508676650d4,shot_noise,s5,1,0.976539,0.988127,0.988365
b74ad95b-cb87-454a-8780-bb5e4a90cf45,fog,s4,4,0.864328,0.925200,0.954336
b759e595-f567-4f84-a00f-149b41ff9e0f,shot_noise,s3,1,0.894142,0.941492,0.988916
b767e8af-3457-469f-9b5e-2bb2f1eda70f,fog,s3,0,0.709676,0.804857,0.959994
b77cc5fa-a8c4-4f82-b732-349499a5d3ed,fog,s4,2,0.541985,0.693258,0.734635
b77cf040-2ad0-4b73-b8bd-7a12e57153c0,shot_noise,s5,1,0.892087,0.942930,0.943589
b77d6c8c-af27-4d53-b0ed-13a1a6eab0d4,clean,s4,4,0.889362,0.940114,0.963611
b77e7822-85db-44d5-8056-3c39052e52a0,shot_noise,s4,3,0.893130,0.941854,0.972697
b77e7c69-6129-4ee8-afa4-129f0eeb4bb2,shot_noise,s3,4,0.643169,0.739317,0.949796
b7814f6b-725f-49b5-b002-e00850808ba6,shot_noise,s5,3,0.492307,0.632440,0.734213
b78302e8-1c1d-4aa1-91f5-f84aab5e3509,gaussian_blur,s4,1,0.910515,0.952646,0.964054
b78590a7-7039-4b5a-9686-1ed44645e7b5,shot_noise,s5,1,0.850754,0.916843,0.949620
b78f5d63-ee46-4ac9-99f8-7b0ea9b06d68,fog,s4,0,0.914408,0.954242,0.978207
b7984807-5c27-40b5-954b-4cd80699bff1,clean,s5,3,0.963020,0.981131,0.982807
b7c1e317-db42-472e-85dd-ec9c0904fe64,fog,s5,3,0.716964,0.835147,0.835190
b7cbfc03-c06d-40be-b6a7-b72797e433d3,gaussian_blur,s5,4,0.898046,0.946249,0.946939
b80b1345-ca30-4883-ad55-ff9f01f9a849,clean,s5,2,0.191846,0.289407,0.367701
b80cd890-fcca-4c5b-a72b-0961ce0c7604,fog,s5,2,0.810671,0.894761,0.901862
b81aa7b0-eb06-461d-a31c-b8c85b2a3c67,clean,s5,2,0.941749,0.969993,0.970275
b8291d81-1ec6-4b57-bbe0-cabff109b041,shot_noise,s3,5,0.494340,0.528801,0.943483
b83070d1-1f87-492d-a2b9-8df7b5683e72,fog,s3,2,0.686541,0.787137,0.941003
b8495b53-21ca-444d-8c32-f9bf39291a5d,shot_noise,s4,0,0.734274,0.842358,0.874832
b8588431-5a5c-4a78-96b1-3c69181bbea6,gaussian_blur,s5,0,0.347094,0.410953,0.692506
b85cbeba-5ec7-4143-8e6a-558ee24bc0f4,clean,s2,1,0.959488,0.978927,0.998222
b86d9889-87b6-40c8-8ddb-1a180d22a4ce,fog,s5,2,0.868341,0.928915,0.938203
b87c0d70-b434-4169-89bc-d8d57005ac7e,clean,s4,4,0.975249,0.987388,0.993941
b881af5f-f91a-48d6-8572-07b13a63f1f9,clean,s4,1,0.701545,0.803458,0.932155
b8848a6e-1fb5-454e-96b7-b1dcc0bad8fd,shot_noise,s3,1,0.359191,0.427203,0.705446
b887a185-4c06-475f-a6f2-3127d414d629,shot_noise,s4,2,0.950783,0.974580,0.982263
b88a7a69-a88d-447e-9396-28873fbab858,fog,s4,5,0.734993,0.844371,0.865808
b88a7c1e-a167-4bc8-9185-62d8a865daec,shot_noise,s5,4,0.207174,0.331104,0.361377
b8a1318d-fc8b-4689-9dd0-a2a7e2096488,shot_noise,s5,4,0.556129,0.679905,0.823648
b8aae484-08e1-4cfe-a95e-561b7e4d3093,clean,s5,4,0.944932,0.971662,0.972542
b8e21873-690a-4c7f-af14-99864eb399e0,gaussian_blur,s2,1,0.392041,0.488776,0.708960
b8ea00ff-d629-408b-964f-5cba777dbffa,clean,s4,1,0.709705,0.816839,0.903195
b8ef3b7a-d3d4-4c5a-b8e9-336cf7805adf,fog,s4,2,0.899308,0.945613,0.972204
b8fb945f-251c-40d5-8bff-f046c122683d,fog,s5,4,0.331269,0.398510,0.662539
b908c9f7-4709-4666-af34-0528ee9d66b3,fog,s4,3,0.533687,0.647720,0.832869
b90b8e01-cd6a-4792-97b8-e969507ab6bc,shot_noise,s4,2,0.793213,0.882780,0.900923
b90bae2d-37ac-49ec-b622-30f54a5cc498,clean,s5,0,0.936122,0.966836,0.972175
b910943a-0a7a-41f5-acc7-498f91a35e0c,gaussian_blur,s4,0,0.701545,0.803458,0.932155
b911f78c-7bb7-4210-aa3b-073bd7df06c4,gaussian_blur,s4,5,0.248848,0.341390,0.485272
b9190a0c-8332-414e-8775-b6f68e544b9a,shot_noise,s5,5,0.370160,0.535896,0.549839
b9260f67-6fc8-4dec-84be-5fdb9b537bed,gaussian_blur,s4,1,0.968729,0.984075,0.986656
b935ab31-65f5-4e87-8ce7-8ed095746c20,gaussian_blur,s5,4,0.785088,0.879197,0.883006
b93d2978-9236-4142-88b9-612f256ecc67,gaussian_blur,s4,2,0.974960,0.987238,0.993835
b941fb80-7560-435c-9a97-7454c52c24ef,shot_noise,s4,2,0.899164,0.945722,0.968699
b94b1df3-32f5-4033-a084-71b487c7cfea,shot_noise,s5,5,0.505351,0.643727,0.749099
b953ecf4-172c-4843-960c-cc49ccdc2b0a,fog,s3,3,0.690371,0.790314,0.943272
b95493e1-d94e-4eea-8e02-a7b0292c2291,shot_noise,s3,1,0.658880,0.765830,0.916235
b96cc0db-9bd7-446c-84e3-d3c39ff0df7c,fog,s4,2,0.826764,0.903649,0.920928
b9703dbf-05ae-458b-b863-87e07d1235e0,shot_noise,s2,0,0.926871,0.960697,0.996415
b9714f5d-8047-4a95-b90a-0c12b0c0fe20,shot_noise,s4,5,0.965859,0.982523,0.988944
b9785f34-f151-4557-8e83-e26b7503ec4c,gaussian_blur,s4,1,0.581443,0.722150,0.782773
b97f1aaf-1f61-478f-bf42-11345b7b93de,shot_noise,s3,3,0.847166,0.912133,0.975616
b98853d1-e64d-4de2-bd6f-3a3bd567c638,clean,s3,3,0.521480,0.638345,0.815850
b994d556-9af3-49cf-91b7-4dd40a789d14,fog,s3,4,0.545229,0.631551,0.906923
b9b073c9-bfc1-4133-b9a7-b04673d8e1ac,gaussian_blur,s5,2,0.866602,0.927877,0.937646
b9c2c698-31d6-4232-9ca1-1b0e58de3204,fog,s3,0,0.963844,0.981308,0.996640
b9cb2342-2052-4bc3-bd06-41f6bc5d4038,clean,s4,1,0.798776,0.883254,0.929920
b9f47e47-a517-49d8-bd7e-2406b3786bb6,shot_noise,s4,3,0.824217,0.899186,0.947813
ba01b437-71af-4fdb-8568-a42d8bc19ceb,gaussian_blur,s3,2,0.754992,0.846941,0.948288
ba05692f-551b-4347-997f-94b06a31cd31,fog,s4,5,0.741399,0.837855,0.935637
ba065a40-d3e9-4261-abe1-6d58d170b5fc,fog,s5,3,0.905021,0.949802,0.956928
ba15c866-0e0b-4506-b798-6a7f4b2460b6,fog,s2,2,0.762134,0.845380,0.991984
ba1bfbe6-e5b6-4efa-9155-85fa27fb5bd1,clean,s4,0,0.962527,0.980729,0.990066
ba30941e-de47-4acd-9b4f-3e429f76e905,fog,s3,0,0.919822,0.956781,0.991925
ba32d63e-64f2-41d9-8132-aa8ccf7e93b7,shot_noise,s5,2,0.913556,0.954659,0.958507
ba35547a-9f78-49ca-9468-2947b67459e2,clean,s3,1,0.817625,0.890802,0.980811
ba40931b-bc4b-421b-a017-3bdfa1895fd3,clean,s4,1,0.977803,0.988712,0.994511
ba4280bd-991d-44ac-aba1-1c156190c96e,gaussian_blur,s4,0,0.571141,0.689884,0.846851
ba44d305-2446-419c-b51f-484607adbd80,shot_noise,s4,3,0.945694,0.971875,0.979701
ba4ae12e-1c37-47dc-9381-3279c95e5d7d,shot_noise,s3,1,0.864279,0.923485,0.975744
ba4c7337-a07f-414f-9563-1c1b348d82ec,shot_noise,s4,0,0.952414,0.975450,0.982850
ba4f41ec-2d60-451a-8def-93dc1d1baaa1,fog,s5,2,0.280287,0.384300,0.524827
ba6679d4-82b0-425c-8120-8ea96a84dc1d,fog,s4,2,0.949276,0.973775,0.981707
ba70891e-4c42-4ced-9678-2c573f854102,gaussian_blur,s5,1,0.331750,0.402846,0.657925
ba7ba805-bf3b-4671-a69a-3dc0f08718d7,gaussian_blur,s4,0,0.408637,0.486170,0.763162
ba82860b-573b-4ae6-abd7-bbb53a917d13,fog,s5,1,0.923046,0.959726,0.966388
ba8b4583-fc1a-4176-80f0-69eb2f253957,shot_noise,s5,4,0.904996,0.949930,0.954101
baab5226-fe79-4be2-91d8-5b3e70ab6a2e,fog,s4,1,0.601599,0.724452,0.848496
bab53084-f283-414b-a7ac-99786f1af7df,clean,s4,5,0.932206,0.964521,0.975979
bab7a479-4e78-4c76-b35e-eb5beaaa7dbd,shot_noise,s3,4,0.924226,0.959327,0.992425
babbf003-5b8a-4f16-a0a6-b37ccaf6c9b0,clean,s4,1,0.489961,0.629247,0.734382
bae6ed9f-e925-4ca4-9e00-a6a9ecb024a6,fog,s4,3,0.846287,0.915019,0.937051
bae929a7-fbe6-4907-8694-dff658428b5f,gaussian_blur,s3,4,0.528925,0.646408,0.820523
baf67051-5222-498c-b07a-e7567596589f,gaussian_blur,s5,2,0.384108,0.553878,0.557600
bafd8773-6910-4792-b508-14fa8dab5643,gaussian_blur,s4,5,0.976424,0.988008,0.993360
bafe2bcb-9037-490d-969f-9ca89225bfa7,gaussian_blur,s4,2,0.692981,0.806796,0.880016
bb0296b6-32b3-43c6-a4d8-5b9cfc991f06,fog,s5,1,0.874661,0.932693,0.939792
bb057bd8-c9c9-4afd-9572-142f70f9afd9,clean,s3,0,0.709676,0.804857,0.959994
bb11f994-b9d2-4abd-b7f3-6f013f6f7018,gaussian_blur,s3,5,0.521685,0.622978,0.851941
bb21dede-7541-4147-bef0-97ff61b3229d,shot_noise,s4,4,0.842904,0.911363,0.953045
bb2c59d7-eaf0-40ef-b01f-8014a8105658,clean,s4,4,0.901824,0.947041,0.973616
bb31d6b1-fc4e-4a23-8534-838ae7497605,fog,s5,3,0.811705,0.895704,0.899550
bb3fbec9-cea1-47b7-8634-2e61aa2dcff0,fog,s5,3,0.483067,0.623263,0.726245
bb5063eb-6f32-4780-950d-71fbb9187a4e,clean,s3,2,0.685834,0.786172,0.942120
bb54a2e1-301a-4ef5-a1a6-4b07c09c5071,shot_noise,s5,1,0.973770,0.986685,0.988672
bb63b6b4-c15b-48b2-bff5-8e20bc3b19c7,gaussian_blur,s5,4,0.197235,0.298747,0.373317
bb69b864-4531-47e2-834d-42ad174a79b7,clean,s5,2,0.884210,0.937623,0.953371
bb70bb2a-b174-462b-95d7-c05d83d71bf2,shot_noise,s5,5,0.885165,0.938709,0.945216
bb765b0d-e283-41c9-aaef-43e4eca9cb45,shot_noise,s4,4,0.468174,0.628470,0.662779
bb7d6f92-baa3-40da-87c4-8522beb21cbc,gaussian_blur,s3,3,0.639670,0.744105,0.921461
bb8967b6-6045-4cb8-863e-21fc90597d5d,fog,s4,2,0.971327,0.985341,0.993243
bb8d0a52-443b-44ee-a763-bebc4aae7dad,clean,s4,3,0.663027,0.774351,0.899403
bb981c75-5cf2-47cc-a1ae-cdd6c5af7f37,clean,s5,5,0.909497,0.952496,0.954871
bb99bed3-3f0c-4637-8777-c63a75db8dd8,clean,s4,4,0.864321,0.924460,0.963808
bbc4380b-d485-4c9a-9f54-a7b9e1196c9e,gaussian_blur,s4,0,0.836112,0.907713,0.943563
bbdb0c4a-c02a-4b27-8ec7-fbb21978ba07,fog,s5,4,0.634133,0.775737,0.777771
bbe66b1f-83b8-419b-a4a0-8d17368dde8f,fog,s5,4,0.980964,0.990378,0.991740
bbead11f-d970-4262-8195-edda30e51c28,fog,s4,2,0.395354,0.478140,0.736320
bbf07d87-d933-4f14-95bb-a29c658c42d6,fog,s5,2,0.914562,0.955373,0.955408
bbf5ed32-d122-49e2-b90b-c6ffefffd5bb,gaussian_blur,s5,0,0.582100,0.730028,0.757451
bbfe5130-71de-4720-9c70-7dc756d10d6a,gaussian_blur,s4,1,0.922511,0.958756,0.982419
bc2100ec-e138-4d04-a58d-aff11a8a154b,clean,s4,1,0.561909,0.703643,0.773075
bc23de6b-6a77-411a-8980-a6017aedaa3e,fog,s4,5,0.739765,0.845150,0.884448
bc29d324-a25a-4ba3-874b-b98a0b8f022a,gaussian_blur,s3,5,0.946432,0.971845,0.994970
bc36db9a-17c2-4d6a-b8eb-93cebc3d0a6a,clean,s3,0,0.874055,0.929664,0.977317
bc43226f-de47-4691-b16c-65055f10a0ae,fog,s5,1,0.902994,0.949009,0.949335
bc4c93ee-4dd0-4e60-9d49-4acea28cedcc,shot_noise,s5,2,0.847503,0.914835,0.948253
bc515944-ec1d-4435-8188-3cdce2a2cd52,shot_noise,s3,2,0.482186,0.490931,0.964372
bc60c250-ccb1-4b35-b9cf-eff2a0aafad4,fog,s3,5,0.820284,0.893130,0.977435
bc61c39d-1025-4b49-b742-7f08120074f8,fog,s5,4,0.797703,0.886269,0.898024
bc7c8524-bb7f-4757-a3e4-ed4dc5774278,gaussian_blur,s5,4,0.903554,0.949136,0.953227
bc87cbf3-8f08-4ae9-a1a7-64ef7df9f190,clean,s4,0,0.968797,0.984060,0.989877
bc8ffece-98fc-4628-96ae-5346197c4804,fog,s5,1,0.956020,0.977515,0.977557
bc924f6f-58fc-4de2-a923-c1578c634b17,gaussian_blur,s4,5,0.823393,0.901033,0.924468
bcbacc4a-aa15-4f1c-9641-9fb2e0b2eda5,fog,s4,1,0.929723,0.962844,0.983429
bcbb28ca-85e1-47df-b425-35489f05dbc2,gaussian_blur,s4,1,0.642669,0.765862,0.853397
bcd540fd-ef3a-4831-88b2-6a90724d9121,fog,s3,1,0.956872,0.977557,0.995941
bceff865-1dfc-4558-bc3a-f341c53d4ad0,gaussian_blur,s5,1,0.548744,0.702956,0.727733
bcf06924-92ac-4dea-b4df-91cbf186d5e4,shot_noise,s4,3,0.521512,0.621083,0.855569
bcfd756c-6e72-467e-8d3e-51b262e91981,clean,s3,0,0.729694,0.819604,0.977441
bd0496f6-2395-44e8-b576-0b6d6cc35b35,clean,s4,5,0.904147,0.948191,0.978022
bd0fa3f8-e924-4649-80e4-798561f80e67,clean,s5,4,0.582100,0.730028,0.757451
bd131590-2127-4f86-8751-8193bf1ec294,shot_noise,s3,0,0.562575,0.652322,0.914895
bd21e8b8-522f-427b-bae7-a7d1aa8b5987,gaussian_blur,s5,3,0.912024,0.953646,0.961359
bd252698-0147-40a8-aed3-6a5b2d8b0878,clean,s5,2,0.941363,0.969700,0.972982
bd491ff2-43a6-4a9b-8bb8-f39fa925e870,shot_noise,s3,3,0.576749,0.679183,0.894853
bd5041dd-b683-403e-8868-377fd16da980,clean,s5,4,0.236396,0.365524,0.408987
bd53a825-cc69-4f03-83bb-705b18706ee3,clean,s4,5,0.952280,0.975292,0.986253
bd56cc0a-220b-4a6b-9699-95e1dd3b0993,fog,s5,1,0.700240,0.818437,0.852656
bd5a344e-e70d-4969-a4d8-f5d5b87c1e42,gaussian_blur,s2,3,0.479913,0.542429,0.880533
bd61f918-a6df-43c7-90a4-e2187edb6479,shot_noise,s4,5,0.853901,0.919878,0.937614
bd6caa5b-addc-4b7f-84ee-b95c4cd98bbe,fog,s4,0,0.960489,0.979643,0.989832
bd72dab1-5e8d-46cc-aca2-51f088fa9a50,shot_noise,s4,0,0.763445,0.863382,0.883970
bd74b12f-d0ef-4b33-8ae8-5d1a2f5a59f6,shot_noise,s5,5,0.979581,0.989685,0.989685
bd74ee33-99aa-4098-8ce6-3b0787cf9f5c,fog,s3,1,0.599112,0.686683,0.949179
bd773996-1223-4ab5-b6c4-1c6bf2455560,shot_noise,s3,1,0.530653,0.647985,0.822294
bd877370-beae-4712-8823-0ea9abb628cc,shot_noise,s4,3,0.560669,0.710444,0.746315
bda10b5a-c3b5-4b0a-b558-36caa8a0ac9c,clean,s5,2,0.900328,0.947431,0.949820
bda39f3a-aaf3-461d-ab85-8a479ddb42bf,fog,s4,1,0.948541,0.973192,0.988482
bdcc9221-3299-49f3-99fb-4af973005703,fog,s4,5,0.647525,0.783701,0.796955
bdceb884-5183-4e70-861e-efbb226034ad,fog,s5,3,0.507171,0.670511,0.680595
bdd802b4-d43f-43e7-b541-e490b78a1609,clean,s4,3,0.622986,0.753356,0.825874
bdda8978-3c16-4e93-9214-986b3c915466,gaussian_blur,s1,0,0.485877,0.492838,0.971755
bde60360-3896-493d-ac65-f3c1bf7d22ad,gaussian_blur,s5,2,0.803747,0.890705,0.895701
bde9ca4c-b844-4fb7-82ae-1e0ff48416c0,clean,s5,4,0.916771,0.956505,0.958264
bdf2ec74-aef7-468c-a437-0f7d7e3499b3,fog,s2,1,0.605368,0.681967,0.981241
bdfc379a-3fd5-49e9-9698-62efc024f5d5,fog,s5,4,0.813905,0.896887,0.902448
be033b3a-d05b-4fa7-a615-91108ca6a3fd,fog,s5,0,0.697999,0.822141,0.822155
be0a6bd1-32be-4eb6-9b08-f90e2b7ab9e7,clean,s5,5,0.982153,0.990985,0.992274
be113a11-eaf4-4f06-a0e7-e119ab8d91f1,fog,s3,3,0.599663,0.703866,0.904635
be3089a6-48fc-4893-a041-fc97160cbdc1,clean,s5,1,0.912657,0.954165,0.958037
be342746-ade4-43c5-90a5-e098361f3427,clean,s4,2,0.842742,0.911238,0.953227
be40994e-de3a-4505-afa0-6cd0186b6414,fog,s4,1,0.869916,0.928639,0.955573
be41a286-587a-453a-ba02-9fe1873e77ca,clean,s4,4,0.919113,0.957216,0.972704
be4be9e1-eecf-4ebf-9bca-9a0bb477b3b1,fog,s4,2,0.861527,0.922435,0.966584
be65054f-7de7-4c42-af11-fa1c61404d6b,fog,s5,0,0.857630,0.923291,0.924251
be6743db-db93-4cae-9c3a-ea2b3a65b345,fog,s4,5,0.604631,0.703181,0.923499
be74f546-d57d-4d44-b39a-cd0263b2322b,shot_noise,s4,3,0.574146,0.713430,0.785441
be79758f-b611-4a29-b587-629be526b0ae,clean,s3,5,0.767752,0.854519,0.965547
be7ebcd7-655f-407f-a1f0-8ecfa20abef9,clean,s4,4,0.728754,0.840015,0.862363
be82fe67-5373-45fd-8241-9435aa92d6e4,shot_noise,s5,4,0.132631,0.232793,0.236034
be8bb7d5-e33e-45f8-91b5-bc45d3d38cbc,clean,s5,3,0.828011,0.905914,0.905916
bea1f1c9-5ae8-4aef-a3a6-3498fccd048f,shot_noise,s3,4,0.578475,0.679660,0.899321
beb76bb2-b754-4ad3-a8a7-92a27e6c9446,clean,s5,2,0.805851,0.892485,0.892530
beb82d47-3958-49dc-9ab1-eca836775c0b,clean,s4,1,0.836112,0.907713,0.943563
beb89c33-358d-426b-a298-e4c75d5ac9ce,fog,s4,1,0.622636,0.753888,0.822492
beb9011e-3978-4ce8-b373-ad04c044d3be,clean,s4,1,0.390167,0.552067,0.581989
becb9047-af7c-472a-8183-95c52648fb10,gaussian_blur,s4,4,0.398344,0.444149,0.795676
bed1188e-e658-4ad3-8c89-5d7858c36a99,fog,s5,5,0.479570,0.560291,0.848309
bed6a8dd-7d26-4aab-a578-b2beb2ba1672,clean,s5,2,0.331715,0.465803,0.558779
beed4973-e466-4dad-b8ea-35f2d3226bb3,clean,s4,0,0.952414,0.975450,0.982850
beef9be8-271c-46ab-b9d4-b263ba1f183a,shot_noise,s5,4,0.467881,0.620598,0.682021
bef08d59-98d0-4cdf-865d-f59383690674,gaussian_blur,s5,1,0.883586,0.937806,0.944453
bf06bd6c-0643-4b26-8bb6-24ee5a2e47c6,shot_noise,s4,1,0.674215,0.795253,0.855019
bf0a526d-f438-46cc-be72-f40e35ae30ea,clean,s5,1,0.708960,0.827824,0.840581
bf107229-d142-42e8-9340-a47943be50d0,shot_noise,s5,0,0.653778,0.783620,0.823125
bf14a8cd-4760-4a54-8162-05b986dd4982,shot_noise,s5,4,0.663271,0.796051,0.804901
bf1c3de4-8d0c-4a69-b8a5-29d357a3be57,gaussian_blur,s4,5,0.351285,0.505897,0.548325
bf26d2a0-0669-4e2b-b5d3-26f7f089fffe,clean,s5,3,0.645236,0.779753,0.805328
bf69f21d-4545-4d42-9c14-e5f7967d857c,shot_noise,s4,1,0.576474,0.718142,0.778192
bf6bb38a-afbc-4b15-b350-a95163e1d473,fog,s2,1,0.705367,0.798053,0.971723
bf6dc160-df9a-4bae-9bf9-01b8e3e5cbf7,fog,s5,1,0.641504,0.778643,0.794987
bf74c62b-14e6-41ee-a7ad-f3a4085f3e80,gaussian_blur,s4,4,0.949628,0.973963,0.981844
bf760f32-d5d6-4773-b689-a3d440bbc91e,shot_noise,s5,2,0.970251,0.984882,0.986177
bf76da39-7735-491c-858e-347d70a1270c,fog,s4,2,0.821703,0.899928,0.924090
bf885720-44c2-486b-b116-f357e50472a1,fog,s4,0,0.968279,0.983842,0.986448
bf904c5e-e80a-4f4a-829f-f44238572553,gaussian_blur,s4,5,0.949434,0.973860,0.981766
bfa00d72-d658-49e4-af4a-a05f2c333713,clean,s4,3,0.854692,0.919785,0.944944
bfa5892b-0517-4ba3-bb1b-48f9b97b8446,gaussian_blur,s4,1,0.730986,0.840050,0.872971
bfb28422-ea1c-4932-9e5d-f73fa78bb184,shot_noise,s5,4,0.976356,0.988034,0.988275
bfb55cf3-1844-4c0d-b4a7-2440f0bd556e,fog,s5,5,0.446725,0.598087,0.666037
bfbde228-e158-40a7-b27b-8200ca219dff,fog,s5,1,0.913341,0.954543,0.958347
bfcaeb46-33c0-4af0-9416-b0bd09943bc0,fog,s4,2,0.808216,0.887654,0.949867
bfd90396-e5e8-4661-845b-1f05d4d2815f,clean,s4,1,0.800602,0.881694,0.953211
bfe9093d-0cc1-4525-93b1-9182e6252845,shot_noise,s5,2,0.977657,0.988702,0.988733
bfef1a57-e7da-420a-a367-c1fdf6a259f5,clean,s4,4,0.251396,0.399764,0.405151
bff86428-1ecf-47ea-9fb2-dd493d74cddf,shot_noise,s4,0,0.468883,0.521563,0.882673
bff892c7-f9c8-4d3a-8914-93c301100c7c,clean,s4,4,0.531199,0.633424,0.858629
bffeb8a6-4cb9-4977-a7ca-06efc5814d3c,shot_noise,s5,1,0.449198,0.489901,0.874827
c003a41f-005e-47c0-9e3e-41bb542294c3,gaussian_blur,s5,5,0.976587,0.988153,0.988288
c0050917-c025-47d0-8c76-ecbabc37b10d,shot_noise,s3,4,0.363584,0.483849,0.629040
c0097f73-bd68-4c0d-b4e0-cc1c1b7bf1ea,shot_noise,s3,0,0.634854,0.742205,0.910261
c02a4f76-e180-42be-9be0-65aec2e0632a,shot_noise,s4,2,0.912843,0.953337,0.977988
c03370ff-dad1-4666-81b7-234c82b973eb,shot_noise,s5,2,0.331108,0.464350,0.559365
c04fd9d5-ff2f-4016-8c82-e18799707579,fog,s5,5,0.415794,0.556062,0.657877
c0603b1b-420d-4d51-a50c-1115b421c6cb,clean,s2,4,0.391945,0.488670,0.708843
c064b810-952e-40a7-91ca-0df31ddfa807,fog,s4,4,0.782000,0.873872,0.907740
c068cb2e-8d8e-40cc-a152-e43c2ad3dde7,shot_noise,s5,2,0.980801,0.990298,0.991328
c06c6b61-5fa1-4c19-a5a9-67220cb74c5b,fog,s3,0,0.901236,0.946034,0.985466
c0720f3e-03f5-46c6-aff9-dd2b3c0ca50e,shot_noise,s2,2,0.944202,0.970527,0.997532
c082ce78-d79d-4534-be2d-6644759e5b4d,clean,s5,2,0.375428,0.532889,0.573776
c088eb0d-c98d-487e-9d8c-9abc90163bcd,fog,s5,0,0.665611,0.797507,0.807796
c08d51de-6180-458d-8876-b41bbb48aabc,fog,s4,4,0.444828,0.612121,0.625114
c0987992-2ba7-4227-ae85-4f5460ba2627,shot_noise,s4,0,0.854692,0.919785,0.944944
c0a0b841-08b3-4a1e-a3b5-31993fa31ac2,shot_noise,s4,5,0.754227,0.850437,0.923144
c0a54da5-84f0-480a-b368-0c5a95aee58d,shot_noise,s3,1,0.797061,0.876247,0.974539
c0a58df4-d3c1-49e5-b82c-1119fb8bd54c,clean,s5,5,0.811888,0.895817,0.899655
c0ad57b2-07c8-4e68-9c89-0352f48f7114,shot_noise,s5,3,0.717764,0.834111,0.845251
c0b7b126-2fef-4109-a920-d3e6e491f349,gaussian_blur,s4,1,0.966581,0.982936,0.987185
c0c58c20-3f4e-4678-bf9b-2fd26c467f5d,clean,s5,5,0.842405,0.914246,0.916991
c0d37815-e461-47ae-8642-e747d801b11b,fog,s5,2,0.767463,0.868343,0.869129
c0e98b1b-9730-4214-9e9b-6c192d3dac00,shot_noise,s4,1,0.836412,0.907356,0.949387
c0e9bb5f-80c6-4a98-bc1c-4c684207005a,gaussian_blur,s5,2,0.253231,0.357917,0.476091
c0f662ce-beb1-4b0d-b463-25ee264bb25d,shot_noise,s5,5,0.656815,0.788290,0.814469
c10ed6fe-6243-4bb4-b000-9517524beb04,gaussian_blur,s5,2,0.916590,0.956175,0.963430
c129ea20-83ee-4d8f-9d5a-58d34058106f,shot_noise,s3,3,0.773174,0.858680,0.966891
c12ec120-2cb2-42cd-9fd4-93db602feffd,shot_noise,s5,4,0.903798,0.949465,0.949541
c12fb0c9-cd09-4bde-b6fb-ed92d7f7228b,clean,s3,2,0.898411,0.944084,0.989481
c14672e8-b0c4-4b02-9e6c-f02a6eef9dce,clean,s5,1,0.652865,0.788417,0.797365
c1537595-21da-4641-b38d-b4767ad7bc87,gaussian_blur,s5,4,0.736449,0.846437,0.859859
c1569c3d-a709-4a5c-b6fe-d8bd64521ed6,clean,s4,1,0.876866,0.932027,0.969219
c1638965-569d-41d2-ab32-7541d8da1e3a,fog,s5,2,0.897085,0.945716,0.946389
c1648d08-3a9f-4977-839e-61199e293dc2,fog,s4,4,0.782414,0.870927,0.932155
c17cd6bc-90c1-40c3-b985-6b6215f4ee63,clean,s3,4,0.729310,0.823932,0.954431
c180c9d9-3903-4f6e-80b0-4e5a65c1d987,gaussian_blur,s5,4,0.719269,0.832940,0.859312
c183c974-00e0-437b-a1d2-f1e9102da17e,clean,s3,0,0.939120,0.967740,0.995385
c189bdb3-677e-4ead-a840-67d1ef1573c9,gaussian_blur,s3,4,0.822984,0.896061,0.968672
c1939e02-a6ac-4467-9e12-09a247a7b677,gaussian_blur,s4,5,0.719515,0.832027,0.865781
c19923ad-7749-4bc5-86da-980e0c65005c,shot_noise,s4,4,0.757461,0.857294,0.894933
c1a07465-e5cf-4081-81ae-65bce716bb50,shot_noise,s5,0,0.496914,0.637439,0.736949
c1a2f147-be56-410a-b31b-1cbe9e095614,fog,s5,2,0.955651,0.977277,0.979339
c1a42cd8-7d58-4ffa-868b-30ac67b0f9f9,gaussian_blur,s4,5,0.934690,0.965749,0.980653
c1a8e0e6-4a0f-442c-b16d-50af3a7cd829,fog,s4,4,0.800524,0.884221,0.932320
c1b55d11-09cf-4f90-a20c-7883867fa95d,fog,s5,2,0.930354,0.963899,0.964511
c1c06ae9-e25f-4efd-ae72-c843c37804c9,fog,s3,2,0.501839,0.620003,0.795395
c1c6bb95-881c-4fb6-aa22-365042f8f83f,shot_noise,s5,2,0.912252,0.954042,0.955646
c1db083a-9533-4e1f-809c-0966c4ced720,shot_noise,s4,3,0.722469,0.826692,0.909179
c1df15bf-fe10-463f-992c-ae38a4a9a4ea,clean,s5,5,0.689320,0.813237,0.831375
c1df5cd4-6bb3-4968-8326-bad557dcf68d,shot_noise,s5,4,0.268881,0.420703,0.429168
c1dfd96f-9d7f-4ed5-aaf2-6750314f7e40,fog,s4,4,0.982316,0.991041,0.995259
c1e06104-416a-494c-9cc4-5f01f599b35a,clean,s3,4,0.963844,0.981308,0.996640
c1eb1b70-1cd5-4dba-9615-87c9f4aa9560,shot_noise,s4,1,0.946383,0.972175,0.982448
c1f5250d-6505-457a-a36d-35b669ded612,gaussian_blur,s4,4,0.696759,0.810162,0.879861
c202c68c-8a7a-4414-ae98-a6fe6039a6c9,gaussian_blur,s5,0,0.982153,0.990985,0.992274
c210ccdc-1b0e-458f-90db-405fc316a686,fog,s5,4,0.871292,0.931183,0.931760
c219bf8a-fe58-46ab-9636-3c6e774ea573,fog,s4,0,0.952280,0.975292,0.986253
c21aae1d-6ab9-4c52-92a7-f8df6a495e02,fog,s5,2,0.861417,0.925535,0.925749
c229b7f6-1ea7-4cec-af18-33332d701946,gaussian_blur,s5,2,0.879095,0.935453,0.938835
c23f73fd-969d-4ebd-9284-b04ca654d98f,gaussian_blur,s4,2,0.833648,0.907334,0.930264
c242666b-3dbf-4b50-8491-6418460099e0,clean,s5,2,0.622903,0.767344,0.768917
c24f9c12-14fd-4f12-8a88-dd7e6db48f88,clean,s4,1,0.643858,0.754679,0.900219
c266de48-2fa6-4604-9508-347b4d87f9f4,fog,s5,5,0.546228,0.691723,0.754560
c26acfba-eeb0-4ab7-888c-5a558048e625,shot_noise,s4,1,0.411906,0.491201,0.764832
c273f272-640a-4279-b9bf-f40619f41643,shot_noise,s4,3,0.909591,0.951696,0.972510
c279e68e-d046-409f-97c3-73552f1c4488,gaussian_blur,s4,2,0.963549,0.981371,0.984923
c27d8606-d2e8-4717-9b8d-f193f7132fee,fog,s3,0,0.379763,0.442789,0.743735
c2962bd7-8ba3-4eb7-ad94-d06933fa9d24,clean,s5,1,0.582100,0.730028,0.757451
c29ccb81-2924-46e6-ae9a-bc18c99f542f,gaussian_blur,s5,5,0.796587,0.882249,0.925241
c2a21598-cd6e-4a23-b9e4-7562b56d7633,clean,s5,5,0.857630,0.923291,0.924251
c2a2f819-f1f9-4abe-8213-84e375edc64a,shot_noise,s5,2,0.745299,0.854064,0.854065
c2b33596-3564-4ed5-9497-c9a5baff2c7d,clean,s5,2,0.708960,0.827824,0.840581
c2c54580-965b-46f3-b128-9b54aab77a87,fog,s1,2,0.795510,0.872389,0.993633
c2d1cedf-17f0-493b-a3e0-0d2cf8062283,fog,s4,3,0.481775,0.562702,0.850509
c2dac807-9026-4864-8bbc-1398915df710,clean,s5,0,0.254201,0.358885,0.477851
c2e9f957-d015-451a-9314-0fb85601f524,gaussian_blur,s5,1,0.925708,0.960710,0.979510
c3002469-b8aa-4924-a74d-a52e13f0c91f,clean,s5,1,0.977250,0.988494,0.988525
c300fef3-72fe-4af6-9259-79c89684518c,gaussian_blur,s5,0,0.648453,0.785403,0.792977
c306d508-6e6b-4281-8547-dc107904cefb,clean,s4,3,0.932206,0.964521,0.975979
c30ba631-714b-45df-a623-c298a3827f66,clean,s4,2,0.854692,0.919785,0.944944
c31216c1-4e74-468d-a1c1-9805010bcbdb,gaussian_blur,s5,2,0.705221,0.825599,0.835920
c31af5de-89d0-4e52-a9e7-fcee88c382f1,clean,s4,4,0.557545,0.645547,0.914491
c323af3d-84cd-4b67-8744-770557ef7acd,gaussian_blur,s5,4,0.789998,0.882572,0.883602
c3278734-888d-445c-986d-e07916c9af29,fog,s5,0,0.271773,0.352141,0.543547
c32a2c76-e926-4d25-a1c7-7c2337c70536,gaussian_blur,s3,1,0.885134,0.936290,0.982663
c33a3d65-3e7c-4beb-93d2-750386744914,shot_noise,s4,1,0.633821,0.744900,0.897301
c33c950c-1b4a-4703-88d4-239a812aef1d,fog,s5,5,0.672774,0.804191,0.805349
c33dd8c3-6044-406e-8713-377a2f01b04c,gaussian_blur,s4,0,0.911467,0.952652,0.975453
c33e04e5-3d5f-4840-8063-9a91fed3ae14,shot_noise,s4,1,0.795168,0.877937,0.951125
c35d7216-7f35-448f-9064-2704fada2926,gaussian_blur,s2,3,0.575675,0.643339,0.975650
c364f6ef-35be-4474-aae1-2ed3e4e5dfa0,shot_noise,s5,4,0.920650,0.958633,0.959963
c36b488c-a304-403a-939a-b3e2fb2a7cee,gaussian_blur,s4,2,0.950638,0.974336,0.988645
c36b5811-edba-4498-88cf-789fb8365227,clean,s3,4,0.802315,0.882706,0.955197
c36e917b-39d7-4d70-9bdb-d8ecce7a0b73,gaussian_blur,s4,2,0.733182,0.834403,0.916410
c3770a27-0227-453f-b156-aec26c6954a8,shot_noise,s4,3,0.949578,0.973842,0.985395
c3772918-9843-4042-9d56-7a78e9abb2d7,gaussian_blur,s2,5,0.543916,0.594097,0.976813
c3808789-6062-4529-a462-5723a07bff0d,shot_noise,s5,0,0.756795,0.859268,0.877877
c3a50420-6cd7-4577-aac2-5164e80739e6,gaussian_blur,s5,5,0.876092,0.933535,0.940261
c3b300b4-7ac7-4a60-a88a-4954054b9548,gaussian_blur,s4,3,0.975360,0.987457,0.993061
c3b5b7d2-d942-486c-9914-82cada11e680,fog,s5,3,0.691732,0.817764,0.817867
c3b7f081-f5b0-4757-a185-5bf2d837fb54,clean,s4,2,0.975249,0.987388,0.993941
c3c299f9-d98e-473e-b8a0-833639665bca,fog,s5,0,0.470942,0.623789,0.684288
c3cca99c-518c-4504-884d-6a832fdb1133,shot_noise,s4,5,0.672433,0.785676,0.890277
c3d9eb2e-7dc5-4515-97ee-ef58ad24b109,shot_noise,s4,1,0.734413,0.842465,0.874848
c3df9695-cc5a-43b5-a97a-dcb8ed836a5a,shot_noise,s3,5,0.902009,0.946653,0.982729
c3e04dd8-f4c0-4756-8a56-059b7c2e58c4,clean,s5,1,0.749567,0.856857,0.856881
c40617df-3dd4-4b24-86ce-129abbf04fb5,fog,s4,2,0.820643,0.896858,0.946363
c40ac76e-926a-41f0-8a1a-78a962220adf,gaussian_blur,s4,5,0.702037,0.809671,0.905147
c40bf2a8-1472-44ca-811a-a887dcb2447b,shot_noise,s4,1,0.833412,0.906016,0.942357
c40c3bd6-1a11-48c7-9f83-4c9d565221ed,shot_noise,s4,3,0.645927,0.759166,0.891648
c42a10b4-e1c8-4c88-9fa0-712c50494131,shot_noise,s3,0,0.863448,0.922190,0.984954
c4369246-b56d-418b-805c-829303d774aa,clean,s5,3,0.934947,0.966373,0.966587
c4395557-4448-4327-9a4c-5684aaf948fa,gaussian_blur,s4,2,0.899305,0.945351,0.976845
c43db394-e27e-472c-b8c9-0ec1f52b7997,clean,s4,1,0.645483,0.768081,0.855571
c4603ead-a143-448d-92b6-50065182e9de,shot_noise,s4,1,0.974335,0.986925,0.992784
c4635722-71a0-4578-85ca-2a46942719ed,fog,s5,2,0.884294,0.937701,0.952939
c46438cc-bbac-46d0-8545-94454212d4ed,clean,s5,0,0.982153,0.990985,0.992274
c470bcc9-6528-4cc8-bafe-cda2f5236a90,gaussian_blur,s5,0,0.743577,0.845309,0.902213
c477204d-409f-4f6b-b2e7-dc9c54fa7aad,fog,s3,2,0.917093,0.955479,0.985392
c48b6057-321c-41e9-8a16-a8d7ba37b3e9,gaussian_blur,s4,4,0.250297,0.343360,0.487217
c4a06c6f-0112-4ca3-95ec-cc63fdd4765b,fog,s5,1,0.929167,0.963189,0.965838
c4a3be8a-509a-4650-94f6-29d377ae4c9c,gaussian_blur,s5,0,0.749567,0.856857,0.856881
c4aa5b15-37d6-4678-b904-40e0aef38285,shot_noise,s5,4,0.924974,0.960925,0.963573
c4ae397d-a8f6-4077-a84c-337869aa3b74,clean,s4,5,0.892152,0.942493,0.951861
c4b324fc-e21d-41c5-9213-4d1f86ecf26c,gaussian_blur,s5,0,0.982225,0.991024,0.991984
c4b54c96-97df-49d8-a8a2-838a10cd7452,clean,s3,1,0.874055,0.929664,0.977317
c4b69193-52b3-4b49-9d60-bac2a039ed14,fog,s5,3,0.878281,0.934900,0.939744
c4be57f7-6032-4254-8e19-8a1ef65f5f29,shot_noise,s5,3,0.959853,0.979514,0.979551
c4c12a99-1cf1-49fd-ae5f-c0b69bb8a56d,gaussian_blur,s5,3,0.741254,0.843640,0.901051
c4d6b2dd-824e-4aa6-8a37-b4315aceb2db,clean,s5,0,0.891069,0.942360,0.943040
c4e19bd7-1f3e-4768-9f39-d237b27161b4,shot_noise,s5,5,0.964858,0.982087,0.983657
c4e4f9c9-0fc1-4b3e-9756-812d1fba0e29,gaussian_blur,s4,0,0.821336,0.895735,0.961080
c4eaf900-7616-4ad2-9dfb-29e37fdcd2e2,shot_noise,s5,5,0.842036,0.914103,0.915893
c4f5e7f5-2cd6-4557-8cbb-969c3c514794,clean,s5,0,0.739822,0.849578,0.856304
c4f6a4ac-2f23-46f9-a32e-9557a653e1f1,shot_noise,s4,0,0.719667,0.826067,0.899749
c5130080-9a20-417a-9908-03317e8998be,fog,s3,4,0.809949,0.885886,0.974832
c530a018-f49d-43da-9ca0-0010e261a09a,gaussian_blur,s2,5,0.475549,0.540395,0.871240
c54081d0-b0ea-4f3d-91f8-c48dcbf9d9df,shot_noise,s4,1,0.533414,0.635958,0.859886
c546ea8d-d3fa-4898-b2fb-77b56387ae3d,fog,s5,1,0.343888,0.475980,0.580101
c55ca9cc-e471-4335-9559-638322ec56a3,gaussian_blur,s4,5,0.638077,0.771315,0.812907
c566766e-d604-4ac7-a8ec-264393261749,shot_noise,s5,4,0.832741,0.908270,0.913840
c566e449-1d30-41d4-be7d-a1f021c1f47a,fog,s3,2,0.530583,0.586105,0.952319
c56ca793-7b82-4f60-a4fc-ee05d53d9c15,gaussian_blur,s5,4,0.550983,0.674224,0.821835
c582cbfc-c780-4aa0-ba3d-16df78e816fe,gaussian_blur,s5,2,0.557197,0.715152,0.717360
c592f61a-e9d3-45c5-b231-f9f37f48ef72,clean,s4,2,0.901824,0.947041,0.973616
c5950f30-6ae2-4fc9-9f2f-a9385c7954af,shot_noise,s4,0,0.399237,0.570378,0.571280
c59e9a4d-9b09-41d7-80bf-6eeb36d0a793,fog,s5,0,0.298675,0.448249,0.481212
c5a08b3d-df3e-44b2-a112-3146f61123af,fog,s5,5,0.643635,0.783185,0.783185
c5bdf82b-7b58-4750-8c53-ddf71655bbfa,gaussian_blur,s5,3,0.555947,0.708657,0.735042
c5d26ce7-a9e1-401f-a1dc-cab164cf50ca,clean,s3,5,0.709676,0.804857,0.959994
c5d58d98-0d15-424d-9ddc-d03c20b9dd5c,shot_noise,s5,0,0.925242,0.961168,0.961211
c5d700fb-8dd0-436d-b9db-3630837cac83,clean,s4,2,0.645483,0.768081,0.855571
c5dbb0eb-5542-4ece-9b41-58334fc5f3cd,clean,s5,4,0.739822,0.849578,0.856304
c5e569c0-51c7-4226-a920-ce78de165cae,clean,s4,0,0.964561,0.981887,0.986027
c5e8d492-0107-4e1f-ae25-a1fdaea802f1,shot_noise,s3,4,0.832843,0.902849,0.970037
c5ef8ae3-d93c-4f83-822b-1d60c3845e8a,fog,s5,0,0.240784,0.386607,0.390575
c609732c-08d3-4112-894b-79bf01b5ae45,gaussian_blur,s5,3,0.554423,0.711057,0.721280
c60adfb7-6d87-468c-9d1a-5cf4eb6ed97b,clean,s5,1,0.977147,0.988439,0.988671
c611311e-7e5e-4398-ada1-da93841c19eb,clean,s4,1,0.442712,0.469615,0.885424
c6198e10-344a-448b-a409-61962ac3f0c9,shot_noise,s3,3,0.706869,0.798730,0.975003
c61be5dd-1943-47a6-908f-6d7f7c4fccaf,clean,s4,4,0.752793,0.849450,0.922162
c6239dcc-2a42-4763-a834-9ff67aec4855,shot_noise,s5,2,0.928400,0.962753,0.966032
c6269056-0fd0-41bf-895f-5ec4c1ed3903,clean,s5,5,0.804280,0.890500,0.900880
c6393b20-4d1f-41b6-9ea4-ecaa6902fb33,shot_noise,s5,3,0.611011,0.756527,0.766827
c63aeb51-4322-4fe8-9616-eafe4a1359f8,fog,s3,2,0.499412,0.575581,0.879526
c6529677-5571-4540-a2c7-b8307189e3e9,fog,s3,1,0.793692,0.874098,0.971424
c664e543-a233-4154-b10b-9b7e0cf04966,clean,s4,4,0.571141,0.689884,0.846851
c66526b5-d8f8-420f-8bc7-a30e3dcd45f7,fog,s4,2,0.838426,0.909534,0.940619
c66e8337-559f-455f-bb52-16cfed26f611,gaussian_blur,s5,0,0.925654,0.961358,0.962269
c6758907-f8df-495e-a33f-8e5f656df243,fog,s2,0,0.391945,0.488670,0.708843
c67db2b5-1512-4a7a-8b3c-389cdebfe5f3,gaussian_blur,s5,2,0.819181,0.900536,0.901288
c6812553-3ad7-4df4-9d0a-b181406d6c13,shot_noise,s5,4,0.968258,0.983839,0.985940
c68a9c91-22d1-4351-a4d5-503b0325f8cc,gaussian_blur,s5,1,0.439129,0.607797,0.616576
c69763ef-d42d-4c35-8f64-2083bba4e06a,shot_noise,s5,3,0.861705,0.925672,0.926304
c6a525d6-6069-4199-bcc2-26434e413c1e,fog,s5,1,0.867205,0.928574,0.933168
c6a8793a-a7f7-40bf-9de7-a2c313c0a1ce,gaussian_blur,s4,1,0.834669,0.907503,0.935637
c6ae8ada-771a-4b8e-96cf-39a1096dbb21,gaussian_blur,s3,1,0.746216,0.838924,0.952395
c6b8813b-07e2-4470-815d-89c50fb64bee,gaussian_blur,s2,0,0.932359,0.963801,0.997984
c6bcf33d-497d-47f4-bc7c-304386a3a190,fog,s5,2,0.789241,0.877367,0.921681
c6c24ed4-f369-402e-bf42-78b53133cbfc,gaussian_blur,s5,4,0.801121,0.888501,0.899264
c6c5dbfc-a05f-4ebe-bd48-6f2c65228ffd,gaussian_blur,s4,1,0.842583,0.913373,0.928352
c6cd817d-1951-4ca5-b2d0-daac6c5377c6,shot_noise,s5,3,0.862771,0.926148,0.928810
c6ed01e2-5ddf-4664-9639-13389da342df,gaussian_blur,s5,2,0.548181,0.671259,0.820416
c6f617ed-fe64-4698-8bd9-ea963aa72db1,clean,s4,1,0.737664,0.845090,0.874464
c6fecb12-98ef-49b7-be8a-c8abb5b4feb5,fog,s1,4,0.495141,0.497559,0.990283
c720595b-f7d6-4975-96f9-7f134ac1611c,clean,s5,2,0.271773,0.352141,0.543547
c7271dda-95a8-4cad-82d7-16c51ae8f659,fog,s5,0,0.328620,0.396587,0.657240
c72a12db-2608-48d7-aff9-18f40ac020c1,gaussian_blur,s5,1,0.900478,0.947631,0.947680
c7331583-5d11-4359-a4aa-1268f232a561,clean,s5,2,0.931274,0.964414,0.964414
c73467c4-627c-4d06-9fce-bed8d9a25278,clean,s5,5,0.191846,0.289407,0.367701
c73f20ad-3b60-4f0b-9abc-365f07b6cf8a,fog,s5,4,0.905477,0.950277,0.952751
c7446f02-a858-4b30-9850-a7232baa98cb,shot_noise,s4,0,0.798776,0.883254,0.929920
c755da48-e91a-4a6a-9bd4-2d699e091a1a,shot_noise,s5,3,0.267057,0.371549,0.501083
c75e7e76-0569-44b5-96c7-f79edfe34105,shot_noise,s3,1,0.980020,0.989831,0.997569
c780ec9e-f120-416b-962a-b3099646b31d,shot_noise,s5,1,0.855635,0.922136,0.923045
c78a694f-d5f3-4116-bb17-ca5cfcd5ba68,clean,s4,1,0.752793,0.849450,0.922162
c79df9df-6f01-4b2a-97a6-dfb2c44d3972,fog,s4,5,0.871232,0.929371,0.956880
c7a4bbc8-4d8b-42f1-854d-1cb449e052bd,clean,s5,0,0.929314,0.963349,0.963715
c7bf04cc-9acb-4b73-a4ae-f78b4ed6d1bd,gaussian_blur,s3,4,0.930602,0.962919,0.994651
c7bf9c90-39ff-4e9e-a734-dd770ea0e410,clean,s4,3,0.975770,0.987712,0.989691
c7c269aa-81b0-4c0d-94e3-a215b019ac34,clean,s4,0,0.769524,0.865961,0.898040
c7c3ed66-65d8-4b4f-a0a7-c1df8346a972,gaussian_blur,s5,3,0.829911,0.903783,0.941012
c7d68ea8-9302-41c2-b145-e7f28689cff4,fog,s5,5,0.640195,0.780085,0.783125
c7d937d5-8f41-4a13-9340-29e850fb659f,shot_noise,s5,1,0.946085,0.972272,0.973147
c7dfb24c-cfc5-4d06-8d21-b4c83e2da57d,clean,s5,0,0.419817,0.587765,0.600107
c7f0117c-9997-40c7-bfc1-24ca42e5e3eb,gaussian_blur,s3,3,0.914491,0.953971,0.985000
c7f373a4-cfc6-47fa-b4f1-9de538e0a697,gaussian_blur,s4,3,0.897215,0.945253,0.956245
c7f3957a-1772-44ef-9f33-c4502b3ea218,gaussian_blur,s4,0,0.952280,0.975292,0.986253
c7f6d41f-f6f9-4596-96e6-1b4372f9abb7,fog,s3,4,0.758526,0.849851,0.948153
c7fb924a-00d0-4ccf-9e21-81d1f9ff0559,gaussian_blur,s4,2,0.960252,0.979467,0.992169
c80e5cdc-dcaa-452d-ac3d-17378886e1b5,clean,s4,3,0.376587,0.531212,0.581090
c8235784-b6ab-4e00-9371-314b47752def,gaussian_blur,s5,1,0.888669,0.940210,0.955168
c8276951-3bfe-4f45-8f0d-4cabc71d83ef,shot_noise,s3,4,0.516987,0.603489,0.878587
c8301f7b-9036-402e-abb0-a2bf6928d484,clean,s2,1,0.601544,0.677528,0.979681
c83b841c-13cf-4fa9-bbbc-ee886a70c001,clean,s5,3,0.653778,0.783620,0.823125
c84d3770-6e8e-4c6c-b35d-1020d215d0b4,shot_noise,s3,4,0.850901,0.914598,0.976203
c84f3faa-9e31-4cd7-9179-934b23f78f8a,clean,s4,3,0.580438,0.721402,0.781643
c8655128-b9f2-48bb-b122-abd4e82865ce,gaussian_blur,s4,4,0.546227,0.692938,0.750789
c8689815-2c69-46bb-b2b1-4dad4043b08b,clean,s3,5,0.753519,0.845787,0.947945
c87abaae-6190-4211-befd-16a83795303f,gaussian_blur,s5,3,0.590646,0.742109,0.744747
c8827cca-34b7-4415-8efe-eacace9d635e,gaussian_blur,s4,1,0.882805,0.935936,0.966150
c88adbd0-7c9b-43d3-9eac-5fb457e19be1,shot_noise,s5,1,0.324985,0.393928,0.649970
c88b4c98-f2f4-4da0-887b-5305b7961d62,clean,s4,5,0.960663,0.979705,0.991361
c89ff2c9-2087-4cbb-a18b-1fa5c52f1e30,shot_noise,s5,4,0.912994,0.954449,0.956030
c8a04084-efcb-4a03-ba27-3320242bbc4e,fog,s4,5,0.810915,0.890396,0.942939
c8aefd3e-7034-4e5a-83cf-844b919899a4,gaussian_blur,s5,0,0.191846,0.289407,0.367701
c8cdf8b8-21df-48b3-aec1-87dbff4c34ef,shot_noise,s2,4,0.604859,0.683354,0.976211
c8d8b660-5dfe-43e8-8d14-19aded769721,gaussian_blur,s4,4,0.969457,0.984404,0.990123
c8db0fb3-5141-41ba-b0bd-91ffa9dcfa9e,fog,s5,5,0.334443,0.400798,0.668886
c907465c-be5b-4c58-8d0f-c399285ce61b,fog,s5,4,0.321406,0.486365,0.486645
c907558f-9be4-47b6-8f88-2f13d614bc2c,shot_noise,s4,0,0.927750,0.961882,0.979272
c909c735-928b-4deb-96a6-578b04fe8e1b,clean,s5,3,0.929314,0.963349,0.963715
c9140ea7-da65-40b7-a965-0e48a346041f,gaussian_blur,s5,2,0.795143,0.885877,0.885932
c926190b-c536-41b2-b9ce-a0461a8f1a89,clean,s5,0,0.900328,0.947431,0.949820
c9280eb7-726e-49ff-a93e-7ff0e4972b28,gaussian_blur,s4,2,0.244750,0.392168,0.395035
c9404051-6580-4c3c-81ef-891999c0e4b2,shot_noise,s4,4,0.752134,0.850767,0.910587
c953d9a7-303c-49aa-8c90-fa8dd6045f99,gaussian_blur,s4,4,0.971157,0.985272,0.991840
c95c9762-96f4-4095-897e-564c8d3fb3a4,clean,s5,0,0.764327,0.866019,0.869442
c967c906-55a4-4e49-afde-fa8808cfb282,clean,s4,3,0.722901,0.830098,0.892544
c975a4f9-1e29-49dd-a9cb-9bafba1547d2,shot_noise,s3,3,0.961310,0.979950,0.996400
c97b4f15-4e05-4aa5-8cae-2aed2423dc48,fog,s5,2,0.624860,0.767371,0.776661
c9801c05-123b-4a87-80ce-aebbb2d78aaa,fog,s5,4,0.945785,0.972113,0.972989
c9851c60-f96c-4329-95e1-b88f146ea39e,clean,s3,1,0.562575,0.652322,0.914895
c98f5dc6-50d4-45f9-8dbd-7cae6bb28248,gaussian_blur,s4,2,0.929324,0.963073,0.971344
c99112f8-c820-4625-bf28-507263eb269c,fog,s5,1,0.908906,0.952136,0.955269
c9939923-85c4-48cb-bda8-871bdce889d3,fog,s4,2,0.870117,0.929067,0.951435
c9973b21-178c-4c43-9fc8-0319a6b876f6,fog,s3,3,0.959108,0.978795,0.994814
c99871e7-7551-4e81-ab95-ba3412830e32,shot_noise,s4,0,0.977803,0.988712,0.994511
c9a2ca93-2564-4c0f-a454-d85086c740d0,gaussian_blur,s4,1,0.867381,0.925705,0.973072
c9a8a114-cd5e-4391-9b44-500ec2737c36,shot_noise,s3,1,0.581877,0.664404,0.948064
c9b11ae9-13fa-4c99-85da-87e567a88b0a,gaussian_blur,s4,5,0.636362,0.738048,0.929440
c9b2ce47-9767-4581-a4b3-9d70ccf94ec7,shot_noise,s2,5,0.549789,0.603497,0.976849
c9b578bf-4434-4206-9af3-0c0f4938e989,clean,s4,0,0.728754,0.840015,0.862363
c9b8f48d-226c-407f-9259-48270fadeb78,clean,s3,1,0.863448,0.922190,0.984954
c9c55e9c-1789-44dc-a996-26a4d54f70de,shot_noise,s4,1,0.967614,0.983434,0.989940
c9c9b7cc-0105-4bef-9bc2-9720b3d5b5b2,clean,s3,3,0.939120,0.967740,0.995385
c9dd7a93-4f9a-4163-b546-3ed21aa9e27d,shot_noise,s4,0,0.608023,0.737747,0.826740
c9f2aad0-2759-4b63-bcd5-1f97a67adcd5,fog,s3,3,0.898668,0.944302,0.988437
ca01aaa9-abf3-4361-83b3-86e2369646b0,fog,s5,5,0.844355,0.915313,0.919123
ca0b01e8-79c7-45e4-a0cd-ee22d8dfad18,gaussian_blur,s4,3,0.487247,0.648184,0.675270
ca125c39-d56c-4227-be9b-edd17acffabf,fog,s5,1,0.721705,0.837581,0.843163
ca1502a5-5d2a-4b41-b69c-35acaedde13b,gaussian_blur,s4,5,0.856770,0.920512,0.952412
ca15cce6-e62c-429a-bab1-0d987618d0b4,fog,s4,1,0.643682,0.766706,0.854005
ca174333-62e8-43ff-8949-b752f3e3e206,fog,s4,4,0.635538,0.758357,0.854976
ca1b790d-11ba-4c71-ad12-4eb44e795b3a,fog,s4,1,0.763512,0.856874,0.928958
ca20ec6a-b973-4c87-bffb-38c3b37511e2,clean,s4,1,0.964561,0.981887,0.986027
ca26c6ee-c5ab-4a59-9bbe-4fed9c8e69c8,clean,s4,4,0.828416,0.905024,0.918085
ca2f4354-cd81-4768-996f-a56323ed366d,clean,s4,3,0.234458,0.329511,0.454942
ca31ac4f-5792-4d28-a678-c0ffc3e76ee6,fog,s4,4,0.772857,0.869695,0.888624
ca3d5827-7237-4a23-8d9f-30370328432e,fog,s5,5,0.442132,0.611445,0.617589
ca42216b-5f62-4fde-91a7-788063079d04,shot_noise,s4,2,0.836640,0.907336,0.951194
ca4cdb5d-4da0-4c66-841d-cdab6135483e,shot_noise,s4,3,0.888503,0.938731,0.977345
ca4d6b07-60ff-4cbf-aca1-1a1f82c62834,shot_noise,s5,3,0.817630,0.898739,0.908821
ca50d13d-39ca-4814-81d8-62971a414531,gaussian_blur,s4,2,0.641894,0.765155,0.853174
ca54066b-de63-4df7-8cb4-533d50c9f32a,clean,s4,5,0.977803,0.988712,0.994511
ca5cd4f0-c1f9-4d36-9bb2-605683ef1a25,gaussian_blur,s5,5,0.930210,0.963737,0.966757
ca82024a-0a29-42b5-ac0c-c8d3d9bafb69,shot_noise,s5,5,0.913720,0.954780,0.957904
ca822829-a2a3-49f1-99a4-c4331ece9e2c,gaussian_blur,s5,1,0.649345,0.782923,0.808011
ca8561d5-de1b-4845-b440-5678ec39827e,shot_noise,s4,0,0.828416,0.905024,0.918085
ca8f737a-1058-4b59-a7f4-9f0787d25deb,shot_noise,s3,3,0.981191,0.990438,0.997713
ca975c89-3e57-490b-a3dd-b4e029cd7019,fog,s5,4,0.872227,0.931498,0.935489
caa91c3f-0fc4-420b-9bd8-8d6b67bd509a,fog,s5,2,0.418709,0.581669,0.610821
caabf553-11da-40cd-9deb-298d9528c1db,shot_noise,s4,0,0.251396,0.399764,0.405151
cab23d80-d4b3-4093-a247-45bcf39f0c16,shot_noise,s5,1,0.759362,0.861993,0.872149
caba35ba-ddfe-4f7f-9682-4234aea7dd55,clean,s4,4,0.882148,0.935462,0.967177
cabd9120-e7c8-4ba0-82b7-56ebc81479a9,shot_noise,s5,2,0.145066,0.251033,0.256504
cabee88e-ba6f-4020-baf3-0f789dedcddf,shot_noise,s5,1,0.700157,0.821700,0.834507
cad583d0-b257-40c4-9f42-372e959f55de,clean,s3,0,0.898411,0.944084,0.989481
cad699b2-eccd-43fd-8d23-9b3fcfdfbd24,clean,s5,5,0.717945,0.835564,0.837369
caec9932-b7bb-4c1f-8744-9a9fb00d5cea,shot_noise,s4,4,0.967314,0.983285,0.989403
caf501d9-4af3-4bb8-9740-6d7d2b595cbc,clean,s5,3,0.916771,0.956505,0.958264
cb098206-a7e3-47df-a8e7-f206c38b61ae,fog,s3,0,0.848582,0.913084,0.975680
cb09c7d4-bb17-4a6e-a6f5-25d2b2b6b25b,clean,s2,0,0.959488,0.978927,0.998222
cb09d167-ef0d-4c41-9e24-4ea3895a3b6d,clean,s4,1,0.952280,0.975292,0.986253
cb0c7d5b-0bd0-4022-a087-076e5b322d80,fog,s5,0,0.903973,0.949420,0.952432
cb240a0e-e95f-4d80-986b-bbf677b12650,shot_noise,s4,3,0.442712,0.469615,0.885424
cb3e419a-ff98-4002-9b48-240bb5f6de25,clean,s4,1,0.914408,0.954242,0.978207
cb44446b-f483-4310-91e9-49394807908a,clean,s5,3,0.857630,0.923291,0.924251
cb58866e-0766-47f8-b0f1-6b59774df60d,gaussian_blur,s3,0,0.562575,0.652322,0.914895
cb5abe68-dd79-46ac-af36-967e4a853a3f,shot_noise,s5,1,0.757546,0.862001,0.862400
cb5adab1-5098-4f96-af59-8d93f2c03666,clean,s5,3,0.931274,0.964414,0.964414
cb5f7830-f1c1-42d1-8ada-441a2c2b4776,fog,s4,0,0.975249,0.987388,0.993941
cb62add6-dee9-4d90-9c85-9ccf861e555f,fog,s5,5,0.884792,0.938830,0.939605
cb7dcd81-cc6d-41e9-90a9-6fdc3fb48c7a,fog,s4,4,0.767733,0.857672,0.945438
cb9ee634-c930-46aa-99e0-51b5f91a091c,clean,s4,3,0.771353,0.866886,0.901221
cb9fad09-ecf7-4cf2-9251-c601c595e5bd,fog,s4,0,0.902105,0.947743,0.963657
cba2117a-978b-441e-9a24-3eedca1ac436,gaussian_blur,s4,0,0.728754,0.840015,0.862363
cba5a3a5-31cd-4873-9f45-07775f6562fd,clean,s4,3,0.937061,0.966920,0.985264
cba89b96-dcd8-4ddf-9a19-e3e4368a6024,clean,s5,1,0.626037,0.768354,0.777189
cbb0f889-831e-4963-b8f6-3e675098ccd0,gaussian_blur,s5,0,0.882974,0.937754,0.939405
cbb679df-614d-4f0b-be1d-d1e9f413197f,clean,s5,0,0.936467,0.967104,0.969851
cbbfc787-a70e-4246-8ce8-167830b411f9,clean,s4,3,0.960663,0.979705,0.991361
cbc319c1-e520-49c8-8554-90fe79befbad,gaussian_blur,s5,2,0.813729,0.897154,0.898709
cbca1741-dc10-42a8-bb83-d6724e1b7773,fog,s5,3,0.421819,0.577018,0.631964
cbd6c2e6-f211-42b8-8c7b-9cf2f383e2ee,fog,s3,0,0.863448,0.922190,0.984954
cbdc510e-5c23-49db-ae9d-102c986aba76,fog,s5,0,0.735411,0.847522,0.847621
cbf1825b-78e3-4e4f-9ba0-04d9ce77f7ab,clean,s4,5,0.722901,0.830098,0.892544
cbf3899a-0492-464a-a52a-c2e3e7c6ce39,fog,s5,0,0.931544,0.964474,0.966949
cc0001c2-f964-4402-a721-4056c00ece3a,clean,s5,4,0.949656,0.974173,0.974395
cc087607-566a-4a53-b577-f1b59e8887f6,shot_noise,s3,1,0.939476,0.967939,0.995445
cc17dc36-6e37-4bc8-96d2-b5409caa98ea,gaussian_blur,s4,2,0.868147,0.927434,0.956794
cc218cd5-dbb9-4449-8a8c-8981a4add416,clean,s4,4,0.937061,0.966920,0.985264
cc2db9c6-b3c0-4599-838a-579b7b357fc0,shot_noise,s5,5,0.274697,0.422652,0.445459
cc4aa059-f2bc-4515-9f34-dbdda2a34653,shot_noise,s5,0,0.768812,0.868986,0.871675
cc4d6b8a-325c-45f3-8ca4-633e4a000462,shot_noise,s5,0,0.613437,0.758877,0.766768
cc55d54b-544d-4cf0-9843-8b296841b638,shot_noise,s5,0,0.375428,0.532889,0.573776
cc56c42b-0335-4a55-9bbc-7df1457ede20,shot_noise,s5,4,0.708460,0.829098,0.830859
cc69d587-2e09-49cf-8838-9fade7f3b987,fog,s5,3,0.782791,0.878161,0.878184
cc6bd393-0033-439c-9014-4bf4c4d8541c,shot_noise,s4,5,0.643244,0.755580,0.894651
cc7ec3d9-8bb9-40dd-8a95-3f3ed2c5e187,shot_noise,s4,3,0.427684,0.516502,0.770024
cc8bfd28-2911-40d5-a0f4-c7f7aded55d8,shot_noise,s5,1,0.719804,0.835804,0.844827
cc94d9e4-fd45-4219-8d85-ed21582f42c8,fog,s4,1,0.787680,0.874750,0.932976
cc96e8dc-d599-4adb-a399-20f4bc3110aa,clean,s5,1,0.496688,0.662993,0.665861
cca0bd4e-c240-4bd5-bafe-d27fce8fe97f,fog,s3,5,0.935035,0.965477,0.993930
ccac9659-b686-4837-8013-e4c47757fed3,clean,s5,0,0.717945,0.835564,0.837369
ccb6d890-f259-43ca-af18-bef011aefa8f,gaussian_blur,s5,3,0.758792,0.861842,0.870196
ccbe369f-22b7-4ca1-8f19-392888cd73af,clean,s3,2,0.498881,0.630932,0.759797
ccbf02c4-f23a-4532-a868-8cdd69bbec3c,fog,s4,0,0.915142,0.954852,0.974287
ccc075fd-8426-4aab-9611-2b41e913056d,clean,s4,0,0.458284,0.617751,0.656710
ccdefb2c-ef58-4998-8a5e-08c09cf8636d,gaussian_blur,s4,1,0.898257,0.944917,0.973361
cce1a761-a6d5-4024-9d54-2b43e1e9a36b,shot_noise,s5,1,0.374307,0.530725,0.574544
cce56dc9-5f7f-4522-b34a-1825a13e0aa6,shot_noise,s5,0,0.739822,0.849578,0.856304
cce64a23-3e00-435f-858e-db58850c76da,shot_noise,s4,4,0.627616,0.758867,0.822390
cce84f1c-69d4-4291-bbb7-4dfed596fe3f,gaussian_blur,s5,1,0.778799,0.875133,0.879749
cd08d528-5927-46ac-ad65-676d6e90cca8,shot_noise,s5,1,0.862669,0.924898,0.944560
cd2378fe-1286-4cb7-b36a-27d287d88290,clean,s3,4,0.478570,0.500188,0.941760
cd26e71a-057c-486a-8abd-d256087d7967,clean,s4,1,0.251396,0.399764,0.405151
cd2e6881-ad29-4d7b-9cf3-9facbaddafad,shot_noise,s5,5,0.976629,0.988176,0.988208
cd38f99c-fa45-4cb9-869b-67aee6df2356,shot_noise,s4,5,0.982552,0.991163,0.995325
cd3af6f1-bdc2-4a1e-8173-0955983f1103,gaussian_blur,s2,5,0.614722,0.693008,0.984165
cd40c988-5890-4f28-b4c4-45ad7dd90ed5,clean,s4,0,0.730916,0.835719,0.898256
cd753f31-b42e-4d0a-ad4e-179925f15068,gaussian_blur,s5,0,0.960007,0.979595,0.979629
cd79a0c6-7b31-43ed-9d71-0a00e031f4ca,fog,s4,1,0.893290,0.942131,0.969670
cd7d6cb2-1eff-4596-8dc9-4ea20ef156bb,clean,s2,4,0.932359,0.963801,0.997984
cd892c38-4126-4b72-a355-582e4cf9d237,clean,s4,1,0.892152,0.942493,0.951861
cd89e081-791e-4784-a281-a1216440cda7,gaussian_blur,s5,0,0.764327,0.866019,0.869442
cdbd2f3c-9f2c-4e2c-9de0-5306358f6e6e,fog,s3,4,0.302091,0.424503,0.532656
cdd329ff-582c-47ac-a51f-8c79a3dac0cf,clean,s4,4,0.792318,0.882210,0.900400
cddd5f28-856f-482e-a389-17504379ec82,shot_noise,s3,3,0.483331,0.493232,0.964354
cde6d103-6d7c-4ead-8464-5bb19e7f3681,shot_noise,s5,1,0.694867,0.819965,0.819970
cdf8b005-494d-4479-9be9-e231ec1e8330,fog,s3,1,0.571218,0.648228,0.951321
cdfe3dd3-b216-435b-ae9a-4ea1ab9c16a5,shot_noise,s4,3,0.871240,0.928909,0.963267
ce05bec3-9101-4aed-b584-60904f7d08d7,shot_noise,s5,5,0.829220,0.906147,0.911861
ce0af1b0-3633-4274-9ebc-f52d7840bcdb,fog,s5,5,0.916806,0.956502,0.958807
ce0e4bd5-fc66-4932-b824-3036dc2a0278,clean,s4,5,0.854692,0.919785,0.944944
ce211802-0773-4ff6-b81e-b3b64f49c6b3,fog,s5,0,0.925654,0.961358,0.962269
ce22ff8c-bb4e-4031-b702-419f25b8ef41,fog,s5,5,0.590470,0.736676,0.764667
ce342948-3e5e-4655-9c5a-7c8db77a9f7e,fog,s5,3,0.777554,0.873984,0.881798
ce3d9583-46b6-4c82-8087-edd9731783aa,shot_noise,s3,1,0.960990,0.979816,0.994543
ce4bf5f1-8a68-4def-9817-fd69df6b04ca,gaussian_blur,s5,0,0.894803,0.944322,0.947339
ce5caf3a-d391-4de8-a026-f46effede21f,clean,s5,5,0.419817,0.587765,0.600107
ce753a2f-eaa1-4751-bcb6-058dab024fe3,fog,s3,0,0.753519,0.845787,0.947945
ce7729a2-9e53-4526-b5b5-981a425c3a4d,shot_noise,s4,4,0.949891,0.973933,0.988446
ce77f92a-a03a-4e7d-a6ba-fa7325225956,fog,s4,0,0.769524,0.865961,0.898040
ce802433-2139-47bc-b6a1-22f33c52c1ad,clean,s4,0,0.561909,0.703643,0.773075
ce81afbe-ddad-457f-9c4a-78bf999bb74a,gaussian_blur,s4,3,0.962505,0.980812,0.985200
ce85440e-dba9-4676-ba3b-406fe9ced383,clean,s4,4,0.950127,0.974090,0.987381
ce8574f6-1e8a-4864-b3a9-2042e08db3a2,fog,s5,2,0.659496,0.783610,0.846595
ce8a3ca3-90d4-4cdc-84fe-517932072cfc,gaussian_blur,s3,3,0.644279,0.745388,0.933984
ce9da91b-3cb8-4596-864a-66678de4e0c0,clean,s5,2,0.916771,0.956505,0.958264
ceaa9aaf-84c5-4cdc-be99-3e8e2c0c2f6f,gaussian_blur,s4,1,0.948847,0.973563,0.980885
ceb394b0-1d52-47a5-bb86-d389f2396dfd,clean,s4,2,0.798776,0.883254,0.929920
cec57704-a15d-4abb-a904-50357ac30c23,fog,s4,0,0.911467,0.952652,0.975453
cec6291a-22ba-4888-bf2e-6d454a73e83e,gaussian_blur,s5,5,0.973887,0.986745,0.988731
ced84084-decb-4d46-af7b-3c284b08d09e,clean,s5,3,0.905159,0.950133,0.951952
cee9a93c-2149-448b-b1b1-a8c3f9a788c1,gaussian_blur,s5,4,0.641511,0.781589,0.781710
ceedb451-4a36-4ad2-9621-4f9e435d1808,fog,s4,4,0.448928,0.473090,0.897856
cf030500-1046-4852-85b6-88a281b6f527,fog,s5,4,0.572767,0.727303,0.732219
cf042ce8-9f00-4f51-82da-792d6bb46d83,shot_noise,s4,0,0.949353,0.973772,0.983427
cf0c92bd-3d9b-472b-8e05-93fc992e275c,fog,s4,2,0.422411,0.575275,0.637876
cf0f4f30-8dbc-48f4-8469-1423c4135b3b,fog,s5,0,0.836298,0.910797,0.911473
cf346756-e533-4725-a36a-ccbf974dc284,gaussian_blur,s5,0,0.240784,0.386607,0.390575
cf367c8a-6b03-4f1b-bcd9-876b36bec457,clean,s5,1,0.934947,0.966373,0.966587
cf384eb4-9818-4fb6-9ad7-e5b1b1e8a3d3,shot_noise,s5,0,0.931544,0.964474,0.966949
cf386693-d393-404f-ab42-644c8e36b49d,clean,s4,2,0.730916,0.835719,0.898256
cf3e44d9-ad92-4dfd-91f1-0205a6dffe0b,fog,s5,1,0.197488,0.299273,0.373456
cf453c8c-6fb8-402e-97fd-ae79a1fbbf8d,fog,s4,2,0.945821,0.971975,0.978637
cf4c8276-129d-4fbe-a872-2c85a11c14d7,shot_noise,s5,3,0.952344,0.975504,0.979120
cf4f87bb-7a9c-4839-bc21-74343c27bc99,shot_noise,s4,4,0.671000,0.786346,0.881585
cf71da2b-71ed-4b45-9db6-f064421f466c,clean,s5,3,0.929294,0.963314,0.964368
cf802e6b-cfd4-4ecc-90e7-031ae5d23720,fog,s4,5,0.912339,0.953226,0.974128
cf80a38c-7646-43b0-9fc2-d95e359251ef,fog,s4,5,0.880271,0.935824,0.944107
cf89f5aa-19be-4697-8a8d-5a408febc91b,gaussian_blur,s4,1,0.683552,0.796698,0.887477
cf8ccefd-c393-4bcf-9a2f-a5348f9741d7,shot_noise,s5,2,0.884594,0.938590,0.941589
cf8fa077-195d-4239-8ab0-62b191987d3a,clean,s4,2,0.956706,0.977568,0.991512
cf9808b8-2731-40c1-88bf-874655b96680,clean,s5,5,0.724475,0.832166,0.888256
cfb1c760-808b-4931-aa36-f9b00f95a0d9,clean,s3,2,0.959784,0.979170,0.994367
cfc9ca25-00ba-44b7-8cf7-4a2baed99182,fog,s4,5,0.890152,0.939865,0.975465
cfceaae7-06c9-40d6-86f9-5e56930c47cb,fog,s4,3,0.774983,0.864840,0.935291
cfde6886-907f-4ee4-a1e8-d9cdb828b4a0,clean,s3,1,0.598005,0.684977,0.949893
cfe5db69-6bc5-4a31-a43f-5d31a9c739ea,clean,s3,3,0.478570,0.500188,0.941760
cfef0399-40de-4a3c-ab58-c20178ae1e73,fog,s5,1,0.872333,0.931641,0.934348
cff0e40b-4e9c-4785-bfa5-c520d948840c,clean,s3,4,0.369384,0.489418,0.637557
cff19e19-0e00-449f-acb9-3efe628b7e9f,shot_noise,s4,1,0.577445,0.696568,0.849315
cffb6f2b-15af-458e-b9ea-bb8321bddc04,gaussian_blur,s3,2,0.747518,0.842843,0.936184
d03561e9-2aa3-4830-a187-309fef4eca5c,fog,s3,5,0.922359,0.958167,0.994131
d043410c-aef1-46d7-a265-f5058abe9d08,fog,s5,2,0.966867,0.983142,0.983890
d04e4767-38b9-4a0a-93d2-186762d73ec7,gaussian_blur,s4,4,0.627482,0.742902,0.880816
d04ed43f-3e8b-4dd9-8cca-cad540096cb5,shot_noise,s2,3,0.473440,0.538062,0.869006
d0557043-59a5-4126-a91a-6c9dd2825ec0,fog,s4,0,0.978925,0.989289,0.995061
d06a433e-4531-4afe-8d19-63aa98c723de,fog,s4,4,0.897283,0.944459,0.971099
d0723e1a-590d-475d-96d0-f9f3c514457a,fog,s2,4,0.664346,0.758954,0.961669
d0762251-e264-4fa8-b430-f36ec1dd1343,shot_noise,s5,0,0.707296,0.827208,0.836362
d08d1731-99ec-41c6-8edb-193dbf74ab91,fog,s2,4,0.473089,0.537862,0.868317
d0910965-c596-4a84-88f5-20b0966bc870,gaussian_blur,s4,3,0.770204,0.861166,0.935165
d09e0070-0a59-41af-b69d-bbf53b596210,fog,s3,2,0.948679,0.973085,0.995170
d0a3ad85-c219-4341-924a-89cdbe283f87,shot_noise,s4,4,0.978952,0.989303,0.995067
d0b0b3f1-eed7-49e9-9ec3-7511f1aeac64,fog,s2,1,0.777079,0.857765,0.992619
d0b0decd-9c71-4e9f-85ed-50624df20ab4,clean,s4,4,0.599827,0.727271,0.832709
d0bb0d9a-648c-4d43-bcc8-d10016cd77ac,shot_noise,s3,3,0.674130,0.771203,0.954593
d0bd9b20-6cbd-4090-8402-7e1efb4d88cc,clean,s4,2,0.571141,0.689884,0.846851
d0c481db-362c-415f-a664-d1375067a8c1,fog,s4,4,0.706756,0.821695,0.864592
d0ccbe60-2fc3-4074-bb19-86f83a930191,fog,s4,2,0.548343,0.676829,0.805669
d0d1c3e1-2f5b-48ac-a58c-9927d09d4eee,shot_noise,s5,1,0.260620,0.410982,0.417719
d0de048e-873e-462c-b131-7e921b1df8f3,shot_noise,s5,4,0.960480,0.979841,0.979874
d0f04f96-106e-4f05-a6e3-c3c8badcfe2f,fog,s5,2,0.272680,0.352902,0.545360
d0f09b77-3705-4ef3-b379-96fd13fb650e,clean,s4,0,0.821336,0.895735,0.961080
d0f23328-e7d5-444b-8d9d-7d5d3d12ceb5,fog,s3,5,0.889404,0.938883,0.983724
d0ff06c3-ac02-4e4d-a846-ef01e16ffe54,fog,s4,3,0.818607,0.895842,0.942645
d1074805-1ea3-43d1-90a5-661bea146691,shot_noise,s4,5,0.942432,0.969980,0.983132
d113a1af-6cbc-47c0-8877-3eb95cffdb2f,fog,s5,1,0.863967,0.926988,0.927461
d11d55a0-c36b-44f4-baac-4695fa6765d6,clean,s4,1,0.978925,0.989289,0.995061
d12805b0-e7ad-4000-9797-793d04208b78,gaussian_blur,s5,0,0.931544,0.964474,0.966949
d131ae98-953a-4906-b6a0-b900e395e30c,fog,s3,3,0.813837,0.888594,0.976091
d14257b8-ffb3-4efd-a092-e372e6d0fd99,fog,s2,3,0.612943,0.693185,0.977901
d1453e86-498e-4a3d-8e37-32f2d4d84959,fog,s5,2,0.787307,0.879723,0.891595
d14ebb61-7216-4f25-8668-1dee8f5f00d7,shot_noise,s5,4,0.682504,0.811215,0.811723
d156c094-f75b-4adf-b8f8-057bfb6a076a,gaussian_blur,s3,1,0.546139,0.675996,0.800464
d1575714-7604-4f1c-8d9c-9fe643ca6e09,shot_noise,s4,3,0.467535,0.632968,0.648620
d165bbc3-7c36-4ee4-97ae-cd51faeca424,clean,s3,2,0.767752,0.854519,0.965547
d17559e4-9b22-4eb7-9eb1-3421d6f63b34,clean,s5,1,0.731079,0.841525,0.864379
d17fc267-465c-4e05-a17a-f31ee02078c2,gaussian_blur,s5,4,0.928602,0.962900,0.965116
d18c5b1e-3dcf-46e2-9507-390ef00b895c,clean,s5,0,0.931274,0.964414,0.964414
d18f3184-5736-4db4-9e1e-99ba7ae3bddc,shot_noise,s3,2,0.795465,0.875064,0.974277
d18fb65d-904b-491f-b42f-01b5bbd441e5,gaussian_blur,s4,5,0.920391,0.957966,0.972335
d19df6de-c7e6-45d7-9053-577a9fd53ec5,shot_noise,s5,4,0.641759,0.777107,0.802821
d1bdae11-7086-445c-ac7a-72ce2b1828ce,fog,s4,1,0.945183,0.971633,0.978390
d1c1212f-e1e6-4193-a6b1-25fa27a6ac88,fog,s4,2,0.665780,0.792749,0.831265
d1c5c867-5ecf-4cd1-a702-6fd0ba8e3b8a,gaussian_blur,s5,0,0.949656,0.974173,0.974395
d1c6b83c-547c-403a-b8d1-7517d8c68afb,clean,s4,5,0.702782,0.811323,0.900335
d1c82269-e5cf-4e1b-b7cb-297694221f2f,fog,s3,4,0.618371,0.723273,0.912048
d1cd4c07-1ebc-44b8-a44f-51b0427a5e47,shot_noise,s5,5,0.367779,0.537491,0.538389
d1d01a06-1834-4f80-b926-bc026c527b86,shot_noise,s4,4,0.969314,0.984313,0.991125
d1d13055-df1b-4982-9943-9d322bac9089,gaussian_blur,s2,4,0.565317,0.629085,0.973624
d1dc426b-8f1d-451c-83bf-80902f2ae26d,gaussian_blur,s5,3,0.867657,0.929099,0.929712
d1e29186-ba33-42bb-af73-55c577543fde,gaussian_blur,s4,3,0.835282,0.907562,0.939322
d1e3a2d2-b717-4ffb-92e3-03d2def94845,shot_noise,s4,1,0.807930,0.890117,0.926936
d204e9aa-4f0f-4a89-be38-6889c16b8814,shot_noise,s4,0,0.946282,0.972192,0.979877
d20ae796-77a9-4efb-8f10-4314ff2ba410,fog,s5,2,0.478510,0.618956,0.721637
d20c24b9-1b62-4484-a6ce-a8bbbd263b2f,clean,s2,1,0.391945,0.488670,0.708843
d20d9be7-7892-478c-aec5-f689d6b9c7f5,clean,s4,2,0.882742,0.935226,0.976216
d2120433-7b00-49d8-8ff2-0731bf4e4066,gaussian_blur,s3,2,0.472195,0.602773,0.738939
d218f976-0d3c-4281-837a-9f8d8410d1e3,fog,s4,2,0.955691,0.977224,0.982573
d21bdf58-d3c1-4315-8aeb-83afb7fb438c,fog,s4,1,0.934301,0.965869,0.970896
d231fc38-c1b3-4066-85da-981a4d664180,shot_noise,s5,2,0.731884,0.837744,0.891067
d234bc89-cef8-4480-97be-8548b013e94e,fog,s3,5,0.630887,0.735995,0.916389
d2373e6c-8746-4925-a37b-a70878389c06,clean,s4,5,0.622986,0.753356,0.825874
d2424893-d291-4321-a152-410eca9de84e,gaussian_blur,s5,1,0.832213,0.906617,0.927769
d262d165-4fa0-430e-b008-76edb98e62cf,shot_noise,s3,3,0.919809,0.956775,0.991890
d2661531-5dbe-4b52-8bf9-b43ffe68fe1f,clean,s4,2,0.408637,0.486170,0.763162
d26ba616-82c7-4131-8849-f8f36ce79911,clean,s4,5,0.769524,0.865961,0.898040
d27da108-172a-4edd-a9e2-76a2312e36c4,shot_noise,s3,1,0.482074,0.490873,0.964147
d2914469-8648-416c-b18c-1e2637c38490,gaussian_blur,s4,3,0.950970,0.974545,0.987619
d292b0ca-a2bf-430a-ae69-12656939f18c,shot_noise,s3,2,0.891974,0.940167,0.988623
d29d4366-3a1c-42e0-a3ed-a93990105e7a,gaussian_blur,s4,3,0.532988,0.685608,0.726373
d2a7a9ea-09f7-4340-a534-123d50a35c58,gaussian_blur,s5,1,0.251205,0.399510,0.404922
d2b0ac29-6377-4c0e-acac-c21289b59b8b,fog,s4,1,0.931967,0.964247,0.979837
d2b0eb71-ff10-480e-aaf9-4441e2fc0dcd,fog,s5,3,0.340177,0.409411,0.674016
d2b765fa-6ada-4758-96b9-62d0396a3839,gaussian_blur,s5,2,0.345967,0.408960,0.691934
d2c4d43b-1c92-4966-9e48-7bb89ae990dd,clean,s5,4,0.496688,0.662993,0.665861
d2c564c8-d6e0-4859-9799-26396f4d3d80,shot_noise,s5,4,0.751562,0.856464,0.869993
d2cc8e88-238a-485d-91f9-7e61d4bf82d8,shot_noise,s4,4,0.965319,0.982282,0.986347
d2d8688e-5f88-4d66-9ff9-603d5a578b84,clean,s5,1,0.931274,0.964414,0.964414
d2e2535e-c3c1-4a47-95a7-bb1a2d44cf7a,gaussian_blur,s4,5,0.953138,0.975653,0.990545
d2e27595-addd-4003-aebc-3a6342d894c7,fog,s5,5,0.898644,0.946615,0.946635
d2ed9a30-389b-4c37-88af-00ebb914d5f8,fog,s3,4,0.906640,0.948913,0.992555
d2f3b7ec-c628-4b66-bf41-806e02a5f498,gaussian_blur,s5,4,0.719639,0.828370,0.887045
d2f594b6-cf10-40ac-8131-5cc34dee934f,fog,s5,1,0.741668,0.851364,0.853771
d2fc8b08-f5f1-4768-bdcf-d8a1e50df279,shot_noise,s5,1,0.850333,0.918925,0.921432
d30024c2-36a9-4823-a28b-ff4135036c84,shot_noise,s4,5,0.688873,0.800053,0.894425
d3014718-8b7f-474c-a12f-eb9fc92aceb1,gaussian_blur,s1,4,0.764989,0.847829,0.991835
d306b1c9-27f5-4901-8546-4a6719ad1ef5,gaussian_blur,s4,1,0.954853,0.976782,0.982233
d30be83c-76c1-4ca6-b4fe-0a05a0ce9590,shot_noise,s4,4,0.384335,0.538839,0.590880
d32be93c-67d7-433a-b5be-ebff55d15130,clean,s5,0,0.949656,0.974173,0.974395
d330c0a3-6156-45eb-9e42-22013c8f733a,fog,s4,5,0.535882,0.675679,0.766075
d338a857-39e4-4da5-98aa-f04b7da85040,clean,s4,2,0.919113,0.957216,0.972704
d34191b2-1378-45e8-a40a-903b5eb96734,fog,s5,4,0.699081,0.818215,0.848629
d342f8b3-8659-49b6-8f32-d9e630680600,gaussian_blur,s5,4,0.720259,0.836529,0.842619
d3493a37-e04b-43b9-866f-f1e940fabd91,gaussian_blur,s5,3,0.611031,0.756495,0.767035
d356f9f0-2286-4ba7-b477-656e76cf90bd,clean,s2,5,0.926871,0.960697,0.996415
d35f20e5-a999-4f7c-b1e5-2d689154547a,gaussian_blur,s4,5,0.957164,0.977868,0.989216
d35f2490-1061-4479-8a97-f5c7696f8ea4,clean,s4,5,0.800602,0.881694,0.953211
d36f4da0-572f-4ff1-9ec8-97030c262d48,shot_noise,s4,5,0.966592,0.982887,0.990347
d3754ee3-8ff4-4b4b-95ff-1d3b3f146827,clean,s5,4,0.689320,0.813237,0.831375
d37f2285-ffa3-4750-8b68-39808d058fa4,clean,s4,2,0.962527,0.980729,0.990066
d38064c6-9ad7-4ecf-bc26-a89d34032e41,clean,s4,4,0.939014,0.967978,0.986331
d3825481-dfd4-40eb-ac0f-edcf86cadb75,fog,s4,4,0.942517,0.970219,0.976763
d383faec-26df-4028-8342-ffe3d6498320,shot_noise,s5,2,0.613830,0.758180,0.771183
d38f43f2-b37b-4872-b393-c5e301155166,gaussian_blur,s4,2,0.425952,0.532516,0.736281
d3978984-07e1-4ecd-857b-874e2c1ebc45,gaussian_blur,s2,0,0.923010,0.958392,0.997740
d397e209-02b8-44df-9c87-a9fc7247385a,fog,s4,0,0.928677,0.962433,0.978636
d3a34fef-adda-4e60-aba8-efba9e2cf343,fog,s4,0,0.643858,0.754679,0.900219
d3a8bca2-91bb-4613-8ed2-1b12c6977e5d,shot_noise,s5,3,0.803982,0.890931,0.895102
d3ae00d6-dc4d-45a2-84e0-a60373e61898,clean,s5,1,0.470942,0.623789,0.684288
d3b04611-7e20-4533-a505-fc846ce98719,gaussian_blur,s5,0,0.377960,0.519750,0.608608
d3ba78b1-cd9e-4e8d-8895-355b80d626fb,shot_noise,s4,4,0.929466,0.962839,0.979719
d3c14935-88d2-40ae-bd20-5036b78f2093,shot_noise,s5,4,0.719719,0.837018,0.837024
d3c5b6a8-866d-4678-b1b7-da5fe16231fa,gaussian_blur,s4,2,0.814887,0.891903,0.954438
d3d11d05-6622-4834-ae3c-c8121e547e02,shot_noise,s4,4,0.615718,0.759260,0.774208
d3d415f7-6145-40a6-801f-1b39c4de9459,clean,s4,3,0.952414,0.975450,0.982850
d3dbdbcd-9316-4ff8-98fc-5d2f66cd7c0c,fog,s4,4,0.932721,0.964569,0.982709
d3dfb655-4c16-4612-a7fb-9ba58a844150,shot_noise,s4,2,0.951264,0.974702,0.987722
d402a7a0-25e1-4ff1-8935-dad242cdebb8,fog,s4,3,0.865043,0.925534,0.955904
d4061bc7-b3d0-439d-adc0-43fee8820ff3,clean,s3,3,0.729310,0.823932,0.954431
d4086408-7b9f-4978-9416-87c6e8b4730e,fog,s3,4,0.367225,0.437801,0.713957
d40e44de-1f5d-4c2f-aa5c-6ec0b0b22e5c,fog,s5,5,0.792647,0.883493,0.891525
d41303d7-77a9-470b-9905-97aba1a80c07,gaussian_blur,s5,5,0.982236,0.991030,0.991995
d4144c0e-56b8-4602-b67f-45adf50f6d64,fog,s4,0,0.950300,0.974154,0.988548
d4171a60-f560-4ead-9d5f-d88fea6450e4,gaussian_blur,s4,4,0.944539,0.971016,0.987446
d41aa654-1a0c-4d49-83a6-5aececa2de08,gaussian_blur,s5,2,0.631714,0.768619,0.798827
d41ad002-9015-46f8-ae66-50dce8f48f7d,shot_noise,s4,3,0.911397,0.952613,0.975417
d42aa5e7-b023-4f3a-94fc-f3df4710c630,fog,s5,0,0.347094,0.410953,0.692506
d42c4fc2-68ce-4016-9c74-aa446638cd48,clean,s3,5,0.634854,0.742205,0.910261
d43bb260-e5c1-48de-b5c8-9841232cfd3e,gaussian_blur,s4,3,0.900394,0.945991,0.977133
d4411bc1-9f58-4bb6-a5a5-5e82b48b0ec7,fog,s4,1,0.612297,0.741196,0.830390
d4416fa0-8956-4ec3-9447-499f2ddb3663,clean,s4,3,0.837913,0.908095,0.952217
d442a899-d049-41d0-89a0-941e27d8ecfb,gaussian_blur,s5,5,0.771879,0.871058,0.872784
d442f1e6-c089-479c-af12-e71a98ffab4c,fog,s4,4,0.782631,0.871667,0.927904
d4456f8a-d2ed-4ae8-b848-3b012acdef25,gaussian_blur,s4,2,0.872512,0.929653,0.964084
d45e8ea8-fb39-4c44-b398-e257054c3b90,shot_noise,s3,3,0.583951,0.667039,0.948459
d466848f-aa6f-42ec-b9d0-f618111aae51,fog,s5,0,0.545030,0.694503,0.741611
d476e859-8217-440a-86b1-2e5daa220e61,clean,s5,4,0.191846,0.289407,0.367701
d47982cd-01d6-40b0-a91c-9fa231a4e8d8,shot_noise,s5,3,0.906823,0.950995,0.953988
d498f3e0-dd64-46ee-8744-88f2513cd026,gaussian_blur,s5,2,0.532055,0.676105,0.751552
d4a5ba52-8d82-4ccb-af5b-0beb606b21e5,shot_noise,s4,3,0.840856,0.910045,0.952501
d4a6789d-55b1-445d-a909-46327f3091b7,shot_noise,s4,4,0.895675,0.944044,0.961463
d4aae749-7188-4cbb-a779-1f3013469f7a,fog,s5,3,0.929369,0.963276,0.966542
d4b033ed-ac83-4e0e-b4a4-76954f61b049,gaussian_blur,s4,2,0.745707,0.850564,0.879552
d4bb536a-2b23-4781-88d3-4777491a9c87,clean,s5,3,0.564848,0.716236,0.741953
d4c6461b-5be4-4b4a-ae38-2d01c6b1911e,shot_noise,s5,5,0.932625,0.965118,0.965730
d4d89c0c-50e8-4a3c-9f38-0ab43c50c0b9,fog,s5,5,0.342167,0.509630,0.510368
d4dd0c7a-7fb0-4b6d-9604-fe1d2f5a609c,clean,s3,2,0.633459,0.740939,0.909417
d4e69b3f-860d-4827-b998-033e18e7974f,shot_noise,s4,4,0.769725,0.860492,0.937177
d4e75089-c74e-4160-bb05-69fcdf3837ae,shot_noise,s5,1,0.958901,0.978954,0.982123
d4f4e7b4-58b5-4df9-9bc1-38f91cfeee00,gaussian_blur,s4,1,0.926578,0.961236,0.978760
d4f740f5-8c10-426a-a283-77530652776f,gaussian_blur,s5,1,0.681689,0.810720,0.810720
d4feeee0-2a0e-4e75-869d-4dfec992dc73,shot_noise,s4,3,0.970702,0.985098,0.987477
d4ff57e8-14dd-4e62-a44b-95f9dcd9ae66,fog,s4,1,0.946545,0.972168,0.985851
d510b20e-3998-4289-82ef-860d0466240c,clean,s4,0,0.919113,0.957216,0.972704
d5255f52-9322-4231-b177-049d39e53f51,gaussian_blur,s5,2,0.334887,0.499890,0.505456
d532b108-7a58-4adf-8e8a-283c49ab02ec,shot_noise,s4,2,0.479089,0.639220,0.671645
d53d3dbb-3efe-4294-953a-7781e0ada65e,shot_noise,s5,2,0.725835,0.839813,0.849429
d53eeebc-c4a1-4064-8791-9814cb367625,shot_noise,s2,1,0.477812,0.540680,0.877353
d5430d02-7442-4694-94e5-7bb314dfeadd,shot_noise,s3,5,0.948460,0.972968,0.995035
d556880a-1a12-4539-96ae-1168b831175e,gaussian_blur,s3,3,0.368118,0.488172,0.635760
d5595528-9e44-46e3-a3f9-dfc2078bf30c,clean,s4,4,0.883326,0.937223,0.951199
d55f4882-905e-4979-a945-8d05a0484a66,gaussian_blur,s4,4,0.552348,0.638752,0.913365
d566f654-5d82-435f-96ad-a4d2b87289e4,gaussian_blur,s5,0,0.708960,0.827824,0.840581
d57d95e1-85ab-4484-8703-6af2404d2ada,gaussian_blur,s4,4,0.924188,0.960357,0.966752
d5a24a04-9b15-4e01-96b4-e74c8ee0b173,shot_noise,s5,4,0.508013,0.673663,0.674021
d5a4e409-cf67-47eb-a635-40395157f108,clean,s4,2,0.982676,0.991226,0.995361
d5a58518-d191-4c9a-83a4-b351062ae38e,gaussian_blur,s4,1,0.663588,0.782486,0.868091
d5bd705e-e193-4e12-8a2c-efda0db8688d,gaussian_blur,s5,5,0.852328,0.920013,0.923589
d5d37d75-3370-4834-a92a-a1b14ba3fb92,clean,s5,4,0.857630,0.923291,0.924251
d5d683fc-1d62-4b9b-9fd4-5f5ae69b2b18,clean,s4,0,0.924866,0.960729,0.967019
d5db5bef-50a4-4121-9b69-74a6a5059990,gaussian_blur,s4,0,0.599827,0.727271,0.832709
d5ddc2a1-9900-4405-9037-6754e29f19a1,shot_noise,s4,5,0.438411,0.533156,0.773275
d5f56cc4-0a6d-417a-97c1-00c5fdaa2a02,gaussian_blur,s4,1,0.502157,0.662499,0.686603
d5f5bd2a-2443-411c-b3e7-2af166e7f36b,gaussian_blur,s1,3,0.494253,0.497110,0.988507
d5ffbe8f-65c6-4091-b04e-dd294e2a4f95,gaussian_blur,s5,0,0.496688,0.662993,0.665861
d602a573-e160-475d-8fb3-b04bb9577b6f,shot_noise,s3,0,0.661465,0.769189,0.913456
d62b06e0-6380-47e2-b3e6-4a40f5f92781,clean,s2,5,0.959488,0.978927,0.998222
d62c9e43-0787-4fa7-9adc-8635d2bc8942,clean,s5,2,0.925654,0.961358,0.962269
d6348378-e7d6-4e84-98bf-7dc1c12ec1ae,clean,s4,4,0.978925,0.989289,0.995061
d6454400-a0e4-4c33-bb64-29b446a51c45,gaussian_blur,s1,5,0.767904,0.850253,0.992018
d64545d6-86c3-40db-97d6-0850628c4720,shot_noise,s5,1,0.885030,0.938867,0.941333
d647c14a-da39-49b5-9dbc-e8303f7a355f,clean,s4,0,0.950322,0.974195,0.987444
d65c0c36-68bb-421d-a143-72e27171e55c,fog,s4,3,0.861917,0.923735,0.953419
d6628703-e04c-432e-ac86-adab4624acef,gaussian_blur,s4,2,0.944685,0.971436,0.975744
d66bdc13-2231-4c4e-b75b-200a5e6eb110,clean,s4,3,0.911467,0.952652,0.975453
d688265a-5ccd-4ab3-a682-ea65442034f0,clean,s5,4,0.708960,0.827824,0.840581
d6882feb-8df1-451a-9155-f6ccde51e49b,fog,s4,1,0.633354,0.761526,0.834229
d68f7e75-4c68-4913-9e89-7ce091a587d8,clean,s3,5,0.656342,0.763576,0.914944
d69a731a-9ba1-4e0e-a45f-6edb4164b986,clean,s5,0,0.887281,0.940027,0.944405
d69a8b9c-588e-4b44-9579-10f282ec96a3,fog,s5,5,0.949372,0.973929,0.977829
d69b0216-f977-4d5d-946d-60c3fc08fa5f,fog,s4,4,0.776817,0.866147,0.935990
d6a1c39e-bcdf-4eb1-b46a-fad8da6d0c6e,shot_noise,s4,5,0.474507,0.633571,0.671022
d6adacb0-0ca9-41e1-afdf-062c510e02b3,clean,s3,1,0.939120,0.967740,0.995385
d6b2e7b8-ce26-4845-b480-6d590361b962,shot_noise,s4,5,0.965453,0.982236,0.992923
d6b61769-2b01-4df7-9265-dbf9c227b2bc,fog,s3,0,0.656342,0.763576,0.914944
d6b758d3-b1e1-4c3f-809a-40022929cd4b,shot_noise,s5,4,0.982375,0.991098,0.992372
d6b87133-0757-4f8f-a46b-15e44f696b70,gaussian_blur,s5,3,0.942085,0.970153,0.971047
d6c0189b-6bf6-463b-827e-c9ba14c42aa6,gaussian_blur,s5,3,0.871467,0.931304,0.931549
d6c15cd2-d8db-4ec6-b022-48ca54317a1a,fog,s3,3,0.617762,0.709434,0.950565
d6c267d4-d9d2-48ea-8800-6984b00ddc5c,gaussian_blur,s5,1,0.797409,0.887286,0.887295
d6e735f4-bdce-4579-980c-76366fe06064,gaussian_blur,s4,2,0.367439,0.426932,0.730198
d6ea5a71-0717-4eed-a230-c77aeb178898,shot_noise,s3,5,0.801222,0.879595,0.973093
d6f83577-f3b2-4e3d-a29e-9c0c4ea720e5,gaussian_blur,s5,4,0.378790,0.549411,0.549547
d6fd1db2-f13c-4cb9-a878-9ba84e5cf023,gaussian_blur,s3,2,0.764955,0.851253,0.971525
d70b1905-0e9c-4456-8cf3-7ad9ed8000af,shot_noise,s4,1,0.977337,0.988471,0.994396
d7292206-b219-42f4-8f0d-c5a4b327a8d8,shot_noise,s3,5,0.533053,0.650776,0.823234
d72d118a-3a5d-4a7d-bfcb-de6e8fbfab0a,gaussian_blur,s4,1,0.793815,0.883155,0.901344
d735f595-0e3d-4bd3-8439-44ab20b3743e,fog,s4,5,0.807946,0.892082,0.909429
d738e5a7-6264-49e0-9611-f1d828c887dc,clean,s5,2,0.984694,0.992288,0.992288
d75016e2-eebb-4340-8421-f5dafac66235,clean,s4,0,0.960663,0.979705,0.991361
d756ccdc-5886-4e4c-8e23-7bd70e990182,fog,s4,5,0.823243,0.900390,0.929792
d7580f51-622d-439f-a368-67ebd440b055,shot_noise,s4,4,0.733991,0.837889,0.900272
d75d722c-ff18-4da1-83b7-2f8be57df02a,clean,s4,4,0.701545,0.803458,0.932155
d75e5437-c9ab-4b14-ad6b-25fe2ef056b6,clean,s5,2,0.826925,0.903945,0.919000
d7795cd8-b0d7-437d-aa4b-5752d4ead513,clean,s3,5,0.661465,0.769189,0.913456
d783a047-329c-443c-84f5-8cbddff054fa,clean,s4,1,0.722901,0.830098,0.892544
d7989bce-e38d-465f-b410-bba186876a47,gaussian_blur,s3,3,0.981118,0.990400,0.997702
d79a7519-2bd7-4cba-a52e-75616b3b004e,shot_noise,s4,2,0.950522,0.974350,0.985700
d7c13c10-d723-4d50-b1e6-ca475fb57c86,gaussian_blur,s4,5,0.737043,0.841223,0.895189
d7ca6295-7209-4ebc-8d0b-d719c978275d,gaussian_blur,s3,2,0.651341,0.758638,0.914090
d7d2c43b-d671-439e-a34e-b42bf2998968,gaussian_blur,s4,0,0.668430,0.783317,0.884114
d7d342dc-fc0e-4767-9b5f-b0e2e1e49a03,shot_noise,s3,3,0.530635,0.648079,0.822000
d7d9c0dd-ed1c-4ff9-b2ab-0c1c68145914,clean,s5,2,0.774561,0.871818,0.881877
d7e3963c-6f48-40b2-9ac1-8bf3b3116409,shot_noise,s4,3,0.643430,0.766502,0.853832
d7f05e64-97c3-45dc-afce-5174e0851957,clean,s4,3,0.968279,0.983842,0.986448
d7f7a48e-d684-43c0-b67c-7e3114663d45,clean,s4,5,0.701061,0.810493,0.896923
d7fdfe74-91eb-43dd-9a72-2c504f4a29f9,gaussian_blur,s4,1,0.688767,0.800434,0.892220
d8081d2c-a8e3-4ffb-9296-8b6fd3479379,fog,s5,4,0.667228,0.789890,0.850444
d8089f4e-40f9-4706-83fd-6e539cfd17ee,clean,s4,0,0.645483,0.768081,0.855571
d8146b9a-e8e5-49d0-8280-d94fb81d0ff9,clean,s4,0,0.828416,0.905024,0.918085
d8202290-e16b-440c-908d-11a50bcb6cff,gaussian_blur,s5,5,0.468375,0.609713,0.710299
d82ca9f9-af3c-4665-93f9-870a95fe981d,clean,s4,5,0.719667,0.826067,0.899749
d8390823-d63f-4f72-a712-df312607358b,clean,s3,0,0.796883,0.876133,0.974379
d845c9e5-421c-48fe-93f4-3fa396c1d1dc,shot_noise,s4,2,0.971327,0.985381,0.990478
d84b785a-3857-4147-96c1-63086072b526,shot_noise,s2,2,0.473109,0.538396,0.867479
d8515025-85e6-4151-830b-cf7183fb0e7a,shot_noise,s5,5,0.272947,0.425618,0.434455
d867d073-43cf-4abc-b291-234e9c5c8232,gaussian_blur,s3,3,0.557827,0.629574,0.949910
d86be41a-7964-4369-85c8-012ec7c8ca2e,fog,s4,4,0.915863,0.955721,0.964293
d8771d16-def5-4f24-8247-bd379b446d1c,shot_noise,s4,4,0.824892,0.899784,0.946558
d8797624-2b85-4ccd-b535-0a09b707bd19,gaussian_blur,s3,1,0.941383,0.969049,0.994288
d87a4167-80ed-4698-87b4-9df179038da2,clean,s3,5,0.817625,0.890802,0.980811
d87d1241-1ece-4176-98a0-60e2e9030f56,gaussian_blur,s5,4,0.779752,0.875614,0.881349
d892fb17-1970-4abf-b3d0-34284e8eed55,shot_noise,s5,4,0.666058,0.797691,0.808810
d8983291-6636-4e8c-919e-d5519bf8df6d,shot_noise,s5,5,0.936367,0.967111,0.967974
d89d6553-59e8-4ad7-b4c9-dde15f0d206d,shot_noise,s4,4,0.937541,0.967181,0.985520
d89d97a7-8348-4fec-bbbe-bc3c98768195,shot_noise,s4,5,0.719354,0.833694,0.855279
d8a333cd-be4d-4039-8b6c-dcae93497d61,gaussian_blur,s5,2,0.891491,0.942470,0.945472
d8a6a4e6-9f12-4789-b88b-f0422bb6ed7a,gaussian_blur,s4,4,0.904352,0.949021,0.964549
d8a6c620-0205-4149-9a17-4c618ad54f19,clean,s5,0,0.905159,0.950133,0.951952
d8a94ee6-4658-4e4f-9d35-c8403717f7ae,shot_noise,s5,1,0.854716,0.920967,0.930528
d8adb39d-938d-4317-bf17-0a58e2f45ead,fog,s2,1,0.906496,0.948575,0.997237
d8adcb1f-9d21-4703-84ea-39ba6f188543,fog,s3,5,0.311375,0.433861,0.547344
d8c96f6f-ddb5-45bb-b029-14828bcc3661,shot_noise,s4,2,0.857754,0.920412,0.961365
d8e4225d-9f50-4407-bef9-51dd46c8f888,shot_noise,s4,5,0.873900,0.931885,0.944784
d8e8aa1e-cf32-4b0a-8a52-121d0b4a2303,clean,s5,1,0.877661,0.934792,0.935659
d9062f30-17dc-445c-b95e-9a9b352a9195,fog,s4,0,0.653408,0.788102,0.801115
d9092872-e1f1-41b7-808b-c29f8fb95ea4,shot_noise,s4,0,0.234458,0.329511,0.454942
d920a995-8d6b-42ff-bb27-f36e6b2420e7,fog,s4,4,0.974493,0.987008,0.992779
d9228a6b-2bcd-4ae8-9779-d03797fc45f1,shot_noise,s5,3,0.978568,0.989168,0.989198
d928dd10-af00-4e3e-b758-f879ce391db1,gaussian_blur,s4,4,0.533378,0.620377,0.894080
d92abca9-c584-4cc2-a615-5c345f52d301,fog,s4,2,0.948540,0.973316,0.983868
d939dba9-85fc-4880-8198-9766a1e64d1c,clean,s5,0,0.774561,0.871818,0.881877
d93d8bcd-284a-4b45-8f2f-4e04fe06c20e,shot_noise,s5,5,0.793467,0.882885,0.901545
d93e9d0f-56ce-4a33-8408-7b818cbdf138,shot_noise,s5,1,0.771214,0.867334,0.897189
d9486ee0-2a2b-4849-936e-36b2f412464f,fog,s4,0,0.937933,0.967398,0.985605
d970f8cb-ca12-4530-8fdd-850f7f560f1d,gaussian_blur,s5,5,0.746859,0.850894,0.883211
d97a2513-095e-440e-8098-ea1c01bf1fc6,gaussian_blur,s5,3,0.686411,0.808565,0.842699
d981e04c-3280-49e6-9e45-28471a13be07,shot_noise,s3,1,0.496376,0.628561,0.757333
d9908d2d-6854-479d-b5fe-32f8ef2d5407,clean,s3,0,0.817625,0.890802,0.980811
d996c50f-ee9f-43db-8402-4466e69d6be0,shot_noise,s4,3,0.829207,0.904599,0.927922
d997500b-f9de-4630-891e-55f0b3e2fc82,fog,s4,1,0.950205,0.974208,0.984491
d9a080b1-105c-4c3e-a20b-837529b2ea9d,gaussian_blur,s3,5,0.704746,0.803231,0.946609
d9b37d76-1462-4223-9f3c-f9c130bc56e5,shot_noise,s5,3,0.847318,0.916453,0.928084
d9bc892f-203a-41e7-8eae-af81be921ef5,clean,s3,0,0.530602,0.648004,0.822078
d9d60fad-1c56-4156-83f7-2ac5f9367e8f,shot_noise,s5,0,0.846742,0.916804,0.919501
d9d9bf87-3f9f-4cae-af8d-b62e1e845b0a,fog,s5,2,0.748017,0.854082,0.867934
d9d9e99c-ae20-451d-8d18-eec7b3408663,clean,s4,5,0.882742,0.935226,0.976216
d9e573d3-3617-47c8-b3bc-1202f808ad7a,gaussian_blur,s5,3,0.691748,0.816314,0.825829
d9e8a314-2b0e-4890-93a2-f21d3351715d,clean,s5,4,0.977147,0.988439,0.988671
da21b480-7f23-4234-b4a7-5c71b6f34c33,fog,s2,0,0.888372,0.937650,0.992800
da229741-e354-48e0-9d27-46b14a48805c,shot_noise,s2,0,0.391945,0.488670,0.708843
da27735c-c609-4629-8e89-eb663469f650,clean,s4,4,0.737664,0.845090,0.874464
da3162e2-ae23-48b8-be79-ba59df3a159e,shot_noise,s3,1,0.565070,0.658508,0.908324
da3368d9-0c07-4007-8c2e-1c6790e60ada,fog,s2,3,0.532194,0.574004,0.977968
da3a16f9-faeb-4872-bc6f-9257db743677,clean,s4,0,0.792318,0.882210,0.900400
da517e71-41ab-4589-9892-7c6cc92ea56a,fog,s4,1,0.976436,0.988001,0.994448
da62ee9c-04c9-46f7-a210-80558cffffc3,clean,s5,4,0.826925,0.903945,0.919000
da660fdb-d5e5-4707-85a2-08fda8375975,fog,s4,3,0.422176,0.527948,0.733003
da67d70b-b412-4a5e-bc21-3c76c350013f,gaussian_blur,s3,3,0.591303,0.676576,0.949067
da6ed45f-37ea-4955-8304-24474b925cc6,gaussian_blur,s5,5,0.658514,0.794101,0.794101
da89fd16-f4fd-49a5-b818-5f614749d33d,shot_noise,s5,0,0.697999,0.822141,0.822155
da91d7b0-4920-4da5-be05-6eeccbcd78f2,gaussian_blur,s5,4,0.753761,0.859563,0.859808
da9b3b5a-47bb-4ff9-b697-c3e4a0118ad2,shot_noise,s4,1,0.371113,0.533062,0.559040
daa4ccd2-08af-47d1-8091-036245ae3ac6,fog,s3,1,0.340721,0.457534,0.601787
dabdb0bc-0f4a-4e2c-89ff-bdc40c843f3d,fog,s4,5,0.435898,0.577452,0.677411
dabe66a7-e887-48c5-b304-93fa0d2af6f9,clean,s5,4,0.963020,0.981131,0.982807
dad20b7e-eafa-4edb-a1a1-ea81a8393ad7,fog,s5,4,0.391433,0.443234,0.777083
dae6f7bb-7e2b-491e-a1f4-2dfd882b9df6,clean,s4,5,0.840024,0.911692,0.928517
daebb6d5-0e4c-4618-9558-14568a10d5aa,fog,s4,4,0.899517,0.945724,0.972469
daeefea9-7edb-4962-bce0-e021f05f5e12,gaussian_blur,s3,5,0.943119,0.970015,0.994475
daf7c87f-d54d-4101-b8d1-87a58d7ae8d6,fog,s4,4,0.934956,0.965897,0.980703
dafc926e-e84d-4e60-bb57-58fd8a45989a,shot_noise,s4,5,0.729569,0.838305,0.876656
dafd8afe-b3af-41c2-a993-fa08439d59d1,shot_noise,s4,2,0.689770,0.801194,0.892930
db039f28-8de8-464e-97ff-31c991cca314,shot_noise,s4,0,0.821336,0.895735,0.961080
db0f6e14-a5ec-4ce8-980f-e7c74f185bb6,gaussian_blur,s4,1,0.700297,0.818036,0.855055
db0f8787-c9e6-4ebc-8a31-7799f8149d44,gaussian_blur,s4,2,0.861592,0.924676,0.938596
db1280c3-38dd-4f76-8384-6bde82e24282,shot_noise,s4,0,0.919113,0.957216,0.972704
db1c53f3-ac30-48f5-8c60-a6cf72333e45,fog,s4,4,0.388431,0.451834,0.755982
db2cae2e-7768-4551-94b5-01caf4422e68,shot_noise,s5,5,0.588043,0.739094,0.746315
db3e177f-4796-4756-b979-01f148486221,shot_noise,s4,2,0.569605,0.718012,0.753392
db3e8e36-3495-41bf-b7b6-d004560bd392,fog,s4,3,0.810402,0.888593,0.955238
db44806b-6d5e-4e39-b3aa-b60c489f3a1d,shot_noise,s3,5,0.333404,0.406665,0.657520
db4fb3ab-dd98-42d1-9f8c-a2f6189f4fb1,clean,s4,3,0.928677,0.962433,0.978636
db5fb7f6-cfdc-49d5-a481-7272cac784e1,shot_noise,s4,3,0.931798,0.963991,0.984256
db647c4a-7c51-4d30-9a79-c1a598d56e11,fog,s5,5,0.979605,0.989682,0.991154
db689a4e-5424-416e-831f-73713687b1fa,clean,s5,1,0.903973,0.949420,0.952432
db7e0887-831a-4038-a36b-af36cf093b60,gaussian_blur,s4,5,0.520785,0.631639,0.829452
db841a64-c2d1-4e16-b5e1-6ccc872a2733,clean,s4,5,0.972499,0.985971,0.992267
db85fb5d-85e9-4349-ae6e-28321bf2aa04,gaussian_blur,s4,1,0.948989,0.973472,0.987216
db86a940-96bf-4ed1-ba2c-9097c683ae8b,shot_noise,s5,3,0.674512,0.797620,0.845163
dba09cf0-3e31-4549-a85d-85e9a2d41f94,shot_noise,s4,3,0.935175,0.965856,0.985413
dbb59056-8630-4dce-8ad9-91e34959bde5,fog,s4,5,0.622366,0.744248,0.857102
dbccc212-609b-44e9-8ca3-8ae092644bbb,gaussian_blur,s5,4,0.829489,0.906342,0.911669
dbd06f14-6491-4770-a53f-17ff51d2656a,clean,s3,5,0.369384,0.489418,0.637557
dbd1a815-1e28-4daa-a0fd-ab7b3755bf3c,gaussian_blur,s3,5,0.812251,0.887489,0.975604
dbd32916-a475-4cc4-bfac-03aa24b773ac,shot_noise,s5,0,0.884788,0.938493,0.945045
dbd67acd-a713-4b32-bf1e-34f10a560dfe,gaussian_blur,s4,5,0.788286,0.876857,0.920213
dbd9c662-3399-4988-b300-653a869829ad,fog,s5,1,0.423630,0.578754,0.634042
dbea2b33-fd51-4849-a3e0-1eea522c0d94,shot_noise,s5,2,0.918249,0.957312,0.959033
dbf4294f-e4c0-4d76-8ae2-2719e6381c48,shot_noise,s4,2,0.959368,0.979015,0.991054
dbff9f13-5ee7-4672-8614-b4c03f9b1b08,shot_noise,s3,5,0.981082,0.990381,0.997697
dc24d7ef-e085-4ede-bc06-c875668dbd11,fog,s4,4,0.969666,0.984519,0.989797
dc24da30-7eed-46ef-ace3-5f8f0a1406d7,clean,s4,2,0.978925,0.989289,0.995061
dc38a7ff-e65d-46c6-9821-82df28b8db13,shot_noise,s4,3,0.211990,0.306578,0.412183
dc45363a-39c8-4056-a8fe-18508d17d713,clean,s5,2,0.891069,0.942360,0.943040
dc563562-764b-4081-a2b9-a1039799ea09,clean,s3,4,0.598005,0.684977,0.949893
dc5d4a45-7436-474d-810a-a5aed9de2b94,clean,s5,5,0.407121,0.578648,0.578683
dc74c23e-6ce6-48b5-a811-c3ee70363cc6,shot_noise,s5,2,0.650154,0.780232,0.823301
dc814edc-8fdd-4ecf-ac22-db7391a28eba,fog,s5,3,0.218272,0.344278,0.379762
dc8d7806-f683-4c5d-ae90-e21bc19f44aa,shot_noise,s4,1,0.915569,0.955081,0.974699
dc8dd5ea-c618-4059-b6f1-1450ef04be54,gaussian_blur,s5,1,0.259993,0.364626,0.488336
dc90bfdc-63f6-49ba-ba49-e8d21a28cb21,gaussian_blur,s4,1,0.738878,0.846967,0.868565
dc94f10d-003d-40bb-8921-96e3e1cfd7dc,clean,s5,0,0.796666,0.886783,0.887216
dc995ee2-0ea2-415d-9b60-53cd283c6789,clean,s4,5,0.701545,0.803458,0.932155
dc9bd18a-a02f-4c6b-904a-22af8b970cf1,gaussian_blur,s4,5,0.582356,0.712776,0.817135
dca6557e-935f-4248-aeff-abf6f1cbbaf9,clean,s2,2,0.959488,0.978927,0.998222
dcade5f0-24f7-4ef3-a791-a4dafb319d67,clean,s3,4,0.633459,0.740939,0.909417
dcb223ee-1c83-431c-a319-964efc0b9594,shot_noise,s4,1,0.907631,0.950447,0.974432
dcbd77fc-b4b8-4f0d-86d0-aacd478aed23,fog,s5,4,0.696816,0.820197,0.827577
dcc07ca9-8bd8-4b36-b954-8a64fd771ee8,shot_noise,s4,1,0.829719,0.904916,0.928180
dccdd24e-2b34-41ee-ab61-8bc9c6005095,fog,s3,4,0.701303,0.800749,0.943280
dcd19cb0-f156-43db-a6bd-2e8132fe62ee,shot_noise,s3,0,0.948571,0.973028,0.995045
dcd66cc0-46f8-40f3-866e-ce885997bc16,shot_noise,s5,3,0.901594,0.948155,0.950090
dcf39a07-daaf-4818-9513-2186b15521fd,gaussian_blur,s5,2,0.735311,0.847451,0.847589
dcf537fd-fa19-437b-b013-b71a83fa6572,shot_noise,s5,4,0.839698,0.911857,0.924299
dcf66fe5-e636-4cf5-8d24-4bd8075467ba,clean,s5,4,0.836298,0.910797,0.911473
dd05e8dd-3bc1-42ec-b2a1-ee95ccaa6cb9,clean,s5,0,0.286449,0.440235,0.454441
dd0802ad-67b6-48fe-9af4-e86da1aa95b5,gaussian_blur,s5,5,0.757971,0.862297,0.862530
dd0b97dd-8e8e-4023-aff5-f3aa96469d24,fog,s5,5,0.602476,0.741500,0.792283
dd177251-e537-41f6-9993-6df434e7be21,clean,s4,2,0.960489,0.979643,0.989832
dd19d6e9-97b8-4af6-a09d-270ec09066cb,clean,s5,0,0.443938,0.483049,0.869952
dd1bca8f-cc81-42e2-9006-d98ec0eb740f,gaussian_blur,s5,4,0.579283,0.732413,0.738048
dd21597f-f84c-45a5-b73b-1dfd7768ee28,shot_noise,s5,4,0.885776,0.939385,0.940149
dd3fa482-b307-4e51-bda3-743e09ca5c26,shot_noise,s3,2,0.531198,0.648580,0.822607
dd43ada1-3462-4bc9-b12f-fcfe416e30c9,gaussian_blur,s4,4,0.405232,0.563558,0.606967
dd49b4f3-6723-47d3-ba9d-0a840efa6e41,gaussian_blur,s2,0,0.601544,0.677528,0.979681
dd4bc442-b73e-445b-b3d7-5b68bd301d62,shot_noise,s5,4,0.271237,0.351691,0.542475
dd530c6e-af60-4470-a193-dac3bdf7b0fb,clean,s5,2,0.963690,0.981458,0.984272
dd5d8696-d116-4a35-a22e-05e464b9144f,fog,s4,1,0.943311,0.970396,0.985435
dd723f04-8047-4ea3-a30b-59821fbee6ef,fog,s2,4,0.923833,0.958873,0.997748
dd74c952-0118-4388-a475-643f9af51ee5,fog,s3,1,0.777969,0.865417,0.947224
dd86595d-05f6-4967-9af6-fa02b789cb0a,fog,s5,2,0.478906,0.632913,0.687792
dd906818-024f-4097-979e-185f0def8bd1,gaussian_blur,s5,4,0.383540,0.525069,0.616261
dd920db8-6d59-4fae-bcc5-d21e07c5cc52,shot_noise,s4,4,0.938313,0.967957,0.974981
dd95b62d-6e3d-4690-803b-0d686332f860,gaussian_blur,s5,5,0.913426,0.954681,0.956390
dd970587-bcd9-4c1a-b63f-6c20566292a9,fog,s5,1,0.694506,0.819142,0.822885
dda51873-8985-4592-b354-d5b1a1c0ea87,gaussian_blur,s5,3,0.460301,0.613287,0.674720
ddb7390f-545f-4fd5-baeb-388aea22bf97,fog,s4,3,0.576885,0.670954,0.916219
ddb999e2-6841-44c2-88f2-f135c65d6d4d,gaussian_blur,s4,4,0.968543,0.983910,0.990896
ddc9a632-e436-407b-894b-8bcbedcc4459,shot_noise,s3,2,0.942044,0.969526,0.990891
dddad894-7e62-4fdb-9860-cafb394ea7a9,shot_noise,s5,0,0.970083,0.984785,0.986757
dde8f0d5-dbad-44ab-b1cf-3047f43795f5,fog,s5,4,0.663589,0.797780,0.797781
ddeacb58-1f82-483f-bfe7-adccdcf77b27,clean,s5,0,0.191846,0.289407,0.367701
ddef13c6-1e30-49bf-a6ec-cfa9ddfee0ac,gaussian_blur,s4,3,0.950763,0.974393,0.989102
ddf25455-daf9-4fcb-bf8c-fff838346217,clean,s4,2,0.927750,0.961882,0.979272
ddf4db40-56a1-4477-8dbf-5ce1e393be83,fog,s4,5,0.448985,0.531242,0.808480
ddfbdd45-5701-4f46-8a18-093d1518ccd2,gaussian_blur,s4,1,0.857382,0.920498,0.957399
de10313a-ad55-4b3a-aaff-ed0488be442a,shot_noise,s5,3,0.906800,0.950933,0.954981
de1149a2-d3a2-4acd-8cda-b42bad49a49d,fog,s5,2,0.346722,0.514807,0.515131
de2684c3-6ab8-44b2-8756-46ed3e90cb16,gaussian_blur,s5,5,0.585862,0.738166,0.741493
de2a0a66-9f28-46ed-a69b-20d86a581d96,fog,s5,0,0.759649,0.859555,0.890853
de36d12d-91a1-48e2-89cc-834f0dbeadbd,shot_noise,s5,2,0.857597,0.923275,0.924187
de46b0dc-5070-4c06-9f64-1295c31d762d,gaussian_blur,s3,3,0.865657,0.923621,0.985208
de593d3b-194b-4c0f-bdcb-75dd25861cc4,gaussian_blur,s4,3,0.806018,0.886229,0.948512
de6cf4d1-71fc-4569-885d-6ae881ba1fcd,clean,s5,0,0.884788,0.938493,0.945045
de776b26-cada-4d30-9eb2-ab7107509a8d,gaussian_blur,s4,3,0.663221,0.779204,0.880437
de77b472-17db-4a71-8dba-b45161e4e21f,gaussian_blur,s5,4,0.926815,0.961788,0.968039
de7c9a8a-8506-4e97-aa6b-838a3e88dbfe,fog,s4,1,0.811355,0.893903,0.914246
de7fda3d-edb3-4bd1-8584-1050495b66c2,fog,s4,0,0.849449,0.914923,0.961786
dea44363-89f1-4057-a255-18a26ca30c2f,fog,s5,0,0.191846,0.289407,0.367701
deaeaf71-6db5-4c2f-9795-63b6a20eb0a8,fog,s5,0,0.254201,0.358885,0.477851
deb1bc42-6ff9-4286-98f2-3bff8be81d3a,fog,s5,2,0.904802,0.950019,0.950092
deb73af6-b4d8-4777-b33e-448ac9d6e3b4,clean,s5,1,0.496914,0.637439,0.736949
decc2c6c-751d-4e22-9814-162945dfe2d2,shot_noise,s3,0,0.709676,0.804857,0.959994
deccaf29-2f57-4cad-8e78-ce87041dba9a,gaussian_blur,s5,0,0.707296,0.827208,0.836362
ded1fa24-5dc2-4cbb-a34c-da14d5dc2612,shot_noise,s4,2,0.966162,0.982661,0.990213
dedffa2b-4d08-40a1-8cce-e9c78e52af24,gaussian_blur,s5,2,0.925737,0.961403,0.962308
deec4af8-428c-4501-807f-431bb3f15287,fog,s4,5,0.949975,0.973969,0.988813
deec967e-4513-4086-8dcd-59bf784e4046,fog,s4,2,0.563922,0.711259,0.755467
deed300d-c096-489a-9573-00d11bc52883,gaussian_blur,s3,0,0.963844,0.981308,0.996640
def25afa-370b-4d07-8d56-4afafd6c54d3,gaussian_blur,s5,2,0.744901,0.852600,0.861968
def62dc9-1288-4d75-b653-fbbffbc4eb9a,clean,s4,4,0.399237,0.570378,0.571280
defac403-37ca-4650-b974-bd32c8fb66cc,shot_noise,s5,3,0.940898,0.969549,0.969550
df0248a4-eedc-4e65-a10b-f34dc7b9a4ed,gaussian_blur,s3,3,0.681859,0.783277,0.938022
df1764d5-35e9-4b20-b41d-25ba25b323ef,gaussian_blur,s4,2,0.970984,0.985205,0.990251
df2a5b0a-cfd8-4e1b-bd9e-795b9048d3c0,clean,s5,4,0.804280,0.890500,0.900880
df35d930-4c2c-44db-8860-31735c7ba915,gaussian_blur,s3,5,0.532292,0.663585,0.787451
df370de7-f73f-410a-9d7b-2cd7d65e87c8,gaussian_blur,s3,4,0.656442,0.752292,0.955286
df39461e-83e9-49f1-bdf3-07f124693f69,gaussian_blur,s4,5,0.914681,0.954747,0.970736
df4df59b-3b37-46f3-89e3-93fa7f2a630f,fog,s2,5,0.892504,0.939976,0.996891
df5995b5-6bea-426f-87a4-b364db98f1fd,shot_noise,s4,1,0.724516,0.831336,0.893131
df675ede-58cf-46c7-9606-541543a5f318,fog,s4,1,0.913949,0.953900,0.979765
df71cc44-8e95-4a7f-a0fd-405c57d8038d,fog,s4,3,0.843305,0.913656,0.930462
df7fd48f-2a9f-4f69-87ad-0a68cea4b23e,gaussian_blur,s4,2,0.404518,0.573519,0.581899
df8ea609-7165-4284-954d-4afbc8402130,fog,s4,5,0.737119,0.840040,0.902608
df904dc5-12af-477a-8d22-8fc60a13f116,gaussian_blur,s4,2,0.943557,0.970760,0.977754
df907cae-2061-406f-8e63-8be587b513ba,fog,s3,1,0.922461,0.958228,0.994107
df9124b1-e2f1-4d1d-9d41-fca721e9e68b,gaussian_blur,s5,0,0.936122,0.966836,0.972175
df91cd34-58dd-4515-a995-a9f05f1d393b,fog,s5,4,0.884458,0.938309,0.944816
df9c1fbe-c77e-47b7-894f-a5852405c4f1,gaussian_blur,s5,3,0.803102,0.889150,0.905692
dfa9e578-f233-4a41-b89b-12e052d31c79,clean,s5,4,0.841473,0.912609,0.928829
dfba0a14-7a46-4a33-8723-728727393519,gaussian_blur,s4,0,0.939014,0.967978,0.986331
dfbd6f7a-577b-4600-9165-18f3f790a836,fog,s5,2,0.979459,0.989621,0.989744
dfc1ce3c-1e53-4e28-a09f-16ce1f32e314,fog,s4,5,0.822269,0.900316,0.924048
dfcec9b7-8357-42a5-8552-da4f9626a02b,fog,s4,3,0.775982,0.865857,0.933539
dfd12ec8-0ee9-41bb-995c-9499a1432f14,gaussian_blur,s5,3,0.865075,0.926602,0.942036
dfdaed86-54ba-4a77-be96-5be3117a9b40,gaussian_blur,s4,3,0.940075,0.968627,0.984583
dfe2d73b-0f4a-4087-b84e-a8b7c3bac9a8,clean,s3,0,0.478570,0.500188,0.941760
dfe70ea7-37d9-4e25-999e-faecf53dd43f,shot_noise,s4,2,0.683304,0.802124,0.861067
e0018ae6-5d0b-4c5c-91b1-c77ccb0e4c51,clean,s4,0,0.752793,0.849450,0.922162
e017f715-47d6-4d82-a0b5-a2a9d6d1f777,shot_noise,s4,1,0.903591,0.947867,0.977873
e028b208-bffa-4c70-8da4-6e6adb8d5b27,gaussian_blur,s5,1,0.550145,0.708539,0.714117
e03667ff-7534-4985-8128-5624d4f9fa9a,fog,s5,3,0.788012,0.880274,0.891168
e03acb97-6d68-45aa-b7ce-32c9ef172e72,clean,s5,2,0.881710,0.937123,0.937358
e03bb13d-5d58-429e-bf24-5441aa5e98bf,shot_noise,s4,5,0.841692,0.910594,0.952613
e041815d-aa99-422f-a9e5-acf994ef268f,fog,s4,2,0.894732,0.942968,0.970270
e048927a-103c-4d62-8195-dc0b1dc1f3e9,clean,s5,4,0.903973,0.949420,0.952432
e04d8e56-53cd-4377-8dde-23504ac897aa,clean,s4,0,0.982676,0.991226,0.995361
e069d9f6-47f6-4221-ba65-e0afda668dce,fog,s5,5,0.935795,0.966773,0.968629
e073e0f8-7f79-4e53-ac4a-b14d3a71402f,fog,s4,3,0.958885,0.978743,0.991595
e07b43c0-db15-44d9-b780-8a74a36164a1,shot_noise,s3,1,0.537816,0.631060,0.884837
e088b0d3-4fcb-4e24-9969-e85706bcca56,shot_noise,s5,2,0.330570,0.401724,0.655941
e08fc91b-b5b4-4dfe-9956-e5ad12a7a05c,shot_noise,s3,5,0.593193,0.702892,0.885237
e0976d98-8f27-40e6-a711-4403b5129440,shot_noise,s4,1,0.924598,0.960582,0.966901
e0ada7df-787d-45d7-b7f9-95c0c384a3f0,shot_noise,s5,1,0.795411,0.885270,0.892837
e0c25a31-f443-4214-a66c-47f4bd8923ff,gaussian_blur,s5,5,0.976918,0.988322,0.988557
e0db18e2-a161-4c46-bd1c-96274d7a0f1e,gaussian_blur,s5,1,0.677585,0.802128,0.836528
e0e23aee-6db1-4fb8-b86c-05511f6bf8d5,clean,s5,5,0.931544,0.964474,0.966949
e0f22b2d-5bfe-4b19-bbf6-0fc75f3f8d88,gaussian_blur,s2,4,0.927306,0.960979,0.995675
e0fb136b-8591-4af1-8adc-d4bc7502e63a,fog,s3,5,0.554508,0.638271,0.921168
e0fd501a-3259-4d0b-9078-261aa6cec965,fog,s5,4,0.755254,0.860524,0.860850
e10010bb-cb2d-4757-86a8-e19138d0daa5,clean,s4,3,0.458284,0.617751,0.656710
e1127dcb-cf9f-4f2a-96c9-0044948f00df,clean,s4,3,0.902105,0.947743,0.963657
e116a55f-9dba-4903-a637-2e256f304bfe,shot_noise,s4,4,0.780390,0.874637,0.892715
e116d852-723d-4f20-ab1b-af979efb1048,fog,s5,2,0.344040,0.502022,0.531883
e11e1572-7e81-4bbf-acba-31951903d6bb,clean,s5,2,0.286449,0.440235,0.454441
e1245337-6b4d-4814-82c1-1d3772af41ff,shot_noise,s4,3,0.853916,0.918476,0.954645
e12c554a-a781-43bc-bbb9-ff16c37b7bad,shot_noise,s5,0,0.743577,0.845309,0.902213
e1364f78-27e0-4772-88e3-6275069639db,shot_noise,s4,0,0.937061,0.966920,0.985264
e140bf8f-46de-4020-a7a9-4782509b345b,shot_noise,s4,1,0.442712,0.469615,0.885424
e146f4e6-9886-480c-b6e2-c05cee605fc0,shot_noise,s4,1,0.972770,0.986167,0.988384
e156eef4-44c5-472b-ae35-ae788005bc36,fog,s5,2,0.925568,0.961106,0.967508
e165ed62-c7eb-4022-9853-d90fb7f47596,fog,s5,1,0.784088,0.878581,0.882261
e183f418-c955-482b-9ba6-fb362f4892bf,fog,s4,3,0.757152,0.851279,0.932505
e18a08e3-67e5-4a9f-849c-82336a70b3e3,fog,s4,3,0.926813,0.961299,0.980561
e18a1a8b-fcba-4c2f-a1a2-bbeee772c5de,shot_noise,s5,3,0.508394,0.674068,0.674144
e190b403-2e02-4fc9-9423-9e076266c920,fog,s5,5,0.391820,0.540328,0.612427
e195b625-3c02-44cb-8242-fddf8cf6602c,fog,s5,3,0.932125,0.964841,0.965712
e1962020-76a7-46d7-9856-815adfb5063f,clean,s5,2,0.563108,0.720018,0.722213
e197af91-1c65-47c6-8c4e-46bfe28772ae,fog,s5,2,0.732873,0.845845,0.845861
e1990d73-b243-4868-beea-97a414a0ec25,fog,s5,1,0.274718,0.378965,0.514853
e1a0a6ba-4d04-46aa-88c1-27ab32bd176c,shot_noise,s4,4,0.958060,0.978475,0.983493
e1bfa321-3b62-4289-aea9-51c25fc207d6,shot_noise,s4,2,0.851739,0.917108,0.954032
e1c7d9df-ee1c-42c6-a165-53db3bb53c83,gaussian_blur,s4,5,0.845787,0.915494,0.927784
e1ce216d-88bb-4aec-afdb-f72eff300417,clean,s2,0,0.655417,0.741624,0.986218
e1df2d9c-0674-47b9-bdc8-d5724bfb1ad4,gaussian_blur,s3,3,0.747522,0.841159,0.945950
e1efbe22-8e6a-4b30-a8ea-c5dc4ffc8181,gaussian_blur,s3,3,0.936693,0.966375,0.995164
e1f5ad60-e1ba-4598-b00c-3e23039e422e,shot_noise,s4,0,0.950300,0.974154,0.988548
e1ff6316-dbed-4d52-8696-996e77a80704,gaussian_blur,s2,1,0.951056,0.974326,0.997808
e216470e-d6ea-4be8-8987-ea0900af4e06,gaussian_blur,s5,4,0.342764,0.507941,0.515808
e2187f31-7935-4137-bc79-b0a6468d061a,clean,s4,1,0.962527,0.980729,0.990066
e225956b-ebfa-4f6f-99ef-846535aaa888,gaussian_blur,s4,2,0.959929,0.979352,0.989379
e22cb90e-b071-4118-86b8-586b0cc104c8,shot_noise,s1,2,0.482293,0.490987,0.964587
e23faaa1-5255-4839-9a31-9deb52194b17,clean,s5,3,0.759649,0.859555,0.890853
e242e649-5c72-42a8-ac78-b37cd659d7cb,gaussian_blur,s5,1,0.387816,0.557623,0.561744
e24493e5-5aa8-4697-9812-d2c39f55e87f,fog,s5,3,0.859091,0.923843,0.928960
e25b1786-908c-4604-8f0f-27da5dd83c24,clean,s5,5,0.347094,0.410953,0.692506
e26575b4-cdad-46b4-baff-89bbb71af7a0,shot_noise,s5,1,0.909069,0.952260,0.954649
e2673f16-220a-46ed-8228-9bdf2365b296,clean,s5,4,0.796666,0.886783,0.887216
e269efd0-80ff-4d8f-a2a5-17d6d9b3c9da,clean,s5,1,0.913402,0.953748,0.976210
e26a9a48-9e46-42df-a13e-d623df22798a,shot_noise,s5,4,0.959580,0.979367,0.979670
e26de909-546e-4bc8-8774-987aa122809e,clean,s5,2,0.724475,0.832166,0.888256
e27e17c1-a606-409b-932a-61f98aa11aae,gaussian_blur,s4,4,0.797316,0.881301,0.937173
e289786e-0670-4a74-884c-a57b414ee991,shot_noise,s4,3,0.882848,0.936576,0.956755
e289ff23-cfe7-4dc8-857d-d94d454c408c,clean,s3,5,0.948571,0.973028,0.995045
e28aeaf2-da07-4f68-a103-f11048c0eac8,shot_noise,s4,2,0.922185,0.959184,0.967696
e28c191b-137d-481f-9d37-081940c19189,shot_noise,s5,5,0.958561,0.978841,0.978880
e29200ac-2f50-411c-96ff-fba639d885d8,clean,s5,4,0.254201,0.358885,0.477851
e2afe15e-010f-4a68-a167-3c36a1e26abe,clean,s5,1,0.545030,0.694503,0.741611
e2bf0968-80d1-438f-8f88-fa4236445ea5,clean,s5,2,0.556148,0.679907,0.823707
e2cb0159-bc5a-4d84-aba8-f1021f826736,fog,s4,2,0.355256,0.509933,0.553506
e2dc2205-3e25-4b9e-ac26-276eb7f15191,fog,s5,2,0.929974,0.963606,0.966763
e2e45bd4-4db0-4835-b2fd-90a981147f50,gaussian_blur,s5,1,0.866696,0.928406,0.931131
e2f73552-bd31-4530-9a19-798a20242f65,shot_noise,s5,4,0.904399,0.949797,0.949869
e3002dff-d000-42ce-a815-a90129deb40e,gaussian_blur,s5,4,0.849902,0.918793,0.919707
e301a017-f32f-4245-ab50-7e351faa6ff9,shot_noise,s4,2,0.830153,0.903122,0.949243
e302c738-4295-4329-a7e2-11b1f29d37a2,fog,s5,0,0.936467,0.967104,0.969851
e30dd475-c88c-4078-b53e-097ee8599a0c,clean,s5,2,0.794381,0.884597,0.892448
e313a08f-5aca-4eb8-bcd7-62341885cb8a,shot_noise,s5,5,0.483504,0.649023,0.659867
e31c18ab-b92c-4a0e-9c8c-53f6d01af291,fog,s3,1,0.574185,0.671550,0.905940
e31d7db6-1b6a-4e44-97a9-924ba8a65e68,shot_noise,s5,1,0.834811,0.908883,0.921893
e31de079-5787-474a-94c9-34dea995bfb5,gaussian_blur,s5,3,0.849779,0.917785,0.931003
e331806f-e4f7-4090-a370-615eb4787c25,shot_noise,s4,2,0.605131,0.738770,0.812282
e33ce8ee-f9cd-41cf-bfd0-54d4d6ef9d1d,fog,s5,2,0.735669,0.847183,0.851138
e34491dc-0721-4762-911d-096d3e5169d9,fog,s4,4,0.417389,0.511928,0.746773
e3482710-0aa1-4297-9015-e0a5ce3eeea7,gaussian_blur,s5,0,0.984694,0.992288,0.992288
e34a6ffb-7d3e-4327-b4e6-26abdc5de374,fog,s4,3,0.893714,0.942069,0.975041
e36a34ec-8775-4bd3-a209-6bfc1109c548,fog,s4,5,0.747844,0.850476,0.890891
e36a5e03-3e94-4569-96fa-4871a758bb40,gaussian_blur,s5,4,0.799808,0.888741,0.889029
e3721364-9dfd-48c9-af81-70f4081b4f16,gaussian_blur,s5,1,0.439515,0.589195,0.662853
e37a45fb-73b2-4cb7-96c6-6fdbffe84867,clean,s4,0,0.883326,0.937223,0.951199
e37c0131-6e36-463b-b433-cd08497f895c,clean,s4,1,0.939014,0.967978,0.986331
e37def4f-e217-4c5a-a585-0ee3735b1c72,clean,s5,5,0.496914,0.637439,0.736949
e3808d06-7d37-40a5-b859-250c1d754b34,gaussian_blur,s5,1,0.717505,0.835276,0.837003
e384e3c2-a34a-4040-a96a-2a12f8ba9815,clean,s4,0,0.915453,0.955182,0.971013
e38abb44-a558-40a9-9e32-954a112d00a6,gaussian_blur,s5,2,0.910529,0.953035,0.956032
e396f6f2-94c3-4f08-82cd-04bbbf50c304,shot_noise,s5,5,0.863254,0.926415,0.929249
e397447e-9596-44db-9366-e6e870beb210,gaussian_blur,s2,2,0.924456,0.959234,0.997813
e3995043-ee0b-4d62-9d4c-983dd9a5a0dc,fog,s4,0,0.949353,0.973772,0.983427
e3a6d71c-0c3b-48bc-9fca-7a303d06bf50,gaussian_blur,s3,1,0.479743,0.489662,0.959487
e3ae8308-b90d-4646-806a-bc3b9783ea2f,gaussian_blur,s4,2,0.942557,0.970195,0.978283
e3be075d-d60e-46ed-bde1-14df50d1ed04,clean,s3,4,0.928743,0.962077,0.988856
e3c283ac-9df7-4838-a17c-75d142fa1bcb,clean,s5,5,0.433250,0.597974,0.620976
e3ca8e9c-c5ae-4d90-a797-f410e867d934,gaussian_blur,s5,4,0.950349,0.974485,0.976801
e3d25879-349e-40d4-bf99-b73130116ded,fog,s5,1,0.635075,0.771255,0.801120
e3d97d67-db7e-4371-8435-422a894ac057,clean,s5,0,0.768812,0.868986,0.871675
e3db7e94-3797-4fd7-b493-0f3fc110844c,clean,s4,3,0.953219,0.975918,0.981493
e3df5f01-bea2-4e25-8dc4-f7fded4841ff,gaussian_blur,s5,2,0.926664,0.961810,0.965228
e3ed0655-e317-4bf5-8f9a-889eb27f1dab,shot_noise,s4,2,0.802802,0.884605,0.942704
e3fdac63-eed8-4351-83bf-af4486910e83,gaussian_blur,s4,5,0.927943,0.962109,0.976251
e4010903-ad63-46cf-8352-cd97236b11ee,clean,s5,4,0.842405,0.914246,0.916991
e405b573-e5ec-4290-8b1f-506b5ff552d6,shot_noise,s5,4,0.915462,0.955740,0.958703
e40da894-aa7a-46c8-9604-a93a3d3e9bb9,clean,s4,0,0.889362,0.940114,0.963611
e411c4c4-bbb7-48aa-bfd1-4c394d6d39cf,shot_noise,s4,2,0.543617,0.694808,0.735579
e412433f-12b2-4b6d-bcdf-fbb28b13d425,clean,s5,4,0.697999,0.822141,0.822155
e415c1dc-3076-42a4-9619-4ee6e5bc3c08,shot_noise,s5,1,0.893590,0.943645,0.946656
e420780c-b606-4837-a322-20c4d09a90ac,shot_noise,s4,4,0.788851,0.879518,0.902261
e4241601-613e-43cd-9982-fca1e5346671,gaussian_blur,s4,2,0.774912,0.868478,0.908960
e42bf06c-e5c2-4a64-b503-3949c6413a9f,gaussian_blur,s3,1,0.610618,0.722368,0.887451
e43dae9d-c97b-4e10-a39b-4544206685f9,clean,s4,0,0.882148,0.935462,0.967177
e440b056-8ad2-487f-b7b8-84965bebd04e,gaussian_blur,s4,1,0.793100,0.879946,0.923487
e44af134-d360-4835-bfed-f528252d5299,gaussian_blur,s5,4,0.885990,0.939297,0.943701
e44f7016-45d0-4184-99db-666cf08d0b9c,clean,s4,4,0.668430,0.783317,0.884114
e4670afd-8776-4b90-b975-d0f0663c280c,clean,s4,0,0.927750,0.961882,0.979272
e4716089-b84f-4751-ace8-47e0593a233b,clean,s5,4,0.962994,0.981143,0.981417
e47556a2-535e-4fa9-9b8e-b0edbb23d079,shot_noise,s3,3,0.745858,0.839706,0.946294
e47b24c4-c862-4a46-89aa-a09807caa640,shot_noise,s5,2,0.932237,0.964735,0.970460
e47ba413-b696-43a1-b2f9-b7f53995f13c,shot_noise,s5,0,0.394083,0.563972,0.568560
e47bdbf7-ade1-405c-8b5a-3e9ef0941659,fog,s3,1,0.640148,0.748727,0.907435
e4840030-71d5-4dfc-b2c9-a35d93f4e66f,clean,s3,0,0.633459,0.740939,0.909417
e48d31f4-6453-4d07-8e3d-2bcb82d52041,fog,s4,0,0.785702,0.875667,0.914780
e4b097a0-009f-44bc-b1c8-06f23d153beb,shot_noise,s5,2,0.619317,0.758429,0.791742
e4b21915-7ac6-4f23-8401-1f1c578ed2dd,fog,s3,1,0.663657,0.770176,0.918149
e4b2898e-4ab0-4f26-9f9e-ab32b73d5b1a,shot_noise,s3,4,0.902138,0.946572,0.985601
e4c2b8d1-1dd3-4ee4-a056-9d27a3129800,clean,s3,3,0.691907,0.794469,0.931916
e4c469ad-3380-499d-8355-b86805d313b1,shot_noise,s5,1,0.955437,0.977206,0.977419
e4d2b964-fbe1-467c-b3b8-7700aec96f9b,gaussian_blur,s5,3,0.449779,0.487698,0.879664
e4ead8ad-84b3-418b-85dc-c981de0ca5de,fog,s4,4,0.915029,0.954524,0.979931
e4f63387-6a16-44e3-9979-27122adf0543,shot_noise,s5,0,0.936122,0.966836,0.972175
e5019e31-35c1-49d6-85e4-97e9247d95d3,gaussian_blur,s4,5,0.955648,0.977134,0.985485
e5087a80-4960-44d9-8c8e-9aea6b02f446,clean,s2,2,0.869100,0.924987,0.996352
e50966a9-828f-45d5-b943-d8ff2952fb84,fog,s5,4,0.757429,0.861847,0.862892
e50d4e18-dd4f-49a7-a122-7d3c89f10653,shot_noise,s4,2,0.854855,0.918861,0.957339
e50da75c-671d-4aae-ba02-dcc4e9439ddb,fog,s3,5,0.480817,0.599527,0.773916
e50f0a65-54f7-4fb0-83dd-23cae4e2a224,fog,s5,2,0.927472,0.962293,0.964457
e511db35-d4d7-400d-a169-10896a2421f6,fog,s3,4,0.584384,0.709869,0.833536
e51218e3-12c8-4150-a3bc-e7dc2f13dfa9,clean,s5,0,0.731079,0.841525,0.864379
e5131761-2f48-4e38-9f46-07d6cdacee97,fog,s4,1,0.895892,0.944193,0.961108
e546aa97-d13f-4ef5-b40a-09e92aca8aab,gaussian_blur,s4,3,0.736960,0.840182,0.901003
e54a3558-26c9-451a-90b7-33c925599f7c,clean,s4,1,0.950300,0.974154,0.988548
e54c084d-f3b7-47fb-b46c-9123dfce0c07,fog,s4,3,0.764091,0.855690,0.939600
e54e1f62-e08f-423e-8682-6a0a560a14e6,shot_noise,s5,2,0.858280,0.923684,0.924416
e56355a1-0391-420d-b201-ffd20e3c1ae7,fog,s5,5,0.655249,0.786277,0.817201
e5771d60-8f80-416f-a489-ba1719a5d190,fog,s4,4,0.898252,0.945150,0.969169
e591dfad-06ef-4c2a-86a0-5b82ba3f7926,gaussian_blur,s5,5,0.882823,0.937501,0.942000
e59e4a43-dc6e-40ae-a06c-0261d1bebd4f,clean,s5,5,0.905948,0.950650,0.950716
e5d12fc9-bb12-406c-9064-f571e72fb54c,clean,s4,5,0.967772,0.983555,0.987668
e5e2566f-6b4c-49a7-af51-602f398334c9,fog,s5,1,0.165942,0.280341,0.290635
e5fcf9ac-b1a4-495b-8309-ee094a1b13a7,clean,s5,1,0.563108,0.720018,0.722213
e60054fa-79a2-4c7d-bee1-37b1a8a12a1e,clean,s4,3,0.701545,0.803458,0.932155
e600f2a0-7f06-4eff-a32e-8d633507f3f5,gaussian_blur,s5,0,0.731079,0.841525,0.864379
e6036236-c040-48df-abf3-7d2e0aa3c442,shot_noise,s5,2,0.345967,0.408960,0.691934
e6070048-80f5-47f0-90c6-7a331f025024,shot_noise,s5,4,0.865854,0.927506,0.936368
e60c53ae-75ba-4b3c-8cda-d60ae85b3b2d,fog,s5,0,0.563108,0.720018,0.722213
e60c7dfb-a37e-41c4-9562-755b8829dd06,fog,s5,4,0.775813,0.873383,0.876693
e612e87f-34b7-4e42-8427-77827c42e566,shot_noise,s5,1,0.675829,0.796923,0.854018
e61f6a95-98ac-4642-893b-95fe4358a16c,clean,s4,5,0.472691,0.633408,0.665219
e62f7499-658a-4b1f-ba2a-c58bcabae6c7,fog,s4,0,0.821336,0.895735,0.961080
e6388928-e567-4eb5-94ae-ed405d72f6b9,fog,s4,2,0.694077,0.815929,0.838360
e6392bb5-ee96-4f60-a612-b9b901c45c0b,fog,s4,0,0.836112,0.907713,0.943563
e63b1288-cafa-4aa6-bd77-1448019d7417,clean,s5,1,0.759649,0.859555,0.890853
e6416183-2d1e-480c-ae87-79eb0f00b372,gaussian_blur,s5,2,0.364807,0.534509,0.534768
e6432b44-eec5-4d99-a2d0-e8fa3db2df45,shot_noise,s4,4,0.731867,0.836603,0.897648
e6496318-74cb-4642-b559-2c19b8b43043,gaussian_blur,s5,2,0.678478,0.799065,0.855123
e64bc6f5-c2c6-475f-ac1a-2835a562e860,fog,s3,4,0.508107,0.573465,0.909147
e653fcc0-538e-42aa-8579-e0dbee33c42d,clean,s4,0,0.571141,0.689884,0.846851
e65ba8b9-4aac-4bab-ae62-bdfb6faf1f12,clean,s4,0,0.896427,0.944467,0.961929
e6608c12-851d-45c8-b810-c61a39eb8cee,clean,s3,2,0.863448,0.922190,0.984954
e6624b4e-d034-4375-8fcc-7925e882b9f4,clean,s4,5,0.882148,0.935462,0.967177
e68e0dd9-268f-4a9d-a9bd-9ea0a9b8c5de,gaussian_blur,s5,5,0.782070,0.877145,0.882304
e6a887d7-0a56-4be5-bdbb-29828383717b,clean,s5,0,0.613437,0.758877,0.766768
e6ab853c-8ff2-48bb-94ed-f8595d826c42,clean,s5,2,0.894224,0.943871,0.949275
e6b18781-b475-4606-bf42-ea0c8a074ef9,shot_noise,s5,0,0.648453,0.785403,0.792977
e6bef2d1-48e4-480d-b73c-828dae40f8d7,clean,s4,4,0.663027,0.774351,0.899403
e6da0514-a54d-413f-9c04-ec2dccc18ccd,clean,s4,3,0.842742,0.911238,0.953227
e6efa352-339c-4a1f-a0b3-680e327c5b63,clean,s5,5,0.946627,0.972503,0.975458
e6f518c8-a9bc-4df6-894b-f418c3c66c63,shot_noise,s3,4,0.846783,0.911165,0.983125
e6f80bc4-122f-4c8e-a4de-831bbf0183e4,shot_noise,s4,4,0.643940,0.766948,0.854049
e704bd0f-f847-470e-b42d-5e07a04026e4,gaussian_blur,s4,0,0.924866,0.960729,0.967019
e7283779-dea6-452c-a2c2-c045547ca1c1,gaussian_blur,s4,5,0.738745,0.845834,0.875115
e72a1dd4-43ab-43d8-b652-90bcd2aa7188,gaussian_blur,s4,5,0.942574,0.970205,0.978272
e72aff7f-9a32-4c18-a63c-593dad3b7034,clean,s5,4,0.913402,0.953748,0.976210
e7355c40-c664-4bd8-95e7-a12ccd39f4b9,fog,s2,0,0.477349,0.541657,0.874365
e73d1394-55de-4694-907a-d3f97537fc81,fog,s3,3,0.751741,0.840959,0.967179
e73db14f-50c7-4124-af94-75863f7f94f0,gaussian_blur,s4,0,0.909908,0.951908,0.971984
e73e5867-6887-4697-b6f9-b4446d19d801,shot_noise,s4,4,0.528993,0.630110,0.859132
e7493009-fb5f-454a-b20f-3cc0d5ff5248,clean,s5,4,0.331715,0.465803,0.558779
e74c78d5-7f20-408e-8b12-511230f7022d,shot_noise,s5,1,0.535900,0.690734,0.720781
e74cd63f-060d-4d3f-9cb5-e6c8783a5604,shot_noise,s5,0,0.828011,0.905914,0.905916
e74f6397-67a4-4bd1-9a15-1a7fadfc1287,gaussian_blur,s3,0,0.685834,0.786172,0.942120
e756b4f8-d2d4-4284-bacd-5adfc4710f87,fog,s5,0,0.929294,0.963314,0.964368
e7573205-bd83-4e76-9683-83eacbf682f6,fog,s4,4,0.903200,0.947671,0.977171
e76cbaaa-5c1e-4549-a659-45a9c960569d,gaussian_blur,s4,1,0.600837,0.698969,0.922347
e7761e10-760e-4466-8727-23c3cae076b8,fog,s4,2,0.955330,0.976965,0.985386
e77e4826-c1cc-4f16-bee8-ea306f302ef0,shot_noise,s2,2,0.927358,0.960978,0.996451
e7813e05-c8a4-470a-b104-50d4e6aace51,clean,s2,4,0.601544,0.677528,0.979681
e78359b9-5bcd-4ef2-ae32-9b95bda6a204,clean,s2,1,0.655417,0.741624,0.986218
e78c1ab4-1abf-4ae7-a78e-db90ccb3c762,fog,s4,1,0.917143,0.956497,0.963312
e796ca78-1045-4845-a700-52e091173104,gaussian_blur,s5,2,0.959768,0.979432,0.981387
e7a18fa8-6572-4f28-abe0-95ddb86cf9b8,clean,s2,0,0.923010,0.958392,0.997740
e7aafd0b-d9bb-4023-a89f-24bae37534e2,fog,s4,1,0.854676,0.917865,0.967664
e7b06a84-78af-480e-a363-61b4aadf3fbc,shot_noise,s5,5,0.716923,0.834879,0.836619
e7bf9811-2bfa-4192-8d17-61e14a00582c,fog,s4,3,0.966520,0.982873,0.988943
e7d43dcd-2378-4dec-92cb-e931c0e02bc2,clean,s3,2,0.797793,0.877094,0.972395
e7d53e78-4c1c-45a3-a439-6c5122b44bf8,fog,s4,3,0.860663,0.922533,0.958428
e7ec5566-5634-4ee0-b8fe-c630121766ed,shot_noise,s5,5,0.654701,0.791262,0.791611
e7f5b7ba-8f24-4c1b-bf1f-91d659e6a3fc,shot_noise,s5,3,0.784366,0.876344,0.901880
e7fc649b-32f4-4fec-a25b-49ad4cf20315,fog,s5,4,0.426128,0.575477,0.649717
e80f50bb-6c54-45a7-a441-533335e357e5,clean,s5,0,0.903973,0.949420,0.952432
e824abcc-7404-409e-9655-02743bb691ad,fog,s4,5,0.826718,0.903621,0.920907
e83b277e-b39f-47d1-93dd-d92de98967b1,clean,s5,3,0.582100,0.730028,0.757451
e844f2df-4c13-4264-83f2-480311a6db06,clean,s5,2,0.828011,0.905914,0.905916
e846f90d-f3d0-4c9e-ad58-8fc1cb6b7074,shot_noise,s5,3,0.679591,0.799922,0.855778
e84dfc08-0733-4325-b5a8-38f4b8d75701,clean,s4,2,0.701545,0.803458,0.932155
e8505e7b-4716-4a49-9829-c3a4fb175289,shot_noise,s4,4,0.847566,0.915977,0.935561
e85c6009-915e-4efe-9c14-27e23d0b62e2,gaussian_blur,s4,3,0.931104,0.964142,0.969365
e866e117-ba26-4171-bf23-24b633b4648b,fog,s5,1,0.924407,0.960555,0.964882
e86a2fc5-cda7-46bb-8c86-f3fdf9c9ef2f,clean,s4,3,0.975249,0.987388,0.993941
e86ac454-9f91-4bef-bc30-b7c42f3decea,fog,s4,1,0.382023,0.459937,0.724880
e874cd7f-8b1e-45b6-9864-524c8a8de097,shot_noise,s5,1,0.921481,0.959028,0.961771
e880c9cb-70bc-4ffa-b580-618dc588e250,fog,s4,0,0.800602,0.881694,0.953211
e892c865-a0a8-4757-b2b6-c79cd38f0c20,fog,s5,3,0.880620,0.936417,0.938155
e8ae6f91-a3c3-4f5c-9f93-3fc21c8b46ca,shot_noise,s5,2,0.455547,0.500921,0.876459
e8b0827f-c04b-4411-8a8b-a91e07683bc8,shot_noise,s5,1,0.959652,0.979410,0.979443
e8b3ce3f-5fd8-44b6-98b3-1b60322991f7,gaussian_blur,s3,5,0.686808,0.782523,0.960578
e8d3b137-b65c-480a-b62d-391d04f5ac66,clean,s3,3,0.901236,0.946034,0.985466
e8de8bae-bf17-4d6d-b53c-d156b6325e83,shot_noise,s5,5,0.942197,0.970210,0.971205
e8deeef9-d984-405a-8aaa-1a356319307f,clean,s4,4,0.968797,0.984060,0.989877
e8f4817c-ddf3-4600-a1db-77b10f798647,shot_noise,s5,5,0.770829,0.867290,0.895413
e8fff7bf-ae05-49d9-af51-cfc6b0501fa1,gaussian_blur,s5,3,0.236928,0.365777,0.410391
e90d1bef-4a80-43f0-82da-c13e98051971,clean,s4,3,0.251396,0.399764,0.405151
e91d89ca-c614-4c42-8074-31888353994c,clean,s5,0,0.977250,0.988494,0.988525
e9263019-5037-4797-b5c8-e2004033d8e4,clean,s4,5,0.608023,0.737747,0.826740
e92e62e6-4c11-44dd-b695-c1ed986f2cc0,gaussian_blur,s5,3,0.928697,0.962912,0.966236
e93431d1-5155-407f-bda4-931bec9904bf,shot_noise,s5,1,0.910249,0.952835,0.956859
e93ebeb5-f490-4e0a-9102-5a09eaf094e0,fog,s5,1,0.935135,0.966384,0.969355
e94a1b4b-9ca7-47ad-8129-96ffe36f8b4d,fog,s4,0,0.959172,0.979060,0.983964
e95816ee-a197-4cdd-9a7b-cd79398659de,clean,s4,2,0.769524,0.865961,0.898040
e9604e32-9a1f-4362-8336-b4d3a228030b,shot_noise,s3,5,0.961036,0.979803,0.996379
e9699d22-0bf6-41b3-b18a-ef2b19c81f61,shot_noise,s2,1,0.869751,0.925411,0.996411
e96bc3d3-1070-4ec4-9e29-be6a2393ea71,clean,s5,4,0.679577,0.799935,0.855652
e96e3fe3-eee2-4973-8c8d-fcdb8ca8e346,shot_noise,s5,5,0.196971,0.298232,0.373125
e977f00c-0d6f-480d-9161-9104a6f6d9b4,gaussian_blur,s4,4,0.710487,0.817426,0.903680
e9aa3faf-d201-4633-967d-54930d6d209a,clean,s2,1,0.923010,0.958392,0.997740
e9b31ce1-f962-40b5-ab82-775b8a72974b,shot_noise,s5,0,0.984694,0.992288,0.992288
e9ccd609-ccd3-4edd-96a9-c3f019bf5c86,shot_noise,s5,1,0.885155,0.938703,0.945216
e9e6e7f0-ed84-42bf-b660-764fb2b8b353,gaussian_blur,s4,3,0.863786,0.923833,0.967381
e9ecaa10-8c22-47e3-8431-580141138148,fog,s4,4,0.670414,0.780035,0.905696
e9faa90e-69ba-48ce-873e-50e9cfadc12e,gaussian_blur,s5,2,0.657671,0.792020,0.800544
e9fd2663-8080-4f6e-afae-5127182306e4,fog,s3,3,0.316907,0.398340,0.619157
ea11de01-950d-4e31-84e4-19dca9790e5d,clean,s5,1,0.328620,0.396587,0.657240
ea225e8b-9bdf-4b13-89c6-73823378088e,gaussian_blur,s4,1,0.747890,0.845622,0.921455
ea23f526-b293-46e5-80a6-0c256d6ef37f,gaussian_blur,s5,3,0.911161,0.953408,0.955826
ea3100dc-b28b-46d9-a0a0-ba4be746088f,gaussian_blur,s5,1,0.603754,0.752105,0.756240
ea33f748-664d-46f4-b4b0-58e703dd84d0,fog,s4,4,0.504392,0.609764,0.826351
ea38d9aa-339e-499f-a36c-bccb289c4db7,fog,s5,1,0.554892,0.713314,0.715213
ea3e4b9b-e137-4c14-bf98-d792847678d1,gaussian_blur,s5,2,0.624169,0.766882,0.775973
ea403fa7-3742-41b2-bba0-97acebf73d8b,shot_noise,s4,2,0.646440,0.757255,0.900619
ea492f9f-5b19-4494-868e-959ca6ca9f37,shot_noise,s4,1,0.946660,0.972395,0.980021
ea4a6612-545a-4e36-8d0d-23efe4777b0f,clean,s4,3,0.544330,0.695473,0.736027
ea542bd5-7ddc-491b-85f1-10d1e6db4bea,clean,s5,3,0.419817,0.587765,0.600107
ea54560f-70eb-44f2-9dbd-4689f323485e,fog,s5,0,0.394083,0.563972,0.568560
ea5fcf56-7da8-4998-90ce-ef652f47569d,shot_noise,s3,5,0.753097,0.843105,0.961499
ea6a199b-67f6-449f-aea2-d7f63ec9ae46,shot_noise,s5,3,0.831268,0.907810,0.908414
ea6b72b7-d411-4000-ad5a-67db70ae34c6,gaussian_blur,s4,1,0.936291,0.966628,0.981174
ea7a81a0-ba4b-49e1-9e2e-07069e4c36f9,clean,s4,5,0.792318,0.882210,0.900400
ea7b2984-9885-4636-ba37-84a7557582ab,gaussian_blur,s5,0,0.804280,0.890500,0.900880
ea7d3eab-402d-4791-8a48-80cc78ed5dda,gaussian_blur,s4,5,0.767102,0.859471,0.930347
ea864f5e-1cde-4db9-9d24-b8451667f0ad,shot_noise,s3,0,0.379763,0.442789,0.743735
ea91fb7b-d8eb-499d-8cf9-9a3cc3cc06e6,gaussian_blur,s4,1,0.936897,0.966830,0.985227
eabaf115-758d-4c69-9369-9312b323c390,gaussian_blur,s4,2,0.751036,0.853410,0.887900
eabe28a6-edad-445e-bf4f-2c9ee2172c33,fog,s5,0,0.496914,0.637439,0.736949
eac6edaf-d8f3-4354-acb6-da59b6d01c5d,shot_noise,s5,2,0.976752,0.988236,0.988473
eacd4bb5-95fa-4576-af47-c89c177268fc,gaussian_blur,s4,5,0.854435,0.918288,0.960869
eace8114-15ea-4bf9-8cab-f1910bc8ac0c,fog,s5,1,0.723284,0.830880,0.889952
eaced2dc-d40a-4d6b-92e0-0ee74a0ed5fb,gaussian_blur,s5,1,0.843216,0.914530,0.919744
ead11cdc-896a-4a57-b586-416cb202db46,gaussian_blur,s4,3,0.956016,0.977267,0.988346
ead77ce4-db67-472d-85bc-ba39758a3b8b,gaussian_blur,s5,4,0.854088,0.920489,0.931540
eadd7781-2ed4-4d34-8c11-cf159aaa5f96,fog,s3,5,0.710830,0.809235,0.944947
eaedf93a-0dc6-403b-9c9d-a13a9418ee40,clean,s5,0,0.794381,0.884597,0.892448
eaf0e246-7bf2-4825-9eed-bb6be55a4b85,clean,s5,3,0.697999,0.822141,0.822155
eaf17df2-423e-4541-a813-ad591f2e270c,fog,s5,5,0.244678,0.391608,0.395707
eb040931-baac-47b5-92dc-607ed13bc865,fog,s5,1,0.753961,0.859644,0.860292
eb07a3c2-7323-49ff-95c2-059465b96e49,gaussian_blur,s4,0,0.837913,0.908095,0.952217
eb08ca59-2daf-4ae5-8b0f-96483f473c50,fog,s3,2,0.612028,0.718960,0.902958
eb0cca2d-a1e2-42e5-86c8-7a2ff484b586,clean,s4,5,0.939014,0.967978,0.986331
eb0f5b02-0c7d-47f3-9c44-1fbc3e1a59c6,fog,s3,3,0.953134,0.975581,0.993348
eb1140d7-ace7-45f1-89f7-405ad4ff6a26,gaussian_blur,s5,2,0.907955,0.951664,0.953680
eb12b814-1d2d-44e7-ad0a-5ccec6e8811f,fog,s3,5,0.334574,0.408151,0.658942
eb355f5d-ecbc-4205-a74c-8b33cc28119b,clean,s4,5,0.752793,0.849450,0.922162
eb3d366b-ee97-4e9c-90dd-a9cf7c5365f0,gaussian_blur,s3,0,0.557199,0.653347,0.895349
eb42d275-ef6a-4fb3-b635-7bb557f69a6b,shot_noise,s4,5,0.929017,0.962527,0.981230
eb4353f4-6c6f-40d9-856a-ed3c8f777875,gaussian_blur,s2,5,0.914103,0.953228,0.995662
eb455277-73db-4ca2-b063-357ee16ff9dd,shot_noise,s4,1,0.829765,0.902841,0.949392
eb508a6e-54e4-423f-9ee3-f65a239c498b,fog,s5,4,0.789854,0.882586,0.882625
eb512333-2c1e-44b0-ae03-b61352142928,shot_noise,s5,2,0.906291,0.950839,0.950907
eb52514d-c201-4e31-9d91-ee243b6ae58e,fog,s4,4,0.962258,0.980607,0.988971
eb53afae-4345-4b5b-9f44-ed5a0cdaa6fa,fog,s4,5,0.410601,0.527626,0.697623
eb568be0-15e8-4abd-abc0-0cce977bac0b,fog,s4,3,0.716882,0.830162,0.864155
eb5ffc96-c6ee-4cd1-af20-1f3fb5edfb3b,gaussian_blur,s4,2,0.958478,0.978527,0.991440
eb79f171-00f4-4a5c-8e29-385be1ef7923,gaussian_blur,s4,1,0.936303,0.966704,0.979093
eb7f7db0-73f4-4939-9788-1c636928a014,fog,s5,1,0.967550,0.983473,0.985586
eb8ca2ea-8453-4943-abcb-992895d8268d,fog,s4,2,0.843210,0.913968,0.926198
eb9d7d4c-916c-4167-a8b5-8d65848fdf08,gaussian_blur,s5,4,0.896978,0.944201,0.972400
eba8ebd9-f859-4f17-bd1c-3b6ff4e55a8f,shot_noise,s3,2,0.698239,0.799932,0.934162
ebb7b700-e7e6-488e-af25-fbf242280bbf,clean,s4,1,0.467647,0.633062,0.648753
ebc21575-f3dc-44e5-b9a0-e9cafa31d827,gaussian_blur,s4,1,0.897606,0.945550,0.955040
ebca69ca-85ba-41d1-a489-fe3485e6bdbf,gaussian_blur,s4,5,0.818291,0.895137,0.947069
ebcc05de-fa72-4aea-a7a5-1c93a59a5b44,clean,s5,3,0.496688,0.662993,0.665861
ebda3438-354d-4302-8c88-96d2ba873dd5,gaussian_blur,s5,5,0.879040,0.935473,0.938015
ebdcb0eb-0537-475d-aa16-8211fbdcc8b1,clean,s4,5,0.910341,0.952125,0.972739
ebdf20ba-cef2-4d0c-b7b3-2c4dcf41a97d,clean,s5,1,0.375428,0.532889,0.573776
ebe59cd6-4a00-4fcb-aa42-ed496567f8bc,clean,s5,0,0.236396,0.365524,0.408987
ebeb11d6-d6a3-4097-9b11-2961bfce2ad6,fog,s5,2,0.928144,0.962614,0.965930
ebef6bca-932b-419a-b3f6-ff5da448a2e8,shot_noise,s5,2,0.814611,0.896881,0.907093
ebf12d37-17de-4482-af14-9e6f2413d6f5,gaussian_blur,s5,2,0.441547,0.480833,0.866411
ebf24dc0-571a-43f6-aae0-8c708978fb71,shot_noise,s4,3,0.755491,0.858078,0.879315
ebf948c9-c8f9-4268-ba19-eeaf1aab71db,gaussian_blur,s5,0,0.564848,0.716236,0.741953
ebfa09d9-09f5-49eb-918b-89b9489c24d4,clean,s3,5,0.980980,0.990328,0.997686
ebfd922d-1d02-47e7-b4db-3c9fc5bc1203,gaussian_blur,s5,1,0.789593,0.881553,0.889813
ec038dec-e211-4a48-a0af-77bb83767c7e,shot_noise,s3,2,0.670085,0.776734,0.917664
ec09bc10-1c87-4e44-bb9c-c8e0c8ea6ff0,clean,s4,4,0.924866,0.960729,0.967019
ec0b4332-c5b7-4116-801d-8e5699038087,clean,s5,1,0.925654,0.961358,0.962269
ec316532-06db-4fac-a62a-d7e9d8406995,gaussian_blur,s5,5,0.877250,0.933613,0.949659
ec385bed-b645-435e-9511-33f8f7e97f25,gaussian_blur,s5,5,0.925470,0.961091,0.966459
ec413054-16b2-4d9c-89e7-8663405cdb5a,clean,s3,0,0.760733,0.850552,0.954826
ec48262b-c86c-40dc-b455-e7c5b8a4aee3,fog,s5,0,0.622903,0.767344,0.768917
ec5165c3-c217-4a91-a7c8-f0abaa4c7301,fog,s5,1,0.785099,0.879411,0.881296
ec55e53f-b41b-4232-bdd1-5276a2e4177c,gaussian_blur,s5,2,0.907089,0.950944,0.958160
ec5e470d-3b81-426d-badf-e75dcc55bb52,fog,s4,2,0.568090,0.659238,0.916267
ec5ff380-564a-46d1-8b1c-4c63cb6128f5,clean,s4,3,0.682848,0.801744,0.860944
ec6196af-d246-4825-8bb4-f6cc2a74e2f3,shot_noise,s4,1,0.954661,0.976542,0.987988
ec676dc5-d9c4-472c-8a19-bc3099123534,clean,s5,2,0.973012,0.986294,0.988336
ec78dcb9-8fb6-4f50-a2b7-28a5bf59f1c9,shot_noise,s5,2,0.924973,0.961023,0.961067
ec8e9697-ddba-46ac-bc31-822f9b4af769,gaussian_blur,s3,1,0.724549,0.819889,0.953472
ec913564-10e8-4df6-9042-a0edf22740c6,gaussian_blur,s2,3,0.930797,0.962905,0.997937
eca9dead-ac88-4d9c-a45a-cfe51c653783,gaussian_blur,s3,1,0.981430,0.990561,0.997739
ecb3aad9-d107-46dd-bdc8-8ca70d00d84f,shot_noise,s4,5,0.938513,0.967910,0.979859
ecbf5a4d-b704-4d3a-8248-0abdb284d9af,gaussian_blur,s4,3,0.834313,0.907276,0.935531
ecc087f9-b772-4f5a-a14a-fb893607a9f5,gaussian_blur,s5,1,0.967643,0.983521,0.985676
ecc561de-61d5-49b2-afa9-085a94dc2ab1,fog,s5,4,0.721086,0.836895,0.844368
ecc97ca0-cb78-4e56-bf58-3d6211632ce3,clean,s4,3,0.972429,0.985952,0.990990
ecd17eaa-4b96-49f1-b725-dcba532a5a5a,clean,s5,0,0.707296,0.827208,0.836362
ecd2fd7b-6a21-4aad-b6c7-193b619b1f5b,clean,s4,4,0.745236,0.846101,0.905504
ecd53a67-0b6d-4fde-bc3f-46de40f1376c,gaussian_blur,s4,2,0.780577,0.867645,0.945707
ece93272-ae57-47b0-8f55-7e6b824c61d5,fog,s4,3,0.979850,0.989769,0.995067
ecef7000-b0ec-41a7-8e99-3a7340812442,fog,s5,3,0.837267,0.911395,0.911776
ecf3f98b-5090-4f1b-9e05-203c7caaebfc,gaussian_blur,s4,2,0.960565,0.979822,0.983035
ecf80bd2-e5c7-4bbf-bf70-53fd1a10e72d,clean,s5,0,0.960007,0.979595,0.979629
ecf9b252-6698-46d1-a12a-7ba207bdc2e7,shot_noise,s5,0,0.838689,0.912177,0.913307
ecfe8483-cc6b-4d04-9fc6-4aa15d8c040e,fog,s4,5,0.211044,0.346371,0.351840
ed02cc90-af12-4bf6-afcd-ce93a4ff1472,fog,s5,0,0.838689,0.912177,0.913307
ed105615-e65e-4a8f-ae3c-8d05f95a4453,clean,s4,2,0.932206,0.964521,0.975979
ed16e7f4-8b28-4c5b-a1fc-11fcc3cc9e29,shot_noise,s4,1,0.974117,0.986827,0.991550
ed174b62-740b-4085-b9cb-6efe00eea791,gaussian_blur,s4,1,0.979655,0.989674,0.994506
ed1c5c52-2449-48cb-9bc0-606d326c3aea,shot_noise,s4,0,0.904147,0.948191,0.978022
ed33550b-641b-4816-a3c6-ecdfeb747ed1,fog,s4,5,0.698284,0.816719,0.853013
ed3729c8-053e-4021-8226-3e1b65581739,fog,s5,0,0.582100,0.730028,0.757451
ed3f247e-1238-4ac9-867e-77ad697133a8,shot_noise,s4,0,0.883326,0.937223,0.951199
ed4ad893-6d1e-4b23-ac8c-6d609a82c9e0,clean,s5,2,0.759649,0.859555,0.890853
ed51c0cd-7e96-42c0-9f77-fe386f4d17ff,gaussian_blur,s5,4,0.808075,0.893330,0.898741
ed59e1bd-03c5-4cc0-930d-acafb40ea2e8,gaussian_blur,s5,4,0.385152,0.554927,0.558784
ed61cf3d-1529-4bff-bf22-4e8ae4a547ac,clean,s4,0,0.251396,0.399764,0.405151
ed629e96-1885-43f9-b18b-1cdf206f428b,fog,s5,4,0.578087,0.729266,0.745115
ed68b842-2098-46da-9c11-2f945e6ad663,clean,s5,3,0.900328,0.947431,0.949820
ed6e1dbc-ec1c-4d92-9122-cf18c74fe921,clean,s3,4,0.797793,0.877094,0.972395
ed6ff05a-a828-441f-96d8-8246dc0bcdb8,gaussian_blur,s3,5,0.511637,0.627538,0.809545
ed833e9c-d0bd-4f41-adbe-28d03fc8a262,fog,s4,0,0.645483,0.768081,0.855571
ed860d18-c915-4b12-8727-e0e9b5c65a86,clean,s5,3,0.236396,0.365524,0.408987
ed925336-f7ec-44e2-8237-38b7be469d06,shot_noise,s4,2,0.878567,0.934072,0.954880
ed96bfa2-4c84-4e1b-9fb9-47c315703079,clean,s4,5,0.842742,0.911238,0.953227
edb036ef-4966-438b-a4be-b04313dfe690,gaussian_blur,s4,0,0.819559,0.895928,0.947957
edb1c23e-3bc8-49a1-9725-0284f059a1db,fog,s5,5,0.462679,0.605864,0.700597
edb27875-6662-4208-bedf-e47f28825fad,fog,s5,0,0.564848,0.716236,0.741953
edc08635-2b55-4360-8eae-168f1f584663,gaussian_blur,s4,4,0.491164,0.630237,0.735920
edc2ba5d-9719-4042-8c9c-ef5372146e12,fog,s3,1,0.921627,0.958082,0.986265
edd6cbe0-789f-42e8-ad60-b8395c7497c5,fog,s4,1,0.767934,0.858919,0.938320
edde74ad-618e-4e4f-8b48-735175fdddf9,gaussian_blur,s4,1,0.841116,0.910028,0.954535
ede2ba58-10f2-4189-bf16-e1eb90e436d3,clean,s4,4,0.952414,0.975450,0.982850
edf88cec-6f2c-4029-8b6a-a5ba95677afe,gaussian_blur,s3,1,0.493557,0.564531,0.882246
edfa4a4c-3db9-4682-9643-681667e7a085,gaussian_blur,s5,3,0.799803,0.888766,0.888777
edfe902b-3be4-4433-b2fe-532e94065626,gaussian_blur,s4,3,0.734617,0.835426,0.917381
ee0ac822-7d54-4fd0-a4ad-0b0c0015a7d0,gaussian_blur,s4,5,0.257216,0.406999,0.412866
ee0b3e3b-2fa8-49d1-a8c7-e730189d6dc7,shot_noise,s5,4,0.441814,0.604559,0.633845
ee151e61-38e9-48ac-ac2c-d212748dd08b,shot_noise,s4,2,0.907671,0.950470,0.974450
ee2a0543-d525-4acb-b650-4f3181807e0a,gaussian_blur,s5,5,0.852435,0.920307,0.920752
ee2d356a-32a8-49d1-8024-faad9df8f5bf,clean,s4,0,0.968279,0.983842,0.986448
ee2efa53-c606-486d-b695-2c47d69ab25c,clean,s4,1,0.663027,0.774351,0.899403
ee32c3ff-d2c4-4cf4-aec2-eba6cefffb37,clean,s5,0,0.822013,0.901001,0.915564
ee62a472-00f4-4d44-94dd-88d6d859fd21,clean,s4,4,0.836112,0.907713,0.943563
ee661242-3bfc-44b8-85fa-0b6ff24d6f44,fog,s5,4,0.862251,0.925326,0.935469
ee6b6a34-c7f6-4e2c-8ecc-d361c7539375,clean,s4,5,0.883326,0.937223,0.951199
ee6bff96-121b-4fca-a2c5-4556ce7d9b8f,gaussian_blur,s5,2,0.236979,0.366084,0.410093
ee6cefef-c8b9-4143-a500-2b4705ec55ed,clean,s4,4,0.959172,0.979060,0.983964
ee6ebe8e-6131-4703-8973-db300b0e7320,shot_noise,s4,2,0.465760,0.631344,0.646848
ee74dc52-2fee-4275-9ac7-b77c34835046,gaussian_blur,s5,0,0.407121,0.578648,0.578683
ee87a5c1-986d-4980-87b6-54f4af29a67b,clean,s4,1,0.896427,0.944467,0.961929
ee8b2946-1c84-46d7-9d46-853cb7061ba0,fog,s5,2,0.668226,0.800935,0.802059
ee8d37bc-19ef-48a7-bc3c-c757e8916311,clean,s4,2,0.883326,0.937223,0.951199
ee929236-f102-44c2-8c30-64ada311cd7d,clean,s4,3,0.924866,0.960729,0.967019
ee9b1988-8ac0-47f0-97f3-bdb19ea3efac,fog,s3,0,0.691907,0.794469,0.931916
eea68f4f-c8e5-4bad-a34b-5b0c2d70b441,clean,s4,5,0.968279,0.983842,0.986448
eeb64e70-80ba-439e-a4f6-c5c5912f59a1,gaussian_blur,s4,5,0.415514,0.576699,0.611621
eec5e097-8cd8-483b-83a9-7d28ae4a85d1,shot_noise,s4,2,0.946491,0.972303,0.979995
eec780bb-f227-4651-8472-950f342f3c1d,gaussian_blur,s5,4,0.465390,0.617939,0.680288
eecf3e94-dc57-4bff-83ba-3a6057e746a2,gaussian_blur,s4,1,0.945609,0.971648,0.986006
eedc8570-e6d6-414f-8778-b2441582c84b,gaussian_blur,s5,0,0.930599,0.963942,0.967099
eedf5932-bde3-4e40-b12b-80249654fe38,fog,s5,0,0.905948,0.950650,0.950716
eee64c2f-4f60-4a45-b64c-099f448641c9,clean,s3,4,0.910570,0.951696,0.984163
eeebfe18-63c4-4534-adb0-c3de9283f34b,fog,s3,2,0.608843,0.698606,0.950187
eef58b87-395a-4171-8d79-1a2305e6a1d3,clean,s4,5,0.911467,0.952652,0.975453
eefc87fb-5252-4bf7-b3af-de52585a0407,gaussian_blur,s4,4,0.346122,0.500631,0.541524
ef01b825-dbc3-4ae9-8521-417c84049fc3,gaussian_blur,s5,4,0.658566,0.792362,0.802697
ef06b8b9-81b9-4064-84c7-287fad6b8b51,fog,s3,3,0.510600,0.592719,0.880560
ef12d166-a772-4c24-b284-44cc1c043892,clean,s4,2,0.722901,0.830098,0.892544
ef179526-d76f-4678-8d64-2c5a4f2d76c7,shot_noise,s5,1,0.626679,0.770361,0.771109
ef1e0f24-49b6-4f9a-8ed3-17db4e621cd4,fog,s4,1,0.651494,0.780690,0.826757
ef24134d-753e-4c30-b412-670b7d17c84b,fog,s3,3,0.559805,0.632419,0.950036
ef25aab4-5d1e-462b-8f6a-4a1bbc25832c,clean,s4,3,0.819559,0.895928,0.947957
ef26e498-503b-4dd6-9a81-c7be97a58bc6,fog,s5,4,0.713915,0.832853,0.834444
ef2b715d-b1b6-4672-b8ae-8bac056bf3c8,clean,s4,0,0.682848,0.801744,0.860944
ef2e9bee-d443-41e6-818e-5b4a1a39321c,clean,s5,0,0.645236,0.779753,0.805328
ef35c2d1-c224-4710-8791-924fdcd2b109,fog,s4,2,0.434671,0.602593,0.614405
ef3aa3e4-2b93-441e-81bc-e94bee6bdca8,fog,s5,1,0.910111,0.952921,0.953347
ef3c2b90-4162-46f9-aba0-e4ae30513b18,fog,s5,0,0.717945,0.835564,0.837369
ef413bb3-7d37-4e08-9b1a-0703ad6573d1,gaussian_blur,s3,3,0.824581,0.897145,0.969120
ef47f459-f19b-4e1b-8444-ff9dbd74ec76,fog,s5,5,0.721697,0.838115,0.839844
ef4ba548-72a1-453e-a5f6-d7eae3d44d36,shot_noise,s5,3,0.981687,0.990747,0.992071
ef54dc29-51f0-49a4-b829-d9db1b8e802c,shot_noise,s4,3,0.502386,0.640279,0.748027
ef5b5590-1bbb-4984-9417-e45bd390f77c,shot_noise,s3,0,0.767752,0.854519,0.965547
ef6652e8-cd29-4be7-a1df-42550124ebf5,shot_noise,s5,1,0.502803,0.641959,0.745109
ef6c2189-2f1a-4370-b694-8bd070f13f63,clean,s5,0,0.665611,0.797507,0.807796
ef72e428-90a0-4903-af63-d8f879c3f0fa,gaussian_blur,s4,5,0.738722,0.841394,0.902283
ef7ce1d1-9b65-46c1-b33d-b899f333c346,clean,s4,5,0.896427,0.944467,0.961929
ef939823-f2c3-47e8-91f0-dd79d9e0930c,clean,s3,4,0.498881,0.630932,0.759797
ef952433-d4b8-4c11-8325-53707825cf2b,shot_noise,s5,3,0.323772,0.393036,0.647545
ef99f9f6-0caf-4c77-9acd-d792e6a746d3,clean,s3,4,0.898411,0.944084,0.989481
ef9ac53a-d8af-4d4f-91b1-2bc51407adbf,fog,s3,1,0.690956,0.791109,0.942318
ef9c9ba9-a6e8-451a-827e-ba417b197773,shot_noise,s3,0,0.919822,0.956781,0.991925
efa9cb32-5120-48a4-b0c3-307252b8558b,clean,s1,3,0.485877,0.492838,0.971755
efb0cc7b-adaa-4a97-b09f-ff0839b21ebf,shot_noise,s4,1,0.661367,0.772429,0.900507
efb27768-77d6-4730-90d7-5b7a159e1f16,fog,s5,2,0.148937,0.256588,0.262856
efba86a9-f9ee-4fdc-86ff-badb400d1dcc,gaussian_blur,s5,1,0.931380,0.964450,0.965057
efc7aac4-ffe7-4c46-ab15-8ff832745c1f,fog,s2,5,0.920802,0.957099,0.997669
efcd6be6-dd84-4a80-8afb-d56b250f7bb2,fog,s4,3,0.579290,0.731589,0.741131
efcdaa7c-63c0-4c44-b81f-e7377f832f4d,shot_noise,s5,4,0.882216,0.936472,0.952384
efd5141a-a164-4104-8ab6-2b6da79663ab,shot_noise,s5,3,0.561454,0.686243,0.824000
efdf8c98-4440-4afd-b85c-1461f869c019,shot_noise,s5,2,0.760783,0.863711,0.867301
efecd572-ea97-4f83-a753-559513dcb476,gaussian_blur,s3,2,0.982604,0.991167,0.997883
eff47729-c261-4a03-9eb0-8c82c3a66ba1,fog,s4,1,0.946549,0.972337,0.979893
f017c426-3941-4145-8d8e-37c752fe06bb,fog,s3,0,0.980980,0.990328,0.997686
f01ed92e-ec0b-4edb-a79d-e1a3e670f8e8,shot_noise,s5,4,0.840455,0.912446,0.923211
f0251128-7ebb-4118-a430-147f04e5f398,fog,s4,1,0.961133,0.979981,0.990192
f039ea4a-4e0b-496e-8341-a3b74223f281,gaussian_blur,s4,0,0.544330,0.695473,0.736027
f045fbcd-fe30-43ff-b27d-e2619de4c120,shot_noise,s5,0,0.929314,0.963349,0.963715
f0506a84-cd6a-48ee-8b20-e0750f04df43,fog,s5,5,0.805078,0.891848,0.893562
f0577679-fa6f-4b04-896c-6de635083588,fog,s4,1,0.498364,0.655802,0.692544
f062f86f-8d16-4d1e-be9e-2782a22b0171,clean,s5,5,0.286449,0.440235,0.454441
f06b29a4-333f-49cd-9fc6-74326432a975,shot_noise,s3,5,0.754401,0.846446,0.948344
f07832ed-573f-401f-993e-070f5b247c67,fog,s5,4,0.501189,0.667093,0.669616
f0907906-35a4-4711-8726-df2c6946cf6c,clean,s5,3,0.931936,0.964748,0.965363
f0a42653-f240-42d3-960d-24f9fd0f28cd,fog,s2,1,0.504510,0.526832,0.974639
f0bd87a0-13f1-4e78-855a-b278b01eaa84,clean,s5,5,0.254201,0.358885,0.477851
f0c18f2d-a6f9-4c7a-ab76-dfa8c39c42a5,clean,s4,5,0.864321,0.924460,0.963808
f0c73c41-8203-40d3-bd3e-03ed57b27178,gaussian_blur,s5,5,0.347744,0.413918,0.690283
f0ce28c9-48a5-4f69-b53b-3cd23cae65a4,shot_noise,s3,2,0.911875,0.952455,0.984434
f0ce300a-7075-4156-a202-b079ab31acfc,gaussian_blur,s4,0,0.468883,0.521563,0.882673
f0e10c4f-da3b-407b-8e99-ad6ea5cc3ab6,shot_noise,s3,5,0.636615,0.743579,0.912069
f0e8006a-8afc-4600-b0ad-035e79640eca,gaussian_blur,s5,3,0.780858,0.876469,0.880805
f0e9ab56-0beb-42d3-8d90-8452cbbdc8fc,clean,s2,4,0.869100,0.924987,0.996352
f0f80eeb-a0ac-4f97-b9a0-65e3628f843d,shot_noise,s4,2,0.947615,0.972730,0.986768
f0feff92-80a4-4fe4-b770-781ff6c7ae37,shot_noise,s2,3,0.895769,0.942225,0.993371
f105d482-b07a-43bf-b8e3-3172dccafb33,fog,s3,0,0.797793,0.877094,0.972395
f108e7c3-a37c-4317-9c9f-c502572f903a,fog,s5,4,0.913672,0.954848,0.955797
f10d99f6-0939-4546-85b7-a21c39be78fc,fog,s5,5,0.966954,0.983175,0.984630
f10f1fc5-7e77-4f8b-b432-79e96dba008c,fog,s5,3,0.911490,0.953677,0.954102
f110c2d8-48cb-427b-8411-32ca739e28f1,clean,s3,5,0.562575,0.652322,0.914895
f12ad7dd-d06e-4d79-8945-b3b1c51a183e,gaussian_blur,s5,1,0.980270,0.990023,0.991440
f14e4f97-4367-4589-aad5-129760eb5ec1,fog,s4,2,0.968408,0.983864,0.989328
f157804b-0683-444e-a761-a550f3731efc,clean,s5,0,0.653778,0.783620,0.823125
f15c5179-d945-4dfb-b540-8490052bb56c,gaussian_blur,s3,5,0.853680,0.916431,0.976523
f1614f1f-cc7f-442a-9000-36099eb6adef,clean,s5,1,0.982225,0.991024,0.991984
f1738de7-69f6-453b-ae52-5351ba4cde73,gaussian_blur,s4,3,0.620370,0.756225,0.804640
f17966a9-1acc-4db8-b578-ec2cd051de7a,clean,s3,2,0.459295,0.590642,0.724339
f179ff24-1bc6-4cd0-b7f2-51a167856a1b,shot_noise,s5,1,0.622002,0.765467,0.773301
f180ea90-6574-45de-8fa5-3810862523ba,shot_noise,s4,1,0.964432,0.981752,0.989691
f1876aed-a056-4d2c-9af8-fdc7b5f8fe56,clean,s4,1,0.833462,0.908145,0.920294
f18d4755-08b9-4d81-bcbd-238da0d2a95b,clean,s5,3,0.545030,0.694503,0.741611
f191030d-403d-4d94-9b50-747dc92cdf8e,clean,s4,4,0.892152,0.942493,0.951861
f19cb0f5-ef8c-4542-b1ee-05f4ab05ed47,clean,s5,5,0.836298,0.910797,0.911473
f19fa4ee-6e80-431f-bf84-ebb242b53f31,gaussian_blur,s4,0,0.960489,0.979643,0.989832
f19fdeba-6bfa-448d-8e65-21719fee2bef,shot_noise,s5,5,0.938244,0.968138,0.968138
f1bfac08-eb8a-474e-ada5-250c4451bf50,shot_noise,s3,2,0.367892,0.488036,0.635285
f1d76044-b37f-459b-8722-fbc6ed14b445,clean,s4,0,0.937061,0.966920,0.985264
f1f1a0e5-68cd-4057-9ce2-f5af9caf7344,clean,s5,4,0.774561,0.871818,0.881877
f1fba6a5-ab30-4a13-963d-f9df8eaa2ef9,shot_noise,s3,3,0.744379,0.836205,0.958809
f202715f-e24f-4fd6-9915-d683202fba50,shot_noise,s5,3,0.546989,0.700827,0.728354
f2049a68-0a0f-4f77-b27e-f81ab056111e,gaussian_blur,s4,0,0.883326,0.937223,0.951199
f215f40a-5b54-447f-98e3-d5e636d69552,clean,s4,2,0.399237,0.570378,0.571280
f21971c5-d70e-4124-a7f1-09d14f7e2b99,fog,s5,1,0.477241,0.631356,0.686187
f22378de-be64-4742-88fd-7a7132e70196,gaussian_blur,s4,4,0.523120,0.635250,0.828524
f2251714-94ac-4449-b64a-f5c53aa5a5ae,gaussian_blur,s2,0,0.869100,0.924987,0.996352
f22f3bad-ac85-46bf-b215-341ed5cbd6bb,clean,s4,3,0.709705,0.816839,0.903195
f2375844-07c2-4437-9b6c-0670e0fcfb80,gaussian_blur,s5,3,0.522286,0.659749,0.763888
f238d10a-4185-4f5c-b4ff-4126df5e4c41,gaussian_blur,s4,0,0.472691,0.633408,0.665219
f25d6198-a2ff-447b-8f1d-39b64d723e1c,gaussian_blur,s4,3,0.953789,0.976218,0.981827
f26468c0-76b8-419d-8833-869f87ea8ef9,clean,s3,3,0.598005,0.684977,0.949893
f29165bb-80c5-4df4-8f39-6439616a732e,fog,s2,2,0.912306,0.952135,0.996072
f294f135-9c6c-44f5-baff-19b12b23fd17,clean,s3,1,0.498881,0.630932,0.759797
f2967f1d-b8c3-4280-9595-4f8be2f3f728,gaussian_blur,s5,3,0.421248,0.589209,0.601493
f296e311-0f06-445f-9fce-09924db9a42d,clean,s4,3,0.892152,0.942493,0.951861
f2987266-ca3b-47d5-80e9-38c8eb734c27,shot_noise,s2,2,0.936050,0.965908,0.998096
f2999458-72ab-45a6-950a-18cdc37a4e26,shot_noise,s4,1,0.900082,0.946572,0.963168
f2b135d1-4620-4910-ab51-9f2f0745369a,clean,s3,5,0.379763,0.442789,0.743735
f2be7d88-e2c3-4b8d-ac44-594c179b8cab,gaussian_blur,s5,3,0.655057,0.790000,0.799120
f2c5dc92-ce77-49e1-a581-71cb2909b085,shot_noise,s4,5,0.644089,0.767044,0.854250
f2ce3906-bc07-4b1a-a5e2-54e140bafdaf,clean,s5,1,0.377960,0.519750,0.608608
f2cedfad-5ad8-4ad3-bc97-ecb587dec1fc,fog,s4,0,0.458284,0.617751,0.656710
f2e30567-c19f-43fa-9e62-fdab1ef85574,clean,s4,0,0.864321,0.924460,0.963808
f2e39d02-5cdb-4b30-8f43-05b0311ecb57,clean,s4,1,0.622986,0.753356,0.825874
f2e580cd-9a61-4dbe-921d-dcf8753cdf55,shot_noise,s5,2,0.822760,0.901030,0.920276
f2e8f82d-3343-46c8-ace2-f7950fe805d3,fog,s4,5,0.966323,0.982770,0.988854
f2f24be0-db1c-4a8a-9c66-b2cb498754c3,gaussian_blur,s5,3,0.672401,0.794189,0.852342
f2f4f756-2eca-4ec4-a6b4-22fc7561266e,gaussian_blur,s5,1,0.913307,0.954649,0.955590
f30178ec-1066-4bab-aa6c-b58207b56a2a,fog,s4,3,0.608633,0.735075,0.838368
f30a3c9d-2c0f-4dee-8bcc-b1fec8fc71d7,gaussian_blur,s3,4,0.488108,0.616998,0.757873
f30f09f1-ba67-4768-9e12-1371dcfee79c,gaussian_blur,s4,0,0.924091,0.960204,0.969200
f310db88-1680-431d-b1dc-c15221358814,fog,s5,0,0.909497,0.952496,0.954871
f31f06c5-735a-4a5f-adfc-b6861e7b5ce4,gaussian_blur,s3,0,0.796883,0.876133,0.974379
f322936e-a7c4-4b72-8800-852d0a66dd92,clean,s5,3,0.960007,0.979595,0.979629
f327e67f-de98-4a1c-9818-238b32c6d3aa,shot_noise,s4,4,0.589559,0.685286,0.921327
f3301489-79f0-4361-b43c-25c71fc3d8b8,clean,s5,2,0.841843,0.913705,0.919072
f3426520-c6fd-4d3a-8a4a-bb13895e9470,clean,s5,4,0.496914,0.637439,0.736949
f344ad19-35e9-4dff-adfe-2513987ed9d0,fog,s3,2,0.952836,0.975363,0.995536
f352f68e-35fa-4c50-be1e-65efdaf01891,fog,s4,3,0.752058,0.849867,0.915894
f35de170-3ccd-4150-aa00-10041e566329,gaussian_blur,s4,0,0.950127,0.974090,0.987381
f3639101-e61c-4e66-9e1a-24c2c8c0cd65,shot_noise,s5,2,0.518321,0.655356,0.762256
f365f816-6304-4097-a159-71a873bd8110,fog,s3,2,0.560371,0.633178,0.950180
f36f7352-79cf-4e6e-86c2-c1638c0ba6e4,gaussian_blur,s4,5,0.959545,0.979148,0.989284
f36fd503-5845-42e9-adb5-25c4b6634ab7,fog,s4,5,0.824030,0.900555,0.933413
f387732a-61d9-4200-9daf-20a733b41e24,fog,s5,0,0.949656,0.974173,0.974395
f395fdd1-db46-46e5-93d5-a5fcbf204b5a,shot_noise,s4,3,0.749737,0.847209,0.920862
f3c6777b-83c9-4aef-9eb7-7f1ff05e4997,fog,s5,5,0.552173,0.676011,0.820971
f3c6a730-c94c-4e08-9edb-8b2d5bbe1bd5,gaussian_blur,s4,1,0.950082,0.974066,0.987366
f3ce7c8f-a0e8-44cc-bbdc-ca0d443a68bf,shot_noise,s5,0,0.796666,0.886783,0.887216
f3d8bd0c-d984-4b11-b368-b69b97bd0df0,gaussian_blur,s4,3,0.941698,0.969733,0.977915
f3e74404-2f34-4dfb-a23e-fc46923eb945,shot_noise,s4,5,0.235412,0.329537,0.458024
f40630e0-c8fe-4d27-8907-3f9f0854b8af,gaussian_blur,s3,4,0.603086,0.691223,0.950555
f40b89d9-5eee-43e2-8f32-dfda10b03ad1,gaussian_blur,s4,1,0.814611,0.895454,0.920613
f41db62a-96b8-40cb-ae9d-6c5b40bb9d6d,gaussian_blur,s3,3,0.527202,0.608163,0.900330
f426a1fc-3c78-4117-960a-613f6bd6402f,fog,s4,5,0.489930,0.574113,0.853814
f42dfca5-e61a-4bbe-b647-f6f30f096215,clean,s4,5,0.785702,0.875667,0.914780
f434e0ee-b4e6-415b-96e2-d38f36fa6b3d,gaussian_blur,s5,5,0.808829,0.894286,0.894560
f43db009-420a-40d9-bfc2-10716241b69c,gaussian_blur,s5,4,0.869568,0.929977,0.933904
f443edc0-5ed9-4770-8222-12bd0df07ff9,clean,s5,3,0.936467,0.967104,0.969851
f46d4d46-b33e-4c4b-84b7-26ea5fc6447d,clean,s5,1,0.641852,0.781838,0.781979
f46fd33f-9786-473d-9823-7a0b38bcdcd8,fog,s5,2,0.491163,0.658148,0.660571
f475d4c6-5d4a-45e1-9aba-345b7becf07f,shot_noise,s4,3,0.964239,0.981719,0.985909
f4829dd3-4e4b-48f5-a40a-046641d01e70,gaussian_blur,s5,5,0.800855,0.888934,0.893764
f4881c16-f915-432d-8226-8296bceb0ce3,gaussian_blur,s3,0,0.767752,0.854519,0.965547
f49b04b6-2a16-43e4-8cb6-e08e71bdecfa,clean,s3,3,0.562575,0.652322,0.914895
f49d5d78-6232-4f8a-8736-44ee5fc7a433,shot_noise,s5,5,0.742893,0.844760,0.902229
f4a07620-28e3-4318-a72d-25b258a46898,fog,s5,4,0.911008,0.953413,0.953844
f4a68f17-71de-4e4c-bb66-485bfaa55681,fog,s4,3,0.822236,0.899720,0.929643
f4baed91-113c-4ab3-b299-cde44b559256,gaussian_blur,s4,3,0.878000,0.934220,0.947450
f4c0a716-a899-44c3-b5b8-95678e68f395,clean,s3,3,0.729694,0.819604,0.977441
f4c5e3ef-0dc9-4ef3-ad00-f5ab886bebd2,shot_noise,s5,4,0.976467,0.988092,0.988229
f4c9b7e9-e562-4d88-951a-c4e9932a1d9a,fog,s5,2,0.832622,0.908660,0.908741
f4d25971-e2dd-4d27-b940-9b99f6ac75a2,gaussian_blur,s5,5,0.775803,0.873608,0.874864
f4d30837-3c04-4eb2-9cfe-82c451987079,shot_noise,s5,2,0.267697,0.419287,0.427587
f4d8251d-b72c-40b4-aec5-5132f28eed62,fog,s2,2,0.922620,0.958163,0.997756
f4e518cc-d764-4562-b1fa-c88de688e622,gaussian_blur,s3,3,0.890020,0.939292,0.983282
f4f36bda-3584-4829-b39d-a607fed75cec,shot_noise,s3,2,0.743452,0.834607,0.963152
f4f5791f-1926-47d8-9f26-0498ac942cd9,gaussian_blur,s2,1,0.915609,0.954118,0.995779
f50a9fe9-a68c-4e23-bdb8-357281ff4a53,fog,s3,3,0.498623,0.615079,0.796281
f519eb66-3c8a-44fc-b2ce-302e427c1b98,gaussian_blur,s3,2,0.961312,0.979988,0.994597
f520b99c-ac98-425f-b46e-d2140abf9fa3,clean,s3,0,0.459295,0.590642,0.724339
f52485a6-8179-40b7-b84e-6aa5a1e31986,shot_noise,s4,3,0.950924,0.974520,0.987607
f52809aa-9c67-43da-92e3-d31eaee0878e,clean,s3,1,0.901236,0.946034,0.985466
f52a275d-235a-43df-a926-10d49928fa12,clean,s4,5,0.849449,0.914923,0.961786
f5326d34-5a8e-4d5c-b4c6-4415ed2181d5,fog,s5,5,0.813640,0.896286,0.906496
f547cc64-8d58-4b69-8704-1f6849c85693,gaussian_blur,s4,3,0.775770,0.862638,0.954468
f5506e42-5dcc-4a91-87dc-a02b9c3af133,gaussian_blur,s5,3,0.914542,0.955246,0.957984
f554bd58-c08a-4524-ac97-55ec1096e5cf,clean,s4,1,0.959172,0.979060,0.983964
f55aa519-4052-4502-8233-793ebcea5581,shot_noise,s3,2,0.749321,0.840133,0.960323
f56ed80d-8ad3-43d1-a3df-c8c189fb8ff5,clean,s5,5,0.652865,0.788417,0.797365
f575d9e5-edf8-48e0-a19c-0551aae2a076,gaussian_blur,s5,1,0.553194,0.677219,0.821109
f579179d-d06d-4759-ae6f-d5c6f88f2086,gaussian_blur,s3,3,0.770994,0.858020,0.959936
f57f3dd4-26a3-4e1c-88c4-03a815847fba,shot_noise,s4,4,0.966520,0.982861,0.989635
f585a8c6-360c-44b7-ac62-357f0bfe4672,gaussian_blur,s4,5,0.963225,0.981144,0.987845
f58bc13e-b014-44a1-a4fd-c1073fd73d52,clean,s5,5,0.774561,0.871818,0.881877
f594c275-56fe-49b5-8571-0b5d19111e8e,clean,s4,5,0.889362,0.940114,0.963611
f5a5a618-27c4-47c6-8675-415205847314,gaussian_blur,s4,2,0.961194,0.980125,0.984651
f5ad82a5-152d-4034-b6cd-6d529b30dd28,shot_noise,s5,4,0.933008,0.965153,0.970796
f5adb021-a676-4bf2-8c5d-464795a78acd,gaussian_blur,s5,3,0.883172,0.937575,0.944165
f5d9eb35-ff9b-48e3-becb-d17402ef1242,shot_noise,s4,4,0.826160,0.900290,0.950091
f5db22d8-46a0-446f-bacc-02f152aa5bb2,clean,s4,2,0.910341,0.952125,0.972739
f5dd25aa-5d10-4235-b424-1b482b5258e6,gaussian_blur,s2,1,0.625308,0.706879,0.982977
f5f1f89b-f636-47e9-914e-99bf6745c70d,fog,s5,0,0.648453,0.785403,0.792977
f5f2d8ee-324a-41e5-a7ef-153c89bcbb7e,gaussian_blur,s4,5,0.864171,0.924106,0.967068
f612357d-6f0d-4f9e-92d8-6937f9e7d53d,gaussian_blur,s4,5,0.462220,0.628134,0.643196
f61b0ac1-6160-4c04-93de-318de8fb9ef2,fog,s4,2,0.435332,0.490103,0.835054
f61b78ec-6778-4f81-b360-eeca6cc4bbfd,fog,s5,1,0.877235,0.934409,0.937574
f62146da-aa66-4e27-accc-d1222cb4d1a1,clean,s3,5,0.530602,0.648004,0.822078
f62b1069-4a89-4172-a542-822d5ff6f1ea,shot_noise,s3,4,0.638011,0.742474,0.920871
f63b04da-a273-4fa8-b2c2-dcd61cba0dbe,fog,s5,5,0.779487,0.871144,0.914389
f64f84bb-8da7-4146-8145-284ddb901377,clean,s4,0,0.892152,0.942493,0.951861
f6566887-b4d6-4f68-a4f5-100c6c14f3b8,shot_noise,s5,1,0.870920,0.930831,0.933556
f6586958-6326-43a8-a93d-313eee9541ac,clean,s5,2,0.496688,0.662993,0.665861
f65cec5f-c78f-4475-a89f-fb5a6f55ae90,fog,s4,3,0.955553,0.977006,0.988789
f660fa07-7137-4692-ae3a-57b491bf1a23,shot_noise,s3,5,0.660343,0.767433,0.915808
f6637e36-c249-431e-b3d7-80ec5c48a470,fog,s5,5,0.864470,0.926031,0.944587
f6638fdd-b928-4f36-ac80-1df3a615d82a,shot_noise,s5,2,0.396156,0.566047,0.570832
f66954fd-227e-4541-8468-fb22052991ca,shot_noise,s5,0,0.822013,0.901001,0.915564
f6775580-202d-4abb-a00f-fa9150bf3aee,gaussian_blur,s3,0,0.817625,0.890802,0.980811
f67d7801-683b-4027-ab9d-f3eb9f66dcd1,shot_noise,s4,5,0.954603,0.976650,0.982113
f68210c3-d943-46cd-a274-49e29d1411c5,shot_noise,s4,2,0.583716,0.721443,0.793526
f686ad59-5922-4802-97fa-b0743cdb287a,gaussian_blur,s5,3,0.773548,0.872005,0.874752
f694baef-e033-4c5a-a6d3-2635765c0d00,fog,s5,5,0.792472,0.880872,0.912352
f69c12fe-52f9-4b81-a830-81b3a610a0a5,shot_noise,s4,3,0.964047,0.981492,0.992629
f6a07760-afba-4ee7-a2a6-d8b9a64f54cc,clean,s5,2,0.913402,0.953748,0.976210
f6aade86-f0ea-4f0e-9b3e-4c11193d809c,gaussian_blur,s3,0,0.691907,0.794469,0.931916
f6acab9c-f20e-43a7-8d74-aeaf5897c8cb,fog,s5,0,0.828011,0.905914,0.905916
f6afbb2b-d8d8-4622-8be7-a08f75bc1a07,clean,s5,3,0.622903,0.767344,0.768917
f6b6c375-902c-436e-85db-43f9ca8cda81,fog,s5,1,0.387196,0.439355,0.770299
f6b6c4be-0183-4c0f-b966-50afac3cf0cf,shot_noise,s4,0,0.950322,0.974195,0.987444
f6d4e2c6-f59d-4939-b46a-b28dccd537ef,shot_noise,s5,0,0.977250,0.988494,0.988525
f6d73811-4f41-4e99-9e61-1784be17c039,gaussian_blur,s5,5,0.544459,0.698834,0.725682
f6deba37-ce3c-42c0-a5f1-eab414ee44c3,shot_noise,s5,2,0.376491,0.518306,0.606661
f6e5391d-b168-4808-858c-b1c342346776,fog,s5,1,0.852650,0.920395,0.921344
f6f3271f-f55f-42b1-95e9-c96eac2ac4e7,fog,s4,1,0.910648,0.952471,0.969296
f6ff7e44-a6ba-4c08-9b97-9fc249a1a649,clean,s3,3,0.760733,0.850552,0.954826
f70a1be0-b2de-4570-bf1e-44b0f0196713,shot_noise,s5,5,0.702450,0.820023,0.854112
f72b6b86-f206-41f2-ba4c-fed2f5dd9768,shot_noise,s4,0,0.970684,0.985037,0.990928
f733beb9-6350-403c-8d8a-0415660fcdcc,clean,s5,3,0.941363,0.969700,0.972982
f73a1b24-c919-44b4-8d72-53d1b2fa5c05,clean,s5,1,0.764327,0.866019,0.869442
f73d0153-3c3b-4b02-9ffc-907a02a704db,fog,s3,5,0.832592,0.902426,0.972431
f751656f-f875-4db9-800b-3e9428581ddb,gaussian_blur,s3,1,0.850435,0.914310,0.975931
f7521111-a157-4bef-b774-2141a360a351,fog,s5,0,0.764327,0.866019,0.869442
f76052fc-588b-4239-8e73-6c515a44a0d4,fog,s4,4,0.972196,0.985864,0.988608
f762f355-2042-4602-9905-7c260161f4a7,fog,s5,3,0.971936,0.985739,0.987851
f764b711-0807-490f-b1a4-9e88d46db258,fog,s4,5,0.878472,0.933592,0.961093
f773f1a0-f866-47a3-bdd7-d61bd22c2b35,fog,s4,1,0.825765,0.902470,0.926090
f774d945-3e4b-4800-af5c-da307e79cc95,clean,s5,3,0.841843,0.913705,0.919072
f779ccdc-44da-4f3e-aa9a-228c11f1b78b,shot_noise,s3,5,0.574848,0.655050,0.947419
f78262f4-23c3-4c9f-a2d3-487aacf0728e,clean,s3,0,0.369384,0.489418,0.637557
f7a3e97e-6827-48a1-9dba-3ea19e904626,gaussian_blur,s5,0,0.903973,0.949420,0.952432
f7a82102-491b-4741-8630-dbb03f587d7d,gaussian_blur,s5,0,0.254201,0.358885,0.477851
f7ab9c9e-db0d-4724-94ee-673e9f33c11c,shot_noise,s5,4,0.919543,0.957929,0.961796
f7b2e7c8-8e33-429e-8321-f96b047490bc,gaussian_blur,s5,2,0.821900,0.902244,0.902258
f7bbe51c-e460-4d19-9d1e-79f3aa51dc81,shot_noise,s4,5,0.932286,0.964400,0.980594
f7ce712c-aad0-4f6d-8fb6-55eebcc046f3,gaussian_blur,s5,3,0.887503,0.940259,0.942751
f7e013cd-00e4-4983-8312-3b467e10f2af,clean,s5,5,0.930599,0.963942,0.967099
f7f14af5-af97-4029-823d-661a13793b5b,shot_noise,s5,5,0.836455,0.908879,0.933621
f7f827d1-6f90-4a60-8f1d-a49ae9d676f2,shot_noise,s3,0,0.691907,0.794469,0.931916
f80efda2-3833-4577-8ee7-58d241e7750b,clean,s4,3,0.650975,0.782356,0.817259
f81da06c-b5d4-4e0d-80f4-503d0e31b934,fog,s4,4,0.947296,0.972737,0.980187
f8201a43-92b1-4ba6-a87f-240ec2fcbcfc,fog,s3,0,0.948571,0.973028,0.995045
f82061d7-80fa-4b7a-8f14-2b58c49565be,clean,s5,4,0.931205,0.964181,0.969840
f824b4fc-8131-4745-96ed-b95332fa93ba,gaussian_blur,s4,1,0.429529,0.584344,0.640861
f828d259-de81-44cb-9b7c-bba14da8065b,clean,s5,4,0.622903,0.767344,0.768917
f831d5e1-09ba-4370-a2b4-5de896a5d81e,shot_noise,s4,5,0.885891,0.938054,0.962731
f83ae240-93ec-4573-93f5-6a19329e206c,clean,s5,5,0.782905,0.877365,0.885335
f843d86f-531d-41f8-9b13-72fdae042ae0,shot_noise,s1,2,0.739244,0.825685,0.989994
f847d518-3cd9-495e-aeea-e82b08b78d72,fog,s5,2,0.844910,0.915868,0.916741
f8501865-b21d-4f8f-87be-f7f1bb99bd1c,fog,s4,2,0.449681,0.591284,0.691592
f86e1dc5-4408-4493-b15d-4a3fdbfb6860,shot_noise,s4,2,0.828752,0.903059,0.940395
f86e6017-2cd1-4b26-bace-62136e22fd21,shot_noise,s5,0,0.824813,0.903106,0.913195
f87547dd-a63a-4669-96dd-9096f6480442,shot_noise,s5,4,0.940880,0.969515,0.970346
f875f503-018d-4b5d-9d24-cb9ff2e11f97,clean,s2,5,0.876559,0.930134,0.992704
f87e45e6-f517-4b4d-921f-9cf603f30d3d,shot_noise,s4,4,0.955636,0.977056,0.988589
f88022d1-07ae-43c0-91ff-5ac733b56d27,clean,s5,5,0.822013,0.901001,0.915564
f881b2a3-6525-49b6-bf3d-16141dd16203,gaussian_blur,s4,2,0.842652,0.912442,0.939349
f883eb80-2844-4223-a9ec-9d19cb195b7d,clean,s5,4,0.931936,0.964748,0.965363
f88a04ef-51ca-48f4-b24c-5229c7a18987,clean,s5,2,0.764327,0.866019,0.869442
f88b5679-2367-4f21-95b4-a0bad8ac8220,shot_noise,s5,0,0.717945,0.835564,0.837369
f8933b4f-9660-4562-a61a-c8c905128e27,clean,s4,2,0.924091,0.960204,0.969200
f89c0fc0-28c6-4460-b11a-6e06dd43bfd4,fog,s4,0,0.663027,0.774351,0.899403
f8bb64e4-2614-4849-9677-768215a2eefd,fog,s4,4,0.596553,0.708860,0.879339
f8c1bfe2-b8c8-4034-bb8d-e116a01bbdb0,fog,s4,3,0.958777,0.978855,0.983659
f8c61025-4181-4b45-bd89-4529aa19232a,fog,s4,0,0.972499,0.985971,0.992267
f8cab903-855c-456c-b12b-cb5715b43d90,clean,s4,3,0.949353,0.973772,0.983427
f8e45a9f-fc24-4698-a1f6-4922900888ad,shot_noise,s4,5,0.947907,0.973042,0.981234
f8ed1e75-1b7a-410a-b058-98c95e60f5da,fog,s4,0,0.972429,0.985952,0.990990
f8f757aa-0476-402d-b96c-22ec57fbd74e,gaussian_blur,s5,1,0.961653,0.980418,0.982165
f8f87f59-8483-418b-89be-32d02565ebf8,gaussian_blur,s4,4,0.915539,0.955230,0.971035
f8fa6028-3d6a-4174-a90e-c01cd69e0303,clean,s5,3,0.749567,0.856857,0.856881
f8fb2ba9-c707-40e8-9a8b-7cb45a9f95e8,clean,s5,0,0.762176,0.864894,0.866112
f8fe46f3-5a37-459c-99ec-76eac90326b6,gaussian_blur,s4,0,0.970684,0.985037,0.990928
f921aaca-1d93-4321-b518-e29d494e2416,fog,s2,4,0.917788,0.955404,0.995882
f928c62d-ad57-48d2-9e94-e6814ea48038,clean,s3,5,0.919822,0.956781,0.991925
f92d99b9-e0d7-407e-88db-1ec5aca07122,clean,s3,0,0.661465,0.769189,0.913456
f937214e-d338-4bf1-85bc-d106b90cb8d1,fog,s5,3,0.772062,0.871098,0.873493
f9411936-4c29-4340-9abd-ae62b20a4f15,clean,s5,2,0.394083,0.563972,0.568560
f97d772f-2750-4dac-9da9-963534f614c0,fog,s5,5,0.745935,0.851818,0.872459
f982dcd5-ff23-43b2-88db-8b9974be6c2d,clean,s3,4,0.948571,0.973028,0.995045
f9855faf-6f22-4e95-ab0b-5594fc03befa,shot_noise,s4,2,0.954189,0.976289,0.987863
f98e2153-2229-4619-a24b-6e15f1e6e8d6,shot_noise,s4,2,0.977055,0.988325,0.994330
f991421f-5c54-4e40-972e-255758dccd71,shot_noise,s4,2,0.735220,0.843016,0.875387
f99524d0-f7d9-4108-af15-3c80a5a98cf1,clean,s4,4,0.702782,0.811323,0.900335
f99fdacf-b3d8-43ed-a89e-992041018a21,shot_noise,s4,3,0.899851,0.945892,0.973051
f9a72185-6772-4f2f-81e6-34190dca09d1,clean,s4,2,0.959172,0.979060,0.983964
f9a741e6-e9bd-41a3-b825-04ed17a54f89,gaussian_blur,s4,4,0.663315,0.774606,0.899520
f9aff032-718d-4fa9-9c50-5d6535e73109,shot_noise,s3,0,0.910570,0.951696,0.984163
f9b757f4-eb83-40f0-bf0f-784f62196531,gaussian_blur,s4,1,0.864047,0.924284,0.963803
f9bb7e90-3eeb-4c86-aa6a-4abad928498e,fog,s4,2,0.517668,0.627601,0.828774
f9bbdf7d-4078-4983-b940-3a29d295f3a9,gaussian_blur,s4,5,0.678386,0.792692,0.884048
f9be3703-e67a-4270-8e2a-38d0a0221222,gaussian_blur,s4,1,0.976528,0.988052,0.994256
f9c6fe78-0a76-4868-87ff-c1f13d8b9179,shot_noise,s3,0,0.817625,0.890802,0.980811
f9d2159a-507f-4133-a2c5-f49ebe88c70e,clean,s3,0,0.919822,0.956781,0.991925
f9d46650-ae2e-4927-96f9-30e471b58267,clean,s5,0,0.946627,0.972503,0.975458
f9d5f6e8-eabe-4246-8301-1a2198a787d9,shot_noise,s4,3,0.961127,0.980082,0.984984
f9dd469d-4d62-4bc3-9a2f-9dca76437694,clean,s1,3,0.743035,0.829031,0.990294
f9df218f-6dd7-4b26-8ba6-fb9591db9333,shot_noise,s5,4,0.820299,0.901279,0.901285
f9dfd48c-d87d-480b-a620-6961af831de7,shot_noise,s4,0,0.722901,0.830098,0.892544
f9e0da62-f451-42ee-bb7c-cd8cf5d8a958,shot_noise,s5,0,0.913402,0.953748,0.976210
f9ec24fd-6dca-45d1-ab0f-704b2b3123e2,fog,s4,0,0.924866,0.960729,0.967019
f9f7d711-d36f-4d77-a36e-59ff9e1abaa1,shot_noise,s3,3,0.788801,0.870018,0.973595
f9f9886a-43d5-4bfe-84a0-e98bb4bdf250,clean,s4,3,0.561909,0.703643,0.773075
f9febce4-a1e5-47f6-9569-7513483bd36d,shot_noise,s4,2,0.927570,0.961785,0.979137
fa0048ac-1885-4d27-820e-22e85a970ae2,shot_noise,s5,5,0.691571,0.813632,0.839317
fa11dc70-7bfc-45c4-b4e8-5098d5b522df,shot_noise,s3,3,0.788806,0.873293,0.950149
fa1fe8bc-cf6c-42e5-aae9-c19e0694da32,clean,s3,5,0.910570,0.951696,0.984163
fa2179d1-7983-4297-9fb6-c1636b85f5c6,fog,s3,0,0.874055,0.929664,0.977317
fa25a826-a623-49a0-a735-2eee93330ed1,clean,s4,1,0.840024,0.911692,0.928517
fa2b1109-6141-4d1f-93b8-a6af44f02ad8,clean,s1,4,0.743035,0.829031,0.990294
fa3b7647-c548-4e69-beeb-f0715cfef435,fog,s4,1,0.965333,0.982247,0.988779
fa4781c1-2eb5-4344-9da0-31c9d9399797,fog,s3,4,0.806222,0.883740,0.969931
fa4878cb-8efe-4795-a052-b8a199ebb9ad,gaussian_blur,s5,4,0.150136,0.258298,0.264822
fa4a4d97-1975-402e-b2f6-8a85b3c45aaf,gaussian_blur,s4,1,0.969669,0.984515,0.990187
fa4c4559-17e1-4dbe-ae02-42a9899a856b,fog,s5,4,0.156971,0.267939,0.276006
fa4e6cb8-3a7e-445d-872e-c3a4dab9dd2e,shot_noise,s5,5,0.891031,0.942337,0.943045
fa52e738-73d8-456b-9021-2f11e6022b54,fog,s5,2,0.459327,0.628092,0.633307
fa61390d-c6cc-465c-ae3e-42c34d6857de,clean,s3,4,0.817625,0.890802,0.980811
fa62e82b-ac8f-475a-9fcb-31d65c016271,gaussian_blur,s4,3,0.937023,0.967028,0.981431
fa691e2b-2992-4463-8cb4-7df86d96eb64,fog,s4,3,0.850046,0.917632,0.934896
fa70a429-702b-46fb-8f4f-5e3c0daa4d40,fog,s4,2,0.934989,0.965825,0.983309
fa7dfdbb-b30c-4dc9-8fc8-9d6ef4d46448,clean,s4,5,0.960489,0.979643,0.989832
fa8e7bca-f15d-4666-8586-d39ca0675957,clean,s5,5,0.930731,0.963948,0.968987
fa8f9cc9-115f-4dac-b03d-3b5863e1c73d,gaussian_blur,s5,1,0.826232,0.903884,0.914891
fa933203-5e26-43d8-8878-f10068d3f47e,shot_noise,s5,1,0.914653,0.955348,0.957147
fa9925c4-001a-4ded-bdf1-61264024a1df,fog,s4,2,0.733560,0.837543,0.900235
faa395df-aec1-4241-bda4-c6c34560555f,shot_noise,s5,4,0.974518,0.987077,0.988421
faae05f5-9edf-4775-9acf-8b6f5e860b59,gaussian_blur,s3,1,0.938089,0.967161,0.995301
fab357b5-ce7d-4298-a8c7-5bcf3da6c664,shot_noise,s4,3,0.551443,0.701377,0.742693
fabd11c6-a24e-458f-be8e-8db93a4326fc,shot_noise,s5,3,0.936757,0.967258,0.970021
fac4eeb5-118a-41cb-90fc-f03105adadfe,clean,s5,4,0.768812,0.868986,0.871675
fac7514d-7f2f-4578-b0d5-3a5711f998ad,clean,s5,0,0.750076,0.855640,0.867948
facfb889-48f2-47b5-b49b-68754d8389cf,gaussian_blur,s4,4,0.837132,0.910082,0.925413
fad4cced-92d9-45ba-a1ed-d5b105268ae9,shot_noise,s4,4,0.818454,0.893763,0.960422
fad6c0e3-a6f2-4bf2-b9c7-d062115d9911,gaussian_blur,s5,2,0.335979,0.405871,0.666400
fad795fd-985f-4548-be6f-c8b24c1f0aa0,clean,s5,2,0.626037,0.768354,0.777189
fae337b5-4454-49cd-ac3e-a739e9e9f114,shot_noise,s4,5,0.947887,0.972878,0.986828
fae370f0-ef8c-4147-8292-59662234b4b5,shot_noise,s5,2,0.970419,0.984959,0.986901
fae9808f-8548-45af-a555-148292acd3a3,gaussian_blur,s5,4,0.920650,0.958570,0.961489
faf890d5-37a6-457d-9845-c949b38caf95,gaussian_blur,s3,1,0.315543,0.397263,0.616511
fb0140e7-8b56-4017-ba91-5501a8ddcb6d,gaussian_blur,s4,2,0.610991,0.739726,0.830770
fb0170f6-7d98-419d-bce4-15268012bbb2,clean,s4,1,0.935547,0.966469,0.973611
fb082531-6034-4dc5-8489-2e32d047e6d0,fog,s5,0,0.824813,0.903106,0.913195
fb084cd6-2e00-468c-97c9-7fc6895cb579,shot_noise,s4,2,0.757833,0.858135,0.891140
fb0aeee5-77b0-4625-806b-2ddaadc2cd50,clean,s4,3,0.970626,0.985017,0.990233
fb0e6b55-d97e-4446-9fc0-11a8e42a457e,shot_noise,s5,5,0.341653,0.494686,0.538224
fb103903-bb61-4a29-a18a-6b1d2e1f2ab5,clean,s4,2,0.964561,0.981887,0.986027
fb1ca46f-5917-42b9-bd00-ad44daf2e0d2,fog,s4,1,0.927138,0.961550,0.978869
fb283bdf-9592-4429-b510-75e321ba50dc,clean,s4,2,0.557545,0.645547,0.914491
fb3f593c-ad97-48fe-ba80-ffe890095e98,shot_noise,s5,3,0.741298,0.843649,0.901205
fb40e00e-6299-49e9-a934-b6dce25d30f7,fog,s4,5,0.810222,0.890571,0.937127
fb55f627-135a-41fb-a686-9093f42e2129,shot_noise,s5,2,0.364493,0.533808,0.535211
fb5fb7ba-d2fb-42a0-9f0e-5afc7b1653f8,gaussian_blur,s4,1,0.835537,0.906116,0.956037
fb78697b-5920-4b97-9fd6-a00ee9fea3a7,gaussian_blur,s4,0,0.849449,0.914923,0.961786
fb972f87-c327-4c42-aab7-cb59d477f84b,clean,s4,4,0.882742,0.935226,0.976216
fba005a5-a63e-4afc-92b3-85d7f924a28c,gaussian_blur,s4,4,0.954460,0.976502,0.985087
fbb0f878-92e3-419f-97f7-b845e53c0603,fog,s4,0,0.956706,0.977568,0.991512
fbbde624-8b51-415c-9567-90d64ea222db,clean,s3,3,0.802315,0.882706,0.955197
fbf3917d-d3b8-4f20-a5bd-9447d1ac12ef,clean,s5,2,0.931205,0.964181,0.969840
fbf4de35-b826-47dc-9c94-cc72b507c1d5,gaussian_blur,s4,2,0.891426,0.942056,0.951925
fbff0082-5699-4cb6-aef0-c5122f538e17,fog,s5,2,0.576351,0.730120,0.735424
fbff186c-8ab4-42b9-a6a7-a701bc546f4c,fog,s5,1,0.917420,0.956930,0.956965
fbffba95-f0e9-4303-9bdf-04d0d75a54ff,fog,s5,0,0.756795,0.859268,0.877877
fc05898b-76a1-4c12-9729-7e31a20b2da4,clean,s5,4,0.936467,0.967104,0.969851
fc0c9b51-7ecc-464c-ad08-1756679e8713,gaussian_blur,s5,0,0.639752,0.780303,0.780304
fc12c45c-f177-4015-a5bc-484e492d6cca,clean,s3,0,0.948571,0.973028,0.995045
fc136086-3e37-4ee7-894c-12ecb8e39f64,fog,s4,3,0.551470,0.697408,0.755488
fc467955-dcce-439e-a0b9-58a704bafb5e,clean,s4,1,0.771353,0.866886,0.901221
fc476ed4-c899-456c-bab5-607e32c88791,shot_noise,s5,5,0.914091,0.954954,0.958752
fc481295-b2e5-4854-8ec1-80a83b140ca7,clean,s5,0,0.240784,0.386607,0.390575
fc49f3e4-5567-4e91-9d42-aa49ce395f51,clean,s5,1,0.419817,0.587765,0.600107
fc4d8d62-e8ca-453d-bf6c-f43b3c5f6636,shot_noise,s5,5,0.961897,0.980562,0.981419
fc5eb446-6bcd-4bae-a920-16be147105cd,gaussian_blur,s3,0,0.863448,0.922190,0.984954
fc62301f-1958-49ca-9146-37e167e6a9bc,clean,s5,5,0.545030,0.694503,0.741611
fc653083-2dc2-41e2-b6d6-bb4fe6b1a6bd,fog,s4,5,0.734201,0.836932,0.906824
fc782f66-8cb5-4b00-8ec3-012391dd0743,clean,s4,3,0.408637,0.486170,0.763162
fc78dc3a-37ba-43ab-9dd2-2da7e3f52e13,shot_noise,s5,4,0.515909,0.672047,0.706922
fc7d0095-1369-4562-a0d2-2485c7db17f7,clean,s4,4,0.643858,0.754679,0.900219
fc92bfea-cf3c-4ed6-acd6-05375ef3ea5d,shot_noise,s5,0,0.982225,0.991024,0.991984
fca061af-336b-4d6c-a6a1-23053bb788bc,gaussian_blur,s4,0,0.946282,0.972192,0.979877
fca42ef8-72f0-4e80-9f82-06cbced34d8e,shot_noise,s5,2,0.876205,0.934006,0.934206
fca59291-e7dd-4d1f-afac-8cbef20b1a90,fog,s4,4,0.798944,0.886690,0.901880
fcabfd94-e770-4d34-ab22-a7b5ce8e21c7,shot_noise,s5,4,0.839029,0.912421,0.913024
fcb16bf5-b342-43d7-b928-eb42dc2f8d28,gaussian_blur,s4,5,0.975428,0.987482,0.993898
fcb1d634-995b-495e-b168-0edd0cc0ccbe,clean,s5,3,0.648453,0.785403,0.792977
fcb59390-0d5e-43e3-b267-c5df5c9f3b09,shot_noise,s3,4,0.674829,0.779333,0.926006
fcb70dbf-ab95-4ca9-b89e-0e296aaaf89f,clean,s5,5,0.776899,0.873583,0.881250
fcb9ba5a-95c3-4523-85d0-618b33809dbb,shot_noise,s5,4,0.736476,0.845493,0.866034
fcc3da38-fb8a-4a3c-aef6-0a105bfabf3f,gaussian_blur,s4,3,0.718709,0.827945,0.885104
fcef2e88-31ba-4608-990c-ad6503a4f8f1,fog,s5,0,0.944932,0.971662,0.972542
fcfbad0d-ecc7-4dd3-af5e-8c467a91e803,shot_noise,s5,3,0.682819,0.799612,0.870933
fcfbc995-b506-491a-af88-2765956fb803,fog,s4,3,0.807475,0.885799,0.960777
fd0ab3f2-abb8-4103-9f63-c4505c8b0230,fog,s4,3,0.721461,0.835043,0.857309
fd0b5e9a-a548-402c-9e16-43954dcff6f4,clean,s5,2,0.936467,0.967104,0.969851
fd117f29-d792-4269-a21f-c17929e27c31,clean,s3,0,0.797793,0.877094,0.972395
fd16a3da-2933-4f43-baed-0f2b34b9febd,shot_noise,s2,5,0.390626,0.486320,0.708736
fd1c6ae9-8aa2-4f95-8813-bb66bb1e95e3,shot_noise,s4,3,0.760400,0.860641,0.887237
fd218846-6b80-4348-9dc9-32242e37d6ed,fog,s5,3,0.794665,0.885573,0.885694
fd2bc01a-f5c2-4157-a2bc-45032a7b05b9,clean,s5,2,0.824813,0.903106,0.913195
fd317c14-4dc4-4169-9021-29d1418d932b,fog,s5,1,0.825068,0.902889,0.917133
fd3332bf-79be-4bc3-ad5b-0af2b1ef76a5,fog,s4,1,0.407416,0.505326,0.727803
fd3768d6-a711-46d3-be7a-b200d5875faa,gaussian_blur,s4,2,0.793083,0.882691,0.900901
fd40cd94-ca77-416f-bbcf-41482b2833da,shot_noise,s5,5,0.763046,0.859765,0.907205
fd4a604a-08a4-42f1-8699-ebef7b2b1e4b,clean,s1,0,0.485877,0.492838,0.971755
fd4e96c0-d1d2-43e1-9a91-377af2ba8dcb,clean,s5,4,0.931274,0.964414,0.964414
fd50817b-7245-48c2-8671-8245b3b2e4b1,clean,s5,4,0.936122,0.966836,0.972175
fd5322b2-0f7e-4b06-b4bf-9cdd73fa4e87,fog,s3,4,0.483061,0.599643,0.780808
fd5fcc05-6cb6-47f8-920a-d52ba40136ca,shot_noise,s4,4,0.930717,0.963560,0.979352
fd63a6c0-511d-490a-b5c3-c908c8ac3200,gaussian_blur,s5,2,0.875854,0.933656,0.936270
fd6e0632-1fa7-473c-a8f6-929afa116288,clean,s5,4,0.286449,0.440235,0.454441
fd842155-7285-4e4f-9d88-c50324761a63,gaussian_blur,s4,3,0.978410,0.989031,0.994157
fd89fe5c-e479-4bdd-87fb-13b401d67f79,clean,s3,1,0.959784,0.979170,0.994367
fd8ae469-8a06-4f3d-b29e-b4e047880523,clean,s4,4,0.915453,0.955182,0.971013
fd8bac4b-5ee2-4e4a-9afc-eb8814634fab,gaussian_blur,s2,4,0.924652,0.959350,0.997771
fd924f7d-84fb-424e-bdfd-cb3f061d71fa,gaussian_blur,s5,2,0.659285,0.794563,0.795141
fd972389-35e0-4f1b-b570-3772c8d7a03f,shot_noise,s4,2,0.735803,0.835896,0.920305
fdbe3eff-7081-45c5-b127-f5f71b2d2c17,fog,s5,1,0.717679,0.831845,0.858197
fdd330ce-2276-422e-824a-dbb32a240b6f,gaussian_blur,s4,1,0.958946,0.978829,0.989122
fdddd2d4-6f16-42b9-9609-3869945392e9,gaussian_blur,s4,3,0.809494,0.889276,0.943872
fdf0ca4a-2018-4f56-84f1-2e116cf71704,gaussian_blur,s3,5,0.694779,0.796793,0.933643
fe0375e6-bcf2-4c39-b8a4-397e194f2d45,fog,s5,5,0.864044,0.926389,0.936239
fe06d24c-bf76-4488-bd3f-cb05b30f862c,fog,s3,4,0.943616,0.970286,0.994675
fe0f2d96-c951-420c-9f63-f5f265f52863,clean,s3,2,0.817625,0.890802,0.980811
fe15e7b1-753d-4056-a1af-357b4761ed79,clean,s3,4,0.980980,0.990328,0.997686
fe31d004-3130-4738-a285-7a2322df5de9,fog,s5,4,0.927496,0.962134,0.968979
fe3b4586-fcd0-4b99-ad83-6e2319c96498,shot_noise,s5,2,0.775896,0.872928,0.880729
fe4ef54b-e06b-4122-b958-0b1b2a926116,clean,s5,5,0.881710,0.937123,0.937358
fe53a1b1-bc12-4530-a597-a3ddda949aff,shot_noise,s2,5,0.936367,0.966119,0.997219
fe79bb74-112f-4b20-8335-94cc7f1f1668,gaussian_blur,s5,3,0.910927,0.953384,0.953462
fe842196-77f1-4294-9d6b-f2b297ee4149,clean,s4,0,0.798776,0.883254,0.929920
fe96ce45-7c4d-4ff1-9e2b-5f24509cac8b,fog,s4,4,0.943430,0.970693,0.977687
fe9cedba-cba4-4361-aa1f-62f9ad16243a,fog,s5,4,0.500745,0.666331,0.670318
fea3da16-df01-4359-b4dd-3393f9c30ca6,shot_noise,s4,3,0.974510,0.987004,0.993755
febb4853-d8f4-4c31-985a-e086e6829548,gaussian_blur,s3,0,0.369384,0.489418,0.637557
febb90ba-eb41-4317-bd6c-bb31c5aec14d,gaussian_blur,s5,1,0.932300,0.964887,0.967163
fecfd099-5496-408f-bf5d-26d8062eed74,gaussian_blur,s4,2,0.693155,0.803285,0.897509
fed66466-2f0f-4173-934e-bbde9286c524,fog,s5,3,0.925691,0.961325,0.963653
ff032c87-d93b-4464-a524-c95af21964d0,clean,s5,0,0.929294,0.963314,0.964368
ff085f1f-832b-45db-bac1-be02933fdc31,clean,s5,2,0.717945,0.835564,0.837369
ff0b410f-4c81-487c-b94d-bb71d24cf2b1,clean,s4,5,0.909908,0.951908,0.971984
ff16c322-7e02-4b76-bab4-266f4ec033df,shot_noise,s4,0,0.745236,0.846101,0.905504
ff25ec05-87ca-4816-a0cb-8cabddaf3534,fog,s4,0,0.701061,0.810493,0.896923
ff2fc212-84c1-4ec7-849a-6f84fd9bb796,shot_noise,s4,0,0.682848,0.801744,0.860944
ff3ae31b-6419-4d5e-b1a0-0c3fad6d0474,shot_noise,s5,4,0.406442,0.576867,0.580581
ff3d1b9a-b943-497e-b693-54f465e77ae4,gaussian_blur,s5,0,0.931274,0.964414,0.964414
ff3d43bf-66a9-4421-9ea4-de0450c9b582,fog,s2,4,0.961669,0.980116,0.997744
ff3e6557-f2ba-4e29-9593-6a74f40fd4a0,clean,s4,4,0.442712,0.469615,0.885424
ff43e632-cbe2-49f6-bc24-23110f43400f,clean,s4,0,0.468883,0.521563,0.882673
ff8a88b5-631f-4d26-a68d-2eb057f3d004,clean,s5,3,0.774561,0.871818,0.881877
ff9ada41-2e99-4f67-8f53-6e54b03e4fb0,shot_noise,s3,0,0.939120,0.967740,0.995385
ff9e26ac-89b2-4d30-aa60-8f5fe1cd3e8f,clean,s4,2,0.833462,0.908145,0.920294
ffa88c0e-30d5-4a02-ad0f-b45e03b945e9,gaussian_blur,s3,5,0.345743,0.459786,0.613877
ffb776fc-e1e2-42a2-9a2a-982cde4ee397,fog,s5,3,0.633982,0.774439,0.782901
ffbdf696-6d7c-4773-abef-43830ba87cbd,gaussian_blur,s2,5,0.391268,0.487769,0.708283
ffca72a5-ceed-4cb1-98ec-1bea49fbf4bb,gaussian_blur,s4,3,0.949000,0.973627,0.981629
ffcadabc-278e-4867-a3ad-a9100e68dc3e,shot_noise,s3,2,0.884193,0.935922,0.979355
ffdf6a40-b636-41c9-8f3b-1b8fb906c468,shot_noise,s5,0,0.811888,0.895817,0.899655
ffdfdf6d-aeb9-43c8-8241-338dc2424714,clean,s4,4,0.837913,0.908095,0.952217
ffe2b7a1-c98e-46ae-8015-3d556963975e,fog,s5,5,0.701500,0.824539,0.824725
ffee0d97-5fb0-48ad-a65f-51da7fcbc69f,shot_noise,s2,4,0.392092,0.488635,0.709349
fff9d8c0-e28e-4e74-9863-ef12cf20663b,clean,s4,2,0.234458,0.329511,0.454942
fffcd632-3490-4e4a-bb62-0b744e75cb5e,gaussian_blur,s4,1,0.722861,0.830269,0.891408
