uuid,corruption,scale_bin,severity,miou,dice,accuracy
0002a448-536f-4fc6-8435-dc7cecf06cd8,clean,s5,1,0.554464,0.711146,0.721124
0003d00e-e99e-426b-a2db-d9610ee39881,clean,s4,4,0.801650,0.888474,0.902757
001e4cec-cc40-4c6d-8064-a220b0e6f954,fog,s4,5,0.563182,0.671465,0.869989
0020481a-f558-42b1-a6a7-b003da59d370,fog,s5,1,0.336516,0.503566,0.503584
002aa286-fed4-415a-bdab-8801a8ba2306,fog,s4,1,0.374319,0.542337,0.549970
002d4c2b-7e7a-43f0-8ce1-8d9fa6f08e4f,gaussian_blur,s4,2,0.631095,0.747667,0.877514
00339859-3f70-49b4-a64a-72fb3a3d6e9d,fog,s5,3,0.640716,0.780556,0.783135
00348215-072d-4a0a-9712-104e02c90e73,gaussian_blur,s5,0,0.598051,0.748237,0.749424
004d03b4-cf04-4081-9320-28fa57ad0cca,clean,s5,2,0.692945,0.818624,0.818645
0055c400-512f-476b-a9be-1f036ef595d1,shot_noise,s4,3,0.719706,0.834401,0.852769
0059d812-3454-4f62-a359-a0e4ba4494c2,clean,s4,2,0.670257,0.795802,0.835772
0068483a-abf0-4de8-8dc3-821d2c4c50a6,fog,s4,0,0.630129,0.763315,0.814459
0074100d-32a7-473c-8dbd-fc59e00ef2d3,fog,s4,5,0.382095,0.542128,0.576493
0079f3ed-65b8-44a3-934d-6f4aaa498cda,shot_noise,s5,2,0.634847,0.774606,0.785688
007e5c1a-018b-49d9-83bb-58a4578a0817,shot_noise,s4,0,0.628776,0.759675,0.823717
0086dd06-8562-4386-9863-9f48c3617c6d,shot_noise,s3,2,0.757692,0.847898,0.955808
009219f1-4b12-4c37-859d-40d9e5ee654b,gaussian_blur,s4,5,0.675210,0.794795,0.861307
0094cbeb-c197-481c-b1d1-78213faa341f,clean,s5,5,0.392759,0.440014,0.785412
00964820-2a7e-4e8c-bad5-d12f0e2b3025,fog,s5,5,0.592704,0.740077,0.760421
009bf942-03b9-416f-af42-2745971ad930,gaussian_blur,s5,5,0.553497,0.702708,0.745795
00a136bb-447c-4453-8b71-c756317a2017,shot_noise,s3,0,0.710451,0.802478,0.973685
00a425de-d27e-4046-8f4d-0b54afc69333,gaussian_blur,s5,5,0.571105,0.703671,0.805774
00b0a545-10a7-42d7-85fd-0e308427702c,fog,s4,1,0.780478,0.873198,0.904373
00bfb2ba-9e9c-4dc3-b2d3-fb1b6cd5ee6e,clean,s2,1,0.454646,0.476245,0.909291
00e7ab9d-2a7f-48d3-b093-58d5172093f2,shot_noise,s4,3,0.733621,0.835073,0.914693
00f855e1-8b20-4573-8e3f-aa8dc3051e67,clean,s5,1,0.687810,0.812073,0.830781
00fbe7fc-c20f-4871-9e89-39cb6b3c2d66,clean,s4,1,0.749521,0.848553,0.911479
00fe3a9b-a78f-4867-a949-8110764dbc14,fog,s4,4,0.577277,0.727735,0.747627
013f73e8-0c49-4060-ab4b-dc41151f0778,gaussian_blur,s4,4,0.566270,0.721449,0.728937
014968ae-0a50-49f0-bc9e-f3ebdcb120f9,gaussian_blur,s4,2,0.653226,0.787746,0.802012
01521caa-d0c1-401e-837d-fe147acc9c0a,fog,s4,0,0.593327,0.739578,0.764683
016278ed-646f-4291-a328-96823d4e5770,fog,s4,3,0.212604,0.348010,0.354715
0177a4cb-0e80-4079-a393-12bd787a5c44,gaussian_blur,s4,1,0.412076,0.518938,0.718155
017bc56b-f471-4000-9d17-7fef80da07cc,shot_noise,s3,5,0.541265,0.621322,0.916378
017d4138-abf0-4d9f-a22e-f1269c959776,fog,s3,4,0.446464,0.471718,0.892928
0184da79-8683-44c7-87f1-2c16a20fcedc,gaussian_blur,s4,2,0.582860,0.714502,0.813392
01910262-36d4-4260-b3f8-2be85f27c85a,shot_noise,s2,3,0.434597,0.483024,0.843523
0194c7d8-745f-45e9-8e7e-3cf1f695ad6a,gaussian_blur,s5,3,0.398385,0.449773,0.787881
019b0390-f2e9-4a2b-a7d0-a814005a3802,shot_noise,s5,5,0.526941,0.685430,0.705328
019c1f0c-6f3e-40aa-b525-bde8ebbf9c0a,clean,s3,2,0.470000,0.484963,0.939421
019c95b3-e586-4a99-ac25-6e553c4b9043,clean,s3,0,0.816006,0.889716,0.979982
01a29629-9361-4104-b899-20156e3e3a6a,fog,s4,3,0.692109,0.805953,0.880352
01ac1086-41fd-48c1-a803-85a96ae00a65,shot_noise,s3,5,0.692336,0.794835,0.932096
01ae9bd4-5097-4a74-be77-e1b7788d48da,fog,s5,3,0.348200,0.480507,0.585904
01aec188-ebd0-4728-a184-cbf51d50ceb1,fog,s5,5,0.384534,0.545448,0.577520
01bcc6ea-b45b-4f8a-9ca1-d582a1ed79b2,shot_noise,s5,5,0.631259,0.756453,0.845811
01c5124c-0604-4800-ab26-768e59da98d5,gaussian_blur,s4,1,0.677958,0.799061,0.852933
01ca5d19-96e0-4fcb-97e3-87a0adba8975,shot_noise,s5,4,0.385705,0.518470,0.636066
01ea8fc3-0e1e-4f6b-b337-6d822373d719,clean,s4,4,0.723188,0.827292,0.909238
01f529be-976e-4811-98e1-5ee74da1fd78,fog,s4,0,0.672561,0.794407,0.852006
02070ae6-f15a-4239-add1-cf648acdf84b,fog,s3,4,0.507486,0.637561,0.771861
020989ec-24a0-43d6-84bc-2aa4ffb64059,fog,s5,0,0.681429,0.809720,0.814823
020cacc3-3996-45a4-a301-e0033384aab5,gaussian_blur,s3,1,0.325635,0.452049,0.562901
0218865a-0048-4687-aadc-6ab04f036616,gaussian_blur,s4,0,0.793767,0.881575,0.914181
021e3c66-ffc8-4fa8-9243-8aebd4d813b8,fog,s4,5,0.316438,0.480702,0.480837
021f1928-0dec-4c67-b908-4411bd6c61ab,clean,s3,0,0.539812,0.659743,0.822805
0223a883-a895-4ba5-afca-22a894863b79,clean,s5,2,0.762387,0.864505,0.870128
022972aa-75f1-4cdf-ae45-2c78038b4fc6,clean,s4,2,0.612439,0.744670,0.818283
022b1be1-7bd9-4a34-b17a-a74b51956cc5,gaussian_blur,s5,3,0.175122,0.298019,0.298091
023746c3-4f1e-4284-b339-65babf145cb7,gaussian_blur,s4,5,0.540231,0.689409,0.740402
023a5d5d-e407-4ae3-98b9-b0abcfba7c1b,clean,s5,5,0.695756,0.820576,0.820637
02400f06-502f-41da-b31e-862861ec2fbd,shot_noise,s5,3,0.545236,0.705420,0.706647
024f8692-8501-41ee-a954-b8ac0145dc56,clean,s2,3,0.613867,0.699541,0.964426
02544c73-b842-40d3-87ae-be3aa3072c0d,gaussian_blur,s5,1,0.310108,0.398172,0.598421
026075c3-fd5f-492c-9475-7364b5a11b0f,shot_noise,s4,5,0.794261,0.878981,0.937838
02617863-3576-4f4d-b253-b4b4fff3b6fa,fog,s4,3,0.430355,0.580449,0.652507
02628f70-5057-4ec2-8a05-46b43df59ea4,shot_noise,s4,5,0.655308,0.783027,0.832037
02761cb5-318f-423d-a51e-0a1f435600f2,shot_noise,s5,5,0.740462,0.850313,0.854668
028c246a-45bb-48e5-93b1-176d36c6c01d,gaussian_blur,s5,4,0.433473,0.604782,0.604800
0294711e-d9ce-4d4b-9de7-0f875978adad,shot_noise,s4,3,0.703118,0.819126,0.861939
029999f0-de27-48c5-9286-ee6604fd8f50,clean,s4,4,0.484773,0.589351,0.807970
029b4f4a-bafc-487e-9654-e64f00ccec81,clean,s5,3,0.425428,0.595822,0.599611
029df566-1b1a-4552-ba92-4d9f76b75dfc,clean,s4,2,0.403730,0.563756,0.601516
029f55ef-3026-4f85-8d4b-592b0cc53895,shot_noise,s4,0,0.420111,0.456587,0.840222
02a56f12-4bec-4bba-b63d-6cc8af76e916,gaussian_blur,s5,4,0.642494,0.780977,0.788558
02a9f63f-621a-48ac-b400-8b50ca0ac824,clean,s5,5,0.773540,0.872114,0.873856
02aae893-f426-470f-8a45-1eda22f772cb,fog,s5,1,0.724655,0.839465,0.845844
02b64593-32e3-420a-8734-bc42099193c2,gaussian_blur,s4,5,0.460390,0.607560,0.688963
02bd2285-00b0-48a9-85f4-f603d5261dca,clean,s5,0,0.532401,0.651954,0.818132
02ca6426-9b90-4b6b-82f6-58987cd59b66,fog,s2,3,0.485252,0.492516,0.970505
02cc25f0-c4b5-482a-8051-9e9f1d91edfe,shot_noise,s5,2,0.511717,0.645210,0.766607
02cc8a47-6e0a-43e3-a6bb-5f0cbfcdcb80,fog,s3,5,0.532495,0.665584,0.782719
02da40b2-af03-4d70-970b-75ccc9b76888,fog,s5,5,0.316806,0.427034,0.575664
02e22951-9a2f-4857-bd39-d403fc2b8ce4,gaussian_blur,s5,1,0.637376,0.766767,0.828985
02e64010-6ca7-40e1-bae4-2c00235afb3f,fog,s3,4,0.728538,0.825802,0.941408
02e8c0b0-f0b9-466b-a0a3-437d087e7f08,fog,s4,2,0.496442,0.643210,0.720354
02ed3918-ef1b-4a84-a6d1-94007dceeab0,shot_noise,s5,5,0.467896,0.637503,0.637514
0306eb9e-84ef-41fc-9e03-df6da4a2397d,fog,s5,5,0.415460,0.581398,0.600491
0312dc56-3d3c-45bb-9cb9-be85f2bb382b,gaussian_blur,s3,5,0.500167,0.538945,0.944159
0317acaa-af6a-4c85-97cf-3cbd30bc1a2b,gaussian_blur,s4,5,0.506770,0.632118,0.782854
03348073-20cc-46b3-aacb-2a7b8a80f80d,clean,s4,2,0.509159,0.613711,0.832795
0335078f-fc2f-468f-b379-2223a845bd22,shot_noise,s4,5,0.522301,0.648068,0.794549
0338a3b4-8b90-42b4-8486-eb1f473d8e93,clean,s4,5,0.438252,0.607877,0.613365
033f208f-3805-43ec-9da2-4037211a0721,shot_noise,s5,1,0.566166,0.709733,0.768688
0340f8ae-5346-4a1a-af46-da37253b166b,clean,s4,2,0.583870,0.710458,0.829872
0362d1e2-6f7e-4953-9c48-aeb73ec571ae,clean,s5,4,0.641031,0.780378,0.785240
0368e1af-7920-4aa5-825b-65877671d369,fog,s5,5,0.483044,0.641622,0.678768
036cd7a2-ebb6-4cae-a245-49c8b41b559f,fog,s2,4,0.484988,0.492380,0.969976
03832602-6ea8-41f3-b2bd-ff015c64f0f5,gaussian_blur,s4,5,0.711200,0.823414,0.875488
03917c50-2478-4190-b484-11e9ceeeedea,shot_noise,s5,4,0.560756,0.711829,0.741963
0394ec80-a787-4aa0-a022-9039758915a7,gaussian_blur,s4,2,0.493527,0.616677,0.776224
039f92cb-4d0e-47a9-a449-9fa8bd33a6ee,gaussian_blur,s5,5,0.356485,0.416219,0.712971
03a7487f-cc84-48ad-8d11-13c680936111,clean,s5,4,0.400495,0.569372,0.577880
03ac50a0-a4ed-4564-b813-f30f653a37b2,gaussian_blur,s5,4,0.733831,0.845610,0.852155
03afc6a5-9f08-4991-b5a8-a8e724462112,shot_noise,s5,3,0.486115,0.652021,0.660496
03cccfe2-1cd9-4d0d-9d5a-e43ddc8f829d,fog,s3,5,0.337971,0.463750,0.582492
03d52915-1915-4d22-9e41-45b56c88714a,fog,s1,2,0.428456,0.461472,0.856912
03db83bb-3020-46e8-a4ac-3c2413192dfe,clean,s4,1,0.731042,0.836774,0.892731
03dd5333-e3fe-40e2-8e98-df5be07728a0,shot_noise,s5,0,0.408019,0.550425,0.644379
03f177cf-6853-46f5-9101-b7f2d6996d2b,gaussian_blur,s5,1,0.540065,0.682882,0.759600
0400d84b-9aa5-4c2b-881f-4821f92aad52,fog,s4,0,0.569426,0.719238,0.748480
040b89ec-30a8-4bae-a12e-363fa95aba17,fog,s4,1,0.472376,0.562827,0.821958
041416be-500e-4eba-b866-f83deef08c88,shot_noise,s4,4,0.419620,0.536664,0.708817
04151a4b-7af7-4bc4-8bee-4dd4216371c2,fog,s5,2,0.576763,0.731329,0.732507
04165fc2-3033-4818-9066-42ac9a99b5be,clean,s4,5,0.624742,0.752803,0.834699
0427b9da-da4e-43d2-bf79-6c2141072d94,shot_noise,s5,4,0.785152,0.877845,0.894405
0431f7e4-dc2d-43ad-8a49-87d8ad04914c,fog,s4,5,0.530802,0.638457,0.845728
0438918d-255e-4c57-92d4-3d0838005834,gaussian_blur,s5,4,0.386842,0.556879,0.560123
045098f7-daf6-4dcc-8357-4ed96549dedc,gaussian_blur,s5,4,0.341378,0.507190,0.512661
04547308-5fdb-4ca0-b077-811f61c3d36c,clean,s5,1,0.608117,0.753763,0.766650
0461567e-d3c7-4869-b765-67c68691595a,clean,s3,2,0.780364,0.863381,0.973640
046eecb4-b37c-4902-8223-f30e8b067d2a,shot_noise,s5,4,0.342263,0.457760,0.606283
0475b50d-b0ec-4831-b516-618746a08524,clean,s4,1,0.729932,0.828253,0.934901
0491da0f-ce69-4b1d-9836-ee239dcada35,fog,s4,1,0.515193,0.659410,0.740597
0492487a-d613-4661-85a5-c2e108e0ae70,clean,s4,2,0.472406,0.570546,0.807314
04a2e60f-8502-4b4c-bf9d-ea3ba289c72f,clean,s3,0,0.074251,0.135489,0.141419
04b215e9-14eb-4b06-80ec-38e86c6cbbf3,fog,s5,1,0.588758,0.736817,0.757637
04b7cb32-d8ef-43ed-8c69-962269d419c3,shot_noise,s4,1,0.491200,0.623002,0.753749
04bbc00c-d256-4164-a194-2db79fefa07f,clean,s3,5,0.283568,0.394231,0.520443
04bcdc2b-f28f-4cc6-973a-36f5e73d6b47,shot_noise,s5,2,0.764233,0.865960,0.869371
04bd252d-ca83-4ded-9ca5-d775ee703975,gaussian_blur,s5,1,0.639001,0.775609,0.798174
04cdad82-f9a6-4e04-8a9c-b34b791cd849,shot_noise,s5,0,0.658624,0.790980,0.809495
04d150f3-f8b9-4f21-a29f-3c575be32921,fog,s3,5,0.545007,0.668605,0.816864
04d19abf-c8bb-4643-ab44-74a5bc4767a6,clean,s5,5,0.842420,0.913747,0.922867
04dc439b-2c88-4313-b2c0-106ca508dac1,clean,s3,1,0.540629,0.609794,0.937691
04e35fb6-23ed-4603-8553-f8343eb3bdf1,fog,s5,0,0.411271,0.580124,0.589301
04e3ffe2-4007-42d8-9f56-2f23ca294d21,clean,s5,3,0.583843,0.737178,0.737515
04e96f68-8a25-4e3a-8137-d6293ab95ad3,shot_noise,s4,1,0.508552,0.663664,0.705627
04ee7346-41ca-4407-be83-3ca8fad2f521,fog,s4,2,0.361414,0.530927,0.530965
052aecc6-e395-4b48-a97d-433b289f01e8,clean,s4,0,0.711248,0.823758,0.873840
052c6dec-1dde-476b-a916-3966317e3a52,gaussian_blur,s5,5,0.478130,0.637511,0.672949
05393eda-0a58-49e8-be62-2fc3c2799abd,shot_noise,s4,4,0.725900,0.833327,0.888325
0541cdde-8a3f-4943-b58b-c7280a14b4df,gaussian_blur,s4,1,0.509903,0.645931,0.758672
056af2c0-4729-4188-9766-8f92080f9b9a,fog,s4,2,0.437178,0.572810,0.691658
056e24a4-6802-41e7-a119-27a8a4200360,gaussian_blur,s5,3,0.446460,0.616119,0.620426
0570579f-38e8-4056-92c0-b9064a5a7087,gaussian_blur,s5,1,0.655198,0.788577,0.806390
0577bd5e-0a33-446e-bc98-09dda74a8946,gaussian_blur,s5,5,0.487766,0.651521,0.667701
057822ea-30f1-4e90-a8d2-db2a63cd8ae5,clean,s5,1,0.682039,0.810967,0.810967
057990b8-74ea-4fed-8915-9bba2850374c,clean,s5,4,0.723354,0.839436,0.839700
057a3509-4431-49d0-8710-db57aa09aaf1,shot_noise,s5,4,0.524075,0.687048,0.689904
057d8941-0f6c-4e97-b984-fef3837edb40,fog,s3,0,0.352386,0.487511,0.586736
057f76e0-8a2f-40ba-864a-afb2f475ae3d,gaussian_blur,s2,2,0.548197,0.633109,0.912773
059b84f9-3191-42a0-a6f6-9ab20786ee6c,gaussian_blur,s4,3,0.465527,0.617319,0.682299
05b3e7ae-4719-4a8c-9e11-6fd33fe1c302,clean,s5,2,0.717561,0.830428,0.865808
05cb9be3-0310-48d2-a46e-b088331a3afb,clean,s5,1,0.366031,0.515410,0.578197
05d3a379-de2e-4197-973a-cc6b0ef124a3,fog,s3,3,0.359964,0.445164,0.681147
05e27291-794f-4e5a-87ca-862a57fb48b6,shot_noise,s5,1,0.735714,0.846830,0.853651
05e5f02c-8789-4517-aa0f-0123707f1684,shot_noise,s4,4,0.760042,0.854060,0.929472
0601742e-b9d1-404e-b6f9-7f54f698a329,clean,s4,3,0.618941,0.733285,0.882128
060c2574-abc4-48c2-be79-dda51f1044b7,fog,s2,4,0.579250,0.667989,0.931120
060c37ee-d933-4108-aee5-8405d2137a21,gaussian_blur,s3,2,0.480569,0.490092,0.961139
06139038-b9e2-4210-bd13-2b0c451a8c4b,shot_noise,s3,3,0.484871,0.587319,0.812437
06167f25-bf1c-4b38-b97d-052d2cc8b0d2,shot_noise,s5,4,0.618560,0.758280,0.789381
061d21ef-a787-4121-b81c-ba10a508d95c,clean,s3,2,0.637170,0.725068,0.972288
061f876e-eadc-4b46-a904-da4f9ce2d959,shot_noise,s4,5,0.565767,0.697071,0.807179
062c2fa0-530a-4eef-b733-21c974e93cd7,fog,s5,4,0.406342,0.575472,0.583520
062dc041-fae2-42b2-8a5d-e4dcb208c174,clean,s5,3,0.163157,0.266279,0.299982
0644f87e-221d-46df-83e5-65e192f4e53d,clean,s5,3,0.554712,0.708189,0.732090
06481587-f1c6-4dce-bcdf-f3d76116cc9f,fog,s3,2,0.478994,0.557598,0.851461
066a6ab1-e00f-48a7-a15a-fb6365b85653,shot_noise,s4,4,0.716125,0.831076,0.855349
066cd7a4-8846-48de-a848-c22be0934b5a,fog,s4,4,0.654570,0.785448,0.818160
06784934-d813-49d7-8395-c36a626ccbc4,shot_noise,s3,5,0.850525,0.914908,0.969972
068778b0-c469-4010-9f73-a577140586bf,fog,s5,5,0.390815,0.561988,0.562008
069216e5-d577-44c8-8a0c-5d49193534a1,gaussian_blur,s4,3,0.472777,0.621632,0.695910
0695c8ce-8f55-4856-a27b-d0b3676a211b,clean,s4,5,0.508278,0.596955,0.865104
069f04b8-beba-4b6e-848a-29fc82bae86a,shot_noise,s5,4,0.727716,0.842279,0.843189
06a52c2f-a237-4b2b-bf8f-978b3e5d4564,fog,s5,0,0.580616,0.731159,0.747733
06a7c29d-c755-4c25-9f76-c36da9c759e2,clean,s4,4,0.694621,0.807925,0.881592
06ac96c1-8d7f-4114-81db-f2d5f18440a4,shot_noise,s4,3,0.804719,0.885575,0.946144
06bf41cc-c751-4637-ac44-0772ca7ad285,shot_noise,s5,2,0.511221,0.674666,0.682411
06d78498-ed7a-4c24-b1fc-817686e3b46e,fog,s3,4,0.753640,0.844374,0.956805
06db6dba-ef70-4b4d-8c02-05ba5c90c6a7,clean,s5,4,0.523175,0.680533,0.707051
06def199-1cc1-4ca7-8246-1f0721bc082c,shot_noise,s4,5,0.180842,0.297955,0.318171
06e702bf-fa32-448a-9b4b-a8d71cb8e45e,fog,s3,5,0.673436,0.779964,0.917973
06ec42f7-3cfd-4d38-bc2d-bcc8385d01cd,gaussian_blur,s3,3,0.469560,0.503679,0.911796
06fd6494-2630-4f63-aed4-ce8507d57341,gaussian_blur,s3,5,0.439816,0.467981,0.879632
070f14c7-b9bd-4845-9c8e-03fc65d68075,fog,s5,0,0.562103,0.717809,0.726286
071102ef-9554-4ebf-94e6-d0e5a3cd8962,clean,s5,3,0.678409,0.808167,0.809584
071ad178-65e6-4b30-a098-896f7d451d2c,shot_noise,s3,2,0.355300,0.464500,0.636005
072651a4-aff0-4a90-a2a0-505ecf3342ae,gaussian_blur,s4,0,0.511585,0.632453,0.797776
07328387-9096-4810-bec3-785c3d9531c2,clean,s4,1,0.490371,0.654496,0.668346
0733c7b5-d1e8-474c-8f27-7e2a09a2845f,shot_noise,s4,0,0.492549,0.580996,0.848587
0734a93e-25be-41d2-af56-d9e01f84c972,fog,s4,4,0.666371,0.792070,0.836901
073de376-3f8f-42b9-b9be-e7f0c56a1a0d,clean,s5,0,0.527405,0.684765,0.709067
0748f60e-ff5e-43c9-9cce-3faad58b80ee,fog,s3,3,0.400962,0.504853,0.708848
074fe00f-e3fe-48cb-bfea-9f3f5600cb05,shot_noise,s4,0,0.553444,0.699530,0.755829
075a646e-fdbe-44b9-8e38-0abec3db248e,clean,s4,5,0.548063,0.682101,0.789730
0766d60f-e24a-4607-b036-be1035cfd1ca,gaussian_blur,s5,4,0.532664,0.690112,0.711125
076a8a81-d669-4839-99a9-3e4186ad2670,fog,s2,0,0.461231,0.479834,0.922462
076bb9c7-4bb5-4f9c-8a6e-7dac094b6f39,shot_noise,s3,3,0.502065,0.622220,0.791006
0771df6c-7436-42a9-a11d-891816aa46d6,gaussian_blur,s4,1,0.804459,0.888792,0.917189
077d84ec-d4d8-4f9d-ad29-90e20f0033a9,shot_noise,s5,0,0.694810,0.809514,0.874590
077ed855-a9b9-41f3-a415-caa4d17f8d79,clean,s5,1,0.539000,0.656936,0.827309
078132b7-acbe-4e94-badc-83b520e1a2e6,shot_noise,s4,3,0.539124,0.697646,0.710195
078506b9-791c-4161-88f1-b1560f07cf16,shot_noise,s5,5,0.387426,0.558090,0.559365
078e4788-4934-41c2-bd18-04a1f516f07c,gaussian_blur,s4,0,0.672561,0.794407,0.852006
0791591f-4397-407d-a6d5-cf1662f6336e,gaussian_blur,s5,0,0.656765,0.788906,0.811408
0798f761-3718-45fb-a0aa-5cc500649d37,gaussian_blur,s4,5,0.571430,0.709293,0.789125
079a22dc-7e94-47dc-bf1b-ef886b5a03b5,shot_noise,s5,5,0.744673,0.853430,0.855179
079bdce4-2d52-4aaf-a8ed-2e43020d61a8,shot_noise,s4,2,0.471840,0.640881,0.641925
07a082ca-b286-4584-9631-e93a0dd5f68b,clean,s4,4,0.608991,0.732208,0.849509
07a3d029-340a-422b-ae97-ae70f59314d0,fog,s3,4,0.590278,0.694378,0.899349
07a72acc-4998-4a1b-b158-e031fb51ceef,clean,s5,2,0.523175,0.680533,0.707051
07b2a5ef-400e-43a6-a142-c1730f8266e0,gaussian_blur,s5,4,0.735636,0.847685,0.847685
07b7dead-4371-43a6-ac6f-a6d707c4693b,clean,s4,2,0.611543,0.742499,0.822855
07b7e768-088a-4c24-8116-d5e525401533,gaussian_blur,s5,4,0.641287,0.778430,0.795047
07b7fb55-8718-4404-8b20-d7f98949d937,gaussian_blur,s2,1,0.521721,0.573576,0.948635
07bc339d-666b-4dcd-aa2f-19ce7b8d142b,shot_noise,s5,0,0.442124,0.613157,0.613157
07c0ecca-0fe5-4fb1-950d-192b744707e3,gaussian_blur,s4,0,0.351426,0.511744,0.537160
07c14328-ae63-4c96-8d2e-58681a5ee245,clean,s4,3,0.639561,0.749929,0.901057
07c968a6-35d8-40ec-b186-fe7f58f9c36d,clean,s5,0,0.389937,0.558471,0.567008
07da799c-6d0e-4911-9ee1-51cc4c3ada0b,gaussian_blur,s4,1,0.593018,0.725175,0.814917
07f774bd-3611-432e-ac5c-0e9d994c53b2,clean,s4,0,0.467361,0.573271,0.786373
07fcef84-1ec4-46fa-bb19-703ac6080349,shot_noise,s3,3,0.491806,0.620811,0.760960
08069c29-4759-46fe-9e2e-558545db94f7,fog,s5,1,0.541268,0.699835,0.710801
08146be5-6f78-44e1-a6d8-ea4ef7dc8a70,gaussian_blur,s5,5,0.426792,0.571847,0.659931
081bd252-776b-4352-908d-0438f74812f3,fog,s5,0,0.539189,0.697436,0.711120
082aa597-d28e-434d-bf50-6d2b1f4ffef5,fog,s5,4,0.556337,0.709085,0.735027
082f45bd-931c-4575-aa8a-279cb4994a11,shot_noise,s4,3,0.814122,0.894315,0.928043
08314248-fd24-43f2-af73-8cc0280efa5e,clean,s3,5,0.463848,0.481246,0.927697
084c26c9-9cb5-4835-9dcf-c9d0fb8d0063,shot_noise,s4,5,0.668788,0.794296,0.836672
084cd765-3c4d-46c6-aa14-93ba5b56ec62,shot_noise,s5,2,0.586403,0.730880,0.770523
08587088-7a76-4deb-b21d-a1e8de2ca062,shot_noise,s4,5,0.754557,0.850945,0.921605
0862d6e3-1960-4d4d-957c-80dfd694e5b9,gaussian_blur,s5,2,0.538794,0.699392,0.703241
08721bee-b4cc-4b5a-b1dc-e79d07010b84,gaussian_blur,s5,1,0.582612,0.727343,0.768995
087b4ec6-bf2b-44b0-b50a-0841a7daad4f,gaussian_blur,s4,1,0.818015,0.898658,0.912144
087d7bfe-2213-406e-9855-7d38e39e55b3,gaussian_blur,s5,2,0.636229,0.776545,0.782745
087efef1-b1ea-4471-a50e-d62753ca9231,shot_noise,s5,3,0.421839,0.555655,0.678252
0883380a-86fa-4f03-b4cc-5f76be24980d,clean,s4,0,0.644208,0.781732,0.792210
088812b3-a81e-4bec-8fb1-551d45899beb,clean,s3,5,0.823988,0.896237,0.973509
088fc3ac-cbd0-41e3-ade2-a09000edb5aa,shot_noise,s5,3,0.584287,0.731027,0.762048
0890605f-71b6-4762-a7cb-44b59035724b,clean,s4,3,0.508258,0.633512,0.784352
089ba60c-dc83-4b9b-8206-d5d85ca8750b,clean,s2,5,0.464747,0.481729,0.929493
08b335b3-7c77-4658-af58-d81d04ce7b8a,gaussian_blur,s4,4,0.154755,0.267983,0.268096
08ba9ccd-8392-4ff1-879a-108bec7cd3ab,clean,s5,3,0.709517,0.824763,0.860416
08c5f2d5-7c44-4b0e-a6d4-c3318c012240,gaussian_blur,s4,1,0.637135,0.765581,0.832843
08cb9550-ac0b-477a-95d1-d505653cbb3e,fog,s4,3,0.292381,0.442019,0.471195
08da7afc-175a-4c98-b78f-87820c2970e0,shot_noise,s4,0,0.784976,0.876697,0.902565
08e264d5-d77d-458a-8db0-50c09e9a6736,fog,s4,5,0.461897,0.630723,0.635141
08e2eeae-4aff-40da-8e93-b1462a2fbd63,shot_noise,s4,4,0.575464,0.709712,0.802256
08e51d27-3f44-40f7-aea2-ad04c81e5157,shot_noise,s5,2,0.419049,0.558455,0.663417
08eb9451-1059-4c77-a2cd-fe8cfccab631,shot_noise,s2,4,0.467435,0.483169,0.934869
09072c3e-57b1-4eac-8402-a43666666cf3,clean,s4,2,0.788868,0.880278,0.896144
0913d7b0-6f5f-4c65-ae08-6bf0faaf6142,gaussian_blur,s3,3,0.319596,0.432513,0.575791
09159663-6686-48bc-a8e8-ef3ebee5b178,clean,s5,3,0.602352,0.748892,0.763552
0919439b-8129-4835-8ce8-e579868c57d8,gaussian_blur,s5,4,0.583026,0.730047,0.760859
092408ed-c091-4e66-b5f3-872c6a90d9af,gaussian_blur,s4,4,0.490009,0.649983,0.679851
09323c30-0d3d-43ca-bf42-4163bd7e00e9,clean,s5,5,0.687948,0.811665,0.833525
0934ca1c-2957-4ad7-99cf-3c2dccfdce3c,shot_noise,s5,0,0.641558,0.779977,0.789227
09411ba4-b8de-405a-b23d-aca65c590759,shot_noise,s5,1,0.622210,0.759687,0.798021
0941741e-04bf-4879-9bb5-9f89a7a75ede,shot_noise,s4,0,0.486474,0.618350,0.749345
0942fc1b-cd68-4d8f-8092-6144badcdd2e,fog,s5,3,0.586030,0.724910,0.790171
094b80e8-754b-42b1-bec3-ed0013e5be8d,shot_noise,s5,0,0.537485,0.698364,0.701861
094bfc66-091e-46d1-ae99-94bca04f7af4,gaussian_blur,s4,5,0.692637,0.809981,0.862781
0950dbb5-3dc3-4203-8ad8-80e14f55a7f6,clean,s5,5,0.618001,0.763791,0.764400
09587820-6203-4d11-a6a3-f64d77a22b17,gaussian_blur,s3,5,0.355264,0.443558,0.669328
095cc347-c92e-4d9b-a6ef-ad2863b1c35f,gaussian_blur,s4,4,0.538791,0.674060,0.780720
09614304-66e5-43ad-86e1-32529e8e97e0,gaussian_blur,s5,5,0.626575,0.769618,0.773914
09624f13-f431-43b3-8e5a-dd53d8861a29,fog,s3,4,0.405429,0.531989,0.673008
096d2ada-8628-406a-9b2b-180ad16b10e3,shot_noise,s5,4,0.565029,0.717384,0.738645
096f06ae-0da1-49d9-a3b8-cbafc68e1cb5,fog,s4,5,0.468092,0.578921,0.777249
0972f370-5e78-4fbb-8552-a5f2de609f23,gaussian_blur,s5,0,0.341734,0.483371,0.559758
097dd92a-6f43-49cd-9763-2389355e5683,gaussian_blur,s5,0,0.677191,0.804666,0.822192
0981b17d-3152-446a-8cc5-17b14db7c6be,clean,s4,1,0.490064,0.648936,0.682955
0988b7c5-ddf9-48cf-a973-d3355300c628,shot_noise,s5,0,0.394709,0.561207,0.576955
098e289e-1a91-4b18-8b4f-18dc9058424e,shot_noise,s3,4,0.589936,0.673257,0.952745
098e591f-3ac1-4b74-9b51-974498ccb4de,clean,s3,3,0.766842,0.854812,0.959125
0996f14a-d3a3-40d4-b6e2-d0b017e24d5c,fog,s5,2,0.478578,0.629576,0.695328
099e9c35-ccb1-4b2b-be53-70c8dae8bcae,clean,s4,3,0.508278,0.596955,0.865104
09a14d9e-cc15-4ec4-ad57-007a3ba3d01f,clean,s4,1,0.465286,0.629901,0.649069
09b346b1-538a-4bab-93b4-eac3b5b33db7,shot_noise,s4,4,0.461348,0.511166,0.877363
09d3dbe3-06f9-4958-874a-352f3b855022,shot_noise,s4,1,0.721685,0.831703,0.877828
09d4d970-099f-453b-9a32-261afa0f2071,gaussian_blur,s4,5,0.407047,0.577751,0.580555
09ea83a6-2267-467d-bfc8-ef6d8143c789,shot_noise,s4,2,0.589139,0.720279,0.817168
09ef4135-2a3e-4768-b4df-6c2a7da0068a,clean,s4,3,0.634739,0.768076,0.813159
09f1d8f5-63be-48e7-8c31-973acc52fa85,fog,s5,3,0.711483,0.829427,0.843125
09f84a87-af19-4585-ab14-8f3be856e0d0,gaussian_blur,s3,4,0.678260,0.778040,0.944576
0a1b7791-7e0e-45b0-9f08-42a1e150f50b,clean,s5,1,0.648407,0.785268,0.793413
0a33f447-fa95-4cfe-b12c-32dc52669494,gaussian_blur,s4,3,0.369866,0.530384,0.560486
0a3c4abd-c096-43ff-a147-eec263e7a57e,clean,s3,0,0.773223,0.861506,0.948683
0a3d7660-81e9-40f5-afcc-7f7b25872be1,fog,s5,5,0.629670,0.770602,0.782155
0a3fe1bc-3697-4c4f-b464-c12d3e0b716a,clean,s4,1,0.570297,0.707714,0.790133
0a43a058-36f5-49a2-b679-5bf5ed881b00,clean,s5,3,0.547341,0.705193,0.715149
0a44f0f4-dfe8-4215-9652-dcc412e104bf,gaussian_blur,s4,3,0.704060,0.812908,0.898085
0a4dbcbc-5d0a-4404-af87-99219d5a38ae,fog,s5,2,0.445724,0.607815,0.639037
0a552fe3-25ba-44b5-8645-590d65a70a18,shot_noise,s5,5,0.357918,0.526341,0.528880
0a5bfb06-8997-4a0e-a93a-c823b035c94c,gaussian_blur,s4,2,0.453316,0.618477,0.637886
0a6242b8-7a69-4bc2-868f-ecaed90821c7,clean,s4,3,0.591260,0.730634,0.789541
0a6ac838-3bc9-4df3-8e97-6f68c571b785,clean,s5,2,0.742354,0.850887,0.860448
0a6ae817-e828-44fb-a488-c2287a8e2dc1,clean,s3,5,0.512823,0.573083,0.923648
0a7ea7da-3e06-4b61-ab0b-5c613f19cc86,fog,s4,0,0.491369,0.634448,0.725979
0a85e9ad-56c8-488d-84e7-52b858c1e094,clean,s4,5,0.439283,0.584182,0.673516
0a968c9f-d030-4e21-8658-37229966d9e9,shot_noise,s5,0,0.740790,0.850581,0.854546
0a98707c-4fe4-494c-87f5-0a17d1c73239,fog,s5,1,0.359884,0.419084,0.718991
0a9bf44f-6838-4efa-a55e-9d4363a7491d,shot_noise,s4,3,0.555011,0.697275,0.768543
0aa5dbc6-63b3-43e8-8fe7-b0359f54b3ae,gaussian_blur,s5,1,0.570676,0.726502,0.727251
0aaed1dc-a584-477b-b043-8aace344ad24,fog,s4,3,0.300740,0.462331,0.462566
0ab3a43a-a980-450d-8f37-50d67562ac33,shot_noise,s4,0,0.485353,0.590542,0.807323
0ab40ed0-2693-4788-8bc2-ff691e5bbc64,gaussian_blur,s4,0,0.678225,0.804225,0.828896
0ab48bbb-ac1a-42fe-bfda-f051f41d7726,gaussian_blur,s5,1,0.793534,0.884345,0.889543
0ab60d4b-54f9-4780-9b77-256f5f996c7b,fog,s3,0,0.599578,0.682368,0.961556
0ac4f81a-97e1-4bb9-bd72-8de059a2723c,shot_noise,s4,3,0.735599,0.842420,0.880917
0ac6f26d-fbf9-45db-9ffd-e465619b7ecf,fog,s4,3,0.355283,0.522521,0.528006
0ad8188f-a81d-4080-b0c7-016ba2bb1727,clean,s2,1,0.555533,0.631434,0.939009
0ad8450a-a933-448a-bacd-a19a0868be38,shot_noise,s4,1,0.862044,0.924495,0.944667
0ada51ca-e60d-4aff-b031-9c228273a85c,shot_noise,s5,2,0.514136,0.678834,0.679989
0adccba2-6bf4-45e4-b247-2f9079b7349f,gaussian_blur,s4,5,0.622671,0.733414,0.895195
0afb11e1-ba2e-4da5-84d2-7e146984d386,gaussian_blur,s5,1,0.538411,0.699916,0.700096
0b06d6c4-2f2a-441e-8bd5-a85fc498c1ff,gaussian_blur,s5,5,0.537558,0.698686,0.701063
0b082b68-4a7a-41d2-89fa-360f951b0019,fog,s5,0,0.435900,0.607081,0.607309
0b0907b6-7744-41c9-a59f-1ebfa3a08708,clean,s4,5,0.677948,0.790572,0.891611
0b099c28-3c43-4dd5-9a8f-fc18b0989d53,gaussian_blur,s5,5,0.367702,0.534705,0.544114
0b13530e-58e7-41bc-8814-3b7ad5285a32,shot_noise,s5,5,0.764011,0.865981,0.868005
0b14737b-3b4e-43be-8eb4-aca3ec3ea128,clean,s4,2,0.780261,0.873663,0.899574
0b161efd-d5a9-4f95-86c0-c35639b0fc5b,gaussian_blur,s4,3,0.501581,0.624418,0.784299
0b2502be-cff8-448a-9066-4bf2181f16ca,clean,s5,4,0.438838,0.504845,0.822336
0b27a38e-dc22-451e-93a5-26319a604a79,clean,s5,2,0.768099,0.868637,0.870400
0b3d254f-509a-4763-bf90-ce86f9de4052,shot_noise,s3,4,0.643846,0.754980,0.899093
0b3f4530-9038-4ed7-923c-713237017cc8,shot_noise,s4,3,0.828439,0.901508,0.953515
0b44a833-c4e1-4bd6-929a-ea0ff83195b9,gaussian_blur,s4,2,0.621359,0.762333,0.783861
0b4ac4ac-f246-42d9-8009-5c29d18aa597,fog,s4,0,0.575217,0.726916,0.742850
0b59d42f-3b0d-419b-9fd5-d10377923ee3,fog,s2,0,0.454944,0.476409,0.909888
0b66b4f6-8a11-472c-a4ec-692de2c780b4,fog,s4,0,0.485353,0.590542,0.807323
0b672b32-2eac-49a3-82e5-52fe6c3c5991,gaussian_blur,s3,3,0.424078,0.559440,0.677621
0b71703d-fe7e-45b2-b04c-2a295c0a8ba5,fog,s4,4,0.540420,0.690858,0.736571
0b77db08-b7d1-4b67-8739-eca130d3fef3,gaussian_blur,s5,1,0.652133,0.782412,0.821760
0b7a7a2c-4bf2-4a7b-8f3f-4570e21e27f0,gaussian_blur,s4,5,0.421537,0.575888,0.633590
0b84d688-aefa-4eb8-918c-bfaead745160,fog,s4,3,0.696051,0.806986,0.892309
0b8f19e5-ac89-437c-bf36-a0b06681599d,fog,s3,4,0.671405,0.784187,0.892435
0b98740d-face-4ac4-8b6b-b01f7afc732b,gaussian_blur,s3,2,0.530369,0.608203,0.909877
0b9aa087-d590-4cae-b14a-6d755d6a2c73,clean,s4,2,0.517462,0.639390,0.800197
0b9c3b3e-74fb-4ce4-bc36-2ac98fbe5ea6,clean,s3,5,0.770800,0.859317,0.950533
0b9ca278-92ec-418f-ab5c-61efa878c553,shot_noise,s2,2,0.470742,0.523431,0.885040
0b9d3aca-cfb3-4c19-a842-268c1520208f,shot_noise,s4,3,0.633020,0.747541,0.885131
0ba06a29-fe40-40c8-93f9-1bcccacbe4d1,clean,s5,0,0.377575,0.542763,0.560006
0ba16aaa-04e2-4c03-9dd2-8fb815bbe7f7,fog,s4,3,0.607703,0.741330,0.812661
0ba94fe9-b79c-45fc-bbbf-aaeede59b376,clean,s5,2,0.666702,0.798248,0.808837
0bba6e5c-179a-43de-b403-dd7f34b9d86e,fog,s4,1,0.405009,0.575938,0.577898
0bc6097c-bbce-4474-8d6c-7b60f1c84e0a,fog,s5,0,0.802310,0.888983,0.902299
0bd44f9a-d332-431d-8604-b11e417717bd,fog,s3,1,0.417221,0.542614,0.689737
0bd8ae23-b993-427f-ac4e-67eb973b1fb9,shot_noise,s4,1,0.729932,0.828253,0.934901
0be052dd-8d2c-4bb5-8927-ce158eace18d,fog,s3,3,0.450824,0.556775,0.767445
0bee7a2c-fac9-4b3d-859c-cb8295f61667,gaussian_blur,s5,2,0.407765,0.567127,0.607448
0bf0b761-6a20-473c-93c1-72245e23f8d6,gaussian_blur,s4,0,0.670257,0.795802,0.835772
0bf29329-282e-4da4-98b8-ea36ead5b53b,gaussian_blur,s5,5,0.403096,0.500546,0.722813
0bfd3a12-aaa8-4e23-ab81-726cefda6c94,gaussian_blur,s3,4,0.375022,0.491390,0.651824
0bffc864-6967-496b-a3e7-9c270dbd0c9e,fog,s5,0,0.644082,0.777087,0.812357
0c04485d-5f44-4d04-90b4-932d696b1fe3,clean,s5,0,0.402549,0.559283,0.607474
0c14c332-8ad0-4826-a81c-8749b1f342e2,fog,s4,5,0.427261,0.593518,0.611500
0c2474d1-1f72-4bb6-ba1f-f797e5799c7d,gaussian_blur,s4,2,0.386513,0.556855,0.559061
0c3fe4e6-1aba-4d0c-8171-cd96fde105b2,gaussian_blur,s5,2,0.442669,0.613639,0.613790
0c40d5e9-b797-48b9-bde5-04565997b6ac,gaussian_blur,s3,0,0.821960,0.896075,0.962000
0c473889-7078-4907-b688-192718a664ff,clean,s3,1,0.668842,0.768916,0.942847
0c49fc99-3b9b-4690-bb7a-f1c888c93c5d,clean,s5,3,0.748244,0.855905,0.856619
0c4afbee-afcc-4c5e-b798-ad911dafd97b,clean,s4,1,0.611543,0.742499,0.822855
0c538141-cc27-4ffd-855a-7861378584ee,clean,s2,2,0.487391,0.493615,0.974783
0c574803-c18e-4e84-bf8c-9d39ea21c775,shot_noise,s4,4,0.494306,0.657309,0.674066
0c6da608-c4d2-44d4-a6bc-12abf7b515ef,fog,s4,3,0.595955,0.742579,0.763355
0c720b70-78c9-4baf-a8f6-5a0ec7d71155,shot_noise,s4,4,0.706440,0.813178,0.907144
0c86a65c-426c-4dc3-a6b1-f6ed117cff1a,gaussian_blur,s3,4,0.415224,0.532204,0.703495
0c876f2c-d575-4370-bb27-16131baf6fcd,gaussian_blur,s5,0,0.666998,0.798049,0.811077
0c88a570-c4b2-4f4e-8865-add71766a056,shot_noise,s4,5,0.308704,0.471633,0.472032
0c88bde5-92bb-459f-8edd-7d9677352fc8,shot_noise,s4,3,0.744392,0.845442,0.905397
0c88e20c-bfb6-481a-85db-c26fbfcc955d,fog,s5,0,0.709522,0.824760,0.860453
0c9ca33a-0d6e-4430-b720-00f87d45a42b,fog,s5,2,0.768146,0.867289,0.880795
0ca2e20a-90db-457a-81e5-1bb92c22dec6,gaussian_blur,s5,0,0.645375,0.782778,0.792267
0ca921d0-a3c8-4f42-a4fc-75f22ba2846d,fog,s4,4,0.672255,0.799268,0.827634
0cad011e-b613-40f6-b7a1-642cbb0b4ace,gaussian_blur,s5,5,0.665744,0.798743,0.802276
0cb00bdd-dfe7-4af3-bedb-3bc1dee38252,fog,s4,5,0.449291,0.574555,0.726867
0cbcda85-ef7a-4088-8c69-f40f8fa11118,fog,s5,5,0.372639,0.433624,0.735984
0cbfa5e9-6090-4f3d-8365-05f50d20c518,clean,s5,1,0.527485,0.663751,0.770679
0cc443ac-b453-4674-af57-8e0d3ecbc491,shot_noise,s5,1,0.612770,0.752094,0.791376
0cca7e85-b446-48dc-8131-f80b8b318f85,fog,s5,1,0.445743,0.536956,0.788691
0cd35e77-ac1f-4987-8dde-971738ea5c28,fog,s5,1,0.480179,0.630983,0.697125
0cda4073-03ba-49a9-8cb7-e2d8435e2ccd,fog,s5,0,0.446731,0.606651,0.645339
0ce18e85-5e83-460b-b4af-38ee587faaf2,fog,s5,4,0.606085,0.744224,0.795833
0cebf935-7ded-4e52-ac6f-8d56859756cd,fog,s5,2,0.466043,0.587955,0.751860
0cf2784c-5787-456d-a34f-e61b1308c67e,shot_noise,s5,1,0.709703,0.827074,0.848315
0cf7905c-c53f-4054-bab6-3b144ea30f95,gaussian_blur,s5,5,0.513993,0.673573,0.695586
0cfee876-a541-4dd4-bfcc-9940712a3822,clean,s3,2,0.517111,0.582360,0.919579
0d071315-0d99-4d89-b037-049fe91bb929,fog,s3,4,0.107211,0.176563,0.214421
0d10a9db-97ba-420c-a568-4745bf166a1b,shot_noise,s4,2,0.691902,0.812709,0.845605
0d16eae9-ab72-4188-b603-86d5663a20dd,shot_noise,s4,3,0.643920,0.779711,0.800123
0d18b67b-421b-4074-9472-d9b80920f8a3,fog,s5,3,0.769107,0.869081,0.872587
0d2183c6-590d-4a2e-b2bc-e3c0c0986589,clean,s5,5,0.815214,0.897839,0.901752
0d2ae88c-9f2d-404c-b7b1-01c096359f31,fog,s5,5,0.241797,0.325961,0.483595
0d361401-2c4b-452a-9f54-e8e44c9857eb,fog,s4,0,0.679261,0.807025,0.819232
0d3b933f-fc72-42f3-b30b-937b31739414,fog,s5,2,0.455068,0.625457,0.625592
0d41c84f-1eb6-4f8e-8fb8-270d6a24ace2,gaussian_blur,s5,4,0.492527,0.654090,0.677050
0d518d29-f9d4-4579-89bd-ddd9e1338823,clean,s3,5,0.552882,0.675946,0.823553
0d5782a8-0fd5-42e3-9b85-ba9a9aff7411,clean,s4,2,0.438591,0.565470,0.711654
0d58ee1d-57bf-4748-b106-4ee2d8cba3c8,clean,s4,2,0.244629,0.389783,0.398523
0d73606a-58eb-49a0-8096-91e50fea6790,shot_noise,s4,2,0.714122,0.827130,0.868461
0d7e0b6a-36a9-43cc-a566-d86db518d798,shot_noise,s4,3,0.604262,0.730800,0.836979
0d82e909-c4db-4e67-a3aa-571171bc2031,clean,s5,2,0.834351,0.909696,0.909696
0d8ca409-acda-42a7-92d6-a7c6ed891178,shot_noise,s4,5,0.614155,0.730481,0.874053
0d9df53d-545b-49f3-8809-1a9f6402d4bf,gaussian_blur,s5,0,0.529719,0.665735,0.772853
0da4d122-cfca-42c3-ac4a-e17b8f8949dc,clean,s4,0,0.404404,0.575245,0.577472
0da87d08-7207-46e1-a95c-c16cc15e366d,gaussian_blur,s5,2,0.409839,0.552830,0.645285
0daa0a68-18ef-4eeb-8dd4-b7c0d2c7aba3,clean,s3,5,0.052669,0.099303,0.100916
0db761e8-1fb5-45f7-b6ff-f04e866f7929,clean,s4,5,0.472034,0.639307,0.646960
0dbbbe5c-04f9-4a43-9d12-46cd82e90fb2,gaussian_blur,s3,2,0.110099,0.180460,0.220197
0dc5c575-e55a-4613-8df7-c13dcfafb9df,shot_noise,s4,5,0.619489,0.761996,0.777845
0dcae359-3c9e-4ae0-a22d-48eb255fcbe1,shot_noise,s5,2,0.615002,0.759742,0.769391
0dd230ad-7b25-4c45-847d-1a452586eff0,shot_noise,s5,4,0.535018,0.696613,0.698636
0ddbe6de-62ee-415a-a959-a83643ba0a88,clean,s5,4,0.787683,0.881067,0.882635
0ddf788f-594e-4b3e-866d-f9120c6c6cd9,gaussian_blur,s5,4,0.450486,0.620629,0.622529
0de767da-8575-4556-a334-ce2d52a25904,shot_noise,s5,3,0.421403,0.457349,0.842805
0de8218b-6ffd-4029-b995-c9d4438f3dfd,clean,s4,2,0.526843,0.630412,0.851628
0dec58fe-d69f-4d77-8b09-3325c658e9a3,clean,s3,0,0.363250,0.498563,0.601429
0e153640-4153-4804-afe3-bca074788b22,gaussian_blur,s5,1,0.379260,0.469088,0.702249
0e15ccb6-c44c-40ef-9326-3192ae21ae46,fog,s4,2,0.652545,0.772222,0.866677
0e1cdb8e-26cf-4a53-b413-12d6eff215e8,clean,s3,0,0.770487,0.859106,0.950293
0e29d1ba-c2a6-49da-9b68-c92845418756,fog,s5,2,0.668323,0.800608,0.804118
0e49c8f5-00ff-4ac8-b989-9e9d3ac8dca4,gaussian_blur,s4,3,0.580118,0.730374,0.748725
0e562884-8f16-4296-9ba8-fa0c6f698f0e,gaussian_blur,s4,3,0.420111,0.456587,0.840222
0e5c8744-abcd-4d76-b0ba-5295e8e9bbe8,shot_noise,s5,1,0.464276,0.626808,0.653776
0e607a93-4a4a-4246-b3b3-95f664c6aa48,shot_noise,s4,2,0.459307,0.627800,0.634016
0e68d9da-e81c-4f78-9a81-d1fbf332f00f,clean,s5,1,0.790996,0.882062,0.893828
0e6c9ca1-661d-4db5-b24a-f8aba3b67e5d,shot_noise,s5,5,0.412076,0.582072,0.587410
0e759a36-3267-4ca6-8fd2-1c25118d2639,shot_noise,s5,2,0.392632,0.439859,0.785264
0e8a25df-e0a3-4521-a17a-dff1babeba29,shot_noise,s4,5,0.691339,0.806972,0.872071
0e9be097-a69b-4401-a110-e1054a8a9c60,gaussian_blur,s3,4,0.538298,0.653365,0.834000
0ea2ae70-4bb2-4ae3-bcb3-7d543784c6eb,fog,s4,2,0.532495,0.643373,0.839532
0ea36ca0-7828-4e1a-ae78-e211c1260f82,shot_noise,s4,2,0.500780,0.646585,0.726144
0ea87032-53cf-4147-a9b4-9677b227a59c,clean,s5,3,0.632588,0.768445,0.803045
0ebf959e-7ca4-4d7a-b7cd-38e7c58eb1b8,shot_noise,s4,5,0.656712,0.785768,0.825563
0ec15b53-6fe8-4b10-b42c-4a72064afb79,shot_noise,s4,5,0.568441,0.719000,0.745664
0ec7d880-f5c4-4aa1-9fbe-db9d40034239,shot_noise,s3,3,0.443464,0.470038,0.886928
0eca4f5a-f8d1-439c-a817-a34856a564ba,shot_noise,s5,0,0.311296,0.383702,0.622592
0ecaa995-8b21-4bbf-9235-66dae085dbdf,shot_noise,s4,2,0.747944,0.852504,0.878138
0ecc7f43-5348-4fad-af97-38cf47b189e6,clean,s4,0,0.639561,0.749929,0.901057
0edf78aa-ed34-44b5-b622-68dd8032b318,fog,s3,1,0.592733,0.681252,0.942085
0ee0794d-e128-4a49-b83f-6e601584412c,shot_noise,s2,0,0.463326,0.514638,0.877631
0ee11f1e-0366-4028-acee-912750041392,fog,s5,3,0.699323,0.821201,0.833461
0eeb39a1-ef1b-4171-aa51-adc7934acc2e,shot_noise,s4,1,0.395281,0.494647,0.708973
0ef40b7a-caae-4781-9545-10eefcca1c99,clean,s4,4,0.442426,0.566278,0.722202
0efaf11f-2559-4ac3-a7f3-6beee84e6871,fog,s5,4,0.444590,0.607246,0.636602
0efdd023-3ee3-4921-b318-26a823a62ad1,shot_noise,s5,3,0.564032,0.717415,0.734837
0f016dc0-0ae2-4f11-8e4e-ae5e57c700c1,gaussian_blur,s5,5,0.558453,0.703878,0.759896
0f03a680-42ce-4794-8799-1110eea63e1e,gaussian_blur,s3,3,0.542028,0.624867,0.911307
0f085a09-2fb9-4b3d-9944-6d9c15b36ee9,clean,s5,0,0.765698,0.867056,0.869168
0f0a3ace-9e57-4232-a9d3-27acda450afd,fog,s3,3,0.298398,0.429125,0.513093
0f0e9d99-b8c9-4cc9-987b-a70514e043e1,shot_noise,s4,3,0.744708,0.841818,0.928647
0f246cbd-f641-4e1c-8127-8134b3e0319b,fog,s3,0,0.549343,0.620231,0.943216
0f2c4c07-3f6c-470c-a568-7468da9f333a,gaussian_blur,s5,0,0.337956,0.464962,0.580357
0f2f21d1-78ab-4dfa-bbd3-5b547ad5b65c,shot_noise,s4,5,0.564017,0.699893,0.792380
0f3cbe0a-a961-4655-9493-9fef3e1305b2,clean,s5,5,0.510998,0.666030,0.707339
0f4316bf-c23b-49d1-b21a-75f0847d2392,gaussian_blur,s5,1,0.738312,0.849459,0.849460
0f43c305-fc40-40b7-a615-bfb0a7e9d970,clean,s5,1,0.792146,0.882863,0.893893
0f54171c-eb19-471e-b91b-4162af5854b0,shot_noise,s5,1,0.486380,0.641591,0.690325
0f5518f9-48da-426d-87ae-0cb595c38a5a,fog,s5,5,0.523272,0.674720,0.724901
0f5cc5e5-3f6b-44d3-a263-832be90b00ca,shot_noise,s5,5,0.624693,0.767837,0.773998
0f6cf5f6-0370-4244-9bea-cb04251d5d4c,fog,s4,4,0.521517,0.684398,0.689083
0f725c47-6ba9-4a6d-8823-070206451c7e,gaussian_blur,s3,5,0.560908,0.646069,0.923893
0f792ed6-f5f5-43c1-b202-d78bb33f1100,clean,s3,5,0.562270,0.683123,0.835595
0f7c2212-90a0-4f1f-85ad-0f0041c13dee,fog,s5,4,0.422087,0.479127,0.813417
0f7cad57-9bb9-48d5-a00e-a7e20c3c56e5,gaussian_blur,s3,3,0.383186,0.471366,0.710498
0f80d5fc-9457-4f0f-b181-bd82a9676d5a,fog,s4,5,0.267569,0.421887,0.422679
0f8a1fb5-56cf-4933-ab69-fa3754a92f36,gaussian_blur,s5,2,0.383424,0.535733,0.594331
0fa1fe40-beb1-4002-8e43-218cee308689,gaussian_blur,s5,4,0.695459,0.820221,0.821259
0fad08b5-b875-4c03-aeb1-e75d2421d439,fog,s4,1,0.286802,0.444137,0.448676
0fb00ef0-1f39-42df-b769-69d982c925ba,shot_noise,s4,0,0.626431,0.763613,0.798661
0fb21613-53d2-44c7-908b-6bec0f1598d1,fog,s4,4,0.282066,0.430467,0.456786
0fbc3f9e-c817-416b-9d0d-d87f044d012a,gaussian_blur,s5,1,0.782333,0.877192,0.883441
0fce9077-0b20-42c4-a1af-8503de5e503e,fog,s3,1,0.501875,0.550801,0.929976
0fd6a80d-f206-4d2d-be2b-a070aaae8c70,fog,s5,5,0.419668,0.583217,0.610424
0fd6d928-25e1-49f7-96e4-915e3d711787,shot_noise,s4,1,0.629411,0.751537,0.857184
0febd220-18ec-4c4e-97db-22319a1067a1,gaussian_blur,s5,4,0.415351,0.583568,0.594979
0fee511b-da59-4ca1-95fd-0d2f04855d38,clean,s4,5,0.766488,0.859524,0.926800
1001da5f-6da7-40d7-af1a-b002fe432843,gaussian_blur,s5,1,0.565171,0.717230,0.739707
100d0c5e-59b7-4d86-95d2-ed1c5213b507,clean,s5,3,0.625242,0.767186,0.778985
102520a1-8c8f-4ce5-811d-62ed342701a3,fog,s4,0,0.532048,0.667973,0.774625
103c2bd4-2ca1-4972-b3f4-bb11738a32c8,clean,s3,4,0.637034,0.733487,0.946341
10567bf6-7b67-4ce0-937c-ef115e75e961,clean,s4,2,0.685517,0.810455,0.829067
106c1a68-843f-4589-aba8-f0192c236b55,gaussian_blur,s5,5,0.516357,0.677023,0.693514
108c26c2-31c3-4f80-ad7d-6cee149e4570,shot_noise,s5,5,0.358916,0.524618,0.535856
1094567e-f199-4b21-96f7-de357c6b195b,shot_noise,s5,2,0.825404,0.903957,0.908465
109ea532-2ca0-4f79-a3e1-f8a96ba50f1a,gaussian_blur,s5,5,0.495042,0.649289,0.699186
10a2e516-1d0f-4cc6-beed-ed4b35d85ae3,gaussian_blur,s5,2,0.524694,0.686917,0.692555
10cb2daa-19e9-4abe-b288-579290789051,gaussian_blur,s4,1,0.429684,0.597383,0.610296
10dc6ddf-cfb6-4972-a53c-71f30f78012e,clean,s4,0,0.704210,0.819676,0.863922
10dfc70a-79a0-4651-9b4c-dee4c23968e1,clean,s4,1,0.554142,0.691055,0.784524
10e5f60c-94cf-4f04-add7-142ed15ccb44,shot_noise,s5,0,0.425428,0.595822,0.599611
10faa80f-14e1-467a-904a-859694ec47a2,fog,s4,2,0.497307,0.636903,0.739634
10fd1587-94d5-46eb-962f-8f91408c4d7c,fog,s5,4,0.481573,0.644419,0.666015
10ff4ac2-1256-4c92-858b-2c946fc6b028,clean,s5,0,0.754063,0.859180,0.864124
1119524e-44ca-447f-955a-d280fc8c6524,gaussian_blur,s4,5,0.634286,0.774229,0.785061
11197461-df3a-41f6-8f44-4eb1a90c3380,shot_noise,s4,1,0.703649,0.822626,0.845349
111b9d55-a80e-4725-90f4-357c575120b2,fog,s5,1,0.545807,0.706148,0.706277
1121a507-2ae3-4f8d-a381-382b48392795,shot_noise,s4,3,0.618013,0.750886,0.816219
1122936d-335b-48c7-90cf-b222a3af9766,shot_noise,s4,3,0.562678,0.672613,0.865333
1122a055-f223-4ffa-bc69-9330a6cecb1d,clean,s5,0,0.438094,0.578240,0.682843
1124e447-683d-4a59-8021-863b68f35ce5,gaussian_blur,s3,4,0.478110,0.488810,0.956220
112ae169-b720-477d-b13b-14926db6d15a,gaussian_blur,s5,1,0.516608,0.649481,0.771952
112bf52e-1aa7-4c49-879a-195a605ec66d,clean,s3,3,0.584649,0.695245,0.877824
112e06d2-76f3-4e37-a91d-559dca0585eb,gaussian_blur,s5,2,0.735968,0.847818,0.848480
113b1340-0746-426a-aabf-6ea1d7d2eab2,fog,s4,0,0.749033,0.854340,0.871417
1141c3b9-c1be-4d74-87c8-5962d985fc41,shot_noise,s5,0,0.779419,0.876032,0.876086
11645821-4e84-4f73-9660-98b40a716277,fog,s5,0,0.356604,0.498442,0.580139
11725a46-8ded-4ca7-b92f-405dbae489d5,gaussian_blur,s5,1,0.479030,0.624103,0.710704
11771127-13c0-42dd-909d-9454560b02a3,fog,s5,1,0.658909,0.784432,0.840577
1178d14a-3ab4-47c4-a673-35b2c49dff19,shot_noise,s4,4,0.641623,0.765414,0.851088
11833c85-c62a-453b-aa5e-de5648485e98,clean,s3,5,0.355089,0.475681,0.616395
1193084c-3074-4428-88da-625855915c66,clean,s4,4,0.796678,0.883133,0.918507
11984feb-644c-4a8d-8b5d-2fd9122b0772,fog,s5,0,0.740790,0.850581,0.854546
119c3106-5ec7-46cd-b18b-6eb117c7ecfd,fog,s3,2,0.499138,0.578728,0.872827
11a5b045-7fa6-4177-9aee-6157cae3dfd2,fog,s5,4,0.273952,0.422594,0.443051
11ba1869-cefe-4f65-88d5-6f05e28f30fa,gaussian_blur,s4,0,0.793006,0.881566,0.909796
11bb9152-5178-4e36-aae6-1d8105fcbd26,fog,s5,2,0.474353,0.639316,0.654997
11c217b1-dd82-4bf5-b2db-a4b96c513f5b,gaussian_blur,s5,3,0.791451,0.883114,0.887629
11c787a1-48c7-4dde-ae2f-9b11df1263f3,fog,s5,3,0.387140,0.545760,0.585536
11d48db7-286e-46c5-8166-ccc9e6560035,gaussian_blur,s4,3,0.473315,0.619053,0.704112
11d60b25-d6e6-40cf-8247-80400a699411,fog,s4,0,0.525124,0.666796,0.754160
11d8ba11-6827-4210-9b38-ee6aba25f2d0,fog,s4,4,0.523816,0.630915,0.840832
11dc1335-a07d-4dea-90fa-77bb69c0763b,shot_noise,s5,4,0.633588,0.772153,0.791275
11e0e64b-5ae9-4bb2-a6c9-b25d0a6c80d3,fog,s3,4,0.433642,0.558032,0.711114
11f861b5-5bc1-4d6f-acf7-0942c3b8166c,fog,s5,4,0.573889,0.725818,0.741823
1202722f-3e8a-4865-bc35-39374b9c01db,shot_noise,s4,4,0.649690,0.755399,0.919508
1207a646-0ba9-4a59-93b7-320bf07bfc4c,shot_noise,s4,0,0.616567,0.752066,0.806145
120f768e-9e93-4132-9b32-b11b5a3c23f4,shot_noise,s4,4,0.651335,0.774276,0.853463
121d2683-85fe-41a4-817a-ee23def55b4a,clean,s5,3,0.496067,0.661526,0.667995
121fde69-373d-4f1b-981f-f2e668f606c1,shot_noise,s5,3,0.612560,0.728403,0.875099
12288178-7d15-46e2-bf0e-5230992d9f77,shot_noise,s4,1,0.625700,0.763365,0.796787
1233ee1b-cb1c-4850-800e-0f1853343d81,shot_noise,s4,5,0.788328,0.875891,0.927936
124b3744-44c4-47ef-942f-a23c4bbc63d8,fog,s5,5,0.372093,0.495335,0.635578
1255bf3d-b12c-46c9-91ec-68620c6f263c,clean,s5,2,0.458172,0.626839,0.632655
12593067-bee4-426a-90ed-4a431ce899d7,gaussian_blur,s5,4,0.571887,0.727325,0.728811
125b3b30-38c2-4e30-ab58-1f2caab7aa3a,clean,s5,1,0.691860,0.815867,0.828739
125b5847-4320-4890-990d-a723b86bfbcf,clean,s4,3,0.632940,0.766928,0.810773
126a4683-fb57-4a5e-a798-532f24b028dd,gaussian_blur,s5,3,0.639169,0.777253,0.791616
1275a13e-0778-4fd8-95d7-b36c45db4213,shot_noise,s4,2,0.707078,0.821358,0.867872
1277b579-3f04-489d-b40b-1c52ec3c88a7,fog,s5,5,0.369751,0.498203,0.622939
127a59eb-048c-427b-ad8e-df0b9885b0cd,fog,s5,3,0.478826,0.647345,0.648233
1290b810-1677-4330-bd04-ca2692d2ebd1,fog,s4,2,0.323194,0.463499,0.535117
1292ede5-d3cf-490f-a301-8c5dd807667c,clean,s5,2,0.427456,0.469685,0.842576
129496d3-bfb1-4c54-a308-d2f710e9eb13,shot_noise,s4,0,0.333800,0.400336,0.667600
1299b72c-ca24-471e-9739-98a31516343f,fog,s5,1,0.740734,0.850232,0.856581
12a4b5e0-eda1-4adf-9a46-40593bb2f2a1,fog,s4,0,0.437188,0.561367,0.715606
12b01da1-6a90-4514-aec1-44f6e233bb38,fog,s5,2,0.341139,0.478901,0.565975
12b0d6ab-851e-4d6b-9503-18d684a3e1cd,clean,s4,4,0.729932,0.828253,0.934901
12b56bc8-475c-40e9-b33b-ff437959bd46,gaussian_blur,s3,4,0.556036,0.649473,0.900715
12bd7d3f-e177-42b7-b46f-b3a58bfc3d5e,shot_noise,s5,4,0.319488,0.389863,0.638976
12c52820-f444-473a-aeb7-4ec252d0942c,gaussian_blur,s4,1,0.684224,0.809305,0.829315
12d5c1c1-0420-488b-893d-239288b0d7a8,gaussian_blur,s4,3,0.678665,0.804455,0.829659
12d5e939-ea99-4cde-ba91-330cd220916c,clean,s4,4,0.714333,0.823156,0.891099
12d6797e-c2c0-4322-b99b-8a7625c805a1,gaussian_blur,s5,4,0.359338,0.457772,0.659496
12d90006-f3ff-4bca-aa2d-1f1b6e9d5ce8,gaussian_blur,s2,5,0.447322,0.472196,0.894643
13078667-9181-4fce-9655-9a293db428ca,fog,s2,0,0.322869,0.427411,0.594187
130afcf8-5c09-40e4-a7ba-fc1343c4ca56,gaussian_blur,s4,2,0.643182,0.780864,0.791909
131c9e73-a6cb-4bc0-8ef6-7c509bea4c9f,gaussian_blur,s4,0,0.584835,0.702381,0.857851
131e5ed0-ca29-446d-a67c-43b4cd49c72a,fog,s4,2,0.486072,0.645129,0.679648
13247b55-f035-47a0-8f95-2685f540902a,shot_noise,s5,4,0.559953,0.707215,0.754437
133542b7-122c-40c9-8e23-8490ff589050,fog,s4,5,0.396464,0.566500,0.570837
13412ddc-c0f5-47bc-8ce6-6a9ab5ee8c82,gaussian_blur,s3,3,0.381831,0.511220,0.637395
134246c4-de6b-4cc3-8ed9-af1798513996,clean,s3,0,0.434698,0.507919,0.805253
13587751-aca7-4e28-a06d-cfccc72498f4,shot_noise,s5,1,0.718673,0.827363,0.888145
13797c8a-30df-4a08-8284-812bb0d40940,gaussian_blur,s5,0,0.615492,0.759656,0.771687
137b72db-4396-45a9-a3fb-f6f17c4123fd,fog,s4,5,0.167368,0.286401,0.287225
13818f08-93cc-4f5d-baf4-09580719bc8e,gaussian_blur,s4,0,0.484773,0.589351,0.807970
138500d9-d116-4f94-8664-afe7d93f639e,fog,s5,4,0.607249,0.755073,0.757947
1392dc1d-7515-45a7-a30b-7711ec3ac494,fog,s4,2,0.521894,0.672681,0.726075
1396231f-92f2-4de3-b600-a2dd1dbebde2,shot_noise,s5,5,0.533627,0.680122,0.745233
13ae7873-137f-4712-a3ad-e57aa08665a5,shot_noise,s4,0,0.722325,0.836123,0.854987
13ca82d7-ab8b-44f8-8d92-831c4888c1e0,fog,s5,2,0.506770,0.650666,0.735611
13d06fc8-e223-4508-bca8-2d388d95dbf5,shot_noise,s5,3,0.179981,0.304390,0.306016
13daa765-e36f-4b89-8c3c-4223c3e6f225,fog,s4,0,0.351426,0.511744,0.537160
13df9147-bc28-4f5f-89ab-715864e2a845,shot_noise,s2,3,0.305400,0.410505,0.565269
13e59b82-dd13-4ea4-8767-3300e46c98ca,gaussian_blur,s4,4,0.663807,0.782759,0.867808
13edbf5b-9a0e-4a8a-980c-163af9edc885,clean,s4,1,0.259458,0.407665,0.419360
13ee6f3d-1135-4b6f-a229-48bbfd343412,shot_noise,s4,2,0.535322,0.676403,0.762048
13f03149-6577-4885-9595-9f5b265e7521,shot_noise,s5,0,0.773131,0.870446,0.884443
13f59d8b-76d8-45d5-9987-a602e2cae282,fog,s4,1,0.467441,0.614776,0.694992
13fdcac1-8f64-481e-90ec-ebdf1a43c3d6,clean,s5,5,0.605950,0.749190,0.776325
13ff5a1f-a3b0-4e19-ba63-c4fe58c2aeb2,shot_noise,s4,0,0.454134,0.622311,0.630701
1400ff47-c298-4eb4-9911-c249fa18aaa2,fog,s4,5,0.300915,0.461248,0.465168
140761ba-0166-4a61-9799-050c6eee298f,fog,s4,5,0.716774,0.830736,0.860360
140baaf5-bfdd-4a87-8005-6b065164dc0c,fog,s4,4,0.677849,0.795075,0.871056
14121ce3-f314-4731-a940-30a2004dea48,clean,s5,1,0.768391,0.868366,0.874059
141e0201-81e8-4158-89fc-f8f4737ba013,shot_noise,s5,1,0.525939,0.684910,0.703362
142a3d5e-8a90-43d5-adfb-afdc9f025e69,fog,s4,4,0.329260,0.474995,0.534276
142c2e4f-0586-4911-b8b5-696316822362,shot_noise,s3,2,0.445075,0.470941,0.890149
14412e94-50e7-4951-a0ba-9c0c94925ac2,shot_noise,s5,3,0.705193,0.823886,0.845435
14464083-60f2-4939-8c7a-e95ed5dcdf49,clean,s5,0,0.550268,0.709617,0.710880
1446450b-fae4-422a-8191-ecc6d81b5942,clean,s2,5,0.634899,0.723079,0.970252
1468b4f2-a8dd-445f-ab5e-e9aa3fede788,gaussian_blur,s5,1,0.693169,0.818449,0.820625
146c9470-3b86-4b81-99d2-4c3cec7df526,gaussian_blur,s5,4,0.637600,0.776975,0.786438
146ca8cc-cfd1-40e8-9fff-540384a8eb93,gaussian_blur,s4,4,0.557760,0.662280,0.875483
1484700a-d549-47c4-a8a8-aee62e2682a2,shot_noise,s5,3,0.251300,0.381928,0.433589
148a2634-4acb-4951-a9cd-ac4eed55f299,clean,s5,3,0.751616,0.856013,0.873368
148ca2c4-fde2-4c3c-9990-aa5a7c709966,gaussian_blur,s5,4,0.607049,0.754812,0.758216
148ec26c-cbce-4bcb-9198-74f4a854c28f,fog,s4,1,0.579749,0.730601,0.746507
1493c56c-0964-473a-9cdb-3334d68b812d,clean,s5,5,0.797316,0.887022,0.889067
1495a2fe-9757-42b0-b8cc-79ffd245800a,shot_noise,s4,5,0.528999,0.657290,0.793102
14acd7a6-532e-44c6-866f-79b005e5d28e,clean,s5,2,0.687948,0.811665,0.833525
14bae2a5-906a-47ae-bf65-1932fd2cb535,shot_noise,s5,5,0.632820,0.773067,0.784192
14bbd9f9-5251-4785-81c2-a0d88a306e41,gaussian_blur,s3,4,0.548301,0.619416,0.941707
14bd1490-c762-4546-8096-3ff5703b0110,clean,s4,0,0.648305,0.770836,0.855562
14ce4612-05f7-4a60-b35d-8f6450ae580e,shot_noise,s5,1,0.529661,0.645296,0.825658
14d1124d-2daf-478f-8e8b-3d290f3189cf,shot_noise,s4,5,0.571004,0.723798,0.738264
14d8975a-f7bd-4674-83fd-30100083b879,clean,s2,3,0.322869,0.427411,0.594187
14d8ec2c-e03c-4cd1-9a61-0a63383b9783,gaussian_blur,s5,0,0.411271,0.580124,0.589301
14da3339-1b84-424d-bf44-7e44772f6568,shot_noise,s4,0,0.818973,0.898735,0.917696
14da6390-73f3-477b-b667-584b03a5b928,fog,s2,5,0.494060,0.497012,0.988120
14ddedd0-3a9f-491e-84b7-b13237f8ff52,fog,s4,1,0.615874,0.760248,0.770751
14f36b16-40e8-4adc-80fc-986c0e3fc982,clean,s5,4,0.356906,0.498560,0.580897
1502e0ca-0c6c-449e-9f5f-d4d86b9ccb12,clean,s2,2,0.458856,0.500182,0.886917
15052b48-9cc2-4709-867b-6ea71e57373e,shot_noise,s5,1,0.712654,0.832204,0.832331
1509e22a-dc50-4e68-a29f-5bf282d20e68,fog,s5,1,0.558303,0.706821,0.749744
152d4839-5072-4879-b125-951ae6250768,gaussian_blur,s4,4,0.671761,0.781930,0.903287
153d218c-aff6-4592-80ea-cd67f82d2de7,shot_noise,s5,0,0.260476,0.393425,0.446059
153ff8d2-fc87-4440-bb6e-af2e453ce8d9,clean,s4,3,0.437021,0.561210,0.715394
1542c4ba-f85c-4aae-9714-0ecdd1ea2331,clean,s3,2,0.827599,0.898719,0.974277
155049b0-1bb4-44d8-9c90-d26b028fa026,gaussian_blur,s4,1,0.810249,0.892013,0.924507
1550a6c2-d60f-4e4f-a9cc-03abbf8f7863,shot_noise,s3,4,0.539404,0.605085,0.943153
15555e52-15d7-4884-a198-12e858e8a7f8,gaussian_blur,s5,3,0.818037,0.899546,0.903561
15575926-8d04-4bb8-96b9-725bfd0f6950,gaussian_blur,s4,1,0.633711,0.758962,0.845621
155f7efc-4722-47c5-b29e-7c28b8b93b85,shot_noise,s4,2,0.413302,0.501501,0.752123
156009a8-bfd9-45b7-a3c7-2fdbaf086569,fog,s5,3,0.501340,0.654281,0.707125
15601999-b04a-443a-bd60-bbb81fb634ed,shot_noise,s4,4,0.493449,0.643678,0.708923
1568df80-7fcb-483f-b8b9-92a6215b2681,clean,s5,0,0.708054,0.823611,0.860064
15774259-01d1-4872-a1a8-d67e61df5fe3,clean,s5,0,0.496067,0.661526,0.667995
157b52fc-e9c8-44c0-8f58-4c9fe2be8b0c,gaussian_blur,s4,2,0.716617,0.818935,0.923190
157ff9ea-2ccc-4529-8638-d02a0143baf3,clean,s3,2,0.450588,0.542432,0.793499
15920162-89d1-445b-ae20-eba33d1448fd,shot_noise,s4,3,0.190257,0.313170,0.329184
15ad5156-625a-4005-8e07-1445db66d415,fog,s5,5,0.564147,0.688524,0.826728
15b08aab-ab24-4c4b-b1af-65eb689f06c6,clean,s4,5,0.647011,0.778456,0.818282
15c57360-9457-46e7-9f4c-af24c270130f,gaussian_blur,s4,3,0.570779,0.709493,0.786139
15ccbc9e-6655-43f3-8489-868325dd4763,shot_noise,s4,3,0.373013,0.540844,0.548808
15d7808e-3665-4251-94ae-add639483202,gaussian_blur,s5,2,0.586130,0.737373,0.745528
15dad3c5-441b-4c02-87ef-5516a7f6c7d1,shot_noise,s5,4,0.622360,0.767130,0.767648
15db87c6-904a-4ad8-ab38-87d5d394972a,fog,s4,1,0.556884,0.698642,0.770933
15e1f960-f3ee-4415-a1c5-9c9a73e6cb5c,fog,s5,1,0.618641,0.762535,0.772232
15e53819-86fc-452f-91cb-c31c30785a73,gaussian_blur,s5,2,0.590355,0.735607,0.768187
15ec7b59-7550-4ab0-bf18-79680bc1d503,fog,s5,5,0.621234,0.765580,0.769749
15f99f1e-1bec-4124-a6fd-95a7e275cc43,gaussian_blur,s4,3,0.668780,0.789793,0.857307
160642f5-52e9-4a97-8432-e1c803ac319a,gaussian_blur,s4,4,0.437754,0.544786,0.749876
162603ef-26e3-4756-9524-57680799e7b5,clean,s5,0,0.580616,0.731159,0.747733
162e6436-42c8-479e-bd1d-4e1851d0ba5f,clean,s5,0,0.650660,0.788047,0.789856
1635e48b-4975-45e1-9e8e-f71c21cba7d6,gaussian_blur,s4,3,0.471467,0.589406,0.766012
1636a2fc-85f7-4d0d-8bc5-90eefa870a3b,fog,s4,4,0.292486,0.452022,0.453640
1652a661-0364-4709-a6e8-82401ffd66d7,shot_noise,s4,2,0.427992,0.594679,0.611157
16567ddc-b1f3-4ed1-af43-6ca96b02ff9e,shot_noise,s5,2,0.607786,0.755937,0.756529
165757aa-af70-4fa7-b65d-0f9e7fccc96c,fog,s2,5,0.484682,0.492222,0.969363
165ffd46-e733-4294-b7f8-52b77f417706,fog,s4,1,0.412433,0.563880,0.630144
166c1927-73ed-4b89-9603-bf9bdd690703,shot_noise,s3,3,0.293634,0.405839,0.534971
167296c9-9de9-4529-854d-80f4751da22f,shot_noise,s5,2,0.728468,0.842469,0.845676
167e099f-d060-4426-a44d-23cf6b37312f,gaussian_blur,s4,4,0.597658,0.731666,0.809664
167e3fe5-d939-4c21-bff1-5c543632209e,shot_noise,s5,2,0.798062,0.887502,0.889376
1688c250-77b9-4fb5-8bf3-3a3ec0ac9b40,clean,s3,2,0.399569,0.517547,0.681760
168a4fa4-a666-45b3-9476-1b1c28713bde,shot_noise,s4,5,0.400617,0.567998,0.581455
16b77a02-f109-40d5-a7a5-2339dde26248,shot_noise,s3,3,0.313187,0.436976,0.548053
16ca501f-8057-417b-bfc5-d3cad4af7cf2,shot_noise,s3,4,0.330750,0.465548,0.556101
16cca986-7e27-4c76-ae57-f406ba19087d,shot_noise,s4,3,0.728240,0.829545,0.920240
16d7f7a8-ac0b-4bc1-8161-d8bb64e759d4,gaussian_blur,s5,2,0.421973,0.591419,0.598607
16ddbbad-aa9f-40f1-96d7-c76bc0821cdc,clean,s5,2,0.720782,0.836040,0.848090
16def31f-6f7e-48f5-8236-881fadb3b02c,gaussian_blur,s5,1,0.550701,0.705527,0.726336
17005190-b8c9-484b-816a-990b3f3d3df4,clean,s3,2,0.533276,0.580992,0.969134
1715bbb3-6b8c-4a58-ac86-afc75b9d1ab7,gaussian_blur,s5,4,0.575860,0.727303,0.743865
171908bd-4bfc-4d7a-97de-7149a1019245,shot_noise,s3,0,0.352386,0.487511,0.586736
171b902d-7541-4131-8b41-89385dd8cd5d,gaussian_blur,s5,1,0.710265,0.830561,0.830768
17337554-2e46-4b20-922b-e511384c2a2e,fog,s5,4,0.413256,0.567313,0.625308
173803d5-4e0b-465d-b663-147d563f3e93,shot_noise,s3,2,0.493059,0.585685,0.840967
1742f615-ce4f-494e-84b2-1ad69fe4af8e,fog,s4,4,0.694129,0.805097,0.893106
1764bdeb-5630-4589-b6cd-ee2c95249d70,shot_noise,s4,4,0.335495,0.495307,0.516538
176eb42c-5bc7-470d-bda6-84f4a11624fa,shot_noise,s4,3,0.719315,0.829547,0.878981
1773cdef-44c2-4e75-965e-f80efdbadbe5,fog,s4,1,0.667640,0.798486,0.811688
1775b7eb-7d19-462e-a8c3-6eeccd0bf068,clean,s5,0,0.522873,0.682737,0.699163
178fccae-773c-4c0a-8fc9-9b0288f8a16e,shot_noise,s4,1,0.497830,0.642579,0.726723
1794b1d3-c92a-4c71-8ea9-5963c0c55569,fog,s4,2,0.759530,0.861097,0.879426
179dfc59-996b-429e-b51a-6ca17d401cdc,shot_noise,s5,5,0.480529,0.647651,0.653333
179f3d4d-5c44-483f-8afd-a5966ee99c46,shot_noise,s5,2,0.445062,0.603582,0.647243
179fc006-a3d9-4352-a9d9-d9ad0c18c5e1,clean,s5,1,0.605004,0.753852,0.754080
17a077c0-1937-4e99-8cc7-a2c998d71798,clean,s3,0,0.482542,0.599017,0.780517
17a1a866-dc3f-40dd-b30b-6eb4914041f9,fog,s4,3,0.624906,0.765875,0.783189
17ab2218-6a00-4dbb-af76-a9e3d867f7c8,shot_noise,s5,3,0.456120,0.612948,0.661467
17ada3a5-2db1-4e42-9579-67626c2fc5cc,shot_noise,s5,3,0.640792,0.777653,0.796475
17b6bcf8-b35c-409f-b87d-6482c3d9cb74,shot_noise,s5,0,0.570398,0.719166,0.752331
17c09bb4-8605-4e2e-9866-9cb7e50ccc30,clean,s5,2,0.658624,0.790980,0.809495
17c6c3e2-9b2d-441e-9159-7a7c0fc3fe8a,fog,s3,4,0.468977,0.503575,0.910320
17daf669-85d6-4d02-945e-bb7762061eb2,clean,s4,4,0.855450,0.920509,0.942042
17e27f20-4c79-46f5-a53c-82defef0351c,fog,s4,1,0.515130,0.669927,0.710443
17e7a9cc-fcde-4171-b562-864ce80e3edf,fog,s5,5,0.439417,0.581102,0.680843
17e8e6bb-38b5-45bc-aa9d-13c213d9a96a,shot_noise,s3,4,0.558785,0.636357,0.938577
17ea4e20-4f06-4b2e-bfb4-d072c13f0c85,gaussian_blur,s2,1,0.271428,0.372635,0.513568
17ec03b2-fd79-41bf-bb1c-1710c145211c,gaussian_blur,s5,3,0.394758,0.564364,0.569951
17f15c4a-4176-4afa-bb8b-9199559dcddb,shot_noise,s3,0,0.484943,0.528134,0.918078
17f37a36-8050-4fd6-94e8-2a5a1695dbea,fog,s5,2,0.475357,0.643936,0.645687
17ff57cb-2b9d-40b4-b08f-086566cc9f94,fog,s5,5,0.680543,0.807762,0.821072
1803c630-832b-4f96-bb7a-19199144b201,clean,s4,1,0.639561,0.749929,0.901057
181d6554-eb19-4812-b29e-f0046653164a,fog,s5,0,0.650005,0.785018,0.801205
18307457-fc39-40a2-82b9-d4dd40724218,clean,s4,1,0.752076,0.856011,0.875765
183b971f-587f-4c2e-b14a-8eacce43d121,clean,s4,5,0.518598,0.673732,0.711387
18517aac-6310-47f8-8463-02f83f9099bd,clean,s3,1,0.355807,0.490293,0.592688
1851bff3-eecd-4b70-9b6f-07f44bf1d23d,clean,s5,1,0.720546,0.832746,0.866469
1863e70f-dc6a-40d5-bc4a-78d30d5b75d8,fog,s4,4,0.772187,0.866345,0.909648
187494f7-9d3e-43c0-ba57-4fedb92e4dfc,fog,s2,1,0.509780,0.571125,0.918213
1876e653-bef9-454e-8f4b-0067ce5083bb,gaussian_blur,s5,1,0.534988,0.694825,0.704375
187c81bf-5f84-499a-91b2-1423573c3c9c,fog,s5,3,0.543313,0.703421,0.706330
1883278c-a110-4cb8-bad0-25d5d88914ef,gaussian_blur,s4,4,0.701366,0.815282,0.874235
189069c0-7f93-4f33-ad3f-a5b914445ede,fog,s4,1,0.620987,0.759109,0.795556
18a54002-6593-4ee3-ae40-2afbdc121f91,shot_noise,s5,1,0.690239,0.814260,0.830065
18a64175-4aab-43a1-8c17-a3ffae4ce1c3,fog,s5,3,0.785108,0.879089,0.884006
18a7a968-3c43-4879-b7d4-bae88b237b56,gaussian_blur,s5,5,0.619302,0.762372,0.775536
18b44ed4-9b0a-4ae2-9591-57acdd55ae3f,fog,s5,0,0.398206,0.564025,0.582373
18bcbdca-59f6-44f2-81f3-b2358e751ff1,fog,s2,4,0.507201,0.582383,0.890112
18c259f3-cb77-4ce3-b6d0-926dd527a480,clean,s5,4,0.513226,0.671562,0.698896
18cce06e-3b09-4e96-b28a-796b97a6fa30,fog,s4,2,0.619800,0.748358,0.832524
18d4be27-b9c0-4e57-8dd4-dab2782e1f32,fog,s4,3,0.425241,0.523159,0.751015
18d96e05-0f0a-446c-97a3-f58581e103be,shot_noise,s4,4,0.528666,0.653497,0.801835
18de133e-9d27-40d4-b6f9-63e6d35357ce,shot_noise,s5,3,0.816139,0.897454,0.911525
18f8c323-4f82-4e2b-9ac7-72b3bd69177c,clean,s2,1,0.483133,0.533689,0.904154
18fcbdf9-6b01-4d26-96e8-48396d663f6f,clean,s2,3,0.505718,0.557454,0.929952
1904d97a-8486-4087-88d5-09eba1d69ad4,shot_noise,s5,3,0.697136,0.820453,0.827622
190fb992-9750-4db2-b742-47bd57862291,shot_noise,s3,5,0.457398,0.477751,0.914796
19135f4b-d9d7-4e95-a203-8eab39aec39f,fog,s4,5,0.450469,0.618862,0.627099
191e2354-a19c-4fc7-a31e-3cd359954880,shot_noise,s5,1,0.362116,0.530784,0.533643
1931be2d-9286-40a6-9081-97769ea461d6,clean,s4,3,0.725538,0.834876,0.877673
195045ea-0a3b-4120-a13c-470a552c3fe4,fog,s5,2,0.222666,0.362271,0.367301
196babbb-da92-4c1d-9a92-ca23c0274c38,shot_noise,s3,5,0.296675,0.426521,0.511776
197ef9f5-5d4d-4dfd-8298-0e6239328246,fog,s2,4,0.453736,0.507848,0.860720
1993397a-c84e-4b09-8c6e-5c21a6f63a52,fog,s4,3,0.550282,0.698694,0.747141
19a29fe3-bfad-44eb-84b5-2b58e466226d,fog,s4,1,0.630963,0.744529,0.888036
19be5d65-a91a-4ae3-b3fc-cbfa0015adb4,gaussian_blur,s3,1,0.432656,0.463897,0.865312
19e7d512-2140-42f2-a0f4-681b31230a67,clean,s5,2,0.285501,0.420542,0.484992
19ef61c3-64d6-4138-98ac-5f09f460f337,shot_noise,s3,4,0.656987,0.764957,0.912256
19efa322-331d-497b-809b-a80b0a7176c7,shot_noise,s3,5,0.482232,0.582618,0.813760
19fc7970-f35a-44cf-9743-957a0530f7eb,gaussian_blur,s5,5,0.699998,0.821651,0.834055
19fe6880-f94e-4852-a0a7-426ff583fb60,gaussian_blur,s3,0,0.580243,0.692034,0.871845
19ffea63-440e-4ad7-ae2e-ca5559dd699e,clean,s4,1,0.205780,0.336720,0.348261
1a01ec86-ecff-4ddc-92e8-ec7b6be0dddf,gaussian_blur,s1,1,0.109551,0.183494,0.214586
1a0cf15a-3abe-41fe-bf20-fa723fd89986,gaussian_blur,s4,2,0.402784,0.538069,0.652619
1a14013e-04d3-4558-9ae4-8b5241908242,fog,s5,1,0.392103,0.545721,0.602075
1a17425f-ca7c-47c0-a22f-cf326c0060cd,fog,s5,1,0.330572,0.454593,0.574432
1a1d9f0a-52f5-4b43-b05e-b01f26984e3a,fog,s4,5,0.500325,0.656201,0.698235
1a357b99-21c2-455a-8147-14239d8e2e49,shot_noise,s5,2,0.404173,0.568860,0.591477
1a35fe2c-398c-4679-b74d-e9d79f30a32e,gaussian_blur,s4,1,0.759923,0.854688,0.924824
1a3ea99f-b321-421c-adf2-f156c46816a7,gaussian_blur,s5,2,0.389530,0.541781,0.601875
1a4cad20-2b89-48b1-80e0-8516a5ea9857,clean,s4,2,0.407661,0.576680,0.585163
1a5ded5f-152b-47ab-93a3-d35dad7b8ca5,fog,s2,4,0.244598,0.346451,0.464366
1a61c738-2ec5-4045-880a-1eae30f9a8fc,shot_noise,s5,5,0.610415,0.754629,0.772165
1a68b6cc-d659-486d-8f70-e50cba0565a3,fog,s3,4,0.509968,0.564898,0.929595
1a8ccd31-736e-4872-9b62-af3f4d451648,shot_noise,s4,2,0.736770,0.845374,0.868245
1a96c0f4-031b-49db-8c28-d9bf1790ac85,shot_noise,s5,5,0.610286,0.754969,0.770293
1a9d8e6c-093f-4995-bcda-8100ad646370,shot_noise,s4,2,0.770144,0.867745,0.888324
1aaa16b9-367a-438c-990f-b51c68b7c76d,fog,s3,5,0.441472,0.468917,0.882944
1aab9a1d-a12d-4e78-8df3-5cd9d2e837a0,gaussian_blur,s5,3,0.550348,0.708101,0.716359
1ab6c0e9-5adc-486b-bf66-bf1edae146e6,clean,s4,1,0.374248,0.544574,0.544844
1abd0b1c-2fff-444d-b19a-d1738891460b,shot_noise,s5,0,0.698504,0.819864,0.837087
1ac0e30d-8230-4d16-b1ed-8bb0d6e535b8,clean,s5,0,0.408019,0.550425,0.644379
1ad8a9de-d54f-4687-a6c7-6bf19753f9e3,shot_noise,s5,2,0.563570,0.716622,0.735886
1ada4965-51ed-408c-8b58-a072a5507c31,gaussian_blur,s4,5,0.210837,0.343674,0.355221
1ae08885-674d-4632-903d-6d849c7bf048,clean,s3,5,0.646768,0.760551,0.889696
1af2c8b1-41ad-49af-ba57-e4e860c3c516,gaussian_blur,s5,1,0.514483,0.664153,0.724869
1b09114c-789d-4513-be19-46b743681e14,fog,s4,3,0.477763,0.625928,0.701872
1b0bc071-3dbe-42be-b45f-3487dab849d4,clean,s4,3,0.577045,0.692487,0.859664
1b13c7cc-37ca-4aa1-979d-4d9473899afe,gaussian_blur,s4,5,0.563196,0.711478,0.752080
1b16f447-24f6-4e67-a3d4-03698318d7df,gaussian_blur,s5,0,0.627200,0.770833,0.771168
1b1c50a4-63db-4ffb-9b72-a1b0ac6649de,shot_noise,s3,5,0.525736,0.609307,0.893539
1b22962f-8475-40ea-ba05-d66ebdb02e86,shot_noise,s5,1,0.687870,0.814775,0.816693
1b27aae9-655b-46f7-91f7-befe28ea6e30,clean,s3,0,0.552015,0.623450,0.944795
1b3f4f3d-f2da-44cc-8ef2-6a169bf5c087,fog,s4,4,0.627275,0.767336,0.786491
1b417b61-0894-4865-9593-e695ff835c08,clean,s4,3,0.579126,0.717317,0.790640
1b457a21-a8b4-4b1c-915d-85fefc5c44bc,gaussian_blur,s5,5,0.579609,0.719004,0.786747
1b58e21b-b2a0-4b24-93d3-af2cc44b56cf,clean,s5,2,0.401022,0.566786,0.585595
1b6321ce-3bee-4d4c-b3bb-ce8f7ac3f772,clean,s3,2,0.456209,0.498829,0.881456
1b6efd0c-881c-43b3-90d5-6a3720e1f8e8,fog,s4,2,0.816704,0.896762,0.921796
1b70df6f-75ed-4c8c-afe0-d763d5a7696f,clean,s5,2,0.658267,0.793913,0.793963
1b7167d5-bf83-444d-8b2d-2ca82b4941c1,gaussian_blur,s3,5,0.364570,0.454642,0.680469
1b80fb13-7785-4d8a-9f1f-ab497bdfb90b,fog,s4,5,0.470695,0.592955,0.755920
1b818159-9b02-4738-97be-37bdcb6e3e6d,clean,s5,4,0.718560,0.834857,0.844581
1b84c443-efaf-487b-8d7b-eb9f67af225a,shot_noise,s5,3,0.382658,0.553252,0.554091
1b861001-d9a0-4ad9-872c-da1c2f60975d,fog,s4,1,0.625688,0.750171,0.848128
1b87fb8b-5b3b-43dd-a9fe-5a10e8ba3924,shot_noise,s5,4,0.528785,0.691091,0.693975
1b91fd88-37b5-4a8a-8370-fc063529ef02,shot_noise,s4,5,0.638533,0.766974,0.832704
1b9839a2-02ef-4394-aed5-2695b2d9bb62,gaussian_blur,s5,1,0.408470,0.548939,0.648923
1b984592-8fd7-41bd-85d5-b404952e5db2,gaussian_blur,s5,3,0.636521,0.777708,0.778739
1b9f0569-e2b4-4886-bbe1-d00ae871a276,gaussian_blur,s4,3,0.752241,0.856287,0.874730
1ba1a907-6fc8-4e7f-9703-22a0bd4b1449,shot_noise,s4,4,0.360192,0.526601,0.535994
1ba791c4-030d-49d0-9b91-d4d8bfc9811f,shot_noise,s4,0,0.447411,0.591730,0.683112
1baa0f91-0d54-402d-bd34-e9fb5587764f,clean,s5,2,0.370203,0.538443,0.544523
1bab11e6-12b0-488f-89fc-88ae3a3488d8,clean,s5,5,0.579421,0.733072,0.736114
1bafb220-fd3c-4866-8dfe-0c9bb04651ec,gaussian_blur,s5,3,0.416302,0.502316,0.759778
1bb77f49-0cd4-401d-9af5-c32426a648ce,gaussian_blur,s4,3,0.605370,0.713879,0.895037
1bc13a20-d70e-4106-80a4-46d1464d0c81,fog,s5,4,0.638617,0.779456,0.779472
1bc4d1ab-dd96-4f1f-985d-d98002a23097,shot_noise,s3,0,0.773223,0.861506,0.948683
1bc4fffc-090e-467f-a912-a4e6297f3061,shot_noise,s4,2,0.531488,0.684387,0.724793
1bd24851-e29e-4769-a7ce-34c9ba472b1e,gaussian_blur,s3,1,0.568063,0.689534,0.837297
1bd40f9c-9acc-4f93-ba2c-46a99be19f9f,clean,s4,1,0.519331,0.678783,0.698727
1bdcdbaf-80c0-4943-a1f1-b961b68b7b29,shot_noise,s4,1,0.768825,0.863969,0.908539
1be0c08d-4af3-4046-80a6-72db6500f508,gaussian_blur,s4,5,0.476838,0.570230,0.821488
1beff2e7-308f-463a-b80f-bdee4262b736,fog,s1,5,0.341075,0.405522,0.682149
1bf58d95-38c6-4bca-9d15-ed9a3074b5ff,gaussian_blur,s4,3,0.589901,0.718275,0.826486
1bf7bfa7-87df-4455-a12e-bad773089c12,shot_noise,s5,5,0.737584,0.846988,0.861971
1c0132c4-efe9-403e-9f1d-fe11b9167d69,gaussian_blur,s2,4,0.511525,0.593555,0.881728
1c04526e-92e0-465e-837f-8377c46c0549,gaussian_blur,s3,5,0.462700,0.565042,0.788139
1c0dfaf1-7495-44f8-95b5-c6569b064c12,gaussian_blur,s5,1,0.507262,0.672952,0.673513
1c111903-51c4-43da-834e-399f129f0586,clean,s2,0,0.441443,0.468900,0.882885
1c15f970-7159-428a-83ed-e45f19cff6ca,shot_noise,s4,1,0.635693,0.767843,0.817911
1c188362-1692-4b6d-89c4-a7f1c0dacc0e,fog,s5,0,0.431003,0.602375,0.602389
1c2e45ab-6940-4cc1-9bdc-7d12078734aa,gaussian_blur,s3,0,0.773223,0.861506,0.948683
1c3adb64-0779-4e6c-866d-d0402f4fc8c2,clean,s5,1,0.545053,0.700394,0.722741
1c3e98d9-55c7-4451-b022-b2c7d6e1a437,fog,s4,0,0.656222,0.788899,0.809168
1c42ac4e-47b4-4781-80a3-7a48fe0da843,fog,s4,0,0.509313,0.670199,0.689129
1c45db26-3f96-4abc-a2df-8f4cf83da428,clean,s3,1,0.371376,0.491088,0.640885
1c5d71d6-b45a-4475-a18b-af776f36933b,fog,s3,0,0.547130,0.660774,0.844390
1c6ef77d-dc22-42e2-af87-2f4befe4e3ea,fog,s4,4,0.368068,0.510066,0.595271
1c76db63-2600-4283-9ffb-5ec5283ff8a5,gaussian_blur,s4,1,0.544379,0.688412,0.758156
1c78ff08-bf94-411e-9451-f14768869c1a,clean,s3,4,0.568763,0.687726,0.844827
1c7dec54-d657-4837-9a2f-d138e3496499,clean,s4,3,0.529184,0.682645,0.721947
1c86e462-9083-4b5a-a4b1-cc338a188b61,gaussian_blur,s4,3,0.316754,0.481107,0.481125
1c8beff1-53bb-476e-ab72-e5fbfa543a34,clean,s5,1,0.628299,0.769566,0.781088
1c8c88da-3d57-4654-bc24-f55f8247e55d,shot_noise,s4,0,0.695930,0.818142,0.834805
1c8d680f-8b12-4e2c-90a8-4dc6bd39e0f7,shot_noise,s4,2,0.756228,0.855415,0.901180
1caab81f-4324-47cf-8a6e-193410dbddc5,clean,s3,1,0.555314,0.654236,0.887180
1cad810f-b7dc-403f-9133-855d173b8e11,fog,s4,4,0.686429,0.808203,0.844613
1cbb8505-6b84-4d88-a091-a02dbc636e79,gaussian_blur,s3,0,0.484811,0.492288,0.969622
1cd8ebbc-179b-4e83-a0a2-88ce916f1225,gaussian_blur,s5,5,0.433951,0.604994,0.605908
1ce381e3-21d0-4d21-b7f4-72f5a94480ea,clean,s5,1,0.828232,0.905151,0.915495
1ce56467-9f73-4578-a06b-7dfc10feecaa,shot_noise,s4,0,0.525124,0.666796,0.754160
1ceaf959-312d-48b3-9d32-ca5c315fc442,fog,s5,3,0.372139,0.541709,0.543979
1cf100b7-fc87-48a3-aef4-92bfec66538b,shot_noise,s4,0,0.629752,0.750751,0.861360
1cf65c14-b8c1-4cb0-adcf-709e51fff03d,shot_noise,s4,4,0.542926,0.673879,0.795392
1cfc5352-907f-456f-b251-904e8010c77d,shot_noise,s4,4,0.705418,0.824970,0.840392
1d021a1f-f9d3-4fd5-8fc0-144da489fbb4,fog,s3,0,0.553130,0.644996,0.901802
1d0c8be6-690e-4800-9da3-9c34981e46a3,clean,s5,1,0.807473,0.893413,0.894137
1d13029f-42cb-44d6-90f0-503ed2dff671,fog,s5,5,0.507454,0.667122,0.691699
1d1cd201-a592-4157-b7f8-0cf2b0c3f84d,clean,s5,5,0.722585,0.838356,0.842651
1d1f84f1-fc2a-4a89-abca-33b7211df391,shot_noise,s4,3,0.644596,0.757563,0.892512
1d2530f4-158d-47ea-bfed-7e60e04d1b15,gaussian_blur,s4,2,0.677225,0.805103,0.820132
1d2c78bd-e468-4597-9557-16d793738047,clean,s5,5,0.677123,0.805030,0.820059
1d31b95a-a572-461e-8057-b77fe491ae4d,shot_noise,s5,3,0.499272,0.659506,0.685148
1d34b25b-ed5f-45fa-b300-f36ffb34caac,gaussian_blur,s4,5,0.400926,0.572248,0.572665
1d532536-1971-431d-93da-5d6975b7536b,gaussian_blur,s5,3,0.786711,0.879962,0.886144
1d55f408-b193-4c73-9f71-28fee26b5895,fog,s5,1,0.652457,0.787402,0.800400
1d561370-e4f5-4d4a-8110-ae45e777a988,fog,s4,3,0.620802,0.756362,0.805776
1d5f6797-286a-43dc-acd1-916e8d0c0d0f,clean,s2,3,0.454944,0.476409,0.909888
1d6bf9fc-7e63-4e06-829a-f9502ff3d125,shot_noise,s4,4,0.425325,0.590598,0.611988
1d73082b-2f0c-4625-beaf-e19fdc33b781,gaussian_blur,s4,1,0.519617,0.679391,0.697877
1d7722f7-e21d-4ca2-8e81-e8bb7f55c9f9,clean,s5,1,0.700697,0.814146,0.877096
1d7b7a73-0162-4d7e-bacf-4212b12c9ec3,clean,s5,4,0.554712,0.708189,0.732090
1da1063a-d8c6-4d3f-b553-81bfe4a4f8c2,shot_noise,s5,1,0.637324,0.778282,0.779453
1daf3bc5-d753-45fe-9ab2-390c23cf3832,clean,s4,0,0.503408,0.618715,0.803381
1dc5d0f5-63cf-4e5d-8c7b-07711a21d09a,fog,s3,3,0.554298,0.630162,0.937894
1dc9197e-5ffb-4720-ba22-68f1af8b92fc,fog,s4,2,0.468829,0.602302,0.729067
1dcc4b4d-084b-4df5-a755-e1275e197acd,gaussian_blur,s5,0,0.625242,0.767186,0.778985
1dd16419-4a2e-4afe-92b0-7c991dd7ebad,fog,s2,4,0.494293,0.497130,0.988585
1dd349f9-5613-4578-b723-a7a1be2a2240,shot_noise,s5,4,0.503049,0.659400,0.698645
1dd73747-eae3-44bd-97c4-8b13e3ebfee2,shot_noise,s2,2,0.482239,0.518608,0.925067
1de5d714-03f5-407e-a712-2049affd1624,shot_noise,s3,0,0.458174,0.478174,0.916348
1dfcbfca-7f9d-4dcb-bffd-5bed42bae9ec,clean,s5,5,0.413367,0.580560,0.595381
1e06a642-d046-49e4-bdbb-44c5287e053c,clean,s5,5,0.543356,0.703406,0.706540
1e22d51a-c54a-49cd-a158-f6abe42ac3c0,gaussian_blur,s4,5,0.482827,0.626585,0.717210
1e2946f2-9d5e-4a4a-92a2-af64c8b483ce,shot_noise,s4,4,0.480720,0.630947,0.699053
1e41c25b-1aeb-4c8c-a353-061ac824ff7e,fog,s5,0,0.370614,0.499151,0.623957
1e557585-8332-4d08-9681-a315dea32ae4,clean,s5,5,0.815860,0.898522,0.899298
1e6620c9-f0ae-4c66-9c2a-aa8471358d43,clean,s5,3,0.478919,0.642476,0.662163
1e673d88-edc6-4ebe-a2e4-07863b041e2c,shot_noise,s5,4,0.369783,0.536902,0.546421
1e84462a-0490-4fc0-8a54-868b10525fe3,gaussian_blur,s4,5,0.645767,0.780204,0.805493
1e8d6adc-4880-4fd3-a64f-5a6c6adf2a6f,gaussian_blur,s3,1,0.478800,0.519032,0.914763
1ea3dd94-2e24-41d9-b7eb-6cdc87bff540,clean,s5,5,0.765996,0.862447,0.904192
1ea8b776-32ce-41a8-85aa-85a641d02abb,clean,s5,0,0.662626,0.796816,0.798400
1eab8f32-ab3c-43c6-bc44-79d7fd0cf27d,shot_noise,s4,1,0.644631,0.749828,0.920204
1eb0eb1f-b187-4492-9cdf-49820b40ec66,clean,s5,5,0.323349,0.392724,0.646699
1eb4ba10-cddf-4928-999b-68166bc44dac,shot_noise,s5,4,0.568198,0.723579,0.728528
1ec25b07-f8e1-4c15-aef6-9bb28b1366c4,gaussian_blur,s5,5,0.619855,0.761287,0.782224
1ee6ec6a-3d4b-46a4-9839-073ab003380d,shot_noise,s5,3,0.560587,0.716480,0.725315
1f003971-c3a5-417f-a9cf-860b4e501a21,fog,s3,5,0.510321,0.611260,0.841744
1f06f1c9-2315-48bf-bc7c-67a1af78a991,fog,s5,3,0.834078,0.908918,0.916299
1f17f75c-9904-4570-b7a9-46a46a06aabf,fog,s4,4,0.401033,0.571305,0.575227
1f1f52ee-71df-4bfb-a143-723c65a22249,fog,s4,4,0.769639,0.861529,0.929747
1f2a91af-9fb6-4e4f-a69f-5a4315ee0ce4,shot_noise,s5,0,0.425478,0.585076,0.625607
1f2ea7db-be25-495f-8971-49e7de3d47d8,clean,s4,2,0.723188,0.827292,0.909238
1f3399fb-4b19-4440-9be3-2c659d3f0714,shot_noise,s4,2,0.879746,0.934803,0.954789
1f41df55-61fe-473f-b8a9-41c77c4a7632,gaussian_blur,s4,0,0.185873,0.306373,0.323723
1f5236b5-5959-4b4d-af7c-1d6a1548dd8f,gaussian_blur,s2,2,0.457573,0.517495,0.856581
1f59c901-9b10-4c27-a2ec-750da684ab4f,clean,s4,5,0.525829,0.684033,0.705706
1f5dd480-5748-48b6-afd9-a74dd5613e58,clean,s5,0,0.423971,0.482263,0.814149
1f669ad7-a379-4f14-a0fd-46cbc4ef1d34,clean,s5,0,0.515661,0.669908,0.712360
1f77062a-c12e-4adb-8a20-f406c62b5c51,clean,s5,4,0.692473,0.815169,0.835219
1f81e035-1833-4f05-a6e7-7d34e693757a,fog,s5,2,0.583672,0.736861,0.738066
1f86e2c3-7e48-4ac5-a7cf-ae4a1267eade,fog,s5,3,0.429466,0.596639,0.611381
1f8fb8f7-64c0-4baf-8849-0a6c88d954e1,fog,s5,1,0.470847,0.639873,0.641259
1f9c0bb2-d4ab-42ce-ac5b-1a23c9d29263,fog,s2,4,0.468521,0.543800,0.844763
1fae2d0a-22aa-4c3a-acde-c35c3b1ad0b8,gaussian_blur,s4,1,0.382074,0.552029,0.554843
1fb42be3-c0ba-445c-9b62-51e5bcacf022,shot_noise,s4,1,0.680521,0.801559,0.851893
1fb78d74-f529-4f45-bee3-968d0abfb6e8,gaussian_blur,s4,0,0.575217,0.726916,0.742850
1fb9ebeb-bbf2-419a-adb8-9c462b6cf539,clean,s4,1,0.667554,0.781528,0.888111
1fd5f44a-407d-4904-9330-c778480f1465,fog,s5,1,0.695270,0.820223,0.820379
1fedc2de-d419-4bd0-a63b-c82562e2c997,fog,s5,4,0.643619,0.782759,0.785077
1fefbe77-a539-4cb0-ba72-1f59fe47ab6e,clean,s5,2,0.686222,0.811194,0.828337
2001566a-e3ed-4b27-a196-3f0f54065608,fog,s4,0,0.333800,0.400336,0.667600
20022a63-776e-4c41-b3b3-b2c66020c9cb,fog,s3,4,0.533372,0.657308,0.807670
201082ee-93dd-46e7-9b3b-18d165b5e53c,gaussian_blur,s4,3,0.569166,0.701588,0.805360
20111f09-aab9-496f-aeec-84df88abc045,clean,s5,2,0.776284,0.873806,0.876016
201e5f09-3dde-4711-923d-3764573bbcca,clean,s5,3,0.646423,0.784559,0.788432
202994ea-8ec5-4dd7-b692-55cec15a75f4,shot_noise,s4,1,0.522090,0.685208,0.688587
202fb4ef-d4a1-468a-9b8a-a23e75fe7894,gaussian_blur,s4,2,0.460787,0.609671,0.685197
20331cfd-8ec0-407b-9248-73b924587df4,shot_noise,s5,3,0.483870,0.650609,0.656651
203929ba-f878-490a-b22b-6fd7b25ee638,fog,s4,0,0.396897,0.563774,0.578529
203a321f-b86d-4893-adb4-23cb2bd7999b,shot_noise,s5,5,0.543693,0.704307,0.704741
203dce44-7d94-4e77-b8a8-ad00ea225638,shot_noise,s4,3,0.651407,0.779609,0.831120
20554fd8-5dd0-40d6-93a0-5bdcb583a672,clean,s5,0,0.678255,0.808058,0.809472
208a7bbd-fb42-4c8c-8b7c-a3a9cc889c9d,shot_noise,s4,2,0.750219,0.846006,0.930536
208d8572-f091-441c-b67d-d50658ab9628,fog,s5,0,0.811258,0.895557,0.898075
20970539-fd6a-4b7b-97b7-50b274928cd0,fog,s2,5,0.427718,0.464405,0.850767
209b40a3-e457-40b8-82c6-ec0809fa8d9b,gaussian_blur,s5,2,0.649918,0.783355,0.808422
20a3f8fa-4b14-4fc6-9789-0f6cb0f94abe,shot_noise,s4,3,0.503700,0.665569,0.683040
20a6f8d3-fd46-4e37-be90-25c980c22240,gaussian_blur,s5,3,0.782273,0.876784,0.886389
20aa44a4-5035-454d-8483-2bfe39b9ac2b,shot_noise,s5,1,0.571016,0.720752,0.749093
20aff3a1-65cd-40c2-be75-8db327a6aef7,shot_noise,s4,5,0.589604,0.703989,0.869644
20b4d87e-f30e-481c-85cb-7a0e1594a3de,fog,s5,5,0.436196,0.574107,0.685680
20bf8a24-1148-431c-b15f-16603a1f5eaa,clean,s5,4,0.301903,0.437771,0.510059
20c33dc0-d3e5-4c2d-b0e1-2c3484095e88,fog,s3,4,0.366808,0.428890,0.725573
20c76a6c-82a8-4dd7-9176-0237666573da,fog,s5,4,0.381267,0.551701,0.552843
20cfe213-e7f9-427d-a3d6-2513f822650b,clean,s5,0,0.735738,0.847746,0.847790
20d673ee-c9c3-4a13-aa0d-77144c2f84d1,clean,s4,3,0.806066,0.890181,0.914841
20d6b85f-4149-49c9-88ff-6b81af995804,gaussian_blur,s5,3,0.611103,0.756583,0.766960
20daa475-fd37-4411-a5f7-221949a6e76f,shot_noise,s5,2,0.751009,0.855709,0.872304
20de1d4f-2a41-4f8f-85c9-9048dc56d067,clean,s4,5,0.750219,0.846006,0.930536
20e2db76-c34c-4632-99ab-5d60a3564276,gaussian_blur,s4,0,0.457474,0.622651,0.641308
20e948c2-71e1-4794-ab1a-1d8a201b3c27,clean,s4,5,0.742216,0.839924,0.927707
20f049a3-6d3f-4b61-91d1-6603765b3223,gaussian_blur,s4,3,0.827487,0.901265,0.949515
20f94cba-0a09-44b0-8afd-e61c446c05e3,shot_noise,s5,3,0.377952,0.506077,0.634603
20fc1a61-69d6-4216-a903-e5f0afbc4b32,clean,s5,5,0.580046,0.733741,0.735989
2106f7a9-e05b-4766-88a6-ec35d9289496,clean,s3,3,0.363293,0.466821,0.657019
210aa3d0-3906-4118-b650-597ab81ec0dd,clean,s4,5,0.716512,0.828168,0.873712
211d623f-7b3a-495c-9c48-94349bf67978,gaussian_blur,s5,0,0.720291,0.832409,0.867227
211f9b22-2d7d-4761-bda6-6a01dbdcb1e8,gaussian_blur,s4,1,0.632726,0.754370,0.859264
212701ab-2142-4cc2-94f2-3d63138daaa3,shot_noise,s3,5,0.758795,0.849199,0.953429
212ecbd4-7c5a-4976-b442-a71b0a196537,shot_noise,s4,4,0.597355,0.710128,0.878341
215625bf-4404-4553-847f-f629188195a9,fog,s5,5,0.470383,0.636887,0.647861
215a5ac3-e4f1-48eb-a350-5a3aca7b153e,shot_noise,s2,5,0.453919,0.514251,0.851184
215ccf00-959d-4b14-9d8b-6263a04e2cfb,shot_noise,s5,0,0.614755,0.759740,0.768421
215e4a7b-3db9-4b34-bf37-3d73ab23ea1f,clean,s5,3,0.442124,0.613157,0.613157
21640d94-9697-446f-ab66-94177cb40f4a,gaussian_blur,s4,2,0.570567,0.705814,0.797147
219e669a-b84d-4a95-9b76-aec5b12aa260,clean,s3,3,0.533276,0.580992,0.969134
21cd0341-6f9b-4e12-8f46-cdd8369eccad,clean,s5,1,0.641460,0.776561,0.804000
21d49533-9506-4204-99ce-529d9d177a8c,clean,s4,0,0.530589,0.683948,0.722949
21da4533-cf2d-4816-8892-092215e07c47,fog,s5,1,0.690577,0.815623,0.824288
21db3027-c7ae-48ae-a290-410d35aa409b,clean,s5,3,0.687310,0.810018,0.839227
21dd1e7f-70bc-4ef4-8ca6-6f73ebffec50,shot_noise,s2,3,0.419597,0.456284,0.839195
21e07621-e864-4ff1-a4b4-152eceb228ad,clean,s4,3,0.640642,0.766663,0.842256
21e30ad2-a8df-4892-be1c-7e32433cf21d,shot_noise,s4,2,0.434720,0.600116,0.620715
21e873ce-1567-4475-b7c6-8b28b25a7954,fog,s5,3,0.388600,0.551186,0.578672
21fdfb54-c62b-49d5-a57d-f8facd182ab7,shot_noise,s5,0,0.638513,0.777628,0.787264
2200e7c9-5d22-4d78-9030-c790fe2675cc,gaussian_blur,s2,5,0.456709,0.477375,0.913419
22043a5d-f93b-4357-a041-a6bf21685304,shot_noise,s5,4,0.791641,0.883506,0.885413
220e3e2e-816f-48bf-949e-e975d958894f,gaussian_blur,s5,5,0.639241,0.778638,0.785728
22166e63-fa84-49b0-a82c-a64c2d37e52c,clean,s5,0,0.651179,0.784884,0.806688
221998d6-2f83-40de-992a-197db937cdcd,clean,s5,1,0.612078,0.749792,0.797627
2220a2bd-23b4-4f02-9f2f-1e5932e19c01,gaussian_blur,s5,5,0.410705,0.580539,0.586395
22362b6c-3358-4869-a256-0d09106e60e9,gaussian_blur,s3,5,0.480569,0.490092,0.961139
224aef15-0eab-496b-b7f0-339eda193e07,shot_noise,s5,3,0.522520,0.680018,0.706299
225b465a-8ce1-469a-a6c8-6aabebd84b78,gaussian_blur,s5,5,0.698056,0.819656,0.836192
22651317-3921-4812-b0f6-cde5172bb3b3,gaussian_blur,s4,1,0.587880,0.738774,0.746907
22671136-3b69-4e93-9989-2e4188aed0d3,fog,s4,2,0.517765,0.667841,0.725724
228132db-9992-48a8-bba5-120e02a4a77a,clean,s4,0,0.804242,0.888883,0.915063
228634aa-b871-427d-bf7b-8671a1761529,gaussian_blur,s5,5,0.309105,0.441149,0.527872
22872962-3f57-4273-90c9-002982f0454b,gaussian_blur,s4,5,0.319245,0.483968,0.484006
229814b6-56d9-4252-baaf-849f977dba34,shot_noise,s4,4,0.657584,0.783665,0.838539
22a5144d-270c-4175-9001-a2fb8e07ffe2,fog,s4,2,0.594934,0.743369,0.756395
22bbbf75-9508-4a73-90a4-0a2b5d9a0a99,shot_noise,s2,0,0.639615,0.728244,0.971393
22c09e26-1e43-4fda-8d62-ab73fc67c54c,fog,s4,3,0.493545,0.656805,0.672848
22c2e1a2-687e-4292-ad79-352d4b486e2e,shot_noise,s5,2,0.246004,0.388580,0.405153
22c379db-6bc1-4332-a5b1-e8dee46c7433,fog,s5,5,0.492961,0.655929,0.673316
22cd82b4-daab-4eed-b724-8de568baa303,gaussian_blur,s3,3,0.437626,0.466739,0.875253
22e0ec48-cd8b-4e7f-8d24-079c4ec7c127,fog,s4,5,0.288067,0.446456,0.448784
22e1522e-2c67-4c27-bf10-25f154a26c08,clean,s4,5,0.514245,0.677498,0.684519
22e86160-2b8e-4e4b-aec1-086b67c9c5fa,clean,s4,4,0.639392,0.772394,0.813610
22f96f5e-31e2-400a-8eae-ced3ec0ff481,fog,s5,2,0.410456,0.578633,0.590054
23075917-da35-4f79-965a-193a1e3af461,gaussian_blur,s4,3,0.731062,0.830756,0.926676
2315c17e-2c55-4e1d-9ebc-28c7a7c94a5b,gaussian_blur,s5,4,0.351940,0.520308,0.521345
23161bea-fcc9-424c-b879-799a61795b31,clean,s4,4,0.860218,0.922440,0.956021
231e4fe1-6d8f-4ff5-b966-eb9330d1f86f,gaussian_blur,s3,2,0.466195,0.509828,0.893176
231f6fab-0567-47a7-ae2d-17ea91583dad,fog,s4,1,0.154755,0.267983,0.268096
23267e03-9f7a-482c-9dea-d49bac7e6659,fog,s4,5,0.304534,0.460963,0.477872
234fd70a-b755-46e2-95f3-ef4f6f248601,shot_noise,s3,3,0.409494,0.475036,0.782997
235b5b0c-1f5e-41a9-96ca-ae9c64f65aef,gaussian_blur,s3,3,0.556955,0.636662,0.932261
2365d932-6c14-4be1-bc75-2d4644bdd1f9,fog,s4,3,0.378703,0.536491,0.577128
239439af-5d61-4b49-988a-58a871f018f2,shot_noise,s3,4,0.427882,0.554728,0.699479
23a24a8a-e0c2-4e08-b46d-82953bb7953f,clean,s5,0,0.761820,0.863286,0.875957
23a82276-7271-4538-a8a0-bfb004f13b9a,shot_noise,s4,5,0.727073,0.839060,0.860059
23ab47be-747f-4a6a-882c-0c00dfa7724b,shot_noise,s4,0,0.509068,0.653791,0.735010
23afc52d-4e1a-45be-8bb9-9b2d4cc5bfa0,shot_noise,s4,3,0.710133,0.816294,0.907835
23de996d-c1f6-4fc3-9020-a1a2dea6233a,gaussian_blur,s5,4,0.673081,0.804599,0.804611
240eac70-bd8c-49d1-87cc-4844c922c78b,gaussian_blur,s4,2,0.709317,0.816066,0.905381
24173ccd-8482-4131-9373-649d87c37347,clean,s4,5,0.611963,0.756288,0.771537
242f5e20-ce4f-49f8-a6e1-3540be78d776,shot_noise,s4,5,0.699041,0.807642,0.902011
2475b8ef-22cb-40a7-a149-9e69fb885418,fog,s4,0,0.750219,0.846006,0.930536
24794894-c1c7-45b7-b12e-b415acbd6b57,fog,s4,1,0.574202,0.727688,0.736222
247c958a-41cc-4302-9d1b-cef25bf315c9,shot_noise,s4,5,0.468677,0.634692,0.647917
24815d94-d716-4902-9360-540704d3940a,fog,s5,5,0.534253,0.696431,0.696443
2482cc2b-544e-4ba8-9ab5-30a5abf7420b,gaussian_blur,s5,4,0.802359,0.889361,0.899216
24849752-8d77-43a6-b535-54644c102926,fog,s4,0,0.732465,0.836447,0.901387
24882b7d-6ae2-4856-a4a1-0877651a909e,shot_noise,s5,2,0.697507,0.821081,0.825829
248d28e0-5a61-4719-b9aa-325d1dbdc91b,clean,s5,1,0.589654,0.741801,0.742112
24943524-62e1-4abd-bd1b-814b8803a491,clean,s5,4,0.464009,0.614132,0.685088
2497d77b-8827-48e8-859a-44d36ddc39f1,shot_noise,s4,3,0.420508,0.588387,0.600960
249fd01f-4c4f-4f19-b5d0-9854490a411b,clean,s4,5,0.792308,0.881230,0.908456
24a06af6-39e0-4ebc-8dfd-6a42dd709f4e,gaussian_blur,s4,3,0.566956,0.714664,0.755099
24a47df6-ba8c-4973-a4da-b64aa1a57996,shot_noise,s5,1,0.427153,0.594987,0.607552
24a607a8-40bd-48df-bece-6b8e09c42c1f,gaussian_blur,s4,4,0.655949,0.776939,0.860799
24b95917-9b13-4312-8019-0997b07d4605,fog,s4,5,0.502964,0.653338,0.715330
24e93dfe-e77a-4d98-9f68-9b0e408ab58d,gaussian_blur,s5,2,0.467146,0.636173,0.638560
24eb864a-c8ab-412b-9193-094c3e7b5204,fog,s4,1,0.341531,0.495465,0.536320
2501428b-4811-40eb-be8a-8e80bf07a264,clean,s5,4,0.402706,0.574118,0.574341
251bbc4c-199d-4d0a-adc6-a5e6f959d8c7,shot_noise,s3,1,0.634357,0.734215,0.934533
252c287b-ed68-4d4f-a086-5ac2098d0fbb,clean,s4,5,0.638895,0.769531,0.823637
252cb1ce-5d73-4299-99ac-e6024d36f1fb,shot_noise,s4,2,0.598972,0.728968,0.823831
252de0a1-59a2-478f-bd6c-5cac00ccc5c1,shot_noise,s5,2,0.739885,0.849889,0.854560
2542223e-3a67-4eca-9e33-1656b1ffbd3d,clean,s5,5,0.482300,0.649998,0.652883
2545165e-17cb-4d3b-ab0f-2a39551452f0,gaussian_blur,s5,3,0.675239,0.804527,0.814397
25488e6b-c03c-47cc-b89a-fbb1c0e72d12,gaussian_blur,s5,5,0.739130,0.842604,0.896985
2573f918-6696-482b-92a8-4d9808e6d2a2,fog,s4,5,0.415972,0.576806,0.612913
257642b8-4b58-460d-8c07-3a038c1cf067,fog,s4,5,0.540362,0.674153,0.785849
2576faed-6cac-4bbe-b19c-28c36ab7733e,clean,s4,0,0.688465,0.812705,0.830372
25845397-2187-40c0-a34f-044d1703e40e,fog,s4,0,0.820907,0.899934,0.918763
25881b48-1e1c-47a0-9d47-5c646da354d3,shot_noise,s5,2,0.302117,0.440980,0.505291
258899f2-16d7-41d9-83f2-ed9eea07e23b,gaussian_blur,s4,2,0.734644,0.843457,0.869819
258beb0e-c498-4b61-a96b-2ea063eb3ead,shot_noise,s3,1,0.609528,0.720522,0.889351
258e8e72-70ab-4ea5-b7a1-91045fb77036,gaussian_blur,s4,4,0.402111,0.573458,0.573862
258f9c5b-e29f-4307-9759-c643fa26dc6b,fog,s3,2,0.404320,0.539095,0.655509
25b64386-0110-4739-beee-d259e657a3b4,clean,s3,4,0.536779,0.661202,0.808894
25bdb949-b33f-415d-b589-3c2a053f3e3b,gaussian_blur,s5,4,0.735371,0.847442,0.847947
25c03df2-bc17-418e-8fd2-1b5328fe90dd,gaussian_blur,s4,3,0.614831,0.759675,0.768992
25c46a01-5aaa-4db5-8b0d-38f30f1c3d96,clean,s5,3,0.582135,0.698213,0.860716
25d18f8a-ac0d-46ec-889f-72b3abe55b05,gaussian_blur,s5,1,0.825120,0.903792,0.908229
25da10c0-08a3-456e-96ce-9e65bd51a5ea,fog,s5,3,0.612354,0.758733,0.763081
25ebab9c-cf85-40b9-beb7-7d61254c2d1c,gaussian_blur,s4,2,0.616880,0.749438,0.817376
26012d5f-c59f-4c83-b160-f3c54465c4e8,shot_noise,s4,5,0.714378,0.826176,0.874935
2608d7ee-7c03-4cd2-ab48-c7df934933c3,shot_noise,s3,0,0.086492,0.154886,0.164335
260e5536-141e-40bc-bb4b-bcd6d3d343d0,shot_noise,s4,5,0.692547,0.801949,0.901157
2618404c-a8a6-427e-b158-7c225db2bc09,fog,s4,5,0.384233,0.555011,0.555483
261c622b-de1d-4edd-8cb2-2958ea0a33c0,clean,s3,0,0.528975,0.657405,0.792721
262c9754-4b49-445f-9295-696cae429cfe,clean,s5,5,0.690982,0.813195,0.838989
262cee75-56be-46d4-a498-bb89d2fa09a5,clean,s4,5,0.426196,0.530878,0.740042
2633635c-00da-4f80-ab65-caf40890411a,clean,s5,1,0.660213,0.792302,0.809940
26340e62-0f28-45f1-88c0-a2d508930108,shot_noise,s3,5,0.443864,0.550824,0.757321
263560e1-0ba5-4644-abf2-3081ffd7fe13,gaussian_blur,s3,4,0.305321,0.439763,0.517872
263d8c2e-014e-4d1d-bf9e-104facb1cc56,shot_noise,s5,4,0.349528,0.517027,0.520016
264109f4-3a1b-4d4a-a66e-4b61d32b15fa,clean,s4,3,0.709395,0.814794,0.912075
264c989b-e906-4753-a5d7-75b557fe7b4b,clean,s4,5,0.827010,0.904201,0.916949
26536fb6-d266-4f1e-bdae-20eb29cae7f6,clean,s5,4,0.241243,0.375584,0.409736
26559b6b-828b-4b6a-9f6a-c424f046b15d,fog,s4,4,0.322689,0.474762,0.512997
2664761d-4d29-468b-92bf-7c0683e3599a,gaussian_blur,s5,3,0.774843,0.873074,0.873659
266b186c-5905-442e-b7d3-102501c72c80,fog,s5,1,0.397216,0.539281,0.632181
2676c0fa-91ec-4633-bc32-0a910b1cae5c,shot_noise,s2,5,0.266532,0.367489,0.505303
26851472-a074-4c69-a8d0-d8054d62aef5,shot_noise,s5,3,0.550958,0.705152,0.728523
268645f0-548c-414a-8709-be0e23f789c3,clean,s4,5,0.810814,0.890636,0.940219
2686a580-040f-4ac6-8029-092f51879bee,fog,s4,4,0.533553,0.687941,0.721147
2695c505-29ce-464e-b70d-a437413fa342,gaussian_blur,s4,4,0.428861,0.578431,0.652123
269c7c2c-cadd-410a-9370-449e5e15cff2,shot_noise,s5,4,0.742871,0.852397,0.852949
269c9baf-dee5-4ca5-91be-2d571b02b748,shot_noise,s5,4,0.721128,0.837636,0.840036
26b9a33a-103e-4210-92c5-5dd06f4e9122,shot_noise,s4,0,0.754428,0.849010,0.932997
26c64180-ff42-4eba-a5d9-325307f93d06,fog,s5,5,0.482378,0.647147,0.661215
26dc2549-b582-4469-a354-e0ec9905a209,shot_noise,s4,1,0.196501,0.322836,0.336763
26f3fcf6-a444-4f4f-85e9-d6476542568c,fog,s5,2,0.599289,0.749030,0.751093
270fc34a-634f-45de-94b1-5175d57fa6f7,gaussian_blur,s4,4,0.214011,0.341701,0.369075
2710cfc4-8662-478f-aa6d-23a9c3ddd1e2,fog,s5,5,0.290613,0.403149,0.529429
271453d0-9bb9-42b5-94fe-b64986e5944e,shot_noise,s5,4,0.611115,0.756295,0.768179
271a3c06-0d8f-4ebf-af18-03704d328c80,clean,s3,3,0.586332,0.680306,0.923544
2732c04d-402a-43e5-a8eb-08712c6af9fe,shot_noise,s5,4,0.677485,0.805617,0.818656
273f9a87-971e-40e8-9f9a-1af6f6a882cb,shot_noise,s5,2,0.440275,0.604255,0.629371
27502bef-6dc9-4180-8752-a3967b4409a9,shot_noise,s5,3,0.508161,0.671034,0.682540
2760cc59-2498-4e22-ae2a-411636c07257,clean,s4,5,0.699096,0.819630,0.841056
27695662-da2f-498c-b1f3-71bbca9de587,gaussian_blur,s4,5,0.618913,0.736284,0.871988
276a2e1b-ce2a-405f-849c-5199fdfc6cdb,clean,s4,2,0.598819,0.738650,0.788971
2777c39b-31d6-4982-a23a-cce4b555e710,gaussian_blur,s4,2,0.278454,0.415109,0.470661
2777d0ee-0f4d-43ce-999c-ce6c3b1b72d1,gaussian_blur,s3,0,0.758547,0.850195,0.946155
2780a021-533c-4484-9231-4ff3ff0d098a,shot_noise,s4,0,0.426196,0.530878,0.740042
2789e3b7-876e-4859-b78e-5c33e9b61229,clean,s2,2,0.474604,0.525242,0.893224
278fa30e-dcdd-4e75-9169-98af4ee28f53,clean,s4,3,0.734567,0.841052,0.884235
279facd4-fb3c-4fd2-a98e-b02b2ce43d51,clean,s3,3,0.574158,0.698158,0.833249
27a20d0a-3262-4c09-81a4-c2f205531409,gaussian_blur,s5,4,0.694798,0.818739,0.826421
27a5babd-4981-430d-b838-05621da30067,shot_noise,s3,5,0.308069,0.442588,0.522053
27a68146-6341-4202-8030-ec9a7cc77422,clean,s5,0,0.559359,0.715620,0.723758
27a793d7-559d-4fbb-b7a0-451cfeaa5f49,gaussian_blur,s5,0,0.718457,0.828680,0.879856
27ab1cc3-611a-4fe1-84cb-bfd8eeca5fe4,shot_noise,s4,0,0.616821,0.760006,0.775501
27b2d46d-2e30-40c5-9dde-82c7ef8c53f1,shot_noise,s5,2,0.575245,0.718433,0.772704
27b8491c-8731-4064-bc00-550c26a58ac4,shot_noise,s3,2,0.289583,0.399975,0.531003
27cad792-ebe3-4ffd-ad2b-c71c954081f8,shot_noise,s5,4,0.537187,0.698881,0.699061
27dea9f1-f994-4d0a-8023-b5258dc61881,clean,s5,1,0.690775,0.813355,0.837229
27e3eb34-ab2e-4e9a-b69d-bca20283c802,shot_noise,s5,0,0.854538,0.921400,0.923648
27ebb0b3-84d7-452c-98c7-162367ad0b61,gaussian_blur,s4,0,0.629752,0.750751,0.861360
27ec8d55-da76-40e4-9b4c-5d89fa0d10cd,clean,s5,5,0.336296,0.467938,0.569835
27f0a88c-fc29-4602-8953-e5d6a274a7a2,gaussian_blur,s5,2,0.657084,0.788583,0.814240
27f39617-61d4-472d-b0a0-a4d918d7c4c7,fog,s5,3,0.711994,0.830089,0.841676
27fe1c71-5981-4c3a-b3dd-ee13aec7180b,fog,s4,2,0.671541,0.792079,0.858426
28035997-0a51-4025-9073-05136f48c25c,shot_noise,s4,5,0.347684,0.489510,0.567810
281d5906-92da-407f-8603-1f01eef6f5fc,shot_noise,s5,1,0.723012,0.838879,0.841495
282079be-a743-464e-8f69-b8c5b31173f2,shot_noise,s4,1,0.769895,0.864297,0.911933
28216388-11f3-4cd6-b637-b62b94c19fee,shot_noise,s3,3,0.795722,0.874660,0.978649
282e683a-1afb-410f-a2eb-470be0563f0c,fog,s5,0,0.788175,0.880925,0.886721
282fb5fa-f42d-47e0-9dd7-982f11fa6211,shot_noise,s5,5,0.443433,0.614246,0.614853
28325c22-9276-4e69-addb-afd3d8858e26,fog,s5,3,0.740586,0.850448,0.854394
283a088a-200d-4c16-b48a-022dccd7f70f,fog,s5,0,0.700118,0.822555,0.829565
28541e38-08a2-4fe7-a0da-8e3277e94d2d,clean,s5,2,0.682335,0.811174,0.811189
285ac042-144c-4af2-8602-0355a7418c10,clean,s3,3,0.853719,0.916959,0.970808
285c6a35-4f1a-454a-a5b6-8158053b9ddb,gaussian_blur,s4,2,0.721543,0.826123,0.908007
287116bf-d74d-4ed2-811e-af07b4bd5e97,gaussian_blur,s4,3,0.404008,0.572164,0.583319
2876f728-012d-4f18-8b1b-0a0319731b0f,gaussian_blur,s4,0,0.704773,0.823299,0.846772
289712be-d627-4d25-b250-00bade4ef335,shot_noise,s4,0,0.589736,0.731574,0.780507
28a4c45b-fce1-4d58-af5d-a93958124bc5,gaussian_blur,s4,1,0.717385,0.828245,0.877323
28b1848e-4715-490a-98e1-4b01ad4935a3,clean,s4,4,0.700235,0.818757,0.850919
28bbcf98-a169-4e63-b7c3-349d53f4c4e0,clean,s4,5,0.726121,0.838167,0.860896
28bcea88-de46-41ee-bd5b-0c115704e5b1,gaussian_blur,s4,5,0.693653,0.806508,0.884304
28d37704-f77f-4ce2-8f1e-08447cf7b158,gaussian_blur,s5,4,0.495364,0.660452,0.668661
28dec457-9449-421e-8e17-fb1904a89e83,fog,s4,5,0.695176,0.815579,0.845138
28e02270-0971-4e77-a7ab-e19c86ce154c,gaussian_blur,s4,5,0.635676,0.762343,0.840048
28e77858-39b0-4cb4-abb2-390fcb687c34,fog,s3,4,0.283245,0.403127,0.505658
28ec160d-aebe-4ae0-a4b3-d6d730c439fb,fog,s5,0,0.720405,0.832472,0.867397
28f06c5e-f25a-4002-a081-075a02a91ece,gaussian_blur,s5,1,0.448297,0.581306,0.709259
28f3d9b7-0646-4a8a-b9e4-252ec84cc807,gaussian_blur,s3,2,0.743173,0.831589,0.977826
28f878a3-7616-4b4a-86ec-37675735e728,clean,s4,4,0.447044,0.582815,0.701905
28f98322-0086-4d39-88ab-b14de3394831,clean,s4,3,0.427249,0.530816,0.743393
290dd9f6-7d75-42a5-8cb7-e29c7b35dde9,shot_noise,s4,3,0.591094,0.732374,0.782720
29112854-b4a9-416a-b1fa-d48893035223,fog,s5,3,0.499125,0.661695,0.678283
291ce26e-ee63-4103-b51a-5a2b16cc5ba2,clean,s4,5,0.615005,0.750922,0.804539
291dbb12-4bbc-4e45-a39e-944585d866d8,gaussian_blur,s3,0,0.533276,0.580992,0.969134
2926eb14-dae8-4cd0-a6a8-ce66301b1645,fog,s3,3,0.495908,0.544181,0.923732
295543a6-a4c2-4876-8b9b-05fc6786c90b,shot_noise,s3,0,0.547130,0.660774,0.844390
296412db-b2d7-46d8-a13d-916c36835aa1,shot_noise,s2,0,0.378917,0.468087,0.702805
2966ac85-5c66-4aeb-b64c-26a431d731fd,clean,s4,3,0.633020,0.747541,0.885131
296b813d-b65a-4956-a261-96e2b73b3c95,fog,s4,4,0.411756,0.582268,0.585852
2987d347-a23b-4dc0-a2c0-cf522bac2720,clean,s5,2,0.771268,0.870404,0.874425
2990576f-9dbf-43ea-93c5-996ff4e9ea92,clean,s3,3,0.507254,0.627096,0.796407
29937e29-f225-4639-b41d-40eaeb1ecc6a,fog,s4,5,0.655618,0.764491,0.908764
29a3af6d-5f15-4cfc-ba1a-624425590278,fog,s4,3,0.591580,0.722502,0.818650
29a7367f-27a5-495d-971b-6e2b50653512,gaussian_blur,s5,0,0.655172,0.784506,0.824891
29ae84f8-06b0-48e5-8238-4782be30ed47,clean,s5,5,0.729875,0.841414,0.859189
29b06a3b-feb7-4420-b283-5dc06c329d5c,gaussian_blur,s5,1,0.775117,0.872669,0.878372
29b4ab80-1b69-49f0-b0eb-79c59b9b4d3f,fog,s5,3,0.654667,0.788430,0.804854
29b98a59-64cd-45e2-8946-35df98eb4fea,fog,s5,5,0.588615,0.738802,0.749616
29cb93e2-35a8-4c40-82b0-0792eeed8dbd,gaussian_blur,s4,4,0.714333,0.823156,0.891099
29db8923-6d3e-4257-9ed1-e84e2af93e64,fog,s5,3,0.660767,0.794551,0.801509
29e209fd-a8c5-4294-9339-60ae503f3887,gaussian_blur,s2,1,0.486898,0.493362,0.973795
29f1df65-acc8-474a-996f-665639479848,gaussian_blur,s5,5,0.540756,0.701662,0.702853
29f2a1ab-50c4-47e3-a354-0ff184133ea6,clean,s5,1,0.571195,0.726700,0.728487
29f77844-fb13-4cda-8209-d63c82b1f1c3,fog,s3,5,0.460517,0.508832,0.878583
2a00efba-4fea-43a5-8e72-38f9a9502b69,clean,s5,2,0.744173,0.850965,0.869157
2a118ee3-928c-4863-9a63-f317a9c00276,gaussian_blur,s4,4,0.460345,0.606943,0.690293
2a16ca6e-3412-40c6-b0f4-0987156d7b61,fog,s5,3,0.698797,0.822443,0.824120
2a23a1bb-e4ee-4c45-a877-40f572351a37,clean,s1,0,0.272110,0.363646,0.528639
2a32a893-224f-4f0a-9404-b8b9e922293e,gaussian_blur,s4,1,0.507964,0.637491,0.773616
2a334f0d-e1b2-4587-867c-7b989e31a58e,gaussian_blur,s5,0,0.809407,0.893840,0.902443
2a3ce552-8307-4dee-b6de-68fedffa8109,clean,s5,1,0.798370,0.886506,0.900000
2a4982de-aacb-49be-9203-cdadb17bdb00,gaussian_blur,s4,0,0.611543,0.742499,0.822855
2a56df3a-29fa-4685-994c-3d3fb9485470,gaussian_blur,s4,1,0.543364,0.694918,0.734320
2a587b0d-b6ed-403e-b98d-81ebe7a33e90,shot_noise,s5,2,0.773133,0.872023,0.872290
2a5babe3-0a04-4256-b195-2ef19c7fd559,shot_noise,s4,0,0.597936,0.743327,0.768095
2a5d2b38-e35a-4001-b1a4-e9bca66e5262,gaussian_blur,s4,2,0.162809,0.280027,0.280027
2a6286b5-948a-4681-a801-38fcbdfe9092,fog,s4,0,0.465147,0.598660,0.725369
2a6ad9b2-719a-4688-9fe8-d0bc6eb9b948,fog,s4,2,0.533649,0.689377,0.716985
2a71c35c-6d88-4a1d-88c5-b823c4f814c7,shot_noise,s4,3,0.321494,0.486532,0.486617
2a80912d-c39b-4257-af77-3c2d1ac3c5d6,clean,s4,1,0.886776,0.938849,0.958661
2a8f6219-f44e-45d2-bc19-35a98f59027a,gaussian_blur,s3,0,0.436647,0.512756,0.803077
2a903e6d-e719-40a9-b4ad-c527ffa3906c,shot_noise,s4,0,0.679259,0.805014,0.829429
2a965751-290e-4146-9653-f7223abdc9c3,clean,s5,5,0.595818,0.739957,0.772749
2aa4fc42-3969-45ac-aa09-00755cbfcf9a,shot_noise,s5,1,0.806262,0.891850,0.900976
2aa56d1e-7a22-444d-88dd-187a7fd66e62,fog,s5,0,0.358953,0.527275,0.530400
2ab21a5a-d9e1-48f7-a302-19b7fda2633f,clean,s4,5,0.713113,0.819663,0.903910
2ab4c54e-a8a3-46d9-9ddb-e52909643707,shot_noise,s4,3,0.573225,0.700198,0.823883
2ac074ff-08b0-4eb3-9ac1-026651b5704b,gaussian_blur,s3,0,0.647256,0.746812,0.940084
2ac57391-8cfb-4089-9edb-fc5dc180fa5a,clean,s5,5,0.533549,0.694982,0.698634
2ade6543-27b6-477f-90cf-d4e8d7bfb566,fog,s5,2,0.704803,0.826838,0.826880
2aef4717-8f98-4914-b62b-125a79db58c3,fog,s5,2,0.593710,0.744078,0.748928
2af0bbc7-cf65-4132-b913-3176e662feff,shot_noise,s4,0,0.789414,0.878427,0.914299
2afe16d8-44eb-455e-b2bf-9bcbac29d808,gaussian_blur,s4,1,0.654250,0.766140,0.897265
2b0c1606-2795-4f9b-977c-192a205d0f26,shot_noise,s4,4,0.680324,0.804170,0.838265
2b0cc7c5-90c2-4222-a83c-98d6fc62d014,gaussian_blur,s5,4,0.301252,0.452916,0.481483
2b12a71e-8985-4f85-9b2e-527680bd6385,shot_noise,s4,0,0.620503,0.745603,0.845269
2b25bc99-e53a-49ec-a974-2add2b345ef7,gaussian_blur,s4,4,0.533756,0.659894,0.802208
2b2d3274-b4bc-4cd1-8843-e69b883620b1,shot_noise,s5,5,0.438413,0.606876,0.616453
2b36587b-7f59-4c92-a385-cce226772a6c,gaussian_blur,s4,3,0.785312,0.877633,0.897027
2b42bde9-fd53-44bd-a4c2-7f4900726ed5,shot_noise,s4,5,0.668415,0.782911,0.885771
2b431758-27c4-4419-93df-136b97cfcb33,shot_noise,s3,1,0.818806,0.893987,0.960657
2b4be9a5-d18e-4d95-a6be-205e4e429145,clean,s5,3,0.624601,0.744756,0.863632
2b67500f-255e-4536-8647-fb846191a75d,fog,s3,2,0.545165,0.621745,0.927435
2b686bfc-6b2e-44a6-a652-22db154d4bdc,clean,s3,1,0.483206,0.526378,0.915899
2b6c8d6e-fcb6-439b-be4a-b76926888f5b,gaussian_blur,s4,2,0.403436,0.574695,0.575470
2b71ed3e-d0d3-4f6b-a51c-692affe43c59,clean,s4,4,0.659245,0.792640,0.804240
2b728fb7-c5fd-409d-98eb-671d98faf27a,shot_noise,s5,1,0.656087,0.791884,0.794496
2b7a4c53-8178-4c4a-a7f2-adf1db6149ae,gaussian_blur,s4,0,0.656222,0.788899,0.809168
2bac572c-f298-47ce-b8fe-4a6b2cfae699,clean,s5,1,0.580976,0.734445,0.736895
2bca6507-ee17-4db0-90df-51bde7cba7cc,clean,s4,2,0.493113,0.613769,0.781552
2bcbf77a-7ee2-4b62-bc0c-4da3bec135dc,gaussian_blur,s3,1,0.624412,0.715355,0.956492
2be3be97-52a6-4c3d-9974-690fc8786b25,shot_noise,s4,2,0.294170,0.414788,0.522651
2be6be4e-b2d6-404e-954b-a2c7553d424b,clean,s4,2,0.500256,0.631013,0.764138
2bfb7f4f-de67-4e07-93d9-0f38fe27881d,gaussian_blur,s5,4,0.409360,0.516389,0.714342
2c00308b-890a-48e0-85b6-edb292f26c28,shot_noise,s4,1,0.351370,0.430125,0.677765
2c0771bf-2f0b-4108-a605-8f8dede2b229,fog,s5,4,0.683909,0.809840,0.825157
2c217742-3995-4450-b90a-9febd7702272,fog,s4,0,0.837037,0.907191,0.955456
2c2c05d1-9c2b-49a9-a496-036228c17544,fog,s5,1,0.548673,0.704120,0.723615
2c46114b-a87e-4401-8c52-3037e1cd7cdc,shot_noise,s3,5,0.647854,0.762867,0.885120
2c4846df-b13a-40a7-8f7b-2375ab8e9572,shot_noise,s4,1,0.666492,0.780828,0.886779
2c4a34ae-f1b2-4ea5-ad65-76a09de6f5cc,clean,s5,1,0.443524,0.613194,0.617880
2c4b934a-1203-4597-b879-5a2cccdb6117,gaussian_blur,s3,3,0.517591,0.554315,0.968887
2c510dc0-5ef5-415d-b173-0205deeef349,clean,s3,3,0.575495,0.669393,0.915563
2c53ecbd-8534-4fe7-9648-8561f990ff35,clean,s4,2,0.821607,0.896756,0.953520
2c585208-7565-41e5-9527-2c86b10d2d6e,gaussian_blur,s2,2,0.783564,0.864158,0.985328
2c5895b7-ec80-4c78-a4e2-3206bdffb354,gaussian_blur,s4,4,0.384512,0.554700,0.557125
2c58d166-9be0-4b1b-b8b3-879226101baa,shot_noise,s5,3,0.696221,0.803806,0.908080
2c644fcc-a7b3-48d6-a00d-618f4e8f725b,gaussian_blur,s5,5,0.523854,0.656962,0.776673
2c6604ab-d71a-40d0-a27c-53ac22e25b98,fog,s4,0,0.837174,0.909457,0.932523
2c6730aa-28d0-42e1-a95c-a0dc6b9b587b,fog,s5,1,0.511466,0.673155,0.687877
2c809f35-1221-40c8-9253-1df857ee9247,clean,s5,4,0.386314,0.555344,0.561781
2c89cb7a-5ab3-428d-a4d8-e84c108ba4bf,clean,s3,3,0.556975,0.670157,0.852799
2c9dd954-a71d-4348-b60b-87c768346b66,gaussian_blur,s5,2,0.673139,0.804567,0.805024
2caddf72-8307-4c2d-947c-1f44f0b1a95d,gaussian_blur,s5,0,0.313280,0.385206,0.626560
2cbc4e6a-c9cf-4bb2-b55f-f2cbdf3acbc4,clean,s5,5,0.804840,0.891626,0.894107
2cc5c478-3537-4394-a1e7-0bf05b1e001d,clean,s4,5,0.341542,0.479761,0.565723
2cc70494-8c77-407e-bef5-b7dd476b5727,shot_noise,s4,0,0.658328,0.772568,0.888048
2cc947bc-732d-4f43-8464-390af36c3af7,clean,s5,1,0.417160,0.581186,0.606731
2cd2c2b5-eebb-48f7-9e2d-b0637add4555,clean,s3,1,0.487391,0.546295,0.895760
2cd7d6a3-f298-4e0b-8c8f-87c38bf89af8,gaussian_blur,s3,5,0.770800,0.859317,0.950533
2cdff778-2f59-45e0-bca9-a290f083df06,clean,s5,2,0.684408,0.810947,0.821592
2ce1dce4-5d00-46ce-9063-28ca79d80170,fog,s5,5,0.519382,0.678900,0.698545
2d1513ba-fbee-41a8-8f05-71bc7439d74e,fog,s5,0,0.675763,0.806438,0.806909
2d317288-bf4b-4f41-89b0-1d5d149a4fba,gaussian_blur,s4,0,0.789414,0.878427,0.914299
2d31ed73-effd-40a9-ab7a-42978488c71e,fog,s4,1,0.400326,0.569974,0.575917
2d4239c4-85ad-465b-a7e7-42ad31aa9dc4,shot_noise,s4,2,0.613194,0.730221,0.871435
2d42c92c-a570-43e9-b984-e82d2127b9ad,fog,s4,3,0.269804,0.408836,0.452219
2d452c97-4812-4224-ad12-d96c5d9bb320,shot_noise,s5,3,0.668970,0.800613,0.806885
2d4e2296-1632-464b-a6e7-7169c63f0bd2,fog,s4,3,0.181498,0.299509,0.318261
2d600a53-63e5-4d30-ae04-57c5aceffa37,shot_noise,s5,0,0.221778,0.343384,0.392979
2d69ff27-47a5-49ae-a32a-555b23a1a8c2,gaussian_blur,s2,3,0.443682,0.508482,0.830661
2d6a8185-ed96-45a5-b701-34082f901187,gaussian_blur,s4,3,0.560865,0.699914,0.781125
2d79d562-a685-47c6-96f5-82facbdbac57,shot_noise,s5,1,0.526829,0.661525,0.774506
2d87843d-9372-4568-98d9-773a2c06bbdd,clean,s5,1,0.740790,0.850581,0.854546
2d8af6e6-6077-4935-aa53-46979101dc6c,clean,s5,3,0.723154,0.835631,0.861888
2d8b6acc-9d3e-4b75-acf7-3b3defe13788,gaussian_blur,s5,0,0.448652,0.515700,0.833541
2d93b831-2eaa-4e75-8cb9-6335cc13f328,fog,s5,1,0.568388,0.717638,0.750192
2dacf2fc-5096-48a5-8201-e227f8275ccd,fog,s3,5,0.494947,0.554313,0.904140
2db3ef14-cd17-4c7e-a5d5-d3ecfe460407,fog,s5,5,0.327735,0.490685,0.499547
2dc92aae-2ed9-46cc-8137-dffd4a982be1,gaussian_blur,s2,3,0.489747,0.526219,0.934560
2dc9c4b0-1826-4802-a665-1ae17eaaf78c,shot_noise,s4,0,0.297799,0.435093,0.501125
2dca2901-22a5-4367-9d4e-3e7eb00d598d,shot_noise,s5,5,0.492922,0.658521,0.665685
2dcf4dcf-74f3-43b9-9b30-a4b837bd1bd3,fog,s4,3,0.563780,0.713021,0.749019
2dd34753-84c9-4d25-ade7-d4724364795b,fog,s4,2,0.737607,0.838008,0.916792
2dd37d61-2341-4e0d-bf49-6f0b5d8b4ce4,shot_noise,s3,4,0.606731,0.703257,0.930401
2dea6272-8d40-4949-bea9-107b39289b90,gaussian_blur,s5,0,0.448911,0.618726,0.622084
2decf5cd-338d-4cde-a0ac-f610680361db,shot_noise,s5,2,0.108959,0.188249,0.206679
2dfb65c2-73e7-4a85-9a4f-6ead842488f5,shot_noise,s3,1,0.384303,0.458430,0.733968
2dff93fe-4889-4172-b0d6-3f8d6ef41b9b,clean,s5,0,0.402418,0.561998,0.601046
2e0ee766-089b-4ca0-a954-f0aabeec12f1,fog,s5,2,0.566701,0.684034,0.848124
2e151497-8ea5-475a-b6da-802aab7d31f2,shot_noise,s4,1,0.689099,0.792938,0.927007
2e2399bd-7641-41f0-bac9-2408802e9570,shot_noise,s4,4,0.722658,0.836496,0.854343
2e29876c-fe61-4b14-ab96-471cdefa449b,fog,s4,5,0.511874,0.668891,0.702048
2e32c685-ead9-477b-8d8c-f58159d5d129,clean,s5,5,0.410582,0.582035,0.582408
2e521777-f449-4306-9b55-4c7d04840e28,clean,s4,4,0.532048,0.667973,0.774625
2e568292-2345-4343-a21d-6d3b72ea2e13,fog,s5,1,0.597322,0.747547,0.749321
2e668bda-8002-461e-8daf-8552dccac12d,shot_noise,s4,3,0.711461,0.819922,0.895189
2e73eff7-c09f-4bf7-b111-727c69aa32f2,fog,s5,4,0.671541,0.802549,0.808315
2e7c287f-1cbd-45e5-a57b-cb9a41d504cf,shot_noise,s4,4,0.312925,0.428970,0.560240
2e804466-06ba-4a1c-8448-d6d9d593ee24,gaussian_blur,s4,0,0.820113,0.899442,0.918325
2e89d664-4b71-4371-8735-b1855b2303e4,clean,s4,0,0.620503,0.745603,0.845269
2e8c4302-d51c-40a0-a886-a5b950f97427,clean,s3,3,0.640026,0.749876,0.902971
2e8cb61e-5db7-4a15-823c-aeb6d0a16aa1,shot_noise,s5,5,0.598567,0.738977,0.786816
2e903f90-f89e-4182-8565-3e2d590aea34,fog,s5,2,0.606798,0.753345,0.763168
2e92ea4d-21a0-4a5c-9204-95c88d3fafde,fog,s2,3,0.431409,0.494504,0.816965
2e969818-f9fc-47c5-b7c9-56b31c600651,clean,s4,4,0.544143,0.697276,0.729581
2ea72b8f-c46b-414c-9d8d-69a12cd83a2d,clean,s3,4,0.098328,0.172931,0.186450
2ea8d24b-8eb8-4d52-9899-2da924dadcfa,fog,s5,1,0.364768,0.527239,0.550012
2eaabcab-a206-4910-ad68-548ae8cedf3f,fog,s4,2,0.493196,0.653313,0.681584
2eb1b0a6-582f-4ab3-8ad5-a7d1b80be959,fog,s4,4,0.479282,0.646564,0.652036
2eb86556-0164-45d7-bc06-6941252a4490,clean,s4,0,0.397455,0.564410,0.578967
2ebee61a-97c1-43c9-ac26-d34a26604682,shot_noise,s4,0,0.185873,0.306373,0.323723
2ecd0769-59ff-48d8-be7a-e69ca6ea0610,gaussian_blur,s3,0,0.567742,0.691557,0.830368
2ecd6509-f1a6-4c70-98b3-d061408aaa80,gaussian_blur,s3,2,0.708455,0.805605,0.951509
2ed9a83e-b158-4f49-af24-f8dc1edb187d,clean,s5,5,0.659299,0.794187,0.797029
2eef8a77-bedb-4bb3-9d9d-0ff5f1bbeb8a,fog,s4,0,0.765049,0.860663,0.911551
2eeff363-059d-40f6-bc05-94eee2301ffa,gaussian_blur,s5,1,0.815116,0.897304,0.906299
2ef4cdab-e8f9-4ce2-a0b2-d896e40f3689,fog,s5,3,0.351298,0.518992,0.521915
2ef6cc6d-ed56-407b-a03a-226c190d46aa,gaussian_blur,s4,2,0.466807,0.577393,0.776341
2f0c5042-f843-4fcd-ae4e-70cb284b3199,fog,s5,5,0.321087,0.476687,0.504072
2f0fbe92-deb8-42e0-914b-883c0d13d18f,gaussian_blur,s4,3,0.578707,0.718522,0.785075
2f105a90-0c2b-43e4-890a-bb6ae395eced,clean,s5,4,0.730632,0.843791,0.847945
2f24bc9c-284c-4552-8cb4-4710f8833ec2,fog,s5,4,0.396871,0.556085,0.595586
2f2c0cc0-1e41-433a-b00e-15da8f799ed8,fog,s4,2,0.285438,0.443754,0.444752
2f356595-ce5e-4fd0-b399-44f067e9bfe2,fog,s4,1,0.492174,0.655523,0.671724
2f3ae2cc-a4b5-49b4-bddb-e46a1ca7acdb,fog,s4,1,0.477373,0.612782,0.732667
2f3f4d83-2f0a-46dd-874d-ac2a0c9149c5,clean,s3,1,0.535220,0.629642,0.879819
2f425d35-235d-45d7-922e-854f2204eb43,fog,s3,5,0.498935,0.556897,0.911311
2f498132-81e2-4624-8aa1-622ff68406f6,fog,s5,1,0.697004,0.821446,0.821488
2f4a35d4-82bf-4efe-87b3-d615f281b399,fog,s5,1,0.492572,0.616872,0.772680
2f4b3688-8011-465f-8a35-ce4ec5bb5460,clean,s4,3,0.638895,0.769531,0.823637
2f4ea486-bd78-45ed-9206-7597f61a8a05,clean,s4,1,0.567341,0.702803,0.795120
2f70d1d6-7414-4df7-98ed-bfe09fe17ca2,gaussian_blur,s3,3,0.655274,0.746914,0.968864
2f721c54-3266-4a47-9cc6-5f59d57c220e,fog,s4,0,0.580246,0.727402,0.759952
2f7572c0-ae98-4482-95fb-b3c9080a9ef4,clean,s4,3,0.588197,0.735527,0.760309
2f78ff39-cc97-4d9f-8eb1-dcfdd6ffb585,shot_noise,s4,5,0.561071,0.710568,0.747365
2f8f368c-1436-4b3d-b663-880f4d09e601,clean,s3,2,0.615925,0.705066,0.956438
2f9cf789-19ed-4bf9-90f0-541d12e0a04a,fog,s4,4,0.512598,0.650350,0.756197
2f9d99dd-ba0c-43de-a2bc-e3acd6407619,shot_noise,s4,5,0.621621,0.750849,0.830150
2faaa1cb-de88-4a16-b078-216a978e94ad,gaussian_blur,s5,1,0.672942,0.803756,0.808299
2faafdb4-9cde-4e97-b97d-62c0220e2d1d,fog,s4,4,0.431987,0.589170,0.637829
2fd57333-5cca-49a2-aac3-bbea579a7d11,shot_noise,s5,4,0.437144,0.603053,0.621700
2fdecd3f-a9ff-4974-8cfa-e213736277a7,gaussian_blur,s4,1,0.501282,0.663262,0.681296
2fe1246e-e6a8-4460-a416-e671d49f2ae9,clean,s5,4,0.657146,0.788892,0.813067
2fe35cb2-676d-4eac-a3ff-ceeee356bc58,shot_noise,s3,3,0.503221,0.596372,0.850757
2fe3c06d-6df3-4751-925e-72ec69aa9b2a,gaussian_blur,s4,5,0.478409,0.645618,0.651643
2fee517a-22fd-47e8-93e1-55278e0a666a,shot_noise,s5,2,0.357138,0.522714,0.533844
3008769d-cfe3-4cd3-a787-2d11c58fbe37,shot_noise,s4,2,0.761421,0.861447,0.886969
300ed5b5-3d44-4cc3-816a-9d6a7b12c911,fog,s4,5,0.677713,0.798724,0.853499
30119013-59fc-4cec-a882-6bb5f5578d9a,clean,s5,2,0.679234,0.805277,0.828005
301f8d5e-c7c3-47f1-bef2-47f2b66661ba,shot_noise,s3,5,0.552909,0.635707,0.921782
30315c3f-7013-401b-88ce-a40c8263e6f8,shot_noise,s5,4,0.491629,0.651652,0.680808
30338949-e76f-412c-9dc6-a7586ce91fbf,gaussian_blur,s1,3,0.071161,0.127043,0.139539
30374b4d-3762-4c31-9369-cbd0f55263b7,shot_noise,s1,0,0.473608,0.486446,0.947216
304695f5-9cfe-4dd5-9df0-d1a6d290595c,fog,s3,4,0.800575,0.880819,0.959931
305f99ba-f792-41c0-a6cf-257de77343e4,fog,s5,2,0.581298,0.734400,0.738287
306a753a-2ae3-4b55-b2c8-7bb886bcef0a,gaussian_blur,s5,1,0.390897,0.560501,0.565669
306ff004-fc89-4318-bfa7-8ff25741eccb,clean,s4,1,0.683721,0.807164,0.838037
307201c3-49bf-4c85-86e8-d6d3c71cac74,gaussian_blur,s4,4,0.483544,0.631071,0.708272
3084f238-fa50-4636-bb7a-a4184a25b374,shot_noise,s4,0,0.430017,0.548898,0.717835
308ce1f3-daf7-4e48-b05d-e4d8cf270673,gaussian_blur,s4,2,0.376911,0.547363,0.547717
3096066d-9c9e-4e66-a971-8bec63aae616,gaussian_blur,s4,3,0.541529,0.700453,0.709712
309676a8-b5da-4f85-899c-f1a7514dd1f9,clean,s5,3,0.458172,0.626839,0.632655
3097284b-4772-45f2-9672-f6217139ccb2,shot_noise,s5,5,0.381646,0.542268,0.574697
30a3ee5f-0ed8-45b2-8895-d87acdbb2e29,fog,s5,0,0.766595,0.867225,0.872804
30b35286-c483-4a66-97ca-5baa846f8aaa,shot_noise,s4,4,0.674814,0.798373,0.842859
30b8100d-9898-497a-975d-799fd96dc65f,fog,s5,4,0.424962,0.515930,0.762801
30bb43fc-fb70-4d60-94bb-b986462e9ed5,shot_noise,s4,0,0.511936,0.668006,0.704865
30c3e7cb-2bf8-4731-a17e-b65a31ffd8e2,shot_noise,s5,3,0.665173,0.795964,0.813429
30c4aafe-6db4-4ca6-9641-d676158cfe81,shot_noise,s4,1,0.529341,0.688627,0.703874
30c97ad1-7e8b-48c7-a447-3fe21a1e3dd9,fog,s5,5,0.400888,0.572255,0.572517
30ca1540-9e71-4748-95ed-51dba37c0aff,clean,s3,5,0.480569,0.490092,0.961139
30ca398c-215a-40c5-952e-ec8d3095974f,gaussian_blur,s4,3,0.426090,0.591599,0.612171
30cc9d8a-6917-4d61-9e95-ce215ffc7811,shot_noise,s4,4,0.520483,0.658114,0.762181
30d62e53-7fe0-4198-81fd-0b5af566e63c,gaussian_blur,s4,0,0.463455,0.552440,0.814197
30dff8cf-5cc6-4ead-92ad-bc111d75f277,fog,s4,1,0.424804,0.582297,0.629819
30ec2658-9524-46e7-a662-cdbb761dbe51,clean,s5,2,0.502120,0.661058,0.690651
30f2b407-0919-422a-a020-9458b1951eba,shot_noise,s3,0,0.571071,0.695397,0.830679
30fd4ff4-6611-4afe-a22b-9ed97a2d2273,clean,s4,3,0.297799,0.435093,0.501125
30fde8be-86a2-4892-a5f2-3d59a81e2202,fog,s5,1,0.475342,0.629239,0.685227
3109c8e9-201b-4ef0-866a-66f03d7a9ea4,clean,s4,1,0.451072,0.619901,0.626464
3110d279-25de-4cb3-9fc5-09f2d44542e4,clean,s5,4,0.716392,0.828205,0.872949
311a9a5a-b3fc-4532-a3c7-4c2778718023,fog,s4,5,0.594358,0.743038,0.755456
311b494b-c977-47ba-935a-efa1c5ee58f4,clean,s4,2,0.814803,0.893958,0.935616
311bd610-b326-401e-8612-d66c47357970,fog,s3,4,0.442572,0.469536,0.885144
311e17e6-a09c-4bbe-b48b-d7a654f518f0,shot_noise,s5,4,0.754515,0.859338,0.865381
3127c0da-a343-4743-9590-5018e350e0d4,clean,s4,4,0.417288,0.585701,0.596464
31294652-05f1-493e-85a6-a8686dfd420d,fog,s5,5,0.340566,0.501956,0.520416
312ad3ff-792c-4413-bfac-299977cad10a,clean,s4,0,0.458305,0.625940,0.635509
314fead8-4e01-4145-b974-1baad3a51d72,clean,s5,2,0.580046,0.733741,0.735989
31526750-daf9-4fbe-a9dd-13417d2f4708,shot_noise,s4,2,0.500527,0.625553,0.778182
3154867f-5e86-41f4-85ec-fb8bef1e9eec,shot_noise,s5,4,0.811642,0.895305,0.902952
31551bcf-996d-4859-b336-a81d2821de5a,shot_noise,s3,4,0.604975,0.716687,0.885135
315b9634-4067-404c-8247-65c782293422,fog,s4,3,0.505414,0.608619,0.832027
315d6957-b6d8-46fe-80f0-98f5232f7b68,gaussian_blur,s2,0,0.639615,0.728244,0.971393
31777795-1111-4720-a88a-74fb8bf0d84f,shot_noise,s4,3,0.770313,0.865253,0.907392
31785cf6-a6aa-4562-aad7-52e1dcfb0321,fog,s3,4,0.575865,0.654809,0.951159
3179121b-8390-437f-9505-fe9091d6d77e,shot_noise,s5,2,0.548249,0.702100,0.728755
317bd4cd-0770-4129-a288-f429d9119c8d,gaussian_blur,s4,3,0.347133,0.473638,0.594640
317f9bf3-caf7-48f0-ad3d-bacdf1358d3b,gaussian_blur,s5,5,0.710832,0.830498,0.833808
3187138b-ebe6-44b2-bb27-8831fb6d38e0,fog,s5,3,0.313879,0.472243,0.488299
31876bfb-822d-4d6c-a2b9-bf0df9f9485b,fog,s4,4,0.847148,0.915044,0.943216
318827c0-c92a-4d5a-8229-8e9a561c314d,shot_noise,s4,0,0.687730,0.801194,0.884304
3197b5b8-c604-4eb7-8e2d-06f14e5f0621,shot_noise,s4,4,0.657144,0.785343,0.829259
319bbfb8-b1d4-4eec-9aff-fed8db6d3531,shot_noise,s5,0,0.662876,0.795299,0.806864
319f5177-275c-4044-b0b5-297fc5b9ac52,fog,s4,4,0.377630,0.537427,0.571589
31a4bf8f-74ef-4e01-b160-7ce62587fb38,gaussian_blur,s5,3,0.479617,0.647379,0.650907
31b4d91b-eda0-41b3-ab8c-dc3ccb673378,clean,s4,2,0.697243,0.809894,0.883291
31b8a521-c352-4f73-87c7-49f5b63c4605,shot_noise,s5,3,0.583124,0.732882,0.750875
31c6615d-c2ce-4d13-93be-dae62aacf806,fog,s5,5,0.675328,0.803390,0.820517
31c7197b-071b-4381-b69b-b1d51a57fb65,gaussian_blur,s2,3,0.435981,0.465801,0.871963
31cfa57b-87ec-4ab3-a395-d0792e958b08,gaussian_blur,s3,5,0.449675,0.473504,0.899349
31fa1355-dc45-4de9-b48c-8c8ed113d63d,gaussian_blur,s4,5,0.715002,0.829658,0.858258
320a37f8-e69e-49e9-b0dd-511805416927,gaussian_blur,s4,3,0.357600,0.511332,0.558489
32167442-8e6c-41e4-9eb2-24d0c99f6a67,clean,s4,2,0.835351,0.907566,0.939760
321a05d7-5459-4742-af8f-e6e7ab068bba,shot_noise,s3,1,0.792160,0.874853,0.957344
3227f384-f5d4-4cab-893f-8ffba7c17a29,gaussian_blur,s4,3,0.725913,0.829084,0.912037
322c946b-1c5d-4b12-a9e3-a650e03c6513,clean,s5,0,0.197838,0.307534,0.363237
3243c1c4-375e-4994-a934-13a43083d316,shot_noise,s5,3,0.672106,0.801240,0.817307
324808c5-602b-41a7-9962-3c0ebab8b77e,shot_noise,s5,0,0.392627,0.559576,0.573604
325ddb86-f6df-437d-b7cc-ab7aa7a46720,shot_noise,s5,2,0.610940,0.757269,0.763514
327b2d9e-1927-4dd7-9f6c-6d4592f4c530,shot_noise,s5,2,0.421103,0.588789,0.602012
327ddbbf-c546-47a6-bb92-f3f983ba935b,clean,s3,5,0.611302,0.707070,0.935253
327ecd9b-ddd4-4f05-93ef-b2b6bdd0232b,shot_noise,s2,5,0.303220,0.408820,0.560944
3283c62c-4091-465a-8f0d-c33bf25f2603,fog,s5,4,0.580953,0.733430,0.740604
32929920-edd1-43d4-89f5-5f365c369971,fog,s4,4,0.363599,0.533274,0.533333
329692a1-f859-4588-a941-42de5f094b83,clean,s2,1,0.377143,0.466551,0.699874
329c78df-8a3e-4b51-b37b-ac79e78c1ef8,clean,s4,2,0.524799,0.661540,0.767568
32a256f9-4837-431f-9eea-c2a78eabaef1,fog,s5,4,0.367549,0.485978,0.637819
32a26be2-1927-4a14-9725-87b3ec8fdb06,fog,s5,4,0.660165,0.791714,0.812523
32a62247-4a3e-409f-a09f-5a236cc10135,clean,s4,4,0.468835,0.567106,0.803015
32b63b04-bc3d-4349-bb90-bf029854c16a,gaussian_blur,s5,4,0.557456,0.699232,0.771120
32bae811-e2a0-4f77-aaca-6e72334fe182,clean,s4,3,0.412660,0.581933,0.589728
32c6dd9f-e8f5-4a12-97a0-e9773f39765f,gaussian_blur,s4,4,0.815747,0.894139,0.939957
32d93e1a-8da1-4b56-9bcc-e27a5608874c,clean,s5,5,0.758968,0.861268,0.875232
32de8c7e-3e46-4163-b10b-29d994d5902a,shot_noise,s4,4,0.710512,0.823662,0.871008
32ed5cf7-2094-4a16-9fc5-b69e6d68d9fa,gaussian_blur,s3,1,0.708452,0.806363,0.948059
32ee1fb0-1947-4dfc-9143-ad6854db665b,fog,s3,4,0.459642,0.478973,0.919285
32ff9944-bbd0-4130-88e7-081381aa5032,shot_noise,s4,2,0.644459,0.774592,0.824620
33021864-d49b-4538-a491-409db0a83db8,clean,s2,0,0.613414,0.706737,0.943355
330a861d-cb5b-42d2-84cb-016b8a498cc6,gaussian_blur,s4,4,0.456128,0.553846,0.789328
330c0b93-ca1b-41cc-afbf-afd0231aa163,fog,s5,5,0.421523,0.593042,0.593099
330e01a0-93d5-43a5-8b9a-4fc7067a4a60,clean,s2,4,0.467435,0.483169,0.934869
330e1aac-244b-46dd-a1ba-7dfaa65e6251,gaussian_blur,s5,3,0.580477,0.699183,0.852160
331101f6-3799-4e8f-a268-91e5296e654b,clean,s4,5,0.394513,0.562663,0.572997
33182893-aa33-4066-b8b7-4d3ef196ce0f,clean,s5,4,0.417160,0.581186,0.606731
33188d88-5c46-4943-93b9-e4c8a01aafc7,gaussian_blur,s5,3,0.677697,0.789874,0.893627
332ce92f-bca7-457e-bba1-ac0cea019d69,gaussian_blur,s3,4,0.219981,0.331628,0.404021
333ac96d-bd5c-4572-b06b-1f032d6bf621,shot_noise,s5,4,0.564603,0.687599,0.830943
33400c71-617d-4234-842f-4ce85089fe78,gaussian_blur,s5,1,0.769443,0.868979,0.875206
335a3aad-555c-4888-be7b-93130cf2ff94,clean,s5,5,0.678409,0.808167,0.809584
335aee2a-8f58-419a-a02e-62db3abffdcf,shot_noise,s5,3,0.706297,0.827844,0.828032
33609eba-802c-4533-89e8-9f9b5daa2f29,shot_noise,s4,2,0.818674,0.897225,0.930192
3364e4dd-43da-487a-ba97-0ba8a7319e1c,clean,s5,2,0.690999,0.816279,0.822648
337077b1-1bee-4062-ad71-312015a42c0f,gaussian_blur,s3,4,0.446309,0.471632,0.892619
337e3627-f1ac-43ed-a065-4fac78684854,gaussian_blur,s4,3,0.304690,0.467045,0.467111
337e8559-675a-4ead-8117-fbeb1491605a,gaussian_blur,s5,0,0.679151,0.807946,0.814000
338d2682-582f-4579-b05c-ec7f19416717,gaussian_blur,s3,1,0.649264,0.757728,0.909557
33919a08-1bc0-4371-bc42-95667c04b1fa,clean,s5,0,0.763360,0.863906,0.879728
339c554d-1dfa-4c7b-96e7-bace3f3cbc64,fog,s5,3,0.306492,0.460680,0.484949
33a13c64-bc27-4837-b834-072ca3c01c6a,fog,s4,4,0.453165,0.565250,0.758124
33aa9edb-5cfd-4c57-9232-033c5c5c575e,clean,s5,3,0.854538,0.921400,0.923648
33b2900d-30e2-461b-95d9-eb461639af4d,fog,s4,0,0.568457,0.712942,0.766384
33c37511-3452-4cef-b024-1221b1bd145f,shot_noise,s5,5,0.567016,0.715164,0.753616
33cb2cf1-ff9d-4a96-acec-ad88a1a337b9,clean,s2,4,0.465877,0.506202,0.897733
33d33d43-b446-48ee-a225-f04ddb398932,shot_noise,s3,4,0.800825,0.881573,0.955471
33da33d1-40c7-4b29-9729-147b4d948f8a,clean,s4,2,0.666847,0.788913,0.853269
33e72457-0710-4d2a-a451-5522b0466dbd,gaussian_blur,s2,5,0.461528,0.479994,0.923056
33e93d69-ec02-41ef-b394-6b10f2cc31d2,clean,s5,4,0.616529,0.759063,0.778216
33f0be5a-7136-4b69-9bb7-dce45ed7cb19,gaussian_blur,s3,5,0.490108,0.607666,0.785640
33f1bc5a-406a-4273-8475-1eaa5541aa5e,clean,s4,2,0.759326,0.860145,0.885054
33ff23dc-253a-48a6-a727-4dfa96e5c421,gaussian_blur,s5,2,0.530404,0.690799,0.700779
34057222-2358-4162-8657-df19cf44cad8,clean,s4,4,0.627499,0.748325,0.861696
34109e5f-9bc3-4b9d-9f2b-cb1f77f224cf,shot_noise,s4,5,0.785178,0.874895,0.917776
34136173-8114-4fbc-b206-1621176e9954,fog,s5,4,0.310621,0.414946,0.574955
3421a005-4d86-437a-ba7e-bfa19b9c7223,fog,s4,1,0.684488,0.800533,0.873675
3437c4e5-3f1e-4ad4-b550-9013d1453416,fog,s4,0,0.794188,0.880171,0.928011
3455ba85-0855-4cfd-bf4b-e04ebf040aed,gaussian_blur,s4,5,0.602555,0.745994,0.775610
3456308a-4560-4069-a199-89fb461a3e0d,shot_noise,s4,5,0.569975,0.696417,0.823851
345eb8e9-37ee-4629-8289-ed2f866b804e,fog,s4,3,0.542395,0.679536,0.777518
346eb016-c573-4ae2-b639-3d6cee5ff25f,fog,s5,0,0.562340,0.681380,0.840669
3482f6f0-72cc-4a9c-8ce6-77cefb9724f6,fog,s5,2,0.369326,0.539421,0.539440
3483c437-8de8-494f-a9e1-9619d865ee1e,fog,s4,2,0.371218,0.540505,0.543483
34895e65-6d38-49dd-ba3e-1656f3395ca7,fog,s4,0,0.687730,0.801194,0.884304
349159ca-c74c-40de-ba49-ed9d18721c52,fog,s3,0,0.550707,0.645722,0.892448
349499ca-69bf-422d-b961-8d815aeb830a,shot_noise,s4,0,0.446514,0.577501,0.711720
3498bebf-4621-489d-bd60-40a52996fdc9,shot_noise,s5,5,0.549815,0.708394,0.713397
349b157a-3390-4233-80b3-7e32265ed18b,fog,s4,0,0.480491,0.646251,0.657144
349c08ad-65ca-482e-b326-5055ebf8c478,gaussian_blur,s3,0,0.409347,0.526695,0.695435
34a5d7a2-5aa8-49ac-bafb-108a02b91369,shot_noise,s5,4,0.567123,0.714325,0.756859
34aa204c-f151-4aa7-b56e-e6024de9e6df,clean,s5,0,0.398206,0.564025,0.582373
34ac9bf0-73bc-4130-a80c-bc4d968436b9,shot_noise,s5,1,0.354956,0.521156,0.529748
34beec90-8a02-454a-b94e-bd87dbfaac4b,gaussian_blur,s5,1,0.540774,0.696467,0.720021
34c44ab8-90b3-4d9a-8ed1-6bf212e88928,shot_noise,s4,2,0.723234,0.834409,0.869477
34d16479-61f0-4b15-8acc-f149b9106d79,fog,s4,3,0.331610,0.497871,0.498434
34dcc8ae-9b4d-46c8-a663-d2242d972136,gaussian_blur,s4,1,0.691846,0.813204,0.842781
34e2c0f0-d080-4cc8-bfe2-b3b14ecc3bec,fog,s5,3,0.736875,0.846847,0.859344
34e37b73-7940-4a81-9d9a-fc4e761b1536,fog,s5,0,0.598051,0.748237,0.749424
34f89933-1caf-4c32-a658-62055391a22b,gaussian_blur,s4,0,0.607004,0.751737,0.770395
351ba52a-91be-40dc-a5c5-29c0b8898228,clean,s5,1,0.806038,0.892399,0.894507
351ea88f-3883-4f03-b725-772284527f1a,gaussian_blur,s4,0,0.568797,0.706446,0.788811
3527e215-ed13-451e-a357-70adb0f18ade,gaussian_blur,s4,2,0.474147,0.640255,0.651701
353bde22-86fd-4019-8af3-ea61463b6ae3,gaussian_blur,s3,1,0.460781,0.479590,0.921563
3560a533-3b47-49e3-a2ab-e6910ccb66d0,fog,s5,1,0.651933,0.789183,0.789840
35632287-cdfa-4b5c-ac14-f712da47d8f3,clean,s5,4,0.446914,0.617404,0.618645
35665fb7-9835-4953-8d06-2aaab5850f00,shot_noise,s4,0,0.785163,0.875572,0.912460
3567452a-0a2b-47bf-ba5e-d036c091e748,fog,s3,0,0.507691,0.634424,0.780271
3578e8a9-f94d-40c8-bd8f-0fc7bc61201e,gaussian_blur,s4,0,0.689480,0.810192,0.847877
357a71fe-6cbd-4840-989f-5c411086b339,gaussian_blur,s5,0,0.518901,0.678305,0.698656
357c614a-e1b7-45ee-9167-2b173f40335e,gaussian_blur,s3,1,0.590471,0.676254,0.947168
358f2b93-da9d-4f03-aadb-276a24bb8e4c,fog,s4,4,0.497564,0.578782,0.867994
359266e7-bc9d-48c5-9ba3-82c57759c853,fog,s5,2,0.415751,0.579174,0.606685
35a68e87-0d82-4da3-9792-14a89e000d29,clean,s5,3,0.698939,0.822363,0.825225
35b521c1-047f-4090-8a21-03a63c01e5c9,gaussian_blur,s4,5,0.482819,0.610031,0.756835
35bbd697-dc24-45c7-b73f-eb9c15cf1a8c,fog,s4,0,0.391161,0.521756,0.647237
35be558e-82ee-4326-b21b-3cab6befd9d0,gaussian_blur,s5,0,0.658624,0.790980,0.809495
35d21557-55af-42b0-9151-7fb2ffd831bd,shot_noise,s5,5,0.548752,0.703183,0.727013
35dbe260-82c1-4e64-99ed-9c3707ec7ab0,fog,s3,3,0.423043,0.548863,0.695856
3605b0a0-9838-4945-a965-9ae7bc340146,fog,s5,3,0.238448,0.322904,0.476896
3605b9c2-84bb-4165-805c-e18c6310fd56,fog,s5,2,0.637018,0.777447,0.781948
360d2a36-0b1d-4273-a0e0-97cdb9120347,gaussian_blur,s3,0,0.345660,0.483331,0.572597
360e1fb8-23c5-4957-8a4a-f834f2012611,gaussian_blur,s5,4,0.513927,0.674687,0.691984
361efa7f-2942-40e2-9c30-fccc9fcbe7fa,fog,s3,1,0.665479,0.765229,0.943605
3628b455-d5c9-4be9-88de-1a58c80066bc,shot_noise,s5,3,0.737075,0.848637,0.848655
36426a42-df48-459e-b551-c275d6ad2f20,gaussian_blur,s3,5,0.535807,0.616210,0.910219
3669eefa-3aac-4d3b-8ebf-32ce2e0feac4,shot_noise,s5,3,0.618765,0.756831,0.795990
367a050f-e9d4-46ed-8223-9be6c829dc28,shot_noise,s2,4,0.304439,0.402740,0.573988
3686f240-a587-48cf-8c8c-f45699ff5f8e,fog,s4,4,0.530932,0.685150,0.720464
36878c22-d03b-47ad-ad32-2a23ba54a225,gaussian_blur,s5,1,0.598260,0.735406,0.798651
368c7ac7-e321-4904-9daa-bee5d98ee9b6,fog,s4,2,0.700775,0.809224,0.901861
3690edf0-431d-4fcb-87ca-94cc3ee1d163,fog,s5,1,0.782589,0.876763,0.888368
36911492-d215-4d07-85dd-a1ea742ed848,fog,s4,3,0.324515,0.489851,0.490330
369a182c-4dc9-4dda-98d7-fe363e54efb3,shot_noise,s5,0,0.768051,0.868625,0.870224
36b0c48f-10ca-49c3-8611-8bb548889f23,fog,s4,3,0.326610,0.485514,0.505780
36b57d98-1909-4185-aeca-7e2c187e03e6,clean,s3,3,0.580243,0.692034,0.871845
36bbb414-2f40-4707-98e9-b8c87385a02b,shot_noise,s5,3,0.759536,0.861875,0.873922
36c52a40-a4de-41df-9c93-c465973b3a6e,gaussian_blur,s2,5,0.486898,0.493362,0.973795
36c670b9-49b5-4277-8c6d-1ea799fff213,fog,s3,2,0.394552,0.489784,0.714928
36e14c6e-6e0e-4d92-ad17-9e10edc7ab62,shot_noise,s4,0,0.793006,0.881566,0.909796
36efe448-0824-4173-bb8b-cabb29b89109,shot_noise,s4,0,0.579126,0.717317,0.790640
36f40888-4cf9-4ff5-b588-aa4a81a9a1c4,gaussian_blur,s4,0,0.780659,0.873661,0.901826
36f4fde2-7b03-4021-aee3-89cfd2878172,clean,s4,5,0.653566,0.763885,0.903184
36f603f1-21b6-4e97-980f-fb5b5b3189f2,fog,s2,4,0.492222,0.528844,0.937488
36fa3073-24b4-4d41-8a59-af85075ba131,fog,s5,1,0.468507,0.618519,0.689328
3709c674-22f1-46b6-9ec4-8d68b51add0d,clean,s5,3,0.416560,0.454482,0.833120
3715d662-9f25-480d-b515-f4540707167f,shot_noise,s5,1,0.137365,0.230238,0.256246
372184bc-9bc1-4657-a7d3-80162eebf6ea,fog,s3,3,0.738984,0.832743,0.952501
372e5a67-2d07-433a-b6f5-1a08adc1f6cc,fog,s3,5,0.470448,0.508808,0.906695
372ed3ac-2fb2-4d38-aedc-c61db8510334,clean,s5,3,0.610143,0.754348,0.772229
3742cf7f-bcdd-4ec7-93c8-0dacde237917,fog,s2,0,0.627765,0.721841,0.949205
37447a41-a54f-4b45-ad30-b26b0fb82f97,clean,s4,5,0.367886,0.529309,0.556119
374b672c-5817-4e00-885b-555a7feed98e,shot_noise,s4,4,0.654092,0.772581,0.871328
37581d76-6072-4f89-afa2-5837325feed7,gaussian_blur,s4,1,0.486241,0.610091,0.767765
3760f3ec-b702-4afc-858a-20b6d35571a7,shot_noise,s4,0,0.573192,0.701112,0.820997
3769b44a-3972-4175-bd7d-e9085a4f8aeb,shot_noise,s4,0,0.780659,0.873661,0.901826
376b0894-0bc6-4aed-b831-fad60a6cf367,shot_noise,s4,3,0.628883,0.764318,0.805459
37738640-bdc1-470f-963e-59efa16f95e6,fog,s5,1,0.557987,0.705023,0.754494
37751226-15f5-48a4-ba7e-30b554e2dfe8,shot_noise,s5,1,0.672122,0.803915,0.803916
377534f7-2ee4-4a8a-b7e8-f190148228cf,shot_noise,s4,2,0.645769,0.767097,0.860613
377ac300-5f98-43e0-b033-893448da1c57,fog,s5,0,0.614755,0.759740,0.768421
3795f8fd-37c2-46f3-911d-49a3e07dc1e0,gaussian_blur,s4,4,0.232785,0.347243,0.424251
3796678e-3b14-49e6-97f4-103fdf17371a,shot_noise,s5,4,0.588860,0.739450,0.748090
37a7048e-428e-40cb-a6e3-ef6976eb9fe9,gaussian_blur,s3,2,0.412478,0.546765,0.666309
37b41df7-664c-43dd-a44d-29b7cad34205,clean,s3,4,0.373950,0.509247,0.615856
37b84ee0-b493-4026-a171-ec625db6f0eb,gaussian_blur,s5,0,0.706668,0.828009,0.828807
37c22d51-e652-4c56-91a2-0fcde914b036,shot_noise,s5,2,0.566729,0.688982,0.834294
37c7e79a-94ff-44c0-bb46-e72b50f96b7f,clean,s4,1,0.643444,0.768338,0.846523
37c8c88d-45a7-4c09-af16-16585368c7bf,fog,s5,4,0.736743,0.847141,0.856781
37cd5ae7-7aaa-4f73-a508-4e136e5e1717,clean,s3,0,0.710451,0.802478,0.973685
37d5b995-3e3e-4f4a-8b5e-c71ff19f6dfe,clean,s5,3,0.677191,0.804666,0.822192
37dc86dc-87f8-47b6-8e4b-3937cb59bba4,fog,s5,1,0.443339,0.608748,0.628576
37df8578-7315-4846-96f0-418e769751c1,gaussian_blur,s4,5,0.728508,0.840408,0.858754
37fe57ec-062d-455a-b7af-9dc07916148b,fog,s4,4,0.603516,0.741043,0.797915
38008131-5d83-405f-8e30-a0cf54bf7fc5,fog,s3,4,0.348239,0.429490,0.669243
380a224e-0382-4133-a14c-d8e863839516,gaussian_blur,s5,4,0.620362,0.765326,0.767337
380b2297-f06a-4575-b362-b2ae834ea04a,clean,s4,0,0.435308,0.525953,0.776635
38107cdb-c809-4d2f-8726-6f1026363022,clean,s3,1,0.807850,0.886447,0.957705
381babfe-81e9-4da1-81d2-ff8d31a32658,fog,s4,1,0.646708,0.762224,0.883160
381bfeec-b031-4386-b9b0-4e56f937fa09,gaussian_blur,s4,2,0.735737,0.845912,0.859689
381ff6f5-f3d0-43ab-b459-2d46eebb89f0,gaussian_blur,s5,2,0.519444,0.673264,0.715757
38201838-ca61-4d4a-818d-f94fc18a475a,clean,s4,3,0.629788,0.763050,0.814192
3824cde6-9abc-4e63-b285-09bf44f12b55,fog,s3,0,0.640026,0.749876,0.902971
382a7d62-b2df-44a4-8a75-4c111a2fe416,fog,s2,5,0.219956,0.320784,0.419213
3830243d-5f2f-4735-93ca-0cb9c0822ee9,clean,s5,0,0.651931,0.788354,0.793747
38496624-5901-4e3d-9b4c-1e668daf90da,shot_noise,s5,3,0.643115,0.780664,0.792539
384e9387-dfe3-40b4-b585-b19241c643a7,clean,s4,4,0.618810,0.745878,0.837904
385ca670-69ef-4b8b-b68b-94088a0db9d6,gaussian_blur,s5,0,0.430557,0.601939,0.601952
38686840-3231-40a3-8b48-4471d28237b4,clean,s4,1,0.543801,0.680034,0.780949
386c6208-e7d0-45e9-b124-b00356edc0e2,shot_noise,s3,4,0.716881,0.810549,0.964673
386d1bac-0827-4aba-afd0-824de623571a,gaussian_blur,s4,0,0.587013,0.733916,0.761775
388b1400-7f3d-468b-94cc-0e85cb5dc470,gaussian_blur,s4,1,0.390173,0.547207,0.592521
388e7994-ef3e-4b83-8b0e-5d1e7927948c,shot_noise,s4,4,0.640857,0.768812,0.834384
3890054d-4603-4a60-b99e-e228baf804e0,gaussian_blur,s4,1,0.286501,0.445350,0.445479
3898aa92-a549-466c-bfa4-1bd2ed97a9b0,clean,s3,2,0.283568,0.394231,0.520443
389a534b-a0e7-4131-844a-48033d1ab5c7,clean,s5,4,0.635138,0.772931,0.794171
389a6b7e-ec7d-449d-96ee-fd740c9bc123,shot_noise,s5,4,0.553670,0.707568,0.730360
38a71bc7-1d07-4c9a-8ed5-43d8d6a217c9,fog,s5,2,0.511226,0.676398,0.677104
38ae45b4-8f7a-490d-93ea-fcaab0653c6d,gaussian_blur,s3,4,0.517646,0.597822,0.891898
38b8619f-8853-45bb-93e7-3b016ee7b555,shot_noise,s3,0,0.800825,0.881573,0.955471
38bd98e9-8c47-42fe-be6d-8aec6c2cd91f,fog,s5,5,0.640875,0.779734,0.787510
38c1369f-eabb-4ffe-9aac-e52d17330495,gaussian_blur,s4,2,0.381003,0.541514,0.574163
38c8c316-c69e-4db8-a7c6-2cc7534897b0,gaussian_blur,s4,3,0.606180,0.739519,0.813509
38d4395b-2a41-42ad-93f7-f87e1297977a,shot_noise,s3,5,0.445075,0.470941,0.890149
38de3181-8bbf-4c86-8dcc-3ef6b7ceabba,shot_noise,s5,0,0.790996,0.882062,0.893828
38e32d49-707b-48b8-bdc8-9774edb10762,gaussian_blur,s4,4,0.631732,0.761987,0.826078
38e6a6dc-10ea-43a6-9163-f2849af846b3,gaussian_blur,s3,1,0.511880,0.600015,0.869973
38e80d32-c3b6-4829-81d4-0d602edfcc7e,shot_noise,s4,4,0.708128,0.823535,0.860817
38f027f5-4546-4e5a-944c-6d7cd55a0cdc,shot_noise,s4,3,0.499836,0.636266,0.749701
38f81841-f0e7-4e92-9a8b-b1d00e7e7be4,shot_noise,s5,4,0.751556,0.857213,0.864778
38f81aeb-bf83-48a6-b3db-e2fd13e8aac4,fog,s5,1,0.582183,0.735735,0.736637
38f863e9-0709-4044-b59c-11c49dac1cc9,clean,s5,4,0.415901,0.584458,0.594727
39127be3-993a-445e-bbcf-7827b05cca99,shot_noise,s3,1,0.603802,0.720534,0.869003
391b1a9a-d131-4fac-8218-cc6e43db2ed0,gaussian_blur,s1,4,0.090597,0.156555,0.177508
39232be7-bb63-4c1c-b102-98a1546f23af,shot_noise,s4,5,0.545563,0.695450,0.740527
3926699d-14e5-45a0-ae90-94c24569dd39,shot_noise,s4,4,0.673360,0.800633,0.825701
392732f9-602a-4115-a4d5-bfaa98c291a2,shot_noise,s4,5,0.409486,0.579833,0.583922
3937191e-a765-4a0a-af34-e6abcc3e3307,gaussian_blur,s5,5,0.760643,0.863346,0.869217
39393dbc-3d29-4030-9f13-6174f419e519,clean,s2,1,0.471651,0.485412,0.943301
393d2aac-c554-40a6-b438-3045e79acc28,fog,s2,1,0.247935,0.349780,0.470517
39440b68-72d3-40c0-9b8b-d7ec0878fcdb,fog,s4,5,0.608890,0.738651,0.826763
3944a60c-4393-49b2-b6de-018202de5484,shot_noise,s3,2,0.699433,0.795827,0.956896
394b01dc-34db-4a0a-a8cf-d5651610cb8c,shot_noise,s3,4,0.426032,0.522443,0.754691
394db694-680e-48fe-912a-127d54af45cb,gaussian_blur,s5,0,0.811444,0.895694,0.897963
3966f471-309e-4f3e-aacf-fed9f538335a,clean,s2,1,0.336407,0.439778,0.617104
3969f08d-2660-4795-a154-00ffd78e669a,fog,s5,2,0.597563,0.737142,0.789755
3970f271-f350-4d04-9075-63a8120e3d28,clean,s4,5,0.626286,0.762319,0.803381
3989842a-264b-4fdf-9e39-c5152739b1ff,clean,s5,4,0.788197,0.881548,0.881616
398e4f6b-13b6-4845-b70f-8053aef00454,clean,s4,1,0.466181,0.589932,0.748037
3992db88-cd84-449e-b766-683d7a9b53f8,shot_noise,s4,2,0.807925,0.890638,0.922299
3999971a-5dd5-4220-ad7c-d5258ca50a37,clean,s2,1,0.585843,0.677162,0.929893
399a7b0d-cefc-4ae9-b215-870b05e7a307,fog,s4,4,0.440701,0.604302,0.630702
39a0b39b-6f13-49cf-9c68-01c343578b21,fog,s4,4,0.344252,0.511698,0.513178
39a78c8e-6d9f-42c0-a835-edc81c9d5b6b,shot_noise,s3,3,0.710451,0.802478,0.973685
39a7b389-d653-463b-a499-5ef6fa5544a7,clean,s4,1,0.467898,0.601207,0.728535
39aacb96-8f83-4fb5-9e98-74040cbf1085,gaussian_blur,s4,1,0.470051,0.527553,0.876462
39b29133-46e9-4391-8df1-dffaa96af4d4,fog,s3,3,0.683168,0.787829,0.924576
39b58994-2e57-4386-bb1f-3fd102dda9c5,clean,s5,0,0.455791,0.618321,0.646757
39c2db22-0d61-48c5-9c49-a6b0c94a525f,gaussian_blur,s4,2,0.441304,0.602580,0.636997
39c915b4-8478-4cdb-8c01-124e6546eb94,clean,s5,5,0.640212,0.777039,0.796821
39d136dd-2a0a-4992-a371-5e51ff88dbdf,shot_noise,s4,1,0.472861,0.602800,0.741040
39d3c016-6e8b-4dd3-877b-5d7a693f2fc8,fog,s4,1,0.685184,0.807899,0.840709
39d7e447-a9c6-4e95-82bf-21f4864249ac,shot_noise,s3,1,0.465407,0.512539,0.886805
39da02fe-b697-4f0e-a69b-24aafca42810,shot_noise,s2,1,0.474628,0.516805,0.906394
39dec9aa-5ee4-46a0-a0a1-5888f1d55edf,shot_noise,s5,2,0.524503,0.688091,0.688114
39e02692-056c-4141-be84-2d803c620e53,gaussian_blur,s5,2,0.743305,0.852753,0.852759
39ec8cca-b3e7-4e11-836d-c48c9f15e0fc,shot_noise,s4,2,0.693298,0.810984,0.860608
39f0b2ba-1dcb-4387-b96f-456db963054a,shot_noise,s5,3,0.228112,0.361139,0.387676
39f283c4-6c84-4c90-b2f4-0493514d00a0,clean,s4,0,0.793006,0.881566,0.909796
3a0488be-fb80-4b3c-b4bf-93e9097ad3b5,gaussian_blur,s4,1,0.438691,0.591309,0.655207
3a09f971-5838-4139-be74-d693b4d70f4c,gaussian_blur,s5,3,0.618375,0.756968,0.793920
3a2c9ce0-1158-49cf-8087-66885c42d41d,fog,s5,4,0.336798,0.499879,0.511904
3a31867b-93a2-4e30-ac46-921c9889036f,clean,s3,0,0.363293,0.466821,0.657019
3a32b5fc-3dce-4b3e-b2be-0e99e9d672dd,gaussian_blur,s4,4,0.588862,0.735437,0.763165
3a33e78e-4b06-494e-98f7-90d958789915,clean,s5,1,0.542704,0.702579,0.706923
3a3dee33-cf2c-426c-840a-8e459e6bcf1a,clean,s4,0,0.518499,0.661037,0.747440
3a47fc67-852c-4f2e-94d7-cacfd05896af,gaussian_blur,s4,1,0.285134,0.443723,0.443776
3a5df1c8-26a5-4042-a17e-f5becfcba3af,clean,s5,1,0.493336,0.651743,0.686486
3a654f16-350b-4d89-9cbe-546e5f461cd3,clean,s5,1,0.727032,0.839350,0.858091
3a7a02d2-6ac6-45aa-a773-bc44fe0602ce,fog,s5,2,0.564968,0.720460,0.727595
3a7b0e8a-1feb-41e6-ac03-1324063b89bb,fog,s4,2,0.353417,0.513644,0.539971
3a86d64e-8f3b-4eb4-b4bb-72fb6dac3c5b,fog,s4,1,0.499283,0.649821,0.712315
3a914bb9-f246-4475-8fb8-daa78f9d7c8d,fog,s4,5,0.527858,0.629958,0.855877
3a9cd088-89ce-4389-a92f-2c73a0b9337e,fog,s4,1,0.230880,0.342174,0.425269
3aa40b3e-7221-46b6-ac36-8b6c327eea4a,clean,s4,5,0.835351,0.907566,0.939760
3aa8053c-4099-4f0d-ba83-44c13a4e5229,fog,s2,3,0.621391,0.713761,0.950709
3ab36931-289c-4167-a6cb-9f3c4309a82a,gaussian_blur,s5,3,0.632229,0.769713,0.796256
3ab93da2-fff0-4cdf-a0af-061f6e7ce9d5,fog,s5,3,0.566466,0.676756,0.867045
3ac669bf-871a-4ad8-b92a-56075d643141,gaussian_blur,s5,5,0.542409,0.700293,0.713451
3ac93562-5ec7-4b72-b145-562df606fdb7,gaussian_blur,s5,5,0.208532,0.343521,0.347504
3acfd13f-735b-44d1-a3ad-5e063fad9440,clean,s4,3,0.544089,0.685368,0.766304
3ad1541c-f06f-4fb6-aafb-1eb2ea5be70d,clean,s5,4,0.564384,0.717440,0.736060
3ad172df-a082-4603-a0da-72cbf294ce81,fog,s5,4,0.470050,0.639478,0.639568
3add5edf-3a7b-4b27-9e83-474bf44a2d23,gaussian_blur,s4,3,0.357107,0.437494,0.684112
3af131ef-49ee-43e3-9009-6e6c69104469,shot_noise,s5,0,0.679244,0.808013,0.814069
3af23840-6b21-47b4-92cd-8a176522f690,fog,s4,5,0.650487,0.778673,0.831445
3b08726e-ec0b-468d-a07c-6e071d7af558,fog,s2,0,0.430124,0.477590,0.838747
3b0b9740-4ad5-45ea-af15-066efd8579e1,clean,s5,0,0.417487,0.562137,0.650523
3b236cdf-4cf5-4cf1-888a-7b445706a024,clean,s4,1,0.590441,0.726688,0.800293
3b413b74-3750-451e-99aa-b620bd470e1c,fog,s4,5,0.378201,0.546306,0.554401
3b61f34a-cbbb-453a-b802-6901b1a8c0b0,clean,s1,1,0.270238,0.361952,0.525079
3b6b3ee2-204f-45b4-b3a0-4c7cfcc09634,clean,s3,4,0.617492,0.727779,0.894805
3b85ce2f-978f-4673-9a81-62a2438959fc,shot_noise,s5,1,0.629165,0.767667,0.792651
3b91be23-2a8e-414a-a6aa-0955fec9466a,gaussian_blur,s5,0,0.853369,0.920884,0.920885
3ba034af-1d71-40e1-8c9e-ddf8bb1dcc38,gaussian_blur,s4,1,0.511805,0.664025,0.715928
3ba22087-8abc-4e18-8221-09cf2e603548,fog,s5,1,0.364766,0.534373,0.534923
3ba789f8-5504-4f19-92b5-7d76a728474e,clean,s3,0,0.576542,0.698654,0.840069
3bb73be3-941f-4ce4-bc48-c1685242ceb4,shot_noise,s4,5,0.470660,0.596373,0.748318
3bbc2541-66e0-4293-a568-cfd8192c4947,gaussian_blur,s5,0,0.418073,0.586098,0.598180
3bd7fdee-5662-41d7-b233-c660155d9827,fog,s2,1,0.517093,0.559137,0.959672
3bedba1c-a9ee-4cd0-a98a-1af1e8fdafcb,shot_noise,s4,5,0.591525,0.733471,0.780384
3bf87103-d9bd-47f8-b8c0-8205a1462b99,fog,s3,1,0.359356,0.447635,0.675504
3bf894bb-052d-4601-b245-e8e433c181c6,shot_noise,s5,3,0.466548,0.618820,0.681989
3bf91771-add7-48ca-a155-ac1692e1e5ff,gaussian_blur,s4,0,0.793467,0.879689,0.927664
3bfd610f-a891-49fc-b8f3-2bd42b6e5e56,gaussian_blur,s4,5,0.545674,0.684494,0.774437
3c059a5a-9caf-449a-aa63-9d8699094b36,gaussian_blur,s3,1,0.518812,0.581907,0.925411
3c1573a0-a7fa-4771-8d13-b727c6bca170,clean,s4,3,0.862645,0.924463,0.950021
3c2655e5-931f-4cf4-96ca-c15ab044771d,fog,s5,3,0.720867,0.837790,0.837822
3c3644c2-1bfe-426d-8847-11176331c492,clean,s5,1,0.391459,0.549418,0.592046
3c4b316d-d339-4d5f-a785-e716d5deb00b,clean,s4,1,0.694502,0.797502,0.929396
3c5bb9d3-de1d-49b2-8def-7348d23c6073,gaussian_blur,s4,4,0.385098,0.553301,0.562234
3c6a1363-5dd8-4c92-9db8-0736a6ff55b3,gaussian_blur,s4,0,0.548652,0.686727,0.778229
3c770a25-b228-4cfd-ac62-d930a35bf687,gaussian_blur,s3,1,0.450045,0.495069,0.869605
3cb3af65-51e1-4f3e-a2ac-a2c807d7c667,shot_noise,s4,4,0.565326,0.711660,0.759251
3cbff544-f8ce-4e2f-b33d-ecc60a93c201,clean,s4,5,0.244629,0.389783,0.398523
3cc914c4-cf9d-4084-84c0-1774c7e38c9f,fog,s3,4,0.369851,0.425189,0.739701
3cd7c559-f2b0-4b67-8ff5-09ff2fab8856,shot_noise,s3,3,0.448714,0.472971,0.897429
3cd9f7fd-7b9a-4f0e-8aea-ebbe78dbe9e9,gaussian_blur,s4,0,0.574135,0.721046,0.759627
3cdcc796-9ec1-457f-b91c-de98ac98f9b8,clean,s4,2,0.588284,0.735768,0.759744
3ced2626-1efb-4529-9536-170ee18470e2,gaussian_blur,s4,5,0.676701,0.794209,0.870219
3cf5cc1e-014e-48b4-a79c-b46595da1eb7,shot_noise,s4,1,0.738288,0.847537,0.861940
3d07c38e-0060-4c2c-916c-a5797848c697,fog,s5,1,0.713936,0.832290,0.837899
3d08c9c3-bacf-414c-8c22-ec81a6335e0d,gaussian_blur,s4,3,0.558248,0.707327,0.747874
3d1257cc-9681-4bfb-b1cf-bc34f54815ca,shot_noise,s3,2,0.480569,0.490092,0.961139
3d15935a-cae0-4321-bae5-d60f6edd6cbe,clean,s5,2,0.400495,0.569372,0.577880
3d16c52f-fae0-4c8d-ad52-a5c5d113818e,shot_noise,s5,0,0.666998,0.798049,0.811077
3d1d46cb-0010-498c-b801-da2c34059c23,clean,s5,3,0.771268,0.870404,0.874425
3d2fa354-49f0-4c7a-a402-9069c3c31fed,shot_noise,s4,2,0.642997,0.764258,0.860992
3d445b83-0e3e-446e-86fb-a6e4edf4b602,shot_noise,s4,4,0.578177,0.712761,0.802184
3d44fe4e-70ca-4de2-b524-68c68f8c723c,fog,s3,4,0.492048,0.581433,0.846215
3d5d058b-98b6-4601-9240-3ca9a6210fd5,shot_noise,s5,4,0.770935,0.870154,0.874495
3d68e774-323b-402a-a989-6c4b9d9f225f,shot_noise,s4,0,0.457474,0.622651,0.641308
3d6bea78-fb25-4ce3-8ac3-13b2f6cf71aa,fog,s4,5,0.664826,0.778884,0.888171
3d7d4b8c-15dd-4f68-b785-c2f0cdac5b7d,gaussian_blur,s4,2,0.706482,0.821017,0.867003
3d7e7985-06f1-40fe-a40e-15e581228aba,fog,s4,4,0.615591,0.758255,0.777813
3d846935-fc92-4744-8c68-326c1a9abe52,gaussian_blur,s5,4,0.422666,0.568529,0.653659
3d8482c1-466b-4011-b808-5d50f21b1add,fog,s4,2,0.526208,0.666793,0.757898
3d86a9ee-f47e-4086-b9e4-858203b2f997,shot_noise,s5,3,0.810369,0.894155,0.905625
3d90caa7-c8b4-4ca2-9071-07ba86776af4,gaussian_blur,s4,2,0.781644,0.873580,0.907984
3d973e66-5b00-4d3a-a07d-f817dbc53417,fog,s5,0,0.485465,0.644799,0.678456
3d9ad7a3-92b4-44d0-8e32-160b3c6da87a,clean,s4,4,0.431971,0.577358,0.664760
3d9ca029-f7f9-4774-94a0-c7245f0e0cf0,shot_noise,s4,4,0.780282,0.872062,0.911919
3d9ebfcb-48ce-4b83-828e-cd73e74ffe78,fog,s5,2,0.440450,0.582177,0.681833
3da1e0f2-2341-4f80-9679-f271f0cff761,clean,s5,4,0.744302,0.853381,0.853608
3da41908-bbc1-4a04-b2c7-3b93b5282035,gaussian_blur,s4,5,0.634966,0.772762,0.794208
3da77775-24f1-47e4-a16c-7c6b7bc35701,shot_noise,s3,0,0.557637,0.632754,0.942691
3da838cb-3737-46d5-94d2-d164ca81dacb,fog,s3,5,0.265997,0.382233,0.481706
3dca089e-5a75-44d6-959b-ded446532eb5,gaussian_blur,s3,5,0.447433,0.567641,0.735279
3dce47e2-4ca4-48bb-97c8-13e3deb6d470,fog,s5,0,0.854538,0.921400,0.923648
3dd17b7b-f007-438e-8648-109c69146161,fog,s5,1,0.559160,0.715742,0.722592
3de1c7a2-4578-414e-bcd2-36688ccc6e71,gaussian_blur,s5,5,0.689155,0.812202,0.836069
3de953d1-a736-4b3b-b317-2ebc6e2fe4a7,clean,s5,1,0.419070,0.590620,0.590643
3defd47b-fb48-4007-953c-66ef4553abb9,shot_noise,s5,0,0.655172,0.784506,0.824891
3df9d486-18ae-4f2e-bcf6-dffb85a9de0c,clean,s4,3,0.820113,0.899442,0.918325
3dfcf26d-077b-4289-a742-b1190d8ecd7a,shot_noise,s5,5,0.461210,0.625913,0.645596
3e01f449-c688-4179-a8cd-2568cdee0e28,shot_noise,s5,4,0.732224,0.845366,0.845728
3e04b94c-9bcc-4010-8754-e406b1f39c7c,fog,s5,2,0.548114,0.701739,0.729449
3e14aa6e-9162-4e98-9a6e-7a523ab33d01,gaussian_blur,s4,0,0.404404,0.575245,0.577472
3e1f25bb-36f4-45d4-887d-9f7df54e62e7,fog,s4,2,0.350661,0.480490,0.593840
3e2259f1-13d6-4275-88a6-983851e0a5ca,shot_noise,s4,2,0.176360,0.290799,0.312587
3e352a3d-3a00-4e8b-99e4-d9d8d56f204d,clean,s5,4,0.516572,0.677794,0.691920
3e45bb8d-8b2b-4e91-8460-3d3671bbc62e,fog,s4,2,0.470699,0.612421,0.711525
3e4bf4e3-66b7-4da3-97e5-aa1e0b353859,fog,s5,2,0.340512,0.405124,0.681024
3e57c182-6d15-48e3-b890-6a292a99c052,gaussian_blur,s4,0,0.618013,0.750886,0.816219
3e667203-8eaa-40e4-9618-d9dedc4360e9,shot_noise,s5,5,0.658790,0.789507,0.817083
3e671748-927b-4624-8e98-24fc06af3120,shot_noise,s4,1,0.631417,0.755136,0.851405
3e67ecea-4d23-4659-9c1b-b5a9f3e45e80,fog,s5,2,0.555348,0.714040,0.714373
3e7403e5-00c7-428c-a599-86cadb732178,shot_noise,s4,5,0.420872,0.591934,0.593589
3e74b43c-fd4c-4334-8f52-34363bb97fa9,clean,s4,5,0.685517,0.810455,0.829067
3e774b21-40b9-4297-8260-6fbcea922f2f,fog,s5,5,0.328978,0.482753,0.518923
3e7faca6-ab84-4dc3-afad-a2e3ef69dd43,clean,s4,2,0.498454,0.620153,0.784123
3e854d14-66b3-46e1-8f88-5de5d0faf277,clean,s3,1,0.463848,0.481246,0.927697
3e9ad65d-d872-428d-82b3-22d2a0ff82f2,fog,s5,3,0.335517,0.495981,0.515291
3ea33807-f4af-44d7-a4a5-a2f95fde1e00,clean,s4,3,0.711248,0.823758,0.873840
3ea46050-70ef-4358-be5e-e0b53ffdda00,fog,s4,3,0.464231,0.627741,0.651163
3ea49143-15b7-43e7-9a2d-79c46d830f82,gaussian_blur,s3,0,0.579586,0.664369,0.940847
3ea4f616-9227-46d1-ba0a-cb990b3f7236,fog,s2,0,0.378917,0.468087,0.702805
3eaf60b0-3c66-4554-8d8b-b4be19b6616f,gaussian_blur,s5,1,0.360728,0.529615,0.531440
3eb761ee-0857-4954-b57f-957118de96cf,fog,s5,3,0.414962,0.533571,0.700085
3ed7b837-fdd1-49a4-a6f5-acb68ff6fdab,shot_noise,s4,5,0.701416,0.814578,0.878068
3edb6376-1554-4fb4-adc2-f4410da582c8,clean,s4,4,0.654519,0.767595,0.892713
3edd73b9-a5ba-42d9-ab5d-76d02ed52d9c,shot_noise,s3,0,0.325355,0.466378,0.537056
3ee0c07a-027f-445e-80f4-d6a89147f079,shot_noise,s4,1,0.670329,0.799412,0.818677
3ee246cd-f6f9-413c-8182-20e8f4c749ac,clean,s3,3,0.543109,0.641552,0.877899
3ee3924e-fcbb-496f-8c00-65e0ce952ccb,gaussian_blur,s4,3,0.473699,0.637777,0.656933
3ee3bbb7-6769-45f7-8dba-be969b8f0546,shot_noise,s5,1,0.312856,0.384885,0.625712
3ee6d803-3dd9-45d2-a396-e06488f6d104,clean,s5,4,0.742719,0.850037,0.867909
3ef6960e-c71d-4ec8-8b9f-2484d16d96e9,fog,s5,1,0.680644,0.807979,0.820402
3ef8572c-9b9d-422d-8e36-d578a10878ac,clean,s5,4,0.660972,0.792981,0.809916
3ef991ed-a183-4d2b-afc0-bc0d51de9121,gaussian_blur,s4,5,0.403394,0.574588,0.575578
3f17f73d-1014-4c84-81a6-919382058e68,clean,s3,1,0.524975,0.639353,0.824784
3f1b7105-d752-4b15-905e-1c2d0e3cc8bd,shot_noise,s2,3,0.454944,0.476409,0.909888
3f3ab8b6-3c9f-4b26-8ff3-7eab0091eae2,shot_noise,s5,2,0.521742,0.680520,0.701984
3f3acd5e-d062-4ed0-a60f-2cc3867ba756,fog,s5,0,0.568459,0.712002,0.769520
3f3b9aea-2914-412e-9da4-c6f53a0e17d7,shot_noise,s5,3,0.617772,0.763584,0.764357
3f4360f2-5d3b-4d2f-bb3f-84f9333c5b66,gaussian_blur,s5,5,0.475271,0.639984,0.656354
3f694425-4df2-4184-bd31-c01daa07773c,gaussian_blur,s5,5,0.797724,0.887252,0.889525
3f7243ab-7904-4883-b3cb-094620cb6c34,gaussian_blur,s5,3,0.601665,0.748604,0.762021
3f769278-c070-41b6-a1db-f441dc695c5a,gaussian_blur,s5,2,0.371096,0.540982,0.542032
3f7c1a59-be8d-4154-9f02-d3b450530679,clean,s3,1,0.276276,0.387065,0.507787
3f8ff00c-61c8-4cb8-a888-4ea596eb654c,shot_noise,s5,3,0.846183,0.916146,0.923096
3f9b4836-16d4-4690-8287-617d059ef25c,fog,s3,2,0.578764,0.701471,0.839424
3fa8be6c-9999-4b68-85dc-122eb9cd2695,fog,s3,3,0.462525,0.480533,0.925051
3fb19a32-a7a1-4212-a983-e534ffa3eb04,fog,s4,5,0.333437,0.462391,0.570288
3fc5be6c-8371-43c8-b4a4-d31ad1fb9bb2,shot_noise,s5,2,0.520209,0.682857,0.689231
3fcd0ab6-f441-40ed-815c-b9225bcc1f73,shot_noise,s5,4,0.551243,0.706814,0.724005
3fcd1ae0-6a7b-42ee-9d40-bd2ed9640c74,gaussian_blur,s4,2,0.584777,0.717839,0.809419
3fd346a4-7e5b-4165-9781-24c92a3257ba,gaussian_blur,s5,5,0.647592,0.779182,0.817472
3fe5438c-f992-4e20-89b0-2ffea1767cba,gaussian_blur,s1,3,0.473608,0.486446,0.947216
3fe7c252-35aa-42ef-81c2-b9be53cf2e38,fog,s4,5,0.510973,0.674974,0.680583
3feafe94-886c-4a0e-bd7f-5eae9de1aa29,shot_noise,s5,0,0.632700,0.773363,0.782415
3fef2f5a-44ac-44a6-88f5-afe17f602f20,clean,s4,1,0.508521,0.650381,0.742320
3ffa11c4-bda2-4144-9d06-ddf7ebc24cc9,clean,s4,3,0.675608,0.799749,0.839634
3ffc9f28-265c-4ccd-9797-01865fe5bc90,fog,s5,4,0.480294,0.642254,0.667541
40067662-3470-4033-a28f-09e2d99232e5,shot_noise,s4,0,0.442426,0.566278,0.722202
40087094-d25d-408d-9351-170765899ecd,shot_noise,s4,2,0.611121,0.745195,0.811349
400f1aac-2c57-42f2-a422-84437d4e49a5,fog,s5,3,0.529500,0.689823,0.700637
4028cf5f-194b-415b-bff2-307b2d0097c2,clean,s4,2,0.777188,0.867038,0.931704
4028f34e-3148-4de4-a2d3-a4ecbc97a976,gaussian_blur,s4,3,0.725012,0.831061,0.896981
40317b7d-b2fc-40c9-8aad-f92d2f5809a8,gaussian_blur,s5,0,0.480474,0.643808,0.663887
4035a6de-a316-494f-8cd4-6a4c96c8d3a5,gaussian_blur,s3,3,0.365052,0.473824,0.650841
4035d1b3-4f3f-4db0-b5a5-6f5b0e75f85f,clean,s5,0,0.677657,0.806876,0.812965
403a9445-e5c3-4f22-b171-2c02632c2691,fog,s4,0,0.698001,0.806514,0.902928
403d243c-fbf9-4b0e-bda9-d08599a9b744,gaussian_blur,s3,5,0.472188,0.577655,0.792592
403f19e5-68af-4f9f-9f22-d144e14c7588,shot_noise,s5,5,0.363709,0.513024,0.575278
404a64c7-06b3-4cb1-8dfc-32481dc55dca,clean,s5,5,0.544439,0.698076,0.728066
405621b8-34b0-4bad-b421-6671532bc64e,shot_noise,s5,3,0.664803,0.796308,0.810187
405a149a-16c3-44ed-8d77-d662c59ca2cb,shot_noise,s3,2,0.461553,0.506796,0.884624
406d161e-bd07-4648-b631-f019db1f7248,clean,s5,4,0.597037,0.742221,0.768859
4078dc92-91bf-4a14-b645-d771c1ad22e0,fog,s5,3,0.501079,0.663860,0.678824
4083478a-2226-477b-b967-f91a804b8f32,clean,s4,2,0.746314,0.852389,0.870589
40853245-e0a9-42db-8462-0420800d9c05,gaussian_blur,s3,5,0.682439,0.785024,0.933243
40adbd4e-892a-4bf4-9714-3ce24956d4ec,gaussian_blur,s4,0,0.374558,0.505901,0.624091
40b22564-bc54-49e3-b590-05c267744260,shot_noise,s3,0,0.409347,0.526695,0.695435
40b28384-6934-4ce2-be95-2e7cc685e51f,gaussian_blur,s5,2,0.379443,0.545764,0.559771
40b43e32-3826-4d3b-a99f-19f9262958ea,clean,s2,4,0.490700,0.541519,0.913166
40b7811b-f6c2-4c8a-8d31-c3740d69a8b4,shot_noise,s4,2,0.513342,0.673924,0.692216
40c14afe-1c4a-4f52-922b-b974b1c933a1,shot_noise,s4,1,0.670387,0.794464,0.842608
40c2cb7d-300b-47dc-84a6-236bdafda9d7,gaussian_blur,s2,3,0.473863,0.555255,0.840363
40cd613e-c892-4336-81f2-dd03eac1e137,shot_noise,s5,2,0.787216,0.880101,0.887947
40e69e93-e247-4cb4-8bb4-54319645d64c,shot_noise,s5,0,0.583059,0.736621,0.736630
40f8576f-86af-493d-bbd4-4deddec7a021,gaussian_blur,s5,5,0.656805,0.788061,0.815488
4102291e-6afc-409d-8c94-f6a7f64e5bdc,gaussian_blur,s5,2,0.510098,0.673862,0.680859
4102a3b5-a653-4e69-930d-679cf530d7d0,gaussian_blur,s5,2,0.590119,0.742226,0.742258
41138b22-d1e5-4e26-a593-28f072aade0f,clean,s4,1,0.588020,0.729969,0.779829
412cb2b4-2a5b-4954-8f79-672d9eaa5abd,clean,s4,1,0.737530,0.845864,0.868901
414e68e8-8c7e-4396-9932-92e626e9d55a,shot_noise,s5,5,0.348066,0.501367,0.546528
41588305-dbdc-4d41-857e-21c2f5d4dd4a,clean,s4,4,0.427249,0.530816,0.743393
419669f2-9c4b-45fe-8853-05c42b19ba6a,shot_noise,s5,3,0.455074,0.625467,0.625584
419ae362-72cf-44e2-a530-5ad85345dbf8,fog,s5,2,0.713546,0.823910,0.883483
41af3424-b44c-4af3-b3c3-2683c3efd4ac,gaussian_blur,s5,3,0.617416,0.763282,0.764209
41b22f9d-b90e-4494-b92c-a88ff65bb46b,shot_noise,s5,0,0.518901,0.678305,0.698656
41be4793-b6b6-47e3-8dcd-ba3f11c001d3,shot_noise,s4,2,0.689101,0.813923,0.826768
41c2b589-532a-4603-a84d-ba7b234fefd8,fog,s5,4,0.487329,0.648254,0.675362
41e38c59-a726-45fc-a3d7-d8022ea56cd8,gaussian_blur,s4,0,0.433672,0.578949,0.666808
41ecee90-f9f2-4206-b22b-0cb961e92588,shot_noise,s5,4,0.156919,0.255252,0.292781
41f63e9b-38a9-44d2-a8b0-6cc2946fd3e9,fog,s5,3,0.710579,0.828909,0.841892
42055354-4be9-4cd9-adc1-dac5d2f0ae7b,gaussian_blur,s3,4,0.658041,0.758966,0.938096
4209d162-2459-47af-abd8-6a171f10c2c3,fog,s4,4,0.623716,0.759256,0.805646
4219840e-6fe6-4a82-8a6e-161591043734,gaussian_blur,s4,1,0.670145,0.787658,0.872390
42247c1a-fa17-4d8a-b062-ec25ca0b2278,shot_noise,s3,1,0.537942,0.667017,0.797296
42306e00-6324-46e4-a329-268f9b70a26c,shot_noise,s3,3,0.600997,0.691958,0.941729
42390a9e-d44b-438c-b583-1e66f52bdbc6,shot_noise,s4,2,0.791126,0.876695,0.937627
42429157-3576-4740-bcad-20e56e1d4baf,fog,s5,5,0.425819,0.597274,0.597355
4258e8db-f9c4-497c-acdd-e70888eb727b,gaussian_blur,s4,1,0.390720,0.561874,0.561946
42687ad4-8382-4e88-b3b3-5471c9926747,fog,s4,2,0.639613,0.773984,0.807701
4280fb82-2d22-4935-a447-26aeafe3f49d,clean,s5,0,0.373818,0.542718,0.547451
428d1d64-8db9-4e8a-88ff-185c3cccd98a,clean,s5,3,0.580976,0.734445,0.736895
4290db72-d37e-4628-a5ee-b6a7a201dbdf,shot_noise,s4,0,0.514090,0.636953,0.795099
42945d15-687b-4c9f-9cb3-d15ad5c804b0,clean,s4,4,0.611543,0.742499,0.822855
429b776d-1694-414b-afff-0e14d6de6381,clean,s5,1,0.531812,0.687275,0.717003
42a18453-0727-47a4-8d84-b36a5fb9a4e7,shot_noise,s5,0,0.562364,0.696847,0.795896
42a68013-e23d-4b16-92e9-6af13d6c40bd,fog,s3,0,0.367359,0.503042,0.606315
42b52f46-256c-4a6a-a4db-6a14cb1c94dd,shot_noise,s5,1,0.455920,0.623540,0.633625
42da737c-c935-4a59-bbcf-e518fe6dc638,gaussian_blur,s5,1,0.661819,0.795904,0.799418
42ef301a-0c17-4419-a57f-98132850d400,shot_noise,s4,4,0.700793,0.818318,0.855778
43090be8-5a4f-4f75-81ed-6b5ca45cf699,shot_noise,s5,3,0.723475,0.839226,0.841593
431d4210-1073-4e39-9408-0053300513e7,shot_noise,s5,1,0.612732,0.757709,0.768779
431eb188-22df-4fe9-a278-165fcfe2aea4,clean,s5,4,0.770957,0.869547,0.879253
432536dd-55d9-49c0-a203-99002f3ea798,shot_noise,s4,1,0.847383,0.915695,0.937465
43275c66-a316-4c5e-914f-2fadd4407d46,clean,s3,4,0.463848,0.481246,0.927697
432e9f03-0217-472c-93cf-ad1705bffcd5,clean,s4,3,0.471402,0.632324,0.663676
43419d1b-5e0f-4f18-8866-5ee02d3eda0f,fog,s5,5,0.511326,0.675102,0.681449
434f0707-60ef-4d0b-94ed-203bdcbffcdf,clean,s4,4,0.378112,0.548669,0.548896
4355cb64-c620-4a90-8b7e-b87db91b7803,clean,s2,5,0.456900,0.498550,0.883824
4363047f-52c9-455f-bb72-5b70c55d4d91,gaussian_blur,s5,2,0.331254,0.495402,0.502126
436652c8-19d9-4d8d-a206-be033f0549df,clean,s5,0,0.582387,0.735445,0.738511
43695342-3cc1-4acc-82c8-b0bdc05289ac,gaussian_blur,s4,3,0.446557,0.530469,0.802565
43701e44-fa4a-487c-9648-b226d3493122,gaussian_blur,s4,3,0.736699,0.841959,0.889083
437172fd-08e3-479a-a444-c0c08692c97e,gaussian_blur,s3,2,0.453883,0.498233,0.875765
43761e24-b4bb-4b26-bb40-bda953776ee9,fog,s4,0,0.761161,0.858551,0.905634
439f0c23-3cb0-41e4-94ea-6050adf367c9,clean,s5,0,0.222657,0.347610,0.389676
43aea9a7-091b-4cce-b845-9757b0bcd844,gaussian_blur,s5,3,0.689377,0.805585,0.870378
43b36058-8728-4f06-b346-548f2c7ee974,fog,s3,0,0.086492,0.154886,0.164335
43d8cb01-ec48-48e5-aba7-ce339b64546f,fog,s5,2,0.418380,0.583552,0.605280
43d9fed2-9afb-4d87-aa2f-8c753f412f45,shot_noise,s5,2,0.169154,0.289348,0.289381
43e5f5d9-7b40-4f46-b217-507f9e263698,fog,s3,1,0.553308,0.674447,0.829084
43f93354-7ca5-4c62-882a-597a4e6ffaca,gaussian_blur,s3,3,0.622814,0.731906,0.900613
43fb09cd-c35d-4d5e-bd54-9e98b21981ef,clean,s5,0,0.647140,0.777573,0.822645
43fcbbc4-bf5f-427c-98d6-2297a6d20509,fog,s4,0,0.741896,0.841830,0.915024
44153987-1719-45dd-988e-3cac19fad0a8,gaussian_blur,s4,5,0.702769,0.820731,0.851728
4415f14e-cfde-409c-8e6b-938c2cd1c68a,fog,s3,5,0.472225,0.570799,0.806267
4418eca6-643b-49fc-a540-25ee8831af29,fog,s4,3,0.521742,0.684717,0.688885
441fc410-732f-40e2-a948-1990882baa70,fog,s5,3,0.334176,0.400606,0.668352
442fedba-5d59-4185-9e06-8c329b4f5ef9,fog,s5,3,0.544600,0.705036,0.705611
4443a4fb-6268-4ef2-bdfc-2da6f6aa7a33,clean,s5,1,0.597037,0.742221,0.768859
444632ab-61c2-4882-a514-c3a0166c477b,shot_noise,s4,0,0.717077,0.830846,0.861147
44505cdf-2142-41c1-9d52-92a63c1d665e,fog,s4,3,0.353902,0.522105,0.524219
445268d6-afe5-4db1-b79a-56c6fe99cabb,gaussian_blur,s5,4,0.441132,0.599042,0.645024
445bbf11-872b-406f-b7f5-189a6b8050da,shot_noise,s4,1,0.615230,0.744415,0.829754
4461579c-1864-4fc0-95ad-a5bef76ca714,gaussian_blur,s4,5,0.819300,0.896048,0.945197
4461f33e-424d-4e36-a611-43320ee6dad6,shot_noise,s5,0,0.714124,0.833082,0.834069
446667eb-99a3-41ff-8c42-46f6bda76aa9,shot_noise,s4,3,0.811016,0.893126,0.919243
446efcf3-eb5c-4574-8f0e-b32a7a38d64e,fog,s4,5,0.651381,0.777025,0.842114
4488481d-4777-448b-9fba-33b4e5474719,fog,s5,5,0.522866,0.683172,0.697781
4488faf7-dbf8-487a-8928-9b501b76a38a,clean,s4,2,0.552096,0.699952,0.749640
449496ac-fdc8-4870-87bd-b9ea279d3cf3,fog,s3,1,0.099019,0.165301,0.198037
4495cb21-e5f9-480a-98cf-350e66ebf139,shot_noise,s5,3,0.789166,0.881838,0.884891
449910a6-79d8-440a-a2f6-eaa0e9e842da,clean,s5,4,0.672708,0.802216,0.815045
44a266fb-d8bc-4f43-9ab6-8b911245e336,gaussian_blur,s4,2,0.412120,0.581378,0.589211
44af1dbd-4d57-4fbe-9dcf-ddab3acd9d9a,clean,s4,0,0.392520,0.514194,0.665771
44ce2e0a-8e21-4388-b3cd-0e14e0973670,gaussian_blur,s3,1,0.596772,0.684968,0.945883
44cf6f52-af74-4754-9586-065550110bcf,fog,s3,1,0.702778,0.799641,0.954256
44e29abe-c57e-47a5-87d0-fa046c08ff73,gaussian_blur,s5,2,0.682443,0.811217,0.811441
44ea98b3-b797-4e4d-b725-b8444002f97c,shot_noise,s2,0,0.430124,0.477590,0.838747
44ffca14-7adf-4e0e-9057-c2df73d95146,clean,s5,4,0.612078,0.749792,0.797627
45048f28-70ae-48a0-9b85-5a9b5b230447,fog,s5,5,0.474641,0.639406,0.655749
450500ae-0a64-40a7-a71e-75ccdfa08425,clean,s2,4,0.535090,0.593000,0.953029
45128686-37ec-4dad-bd17-ae50b2419a97,fog,s5,1,0.242195,0.337483,0.469136
4518ccb3-d0db-426c-9ae9-b37d6899b5ce,gaussian_blur,s4,3,0.636924,0.768971,0.818128
452c069d-ba93-4849-99e7-2820e079c886,clean,s4,0,0.607590,0.747753,0.788208
453c3a6d-f16c-4182-b7fa-f85926a8c0b1,fog,s5,4,0.298545,0.457481,0.464117
454063cb-688c-4c1e-b075-d860673d89bf,gaussian_blur,s5,2,0.471216,0.640466,0.640896
4541d06c-111c-4b90-a70a-3387706e6cba,clean,s4,2,0.672230,0.798820,0.829701
45483b57-535a-4078-bfd3-f1bdff754797,shot_noise,s5,2,0.609326,0.752099,0.778000
455111b8-c814-4f70-bbdd-2eb5dee47dd1,clean,s5,4,0.562145,0.717844,0.726317
455d032a-2ab8-4c56-a1de-aafe2193184e,fog,s3,1,0.737709,0.832329,0.948837
456265fa-df4f-4851-ab29-861cc5d1ee4f,fog,s5,3,0.473810,0.616796,0.711285
4564dd04-d530-445e-acfd-b4e3ae30eed2,gaussian_blur,s4,3,0.532838,0.673153,0.762779
45657217-6bfb-45a6-8753-08ffe99b1b93,clean,s5,3,0.478925,0.638986,0.671712
457e07c8-af77-43e7-96e6-b09c12675232,shot_noise,s4,5,0.763757,0.861572,0.898459
45857a80-4372-4f93-b735-8113a553802d,gaussian_blur,s4,2,0.606337,0.732829,0.837658
458dd138-3698-4d63-b47e-f54aa86b32d9,gaussian_blur,s4,1,0.330930,0.472616,0.544080
459a791d-34b7-480a-bb2d-adcb8c391c9f,shot_noise,s3,5,0.480569,0.490092,0.961139
45ac777c-4d4b-432f-ab53-ce705b66076e,gaussian_blur,s4,2,0.429076,0.583098,0.642222
45b5fc78-c2ba-4299-83bb-df9d5cd67613,fog,s5,1,0.473008,0.640699,0.646507
45c3a8ae-4200-4f5d-b22d-1543c423e4f9,shot_noise,s4,0,0.394513,0.562663,0.572997
45cd5a7c-1dc6-4f1d-a076-729d8014dd39,shot_noise,s4,1,0.497190,0.654618,0.691802
45ecbb3a-d576-4467-b6f0-f806252d3c01,shot_noise,s5,1,0.585297,0.735003,0.751252
45ee8793-88c6-42a5-9af8-8874260c2385,gaussian_blur,s3,5,0.601343,0.723344,0.851189
4609db67-c76b-4163-8fea-cadf56a16878,shot_noise,s5,4,0.393604,0.538967,0.621061
460b8003-eaa7-4ab4-9442-d5514d95ef2a,shot_noise,s5,4,0.740262,0.848826,0.863463
4612be4b-f268-44b2-a59a-59293a711be8,fog,s5,2,0.404748,0.539686,0.655707
46223040-f3a4-4472-8986-30f0152dc643,gaussian_blur,s4,5,0.634108,0.773863,0.785940
4636d5af-c406-4a54-8f0d-0d1b76365f89,shot_noise,s4,0,0.743218,0.847223,0.888527
463e5d59-1cba-43ed-9f8e-040d80b5d05d,fog,s5,0,0.503864,0.656699,0.709104
4648c40e-7d8c-46c4-86ff-375bac508822,clean,s5,4,0.729015,0.842805,0.846246
465a0e5f-b85b-434a-ba03-e30f9ff63811,clean,s5,1,0.670139,0.802491,0.802517
465a474c-e1dd-40e8-b7b9-f1b02975a540,shot_noise,s3,1,0.671654,0.769540,0.951285
466d168d-f192-4ba1-8cbb-81acc714d18c,gaussian_blur,s5,5,0.361139,0.490716,0.609040
466d8d26-43fe-44e9-9fe2-f3015a98e325,clean,s5,4,0.719438,0.833438,0.857187
466e1652-3fdf-4a25-86ef-df3052b1d7ef,fog,s3,3,0.707771,0.800131,0.972739
467029bb-ac44-4351-92a3-794d55e31f11,gaussian_blur,s2,3,0.627779,0.721856,0.949211
4675c6d7-b74f-4f74-8330-e3f7382f29f9,fog,s4,1,0.744152,0.842790,0.920237
4676c6da-ce38-4dde-902a-1d2a00279c74,gaussian_blur,s5,2,0.602753,0.751845,0.753365
467a4a22-99cf-44c1-8f01-f73ff02f2678,shot_noise,s4,4,0.701152,0.814314,0.878245
4687b54c-97f1-4fea-afa5-4cbf8914c4a3,fog,s5,1,0.773927,0.872112,0.876046
468a61b7-fc67-46a0-8176-b6b99cd93e52,shot_noise,s4,5,0.644376,0.759792,0.883399
468b3046-17af-410c-b7cd-d2e695306bea,fog,s4,4,0.434007,0.580482,0.664482
468ff0e4-61ae-4bbe-84ab-7ac7478ecb6e,fog,s5,5,0.445810,0.607782,0.639410
46991204-c19c-4ca0-ade8-1e3e4ddda927,fog,s4,3,0.702496,0.822247,0.842172
469c35f3-a34a-4211-b646-ab905ef0f45c,shot_noise,s5,3,0.543386,0.677286,0.787384
46a55b74-49be-4cd2-974c-60de3e418c0b,fog,s4,5,0.573336,0.711107,0.790114
46a8a9d2-2e59-4df9-b805-41fc8611d0ca,clean,s5,0,0.774410,0.871251,0.885395
46b10a0f-70f5-4dbe-93cc-7466887c4dbf,gaussian_blur,s4,4,0.585374,0.696002,0.878162
46b368a5-f06d-4e34-a3f1-5a38887cda97,clean,s2,3,0.477377,0.527946,0.896863
46b4b0f7-1b8a-4533-9811-45784070a2a4,fog,s4,5,0.611685,0.754817,0.776378
46b6054e-24ee-499e-91b8-99798c6b8f3e,shot_noise,s3,2,0.456592,0.548826,0.800048
46b7103d-6e6e-4324-b23a-130c92e2b367,clean,s2,2,0.464747,0.481729,0.929493
46d0efad-b4ee-4a80-8483-5e3103a5e3d7,shot_noise,s3,5,0.484433,0.613842,0.753269
46da7e5f-a3d3-42d7-bca5-ddca7e2716fc,fog,s5,2,0.751870,0.857863,0.861874
46dbe6be-22d6-47d4-93de-926db1d395c5,shot_noise,s5,4,0.469306,0.634259,0.651264
46df5033-e7a0-477a-803b-a7088d955522,shot_noise,s5,1,0.573646,0.728211,0.732213
46e26b35-15fb-4895-bb84-c809758c8a9b,shot_noise,s5,4,0.652496,0.788453,0.795653
46e848e3-f52a-49a7-8d3e-0d32d3fd06fc,shot_noise,s3,5,0.547349,0.612246,0.953037
46ee1cf2-6df5-4755-8a64-239f99052864,shot_noise,s4,4,0.501188,0.658047,0.696012
471145c8-8056-40b4-bec3-dbf926640380,shot_noise,s4,0,0.618013,0.750886,0.816219
47126ac2-4abc-49cf-9b81-30c904963565,clean,s5,1,0.666028,0.793800,0.827376
471346ed-d0d6-476a-9e47-e3a76d9cbe5f,clean,s3,2,0.809795,0.887787,0.958312
471c6346-f141-428e-8dd6-fdb54b2bf28a,shot_noise,s4,1,0.439001,0.467625,0.877856
4721c6aa-513a-4557-8343-4f71eeadd521,gaussian_blur,s4,4,0.459650,0.620836,0.653472
472b248b-362d-4a4a-bf36-6c9710750c95,gaussian_blur,s5,5,0.697191,0.818751,0.837206
47325bbb-0e5c-47ad-8807-be0ab9bbe921,gaussian_blur,s5,0,0.617079,0.738318,0.858293
473c172d-bfbe-4f7a-b227-8d03cf867b8c,fog,s5,1,0.551986,0.703593,0.737424
47445ed3-2b05-4204-b810-637d5b018fbe,fog,s4,5,0.783037,0.871753,0.929515
474dff7e-5938-4432-bbcb-e8c1e5c66206,gaussian_blur,s4,3,0.434631,0.599223,0.622607
476ac8e9-1e33-4751-a8b4-d59630b8aa79,shot_noise,s3,0,0.274662,0.385469,0.504976
47705360-78cc-458a-adf7-d351d3706120,gaussian_blur,s4,1,0.821424,0.896547,0.954267
4776ed38-4091-447a-ad7e-65f5de6267dd,clean,s4,3,0.724343,0.835899,0.865968
477f6153-602d-4543-80d7-0642e9dfda74,clean,s4,0,0.361172,0.521844,0.549154
47a39d8d-141d-4a6e-a2b1-54d77b13db7a,shot_noise,s5,1,0.804255,0.889948,0.905695
47ab8f2f-2e0e-4857-a6cf-469848ad600d,fog,s4,1,0.666371,0.792070,0.836901
47bb66ea-4888-4b58-a645-efd23422e3ab,shot_noise,s3,2,0.473534,0.533549,0.876763
47bbd6b9-a4ae-4702-b3d1-0ed211bcd71c,gaussian_blur,s5,0,0.831146,0.906983,0.916434
47c46a90-b976-44ca-bf66-4a5e3db3648f,clean,s4,0,0.545495,0.657034,0.848444
47c74e39-3732-43a0-b965-89c03cf8554c,gaussian_blur,s5,5,0.624116,0.768501,0.768817
47d3fcd1-5896-4046-a12a-6289fc0108c1,gaussian_blur,s4,2,0.649455,0.768425,0.869755
47d5a81c-80c4-4a7e-96a2-43a645c283a2,fog,s5,4,0.556665,0.702404,0.758204
47d67bf6-bd59-4659-8f25-dd9c7090bdb3,shot_noise,s3,0,0.466644,0.498369,0.911392
47d9e284-a533-487a-9cf4-e94b2da443bb,clean,s5,5,0.656102,0.790236,0.802400
47da9455-4520-4fa0-ba2b-85c5e1e06d93,clean,s3,4,0.792160,0.874853,0.957344
47dbc034-9ee2-42f0-8f93-0e1b30775777,shot_noise,s3,1,0.500704,0.618235,0.795792
47df8c27-ff90-46d9-856b-8d4f617c5c78,fog,s3,3,0.478131,0.601420,0.761147
47e7213d-0616-4ddb-b457-66d644c42c91,fog,s5,4,0.682399,0.810765,0.813634
47e7a755-a0c0-4644-a7d5-f24c6a3a0444,fog,s5,5,0.437879,0.551449,0.737504
47f344a3-d2c1-4c6e-9d2b-0f567d8e090c,clean,s2,5,0.480536,0.490075,0.961072
480fbcb7-6974-4258-bb28-8bee81655ac9,clean,s4,2,0.692965,0.815025,0.838187
48119de2-5c58-4b7a-9a2f-f41057ffa021,clean,s3,5,0.557637,0.632754,0.942691
4816c9f0-3841-4b2a-8f31-0b8bdf5b0b32,clean,s4,4,0.371469,0.502935,0.619717
481e2329-5028-4448-8702-0e1a7ccf5ec6,fog,s3,0,0.463054,0.521468,0.866059
4823b334-0951-46ff-8a09-9574b435b59e,gaussian_blur,s4,5,0.315118,0.479126,0.479411
483e93bd-c718-4ebd-b9e0-178179827582,clean,s4,2,0.774601,0.866166,0.923946
484005f6-0c7f-429f-8fab-1476d829467f,fog,s5,1,0.450203,0.620736,0.621269
4847f590-bd15-49ac-b2dc-cae981f48a28,clean,s5,0,0.711784,0.828127,0.852000
48486798-d228-47dc-8e61-d3c1ac5a31de,clean,s5,4,0.669515,0.800095,0.811813
484934d2-25c8-4ae3-87a6-52125ed99c0c,gaussian_blur,s5,2,0.768431,0.868970,0.869696
486d23bf-eede-481e-9181-4847bcf906ff,shot_noise,s5,4,0.233971,0.366378,0.399477
486e451a-213b-40e1-a499-1cc523146c0d,gaussian_blur,s5,1,0.535333,0.697311,0.697483
487200b8-fea1-48a0-9e6c-aa2ab76ebcc9,gaussian_blur,s5,5,0.751054,0.857830,0.857834
4885b61c-3631-4db9-ab7d-e25f417ebf6d,fog,s3,0,0.571071,0.695397,0.830679
48869ac3-6fc2-474e-a9bb-3bba1d638ec6,gaussian_blur,s5,5,0.486000,0.653597,0.655573
488f3add-19ee-45e3-b1ec-33750d563ca7,fog,s5,0,0.794557,0.884365,0.895495
48923341-dad2-4bb9-9b86-dc7e8b7f3be6,gaussian_blur,s5,5,0.786867,0.880258,0.884599
4895d73b-75bb-4bd6-a90f-33f9c63dbee7,gaussian_blur,s5,1,0.515906,0.663890,0.730542
489f6902-2202-41a7-b393-1fce039e23c8,shot_noise,s4,4,0.518356,0.657669,0.756155
48a02514-87ad-428e-b616-c8c7af8ad4a5,gaussian_blur,s5,5,0.575548,0.693193,0.852527
48a05252-7475-480f-b99a-1cf976c28029,fog,s5,2,0.526391,0.685531,0.703040
48af2784-03c8-4095-a6bc-ca26da72ea68,shot_noise,s5,2,0.628718,0.771247,0.775512
48b193a2-1b17-424e-9a70-cfca26cef512,shot_noise,s4,5,0.719340,0.823986,0.909355
48b3ec6b-e670-46ff-941b-3df3a158e3a4,fog,s4,3,0.588576,0.719087,0.819056
48b8b808-953e-4a45-a7a4-cfb059f2824b,gaussian_blur,s5,0,0.646228,0.784085,0.789808
48ba2a84-f48a-4781-ae3d-01b42065acfd,shot_noise,s5,4,0.623693,0.741886,0.870341
48d14f26-018a-48e1-a2c4-109b7bfa2cc4,fog,s5,2,0.767885,0.868366,0.871275
48d28beb-f6f4-488e-97ba-58399e8421f1,clean,s5,1,0.202881,0.335179,0.340555
48da8a2c-e01b-43e0-a8de-b37addf8fc8c,fog,s5,0,0.311296,0.383702,0.622592
48ddaa7a-6d94-4df8-b269-0367c8cb164e,gaussian_blur,s4,2,0.644254,0.758900,0.886269
48f096f6-827c-4287-83af-3d570951243d,fog,s3,3,0.273974,0.399659,0.480832
48f1521c-8bce-46a5-923b-715fbb9aabb3,clean,s4,1,0.711820,0.824943,0.869984
48f339e1-6f90-4c79-a748-19fd61bcbe32,clean,s5,3,0.802064,0.888828,0.902160
48fbc6b7-4e7d-48d6-bf0f-eeded039f67b,gaussian_blur,s5,0,0.561448,0.712686,0.741592
490e1968-af70-4c04-9d4c-accf36320822,clean,s3,1,0.077983,0.141483,0.148408
4914250c-59cb-4c54-8656-484725fd52f4,fog,s4,2,0.372833,0.540811,0.548269
491f7e1e-4fcf-4709-88fa-4b6da0c62854,fog,s4,4,0.531220,0.652082,0.813909
493154fc-541a-400e-bf49-d37bd87e04df,gaussian_blur,s4,2,0.737815,0.841622,0.896533
4931c5ed-e378-4e2d-b2aa-9fbfaa90664d,fog,s3,2,0.474772,0.512749,0.912939
4931e4e6-83bc-4297-809e-da76ec694c14,fog,s5,1,0.675436,0.806231,0.806541
49321363-badd-40a2-be12-a8546a369da6,gaussian_blur,s5,4,0.249374,0.381028,0.428555
4937bb90-3bc2-4a99-8f91-3dd9a15e6298,shot_noise,s5,1,0.770111,0.868860,0.879795
493937a0-a942-4bb3-85d5-50bd2d1fd7e1,gaussian_blur,s5,0,0.520827,0.684197,0.687232
4941da65-3543-4586-ab3d-1c7abb9109fc,clean,s3,5,0.488872,0.605335,0.786853
4948cc4a-48b1-45f9-be6f-f571c3194295,gaussian_blur,s4,4,0.652095,0.768748,0.878789
4951580c-50c9-4ca5-9eae-649a44ee8908,gaussian_blur,s5,1,0.657567,0.793302,0.793946
496a10c6-9a23-4766-863f-bc495de1c227,clean,s5,5,0.666702,0.798248,0.808837
4970bdc0-b6a7-4054-affd-0bc75725913c,shot_noise,s5,2,0.590496,0.741766,0.745488
49737d39-3a0c-4402-8605-6630c090e2a3,fog,s4,1,0.518713,0.658700,0.754571
49760d23-2ff1-4c85-bd68-f307388a724d,clean,s4,1,0.391955,0.558880,0.572901
49808f25-314a-455d-a5aa-2b8f4e26ba6c,gaussian_blur,s5,2,0.698479,0.822311,0.823406
498c0d8f-dc6e-45e7-8b3b-f8233164a0b3,fog,s4,3,0.477925,0.609468,0.742219
4991835f-45cd-4a4c-9b38-c9ddd4a38084,clean,s5,5,0.584129,0.729975,0.765259
49978088-68b6-45e9-b259-3e92c72c94f2,shot_noise,s4,2,0.605466,0.731497,0.839019
49a2e25e-af91-4d50-a8d6-7dfe61c0e926,fog,s4,5,0.304657,0.459801,0.480414
49b4f5fb-c08e-414e-a2f7-0b6e50e9b8f1,clean,s5,1,0.459090,0.604429,0.692112
49cd1a81-3137-4007-8d69-d38ae3dcb6d7,shot_noise,s5,3,0.399273,0.558364,0.598588
49cf7dc6-a6e4-4786-b69e-edb7a3bee363,clean,s4,3,0.732465,0.836447,0.901387
49d37c67-14bd-4e29-a5f0-70f4217707a0,shot_noise,s5,5,0.497209,0.661420,0.672336
49def3b6-b81d-4391-a828-e62b1246a7db,gaussian_blur,s4,0,0.581628,0.724040,0.776939
49e2024b-dce7-4163-965b-f9629a6bc7d5,clean,s5,2,0.610222,0.737193,0.836860
49e6cf95-fcb4-48ee-a5f2-3c3d240d0159,gaussian_blur,s2,0,0.454944,0.476409,0.909888
49ef0bca-e58a-412c-9e51-151786a0bd50,fog,s4,1,0.521689,0.672676,0.725369
49ff89ed-87ba-4b62-aa75-6db2f91c4ba1,shot_noise,s1,3,0.449032,0.473147,0.898064
4a045498-41b6-40af-bbe4-4298fd80a9a6,fog,s5,4,0.515514,0.676691,0.691525
4a148500-2e22-44bb-99b8-f06ebfc06139,shot_noise,s3,2,0.529218,0.650279,0.811845
4a16cbbf-4234-4b74-aca6-d3758dbda75d,shot_noise,s3,3,0.640026,0.749876,0.902971
4a204488-a568-4b11-ba1c-aa0b3a8060ef,gaussian_blur,s5,0,0.806939,0.892915,0.895408
4a2d4672-90ee-45f6-8d01-84ce23148b1d,clean,s5,4,0.805798,0.891983,0.896838
4a3b90b4-ae1d-402b-a231-ab9ea5cbffab,clean,s4,4,0.624385,0.759954,0.805467
4a3ee5b6-2821-44fc-9b8a-70b563251c10,clean,s5,4,0.545053,0.700394,0.722741
4a3fc14e-d480-48e0-88b8-13144317d253,clean,s4,0,0.499255,0.663492,0.673467
4a42b3eb-d5ff-47d3-baf3-3d613d47eab0,shot_noise,s5,4,0.395999,0.566003,0.570400
4a4367fd-674d-46f7-9ad4-4ebfd7b96e06,fog,s5,3,0.836318,0.910137,0.918955
4a4a6f91-15a0-4b18-becf-14d251412068,fog,s5,4,0.658278,0.792259,0.801973
4a63ee27-8c78-42b8-9031-df8047257c44,shot_noise,s4,0,0.711248,0.823758,0.873840
4a6a26b4-21eb-4395-8f20-d15a21d06a1f,clean,s5,0,0.737443,0.848809,0.849375
4a6c29d7-8f26-4739-9652-b91617b6d96e,gaussian_blur,s2,2,0.482239,0.518608,0.925067
4a70c4b2-b558-4b2f-9fe1-1297e419ca24,clean,s5,1,0.473746,0.640386,0.649947
4a766ffc-f77c-4b72-8ce5-f627be28dad1,fog,s3,5,0.223300,0.341914,0.400277
4a792149-98c0-4eac-8fd0-7b65e8f50e6c,clean,s5,2,0.660426,0.795453,0.795670
4a7968c1-b897-41a0-b026-439b6ed8d794,gaussian_blur,s4,0,0.478771,0.611252,0.740835
4a7bfdf2-2d43-4ca5-a54b-7dc28dff4604,shot_noise,s4,1,0.459612,0.599729,0.704830
4a7eb43e-689c-49a2-89c8-f7f06791db01,gaussian_blur,s2,2,0.484682,0.492222,0.969363
4a81387a-6a7a-4fac-a85d-402c7f76fe34,gaussian_blur,s5,2,0.652518,0.789664,0.790018
4a81cc4c-1267-464a-8e44-e3e3817377d9,gaussian_blur,s4,0,0.767965,0.862637,0.913301
4a90296d-e5e0-42bb-9c6a-7382bd1b8f68,clean,s5,1,0.430223,0.498680,0.806949
4a94fdf4-0afe-4f61-9bff-f12a2711896b,shot_noise,s2,4,0.458788,0.500125,0.886811
4a9785e8-ff0a-4162-85b6-7258d0da7e97,fog,s5,1,0.323529,0.483429,0.499456
4aba12b6-d9a5-443e-9d32-d01fe8c43ae5,clean,s5,4,0.447480,0.618287,0.618293
4ac169fe-41d4-4ae8-b0e6-53bdee08e1ee,shot_noise,s5,5,0.365091,0.422026,0.730181
4acb0f30-c941-4f7d-a164-a31ed073c51e,gaussian_blur,s4,0,0.711248,0.823758,0.873840
4acc8748-d140-4f52-844f-76640a5607fa,fog,s4,2,0.396464,0.566500,0.570837
4ad1b79d-8fbb-40e1-9714-40f218c3ecd6,gaussian_blur,s5,5,0.425489,0.596972,0.596976
4ad8b1a3-1ef5-4e65-9d9b-0b7bc10f9922,gaussian_blur,s4,4,0.487374,0.639756,0.698631
4af29c68-824c-4712-915d-6d34dc636097,clean,s5,2,0.832313,0.907619,0.917838
4af8256f-f559-4101-a78f-da081c7bee11,clean,s5,4,0.740790,0.850581,0.854546
4afee02a-9ab6-4d06-b47c-7b6dd1676831,shot_noise,s4,3,0.791266,0.880082,0.911739
4b1230fd-5e67-42de-9654-d6e6b4086739,shot_noise,s5,2,0.614887,0.737960,0.851445
4b1aa103-b588-4e84-bc3b-d204c3bff8a9,gaussian_blur,s5,4,0.561644,0.710356,0.750171
4b1ddc31-2fcf-4923-a049-9e70a8ba427a,fog,s5,0,0.664698,0.798454,0.799213
4b1f9479-9a7d-4a4a-b07d-d0f0b6338d3c,clean,s5,1,0.412580,0.581181,0.591243
4b219ce5-3f14-4072-867f-60e02b65cf9f,shot_noise,s5,5,0.473621,0.635144,0.663782
4b2314fa-1dcf-4bf0-8dba-161e280d8fa6,gaussian_blur,s4,0,0.736317,0.842534,0.883717
4b23fe58-d660-4c0b-80b0-09d16a4330b7,fog,s3,1,0.739108,0.834185,0.945275
4b40278d-2cbc-49fa-8e3b-f589d421ef11,fog,s5,4,0.687864,0.812898,0.826683
4b43df61-a618-4ed6-afde-db217e86cfe2,shot_noise,s5,1,0.651557,0.785316,0.806283
4b75861b-7cb6-43c9-a6df-b520f79f4079,gaussian_blur,s4,0,0.509068,0.653791,0.735010
4b8032c3-f984-4d81-a140-0b6a13687859,fog,s4,3,0.525105,0.683777,0.703916
4b822431-f586-47f1-a4f2-c4158987a153,clean,s4,4,0.836423,0.908996,0.932144
4b82ebec-4079-43e0-909a-fb4e98542ae8,gaussian_blur,s5,3,0.640870,0.780895,0.782228
4b848f2d-bba1-4bb5-a226-0b3968081bfc,fog,s4,5,0.394127,0.549015,0.601766
4b861668-7046-4bec-b144-b695e2224245,shot_noise,s5,3,0.375011,0.544866,0.546784
4b8e8282-6f83-458f-9af6-6e0817b86e98,shot_noise,s5,3,0.398816,0.463989,0.768405
4b991f4e-f814-4d17-b179-5b9aa7926b5d,shot_noise,s5,4,0.568485,0.718495,0.747579
4b9c1f1d-4095-455b-9168-b08522c590d4,clean,s4,3,0.821607,0.896756,0.953520
4b9ca2ef-c006-4821-8928-60b59c595833,fog,s4,1,0.385044,0.555805,0.556448
4bb267e6-9ddb-4307-bf76-73345d13b699,gaussian_blur,s3,1,0.460349,0.547256,0.814251
4bb45ea5-fb9e-43c0-9085-5026a41a2183,gaussian_blur,s4,5,0.691698,0.808504,0.866069
4bba0621-a3aa-4b56-8527-f8659310f807,gaussian_blur,s5,4,0.735749,0.846211,0.857832
4bc4b91c-2da3-41b1-9cdc-59ed31d57364,gaussian_blur,s5,4,0.335658,0.498906,0.510005
4bc6bfb7-4327-442c-87ea-5a09fa8ebc29,clean,s4,5,0.601521,0.736007,0.808687
4bce4245-bc12-44a7-a6ea-606aee73737c,clean,s4,4,0.482919,0.648185,0.660186
4bd537f0-48bf-454a-8e8e-61d23f7a2d46,fog,s4,3,0.301495,0.461874,0.465964
4bd569ff-73fa-4c14-9aef-ff89efe05eef,gaussian_blur,s4,4,0.742839,0.846104,0.893664
4bda3cd7-1b88-47f6-aaa9-8a3a0a10adab,gaussian_blur,s5,0,0.614755,0.759740,0.768421
4bdef7f4-d149-4b09-965e-3f4839b5ad24,gaussian_blur,s5,3,0.802430,0.890151,0.892533
4bf8dfca-8ade-45c7-bd90-8cf8edbe8f51,gaussian_blur,s4,0,0.723188,0.827292,0.909238
4c0d89bb-8bc0-4fc3-92a9-bfc3d3381c0e,fog,s5,2,0.768475,0.868112,0.876437
4c105875-e2d2-4b85-90ee-82326b330a35,shot_noise,s4,3,0.400419,0.568919,0.578670
4c2935a4-06a0-4eae-844b-c19bf0d0dbb8,gaussian_blur,s4,0,0.533280,0.636803,0.857514
4c2ccaac-cb5b-467c-b018-f542c81f2488,clean,s2,3,0.627932,0.722016,0.949269
4c2f4e25-6f80-435d-864a-439d3ea7f50e,gaussian_blur,s2,5,0.476607,0.488023,0.953213
4c351659-8647-409a-b687-2b6a0c50277d,clean,s4,5,0.618670,0.750767,0.819189
4c37e261-63d2-4da8-aee7-e5549c1d5ca9,clean,s5,4,0.558944,0.716704,0.718408
4c4cf333-2acd-4583-b163-622f787f4cea,fog,s5,1,0.648789,0.779601,0.820507
4c503f3d-327d-4a8f-81ee-757374aded12,clean,s3,4,0.814549,0.889673,0.971440
4c5bd388-4749-4531-914d-f5687aab12fb,gaussian_blur,s5,5,0.749063,0.856527,0.856555
4c651ce6-0012-4f69-9cbd-68e5d066940d,shot_noise,s4,5,0.478431,0.605408,0.753165
4c65da1c-33e4-4b5e-9803-23b26530e37d,fog,s2,4,0.455021,0.476451,0.910042
4c69ecd8-ff2a-448a-bdbf-b8165b3aa783,clean,s5,1,0.620452,0.760638,0.787243
4c6f8da1-56d6-4159-9a4e-582f8c270faa,gaussian_blur,s4,5,0.466507,0.620925,0.676553
4c788804-f2f1-4c9c-90af-07bf6de4cdd2,clean,s5,3,0.590221,0.737095,0.762162
4c7e9519-fe76-4879-b61d-714beec5714e,fog,s5,0,0.581008,0.728848,0.757612
4c95e375-3485-4581-8faa-0cc85cfc2897,clean,s5,1,0.515525,0.637956,0.797355
4ca09942-2a0b-4ed8-81a8-3913aee7e86d,gaussian_blur,s5,2,0.743093,0.850826,0.864605
4ca8c57f-39a4-44d9-a339-7e75e899b705,clean,s4,2,0.620183,0.736249,0.876747
4cb29d54-0119-4190-af7a-7c85869fc61e,shot_noise,s5,3,0.695751,0.820207,0.822667
4cdd27c6-ab42-43a7-84b3-61bf3a7db84c,gaussian_blur,s4,2,0.755262,0.857072,0.885037
4ce2645b-62e6-4584-9737-e14d4b55957e,fog,s5,2,0.345607,0.498740,0.543490
4cf3fc78-6f8b-4682-b89b-fac8980f7b9a,shot_noise,s4,0,0.767965,0.862637,0.913301
4cf8a7ec-3b2b-4137-9383-7f8a81a39c9a,gaussian_blur,s2,3,0.440973,0.468635,0.881946
4d18b72d-1a36-4ebe-b7fe-b5ebc1834cad,clean,s4,1,0.837141,0.910295,0.923129
4d1b6036-b48d-481a-991e-034fbf74c0a5,gaussian_blur,s5,2,0.854460,0.921060,0.927337
4d33e13c-58bd-4eef-840e-0a7686d6368b,shot_noise,s4,4,0.791841,0.877063,0.938867
4d34b5a6-9957-4198-b438-56a6be4c2c41,fog,s5,1,0.732998,0.845525,0.848559
4d46b94e-c439-4d9a-928c-3fa961bded61,shot_noise,s5,0,0.473197,0.638393,0.653512
4d59cf1a-3e03-4423-8dc2-adb5ebdd8a01,gaussian_blur,s5,5,0.270863,0.410544,0.452939
4d62bb24-ceac-4629-9a2f-d8ba10eef822,gaussian_blur,s5,3,0.619361,0.764836,0.765405
4d678670-7056-4097-abb4-e49348b77c96,fog,s4,5,0.201187,0.302318,0.381797
4d689f13-086a-45cd-ac5b-696cf82f8796,shot_noise,s5,5,0.555952,0.708965,0.734024
4d7a2c11-2308-4002-8b83-566357bc562a,clean,s4,5,0.662016,0.786361,0.844768
4d7e3491-d72a-46cd-b97b-6826fee4e419,clean,s4,0,0.786922,0.876763,0.913168
4d86a035-2ecf-4e52-8ad7-3a9975e157c2,clean,s5,5,0.671236,0.802853,0.805452
4d9ec1a4-08d7-4b51-9962-dd3bba123670,clean,s5,3,0.690529,0.815921,0.822465
4db37e5c-82e6-4bfe-8c2f-60dd41a6b87f,fog,s3,3,0.488186,0.562698,0.869627
4db5d9cb-742c-4d11-817b-0955824df6e4,clean,s3,3,0.670707,0.762869,0.971724
4dc13e87-5145-4c08-8f35-86044b42a864,fog,s3,2,0.259850,0.373616,0.474602
4dd0124d-3026-48ba-a7d2-ad9895fabfd1,shot_noise,s5,5,0.707671,0.825724,0.846545
4dd684b7-8f35-4ac0-b20c-731f4c24ad24,gaussian_blur,s5,2,0.269104,0.349893,0.538208
4dd892ef-3187-41a2-b85a-d0b279f5ee95,fog,s4,3,0.403122,0.554441,0.619867
4df030f3-04eb-402f-95c6-19666ae073f1,gaussian_blur,s3,1,0.471866,0.485526,0.943732
4e0328b9-2162-49bb-9205-6c86cf4fa508,fog,s4,1,0.342547,0.479525,0.569411
4e0b2194-1fb1-47d5-a9ab-13c138ac2558,gaussian_blur,s5,4,0.514900,0.668671,0.713312
4e0e61ac-f5e3-4636-96dd-c07386ac5230,gaussian_blur,s4,2,0.267309,0.383685,0.483781
4e2793a0-8b38-44aa-92bc-7d2bbd8824a3,shot_noise,s5,0,0.503864,0.656699,0.709104
4e3e1ac2-c1ef-446e-87e8-c941a38515d6,fog,s5,4,0.626733,0.757626,0.823832
4e4d9b07-a933-4f40-878c-45ca16238b37,shot_noise,s4,3,0.572496,0.695677,0.834800
4e50e2e6-d929-483b-ba99-4c4db90cee10,clean,s5,2,0.562870,0.719415,0.723465
4e6302e0-c156-400b-a992-f801b2e748da,fog,s5,4,0.408694,0.574306,0.594198
4e7089ae-9340-4b90-bedb-00a0c595c21b,clean,s4,3,0.519376,0.656712,0.762198
4e71c7dd-9bb6-42b7-861c-b162fea3b048,fog,s4,4,0.582335,0.727067,0.768939
4e77bfe1-b4ad-4dec-914e-c7430cb9f956,shot_noise,s5,1,0.614944,0.761567,0.761568
4e8af179-ef38-4112-a158-035543d37de3,shot_noise,s5,3,0.836513,0.910771,0.913323
4e99ea3f-5148-4016-a150-e8a5152c8da1,fog,s5,3,0.458566,0.628175,0.630444
4e9ef9ee-1b85-4848-94f8-21dcaaf530a8,shot_noise,s5,3,0.778707,0.875440,0.876773
4ea1f8c4-4dca-48f1-b6d8-d9fc03573351,fog,s5,5,0.474804,0.637958,0.660264
4eabb587-c050-4819-ace1-d3a6f01f1d87,shot_noise,s5,5,0.568381,0.723133,0.730818
4ead8fba-ac4d-4673-9383-57c80b0affed,clean,s4,1,0.614190,0.749856,0.805493
4ebb4bed-f91c-4312-b690-793b51eec0fc,shot_noise,s4,4,0.685157,0.797799,0.889173
4ebca185-b17c-4fd7-9a58-1675d39f7bb0,clean,s5,3,0.545077,0.663805,0.829784
4ece501f-4e0b-43f3-82ed-608ee3474401,gaussian_blur,s5,1,0.183079,0.309144,0.310005
4eceb6d4-e72e-4412-b8de-4fadfd14f58a,gaussian_blur,s4,3,0.746258,0.851018,0.879363
4ee238ef-139b-48af-8f0e-f74a75119277,gaussian_blur,s5,1,0.634182,0.775265,0.780069
4ef7c3ae-e352-48d0-9c71-7716263bbe82,shot_noise,s5,4,0.311614,0.451082,0.519026
4ef7e247-ed2b-4768-b9b5-c0819d0817e7,clean,s4,0,0.484773,0.589351,0.807970
4efdef0e-8cbf-4f6d-ac17-99589260c0e6,fog,s4,1,0.492987,0.622626,0.760512
4efe31a5-413f-47fd-8ffe-fd267646d51c,shot_noise,s4,3,0.727954,0.839656,0.860683
4f0ec81e-bb4d-4d43-b9d8-f0842171336b,fog,s5,5,0.687622,0.809730,0.842075
4f171506-84e5-44f8-a72e-321d9e6302e2,gaussian_blur,s4,2,0.685720,0.789060,0.929724
4f1ad5f7-3258-4db8-9516-717ee9a9f416,fog,s3,2,0.543471,0.666126,0.818315
4f2d0696-a3f8-42b0-aa95-a7c65ab81ec2,clean,s5,4,0.163157,0.266279,0.299982
4f34ea0e-f3ff-459a-a97a-39f89f47b1cc,gaussian_blur,s3,0,0.779457,0.864279,0.962875
4f4a914c-ca32-4a4b-9afd-67d055ed2439,fog,s5,2,0.605807,0.753476,0.758758
4f50edeb-5273-4246-9469-444ae7a5e9af,fog,s4,5,0.712864,0.827436,0.860931
4f5c3580-0ba7-4aeb-a7f4-9bfbd9338759,fog,s5,2,0.464121,0.633980,0.634027
4f696080-fdfd-4cb0-9ef5-0e9b9c058bcf,fog,s2,3,0.337299,0.439780,0.619883
4f744a1f-6986-4455-9efb-8d2c6643ddef,shot_noise,s5,5,0.554291,0.673606,0.834669
4f78b4ad-d484-49da-818c-69db2ce7e890,gaussian_blur,s4,1,0.534732,0.623555,0.891520
4f7c24c1-ea38-4c60-9d6b-5b30f196ee46,gaussian_blur,s4,4,0.736307,0.838019,0.910550
4f7c8d0f-4022-4da1-8004-705ec6eec08d,shot_noise,s5,3,0.144476,0.238904,0.270306
4f99e3e2-673a-43d3-bea8-9d5f958f4e52,clean,s2,3,0.376447,0.465948,0.698721
4f9d5090-07fa-47d1-bc28-8ca87bdbc0bf,fog,s4,2,0.619467,0.741857,0.854779
4fab49f4-8479-47af-b264-31d301a7d941,shot_noise,s4,4,0.505360,0.664898,0.690859
4fc057d5-a38d-460e-a28f-4193b7cbb62e,gaussian_blur,s5,3,0.466491,0.636075,0.636544
4fc22539-0ec4-4bb9-ba5c-6254def837b4,shot_noise,s4,1,0.547865,0.702725,0.725297
4fc48535-41be-4b8d-a2f3-bb6d223cfb81,shot_noise,s4,5,0.428013,0.594843,0.610829
4fccd545-fecf-4931-8889-54effc45cdd4,fog,s4,3,0.379792,0.549906,0.551840
4fe828af-72a5-4ab8-a54c-3dcf8796e00c,gaussian_blur,s5,5,0.745420,0.854144,0.854144
4ff0c39d-01ab-4394-b4b6-6f2aa3dbace0,clean,s4,2,0.626286,0.762319,0.803381
4ff2cbec-ab57-48e6-abba-ea0cc136136b,fog,s4,4,0.353230,0.520509,0.525280
4ffb90c6-b97f-46cd-81b1-81837899febe,fog,s4,4,0.548006,0.676586,0.805195
4fff01ea-3be7-4976-acba-8e40fbc85ff1,shot_noise,s4,0,0.347457,0.515470,0.516244
500061a7-f698-415e-a65c-fa9d8dde4c30,fog,s5,0,0.714124,0.833082,0.834069
50172433-0816-4b5b-8955-7ec2fef683f2,fog,s4,1,0.625458,0.761040,0.805307
5019813a-902c-4f97-9d29-3c72e8185fbe,clean,s4,5,0.598819,0.738650,0.788971
501a1662-e714-4919-bb36-1e5d6da6fe0c,gaussian_blur,s4,4,0.644935,0.770641,0.843029
501a61b2-3608-46f5-aa08-0e40ad34180c,gaussian_blur,s5,4,0.605818,0.749676,0.773915
501ecc45-d0fe-4c8c-8f13-2488660e786a,gaussian_blur,s4,3,0.738029,0.847562,0.860486
503aefe2-a1bc-426c-987b-6b3f5c2d2bc7,clean,s4,3,0.740324,0.848021,0.869003
505c8cbd-6f16-4c84-bf62-91e21d55ff6e,gaussian_blur,s4,4,0.491199,0.655175,0.669301
505d7914-adaf-4a97-8f0a-b0fc976756df,shot_noise,s5,4,0.625529,0.768781,0.773309
5064b6bb-5d18-4f4b-b748-484e70d0c7f0,fog,s5,1,0.566909,0.693975,0.820414
507336a7-883a-4d8e-8236-43dd842d8c7e,fog,s5,3,0.656037,0.787863,0.813200
507348bd-034a-4a5c-a868-7e9c94827d61,gaussian_blur,s3,0,0.454189,0.497156,0.878235
50867501-b26e-47e4-82e1-a66721c14fbf,fog,s2,2,0.452586,0.502346,0.865883
5089b554-b5ad-4743-b1ec-ca6e5a73a1e1,fog,s4,2,0.411979,0.572266,0.609925
509ecfb9-b200-4c68-a23f-cd8a374cdc0e,clean,s5,5,0.689649,0.811830,0.840191
50a13a9b-adf4-4cf8-b99f-ae64888140ee,shot_noise,s5,0,0.588283,0.736939,0.755376
50b1dd0e-8f2f-41dc-9d03-8fa90b9e4f15,fog,s4,0,0.478259,0.641570,0.662366
50c5705e-c3ac-491e-b88d-a63295edaa85,fog,s4,4,0.192922,0.319049,0.329898
50d24936-8e53-46e1-bdc0-69310b5e34c6,clean,s5,5,0.451699,0.620151,0.627972
50d60ccf-b6d7-499e-8233-f03017827e95,fog,s1,3,0.227741,0.321383,0.444094
50fa9c9a-b401-48d8-9dd0-458d6924f27e,clean,s4,1,0.447044,0.582815,0.701905
51072231-888a-41bf-9b56-a10d5cea656f,clean,s4,4,0.624208,0.760712,0.801723
511926b0-5cc8-4749-8d87-8d8636784b4b,gaussian_blur,s5,5,0.604232,0.752673,0.755824
511c27fc-d4ba-480e-a839-0058cec99be7,shot_noise,s4,4,0.539866,0.676139,0.778523
5120e238-22ee-4a9f-a54b-99cec49e1d33,fog,s5,0,0.562364,0.696847,0.795896
5121c543-55d5-49ac-9850-f757f6754f41,gaussian_blur,s3,5,0.766490,0.857323,0.941326
512575d6-9b22-4e43-8227-d9daca33ae60,clean,s3,1,0.346224,0.483752,0.573659
512618a2-1481-4509-9219-c33964183cec,fog,s5,2,0.404401,0.561561,0.608624
512844c1-37f1-4c14-901b-f8dae21915b6,shot_noise,s3,2,0.451988,0.562461,0.759976
51346a25-b045-4228-afa3-0d97a1b67b35,shot_noise,s5,2,0.518844,0.677622,0.700539
5138dd27-bc9a-477d-8e08-3f84f07520cd,fog,s4,2,0.395932,0.563237,0.576486
513b5da0-41c4-48b5-8b63-74ef20c86f68,shot_noise,s3,2,0.329023,0.450622,0.576160
513dad51-fe51-4499-9b06-0e503984534b,shot_noise,s3,5,0.733094,0.826498,0.958368
514716c9-f8a8-4e9f-a9e7-e6b4b16fb207,fog,s5,2,0.359470,0.528791,0.528939
514a8aed-430a-4c82-a1cb-c8d38173c1fe,shot_noise,s4,2,0.560508,0.713796,0.734331
514b75da-faca-41b1-b9ec-c1c8da25a76d,fog,s2,2,0.455438,0.476680,0.910877
51563e01-18a7-4494-be00-66a2d225c9c0,fog,s5,3,0.589142,0.739582,0.748668
51565ece-44f7-4780-bc5b-a42ff98e45e3,fog,s5,2,0.494949,0.661156,0.665131
516f248d-fb96-43a3-bd0b-ed18d63ad495,gaussian_blur,s4,5,0.535668,0.692397,0.714663
5175d527-91a6-4a48-880a-2ca002341faa,gaussian_blur,s5,2,0.501612,0.658627,0.695840
517a6385-aee3-48a3-a89f-c944580b0939,shot_noise,s3,1,0.507963,0.627763,0.797138
517c2628-3dbb-4755-88e0-c840feda3891,gaussian_blur,s3,3,0.737239,0.830791,0.954869
518c2428-c48c-4bfa-8524-b5a0e5acca4e,shot_noise,s4,5,0.703117,0.805932,0.927455
5195ca41-2ba7-4703-ab29-476ebafd4599,fog,s4,5,0.405529,0.565459,0.603717
5199f3aa-a727-4f02-9b8c-3954786ef3e1,fog,s4,0,0.573192,0.701112,0.820997
51ba4b24-28dd-4d6a-8f0b-36d50b14a1ba,shot_noise,s3,5,0.745436,0.833489,0.978264
51d635c6-6c1f-4886-a669-31c802bf4d2c,clean,s5,1,0.488401,0.652154,0.668127
51e83282-15f8-479a-8d77-018c0285eca8,fog,s4,4,0.525226,0.637852,0.829177
51fbb7bd-f5b0-4ce6-9d83-a7b331f38b41,clean,s4,0,0.698147,0.818171,0.844652
51fe0a03-f9ed-4279-bdd8-3574d19d90f3,shot_noise,s5,3,0.588816,0.736719,0.758225
520ed8dc-0a27-4dff-bbae-c5d33ef4d3d3,shot_noise,s5,5,0.767606,0.867761,0.874309
521104fa-f8d0-4a3c-8688-53fda057efd5,clean,s5,2,0.480474,0.643808,0.663887
5217dad1-86d3-4d08-b7f8-def8d7362890,clean,s4,4,0.603143,0.743115,0.788795
521efa76-f8d2-44fa-a98d-66cc7178d9b6,gaussian_blur,s4,3,0.470325,0.593638,0.753248
521fa716-b4fb-43a3-8fc3-07e301eb68e0,clean,s4,1,0.468897,0.557686,0.820992
52204a86-29f2-4d01-9c7c-b380a6cb17f5,fog,s2,5,0.523172,0.583141,0.935979
5223dd5f-4d3c-4145-a8bf-9b1eeb341890,shot_noise,s4,1,0.704086,0.810790,0.908589
5227a948-778b-4c54-a84c-89fde0274436,clean,s4,2,0.639392,0.772394,0.813610
523208cb-ea2c-4313-9015-d0305e929a40,gaussian_blur,s4,1,0.537705,0.675925,0.771675
523a4172-add6-4fef-b12d-51ab35628415,gaussian_blur,s3,2,0.770800,0.859317,0.950533
523d9c05-17f5-4a83-bd9e-830454bd2848,fog,s2,2,0.626739,0.719439,0.952709
52459ae6-6f33-4b7d-a7c0-ea0045c3b0ce,fog,s3,2,0.770800,0.859317,0.950533
5256c8bd-8dab-4d61-b38a-d5e28b55c96b,fog,s5,4,0.493074,0.660243,0.661184
525e539d-083c-4166-a246-aac173f7a2ae,fog,s3,2,0.497947,0.555825,0.910269
5267766e-6805-44b0-89b1-ba26522ad615,fog,s4,2,0.607051,0.731267,0.845600
526952f6-6a1b-43b9-bcba-42a64c7198ca,shot_noise,s4,4,0.451349,0.576612,0.729105
528c2d48-ef05-4ed3-b5ca-914b88b60638,fog,s4,1,0.525820,0.660745,0.773189
5295e33d-8c72-46a8-9041-2c02dee1d1e9,gaussian_blur,s3,3,0.497361,0.555191,0.909647
52a10adb-457a-45e2-9f99-5ce71edd1db3,fog,s4,4,0.639124,0.765527,0.840864
52adb09f-f2fa-4d70-8474-d82426f5f853,clean,s4,5,0.710837,0.824290,0.869067
52afd4b7-1bbb-448e-b010-7f21dfd05964,fog,s5,3,0.498952,0.662627,0.674945
52b0670e-8cc4-4d56-b40e-7b02a4824d18,fog,s4,4,0.431182,0.599191,0.610944
52b30e4e-0d56-4812-b34c-72d634aca60b,fog,s3,1,0.652272,0.766463,0.888384
52c3826b-38a9-4e64-82be-dac1523abf51,shot_noise,s4,3,0.323573,0.443153,0.571163
52c6cbb7-f7cf-4e87-b0a9-6d0482287958,fog,s5,2,0.635770,0.774837,0.788427
52cc9ccf-c87f-4a38-a14c-c7c21f5b0667,shot_noise,s4,2,0.433690,0.538618,0.748871
52cd863a-51aa-4d5b-b616-6c32c6e3dc6d,clean,s5,3,0.400495,0.569372,0.577880
52ceae70-5c97-4551-b4bd-1dd656cd76ca,shot_noise,s5,5,0.653944,0.790372,0.792661
52d9f828-d5d4-423b-b44f-e6f2bfd218d6,shot_noise,s5,1,0.810369,0.894155,0.905625
52da3111-b17b-4e10-a673-cedf2773d281,fog,s5,4,0.403438,0.532066,0.666528
52e5fb6e-79b2-43e6-85a0-1f1f66581ce1,shot_noise,s3,0,0.484811,0.492288,0.969622
52f6949d-59cb-44f7-bba1-238e8686b3dd,fog,s5,5,0.567831,0.718270,0.745941
531434d2-7051-47fe-a87b-78b7411aec23,shot_noise,s4,4,0.606132,0.750339,0.772529
5315a91d-69fd-475a-b7e4-a62c570678da,fog,s4,3,0.429146,0.598534,0.605615
531704f2-598b-4340-a12e-4399f2aac447,fog,s4,3,0.607437,0.743101,0.805152
531c7f67-a5ad-4b87-86c7-b419cd6a23d2,fog,s5,4,0.510891,0.675353,0.679125
53230686-09af-4e6a-8223-225997d739ba,fog,s4,4,0.571203,0.725562,0.732661
532d8bc4-3c59-455d-b990-6d0d7f06636b,gaussian_blur,s5,3,0.671634,0.802492,0.809003
53351f6c-fcc4-4226-8599-a8202b73b4cd,gaussian_blur,s4,0,0.446620,0.581088,0.704309
534ff801-9a88-4698-9cad-08d48f8ab52b,shot_noise,s4,4,0.848363,0.916124,0.939877
535112ab-337e-4e80-a1fc-bbe52cf34b49,fog,s4,2,0.501348,0.629657,0.771029
53518d45-de8f-4316-b6ea-988a2bb29e05,clean,s3,1,0.520037,0.645808,0.792755
53551fae-0cec-4dc9-9e81-56715b024bbc,gaussian_blur,s5,4,0.773959,0.870582,0.888005
535a1579-f51f-4f18-8179-ec37305a78ae,clean,s5,0,0.496625,0.656269,0.685163
53613e21-d5df-4e42-b3e4-7d9e4ae444f0,gaussian_blur,s3,3,0.509770,0.608655,0.845579
53637920-90d9-42da-98dc-fbab811f75e1,gaussian_blur,s4,4,0.767575,0.862547,0.911860
5369492c-4921-4a28-b16f-641e187c9ccd,fog,s3,0,0.822639,0.896533,0.962201
5369ec97-06ac-412e-beb7-30ddea7abc03,fog,s4,5,0.227182,0.366061,0.376860
53715174-acbb-4df8-b297-0e7861c65225,gaussian_blur,s1,5,0.067872,0.121854,0.133110
5373b42a-9431-40f5-b133-025686f9bd98,fog,s4,1,0.465711,0.577992,0.771686
5388af39-c4c4-4485-bbae-e0f5fb491990,shot_noise,s5,2,0.776891,0.872753,0.887682
538a138d-5faa-42ca-9799-821fe29af016,gaussian_blur,s4,5,0.585047,0.716229,0.815659
538c8a54-4966-49df-8537-b9a6f9198a86,shot_noise,s4,1,0.885613,0.938171,0.958203
539283b0-9b27-417c-9114-373f08b33cbe,gaussian_blur,s4,4,0.643478,0.767101,0.851628
539a098d-19d1-42d7-8545-c4ef4cd3e02f,fog,s3,3,0.367585,0.439905,0.711938
539c9fda-f687-4d10-b28e-34a7398744e9,clean,s5,3,0.455649,0.617217,0.649099
53aaa7e2-60bb-45ca-bc04-c1ff6b077592,shot_noise,s2,2,0.671765,0.761633,0.979970
53ab485a-28d4-42ca-b4d7-4434ba11e0b6,gaussian_blur,s4,4,0.629575,0.764716,0.806560
53add4e1-5fe0-4f9a-92b6-cf0dd93f0d93,gaussian_blur,s4,4,0.759872,0.853292,0.933499
53b233ee-8ead-49f2-abb6-25db691a9daf,gaussian_blur,s5,0,0.583059,0.736621,0.736630
53b282cf-86dd-40a7-b035-a77337fb10d6,shot_noise,s4,4,0.540583,0.687066,0.748843
53b3e948-a5ac-4840-8346-df784f0d4a64,gaussian_blur,s5,3,0.465101,0.625190,0.660832
53cb41f7-6e2d-468b-a765-172b01fb6f26,shot_noise,s3,4,0.479442,0.613729,0.737221
53daf89d-1583-4590-81dc-09a0ba2228f9,shot_noise,s5,2,0.487991,0.655764,0.656320
53df4383-510d-462b-86a6-c2504e601f36,gaussian_blur,s5,1,0.497172,0.596024,0.832781
53ffd2bb-7e55-4bc9-bc22-c44e46e416df,shot_noise,s5,4,0.588103,0.740424,0.741451
541b245d-5dbb-4db9-95d0-56e3a5998f63,gaussian_blur,s4,4,0.494676,0.653394,0.686511
542434d3-0a82-48f9-9780-61b37cdd001f,gaussian_blur,s5,5,0.654868,0.789006,0.803005
542960ba-fe21-4495-a8d3-39c32812e297,gaussian_blur,s4,1,0.723040,0.835435,0.862507
54296245-741c-4cbb-8b28-afb493d5d482,fog,s4,0,0.678024,0.804071,0.828795
543aac2d-c82c-4b73-8705-1ee12d31532a,gaussian_blur,s5,1,0.676897,0.807260,0.807634
5446cd7d-bb5d-4ac6-904a-68b5774a6935,fog,s4,2,0.674731,0.802377,0.822992
544bb624-534e-425b-87de-20144c1834d2,gaussian_blur,s5,1,0.595278,0.742157,0.762367
5464d28e-b626-4234-b97f-01c3170cbcb9,fog,s4,1,0.462856,0.605083,0.703024
5466fef5-6ecb-463a-90e5-f902274ae3b6,fog,s5,5,0.623024,0.766054,0.774906
546944f4-dd27-40c1-9a7e-03c6391fc60a,clean,s5,0,0.614755,0.759740,0.768421
546c5d28-d0ea-4fbf-be04-8dfad5d37110,shot_noise,s2,4,0.549357,0.619639,0.944453
546e9da1-e8be-4c20-8add-5330365b8802,gaussian_blur,s5,2,0.346951,0.468678,0.602656
546f7958-d7c1-41fe-9436-e0bda6736341,gaussian_blur,s3,1,0.477200,0.604520,0.751195
5472527e-46c9-4d8f-aebe-741fee351ac0,shot_noise,s2,2,0.491880,0.495907,0.983760
54862eef-e9a3-4a0f-ae81-182e23a5a482,clean,s3,0,0.363238,0.502496,0.594027
549c678b-0846-4314-b75b-3bc2ddec43bf,gaussian_blur,s4,5,0.702007,0.814697,0.880069
54a2baf9-4a0d-43ac-9e2b-8bc1ffb5959b,gaussian_blur,s4,5,0.566453,0.675900,0.869264
54b216cf-bc01-4e53-915f-034eedaa759f,fog,s1,5,0.340684,0.421842,0.657634
54bcdce1-1adf-445e-b2c3-d839cb8e9773,shot_noise,s2,0,0.505718,0.557454,0.929952
54bda2e7-d907-4bc5-9c70-c7218fef2549,gaussian_blur,s4,5,0.700346,0.805191,0.919131
54d16d3b-33f7-4d79-81f1-24ad3bc8c2d5,gaussian_blur,s5,5,0.366293,0.536083,0.536405
54d5b409-14dc-4671-9eab-60ec12634c86,fog,s5,2,0.454677,0.619071,0.641014
54d75fde-6ca8-49bd-b30e-bec018fb2176,shot_noise,s3,3,0.512210,0.622968,0.821888
54d76474-7410-41de-8696-9b3d6e6a6fcf,shot_noise,s5,4,0.599874,0.733701,0.810735
54de2715-4b8a-461f-a167-624765738fc9,gaussian_blur,s3,5,0.562814,0.683187,0.837267
54e3bd6b-8e96-4d03-8ec5-c7207c3500b2,clean,s3,5,0.598737,0.685972,0.949760
54e5c320-819e-48f4-91aa-de9997676d7f,shot_noise,s4,2,0.750763,0.848250,0.919520
54ef0a66-2857-453e-bc6b-cc4f879b5a24,clean,s5,2,0.418654,0.590209,0.590224
54f4df1f-d847-4f3f-8bee-958ec5cc4365,shot_noise,s3,0,0.773870,0.860091,0.961371
54f7cb9c-8017-4d8b-bd24-e4e738e2e56e,shot_noise,s5,4,0.649836,0.787458,0.789171
54f852f8-6316-465d-bbfb-563fcda285d6,shot_noise,s5,0,0.438094,0.578240,0.682843
54fba5cd-90e4-4ddd-ac46-06ac47a0a9fa,gaussian_blur,s5,5,0.599006,0.744759,0.766709
55004e5b-2ee3-44f3-a5a7-0c98d87c7068,shot_noise,s3,1,0.535966,0.661445,0.805531
5518a5b3-8bbc-4a43-8c23-a76b135dd12b,gaussian_blur,s4,2,0.273235,0.429148,0.429285
5529dc05-53c4-4a9e-ad08-ce3a622f0ce3,shot_noise,s4,2,0.723115,0.836934,0.853887
553379de-86dd-4920-acda-076923b9ac34,shot_noise,s5,3,0.516735,0.678169,0.691349
553d9b97-8e2b-442f-991a-20e97db7f7ce,fog,s4,0,0.406055,0.577562,0.577624
5546a3fb-1063-45ea-ad54-a9e291dde0b0,gaussian_blur,s4,4,0.439001,0.467625,0.877856
55482d6b-2f55-4708-9eb6-12c6938851c2,gaussian_blur,s5,5,0.662828,0.794511,0.810462
55500e8c-d7f2-4281-b826-a26a243ffa9f,gaussian_blur,s5,4,0.378659,0.546944,0.554547
5550c260-4852-410f-9a54-80a022ba5ed3,clean,s3,0,0.559264,0.651514,0.906246
555ad0eb-b035-4506-9ca0-c77a14c63398,shot_noise,s5,3,0.508939,0.673559,0.677648
5560a2d9-3dd6-434e-8006-7cb4818c47a5,fog,s5,5,0.580106,0.731711,0.743770
55646d19-05ea-4ce8-8fd1-5353a45de2e7,gaussian_blur,s5,4,0.292181,0.368831,0.584363
55751189-4606-4109-ad43-ec08f9d20edc,clean,s3,1,0.562650,0.687848,0.823520
55794e55-d7e2-496c-8bc7-2d056a2f6b45,clean,s5,3,0.391384,0.549331,0.591985
55832ec7-6565-4a42-899f-decd7b91700e,clean,s2,0,0.505718,0.557454,0.929952
558a4b2f-60d2-4c1c-9ebf-c3a94e8db8ce,gaussian_blur,s2,0,0.441443,0.468900,0.882885
558f7ebe-4211-4bde-9820-7a4022ce87dd,shot_noise,s4,0,0.468140,0.632560,0.651808
5593fdee-dfe6-4ec0-83e5-106c735b30bd,clean,s5,2,0.815860,0.898522,0.899298
55964f64-bc14-472c-8c1f-a4849ba1ab3c,gaussian_blur,s5,2,0.747632,0.854809,0.861003
55987fa9-b471-4b61-858b-6c70d202a635,shot_noise,s5,2,0.716100,0.834315,0.836084
559e107c-b531-4cb4-ad6e-082e83f88db1,clean,s4,1,0.464388,0.631504,0.641671
55a01da2-a3c7-45a1-a504-56a36fc3ab7b,clean,s3,2,0.562270,0.683123,0.835595
55a726be-e1f7-4201-88e0-ef01277e9b69,clean,s3,4,0.656987,0.764957,0.912256
55d54de5-8f67-4a8f-9dd2-a5dbc6c7eaf9,gaussian_blur,s5,3,0.642983,0.782701,0.782709
55d5723c-79a3-46d6-89b2-8406863a12f8,shot_noise,s4,4,0.656337,0.780493,0.847291
55d7a38a-9b83-4e8f-b425-a2276cc3e5af,gaussian_blur,s4,1,0.770755,0.864190,0.917285
55ddff5b-79f9-41ef-ae95-49ed61f7e211,fog,s4,5,0.337391,0.482510,0.547144
55e6cca5-5ef2-4561-86aa-511ebaf4ac96,gaussian_blur,s2,0,0.322869,0.427411,0.594187
55ea3015-ecd7-4e6c-8181-05db73c1cc16,fog,s5,0,0.725974,0.840644,0.844934
560223aa-634f-45fc-9b91-98e8ce0397db,clean,s4,0,0.728202,0.839515,0.862744
560e11bc-3742-425e-ad66-fffd8f363242,shot_noise,s5,4,0.620113,0.756035,0.804389
560f2e8d-4295-4b99-a5a2-fd51929a5b3e,fog,s3,1,0.528683,0.600478,0.919973
561ea880-52b0-4e1f-86a3-6f154ede898a,fog,s4,5,0.385480,0.448331,0.752453
561ff8d8-ae1a-4f30-8405-9c0b4d44241e,fog,s4,2,0.394136,0.466590,0.750699
5652ff6a-7f50-42e8-a904-a616e4452f49,gaussian_blur,s4,5,0.336281,0.496626,0.516585
565763eb-0735-4bfc-ab7c-a1ef943e381f,fog,s5,0,0.821602,0.901572,0.907077
5668597a-f344-46b1-8955-f247d0ae4d6d,clean,s5,5,0.693602,0.815541,0.838299
5670c7ee-7286-4d60-a0fe-c63e29ddad1a,fog,s5,0,0.553427,0.669799,0.841916
567d4482-6f7f-4d92-aeb3-49ac15c8097f,gaussian_blur,s2,4,0.484796,0.521996,0.927108
568a643e-df44-410d-ac2a-3683023fde50,clean,s5,0,0.693428,0.818542,0.821287
569b8493-e046-41cd-9d08-da801763e6e6,fog,s5,1,0.340416,0.405057,0.680832
569ba483-5125-485a-929e-bd7f5be8afdb,shot_noise,s4,1,0.745254,0.850548,0.877363
56a2b0cf-3b76-4001-878e-528f2ec9046e,fog,s4,5,0.350073,0.518596,0.518603
56a35a5b-9444-4371-a0ff-bfa6dc68ed6f,clean,s5,5,0.417208,0.454867,0.834416
56aebab7-af90-40a5-ad7d-ef559a97f5d5,gaussian_blur,s5,0,0.503864,0.656699,0.709104
56ba48c1-7add-40d4-9cb2-1d95764728a5,clean,s5,5,0.518546,0.678807,0.695851
56c1f739-a4f4-4210-bf34-02e8d4e4f6aa,gaussian_blur,s4,4,0.606793,0.741589,0.808283
56dd1d30-5f69-40ed-81a8-2a3b31b163e4,shot_noise,s5,1,0.759033,0.861457,0.874229
56e4bd7d-4308-410b-ac9c-e2f2d9dee770,fog,s5,4,0.562315,0.719027,0.722773
56e6dcb5-a5d0-4058-bf67-65fa41e26ede,clean,s5,3,0.699332,0.820462,0.837574
56e8293d-9264-4ea0-baef-b298ae6d1c9f,clean,s4,4,0.709166,0.813819,0.915883
56ef6154-4795-4ab6-850d-029e375fe029,gaussian_blur,s5,3,0.315924,0.447973,0.538453
56f3277a-a5f6-433e-b101-3e8a02065ec8,fog,s4,3,0.461678,0.613936,0.677747
56f562e8-bfac-48be-bd0d-6f02c00db30e,shot_noise,s4,1,0.491627,0.648732,0.688931
5707b4f0-36e6-41ab-a570-8150757d1fe0,gaussian_blur,s5,1,0.641476,0.781405,0.782405
57169d45-96b0-4925-90bd-b1935a9f0de2,shot_noise,s5,4,0.653531,0.789096,0.796967
571ade00-ef91-458a-b06c-73a2889ed809,fog,s4,1,0.779807,0.872090,0.909061
571f366f-f6cc-4cf9-80f2-511e315acca5,fog,s3,5,0.122691,0.204342,0.236443
5721e445-3e90-4fb6-bc61-d4a1859e0233,gaussian_blur,s5,0,0.662240,0.791841,0.820649
57268594-b04f-40ee-9bea-c6a77c0ec5bc,clean,s4,0,0.774193,0.867907,0.909216
572fbfc4-b39e-4c2c-b719-7e1a701800e2,clean,s4,1,0.426941,0.546015,0.713793
573523c5-f474-4bd4-984d-3297402592a4,clean,s5,3,0.408019,0.550425,0.644379
57370caa-1b2e-46e3-a1f5-298df4cb5546,gaussian_blur,s5,0,0.561005,0.717020,0.724975
574283c7-5849-4492-8b0b-5b608893ab1c,shot_noise,s5,5,0.320521,0.479526,0.496823
57497d59-99a9-4fd4-8c50-f3831c5f4d32,clean,s2,2,0.601747,0.694295,0.938043
574c12d5-bb90-48e8-bc49-e14dbf2c7fb5,clean,s3,3,0.454189,0.497156,0.878235
574cbfff-0db7-4272-b19f-f83ce352bc20,clean,s4,1,0.586180,0.731571,0.767192
574f8860-a648-46c1-8b76-fc7329dd0dfd,fog,s5,1,0.725006,0.838472,0.853655
57577395-084e-4774-9e80-7fc7bd1ecbd0,gaussian_blur,s5,0,0.562938,0.719891,0.722027
57591f25-7375-42a0-9138-cf95a71c4f40,shot_noise,s5,1,0.743175,0.852487,0.853899
575b4ba2-6c99-4cbd-adbe-e205e9f51262,fog,s5,4,0.260825,0.413386,0.414334
575eb5a8-3e8a-4cda-b031-16470ea3de77,gaussian_blur,s4,3,0.314541,0.477243,0.481069
5778b0a2-824b-4eec-b2ac-75cf24255b66,fog,s5,5,0.438937,0.582021,0.677227
5779534c-7466-4bdc-81da-5aac9825f294,fog,s4,1,0.421312,0.457296,0.842624
577ac250-8b7e-4d69-8985-e874af21cc71,gaussian_blur,s4,5,0.571726,0.717937,0.761465
577de310-6e7b-40ec-8f93-af136b34eac3,gaussian_blur,s5,4,0.499419,0.659366,0.686065
577e76be-4507-4997-86e3-f88aa16f1744,fog,s5,4,0.559141,0.717177,0.717471
57880c49-c240-4600-8f48-beb95291031e,fog,s5,3,0.527797,0.690894,0.691029
57a1033e-f026-41ea-a0ae-2fbc8fe86bf9,fog,s3,1,0.464695,0.481701,0.929389
57a419f9-264c-432f-91e5-94978106f6c3,gaussian_blur,s5,3,0.382391,0.539296,0.583477
57a8557c-9d1e-45e4-87a2-94dfba07899f,fog,s4,5,0.675968,0.797933,0.849850
57aa1170-30ae-4305-ae72-033e3b9397e9,shot_noise,s5,4,0.800830,0.888281,0.899427
57aa64bf-aa88-4bfa-90d9-1923c550eb3a,gaussian_blur,s5,3,0.526124,0.682053,0.712885
57ab79f9-0eae-4a3b-8f25-7603cf2efe51,fog,s4,4,0.360285,0.529013,0.531222
57bbb3a3-0011-479e-bc78-d0098e08648b,gaussian_blur,s4,4,0.349575,0.517947,0.518270
57bcae16-17a3-41f8-8d02-303e8006d45d,fog,s5,4,0.407624,0.579062,0.579413
57cfcb7a-57c6-41a3-9265-c7425ab915dc,clean,s5,4,0.398974,0.566498,0.579339
57d1c5bb-b6ec-464d-a3fe-18d32e7d8797,fog,s5,5,0.415838,0.586019,0.590769
57d708af-b03c-4fd3-8d9b-e9066b8d7dd1,fog,s4,2,0.236544,0.344920,0.440091
57e738a0-f358-4c2d-9d6d-b90f4033d0d4,gaussian_blur,s4,0,0.616365,0.752362,0.804224
581364a4-3811-4bc1-8cfc-38cde46e90a5,fog,s5,2,0.408548,0.501071,0.738493
582f14d1-610e-4075-b5ae-de90a67e40c8,clean,s5,2,0.810463,0.894960,0.898646
5835a3e1-4f33-47a4-8d4d-789b36546b6d,fog,s3,4,0.622728,0.725119,0.921712
583647c2-ffc5-48b2-97b9-98352d4adcef,shot_noise,s5,5,0.798853,0.887769,0.891842
58433e44-c087-441a-a118-11c2ff0660ad,fog,s3,1,0.792160,0.874853,0.957344
586abb10-869c-474f-baf0-a4f34ebb671a,fog,s4,5,0.488401,0.633067,0.719526
586b9775-556d-4524-9906-6679d5c9f57e,gaussian_blur,s5,3,0.645681,0.779360,0.808889
5880ad70-31d3-45e8-b744-b188bdeddb08,shot_noise,s4,4,0.476919,0.626028,0.698779
5888cb50-41cd-4a5f-acb7-481d1cee02b3,gaussian_blur,s3,3,0.659373,0.773952,0.886624
58966a45-c75a-4e3c-a31d-985b57130b6e,shot_noise,s5,3,0.847381,0.916985,0.922221
58a043ad-99a2-4a0c-b216-24ceba2430b4,shot_noise,s5,4,0.573909,0.726250,0.740341
58a4bbc3-06e2-48c8-9175-104e34bdb9ed,gaussian_blur,s4,3,0.311521,0.474428,0.476243
58a51727-14c4-478c-b532-fd0b82c579ee,shot_noise,s4,5,0.737042,0.844420,0.875598
58a74e6e-eed4-40da-86c9-69e2dc1b0c38,clean,s5,1,0.539120,0.695350,0.717643
58c4c08c-7d27-41e0-af3b-a68999c8a337,shot_noise,s4,1,0.826688,0.901452,0.942368
58ceac9a-4978-450b-9289-25ad13bc360b,gaussian_blur,s5,4,0.489684,0.630962,0.729167
58dfea5b-e013-46c1-9b81-87e5d36ada9d,shot_noise,s5,0,0.640260,0.780018,0.783698
58e4bb2a-02ff-4ba5-af73-45a0a5adb44a,fog,s5,1,0.592780,0.709146,0.865317
58edad5b-5ce9-4dc3-acd6-76e31b35d379,fog,s5,0,0.717520,0.835073,0.838306
58f32876-9ba0-4cb7-b0a3-5b804fcf232e,gaussian_blur,s4,1,0.661799,0.786808,0.841876
58f771c5-2474-427f-a1cb-fbd9c656d440,gaussian_blur,s5,1,0.790945,0.882941,0.886092
58f787fe-e8e8-4c71-8dc0-75402144478a,fog,s2,1,0.458090,0.478128,0.916179
5905f3c9-c19f-4b27-ae2f-1f6f9cd65ce7,shot_noise,s4,3,0.526201,0.658762,0.779802
590d0575-3301-4ed5-8147-f34fff221fc3,clean,s4,0,0.449927,0.585479,0.705395
59158eff-21f6-4cc2-b0ee-d63f45bd992c,shot_noise,s5,0,0.840608,0.912603,0.922547
592593f7-0620-41d2-bf9e-5ead72869f90,clean,s5,0,0.851580,0.919182,0.928000
59343fae-b2bb-40a2-a498-10c083ea86c0,fog,s5,0,0.822003,0.902236,0.903033
594ce8ad-b394-45e6-b27d-1eaebfa0563a,gaussian_blur,s4,5,0.636424,0.757084,0.863197
596200d6-9c5f-46cf-bcb8-c41519dbffb0,clean,s5,3,0.650005,0.785018,0.801205
598233a7-02ab-41e7-9941-9c89bbec3cee,fog,s3,4,0.642495,0.730792,0.973820
5998ac84-29b7-4a07-962f-f90cfd6eec30,fog,s5,0,0.663305,0.796468,0.803008
599ff5df-9ace-4692-a415-0ed967661d26,gaussian_blur,s5,1,0.764551,0.865097,0.877465
59a7a0fd-53b7-452b-bc50-6a9b8163445c,clean,s5,3,0.781217,0.875672,0.889235
59a8937d-96b3-4c64-8623-e7a630521126,shot_noise,s5,4,0.587087,0.733640,0.763067
59ab1162-6880-4997-a36f-12b21e81b4af,fog,s5,5,0.453899,0.624222,0.624832
59b0f16d-dfe4-4283-a33d-3637f6764a89,clean,s5,3,0.700668,0.821936,0.835536
59bf86db-c57c-46f6-a724-e1dfce7218de,shot_noise,s5,3,0.604823,0.733908,0.828348
59c11d03-0f3b-4eeb-9be3-e574c1df4f27,fog,s5,0,0.588283,0.736939,0.755376
59c74119-a40b-4c1d-b9b9-68d563ec1a34,fog,s5,4,0.521999,0.685938,0.685940
59c8d624-213e-4c0e-ba33-c1d5fcfb9a0f,shot_noise,s4,3,0.474651,0.640059,0.653994
59cc25de-26e0-48b7-9b99-3a60e88cbac9,shot_noise,s1,1,0.482109,0.490892,0.964219
59cd8990-0a83-425d-983a-57ca20188414,clean,s5,0,0.711977,0.826003,0.864848
59ce7da4-f683-4edf-9734-e3858816f485,clean,s4,5,0.475868,0.573894,0.811423
59d05ee1-45ef-4b6d-a256-86c7bcec5ed0,shot_noise,s5,1,0.611171,0.757803,0.762234
59d97601-8ddc-4262-a161-1dd90e76ff44,gaussian_blur,s5,2,0.585400,0.738469,0.738565
59dfac45-bc08-472b-a5a8-ea80ec0908bf,clean,s4,2,0.759126,0.858220,0.897296
59e3a915-1a26-4865-af5a-36b79ffb8fc0,shot_noise,s4,3,0.281289,0.435908,0.444682
59f4b08d-7133-422d-8e64-2cd59308d2ae,clean,s4,1,0.752731,0.853061,0.898821
59ffa3e4-f428-4b88-8fa2-c25ac5ead68f,gaussian_blur,s4,1,0.607393,0.717550,0.890992
5a04e0f4-c833-46e7-85d6-52468f330ef9,fog,s4,3,0.533780,0.650999,0.825067
5a05b5fb-ac72-4651-9712-ec6ac2b8465d,fog,s5,4,0.574556,0.710174,0.797520
5a0985df-c028-4969-9c01-409a326743de,shot_noise,s4,1,0.710687,0.824110,0.869365
5a14f61e-1953-4283-a642-7a9b8b118ee8,gaussian_blur,s5,1,0.629622,0.769635,0.786117
5a241be3-2a61-4837-9b11-355226bfc1f4,shot_noise,s4,0,0.598200,0.733293,0.805958
5a2d9d96-79a4-4195-8166-a03c62234ac1,gaussian_blur,s4,1,0.443788,0.612889,0.619573
5a456884-fbbb-49e6-914a-a09723974ab6,gaussian_blur,s5,5,0.609959,0.757729,0.757746
5a7eaf4e-acd9-48ab-b33e-c17e03d821d4,clean,s4,4,0.704086,0.810790,0.908589
5a94c938-4f33-47a8-b293-55ee4cd5ffb4,fog,s3,1,0.312517,0.447138,0.528795
5aa8372e-a7ab-414e-9b36-bd9eccb45d81,clean,s4,5,0.643758,0.779235,0.801579
5aa9ad8d-14fd-4086-97e6-d84fc3600b78,shot_noise,s4,5,0.622420,0.760111,0.797131
5ab4f772-5b2e-45f7-9545-6aaa089b485c,fog,s4,2,0.615475,0.746079,0.824571
5aba7ce4-0af0-4dd6-95fa-dfbe473be862,shot_noise,s5,4,0.527820,0.670277,0.753627
5ac111c8-ad1d-4d1d-82e0-a54d8949bd9d,gaussian_blur,s4,4,0.296291,0.446018,0.477208
5ad5f1d6-6ccc-472c-b50d-165b3792b08a,fog,s5,5,0.318879,0.481139,0.488229
5ada77a0-4b41-4534-9fb9-87da8f9f9960,fog,s5,4,0.670083,0.802405,0.802707
5ae4b998-6c2b-499c-8cc1-e81c2a1fd79d,clean,s5,0,0.627416,0.768598,0.781685
5aeccd64-be80-4637-bc49-de20a043adec,fog,s1,4,0.321078,0.405624,0.621455
5b0acc2c-f7fe-490f-9e52-4c48c4c98a03,gaussian_blur,s4,5,0.473795,0.582826,0.787104
5b0aff06-971c-460c-8d9d-599a1af90637,fog,s5,1,0.637116,0.773170,0.801131
5b1eb9ba-f718-4beb-9c0b-e2c05cb06e33,clean,s4,1,0.465120,0.608046,0.703500
5b286645-9f1a-4091-8074-1735919646b0,gaussian_blur,s4,2,0.527306,0.618236,0.879808
5b2acfa7-5a6a-416d-bd93-c63fb268df36,gaussian_blur,s3,4,0.615069,0.707494,0.946853
5b410539-c78c-4d9e-8650-fea5d29cbc73,fog,s4,2,0.470501,0.619517,0.693541
5b49e97b-b614-45ec-99b1-922ef3284595,gaussian_blur,s3,3,0.487331,0.577219,0.840016
5b4a84d0-adb8-47e0-94b5-9847ded159bb,shot_noise,s5,3,0.832062,0.907796,0.914165
5b4ea37d-3b3e-4a39-be1c-31ccb3e6de99,clean,s2,3,0.417503,0.468275,0.816240
5b54c419-8010-48fa-990c-278e5f783916,fog,s5,2,0.575851,0.721415,0.764691
5b7981dc-bd22-4cb1-9296-05a216bf52f7,clean,s4,5,0.596777,0.742249,0.767757
5b8742ae-4789-4733-920f-b69b39327ff0,shot_noise,s4,2,0.758303,0.854921,0.915051
5b9c4f77-f1cd-42a0-aadd-5e8f49ad541b,clean,s4,3,0.751286,0.854478,0.882060
5bba5f88-0ac0-4235-9820-5f3b5f12f4bb,clean,s5,1,0.669515,0.800095,0.811813
5bc6f13d-2f0b-4ff7-bca7-2624a32c72d4,shot_noise,s5,0,0.668618,0.799745,0.809685
5bd186f8-039e-4685-9400-3505d56ce572,clean,s5,1,0.851580,0.919182,0.928000
5bd2e772-18c8-4d08-809e-224d69ba0c73,shot_noise,s2,4,0.579250,0.667989,0.931120
5bd7863f-2c77-4a15-a907-d7937ef9ddce,shot_noise,s4,4,0.706440,0.812697,0.909510
5bdb17e7-db1c-420e-b72b-a80119824997,clean,s5,0,0.719115,0.833215,0.856969
5be309bf-b74f-42b4-baf5-195c4bceea7a,shot_noise,s4,0,0.533280,0.636803,0.857514
5bfac507-5c13-4b82-9c28-1678b4bd9a4e,fog,s5,4,0.549106,0.698219,0.744432
5c014e26-44ee-4e80-821d-0ddccaf329e9,gaussian_blur,s5,2,0.555290,0.713676,0.715429
5c09ebd4-aa5b-46d7-8488-805aae44baaa,fog,s5,1,0.387361,0.558249,0.558789
5c0b1407-0873-43cd-a21a-021cb02622ec,shot_noise,s4,1,0.849566,0.916575,0.943717
5c11ecae-553b-4cb0-995d-3a58031e1234,fog,s4,4,0.647540,0.755381,0.911520
5c235d35-7c6d-4213-972a-d8661c0cde77,shot_noise,s5,0,0.551226,0.706561,0.724795
5c390cd5-adaa-4d42-bd99-de57431295c6,fog,s5,5,0.421471,0.560661,0.666629
5c44e3a1-73d1-47c0-8ec0-774e44e2369d,gaussian_blur,s3,1,0.140253,0.234285,0.261309
5c550c97-5082-416e-852f-898a7358537a,gaussian_blur,s5,3,0.422613,0.594110,0.594203
5c5ed521-2cee-4a9b-b566-0b11a55b484c,shot_noise,s4,1,0.635870,0.763975,0.834325
5c64b199-47f3-4319-9261-cef19000aad8,clean,s4,1,0.792021,0.879772,0.918629
5c6ffd32-b94d-47d4-a497-244e9c41cbec,shot_noise,s5,0,0.700118,0.822555,0.829565
5c7a0373-39e2-4b5e-960e-1aa91226f398,gaussian_blur,s4,2,0.709909,0.822305,0.875605
5c7abb86-4860-4cdb-8935-c5d29bd26a10,gaussian_blur,s4,5,0.527724,0.666339,0.764363
5c97f2b2-8ab5-4594-b8d4-c91307ac8ced,shot_noise,s4,3,0.799338,0.885802,0.911928
5c9adce8-3a39-4a33-a607-4618e8c139d7,gaussian_blur,s5,3,0.273475,0.410525,0.461675
5ca4d541-27d9-48ba-b60d-775e7a5e24af,shot_noise,s3,0,0.454189,0.497156,0.878235
5ca82419-0161-495f-8c45-5b3cd33d38a5,clean,s3,1,0.516012,0.576745,0.926475
5cbad15c-0975-4863-982f-f7ce096b2a98,shot_noise,s5,5,0.466836,0.636169,0.637491
5cc52589-91cd-4728-b0e2-b7b9b1b423e7,gaussian_blur,s5,0,0.790996,0.882062,0.893828
5cc67155-7fab-42fa-8054-7d489e8019a9,fog,s5,3,0.397733,0.538812,0.634811
5cdacf1c-4265-4459-bb9a-6fa1fb788346,shot_noise,s4,1,0.620155,0.761652,0.781904
5cef8f02-b836-4819-8b57-1f62825ebe75,shot_noise,s5,0,0.510998,0.666030,0.707339
5cface21-603e-45ad-900c-d3884cfc8146,fog,s4,2,0.663073,0.775306,0.895771
5d2b9c6a-cd5f-4b32-afbd-ffe0e6d12052,clean,s4,3,0.585905,0.721335,0.801892
5d306555-672c-4dba-bfbe-5ea0031c9629,fog,s4,2,0.365160,0.534760,0.535424
5d30e4e1-26d8-4554-abab-163b5d390c10,fog,s4,1,0.752278,0.850628,0.912194
5d38fb14-f40b-438d-9c2f-9c5d562d0c59,shot_noise,s4,2,0.537014,0.667386,0.793147
5d392872-c318-4e23-b3d2-ae14164962d2,gaussian_blur,s4,1,0.558630,0.708346,0.745882
5d3d4d85-6268-43b4-a8b9-17347ae609c8,clean,s4,2,0.400127,0.570310,0.574463
5d4734c0-d413-4a18-93d2-609324a6f853,clean,s3,3,0.355662,0.491560,0.589899
5d4d6f08-c199-4bb1-a55d-8c0999421cc2,fog,s4,1,0.342252,0.508590,0.512769
5d4d97b6-3596-494e-8c70-8eb9c952d3bc,clean,s3,1,0.507254,0.627096,0.796407
5d5b2adf-5c26-4484-a77a-2103a8c9d666,fog,s5,0,0.408019,0.550425,0.644379
5d63a131-50f7-4c2a-89d8-9720b9b8ddbd,fog,s4,0,0.446702,0.577650,0.712005
5d6d1660-1c57-4a7a-a17f-41220864bc41,clean,s5,5,0.577065,0.727118,0.749057
5d776502-2152-492e-a674-cb6cf19e4f68,clean,s4,0,0.563432,0.708828,0.761754
5d7fb959-6142-4a64-953a-9ceccc202a6d,clean,s4,1,0.533239,0.669029,0.775772
5d8c32c9-fec0-4b89-9587-90663d997dfe,gaussian_blur,s5,5,0.604869,0.728722,0.846208
5d8fe56d-73c3-46d5-bbf2-e93b7686f828,clean,s4,3,0.698001,0.806514,0.902928
5d98eaba-6584-4055-914d-fd43ab23ab80,fog,s5,1,0.514361,0.679176,0.679733
5d99f24e-ae7e-4d46-842e-fdca8020d3e7,clean,s3,2,0.573389,0.694429,0.841531
5d9edd96-2a62-498b-bc39-4df20b3a545c,shot_noise,s4,4,0.816392,0.896142,0.925622
5d9ef2e4-2fee-4ad2-8974-9164a659b368,shot_noise,s5,0,0.679916,0.809251,0.810583
5da5b7b8-c833-46c6-92e9-e61ff884a1f5,shot_noise,s5,4,0.370748,0.509039,0.605925
5da6ec87-27da-4ef4-bb33-ed552c8b8dfa,fog,s5,5,0.751263,0.857242,0.863046
5dad694c-8104-426d-9f53-13ce3c81e65e,clean,s5,0,0.630030,0.769479,0.788427
5dbce592-8ca4-48f8-9d81-4a003ab70d5b,gaussian_blur,s4,2,0.708334,0.825132,0.852925
5dc80328-72bb-4ab9-bcd1-ecf9adca00e6,fog,s3,2,0.732362,0.832141,0.925131
5dcbc544-836e-42d8-aca0-cf95524bb92c,gaussian_blur,s4,3,0.435056,0.546907,0.737467
5dcc169e-69b0-4f1e-b170-c3359f4e1882,fog,s5,4,0.331537,0.489628,0.514336
5dd4a347-9894-4cb4-9a46-368b8cc21c2a,gaussian_blur,s5,1,0.656378,0.792525,0.792651
5dd7d90d-e1b4-4b72-a36f-4a7c1761e750,clean,s4,1,0.826761,0.902397,0.933531
5de08d15-b400-46d3-a085-5470360abc06,shot_noise,s4,1,0.693447,0.800845,0.910021
5de1b9a1-18d2-4603-8b3f-574ac48ddfe2,clean,s5,3,0.704483,0.826506,0.827301
5de4fabd-f353-4f96-899c-a7e48b70d7d8,clean,s5,2,0.814839,0.897295,0.904586
5defc1be-62fc-442b-82af-403e7851811d,gaussian_blur,s4,4,0.788912,0.878924,0.907423
5df84507-b590-4386-84d6-8d1fc389dc7b,gaussian_blur,s4,0,0.694502,0.797502,0.929396
5dfd529d-3334-48f2-9f6c-9ec1a3b74a8f,shot_noise,s2,3,0.491153,0.495537,0.982307
5e0726b0-a40c-477f-8e82-25411ba05bd7,fog,s2,0,0.460392,0.511975,0.873382
5e0cb3a6-ebe4-4889-a0aa-66c2825d13b2,clean,s4,5,0.583870,0.710458,0.829872
5e0dac67-84ba-4f8f-b558-906046f50146,clean,s4,3,0.679261,0.807025,0.819232
5e158db6-d8e1-4e7c-8712-7a62b335850f,clean,s5,0,0.568459,0.712002,0.769520
5e17e299-01ce-497b-b241-e2a17bb20fc5,shot_noise,s5,1,0.718940,0.836095,0.838916
5e23b50f-0081-466e-a70e-ef96668ac3c9,gaussian_blur,s3,3,0.368295,0.490772,0.631712
5e2466f9-b5db-4c33-93f3-14f4e6df4643,clean,s4,4,0.758899,0.858099,0.896932
5e2bda0f-b9df-4631-98bb-92419cba3990,gaussian_blur,s4,5,0.568877,0.712341,0.769915
5e3b7ad8-16d5-42e1-a2fa-b50a278efc06,shot_noise,s5,5,0.546987,0.702545,0.722693
5e429580-2d6b-4d33-996a-3c11a7d73d6d,gaussian_blur,s4,4,0.593744,0.743463,0.751447
5e451f4b-0d95-4d46-a2ca-a1851362d00f,gaussian_blur,s4,1,0.639058,0.754398,0.883160
5e4d1353-f162-427f-a7a5-6e947ee316e4,clean,s1,3,0.473608,0.486446,0.947216
5e6034eb-60c5-4b32-9183-a6fc69f079b6,gaussian_blur,s5,2,0.672052,0.785324,0.890235
5e6ab836-3a54-419e-bd4f-5eb497e63c30,gaussian_blur,s5,2,0.517384,0.672881,0.709643
5e711884-049f-4746-969f-e6970185d2f6,gaussian_blur,s5,4,0.545750,0.700555,0.724747
5e746b40-51cf-42cd-86ba-1e7943bfada8,clean,s4,5,0.725241,0.832608,0.889329
5e85a60f-7687-484c-bb3c-c9a51ca2fa57,shot_noise,s4,1,0.438832,0.529635,0.780805
5e8871c6-cd12-4fb1-98a4-b89233c79c1a,gaussian_blur,s3,1,0.792160,0.874853,0.957344
5e91204a-319a-4dd9-a1e9-1ae48d259280,gaussian_blur,s5,0,0.648859,0.784258,0.799934
5ea0d81e-aa3f-425a-b607-ce5c00f40475,shot_noise,s3,5,0.606605,0.705500,0.923691
5ea195a1-f670-4d36-a16a-fa70b726ba33,shot_noise,s2,1,0.576056,0.644322,0.974733
5eb168b2-91a1-4da3-8ffe-b199a73ad447,shot_noise,s5,3,0.566524,0.718613,0.739902
5eb2ec86-fe19-4434-b9f0-e64a47784142,fog,s5,3,0.626057,0.769908,0.770565
5eba5685-4ae2-4c34-96bc-0b4f6c6719b0,shot_noise,s4,1,0.265868,0.414354,0.429792
5ebb839b-0f9b-4752-a0a5-28f7b6dbbb22,fog,s5,2,0.540014,0.700140,0.705216
5ec664d1-36ff-412d-b72c-b199d9e9f7d2,shot_noise,s5,3,0.500138,0.658070,0.692288
5eceff2e-5da9-4fef-8e50-26fec293458e,shot_noise,s3,1,0.473663,0.486475,0.947326
5ed1a98c-bf3a-49d8-870d-054dfffb3bba,gaussian_blur,s5,4,0.612667,0.756110,0.775021
5ed5c53a-44c5-4011-b689-4c8736e82954,shot_noise,s5,3,0.788097,0.881070,0.885046
5ed85c7c-a4ef-4575-927a-d4fb134f0bb2,gaussian_blur,s4,4,0.453588,0.599288,0.686000
5ef1922b-184f-4b78-a767-8409352d031f,clean,s2,2,0.480536,0.490075,0.961072
5ef60811-2429-4a52-b034-fe10ca237aa0,fog,s3,0,0.635748,0.735582,0.935156
5ef7597d-942a-4166-8d72-9aeb4490a5d0,gaussian_blur,s4,5,0.455890,0.605168,0.679717
5f097522-610a-4745-814a-46bc0e9f32f7,shot_noise,s5,3,0.348422,0.511397,0.527813
5f204446-eef1-4c25-a317-d556fbb82a68,fog,s5,1,0.651693,0.788252,0.793222
5f20ef4d-3e04-4296-ad38-c613e5846edb,shot_noise,s4,4,0.695038,0.814574,0.849808
5f2aef12-2fb0-4e17-bc6f-35d943fccd76,clean,s4,2,0.705726,0.824150,0.846405
5f359cf1-db23-49fb-baa3-454b0dd57d82,gaussian_blur,s4,5,0.270868,0.426268,0.426281
5f439a15-f597-49af-a636-c376bfc3e2ba,clean,s5,3,0.616297,0.760253,0.772408
5f4c1882-ed89-4093-8b07-25028ee36c51,fog,s4,0,0.494292,0.582747,0.850491
5f4f8f25-65fd-42ac-b959-7f34b57ed620,shot_noise,s4,2,0.775505,0.871917,0.886390
5f7a60b4-4ff2-4181-a1e7-8bcbd1127b95,clean,s5,5,0.472481,0.641666,0.641979
5f7d913b-022e-406c-b704-648c366629f0,clean,s5,0,0.598051,0.748237,0.749424
5f7eea08-5b97-4ffd-8bc4-bb08187e52e7,gaussian_blur,s5,3,0.486317,0.627983,0.725381
5f825cd2-4525-49fc-a0aa-335c21b22ab2,clean,s5,2,0.598921,0.742640,0.774474
5f8760db-1809-45d0-83d5-14c0e99b9fbc,fog,s4,3,0.603590,0.744980,0.783456
5f87684b-1ea2-4f72-bde2-d2aee21015bc,shot_noise,s5,3,0.276096,0.425190,0.445820
5f935d4d-1779-4925-9377-a66650c8d93f,gaussian_blur,s5,3,0.773354,0.870693,0.883795
5f952a15-d8ce-4c5d-9bca-cce72b2a45c6,gaussian_blur,s5,0,0.588283,0.736939,0.755376
5fa2dc05-786e-4f92-8668-fa0b3e2e78a2,shot_noise,s5,3,0.402604,0.566741,0.591021
5fa45cb6-ac73-416a-824e-f71ee7be37c5,shot_noise,s5,5,0.613566,0.757721,0.772017
5fadbc5d-ab92-409b-9293-729d9e9623f3,clean,s5,3,0.701117,0.820669,0.844557
5fafff03-876d-4c2a-be36-6e7c4b55798e,clean,s4,2,0.572010,0.718257,0.761413
5fb9e7e5-7ac3-4e6d-9a97-fc961b722c87,gaussian_blur,s4,1,0.762596,0.863516,0.878450
5fba21aa-ae05-4e4c-8b6a-de173b5e06f3,clean,s5,2,0.343396,0.485080,0.562031
5fc21fae-780c-4d17-8690-24c71651e58f,clean,s5,3,0.555374,0.688349,0.796877
5fc8fd6e-7433-48de-9e30-126c64c655b3,shot_noise,s4,3,0.727365,0.833578,0.893779
5fddbb61-694d-4941-a0ef-2802d344c0b1,gaussian_blur,s3,5,0.596345,0.678407,0.960859
5fe13e9e-bb75-4eca-8169-3012472829af,fog,s3,4,0.339597,0.467216,0.581712
5fe538e4-60cc-437b-b28c-793c4c2cb0ba,fog,s2,1,0.518747,0.594835,0.901035
5feb9dbe-9799-445c-8e38-636c9540bd30,shot_noise,s5,0,0.648859,0.784258,0.799934
5fedb1e7-6f93-484e-8d21-32897df03db5,shot_noise,s5,2,0.748371,0.854933,0.863970
600a2049-1efe-45fe-a9bc-d32072350cd8,clean,s5,0,0.819848,0.900351,0.907586
600ab04b-a58a-4e0a-80d0-ff515923de28,clean,s4,0,0.619641,0.756259,0.801669
60138003-7a37-420a-89ec-8ce0b46affef,fog,s5,4,0.334490,0.483517,0.535733
601c3034-2514-4a51-9dfb-810ab2102fac,clean,s2,4,0.471651,0.485412,0.943301
60225c42-a401-42f4-b011-7906424936e2,clean,s4,4,0.500256,0.631013,0.764138
602c82b1-76be-4194-a6d1-1b5c12ed456d,gaussian_blur,s4,5,0.609244,0.736624,0.835232
603b0061-04a7-4647-bf5a-ab7e4a611b34,fog,s4,5,0.135937,0.239328,0.239355
6050b5cb-60f9-48ea-9d39-cdee31da6a29,shot_noise,s2,2,0.310745,0.408423,0.585255
60582ab9-d2e6-4345-a8ba-68a8a86ad2a5,gaussian_blur,s5,5,0.732964,0.844567,0.854539
606593da-4bc7-4124-b503-6e9808e6dc95,clean,s3,3,0.393951,0.512288,0.673781
6065cb75-224e-4802-a7e4-3a3cdc8cd176,fog,s4,4,0.417517,0.552648,0.670525
60718f6d-3d4c-4c2d-917e-3e1731118e83,shot_noise,s4,5,0.794086,0.882465,0.908721
607add4d-2b82-4cd0-9e0e-72aaf6d4f994,shot_noise,s5,0,0.821602,0.901572,0.907077
607e9e7c-9cab-41fa-a993-446dca94aaac,gaussian_blur,s5,0,0.694810,0.809514,0.874590
608e5517-9838-46ae-9bbe-6c52b3d7e94c,fog,s4,2,0.641937,0.759914,0.873612
6097a404-993d-4529-84cd-f363915ce721,fog,s5,5,0.512893,0.677990,0.678155
609b983b-0e55-48f6-9c99-055c5d4a7fad,shot_noise,s4,2,0.674727,0.788242,0.888576
60b2d696-bd3e-40ca-b6a3-3ba7f4dee886,fog,s5,4,0.542848,0.688064,0.753808
60c433f9-10dc-4b5e-890d-3fcfce7b6f72,gaussian_blur,s5,4,0.570077,0.720964,0.744858
60ce9689-acdd-434a-b0cb-75ae22a47613,clean,s4,2,0.575502,0.715636,0.783056
60ceec5d-44be-4b22-808a-5cd0b1403dd0,clean,s4,5,0.745648,0.846800,0.903205
60dd3912-3b4d-42ef-a190-bba6f5167e16,gaussian_blur,s5,4,0.329617,0.461651,0.559253
60dd677c-5006-49c1-b102-e385f5648e4d,fog,s3,3,0.543881,0.625774,0.915104
60debb18-4c06-4dd7-aa8e-d2ea23972820,shot_noise,s3,3,0.324761,0.445104,0.571733
60e0bb4c-4640-4597-8c6c-2c6f37334589,shot_noise,s4,4,0.196501,0.322836,0.336763
60e2ecd0-935b-40fe-ac63-b419a69057a2,fog,s5,1,0.509499,0.674969,0.675329
60efb422-d479-432f-b96e-7edc7928d8d0,gaussian_blur,s2,0,0.465553,0.482162,0.931105
60f7485b-b463-4c79-af8c-f4d45a17952c,clean,s3,0,0.461365,0.479906,0.922730
6107c21c-8a75-43d4-886c-5994c768f703,fog,s5,2,0.671868,0.800547,0.819706
6119d628-2898-40d5-978f-7dbc5b054167,shot_noise,s5,1,0.609048,0.756973,0.757259
612dd683-b0f1-426d-a470-3bac8684ba1a,fog,s2,1,0.490054,0.494977,0.980108
61301b83-7bd7-4d1a-ba89-35a0d168d58b,clean,s4,5,0.528678,0.649844,0.811157
6133602a-e8f7-4460-a75e-0b350945a87c,gaussian_blur,s4,1,0.583544,0.728839,0.767141
6133be96-7783-48ed-82f9-ada34f57b111,fog,s4,0,0.618013,0.750886,0.816219
6134164c-d9f0-40ea-878a-89894ac522dc,gaussian_blur,s5,5,0.333524,0.495629,0.509307
61431774-fe16-4ab5-a1ca-8eeaf6d93d5a,fog,s5,4,0.642984,0.782056,0.785667
614b844e-c9c5-468e-966a-c7f34a2b75ab,shot_noise,s4,4,0.780162,0.868789,0.935323
615efb56-0e8e-4a02-82ef-2b098f660e93,shot_noise,s4,4,0.641424,0.752258,0.899765
615f7de7-1c4c-4195-9c7d-fe9c6c507b4f,clean,s5,4,0.608104,0.753900,0.766048
61667727-f4ef-4942-b72c-2f209e1682ae,fog,s5,1,0.630370,0.773238,0.773489
616bd07d-952f-4ad6-bb76-a2e793abb1ef,gaussian_blur,s4,4,0.681847,0.806292,0.834264
616d0aca-5c21-4274-85a5-cb6c90733f26,clean,s5,5,0.649523,0.784257,0.802690
61764b65-7c28-48fa-8eeb-e3fae5d74e7b,gaussian_blur,s5,4,0.674276,0.796255,0.850607
617b8e14-cc6a-4c06-a9fa-f12bc3243812,shot_noise,s5,5,0.503916,0.666457,0.681173
617bd21e-34eb-4a0f-afd8-69edc9e23bc7,fog,s5,3,0.424426,0.595914,0.595952
617e3bf5-ba61-4c2e-8c22-0002014e28c8,gaussian_blur,s2,2,0.318346,0.422863,0.587056
617f4616-9c36-49f5-b58c-3d021c01cf6a,shot_noise,s3,4,0.692550,0.789948,0.953568
61904fa2-979d-4d27-ae27-a6228d65b8a6,clean,s5,2,0.518546,0.678807,0.695851
619b8e4a-cd84-48c2-a01b-b62215fdaa6e,gaussian_blur,s5,4,0.658131,0.788852,0.817365
61a157b0-8129-4b42-8526-b79e95d288e9,fog,s4,3,0.542333,0.692341,0.738764
61a8c399-d893-4526-986a-84f1876015f7,fog,s4,4,0.263806,0.416077,0.419879
61ac4074-d080-4115-9056-1f342ed00bf7,clean,s3,0,0.490868,0.613107,0.775826
61b9951c-d4cd-400e-a0ce-1f5c2e7d7d60,gaussian_blur,s4,0,0.754428,0.849010,0.932997
61bd9548-50db-41ce-95eb-004ee59486f6,gaussian_blur,s3,2,0.308756,0.435293,0.536533
61c37e4e-8fd5-4cc6-b4f8-3cb1fb40d950,shot_noise,s4,3,0.423856,0.554407,0.687277
61cadd08-1e49-4a54-9cc6-257142c32d24,clean,s5,2,0.704797,0.826028,0.831505
61d25218-3b31-483a-9d19-c3cefb675e36,clean,s5,3,0.717247,0.835223,0.836088
61d88923-2eaa-4b60-bb18-09db1ac95ed8,gaussian_blur,s5,3,0.708695,0.829111,0.831886
61d9e427-29da-4368-9778-54c6ff61eaf0,clean,s3,0,0.809795,0.887787,0.958312
61ddcbee-f151-49eb-bba1-2051003abf52,gaussian_blur,s4,2,0.598947,0.742300,0.775862
61e52678-3c95-47e2-89a4-2ddf3157d3be,fog,s4,5,0.440237,0.595340,0.650880
61f34d84-af7c-4273-8c11-1b5bb98dcf2d,shot_noise,s5,4,0.713927,0.832537,0.836389
61f405a9-9350-45f8-9b32-21ddfc2843d3,shot_noise,s5,4,0.434675,0.605718,0.606559
61f7dd2d-de9d-49f9-b98a-b9170c16bdf4,clean,s4,1,0.541874,0.697209,0.721598
6201ea24-4838-47f5-99d5-531c8d856d3b,clean,s3,5,0.499070,0.619406,0.787844
62072189-0a1d-45f0-9088-eed3e387b455,gaussian_blur,s5,4,0.459573,0.629621,0.630048
620d8842-fcac-4f3a-a293-c7c4e2380760,fog,s2,2,0.456709,0.477375,0.913419
620d9a63-1ddd-4711-ba41-a48eda8b83b3,shot_noise,s5,0,0.697750,0.819467,0.835835
620f1a83-5635-4236-a694-d17038b5efe3,shot_noise,s5,5,0.794976,0.885779,0.885781
6219d550-cf92-4c2b-9c2c-0cccdf93ea30,clean,s4,5,0.777188,0.867038,0.931704
621f6a97-44a9-4b61-87df-9208a07c598a,fog,s4,1,0.361304,0.530225,0.532086
62235b21-da81-4299-880b-78e2ee5dc266,fog,s3,5,0.307012,0.391420,0.598571
622c7e72-b469-461e-91f2-426b5a2a4bbd,gaussian_blur,s3,0,0.551068,0.648065,0.888160
622d0db1-1acc-4c5f-aa5b-651b45910242,fog,s4,3,0.740958,0.839584,0.923664
6232c208-07d1-41d7-95d5-26b3ed8e9139,fog,s5,3,0.363521,0.511895,0.576875
623a08fc-7815-4ffa-abec-f9bfc87074c4,clean,s2,3,0.449075,0.473171,0.898150
626110f8-87ba-4e53-9639-7064f64d7db1,shot_noise,s4,4,0.616051,0.750751,0.809216
626da7be-81a0-482c-82b2-c7aefd2bb37f,clean,s5,3,0.712830,0.832342,0.832342
6275f309-28cc-473f-ba94-775a5cc310f4,fog,s4,5,0.520981,0.683953,0.688560
629a9622-6633-4069-aa23-1d763e0c331d,fog,s5,2,0.644970,0.782491,0.791904
62b32f83-4fb3-4a00-bb2d-b5ee825c2df1,fog,s4,2,0.350158,0.518455,0.519184
62c39c86-c93d-4621-90c6-f21dcdfd8292,fog,s4,4,0.584520,0.726275,0.779850
62c41dd1-35ed-4bb9-b892-3b753a9d0383,fog,s4,4,0.265131,0.416441,0.423754
62c4daf8-7178-48d2-a0bd-6c689c4f8bbb,shot_noise,s4,0,0.661979,0.781930,0.863958
62cb7ea8-dc96-493c-a82f-379413988ed6,gaussian_blur,s4,5,0.544423,0.655019,0.849952
62cdf5ef-0845-421e-a080-2f3c5bc25f2f,fog,s5,5,0.471723,0.636130,0.654568
62ea4fa9-a015-4fa1-b486-2d8d3252f485,clean,s4,0,0.579126,0.717317,0.790640
62f5ecdc-3e4f-4127-956b-f0a70ceca1eb,gaussian_blur,s5,3,0.699038,0.822769,0.823397
6302f39c-b315-4d07-abda-e0bf528e5d13,gaussian_blur,s5,3,0.368413,0.499406,0.616453
630a09fe-63fe-45cb-b507-5a194fc0ed48,shot_noise,s4,3,0.478142,0.642968,0.658102
630ac06c-9b29-47e4-a93b-b092185698d1,shot_noise,s5,0,0.184215,0.291625,0.338637
632f2693-c53a-439b-8f06-1e15e732bdca,fog,s3,1,0.274681,0.389413,0.499058
633a37d4-8538-4f81-8904-34b229697f96,fog,s5,1,0.400051,0.563882,0.588901
633d42df-220c-4b5f-843f-4cb4a62043c1,fog,s5,5,0.458419,0.624485,0.639748
633dd18f-baf6-442b-9c70-a5478689bbba,shot_noise,s3,4,0.279435,0.397517,0.502027
633de877-3619-4938-b43e-c26b7c777f71,clean,s5,0,0.786954,0.880716,0.881293
6348632a-34d6-4845-82a6-6ee233c8a39c,clean,s5,4,0.747513,0.853673,0.868115
634e7c58-cf36-462d-8edf-1b86a9bd2aa0,clean,s4,5,0.694172,0.812407,0.857196
636023cf-6e1c-4d32-9a1d-770d59f8a7bd,shot_noise,s5,2,0.729209,0.842021,0.852139
6364cbbe-4292-458e-89dd-aa7638b0abd2,clean,s5,5,0.790996,0.882062,0.893828
636b3330-dbfe-44ce-bf31-87700da58d8b,gaussian_blur,s5,0,0.697750,0.819467,0.835835
63782e21-25b5-40da-90a4-c9f3e50d5251,gaussian_blur,s5,4,0.399816,0.560465,0.595758
6378874b-f742-4c24-8f13-84b8b1c6aade,shot_noise,s4,5,0.770611,0.863524,0.921168
638a75ca-f30c-42f2-8adc-5a32a996ad0e,shot_noise,s4,3,0.652137,0.767924,0.882186
638f2154-0609-4217-878d-393f0c6832c1,clean,s5,1,0.790930,0.881841,0.895285
639ad47a-f244-4b1b-9b97-35cdd15ccd01,shot_noise,s3,2,0.701597,0.801712,0.940229
63a39113-9fad-4e9b-8be3-55a563a319f6,gaussian_blur,s5,0,0.666068,0.794806,0.822778
63acea5a-a904-4bc8-bc5d-83e8cec9bd64,clean,s5,0,0.740790,0.850581,0.854546
63b3b9ea-7208-4af4-8fd6-5c5fb4d04aa7,clean,s5,2,0.618001,0.763791,0.764400
63b3f379-92e6-4e32-9cc4-916afa6749f4,gaussian_blur,s4,0,0.729610,0.837123,0.883861
63d053ec-c3d8-4f99-9166-e81c603158dc,fog,s5,3,0.604529,0.753107,0.755236
63d78412-bd46-4fb1-a58d-933faceecabc,clean,s5,5,0.742354,0.850887,0.860448
63db76cd-9924-48aa-a8aa-2e6254d9ebaf,shot_noise,s4,3,0.553062,0.700496,0.751369
63e540cd-c244-4f6f-87d6-6bcb94dce933,clean,s5,1,0.557524,0.715211,0.718368
63e814a3-f00c-4518-b97a-2509d623bb13,clean,s4,5,0.862645,0.924463,0.950021
63ed6b96-fc3c-417f-b0b1-320aeecab59c,gaussian_blur,s4,2,0.699181,0.812839,0.877051
63f96824-921b-48d2-828c-b0714308496f,fog,s4,0,0.597789,0.731196,0.811789
64167c27-18bc-49a2-ab64-2a78bec31a8e,gaussian_blur,s3,3,0.480762,0.584862,0.804672
64185b8b-a9e9-4637-9c02-810219c52fc9,shot_noise,s5,0,0.787810,0.880695,0.886490
6423a8dc-fac2-4548-b2d1-733033ae2214,shot_noise,s4,5,0.204539,0.338304,0.341595
6427e1bc-bb64-43b9-9bcd-acbb4055bfdd,gaussian_blur,s3,1,0.335072,0.475970,0.551536
6432c020-f15f-4810-b2df-8beb63367bd2,fog,s2,1,0.490778,0.527305,0.935792
64393838-ca29-400c-9904-292f1548bac7,shot_noise,s3,1,0.740643,0.831839,0.964937
64449743-b657-40e8-a371-b8b50864c3d1,fog,s4,2,0.467125,0.627141,0.662667
644669d7-f372-4a36-b42a-b7d1800cba55,gaussian_blur,s4,5,0.484205,0.650411,0.658389
645acb17-2464-42af-99cd-04c8e9694bae,gaussian_blur,s5,4,0.492545,0.633515,0.732293
646b4c3a-e14c-4489-95c1-14b389edc272,fog,s5,5,0.830006,0.906223,0.916541
646e720e-d50a-462c-993f-cd95f0e37570,fog,s5,5,0.634288,0.769559,0.805157
647cc34a-c236-4345-b135-1d24324727ec,gaussian_blur,s4,1,0.773811,0.869623,0.894428
647e21ae-3f17-4549-8691-f2972dcb86e9,clean,s5,1,0.511081,0.671130,0.692603
649185d5-0212-4540-bd54-9a8ff735ab1d,fog,s3,0,0.580243,0.692034,0.871845
649e898e-9079-44a6-8bd2-e338899c1c41,fog,s4,1,0.405379,0.524939,0.686267
64b7c338-cde6-4387-91d6-64fc10f9845c,gaussian_blur,s3,4,0.166710,0.268571,0.309304
64bfb56e-03ee-414b-97d5-a185740d383c,clean,s4,3,0.620503,0.745603,0.845269
64cbc8c5-80ac-467a-8b94-3867e5194529,fog,s4,5,0.338147,0.504915,0.506368
64cf5b1c-b376-42d3-ac02-5c69bd8c369f,clean,s4,0,0.378112,0.548669,0.548896
64d9d2a1-3074-462b-8fa0-efb63be4e21e,gaussian_blur,s5,1,0.391250,0.466551,0.742203
64ea9da5-c740-469d-bd41-35a16ebe1733,fog,s4,2,0.699587,0.815694,0.864204
64ecf105-0102-48ab-919d-839469bc869a,shot_noise,s4,0,0.593505,0.722090,0.827003
64eecba2-36a3-458e-99f6-2349f6d376c5,fog,s5,4,0.493408,0.659007,0.665984
64f641c8-fac2-4564-9291-46ca3beaf258,gaussian_blur,s4,1,0.705449,0.817600,0.880400
64f74d3b-130a-4556-9a4f-df7b35732ddd,clean,s3,3,0.637170,0.725068,0.972288
6505f557-29a0-446d-9ac4-a887404f735b,clean,s5,3,0.598051,0.748237,0.749424
6506f42c-25b3-4bf6-a5bf-a5bb1436b843,shot_noise,s5,0,0.291371,0.418151,0.508158
65081dbf-62b5-43c3-9194-34a25b5427cc,fog,s5,4,0.501045,0.630051,0.769081
650f0edf-1062-4367-b094-f42a260c3fe5,clean,s5,4,0.531812,0.687275,0.717003
650f8b99-c076-4380-b5a1-63e8b7067c1f,shot_noise,s5,0,0.563945,0.718947,0.729137
65167ae9-038e-4815-a43c-20497f57d062,shot_noise,s3,3,0.495404,0.547736,0.916475
651e609f-b797-4162-ba96-45211b5e23e5,gaussian_blur,s3,0,0.083985,0.150975,0.159644
651f144c-ddcd-42cf-8138-9b0e80019e04,shot_noise,s5,0,0.644828,0.777685,0.812779
654071b4-aa96-4f30-8092-0663a1b084ee,clean,s3,1,0.462775,0.481301,0.924685
6541a5d1-0499-4ec6-8c47-4cf3c66931ea,fog,s4,2,0.606869,0.753447,0.763035
6541cbff-dd4a-421e-a9e6-528167347663,shot_noise,s4,5,0.548862,0.684660,0.785056
654802c2-7ef9-48ec-9e33-b1b68c41f5c4,clean,s4,2,0.438252,0.607877,0.613365
6550a396-8c7f-4589-97cc-83be8692756c,gaussian_blur,s4,3,0.572206,0.717203,0.765736
65557af4-ea36-4b37-96c3-67256a0fc82c,clean,s4,0,0.641980,0.764816,0.854848
6555b9a3-9138-492a-bad1-66e38ef9715a,gaussian_blur,s5,2,0.460199,0.539712,0.827183
655737ad-d708-4fe2-85a9-6425636a2c22,clean,s4,4,0.621501,0.742491,0.860101
65634c7d-d35d-4c9d-9e04-39077f79d54f,shot_noise,s4,4,0.608079,0.748294,0.788005
6566e9de-4ed8-4212-be5f-231f24241a30,gaussian_blur,s5,5,0.391278,0.562094,0.563339
6568dd90-d997-422e-a873-721e7856fc6f,shot_noise,s5,4,0.439902,0.611011,0.611029
657b591d-95bb-43b4-98c7-78cd6c7f2c23,fog,s3,4,0.512299,0.573429,0.921507
658c9bb7-a1e3-490c-ab3a-538c56b09865,fog,s5,1,0.511471,0.653786,0.743216
658e4069-2c79-4658-b1f8-7cab556cb099,gaussian_blur,s4,0,0.496680,0.654773,0.689592
65927fa1-6e07-4c46-b76d-246de85ede64,clean,s4,2,0.474748,0.579697,0.796438
65aa0917-1a1f-499f-a1ae-e84ef534bf8e,gaussian_blur,s5,1,0.584852,0.734641,0.750907
65b0c3ff-5abd-4022-a560-3360a3ef53a0,gaussian_blur,s4,2,0.497870,0.582714,0.861413
65bca3f9-f8ae-4efe-8a76-fc2f64c06f2c,shot_noise,s4,4,0.367350,0.523225,0.566875
65c22594-fa8b-44ad-8334-7efa3c0bba45,shot_noise,s5,1,0.625838,0.766256,0.785307
65ca66d3-44c8-438f-b2d9-da442b35423b,clean,s4,1,0.720312,0.831182,0.874371
65cc73e8-c7d6-4c96-875f-bad2719bd269,clean,s3,2,0.577709,0.676974,0.903733
65ce1ee2-5e1c-440b-9102-a4a2b2521b47,clean,s4,5,0.352264,0.520627,0.521775
65d5f7c8-3b28-49ce-99cf-e48d8f4d3919,clean,s5,3,0.469358,0.633711,0.652923
65e2acef-af2a-4bd4-bc24-895cb7365810,gaussian_blur,s5,4,0.749815,0.856947,0.857547
65e43d95-92c7-4243-b4c6-d7446ce5a796,fog,s4,2,0.719343,0.830511,0.873664
65ee6ab6-c3ca-49ff-b1a0-22decbe57a24,gaussian_blur,s5,2,0.556493,0.673275,0.842953
65f68830-6f67-495a-9f49-377314f4a215,gaussian_blur,s4,3,0.465444,0.552925,0.819312
6607f453-66d5-4710-953d-c0fda048e25a,gaussian_blur,s4,3,0.304928,0.441670,0.513339
660e025a-bc2f-421a-90f8-b0ea5f254979,gaussian_blur,s3,1,0.464801,0.481758,0.929602
66270270-a97e-450c-8261-386e13ecfea9,clean,s5,2,0.549656,0.694178,0.759136
663864ce-9290-4a72-ad57-69f9e9b436de,fog,s5,3,0.458648,0.628829,0.628971
663ad10c-f91c-4a73-ad49-d1e820923560,shot_noise,s5,1,0.222651,0.351664,0.383562
665deac1-1c81-4c34-86be-2cc64415fc92,clean,s5,1,0.464009,0.614132,0.685088
665e8aae-b2cf-4edf-8ca8-ef3b5b44c5e9,fog,s4,4,0.199328,0.331104,0.334336
666a068e-52cf-4140-bdce-fbf97dae7eb2,fog,s5,5,0.523263,0.686110,0.689958
666c435b-78ca-44c9-a587-8b61e466c77d,shot_noise,s5,5,0.729657,0.843310,0.846200
6670482c-1416-4832-b9c1-29fb92b0cb4c,gaussian_blur,s3,0,0.274662,0.385469,0.504976
66709fcb-3d07-469d-b9aa-95dab635b61d,gaussian_blur,s4,0,0.627417,0.759780,0.818011
667bb6a8-41c7-42c7-af70-3bfcddc0cecf,fog,s5,2,0.414443,0.582127,0.595323
667e679b-ff0e-4408-a74b-a45f7163aa50,shot_noise,s5,5,0.629758,0.772573,0.773928
668d7f7a-cc05-44ab-aeb4-8ee6c479cf42,fog,s4,1,0.619248,0.743286,0.848891
668dc48b-31a9-4307-b4ea-82e36f238527,shot_noise,s5,0,0.402013,0.566423,0.589755
66a0d7c1-bfbd-4df7-94d0-e48009d733b8,clean,s5,5,0.291371,0.418151,0.508158
66a4d263-e25d-4016-b7e3-cf991e2078ee,shot_noise,s5,2,0.724272,0.839651,0.842827
66af8019-1324-4b5d-a2da-a08cb0376bf8,shot_noise,s3,2,0.537780,0.662868,0.807856
66b31aee-cced-4071-880a-bd778625f2e0,clean,s5,4,0.400293,0.542710,0.635184
66b483d0-ffe3-47f9-b2a4-a5406a0a4d57,fog,s5,4,0.587754,0.740257,0.740752
66c59a2b-7c3c-42f5-87cb-294d0455d44a,gaussian_blur,s5,3,0.726559,0.841627,0.841628
66d9f3fb-976e-4f6a-a12c-3f2132fb1b18,shot_noise,s4,4,0.430307,0.600822,0.603893
66dfb068-5c32-4bfd-8f85-6d5e45f92c94,shot_noise,s4,5,0.715986,0.827446,0.875307
66e7ab0c-7f36-4ae0-8630-f007ad511cb7,shot_noise,s1,1,0.554450,0.624975,0.949079
67001ce8-4c7e-4f3c-9889-f4be98febc18,gaussian_blur,s5,3,0.662746,0.794892,0.808281
6719e97d-c822-49df-bbb6-c6baee82f3af,shot_noise,s3,4,0.571278,0.640031,0.969171
67274041-d685-4d07-8903-7b197504ef47,clean,s5,3,0.763362,0.860177,0.906042
672b57ac-0755-4411-bae5-bb5986fd99fa,gaussian_blur,s4,1,0.465036,0.580567,0.764255
672cb8a6-8ae3-4125-962c-a1168058410b,gaussian_blur,s5,0,0.527608,0.642465,0.825850
67329ae3-da7d-4586-963c-6de376716922,shot_noise,s2,0,0.627932,0.722016,0.949269
673350dd-f25c-4166-8655-e00f792c22b7,gaussian_blur,s4,4,0.708892,0.824470,0.859168
67343a02-628a-4cc4-8ca2-392779d4bb2a,clean,s5,1,0.546661,0.704050,0.716496
67364901-7576-4365-86a8-9e0a388fd897,shot_noise,s5,4,0.514832,0.675199,0.693648
67412da7-0e11-47cb-923f-513b467ab79a,shot_noise,s4,5,0.674871,0.798246,0.843712
67413fd4-a80f-4008-95e8-9b2ac58ceabc,fog,s5,2,0.558998,0.701595,0.769167
6745b47c-9f11-47e8-a516-84da232d9b65,gaussian_blur,s5,4,0.673415,0.801040,0.823933
6750e4c2-814b-4c29-a80d-c3871ee1a1fa,fog,s3,3,0.111267,0.182026,0.222533
67523b15-528f-415a-a58b-51162d693544,gaussian_blur,s4,2,0.443114,0.469841,0.886228
6768c7a8-b99e-4543-8996-7fc0e6dcb18e,shot_noise,s3,4,0.550132,0.626436,0.932912
677721ea-33b1-4385-bda3-dd6a86b3875c,fog,s5,0,0.668618,0.799745,0.809685
67783b86-5ecf-4af5-bf81-6094cd13a13b,fog,s5,0,0.413211,0.452481,0.826421
67786575-661a-43ff-8cb5-7abe68179ede,shot_noise,s4,5,0.573925,0.721434,0.757499
678775cc-0db4-4fe4-a015-5c28eca109c1,gaussian_blur,s5,3,0.423210,0.593932,0.596683
6789ea78-8a89-4398-be00-5728799cd9fd,gaussian_blur,s4,0,0.485353,0.590542,0.807323
67978d5f-d307-4a52-8124-188f44604804,shot_noise,s4,0,0.352264,0.520627,0.521775
6798711c-710a-4099-bf4f-118c92ff2f88,shot_noise,s4,4,0.621509,0.743871,0.855248
67a9f702-1647-48b5-871d-215205f4267a,fog,s4,2,0.341205,0.508724,0.508964
67b09403-db8f-4f5f-9450-361677aecfec,shot_noise,s4,2,0.711372,0.828177,0.849796
67cdc61a-f203-4d63-8f07-aca54da20aa3,gaussian_blur,s5,4,0.567226,0.722860,0.727467
67d3da6d-aa67-437d-a4ce-c55659b5690b,gaussian_blur,s5,5,0.503441,0.667106,0.677568
67daaa1f-d07f-462f-853f-e30fe567705b,clean,s5,1,0.706668,0.828009,0.828807
67e0f924-b101-4daa-98f2-d07afbd2ebf1,gaussian_blur,s5,0,0.580616,0.731159,0.747733
67ece3dc-0f38-42d5-b08d-70c5edba72dc,clean,s4,1,0.721021,0.836148,0.848583
67f19b3b-0b42-4804-b0e4-fd217dc075a2,shot_noise,s4,1,0.776823,0.866134,0.936112
67f89d68-4c34-42e8-8794-a99c497c6348,clean,s4,3,0.779915,0.871295,0.915634
67fb06e4-3f34-4755-9153-4f262682a7c8,clean,s5,2,0.640212,0.777039,0.796821
67fbb11a-883b-4988-b3a2-77eb81f49473,fog,s4,5,0.351138,0.503489,0.552549
6802d112-16c7-4a07-8998-ad6734da9417,gaussian_blur,s3,3,0.439212,0.486415,0.851664
680ceadb-1952-4eec-b604-dc88d1799688,shot_noise,s4,2,0.657915,0.771192,0.891888
680f8dd6-9b2e-4462-8243-938476d45e2d,clean,s4,1,0.474288,0.572364,0.809555
6812acf4-c520-4b36-a196-277780e8560d,gaussian_blur,s5,0,0.419682,0.578678,0.621035
6819c1f1-31c6-4041-b8d0-76dee28f268e,fog,s5,5,0.380158,0.550046,0.552768
6819ddd5-9df0-4280-aa86-010e58c47b02,clean,s5,3,0.695920,0.818274,0.834045
681a3f79-e854-4701-8247-009ddae181e7,gaussian_blur,s4,5,0.663788,0.782655,0.868174
68321928-0890-4a38-b636-4fc080e200d0,clean,s4,4,0.603502,0.747919,0.771813
683560ba-8563-443d-aad8-8a5d4d969923,gaussian_blur,s5,4,0.389288,0.450961,0.759766
68479467-1144-47ff-a981-0806006c7eb6,gaussian_blur,s4,1,0.544544,0.690978,0.750880
684965d7-0c4e-4db5-bc94-e87ab39f4ddb,clean,s3,4,0.455018,0.476973,0.909320
68506f56-11ff-4589-afa7-ac996bc6e326,clean,s2,0,0.492054,0.495995,0.984107
685de70f-3449-4e3f-a195-32d97d5860c7,shot_noise,s5,1,0.505205,0.670814,0.672686
686347ae-8fa7-441e-8f50-770f0dae6486,fog,s5,0,0.692249,0.817971,0.819075
686ab68b-5f7f-4cea-ab0a-398d8cb5daa5,shot_noise,s5,4,0.319103,0.464606,0.519701
68739a83-9737-4412-9789-c35a6ee2b9f6,shot_noise,s5,0,0.789752,0.882394,0.883653
68906153-3d9c-474d-b1a2-e90f583e0439,shot_noise,s4,3,0.512049,0.668788,0.702967
689ccf7e-e33e-4fdb-b0ef-130dd7dda503,gaussian_blur,s5,0,0.729015,0.842805,0.846246
68a8fc59-de30-4083-8d1e-36b904805ca9,gaussian_blur,s5,0,0.605004,0.753852,0.754080
68af2479-b90f-4db3-a35b-5d085215f98b,shot_noise,s1,4,0.468456,0.483714,0.936912
68b2b588-5d46-4b52-9d8c-1465fc407b8b,clean,s4,2,0.362504,0.420293,0.725008
68b39e1c-c81b-4945-9abf-c5efc9a5e631,clean,s5,5,0.724080,0.826392,0.918117
68c442bc-1e56-458c-bb3c-5e5f1f0a4bd4,clean,s5,0,0.579814,0.729254,0.751664
68c77594-d1c1-4cc3-93f5-e364a4a8ec0f,gaussian_blur,s5,0,0.840135,0.912567,0.919488
68c98b1b-8543-4ea4-a0c0-f9c263dde1bb,fog,s4,5,0.262008,0.409677,0.424621
68fcabbc-80cb-4d08-9c63-ba36c64a105b,fog,s3,4,0.234259,0.355676,0.416715
68fd1638-b4ae-4719-b4fa-5afc17b28bae,clean,s4,1,0.604197,0.741156,0.800075
69135006-1202-4238-a853-c5ecd29569f8,fog,s4,5,0.365422,0.428771,0.721657
693511b9-3647-4446-a979-f33b2fafb86f,gaussian_blur,s2,0,0.491887,0.495911,0.983775
69382ab9-48a8-413e-a479-aeb6f75228bf,fog,s3,1,0.506160,0.554434,0.936245
693ccc86-f8d6-4dc5-8461-de593b6272f6,clean,s5,5,0.366031,0.515410,0.578197
6941e039-1fb6-4d09-8842-3f5af945ecfe,fog,s3,0,0.464708,0.523921,0.866896
69420123-fa6b-4776-b09a-7e088976b863,gaussian_blur,s5,5,0.354173,0.522814,0.523652
69435278-24fc-4bf5-b6e7-12426725c564,clean,s4,1,0.855897,0.920419,0.946672
6944b403-bf14-400b-a7cd-4298ce4aa014,shot_noise,s4,5,0.325326,0.478429,0.514917
6945c325-81cd-42ee-bdeb-0c73e6fbec7a,fog,s4,5,0.225696,0.367659,0.369248
694c592c-d53c-4d10-8d74-c0e98b117421,clean,s4,4,0.557287,0.694651,0.784699
6964f06f-cceb-44a7-a9e1-a505a600c51d,clean,s5,1,0.735004,0.847039,0.848741
696a027f-dd07-4d96-b5ad-071c998e1338,shot_noise,s4,0,0.710041,0.818193,0.897787
696ba2bd-66c9-44b7-a894-913e2ef0ebff,fog,s5,3,0.423264,0.594777,0.594784
6979bd5f-d4c9-4949-b911-0f1d9f042458,gaussian_blur,s4,0,0.267484,0.417131,0.430544
698cf93c-eb85-4f3b-b5a5-9f7a6ac29869,shot_noise,s4,2,0.548975,0.688271,0.774752
6992bc19-d0da-436c-b3e5-98cbd28e7cc0,fog,s2,1,0.579250,0.667989,0.931120
69932908-1d04-4af7-ac1d-86ae63e7ef45,shot_noise,s5,4,0.522585,0.680439,0.705237
699ab078-73db-40b7-90b4-036fac965283,fog,s3,3,0.562814,0.683187,0.837267
69b4279b-9dc2-48b9-9f15-98d9d0f69b2c,gaussian_blur,s5,1,0.653957,0.783924,0.822500
69b6baf7-193d-4694-908c-b53b750a42da,fog,s3,0,0.758547,0.850195,0.946155
69b8d8b7-de9b-4c52-b201-81e858a8e773,gaussian_blur,s2,1,0.467435,0.483169,0.934869
69ba22c1-3e49-46a9-84b0-3417d668f228,shot_noise,s5,1,0.600914,0.749302,0.756341
69c94f28-40d8-4fbd-9ff1-6c4685518bb0,fog,s3,5,0.616312,0.701932,0.966204
69ce9b18-de27-4747-9488-e6dbb483e828,gaussian_blur,s3,0,0.464708,0.523921,0.866896
69cf1103-1992-4da5-abeb-fce5a7b45f3e,gaussian_blur,s5,3,0.527073,0.689840,0.691804
69dfca8a-923e-4721-9740-cf771db584a1,clean,s5,3,0.835472,0.909523,0.919640
69f42685-caff-419e-aad4-244d448c2d77,clean,s4,1,0.640255,0.772952,0.814703
69f76d94-cb8d-46e5-b4d3-556e1d60807a,shot_noise,s4,5,0.685099,0.808346,0.838069
69fba7f9-be87-4fc4-86ae-feb75fd4ede3,shot_noise,s5,1,0.546373,0.706452,0.707327
6a17350e-2d00-490d-bd22-20ee7e1fa5db,gaussian_blur,s5,1,0.331177,0.496825,0.499051
6a19dbee-0c5b-4593-afb6-0a125caf4c6e,gaussian_blur,s5,2,0.578393,0.709936,0.812018
6a210d4a-3ef1-402a-9572-f3470669dfe1,shot_noise,s5,5,0.561038,0.718274,0.720673
6a2bf4c0-82cc-4974-9451-277a570db36a,clean,s4,2,0.490012,0.657279,0.659040
6a31c5f3-8ab2-4d5d-9e2f-40ab05372e5d,clean,s5,4,0.761666,0.864008,0.869876
6a3b90fb-8292-4adb-bd3e-ddc1d56bdf64,gaussian_blur,s5,4,0.193645,0.287555,0.376261
6a4529d5-c126-4832-b667-4afe27a8d5ab,clean,s4,5,0.792594,0.880532,0.915824
6a4c99b2-5a9e-4c4f-b873-e045fd295737,clean,s5,4,0.801581,0.889680,0.891531
6a68de1a-6b45-49a5-bec0-0d5e5eea06f9,shot_noise,s3,2,0.612947,0.714756,0.918766
6a6d5a2b-53db-4efc-a0af-6e6433142585,shot_noise,s2,3,0.311136,0.408774,0.585952
6a6ecd0d-c4c0-4667-8969-c511f800dabb,shot_noise,s4,3,0.698082,0.813822,0.867201
6a81af82-6c5a-4d4b-b388-659769ef6a8c,shot_noise,s5,4,0.528100,0.687008,0.704532
6a880154-c3c1-428e-baf4-b8d4c212d1d4,gaussian_blur,s4,3,0.689010,0.804830,0.872460
6a896683-e55d-42ab-817e-8fe84d0184ff,gaussian_blur,s5,1,0.648466,0.786657,0.787189
6a8cfd74-0b4f-4fe7-86ba-e4bf611df8c9,shot_noise,s4,5,0.772978,0.864464,0.927223
6a8d4cb8-ac23-4c14-b265-e874d6e5cd46,clean,s4,3,0.516891,0.663119,0.736117
6aa64d69-38b9-4b86-be15-75f4f5d63faa,gaussian_blur,s4,3,0.413165,0.452454,0.826331
6ad0700e-e72a-4909-8018-a04409ae4a04,fog,s4,4,0.412533,0.579299,0.595526
6adf7d9e-ece3-4857-8ba7-eb25beed3a21,gaussian_blur,s4,5,0.578136,0.721687,0.772187
6b02df71-b74f-49ee-9ef8-a659b18e4cd2,shot_noise,s3,2,0.598422,0.692400,0.932011
6b0c743c-1ba5-4165-b8af-8e1a4d1ede0a,clean,s3,3,0.463848,0.481246,0.927697
6b205216-0456-48ad-801f-b1edae458041,gaussian_blur,s5,2,0.476065,0.564708,0.829608
6b20ca31-8576-42be-975f-a7b377396df6,fog,s5,0,0.627416,0.768598,0.781685
6b253cf4-c504-43e3-bda8-ef18ed2c3261,shot_noise,s5,0,0.719906,0.823490,0.914512
6b2fc546-9755-41fb-9552-87eca96d2bcd,clean,s5,4,0.436065,0.607240,0.607471
6b39f1be-2fad-477f-931f-797eccc8f287,gaussian_blur,s4,3,0.397403,0.568214,0.570069
6b462e7f-62fd-41f5-9045-80845b92dd66,clean,s3,5,0.700797,0.802616,0.932827
6b4ba86b-4a67-4218-ae27-a582d837dbb7,gaussian_blur,s3,0,0.473663,0.486475,0.947326
6b540fb0-1498-4cc3-892e-7e12bf379bc2,gaussian_blur,s4,1,0.476210,0.599364,0.759536
6b78fb0b-4abf-4269-b31f-697361368834,clean,s5,3,0.436680,0.607887,0.607940
6b7ab991-9d0f-4720-9731-c16d97360df0,shot_noise,s4,2,0.727014,0.825238,0.937455
6b8010bd-0785-4eb4-a87c-090eca1bd603,gaussian_blur,s4,5,0.681408,0.805103,0.838320
6b806a7d-3354-4995-b44d-b316de64fdf1,shot_noise,s2,4,0.297640,0.403235,0.551749
6b80c2c4-3a08-4b54-85e9-a94fb9eb4e79,clean,s3,0,0.553821,0.628229,0.940468
6b827b0f-5296-4a04-ac12-c545472b3bb8,shot_noise,s5,2,0.413275,0.572358,0.614053
6b8c30f6-e788-441c-8c66-972200b5bd23,shot_noise,s5,5,0.762000,0.864920,0.864972
6b8e1331-7b5d-4fd3-b9c7-c63b85117b6f,gaussian_blur,s4,2,0.664454,0.785795,0.857269
6b9f4573-a8ab-49ce-a2cb-0d705bf9d2a0,shot_noise,s4,1,0.720153,0.828507,0.888656
6b9f49b0-3599-4b41-ad6e-88dce99822d0,gaussian_blur,s5,3,0.507149,0.657255,0.718904
6ba35207-520f-42dc-a4dd-88965606cd99,fog,s5,2,0.699647,0.823151,0.824043
6bb75be6-cb25-404d-97ff-68c4002b21c5,shot_noise,s4,3,0.642647,0.762145,0.867832
6bb8445d-75b8-4eb8-92e9-bab18dd5900d,clean,s2,0,0.378917,0.468087,0.702805
6bbcb70c-e13e-48a8-a7f6-464d841f9431,fog,s4,4,0.786155,0.876128,0.913766
6bc1e96a-f1bb-4428-ac48-a7844ce0ab10,fog,s5,0,0.424077,0.483898,0.811979
6bc3181c-2d2e-49aa-bc83-f35acd2200b3,fog,s3,2,0.460618,0.513605,0.871493
6bc80fbd-d4cb-43f0-960c-b566712420ff,gaussian_blur,s2,1,0.475925,0.534931,0.881413
6bcb7e5b-2257-485e-90a7-04b0bd579424,fog,s5,1,0.428456,0.513128,0.778084
6bcdcb51-fef4-4490-90dc-90a5dc773ffa,fog,s4,4,0.492758,0.642441,0.709862
6bd7123c-c432-4016-9cd8-147fae532eb8,shot_noise,s4,0,0.491369,0.634448,0.725979
6be58c4c-9c90-43a9-90ce-6179a727c9d7,fog,s4,2,0.429495,0.593980,0.617957
6bebb92d-5ed2-4b98-8f66-7c63345db80f,fog,s1,0,0.473608,0.486446,0.947216
6beed304-b7ce-4ebb-8176-18053766f028,gaussian_blur,s5,5,0.412401,0.493769,0.762156
6bf0282c-bae6-4367-b541-e450995b1a39,shot_noise,s5,3,0.577240,0.729662,0.740469
6bf884b4-7904-4379-ba53-158bf798d7f0,gaussian_blur,s4,2,0.548830,0.690258,0.768252
6c0077de-1c33-4796-916c-27b076f29a23,shot_noise,s4,3,0.731124,0.842222,0.860271
6c06f59a-2d7f-4dda-891a-9a8c2dc283dd,fog,s4,2,0.629849,0.764651,0.807910
6c0e2856-b70e-4f28-9fab-0d9153a4f6ea,gaussian_blur,s4,1,0.475550,0.641249,0.653840
6c1bc55a-637a-457b-91c8-b2863f659961,gaussian_blur,s3,1,0.452008,0.474795,0.904017
6c214415-cffa-49a8-8f6b-10ec803a1e01,gaussian_blur,s4,1,0.612409,0.732718,0.860269
6c22e38c-5e0e-4b76-902e-212758963b20,gaussian_blur,s3,4,0.428783,0.482453,0.827730
6c38de4c-2629-43e0-a164-00e1220409bd,gaussian_blur,s4,2,0.753877,0.857277,0.876431
6c3a5384-ae18-4a55-be11-e58fd934f122,clean,s4,3,0.484773,0.589351,0.807970
6c47a181-ddd1-4ffb-9d8a-42d979cf7114,fog,s4,1,0.614305,0.748641,0.810553
6c58c57f-0af3-4e50-90e3-6246c6fc4a79,shot_noise,s3,2,0.561739,0.657335,0.900431
6c5cbb18-5cf2-4535-b55c-87e3bb745fc5,fog,s3,1,0.486917,0.618678,0.750016
6c66a461-2018-4f21-a6e2-c0fa6cb6c0bd,fog,s4,4,0.634534,0.746804,0.893335
6c6787b9-e78c-43b5-b6e1-2b4e8b5d0388,clean,s4,1,0.841796,0.912764,0.929451
6c75fe2c-644d-4832-81cf-486215baec6a,clean,s4,4,0.519331,0.678783,0.698727
6c7e1603-3dea-47bb-b7c4-31d73a350ca1,clean,s3,0,0.647256,0.746812,0.940084
6c8c06dc-73ba-4d66-8336-2d430626a5ec,fog,s5,2,0.403570,0.573682,0.578300
6c92ceba-8283-47b7-81d4-6c128b5d49cf,fog,s5,0,0.697750,0.819467,0.835835
6c93c9af-05c0-4d70-985f-65eb2802502f,fog,s5,2,0.284586,0.375312,0.551557
6cb7cdaf-4297-4cac-8bb8-89dfe6679a40,shot_noise,s2,1,0.585843,0.677162,0.929893
6cecd129-79e8-4ea5-bf4c-4ad305e0e8a7,fog,s4,4,0.478376,0.639220,0.669184
6d06de1d-4d24-4471-9682-b7e49a0b4ea8,fog,s5,3,0.454547,0.596210,0.696304
6d0ad03f-2ee6-4f8e-ba56-fd48cafb446e,clean,s5,0,0.352256,0.493866,0.574582
6d1d6da2-ee90-4a0d-abf1-c62e7fe9e8e9,gaussian_blur,s5,0,0.650005,0.785018,0.801205
6d26b4f0-21c7-41b5-9e30-35034a8ea48b,shot_noise,s3,4,0.335075,0.467054,0.567445
6d34f1ab-534a-4f51-bbf2-0e518e891182,gaussian_blur,s5,1,0.594993,0.744728,0.751355
6d3f61e7-0b14-4937-b488-cbff2bf85eb3,fog,s5,2,0.698481,0.820802,0.831825
6d476212-ca50-4701-9318-abba7d3926dd,shot_noise,s3,4,0.594748,0.688056,0.931261
6d4b92c3-ff4f-4b9f-9842-be991eb66ccc,clean,s5,5,0.770415,0.870297,0.870505
6d4be08e-647a-474e-8778-e0787a8aa64c,clean,s4,5,0.514208,0.656805,0.744368
6d4d0d49-1108-4552-819c-73e5e0a86dfc,shot_noise,s4,4,0.623545,0.745473,0.857135
6d4e8844-5596-4359-9cd0-ff3323bcf575,gaussian_blur,s5,4,0.445466,0.572889,0.718148
6d51142e-2b53-4ab0-b2f8-2ac437268eff,clean,s4,0,0.837141,0.910295,0.923129
6d517917-25cf-47cf-9bf2-c641ad2ed2b4,clean,s5,0,0.853369,0.920884,0.920885
6d57667c-8b01-496f-a008-8f1a6bee0187,shot_noise,s5,5,0.390050,0.558167,0.568075
6d5b4309-03e6-42de-b06d-f0b0d8ed0349,shot_noise,s3,0,0.816006,0.889716,0.979982
6d6c912a-f76b-4472-b676-b8759ff50b45,clean,s3,2,0.537239,0.664909,0.800601
6d9d5736-b561-4ad3-87d9-5f4c8c93b9de,shot_noise,s4,5,0.511737,0.666537,0.708450
6da48413-6b74-463c-b865-34a29f6a84fa,gaussian_blur,s4,4,0.585419,0.733907,0.755776
6dadb55e-a4eb-468d-a5aa-fd66c1f2516c,shot_noise,s4,1,0.328101,0.458298,0.560165
6dcf94ea-aeb1-4942-bb00-afbc7db3ecd1,fog,s5,3,0.510400,0.641383,0.771952
6dda27fd-7a60-469f-b2b1-3175af7034a2,gaussian_blur,s4,0,0.698001,0.806514,0.902928
6de7bf81-9bfa-4b0e-a698-8dbb34638a7b,gaussian_blur,s3,5,0.427844,0.560940,0.686624
6de8ce5a-f902-4a7b-9689-6dd9d646b340,clean,s3,1,0.588703,0.669616,0.957514
6dea71ba-5fb8-45a2-88df-0d1e42061a96,shot_noise,s4,0,0.574135,0.721046,0.759627
6df070f3-9d53-4398-b439-70f2c61a89af,gaussian_blur,s5,0,0.212597,0.331876,0.378745
6e0596fa-7857-48e4-9e62-8cc32d07bc13,gaussian_blur,s5,0,0.568459,0.712002,0.769520
6e06d0e7-6ab2-46b9-8b8e-94feebaf4eec,clean,s5,0,0.638513,0.777628,0.787264
6e16afaa-532d-46b1-85cb-bbf51044e59a,fog,s5,2,0.581056,0.734915,0.735430
6e29d8af-b47c-4094-bba8-f3303e1928ba,shot_noise,s5,3,0.454144,0.605830,0.672293
6e32bc93-a701-4eb2-889f-3213c5b686a8,gaussian_blur,s4,3,0.474036,0.609116,0.730331
6e512138-38fc-4f26-84d1-9f6f9a00fa91,fog,s5,2,0.417695,0.513994,0.744126
6e550a9e-a152-4f8d-ba47-39297c33dd59,fog,s5,1,0.527038,0.680775,0.720032
6e5b658b-aa3d-4c73-b5e0-88d0939133af,gaussian_blur,s4,0,0.378171,0.545047,0.557051
6e5dec3c-49d2-417e-bd4a-77d881a2af4b,shot_noise,s5,0,0.764253,0.865845,0.870330
6e634661-387b-4ba3-b2d4-afe6843e7806,clean,s4,2,0.710837,0.824290,0.869067
6e6cd180-5cc8-4723-a9c4-661e98043d30,shot_noise,s4,5,0.742515,0.850178,0.865954
6e70f96d-ed95-403c-aeee-5c37e9d1a0b8,fog,s5,4,0.760719,0.863449,0.868868
6e78e35e-0133-41d9-b71d-a4253fcf8457,clean,s5,5,0.561005,0.717020,0.724975
6e9206be-2b5d-403c-9923-924f781094f2,fog,s4,1,0.653457,0.772161,0.870523
6e9d95be-7d75-4013-9ba9-8d1869b32024,fog,s5,2,0.522921,0.640682,0.814901
6eb6b493-3da6-4076-b811-f78abb82c1db,shot_noise,s5,1,0.500104,0.666635,0.667129
6ebf6406-8f44-41b3-aded-e171408ab237,fog,s1,1,0.484840,0.492303,0.969680
6ec0683b-b091-422a-968c-78e03b2b4f96,fog,s3,3,0.427670,0.461015,0.855339
6ec85a92-28f7-4d60-aef3-d470dc1a8594,shot_noise,s5,3,0.628270,0.771574,0.772267
6ece9b89-8847-40b8-9c9b-be104cd25248,clean,s4,4,0.507584,0.626411,0.799083
6ecfa0e0-88fe-42c8-9dfe-69f8912d4381,clean,s4,4,0.841796,0.912764,0.929451
6ed67664-42fb-401d-bb96-5371aa0048b8,shot_noise,s4,1,0.621700,0.757619,0.804299
6ee2aff6-3609-4866-8665-3b559973d95a,clean,s5,4,0.623372,0.767909,0.768373
6ef77550-ef23-4f73-9da6-44f3c0044a7b,fog,s3,0,0.781699,0.865948,0.963467
6ef95724-cadf-41ce-a6ee-ec575b24b91b,fog,s5,1,0.553599,0.702815,0.745819
6efada8c-9ee4-45cb-9a1c-ce7f78b2898d,clean,s5,4,0.562228,0.719296,0.721492
6f08e163-204a-461a-b355-29b59c7ae2b1,gaussian_blur,s5,2,0.497851,0.664459,0.665632
6f0d57ed-e0c8-44b5-8a3e-20519bc0e8dd,fog,s4,2,0.403840,0.557513,0.615616
6f215732-6930-4b65-a8a8-c35f31ae3971,gaussian_blur,s5,3,0.720006,0.835131,0.849845
6f2792b7-3db9-4c80-bd19-30c6a3ccdce0,clean,s3,2,0.478923,0.537695,0.885536
6f364582-11c0-4299-9aba-4744c73f83cf,fog,s4,5,0.563851,0.710680,0.757141
6f39d835-e0fa-4f8f-96c1-9f07bea3a2e9,fog,s4,2,0.690415,0.809786,0.854037
6f4d8818-bbaf-4378-a1b8-6844581f3321,fog,s5,3,0.573238,0.728433,0.729856
6f57237b-f733-4242-a0d6-4136c0dcb9d1,gaussian_blur,s5,3,0.348002,0.510925,0.527357
6f63e283-cbcc-4bd2-aa3e-564674dac4b9,fog,s3,2,0.458370,0.581214,0.741772
6f68e716-8f87-4882-b140-396f106eb6e6,clean,s2,5,0.635196,0.729561,0.951968
6f727daa-8af2-4fe7-9011-b66243a82d99,shot_noise,s4,1,0.696119,0.812897,0.863279
6f7c88d4-909d-412e-ac44-f4d9a85fe576,clean,s5,5,0.205798,0.339273,0.344485
6f855ea3-455a-4c70-a832-c439d638612a,fog,s4,3,0.542561,0.701712,0.709296
6f898891-30a7-4ae7-9aec-84eda1c0f95e,fog,s5,2,0.457274,0.599688,0.697237
6f8aba70-5237-42b7-8412-020ca7b39c15,gaussian_blur,s5,5,0.428816,0.524204,0.760048
6f922982-9a7f-4c87-a6b5-442e2066284b,clean,s5,3,0.199453,0.330561,0.335579
6f9dadb9-8515-458b-a0fc-8d8460f3e629,gaussian_blur,s4,0,0.555412,0.704622,0.746480
6fc4b517-c0be-4af8-899b-593a8c0120d4,gaussian_blur,s5,2,0.444966,0.615448,0.617018
6fcf9145-f7bb-4543-93ed-f025027be13e,clean,s3,5,0.554957,0.646936,0.903147
6fe5848b-f25d-4d75-8059-bda4e1f06ba1,shot_noise,s4,2,0.836857,0.908458,0.940960
6fec49da-a3a4-40cd-becd-956e94630a68,gaussian_blur,s4,0,0.505250,0.619448,0.807616
700fb8e2-dbf0-443f-a1ef-b9b302d3f720,fog,s5,0,0.625294,0.767231,0.779003
702c4385-15c7-471f-a6b8-caff16cef928,clean,s5,1,0.679852,0.806134,0.826363
7030f997-dfb4-4158-83db-ffca36501130,fog,s5,0,0.662124,0.792204,0.818456
70395d3b-fed6-4674-ac50-ffd0c64991f8,gaussian_blur,s5,5,0.574773,0.724820,0.748709
70425903-0af6-464e-b033-4959c57da97f,gaussian_blur,s4,0,0.724343,0.835899,0.865968
704bb840-61ed-4903-a5eb-9550e38f8982,fog,s5,1,0.473941,0.641511,0.647509
705aabf6-11ee-4fd5-b2af-c18d63278ab6,clean,s4,0,0.329497,0.495607,0.495801
706557e4-a6b8-4641-8157-16099545667e,gaussian_blur,s4,2,0.501581,0.624418,0.784299
70831c78-7c54-44cb-9e71-852e8490619c,fog,s4,5,0.471971,0.618724,0.700432
7089bb77-e831-463c-9225-bef08b48939c,clean,s5,5,0.684408,0.810947,0.821592
708a45a9-bed1-4ffa-bfb2-b7a515194b69,clean,s4,4,0.654933,0.780000,0.843728
708bf6b3-a93c-4e2e-9955-60d29dbf3a55,fog,s3,0,0.409347,0.526695,0.695435
708c8af8-3e8d-42d3-866b-18230c78ae2f,gaussian_blur,s5,0,0.627416,0.768598,0.781685
70923fb9-29f5-4365-b86b-85c8b5303fc3,gaussian_blur,s4,3,0.650471,0.779427,0.828110
7094ccf9-4549-42d8-a35c-884d74b3edb2,clean,s3,3,0.549681,0.620638,0.943419
70a13df7-a85a-490e-b93e-bec7a516c8c4,gaussian_blur,s4,2,0.262717,0.415298,0.417509
70a16d13-24dc-4d92-9c09-bfe356372f09,fog,s3,4,0.435136,0.535861,0.758390
70a568cf-36da-4adc-a9f6-7825899905bb,fog,s5,0,0.680880,0.808017,0.821243
70a7578c-41f0-4dc5-9d51-a52a3808d075,fog,s5,3,0.756389,0.861071,0.862948
70b050b8-df45-405b-8d5d-360f721f2635,clean,s4,0,0.674721,0.784564,0.904210
70b6309b-6e45-462e-8725-9f614fbaa138,shot_noise,s4,0,0.837037,0.907191,0.955456
70bb4db6-f033-4029-9689-0d60fd3c3dcb,fog,s4,1,0.584662,0.731420,0.762032
70e0db04-83f3-4ac3-9006-fa34f0d793fa,clean,s4,4,0.688483,0.807320,0.857982
70e48258-873d-4920-8a8b-237a5eaded41,gaussian_blur,s4,1,0.511283,0.662487,0.718498
70e56ef4-b464-4fb5-8136-26302dae87d3,clean,s4,4,0.498961,0.656744,0.691958
70ecde23-0ecf-491a-99ec-68fd5208f9ed,shot_noise,s5,3,0.771713,0.869769,0.881750
7102a0ef-ef60-463e-bcd9-d8d6d83697ab,gaussian_blur,s4,2,0.412654,0.468588,0.801829
7104b436-6fdc-4916-a5b3-9610871c8025,gaussian_blur,s4,0,0.782226,0.874942,0.900721
710cc7f9-dd1d-4bd1-9486-53d556536f8c,fog,s5,1,0.466522,0.634692,0.640437
7110f5d5-ed63-4aaf-8b13-929965aa9db9,clean,s5,1,0.621138,0.765292,0.770587
7111f606-5858-4b6b-8c02-bd07b1435d79,shot_noise,s3,3,0.405179,0.447623,0.810357
7112eb14-4e7c-4b62-b620-273737bdbd8c,fog,s1,2,0.335683,0.418295,0.647634
7122f02c-a74f-46f4-b574-638e01d8982b,clean,s3,4,0.540629,0.609794,0.937691
713aa83d-c31a-47f1-8abb-69679ce5d80f,gaussian_blur,s5,1,0.565137,0.717849,0.737425
713d7a14-4b3d-431a-a162-7b5864a68aa4,clean,s5,1,0.398974,0.566498,0.579339
7159269b-2966-45c5-acbf-b923b7bca838,clean,s4,1,0.729495,0.835270,0.894117
716122e7-1ea3-4b5f-94fa-083da2e741b1,clean,s3,5,0.533276,0.580992,0.969134
718bb3bd-4090-4598-8449-9f1477db2872,shot_noise,s5,1,0.687729,0.814780,0.816035
718fd210-d72b-46d5-85f0-dc2e468a9905,fog,s4,4,0.272521,0.419344,0.443771
71947334-ff6a-4f0b-a24d-374a88e8da5a,clean,s4,5,0.888802,0.940025,0.959515
71951add-9b9f-454c-9f57-b00374a70cd3,shot_noise,s4,1,0.435736,0.605600,0.610502
71b2968a-520b-4d04-9209-d01b64bfc619,clean,s4,4,0.492149,0.659147,0.661131
71bfba7d-0791-42f4-96f4-fe94e421212d,clean,s5,3,0.551570,0.709900,0.714716
71cba849-0808-40cc-a002-5e9386955107,shot_noise,s4,0,0.633020,0.747541,0.885131
71d111cb-9694-4312-a7ea-f87e44ea642a,gaussian_blur,s5,4,0.476039,0.644457,0.646611
71dda48b-9bfe-40ec-a22d-16835bf2f24d,gaussian_blur,s4,3,0.690891,0.807599,0.867051
71f9650a-2bd3-4564-8798-2d57829174d7,shot_noise,s4,4,0.507891,0.666035,0.696426
72068be8-90aa-4b0f-9c22-91fb53598edf,fog,s2,0,0.441443,0.468900,0.882885
72087018-2150-4855-a5d0-71a4175d09a1,clean,s5,0,0.588457,0.737090,0.755472
72165567-97d1-4571-b331-11bc65895b31,clean,s5,1,0.655944,0.791976,0.793447
721a3aae-ac85-453f-bbfa-15c93efff6f0,shot_noise,s5,5,0.468565,0.626430,0.669435
721b4357-8ab0-4758-83c5-dd64411a0e03,gaussian_blur,s1,0,0.473608,0.486446,0.947216
7220ebbe-d837-42dd-b841-e1e0eacd7346,fog,s5,2,0.815063,0.897229,0.906679
72328073-849e-4c1a-a6b4-80bc6abb86cd,shot_noise,s5,4,0.504843,0.670154,0.673394
72431095-8d7f-4938-a9b0-b55c70c5e15d,fog,s4,3,0.454495,0.611684,0.659120
72442da6-57c0-462f-b06e-5c3d3bcdf321,gaussian_blur,s3,3,0.791469,0.875270,0.950362
72452100-ee6f-49c0-8da7-6b5b8690c854,clean,s5,3,0.652578,0.788306,0.796683
7251b681-82c7-4f2c-8271-ff8f2dfa95c4,gaussian_blur,s3,2,0.459593,0.526169,0.848368
72521f17-3712-4d3b-9e78-a74ab0f19fc6,clean,s5,4,0.725877,0.840177,0.847376
725e4f3b-79c0-4b52-b9c9-4249cfbe318f,clean,s5,3,0.802023,0.889399,0.896799
7263c6d0-65a5-450d-88aa-818bdce90cf0,gaussian_blur,s4,1,0.627811,0.754004,0.841893
72684ab2-54ad-497e-8117-00732511c0e6,gaussian_blur,s4,4,0.633177,0.761618,0.833179
726dea5c-3295-43e9-a2d4-7bc6c16a81d0,shot_noise,s5,4,0.803002,0.889706,0.900101
7290d522-00d2-41b6-a18a-daa925233712,fog,s4,4,0.592138,0.723664,0.816795
729d7cc8-9fe9-4d7c-94a5-a69bab6afd80,clean,s5,2,0.455791,0.618321,0.646757
72a30ff7-4e75-4b04-8c29-8dac2984edc7,clean,s4,3,0.562525,0.708900,0.758224
72a5b1d9-30c8-49f4-a4cc-b255a18cc839,clean,s4,5,0.706760,0.820198,0.872634
72a72e3a-02dd-4716-bb5a-4d7a1f62b41e,shot_noise,s3,0,0.550707,0.645722,0.892448
72aa6263-3f01-41b4-9e6b-a80a640dd088,clean,s4,5,0.684828,0.802568,0.865445
72b86249-80b2-4b21-a881-7220f1627954,clean,s5,3,0.662626,0.796816,0.798400
72cec222-7040-495c-8135-094b470085ae,shot_noise,s4,5,0.781100,0.870306,0.929472
72e152f3-164d-4b75-8964-d2e8a7542fee,gaussian_blur,s5,4,0.691406,0.816059,0.825670
7300a3cc-c567-4545-b1aa-da7d28ffa4d2,gaussian_blur,s5,3,0.458065,0.627950,0.629312
730fdf37-aef8-4871-bb1a-19b2409d76a4,gaussian_blur,s5,5,0.338019,0.403355,0.676037
73120f61-3b75-497e-b1b1-31c7ac434bfe,clean,s4,0,0.412660,0.581933,0.589728
731d9efd-4495-43a5-a4c7-4a4044646924,clean,s5,0,0.530611,0.692392,0.696387
73394d8f-d928-41ba-bcc6-bfc6bce243e5,gaussian_blur,s3,4,0.440135,0.487139,0.853221
73400db7-46e8-4547-9103-47971c2da982,clean,s3,3,0.052173,0.098440,0.099984
73461c0e-f993-4d4a-89d3-760c1ac452ce,gaussian_blur,s5,2,0.636779,0.778064,0.778198
734852cd-abff-478d-ab0d-4e9e36478a65,fog,s4,0,0.484773,0.589351,0.807970
734d08df-4c7b-4df7-8c1e-859e7659cc01,gaussian_blur,s3,3,0.543294,0.639174,0.883925
734d504f-5eec-4f0b-9644-214390fbbd74,shot_noise,s3,1,0.444453,0.574077,0.712395
734d8911-5882-4d3d-9bd3-a976ab68bf13,gaussian_blur,s4,1,0.708814,0.819143,0.887408
734e6a8c-c308-48df-98d5-d96622f96478,shot_noise,s2,4,0.483547,0.491636,0.967093
7350ba1e-f58c-42fb-844f-9bf30004af57,clean,s4,4,0.700759,0.814468,0.875728
7364d50f-98de-4baf-b4d9-0a1ca6beacc2,gaussian_blur,s4,3,0.508527,0.649859,0.743731
73706e48-5752-4fff-abc6-38b63d9cca12,clean,s4,5,0.605606,0.749794,0.772629
7370fd2f-630a-4f28-8e76-29a20cdad9e0,fog,s5,1,0.720456,0.835904,0.847349
73866441-c1fd-4ec8-abbd-019d1a2a12c9,shot_noise,s4,2,0.443114,0.469841,0.886228
738b2f7c-ed05-49a1-8412-06f96e86f725,gaussian_blur,s4,5,0.348547,0.516768,0.517243
73984464-3d1b-46c6-a579-851ad0b862cb,gaussian_blur,s4,4,0.502997,0.644718,0.738588
739e5f71-0a91-4cf0-93b7-68489f948571,fog,s5,0,0.652547,0.788273,0.796709
73b9cbd3-e0ae-4923-a54a-b975f0af122f,shot_noise,s4,0,0.593327,0.739578,0.764683
73bb89fd-e977-4f46-ae63-3e0146b2651e,gaussian_blur,s4,5,0.693716,0.799334,0.917989
73c3a6ce-a777-41e4-886c-3e4dffa84e86,shot_noise,s4,3,0.670031,0.799493,0.817003
73cc8fcb-8c31-4e58-88c6-128325b68aea,gaussian_blur,s5,4,0.428266,0.495685,0.805952
73d43b71-ba50-4bbe-bd1b-838969640ec6,clean,s5,4,0.621138,0.765292,0.770587
73d7ae39-f355-4a2c-ab03-c140a551658d,shot_noise,s2,0,0.441443,0.468900,0.882885
73db6a06-d45f-41f8-8491-fab35bc61dd4,fog,s3,3,0.626462,0.734896,0.904027
73dbd3a9-1acf-4eef-83f6-d00e87f6ab96,shot_noise,s3,5,0.167489,0.267341,0.313649
73e81f86-d27b-40eb-a2dc-8a3ee2384c8f,clean,s4,4,0.373323,0.534244,0.563932
73f53e21-d790-4b47-9a22-db2fa7253568,gaussian_blur,s5,0,0.706523,0.826363,0.837605
73f5c10f-1d81-46eb-a2b0-bc3c48a972b1,clean,s3,4,0.276276,0.387065,0.507787
73ffa228-b75c-417d-ade0-e21825a362f5,fog,s5,3,0.786789,0.880288,0.883890
7401b3df-8d44-4522-bd84-51990c35d2ee,clean,s5,5,0.581848,0.709212,0.826595
740b4915-8390-4521-ab77-f5b97472c9d4,clean,s4,4,0.702936,0.822820,0.841009
740fdfa1-814a-4834-9802-d8b802921ef5,clean,s5,2,0.530611,0.692392,0.696387
7415d321-cd3b-47ce-b66e-1014373beeb9,clean,s5,4,0.432409,0.596341,0.622107
7419985b-f28f-42ac-8e46-c0a95934d47c,fog,s5,3,0.623499,0.767873,0.769039
7428eda4-5fbf-4b11-8ae5-01cfd30e8683,shot_noise,s5,1,0.722147,0.836159,0.853920
742c4653-5bf4-4300-82fe-02ffbfb65634,clean,s4,1,0.502982,0.607666,0.826437
743675aa-8116-4308-8c43-a3af027321da,gaussian_blur,s5,0,0.436065,0.607240,0.607471
74474543-3db6-4d85-a297-ad767fbfd8da,fog,s3,2,0.326214,0.461003,0.549360
744b8d19-7113-4df4-b4be-cf99d5906a41,fog,s5,2,0.614325,0.754103,0.789515
74617a68-39ed-4e6c-8f37-8a54cbb66dcf,shot_noise,s4,5,0.369714,0.445667,0.709728
7462feac-5336-4b7f-bd9a-759f5bffaf21,shot_noise,s4,1,0.759986,0.854526,0.926191
746aecd7-3378-4d40-8951-9dd6affbb0a1,gaussian_blur,s5,2,0.591286,0.742071,0.747355
74753c76-4b93-4de4-a448-43d892480344,clean,s5,4,0.658624,0.790980,0.809495
74787abf-7244-43d7-9458-7ed993c9b281,clean,s5,3,0.394709,0.561207,0.576955
74864668-4861-447d-be48-b2c0e77f9d1e,clean,s3,2,0.080636,0.145703,0.153377
749317d2-17fe-48f6-8620-1bb2f1f93f23,fog,s4,4,0.484896,0.565332,0.855035
74938038-a8b4-4939-a0eb-199fc941d489,shot_noise,s3,0,0.551068,0.648065,0.888160
74ae0a14-3495-4f80-aaf2-a4eb20c3b35b,gaussian_blur,s5,0,0.714390,0.833330,0.833851
74af8ee9-24c4-4914-90f7-8f4a48b81058,fog,s5,2,0.691098,0.816116,0.823976
74b1237b-6f6d-46b7-a5fb-5396ccf0dec6,shot_noise,s5,1,0.738343,0.848481,0.856069
74b575a8-2c01-4b1d-92d3-41a482d22013,clean,s4,1,0.788868,0.880278,0.896144
74ca4ea9-d1c9-4219-862d-363c9cdfe004,gaussian_blur,s2,1,0.292142,0.398378,0.541616
74caf71f-72c5-490d-b758-8b9f9f7ffa8b,fog,s5,3,0.690441,0.815331,0.825248
74d12e89-d622-4fac-8195-849ff31a5041,clean,s4,2,0.442333,0.469402,0.884667
74d16a72-8db4-43b3-90c7-e99662339231,shot_noise,s5,2,0.711255,0.829861,0.839527
74d4f609-8388-4fd0-a715-4cd45f252a0c,clean,s3,2,0.457588,0.477855,0.915176
74d60e06-4f98-454e-bac5-55d194cd3cc7,gaussian_blur,s5,2,0.617163,0.758684,0.782256
74ee8f41-cdd0-46df-81ff-5cf19dca3a78,shot_noise,s3,4,0.464801,0.481758,0.929602
74ff7a85-9d97-449d-be7a-d6b27942a98b,clean,s5,2,0.713685,0.829945,0.850443
751c780f-ba16-4cf7-aa5f-d181e16fdb89,gaussian_blur,s5,2,0.374511,0.542506,0.550251
751c9f84-4fa7-4488-aae8-5efd7099a8a8,clean,s5,2,0.839484,0.911994,0.921205
75266249-4d24-44e7-a552-c7a5e3dc1d78,gaussian_blur,s5,1,0.637337,0.776024,0.789579
752a38a0-fa09-4e47-9b0e-04a4af3675c9,shot_noise,s5,0,0.539189,0.697436,0.711120
7537f797-295b-4715-919b-b62e97cdfefa,gaussian_blur,s2,4,0.484719,0.548191,0.884795
7538ba85-d760-4b9a-bc3a-b016b2ccd9f7,gaussian_blur,s5,3,0.675739,0.806244,0.807803
753c597e-c568-4ce1-919b-e13f1bfc6df4,shot_noise,s4,2,0.763848,0.857969,0.923472
7544dd1d-37cc-4cb4-94e6-15791c3f4d02,clean,s4,0,0.607004,0.751737,0.770395
7545c680-85e9-4fb4-abf6-b01122ef9773,fog,s3,0,0.460551,0.479465,0.921101
755c9a2e-c5dc-4de5-9910-1dfe27047efa,gaussian_blur,s4,3,0.617222,0.745006,0.835099
75712032-d84b-4714-8f28-30a31a3ca3d2,shot_noise,s4,5,0.864995,0.926176,0.947056
759e9e9f-15af-475f-a3e3-9033a84ed2e1,fog,s4,2,0.793965,0.881289,0.917680
75aa32a3-8178-44d3-86cd-d96456f29f8e,gaussian_blur,s4,0,0.430105,0.601351,0.601879
75aba7f9-0aad-4094-8d4d-cf8e26fea0b4,fog,s4,4,0.402958,0.563346,0.599850
75b76654-9434-4b7a-a9c2-491abdb9d925,clean,s5,3,0.477997,0.639773,0.666370
75c5bd89-8464-4ff1-b0ad-fb31a9906c6e,gaussian_blur,s5,4,0.758277,0.862363,0.863685
75c64875-fbf3-4a19-b032-54e405503538,gaussian_blur,s5,5,0.670432,0.801258,0.809988
75c8c56c-fc23-4d6c-9c43-e6f35863717a,gaussian_blur,s4,5,0.708284,0.820570,0.877520
75dcd071-51f0-41af-be5e-76650582b888,clean,s5,4,0.718168,0.835545,0.838555
75e22e58-a4b5-4f4c-a7e4-c953a7fb5f5a,fog,s4,1,0.519026,0.672996,0.715082
75e6f42a-caf1-4a96-b98a-6ab6f9805dda,clean,s4,5,0.675256,0.786661,0.897516
75ece718-27be-49f7-9909-6723699ec03e,clean,s5,5,0.681483,0.809792,0.814682
75f98e3d-1ddb-41ae-bab4-32e655fc99fb,shot_noise,s2,5,0.480728,0.490175,0.961456
75f9ddc2-48f8-40a9-89e5-245a15e9a5f2,shot_noise,s4,4,0.617742,0.745481,0.835328
75fe4b38-5a40-4db0-94e0-3fa951466d21,gaussian_blur,s5,3,0.555096,0.710051,0.727200
760b1605-6693-42ce-8707-68f830166fdb,clean,s5,0,0.671493,0.802502,0.808337
7619f277-76cc-4ede-8081-2628a7c37f49,clean,s3,0,0.532792,0.647100,0.831465
762a4c99-5933-4dff-90dc-d7d5c5f105cd,clean,s5,3,0.623215,0.766510,0.773733
762bbedf-1e1d-4f3c-8863-35c868377ac7,clean,s4,2,0.589259,0.735200,0.765541
763adc68-3c69-4ef7-8092-af0ac6b7c106,fog,s4,0,0.631440,0.760787,0.829698
7644e952-b534-4139-a8a8-cd9c19921b8f,shot_noise,s4,3,0.515133,0.670097,0.709952
76551a61-66ff-490a-b756-79b7c700de59,clean,s4,5,0.785163,0.875572,0.912460
76563dfa-637a-4700-b5dc-06a1a523f7e2,fog,s4,1,0.714081,0.822346,0.894256
76649d0f-8f21-489d-8b83-c90b0226dc4f,shot_noise,s4,2,0.644880,0.780899,0.798741
7679df86-21dc-49be-91d8-b2354a55f3d9,shot_noise,s5,0,0.335656,0.502129,0.503573
768055c6-7075-4282-8388-54d443590ac8,clean,s4,0,0.677427,0.803695,0.828091
7690a7d9-4feb-4ba1-8547-eaec13e25e01,gaussian_blur,s5,3,0.344031,0.505954,0.524054
7697a7fa-4d5d-422b-818b-9f57bc5dfd5e,fog,s3,5,0.686027,0.789120,0.930715
76a1236f-2ce4-4210-a520-fc398cdb80ed,fog,s5,1,0.557489,0.715099,0.718631
76b12fd4-7d99-4707-9b0c-01c1e47c8487,fog,s5,4,0.596981,0.745104,0.757574
76b319c2-ba38-4f8c-a534-a1de17e0460d,gaussian_blur,s4,0,0.297799,0.435093,0.501125
76b97a85-506e-4728-9284-b1b202c7ef9b,fog,s4,2,0.462873,0.583347,0.751584
76be63b9-27c2-4ab6-93d3-cea013d3d30b,fog,s5,5,0.456764,0.624221,0.634737
76c60d6f-3e79-4eb0-a08e-c2be0bca8a53,gaussian_blur,s2,4,0.481957,0.490812,0.963913
76c8fd8f-f58e-4a33-90d1-2bb4bf2df741,clean,s5,5,0.401022,0.566786,0.585595
76ce929a-8759-43f5-bfd8-8629d08131af,fog,s5,5,0.398888,0.564765,0.582995
76df6368-5020-450d-be5f-692ef54a21fc,gaussian_blur,s5,2,0.430889,0.602259,0.602288
76e43708-f1e9-4a98-bf3c-ed3c0c98a17b,shot_noise,s5,3,0.557912,0.709991,0.737744
76e522f5-dea7-467c-b395-a47836865491,shot_noise,s4,1,0.630511,0.765338,0.807707
76e9530a-cb90-40f7-9269-ae0e2d823bf3,shot_noise,s4,1,0.596852,0.741569,0.770625
770a92e0-7fd7-48bf-8377-72327d6ca99f,shot_noise,s5,2,0.371697,0.532426,0.562325
770cb9b3-380e-4dad-ae26-9cba6caf9832,gaussian_blur,s4,4,0.676724,0.786256,0.905176
771e9f59-76ce-4de3-b7ab-9008aaefe9a5,fog,s4,1,0.728202,0.839234,0.864464
7722ed84-85cb-480d-8b5d-d190b82385d6,clean,s4,2,0.626219,0.758600,0.818016
77343dba-7001-4c80-93f6-b5735d6a8b14,shot_noise,s4,2,0.624647,0.755364,0.824555
773445b5-b3d8-4119-b33b-0ff9f5d84831,fog,s5,2,0.257474,0.404345,0.418180
7742e311-ca50-49c4-bd41-fbdd9da0925b,clean,s5,2,0.714894,0.828804,0.862624
77451fcf-dac7-4aa6-938f-acc53534cc1a,fog,s5,3,0.428456,0.513128,0.778084
775419d4-7c9d-4fb2-83bb-06aecf9ea3eb,shot_noise,s4,1,0.783119,0.871112,0.934679
775622cf-cdca-49cd-85e1-05321e90da6d,gaussian_blur,s5,1,0.651706,0.788211,0.793473
776a24ab-0490-4c4d-8ff0-056a53c3f450,fog,s4,3,0.639991,0.767272,0.837237
776a56df-1570-4cc9-8b51-6f637a7c73d9,shot_noise,s5,3,0.541149,0.684899,0.757386
776a85c2-54f3-44b2-bbdb-73acb59ea6ca,gaussian_blur,s5,2,0.764460,0.865664,0.872796
77762b76-d02d-4a09-ae4c-acd625cc3f70,clean,s5,0,0.573740,0.721871,0.755285
778ca3b8-5bba-4f7a-bdde-0568fced5e38,fog,s5,5,0.359570,0.527418,0.532181
7793375f-a153-4489-9fc9-bec150295b37,gaussian_blur,s5,1,0.439119,0.610261,0.610261
77a15130-bf96-475f-8f6c-14f670e05c78,clean,s4,1,0.337657,0.475884,0.560112
77a86cb6-9c70-4df0-ae72-379279432857,fog,s5,1,0.413270,0.576332,0.604931
77a982d4-a3aa-4121-ba77-f40159c86e71,fog,s5,4,0.258378,0.385530,0.451538
77ab1770-a529-4453-8ea3-8846db78a154,fog,s5,3,0.395278,0.566442,0.566944
77b29195-0011-4125-a1f7-658d62d65709,clean,s4,1,0.762876,0.861919,0.891351
77b87db4-4781-490e-b791-c356a4f0d426,fog,s5,0,0.234747,0.365962,0.402745
77bc1ef3-83b8-44c9-96e8-3867afcf8cee,gaussian_blur,s5,2,0.680046,0.808086,0.817221
77d63d2d-5c35-4d30-a3eb-c1a5a4752154,clean,s3,5,0.450588,0.542432,0.793499
77d81063-53a5-447b-a668-475f227ac8d2,clean,s4,4,0.594393,0.738572,0.772501
77da0072-7a5c-49e1-8ba9-3c0ba5305226,fog,s5,2,0.619924,0.763659,0.772629
77e0a0a6-372c-482e-978e-57830b5eb711,shot_noise,s4,3,0.619380,0.751923,0.817510
77e1768f-1d4e-40b8-a8e6-3f70e9e236e5,fog,s4,0,0.267518,0.417172,0.430592
77e3eb6e-0a32-4ded-8626-183511a480e7,fog,s4,1,0.314683,0.461471,0.510750
77ee4bdb-9e17-47b5-95f0-22b632e7e906,gaussian_blur,s5,5,0.631278,0.770852,0.787562
78012755-8973-4b1d-885c-aa7aac3e33d2,shot_noise,s5,1,0.628462,0.769610,0.781557
78036231-2840-4fe6-af2b-b2b3dea57511,gaussian_blur,s5,3,0.618713,0.760267,0.781901
780c856e-fcb0-4a89-93f7-f01a9dc1fe8e,shot_noise,s5,5,0.444004,0.593701,0.667291
780e48d4-d88e-47e9-9ee9-f739a44e75bb,clean,s3,0,0.454945,0.489227,0.891936
78133915-c0ea-4429-b694-3223021a77b9,clean,s3,5,0.509318,0.639480,0.773141
78143a9a-2bda-430a-a3b6-e4d6f62a5259,shot_noise,s4,2,0.589164,0.732945,0.773424
7816c555-c31e-4388-9bb6-a9fdabbe0d7d,fog,s5,2,0.402259,0.535498,0.656037
7828c308-575e-4231-98a1-09f72e20f572,shot_noise,s5,0,0.853369,0.920884,0.920885
782b8010-f3f6-4794-8e07-8e8999e0f4d1,shot_noise,s4,3,0.632689,0.757207,0.848421
7833c403-3d5d-44b4-bbb3-48e553557692,fog,s5,4,0.670904,0.803033,0.803093
78420eb6-982c-43be-8176-0f0fea851995,fog,s5,0,0.649817,0.787050,0.791006
78429336-86c9-4751-a3f8-5516983ffa36,clean,s3,3,0.816006,0.889716,0.979982
784556ac-ae67-405d-aafc-66377d86c4e6,fog,s5,0,0.764591,0.866126,0.870078
7845e13f-f1f2-4ac4-a3c2-864fd6c6a573,shot_noise,s5,1,0.357729,0.524654,0.531787
784d65d9-e83a-4e78-b584-534442681634,gaussian_blur,s4,2,0.747248,0.847085,0.909344
784df28d-638a-4d77-8c1e-2142d62aa273,clean,s4,1,0.688483,0.807320,0.857982
7850a29d-93b2-4848-acf4-842137257766,gaussian_blur,s5,3,0.347569,0.514331,0.518965
7851bc09-de9f-41a8-aaad-64b3c9ea51c8,gaussian_blur,s2,3,0.221175,0.322428,0.420979
785e84c3-9811-4f3f-97d5-5ade761282c9,shot_noise,s5,1,0.504922,0.644594,0.745403
785fb693-0fc2-4860-8304-96432a182c90,fog,s4,0,0.689480,0.810192,0.847877
7865f8bb-048e-4a13-bbe7-181e93846187,gaussian_blur,s4,1,0.679756,0.799106,0.860347
786aa8d1-c0c8-441c-a699-35f1eac1315f,clean,s3,2,0.611302,0.707070,0.935253
786caf4a-c24f-4635-81c3-153959c3757d,shot_noise,s3,2,0.700797,0.802616,0.932827
78777b62-8bf2-43d0-8486-e080ce77896c,fog,s4,1,0.554669,0.678182,0.823461
7879c3ad-2d69-45c9-ade8-0ae56c274d34,gaussian_blur,s4,2,0.704090,0.821993,0.850849
787e0ea6-1b03-4619-80bd-71419fdb75f7,gaussian_blur,s4,4,0.595718,0.744931,0.753371
788dbf98-e522-4959-a204-0fbbac903af5,shot_noise,s4,0,0.663954,0.794097,0.817211
788e1ae2-c51f-4997-939c-8429dc4144a8,clean,s2,5,0.335782,0.439210,0.616053
78a55de1-cb00-41e0-9ef7-21dd921db210,fog,s5,1,0.321492,0.475292,0.508032
78b7a3e1-6025-493d-8abb-f3c1a5d915af,fog,s5,0,0.550268,0.709617,0.710880
78cd8592-1286-4e82-9099-b89f160cdc0f,gaussian_blur,s5,5,0.649009,0.780451,0.817664
78d19241-eb3d-4e0d-a883-443601719415,gaussian_blur,s5,4,0.613259,0.758080,0.769339
78d474ff-d854-4d36-873a-7aa3c18e870b,fog,s4,0,0.674721,0.784564,0.904210
78ec207e-4b32-4647-9d00-6456f28dd2e5,shot_noise,s5,5,0.636220,0.775082,0.789181
78efb793-f603-4c3b-8bc9-9deb079bb173,gaussian_blur,s5,0,0.496067,0.661526,0.667995
78f64b04-ef3e-4564-bf72-f07fc0288176,fog,s5,5,0.692292,0.816335,0.828168
7902b801-a148-4707-b102-8350b29a536e,fog,s3,3,0.304480,0.439399,0.515739
7905c2d4-d0cd-422e-ae41-0ce0727e3dfd,fog,s4,3,0.267127,0.421610,0.421653
790649dc-f7e7-4a85-b314-b31e28d794b1,fog,s5,5,0.753804,0.858236,0.869397
79083544-a151-46c7-9df4-beed1646f9c7,shot_noise,s3,5,0.506515,0.634460,0.776315
79091ecb-5ff3-44a0-9ee1-f5bb4f9c0b6b,fog,s5,0,0.655172,0.784506,0.824891
790ae5cb-f2b3-4afe-a6a3-172560b1edcb,shot_noise,s5,2,0.587730,0.740239,0.740731
791af350-473f-4397-93f5-8aa03146f3fe,gaussian_blur,s5,4,0.729113,0.842817,0.846653
79328562-20c3-44c3-9f6e-3a12a9529d64,clean,s4,2,0.651094,0.773309,0.856498
793575f3-19b6-4c28-a011-eb897c264319,clean,s4,5,0.468140,0.632560,0.651808
793c798f-df2f-49c3-9e4b-2ddd20503d2b,shot_noise,s5,3,0.605949,0.749514,0.775057
79478676-7012-438e-a209-59dc4828da7c,shot_noise,s4,0,0.475868,0.573894,0.811423
794f633f-6b29-4ba5-9cd1-426d98346245,fog,s5,1,0.481624,0.639523,0.679556
795770d3-3920-40fb-88ad-f44f3739fea7,fog,s5,5,0.232787,0.376830,0.378992
795c5ab2-4828-4752-8c65-9bd9f566b8f8,gaussian_blur,s5,0,0.620822,0.761811,0.783890
795c7a68-19aa-4d72-9652-a8aa98e056dc,gaussian_blur,s5,4,0.446290,0.617021,0.617493
796412a9-d2ec-4999-8c30-a6bcbdccf843,gaussian_blur,s4,4,0.362506,0.531624,0.533168
796424e6-1c05-4a26-bd40-f1c8f9cace7f,clean,s4,0,0.445924,0.581653,0.700819
79664eca-3b8d-49d1-8361-64d0cb39fb5f,fog,s5,3,0.527148,0.688770,0.695509
79693acf-1b26-4fdd-926e-300e99244cee,shot_noise,s4,3,0.556798,0.695442,0.780553
797af630-63c6-4837-8b40-fae751d8f27a,shot_noise,s4,3,0.418367,0.533855,0.710216
798b476c-4350-45ad-8717-77d3625db364,gaussian_blur,s3,3,0.530041,0.594111,0.936101
7991eed6-c708-44b2-bc70-5cdaa6f0e6d1,clean,s5,2,0.554712,0.708189,0.732090
799ad7b8-6fa3-4d2d-a4e1-5a25d47abc4b,gaussian_blur,s5,2,0.603003,0.749095,0.765280
799b0f7f-fde6-4af9-bafd-d54979e72fbe,shot_noise,s4,2,0.650691,0.780438,0.824587
79a6359f-b2d9-4f65-beef-f2e5fa2b5ad7,clean,s5,1,0.721623,0.830999,0.881538
79a87a29-960e-4415-96cf-179ac85aae52,shot_noise,s5,4,0.644911,0.781437,0.796443
79ad9e68-7e1a-4443-9cab-a5c3afbbc1a4,clean,s5,4,0.739969,0.850509,0.850859
79b96b94-88e2-4359-a6e6-ffbcf1998313,fog,s5,5,0.393854,0.564774,0.565946
79bf5199-d192-4ec2-8e40-f7a6fda4e376,clean,s4,1,0.664660,0.783978,0.866024
79ca817c-bb9a-4137-9cf8-6ef488bd193b,gaussian_blur,s4,3,0.338063,0.503980,0.507968
79d513d5-d439-4710-b936-6cec5c337c41,gaussian_blur,s4,1,0.371208,0.540641,0.543157
79e4d16c-a8d5-4c18-b2d8-09f8c5cb955a,shot_noise,s5,1,0.729021,0.843064,0.844624
79eb9a93-4715-4e85-a8ca-defe2e41e59b,shot_noise,s5,1,0.734244,0.845140,0.857219
79f07ed5-e935-40e0-8956-0932ec2f6549,clean,s5,4,0.552619,0.710698,0.715851
79f8a81e-511d-489b-9a9a-994b75a35ace,clean,s5,2,0.546728,0.706648,0.707970
79fb9a71-080a-457a-b525-f8ba1f6fb50d,shot_noise,s5,5,0.555242,0.668322,0.851826
7a00d515-8b41-4f0c-9a48-a4b2b623d318,fog,s3,5,0.430323,0.463517,0.859314
7a0332f0-9da9-4e73-a91f-80974725620e,fog,s4,1,0.529655,0.677359,0.739494
7a0b620f-4dd2-44cf-b97e-b50664507d87,clean,s4,4,0.362504,0.420293,0.725008
7a1a2dc5-cecf-4dd4-a7a1-0f7b94191e66,gaussian_blur,s5,3,0.855035,0.921418,0.927386
7a22554a-cc4a-4e28-b2fc-8feca7620561,gaussian_blur,s4,1,0.621211,0.747208,0.842096
7a31c77e-71c3-4785-b157-0b22f9026496,fog,s4,0,0.568797,0.706446,0.788811
7a33ff88-0096-491f-ae68-bab87ef0b66d,gaussian_blur,s2,4,0.301527,0.407233,0.558000
7a35ca93-5ab9-46af-aaf7-f31a8518fa54,fog,s4,5,0.415638,0.576837,0.611723
7a437a2f-c183-4d42-830d-1f494d7e526e,fog,s4,2,0.484189,0.638064,0.692246
7a4d075e-9de6-430c-9ead-4b969f9e1f8f,gaussian_blur,s4,5,0.715795,0.830542,0.856885
7a4da526-2823-4738-9731-22b38cf47f44,gaussian_blur,s5,5,0.727416,0.838931,0.862500
7a4db243-12a6-4bb5-a2de-7372a3d6d6a3,clean,s4,1,0.594393,0.738572,0.772501
7a50d98b-b0ed-414d-9a6d-ea7157c7fbca,gaussian_blur,s5,2,0.550579,0.695072,0.759639
7a52bf58-88f1-4b60-a6b5-7b64f9bffae7,shot_noise,s4,3,0.733522,0.840026,0.885371
7a64744e-3c0e-4cef-b4b6-273969d5306f,fog,s4,0,0.723987,0.835652,0.865733
7a67c94a-012b-49ed-9567-7a8f8f35b73a,fog,s5,4,0.755249,0.859924,0.865101
7a72e000-bda2-4d4a-9d59-0da884f9cdcc,gaussian_blur,s5,2,0.544901,0.704211,0.709504
7a79ba23-0632-4e45-aa34-e4f67db68f87,fog,s4,0,0.677101,0.793567,0.874793
7a918ae4-7527-4402-8d5e-c1a555fa21a8,fog,s4,3,0.455731,0.604018,0.681936
7a92d4cd-8be4-4f39-8381-6604bb20033e,gaussian_blur,s5,0,0.747513,0.853673,0.868115
7a99d03c-33db-411d-a242-8be6dd2d8649,shot_noise,s5,2,0.815344,0.898280,0.898283
7aaad8f0-bd57-4c3f-9d57-7cac6c828d1e,shot_noise,s5,0,0.583222,0.710406,0.827736
7aafe1b5-4068-4c60-8a03-259debea749f,gaussian_blur,s1,2,0.466685,0.482769,0.933371
7ab33dc9-3cfc-4126-9716-642c0719cbd7,shot_noise,s5,0,0.446731,0.606651,0.645339
7acded5b-946f-4036-b612-dba1cb653a40,gaussian_blur,s5,2,0.301637,0.463306,0.463784
7ad419e1-8900-4555-9640-f94fb7a129c5,clean,s5,4,0.749711,0.856171,0.862396
7ad4fd3b-9169-44a9-8e8c-9a1ac63ec1a9,fog,s4,0,0.658328,0.772568,0.888048
7ade8077-5cfd-4e6b-9933-f8171c919482,gaussian_blur,s4,3,0.631765,0.752330,0.863176
7b00110a-62fa-4fa2-9d6b-b6b22092b235,clean,s4,2,0.739952,0.843122,0.897847
7b11e01d-488a-4590-9bef-360aa3142394,shot_noise,s2,1,0.526877,0.582715,0.947568
7b147227-8b03-41b0-94c5-be2d655398c8,gaussian_blur,s4,5,0.518991,0.677933,0.700114
7b14cd64-1750-4f86-b9a6-f839f4642684,fog,s5,0,0.393234,0.561191,0.572011
7b1b9b29-83ac-4046-ba8c-8fa74439efc3,clean,s5,5,0.365889,0.535231,0.536875
7b1f2d05-c307-4df1-b01a-b397ef29627a,clean,s4,5,0.551139,0.703081,0.736030
7b2078ad-c3df-44e2-b529-b1d9af85eca6,gaussian_blur,s5,1,0.475733,0.643891,0.647129
7b28a33f-7ac0-45ba-94a2-0b997a122690,fog,s4,3,0.643605,0.777323,0.809387
7b2a0db2-982e-41b2-ae60-777de33f9fd3,gaussian_blur,s5,1,0.470125,0.631500,0.661475
7b30c24d-ba40-482b-93be-1be1b2124bc7,fog,s4,2,0.602009,0.714806,0.880469
7b504ac7-1baf-4238-bb43-1574e876e723,clean,s5,5,0.644590,0.781544,0.794637
7b76bba2-b0a1-40ab-91e1-a9be1a97412e,clean,s5,5,0.699332,0.820462,0.837574
7b7c9f21-95ee-4914-836a-54f5e0c7ec6e,shot_noise,s4,2,0.233734,0.376349,0.383003
7b873f14-eca9-489f-9e80-7564588b9f45,gaussian_blur,s4,5,0.616334,0.743107,0.838637
7b8ebc87-5353-4b08-a0c6-3264bb67c3bf,clean,s5,0,0.650005,0.785018,0.801205
7b9c9537-1e22-4d17-ac6d-650e6f55c22d,gaussian_blur,s4,3,0.509068,0.649565,0.746341
7ba158cd-d35c-437b-817f-3d738169492c,gaussian_blur,s4,3,0.731486,0.838955,0.881979
7bd050c6-d822-4266-96f6-0d4a779dda92,gaussian_blur,s5,3,0.278520,0.366423,0.545019
7bdc6f3a-18f7-4ed1-a7c8-1470d844be60,clean,s4,4,0.698934,0.801221,0.931306
7bde604b-1ae7-4fe7-bb38-7688b043736b,shot_noise,s4,2,0.524263,0.681201,0.708877
7be48f98-4917-4ab6-b1d6-48dab5eaa7e2,shot_noise,s5,0,0.392759,0.440014,0.785412
7be91f30-5116-46a3-85bd-3eabea274010,fog,s4,2,0.283811,0.423891,0.473810
7bea7f7c-7773-4814-ae2a-7afff44cb025,gaussian_blur,s5,1,0.496490,0.662595,0.666336
7beaf2f7-61d1-4b7f-a2ed-e7df72fd014f,fog,s4,5,0.584139,0.711785,0.826651
7beb4c88-d254-4131-8793-cb3c38c02e9f,fog,s4,4,0.490535,0.628963,0.736997
7bec2217-711d-4d7f-b9a7-489a99ce01e3,gaussian_blur,s4,4,0.338473,0.498486,0.520264
7bf81100-84dd-4fc6-a6a1-bb24d1008dfe,clean,s4,1,0.715461,0.828005,0.869760
7bfdc67d-1ebe-4599-b51f-c8a53b903f58,gaussian_blur,s3,0,0.555225,0.629892,0.941297
7c086af9-1107-4a01-bb92-203eba210b38,gaussian_blur,s3,2,0.263619,0.376555,0.482508
7c0d1190-a2ea-418f-9b29-54cb0c05e324,shot_noise,s4,5,0.270869,0.422536,0.432746
7c1ae9ec-fee0-4b9c-b0d6-67732b9885cf,clean,s5,5,0.492130,0.650095,0.686896
7c1b2baf-5440-474e-a885-6330da6828ea,clean,s5,0,0.543586,0.664023,0.824243
7c1b9740-f01d-44d7-a344-32cdb645bd14,clean,s5,3,0.740790,0.850581,0.854546
7c1da29d-efb1-46e3-a4db-2d3d568daa2f,gaussian_blur,s3,3,0.461053,0.582047,0.748547
7c297b59-6043-4a58-a27c-9667b49fa3f6,gaussian_blur,s4,0,0.658328,0.772568,0.888048
7c2b833b-e92c-45fb-9102-c7e1dc53ac49,shot_noise,s4,1,0.610181,0.721199,0.889557
7c2db36d-f616-4706-ab9e-ec40e9b22db2,shot_noise,s4,0,0.446044,0.613580,0.625550
7c462727-a958-4e8f-b0f8-03b304da0d8f,clean,s4,1,0.783205,0.875810,0.899466
7c465bf1-44c2-4931-8384-67faa1d16657,shot_noise,s4,4,0.647678,0.765271,0.875205
7c522f07-e8ba-4364-984e-0154ad4cd988,gaussian_blur,s3,2,0.363797,0.460747,0.668432
7c55b2bb-1cdf-40c0-ad61-e63b344f7328,gaussian_blur,s4,5,0.415131,0.524887,0.716811
7c65304a-c67d-49a8-a7ca-c933c86da10f,fog,s5,5,0.283092,0.441127,0.441515
7c6ac47b-912b-42f4-94eb-07af9bbe9c8f,shot_noise,s4,2,0.538395,0.658745,0.820672
7c74c1a6-1d1c-47c8-a786-d8d37a3bf369,fog,s5,0,0.402183,0.570886,0.580102
7c802f03-e3db-416b-8e26-1f09b1e488ef,fog,s5,1,0.315484,0.444145,0.543515
7c87db69-7579-4ab5-9644-aefcc95ad945,shot_noise,s5,0,0.728879,0.843115,0.843598
7c902f78-9113-4c85-9740-451f9e8ca035,shot_noise,s4,2,0.682803,0.806926,0.835232
7c974bed-d023-4628-a5d6-6c8eb77ed5b4,gaussian_blur,s4,4,0.723597,0.836359,0.859662
7c9c2b3d-6385-46db-b779-8a448cf5f5d9,clean,s5,2,0.656102,0.790236,0.802400
7c9e5b91-99e9-468c-b974-2b74aad56561,gaussian_blur,s5,3,0.667952,0.796217,0.824027
7ca09a52-b9d5-482a-9348-abaf89777834,clean,s4,0,0.470990,0.640081,0.641179
7ca5fe97-54bf-4c96-8fa2-037e6c44eebf,fog,s4,3,0.718699,0.829304,0.877483
7cc3d704-7e23-419a-a44b-470a136117be,gaussian_blur,s4,1,0.715197,0.831548,0.848231
7cd57abc-83c6-4713-82f9-1601e91eb65e,fog,s3,1,0.441973,0.493042,0.849658
7cdb8a1f-328e-46ae-b382-4224133476a4,clean,s5,4,0.473746,0.640386,0.649947
7cdd3544-3917-49f0-bfe2-90570193d223,fog,s5,0,0.662876,0.795299,0.806864
7ced296b-3a53-4c1b-9d07-62a8ad5cac28,clean,s4,5,0.712546,0.829698,0.846535
7cf8bc60-5f5f-4c04-8d9b-c7fd46a1ec78,shot_noise,s4,4,0.636596,0.775744,0.787797
7cfe2567-3692-460a-967e-250c332ee2c1,clean,s5,5,0.729420,0.842331,0.851229
7d1795f2-975f-48d9-b7d8-7005ecbb7d34,clean,s5,2,0.425753,0.570706,0.659024
7d239f6b-437a-435a-aa3d-abaadb380fd5,shot_noise,s4,3,0.799671,0.882610,0.940442
7d42015a-545c-4278-8d37-5be08bc1587d,shot_noise,s4,3,0.538951,0.684588,0.750587
7d443191-63ef-4047-b25b-dd6238b9403f,clean,s4,5,0.721021,0.836148,0.848583
7d5155bb-5957-41bb-a664-aaf284f85177,fog,s5,3,0.491939,0.646035,0.697398
7d555781-764d-4dda-b88c-60589ab9649b,fog,s4,0,0.574135,0.721046,0.759627
7d60afd5-ea9c-4701-82e5-00a9b1e078e3,shot_noise,s5,4,0.523636,0.686482,0.690118
7d7e55d6-6415-4383-9501-5065b1d197f4,clean,s4,3,0.722781,0.828990,0.898126
7d9966a6-b756-4948-9cd3-910629b24803,gaussian_blur,s3,1,0.503552,0.622046,0.796210
7d99c157-63a0-487b-bbb3-38d266595c93,fog,s5,5,0.710216,0.830392,0.831531
7daed3bb-978e-46f7-b25c-94ea38b6f040,gaussian_blur,s5,4,0.697357,0.820868,0.826331
7dc962ab-13c2-49ea-b932-2b9a087988b2,fog,s5,1,0.723269,0.838961,0.842234
7dd5e12e-f251-447c-964b-0413c97c3665,shot_noise,s5,4,0.589585,0.739837,0.749397
7ddbafec-f5a9-4c2a-9b8b-ee8dab06a584,gaussian_blur,s4,5,0.732835,0.840308,0.880348
7dddd5e5-f33c-45dc-8501-a52dd1ff1b0d,fog,s5,0,0.456651,0.625640,0.630589
7df227c6-4d85-43f1-b896-985287c234d6,shot_noise,s5,3,0.564792,0.721875,0.721877
7df912bb-f511-42ab-b7fa-2dde0ba54a24,shot_noise,s4,0,0.491454,0.658573,0.660357
7dfdf7ab-6f22-495d-9a2f-87002c95654e,gaussian_blur,s5,4,0.482655,0.650575,0.652480
7e111b73-8c30-4bab-97ce-24830812c00c,gaussian_blur,s4,1,0.386330,0.515270,0.644135
7e14ea16-b908-435d-9f10-8e5124a8fd23,fog,s4,1,0.638044,0.765745,0.835749
7e15eb93-d697-48fe-a4b2-086aedfcf1b7,gaussian_blur,s5,2,0.747034,0.852733,0.871973
7e274249-9010-41e2-801e-52dd542edabd,shot_noise,s5,5,0.666810,0.800103,0.800107
7e28b0b3-8e2c-43ef-ade6-632cd2eadae0,shot_noise,s5,0,0.630030,0.769479,0.788427
7e2b11ec-f5c2-4d7e-b57a-0d51721fcaa0,gaussian_blur,s4,2,0.396565,0.555299,0.596285
7e3705b0-be00-4d23-9e26-c6ad419c1a23,fog,s4,5,0.454242,0.518964,0.844549
7e4534cd-47bc-49bd-a3b2-2ee224944157,fog,s4,2,0.660913,0.793362,0.807850
7e510d62-b3f0-4d6e-b96e-a1cbd908f2e4,gaussian_blur,s3,1,0.317426,0.405294,0.610683
7e5927e9-c3a8-4946-b401-1f9147b45481,fog,s5,5,0.461441,0.631104,0.632529
7e5de50d-41ec-4088-8426-b5970f0f4238,fog,s4,4,0.510220,0.663607,0.711609
7e6786c2-0158-4e39-ba46-8ed96d4ab456,fog,s4,3,0.458036,0.613165,0.667397
7e6f0948-5adb-45bb-b0a8-9298e75692ab,fog,s5,4,0.728068,0.841356,0.850720
7e70e3a6-5d91-40d4-942d-7f1b365e4a0b,gaussian_blur,s4,2,0.408004,0.509875,0.721707
7e74077d-98b6-433a-8f82-1d1ac7c1c817,clean,s4,3,0.496622,0.660255,0.673671
7e779403-1790-42ee-98bb-73cc38b98b51,shot_noise,s3,4,0.644998,0.740521,0.952501
7e87685b-4841-4bf1-91a8-2cc8f4f8ea52,gaussian_blur,s5,5,0.584463,0.737452,0.738848
7e8b2663-3472-4f10-a735-682217e3fa49,fog,s4,1,0.567521,0.710288,0.771776
7ea0853e-f60b-4b77-9132-1b6c131d4c21,fog,s5,3,0.497978,0.664754,0.665204
7ea39f82-a991-4982-bbb4-448f27a38bb4,gaussian_blur,s4,1,0.461416,0.595957,0.719344
7ea57761-4440-48e6-a701-1fa7e8232be9,clean,s4,0,0.724434,0.830931,0.895013
7ea9d601-c006-4d55-bfbd-f69b6aa9994f,clean,s4,4,0.539131,0.676369,0.775333
7eac00aa-0dcb-4e8e-9c0f-377c5d0d48e6,shot_noise,s5,2,0.516208,0.680531,0.682139
7eb09d44-2bf3-41d6-89f1-b7230f609a7e,shot_noise,s5,1,0.506136,0.666504,0.688875
7ebde9c4-9e17-4844-ab9c-297cfa3775f2,clean,s3,5,0.440912,0.479001,0.867248
7ec0a038-ead0-467e-8e7f-532867f07c42,shot_noise,s5,3,0.475030,0.644091,0.644108
7ec58fdd-4c19-4e23-aef4-7e2ea17c72cd,gaussian_blur,s2,4,0.253706,0.355056,0.481748
7ec62c34-d43e-44d3-8247-e5a6aa7f5693,gaussian_blur,s4,3,0.665479,0.792145,0.832819
7ece944e-5b73-44d6-b5f7-55fabb40e80f,fog,s3,5,0.389698,0.496123,0.689273
7ed2c61c-93aa-4c0f-8281-0c0a0831e64e,shot_noise,s5,2,0.625087,0.758894,0.812443
7ed79f77-1721-400d-9010-7a5f6cf127ad,shot_noise,s5,1,0.632930,0.774394,0.778812
7ed934a1-061b-45bf-aa5c-cfdd398e4ed5,gaussian_blur,s2,5,0.633856,0.728175,0.951483
7edb4f84-938e-45a9-a104-eb05dd1fcd1f,shot_noise,s3,2,0.553198,0.667513,0.847141
7edd9120-868d-4776-94ed-a1a91f2f870e,gaussian_blur,s5,2,0.628707,0.770564,0.778427
7ee33434-e43f-4e36-9504-68f9567fd258,clean,s4,3,0.553891,0.697563,0.763648
7eed46d4-e27e-4373-b4fc-cc76e61ff422,gaussian_blur,s5,4,0.637439,0.772976,0.803266
7ef0efb2-a38c-4ad4-b38d-3edb6a418023,gaussian_blur,s3,2,0.445663,0.476201,0.884498
7f0430ed-d863-4b31-a5c9-28dc4685b172,clean,s4,4,0.740901,0.848143,0.871099
7f0467f1-07c2-4bbb-a2e7-9cdec37225f5,shot_noise,s3,5,0.448376,0.496754,0.862341
7f09d39e-be6d-4396-b798-a2249d2ad4c1,clean,s3,3,0.464708,0.523921,0.866896
7f120190-92bd-4039-b552-1ed914a1b3c7,clean,s3,1,0.575730,0.653668,0.953305
7f143954-c676-452f-ae6c-4dfd923d75b8,clean,s4,3,0.746314,0.852389,0.870589
7f1935eb-a46b-4baf-bdad-cf5dea98a55b,fog,s4,1,0.617653,0.745636,0.834427
7f1f371c-ab3c-4889-a9ea-ac80a2573dec,fog,s4,1,0.654793,0.765130,0.903195
7f23554b-0c2d-4416-b2b6-ba21fb5e9cbf,shot_noise,s2,1,0.483619,0.491673,0.967237
7f25324c-c90c-4889-8956-7f18e098fd15,clean,s5,3,0.447949,0.530558,0.806570
7f28f11d-7a81-431d-bddb-d430aca1837d,clean,s4,1,0.621501,0.742491,0.860101
7f2d1082-be5f-4c55-9b74-a1bf04ba411e,fog,s5,4,0.259283,0.353858,0.501461
7f2e6277-23bd-4209-9bd5-a4481d98ed3f,shot_noise,s3,2,0.822375,0.896355,0.962123
7f33b1ae-c259-4c88-837e-62e9bbf62636,shot_noise,s5,0,0.680880,0.808017,0.821243
7f3a6b7c-b8ca-425f-9ad8-0f25d85631f2,shot_noise,s5,4,0.654977,0.789706,0.800165
7f3e5aa1-2a60-4ce3-a287-c4d1b92cffbb,fog,s4,2,0.593200,0.740156,0.762016
7f3fd8d1-f503-4735-9341-a2cd1bc6f8f0,shot_noise,s5,3,0.768002,0.868763,0.868906
7f51f934-6a7d-40fb-bc7e-18a8ce39c911,shot_noise,s4,4,0.231502,0.372870,0.380907
7f52248d-43b7-480a-8f40-0816017f4342,gaussian_blur,s5,5,0.687832,0.814457,0.818235
7f52afaf-3f46-4f22-9c77-d2ec15a010e2,gaussian_blur,s5,3,0.565537,0.711081,0.761947
7f6426a2-1a63-49a9-8f2f-cf0b0df828e3,fog,s5,3,0.667356,0.799970,0.803127
7f6d4255-18e4-44d4-9fdc-277e3b6da009,clean,s2,2,0.366033,0.456933,0.681327
7f7b62ea-cf82-494e-be8b-233c53d27242,fog,s3,5,0.640437,0.743757,0.925424
7f81c9de-36ff-4d10-9eb6-1e4cf5d5fd06,gaussian_blur,s5,3,0.647515,0.785593,0.788186
7f829a38-616e-461b-9f84-858f9ad24159,clean,s4,4,0.567341,0.702803,0.795120
7f85d1f0-3dba-436f-b9da-b0cfae43bf17,clean,s5,3,0.340694,0.482466,0.558026
7f90006a-282a-41eb-b043-f28cd706b1b3,gaussian_blur,s1,4,0.495763,0.497872,0.991525
7f9e5967-0710-46f2-a074-035229719fdd,fog,s5,5,0.322482,0.468243,0.524267
7fa56218-ebd0-4bdf-a47b-1f9b41f5ae4a,gaussian_blur,s5,2,0.681901,0.810263,0.814066
7fab5241-5c2c-41fc-9131-6c28679505b3,fog,s3,4,0.469726,0.604780,0.726299
7fbf33cb-be74-44ba-8805-0db9db3d146b,clean,s4,2,0.800517,0.886505,0.913021
7fc43237-e8c9-4899-a24e-489e4ced31b2,fog,s4,3,0.565102,0.681498,0.849694
7fc73b8a-7c55-4405-8397-05673b887e3c,clean,s5,1,0.623592,0.767807,0.769696
7fce89f6-0226-41bc-b2d8-e43e19836ca6,shot_noise,s3,1,0.656987,0.764957,0.912256
7fd1feb5-ace0-48ff-af9f-3084047900b2,clean,s4,4,0.775773,0.866048,0.931078
7fdb3406-2ee3-4c97-bf6c-2835ac4ae039,fog,s4,2,0.367237,0.535704,0.540408
7fdc267e-1f40-4e24-a63f-4c9ebcc39a67,fog,s2,3,0.474679,0.487010,0.949357
7fe7645c-1046-45ec-bc71-14b1d470e079,gaussian_blur,s4,5,0.721539,0.831941,0.875781
7ff19151-ce86-4eb5-89aa-f3482b60ed9c,fog,s5,5,0.390322,0.553782,0.578745
8002712f-0b40-44f6-b8ed-142c99f3d80f,gaussian_blur,s5,1,0.629099,0.769660,0.783909
80097d10-d471-4855-b790-5e69e4b3b065,fog,s5,1,0.429774,0.597511,0.610288
802170a5-76da-4e9d-8ff0-adcd878d562a,fog,s4,0,0.793767,0.881575,0.914181
8028f02b-1541-49c1-aecd-09aa85905d3a,clean,s3,4,0.647256,0.746812,0.940084
80358675-dfb1-47ae-8677-cbf205d420a1,fog,s5,1,0.649181,0.787030,0.788437
80362289-138b-43c0-9991-c471801fdc6e,fog,s4,0,0.802862,0.885964,0.931765
8036a4a7-9961-468f-bef2-e83b359a6771,clean,s4,0,0.418105,0.455400,0.836210
803b7b1f-cd82-4c22-9ddd-d27872797580,shot_noise,s3,3,0.502653,0.552929,0.928693
80475b06-3e60-4454-baad-38590b3705fc,gaussian_blur,s5,4,0.513797,0.676945,0.684619
804eb57f-99a0-40f7-a8b5-b1af1eceba47,shot_noise,s3,1,0.456267,0.477133,0.912533
805aba67-cafa-446b-957a-dc1baa29760a,gaussian_blur,s3,1,0.464450,0.489155,0.918427
8061e6c0-f8fc-4a3e-9632-667d96fd26bd,clean,s5,5,0.841590,0.913190,0.923099
808e0c0d-795d-4068-85f2-507cf76ec5e6,shot_noise,s5,1,0.618750,0.762645,0.772203
8099460e-db05-4813-8d30-8b2592fa1905,clean,s5,2,0.533345,0.693001,0.704329
80aa30d7-5439-4e02-a7c0-e4d375de9324,shot_noise,s5,5,0.387171,0.436411,0.774341
80b3da8d-2c3f-4a32-a255-c6899c05654c,gaussian_blur,s5,5,0.747632,0.854809,0.861003
80b47d85-1135-466b-95b6-2eb7de4b0bf9,shot_noise,s5,4,0.630249,0.770324,0.785688
80be9d21-97f3-488b-a3e0-a8867f7c3483,shot_noise,s4,5,0.666381,0.784102,0.872480
80d2bd93-03ae-41e5-bf0c-6ee1f7b37950,gaussian_blur,s5,5,0.482621,0.650852,0.651568
80e06d1c-168b-42fb-bb71-3fee67e73746,shot_noise,s4,3,0.607310,0.736046,0.830090
80e4223f-1176-4442-b700-aaa26f178211,clean,s4,4,0.614190,0.749856,0.805493
80f64563-4d44-4dc5-9903-5f63b76752d0,shot_noise,s4,0,0.575217,0.726916,0.742850
81035d09-19a5-4a6b-b52a-0fa4269c1246,shot_noise,s5,0,0.398206,0.564025,0.582373
8110877d-65fd-4e52-87dd-94956cbac704,shot_noise,s4,5,0.608166,0.747094,0.792933
8116d7f7-1d32-4bd8-99f1-cee382c6aaa2,fog,s3,2,0.480569,0.490092,0.961139
811abb21-6b9b-4e78-98d0-18db06f8eac0,clean,s5,1,0.447949,0.530558,0.806570
812712f1-1882-4ad0-85eb-a5c31722987c,gaussian_blur,s3,1,0.457320,0.582966,0.734688
8130332b-6e91-486c-822b-e6bdfa72f0b4,shot_noise,s4,2,0.696207,0.804660,0.904027
8131721b-593b-419d-8964-5752514bcb23,clean,s5,2,0.652021,0.788291,0.794420
81393163-85c3-4e5e-89a4-2192f7f96a01,gaussian_blur,s5,5,0.534034,0.691665,0.711109
8144e755-dbcb-4074-bce0-35e44d473907,fog,s2,4,0.327142,0.427975,0.606683
814dbbcd-af06-483e-b851-d0ce398d9dea,shot_noise,s5,3,0.362957,0.531036,0.535941
8150280d-51b1-4260-a07d-e9c5a102d9ea,fog,s2,3,0.455314,0.506403,0.867467
8158780a-549b-43b8-8175-a0e559a600dc,gaussian_blur,s5,2,0.704893,0.826273,0.830549
815da1f8-c74b-4469-8284-c37a9ae1a329,shot_noise,s5,3,0.432048,0.592997,0.628955
8174eae8-b176-44dc-a620-30d684a38617,gaussian_blur,s5,3,0.683844,0.807952,0.834581
81781968-fb98-4cf2-9bc7-7a8e00b0c42d,gaussian_blur,s5,4,0.350245,0.491215,0.572981
817f2a38-27fd-4ea3-89ba-32674c2077e2,clean,s5,3,0.580616,0.731159,0.747733
818e04bb-eb9a-4fff-8972-dbb3fc7b1e48,clean,s3,2,0.375802,0.518326,0.604384
81964294-86d4-476b-beef-14e341261b7d,gaussian_blur,s4,3,0.740165,0.846548,0.877632
81a7ec47-5219-4cdc-b3cd-ac9da0b72b72,gaussian_blur,s5,5,0.480790,0.648990,0.650453
81ac6505-70b9-41cc-9c3a-d9725de57c42,shot_noise,s3,3,0.297322,0.431977,0.504816
81b32e53-8e18-4899-9e04-23c13efcbcee,fog,s4,2,0.487708,0.639070,0.701586
81bb9310-f443-4afa-835d-6057f963fa91,clean,s4,3,0.472327,0.570470,0.807219
81bc15b0-aae0-4e02-912d-70fda80a1cb8,gaussian_blur,s5,3,0.617934,0.763853,0.763868
81e1b43d-084c-4aa6-befe-64bf5d703a8a,clean,s4,2,0.716512,0.828168,0.873712
81f1c357-decd-4841-a5f8-1b4be18a125d,fog,s5,0,0.813341,0.896378,0.903684
81ff8e6d-77b2-4f66-ae3b-a6f5516e6c71,gaussian_blur,s5,5,0.767667,0.867827,0.874149
8213a065-4b41-4ea4-9a91-7fa466ff8ca2,clean,s4,5,0.543688,0.698073,0.725360
8241abea-ef87-43fa-959c-d359c48985b8,clean,s5,3,0.503100,0.661610,0.692485
826868ef-bd71-480c-8d1f-63d311a04acc,clean,s4,2,0.722991,0.833078,0.876069
827717f1-8504-4af2-8909-ea78bd91bc2a,shot_noise,s5,4,0.341281,0.506930,0.512859
8280ad37-5ec8-447b-960e-0899934babdf,clean,s4,1,0.723834,0.836676,0.858896
828a5080-3839-4f7d-8d5b-563121cc2671,clean,s4,0,0.633020,0.747541,0.885131
829172a5-bea9-40c7-9860-84cfcc1e5a01,fog,s5,3,0.469080,0.638105,0.639982
82a08eeb-66ae-4db5-83a2-68c37ffdef33,gaussian_blur,s5,1,0.553997,0.707619,0.731387
82b986a5-9a8b-442d-b91a-90603cadf578,clean,s3,4,0.718111,0.819494,0.926987
82c2b016-add2-4538-babd-2850c692e805,shot_noise,s5,2,0.665712,0.784722,0.867087
82cd820d-4770-4303-8c7f-0a79344e5eed,shot_noise,s5,2,0.617467,0.757654,0.787616
82d655d3-b88b-40b1-a615-f06985b77f3c,gaussian_blur,s5,4,0.507623,0.647862,0.745957
82dcb461-1a9c-4960-af17-5d57b0c9526d,shot_noise,s4,2,0.687529,0.802928,0.875255
82de2d4c-c41c-4b1b-841b-237490a1a3ab,gaussian_blur,s5,2,0.607067,0.750269,0.776432
82e1d027-21ba-43f7-8283-8ad39070956d,fog,s4,2,0.468654,0.622902,0.678800
830477a8-af01-47d9-96b6-369d76d04926,shot_noise,s5,1,0.560736,0.716630,0.725339
830dbc90-91ae-4690-a86a-888a87b3304f,clean,s5,3,0.512320,0.668593,0.704491
831455d2-3952-40d2-9219-e7c9ee1e32e0,fog,s5,2,0.348942,0.516276,0.519589
8331d426-26a5-48c0-be01-4ea71ffc2bba,clean,s5,2,0.665144,0.795031,0.817789
833812b0-9457-4606-8fa2-06f50a46dac4,clean,s2,1,0.535090,0.593000,0.953029
834ab8fb-81f7-4d1f-b61f-3ec02a177940,shot_noise,s3,4,0.592277,0.714093,0.848320
834cae33-389f-48e2-b9c3-437de4cd899d,fog,s4,4,0.518162,0.669696,0.721739
834fae8f-d832-4421-8e51-6ffc1a7eaf55,fog,s5,2,0.526327,0.689651,0.689710
836a3736-fd1a-44e3-91f8-6a414ac48eab,clean,s4,3,0.542874,0.646355,0.865922
83700501-955c-406d-a1f8-742e4ec87545,gaussian_blur,s4,1,0.642456,0.770355,0.834379
8373ce7a-51a2-4387-988f-c18ee9fff9c5,clean,s4,2,0.479714,0.642867,0.663844
83761f18-c519-46b7-a18e-29f12c44ce9f,fog,s4,1,0.814226,0.894590,0.926171
83770cd8-54a3-471b-87f6-e83ccf855fe7,clean,s5,2,0.745620,0.853579,0.859029
8386ee69-33e1-40fc-910b-afef1e64e845,fog,s5,2,0.714667,0.833125,0.836396
83895f33-000c-46e0-8818-283c1873ff09,shot_noise,s5,5,0.329191,0.440043,0.594053
8392f5bb-7824-47ce-afb4-6c46f4b81205,fog,s3,4,0.369968,0.497318,0.625243
83a3de06-c5b1-4d93-bb62-f892e3cb83cb,fog,s4,4,0.402007,0.542162,0.641864
83ad86dc-bbb5-482e-b913-1419176280bc,gaussian_blur,s5,5,0.612174,0.758361,0.763898
83affa79-f370-41a9-b86f-4d0ef068ffe5,clean,s3,1,0.718111,0.819494,0.926987
83b0daf9-45ce-432a-8cd8-8b060e8ff17a,clean,s1,1,0.498493,0.499246,0.996987
83c6b265-5f45-4190-81aa-63573f61d04b,fog,s4,4,0.446418,0.588140,0.688012
83d85813-78df-4d9b-87e2-d8d79618d189,clean,s5,4,0.457465,0.619067,0.650561
83de8387-f3a8-4557-a2e3-64c4185ef8ba,clean,s4,1,0.534989,0.672734,0.771387
83e5c912-d073-4a0f-b169-91f8e861afdf,shot_noise,s3,2,0.514704,0.628992,0.816043
83e7a4f2-a87c-47aa-9da3-e5060293be01,fog,s5,1,0.518795,0.682452,0.685416
83ebe611-54d8-4373-9eca-4b3fe62ce0b5,fog,s5,3,0.370944,0.541150,0.541152
83f25c72-a12c-4d58-9aaa-a95030f37ec1,fog,s4,3,0.667955,0.776223,0.911323
840076e1-af2e-4cac-892d-ef7210ef691e,gaussian_blur,s4,0,0.644971,0.768363,0.852426
841667e8-ca96-4638-a1fa-7fb960556940,clean,s5,1,0.717247,0.835223,0.836088
8416b198-570c-402e-900a-53037a3f6ec4,shot_noise,s5,0,0.650005,0.785018,0.801205
84238337-a7b8-4e5a-8704-583934e62fe4,clean,s5,3,0.595722,0.725734,0.822909
842dc970-e5cd-42e8-99a7-2b72a8612a6e,gaussian_blur,s3,0,0.471855,0.515395,0.900711
8438cb75-3821-4667-b2ab-b3607d4b0c76,shot_noise,s5,2,0.544249,0.701005,0.717804
844e2354-d65f-4c87-b0d9-72be128af086,shot_noise,s4,4,0.712198,0.819785,0.899200
844f5e33-cc2a-4474-9144-16ab2967e56f,clean,s1,4,0.498493,0.499246,0.996987
847e3073-75f2-4a0a-ba7e-bad9442c4b84,clean,s4,2,0.485407,0.628565,0.720880
84825159-982c-4b63-be00-0acf0bb75f1b,clean,s5,1,0.664466,0.797325,0.803782
8484fde9-4984-4654-a5dd-ae52d27153d5,fog,s5,0,0.564384,0.717440,0.736060
8485e9d7-7ce6-4c3f-9984-9d5cd3882fe7,clean,s5,2,0.729015,0.842805,0.846246
848c2920-bb56-4172-886a-fad73ad05a40,shot_noise,s4,5,0.289650,0.436497,0.471720
84b367ce-b842-4e90-ad7d-ec3952d9ad54,shot_noise,s5,5,0.678822,0.804204,0.831595
84b9d70d-88e6-43b3-aa47-0dcf24842b98,gaussian_blur,s4,4,0.293126,0.453171,0.453706
84bac8f6-8e4b-4852-bc10-3a7df7bf41e9,gaussian_blur,s4,3,0.552099,0.642077,0.905165
84ca4c86-2972-4fc5-a0de-fc1040bc5088,shot_noise,s1,2,0.436648,0.466182,0.873296
84d3d598-f12b-4749-8d96-d7ca8b02167f,gaussian_blur,s5,3,0.615745,0.761979,0.763029
84d52d0e-c6ee-49d1-8a7b-148574c9d4a7,shot_noise,s5,4,0.367855,0.527308,0.560171
84e646ec-6ba0-4e27-a877-06022474e43b,gaussian_blur,s4,5,0.846142,0.914381,0.943280
84e6af55-abd3-45b6-8e04-256f554b9207,gaussian_blur,s5,5,0.324733,0.486717,0.497168
84eef94a-65fd-4230-8b03-634c8b5ac794,fog,s5,4,0.523524,0.685752,0.692032
84ef9ab4-0496-4f19-aa52-9195a0f2bf6c,gaussian_blur,s4,1,0.549087,0.682725,0.791470
84f575c8-2555-432b-ad07-b8ed5390d91f,fog,s5,2,0.366940,0.535148,0.540597
84f59952-11e5-4cb4-9907-0c16e43ae525,clean,s5,0,0.314531,0.386150,0.629061
84f709a9-aed6-40f6-8528-a85fb68b163e,fog,s3,3,0.611536,0.707705,0.934261
84f80c3f-041f-4996-a9c2-0197a833f310,shot_noise,s3,1,0.367301,0.470335,0.663627
84f8310f-1516-41d1-83b9-9766bd0ba1dd,fog,s4,5,0.712047,0.821403,0.890064
8503951b-d5c3-476d-984f-ce64f6c00c35,fog,s4,1,0.693681,0.813080,0.851563
850c16e0-0fc0-40b1-aa5e-65364868b855,clean,s5,2,0.655530,0.791734,0.792859
850ddd9f-9307-4c83-b72d-28eaafe42420,gaussian_blur,s5,5,0.647998,0.786289,0.786955
850f2ec4-fc30-4ad6-941d-6afddd0229e8,shot_noise,s3,5,0.465021,0.505478,0.896405
8512c783-0bdb-4114-8038-3dbfe5c44ad0,clean,s4,0,0.748201,0.846400,0.918248
85203e01-c612-4f56-af93-a27f3d055e79,gaussian_blur,s4,2,0.615975,0.753772,0.797221
852439c8-936a-4f26-bc58-8846e56fb9d2,fog,s4,2,0.430926,0.600940,0.605723
8527e4e4-21e7-4414-a92b-330a25d6239a,gaussian_blur,s4,2,0.610791,0.750424,0.790228
852f2ce5-a725-461b-bed7-bde98b4beb74,fog,s5,3,0.555901,0.714281,0.715586
8532644d-5cd3-4f52-b3a9-550cc2596e09,clean,s5,4,0.832665,0.908100,0.915152
85386b63-61bf-4164-89d0-7d49ac3399b6,fog,s4,1,0.504415,0.643939,0.745403
853c7fa9-5957-42b7-869c-fb8a711906c8,shot_noise,s5,2,0.711676,0.831517,0.831776
853f6916-540b-4b67-800d-7e1d4ee4e174,shot_noise,s4,4,0.605227,0.733216,0.832240
8555b9e2-fe3b-456d-915d-678050023017,clean,s5,5,0.800729,0.888596,0.896004
8558a841-05b0-4e1c-a4dc-98ca226cdbb9,gaussian_blur,s5,1,0.655440,0.786164,0.818507
8571ed3e-e6ba-4b9d-8a11-459075b74f25,clean,s4,4,0.729495,0.835270,0.894117
857bc373-7d4e-4dce-a3ed-22a8a08b79de,shot_noise,s5,3,0.513550,0.677912,0.680749
85836a62-aefd-4a7a-a4b2-cefe254f20f3,clean,s2,3,0.492136,0.496037,0.984271
858eceb9-efb3-4578-8170-d0726ea7e22b,shot_noise,s5,0,0.627200,0.770833,0.771168
85a05f6d-191f-4c93-a595-baea5cb39c69,shot_noise,s4,0,0.738530,0.847197,0.865351
85adeac8-d7d2-4684-9075-ae722e787415,gaussian_blur,s5,5,0.410979,0.582478,0.582703
85b2431a-9878-4b57-bb21-d411eb9a8297,gaussian_blur,s5,3,0.524310,0.660415,0.768957
85ca2194-b4a5-4395-9e3f-6d44e72eb808,clean,s4,2,0.571069,0.720568,0.749934
85ced001-9101-45e6-9c43-66f3f8503234,shot_noise,s3,3,0.484683,0.615949,0.749152
85de3dbe-8421-4fb2-89e9-2e728e8b6810,gaussian_blur,s5,5,0.354393,0.508556,0.553375
85f77a29-af71-4da8-923f-09cf4cd0eaf9,gaussian_blur,s4,1,0.642093,0.762438,0.864565
85fbfa8c-a4de-4a4b-a75c-6c315a4f5c61,shot_noise,s4,2,0.443372,0.563571,0.730721
8601f6ea-d0f9-42f5-a5eb-c2ffd6af0c30,fog,s4,4,0.682322,0.803187,0.851712
8605c260-f586-4573-a6ce-caec52f4d78c,gaussian_blur,s5,2,0.502418,0.647393,0.729557
860666d5-801e-456b-8d38-9bf8d558b1a3,clean,s5,0,0.696480,0.820661,0.823471
8609c2e3-8882-4a3a-8db0-3239bf12ee9b,shot_noise,s3,3,0.777351,0.864897,0.947510
860da854-94c4-4b3e-9d47-d57bc4f0cf95,clean,s4,4,0.347457,0.515470,0.516244
86116f60-c5bc-4692-b117-a3a66ae04578,fog,s4,5,0.611477,0.745239,0.812533
861a0703-f5bd-4c40-ab26-a35a5fa5b127,shot_noise,s4,5,0.666659,0.793831,0.829888
861d102f-1a69-402c-a04e-aa7bcb9f96b9,fog,s4,4,0.532000,0.666517,0.778480
861d5831-875a-4b81-97a3-96fc0ba0492f,shot_noise,s4,5,0.623810,0.764188,0.785887
8624b5f9-72b2-4402-a4e9-22c6bb549bbb,fog,s4,5,0.419910,0.577646,0.624165
8625a4e0-815b-4858-bf93-dc7dc71f9739,shot_noise,s3,4,0.621115,0.717918,0.937733
862f3fb6-7375-422c-807c-f6c244ee0d73,gaussian_blur,s5,1,0.546894,0.700750,0.728261
8631ae8d-6e8e-40db-8a54-714f11d9a56a,gaussian_blur,s4,5,0.471746,0.623145,0.688635
863516ea-5e52-45ef-beaa-18d2663c0bb2,shot_noise,s5,1,0.791980,0.883754,0.885312
863ceba9-f306-44de-ac0b-7e166b24d80b,gaussian_blur,s5,4,0.371343,0.541195,0.542405
8648311e-d820-4a3e-b405-b74e5dcf6b93,gaussian_blur,s3,0,0.571071,0.695397,0.830679
8654eb36-52e8-41ed-864a-7ac01e2c9a90,shot_noise,s5,2,0.580866,0.734860,0.734913
86647464-5ce7-4090-9cec-e049d5d2f1de,gaussian_blur,s4,2,0.290007,0.449621,0.449621
866a86b2-8b43-40f3-aa53-97d5c8082931,clean,s4,5,0.697243,0.809894,0.883291
866e9b6c-3f57-429e-a03c-f7facaf1e6c1,fog,s5,4,0.351991,0.496581,0.568613
8675e203-a615-48b4-9a18-98bac526ab22,clean,s5,4,0.728464,0.842842,0.843294
86794191-663c-4586-acd5-5b7a4acbedfa,shot_noise,s5,2,0.861610,0.925044,0.933886
867b0c6e-612d-47e9-a83b-f5198fd3c145,clean,s4,0,0.851155,0.917536,0.944539
86859efa-cfe4-4555-b47a-964607785aeb,shot_noise,s4,4,0.450516,0.621030,0.621579
868cd7f1-61ed-47cf-839c-16aad9f8787f,fog,s3,4,0.341449,0.427397,0.651717
869d6b86-b1d2-43cd-91d4-3be6ce2caa13,fog,s4,0,0.533280,0.636803,0.857514
86aac02e-76ac-4b1d-b595-87f441e6ce6a,shot_noise,s4,5,0.727924,0.834335,0.892080
86b5f83c-d753-4a1a-9558-044b2aa6588c,fog,s5,3,0.665903,0.795739,0.817616
86b6c041-5c3b-4426-863b-6779846b28b6,gaussian_blur,s5,2,0.478130,0.637511,0.672949
86c36715-beec-4b3b-b733-d5fb891e9341,fog,s5,2,0.718136,0.834372,0.845461
86cd979b-b84e-49ef-ba6d-036006e1621f,clean,s5,5,0.578024,0.695728,0.853746
86d2bb20-d67d-456c-964c-de60dcb9b93e,fog,s5,4,0.440790,0.586597,0.673013
86db9b0f-f417-426a-a8f5-d123aa67556a,clean,s5,3,0.402015,0.573374,0.573733
86df11ca-ed73-4383-82d6-698a9ef9434a,fog,s4,2,0.282929,0.439511,0.443844
86e3f115-151c-4629-afc6-8187a8eece1f,fog,s5,3,0.461500,0.620612,0.660354
86f5261a-af5f-46c2-922f-0eb9be7916c6,clean,s5,2,0.599526,0.746908,0.760384
8700dc15-0593-442f-9d5b-d062849c6654,gaussian_blur,s4,1,0.726906,0.830366,0.909613
870376a7-6e55-48ba-92d5-ac254abc96fc,clean,s5,5,0.581218,0.735143,0.735188
870d290a-12e4-45a7-af15-ab6dbe1f0438,gaussian_blur,s4,2,0.446688,0.595670,0.671600
871276af-fda4-4036-a0a8-516661ea1b0e,clean,s4,0,0.672561,0.794407,0.852006
8715baee-38b5-414b-b7d6-c1993780cd78,fog,s4,2,0.747432,0.847769,0.906011
8719eb26-9758-4a40-b8c8-c429fc6990f4,fog,s3,5,0.541640,0.630774,0.897429
8725fe7f-8107-49a3-ae42-a5947942ae31,clean,s5,3,0.571195,0.726700,0.728487
872bc1f0-e7bd-4202-8a02-4431ad8076dc,clean,s4,4,0.647305,0.782322,0.802315
87357abe-1cba-422d-91c7-eefb0d0a44e1,fog,s4,0,0.639377,0.772382,0.813598
873e3324-bb7d-49ea-887d-7c92e3381392,shot_noise,s4,2,0.596214,0.739186,0.777129
873fb9da-1a5d-41f1-92ee-daacdb92a3c8,clean,s4,2,0.672224,0.785798,0.888907
87437748-bf49-4fa5-8627-bd038f68c0c2,shot_noise,s4,1,0.590879,0.735430,0.770816
874585b8-b9fc-483a-a7e6-6bcc3284feec,fog,s4,4,0.483505,0.617110,0.742549
8753bf11-b2aa-4485-bc88-d896ceed2fef,fog,s2,5,0.449630,0.512348,0.841787
876b9dc7-0af5-47d4-99b8-8142193bc272,clean,s4,2,0.730785,0.831348,0.922171
877d9c71-8a5d-414a-a212-11043da2a34c,clean,s4,5,0.732077,0.843467,0.857136
879fd8de-e44c-449a-9504-a01b0eea6004,shot_noise,s5,1,0.475466,0.644369,0.644853
87a3bf5d-e2c8-4dc8-83bd-569b4dfbdbb9,fog,s4,2,0.678213,0.797488,0.861429
87b0dcfc-f5e5-41ce-8e82-4d6bbe507e91,shot_noise,s4,2,0.630421,0.741565,0.896208
87b25693-03e6-4796-923b-5659fb50598c,shot_noise,s4,0,0.579071,0.726459,0.758928
87b6215f-64e5-4126-9170-fd0615d92955,fog,s5,2,0.676807,0.801181,0.837819
87bb303e-e25b-4096-9b12-8b6aedb9235a,clean,s4,3,0.573192,0.701112,0.820997
87c4debb-6000-49d8-ac86-5b8e3e8fe0a8,shot_noise,s4,1,0.446135,0.611413,0.631387
87c76930-58f6-41ae-9368-00d9c5179eb4,fog,s4,4,0.528965,0.672383,0.751579
87cda792-2a4e-40f8-8922-db509a20fde7,gaussian_blur,s4,3,0.599072,0.731810,0.814395
87d2c94c-fc62-454d-815b-dc42e234f772,fog,s5,4,0.458850,0.582844,0.739840
87e5e246-3d20-418f-ab55-8160b904f5c9,shot_noise,s3,4,0.456267,0.477133,0.912533
87faa374-9837-47e5-a3d9-c067ce2295d5,shot_noise,s4,5,0.559188,0.704497,0.760543
87ff1f28-8fc1-454c-a4cf-dc5499bb63d9,clean,s5,0,0.686222,0.811194,0.828337
88123558-0127-4e9d-ac4e-e8a96486a54b,gaussian_blur,s5,4,0.744137,0.852295,0.860114
881a62a3-0152-4687-88e1-98d184c90f67,gaussian_blur,s2,2,0.243145,0.344587,0.462264
8842309b-2043-4d03-b26c-e723429dca2e,shot_noise,s5,1,0.453080,0.616729,0.641575
8846e144-8c15-4659-9999-17ff87158f38,clean,s5,2,0.432754,0.603504,0.605557
885f0082-7c25-42b8-ab4a-add7cbf53ae8,clean,s5,0,0.515366,0.658374,0.744037
88697d3a-f437-43a6-b3be-bf5ea4cb9d50,fog,s4,5,0.452342,0.610974,0.653605
8872fdab-23e3-4497-81e9-83b6da1c8922,fog,s5,4,0.534460,0.690025,0.717851
889369a5-6b90-4557-825e-104dc54d7f53,shot_noise,s5,0,0.809407,0.893840,0.902443
88947081-f770-4f6a-8151-6600bdc06184,shot_noise,s5,3,0.807681,0.893300,0.896521
88ace107-e32c-4dd8-b0bd-8ccae1584728,shot_noise,s4,5,0.802080,0.886121,0.925739
88b44578-54cb-460d-98b9-789205ba2b5d,shot_noise,s4,1,0.402963,0.574402,0.574549
88b91425-77e1-4a38-9ab9-5ff21e89f39f,shot_noise,s4,1,0.647999,0.768465,0.863899
88c1bfd4-5b1c-40c1-ba0c-f2d1f651f88c,fog,s3,0,0.533276,0.580992,0.969134
88c84697-12e9-48a3-8c13-361d6e4145f7,gaussian_blur,s4,1,0.605281,0.743867,0.794114
88cc9617-d3ca-410f-bb98-7e4259bd9ca9,clean,s5,5,0.531812,0.687275,0.717003
88d1218a-7999-4c8e-8b0e-39cdbb1e61f0,fog,s5,5,0.710298,0.830602,0.830677
88d2d6b3-3d8d-44ab-99e6-83b90c979407,clean,s3,3,0.467270,0.498880,0.912395
88db7785-097b-445d-a069-7d962326a58c,shot_noise,s4,4,0.351914,0.489385,0.581780
88e1ad35-d2d8-4e93-8ab3-61bd87614c01,gaussian_blur,s5,3,0.412322,0.571533,0.612736
88e7a28f-1ae7-457c-9a32-2926a6f20479,clean,s4,1,0.696011,0.813197,0.861259
88f19295-f229-4a29-b3d3-797c77f3929c,fog,s3,3,0.337090,0.463716,0.579730
8900a5ed-861f-46da-86b9-efcbd161af71,fog,s3,4,0.475446,0.537609,0.875598
8903a242-7105-4c22-a655-3619064f033e,shot_noise,s3,5,0.565930,0.658266,0.911659
8904a39f-56bc-4dda-8ef3-b02abe19825f,clean,s3,5,0.372827,0.510278,0.610283
8909bf6b-237a-41b4-b30b-7b3ab66c6daa,gaussian_blur,s4,4,0.421312,0.457296,0.842624
890ee3cc-ad2d-4225-a268-de11f4286e62,clean,s5,1,0.636262,0.776335,0.783814
891290d2-0253-4f99-bd70-4725e9d6373b,clean,s5,3,0.438094,0.578240,0.682843
8916c52d-c316-4afb-b25c-221bc3b1ee0c,fog,s4,0,0.620503,0.745603,0.845269
89249ee0-b3f5-4fee-a50c-c2fca7247787,gaussian_blur,s4,4,0.656730,0.761631,0.923575
893f4503-a5e5-4ccf-91ac-4a6ca433cfec,clean,s2,1,0.467435,0.483169,0.934869
8947a252-fc54-4274-a726-86b0df099f6c,fog,s4,5,0.267305,0.419326,0.426191
8947be82-9a2c-461d-9eaf-76e837d62bb9,fog,s5,0,0.260476,0.393425,0.446059
895d1e65-534a-445c-950a-b4dd25f79c12,fog,s4,4,0.613364,0.743728,0.825231
89685020-c52b-456d-94eb-1b65027b1742,shot_noise,s5,5,0.753131,0.858101,0.866816
896ba775-6e51-42bf-898d-11217d8b9a91,shot_noise,s4,4,0.766873,0.864561,0.893868
896e7c01-c615-4d4b-9da8-903e28ba979a,shot_noise,s5,2,0.300373,0.375292,0.600747
8971ae1e-c380-4e53-ac1f-33584be899f4,gaussian_blur,s4,3,0.717108,0.825123,0.893168
89856117-e703-40d8-87eb-92ad94b20d68,gaussian_blur,s5,5,0.781612,0.877347,0.878027
89881b82-689a-404b-8295-6a747356fe30,gaussian_blur,s3,0,0.463054,0.521468,0.866059
898e05fa-9066-4928-85dc-59291d51c818,gaussian_blur,s4,5,0.620599,0.751965,0.822027
8995856f-a2a9-4435-a79d-87dbac13d241,shot_noise,s4,5,0.475741,0.618989,0.712356
89a27949-8d03-4253-a634-1471964d4290,fog,s4,0,0.632940,0.766928,0.810773
89b0f374-416c-4c69-96ff-e7f424442a35,fog,s5,4,0.621684,0.766404,0.768042
89cbb078-d1fe-4fd2-9f30-42d1a6885fd7,gaussian_blur,s5,2,0.737521,0.848935,0.848936
89cd1b56-3b3b-4d8b-88cd-cddf3eb4d7e5,clean,s4,4,0.548479,0.665327,0.837141
89ce5bf9-d986-4975-b9b4-779c676d352c,gaussian_blur,s4,5,0.416597,0.586368,0.592512
89ee24d7-377e-488f-a6c8-faf02f8fb19b,clean,s5,5,0.301013,0.436847,0.508709
89eeb019-6d27-40da-ab9f-ecd8d15eb48d,shot_noise,s4,1,0.613669,0.743041,0.828880
89f9225e-82b7-4ba3-9306-5cd432dfd71e,clean,s3,0,0.463054,0.521468,0.866059
89fcea4b-7ec8-4915-96b7-b14b2131ab13,clean,s5,5,0.481359,0.648109,0.654944
89feca55-b85c-42a4-811c-a4e3cec04a96,clean,s4,5,0.388282,0.519017,0.643269
8a128250-234f-4f51-bb46-f49e2e67dcd0,shot_noise,s4,4,0.719494,0.833639,0.856272
8a2b5f10-0597-4a67-8e9c-bf1f1b04bdee,shot_noise,s4,3,0.697151,0.804010,0.911072
8a3e7f2f-6632-4c81-a3d1-cc297aa229fc,gaussian_blur,s5,4,0.542547,0.701432,0.710179
8a4233ea-7434-47f7-940c-c92dac563aeb,fog,s2,3,0.254439,0.356207,0.482480
8a548257-fd5a-4828-8ae9-3e9ddc066598,fog,s4,1,0.481998,0.648984,0.654704
8a56be6d-6226-475c-8a50-195059a49170,clean,s5,0,0.713685,0.829945,0.850443
8a853473-f002-4167-a183-c0210324bfef,shot_noise,s5,1,0.392113,0.563172,0.563707
8a94687a-c2b2-4d66-9556-41e926cb971b,gaussian_blur,s4,4,0.407498,0.578042,0.581402
8a99bd11-3b00-4577-9a07-92f6119e494b,fog,s3,4,0.473602,0.548375,0.851819
8a9dda97-3f9f-4efa-8ac0-c92e4a470f76,gaussian_blur,s5,0,0.461564,0.623688,0.652635
8aa051bc-833e-4e16-8473-b16d96dad87b,fog,s3,0,0.467490,0.499061,0.912747
8aa37774-9775-44a1-aeaa-20dd11f35a95,clean,s5,3,0.768051,0.868625,0.870224
8aa73b92-ba85-4b74-854d-1810ea2fd688,shot_noise,s5,0,0.580616,0.731159,0.747733
8aa7dea5-c0ee-4458-b636-7d7b79bfaa42,shot_noise,s4,1,0.722273,0.835843,0.856416
8abf15af-7e2b-412e-9ef2-6dde450efbcf,gaussian_blur,s1,1,0.498493,0.499246,0.996987
8acf68f2-7b2a-4328-bf44-622b39c69fb5,clean,s5,5,0.654799,0.790646,0.794967
8ad93afc-f2ad-473b-8f19-57fa30da75c6,clean,s4,5,0.507232,0.621339,0.809664
8adaf57d-ce44-4454-a56a-00f752ef4954,gaussian_blur,s5,0,0.673455,0.804795,0.805239
8aea954d-8658-43e1-8e03-145b004eafac,gaussian_blur,s4,4,0.520218,0.651127,0.779772
8af2662d-76d2-46e7-b2e0-0c440316d3f9,fog,s4,3,0.435302,0.594082,0.637317
8afe8911-20c7-4cc3-aaa2-56d251d1d2b6,fog,s4,1,0.379534,0.536390,0.580101
8b04ff02-209c-496e-a313-fcb525cd4424,fog,s5,4,0.669980,0.796135,0.833019
8b21eea7-cd10-42c1-8930-2189808459fa,clean,s4,0,0.777510,0.869696,0.914237
8b2aa611-457c-4aa6-b2e1-f10d72e1b085,shot_noise,s5,5,0.530684,0.690597,0.702437
8b2fd043-1aab-4aa6-889b-d9c99f2a2ecf,clean,s5,0,0.363653,0.494600,0.610027
8b337100-fbb9-486c-8c37-3d7fd11cd1b8,clean,s5,5,0.674973,0.805749,0.806991
8b3e1b6d-8a88-4897-9d1c-aaf225bcde09,shot_noise,s4,1,0.653870,0.773352,0.867321
8b4461cf-d07a-40c5-ba09-a1f8da5bb02f,fog,s4,5,0.627049,0.764524,0.797351
8b453e6e-554a-4d2a-968f-f9c92ab49ccd,fog,s4,5,0.577107,0.693991,0.855590
8b6fc8ca-11ec-4b09-a597-d9abd05ba9de,clean,s5,4,0.623592,0.767807,0.769696
8b705be1-db01-4c51-b097-dd482d675ba4,fog,s5,1,0.350197,0.496126,0.563605
8b821458-da3f-43d7-9fb0-b55c26d94ea2,gaussian_blur,s4,2,0.614215,0.749550,0.806757
8b88829c-5668-4b2d-9503-680f3077297b,fog,s4,4,0.472305,0.624100,0.688102
8b8b1600-017b-4655-8b61-5264036cc538,fog,s5,4,0.619299,0.762941,0.773150
8b9054d0-b268-4c2d-ac60-8e566b98aa29,fog,s4,0,0.782453,0.875090,0.900853
8b9223b7-d6fb-4f4f-9be2-d8dfcf7a88e2,gaussian_blur,s4,1,0.453297,0.617634,0.639994
8b9e91b1-92e7-4728-8f0f-5dd10a535e07,gaussian_blur,s5,2,0.670653,0.798808,0.823021
8ba0c5e1-0d68-4113-91fb-74665cf57080,clean,s4,4,0.677101,0.793567,0.874793
8ba9f340-a5f5-4d9d-8224-d5d026f85e5b,fog,s5,4,0.431529,0.569834,0.679744
8bb5a279-ebfd-4241-a751-95c26689d35a,gaussian_blur,s4,1,0.798597,0.884586,0.917797
8bb99ff9-b185-4f50-8186-627dfb2e6ec4,fog,s4,1,0.397208,0.567754,0.570469
8bbef31e-8ce7-4722-918a-c57f8d0fed16,clean,s5,5,0.780372,0.876634,0.876684
8bbfe9c7-970a-4709-ba99-914482c61143,gaussian_blur,s5,1,0.696859,0.820127,0.828160
8bc210f7-c0d8-4300-987b-bc5c825a62b7,clean,s3,0,0.399207,0.517208,0.681248
8bc76126-a3e1-4563-b4e7-35420647e16f,fog,s5,2,0.381089,0.545034,0.566885
8bc7bb26-214b-4cd5-b851-e04636ccd42d,gaussian_blur,s4,0,0.593327,0.739578,0.764683
8bcebffd-65ba-483e-aa31-5a5e9d08b269,shot_noise,s5,4,0.532747,0.658928,0.801363
8c065387-2682-42bb-8d7e-6c334e440a65,fog,s4,0,0.639561,0.749929,0.901057
8c1d3de9-5c91-4d2c-957f-4ebb48b6fe84,shot_noise,s5,1,0.527190,0.686335,0.703381
8c1f5526-5d9d-4957-aa60-6efd8a5bb2eb,clean,s4,5,0.663469,0.783091,0.865015
8c202b06-29e5-4ce4-805e-34ebe13a0fd4,fog,s5,4,0.477362,0.621041,0.712720
8c29fa2c-e93e-4127-9621-de55984c4d77,gaussian_blur,s3,5,0.600120,0.702858,0.909061
8c311651-8ce1-44ad-8c98-381fd5ef74b3,clean,s5,1,0.713425,0.831343,0.841072
8c32b9aa-563c-4aef-bb22-1afa13f15ae4,clean,s4,2,0.341542,0.479761,0.565723
8c3472c1-08b6-41f0-82e2-fc259e9a8610,clean,s5,1,0.556962,0.698136,0.772795
8c4647da-c31a-4536-b3be-cca341b5ce4f,gaussian_blur,s5,2,0.521281,0.653070,0.778270
8c5e559a-a7ac-4577-a55f-077d1b748f63,fog,s4,3,0.571431,0.684903,0.861749
8c694f8e-999f-4c36-bb27-86a0e71b5160,gaussian_blur,s5,0,0.581008,0.728848,0.757612
8c712e79-3b1d-4aaa-9ef5-31acfbfd6111,clean,s2,5,0.344178,0.437960,0.644018
8c800442-12cf-400c-b810-1fdbaca3e372,shot_noise,s5,0,0.677191,0.804666,0.822192
8c9981ff-0dbb-4f11-abd4-1d9f32100509,gaussian_blur,s4,0,0.758353,0.860830,0.875093
8c9d23fc-412a-4fbc-ba5b-d706cc3e8896,shot_noise,s4,2,0.824082,0.901294,0.926498
8cb2f886-a6c5-4e23-9aa8-70a410d7cb3b,shot_noise,s4,1,0.626311,0.765843,0.788928
8cbec329-bea8-4f7b-bc34-5315e467ed8b,gaussian_blur,s5,4,0.580404,0.734242,0.735477
8cc85b97-59b2-4038-833d-4e687df50ce5,clean,s5,4,0.570879,0.704615,0.802024
8cdc4b5a-c096-46a9-a8af-acd5db3e0f28,gaussian_blur,s5,4,0.429719,0.562863,0.688651
8ce858f0-a4ee-4298-b528-44c84d20db10,clean,s4,1,0.490514,0.597112,0.809760
8cedbb76-f1a3-4014-bbe4-50f8cafd43c2,fog,s5,3,0.604584,0.744062,0.790725
8cfa5f17-bc9b-4e93-aed5-9aaf5ff981c2,fog,s5,5,0.495985,0.625816,0.762697
8d00d976-be85-4b5d-b60c-8599bde304a9,shot_noise,s4,1,0.397961,0.558164,0.594651
8d0339a1-fa31-40c3-a1cb-25f391d17f77,clean,s5,0,0.746350,0.846058,0.911241
8d09a3a1-8c43-4e9a-808c-cf115c5d412f,fog,s4,0,0.638895,0.769531,0.823637
8d12f74d-7ef4-41a4-8f48-9a5a2bd64434,gaussian_blur,s5,0,0.662699,0.796021,0.802605
8d1698b9-f6b3-40be-b3f2-bdb2fd49083d,clean,s5,0,0.660817,0.794628,0.801350
8d1b5412-411e-46d4-871c-edff26fbaeca,clean,s3,4,0.531987,0.646045,0.831419
8d1bb078-1713-488c-9af8-e13ec8c0a2d0,clean,s5,1,0.761136,0.864351,0.864505
8d1db916-860e-4517-a71e-3f81c4a318d9,fog,s5,3,0.393757,0.560240,0.575920
8d23e316-41e7-469f-8fc9-8aa294614f05,gaussian_blur,s5,4,0.676966,0.807147,0.808529
8d478047-787d-4241-8b11-eb8aa276bcba,fog,s5,1,0.504214,0.634935,0.767555
8d47f1d7-17e1-419b-b8ba-bb411322fcd3,shot_noise,s5,2,0.573686,0.724571,0.745536
8d4d1be9-11a3-41cb-9f00-6883e010a056,fog,s4,0,0.775835,0.871926,0.888162
8d4da446-83ed-44d0-b5b1-492b6bf0078c,fog,s4,2,0.649288,0.780443,0.818837
8d56756d-9b54-4e3c-aa5a-34bc96d749bf,fog,s5,0,0.558944,0.716704,0.718408
8d7080b6-c040-4c2f-a9d3-1df53580d8e7,clean,s3,0,0.766842,0.854812,0.959125
8d7224d9-a04b-4595-bb06-f8513170a4ca,gaussian_blur,s4,1,0.571904,0.717500,0.763614
8d7ce5de-8ba2-4cee-bed1-5b8f40b89415,shot_noise,s4,3,0.346841,0.512801,0.519646
8d832bb0-491b-4436-8c2c-53546ec7e3ae,shot_noise,s3,5,0.260369,0.380964,0.465179
8d85dabf-d618-4d27-a059-6d24a6983188,fog,s4,5,0.679113,0.795458,0.874587
8d87da32-da07-4c81-9039-9fbdf909d8fc,gaussian_blur,s4,4,0.689424,0.811916,0.838754
8d8ad8b5-0374-4cd9-b1bc-f067ce83d803,fog,s5,5,0.459577,0.625553,0.640923
8d8c56dc-1178-417b-97dd-47dd1c3e41a9,gaussian_blur,s5,4,0.332783,0.495851,0.506381
8d923188-70d5-4a7d-b497-424ad5884fc4,fog,s4,1,0.724642,0.837692,0.856647
8d966268-429a-4d1b-bd84-84c027061e6e,fog,s5,3,0.626996,0.770724,0.770811
8da29068-6717-4729-a828-861b77ac4095,shot_noise,s5,4,0.579147,0.732149,0.738512
8dabffa6-73a7-4045-be69-1456ace7e245,clean,s5,0,0.807297,0.892951,0.897338
8db38bfe-6665-4d6a-bdf7-d0f5d06ebce0,fog,s3,3,0.758547,0.850195,0.946155
8dbba4c9-2142-4de0-970c-295063bca24b,shot_noise,s3,0,0.464708,0.523921,0.866896
8dc666ca-d82f-40d5-80d7-1857a780203a,shot_noise,s5,0,0.544439,0.698076,0.728066
8dc684fc-4307-4ee8-beba-cd7e2f0e12cc,fog,s4,5,0.445055,0.593441,0.671381
8dd945d8-5252-4684-a2a0-71be72cd1d5c,clean,s5,3,0.727740,0.841809,0.846271
8dddbf28-8a35-4dc7-99f7-2240da136f33,fog,s4,0,0.297799,0.435093,0.501125
8ddf2583-2e19-4e4c-a450-1f3e2a91e928,clean,s4,5,0.560524,0.706257,0.759646
8de3a2d3-8070-489e-910e-ca71cfd1b072,fog,s4,1,0.657519,0.769564,0.896717
8de497f3-e4a0-48bb-8b96-ce3ddd90795e,clean,s3,2,0.556469,0.643953,0.914699
8de5c838-5975-4d8c-a484-d5ba8b71e3aa,shot_noise,s5,5,0.152126,0.243979,0.290667
8df57946-5024-44f2-a57a-f9d7ed27a34e,clean,s4,4,0.633755,0.759472,0.843820
8df7a89d-9323-42c0-8823-b1d1d236f6e7,shot_noise,s5,5,0.424358,0.595811,0.595979
8e010efc-25f3-4e0c-9b51-766f66e440cf,fog,s5,0,0.562291,0.719354,0.721519
8e12da42-65ca-42cc-af5b-72a028440fe8,fog,s5,3,0.486163,0.654070,0.654778
8e1d314a-23d3-4cec-8dbb-baa66a716b16,fog,s4,3,0.484939,0.634125,0.705123
8e201c8b-e8bd-4c8f-82f4-502e9ed3843c,gaussian_blur,s4,5,0.442156,0.543730,0.765419
8e23f541-7291-4b8a-92da-a474c8168abd,shot_noise,s4,5,0.386433,0.555304,0.562272
8e26a3ac-1a47-4bc1-9657-9c7b82ea4594,fog,s5,2,0.318951,0.482026,0.486765
8e29002f-322e-4fcb-87ee-963be4963b65,shot_noise,s4,2,0.559851,0.697585,0.784757
8e34389a-4dde-4990-98a6-b5decd470980,fog,s4,1,0.610843,0.746938,0.803765
8e3a8250-c1bb-4f5e-872c-9db44ffbae0d,shot_noise,s5,4,0.407801,0.573842,0.592258
8e3adef6-c45e-4b2d-a9a2-9452c993df25,clean,s4,4,0.451072,0.619901,0.626464
8e4668ab-8d83-405b-9df5-268077cc367e,gaussian_blur,s3,2,0.515277,0.614156,0.851040
8e49b260-91e2-40bc-a795-a3cab0ff82b2,shot_noise,s3,1,0.545317,0.618186,0.935147
8e53382f-9810-408d-959e-21316796e070,fog,s5,1,0.342492,0.503374,0.524046
8e57bb9b-9562-4d6e-9527-b66d09a1daf3,clean,s5,5,0.735304,0.846090,0.856395
8e590bec-9be8-45de-8d29-53e113c0e884,shot_noise,s4,4,0.557605,0.692657,0.791856
8e5aadd2-d7f0-4e94-a057-2f2188c34647,shot_noise,s5,2,0.674727,0.805766,0.805824
8e5b00e9-261b-4b8f-bdee-0b01284ffab3,gaussian_blur,s4,4,0.340025,0.507044,0.508396
8e5f8ef5-d29c-4eae-aa1c-8b67a18c0a33,fog,s5,2,0.550896,0.702026,0.738603
8e8495bc-f894-4233-a143-3ee6db31996c,clean,s3,1,0.792160,0.874853,0.957344
8e8b506a-a7ea-4e70-b6ad-a3fa1a2316ba,shot_noise,s5,3,0.442981,0.533153,0.787116
8e9e5f89-e808-4222-b2d7-4aa78917c95d,shot_noise,s5,4,0.578226,0.728946,0.746805
8ea3cef5-8fdc-46c4-a76f-7f77552c425f,clean,s5,2,0.436065,0.607240,0.607471
8eb58728-1be3-42ea-94dc-de2c49e8fd6a,fog,s5,3,0.678712,0.807927,0.812165
8eb92cb1-4fd0-4d2b-8485-3a02b9f7e4fa,clean,s4,2,0.702936,0.822820,0.841009
8ebc0ec2-b908-436a-9f7c-2aa3a00c2c11,shot_noise,s4,2,0.689673,0.813459,0.831776
8ec8a647-d963-4d46-9dc8-debd7274d856,fog,s4,2,0.570579,0.714471,0.769008
8ee130f2-b4a4-424d-a86b-aa1daf1a8a6c,shot_noise,s5,5,0.451144,0.613026,0.644389
8ee22913-f7a1-4de0-ac19-b1a78562f140,shot_noise,s5,5,0.661874,0.795739,0.800459
8ef1b6dd-ea16-4350-80ab-f0438afa4fd4,fog,s5,3,0.372259,0.492998,0.640283
8ef51d40-1c19-4d27-b0f1-5c0ee302a92a,clean,s4,3,0.710041,0.818193,0.897787
8ef53533-823b-45cd-897b-758ca5bf61f5,clean,s3,5,0.387648,0.498718,0.678395
8f01965d-5e18-4bc3-9855-859d7e7dbf10,gaussian_blur,s4,4,0.667253,0.794737,0.828117
8f16079b-e47f-46fc-8351-507d49ab1ab5,clean,s4,5,0.620183,0.736249,0.876747
8f1b0a61-648f-474c-9aa2-9a0477056b9f,fog,s5,1,0.603670,0.752385,0.754782
8f1b6362-7643-4fb4-b9d7-eeeafb004201,gaussian_blur,s4,3,0.620235,0.752083,0.820176
8f202532-28ce-4497-80c0-e339f0ca39d9,shot_noise,s5,2,0.378103,0.545607,0.555600
8f243b78-c9dd-4975-941a-23f2fb8f131c,shot_noise,s3,2,0.556469,0.643953,0.914699
8f37fcc5-9ae3-4e27-978d-6197b23eb0ae,clean,s5,5,0.761188,0.857504,0.912819
8f4513f8-58db-4f20-ab84-b6b869e11c8e,clean,s4,0,0.793767,0.881575,0.914181
8f516ee7-8aa5-47fd-a123-619d6fa5d792,gaussian_blur,s3,1,0.721324,0.816827,0.954261
8f6447ae-344d-45c9-9148-c562ffaabfc2,shot_noise,s5,1,0.525101,0.649474,0.800266
8f6fe202-edb3-4ca0-8424-402b92616903,gaussian_blur,s4,3,0.277151,0.423508,0.452240
8f7c5da7-02a9-4622-86ef-b725ecbb85a1,gaussian_blur,s5,0,0.652578,0.788306,0.796683
8f812115-da34-4cc3-8f2d-757a23c6a3ad,clean,s4,0,0.679261,0.807025,0.819232
8f821768-1102-4a4f-85fc-c3226fcaf083,shot_noise,s5,0,0.496067,0.661526,0.667995
8f8464c1-9568-43f1-a1ee-1a428c09376b,shot_noise,s5,2,0.488497,0.656347,0.656408
8f96a41f-d62c-4404-a2e2-192cbad4d80c,fog,s5,4,0.356603,0.522316,0.532875
8f9dbc57-4992-46f6-8033-ee4e02aa7d8b,gaussian_blur,s5,2,0.561498,0.718326,0.722204
8faeccd7-43a2-4376-bac2-64bad105a5d2,gaussian_blur,s4,5,0.646077,0.774385,0.831995
8fb67ab5-1fe7-4db6-bf6b-2bf6c5b60011,clean,s4,5,0.747665,0.847382,0.909563
8fc1237a-ead3-4ee5-ac2e-1319d07606e8,fog,s5,2,0.433940,0.605239,0.605248
8fc33ff7-33ae-43c8-9ecc-0eabc967e9c9,gaussian_blur,s3,5,0.421086,0.546247,0.694838
8fc6fce6-c188-4c56-b8bb-c131f7ced703,shot_noise,s4,4,0.715797,0.826028,0.882256
8fc950d9-9013-4242-b498-6373a1a60bec,fog,s5,2,0.554750,0.712761,0.716607
8fd9c416-5113-46a3-a3ba-775fc26b9751,shot_noise,s4,2,0.591054,0.721746,0.819253
8fda4273-6c96-4cb3-babc-b998a738ad60,fog,s4,1,0.655418,0.787656,0.811579
8fe111f8-f1cc-487d-ad3e-a43fe6760f17,shot_noise,s5,1,0.614508,0.755192,0.785904
8fe157ed-dd86-49d6-bf58-716e10ddbd84,clean,s5,5,0.707405,0.828443,0.829729
8fe741ee-a054-4349-aacd-3572829dbdba,fog,s4,4,0.715665,0.816991,0.928694
8ff470e8-8902-4dae-8c0a-a361e579b6b2,fog,s4,1,0.597100,0.745923,0.754843
8ffe25aa-9956-49ba-8942-f9db87487eb8,fog,s5,3,0.492669,0.618619,0.768933
900533b5-add4-4849-bec6-f52a12c3c43f,shot_noise,s3,4,0.484787,0.605453,0.773531
90059d9e-0f78-496a-8a23-0582b4a35e93,clean,s5,2,0.452116,0.593760,0.693936
901b60d6-9ab3-4a35-85a7-fd48808c627d,clean,s4,0,0.556725,0.707688,0.741126
901c7325-bcf6-4d49-a1c2-5e700628d01d,fog,s4,2,0.323431,0.478157,0.509126
901c946a-2a9c-41f0-baec-8239bdf680e3,clean,s4,2,0.745648,0.846800,0.903205
90304c9f-d570-4bc5-9e35-b6d00f4f03e3,clean,s5,5,0.696962,0.814584,0.858309
9035ebad-d3ad-487d-92ee-80e9aa8ba300,fog,s4,1,0.606320,0.717845,0.886309
90387921-00c9-49f6-8cbc-fd639f3a5a28,fog,s5,5,0.381967,0.534195,0.592703
903cafb6-7546-46a5-abdb-fc849a7d685a,shot_noise,s4,1,0.600799,0.728969,0.830523
903d31f0-fd07-4c6c-9fb3-f6d00fbab029,shot_noise,s5,1,0.475877,0.641958,0.653015
904019f7-e1f2-4e71-936a-a6d7b009e333,fog,s4,0,0.570146,0.716051,0.762091
90419d3b-8407-4a5d-bee8-d01a925b5b5e,clean,s5,0,0.565974,0.700414,0.797695
90482d57-62fd-47c1-8fa1-48d8ca738389,fog,s5,0,0.764253,0.865845,0.870330
90541e40-2cff-441f-86f5-d3f832bb796a,clean,s4,5,0.567341,0.702803,0.795120
906969e9-dae1-4f56-87f5-1cd0a01296a7,gaussian_blur,s5,2,0.612958,0.759814,0.760992
906f1051-e629-4138-b368-fab572afa8a3,clean,s5,2,0.784140,0.878815,0.880635
907832ea-3cd0-4a0b-a794-e09c04a52938,clean,s5,5,0.588630,0.740134,0.744592
908ce9e0-62fc-4648-936d-90bce124ca97,shot_noise,s5,0,0.482300,0.649998,0.652883
908fd711-0bba-45e6-91f3-9f0ad951ebc0,fog,s4,2,0.368259,0.519400,0.577590
9092bb48-081e-4e59-89ae-82013bbb808d,clean,s5,1,0.303233,0.439152,0.512075
9095e2e3-b4dc-4012-b40e-21a0b2058f8f,shot_noise,s5,2,0.751613,0.856183,0.872192
909b0741-5e95-40ee-9e99-aa2e8bc44c63,gaussian_blur,s5,4,0.684140,0.811169,0.819232
909f073d-a543-40aa-8b4a-4357f82ff1a0,clean,s4,2,0.748302,0.846607,0.917483
90c33ba9-2393-41a4-a778-b5f9c21618ee,clean,s5,3,0.679151,0.807946,0.814000
90d12159-efc1-4eae-bbf2-36b293d393f2,clean,s4,5,0.799131,0.884275,0.923584
90d5ba87-4c65-4bb8-877d-045a78b67239,fog,s3,3,0.638992,0.740871,0.929728
90d94aef-be8a-4cf4-8306-018925203077,gaussian_blur,s4,0,0.633020,0.747541,0.885131
90e133cc-186a-43a4-974f-4cf9c87dbb7d,gaussian_blur,s5,4,0.191399,0.320714,0.322165
90f7b830-c940-4cee-8e3d-d74e2597e335,fog,s5,1,0.482816,0.648231,0.659700
90ff56a1-cdff-480b-bcdf-31e7f8ea4ffa,gaussian_blur,s4,3,0.679174,0.785195,0.919472
90ff63db-54a2-4015-a358-fcaed873b96d,clean,s5,1,0.649969,0.767449,0.875611
91007fc6-8ea0-4ea5-bec3-802d238090c6,gaussian_blur,s4,4,0.653700,0.781073,0.834064
910623e1-fc6d-4b15-832d-367b08289b54,fog,s4,3,0.599321,0.738846,0.790144
91066773-2dfb-40dd-bdd6-2151b4a05e85,clean,s5,0,0.289778,0.409515,0.516800
9110900a-7353-4ab1-bd02-d6abbc6444fb,gaussian_blur,s3,4,0.647983,0.742242,0.957694
911175da-3a28-487a-b412-e5fb8f60d3f3,gaussian_blur,s4,4,0.756013,0.857712,0.884560
912039a8-ce51-478e-87f6-dc866651eefc,clean,s5,5,0.549656,0.694178,0.759136
9126357f-1c32-4936-8ff9-bb5a10ba1451,gaussian_blur,s5,3,0.489002,0.654968,0.662181
912fa8d3-2845-47cf-8f0c-71b3c0fc9f6b,shot_noise,s4,1,0.561798,0.690710,0.812267
9134a86b-47f7-4d79-a14f-eaecafe8e752,clean,s4,4,0.426192,0.545542,0.712356
914b96b0-fcb6-4f3d-93e2-b7417db4535a,shot_noise,s4,3,0.590128,0.720388,0.820389
914cb935-455d-4274-b483-06fee1c69a0f,clean,s5,2,0.449611,0.516499,0.835045
9151320c-cf05-420a-abde-749481a06af0,fog,s5,2,0.746952,0.854656,0.858541
9157cfdf-9c31-45b6-8264-277534941496,fog,s4,5,0.750591,0.854912,0.875564
91654477-6957-4c52-af57-41b0d2f91e8f,clean,s4,1,0.694621,0.807925,0.881592
91683924-4534-4499-9458-c98fc3340a93,clean,s4,4,0.631440,0.760787,0.829698
917fee64-273e-4236-9dba-f70f46f62248,clean,s4,3,0.497564,0.660007,0.677706
9189cce0-52fe-4bc1-bfa8-9422727acaf3,gaussian_blur,s3,2,0.649822,0.751709,0.932898
918ab1f2-4c92-4148-a683-26897f053c23,clean,s4,2,0.750219,0.846006,0.930536
918c825b-2909-4e43-8ab7-c2f98eefd51a,clean,s3,4,0.800825,0.881573,0.955471
91950d67-4209-4b4a-995d-28155e2de14a,gaussian_blur,s4,3,0.487698,0.617144,0.756193
91acfa5b-807b-4001-916d-607da7feb234,gaussian_blur,s3,1,0.599442,0.720428,0.853781
91b0fed2-e677-4217-8e31-07c56c056ec3,gaussian_blur,s4,4,0.363028,0.494763,0.607725
91b6e3f6-e1ef-4134-bbe3-079a58bfec2e,gaussian_blur,s3,1,0.431416,0.556629,0.706880
91b81794-101b-43c3-80d9-fd99400f33b9,fog,s2,2,0.689523,0.777803,0.989191
91d4cb47-069f-4b58-a5cc-85d1fa973408,gaussian_blur,s5,4,0.774723,0.871768,0.883168
91e8f6dc-f84d-4f0a-bbcf-101a88c90314,shot_noise,s5,1,0.838786,0.911705,0.919357
91ea1196-dae9-4476-a28b-25ed3f7bebff,shot_noise,s4,5,0.704971,0.823599,0.846015
91ec5406-ba83-4a1d-8af1-a60c0ecac2cd,clean,s4,2,0.378112,0.548669,0.548896
9203d5be-729f-4349-a41f-d033b27e25e6,shot_noise,s4,1,0.567057,0.702484,0.795107
9207af75-92bc-4d93-b7d6-cc58876aff30,clean,s4,0,0.792563,0.877097,0.942715
920a9cfe-2e0f-4157-a8d3-7419c1378c58,shot_noise,s5,2,0.482665,0.650371,0.653098
920dede6-bbfd-41d1-b50d-d32d7f15bea6,clean,s4,4,0.715461,0.828005,0.869760
922673be-5ea9-4e48-986b-94f2c1fdf351,shot_noise,s4,3,0.573566,0.708856,0.798194
922dc6e7-37fe-4712-a206-da1033f2d832,shot_noise,s5,5,0.732353,0.844156,0.854128
9230dac6-0fe2-4551-bd23-e6e04653c1b0,shot_noise,s5,2,0.387393,0.557320,0.560992
92382475-ddba-46a9-8836-7b642c6d13ef,clean,s4,3,0.860218,0.922440,0.956021
924eaf11-96f7-46da-b447-2a73310a793b,fog,s4,3,0.712967,0.830487,0.843928
92514135-3950-4cfb-a420-26e2d20fe3cd,clean,s4,0,0.615026,0.753856,0.793213
9262fc3f-8fed-465c-bf2c-f1bec1fcba0e,fog,s4,1,0.742049,0.841762,0.916167
926406a4-9689-4241-b489-41ae03226375,fog,s4,0,0.793006,0.881566,0.909796
926683df-9970-4c73-8e4d-c38ebff81be8,shot_noise,s2,3,0.473335,0.510203,0.912715
92699754-c4a4-4dda-9fdb-36f547dac58e,gaussian_blur,s4,2,0.820764,0.898644,0.930331
926acf14-a51f-4efe-a093-2c3becd486c0,fog,s5,3,0.487452,0.654129,0.659147
92704ee0-a7eb-4c02-802f-774f48f26fe0,shot_noise,s5,1,0.673742,0.802896,0.816117
927128e6-9774-4e85-8b1c-19304e202910,gaussian_blur,s5,3,0.679798,0.808930,0.811739
928bf46a-371f-4c4e-a0c7-fc0564f8cdac,fog,s4,5,0.308319,0.471228,0.471497
92955e8b-fd50-4dd5-b567-c31e29fb60f7,clean,s4,0,0.651612,0.762183,0.902085
929fc2be-f4a7-4b7c-a2b2-71961838af52,gaussian_blur,s2,1,0.481187,0.490413,0.962373
92a88030-4f81-4271-97bc-a869c69d044f,gaussian_blur,s4,2,0.494154,0.639609,0.722054
92a98772-2ee8-4076-a201-b24fec970028,gaussian_blur,s5,1,0.421957,0.515949,0.753676
92aa3736-35b3-4362-beb8-fd12a31ccd35,gaussian_blur,s5,1,0.725061,0.840151,0.843557
92b0fef0-5ceb-47ca-80b9-6feed98a8c7f,shot_noise,s5,2,0.627449,0.770927,0.771765
92b1132b-f6ae-4fb6-94a1-3c83bebfc8fc,clean,s3,3,0.330006,0.466982,0.551152
92b77353-4fce-4db7-b59d-1124a750830a,fog,s5,3,0.705472,0.826358,0.832752
92bb5b03-abf1-49d8-b3b1-44a63baa3a7d,clean,s3,0,0.454189,0.497156,0.878235
92c69441-a3fe-41a0-8be5-7de638aed732,clean,s4,4,0.788868,0.880278,0.896144
92d49422-d815-4af6-adf8-49e7803378e9,gaussian_blur,s4,1,0.786255,0.875204,0.921484
92d74beb-fe16-4d70-a4b4-8c65e8ffaaa7,clean,s4,4,0.468300,0.633335,0.650276
92dedaa6-8660-47bc-9d2f-32e58f111a5c,gaussian_blur,s5,2,0.540221,0.688499,0.743172
92e001eb-ce92-4e0f-bcf8-b099bf6c80aa,fog,s5,5,0.334227,0.497032,0.508901
92e52ff9-b2c5-4a73-8668-3c9a5d66c2a4,clean,s3,2,0.530017,0.644455,0.828871
92ef14fd-2e94-446c-9871-fe3074c72506,gaussian_blur,s3,0,0.424731,0.459302,0.849463
92fc1eaf-a11c-4435-bbc9-5df4666edc69,fog,s5,4,0.315351,0.467680,0.501685
92fd81e2-7b07-4a24-8e8e-9c5cb5442f73,clean,s5,4,0.620452,0.760638,0.787243
931018a2-c8a6-48c1-8e25-ccb3b040ecd4,fog,s4,0,0.627225,0.738627,0.894440
931ebcd7-fa25-4e4c-9d79-4ba6034a0ea3,fog,s5,2,0.770935,0.870154,0.874495
931fb167-8171-480d-93d5-917b2df8d825,gaussian_blur,s5,1,0.790341,0.882417,0.886958
93224fa9-ed9b-440b-85d4-1142f8cd7f50,fog,s5,5,0.363323,0.525344,0.549117
9323f7f5-3ab2-4951-adc2-eb2089b03447,shot_noise,s3,2,0.497069,0.541012,0.932134
9327740c-cd03-4136-87fe-cb3976277567,shot_noise,s5,1,0.765262,0.866261,0.872730
9336e5f0-982b-4733-8527-6d48e4321ac6,fog,s4,0,0.789414,0.878427,0.914299
9337b571-f34a-47b3-aaa4-a3d854e19b50,fog,s4,0,0.731646,0.841867,0.865031
93437e3a-a31d-45f4-8f26-2f227eedcf25,clean,s5,5,0.452116,0.593760,0.693936
934daf1b-002b-4648-be30-23d77bac244a,clean,s5,1,0.571267,0.721652,0.746865
93544f37-59c6-4c76-93fc-69ffecc987cb,shot_noise,s5,0,0.831146,0.906983,0.916434
9354bc8f-4424-4e99-aefd-26866a143ecd,gaussian_blur,s5,3,0.710548,0.829213,0.839982
935fec19-6270-445f-ae54-7edd45fcb57a,gaussian_blur,s3,5,0.503102,0.624269,0.789584
936992f7-e92a-4df8-aa66-becc40b7cfd6,fog,s4,2,0.643262,0.762319,0.869539
936c86c7-f512-45ba-97a1-74069190b9df,shot_noise,s5,1,0.511770,0.676959,0.677321
936ef4fc-74f3-41ba-b682-06724f87e336,gaussian_blur,s5,0,0.667322,0.800468,0.800491
936ef903-7fc5-4b8d-98bd-de00e90686ad,fog,s4,2,0.561012,0.675046,0.853365
936fd8bf-5e11-457a-80c8-3d922fd4a439,fog,s5,4,0.743656,0.852533,0.856051
93725ed9-9ccf-4efd-bce6-70ff39f53154,shot_noise,s5,1,0.464112,0.633871,0.634294
937fbd6c-c377-4d4a-96d8-35c987d1236f,clean,s2,5,0.507219,0.559175,0.931381
938e6b0a-4f01-4bff-8fa0-9b4fdbf255d9,clean,s5,0,0.470395,0.636561,0.648792
938f368f-aa1e-4ae4-bfe9-8198ca02050b,clean,s4,4,0.571069,0.720568,0.749934
939656df-15f6-4ad2-9e5e-4fcaa0f0e6ea,shot_noise,s5,2,0.593167,0.742867,0.751530
939b05e7-52b2-4b4c-900b-fe23ab8b622c,shot_noise,s4,0,0.656222,0.788899,0.809168
93aa138b-65e4-4327-9e6d-557f9f312495,shot_noise,s5,0,0.598051,0.748237,0.749424
93b65beb-910b-4173-9600-fc49c15e1ddb,clean,s5,3,0.699475,0.822991,0.824155
93b735a7-a1bd-494e-b01e-8385b3ed42e5,fog,s5,4,0.452018,0.619461,0.630875
93b743b8-ea50-4069-bb72-b47e0348f4ec,gaussian_blur,s4,5,0.296746,0.457674,0.457685
93bda5f5-ad16-4d5d-a71a-b4caba8bba94,fog,s5,5,0.547027,0.700874,0.728341
93c83246-591c-465c-9595-15f72a259885,clean,s5,0,0.660426,0.795453,0.795670
93cde3da-6e52-415a-88f4-fdf3113cd067,shot_noise,s5,5,0.476980,0.645071,0.648180
93d31fd9-8e4c-4e85-b606-6d7dadc30e00,shot_noise,s5,1,0.426802,0.596007,0.603851
93e5e73c-c9ac-4f12-9d2a-98df3ab2ebbe,clean,s5,2,0.632588,0.768445,0.803045
93eb1b96-d616-4eab-bf57-8888a9bc5739,gaussian_blur,s4,2,0.408124,0.579599,0.579838
93f01050-c9a1-4a08-ac80-3a4bc94d5690,fog,s5,0,0.442124,0.613157,0.613157
93f0baa6-1b76-4e6a-9031-1dff1148fd1e,shot_noise,s5,4,0.682225,0.811099,0.811099
93f2cb25-9955-40a0-a323-e2b63647624b,clean,s4,5,0.442426,0.566278,0.722202
93ff658a-b5b4-45bf-a2c4-faf9f76e1ea9,clean,s4,1,0.624777,0.758529,0.812683
94233ff7-3876-46c0-a4f7-9eab2f0c89ec,gaussian_blur,s5,1,0.617885,0.760208,0.778873
942a215d-5418-4921-818d-c5dab88fffd9,shot_noise,s4,1,0.756552,0.859493,0.875021
9435d252-d319-48aa-8b2a-643b022f872f,gaussian_blur,s5,1,0.513797,0.676945,0.684619
94412001-f4e1-493b-b23a-7a279100118a,gaussian_blur,s3,5,0.328336,0.454260,0.567829
9442b9cc-ea57-4327-b47d-b8491104e91a,fog,s3,0,0.773223,0.861506,0.948683
94482043-0753-411a-9d28-222087665a75,clean,s4,3,0.793767,0.881575,0.914181
944d48d5-01a3-424c-be64-1bace687229b,shot_noise,s5,0,0.766595,0.867225,0.872804
94616331-df2d-418d-a932-0d9017dff854,clean,s5,3,0.630030,0.769479,0.788427
9463024c-5557-43f1-a22b-94566d1f27a1,fog,s4,5,0.334156,0.470110,0.559080
9468d440-b396-491a-8157-27a143d0aac1,clean,s3,3,0.535339,0.655574,0.818667
946964c5-d6c5-49ec-9f80-41f74195654b,clean,s5,3,0.550268,0.709617,0.710880
946d0e3a-0de7-48a6-86af-b1781abce059,fog,s5,0,0.605004,0.753852,0.754080
947952da-5bfd-40c1-84e3-dac98f2bc6d1,clean,s5,2,0.710238,0.830259,0.832418
94853478-a493-47ae-b9cb-429f18470f45,gaussian_blur,s4,1,0.496764,0.656501,0.684987
949805a4-f6ab-4dc9-ba6c-48bf166830be,shot_noise,s4,1,0.702404,0.820048,0.853771
94a0e2f5-937e-42c1-91df-b48771b76bab,clean,s4,1,0.706833,0.820231,0.872790
94afb98b-7208-41b9-8767-06ec80852552,fog,s5,0,0.425428,0.595822,0.599611
94b2cfa8-564e-4b1f-b4f8-16e6973fd54f,shot_noise,s3,5,0.577195,0.689530,0.868480
94b83dae-8add-4036-8bc9-e1d9d4d600eb,shot_noise,s5,4,0.175340,0.297417,0.299712
94ba73fa-b317-4d7a-8081-7f880e303200,gaussian_blur,s5,2,0.211736,0.347184,0.352987
94c870fc-360e-4f2e-883f-a32b3198abaf,fog,s4,3,0.696461,0.813143,0.863525
94cc172b-bd8d-402f-8705-91b55fd4706d,gaussian_blur,s5,1,0.278905,0.366779,0.545733
94d01d83-ab35-4ed7-85d9-bf279da37703,fog,s2,5,0.465453,0.482109,0.930907
94d32013-3495-4cbe-9af3-71eca2ce7369,shot_noise,s5,3,0.598129,0.746748,0.755600
94d9a9fd-a61b-4ddb-aaf9-f23cf5d9f89e,fog,s4,5,0.578195,0.693888,0.859616
94eae905-915f-4eaf-b672-7fc731023b49,shot_noise,s5,2,0.559807,0.714026,0.730955
94f0798d-cb41-4642-a813-8d65aff7f171,fog,s4,1,0.679102,0.796111,0.871549
9508f238-7b3b-4c73-8f7c-d68118de8a9b,fog,s3,1,0.624412,0.715355,0.956492
950c24c7-e559-4fec-b832-3a699bfa3b4b,fog,s5,0,0.394709,0.561207,0.576955
9514b2fb-0c9b-4939-b402-d9286b86aa88,shot_noise,s4,0,0.689480,0.810192,0.847877
9515477f-eb7b-4ff2-8571-ee589096129d,fog,s5,3,0.619946,0.762634,0.777008
95216fdb-43c1-4200-b55d-fa639930f40f,clean,s4,0,0.577595,0.714386,0.794783
95293fca-ba31-4fe6-a99b-2e91055c2ccb,gaussian_blur,s3,5,0.497573,0.541570,0.932672
953514bd-76a4-444b-ab21-92aa84f8adf9,gaussian_blur,s4,2,0.248974,0.392723,0.408503
9540f297-7602-4546-9d4d-e0b3ff7fc689,gaussian_blur,s5,5,0.603582,0.749975,0.764061
95453f0f-f76b-494c-817d-7cdd2fde4db5,gaussian_blur,s5,3,0.485773,0.650425,0.663838
9560c43f-9e8b-4815-a265-022c35cf410a,shot_noise,s5,5,0.557862,0.704279,0.756464
9563a39b-fb68-4263-965b-a82ceb50acc9,shot_noise,s4,3,0.402424,0.515786,0.693910
9568eb93-9702-4fb0-b0f2-be448fde4cd8,clean,s4,1,0.417288,0.585701,0.596464
958a259b-7cae-4fd2-a104-8797a0b503d3,fog,s5,3,0.303710,0.459927,0.477008
958d15bc-2fe0-4e01-a7e3-8376d3a112a8,gaussian_blur,s4,4,0.647540,0.755381,0.911520
958d9a8e-25c2-4208-a75c-ee07e18d3c63,gaussian_blur,s4,0,0.333800,0.400336,0.667600
9594c3ef-2734-40e6-a46a-5e178061c707,clean,s5,0,0.763988,0.865535,0.871191
959534d9-8e3e-4633-90ad-376115a98b35,fog,s5,2,0.556825,0.709218,0.736368
95b43174-cae6-442c-a5b5-b5aa4b6db3ef,gaussian_blur,s5,5,0.487715,0.644343,0.687464
95c0d26c-5213-4817-95f8-481e0ef6ffae,fog,s4,3,0.451446,0.611560,0.649105
95c29f97-8caf-4b0e-8ffd-958867d59b03,clean,s4,0,0.783037,0.875553,0.900541
95cb189d-95af-4e69-9ca0-aeb647d01824,clean,s4,0,0.689667,0.811696,0.840967
95d1a804-4a68-4f29-9c22-c709a4b387d0,gaussian_blur,s5,4,0.583687,0.735231,0.744272
95d36438-6b15-4c32-960c-a7ff02e4cf9b,fog,s5,1,0.421353,0.592819,0.593067
95d3c377-9f63-4f08-b39e-a4278d4bf92e,clean,s2,3,0.441443,0.468900,0.882885
95dc5b6e-eccf-48b9-b8e4-9a64131e71ac,fog,s4,0,0.185873,0.306373,0.323723
95de61c4-ebfb-4dd1-9f95-3c76e7fc3752,clean,s5,4,0.727740,0.841809,0.846271
95e321cb-b673-4b95-ba7d-f89fbc698698,gaussian_blur,s5,3,0.483151,0.638797,0.686744
95ec275c-246a-423d-83ac-c101ed843a08,clean,s5,3,0.327883,0.396050,0.655765
95f2e6aa-6192-48e0-89e0-8f771d0f6b8a,gaussian_blur,s2,0,0.378917,0.468087,0.702805
95f7c34a-2651-403a-a8d7-e85801a10670,clean,s5,2,0.700697,0.814146,0.877096
95fa85a0-c641-4308-a9dd-b9a912812c9a,fog,s4,1,0.457723,0.505373,0.875910
95fd2c0e-961e-4f38-8ad3-a220baed9ea0,gaussian_blur,s3,4,0.617743,0.738777,0.859157
95fe3050-7a56-45ad-ac63-fc2e6850d77e,shot_noise,s4,0,0.326097,0.458542,0.553264
9600c511-b362-407c-8d95-e1f9c7fd43c0,gaussian_blur,s4,4,0.550431,0.692749,0.766299
960f647f-0245-4920-a5e7-166943159b73,gaussian_blur,s4,0,0.687839,0.807762,0.852979
96101113-68ca-45f9-89b2-eaf282654f70,shot_noise,s5,4,0.712711,0.829326,0.849456
96195584-90eb-4fab-a353-587b5261961a,clean,s5,2,0.697211,0.817598,0.843513
963be901-f9c4-4e85-88d8-e6e888a9f581,shot_noise,s4,2,0.472695,0.635556,0.659479
963d56f9-30e9-46bd-8abc-1d5540d21cc3,fog,s5,4,0.485180,0.648580,0.666971
966372a4-b5c8-4e5e-a02b-036ec216707d,clean,s4,2,0.525950,0.687051,0.696659
9665d899-342e-45ad-95e3-4dae67925dd2,fog,s3,3,0.475407,0.532572,0.883772
9686a901-4158-4b21-8ac3-bf0772fc1dc3,shot_noise,s5,0,0.818168,0.899732,0.902580
969050bd-508e-463b-b15f-f14efc025dc7,shot_noise,s5,0,0.661725,0.796190,0.797616
969af919-6491-4465-ba8d-aba30155d832,gaussian_blur,s4,3,0.667504,0.791689,0.843393
96affcd8-7d7b-48a3-9b33-b38e3116c4b5,fog,s5,5,0.641988,0.781901,0.782252
96b12d9b-d929-495d-a3a1-7d4fa08d735c,clean,s4,5,0.474748,0.579697,0.796438
96b70124-9e78-40ee-b628-67dd3a09cc2b,shot_noise,s5,4,0.558813,0.709389,0.743067
96c30460-9f84-496b-a706-7beb05087740,gaussian_blur,s4,4,0.627071,0.757385,0.826077
96c56b6a-91a4-43c4-8b40-6adff4eaea06,shot_noise,s4,3,0.725253,0.838067,0.857312
96d6246e-7a13-4cd6-b319-00be4e7d90d0,fog,s4,3,0.330400,0.460841,0.563189
96d80b7d-254a-49f7-ae82-257a412a6d88,shot_noise,s4,2,0.814842,0.893379,0.941088
96da0210-b475-449e-b233-0178ac00546d,clean,s3,4,0.629320,0.722725,0.951989
96e3d22a-e5f2-45da-aa0e-972923436b54,fog,s3,2,0.675346,0.778310,0.932096
96f31927-963b-443a-801b-8ba31f47fcf0,gaussian_blur,s3,5,0.530369,0.608203,0.909877
96f44aba-7127-4c25-8b3c-0c300a6216dd,gaussian_blur,s5,2,0.387445,0.558163,0.559269
96f80c1a-4253-4413-aa62-1a4cd6dea7a6,clean,s5,3,0.627200,0.770833,0.771168
96fbc713-72be-4267-b015-6eefc2e275e1,fog,s4,3,0.396569,0.555286,0.596325
97046598-1a31-4fef-98f1-fb63f8d76433,fog,s4,0,0.628776,0.759675,0.823717
9707de24-473d-4e7c-9808-c4fc5855a635,gaussian_blur,s4,5,0.705172,0.824301,0.843015
970a2667-d586-4a1f-bb07-91bf208a3f90,fog,s3,3,0.425445,0.529065,0.741033
970a66c5-de7b-47a7-a444-13dcd544c057,clean,s4,2,0.561403,0.697308,0.791097
971a630b-514b-46df-abae-b5dfee2fd327,clean,s5,4,0.680153,0.809632,0.809632
9724c8ad-9baa-4187-ad85-529ce23587af,fog,s3,5,0.600888,0.696621,0.928928
9728b49d-0d56-4e13-b14b-d2e4581695e7,fog,s4,3,0.450501,0.565439,0.749403
972e256b-1006-45e4-aa31-8848f9f49cad,gaussian_blur,s4,3,0.468606,0.616529,0.694583
972e29a1-9cb6-4b60-b510-07d6dab685c9,gaussian_blur,s5,1,0.683387,0.807732,0.833696
97351304-632c-4ffa-9b1b-03349698461f,shot_noise,s3,0,0.758547,0.850195,0.946155
97452d1a-e73d-47a0-a293-c17960fb0f84,fog,s4,1,0.594985,0.744226,0.753280
974bcae2-3f1a-4539-8a5c-1113f9010828,fog,s5,1,0.497963,0.650086,0.707057
97578deb-2971-4c8d-9ea8-35ba108b489e,clean,s5,1,0.705326,0.825199,0.838672
9757accc-1de3-4dff-8a46-ee3d80e8e81f,gaussian_blur,s5,4,0.785328,0.878697,0.888505
975f3b9a-49ef-479d-b01d-376d3807a085,fog,s5,3,0.688893,0.815751,0.816016
9760bd86-ba52-475f-af7b-22e8103a067b,clean,s5,4,0.650786,0.777681,0.836923
976e32f4-d5ab-4a51-bd0a-080f5e2fb2a7,fog,s4,0,0.735239,0.841518,0.884667
97701e48-4e67-44d8-b5ee-25633f8b208b,gaussian_blur,s3,0,0.575495,0.669393,0.915563
9775d9ec-1062-4f86-8d67-36afff27151e,gaussian_blur,s4,5,0.808560,0.891372,0.919706
97a2bac2-fece-40d5-8db5-7ccec6138afa,gaussian_blur,s5,0,0.662626,0.796816,0.798400
97ae543a-04f5-4147-ba50-3c0c08d6409a,gaussian_blur,s5,4,0.540485,0.696731,0.718117
97b38314-cf2f-4921-8b0a-a1f576b1383a,clean,s4,0,0.814803,0.893958,0.935616
97b89623-12e3-4f3f-b5b7-500df3c92500,gaussian_blur,s4,1,0.295344,0.456007,0.456012
97bb4b11-1d08-4cb2-9ab0-90c32e73f479,clean,s2,2,0.507219,0.559175,0.931381
97bb79d4-d7a2-4dd5-bb58-c5724282edf6,shot_noise,s4,5,0.592940,0.725558,0.813333
97c05231-95a8-4ecf-aea7-6362c2b1127b,gaussian_blur,s5,0,0.740790,0.850581,0.854546
97cdaf0e-15ca-4be7-b634-823dc1f86ebe,fog,s5,2,0.346641,0.472577,0.594923
97ee3354-39c0-47ed-acfe-452ae974edde,gaussian_blur,s5,3,0.349106,0.509674,0.533573
97f0fb2a-cd15-4f9b-a3ec-e45ff81a662f,gaussian_blur,s4,5,0.760114,0.854910,0.924361
97f24d08-1c64-487b-9acc-3cd0f839d278,gaussian_blur,s5,3,0.435305,0.605596,0.609030
97f52279-78aa-4384-bbe2-60c52c3f8d8c,shot_noise,s4,3,0.521548,0.659198,0.762869
980fc265-3374-4a3c-8216-595cd396ad41,gaussian_blur,s4,5,0.499865,0.641007,0.737691
98114890-f7bf-43a8-91b9-1985249da2e5,shot_noise,s4,0,0.540230,0.675206,0.782426
9819a656-b0b9-4d2d-9ba7-605617030ca7,gaussian_blur,s4,1,0.545450,0.687246,0.765456
981ef86f-304e-45ed-b309-31beac5c089d,clean,s3,3,0.462978,0.480777,0.925955
9822e8d1-e457-4145-b93d-136bb7355c94,gaussian_blur,s4,2,0.564593,0.707812,0.769285
982613ec-85e8-460e-90ed-ec7a33b0493b,clean,s4,0,0.595051,0.741062,0.765663
9830668f-3b21-41bb-9c2b-a7d6849c40ed,clean,s5,5,0.546286,0.693974,0.747765
9830c4ab-5ca0-45dc-add7-9b87283c5d6e,gaussian_blur,s5,5,0.588679,0.739419,0.747515
983247af-846c-4802-b527-f59739906adc,gaussian_blur,s5,3,0.754189,0.859872,0.859872
9836b416-6de6-481c-8990-92e030f4c653,shot_noise,s5,5,0.756126,0.860972,0.862261
983a29d4-c4d4-4bc5-b559-314c99f4b6e5,gaussian_blur,s5,3,0.671569,0.798089,0.830416
983b42ad-cda5-4128-891e-332e5aec0590,shot_noise,s3,0,0.437503,0.466668,0.875005
9848be55-1912-4546-ad35-77a71b94578e,gaussian_blur,s4,1,0.598974,0.725588,0.835237
984cc173-c08c-4759-affc-d95adf0bce07,clean,s5,4,0.557524,0.715211,0.718368
986ab723-cb82-4eaa-b45b-c6a42a2f648d,clean,s5,3,0.393340,0.561308,0.572107
986fa003-f377-4677-9380-ff7a15917ce2,shot_noise,s4,4,0.575612,0.712517,0.793733
9870829e-4477-4bd5-a7e4-e410ea4451f4,fog,s5,3,0.340847,0.494908,0.535129
987e3e74-e34f-4ef7-a6bf-199e74f1a5d8,clean,s4,1,0.643749,0.775695,0.817035
9883f532-32a3-43cb-8c5e-0c18b310dff7,clean,s5,5,0.768391,0.868366,0.874059
989d598d-7405-415c-83b0-e6039a6b494f,fog,s5,1,0.639710,0.779923,0.781856
98a1b8fa-2b24-43fe-b35b-08327edaf59f,shot_noise,s5,4,0.413941,0.578879,0.601269
98a356cd-4cfc-40de-a698-c05a48e6e432,gaussian_blur,s5,1,0.718314,0.834480,0.845664
98a68e22-a51a-4544-bc6f-856734cfe27d,fog,s3,3,0.374406,0.466435,0.691744
98ac4280-8105-4589-a3ba-88c41f7fe649,clean,s5,5,0.648224,0.786553,0.786665
98b0ff2a-40cd-4b26-a9ba-8833defcaf18,fog,s4,2,0.475140,0.625867,0.693187
98b2e5c0-23cc-4673-b9b0-03a1304f9653,fog,s5,5,0.468303,0.619444,0.686336
98b4a7ba-66d9-497b-b3b0-b99cff99ed78,clean,s5,2,0.587681,0.737063,0.752619
98b4b817-2135-4bf9-b196-eda6c23c605d,clean,s5,5,0.370203,0.538443,0.544523
98be7ff9-b4cf-41ad-afac-142efc244b6b,gaussian_blur,s4,1,0.505157,0.664713,0.690688
98c32f3a-feb9-40cf-93bd-0be0da2579ca,fog,s5,5,0.759464,0.862814,0.866759
98d0fafc-ab7d-4b48-bba4-fbaa39bb738d,clean,s5,5,0.658267,0.793913,0.793963
98d5b203-96d3-421e-b59d-c30fc269ffa5,fog,s5,4,0.260008,0.405738,0.424437
98d75cec-a03c-4be7-87e0-07c5a5c61e86,fog,s4,2,0.626160,0.761903,0.804571
98e2037d-29ef-45f9-8722-9298c1094ae8,shot_noise,s5,1,0.780136,0.876472,0.876643
98e49bba-7684-4ad4-a5ab-f2843a0c2799,shot_noise,s4,5,0.794491,0.882940,0.907159
98e9fc16-ec41-4397-84cc-ecab670d68b2,gaussian_blur,s4,5,0.683594,0.795597,0.892629
98ef40bb-f31e-4a49-82a7-24ce27b6f071,shot_noise,s4,5,0.592453,0.729098,0.799365
98f1322e-23f0-4364-9d29-827865e960b1,fog,s5,0,0.813446,0.895890,0.909015
98f553ce-645f-4bb0-bf8b-2b3e765b3fd1,gaussian_blur,s5,1,0.673641,0.801160,0.824317
9906e318-378c-4dac-9ae6-33282fb33122,gaussian_blur,s4,3,0.335148,0.501651,0.502816
991b23bf-4199-4d6d-a1bb-9c6b831d7fd6,clean,s4,5,0.776170,0.870622,0.899952
99245588-5e03-4231-9190-39d65fc86907,fog,s4,2,0.483428,0.638099,0.689552
99419a81-9aa1-4c1c-aa6a-575ab89424a9,clean,s4,5,0.613407,0.739679,0.839936
99596335-a5f6-40e8-8893-bb7ae7a8a0c7,gaussian_blur,s4,0,0.788868,0.880278,0.896144
99637d19-4b11-4caa-9125-031fb2e6abe8,fog,s4,3,0.742938,0.848857,0.876699
9969f6fa-3ca0-40c5-af06-ed89839a5b5f,fog,s4,5,0.501948,0.650646,0.719204
996c60a1-47ec-41d6-a0c0-8e1501b4678c,clean,s4,0,0.485619,0.617562,0.748408
9974658b-4197-4e39-82e6-9cb6a43428eb,fog,s4,3,0.294526,0.445560,0.472120
9977accb-45f1-4361-a18b-b57634348ad1,shot_noise,s4,5,0.294300,0.454544,0.455165
997f243f-5d45-4bbe-b6fb-3e716bb06338,gaussian_blur,s5,2,0.689547,0.814720,0.824512
9986021f-d1f6-4c4e-ab3c-8d1c70ceb5a1,gaussian_blur,s5,3,0.530752,0.690523,0.702917
998acbec-d365-4382-abbb-e3f4910678b8,clean,s4,3,0.494597,0.661317,0.663408
9993c3a9-dbe5-46db-8d28-ab0bce1933eb,gaussian_blur,s5,1,0.395588,0.566867,0.567019
99a2bdb3-510a-4999-808a-c36f1149bfd2,clean,s5,2,0.384615,0.541409,0.586402
99a6fd50-0839-41a1-8dc8-65c0652b5dc2,shot_noise,s4,3,0.644073,0.778111,0.807835
99ab3863-cb40-4678-86fc-67702c152d90,fog,s3,1,0.404663,0.512517,0.706747
99be4b92-0291-437e-8069-5a7b80539ee5,fog,s3,1,0.372629,0.497702,0.633009
99cbf2fc-567e-4a38-80d2-e1c7a5ea82f6,shot_noise,s5,2,0.616341,0.757523,0.783728
99cf5efa-e250-4b90-b4be-3d13d529c4a8,fog,s5,1,0.247135,0.395624,0.397483
99cf7c7c-2642-43ea-ab53-03899cec1b0f,clean,s5,5,0.599526,0.746908,0.760384
99d3c9f2-a158-42a7-99d6-4ba1ebaa1d36,shot_noise,s3,2,0.437777,0.488303,0.844768
99df569f-c71c-4a6d-8ff9-09dd4d45e6a4,gaussian_blur,s5,5,0.571550,0.725428,0.734448
99e30696-d83f-4567-9346-90d92d41359d,clean,s5,0,0.633115,0.775300,0.775557
99eb9146-6180-46e3-becb-57257ca6d88f,clean,s5,3,0.662876,0.795299,0.806864
99ebb770-a59e-460f-af12-2104dde76a26,shot_noise,s4,1,0.417022,0.519165,0.732971
99f7f0d2-79b2-4fc6-860f-134563be346b,gaussian_blur,s4,4,0.490556,0.623976,0.749283
9a07da80-cdff-40f5-a116-390f387b06f7,gaussian_blur,s4,2,0.736639,0.844914,0.870507
9a0f8cb4-23be-436c-b16d-83a1c1d04b54,gaussian_blur,s3,5,0.422971,0.458271,0.845941
9a19211e-7f7c-4b33-8aa4-4a9bbf12d731,fog,s4,1,0.716038,0.829748,0.862581
9a294ff4-9566-485e-9cb7-8df8864b22b5,gaussian_blur,s5,4,0.560317,0.708049,0.753008
9a304928-9bdd-4134-b822-79d12cd13cb6,fog,s4,5,0.756980,0.852321,0.925075
9a38d453-a23b-4bd1-8344-3c03dcc9ee00,clean,s4,1,0.836972,0.909332,0.932420
9a44c943-8c44-4dbc-a49a-68b27e3ebeec,shot_noise,s3,4,0.301059,0.425361,0.527925
9a56937e-c25a-4457-871a-069e6ced5788,clean,s4,1,0.594504,0.740052,0.767385
9a56cdbe-1198-4a95-a0dd-97aa9c3f9af0,gaussian_blur,s4,4,0.487359,0.633429,0.715091
9a5ba0c9-102a-43e1-bd6a-2887eed988be,clean,s5,0,0.402013,0.566423,0.589755
9a61bf23-8867-4200-adfc-cb96f6a3620b,clean,s5,0,0.723154,0.835631,0.861888
9a6c770f-c63b-4ad1-b604-818b4e3cb017,fog,s3,2,0.415065,0.520773,0.724075
9a8a30d7-f99d-40b6-9db9-556f33934c96,shot_noise,s4,2,0.608908,0.735722,0.837135
9a950a5b-83f4-42d1-9563-56190b61781b,shot_noise,s4,0,0.653374,0.783212,0.823285
9a9ae96b-d853-41bb-8713-fd2e54437f71,fog,s5,5,0.577342,0.719658,0.776224
9ac2a2eb-1e08-4570-ad73-955ecf00ac9c,gaussian_blur,s4,2,0.614557,0.754931,0.787136
9ac539b1-e6e0-484c-9fc5-f5a502761fe4,shot_noise,s3,0,0.476767,0.605802,0.746879
9acd65e3-a709-4df4-8e91-c91bee64bce9,clean,s5,0,0.701523,0.824448,0.825348
9ae4df34-1860-4ceb-bcc0-513a64dbffbb,gaussian_blur,s5,0,0.700668,0.821936,0.835536
9aedc2a0-9cfa-4c44-bf6f-9b7e3de187ec,gaussian_blur,s5,3,0.605375,0.753148,0.758384
9aef237f-3c8a-4fc9-bc3a-1b823f472c1f,fog,s5,1,0.569802,0.724169,0.732427
9af9b579-4fc2-4497-9199-b513bb587cec,clean,s4,2,0.640562,0.752500,0.895675
9b06f729-aa34-44ad-88ae-a60b4f1ed1a0,shot_noise,s5,1,0.754455,0.859931,0.860853
9b0e630c-9206-43e4-9ab8-19283d553a63,clean,s5,1,0.671104,0.801027,0.814036
9b18fc92-622c-482e-b001-b12a07ee888f,gaussian_blur,s5,2,0.510425,0.675858,0.675903
9b2b4505-20b0-4aca-8e97-98856bf1ea64,shot_noise,s5,2,0.747213,0.853071,0.870625
9b2ef874-9389-4aed-8b36-b50b9d3bfd75,clean,s5,1,0.585233,0.738354,0.738364
9b304e38-aa2e-4f46-9768-75d87a6c6bc4,gaussian_blur,s5,5,0.678476,0.808432,0.808501
9b38b577-94f6-443f-9ab6-52a8b396808d,shot_noise,s4,2,0.752188,0.848778,0.923322
9b3d99ed-da47-466f-9056-7c1954811a84,gaussian_blur,s2,0,0.430124,0.477590,0.838747
9b5d3aec-f2ba-494a-9f17-fd3f6290e415,clean,s4,1,0.637953,0.767969,0.826352
9b64cb18-291c-4763-88aa-876a4001bf43,clean,s4,0,0.578485,0.709221,0.814608
9b71c0df-9370-46ed-91dc-e939438c0ad7,clean,s5,3,0.398206,0.564025,0.582373
9b7dd73b-71c1-44bd-90ec-08f4ed3b7d5a,fog,s5,4,0.373184,0.427383,0.746368
9b82db5e-d2b2-463f-9f25-614ce5f462c6,clean,s5,2,0.725877,0.840177,0.847376
9b8de57f-9216-4ef4-ac2d-94ad10d99ee1,fog,s4,2,0.782334,0.871546,0.927157
9ba0ca45-3efa-4f1f-a9be-5bed909a9b0a,clean,s4,5,0.742804,0.849426,0.872332
9ba4dcb3-586a-40f4-a592-ab270fcc8660,clean,s4,2,0.498000,0.655925,0.690931
9bac9f93-8046-4c7f-8957-62edb225e989,fog,s3,2,0.276927,0.400840,0.488649
9bb5c68d-85de-4a88-bc84-f7c0f8b0d746,clean,s4,0,0.564940,0.696858,0.804919
9bbd75b1-8498-4fb3-99f5-f32f2244d623,clean,s4,5,0.789075,0.879281,0.905489
9bc1e655-02b4-4fa4-8109-48a73cefb82b,fog,s5,2,0.571515,0.727129,0.728128
9bc40612-3e9d-4c83-8664-170cda6e8f85,clean,s4,3,0.525776,0.665735,0.759365
9bcc8f00-2c5d-449a-8e7a-e8da03cfaeac,shot_noise,s5,3,0.473006,0.641386,0.644592
9bcd43ce-78f4-4ffb-a0e8-c3deb3555e25,fog,s4,4,0.623168,0.734668,0.892869
9bd38b4e-dc9c-4908-957b-dc911b99a548,shot_noise,s5,1,0.517057,0.670717,0.714885
9beeaca0-01d7-4e15-88be-aaff821382e8,clean,s5,4,0.792146,0.882863,0.893893
9bf283a8-4d2f-458a-acc3-b8ab6e7c45db,fog,s3,5,0.468672,0.483829,0.937344
9bfbbcef-7626-4470-a343-b68c8e3c4d09,gaussian_blur,s3,5,0.587365,0.677140,0.934901
9c06fee4-5fd0-4274-8a12-3095c5f21aab,shot_noise,s5,2,0.519185,0.683340,0.684024
9c1ae395-f09b-4bdf-b31d-bd3a417690db,shot_noise,s5,5,0.765210,0.864956,0.882057
9c3f6305-f961-45b8-a76c-1e9b507689bf,gaussian_blur,s4,4,0.711562,0.823259,0.877973
9c445a0c-1b9c-4181-8db4-fdc60dc9c4a0,fog,s3,5,0.468583,0.483782,0.937165
9c516f30-0b7e-4b5f-8b7b-689b8b0c05eb,fog,s4,0,0.734300,0.835602,0.914891
9c5de82f-6456-47dc-bcc4-d0e90e06666f,gaussian_blur,s3,0,0.640026,0.749876,0.902971
9c620d39-1394-4203-9bec-9192ed467def,clean,s3,1,0.465624,0.482200,0.931247
9c6252f3-d80c-4d93-bde6-7cb5179b94cb,fog,s3,4,0.376154,0.482422,0.670816
9c77990f-1ff7-48aa-9702-97c87b8f80d0,fog,s5,5,0.568254,0.721522,0.736095
9c7d3a55-ed76-4e9c-a6d9-e1a97cf59fc6,shot_noise,s5,3,0.810263,0.893930,0.907045
9c8421a9-105a-4d3d-9387-fe446fe7fb3f,gaussian_blur,s3,0,0.513987,0.633424,0.803269
9c876be9-d287-4f6e-8f19-fc10cdd1fca9,gaussian_blur,s5,1,0.551877,0.701598,0.743547
9c89e79b-ac87-4404-90d7-c1001fc92767,gaussian_blur,s3,1,0.319767,0.454504,0.539717
9c8a4770-4d10-4bf9-8ff2-0f5facfc272f,fog,s4,4,0.707807,0.826856,0.840755
9c940644-20e9-46a3-9b5c-b9b1d109511e,shot_noise,s3,0,0.545290,0.615365,0.940720
9c9577a8-4c77-4c8a-a33b-fd02e2a19f93,gaussian_blur,s3,5,0.473617,0.575898,0.800533
9cb1c5b0-f11a-40ce-92a0-00367990d86d,shot_noise,s5,3,0.334212,0.498498,0.505952
9cc38ab8-2a8a-4869-b95d-425c06fc07f7,clean,s5,1,0.714072,0.829645,0.853984
9cd10c8a-c4d9-43dd-b5d4-298e704c43f5,gaussian_blur,s5,4,0.434484,0.595610,0.630896
9cea4e39-3e1b-4d8e-a99d-306799fadb2b,fog,s5,2,0.561875,0.712529,0.743695
9cea5b41-cc72-4216-bb3d-9b07dbab107d,shot_noise,s4,5,0.694053,0.813192,0.852631
9cea9a53-0794-4ee4-881c-f4a0da4dba72,shot_noise,s5,1,0.663137,0.796066,0.804256
9ceae4bc-bf15-4610-a8e1-695b501311ce,fog,s3,1,0.469403,0.559449,0.819253
9ceba11b-0158-4751-b6e5-62ae8a0ba81e,shot_noise,s5,5,0.505153,0.660108,0.703957
9cefc932-2cd7-48ec-a131-94950403ef3b,gaussian_blur,s5,0,0.721320,0.837394,0.842451
9cf3b313-a01a-4151-9bb5-2529700773a9,clean,s3,1,0.404313,0.481578,0.757595
9cf440e1-403e-4948-85f3-a943a65a77a1,clean,s5,5,0.449611,0.516499,0.835045
9cf8df8a-0b3c-4084-a0b7-6eef5d3b9a7f,clean,s5,0,0.708044,0.826615,0.843231
9d01be33-43a1-4a3c-a41e-14ac1b3f03ff,clean,s4,4,0.259458,0.407665,0.419360
9d051a03-05b4-46f7-b83c-1335b3be3ec1,gaussian_blur,s4,3,0.658178,0.777212,0.868571
9d09328c-086b-469d-9451-7897e2116539,gaussian_blur,s5,0,0.394709,0.561207,0.576955
9d0ed486-0a85-4f4f-891d-ef9f919a4331,fog,s4,4,0.427069,0.572130,0.660216
9d10742c-be2a-48e0-a30b-2ebe661bab3b,shot_noise,s4,5,0.492067,0.652630,0.679580
9d13e800-bef4-47da-9553-af8c4cd7d624,shot_noise,s5,3,0.594686,0.744676,0.750372
9d1b595d-4e76-4e2f-8ae6-a8c1a913aa44,shot_noise,s4,5,0.234837,0.339546,0.442139
9d1ecf6b-9c38-4d6e-93a3-092080f52ec7,clean,s3,1,0.465272,0.497257,0.909179
9d25a01e-f8da-4910-b0d4-bd69083f8c2c,clean,s5,5,0.221778,0.343384,0.392979
9d26302b-c280-42a6-9631-2df9933c499d,fog,s4,4,0.323944,0.460446,0.542955
9d282075-d4b3-46f5-82c5-6ed9b643eb59,gaussian_blur,s4,0,0.532215,0.670610,0.767835
9d3970a5-e807-4672-96c0-417a5aefefc2,shot_noise,s4,0,0.798386,0.881105,0.944976
9d507d1a-3ee0-44fa-bfa7-e37f76395cc3,clean,s5,1,0.680153,0.809632,0.809632
9d6bea1b-25e4-4068-9f7a-f4ae61df06d0,shot_noise,s5,0,0.430482,0.500544,0.804741
9d6ecb36-7030-4732-aede-f48c050065f2,gaussian_blur,s5,2,0.297059,0.372694,0.594117
9d70cacb-1316-487f-adf4-c189581ec5ee,gaussian_blur,s5,5,0.717907,0.833952,0.846880
9d788911-8f73-49e4-a8cc-338b6d5c5542,clean,s5,4,0.790996,0.882062,0.893828
9d7b0728-816b-45e6-953f-1a5ebe45023a,fog,s3,5,0.317997,0.388751,0.635995
9d817c27-e836-4531-ab7f-604c6b62cbe0,fog,s4,5,0.362712,0.532320,0.532379
9d8d2769-699d-485d-a943-8c43402060a7,clean,s5,3,0.303521,0.439451,0.512512
9daacf4b-2be7-47cd-95be-5f5bfde9abac,clean,s4,0,0.473747,0.571842,0.808912
9db9ef5f-785b-4510-a2e4-4bb8ab14e895,clean,s4,2,0.545449,0.698363,0.730790
9dd01bc3-616f-45d9-bb51-f03d06346db8,gaussian_blur,s5,0,0.802064,0.888828,0.902160
9dd1976e-ea65-4dc6-a990-a4a0c7de3fba,fog,s5,0,0.662626,0.796816,0.798400
9dd2a311-d895-40bd-9dee-68bc8ca43759,shot_noise,s4,0,0.640511,0.764582,0.850048
9df28803-ccef-49b7-b510-50c1e4d5ad4f,shot_noise,s3,1,0.633291,0.731062,0.940635
9df67374-e324-409d-a27d-077a1e284850,clean,s4,3,0.267484,0.417131,0.430544
9e011d52-6181-416c-8290-f74313c7eca2,shot_noise,s5,1,0.713374,0.832218,0.835657
9e05a906-68bc-48b7-8810-25d9e9b50fd1,shot_noise,s5,0,0.370614,0.499151,0.623957
9e19e183-641a-4aa5-b3f3-28c1d8afd633,fog,s4,0,0.726037,0.837635,0.863701
9e1ed657-03d6-4e9a-835a-ed5e35b466fe,shot_noise,s5,4,0.561474,0.704451,0.768923
9e29895c-b877-44a7-83f3-e2106debde3e,shot_noise,s4,4,0.309379,0.459977,0.495856
9e2a3e6a-713e-433b-9263-f8e06450292a,shot_noise,s5,2,0.560579,0.709052,0.750640
9e37b05f-618f-4898-b20b-8ad006f911dd,clean,s5,4,0.739733,0.838504,0.924048
9e3850e4-5740-4c89-b93f-aae096273538,fog,s5,0,0.853369,0.920884,0.920885
9e438663-1a76-4741-91e4-7ae96719a278,clean,s4,5,0.648163,0.779286,0.819339
9e44a282-e797-4989-a811-bd6d8f5efdef,fog,s4,5,0.451404,0.615491,0.639013
9e465928-28d2-408c-8904-e393cff341c1,shot_noise,s5,2,0.655710,0.787360,0.814156
9e4919ba-fef3-4517-9d26-2a23f40c07ea,fog,s5,0,0.692310,0.815042,0.835165
9e4b8862-ed41-4c95-a889-c5e7d8ca136f,gaussian_blur,s3,4,0.432867,0.533747,0.755297
9e505a7d-d2bb-47f8-b3bb-8b1c9db3305a,clean,s5,2,0.659299,0.794187,0.797029
9e558271-c0e8-4512-9cb4-bc9fe69cf1ef,gaussian_blur,s4,2,0.480484,0.606399,0.757556
9e593602-956e-4a1c-82e3-f3065751b24f,gaussian_blur,s3,0,0.363293,0.466821,0.657019
9e63a56a-51f3-4d88-8cdc-42d9eedba146,gaussian_blur,s5,4,0.738230,0.848445,0.855735
9e6aa4e5-8517-48ff-98cf-b9b9cf57f476,fog,s3,1,0.304703,0.431223,0.530133
9e73f863-a2a7-48a9-af4d-409bebe1db7d,clean,s4,2,0.613407,0.739679,0.839936
9e814209-c71f-4bf9-9d06-b1623a7c9f54,gaussian_blur,s5,2,0.497389,0.661125,0.673835
9e83209e-07fc-4d6f-acfa-65aef29215d9,shot_noise,s5,0,0.654979,0.790776,0.795105
9eb92fa0-68a8-40bc-a32b-96c03c3b4892,shot_noise,s3,4,0.207399,0.314661,0.385696
9ec1733e-ad06-46a6-8039-c90fa5d43a6d,fog,s4,5,0.245011,0.391209,0.397498
9ecf1b1a-064f-46b7-b9e0-f8e07d72ce64,shot_noise,s4,2,0.523703,0.629012,0.844816
9ed00b89-852d-4205-b6bf-a956bfc91a0a,shot_noise,s5,2,0.781056,0.876838,0.878955
9ef609ed-f10f-4062-b445-e8a1270b0ea8,clean,s4,1,0.620629,0.762858,0.778784
9ef6b719-78cc-4341-8a33-56ebced306b1,clean,s4,2,0.674721,0.784564,0.904210
9efbe4fa-f1a6-4589-9193-d1bc9354a2aa,clean,s4,1,0.553891,0.697563,0.763648
9efe5309-0a2b-4e63-9717-c63f34e5090d,fog,s3,0,0.620696,0.710300,0.958102
9f002d90-53a5-46f5-8086-5ba5013512e0,gaussian_blur,s4,0,0.412660,0.581933,0.589728
9f06f259-670b-4574-bf3b-beabbd9c7f35,fog,s4,4,0.595645,0.707567,0.880024
9f0a464b-789f-4ee3-a777-c6e1c8054d07,shot_noise,s4,2,0.488948,0.632159,0.723675
9f1cb0e3-6c73-41e0-9ba6-69f13cf70a37,clean,s3,1,0.586332,0.680306,0.923544
9f216168-efac-4335-800d-caa768cf1b15,shot_noise,s5,4,0.446759,0.580581,0.705860
9f289f95-e4f7-404f-935a-d9b56b0fa4d8,shot_noise,s4,2,0.525835,0.649823,0.801813
9f2b2821-b972-4ad7-8664-a8c531c938c2,gaussian_blur,s4,2,0.502911,0.650912,0.721778
9f4bcf25-b6b9-40e6-909b-21a5fdc223f4,shot_noise,s4,5,0.696875,0.807183,0.894902
9f4cd254-00cc-4e2b-b5e6-1855676c3c58,shot_noise,s4,5,0.749014,0.853028,0.880113
9f51363d-9e8d-4d26-902d-cb404baafb4f,fog,s4,4,0.752247,0.855914,0.877309
9f53beb7-daf8-4c0e-9203-4ccaf6e34c29,shot_noise,s4,3,0.525669,0.647886,0.806144
9f554828-19a5-45d1-8567-ac4e6a2ac3d3,clean,s3,5,0.456209,0.498829,0.881456
9f5bb0dc-3f7d-47cb-9ff1-17f58403caba,shot_noise,s5,0,0.718457,0.828680,0.879856
9f600c01-41f9-4692-abec-ffb06be7e6d9,shot_noise,s5,2,0.761777,0.863986,0.870643
9f6385e6-377c-4ca9-8ae7-87da1c7d4ee7,gaussian_blur,s2,1,0.484988,0.492380,0.969976
9f698d23-6da7-4bb0-8eef-84c74428a362,shot_noise,s4,2,0.498181,0.655708,0.692174
9f6b86ad-e2a6-4529-a645-2a01cc5b2e6a,clean,s4,4,0.792021,0.879772,0.918629
9f6c6677-dcba-4e42-98b6-565bb9e456e3,fog,s5,2,0.654002,0.790725,0.791225
9f716c4b-4205-40a6-bd0a-6d0ecfcdce4b,clean,s4,3,0.404694,0.571427,0.587345
9f782bff-af67-4ff7-9521-255ad3bda699,fog,s4,4,0.600445,0.726126,0.838789
9f883331-89a2-4bbd-aacc-afd5607e5f56,fog,s5,0,0.518901,0.678305,0.698656
9f9653a0-e1e1-4242-a900-e88ddc178e8a,clean,s3,2,0.520037,0.645808,0.792755
9fa21c39-d116-41d5-8a1e-ebc0b40d9285,fog,s4,1,0.457355,0.621263,0.644517
9fb60eaa-0a1e-424a-af89-d01d476b8598,gaussian_blur,s5,2,0.740521,0.850594,0.853093
9fc91a94-0ce4-4c3c-934a-8033fb7ca0af,clean,s3,3,0.473526,0.486403,0.947053
9fcae9fe-de70-46ad-bce0-a7124635f847,gaussian_blur,s5,2,0.596496,0.742390,0.766145
9fd2f3ac-9450-4f28-a496-5dd18c1ac194,gaussian_blur,s5,1,0.748757,0.855593,0.861434
9fd3ff01-b9dd-4ecd-b53c-815efd1c263a,shot_noise,s4,0,0.266060,0.415463,0.428565
9fd46fcf-886f-4ca2-ad65-84aeb8e5e138,shot_noise,s4,0,0.698934,0.801221,0.931306
9fdbbb20-83c0-4fd0-8226-72f77d640a07,gaussian_blur,s5,0,0.822003,0.902236,0.903033
9fe5c2ce-94f5-4e73-a7d6-4b40588911b2,clean,s1,4,0.313085,0.399329,0.605958
9fe841d7-a880-452c-921d-531706b5774f,shot_noise,s5,0,0.562340,0.681380,0.840669
a009324d-1886-43a3-a5b9-baf11df41ce7,shot_noise,s4,5,0.747846,0.848724,0.902075
a00f8cbf-d10f-4b23-8501-5c4b07f3221f,gaussian_blur,s5,5,0.597399,0.740276,0.777568
a018cb14-0385-410f-a442-a4df7abd97a7,fog,s4,3,0.591957,0.732947,0.783892
a040a769-6cc7-471a-8d35-9020ceb756d4,shot_noise,s5,5,0.457373,0.620667,0.646123
a041ada1-41e0-410b-8959-670387493e81,fog,s4,3,0.536151,0.674032,0.771712
a04c56f9-c911-4ea6-ac00-29e68e83c36f,fog,s3,0,0.471855,0.515395,0.900711
a059b154-e2a5-45d1-ac17-9a468673c178,shot_noise,s4,3,0.667183,0.771282,0.927556
a05fc088-9966-47ee-b252-21e0b2114e4c,fog,s2,2,0.457922,0.493715,0.893785
a0654ab9-181e-403f-831a-30aacb539cbf,shot_noise,s2,2,0.480592,0.490104,0.961184
a0658be8-6e52-4e39-b164-184796aa7f16,fog,s4,1,0.544827,0.683625,0.774048
a0738c2e-7d19-49e6-8c32-02f3d85ba55a,clean,s5,3,0.614755,0.759740,0.768421
a09186b8-96af-4da0-bf68-02954be6a414,clean,s5,0,0.700747,0.822289,0.833932
a0a3bd0d-305f-45cf-9b87-c9c78aea55cc,shot_noise,s5,0,0.723154,0.835631,0.861888
a0a47e6b-28f4-4227-8355-1d06dc60d7e0,clean,s5,5,0.632588,0.768445,0.803045
a0b0fc6c-8c02-4de6-abe2-81a507b8005a,shot_noise,s5,1,0.850097,0.918302,0.927219
a0b113e2-886b-4b6a-b0e8-d200270b04f0,shot_noise,s3,5,0.420249,0.513112,0.753403
a0d72aac-190c-4f43-a78e-7636140c0b2d,gaussian_blur,s4,3,0.727342,0.835923,0.880114
a0df4633-c297-40d6-9d90-8d55e85c9d37,fog,s4,2,0.395303,0.566439,0.567038
a0e7de40-b547-42e4-99ed-da48b9efa935,gaussian_blur,s5,2,0.452753,0.623291,0.623339
a0ee4207-3fb9-4c5f-b03f-a16a5d782667,fog,s4,1,0.541773,0.686886,0.753595
a0f67096-b4f7-4ca5-b9e8-6e96beca4925,clean,s3,4,0.404313,0.481578,0.757595
a11166b1-c856-4e3f-8de4-fc25fea471da,fog,s5,1,0.578389,0.727225,0.753637
a117386f-44f1-4580-b360-c3a19cd620d6,shot_noise,s5,1,0.449611,0.516499,0.835045
a1235eb6-7eea-449b-bf4f-885f61d6dd63,fog,s5,2,0.327096,0.395475,0.654192
a138205f-509a-4d3b-8acf-69fdf92ff259,fog,s5,2,0.501426,0.632776,0.763670
a1435010-d1c2-45e4-af43-ba10fbe24c9f,clean,s2,0,0.449906,0.492848,0.872501
a1462f23-2265-492a-9d32-06e2e2d8fbd8,gaussian_blur,s5,4,0.613346,0.760076,0.761441
a14ebba5-9b01-4735-9710-68722e06611b,gaussian_blur,s5,1,0.559385,0.708954,0.746608
a1541bef-5d64-4cf8-903a-de7234d4e1e0,fog,s5,3,0.460104,0.620509,0.655861
a154a03e-1b51-4aa0-ad2e-b0789dd27948,fog,s5,0,0.521101,0.684432,0.687479
a1621256-3a0d-4839-8403-abef076449aa,shot_noise,s5,1,0.165167,0.283454,0.283584
a16d7fad-eb02-47bb-9464-017f2a28ddfe,gaussian_blur,s5,4,0.674519,0.805045,0.808613
a1761997-1a24-46be-9561-b284dd25056f,clean,s5,3,0.674989,0.805053,0.810625
a18127b5-f9d2-4a2d-82e6-207d035c6cf5,clean,s3,1,0.582201,0.687712,0.890368
a18641ff-d40a-4166-91d8-09297ea7a165,shot_noise,s3,2,0.615298,0.702756,0.960607
a1894d71-f320-425f-8004-6b6aaa6a6927,gaussian_blur,s5,0,0.180601,0.288133,0.330973
a18ae361-9d2b-4b0c-9ad2-8c1e3c28a0db,gaussian_blur,s5,0,0.398206,0.564025,0.582373
a18d10cd-076c-4134-b25a-f334cb8cc2d2,shot_noise,s5,2,0.626163,0.770104,0.770144
a19cb63c-edd5-41d1-82b3-fd0af4360e49,gaussian_blur,s4,0,0.722781,0.828990,0.898126
a1a54799-5844-4ab4-910b-a411022d61f1,fog,s4,4,0.736656,0.839654,0.902667
a1b17db9-35f0-4897-b295-5fa19554cd33,fog,s3,5,0.400552,0.507342,0.703216
a1b9bcea-6438-4a1c-a02a-4a6fd8007238,clean,s4,2,0.688525,0.813669,0.825544
a1c89509-4921-4a92-98ff-d3b2c87042b9,fog,s3,0,0.363293,0.466821,0.657019
a1d70d2b-0f6d-41b7-8df2-775151a70271,clean,s5,2,0.526684,0.687569,0.697659
a1e90587-933b-415b-b99e-d80bc99f35e6,gaussian_blur,s5,1,0.390505,0.559463,0.566691
a1e99c0f-e7a1-4c6e-a313-67548cadfbcd,gaussian_blur,s4,2,0.795288,0.879098,0.942832
a1f2a642-6c3d-47ff-9fdd-0d0e7d4e0608,fog,s3,0,0.515920,0.635242,0.805210
a1f50a90-fdc1-4cd5-a7a4-1d409b67562d,fog,s4,3,0.708868,0.820595,0.880022
a206824f-6eae-476f-bf82-bf1e18fa86a8,shot_noise,s5,1,0.361920,0.492629,0.608069
a208331b-b745-4799-b415-6b32d11e877d,fog,s3,0,0.437435,0.514056,0.803259
a20d504f-0c77-4b98-af69-63a749839171,gaussian_blur,s5,0,0.358953,0.527275,0.530400
a215731c-2604-4aa0-81bd-426c0c9a23d3,clean,s5,2,0.790996,0.882062,0.893828
a2167e9f-ade0-4ec1-92a4-a4bbd040c352,clean,s5,2,0.615546,0.759513,0.772485
a2190010-4604-4233-bc29-47cbcdf81d2c,fog,s5,2,0.693577,0.818852,0.820262
a21fe1c3-11bd-4ddd-8359-cd5d30274e6d,gaussian_blur,s3,2,0.617785,0.715786,0.932472
a2210eac-da7d-427a-8269-0c0456c61a8f,fog,s5,3,0.337586,0.489470,0.534736
a2225244-6c36-4863-b7d9-e7e591c10e04,clean,s4,3,0.688525,0.813669,0.825544
a22b8ac9-3e47-40c8-9f2d-2a2110cfca86,shot_noise,s2,5,0.671765,0.761633,0.979970
a22feb54-5a06-400a-b4fd-e195c1481edd,shot_noise,s5,3,0.669378,0.801057,0.806432
a23560b2-195b-4091-95fc-bcd769565c13,gaussian_blur,s4,2,0.505106,0.662924,0.695712
a24977ce-9d69-4b8f-a833-aa06d2c504a0,fog,s5,1,0.600117,0.749702,0.751648
a24c9902-cbae-48b3-bf81-e08b36d79e0c,fog,s3,5,0.355353,0.456782,0.648791
a2628a4e-f9f1-48ef-a018-37619b56f0de,shot_noise,s2,5,0.406804,0.452796,0.807763
a2637c1c-74d0-46de-be06-7adb605b29e7,fog,s5,5,0.558225,0.716204,0.717488
a26fe3b4-cb2c-41f3-9c54-73000e4f472d,clean,s3,2,0.440912,0.479001,0.867248
a2734adb-3b0e-4d78-bb4a-01e4eaab2edf,shot_noise,s4,5,0.618387,0.751331,0.815957
a273aa55-9cda-443e-bb76-ab9230b249df,clean,s4,4,0.752076,0.856011,0.875765
a2800318-3138-47b0-8a95-480b877ea131,shot_noise,s4,0,0.697150,0.807396,0.895059
a2800544-7501-47ae-bb29-65438dae80c7,gaussian_blur,s4,5,0.553677,0.643769,0.906318
a2a483ca-130e-444c-98c1-506eb9f45c8c,gaussian_blur,s4,4,0.622049,0.758528,0.802043
a2a9c03a-75df-4053-8bca-6b5923442b88,shot_noise,s4,4,0.758398,0.854818,0.916208
a2ae066d-064a-4e95-af53-08b87478170e,fog,s4,4,0.749442,0.849736,0.903645
a2b185b8-6fa8-43fc-9cca-671a0ac87327,shot_noise,s4,2,0.659724,0.782953,0.850393
a2b9c57b-8483-4998-8c2f-d4905d702179,fog,s2,2,0.549080,0.623446,0.935877
a2bf574a-6baf-41b9-98c9-800f5b5fd0b8,clean,s5,2,0.735304,0.846090,0.856395
a2cbaa34-80f5-4478-86f0-b4f29642781d,clean,s4,3,0.574135,0.721046,0.759627
a2d4d680-8a45-4f88-a5ed-85cc2802dd3c,gaussian_blur,s5,5,0.529346,0.689894,0.699856
a2deb131-c2ef-49ec-94d5-d8c9fc379da7,fog,s5,0,0.515366,0.658374,0.744037
a2e53b3b-a4ba-45ce-9bcf-5b6566cbf38d,clean,s3,4,0.465272,0.497257,0.909179
a2eb2686-8271-460b-8a23-5ab7b6f98361,clean,s4,2,0.542722,0.682195,0.770912
a3172ba1-0e49-403a-a871-0785bfa9d066,shot_noise,s4,1,0.577758,0.685967,0.880168
a322c7b4-23aa-4439-926d-641495c78c97,shot_noise,s4,5,0.485098,0.616325,0.749628
a32fef96-baa8-4823-8433-26638f7dbd62,clean,s5,2,0.605950,0.749190,0.776325
a334e6e2-ba58-422d-aa64-683c5bb9111f,shot_noise,s4,0,0.732465,0.836447,0.901387
a33e6f5c-3ef5-4e9a-b30b-83e387880bf5,shot_noise,s5,0,0.430617,0.601998,0.602011
a3472d42-9688-4620-b98d-52cd474f549e,clean,s5,5,0.619768,0.764472,0.768583
a349f8ee-dedf-4399-80ae-57ad5b639a27,gaussian_blur,s3,0,0.467270,0.498880,0.912395
a34d2d9c-e285-4635-9eb2-16f0a61ac423,clean,s5,1,0.649060,0.784555,0.799405
a3510ccc-312d-4d11-b1a2-20f26ad5ce3b,clean,s4,3,0.678225,0.804225,0.828896
a35c7ed4-3d16-4df8-8f2c-7cb38899d399,shot_noise,s5,2,0.462623,0.631577,0.635355
a35f2868-7e3e-4c71-a8a4-0eef06813f6f,shot_noise,s1,0,0.273069,0.364511,0.530461
a361ed4e-bcaf-43d3-b329-e40ab6fbf47b,gaussian_blur,s5,3,0.728627,0.842948,0.843424
a36843ae-ec02-414e-b574-3e5644d20782,clean,s5,0,0.614365,0.760009,0.765761
a36b5fc0-acf0-46bb-b0f4-0ae2a41aa089,fog,s5,3,0.434527,0.518123,0.787786
a36f9870-698e-43d0-8318-88fe8b4c256c,gaussian_blur,s3,1,0.768323,0.858408,0.943682
a382e27b-a2ea-4418-b635-4eebfec8b52c,clean,s4,1,0.403730,0.563756,0.601516
a39444c9-8e0e-4af0-9d5f-f24dc4352322,shot_noise,s4,3,0.761404,0.855403,0.927748
a3bacab7-aca5-4043-ad4c-03b1a44bbacd,shot_noise,s5,1,0.454317,0.600039,0.686651
a3c0e2f5-3a7f-402e-9c8f-7267d4056ade,clean,s1,3,0.260215,0.352770,0.505979
a3ce19a7-1031-419f-bb71-da24860db30b,clean,s3,4,0.661792,0.759161,0.951435
a3d80c7a-530e-4dd3-87d1-408a55dd188f,fog,s4,4,0.230100,0.334354,0.433851
a3e045f8-23a2-43d6-93d3-57863d184095,shot_noise,s4,3,0.619219,0.762977,0.772683
a3e29132-ac0d-4a92-aa34-90b6c4b96f59,fog,s4,2,0.523126,0.662605,0.758952
a3e82bbb-23a8-475c-ab6b-d4f9691f0930,fog,s3,5,0.539185,0.658284,0.824476
a3f6bc66-ec3c-4f42-a75c-abbe4ccbe9be,clean,s4,0,0.639392,0.772394,0.813610
a40c1c34-f047-4187-8258-2d451f105911,clean,s5,5,0.397341,0.568476,0.569253
a4164e40-e644-4e40-a84c-85f2eb266816,shot_noise,s5,1,0.573872,0.723708,0.749303
a416e665-bce1-415e-a726-f7fcc6f3ee99,fog,s4,2,0.668429,0.796821,0.823152
a421923d-bdf4-4600-877b-02889aebd7a6,gaussian_blur,s4,1,0.689403,0.813227,0.831799
a4333cbc-3665-4aba-8a95-13bbc01eef7b,gaussian_blur,s1,5,0.463955,0.481303,0.927909
a466c3b1-85b7-49f6-9909-478665ff4060,gaussian_blur,s4,2,0.370699,0.519182,0.586040
a46c2265-a57b-47fa-8a9c-367fdfcca85a,gaussian_blur,s4,1,0.625528,0.766666,0.782336
a470a339-1e54-4d8e-9363-1d7fcad5a83a,gaussian_blur,s5,5,0.425062,0.595132,0.600060
a47c759b-49ab-497e-b13b-72c0be445e01,fog,s5,1,0.681979,0.810908,0.811008
a4818daf-25e8-43f9-ba41-3b2cad651a5a,clean,s3,1,0.629320,0.722725,0.951989
a4838810-7fac-428e-9ed2-944d5b37f2f0,gaussian_blur,s4,4,0.604445,0.742388,0.796453
a4912036-7a19-4c3c-afff-685cfb8ab372,clean,s4,3,0.351898,0.520193,0.521445
a4927615-3f11-4ef3-8ac0-07cf7be58c8c,shot_noise,s4,2,0.620183,0.736249,0.876747
a4982bc9-5635-40b0-9ae4-e3229f284d17,clean,s3,5,0.533760,0.628132,0.878560
a49d4fb4-6def-4db8-bdf1-a3f9fa1f9b59,clean,s4,0,0.530027,0.681066,0.729730
a4a24d58-7ba6-4ffe-8dd8-42e290a4f2a2,fog,s5,5,0.567348,0.714644,0.756607
a4a90f31-a117-4bdb-85f1-608b6a1bde1a,fog,s3,1,0.739592,0.837631,0.928362
a4aa484f-c582-4de4-aef9-67cd5a1ca44e,gaussian_blur,s5,5,0.675051,0.805794,0.807097
a4c0819f-9934-47ba-a39a-00955c5daa1e,gaussian_blur,s4,2,0.589018,0.701577,0.874677
a4d8983f-118d-412f-ac78-5201ba772383,shot_noise,s3,5,0.436913,0.486369,0.845180
a4db36e1-b142-45eb-b674-6d8d1119bb40,clean,s4,5,0.768624,0.860277,0.932880
a4dfd7b0-7e71-4f8e-a8ba-690339893c91,fog,s4,1,0.430956,0.596308,0.617255
a4f5383b-41b3-42c1-a85c-bce01e2e0c80,shot_noise,s5,4,0.350719,0.517908,0.522208
a5015b91-5821-4c12-94cc-33e1d2b26285,fog,s4,0,0.457474,0.622651,0.641308
a5069d52-bb3d-4dc4-a4ed-05be6f83704c,shot_noise,s5,1,0.793810,0.884738,0.887808
a50d2b12-5a47-4220-af9d-c4fc373c2ef5,shot_noise,s4,5,0.694232,0.801932,0.908341
a51d5f55-e7de-4ab9-bd6e-ad680df70244,gaussian_blur,s5,5,0.520098,0.684293,0.684303
a525bf44-010a-4c53-9922-aaba59ac2d84,shot_noise,s4,4,0.755830,0.857389,0.885820
a526a5df-d801-48f0-bfbf-b1f074620ad3,clean,s5,4,0.458172,0.626839,0.632655
a52fc921-d79a-4cb4-a36b-05e097468998,clean,s4,1,0.549015,0.696911,0.748270
a533d92a-6197-4552-8b66-cb2ac9a447ba,fog,s3,4,0.467945,0.551306,0.829765
a534b738-b5b2-4e4d-9994-dd87578f5f63,shot_noise,s4,1,0.655464,0.779611,0.847549
a53b6b70-103b-4aae-9fed-710e67cc6c3c,fog,s2,0,0.505718,0.557454,0.929952
a54305b5-db1e-41bf-bc58-fabb05d14ff0,clean,s3,5,0.816006,0.889716,0.979982
a5489478-33e1-4923-8d46-42cfbe5a86f1,gaussian_blur,s5,2,0.758000,0.862289,0.862736
a56368a3-98fa-42ce-b735-fe16a9cf27fa,gaussian_blur,s3,1,0.423475,0.544981,0.704889
a56b0183-6da8-4edb-896e-2def4ad085d7,shot_noise,s4,2,0.777294,0.869996,0.910828
a579cadb-37da-4a87-87eb-1c3e6ef6a7ec,shot_noise,s5,1,0.338102,0.467200,0.576939
a57ec387-b54f-4245-85d2-dda56764b0c1,clean,s5,0,0.440361,0.517295,0.806534
a58ee407-e6f0-452a-94c0-4a5202275f88,gaussian_blur,s4,0,0.710041,0.818193,0.897787
a5aaf687-7560-46aa-9322-142d4e7d3fab,gaussian_blur,s4,4,0.497424,0.661865,0.671792
a5b297bd-580b-4e38-8c1d-0953b8de211f,shot_noise,s4,1,0.806281,0.890529,0.913067
a5b9d34a-2b08-4db0-8b6a-6acfbe130b6a,shot_noise,s4,5,0.585155,0.713214,0.825744
a5b9e5a0-7c70-452a-a25b-86c93c20243c,fog,s5,4,0.709786,0.828702,0.839371
a5c02048-c08a-4c6d-bc03-3f83b177cf99,fog,s3,4,0.483994,0.521621,0.925427
a5d004ff-c7a4-4963-9ef4-edb0bdadc6b2,gaussian_blur,s5,1,0.667244,0.800331,0.800837
a5d726c2-6400-491e-98fa-eb84ddf24acd,fog,s4,3,0.447317,0.508907,0.840547
a5db39b7-73b3-4391-9ced-c6513886d5dc,fog,s4,2,0.748252,0.846365,0.918717
a5e6d6ef-70d5-4c55-b9f8-96270f40055b,shot_noise,s3,4,0.445999,0.508680,0.837083
a5f21168-d144-415d-af28-b0d39237b6ec,gaussian_blur,s5,5,0.552344,0.709992,0.717259
a5f2142d-9faf-430f-9163-6bfc57462d40,shot_noise,s4,4,0.554139,0.708019,0.730562
a5f2b4c4-9318-4aaa-a669-ebccbd9b9d86,gaussian_blur,s5,2,0.617967,0.762456,0.769877
a5fc46ca-b297-402a-8836-72988bf518b0,fog,s5,3,0.621876,0.758495,0.801499
a60c1f4e-9c28-4b7d-9354-43e39070ee27,shot_noise,s5,5,0.599691,0.743799,0.773019
a61192c9-2b0c-4742-83a7-d0c144bc2383,shot_noise,s5,5,0.496948,0.611945,0.797958
a6146154-551e-418c-a96b-98cb6213ee2e,shot_noise,s5,2,0.559389,0.707542,0.751312
a61767b0-63df-4a77-a98d-0e1a07d2457e,fog,s4,4,0.632104,0.753408,0.860480
a62afc85-5718-4200-b0cf-a8d74765eeea,shot_noise,s3,0,0.599468,0.699322,0.916749
a6346036-5ba4-490c-a00a-9fe3861b3165,shot_noise,s5,0,0.550268,0.709617,0.710880
a639d445-56ea-4cc9-9a2b-d840a918a8fc,gaussian_blur,s5,2,0.747360,0.848532,0.900865
a63b8539-d267-4fd3-80e9-65685215c9d6,clean,s4,3,0.594766,0.738972,0.772432
a641506a-e5aa-4c06-a815-f7772d0e62f3,fog,s4,0,0.447411,0.591730,0.683112
a641edaf-5c88-4130-8efb-b0ab88ad72b7,clean,s4,4,0.727853,0.834487,0.890868
a64de0e5-b639-41e0-859e-c5c2e748d757,fog,s4,3,0.683064,0.796034,0.888453
a64ef2d3-39b5-4d7c-8a7c-9f56a0776378,gaussian_blur,s4,2,0.594671,0.736812,0.780061
a65f129c-a0f6-46e0-8885-3580d6cdd5e3,fog,s2,0,0.639615,0.728244,0.971393
a66aaf72-2414-4677-ab42-8d6d9e7c9d6d,fog,s5,0,0.641558,0.779977,0.789227
a66bf352-5c9d-474c-83f6-7cef301ab145,gaussian_blur,s4,1,0.329481,0.492552,0.501766
a6722ca7-08fb-4e78-aeb1-7259683fbe92,gaussian_blur,s4,0,0.686526,0.800873,0.880709
a67b8c6b-8368-464a-b837-1f5564ad591c,shot_noise,s3,0,0.567742,0.691557,0.830368
a68bc862-7cf3-4508-b8ef-45aa66b1851f,clean,s5,2,0.447513,0.600132,0.663803
a68f633c-25b5-4323-b181-7578b74f71a5,clean,s5,5,0.834351,0.909696,0.909696
a6927dce-be8a-4402-be47-b75107f3747f,gaussian_blur,s3,2,0.469037,0.571501,0.795072
a69c998d-0c32-49aa-a22f-059db34e2811,shot_noise,s4,0,0.774193,0.867907,0.909216
a69d2a78-3d30-49d3-8cb3-c02d379af0ae,gaussian_blur,s5,0,0.438094,0.578240,0.682843
a6b86ace-3af7-4e4f-9b64-3d6e14bd3369,gaussian_blur,s5,2,0.655116,0.789836,0.800139
a6c727fc-4467-4971-98b8-7535b9c9c8a4,fog,s5,5,0.394723,0.545772,0.610608
a6d38cf1-757a-4db3-b80a-a75428b0f5a5,clean,s4,0,0.594393,0.738572,0.772501
a6d6db08-9295-4475-ba9d-a184afd278cc,fog,s4,1,0.495465,0.643478,0.716324
a6efe99e-b8ea-4180-8bbf-c5f3dc9088eb,gaussian_blur,s5,3,0.682588,0.811354,0.811360
a6fa3c86-0b1a-490b-a35d-6934da24aa2d,shot_noise,s4,1,0.656004,0.789989,0.803148
a703c019-ca44-4fde-9673-c5ac756ebe61,fog,s4,5,0.424686,0.567782,0.661888
a72027c7-03b2-4a57-b6a0-40afde512c49,clean,s5,3,0.539189,0.697436,0.711120
a721d903-8dde-4c53-8433-2b71c3083553,shot_noise,s4,0,0.792739,0.879203,0.927317
a72623fc-adaf-4d6e-9502-124a79a9b3ed,fog,s2,3,0.439777,0.467959,0.879555
a7309b2f-f161-40e4-8fa5-63d67a5a2d4e,fog,s5,0,0.472465,0.638216,0.651456
a7397c10-1068-4074-ade2-813079298417,shot_noise,s5,3,0.610226,0.757674,0.759027
a73a2918-0320-4aa6-ad4e-b33faf634344,clean,s3,1,0.534243,0.648485,0.832811
a747e845-7951-4716-8842-adb9015f40b5,fog,s4,4,0.343754,0.510794,0.513344
a75334c6-30f1-4ac7-8509-6b337283f150,shot_noise,s4,2,0.748287,0.853790,0.871301
a7659113-87dd-458d-988a-a114b5bbd474,fog,s4,0,0.593505,0.722090,0.827003
a7780b95-5e5a-44da-b058-e58106a93237,fog,s3,5,0.363554,0.493705,0.611341
a78c4c21-2b32-4f44-94b9-0355d9a0b7e4,shot_noise,s4,1,0.640956,0.758337,0.875797
a792cf28-fce0-4c7f-9ffc-1eb2d4e2a750,gaussian_blur,s4,4,0.353887,0.520736,0.527019
a79431f6-dc29-427c-b01a-4da0bfaf56fe,fog,s4,2,0.245367,0.368283,0.434832
a7961a55-2451-4315-ac81-c59617abd69b,shot_noise,s3,2,0.336630,0.469038,0.568981
a798f59d-6862-49da-8373-295ef63df047,shot_noise,s4,1,0.767058,0.862488,0.909531
a79df25c-5745-41a6-8fc9-5630d87f5202,clean,s4,3,0.704795,0.820226,0.863621
a7a4fe3e-6782-4e27-b037-c4c6ecefa887,gaussian_blur,s3,5,0.622983,0.737608,0.882389
a7a8b661-9b09-478a-8759-ce2c2493235f,shot_noise,s4,1,0.637375,0.763252,0.843077
a7bff20f-371a-4291-997f-cf148f54b914,shot_noise,s5,3,0.657501,0.790958,0.804875
a7cae3c7-3178-4c5e-bb56-98a961725ded,shot_noise,s4,2,0.715529,0.830890,0.853627
a7cc1b04-dbe2-485a-a17a-d8a7beb55527,clean,s3,3,0.710451,0.802478,0.973685
a7cceeef-4525-4094-b874-dbf332ae6d2d,shot_noise,s5,0,0.720520,0.832564,0.867403
a7cf2f63-5ce2-4634-9866-8afa41f87692,clean,s5,4,0.713425,0.831343,0.841072
a7d3a715-d982-471f-926c-19ef7df83735,gaussian_blur,s4,4,0.401853,0.568630,0.584185
a7e4223c-6683-4169-8974-3f4bfe5047a9,shot_noise,s5,3,0.509528,0.622465,0.814456
a7e7a741-e3a1-481e-8e60-814b897d57b3,gaussian_blur,s5,0,0.551226,0.706561,0.724795
a7f17fcf-6ad6-4c40-897e-46cf1ed8a1c6,fog,s5,0,0.739068,0.847717,0.864683
a7f6b4f9-f96a-4c1a-b460-ae771a01a0a2,clean,s3,0,0.533276,0.580992,0.969134
a7f7d3b5-2af2-4265-9286-7ac66f2871a5,fog,s4,1,0.195294,0.323323,0.331868
a7f7dd60-daae-43b6-b637-a67e09500ea4,shot_noise,s5,2,0.762381,0.864050,0.873422
a813a76a-53fb-4ca8-958e-6784e6b8579c,clean,s5,4,0.579400,0.726120,0.761360
a818a460-a29c-4355-b144-e50665b46e5f,fog,s5,3,0.405311,0.576729,0.577061
a81e8692-5a11-499b-90d9-59837f1c3077,clean,s2,4,0.461231,0.479834,0.922462
a82e1d93-fc52-4031-8225-b3b73caa43f7,shot_noise,s5,3,0.600954,0.740056,0.791867
a831a43d-2521-482c-b400-64940f6a09cc,clean,s4,3,0.473366,0.637739,0.655881
a8328a81-7ea2-4523-abf8-d9dc12a4e091,shot_noise,s5,4,0.624388,0.768557,0.769676
a837dcc5-9739-47bb-bfe4-62f3f43fa9c1,clean,s5,1,0.745093,0.853457,0.857156
a8414482-da2f-4537-901b-4497afc168ce,clean,s5,5,0.608117,0.753763,0.766650
a852d397-e35c-4893-9de9-090a5f1a08f6,shot_noise,s5,0,0.662626,0.796816,0.798400
a8548626-3874-4b31-be4d-2af730920d10,shot_noise,s3,4,0.331619,0.436671,0.607061
a8703ff6-c54c-407d-9d4a-dffb86023131,fog,s4,1,0.360611,0.439468,0.691712
a8aa7016-0a94-43da-a97d-ba4628a7d34a,shot_noise,s2,5,0.488246,0.494053,0.976492
a8ab63cf-f665-4088-9c0c-dc48567d18de,shot_noise,s4,2,0.523259,0.657570,0.773045
a8b17e0d-c977-47cc-9264-aeb7d48ed61c,shot_noise,s4,0,0.632940,0.766928,0.810773
a8b3710e-0029-4783-a20a-61ed6a856e93,clean,s4,5,0.439523,0.467815,0.879045
a8b4d4ab-b478-417b-9f7c-c6fe521c13cf,clean,s5,0,0.658624,0.790980,0.809495
a8ba2e1a-0d20-49c1-acd1-57c9a564a4e7,clean,s4,0,0.666847,0.788913,0.853269
a8bbdf1f-954b-4b5b-9eda-35f3f0c2d78c,gaussian_blur,s3,1,0.701089,0.801330,0.939813
a8d05edc-8b1b-4360-8112-b60124628824,shot_noise,s4,5,0.661535,0.793399,0.810304
a8dd665c-03d6-410f-87db-f0eea438a3fa,fog,s4,1,0.685720,0.789060,0.929724
a8eec351-3364-4eb7-a2f2-85d41b5558c2,fog,s5,0,0.679744,0.808366,0.814436
a8f0dff0-69ff-485c-a06f-9f46126543fa,gaussian_blur,s1,0,0.273069,0.364511,0.530461
a8f45d61-1979-464d-8d3f-50b4168408ad,clean,s4,1,0.708208,0.826482,0.844748
a8f8cf82-a86f-4031-a103-7de72623b57c,fog,s5,0,0.665448,0.793311,0.827237
a91145cb-87b3-48e3-bc32-0f185c78647e,fog,s4,3,0.378727,0.547749,0.553008
a913f8fa-c7a9-465b-9d08-d7eb10ec5bf9,shot_noise,s5,1,0.763941,0.866162,0.866277
a920abab-e78c-4257-8f3b-a437e8a0b8e1,shot_noise,s4,2,0.501025,0.664009,0.678195
a92b475b-e92d-4b82-af9e-c36966a1b2cd,fog,s5,3,0.517292,0.676522,0.698370
a9307d36-ea31-44ad-829b-8ec06506b33d,clean,s4,4,0.807811,0.887521,0.948533
a94df069-4011-4b56-9c3e-94b47cade8e9,gaussian_blur,s4,4,0.621540,0.753578,0.819467
a95bff98-9317-4b68-924a-ab78972d7f4a,clean,s4,2,0.699096,0.819630,0.841056
a97195b0-c57c-4950-b213-6d0096f248da,fog,s2,3,0.495432,0.548615,0.915104
a9730d8a-6017-419d-8941-7ba58ab540ce,fog,s5,4,0.469331,0.638601,0.639488
a9786a0c-0be6-4e9c-9fb7-e8176c0f81f2,gaussian_blur,s5,2,0.311371,0.383759,0.622741
a97fd650-cb04-490f-958e-d2f803b5df32,fog,s4,2,0.481427,0.627373,0.710539
a9814d0e-335f-43a0-8e5a-ba3a1d90126d,fog,s4,5,0.510480,0.627778,0.805248
a981a3eb-0adc-42cc-a237-d80937692ae3,clean,s5,5,0.640606,0.776847,0.799275
a985de2f-a58f-4588-9e43-888bdb12b3e7,shot_noise,s4,4,0.873013,0.930890,0.951184
a98627f4-420e-4a77-b173-f0bb4d0d866b,clean,s4,0,0.571069,0.720568,0.749934
a98a45d8-badf-4fd3-9e34-8bd8ff03c63f,fog,s5,2,0.401062,0.567342,0.584459
a98b070c-3a02-49b7-bbf9-b4badffc1ac9,fog,s5,3,0.393601,0.557268,0.582036
a990e590-0b5a-4674-8748-929ffd93cd1e,clean,s3,2,0.646768,0.760551,0.889696
a9931449-e18e-4b06-917e-062b9399b8f1,shot_noise,s5,2,0.677055,0.802611,0.831861
a9a2792c-4212-4b6d-b2c8-86483d19d5c6,gaussian_blur,s4,3,0.427116,0.579661,0.643563
a9b98b34-24fc-468f-85d1-a239c64d1524,fog,s5,4,0.362856,0.513695,0.571149
a9c60916-2801-4ef7-9f7d-26c6c5ed1a8e,shot_noise,s5,2,0.630989,0.765474,0.809040
a9c9e255-69ce-4577-a5c9-87c927864e07,gaussian_blur,s4,0,0.727067,0.838527,0.863275
a9fbf7a0-5cd6-44dd-9814-22d92b22c32e,shot_noise,s4,1,0.630055,0.765208,0.806437
aa094f7a-ef4b-4fac-a5fd-e8859674bab2,gaussian_blur,s5,1,0.656819,0.792615,0.794084
aa0afc00-604d-4504-a191-19514b0c881e,shot_noise,s5,0,0.356604,0.498442,0.580139
aa123a04-de69-474c-bb8a-abeca6a95460,fog,s5,0,0.719906,0.823490,0.914512
aa375bb7-2910-4afa-a24a-dd59b9a74cbf,fog,s5,2,0.482873,0.636842,0.690988
aa43f5a9-f90c-4cc9-b36f-f3eef94939a9,clean,s5,3,0.424681,0.484735,0.812459
aa67237d-920d-4e59-98cf-9774ae489690,gaussian_blur,s5,0,0.199453,0.330561,0.335579
aa69b608-af69-4e44-868c-7372cd053328,clean,s5,5,0.357667,0.499219,0.582129
aa6b6b40-d88c-4d70-a4df-90349f72a10e,fog,s5,3,0.630969,0.769165,0.793536
aa6e6723-d002-4137-9c1e-1a8a06da9e98,shot_noise,s3,0,0.598737,0.685972,0.949760
aa6f548e-ec58-4834-b827-dd2a443e2627,gaussian_blur,s4,3,0.661146,0.781635,0.861849
aa740769-f3a1-4f8d-806f-6410b4837be2,fog,s4,2,0.140761,0.246426,0.247259
aa7a5550-e686-4b55-895e-7dc7d93b0a29,fog,s5,2,0.710619,0.830818,0.830917
aa7aa584-a5b5-4e66-a1dc-80c05359dc0a,clean,s5,2,0.729139,0.830531,0.919024
aa7ca422-6c86-4a57-af71-4d3d42ad5f9e,gaussian_blur,s2,4,0.490764,0.527291,0.935776
aa84868b-cb27-40ef-9c37-87781e7b4970,fog,s5,5,0.574939,0.729574,0.732090
aa86c72f-ab9b-4625-9abd-021689b75341,fog,s4,5,0.740316,0.843199,0.899152
aa91b2ff-3b15-43c7-a556-2bba13427fe8,shot_noise,s4,1,0.474328,0.639537,0.654304
aaa79024-a8dc-4452-9727-18c47ed49f7a,clean,s3,4,0.615925,0.705066,0.956438
aaad5e06-e541-4a48-95d5-ac66e1ba81e9,shot_noise,s4,4,0.622238,0.752771,0.825235
aab39803-4cc7-401f-82bd-cb7d9b9fa7d2,fog,s3,3,0.734381,0.833825,0.925237
aac61a1d-354f-4d2e-b051-65ca33f10a67,shot_noise,s4,3,0.655436,0.773113,0.874480
aac6bce5-25fb-4bed-8266-03c05400f91f,shot_noise,s4,0,0.763299,0.860102,0.906226
aad0a187-d259-42bd-aed0-3ee874704603,gaussian_blur,s4,5,0.392743,0.560686,0.571493
aae09874-6887-492f-a448-3f32ad5e19d2,fog,s3,0,0.473663,0.486475,0.947326
ab00cb43-bc3d-40bb-80d3-041d9f7d22ab,clean,s4,3,0.352762,0.484835,0.592800
ab0d5057-f3e0-4d30-8539-91c262308cb7,gaussian_blur,s3,4,0.431084,0.557363,0.704336
ab1d459b-e676-4fae-b307-1519bed02aa0,clean,s4,2,0.519331,0.678783,0.698727
ab35c753-b41e-43ad-a2bf-be9d274d7e15,shot_noise,s5,3,0.524902,0.668654,0.748155
ab3a27e3-fb42-47a2-8546-ec3637a9eecb,clean,s5,2,0.639493,0.779450,0.783107
ab452c8a-8192-4194-9bf4-9c696f5abbfb,gaussian_blur,s3,5,0.466818,0.565727,0.799483
ab4ca702-f285-4a2e-8cb1-a2354bf54c35,fog,s4,4,0.353887,0.520736,0.527019
ab6a0c10-890e-4e21-89b5-978c9514b836,gaussian_blur,s5,5,0.453834,0.622332,0.629611
ab6cb62e-f707-44ab-b072-9d4f606c029c,clean,s4,0,0.494966,0.620486,0.772032
ab74ef6b-22c7-445f-a296-960a4191b096,gaussian_blur,s4,3,0.330639,0.458915,0.567280
ab891b11-6a5e-43eb-b636-2fae2e7861fb,clean,s4,0,0.672310,0.796770,0.839870
ab923205-468f-4da4-957d-4819d13c0eea,gaussian_blur,s5,1,0.692895,0.818585,0.818631
ab96bb00-f1b8-4c45-bff7-74e5e74d17e3,fog,s4,1,0.637149,0.765051,0.835027
ab990a1a-bb10-4271-bf86-d532ab48b03f,clean,s4,4,0.337657,0.475884,0.560112
ab9c9da3-1e14-4773-9fd8-5837c03165ac,fog,s5,1,0.644305,0.782124,0.790827
aba5bd39-1561-4ad4-884e-30bc6dfc90d9,shot_noise,s4,0,0.558742,0.704829,0.757856
aba5e86a-5812-4fd7-b0a2-71299c9ffeed,gaussian_blur,s3,0,0.374362,0.514196,0.607733
aba7c371-f2f7-45ed-8a67-5cb4b8219263,clean,s4,4,0.528678,0.649844,0.811157
abc272d5-8f71-40b7-9042-e0f76e1170a8,shot_noise,s3,1,0.469267,0.484146,0.938533
abc77d36-7c49-46c1-8c2d-c62ac430035a,clean,s5,2,0.722585,0.838356,0.842651
abc9d501-3cc6-4a02-b1b3-56bd5594dead,shot_noise,s5,1,0.730752,0.844409,0.844590
abdb5b89-114a-447c-b0af-0a9cfa9a85d5,clean,s5,5,0.740790,0.850581,0.854546
abebb43b-a143-42d0-b1e3-c1bf39afefb6,gaussian_blur,s4,3,0.501723,0.622396,0.789488
ac10a022-0ced-4963-9c70-07ce350de43b,shot_noise,s5,0,0.770415,0.870297,0.870505
ac2607ef-1161-4141-aae3-efd8d043eae7,clean,s4,0,0.437249,0.604118,0.619399
ac27d70b-8338-4343-b22c-2fa05965bfae,shot_noise,s5,0,0.417068,0.588538,0.588871
ac2f62ce-c46f-4889-8a7e-89a65c9c67fb,fog,s5,1,0.666886,0.800024,0.800829
ac350f5d-5c2b-4337-af06-f5a10cd04c92,clean,s2,2,0.599938,0.683552,0.959778
ac407eda-ea66-4efa-a0cb-53873b512ce3,gaussian_blur,s3,4,0.821678,0.895884,0.961916
ac5dce89-c259-455c-b936-755ffca56820,shot_noise,s4,4,0.617460,0.750513,0.815520
ac6a6b33-361c-4d67-9bb3-0cb211f767aa,clean,s5,2,0.478925,0.638986,0.671712
ac7c333f-3340-48ee-b872-e570a515591d,clean,s4,5,0.672224,0.785798,0.888907
ac81c3d0-d3ac-4a8d-a98d-9fd4d82bda5d,gaussian_blur,s4,5,0.410863,0.580463,0.587109
ac879fba-fa67-4eba-a36a-e72f698490e5,shot_noise,s5,3,0.773035,0.871209,0.878058
ac91cdc6-93db-4e70-971d-90f228a17f87,gaussian_blur,s2,0,0.482516,0.533065,0.903390
ac91e0de-d497-46b6-98e8-697593095caf,shot_noise,s4,5,0.426560,0.595465,0.604354
aca64b6a-7ca3-42a6-913f-ca730d790550,gaussian_blur,s4,1,0.599116,0.744883,0.766656
aca777c5-ebf7-42ce-a3c2-f4ce69832d34,clean,s3,0,0.604628,0.715906,0.886304
acb57cbc-bae7-4c05-ae1c-b10cdfd89dfe,gaussian_blur,s5,1,0.609894,0.746240,0.802773
acb8f5d9-5111-4994-ae14-3b951fb400aa,shot_noise,s4,0,0.698001,0.806514,0.902928
acbb56d9-4836-4ad4-97b8-b04c8538848d,fog,s4,1,0.538987,0.680275,0.763526
accd2314-4d2b-4eaa-8c1a-9f499c0b296b,gaussian_blur,s4,3,0.635269,0.774659,0.787171
acdba93a-992b-475b-9f26-c3c64675db81,fog,s5,3,0.391588,0.529430,0.633691
ace5bd91-a309-48b2-9b4a-85ceb5c9f39b,clean,s4,4,0.543801,0.680034,0.780949
ace71c7f-e346-4a05-89e9-0d8b4b410ccd,shot_noise,s2,2,0.489697,0.494795,0.979393
acecb48b-e4b0-4f40-9546-628e07c5b327,clean,s4,5,0.464388,0.631504,0.641671
acee635b-df49-4dd1-b655-db40fd026bd9,fog,s4,4,0.289139,0.448558,0.448613
acefc323-dbf5-4b33-8d84-c3b97c80a70b,fog,s5,0,0.533440,0.668732,0.777279
acf1ed5a-5afc-41d5-adc6-02fc795a4a54,shot_noise,s5,4,0.799572,0.888093,0.893374
acf364f5-55ae-47bd-baa0-e04a09f70fb9,clean,s4,0,0.825259,0.902621,0.921147
acf436e3-2be5-41cc-b3bd-80da56290869,fog,s3,1,0.452141,0.474868,0.904282
ad028387-61ec-493e-a4cc-675f8beeda53,clean,s5,2,0.551956,0.670093,0.836219
ad0c3f70-f64c-4387-b6b5-a07189be2120,clean,s4,2,0.862645,0.924463,0.950021
ad1ccc2c-4fe9-4d45-ba99-2d4254932f66,gaussian_blur,s5,4,0.404213,0.570486,0.587888
ad214ec8-e0dd-40f3-9bc5-5274c493ed7a,clean,s3,4,0.740643,0.831839,0.964937
ad2bce5a-f2ca-440e-94bb-67a1d7f03f0c,gaussian_blur,s5,2,0.616234,0.762369,0.763339
ad5262ea-cf1e-4be4-8e84-61a080c9dcb4,shot_noise,s5,4,0.398323,0.470689,0.756800
ad5d5722-9e84-4d60-8f8b-f43347f65378,clean,s5,5,0.432754,0.603504,0.605557
ad62c90e-b4c6-49f2-82d6-1e06e6666d34,clean,s4,2,0.837141,0.910295,0.923129
ad66d4f4-af98-4410-a1c9-dc777bd3098d,shot_noise,s4,3,0.249029,0.394925,0.405088
ad75c257-81a0-4769-8697-a3d0580aaead,clean,s4,3,0.485353,0.590542,0.807323
ad85508d-0cb9-45b7-8e34-a52143fc7dcb,gaussian_blur,s5,4,0.574976,0.730005,0.730637
ada10d71-4b54-432c-87fc-821cde57b6dc,fog,s4,4,0.278389,0.427498,0.449562
adadb252-626d-495a-9608-da91853ae446,clean,s4,4,0.721021,0.836148,0.848583
addfbbda-0260-4d49-951e-77ca18121e90,shot_noise,s4,4,0.333145,0.499788,0.499788
ade1c591-25d2-4bd3-bca2-dcd56024e1f8,gaussian_blur,s5,3,0.556666,0.713964,0.719531
adf37098-79b7-4372-866c-149756416ef1,shot_noise,s4,1,0.773301,0.869782,0.890420
adf4124d-f4a1-4026-842a-f25509e20e2f,shot_noise,s4,0,0.412660,0.581933,0.589728
adf5f38e-75dd-443a-b5f0-5dd5b8eb1f1a,shot_noise,s4,3,0.556207,0.704160,0.750871
ae0dfc86-645e-4f77-a4dc-ed2a936991f4,shot_noise,s4,1,0.697829,0.819062,0.838398
ae2ad9fd-9f0a-4331-b4bf-a4f81be370e6,gaussian_blur,s5,2,0.531489,0.629092,0.869297
ae310397-49f3-404e-8866-42c8f1f571b6,fog,s4,4,0.285975,0.443499,0.447024
ae43b1c1-f529-422e-82a9-0702d7f86c16,shot_noise,s5,3,0.853371,0.920885,0.920885
ae4a7161-ae8e-4698-93d4-289414966cb0,gaussian_blur,s5,1,0.323983,0.456028,0.550768
ae501b75-6902-48ec-b6a2-76e7a8ca45b9,fog,s4,4,0.557354,0.710974,0.732368
ae54b1d3-d646-4e3a-bb76-5cc398ed4ba5,shot_noise,s5,2,0.411099,0.451212,0.822197
ae72baec-dbdf-4e1d-b6d2-f04f5c9fb971,shot_noise,s3,4,0.495515,0.553998,0.906320
ae739e54-909e-4f21-8c7b-c776f4ba1b02,fog,s4,5,0.485575,0.626453,0.726715
ae779c6c-612d-4d71-b7d7-58a19f4cb9aa,gaussian_blur,s4,2,0.474483,0.612715,0.723319
ae84aea6-9fdd-474f-b448-b8439e982803,clean,s5,0,0.684602,0.808736,0.833900
ae8f992e-dd52-4a07-ad61-b5c9a91d8347,fog,s5,2,0.513625,0.677600,0.681984
ae98a7c5-e40e-4fc1-b98a-b35641993b26,shot_noise,s2,4,0.465895,0.482345,0.931790
aea0c652-f347-4f6d-a914-7f8256552754,clean,s3,0,0.586132,0.685568,0.909227
aea1e921-c53c-403d-b5fa-6bb45db48547,shot_noise,s5,0,0.460026,0.622821,0.649621
aea484a9-aa1e-42aa-85bf-cb2c48b48cfd,fog,s5,3,0.756533,0.859774,0.872940
aec8e8c3-4805-42b4-a89d-6e9af7cb2005,gaussian_blur,s5,4,0.514602,0.673263,0.698672
aece61b8-0843-4e19-96c7-7138c8951e35,clean,s3,4,0.553130,0.644996,0.901802
aed93525-4b52-4c6f-bef0-3e2b1e889bc2,fog,s5,0,0.297503,0.410602,0.539975
aedac2bc-5273-45a6-bc4e-6132ce830c79,gaussian_blur,s4,4,0.483215,0.640859,0.681423
aee9c8f1-98c5-40f5-b7f6-edf4d61eaf82,clean,s3,1,0.690713,0.793063,0.933061
aee9f5a1-b2d2-4e7c-872f-0077169353e8,gaussian_blur,s5,1,0.429771,0.597755,0.609675
aeee3c14-3714-4f36-a354-22b3b16f62c5,shot_noise,s4,0,0.674721,0.784564,0.904210
aef81763-fa4e-4326-8a21-9805f058f6cf,gaussian_blur,s4,0,0.519331,0.678783,0.698727
af0acd1b-f5e0-4761-8697-2470bc89df3a,fog,s5,2,0.487295,0.650168,0.669881
af0e4808-ee2c-4f4f-842f-c03e60d2d936,fog,s4,1,0.486831,0.610672,0.768347
af12a44f-993e-4960-accf-f97d1755b185,clean,s3,0,0.615925,0.705066,0.956438
af2503e8-1444-46a3-b0d2-517b1fa41dbf,fog,s5,1,0.213636,0.350234,0.354869
af269d4d-fb78-4a5e-88e2-0005f27de7d5,fog,s5,3,0.629432,0.766104,0.800261
af281247-19c0-4fa0-92bc-dd5b44d584eb,clean,s4,4,0.683721,0.807164,0.838037
af300db3-6d85-42b8-801d-443794898723,fog,s5,2,0.487684,0.653718,0.661147
af3cba72-9ad0-4a83-8e0e-a08dfc23fd27,gaussian_blur,s3,3,0.707771,0.800131,0.972739
af3f1e14-9a41-4208-8828-31cdc0983a27,fog,s4,0,0.633755,0.759472,0.843820
af439b4c-9abb-4b1e-a9d3-98f9a2fc4f53,clean,s5,1,0.780084,0.875632,0.883094
af442ad5-15b0-446b-8792-a53228a167dc,gaussian_blur,s4,5,0.332027,0.486430,0.522087
af457e29-f4cd-4635-bc1f-46868407f43d,clean,s4,1,0.860218,0.922440,0.956021
af4c51c4-78a2-4a56-814a-09b4f2ea5119,clean,s5,0,0.596158,0.746991,0.746994
af4d5f64-9619-4fcb-b67e-58ee816bb167,shot_noise,s4,1,0.469659,0.597238,0.743177
af6712c3-e0ba-491c-8ccb-52caab3a46e5,fog,s5,5,0.742166,0.851121,0.857934
af6f4799-21ed-4049-9684-6d07112347f5,clean,s5,4,0.638513,0.777628,0.787264
af723ee2-fd21-43da-bc9a-b8427bd5bbab,gaussian_blur,s4,2,0.750172,0.852988,0.886282
af7eb3e5-d2bc-4c4d-9c1b-9df6b2b6ba1c,shot_noise,s4,5,0.459449,0.504037,0.882829
af88a46c-18e3-4c9d-94d8-976e43adb2ad,gaussian_blur,s5,1,0.356345,0.521921,0.532829
af8d9c6b-48c8-4d54-a32b-e1ce58cc2bfe,clean,s4,4,0.698419,0.814933,0.862965
af9025b2-ece8-4a09-b66b-c8bef62f85e7,gaussian_blur,s3,2,0.478110,0.488810,0.956220
af917b06-cbcb-42e3-b054-fdb35d7f5879,gaussian_blur,s4,5,0.191829,0.321394,0.322661
af9e9349-27cd-48d3-a145-c470d8ba1e33,shot_noise,s3,1,0.508039,0.569801,0.915463
af9ea7ce-5a35-4cae-8b11-5fea3ec0a036,gaussian_blur,s3,5,0.304481,0.438898,0.516592
afa05b72-497e-4153-a2aa-a7bf923438ab,gaussian_blur,s5,4,0.707038,0.828380,0.828383
afa62e1a-0f66-4936-888a-f19f2d981121,clean,s4,4,0.627001,0.738646,0.893562
afb53c04-621c-4aed-9192-c663e4668848,fog,s3,1,0.639321,0.747103,0.909995
afb6034d-e45a-4c6d-b571-e539f7d37bb4,shot_noise,s4,5,0.510107,0.656020,0.732485
afbb1dc9-0257-4ec0-abe6-b8719b21f3a1,fog,s4,2,0.641336,0.770822,0.827989
afd0d34c-4fcc-4d67-af2a-cd515699cfa2,shot_noise,s4,3,0.343468,0.408455,0.685200
afd1cbdb-afee-4116-9370-bd2d0f38b160,gaussian_blur,s4,3,0.571431,0.684903,0.861749
affeb27a-bab8-49fe-b7d0-db246c37e578,clean,s5,5,0.522573,0.680317,0.705568
b008b68f-42b6-4577-adb0-5cdba86b9d02,shot_noise,s2,2,0.453781,0.475771,0.907563
b009cdf6-af0b-4221-9af2-96173c48ecd6,shot_noise,s5,5,0.629216,0.770488,0.780817
b00c208a-8cc0-45cd-9af5-1cc52f67ac77,fog,s5,4,0.442259,0.613285,0.613291
b00f7042-1e63-438f-909e-043f2d98a45f,fog,s4,4,0.604214,0.731580,0.834139
b016f6df-bf30-42ad-8641-71fc9137180c,clean,s4,2,0.449927,0.585479,0.705395
b02031ff-0dea-4ec5-96c9-4d5669703f7e,gaussian_blur,s5,3,0.457677,0.619649,0.649787
b02fdde9-8923-4e74-87f3-016c29180181,gaussian_blur,s5,0,0.680880,0.808017,0.821243
b039b2c2-2982-40cc-9368-6a1975854c4a,fog,s4,0,0.711248,0.823758,0.873840
b03edf2a-4694-4486-a0ea-6dee99783d43,fog,s5,0,0.658624,0.790980,0.809495
b053f818-c6ed-43eb-88bf-3635786204fc,gaussian_blur,s4,0,0.580528,0.727628,0.760197
b05b851b-ac64-43c7-8627-cede95b0f1be,shot_noise,s2,2,0.324434,0.428074,0.598059
b06727de-8fc9-4936-83e6-75fa222dbb15,clean,s5,1,0.356499,0.498195,0.580263
b067ce51-644d-4a1e-888b-2cb4a0abdc05,shot_noise,s5,5,0.680622,0.809924,0.810174
b068b5d9-b876-4162-80fa-77714604a4ea,fog,s5,5,0.525474,0.677150,0.725424
b081ba06-c2f3-43df-a28f-0541df7c5e97,clean,s5,3,0.241243,0.375584,0.409736
b08b8921-c120-4252-a004-5eecda2abde0,gaussian_blur,s4,2,0.538341,0.680478,0.760677
b0a221bb-f9a1-4bbc-809a-1786aef798a1,clean,s5,4,0.336296,0.467938,0.569835
b0a29ccc-1b39-48c8-840b-7a45fa22d43e,shot_noise,s4,1,0.476763,0.639191,0.663688
b0affcd0-b5bd-449b-9be0-1d8fe8b738d3,fog,s2,2,0.191170,0.289761,0.364931
b0b45342-becb-42de-bfcc-848eb305124d,fog,s5,4,0.285173,0.377707,0.549979
b0d84a65-e22a-4bfe-aab7-c18abd01b847,fog,s4,5,0.279889,0.437362,0.437370
b0d864f9-ec2c-44cd-a1eb-1ba2e7546e1c,gaussian_blur,s5,2,0.566918,0.721357,0.731694
b0e1a6a5-f86f-4158-bcb9-c2a75e5a081f,gaussian_blur,s4,0,0.632940,0.766928,0.810773
b0e92e42-d41f-436f-a298-5fa399b7902c,shot_noise,s4,3,0.713620,0.828840,0.856485
b0f2b652-fc2b-4075-9836-4a4cea90f16e,fog,s4,4,0.657979,0.790530,0.808901
b0f5eaf4-c17d-47da-8c3d-1b0fae67fc1d,shot_noise,s5,5,0.751263,0.857242,0.863046
b112c5fa-5ae3-4da5-b801-2e869561cca1,shot_noise,s5,5,0.549159,0.703704,0.726773
b125c37c-5e9c-4d1d-9206-a916070f5355,gaussian_blur,s4,5,0.319568,0.482871,0.487219
b12b984f-7363-4468-a010-64f0a48fc29d,clean,s4,3,0.532912,0.687872,0.719072
b12c573e-00e3-4b44-9e64-53987c0acb79,shot_noise,s4,5,0.391013,0.562160,0.562288
b1313805-f6bb-4e18-ba86-dd4de022ef4d,fog,s5,0,0.760628,0.863280,0.869615
b132fbc4-6005-487e-b91d-2d05003d37e1,shot_noise,s4,0,0.607004,0.751737,0.770395
b139681e-0bea-4441-bdd8-28315871d61d,gaussian_blur,s4,5,0.778380,0.868869,0.925040
b16647f8-b223-47b0-8344-b304b5d4fc57,clean,s5,5,0.445713,0.608670,0.636864
b16781d4-9399-49eb-aabb-2ac4fcc11e7f,clean,s4,2,0.642660,0.763256,0.863589
b16a7057-fa94-4f0a-b1cb-619482acb047,shot_noise,s2,0,0.322869,0.427411,0.594187
b16c0d57-af1c-43ab-a0a6-9d88fb48aab5,gaussian_blur,s3,2,0.574541,0.660109,0.934795
b16f2baf-3d06-4a03-987f-49fba4ef8f4e,shot_noise,s5,1,0.661157,0.796011,0.796064
b17e2bae-4e96-4ae2-9f30-36640fe15263,shot_noise,s4,3,0.786404,0.876248,0.914245
b18b0ae1-46cd-4bde-afbd-9101106806c2,shot_noise,s5,5,0.759200,0.861761,0.872949
b18d0009-da48-4543-9a82-1045588861db,gaussian_blur,s4,1,0.661712,0.776350,0.886171
b191b7bc-297c-4bb9-8c3d-c986fbbe3601,fog,s4,4,0.520325,0.682759,0.689952
b1966bac-8809-4a13-8417-0c77f867ab26,gaussian_blur,s5,3,0.565603,0.722339,0.723249
b1a3a5b2-4955-4334-8bf9-e5fd040f9c25,clean,s3,5,0.845167,0.911441,0.968546
b1a8d1c4-9635-433e-8b82-aac95c4c5b01,gaussian_blur,s5,3,0.457034,0.627046,0.628160
b1acd319-913c-433f-b644-309f3d408dde,gaussian_blur,s5,4,0.553789,0.712659,0.713397
b1aef527-acbe-4446-b88a-aa72701f374e,gaussian_blur,s5,2,0.699766,0.821797,0.832180
b1bd0137-e4a7-4d1d-be4a-e27856348795,shot_noise,s5,5,0.626023,0.763596,0.797115
b1c7c7f1-04b0-418b-8867-fa8039119adc,gaussian_blur,s5,5,0.352523,0.519038,0.525948
b1da9692-17c0-4d30-9c9e-c66b63b9586c,fog,s1,1,0.223234,0.317296,0.434848
b1e26d8a-4fd0-4363-9a8d-928530a294d3,clean,s5,2,0.546286,0.693974,0.747765
b1e3b7c2-71bb-46f1-94cf-dc048c90cf6c,shot_noise,s1,5,0.439379,0.467733,0.878757
b1ecf61d-8519-42b1-95ee-07e534ff8058,fog,s5,4,0.485229,0.650269,0.662374
b1f9ac56-6995-4e52-87ab-9fcb560971d0,fog,s4,3,0.639950,0.758364,0.871856
b1fd3295-5be2-4638-810b-57043147dfdc,shot_noise,s5,2,0.386031,0.522823,0.628720
b2040872-017b-4998-9976-d335d030dc61,fog,s4,3,0.491642,0.638848,0.715538
b20d1430-a16d-4f00-a5c2-258015ed4041,gaussian_blur,s5,3,0.622101,0.764487,0.777832
b210f0d2-7120-4ba5-8b00-a40a0d17ba47,shot_noise,s4,5,0.671430,0.798371,0.828464
b228c3d5-42fa-4c29-9fcc-46998efe1814,clean,s4,1,0.659245,0.792640,0.804240
b22b533a-9ff2-47aa-8310-d5e7917326c6,fog,s4,5,0.539198,0.681355,0.761087
b22e96f3-5214-4a64-a086-c9596111343a,gaussian_blur,s4,1,0.227527,0.368000,0.374992
b2301633-c890-4765-895a-4e5999128481,clean,s5,0,0.694931,0.818565,0.827982
b23c2fe9-1db3-4633-a336-f1050128ac7d,fog,s5,0,0.630030,0.769479,0.788427
b24c806d-4534-446f-b314-e2acf354d624,gaussian_blur,s5,2,0.330890,0.494297,0.503077
b25c1abf-a1e0-4069-a0d9-1fc57e9d35f4,gaussian_blur,s2,3,0.298279,0.404875,0.551285
b2626ee3-3bad-40d9-9659-d52bdb81e10c,gaussian_blur,s3,1,0.639855,0.756176,0.879648
b2687a98-8236-4d3f-bcb6-ac12da59e5d7,fog,s4,2,0.741629,0.847917,0.876192
b26ea2cd-ff78-460b-99f5-7e260852cbc7,gaussian_blur,s3,2,0.529927,0.593975,0.936017
b2789878-7b73-4b03-93dc-adb494751b49,fog,s4,5,0.526026,0.675592,0.731989
b278dc4c-5d24-446c-afee-f1964685c146,fog,s5,4,0.611966,0.754879,0.777227
b2809318-53d3-4942-b0c6-251f909a6d26,fog,s5,5,0.398288,0.569623,0.569813
b294362e-53ef-4851-b884-0b69b1997d68,gaussian_blur,s5,5,0.703636,0.824771,0.833284
b2a0fa60-34f2-4629-8c4e-e9578b18c2ba,shot_noise,s5,4,0.733425,0.845616,0.850090
b2a569f1-775b-4905-b814-c6d841d2bdc5,gaussian_blur,s5,1,0.478336,0.644367,0.654891
b2b04fb1-ab8f-4e03-aae8-f291b95b50ad,fog,s4,2,0.358588,0.527876,0.527898
b2b0fef3-b274-4d11-b476-93d1f50ab358,gaussian_blur,s4,2,0.620183,0.736249,0.876747
b2c120bd-9ec6-459e-a8d7-28236f8f09cc,clean,s4,1,0.416690,0.521030,0.728619
b2d8491b-8285-4e35-a390-9ec601750ab7,gaussian_blur,s5,3,0.294912,0.371000,0.589824
b2edda63-bf4f-4620-9cef-b83d269e356c,clean,s5,1,0.394807,0.561310,0.577051
b2f028d0-8a89-4e72-8498-6b13297f3a52,clean,s3,2,0.491045,0.534479,0.925412
b2ff1d8e-ac1b-4942-9685-dc5b0c8ffbe1,shot_noise,s5,5,0.447386,0.537241,0.793145
b302231d-caba-4fd5-a96f-5269b275b04e,clean,s5,2,0.163157,0.266279,0.299982
b30fc232-f9ef-44f4-8e21-7a1275daed27,shot_noise,s5,3,0.551015,0.709344,0.714577
b32253d3-661f-4845-b282-80817e760124,gaussian_blur,s4,3,0.598674,0.745383,0.763024
b3292bb9-d81b-4e2e-bc83-03181496d259,fog,s5,5,0.527670,0.681476,0.720139
b32d7234-a55f-4ff5-b8a2-b75ea861eb40,shot_noise,s3,2,0.474307,0.521344,0.898491
b3329e84-e7c2-47fd-bf9a-b30cf615cadf,fog,s4,5,0.741578,0.849544,0.865388
b3567ee9-fe86-4df1-b216-f023d12ed67c,fog,s4,1,0.517072,0.674257,0.704432
b35c118e-5b70-4848-b8a9-a40afb278d79,fog,s5,3,0.554970,0.713068,0.716357
b35da985-8b4f-486c-835d-a426134e3506,gaussian_blur,s4,2,0.418214,0.571937,0.631447
b373c9c3-ec58-4f9d-89e0-a0b733abe8a8,shot_noise,s4,3,0.694819,0.815184,0.845628
b38bc710-dccc-49b6-a77c-7191869ae098,fog,s5,4,0.723110,0.838735,0.842859
b3a9f4b9-cfe7-4e9d-a911-7c07deffe810,clean,s4,4,0.723834,0.836676,0.858896
b3b3f701-6789-47a8-8c97-ccf2c9a414d1,clean,s4,5,0.553891,0.697563,0.763648
b3b87dcd-cb1d-4a3a-b299-39232d3d38ef,gaussian_blur,s5,0,0.622077,0.766891,0.767538
b3bfca03-d8df-4601-b543-080facda9f46,gaussian_blur,s5,2,0.464094,0.597012,0.725669
b3c17425-c0fe-4928-aba4-286b57240fda,gaussian_blur,s2,4,0.484988,0.492380,0.969976
b3c5b4fd-4530-4a11-b2cc-22e484a661f6,gaussian_blur,s4,4,0.596576,0.720456,0.843419
b3c82875-e79e-4083-9b72-480853dc8222,gaussian_blur,s5,0,0.540207,0.693298,0.728128
b3c9828f-9674-4e4d-af45-1eeb951e366a,gaussian_blur,s5,2,0.514614,0.679336,0.680140
b3ce2163-627c-4c79-9cfb-d7dd048ed474,clean,s4,0,0.674417,0.791597,0.872529
b3d6937d-aca7-4045-b602-ae3f5facfe1e,shot_noise,s5,3,0.657175,0.791762,0.799682
b3dccdad-1525-4844-a1b9-4676e5afe119,shot_noise,s5,2,0.572820,0.718106,0.764911
b3dfc969-9866-408e-903f-5c032bbcf150,gaussian_blur,s5,0,0.408019,0.550425,0.644379
b3e201ec-0c44-4224-a0cd-ec6413edee37,clean,s5,3,0.683984,0.812249,0.812822
b3f91bc2-3d01-495e-8b2f-870fdc21c8a4,fog,s5,2,0.532452,0.681514,0.736939
b41a0380-93ec-4592-9773-79791268b34a,gaussian_blur,s5,1,0.560870,0.718540,0.719102
b43e524a-f960-4dd1-b21b-59607bced01d,gaussian_blur,s5,4,0.714178,0.832838,0.835782
b43f2e21-cf3d-481e-a059-dc0f74133c23,clean,s3,0,0.491045,0.534479,0.925412
b440ae3f-0ba6-42cb-a96d-1943418f4cf9,gaussian_blur,s4,0,0.571069,0.720568,0.749934
b4438ddb-b078-4a40-a3f5-dd9f761df087,shot_noise,s5,1,0.535753,0.691022,0.719345
b444f1e5-8fa6-4648-880c-44d0fd8976de,gaussian_blur,s5,5,0.602681,0.750757,0.757441
b44a3e61-24e5-4bb1-9491-89a2a8ff8e3d,shot_noise,s4,3,0.507828,0.668768,0.688144
b44eb1bb-5f30-4d36-84c0-b6eef2487dc8,gaussian_blur,s4,4,0.635426,0.773940,0.790951
b44f4c6b-5cd9-4b72-b51a-b0a67f32ebbb,shot_noise,s3,0,0.640026,0.749876,0.902971
b45e6ddf-d341-478c-b22f-7662f62348ae,gaussian_blur,s5,5,0.664031,0.790279,0.835387
b46f9dc4-ade5-4b64-90d6-274cdf2cbb49,gaussian_blur,s5,0,0.583129,0.732144,0.753610
b471dc9d-900c-4599-96bb-9850fd9955dd,clean,s5,5,0.425753,0.570706,0.659024
b47295e5-b20e-4d88-9be7-1a4dd35b41f7,shot_noise,s2,1,0.479061,0.489307,0.958123
b47bc488-74a0-4c25-92ec-914587e6ef74,clean,s5,3,0.729420,0.842331,0.851229
b47fd8d4-537f-4c85-8039-50f09bf831b6,clean,s1,2,0.307125,0.394288,0.594796
b48bedef-de32-4ba3-8259-b88f88709a30,gaussian_blur,s4,2,0.684401,0.801057,0.870826
b48e0602-2c6b-4521-9680-dabaf1a7344a,gaussian_blur,s4,3,0.754448,0.855627,0.890613
b48fb758-4fed-4c82-8e91-1a9f61f90b4d,clean,s5,0,0.604561,0.748088,0.775248
b4927037-a327-41b2-96be-cef81042c9bd,clean,s4,1,0.510829,0.625881,0.810784
b49778e3-95f4-433a-a3b4-d2e4ad290558,shot_noise,s4,3,0.708413,0.825027,0.853872
b49be177-1581-465d-ab45-fa87d7d38ec5,clean,s4,4,0.886776,0.938849,0.958661
b4a09e8f-ce3f-43a9-acf4-f9b02ce7f04f,shot_noise,s5,4,0.535614,0.696855,0.700011
b4af210e-7e44-47c9-94b4-9bf1d1f81746,clean,s3,3,0.660930,0.759945,0.945449
b4b28901-93e2-4166-aedb-c68ac5e35319,clean,s5,3,0.821602,0.901572,0.907077
b4c10040-ebd5-4e21-886a-4bafae7617ea,clean,s4,3,0.656507,0.777509,0.860649
b4e474cc-96b9-4a38-bca9-f839c2c77f41,clean,s4,3,0.762243,0.858728,0.910069
b4ee88f2-eff0-444e-b7e9-eae60341195c,gaussian_blur,s4,0,0.679261,0.807025,0.819232
b4f04add-0b91-4ffb-94b0-ae145cf7e9fc,clean,s4,0,0.485407,0.628565,0.720880
b4f741c8-4c9b-4283-9a0b-c95e94e48300,clean,s3,4,0.518934,0.633893,0.818204
b5054f4b-f2a0-4253-b7ab-c98f25f086a3,fog,s4,1,0.367960,0.535445,0.543403
b5156037-2d6a-4d8b-b8fc-c287ea080e03,clean,s5,5,0.801450,0.888438,0.901845
b52605ec-97b1-4bfd-93e3-3e6e6622d447,clean,s4,2,0.597278,0.744468,0.761183
b531fd80-ce4a-416f-9550-41592799486b,gaussian_blur,s5,1,0.610317,0.757707,0.759255
b5348fe3-d6bf-4231-91e7-190e6fc5b62c,gaussian_blur,s5,0,0.712970,0.831729,0.836645
b535477b-752f-4ac4-ac41-f8437875c15d,fog,s5,5,0.396907,0.464472,0.762080
b5373455-9cbd-4b80-a668-e6d943713b52,fog,s5,2,0.614353,0.759000,0.769885
b5396172-5be7-499a-a3a4-d71256999592,fog,s5,0,0.686687,0.809776,0.837728
b53e5f29-84c3-4436-9832-895f441b0386,clean,s4,1,0.536472,0.695266,0.708327
b546fb13-1f01-4107-ad01-a1d542e11126,gaussian_blur,s4,2,0.504252,0.660514,0.699659
b5695eca-1f64-4d75-8cd1-5132ed11d87f,shot_noise,s3,5,0.499115,0.617977,0.791273
b56e9923-2e36-4e9c-b121-e1d35b1df0e5,clean,s4,5,0.558564,0.675838,0.843027
b5701c58-6e4e-4817-82e4-93c3f679eb56,fog,s5,3,0.279939,0.412084,0.480528
b5739ddd-63ef-4822-ad4c-6b4655448729,gaussian_blur,s4,3,0.225687,0.365334,0.372875
b574ea69-5962-47f9-a16a-1fec69eddc62,clean,s4,5,0.400127,0.570310,0.574463
b58625ea-147c-48bf-8629-b76e61c1288a,gaussian_blur,s3,4,0.554086,0.675163,0.829766
b586e443-76e4-4325-ab35-b5fa816b06d0,clean,s4,3,0.308828,0.471912,0.471923
b598989f-cc3d-430b-bf44-157b5d02134c,clean,s3,3,0.463054,0.521468,0.866059
b5a34751-cc14-481c-8ee8-9aa463e04b64,fog,s4,3,0.527349,0.637919,0.835877
b5a8f60c-f133-487c-a044-34111b92bdfe,clean,s5,3,0.768391,0.868366,0.874059
b5aa98bb-2524-49cf-93ec-603873c19bb5,gaussian_blur,s4,5,0.705963,0.813392,0.904005
b5ac45c9-031b-41b0-b170-e35af80c89ba,shot_noise,s5,5,0.363044,0.498008,0.601797
b5b6f18e-5b7c-4424-91a8-ad6f49b4a102,gaussian_blur,s5,0,0.728879,0.843115,0.843598
b5bcc363-dc39-48e2-bfe4-3e9cdf8d5795,clean,s4,3,0.538951,0.676211,0.775163
b5c869c5-47d0-4442-8db6-a844f384961a,shot_noise,s4,4,0.791003,0.881067,0.902144
b5d0a178-afb3-44a5-956d-3c4802bca065,shot_noise,s4,2,0.385880,0.556402,0.557936
b5debc06-0f42-49da-adaa-1ec6984403e2,shot_noise,s4,3,0.459308,0.619739,0.655123
b5e36f65-0662-43a7-87a5-7bd068d4a7f0,shot_noise,s5,1,0.527648,0.669086,0.756411
b5e9d995-aea3-4556-b930-a58e8407414f,shot_noise,s4,0,0.351936,0.512269,0.537801
b6052dbb-9bf5-4030-b3cd-4e63b66088ba,shot_noise,s4,0,0.518666,0.677949,0.698907
b612947e-55bb-49fd-89c9-408ada5740ef,gaussian_blur,s3,2,0.457718,0.559276,0.783910
b612b7cf-8fd0-4c68-a51b-e14bb5d8b010,shot_noise,s5,2,0.461357,0.621311,0.658075
b620b035-f4cf-4065-befe-576b80cbc9eb,gaussian_blur,s5,1,0.475724,0.641532,0.653664
b622a38f-92d2-41aa-a84f-c2b63c76ed21,clean,s3,0,0.424726,0.459299,0.849452
b62f133d-22cd-4600-9ffb-f9912b2d6f69,gaussian_blur,s4,4,0.729035,0.836456,0.885045
b63807ec-549b-4ac9-afc9-adaa1ca1c824,gaussian_blur,s4,2,0.540481,0.677862,0.775714
b639b0cd-6d0d-44bd-8ee5-55d4cb8bb3ef,clean,s5,2,0.747513,0.853673,0.868115
b63c6203-fda1-4a58-a2fb-190e7b07c358,gaussian_blur,s2,4,0.585843,0.677162,0.929893
b64c3a34-8bbd-425e-be23-99b0cadda122,fog,s4,4,0.444483,0.500218,0.845931
b64f519d-c456-4649-b136-04922eb58a10,clean,s5,0,0.667347,0.800073,0.802572
b64f5ddb-67b6-48db-bee4-50c2ec4bb585,shot_noise,s5,5,0.668593,0.799531,0.810635
b64f99a6-1ed0-48a4-a0ab-586e5571aab9,shot_noise,s5,4,0.513428,0.673946,0.692453
b67109d7-8a52-4fcc-b709-b36f4b134028,fog,s5,0,0.809407,0.893840,0.902443
b6752ed6-75c7-4b92-9f65-80c98799f039,clean,s5,3,0.790996,0.882062,0.893828
b6779a52-2823-472b-a474-dfb4f83c10e0,gaussian_blur,s4,2,0.643378,0.775191,0.817707
b679511e-933d-49ef-b671-f9d04f1fe998,clean,s4,2,0.563413,0.717419,0.732528
b67ce19a-c0eb-4f63-abd7-cb31b9a1a439,clean,s3,4,0.487391,0.546295,0.895760
b685f8df-5a31-4cf0-8e59-8d2fbed3e9c7,clean,s4,2,0.661544,0.780462,0.868443
b68f824b-511e-4fee-a37e-b9a03ce67dd6,clean,s5,4,0.648512,0.785544,0.792567
b69192a0-48ff-4e29-9ece-058f2f2a0a62,gaussian_blur,s4,2,0.653584,0.779623,0.839892
b69b23d9-7be3-486e-b9ee-6c7efd1707c4,gaussian_blur,s4,1,0.738541,0.841042,0.903509
b6a0743e-d032-46d0-9a36-cbf639468ea3,gaussian_blur,s4,3,0.396084,0.554910,0.595532
b6ab4206-7bf6-40d7-89e7-c7bc53be01ba,clean,s4,4,0.642660,0.763256,0.863589
b6c3ae86-46ef-42e2-8854-28218044480f,fog,s5,2,0.556832,0.707960,0.740613
b6ee535f-5f36-41ae-9b47-41c68f5610a6,clean,s5,1,0.438838,0.504845,0.822336
b6f591b3-36de-483b-8cb0-7601af8041e5,fog,s4,4,0.565221,0.683231,0.845323
b6f9c1ab-c25a-4474-9f95-2f7bd53dc7c7,fog,s5,2,0.381051,0.546909,0.562686
b70bc378-afe4-4efa-a50a-e5b0e3b4b795,fog,s5,0,0.473690,0.566182,0.819620
b70d1614-280a-4258-9c9b-ba96e39592be,gaussian_blur,s5,4,0.611799,0.759074,0.759465
b70dfe67-3f35-48bc-8f63-63f32b12fbac,gaussian_blur,s5,3,0.530624,0.692987,0.694503
b71d1bc5-3537-400b-b12c-8c60c744dbd5,shot_noise,s4,3,0.478651,0.645202,0.653653
b72aed7f-1b91-45c4-8848-60efee24452f,clean,s4,1,0.384306,0.554338,0.557241
b733dc7d-65be-4838-82e6-5596065ec6a8,shot_noise,s5,0,0.358953,0.527275,0.530400
b7344309-339c-492d-bbfa-bd239a8f1e45,clean,s5,0,0.555018,0.709670,0.728208
b735adf4-bcaf-4822-aebe-380c61910f3d,clean,s4,5,0.452999,0.620024,0.632781
b739551b-eb55-4472-bc9d-f49ceb9c6500,gaussian_blur,s4,5,0.551633,0.691888,0.773179
b73ca762-77eb-47e9-8406-4128d685c4d0,shot_noise,s4,4,0.704318,0.815465,0.886363
b73cf242-6081-4dd5-b4aa-237fe14143db,clean,s3,2,0.382929,0.517819,0.628405
b742092b-3db2-4e9a-bc77-631213867c6a,gaussian_blur,s4,4,0.548717,0.644006,0.890078
b744925b-19d8-4648-b9ae-7d67c5d4bcbe,fog,s5,4,0.450599,0.603431,0.666216
b74ccf17-4676-4ad1-9d73-c95e14459568,shot_noise,s4,3,0.502621,0.625221,0.785787
b75970ab-0939-434e-9fb6-25365e3cdd43,clean,s5,0,0.425347,0.486493,0.811707
b75f1d1b-7b5c-4f77-ae0a-63460de52a5d,fog,s4,4,0.731819,0.840938,0.871592
b79a060b-d8d4-4b92-b3b5-89683c79cab2,clean,s4,0,0.297799,0.435093,0.501125
b7a0fd38-9c2b-453d-aa20-13a7f9a41a68,clean,s5,3,0.822003,0.902236,0.903033
b7b8944f-2e87-4d37-96ee-98b6ad0797e8,gaussian_blur,s4,0,0.449748,0.615684,0.632853
b7bb88d9-3355-49f0-a1d4-5cae1278c637,gaussian_blur,s3,4,0.464801,0.481758,0.929602
b7c1feb2-af8b-4950-88ae-a569835c3007,gaussian_blur,s5,4,0.712662,0.831169,0.838498
b7d86d49-5d13-4b85-9427-a641b2215b23,fog,s5,4,0.365928,0.535445,0.536544
b7dabd8f-9b0f-475e-868f-7f72b7b50e8b,clean,s4,2,0.427805,0.573455,0.659720
b7dead3b-a25f-4c80-85b2-5aa4cb0e14e1,shot_noise,s4,3,0.713741,0.826540,0.869989
b7e7514e-c593-4d19-8356-4587cc038072,shot_noise,s5,5,0.660472,0.794788,0.799105
b808f9da-0b0d-4d89-8344-e65dab56c19d,clean,s3,2,0.387648,0.498718,0.678395
b81d2065-1b91-4008-a4ef-bed6b3759f6c,clean,s3,5,0.584260,0.695841,0.874811
b81efebd-e9dd-4ad4-86a9-342ef18301bc,fog,s4,3,0.796335,0.880601,0.937054
b825bc7c-83c3-4240-ab8b-fd2b395d4af2,clean,s3,0,0.274662,0.385469,0.504976
b82b4cfe-029e-4c47-8f49-0de2488fc738,shot_noise,s5,4,0.799974,0.888284,0.894147
b83c4276-3d48-48db-8901-058a1df069f9,clean,s4,3,0.618013,0.750886,0.816219
b84bee33-4642-4eb2-b052-88e45db94c36,clean,s3,0,0.528605,0.653693,0.801128
b85497eb-ac29-4ad9-905a-745b9d67c274,gaussian_blur,s2,3,0.489517,0.494703,0.979033
b8556c5b-94c0-4b6e-a648-60c77bf3850b,clean,s5,4,0.683984,0.812249,0.812822
b85e3f47-dde2-4c03-9d29-ec56d930a424,shot_noise,s2,4,0.392461,0.439752,0.784923
b8677fe2-35bf-47ec-b192-7c3b9d0a20b5,shot_noise,s3,3,0.484811,0.492288,0.969622
b871e197-071d-40de-8d3c-13d7396f6e65,clean,s4,4,0.642479,0.767079,0.847797
b87df679-7e26-4fd0-befe-9e98f4717562,gaussian_blur,s4,1,0.367915,0.535423,0.543297
b87e18f6-6480-4d97-b280-9521a13e5231,shot_noise,s4,4,0.666312,0.777136,0.901191
b884aafc-9986-40a2-80de-679d04eb8d84,gaussian_blur,s4,0,0.410141,0.450635,0.820282
b8884e9e-3b64-4828-93b2-f3c69cdc910e,gaussian_blur,s4,5,0.262818,0.375607,0.481317
b888c15c-adf4-4af8-9073-949cae153133,shot_noise,s5,0,0.627314,0.764727,0.797563
b88c2fb5-ff61-4df1-b576-f4377d1f813c,gaussian_blur,s3,5,0.453888,0.503038,0.868541
b8955b96-800a-400c-98a2-0067d92e8104,clean,s4,3,0.594504,0.740052,0.767385
b89b4fbf-660d-48d4-9596-1074aba368de,shot_noise,s4,4,0.472612,0.639662,0.647995
b89e4301-a83d-452c-993c-00f649ffee79,shot_noise,s5,3,0.566904,0.718883,0.740371
b89f5a61-f15a-49b0-902f-0dce36c04dff,gaussian_blur,s5,4,0.474223,0.641409,0.648777
b8a85afd-547d-4abc-8f88-d8e5f2498a0b,fog,s5,0,0.402013,0.566423,0.589755
b8aa47de-2d70-4f86-b330-b484992a6c16,gaussian_blur,s5,0,0.821602,0.901572,0.907077
b8adae49-22fb-4a89-9d78-6314088795ce,clean,s4,3,0.689480,0.810192,0.847877
b8b54f6d-24c1-4e88-b9b7-06469ccb9f3e,shot_noise,s5,3,0.455679,0.614269,0.656667
b8bda24b-61bd-413a-9257-0147840ff5ea,shot_noise,s4,1,0.672256,0.801616,0.816085
b8c1ee35-6c9e-4f61-afe9-5a0770856a0b,gaussian_blur,s5,2,0.750307,0.856011,0.866595
b8cbdeda-b3f7-4db6-a7e5-9faa6e563f7d,gaussian_blur,s5,2,0.594069,0.745349,0.745350
b8d221de-ba99-47ce-be10-9518d706576a,gaussian_blur,s5,1,0.557167,0.706973,0.745115
b8de77a2-3d83-46af-9a2e-b83d5f23571d,gaussian_blur,s5,2,0.401839,0.568854,0.583621
b8e479b4-63e3-4ac5-a8eb-603e5aeb5187,clean,s4,5,0.358747,0.417756,0.717493
b8ea3a3b-089d-4747-a726-dcbed0dc2b57,gaussian_blur,s5,5,0.776293,0.873747,0.876536
b8ff8c45-0429-419e-858a-c988bb57ce79,clean,s5,0,0.657360,0.792539,0.796746
b90f3efe-0e13-44bf-bc93-08a58aa35294,gaussian_blur,s5,1,0.253152,0.388241,0.429824
b91084c6-2e7c-4795-ae50-8e681a3559eb,clean,s4,3,0.723345,0.832869,0.878944
b9157c5f-98e7-4f58-a263-0ce20ecdb09a,shot_noise,s3,1,0.299028,0.413357,0.540555
b91ce5a0-3a1d-4c0a-8b70-81b63aba718d,shot_noise,s3,4,0.793121,0.875539,0.957637
b91fbbab-308d-4044-ab66-81e1b9d7d075,clean,s4,2,0.176471,0.290978,0.312725
b91ff1b9-607d-483f-9e7d-3af31d14e7a1,shot_noise,s4,2,0.674636,0.800137,0.833595
b9320e28-f9a0-4660-beef-a3e7298826cd,fog,s5,1,0.460977,0.630912,0.631435
b93a7575-69cf-4144-bcde-e79a471ef8f2,clean,s5,1,0.447480,0.618287,0.618293
b9429513-1dfb-4ce1-ad41-b103a0079d94,shot_noise,s4,5,0.534335,0.694298,0.703719
b94320a6-58ca-498d-a09b-cb3bdead2a39,shot_noise,s5,4,0.560297,0.698167,0.784541
b94c4db3-0abd-4d33-b92c-2dbce3b9e042,clean,s3,5,0.613394,0.713372,0.924371
b9595720-0496-48ba-a377-0ea25e45f85f,fog,s5,5,0.443255,0.614228,0.614284
b95c152c-300d-44f7-b33e-717d96be2820,gaussian_blur,s4,0,0.425364,0.544535,0.711707
b95eeabb-9124-4447-94b5-2d77f93fef7a,fog,s4,0,0.790697,0.877184,0.931420
b964b589-02e0-4b5b-8bb5-61d8e6ceea0b,fog,s3,1,0.432341,0.556755,0.709563
b969d2d6-45e3-48f3-bdc8-0cc02de5356e,gaussian_blur,s4,0,0.702936,0.822820,0.841009
b96a042e-9d97-4345-a20e-e6b4a3fe8ae9,clean,s4,2,0.888802,0.940025,0.959515
b96b309a-2177-4c8a-a04a-941689bb40eb,gaussian_blur,s4,2,0.301566,0.462696,0.464679
b96f80f7-0789-4273-9435-f8473cbee3e6,fog,s5,0,0.496067,0.661526,0.667995
b978f622-cd75-4f85-a4a6-4b7785221de3,shot_noise,s5,2,0.770935,0.870154,0.874495
b97cbd2f-5e66-4608-ae01-6881f0938b57,shot_noise,s4,4,0.713122,0.819358,0.905518
b97cf2dc-31cf-4581-a64c-85e512ef3af1,shot_noise,s4,3,0.670397,0.799930,0.816427
b98c281e-c81b-4e28-8ab7-358fb77c7213,gaussian_blur,s4,2,0.665723,0.784383,0.868597
b99e972d-9ce9-4a0f-b4ed-ec71bc3814c7,fog,s4,0,0.718880,0.829712,0.876032
b9b528eb-3400-449f-99ee-ddec9346afe1,clean,s4,1,0.600629,0.740234,0.789979
b9b6c185-eaa4-44d8-8cd7-88dc02cd121e,shot_noise,s3,5,0.564219,0.677802,0.856741
b9c54578-af06-4ac7-a398-f657cfb354a1,shot_noise,s3,0,0.575495,0.669393,0.915563
b9c857c0-4aea-4721-bd10-e9f73002f015,clean,s4,5,0.507708,0.628821,0.793808
b9ccf1ef-cd0a-400c-93d6-1bd079dc34cd,gaussian_blur,s4,3,0.677519,0.786570,0.907060
b9cfc761-a1eb-4528-884e-ccc8449a1fa0,fog,s5,0,0.723154,0.835631,0.861888
b9df48a0-9f18-4fbe-9718-6ce42c231bc7,gaussian_blur,s5,0,0.757567,0.862047,0.862180
b9e1caa1-3084-4165-9940-4d63c7d274b4,clean,s4,2,0.776170,0.870622,0.899952
b9e2dd33-e26d-49d4-ad4c-3465e7014f43,shot_noise,s5,0,0.667322,0.800468,0.800491
b9e4b684-f992-497f-9752-09fa9f4fabed,clean,s5,1,0.615632,0.756847,0.783675
ba2355bf-39c4-46ae-a2c9-bf2c6583c569,gaussian_blur,s5,2,0.787366,0.880479,0.885683
ba340348-1b0a-428d-92c1-4fbdf79e9f8f,shot_noise,s5,5,0.621604,0.762875,0.782585
ba35e9a5-c4a2-4f2a-b14e-f114b11423bb,gaussian_blur,s5,0,0.539189,0.697436,0.711120
ba3a6470-700a-4972-8469-75130cbc2c85,clean,s5,4,0.459090,0.604429,0.692112
ba4d5b2c-c087-479d-8794-cf89d3bed779,gaussian_blur,s5,2,0.400429,0.561312,0.595925
ba50f8b2-c8fb-4e02-bf61-98fc34786b02,clean,s5,5,0.525226,0.686006,0.697360
ba5c43a1-2511-4ae4-97aa-b776c0b4665e,gaussian_blur,s4,2,0.294794,0.422160,0.512795
ba63a727-84bd-4b35-b39d-d47516f8622a,clean,s5,3,0.297838,0.415183,0.533858
ba77c322-3e9d-4250-8ce6-69b4de152ef1,clean,s5,5,0.184215,0.291625,0.338637
ba884d3a-13b5-4b24-aa3a-141df1aefd93,gaussian_blur,s4,1,0.444735,0.610620,0.628617
ba9034df-5ca4-4254-83db-c24302d0d0cf,fog,s3,2,0.664692,0.770595,0.920549
ba93de67-e545-4d7e-a56c-7ae65880de21,fog,s3,2,0.470296,0.507241,0.908601
babfc41d-ac61-438a-b90d-9f5263eb5717,fog,s5,5,0.175362,0.281884,0.321392
bac87f11-8ab9-4aa6-bfd8-095fb986feea,shot_noise,s3,3,0.789496,0.873271,0.954144
baca890a-7884-45bf-8899-30446f22cd08,shot_noise,s5,1,0.672672,0.802353,0.814203
bad062b5-efb2-4472-a0bc-6f488c9006a3,fog,s5,1,0.528293,0.691289,0.691549
bad2a750-35b1-4a93-8b5d-4f9524069b86,clean,s4,5,0.674721,0.784564,0.904210
bad51711-846b-4a24-b82d-57f1d77e3d49,clean,s5,0,0.549842,0.708920,0.711695
bae839db-f35c-4e50-af1f-590faa965570,fog,s4,3,0.666741,0.792474,0.836576
baeedbce-5dfe-4299-9dcf-fc543439682c,fog,s4,5,0.420425,0.481465,0.805083
bb19ae27-8a09-447a-9afc-5d97c7f207e3,shot_noise,s4,1,0.719133,0.826407,0.895472
bb1ac821-44d8-48aa-98e6-b62d1c0d0ed3,fog,s4,0,0.538951,0.676211,0.775163
bb21f226-eeb6-43cf-9cc7-dd1831b1f79e,shot_noise,s4,2,0.516282,0.649086,0.771883
bb249559-8187-4fb6-a105-280e305cfcd4,shot_noise,s1,3,0.484501,0.542755,0.893298
bb26e4c7-a32a-4d28-b456-9165a6c7b988,clean,s5,2,0.613714,0.758495,0.769434
bb28df94-73e7-4f15-a7a7-e967367d15ac,gaussian_blur,s5,0,0.748823,0.855590,0.861805
bb2c9d3b-54da-4402-aa6a-4007f4154f73,clean,s4,1,0.855450,0.920509,0.942042
bb349bbd-87c8-4f03-a157-7e1b91152d65,shot_noise,s5,4,0.441187,0.611310,0.614688
bb5af258-09c2-4afc-8d23-576ab4796b0d,clean,s4,5,0.732279,0.841916,0.867819
bb5df279-fb2f-4b7f-b1f6-a936cd3dd40e,fog,s5,5,0.316803,0.468350,0.505285
bb6bc227-054b-4b7f-a6d5-0fc5699c1986,shot_noise,s3,5,0.434512,0.485705,0.839307
bb6bd119-c6bc-45ce-9614-5d7623ee9bcc,shot_noise,s5,3,0.436138,0.607242,0.607716
bb6c4b7c-cca8-419b-84cb-8e7d26918df4,fog,s3,4,0.515481,0.587106,0.905964
bb6fb50f-765f-43a1-871c-5437ba051ac8,fog,s3,2,0.413187,0.515540,0.727640
bb796f49-00a6-4d7c-9451-373191ffd087,shot_noise,s4,5,0.638730,0.762126,0.852763
bb7e71d8-561c-4132-b201-a37d4f3ac5d4,gaussian_blur,s4,0,0.491035,0.658197,0.659973
bba6f3cb-1c86-46da-bc68-32f6c6cf77c7,shot_noise,s5,5,0.697269,0.816558,0.849323
bbaab166-7f7b-40d9-b098-a767efa510d9,clean,s4,0,0.687730,0.801194,0.884304
bbb1a8ef-5240-441d-adf5-1574ebe32451,clean,s2,1,0.424591,0.473479,0.828955
bbb77186-0d66-48de-9637-1a1fcb470ae4,fog,s4,2,0.224623,0.365004,0.369742
bbb973f3-3b12-44ba-8871-12b3ce0d1d64,clean,s5,1,0.625242,0.767186,0.778985
bbb9a328-52a4-40a8-bf37-35b723e1ad7c,shot_noise,s5,2,0.509323,0.671690,0.684689
bbc0c805-f268-43ee-9134-589aea158c5d,gaussian_blur,s5,3,0.584459,0.734665,0.749325
bbd09b7d-cc08-47c0-8101-785f74829f4e,fog,s5,4,0.567972,0.712426,0.766337
bbd1451b-63ec-4b3a-a8c5-24e6ae30f14d,gaussian_blur,s5,1,0.454692,0.622796,0.631350
bbd7a404-b5fb-4c5a-b8dc-5963b2f5b6be,clean,s3,2,0.467544,0.591874,0.748186
bbe4f1c8-6b2b-4ecb-8c09-07078d98a782,clean,s4,0,0.642306,0.769369,0.837837
bbef0ead-4f01-43cc-b905-152931aed20e,clean,s5,1,0.410890,0.579753,0.588885
bbf8923a-b2b5-47dc-82c7-6b6b59a61e7c,gaussian_blur,s4,0,0.674721,0.784564,0.904210
bbff4c17-1585-4716-b2a4-bdd6a5ee2c0b,gaussian_blur,s5,1,0.724414,0.839059,0.847183
bc06e1b1-fa7f-46b7-a3e1-22084d24877b,shot_noise,s3,1,0.377309,0.497391,0.648373
bc1e5cf2-fb33-47b3-a40b-85bdef46a28a,shot_noise,s4,2,0.650282,0.777319,0.836437
bc1f1b6d-54ca-4f76-ac12-d638d27326a4,clean,s4,3,0.793006,0.881566,0.909796
bc2eea05-198c-4325-99e1-918c7ec546a5,gaussian_blur,s5,4,0.253948,0.404882,0.405297
bc33c861-e9f4-4829-9ee0-661453b730ee,gaussian_blur,s5,0,0.562340,0.681380,0.840669
bc33ee4a-0cf4-45da-b485-19aec70a782c,fog,s4,3,0.483720,0.588396,0.806655
bc43e699-290d-4fe9-a334-68ce9d1caef5,gaussian_blur,s4,5,0.450480,0.614185,0.639189
bc551c56-69fd-465b-bd3f-33a657c295b2,gaussian_blur,s4,0,0.538951,0.676211,0.775163
bc584a86-e499-4127-acce-33f8f9dd27f8,shot_noise,s3,2,0.770800,0.859317,0.950533
bc58cd6b-4c8e-4aa6-a081-8f56da75fd72,gaussian_blur,s5,2,0.706700,0.826797,0.835945
bc5a4b16-d96d-4091-ad82-f98d9db19a1a,fog,s4,2,0.670917,0.797060,0.832582
bc5cbd6e-1528-43bd-8a99-455f80161d1a,clean,s4,0,0.708208,0.826482,0.844748
bc6a5edc-8ff2-424d-a460-7b47f7cf33da,clean,s5,4,0.789062,0.881846,0.884208
bc78b75f-d6cf-4202-adb3-1d9b07ecc827,shot_noise,s5,1,0.732711,0.844548,0.853403
bc8f8a25-79f6-492d-a10c-599a9e831cac,shot_noise,s5,3,0.540320,0.688471,0.743611
bc928ce6-4d5a-41e0-a8d3-9848d9f44d77,fog,s4,1,0.761235,0.860840,0.890258
bc92e2be-7a0d-440d-a52c-9f12a90e8177,clean,s5,5,0.681439,0.810542,0.810549
bcbf2f16-919e-4a4b-92ef-84615ac6f7e8,gaussian_blur,s5,0,0.709517,0.824763,0.860416
bce5eb44-2808-46fa-8fb5-4d193f14f014,clean,s4,3,0.672561,0.794407,0.852006
bd005891-8c57-4f6b-a3dc-b4b1cbac623c,clean,s3,4,0.516012,0.576745,0.926475
bd0681e9-a6cf-4ffc-8fe8-4c8be72ec866,shot_noise,s4,2,0.753738,0.856163,0.883328
bd0f1739-e524-4fe6-94b9-eb31be6d861d,gaussian_blur,s5,0,0.835768,0.909701,0.919808
bd1cbbd1-ecc5-427d-9de5-c9580c133e2d,gaussian_blur,s5,5,0.486986,0.646437,0.679211
bd1e9dc2-1dae-4a1e-bfbd-dbd6fff083d6,fog,s4,2,0.620575,0.752055,0.821589
bd224be8-4d84-440d-9eb5-0d54f2a14c5e,clean,s5,2,0.701731,0.822775,0.835733
bd2acc5d-f02b-4463-b5c9-adc06fca31d0,shot_noise,s4,4,0.426630,0.550193,0.704590
bd3ecfe8-fd13-45d3-8188-f13acf754da9,shot_noise,s4,0,0.816382,0.897674,0.910991
bd40ec46-8d63-4462-bed7-8e54c857f798,gaussian_blur,s5,1,0.727996,0.842539,0.842912
bd481e56-3adc-4545-8103-b41394c76389,shot_noise,s4,1,0.663656,0.780980,0.874756
bd48358f-f5e9-464b-8831-c068df26036d,clean,s4,3,0.827010,0.904201,0.916949
bd4ecbd6-8aa9-4a75-8cbe-bc2d848e67ef,clean,s4,2,0.836423,0.908996,0.932144
bd74a9f8-0107-43d9-bce6-2b381365a862,clean,s4,0,0.759461,0.856802,0.908588
bd76a535-36c1-44d1-8b76-6d86171a237e,shot_noise,s4,0,0.622286,0.753495,0.822655
bd82e616-95da-4749-867f-4ed3d8b49b87,clean,s5,1,0.687077,0.812405,0.825781
bd87fa5f-7202-42b5-8fae-9f5db862b328,fog,s5,4,0.630603,0.773317,0.774090
bd94e0e3-50de-4eb6-a185-bc6032134ddb,gaussian_blur,s5,1,0.484571,0.652569,0.653501
bd9feb83-db55-4cac-9836-c4c44582c1b9,fog,s3,1,0.498160,0.577561,0.872084
bda1ff1a-adac-424c-b2df-2f587dc666b4,gaussian_blur,s4,1,0.611109,0.724681,0.881886
bdaa49fd-0b67-44b1-9993-af0d1a862ba5,fog,s4,3,0.593816,0.740809,0.761899
bdb702c4-4df9-47f4-b17a-79034726f223,shot_noise,s4,2,0.618443,0.758008,0.790018
bdbd43f9-5daa-4d79-a845-9e7eed92e79c,gaussian_blur,s5,3,0.305823,0.464762,0.475195
bdca2b59-a966-4579-9130-c4774a235cf3,fog,s4,2,0.483143,0.546445,0.883165
bdcc5bf1-a19e-408e-a672-07dfd80dc5c4,shot_noise,s2,2,0.428250,0.474839,0.837415
bdcc63d0-0635-4e8c-9aea-1dd7e453d876,shot_noise,s5,4,0.439541,0.609498,0.613666
bdcfcb8a-2789-44e5-ae3e-d11cfa65b9ad,shot_noise,s5,2,0.441707,0.588109,0.672592
bdd399e7-fc45-445d-a734-4a66fc6952dd,shot_noise,s5,4,0.710392,0.827346,0.849973
bde6e1a4-b25f-4b79-98c6-a8094536c60b,clean,s4,1,0.602095,0.742451,0.787291
be130800-219b-4471-8e4c-8e604802929a,gaussian_blur,s5,5,0.324133,0.393302,0.648267
be1abbd9-803a-4868-8093-630285a04860,clean,s4,5,0.705726,0.824150,0.846405
be1c7510-c0fb-4f5a-ad29-747462f10342,gaussian_blur,s4,3,0.707143,0.825565,0.845003
be200c25-bcb6-4368-a067-8f92fb48fb44,shot_noise,s3,1,0.704422,0.807882,0.923915
be2152a9-391e-4eec-a255-310daac807f8,clean,s5,5,0.719130,0.833226,0.856979
be2192b7-ef5e-4e8f-9134-feeef8b8eff9,clean,s4,5,0.496082,0.638180,0.732256
be2214a6-0df9-410c-a8e5-1eae4d269c6b,shot_noise,s5,1,0.641335,0.779636,0.789845
be277a5b-ebd3-411c-b479-667aef90f44d,gaussian_blur,s5,3,0.624222,0.764464,0.786377
be292cc9-5471-4176-9656-744d918f879c,shot_noise,s4,4,0.458147,0.621087,0.647685
be2c0331-e941-4815-8fe9-d15042acb503,fog,s5,0,0.438094,0.578240,0.682843
be39870e-cb10-4715-b51f-9f0689c1ed70,clean,s5,0,0.501203,0.667314,0.669003
be3a52ec-e13d-4421-a0cf-a38151a5552c,clean,s5,0,0.712393,0.832035,0.832096
be3d07f6-17ab-4127-a27a-d6b73758b4d3,gaussian_blur,s5,5,0.530032,0.690330,0.700936
be3e2b1b-a55d-4a3b-9e72-98d8f586f962,clean,s4,5,0.538940,0.680515,0.762660
be47c950-f3a0-4c6d-8046-30f430f5a7e1,clean,s5,2,0.727740,0.841809,0.846271
be53c147-fecc-4422-acd5-461c923f4e5c,clean,s2,4,0.585843,0.677162,0.929893
be5c3e48-394a-4a57-9777-85f541f318e8,fog,s3,2,0.339395,0.466793,0.581796
be5dbdd8-e1a3-4353-ab4f-ecd382f6742c,clean,s5,4,0.794557,0.884365,0.895495
be5fc704-0dc2-4239-a234-5c7dc32f4c18,fog,s4,3,0.470648,0.627472,0.673833
be66609d-d652-4b50-9bb0-d0d302a2cd94,gaussian_blur,s4,5,0.676969,0.805282,0.818108
be7027b7-c437-447d-9363-96a59f1affaa,shot_noise,s4,4,0.782360,0.873218,0.914757
be79a41d-7c78-42d1-a2f9-b9c740dd1400,clean,s2,4,0.373640,0.463518,0.694060
be7d5253-73f6-40d5-8963-b2bd886700e9,gaussian_blur,s4,2,0.483556,0.595018,0.792315
be7f23d0-5f43-48a5-92e0-fecc85f2ba8d,fog,s2,3,0.440120,0.508853,0.819664
be8c558d-02d9-47ae-83cb-84852ed94394,fog,s5,2,0.382377,0.536121,0.590069
be8e298c-1ae0-4286-bbd9-8abdd67e8277,clean,s3,2,0.748927,0.840959,0.953792
be8fb51f-e265-41bf-8306-251907f850df,clean,s4,0,0.323051,0.392504,0.646101
bea4461e-610c-44c5-b09c-eb0d938abad1,fog,s5,0,0.666998,0.798049,0.811077
bea982af-d93b-492d-948d-7ac2ed13a008,gaussian_blur,s4,3,0.696763,0.818579,0.836198
beaee0cb-bc9f-4146-a937-a9a38cdb6368,gaussian_blur,s4,0,0.732465,0.836447,0.901387
beb68838-1f77-43a5-9749-f25fca7b3992,shot_noise,s5,0,0.652811,0.788449,0.796992
bece1827-baea-413b-a4bf-bd9f24cf7a7c,shot_noise,s2,5,0.491153,0.495537,0.982307
becfe61b-e922-4ca0-bd31-113bb65403fb,gaussian_blur,s4,2,0.766848,0.862216,0.910312
bed295b3-b097-47a4-a620-e0874292df43,shot_noise,s5,5,0.652073,0.788598,0.793192
bee3bf45-4305-4b4a-b167-27da9e731292,clean,s5,3,0.667781,0.796726,0.820850
bee3c957-da70-4230-8b73-ff164ab12340,fog,s5,1,0.277765,0.365084,0.544517
bef31ee1-20ba-4dbe-a7a8-f1e852b558c7,clean,s5,5,0.703630,0.825597,0.828557
befc2aa9-9694-489d-8a41-f6be117ee815,clean,s3,1,0.617492,0.727779,0.894805
bf00ef43-e140-400a-a630-b1182845bb92,clean,s5,2,0.417208,0.454867,0.834416
bf09ec75-4799-40c7-90b7-51f050e5aa72,clean,s4,5,0.595284,0.723605,0.828432
bf193fb0-2066-4ba0-b16e-c38b9c436626,shot_noise,s4,1,0.611418,0.745058,0.812987
bf20c343-142b-4f14-b967-9491be94895f,gaussian_blur,s3,4,0.697287,0.796873,0.943621
bf24fb5e-4e6e-44bd-8801-61c1b476e7a3,shot_noise,s4,3,0.472347,0.590439,0.766601
bf2b7377-79be-4a0d-a45e-ab78e7565cc7,gaussian_blur,s2,3,0.485252,0.492516,0.970505
bf3479df-288e-44f1-b272-6f3cf169d8e3,shot_noise,s2,3,0.477523,0.488503,0.955045
bf3aeace-3195-412e-973a-e26552b6fc14,clean,s5,0,0.529719,0.665735,0.772853
bf45f8fc-3833-4b33-8b86-c11e02b16bd1,fog,s5,1,0.554610,0.705107,0.741979
bf5ecd55-1f6b-4648-8896-5759254cb3c4,gaussian_blur,s5,1,0.420957,0.590483,0.597418
bf5ee7e5-9e0d-45b3-95aa-8f9662c06879,gaussian_blur,s4,5,0.517374,0.641301,0.795211
bf6de713-9032-40f0-a7b2-74ecff598bbc,fog,s4,4,0.554442,0.709155,0.727838
bf6e0b91-9aed-4f1b-bcc1-e59810a88145,fog,s5,4,0.547004,0.706810,0.708432
bf7d9289-b4c7-4b77-adea-c2359b7d8ebd,gaussian_blur,s5,5,0.667386,0.799945,0.803381
bf80cac8-f845-4cba-95f7-64a01926146c,shot_noise,s3,1,0.533276,0.580992,0.969134
bf8f5834-c04a-41dc-99b8-bb110c3f72df,fog,s3,2,0.616400,0.713968,0.932992
bf944d22-691e-40d6-8ba7-95a7494246bf,shot_noise,s4,1,0.768265,0.865687,0.893225
bfa8dc5d-c038-4e60-abed-f156c0869f22,fog,s4,4,0.424632,0.595885,0.596731
bfcb8ae8-3653-4639-ad07-ec4f97c82b9d,fog,s4,2,0.659049,0.790812,0.812075
bfd0c635-3a2e-436b-957b-a4502b8fd337,shot_noise,s5,1,0.524240,0.658101,0.774943
bfe31d1b-150b-450a-8785-3d40a83971f3,gaussian_blur,s4,0,0.573192,0.701112,0.820997
bfe6807e-f27e-4d7f-b9b7-77a99a3e93f9,gaussian_blur,s5,3,0.405296,0.575919,0.578917
bff5a561-33ed-4743-82d3-2f30dde0915b,shot_noise,s5,3,0.668147,0.794634,0.832379
bff9bffc-7d3c-48d7-a114-4565b1189cc5,shot_noise,s4,0,0.667765,0.796333,0.822676
bffa77ee-2b25-4c9b-9177-1a0ebac83603,clean,s3,3,0.274662,0.385469,0.504976
c0085603-842c-48c8-9339-37dfcd255e95,shot_noise,s3,4,0.471148,0.574841,0.794992
c00be2c3-e870-4026-b80e-bbcf2c90f0db,gaussian_blur,s4,1,0.410891,0.451087,0.821781
c00ca00e-cfd1-417a-8254-ecebfd16616d,shot_noise,s5,1,0.534967,0.680352,0.749249
c00f8d96-08b2-4d9e-8161-0d6f31ab475b,shot_noise,s4,3,0.752443,0.857036,0.870631
c0106e03-01c9-4f1a-b9e8-ae38cdcb68b4,gaussian_blur,s5,2,0.365116,0.529411,0.546637
c01c8cc5-8c09-4c3e-a0df-0a22d055367f,fog,s4,2,0.705388,0.822299,0.855087
c02d9b8d-e54f-4bf1-9212-d6e349736e2e,fog,s4,1,0.489473,0.641820,0.700304
c039acb8-c55d-4b77-8c5d-b4a80ed142f5,clean,s4,3,0.668304,0.786688,0.869105
c03a325f-2bdb-4921-83cc-c7236b7fc987,fog,s4,1,0.520884,0.651375,0.781355
c03e474e-6fae-41c7-8bf0-72bc418b7543,gaussian_blur,s4,5,0.746947,0.846647,0.910565
c047fc3a-1320-4828-abb4-0d59a0b1c754,fog,s4,0,0.579126,0.717317,0.790640
c04e15bb-2f12-4144-9fac-001367be91cc,fog,s5,3,0.670508,0.791800,0.855399
c05a1791-f2a7-4a88-90b7-76b3d27f19c6,gaussian_blur,s4,1,0.582860,0.695805,0.870127
c06b29ce-4287-40d0-9875-fe29eae5cbcd,fog,s4,1,0.590641,0.732037,0.782234
c06d6f67-43ca-4311-be7c-03bdf5d8a42d,clean,s5,3,0.814023,0.897214,0.900046
c071c8a2-88a8-47a9-aed0-7b67c47a351c,gaussian_blur,s3,5,0.497361,0.555191,0.909647
c081e216-fc6f-49e8-93da-8988d763366a,gaussian_blur,s5,3,0.566889,0.721671,0.730464
c082764b-1a65-4f97-8351-e06d8d366971,fog,s5,2,0.324616,0.479855,0.509880
c0874167-5a49-491f-be32-a79e07cfde17,clean,s4,0,0.629752,0.750751,0.861360
c08b850a-4d6c-4f18-8fcd-37d1b17819c5,fog,s5,3,0.364118,0.465022,0.662511
c08f1710-2f9f-4422-8397-16d001674b29,fog,s5,2,0.309078,0.470818,0.474832
c0917eca-cf01-4f52-aee5-47198a1ec3f2,gaussian_blur,s3,0,0.766842,0.854812,0.959125
c0a4606e-4c47-4bdc-b256-6de0e27aa2e3,clean,s3,2,0.770800,0.859317,0.950533
c0a55a3e-9893-467e-86e8-f0440b6c32e6,gaussian_blur,s3,3,0.447380,0.472229,0.894761
c0abd4ba-318c-49ce-80f2-48da76d456a8,gaussian_blur,s4,2,0.476292,0.637904,0.665556
c0b979fc-8b64-414b-a819-9af6751c9db3,shot_noise,s4,3,0.557962,0.695009,0.785988
c0c043e9-f7b6-4dae-ad69-27bfe502b6fc,gaussian_blur,s5,5,0.497160,0.642715,0.724096
c0c2cbde-0eb1-4e4c-834e-43c848448250,gaussian_blur,s5,3,0.482409,0.646778,0.662357
c0d97778-73e1-46e3-870f-577192bd70b0,gaussian_blur,s5,4,0.556077,0.714510,0.715440
c0fc0a5e-f667-40b8-838a-468e235c1585,gaussian_blur,s4,5,0.713119,0.830233,0.846117
c0fde5f1-fa3c-4a50-bbc4-bb86a56b4ea9,shot_noise,s3,4,0.738996,0.835947,0.935029
c0fee556-4b48-4a2a-8242-e2ea79bc2e0c,fog,s4,5,0.768081,0.862436,0.915312
c103e199-db74-4768-9340-47569d472cdf,clean,s5,0,0.641633,0.781000,0.784901
c10df424-810f-4438-afa5-69592038a198,clean,s5,5,0.783827,0.878649,0.880181
c10f6656-86f3-4792-958b-9173d8c78d82,shot_noise,s4,1,0.514408,0.634310,0.802523
c1155735-d1cf-46aa-8cc9-925f63554601,fog,s5,1,0.381594,0.550638,0.556309
c1156370-d337-4e46-8a5a-557352dd15b0,shot_noise,s5,5,0.575186,0.730186,0.730763
c11d38b7-d932-4a98-9b29-35d3e960431a,gaussian_blur,s3,5,0.120917,0.194740,0.241835
c122eebf-c1cd-4654-a385-f80940d193aa,clean,s4,3,0.793467,0.879689,0.927664
c12e44eb-ebd0-401d-ac88-b0481b06ca3e,gaussian_blur,s4,5,0.625256,0.751465,0.841684
c136cdb2-7502-4112-b60f-8b6fd5eaff8e,fog,s5,3,0.461208,0.626140,0.644992
c14a3266-f2d8-4f2d-aa9e-215304b7c244,shot_noise,s2,3,0.620378,0.712682,0.950320
c14bb2fc-892a-40cc-8fbe-dca555979923,fog,s5,2,0.365160,0.511680,0.582667
c14c6a5c-0339-4797-a348-15848b947d90,clean,s5,5,0.413006,0.579522,0.596601
c15bfb4e-2095-41bd-ad96-b293ad1bfa18,fog,s4,3,0.582062,0.733084,0.746102
c1642998-6ef4-464a-8a45-f883c240f058,fog,s3,3,0.429210,0.461909,0.858420
c16d76dd-d480-46a9-a994-d8e08faee11c,fog,s3,0,0.274662,0.385469,0.504976
c188035d-38a9-49ed-ac5b-2e24d6e6e92d,gaussian_blur,s4,5,0.507163,0.660458,0.709952
c18cffd5-aaeb-4ff8-9ec0-95d6873c702b,fog,s4,0,0.509068,0.653791,0.735010
c18d2616-73f4-42a8-a537-8e488dde692f,shot_noise,s5,1,0.650553,0.788273,0.788340
c18e0334-8cc9-489a-a421-7af586db1798,clean,s5,1,0.593706,0.739319,0.767100
c1916697-b440-45be-989a-2803369ecff3,fog,s5,3,0.440486,0.606721,0.623933
c197bd2d-8a72-4063-aa53-50176ac9e03e,shot_noise,s5,0,0.675616,0.806333,0.806802
c19f22ac-f763-4ffa-84f3-fb92d1f136e1,gaussian_blur,s3,2,0.758914,0.852045,0.936540
c1ac8d9f-bc0d-4b44-9feb-ad772754f1f3,gaussian_blur,s4,1,0.746823,0.851809,0.877029
c1b32bf6-b408-4a3a-a77b-49e0cdcc6c9f,shot_noise,s5,4,0.507373,0.628228,0.794124
c1b7d88f-4ce7-4053-959d-8e15e3b8e50c,shot_noise,s1,4,0.591504,0.670156,0.965162
c1bea417-50b5-4d5c-a3d9-d43562df9a80,clean,s5,1,0.460714,0.622135,0.653755
c1ceeeaf-b5db-4173-9e0e-105660099b33,shot_noise,s4,3,0.626798,0.756205,0.829600
c1e81ce6-abb2-42c8-8aa9-497a6dda9cc5,gaussian_blur,s4,4,0.636623,0.756590,0.865813
c1ea0de6-b77f-4c80-9e5e-11e4fd049051,fog,s5,0,0.583059,0.736621,0.736630
c200f264-5927-4537-b0ba-bda0fc5a9b77,clean,s2,4,0.483752,0.491742,0.967504
c20bfdb8-14e9-47a4-bc39-12832a0cd113,shot_noise,s5,1,0.793592,0.884600,0.887685
c21fb12c-8473-4b1e-ac10-d192c590a7a1,gaussian_blur,s4,2,0.661006,0.783903,0.851477
c230022e-3036-403c-897b-e7072fcdf558,clean,s5,1,0.768488,0.868992,0.869845
c230595f-4820-46bb-a1d6-11aab8266105,clean,s4,3,0.755210,0.858471,0.875123
c2393bb9-a145-469e-b0de-511ebc113a2f,fog,s4,3,0.575038,0.687872,0.865766
c2393f37-b1d3-4294-a8b9-74ab14952a7d,clean,s4,1,0.652615,0.763057,0.902651
c2455f7d-aa18-4d33-a5e9-526dc023922f,fog,s4,1,0.311951,0.460047,0.504272
c250dab7-7114-4cc5-99b3-6022d01cc2ed,gaussian_blur,s3,0,0.520037,0.645808,0.792755
c2561251-e348-4a39-89ad-f8757c31c1ce,fog,s5,0,0.728029,0.842609,0.842631
c2589c5b-1036-4af7-b1f3-2196f98b3e07,gaussian_blur,s4,5,0.619292,0.751789,0.817685
c25e733b-afa4-4c45-a893-aed074abfdf1,shot_noise,s2,0,0.474321,0.486822,0.948643
c267177a-1243-462c-b090-8162e74924aa,fog,s4,4,0.496987,0.641279,0.727275
c273a10b-4986-44c9-afb5-fe9c892b5c51,gaussian_blur,s4,4,0.686519,0.805978,0.856117
c275fa05-1da1-4ec5-ab2c-dbba116b8844,shot_noise,s4,1,0.498920,0.612892,0.802139
c27cbc34-fd52-45e1-a7f5-6d36f55ef5e6,shot_noise,s5,2,0.446455,0.528564,0.805555
c2844e0d-21d1-44ce-aa7c-0a6fb475ad2d,shot_noise,s4,3,0.364325,0.524784,0.553621
c2a18b7c-f10e-4372-bc21-55f29b226fb1,clean,s4,0,0.711874,0.815950,0.917207
c2ac00a7-038d-4205-8e30-0dbe173cc6b3,clean,s5,1,0.227538,0.355091,0.394961
c2b8e8df-b3a3-4a3c-8d4d-cecb2f5d2e8e,gaussian_blur,s5,4,0.790668,0.882571,0.887591
c2c98d99-bae0-4028-b2ed-276252347a21,gaussian_blur,s4,4,0.646409,0.776641,0.823710
c2d99e7d-1896-430b-b19a-e785c01bd00c,clean,s4,0,0.500274,0.643884,0.731568
c2ec6cef-c76a-47e2-a646-5ec3bca3783a,gaussian_blur,s5,1,0.536353,0.695653,0.706635
c2ed5068-ee4a-45cd-80e8-06676dd96dac,clean,s4,2,0.677948,0.790572,0.891611
c2fdfd11-1cd2-472e-b087-7dcf48a0fed8,gaussian_blur,s4,0,0.765049,0.860663,0.911551
c304d9f5-6b3c-4434-962e-bcd4b5256908,shot_noise,s4,3,0.748832,0.852150,0.884985
c309657a-270d-48ba-9478-465a4d530b44,fog,s3,0,0.454189,0.497156,0.878235
c32cce88-28f4-4e9e-86bc-ee54e18ee809,gaussian_blur,s5,0,0.717247,0.835223,0.836088
c3329575-1782-4536-a931-b476544cd97c,clean,s5,4,0.777832,0.874392,0.880147
c336f290-5df5-4bcc-8164-746f977b6982,fog,s5,4,0.324272,0.481993,0.504686
c341f9d3-106d-4e3b-828a-fc942fef4e43,shot_noise,s4,0,0.538951,0.676211,0.775163
c345d99b-e463-4155-b8c2-a09e22165b9c,gaussian_blur,s4,0,0.722325,0.836123,0.854987
c348aea6-c3df-4382-ab5f-54bad2478c00,shot_noise,s5,4,0.669654,0.801985,0.802965
c3747cf9-1847-4dda-bbda-0c6554627ac6,clean,s4,1,0.494597,0.661317,0.663408
c378d35f-6a4a-4b1d-999d-56c240a6d866,fog,s5,0,0.818168,0.899732,0.902580
c38bfeeb-2c70-493a-8859-35776998e1cc,fog,s4,4,0.251506,0.397239,0.409700
c38f1d31-a1f1-4665-8ebe-1431b2422e25,fog,s4,3,0.779811,0.873152,0.900985
c39184f2-06fc-49a2-8703-19bdb54393f8,clean,s4,2,0.747665,0.847382,0.909563
c392faab-3402-43aa-9d9c-3498d6ef4a3f,fog,s5,1,0.486355,0.639944,0.694651
c3abed34-3af1-4a66-9dc7-54161d080bc4,clean,s3,5,0.478923,0.537695,0.885536
c3b306c7-1b84-4f26-8487-bd1e8a9a1e5c,shot_noise,s3,2,0.420245,0.456667,0.840491
c3b37bbc-8013-4b07-8079-11a91abcce13,gaussian_blur,s4,2,0.396606,0.563369,0.578462
c3c0a2c4-61e5-4453-b1cb-5440f9270d38,gaussian_blur,s4,4,0.466002,0.626905,0.659441
c3c79db5-edbd-4cf7-9794-2504f425e06b,gaussian_blur,s5,1,0.509467,0.670159,0.689795
c3c9abef-8fd2-4e65-a254-95a9c4549826,clean,s4,4,0.670257,0.795802,0.835772
c3ca18b2-de74-452f-b595-8c7f3899c83d,shot_noise,s5,4,0.509023,0.668855,0.692107
c3ccbe28-efb9-433e-a0d4-82f4cfe612a6,gaussian_blur,s4,0,0.761161,0.858551,0.905634
c3cd1395-d717-43fc-8df3-71e95df81f37,fog,s4,3,0.440273,0.606132,0.624685
c3d29a62-3c03-4fab-b0dd-ce668a286e48,clean,s5,3,0.677812,0.795852,0.867337
c3e5b435-8f08-44ee-aa67-88a477e216af,clean,s4,1,0.817938,0.894318,0.952219
c3e95f49-05dd-4004-a4ca-447ed7197592,shot_noise,s4,2,0.640750,0.759736,0.869739
c3fee1ea-3baf-4fcf-aae9-a08175e2024d,clean,s4,3,0.560524,0.706257,0.759646
c4322408-cb09-48a9-9ecf-9590ae469dd8,clean,s4,3,0.766460,0.858236,0.935202
c434facf-0fe9-4ff0-a59d-842210451567,clean,s4,2,0.615005,0.750922,0.804539
c436ecba-d9c3-4460-b423-c32426c1efb9,gaussian_blur,s4,0,0.648680,0.776123,0.835083
c449efc2-193a-433a-8581-f3a4a860a4d9,clean,s5,4,0.295801,0.422681,0.515225
c462f6cf-9f1c-4cae-98ee-45767f75780c,clean,s3,3,0.573389,0.694429,0.841531
c46d0a55-bf51-42ca-87b3-68640a5a0d13,clean,s5,3,0.497067,0.651739,0.699419
c475c4e9-0ed8-47a0-8b32-b302b3016e31,clean,s5,4,0.349528,0.411438,0.699056
c482bcfe-c775-401f-90e9-a04cd99b0d62,gaussian_blur,s5,2,0.716008,0.834410,0.835072
c487657a-bff9-4465-b3b6-a55e1b0f48a0,shot_noise,s5,2,0.409389,0.567272,0.612542
c488d6dc-b1ba-40b8-9f7a-5b7744664c91,fog,s3,3,0.347673,0.461800,0.616592
c4896d24-57aa-4881-bada-04130e5d60eb,fog,s5,1,0.677458,0.806454,0.814260
c489c838-3e0e-49c0-bd65-bec440f794d4,fog,s5,4,0.536725,0.698530,0.698533
c4951197-ecb8-428d-9887-3826bc638c5a,shot_noise,s5,5,0.656469,0.792510,0.793107
c495c91d-c555-4068-bb88-e90f29938543,shot_noise,s3,3,0.532838,0.590800,0.950439
c4a14706-62f7-4557-b415-2d745c24b640,shot_noise,s4,1,0.625371,0.767593,0.777765
c4a7cc2e-853a-49be-862c-c1775262c4b7,fog,s4,3,0.414259,0.453109,0.828517
c4ae3438-63a0-42a3-9a9a-7f295253b1eb,fog,s4,5,0.419970,0.586208,0.604354
c4bc8678-78b9-4028-afd2-f20ada4a0a67,shot_noise,s3,2,0.333575,0.468368,0.560283
c4bee715-0ffd-461e-8c32-b29bc8daa2eb,fog,s4,0,0.774193,0.867907,0.909216
c4c3a372-60b1-4425-88ee-dae6e9893871,shot_noise,s3,3,0.758547,0.850195,0.946155
c4c982d7-93bb-4843-a68d-093d981de726,gaussian_blur,s4,0,0.530525,0.666624,0.773153
c4e096bf-4881-418a-85cb-0f0520b71520,gaussian_blur,s5,4,0.601436,0.737153,0.804261
c4e8812a-5341-490e-a1f8-cbb4b6b8f20a,gaussian_blur,s4,0,0.508514,0.631187,0.790795
c4f9e9b2-b7df-4e40-98b2-a90a9c8a85ac,shot_noise,s5,1,0.582420,0.729542,0.760411
c5003624-2a80-40dc-9b0f-4268947dcb8b,fog,s4,2,0.545342,0.680862,0.783893
c500c5eb-a287-4b6f-a50b-c78ed0dbef02,fog,s2,5,0.626739,0.719439,0.952709
c5122fa8-a2c7-40fa-9cf8-949df90609d9,fog,s3,5,0.387681,0.499425,0.677253
c5154381-792b-4f58-88de-f6872b3d1f15,fog,s5,1,0.644021,0.783271,0.784390
c516926e-459c-430e-a583-58f1dda75e02,shot_noise,s4,2,0.608565,0.747331,0.793562
c5173596-e1e3-48a0-ad9a-68a8a91c22cc,fog,s4,0,0.798053,0.880876,0.944848
c51e2c4b-5290-4eca-92f3-deea76de5b53,fog,s5,2,0.615371,0.756836,0.782698
c524c7ac-1b83-42aa-a1ab-6125c839d65b,gaussian_blur,s4,4,0.613466,0.757773,0.771413
c532c4fe-8f4b-4bec-b31a-e79c40358e29,clean,s4,0,0.615386,0.738029,0.853051
c5366510-22c3-41f4-854a-0b720802874b,shot_noise,s5,3,0.664551,0.797079,0.805351
c546b821-e200-4be6-a125-fcf2116b3530,gaussian_blur,s4,1,0.724112,0.835187,0.869081
c55d0179-ac84-469f-a16f-5cb1219a0f0e,gaussian_blur,s2,1,0.490054,0.494977,0.980108
c5645c33-7822-4f55-a875-009ee2df4ad1,fog,s4,3,0.324310,0.489707,0.489920
c56c054a-f708-4e22-9893-9820be2201b0,fog,s4,3,0.349068,0.517405,0.517683
c56e27e0-52bc-4bb8-a39d-8eb5b5f57443,clean,s4,5,0.778841,0.870001,0.919296
c5749231-ff3c-4a0b-bf0d-327a530dc8e3,fog,s5,3,0.400335,0.529328,0.661944
c5827566-eaf8-4c85-94e2-bb93a2326396,gaussian_blur,s4,0,0.447044,0.582815,0.701905
c58ad1b5-973e-45c1-90dc-250259b93c6c,clean,s5,4,0.740844,0.850947,0.852373
c58f42b9-036d-4455-889a-14ac8f41b59d,shot_noise,s4,2,0.573720,0.724636,0.745429
c5977dc4-8d81-40af-8476-9e0015a5c481,clean,s4,3,0.404404,0.575245,0.577472
c59e2c28-158f-4089-b96a-f531222cc5ba,shot_noise,s4,4,0.279531,0.434356,0.441474
c5aecb7b-935f-44f2-b254-1a22b2e1eda0,clean,s5,3,0.358953,0.527275,0.530400
c5b3ad5c-745a-4e01-9fb5-5c0113fa304c,shot_noise,s3,4,0.805169,0.882850,0.970779
c5bbea47-1d79-440d-9d35-8bd88d1e8455,fog,s5,5,0.404941,0.565671,0.601275
c5c3f18f-758b-4d71-a7a5-cdd88774f5d9,fog,s5,4,0.360303,0.510999,0.568064
c5cfc836-6c78-406b-9a81-16dbf79c4621,gaussian_blur,s3,4,0.567490,0.671385,0.884416
c5f2be41-0fdd-4fdb-a1c8-bc917ad66e5c,shot_noise,s5,0,0.535831,0.654905,0.821994
c5f76ed1-0998-4eb3-b481-2ad538cf4875,shot_noise,s5,4,0.764310,0.866403,0.866480
c5fd20c7-b5ae-41d7-8fbb-898d39d4a355,fog,s5,1,0.476017,0.641478,0.654832
c60565e9-a12b-4a87-be37-0600e66a8e1f,fog,s4,4,0.643134,0.763628,0.863984
c6160087-c31e-4b24-8bd4-f78f395fcff9,clean,s4,0,0.745238,0.851860,0.868637
c6208e94-326f-4ce7-a7c7-587e12529321,clean,s5,2,0.687010,0.810674,0.834526
c6273a34-5af2-4c90-80e0-8679fbec8409,clean,s5,4,0.714072,0.829645,0.853984
c627b7c4-eeca-4ae5-a1c5-2d63b7d3539c,gaussian_blur,s3,3,0.531992,0.600076,0.930640
c6398ffa-b33d-4a53-8ca1-e26b2108b6f2,fog,s5,1,0.428487,0.572156,0.664805
c63cd74a-1e84-4133-b9f4-6e5c04efc398,gaussian_blur,s5,3,0.419940,0.590346,0.594282
c63cf0c2-4a4c-46ac-89bf-322dc2858d2a,clean,s4,4,0.461236,0.550314,0.811381
c64c962c-2036-43ac-ab92-fc03669d0d3b,shot_noise,s5,0,0.424099,0.483541,0.812587
c64e0e0d-c072-4468-a058-05ab060d1166,clean,s4,0,0.725098,0.837378,0.860741
c660635d-3902-4712-841a-616c5e68657b,clean,s4,5,0.738530,0.847197,0.865351
c66c19f1-01f4-46ce-8814-ce4e4bd23c29,clean,s5,1,0.675975,0.805015,0.815125
c671e6b4-229c-4b8e-8e45-673b3ebe5412,shot_noise,s4,1,0.415035,0.524667,0.716919
c67bf881-de9c-4804-87f3-da0bab47f74d,gaussian_blur,s5,4,0.538765,0.691641,0.728193
c69df44d-a039-48c5-994a-65fa72013cef,clean,s3,1,0.615774,0.704900,0.956384
c6a66ced-48e0-4fcd-b4c4-885e5b961ed9,fog,s5,0,0.551226,0.706561,0.724795
c6b0d839-b668-452c-9954-20db9974d03b,clean,s5,0,0.680880,0.808017,0.821243
c6b4d0cf-6a48-4ff5-9c11-0499b4004128,shot_noise,s4,3,0.519378,0.674198,0.712751
c6bc7495-8374-4e80-8acb-645fa18bdee7,fog,s5,2,0.469564,0.620194,0.688704
c6cabcc0-16b6-46b5-9b63-4fba91b768b5,shot_noise,s5,5,0.618887,0.763861,0.767643
c6d191cc-1910-4b0d-8794-5e4aa2248521,gaussian_blur,s5,0,0.384615,0.541409,0.586402
c6e485c1-34da-4d2d-aa7d-280566235679,clean,s5,1,0.711787,0.831029,0.835187
c6edd2bf-f2cc-475d-bfb5-26c814953e55,gaussian_blur,s5,1,0.371286,0.536678,0.551957
c6f75450-c572-456e-b994-031d048c2b03,fog,s3,1,0.492472,0.549966,0.904311
c712f449-19bb-4a7d-8a00-e440ebb5df66,shot_noise,s3,3,0.586345,0.681458,0.920635
c7187d14-9c00-4f59-af27-5f1ec0a0a0b8,fog,s5,1,0.425932,0.565747,0.670320
c737e332-35fa-48b0-9fb4-3ed694dd7c32,shot_noise,s3,4,0.473068,0.570538,0.809363
c74c5ed3-ae10-478d-8f36-3238fbcefe22,clean,s5,2,0.536839,0.691443,0.721915
c74ee73b-e094-494e-b146-f0ebb357ae23,clean,s5,0,0.806564,0.892329,0.898469
c759d28c-6afc-4eff-8a6d-e48cf625d0de,gaussian_blur,s4,4,0.675879,0.786139,0.902257
c76fca0c-ea16-4d5b-af24-3ebb7272f6be,gaussian_blur,s5,0,0.515366,0.658374,0.744037
c780fd2d-9191-49ac-bfa4-b04fd3b25d87,gaussian_blur,s4,4,0.750241,0.855399,0.870443
c7ad8d3d-f783-4686-9a01-dca703345f6a,clean,s5,2,0.330568,0.398002,0.661136
c7b10554-8ccd-4ccf-9b3a-d077420927b6,shot_noise,s3,1,0.805169,0.882850,0.970779
c7b88fe7-1a37-4b37-9768-9dfad85ba7ee,gaussian_blur,s5,3,0.652803,0.786539,0.805840
c7bd6664-203a-4531-a0bb-ee1cff8d12c5,clean,s4,0,0.265443,0.414738,0.427707
c7bf362e-3489-4d14-9157-4ba091fa0a90,fog,s5,4,0.572003,0.720988,0.751931
c7c814bb-b2cf-4eba-b4a4-33d7e8371419,gaussian_blur,s5,5,0.594461,0.742012,0.759789
c7d87298-4570-4d97-9530-c6b94e3e3f21,clean,s3,4,0.515920,0.635242,0.805210
c7ef08f5-835f-497f-9a60-a313c46bdbac,gaussian_blur,s5,3,0.765753,0.866926,0.870445
c7f13802-ace3-4519-834d-282d47317e20,gaussian_blur,s4,3,0.561650,0.711309,0.746997
c7f1acf5-e4b4-45ca-b2e6-d8202034e767,gaussian_blur,s5,1,0.560401,0.715002,0.729771
c8035eda-c50b-460c-b8c1-e5aecedf1d44,gaussian_blur,s4,5,0.318057,0.468717,0.508776
c80b6a7e-2b59-4be8-bc5f-74f89805f3e7,fog,s4,4,0.346474,0.513271,0.517451
c8105f84-7425-4065-9747-e1f00f1e8712,gaussian_blur,s5,2,0.310736,0.471823,0.478526
c81289a7-d205-46ed-bf5c-a7401c521857,clean,s5,1,0.409637,0.552602,0.645104
c814f4c5-f538-4219-b4c8-eba2a9d8dc25,clean,s4,1,0.528678,0.649844,0.811157
c817c011-7fb5-4b90-974e-8d2a7b7c179d,fog,s3,0,0.551068,0.648065,0.888160
c82f5667-63b5-454b-b9cf-d8fa92b7c2f7,gaussian_blur,s5,0,0.687010,0.810674,0.834526
c84221d0-2fdb-4eb3-8ac8-7cae30c293d8,clean,s5,4,0.529719,0.665735,0.772853
c84615fe-08ff-4094-affc-bbbfb9f31b21,shot_noise,s5,3,0.656692,0.785876,0.824997
c84954ac-2f2d-4106-92b7-4f285273a699,shot_noise,s4,1,0.695789,0.807204,0.890133
c85ac0b4-ac48-4e17-a99f-28083860474d,gaussian_blur,s4,0,0.750219,0.846006,0.930536
c85f3748-7b3a-4bb1-9ecc-4f42a9168e82,fog,s3,2,0.114491,0.186318,0.228981
c873cb94-f157-4920-82e1-8d93d431bad2,gaussian_blur,s5,2,0.457076,0.626334,0.630208
c87acac1-34bd-4a76-a94e-08b280aad34b,fog,s4,2,0.588883,0.728350,0.788757
c88baf60-985d-4ef3-961c-6305992d119e,fog,s3,5,0.428893,0.461725,0.857787
c8934d47-3a81-4f3f-98ff-425c32995030,shot_noise,s4,0,0.505250,0.619448,0.807616
c8934f37-0022-4b02-9912-05e5624296f1,shot_noise,s3,3,0.784883,0.868665,0.961813
c898547d-587b-4c67-b13d-d2d24125dc88,clean,s5,2,0.731701,0.844748,0.847115
c89d2028-21ed-409d-bf56-b013cfd0f6c8,clean,s4,2,0.486200,0.574656,0.841499
c8c1d754-9787-4bc8-a8df-3882c67f1b54,gaussian_blur,s5,4,0.552137,0.711169,0.712443
c8cbca4b-dd61-4a1f-a7d4-168a37c6e71e,clean,s4,5,0.672230,0.798820,0.829701
c8ce4d20-d67a-4e36-a357-b5c50d0de1bc,gaussian_blur,s2,1,0.585843,0.677162,0.929893
c8d213c8-a42d-48eb-98bb-fa98e4f283b2,clean,s4,4,0.590441,0.726688,0.800293
c8d61112-5f0d-4a76-a64f-7e6792e192f9,clean,s4,5,0.509159,0.613711,0.832795
c8eec737-1e27-4971-8784-2afdedcdff53,clean,s4,3,0.742804,0.849426,0.872332
c8f5570f-6145-4906-82e8-4a3ff8d009aa,fog,s5,3,0.392394,0.549353,0.595296
c8f8cd45-3891-4019-8b6f-ca019d595744,clean,s5,2,0.472481,0.641666,0.641979
c8fb213e-4cab-4d09-a370-f1a4a497745c,clean,s2,4,0.324551,0.428955,0.597051
c902d8a1-ab93-45a0-b348-daeeb25783e1,gaussian_blur,s4,1,0.608584,0.743440,0.808240
c904d74d-27e1-46bf-9f7d-f6bc303866db,shot_noise,s5,2,0.655741,0.791575,0.794512
c9066f57-b33e-4144-956b-0d28d1effdb6,gaussian_blur,s4,1,0.400841,0.508789,0.701552
c91087dd-0ff5-416a-98a1-8e622ab19965,shot_noise,s4,4,0.700122,0.820641,0.840186
c9115b78-34bb-421e-af28-66c150b9605e,gaussian_blur,s4,4,0.399837,0.558176,0.600883
c9119d61-6347-48df-bdbf-3aae5b16ff86,shot_noise,s4,3,0.515057,0.658638,0.742256
c915d104-0f8f-440d-9b4f-5ae2235be3d3,clean,s5,3,0.325603,0.451648,0.563477
c9196617-2408-42a4-a1f1-c22a1b488e00,shot_noise,s4,1,0.745542,0.850655,0.878126
c91ba5fa-26f1-4610-b595-0b3ba2c53e60,fog,s3,0,0.766842,0.854812,0.959125
c91bdc00-602a-4c85-bda6-83e54fedb5df,clean,s5,3,0.650615,0.782350,0.815808
c91c56e3-f61a-4115-a13a-b0c0c2b732f9,shot_noise,s5,0,0.738843,0.847556,0.864597
c920ad69-05e1-4919-871a-b186e66ca099,shot_noise,s4,4,0.743204,0.850387,0.868066
c92fc824-f0ce-4166-801b-4d69377528d7,fog,s5,4,0.635466,0.775769,0.783072
c937fdb2-8a99-4ad6-9ef2-f06d9b6b3b5e,clean,s3,4,0.382561,0.524883,0.613451
c9611d92-54d9-4ce6-a640-00eebbcf3dca,shot_noise,s3,0,0.580243,0.692034,0.871845
c96c6b5b-df34-400b-9671-d62b43698dff,shot_noise,s5,5,0.669051,0.801490,0.802844
c972ca34-dd8a-407d-afbc-38158eb1f6fb,shot_noise,s5,4,0.420852,0.465065,0.830421
c97bfd4a-e381-4390-bb98-7d669fa9c486,fog,s4,0,0.607004,0.751737,0.770395
c985cf0a-54cd-473d-85c3-f34e551f1f5b,clean,s5,2,0.584632,0.733489,0.754342
c993113d-886f-4f38-864d-dee17e3c5c11,gaussian_blur,s3,3,0.402448,0.445951,0.804896
c9abd265-5d0f-4373-b107-63345f17cc11,clean,s5,3,0.515366,0.658374,0.744037
c9ad1c5c-244f-42d8-9718-28d28960425d,gaussian_blur,s3,3,0.133112,0.210250,0.266224
c9afaf8f-ee41-49a7-9d01-b81f6ab1db32,gaussian_blur,s3,2,0.463236,0.591150,0.735934
c9b2e07c-c285-484c-8fc2-ed8013beff80,clean,s4,1,0.799242,0.885908,0.910444
c9bdbb27-2c47-4a49-8995-bd8ec13dd10d,fog,s5,4,0.390960,0.562100,0.562245
c9c1e086-227f-4fec-9237-8b63a86f8693,fog,s4,2,0.474088,0.631581,0.674845
c9c46814-eab2-49c1-aac4-e47ad5542b95,shot_noise,s3,5,0.314635,0.431475,0.561669
c9d6892a-eec4-4d12-970f-2aaeaccf08ed,shot_noise,s3,3,0.770902,0.857558,0.962416
c9da1e32-c804-446e-b766-e065db16b998,clean,s5,0,0.680389,0.806952,0.824547
c9ddcddc-bb8d-4eb9-8302-d2153a0bdbaf,fog,s4,3,0.648575,0.764729,0.880772
c9e3270a-dbe5-4a7f-9b21-5b563e1b2205,clean,s5,1,0.608104,0.753900,0.766048
c9e43e9b-210a-4fc8-90a7-2e6de1df0ed5,shot_noise,s5,2,0.234508,0.368490,0.398024
c9f199d1-8ca3-4831-a752-019f8989389a,gaussian_blur,s3,3,0.570006,0.669566,0.897269
c9f1c823-a94b-47c9-837a-a0c7e5e1324a,clean,s5,5,0.535139,0.654343,0.821135
c9f90485-f1dc-4e5c-89bf-085dfa57e5ec,gaussian_blur,s4,0,0.453129,0.621357,0.629743
ca0553ee-15e9-45da-bedb-0cb8ca7494a9,fog,s3,2,0.734817,0.831213,0.941504
ca210843-fb34-41ee-9a8b-ea64c1fbf5ed,clean,s3,2,0.512823,0.573083,0.923648
ca25db9a-0093-4ebc-8af5-a5359f4f2251,shot_noise,s5,0,0.581008,0.728848,0.757612
ca4b3329-18fa-4a5c-8f55-4ca304d563ac,gaussian_blur,s5,4,0.397934,0.540800,0.631419
ca5a12e4-df59-4483-9db1-1cdbccb67850,gaussian_blur,s5,5,0.338161,0.474225,0.564728
ca5eb135-4a63-4980-b46b-3e963eaf8538,gaussian_blur,s5,2,0.678212,0.802817,0.835833
ca646b4b-3dc3-49e1-a568-b8d63a540cdf,fog,s3,2,0.591908,0.694756,0.903813
ca689fbe-dd70-4780-9de6-058feb29f48e,clean,s3,2,0.541026,0.632183,0.892420
ca68e9a9-b605-46ef-bcc6-6ab5d236454a,gaussian_blur,s5,1,0.621895,0.765649,0.772101
ca6f97b6-5cbe-4b39-a522-4609ea3c6d9f,gaussian_blur,s4,4,0.710055,0.822496,0.875237
ca87bda2-d546-447b-b67c-6e8c500a6021,gaussian_blur,s4,3,0.562509,0.697569,0.794203
ca9c7e2b-19ee-459c-a784-0e4a321879ea,clean,s4,4,0.560078,0.706326,0.757809
caa9ffba-33aa-4b49-9d1f-f32082db78ab,fog,s2,1,0.484988,0.492380,0.969976
caaa319f-40aa-47f1-acef-6cef4e4782d4,fog,s5,3,0.555922,0.704908,0.747395
caad8379-495e-46c8-9161-6a67772112e3,clean,s4,3,0.566363,0.716969,0.745021
cab83ec3-fbd2-4ad8-b169-645b0c13f0f7,shot_noise,s2,0,0.481041,0.490337,0.962082
cab854c7-259c-48a3-87cc-8c7a536b5378,clean,s5,1,0.648224,0.786553,0.786665
cac4c061-ad92-499d-b7c4-5d4c1f4e9bd6,fog,s4,3,0.506461,0.647690,0.742480
cad2af7c-118c-40bc-a42b-33509f51f649,clean,s5,5,0.409637,0.552602,0.645104
cad3110a-e372-46b5-ad82-552792d1786a,fog,s4,1,0.408603,0.578338,0.584459
cae72448-709f-4587-8d0b-e15f37d8c3dd,gaussian_blur,s4,4,0.776324,0.866489,0.930932
caf01480-a85a-4319-a31e-ccb408cbb416,fog,s5,0,0.768051,0.868625,0.870224
caf649e5-8e9e-413e-8753-204b170128ab,fog,s5,0,0.831146,0.906983,0.916434
cafcd88e-05aa-41d7-9af2-9e486cce85f0,clean,s4,2,0.605077,0.718432,0.880112
cb0537b8-692a-4faa-9264-b6b7ff8f7b3f,gaussian_blur,s5,3,0.488695,0.647156,0.683141
cb0690b0-0511-44f8-bca7-935bc4da7575,clean,s5,3,0.551226,0.706561,0.724795
cb1b0b64-964e-49bc-a3b0-9a9c5111d8c6,shot_noise,s2,3,0.577875,0.646694,0.975261
cb21147c-de03-4ccb-98c8-44324b7d72a3,shot_noise,s5,2,0.566869,0.683353,0.850574
cb38990e-a177-4bcd-98d9-13cb13a53bfd,clean,s4,1,0.668304,0.786688,0.869105
cb45523e-e611-4ca2-b0cc-3d154d4748db,gaussian_blur,s4,3,0.515442,0.667288,0.719219
cb56ab36-4ef4-4b9b-bbb9-d3250c77f21c,fog,s4,2,0.403192,0.446408,0.806384
cb5e44a8-1a25-49ab-848e-68928e9bfd44,clean,s5,0,0.358953,0.527275,0.530400
cb64e81b-fa84-4ba9-8294-d3039135aeea,shot_noise,s4,0,0.639561,0.749929,0.901057
cb671e0f-8a5e-4a55-92d2-64935aabbe70,shot_noise,s5,2,0.872540,0.931485,0.938458
cb7f8850-a332-4aa7-92a2-bb22410df207,clean,s5,3,0.620810,0.765976,0.766360
cb805148-9d6f-4252-a2de-8a083d5a4b67,shot_noise,s5,3,0.529417,0.692227,0.692587
cb819292-2d07-4dcd-85ea-fb485dc05df6,shot_noise,s5,2,0.402016,0.573355,0.573781
cb976081-5f8a-49c0-9782-e882901b7945,shot_noise,s5,0,0.568459,0.712002,0.769520
cba13675-407e-4324-b8f7-3b58bfbe5365,clean,s4,5,0.631102,0.742343,0.896060
cba2614b-c97c-49fc-bccc-ec120194d68d,shot_noise,s5,2,0.401725,0.573113,0.573360
cba2de8f-7539-45a6-a4fd-088c7956e728,gaussian_blur,s4,3,0.819056,0.895991,0.944152
cba4238c-0ff9-4560-8f28-77ca971e6144,gaussian_blur,s5,2,0.409445,0.546927,0.656208
cba9dd21-b82d-44d0-9105-6c4308224d27,shot_noise,s4,1,0.486133,0.648134,0.671539
cbb4de48-59c3-4ad2-8e34-98d6e884ff22,gaussian_blur,s3,1,0.497573,0.541570,0.932672
cbb60f9d-c649-413a-8f95-d5c13643c508,clean,s4,0,0.630572,0.758215,0.836389
cbbdf913-2550-482a-9b9f-c92811cfaf22,clean,s3,2,0.542634,0.637324,0.886027
cbbf844f-b82a-44e0-b752-bd7f1d644621,gaussian_blur,s5,2,0.436447,0.606966,0.609483
cbcc30df-d068-401a-8449-8e284a070e57,fog,s5,5,0.497152,0.647790,0.710523
cbcce3ff-b523-4482-aec3-0ade5d8b0c53,gaussian_blur,s5,4,0.604799,0.746967,0.780496
cbcd8858-dd4b-4c80-bb9b-d0530b65c28e,gaussian_blur,s5,0,0.768051,0.868625,0.870224
cbd93c3a-869e-4a11-8297-6c4224a9adff,gaussian_blur,s4,2,0.429130,0.591881,0.621784
cbeacab8-bef6-4a63-86e2-cb41707338cc,gaussian_blur,s4,0,0.821440,0.896646,0.953461
cbfaba7f-f03b-4ece-9451-f2f4b4012de3,gaussian_blur,s4,2,0.489563,0.641645,0.701077
cc0bb7a0-f830-4c85-ad44-67b8b4c05308,clean,s4,5,0.735869,0.844028,0.872276
cc12e466-94ea-4e81-81be-4d2cf3f9b3a1,gaussian_blur,s5,2,0.792860,0.883729,0.890784
cc1ffd56-a8f6-41b2-a505-761b04372028,shot_noise,s5,5,0.801531,0.888771,0.899387
cc261bc4-5718-4e3c-abde-17cd313e55e6,fog,s5,4,0.680318,0.807912,0.819315
cc273228-24eb-46b5-8be7-300f099e2073,clean,s5,4,0.478925,0.638986,0.671712
cc28a968-736d-4626-8b3c-b5e57c9f3078,gaussian_blur,s4,5,0.483286,0.642048,0.678446
cc2a5fd5-c48b-482a-b095-95b1917cad34,gaussian_blur,s4,1,0.773522,0.869810,0.891430
cc2d99ee-541c-46db-a867-fe36d657e4b5,gaussian_blur,s5,5,0.404748,0.539686,0.655707
cc318f5c-f6ae-4c9f-a481-a4e5c554bbb3,gaussian_blur,s5,3,0.351363,0.518132,0.523916
cc3d1ee7-b495-4761-a157-93284f4ebd81,shot_noise,s3,0,0.463054,0.521468,0.866059
cc4ac3b8-bb86-4f88-ab7a-ca831c9a4193,gaussian_blur,s4,1,0.329084,0.456050,0.567184
cc4cbfa7-7d77-46b2-a6af-9919b8545106,shot_noise,s3,2,0.522616,0.566699,0.962890
cc4cd90f-7cb5-47ba-91fb-41f4dbfd63cb,gaussian_blur,s4,1,0.558789,0.701844,0.767628
cc51ff87-4faf-4e07-a06f-f129a3210713,shot_noise,s5,0,0.520827,0.684197,0.687232
cc5314b1-1011-46e0-9996-246ff2bcc244,fog,s5,2,0.269104,0.349893,0.538208
cc5e7e07-4b26-4de9-a303-71790a20282f,shot_noise,s5,2,0.522592,0.678622,0.710809
cc5f4166-b99e-44d4-8c7a-455fa5c6c633,shot_noise,s5,5,0.557401,0.700389,0.767277
cc70e22f-d4b2-486b-8d7a-22ede850c45c,gaussian_blur,s5,1,0.831319,0.907147,0.915904
cc73c323-6fd9-4cb3-adaa-89cffb766dbb,clean,s4,4,0.703443,0.813269,0.893589
cc75fc05-3897-4ab0-bb90-88cfd7bab3f2,gaussian_blur,s5,4,0.512861,0.643607,0.774511
cc778c46-150c-467b-b2a5-b0440b1f5e4f,shot_noise,s5,2,0.664061,0.797766,0.799874
cc7dcc16-f9f1-4a4c-9ab9-6591c1747328,gaussian_blur,s5,5,0.621949,0.765369,0.773504
cc7dfb14-a2d0-4d7c-b339-386cda394a17,gaussian_blur,s5,3,0.803117,0.890384,0.894693
cc7eb651-0fc3-417e-a040-9a47f8268721,clean,s4,0,0.656222,0.788899,0.809168
cc911f8f-9bc9-424c-afe8-527a409f9c9a,shot_noise,s4,5,0.419580,0.546839,0.688877
cc9d31e7-3969-4b27-90b3-7ed7a80f07a1,shot_noise,s4,5,0.488222,0.604436,0.786757
cca48c5e-94df-49e2-9ce3-d00fdb3290f3,fog,s4,0,0.609113,0.754144,0.769018
ccb9a364-1c03-4168-b3d7-81eef574f5ee,shot_noise,s5,5,0.831844,0.907663,0.914059
ccc2d3b1-bb92-43f1-912c-e5eb6e3d26e9,gaussian_blur,s4,2,0.533269,0.666651,0.782434
ccca43ac-fc9a-4ca7-b3b8-5c74311e9ba4,shot_noise,s5,5,0.641490,0.772209,0.822800
cccd7e5e-e3ad-4668-97b5-1ba57dee12a2,shot_noise,s3,5,0.500519,0.557543,0.914800
ccd61e18-1f0e-484b-930b-471a7aedfa63,gaussian_blur,s5,2,0.681690,0.808599,0.821803
ccd7f0e5-d75c-4c3d-9aa1-c28332fb4676,clean,s5,0,0.783624,0.878580,0.879573
ccd9f223-6d11-485b-b3a3-298fad803f21,fog,s4,2,0.549637,0.699119,0.743462
ccda5f8a-c75b-4a2c-9ed1-0518adf36a8f,clean,s4,4,0.568518,0.712981,0.766474
ccdee9b6-8fef-4c99-ae05-0e57c424a1f7,shot_noise,s5,1,0.697602,0.814681,0.860649
ccf780e7-2437-441b-8dcc-0af6e8975215,fog,s5,0,0.718457,0.828680,0.879856
cd0ed545-be4f-437c-89d8-1a793ba66d99,shot_noise,s4,4,0.489898,0.622393,0.750933
cd145844-2a59-4e2d-b5ed-0bbeed07417b,clean,s5,1,0.565953,0.700396,0.797677
cd1fcd14-ddc7-4932-a031-470c7bbe85c6,fog,s4,2,0.613127,0.745366,0.818318
cd35a480-880b-4556-8522-36e26e4d3ae8,shot_noise,s4,1,0.627962,0.742634,0.883515
cd37593b-cc83-4660-9d89-2daa656370fb,fog,s5,3,0.381509,0.545151,0.568043
cd52f31c-afae-4133-bb69-0bdd5ac81a2e,shot_noise,s4,4,0.489017,0.632285,0.723586
cd6204b4-ce75-48ad-998d-618a50421d3b,gaussian_blur,s3,4,0.393850,0.533498,0.632923
cd66638f-aa74-4303-97c3-52c4db1b7fe2,shot_noise,s4,3,0.449439,0.567183,0.742547
cd786abc-2b93-4720-867b-5752c9f515a2,clean,s5,2,0.421735,0.588476,0.604913
cd7d505d-b0dc-488a-9067-819a4a4fa4dc,clean,s4,5,0.442405,0.613379,0.613552
cd85eefc-15a4-4d86-91ad-e9924da93edd,shot_noise,s5,2,0.667398,0.794083,0.831819
cd95f8d6-1db1-45b2-905e-d3c3526fee6d,shot_noise,s5,0,0.620415,0.763374,0.775779
cd9be07b-2c19-4153-8d46-1c2446110089,shot_noise,s4,0,0.471708,0.603081,0.736656
cda2b64f-f84b-44c9-adbc-87b75ebd43b9,fog,s4,2,0.389282,0.555939,0.570468
cdaae33e-629d-47b5-9870-2d39481c6ece,fog,s5,5,0.697620,0.813576,0.866426
cdc3b619-a816-4672-b7f7-9c53c553e437,gaussian_blur,s3,1,0.413383,0.515720,0.727922
cdc61885-a880-4208-bdc9-b0f8800aae20,gaussian_blur,s5,3,0.659131,0.793647,0.798924
cdcc22a2-efb8-4573-a20f-1e7e634a1d6c,shot_noise,s5,2,0.765762,0.865796,0.878885
cdcd578c-5483-4389-a147-426e345856d9,shot_noise,s4,4,0.513113,0.669082,0.705838
cdcf878e-8b78-4c05-93de-ad35a9d5ed9f,shot_noise,s4,0,0.584835,0.702381,0.857851
cdd22edc-054f-4c09-ad5d-4937193135f5,fog,s5,2,0.387429,0.558200,0.559131
cdd80e76-761b-4d9b-ba72-c69193d3dc84,shot_noise,s5,4,0.571295,0.721857,0.746245
cdd9026f-0c55-446f-9a1a-66133ddb9835,shot_noise,s3,0,0.437577,0.514534,0.802885
cded7238-58a6-490c-8b0b-ee18c54a7b92,gaussian_blur,s5,4,0.547880,0.692789,0.757133
cdf852be-de65-404a-85a8-a1c78d7d5c2e,gaussian_blur,s4,2,0.686250,0.800055,0.883363
ce178e98-73ff-4417-b930-6019aeadcba8,shot_noise,s2,1,0.457997,0.478078,0.915995
ce1d2b5c-f8a3-44b6-90ce-d046ddbdc161,shot_noise,s3,5,0.701597,0.801712,0.940229
ce2447aa-1b34-4caf-8e8d-10ae7e6d7958,clean,s3,1,0.568763,0.687726,0.844827
ce258b4d-431e-4ab1-8ba2-b47e3e6d6f97,shot_noise,s5,5,0.280192,0.429313,0.452492
ce26d518-7c0b-4f95-989d-3edc3effc339,shot_noise,s4,5,0.634068,0.750739,0.877648
ce2c9cea-bf23-4385-bc14-7a36b7464ef4,gaussian_blur,s4,1,0.636330,0.762264,0.842901
ce40618c-fc59-4ac2-8da1-5cd0f3730786,shot_noise,s5,1,0.461299,0.550421,0.811377
ce4ec2ec-9e03-45c5-8945-4bb95f286377,clean,s4,2,0.526648,0.665797,0.762181
ce5069ed-1cd1-4851-8092-be099d54b5af,clean,s5,5,0.632700,0.773363,0.782415
ce627519-276c-4130-bfdd-1a06585a7f91,fog,s4,3,0.548794,0.706283,0.716811
ce68d385-e290-42c7-bc90-6b7612cbf203,fog,s4,4,0.523126,0.662605,0.758952
ce6f0179-f712-40fd-b117-3cdf19e691ff,gaussian_blur,s5,4,0.651796,0.789180,0.789273
ce775427-7260-45a5-a10b-e2344a7a2975,fog,s4,1,0.782912,0.873745,0.913838
ce823ce9-6886-4383-80e0-2d556a39aecf,fog,s4,0,0.490145,0.657406,0.659141
ce8d93a0-fb08-4093-a4e3-c18c7b808352,shot_noise,s5,3,0.495038,0.626301,0.758414
ce901661-56cb-4af5-94dd-dff2efbeb963,gaussian_blur,s5,0,0.722457,0.838405,0.841731
ce92aa6d-c773-4507-b0d2-41096d645d0e,shot_noise,s3,2,0.816006,0.889716,0.979982
ce981e1f-0eed-42d2-ab62-03e61895482c,clean,s5,4,0.666028,0.793800,0.827376
cea05180-39bf-47c7-8eb6-18f581d0b43a,clean,s4,0,0.586289,0.729653,0.774496
cea0c28d-ba7d-4af0-8315-98ad3b5ef735,clean,s5,1,0.808758,0.893852,0.898197
cea5fca5-38ce-492d-89f4-b2fdda4434cb,clean,s5,4,0.553427,0.669799,0.841916
cea725ea-d8c4-41ae-9fa7-65a6ae272579,clean,s4,2,0.420389,0.541535,0.701867
cea756e2-0584-45c9-8f0a-e7a4b8d16c8c,shot_noise,s5,5,0.354444,0.520200,0.530005
ceaabec9-eaa4-4e22-b636-43b0017d5632,shot_noise,s5,1,0.302553,0.435882,0.515381
ceae061a-3e96-4b06-b28e-82907a09cd6a,clean,s5,0,0.847647,0.916798,0.926486
ceb6ca33-3195-43f8-be31-5f7814262399,fog,s5,0,0.385676,0.542659,0.587278
cebbb216-9bcb-4226-9ae3-c780887aef8a,clean,s4,2,0.785163,0.875572,0.912460
cec444f9-8784-43e5-a5d6-9d6d71f9ce82,fog,s3,5,0.374471,0.455401,0.709225
cecd8727-1f5e-4f2a-be9d-a6421a6d615c,fog,s5,3,0.336343,0.493381,0.523111
cef6ce31-4011-4cdf-a9ad-6dbd4cc8d9c2,fog,s5,3,0.230881,0.371551,0.380869
cf004b36-d496-4c76-88e6-16db426b1217,gaussian_blur,s4,4,0.703016,0.815313,0.881381
cf00cc5f-ac37-4d11-bf57-cc4dcec4e41c,shot_noise,s5,4,0.613506,0.760367,0.760865
cf02f20f-fb49-4bde-9eb8-6d90b492f232,gaussian_blur,s3,2,0.378186,0.464517,0.706246
cf0f9743-63a4-4a3f-a77a-39a989b83015,shot_noise,s4,4,0.439838,0.554331,0.738007
cf14d264-0d24-4418-8b2f-8d61b089bd2a,fog,s4,0,0.736317,0.842534,0.883717
cf204886-6427-4fe5-9190-263454885fa6,fog,s4,4,0.248642,0.396577,0.401048
cf30f926-4fcf-4e40-9e20-6eb0676470c9,shot_noise,s5,1,0.634835,0.775897,0.779926
cf3194be-c269-49aa-b281-bc6efa2950cf,gaussian_blur,s5,0,0.818168,0.899732,0.902580
cf392305-8784-4aab-9a20-8807417889d3,clean,s5,1,0.336296,0.467938,0.569835
cf3b6347-27e8-4871-8371-18d68297c19f,fog,s5,4,0.360605,0.529258,0.531781
cf3d8cee-51a7-4d46-bbc5-37eb6801ec34,clean,s5,1,0.729015,0.842805,0.846246
cf4047d7-73db-497e-9fc4-c38907576805,shot_noise,s4,3,0.420111,0.456587,0.840222
cf58475a-0080-4b88-808b-1a4a618dcf15,clean,s2,0,0.322366,0.426948,0.593328
cf5aeb1d-c0c2-41b6-9c97-cfff22ef7a86,gaussian_blur,s4,5,0.419501,0.456227,0.839003
cf62a83a-15d2-4b59-97b5-6c47caa5a915,fog,s4,1,0.804957,0.886946,0.936117
cf6e08fe-8dca-4758-be25-494851918b2b,clean,s5,0,0.765034,0.861319,0.906955
cf6e15f7-dff0-49d3-97cb-0cc14fa73788,clean,s5,0,0.628287,0.769731,0.780331
cf71c9db-6c0a-440f-933f-bbad05e10688,gaussian_blur,s4,2,0.633122,0.771035,0.794208
cf78afa9-fa1c-4784-bb69-21df0ba62e07,gaussian_blur,s3,2,0.401356,0.527675,0.668371
cf7d65bf-3f6f-4df4-9712-961346d6f208,fog,s4,0,0.400127,0.570310,0.574463
cf7f5be5-a1a7-4fba-89c8-b5ba3473b1df,clean,s4,3,0.774193,0.867907,0.909216
cf9cb146-2327-4742-9bb0-7ab5ea658998,fog,s4,5,0.440231,0.570377,0.706667
cfa6d8d4-1b35-4fa7-a64b-f15b067c7c46,fog,s5,5,0.422449,0.593130,0.596048
cfa8b97d-65b2-4612-a709-9e8e427040f9,fog,s4,4,0.430823,0.589659,0.632773
cfc79f24-933f-46fc-94f7-ad808abbe92d,gaussian_blur,s3,3,0.758547,0.850195,0.946155
cfd4f065-8eff-49a2-bd36-deef8e093b0f,shot_noise,s4,0,0.484773,0.589351,0.807970
cfd96868-2c73-4ad8-860b-bfb4a8a1ea1d,clean,s4,2,0.643758,0.779235,0.801579
cfdf5953-090f-491a-8e37-7ef60d7511b5,shot_noise,s4,0,0.736317,0.842534,0.883717
cfea91d9-0ad2-4300-8486-1f89e2b3f036,gaussian_blur,s5,1,0.502894,0.624271,0.788905
cff54bda-5ee2-418f-820e-97da7a37a8b3,shot_noise,s5,0,0.710652,0.825608,0.860944
cff709ad-b2c3-4d89-8695-f588a8330572,fog,s4,5,0.457698,0.613212,0.666139
d00aa3d6-7a48-458e-a8ee-da98039a5671,gaussian_blur,s5,3,0.621217,0.765644,0.769406
d013d1f3-c643-4280-916f-ca83fc24bc2b,shot_noise,s5,2,0.479700,0.639411,0.673232
d0175095-c65a-442a-9675-905d4e76f2c6,gaussian_blur,s5,1,0.433892,0.605117,0.605392
d017af90-c7ee-46bc-aca3-e922552e2b2c,fog,s5,5,0.375996,0.528856,0.583973
d01a39e7-c26c-4b24-b7de-2cda2793f315,gaussian_blur,s5,0,0.662876,0.795299,0.806864
d024fff6-1c04-45fd-96cb-2660e0b89497,shot_noise,s5,4,0.486035,0.653372,0.656342
d028f5f0-0f08-46bb-afbd-bc55f756ca93,fog,s4,5,0.671496,0.798392,0.828641
d0318899-852c-4813-bd8b-de5ae7d97fdb,clean,s4,4,0.609762,0.753157,0.775497
d0384654-eeed-4e81-82e0-065141161df3,gaussian_blur,s5,3,0.725261,0.839679,0.847468
d049d13e-c49f-42ce-bec7-d8cbd423c78e,shot_noise,s4,3,0.610024,0.733746,0.848059
d051cc9d-d425-4756-8f8f-6de8a06ac5f6,fog,s4,3,0.802188,0.883964,0.944307
d05c00f2-1f39-4a61-9409-f086e8f2ec0b,fog,s5,2,0.330356,0.481763,0.525355
d05ccda7-8190-4a7a-938c-fad4c5026e5d,shot_noise,s4,5,0.748745,0.853557,0.875211
d05ec49a-40bb-43bb-82fa-5440832b6ab6,clean,s4,2,0.631102,0.742343,0.896060
d05f986f-5f26-4195-a319-46d57c7446b5,fog,s5,0,0.615492,0.759656,0.771687
d063a523-172b-4dc2-b755-de2e884eefba,clean,s5,4,0.717247,0.835223,0.836088
d06844f6-fccf-49ac-8d24-c2d1e9627f7e,shot_noise,s4,2,0.572968,0.718233,0.765024
d06b5872-f387-40c9-b5ac-571774281cc7,gaussian_blur,s5,0,0.425428,0.595822,0.599611
d06bfed8-e82c-4e9d-9f19-60716d4bc65a,gaussian_blur,s4,4,0.837832,0.909368,0.938171
d07123ba-5d8a-428b-af6a-66ac421b772d,clean,s5,3,0.664466,0.797325,0.803782
d0792abf-b1a1-4898-a20a-888769b0c45d,clean,s2,0,0.483780,0.534347,0.904950
d0a63d7a-6803-4442-bd69-cf88b38fb39e,gaussian_blur,s5,1,0.582618,0.736050,0.737111
d0aca2f1-da76-40e4-9f6a-d8490415ab6a,shot_noise,s3,0,0.533276,0.580992,0.969134
d0b0481c-df6f-40d4-80e7-47f3fa71a705,fog,s4,0,0.722325,0.836123,0.854987
d0b0c20a-f6d9-4bac-85ad-fca164fa870f,shot_noise,s4,3,0.564921,0.713136,0.752811
d0b78f99-ef95-4298-868e-cd86369813bb,gaussian_blur,s5,0,0.630030,0.769479,0.788427
d0c1a190-e570-4154-a15f-3aceb867d2b7,gaussian_blur,s4,5,0.518882,0.674635,0.709696
d0c7f1b9-4a38-4e3e-9715-a02ca09225ba,gaussian_blur,s4,0,0.400127,0.570310,0.574463
d0c8e300-82ac-443e-ba25-045180d0241a,fog,s4,3,0.651148,0.776558,0.843159
d0d89576-9b03-4917-b294-6164f9cfa071,shot_noise,s5,0,0.671236,0.802853,0.805452
d0e5c962-f93d-46f4-9577-d502f7e4cebd,shot_noise,s5,0,0.199436,0.330537,0.335557
d0f85669-e428-46e1-ba55-4f5d9c69600a,fog,s5,2,0.581589,0.733013,0.744571
d11d09ab-5ef5-4ea8-b677-d053df6c7b79,shot_noise,s4,1,0.440548,0.603619,0.631874
d1299b6f-93ae-4b9e-9747-5059b80dc995,clean,s5,4,0.667678,0.794512,0.830976
d1302aa2-0132-4438-9ebc-6cb30aec8ec2,clean,s4,3,0.434631,0.568592,0.692425
d14ad2bc-c82f-4f5c-ad1a-e1d37870a925,shot_noise,s4,1,0.532202,0.662538,0.789964
d14ae061-7d8b-4ef3-8cba-c3d0220087f8,fog,s3,2,0.597120,0.684603,0.947946
d14e3da1-12f6-4053-9536-7a894547b6f2,fog,s4,2,0.593024,0.742708,0.751592
d1508998-58f3-4f5a-b3cc-bf8f63d9580f,gaussian_blur,s5,1,0.319115,0.389585,0.638229
d157c200-21dc-43b3-b30b-1dcf8d05f6c7,clean,s5,3,0.645577,0.784566,0.784875
d159de03-be6a-4a4a-bb0f-0f435a1e4313,clean,s4,1,0.698775,0.806584,0.905904
d165c3f0-3072-4c44-b4c8-d42118e20f15,shot_noise,s4,3,0.436481,0.602703,0.620306
d16eef18-9b29-405c-8836-b023aaa8835d,gaussian_blur,s5,0,0.562364,0.696847,0.795896
d184c84c-8996-4643-8113-1a457a094de9,fog,s5,1,0.477649,0.644583,0.651887
d1884b79-5533-4590-9ea4-b651916460c1,gaussian_blur,s4,5,0.476396,0.533672,0.884835
d188ac24-be79-41b3-a431-10057b2b33c8,clean,s5,4,0.473690,0.566182,0.819620
d188ca20-75ff-4e22-b064-74a4d2e76cc7,clean,s5,5,0.613367,0.757803,0.770901
d1b475a8-a5f1-406e-9ba1-0547c4720728,clean,s5,2,0.655656,0.788533,0.808507
d1b58858-1fc8-48be-b53e-f39a0c8f1042,gaussian_blur,s3,1,0.521597,0.570807,0.953033
d1bb79f5-3d5d-4b96-a371-5713b4ed3928,shot_noise,s5,2,0.490704,0.656805,0.662862
d1bdb910-3f4e-46c3-9458-6fb7d55d51f3,clean,s3,0,0.670792,0.777036,0.919243
d1c6d386-d987-414b-a49b-8f232bd25a5f,fog,s4,5,0.662636,0.776621,0.888728
d1ca791a-f230-4de6-abc2-c7f8456a37c1,gaussian_blur,s3,4,0.614749,0.731718,0.872117
d1d293d8-1c4f-4513-81c9-9f74539b09d9,fog,s5,4,0.331380,0.496874,0.499637
d1d7e3cd-ab1e-498c-b47b-dcc9e7adae88,fog,s5,5,0.678409,0.808217,0.809321
d1e52d18-e8e5-4c8a-b9bc-eb5e120b7858,gaussian_blur,s5,1,0.564271,0.721285,0.722037
d1ef0562-2c4d-4f1f-9313-10562b383b5c,fog,s5,5,0.494547,0.659349,0.669003
d209e58c-121a-4a63-bcd1-7b729cc8edc7,gaussian_blur,s4,4,0.508355,0.643842,0.758875
d211bfc0-6165-48bf-b78e-3abd070df91e,shot_noise,s4,0,0.731387,0.838825,0.882277
d225febc-cd2d-4ecb-818e-4653cd1b9476,gaussian_blur,s5,5,0.654471,0.791044,0.791682
d2354aa9-e506-410d-a224-cf6062fc62a8,fog,s5,4,0.384173,0.540580,0.586688
d2421bf7-b2d8-49b5-af3f-70d348d7810c,fog,s5,4,0.452819,0.617560,0.638549
d2495b5c-2b22-4c56-b3ab-35fc8bc09722,shot_noise,s3,3,0.569930,0.665057,0.908181
d24a0545-ec9d-4dd1-8643-4f0d23d76acf,shot_noise,s5,5,0.465337,0.582928,0.760282
d24a7333-5dac-4013-b523-3c0564d9341a,gaussian_blur,s1,2,0.098065,0.167398,0.192084
d24c9f86-61be-49ec-bc71-9e1ece220c10,gaussian_blur,s4,3,0.673482,0.799329,0.832587
d250fe75-92c1-4ce6-9af4-851fe57e2d18,shot_noise,s5,4,0.697810,0.822002,0.822066
d26162d7-6f8e-4b70-856d-820aac3da94e,clean,s4,3,0.785163,0.875572,0.912460
d2747255-d365-4eba-a8e5-dc596ba4f880,clean,s5,0,0.601885,0.745915,0.773337
d2756be0-f527-401f-9cce-139291bd5453,fog,s3,4,0.643532,0.739645,0.950048
d2827a3a-a87a-4579-aa66-acf238ec5925,fog,s4,2,0.388199,0.557360,0.563631
d2829ec9-552d-47b4-a668-35bd65f17aef,clean,s5,1,0.697554,0.821031,0.826324
d2850069-5575-45ee-8206-0b842bb58e64,shot_noise,s5,0,0.627416,0.768598,0.781685
d28faeca-1d3b-4c9f-879a-ccc4acb252d3,gaussian_blur,s3,0,0.535339,0.655574,0.818667
d29c52de-d7a2-46cb-baa8-34702df4d68f,gaussian_blur,s5,3,0.561061,0.718060,0.721515
d2a8c315-2c0e-4385-ac55-d9682e6dada7,fog,s3,3,0.440101,0.569555,0.707979
d2b14da4-54f7-4ede-8cab-75aa88b50bc0,shot_noise,s4,3,0.261178,0.403762,0.431653
d2b3efd4-f21c-45bf-a2fb-302aa4c3a158,shot_noise,s4,4,0.675179,0.791127,0.877772
d2c13da0-65c1-4906-9da1-7045b75fce4a,fog,s4,2,0.676294,0.793394,0.872224
d2c34e8f-1cf8-4bcd-b3f2-c3f00bace61c,clean,s4,5,0.769185,0.866991,0.888667
d2dfb2a3-deef-4ebc-8404-f00de279e17c,shot_noise,s5,2,0.652978,0.790043,0.790155
d2ea83fa-93a9-4293-bd36-bf96f187da13,shot_noise,s3,3,0.426765,0.479636,0.826128
d2eb0684-c05d-4dca-852c-689ae427c712,fog,s5,0,0.199602,0.330750,0.335813
d2ec0a35-ced5-426f-9af2-235721de86a1,shot_noise,s5,2,0.495596,0.661034,0.667776
d302a697-efc6-4cc1-9921-8962aa4b461c,gaussian_blur,s5,3,0.493985,0.623921,0.760685
d31c5cea-9418-4476-aa11-9221a7273b79,shot_noise,s4,5,0.547488,0.674567,0.809033
d31de47e-e580-4489-8451-8d2ff94e91e9,shot_noise,s4,0,0.787995,0.875350,0.930193
d32ef542-f686-47da-85f5-599e5650dddb,shot_noise,s3,1,0.589817,0.697739,0.888405
d33d309b-c616-4012-9d35-e5d06eac30d3,fog,s4,1,0.621954,0.762240,0.786601
d33efde1-6abc-4bea-b85b-552a4baf00ab,shot_noise,s5,2,0.808192,0.893365,0.899157
d349b369-c6f5-4513-8781-486ae01b2175,clean,s4,1,0.685261,0.795875,0.898314
d34e30e9-55b8-40c2-abfc-19b3e2528910,clean,s5,3,0.728879,0.843115,0.843598
d35cdfb2-fe05-4c0d-8d24-083b2c47e248,shot_noise,s4,2,0.774163,0.864605,0.932555
d367bf1b-c30a-4188-9097-e298eff12218,fog,s4,4,0.490670,0.639342,0.710944
d368da62-90c2-4b00-8dc8-4617b0ac11b4,fog,s4,5,0.638484,0.770627,0.817429
d39503f4-3e9a-4e67-8397-0cc8f876b743,fog,s4,3,0.481724,0.628560,0.708539
d3957e15-8743-4c8d-8fb9-5f99b0839a6f,fog,s5,3,0.458073,0.626070,0.634360
d3989c2e-5c03-44f5-98d6-1e18b62b2a45,clean,s5,4,0.606109,0.750868,0.770352
d399268d-6b01-4747-bf09-5e8cc063de47,fog,s4,5,0.281297,0.437948,0.441099
d3ace1b6-c74a-4689-90e1-954212948bee,gaussian_blur,s5,2,0.639969,0.772542,0.815296
d3c284ef-1d3b-48fd-8ab9-fdd8149925d2,gaussian_blur,s5,2,0.621638,0.756380,0.808955
d3d18130-53ce-4bc1-bb54-7b18f5d0d6d4,shot_noise,s5,2,0.593094,0.738901,0.766335
d3d1eae3-0d02-479e-9195-7610855d5b99,shot_noise,s3,1,0.634728,0.729508,0.950485
d3d29b39-711f-4cbb-a287-7f38756dd8b7,fog,s4,1,0.511335,0.656714,0.734789
d3dcb1ef-a6cc-4f44-8ec2-e49e4aa55ab1,clean,s3,3,0.773223,0.861506,0.948683
d3e96365-02e3-4423-8d9e-2124e24d0876,fog,s4,0,0.498961,0.656744,0.691958
d4005d76-817e-45d2-bfaf-5c9ede1910c1,shot_noise,s5,1,0.430820,0.598985,0.610218
d407787e-2e9e-46fd-ab0d-423424204ce8,gaussian_blur,s4,4,0.283487,0.441474,0.442229
d413f7bf-f3ed-4fb7-94b2-fc8be73340b1,gaussian_blur,s3,5,0.720437,0.816396,0.952469
d4296497-da18-4391-b006-8b6f3e7963a5,clean,s5,3,0.720546,0.832746,0.866469
d4398ece-732d-43fc-85bb-87c9d869e8e5,fog,s3,1,0.397285,0.503086,0.700601
d44bd9a7-f368-4565-8ebb-d1637a6366a0,gaussian_blur,s5,0,0.759592,0.861390,0.877675
d4624632-3c19-4910-8d0e-060f918ad814,shot_noise,s5,1,0.698905,0.822356,0.825104
d464e816-fd3a-4953-8604-75a6e9c83872,clean,s4,5,0.425364,0.544535,0.711707
d48b49a3-884b-44f9-82e9-7a8c943da37b,fog,s3,0,0.816006,0.889716,0.979982
d48d82c8-31d4-417d-8a1a-d96bcc272785,gaussian_blur,s5,5,0.575945,0.725133,0.751973
d493af37-e88b-410c-a975-c36ba96abefe,fog,s5,5,0.646046,0.780736,0.804267
d496b358-ebe2-4b38-9f9f-4c9d428bcb2a,shot_noise,s4,3,0.764378,0.858023,0.925851
d4bb090d-43b4-481d-87fe-43e256df56ec,clean,s4,1,0.718230,0.832598,0.856400
d4bc729b-3b51-4657-874d-3387a484b44d,shot_noise,s5,1,0.632409,0.768414,0.802464
d4bd12f3-de1b-4436-a0c3-f644186d300f,shot_noise,s5,5,0.693564,0.818525,0.822000
d4c0fd41-858f-4ecc-8a74-b007f421dbc5,gaussian_blur,s4,4,0.701091,0.818015,0.858733
d4c32007-11ab-483d-98ee-2b52ede16da4,shot_noise,s3,0,0.554957,0.646936,0.903147
d4d1e4dc-848b-4100-b599-7a4690bae52f,shot_noise,s4,2,0.835237,0.907499,0.939659
d4d26cbe-a81d-4412-9f7d-e8b01b8ad9bc,clean,s5,5,0.805820,0.891864,0.898075
d4dd89c4-ab85-42b6-8539-f2663aff2575,shot_noise,s1,5,0.560949,0.632781,0.952775
d512effd-696d-4aca-9aef-69e77eb47ff5,shot_noise,s5,1,0.401366,0.562734,0.595888
d51353c7-207d-4c9e-a99b-78276a843c1a,shot_noise,s3,1,0.360768,0.495127,0.599792
d51da4a5-adaf-48df-8362-21ca20e4b1e8,gaussian_blur,s4,0,0.575502,0.715636,0.783056
d52a6054-3a6f-4993-9fff-5a768319a0f2,fog,s4,3,0.388201,0.557692,0.562891
d53258a2-19d9-44c9-a989-1f1bf554efa8,gaussian_blur,s4,4,0.783364,0.876185,0.897413
d534a645-9363-4e80-9df0-d4e80a4cb09b,shot_noise,s5,4,0.436378,0.607604,0.607622
d55304c7-2ddf-4f63-8343-c9586c09287e,shot_noise,s5,5,0.501160,0.664824,0.676270
d55e74fa-9b2f-48dc-ac8a-66abec83f6ad,gaussian_blur,s5,3,0.683063,0.810815,0.816317
d567142a-7e10-438a-a26b-5cc28f44866a,fog,s5,4,0.419253,0.576200,0.625279
d56ee5d4-a374-41db-bced-0d2975c5ea8c,fog,s4,3,0.393542,0.531988,0.634936
d570a7f3-52ca-4cac-bfa6-5170c78ed957,fog,s5,5,0.367336,0.517681,0.577982
d58d0c2d-d707-482b-aefd-a72587e7aa01,fog,s5,5,0.604095,0.753020,0.753886
d58fadbc-1466-470e-a883-36a4926de558,gaussian_blur,s4,0,0.687730,0.801194,0.884304
d5937439-91c9-40be-a4fa-23740c573b27,gaussian_blur,s5,3,0.432306,0.602593,0.606309
d5a75655-401e-47d9-b7ac-810584d2d1a8,gaussian_blur,s2,0,0.627932,0.722016,0.949269
d5aeea26-428b-43ff-b40d-2d18cba1ae68,shot_noise,s4,1,0.732595,0.834993,0.910320
d5f39890-bb77-417b-8e47-706ddc599612,fog,s2,3,0.478334,0.488927,0.956668
d5f637bd-7373-4b2a-a4dc-1eab4486a1d6,clean,s5,1,0.582863,0.732090,0.752805
d612d965-3454-4c6f-85d5-25272c6fb390,shot_noise,s5,3,0.311960,0.384206,0.623920
d617e88d-1341-4cc6-bdb9-c1b757257b7f,gaussian_blur,s4,0,0.759326,0.860145,0.885054
d6236e92-cce9-4a51-a27e-67857b5ff243,shot_noise,s5,0,0.670253,0.798524,0.822689
d62b4f7c-10df-4f85-9066-b2335322ff91,gaussian_blur,s2,1,0.472477,0.523194,0.890378
d652491f-7604-440e-88f9-166edd2a17b4,clean,s4,2,0.761161,0.858551,0.905634
d656c85e-9bf0-42ab-9226-8b6ae74d1036,shot_noise,s4,4,0.673513,0.790379,0.874224
d65f0e6f-0427-4377-b041-782e68952fab,clean,s4,0,0.475920,0.640491,0.657211
d6664aee-8dfa-4feb-94f6-56022d72a647,fog,s4,3,0.501332,0.633267,0.762147
d674c3d7-2d2a-456a-91fb-b44e543aa316,clean,s5,4,0.420845,0.585931,0.607979
d67725eb-4a5a-417d-9eb5-82bfa782ab04,fog,s4,5,0.463242,0.612747,0.685915
d684ed0f-bf2b-420a-9855-56fcdc96bf36,clean,s4,4,0.782226,0.874942,0.900721
d685d83b-c103-4add-9f1f-147a1d45864e,clean,s5,5,0.660272,0.795131,0.796583
d691d9e4-dd3f-4f72-9ae4-be4c9b109fdb,shot_noise,s4,2,0.381783,0.493864,0.668633
d692b8a8-03fc-4496-991f-49d69920c440,gaussian_blur,s5,2,0.528279,0.688921,0.699109
d6ac25d0-cc90-4d8d-90b7-691a2ae6cb03,clean,s3,3,0.779798,0.864534,0.962965
d6b5814b-dcb2-4ece-8fcf-5b2b59c4ab4a,shot_noise,s2,4,0.396409,0.443833,0.790568
d6bb021a-204d-4a0c-aef1-aaef9f303c44,shot_noise,s4,2,0.367079,0.499601,0.611820
d6d28ff5-fe36-4cd5-8285-424b643faafe,shot_noise,s4,3,0.675476,0.795055,0.861221
d6d3d1b4-5773-4f5d-bca8-c035aaaa1145,fog,s5,4,0.405146,0.512790,0.707755
d6d9dc02-7c1e-4f98-8edf-2b033c903183,gaussian_blur,s4,0,0.579126,0.717317,0.790640
d6e2722d-0947-4e54-a124-8cd8410ac47f,shot_noise,s4,0,0.532380,0.687424,0.718569
d6f2389e-7034-4d80-836e-c7e9e017b797,gaussian_blur,s5,5,0.455438,0.617805,0.646876
d6f4f0d6-4899-4af1-9499-5096c77a2bff,shot_noise,s5,1,0.291940,0.448808,0.457622
d70081b8-f253-47bf-9f8a-900dbb320dfd,shot_noise,s4,0,0.722781,0.828990,0.898126
d70371c9-35d3-4b5f-abb3-9d320830ff39,shot_noise,s4,2,0.741505,0.840882,0.918725
d71a9e39-8d22-4715-b5f8-4e36b4b04065,fog,s4,3,0.755774,0.852931,0.915093
d71d7c17-de79-4ed8-acbc-418d8c4d5c4b,gaussian_blur,s5,0,0.723154,0.835631,0.861888
d7266d8a-deee-4ee6-a93a-ed47378cc74e,fog,s5,5,0.573941,0.698039,0.832848
d727f172-9772-4e6a-8e9a-c1d74ed35568,fog,s5,5,0.555026,0.713425,0.715321
d73754aa-1a77-451b-9445-35c35f8ddee7,gaussian_blur,s3,4,0.562871,0.651264,0.918275
d73958ca-5cc8-466a-966d-8191cc60816a,gaussian_blur,s5,0,0.761666,0.864008,0.869876
d748131d-3a51-4822-94ee-69e643050659,fog,s5,4,0.458340,0.628451,0.628917
d755f915-f6a9-4596-9a54-8b6bbc1afac5,clean,s5,0,0.633400,0.773625,0.784107
d7562b16-19fd-4992-a4be-1ce2730653d6,clean,s4,4,0.671313,0.799437,0.822779
d7619049-2d8a-422e-abcd-d64a4a8347a6,gaussian_blur,s5,1,0.817956,0.899681,0.901685
d7622918-74e5-4fd4-9ea7-9ab83e17fb0d,gaussian_blur,s5,5,0.672756,0.803448,0.809053
d76b18da-8eca-4c2b-9b61-0d28a051b02b,shot_noise,s2,5,0.626739,0.719439,0.952709
d76fe736-02a6-4e5d-b6a5-fc50f71f68e4,shot_noise,s4,5,0.744708,0.841818,0.928647
d776c722-7a0a-4c04-a66d-89925ece4cbf,gaussian_blur,s4,3,0.784825,0.875821,0.908603
d77bc478-731b-4500-9b87-42da4fb2157d,clean,s5,1,0.331648,0.398784,0.663296
d781ae5a-a710-4853-8be0-28f439b9bd75,shot_noise,s5,1,0.520668,0.677877,0.706245
d7820c28-cc98-4c6a-91dc-b5abce35175b,fog,s4,5,0.246576,0.395093,0.396450
d7860ed2-fc19-4f8c-b2e0-10d58e267822,gaussian_blur,s4,0,0.639392,0.772394,0.813610
d78bb3b9-bb63-4d0c-930a-013edf8de10e,clean,s5,4,0.676820,0.805331,0.817205
d790f967-bb75-4b15-8c7b-73e5b4371c52,fog,s4,4,0.379062,0.546396,0.557108
d7917acc-baed-4627-9fce-f1b351be8fbb,shot_noise,s4,5,0.562525,0.698789,0.790505
d792e94d-99a9-457d-a760-78e194d532d4,fog,s4,2,0.170491,0.281294,0.305259
d79329db-28d9-44f5-9a24-4252ae88fc75,fog,s5,1,0.610950,0.755722,0.769856
d79a9cc4-eb84-4c5c-86cf-7512198a6dbf,shot_noise,s3,3,0.265284,0.376113,0.488592
d7b331a1-a334-4678-ba58-5ef2d8769525,clean,s5,4,0.675975,0.805015,0.815125
d7b6948c-63ec-4dd7-9101-91700eaf8037,fog,s4,2,0.512772,0.666208,0.713024
d7c6127f-9dab-4820-97f7-110eefe19ff5,shot_noise,s4,4,0.630457,0.771390,0.781925
d7c74aa4-6d14-4eb3-9042-a2329fea014d,gaussian_blur,s5,2,0.547460,0.705384,0.714944
d7d5188a-6f8d-4ff8-8234-4180d916ef03,gaussian_blur,s4,3,0.367726,0.537718,0.537719
d7e314e0-9bad-4e75-9670-e9458736de50,fog,s5,3,0.305515,0.468032,0.468049
d7e3de16-cb03-4ff9-8930-b16b8a28ae10,shot_noise,s4,4,0.729328,0.840827,0.860160
d7f10a4f-4267-4ff0-ac46-6b15b7b6cb25,shot_noise,s5,4,0.418232,0.489333,0.786517
d8004d51-a0db-4298-8b5f-e60ab38a0c99,fog,s3,2,0.386968,0.436282,0.773936
d8010b55-5df6-4588-8ca8-3098738bcf43,fog,s4,1,0.286049,0.444831,0.444881
d812a49a-59be-4151-8c42-5c831910c7c8,shot_noise,s4,5,0.455241,0.622284,0.634587
d819542b-7f4f-4c22-95e8-4a7c4edc99b8,gaussian_blur,s4,5,0.678509,0.805007,0.826208
d81dd3f8-097e-4a1e-a584-e060bbb9c494,clean,s4,1,0.608991,0.732208,0.849509
d82384fd-d3a6-4048-940b-4e7379b7ca29,clean,s5,0,0.425428,0.595822,0.599611
d828ed07-db41-4d17-8420-7c45d91aa6b7,shot_noise,s4,4,0.431988,0.601787,0.607240
d8688270-830a-4112-88e4-809ee1ad7810,clean,s5,5,0.578856,0.709765,0.814213
d868ecf8-b50f-4b7a-8ea8-8f00c6f120e5,gaussian_blur,s4,0,0.721021,0.836148,0.848583
d8886001-a61c-43ca-b4be-96809b0ca72d,shot_noise,s5,1,0.627985,0.745857,0.872336
d88daff8-e106-43c2-90b1-a4e130b1de55,clean,s4,0,0.573192,0.701112,0.820997
d89ace4f-84a8-4136-9256-6be96ce50abf,clean,s5,4,0.419642,0.581185,0.615093
d8a0c0f5-849e-4d9e-9ebf-af6dcf1f2e37,shot_noise,s5,3,0.609584,0.754828,0.768108
d8a90e3a-d736-4d71-b211-e4e9f95cd3e2,gaussian_blur,s3,2,0.456040,0.558696,0.779856
d8bbbce7-3f98-4929-93f9-9f068fa83f05,shot_noise,s2,1,0.342255,0.444260,0.628208
d8bc37e1-bd6b-40d5-afd3-99d53ca317f7,shot_noise,s5,0,0.677450,0.807584,0.808389
d8cb34ad-dd79-4a4b-acfd-ffad5579904c,fog,s3,2,0.396632,0.506449,0.692661
d8d399c6-1c11-4ceb-904d-0fcc92744414,gaussian_blur,s4,4,0.672440,0.794474,0.851184
d8d91885-07a5-47e6-987a-4c8f65b9e99a,clean,s5,0,0.662110,0.795207,0.804048
d8dba0eb-b943-418b-9afb-2f36cfb42ecc,clean,s4,5,0.640511,0.764582,0.850048
d8e7604a-2211-4766-82d0-618e55511cad,shot_noise,s5,2,0.448475,0.614846,0.630639
d8f3cc4c-a799-415e-af55-42b9c3aa0e46,gaussian_blur,s5,2,0.650290,0.784267,0.805820
d927994c-760e-4056-9992-1075b01075ea,clean,s5,4,0.521165,0.681315,0.697467
d927ea01-c99e-4739-8313-9bf3a18cd78c,clean,s4,5,0.485619,0.617562,0.748408
d92925f1-c456-42fc-92be-08888f2acb1b,shot_noise,s4,1,0.492966,0.600757,0.809736
d934e381-d25d-41f6-9f4a-ff47ae02b1ba,shot_noise,s4,2,0.657704,0.763413,0.920733
d94480fb-ceaa-40f6-b8ad-43d6fc8be452,fog,s4,2,0.664021,0.780860,0.876725
d9562e70-8e88-40cb-bd36-49294f98e9ac,clean,s3,3,0.491311,0.534762,0.925720
d95dbea5-94a5-4839-9ad6-14cd7d7d4238,fog,s4,5,0.572563,0.697450,0.829797
d963459e-8306-40dd-a560-72d96d6bc638,shot_noise,s4,3,0.510269,0.623568,0.814309
d96a6967-ff41-4cfb-b725-65e148f88d36,gaussian_blur,s3,3,0.556028,0.636886,0.928907
d96ae483-ceeb-4af4-9c22-ca3200a9d964,clean,s5,4,0.749849,0.855359,0.868693
d96b9548-a5ac-4a93-9ec8-5081249ba375,shot_noise,s3,4,0.477222,0.523644,0.903189
d96f2a41-0802-421b-8f4e-3b1903820ce5,fog,s4,0,0.555412,0.704622,0.746480
d97112e3-0c76-4852-b2e4-21876a665d23,fog,s4,3,0.419777,0.590485,0.593387
d973c97d-e2bb-4218-8710-a4597371f303,fog,s4,2,0.754041,0.854763,0.894288
d979b176-55f0-41b8-87b3-5074cfb12541,shot_noise,s5,5,0.573580,0.728036,0.732607
d9863460-67be-40f3-8312-166d5047749b,clean,s3,5,0.556469,0.643953,0.914699
d98691fe-a242-44aa-81d1-f0e1ac543223,shot_noise,s5,0,0.576760,0.726876,0.748787
d9885ca9-76ed-4170-a1a1-cd52a0cab2c8,shot_noise,s5,3,0.332419,0.465376,0.561809
d99e640c-6821-42fb-b2eb-0e8247d75761,fog,s5,1,0.361620,0.530790,0.531952
d9b94169-5ddb-4365-9b05-7556f5d4256a,shot_noise,s5,3,0.581822,0.734156,0.741200
d9c8b061-c11e-4b00-bd53-4ead45f06276,fog,s1,4,0.430227,0.462497,0.860453
d9cbb99d-36c8-4350-94fd-d06cdec5b219,fog,s4,0,0.584835,0.702381,0.857851
d9da8095-f21a-4e57-b51d-4b08fdbdf33d,shot_noise,s4,4,0.853466,0.919371,0.940414
d9ded0ef-01f1-4f26-988e-0859051eb7f9,gaussian_blur,s4,5,0.688628,0.800485,0.891398
d9ed671c-26a1-4c0a-8f02-68c21726735e,clean,s3,4,0.513869,0.643638,0.777778
d9f57e57-db5a-4849-8bf6-acf145ac14e8,gaussian_blur,s4,0,0.836423,0.908996,0.932144
d9f7de3e-e826-457a-b733-72f9021c62fd,gaussian_blur,s4,3,0.658362,0.784271,0.839045
d9fbe925-04e0-4df3-96d2-50189f070cba,clean,s4,5,0.630316,0.763291,0.815291
da0de592-3a1d-4db4-8054-578e17504242,gaussian_blur,s4,3,0.517757,0.644388,0.788781
da1398a3-3c35-4e59-b8bc-43489ec8e489,gaussian_blur,s4,2,0.552023,0.683024,0.800752
da19be43-eafc-49ec-870d-a097bec792a9,fog,s5,0,0.646821,0.781423,0.804368
da2306fe-ac41-4b87-b091-a175d4c6a321,shot_noise,s4,1,0.496656,0.640886,0.727184
da2abf58-5d7f-4db8-980b-14f0fbfc3303,shot_noise,s3,4,0.457771,0.503507,0.878871
da32b271-ae2a-4939-a9cd-ccf3e9015435,gaussian_blur,s4,1,0.676918,0.796110,0.862393
da34883d-8fad-4a08-aa41-44e36a06b42c,fog,s4,1,0.756414,0.857882,0.885487
da34bbfe-28f2-4532-84e2-ac4894e3999c,gaussian_blur,s3,4,0.334646,0.426598,0.632059
da3fb934-1e80-4efe-b62b-281efedfefc1,fog,s4,0,0.412660,0.581933,0.589728
da514a1c-a363-4d8e-8bec-a0b7841da4b6,clean,s3,4,0.461365,0.479906,0.922730
da53f8fc-0304-4212-a053-a73b28122dd6,gaussian_blur,s4,3,0.400830,0.568584,0.580832
da5cdbff-a0cc-4cc6-adee-6a9721eb98d7,shot_noise,s5,3,0.415922,0.585887,0.591371
da689693-4924-46cd-a764-4761a18d7984,gaussian_blur,s3,3,0.269144,0.402014,0.461125
da6bc58c-a8b6-4cc4-9813-70217e8ddce2,gaussian_blur,s3,2,0.679857,0.782214,0.934352
da715f6e-b74a-438e-8a15-33b50bdfd90d,gaussian_blur,s4,0,0.743218,0.847223,0.888527
da7fd88c-ad68-4dc6-b84e-0187694de0e1,fog,s4,0,0.420111,0.456587,0.840222
da8191cf-e457-49a1-a289-ce0dfbcab5c0,gaussian_blur,s4,5,0.311123,0.473964,0.475780
da82a004-6c5c-40f9-8279-14124ce60397,gaussian_blur,s5,1,0.582140,0.735514,0.737306
da8a3d9d-b0f1-499f-9ce7-a81247ff0604,fog,s4,5,0.379028,0.533806,0.583801
da95d03a-e39a-490d-ad4f-b5b77d8caf0a,clean,s4,3,0.552155,0.708244,0.722522
daa2616f-5883-44a7-b389-1a43caccfd31,shot_noise,s4,0,0.793767,0.881575,0.914181
daac5964-de71-42e9-84f3-7b925c3e3704,gaussian_blur,s3,3,0.682958,0.776769,0.967718
daaf983a-a03a-4df2-8091-846cf51a3eda,gaussian_blur,s5,2,0.259844,0.398804,0.435285
dacb3668-cfd7-4b83-b4f2-73264929180c,fog,s3,5,0.564174,0.657516,0.907813
dad6c86f-9dc6-4aa7-adf0-40c4aa40afc0,shot_noise,s4,1,0.732588,0.842788,0.863907
dad749b1-944f-4d5e-ba28-da57e088e766,clean,s4,0,0.646175,0.755627,0.905515
dae369f0-025f-4010-8c20-a139438d355c,gaussian_blur,s4,0,0.790713,0.877195,0.931427
dae3a472-33d0-4048-a8ed-cb887b3b284f,clean,s4,1,0.760523,0.855282,0.924037
dae83e58-10b9-4c0a-8bdf-9d48ed4abec5,gaussian_blur,s5,1,0.546872,0.682639,0.784043
dae8d0da-aa2e-4687-85b4-57146afe43a2,shot_noise,s5,2,0.624257,0.768222,0.770592
daf737d8-5858-4baa-9bfd-31ecddce9830,fog,s5,5,0.469580,0.635414,0.649088
dafa1945-725c-4688-a77a-e2a8bdfd959b,clean,s4,0,0.368799,0.500367,0.615920
db1ba327-c5cd-41a2-bc6b-e3c17e081d90,shot_noise,s4,3,0.508772,0.673866,0.676112
db2af659-4152-43cb-9c91-7ff1f9ca6f02,shot_noise,s3,2,0.502180,0.602161,0.835605
db2d0297-0ec5-4b44-bb14-f3eae7f68ea6,gaussian_blur,s5,0,0.744257,0.851328,0.867179
db439aa7-ed8e-4920-a69a-9a2688b175a5,gaussian_blur,s3,4,0.409479,0.532616,0.684635
db46f14b-39cf-4e1e-b2e7-ac4dec520042,fog,s2,4,0.438497,0.494260,0.837841
db5112ba-d8f9-4a2b-bc18-9405251c2c48,shot_noise,s2,5,0.496408,0.547066,0.920459
db560e95-d092-4a82-86dd-8b0606c433dc,fog,s4,0,0.667615,0.790621,0.848736
db62ee44-ff6b-4296-ba9f-ef88649e6501,shot_noise,s5,4,0.671115,0.803116,0.803593
db67f617-44dd-4e1b-96e3-6b6034f69f20,gaussian_blur,s4,3,0.504720,0.666567,0.683692
db74890c-3eb3-4522-9087-4cc485763182,fog,s2,0,0.481957,0.490812,0.963913
db897cdf-16f8-4e79-9693-ef1616658b1f,gaussian_blur,s4,3,0.524488,0.670254,0.742156
db9131e1-7c37-4526-a022-e2ac3dae7cea,shot_noise,s2,2,0.633856,0.728175,0.951483
db9a07b2-f203-4fb3-92bd-ee9894e52624,fog,s4,1,0.488393,0.647747,0.680464
db9aa2da-3a62-468d-b89b-66b220237899,clean,s5,2,0.584090,0.729934,0.765259
db9bd7d0-caef-4391-8c04-9cac49883f94,fog,s4,4,0.187726,0.309391,0.325840
dbae94e9-b6c8-4afc-a507-24c39dd0d5bd,shot_noise,s4,4,0.633446,0.770935,0.795936
dbd1c899-9feb-48d6-b415-edf085866b69,clean,s4,2,0.728782,0.836682,0.882512
dbd517b0-26fb-4316-b3d0-cfe460564e90,gaussian_blur,s5,2,0.485565,0.652597,0.656917
dbd7b3f0-48d5-4c60-9190-59c3a9502f67,fog,s4,4,0.476779,0.630031,0.688059
dbe13aa5-b208-457a-b6c9-b539c917b01d,gaussian_blur,s5,2,0.578189,0.731397,0.737669
dbe1f386-0357-46d8-bd54-0602920889ea,fog,s5,5,0.314165,0.470642,0.492251
dbe7ecb0-4887-41d6-adaa-0ea0492a4220,fog,s2,2,0.494334,0.562594,0.887984
dbe9384e-9518-4f5f-abea-30980c73147f,shot_noise,s4,4,0.538063,0.687198,0.739515
dbefbadf-39b3-446a-af20-d64a31cd85a7,gaussian_blur,s4,0,0.629788,0.763050,0.814192
dc08fa78-0272-44c2-b142-9b275f77c944,shot_noise,s3,1,0.471855,0.515395,0.900711
dc09fb69-d97e-452a-9801-f96f33369c42,fog,s5,5,0.365088,0.422024,0.730176
dc09fe3f-4a8b-49cf-816a-0a59a15aafc1,fog,s5,0,0.677191,0.804666,0.822192
dc0d6196-d933-4d6d-8cd2-bdc89dedf31c,shot_noise,s5,4,0.485364,0.652355,0.656905
dc10873c-767c-42a5-899f-9ce5d4a6b309,shot_noise,s5,1,0.511644,0.674136,0.685534
dc33b938-ebbd-4f81-8628-2d24962af808,gaussian_blur,s5,2,0.530553,0.684679,0.720568
dc3605a3-f14d-479c-8618-b49f4bd9b28b,fog,s4,0,0.427507,0.533305,0.739628
dc3a2610-f2b5-4f41-a167-0aba9a71407d,shot_noise,s4,1,0.715244,0.829000,0.863141
dc3dff3c-1fdc-4cc3-b0cd-a4b7a4090e92,gaussian_blur,s5,3,0.396364,0.531440,0.645115
dc49cf33-22be-49e7-b5bb-4aefb5a61b60,clean,s5,1,0.631188,0.765740,0.808731
dc4dd3ce-6e73-4e6b-a4c8-1bdfc607877c,fog,s5,0,0.700668,0.821936,0.835536
dc538377-88cc-42d9-bd95-0281dfea0fec,shot_noise,s4,0,0.721021,0.836148,0.848583
dc54d9d9-8189-4d98-845b-d0d4a5abc5a7,fog,s4,5,0.467323,0.635568,0.640832
dc595085-3c67-4230-b3a5-1197231f1f61,gaussian_blur,s4,2,0.486556,0.634950,0.708460
dc690962-c2a6-4049-a449-cefb5d43cdc1,shot_noise,s5,4,0.751572,0.857846,0.860437
dc6f2ff7-d020-45d4-a77b-7eeb3095350c,clean,s4,1,0.442426,0.566278,0.722202
dc74858b-f0ef-4f79-b78e-f594b2c2673c,shot_noise,s5,1,0.583129,0.732144,0.753610
dc7bca7b-caa9-4b22-9932-f917ae0b6036,gaussian_blur,s4,3,0.655706,0.782910,0.834187
dc8402f9-a285-4462-8217-df4a3689731a,clean,s4,5,0.407661,0.576680,0.585163
dc86fe70-c8ff-4549-b570-7d06b2e8a397,gaussian_blur,s5,4,0.570343,0.726324,0.726645
dc92691a-82e4-4eb0-9098-f183945c03c0,clean,s2,2,0.335782,0.439210,0.616053
dc96dab7-b55c-4a76-9cab-82982b186386,shot_noise,s5,5,0.630831,0.773602,0.773760
dc995b95-0df4-4d7d-8fcf-6e45680beaa6,gaussian_blur,s4,2,0.601343,0.734068,0.814901
dca20a11-94da-474d-90c3-164011d77277,shot_noise,s5,1,0.411364,0.481443,0.778645
dca36141-3109-4d4c-a979-aaa3e3df7eb1,fog,s5,0,0.560299,0.712299,0.738685
dca6dbe3-b600-4e93-81df-a86ac27e43f7,gaussian_blur,s5,1,0.287043,0.438163,0.460090
dca78ab6-de20-4e33-b180-0957b08f8c41,clean,s4,1,0.759080,0.858088,0.897947
dca90553-f6ca-4713-b29e-37195dfaa2f4,gaussian_blur,s5,5,0.723998,0.839756,0.840843
dcbdc585-34e3-4561-a3e4-2c1bdb592932,gaussian_blur,s5,3,0.318026,0.479176,0.489113
dcc4e7de-7070-468d-8aaa-01cbc612bcda,fog,s5,0,0.627200,0.770833,0.771168
dccd3218-ef7c-4dcb-a454-a6b9730da99b,shot_noise,s4,5,0.723300,0.835790,0.861640
dccff02d-e66a-4063-a7b9-36dc3da25b36,fog,s3,3,0.484811,0.492288,0.969622
dcd0ea8e-d1e4-4c63-91ca-82fbadb6bf0b,clean,s2,5,0.479061,0.489307,0.958123
dcd394c1-0aa0-440e-8410-b94b7e1f0c07,clean,s5,3,0.697750,0.819467,0.835835
dcd86e9c-eb20-4260-a7c2-fc8f0d9c3efe,fog,s4,2,0.532549,0.634889,0.859579
dce4f040-f6fc-4c8b-b2af-5ea4ef73497d,gaussian_blur,s5,2,0.632746,0.774239,0.778752
dcf1e5bf-27e2-4057-a190-c0d499fdb270,clean,s4,3,0.485619,0.617562,0.748408
dcff9fe0-a95a-4698-87c1-890f461f2f68,shot_noise,s3,5,0.752604,0.840361,0.974601
dd211548-c848-4c89-a63e-537b92e74c98,shot_noise,s4,5,0.446377,0.589239,0.685392
dd23f890-328e-40d4-9e04-41d04f837c7f,gaussian_blur,s5,0,0.706225,0.827345,0.830584
dd2a2f53-ed00-4e4b-9e19-20313ab5d782,fog,s4,3,0.302465,0.455071,0.481660
dd322455-4722-441b-b3db-98e4eb5846b3,fog,s3,2,0.681031,0.779628,0.949227
dd334c5b-ca80-4d1c-98df-8d408a75fa1a,gaussian_blur,s5,2,0.584338,0.726749,0.777509
dd37ded8-dea6-4269-834f-5ad5c9f564c2,clean,s4,4,0.404694,0.571427,0.587345
dd430851-2ca3-4d4c-84f6-bf15b318b8c1,clean,s4,3,0.837037,0.907191,0.955456
dd4aa609-85fc-4c02-a7bb-ea1c330e2c6c,shot_noise,s4,2,0.683542,0.794606,0.896853
dd4dec21-5559-4344-9ef6-15cc8487a1c7,clean,s4,4,0.530351,0.669287,0.765147
dd581189-dcbd-4828-97a3-47408ea42eb0,shot_noise,s5,4,0.672123,0.803716,0.804930
dd597f90-8d49-46a9-a1d7-cd0ac9065f94,gaussian_blur,s4,2,0.579790,0.725285,0.765765
dd7084e6-f512-4339-9c31-70d0d9fdd87a,fog,s4,5,0.478320,0.565395,0.835141
dd709bd8-19da-4690-9789-fd8b0b8980ab,gaussian_blur,s2,5,0.484682,0.492222,0.969363
dd7f931a-52a7-4c28-b746-78754ca05790,clean,s5,4,0.751853,0.857724,0.862768
ddaceae7-7786-4b18-8c18-f953c15b2265,gaussian_blur,s5,4,0.725556,0.838844,0.854045
ddb04254-5563-4b51-95f2-c4be67af7a38,fog,s1,0,0.273069,0.364511,0.530461
ddb4c568-ce00-4f80-bda4-c78b5510028b,shot_noise,s3,0,0.766842,0.854812,0.959125
ddbd846f-8f13-4a8f-a197-db02c976118e,shot_noise,s3,3,0.512260,0.627324,0.812048
ddc2c757-f14a-4e8d-a956-5bd6eb8e43b7,gaussian_blur,s5,1,0.471423,0.636051,0.653742
ddc7b5c8-c04b-4f38-86d7-6bebecb659dd,shot_noise,s5,3,0.716236,0.834426,0.836071
ddd0dac7-9c9c-4109-b7d8-b634c31af8ce,shot_noise,s5,0,0.384615,0.541409,0.586402
ddd27a8d-f768-4cd5-afc1-3f82d1843fc6,clean,s4,0,0.722781,0.828990,0.898126
ddd78082-f749-4e2d-8748-296de54dd4cb,gaussian_blur,s5,1,0.487756,0.655683,0.655723
ddd9595f-384c-4f24-b2cc-ad4b02d36c4b,shot_noise,s4,0,0.725194,0.836693,0.865309
dde1aadd-15af-4743-8c25-9d9c02c40aec,clean,s5,3,0.402013,0.566423,0.589755
dde5b2ac-e0db-4f80-a1d7-431e71874876,gaussian_blur,s3,4,0.478800,0.519032,0.914763
dde856bd-a46f-418a-a416-ed9977caca9f,shot_noise,s5,2,0.713394,0.832725,0.832733
dde94940-eba6-4d4e-b8a2-41fd990cc848,clean,s3,4,0.470960,0.511671,0.903840
ddf3904b-4323-48b7-a4e7-7a0ec7ccd973,clean,s5,2,0.735738,0.847746,0.847790
ddff0d1a-3278-47c0-9568-191887904b4e,clean,s3,1,0.637034,0.733487,0.946341
de016000-e4ad-4a58-b55b-3aecf143f75e,clean,s3,4,0.637170,0.725068,0.972288
de06ef57-e35c-43fc-8afe-dfaf051670b1,clean,s5,2,0.764440,0.866481,0.866604
de1ce7dd-b89a-48e5-a138-a8afda788d1a,gaussian_blur,s5,3,0.575402,0.727099,0.742883
de1eda10-545f-4e58-ad9e-45ebcffc4aa8,shot_noise,s4,4,0.341297,0.407969,0.679397
de200fbe-94ea-42f0-88f0-e896c852b1ae,shot_noise,s5,5,0.404412,0.575488,0.576928
de2ee070-ccd7-4378-a748-c1d8883b1ed1,gaussian_blur,s4,1,0.533657,0.672018,0.768827
de39bfec-8b22-4662-b842-631fd2873d69,clean,s5,2,0.588630,0.740134,0.744592
de3cb376-592a-4ed7-937b-1111bd3e8a43,shot_noise,s5,2,0.326345,0.446530,0.574427
de403c11-d51c-4480-9d33-e873c0741e1d,fog,s5,0,0.168862,0.273530,0.310138
de437414-82d5-4c1d-b2d7-39de22368842,fog,s3,3,0.441803,0.529296,0.790352
de5b164a-1ac8-409c-987f-f577253908b8,gaussian_blur,s5,3,0.441106,0.602662,0.636124
de5dbdc9-78ff-4cf1-9d24-a8abd7b9217d,fog,s3,2,0.361551,0.438837,0.695477
de5ee0cf-4501-4732-8f16-064cc48d2d51,shot_noise,s4,5,0.497091,0.660502,0.674603
de78b4cf-4d20-4ccf-8564-c2ca81620c45,gaussian_blur,s2,4,0.491321,0.495623,0.982643
de7b0825-ea0d-4f2d-a4f3-4e65f4e1d2cd,clean,s4,5,0.748302,0.846607,0.917483
de95ca4c-6f77-43f1-8c76-675319d959a7,gaussian_blur,s4,2,0.740419,0.842145,0.906005
dea052ce-c9bb-4b59-ab0b-090941b21e98,gaussian_blur,s5,1,0.578474,0.730436,0.742294
deb01cee-0075-4fb2-b227-8ee705d00d94,fog,s5,5,0.444489,0.614291,0.618373
debff0a1-fcd3-457f-ac67-83590f12bb95,clean,s4,4,0.620629,0.762858,0.778784
dec2a6a0-eb0b-44e2-bb62-b748ac768f70,gaussian_blur,s4,1,0.263354,0.412552,0.424335
dec2d801-3849-4d3d-89d2-9091d86d9799,gaussian_blur,s5,2,0.737942,0.848584,0.853373
dec3d974-dc7d-4eef-831c-78f54ce39c96,gaussian_blur,s4,3,0.601899,0.726566,0.842603
ded7d182-8678-4da3-b233-9ad00552ef5b,clean,s5,1,0.297838,0.415183,0.533858
dee581aa-c239-47e3-8aed-269c067f19f7,clean,s5,2,0.813673,0.896039,0.909056
dee8f6ee-b1ca-4850-b000-95e0ff8414bb,fog,s4,3,0.602742,0.748560,0.766373
deee10dd-a768-488b-9f7d-13c99e6c1947,shot_noise,s3,0,0.363293,0.466821,0.657019
def0dbf1-a034-4d27-97e4-ac6c043b1a77,gaussian_blur,s3,0,0.547130,0.660774,0.844390
def787a1-e90f-43d5-aca9-b8f9b12823d7,gaussian_blur,s5,3,0.817043,0.898330,0.908955
defbbc8a-2875-4e4e-91dd-cd3d3753304e,gaussian_blur,s4,1,0.263681,0.405261,0.437600
defc1ee7-935f-4c7b-8c7d-29b933f7fa2e,gaussian_blur,s4,4,0.436121,0.601827,0.621255
df018f69-ffd4-4b64-8902-fd00d287da29,gaussian_blur,s3,2,0.293789,0.427800,0.500208
df141cf4-414f-43e5-8416-94741684af77,fog,s4,3,0.738367,0.847496,0.862600
df322e4a-a247-4e36-9e80-17459fbc7ce3,clean,s5,2,0.656251,0.788161,0.812715
df383a9d-f937-4576-b341-36c548dab48a,fog,s5,3,0.506334,0.664993,0.694006
df4f2d44-4433-4023-b04e-c7eef30c259b,shot_noise,s5,2,0.312630,0.437712,0.545041
df6050b0-ace9-4141-8e73-41cebc0b95a7,fog,s5,3,0.513198,0.673736,0.692272
df85054f-0c24-479d-a734-dea094030a31,clean,s3,4,0.533276,0.580992,0.969134
df8c3d87-996b-42c5-9210-230cf399587c,fog,s5,5,0.607686,0.753988,0.764055
df8fe55f-9a65-413e-a4bf-90e28f0f87ab,clean,s5,5,0.696881,0.820311,0.827245
df9bdcdb-9cba-4cb3-b323-44b79ef28e6b,shot_noise,s4,0,0.568797,0.706446,0.788811
dfa40e1a-762c-4865-abcd-a60874e5f29d,clean,s3,5,0.373135,0.507100,0.617285
dfb3a2c0-d957-45e1-b73f-8eee6979ffc6,fog,s5,4,0.560814,0.718071,0.720555
dfbaf080-7cf1-4dd6-bfa8-d29776a814fd,fog,s4,0,0.691774,0.813871,0.838965
dfd0ecf0-b997-47d6-87cb-e35ae74754af,clean,s4,3,0.567341,0.702803,0.795120
dff1228f-f7f4-4855-9e2e-2ab6ef1482f8,shot_noise,s4,1,0.488489,0.599740,0.797803
e0002bf0-2606-4e15-bab3-7f5aedfc8fd9,clean,s5,1,0.674006,0.804384,0.809745
e00964a6-3ca8-450d-8753-1514a108f35b,gaussian_blur,s5,2,0.445271,0.606797,0.640031
e010bee6-2f0a-48aa-a3c5-a507bf4112e3,fog,s5,4,0.569622,0.725463,0.727063
e0189ab6-c340-45d8-875d-af0f32aab5e5,clean,s4,0,0.698001,0.806514,0.902928
e026e5b1-c3cf-4559-90e1-ce38f5e32f6d,fog,s5,4,0.560657,0.674212,0.854395
e030283d-3e4d-47f0-9edb-ef1a6879ceee,clean,s4,0,0.630368,0.763501,0.814645
e030e37f-e0ca-489c-9089-367bf560acdd,gaussian_blur,s3,3,0.348212,0.436234,0.659024
e03d0682-606e-4210-b801-d0eb7be2e285,gaussian_blur,s3,2,0.453915,0.475844,0.907829
e06b6722-f152-4858-ad10-a4224bb1fbce,gaussian_blur,s4,1,0.445313,0.541197,0.779728
e06bc1a0-36e7-4471-a6a2-bdce4f512789,clean,s3,0,0.575495,0.669393,0.915563
e0801d62-40d9-4d4c-8d91-5370f85de172,gaussian_blur,s5,2,0.575472,0.726745,0.744427
e080d8b6-da55-4529-a526-1c51e1e5c3be,gaussian_blur,s5,5,0.301646,0.428178,0.525227
e088296e-c48e-4993-b1b0-4b29e449b4b2,clean,s5,3,0.820052,0.900248,0.909976
e0958967-c5f5-405c-b850-58ca12e9a880,gaussian_blur,s5,0,0.442124,0.613157,0.613157
e09d9fc4-eed1-4eed-b42c-47a95e948553,shot_noise,s5,2,0.630248,0.771682,0.779808
e09e4056-0852-4769-af05-009a4eb6273d,fog,s5,4,0.523397,0.649046,0.795701
e0a9db13-9d0d-4159-be57-75869c23219b,fog,s4,3,0.587257,0.726294,0.789909
e0aad152-6249-4597-8447-d34eb3f0726a,gaussian_blur,s5,4,0.555506,0.709634,0.730126
e0ad8e2f-497a-49cc-a187-e54d443a1a0a,clean,s4,4,0.711820,0.824943,0.869984
e0b96593-7abc-4f3b-9865-08338ac73139,clean,s4,3,0.723276,0.834959,0.866444
e0bd8163-ee5f-45ef-b723-84ad1a3e663a,fog,s4,3,0.704118,0.821016,0.856297
e0c8af11-b99d-4c5a-9281-f69309549b7f,gaussian_blur,s3,3,0.513970,0.555558,0.956646
e0cc185d-f8d1-441a-abab-f533f8303366,fog,s5,4,0.568215,0.724274,0.726080
e0cd4e99-e701-426e-b6bd-2a5ca821f89f,clean,s4,1,0.750708,0.849549,0.911152
e0ce5d7a-76bd-43a8-8202-0892f134f5b4,clean,s4,4,0.722991,0.833078,0.876069
e0ebb687-d07a-4e7e-9ab9-2e4c87d9c45f,gaussian_blur,s4,0,0.837037,0.907191,0.955456
e0f4e0fa-e7e7-4d0b-8b5a-94d8e4a442f6,shot_noise,s5,3,0.671510,0.803477,0.803477
e0fa47eb-fd23-4049-aeb2-45d89364f13b,clean,s3,4,0.566289,0.690474,0.828491
e10658d1-fc09-4599-ada4-50c673b1a4c0,gaussian_blur,s4,5,0.281453,0.421908,0.469307
e1087865-3c79-4bdc-ab6e-729548b4d209,fog,s5,0,0.728879,0.843115,0.843598
e117158d-604d-45da-92b5-176c1fb919a5,clean,s5,1,0.746120,0.853918,0.859291
e12479a6-b554-4646-9b1e-fe91d6ae5526,clean,s5,2,0.241243,0.375584,0.409736
e142b756-5bad-4735-a004-56e317dad24f,fog,s4,2,0.746637,0.852883,0.868941
e15941b1-8036-4193-b2da-c1826cf70fde,shot_noise,s4,2,0.652215,0.778198,0.840475
e15abd2c-a020-4eb5-ad86-07d938ce9ed0,gaussian_blur,s4,4,0.232002,0.374231,0.380453
e1823bf0-9e15-47b1-bd06-b98c3301440e,shot_noise,s5,5,0.586047,0.732716,0.762528
e18386f8-2631-448b-9adc-463145e782e0,fog,s4,2,0.681499,0.785420,0.927858
e18fe634-2c82-4516-a32d-601defd38745,gaussian_blur,s4,3,0.736684,0.839030,0.906464
e19901d7-4903-4609-94ef-6df70bb921c0,clean,s4,2,0.484286,0.649419,0.661485
e1a787f0-1cba-4020-a7c5-97da090faeb8,fog,s2,1,0.298391,0.404286,0.552539
e1aa7c4b-34f0-45b8-b6c4-afffebe388d6,gaussian_blur,s5,4,0.499647,0.662963,0.676411
e1b05c47-25d6-4e25-9bd4-15301beb3bb0,shot_noise,s4,1,0.624922,0.756114,0.822709
e1b2eb98-e734-455e-9e60-d603638ae56e,shot_noise,s5,5,0.178111,0.301915,0.303013
e1b43ed3-9abd-468c-9196-57b3bf1abca5,clean,s5,5,0.714894,0.828804,0.862624
e1c66bcf-eae7-44f6-8382-46dbee346f18,gaussian_blur,s5,0,0.550268,0.709617,0.710880
e1cb1637-e78a-45fe-806b-8f8902e6c013,fog,s3,3,0.534577,0.589465,0.957941
e1d6ffb7-7e6c-46d7-9900-b51ce4b524cd,gaussian_blur,s5,4,0.505183,0.669289,0.677211
e1e598d5-3876-4076-9c1b-de7749f2f26d,clean,s4,2,0.404694,0.571427,0.587345
e1f22eb6-4e5f-4c41-8b39-0aa2e4197d90,clean,s5,1,0.666073,0.793734,0.827877
e224d5a9-63cc-445e-bd38-5abc128f4b9c,clean,s4,0,0.619545,0.748581,0.830731
e22e1df4-8fa0-472c-8017-9297364dfc11,gaussian_blur,s4,1,0.675525,0.793712,0.867581
e22ff955-03ff-4f1e-a4e5-39e81d6204db,fog,s5,2,0.438192,0.603125,0.625088
e233ea2f-fa34-404f-95eb-b79202239273,fog,s3,2,0.517939,0.635172,0.811941
e23537ab-b5b8-440a-9ab3-9926542d5e56,gaussian_blur,s5,0,0.773131,0.870446,0.884443
e2463969-9dd6-4ad0-b617-5d046f0d0f37,gaussian_blur,s5,1,0.658840,0.793349,0.799127
e25658a8-eae9-4cad-96d1-62222f59834b,shot_noise,s3,1,0.102354,0.177905,0.195183
e263f025-cdcb-42bc-9e9c-d2e4a66a8f84,gaussian_blur,s3,2,0.679489,0.772167,0.971538
e2679261-bf0d-409b-bb29-9fd675a602ad,fog,s5,2,0.519139,0.678082,0.700187
e2691614-0aa7-4aed-af9e-857a0f94cefe,shot_noise,s4,2,0.527011,0.687663,0.698541
e269bee0-b120-46ad-8709-4739364daf7b,shot_noise,s5,4,0.590472,0.732562,0.779717
e274c952-b753-4b28-b943-f90003ddc392,fog,s2,2,0.340237,0.442840,0.624187
e27e6e7e-95b8-4511-9dd1-08584cdf152d,shot_noise,s5,3,0.402738,0.566362,0.592331
e2803d08-b5e0-4fcb-b239-f4bd793ff255,shot_noise,s3,3,0.166525,0.264225,0.314429
e2824b73-1424-4310-be1f-8dfd81a63295,fog,s5,1,0.842041,0.913573,0.922054
e28c9614-7836-4a3b-9524-3d59ba021b8d,fog,s2,5,0.388308,0.485549,0.702944
e2904a28-9695-4a84-9459-8696c05e4e75,fog,s5,4,0.408432,0.574912,0.591905
e2a7f6bf-c4e5-4415-b009-b14c0ab21bda,gaussian_blur,s3,3,0.532366,0.653204,0.814857
e2bd213f-79db-485e-ab65-63646f83b553,clean,s4,2,0.599039,0.730617,0.818414
e2c97605-c2fb-4cb1-ab54-e849c2596111,shot_noise,s4,1,0.587434,0.716117,0.824603
e2ce2846-43a5-440d-a46a-27ed0639ad13,fog,s3,3,0.664463,0.777232,0.893483
e2d65059-cb57-4e7f-96eb-cc79b7f09812,gaussian_blur,s4,1,0.647540,0.755381,0.911520
e2f05d63-2387-448c-8dc8-05bc159ab5d2,shot_noise,s4,1,0.386842,0.534045,0.609016
e3103082-b3a9-4313-9687-946692fcf17e,clean,s5,3,0.648859,0.784258,0.799934
e32004f1-ec5e-464c-af4a-5f241f51d642,gaussian_blur,s4,2,0.568679,0.702112,0.802016
e32c7886-0884-407c-9979-b6f8122d5fef,fog,s4,3,0.521889,0.668138,0.739195
e33182ee-1566-45b8-856d-01f8bcc9d0e2,fog,s4,3,0.700761,0.816962,0.862811
e3453126-53ca-4e33-ba40-c571baf8f2f4,fog,s4,4,0.406075,0.561473,0.614379
e35c4400-da59-4e69-a7a1-c0fce904182b,clean,s4,3,0.441553,0.468962,0.883105
e3703cae-7ef0-4a20-be97-23a716231340,fog,s5,1,0.588124,0.738531,0.748766
e374f4c2-d898-4148-8e8e-5e0ea7e69894,gaussian_blur,s4,1,0.557740,0.696978,0.779157
e378f4c9-3d03-4ca7-b3fe-4875421f66fa,fog,s5,3,0.527920,0.650266,0.807592
e37943d8-aa40-43f7-bc7c-754ff7cda655,gaussian_blur,s5,2,0.487447,0.647795,0.677045
e382be13-0d9d-4bcb-b411-065b001c7377,fog,s4,3,0.524526,0.672385,0.736133
e387655f-b1f2-4b78-b17b-d534cb97e39b,shot_noise,s4,2,0.780183,0.873376,0.901345
e389a48e-9f1e-4574-892a-67602ee7da9c,gaussian_blur,s4,4,0.671779,0.793067,0.854907
e38a3ab8-ffb2-40a1-98b4-31e7316f76c8,fog,s4,3,0.158708,0.273926,0.273957
e3a2088d-7ff9-451c-82da-677fb55d6544,clean,s4,1,0.363747,0.495493,0.608693
e3b731bf-2cc6-46d7-bfd7-3f7e33b6268d,gaussian_blur,s5,1,0.532274,0.692634,0.701637
e3bd5462-80f7-4bcd-89d7-7567cf9db2a8,gaussian_blur,s4,2,0.619467,0.741857,0.854779
e3d9d7ca-b5de-4019-b774-0dcf8427a675,clean,s3,0,0.471755,0.486300,0.942378
e3da8564-e524-448e-9055-39af3eaa4845,shot_noise,s4,4,0.491827,0.655790,0.669741
e3e0f09d-47b9-4ebd-b7d0-c7d92263b81a,shot_noise,s5,1,0.347200,0.491608,0.562314
e3ea821f-f61c-4f66-b49e-9721a17e3a5c,gaussian_blur,s4,4,0.614904,0.749594,0.809227
e3ef65eb-1798-4a40-b3ee-a6d068adead0,clean,s4,4,0.763798,0.860443,0.906495
e3faa854-4612-4b03-af9e-57062541332e,gaussian_blur,s3,1,0.223075,0.335050,0.409483
e4045803-0415-4958-9ed2-090f64a49dd0,gaussian_blur,s3,3,0.461129,0.502984,0.889157
e4046b8b-1226-4bda-b24e-2552be75cdb6,gaussian_blur,s3,2,0.697740,0.800054,0.931536
e409f9e2-17c2-4163-8708-9ac40061e82f,clean,s2,1,0.491931,0.495933,0.983862
e40f9c77-04d3-4934-b5a4-1c2fda3fd5b8,fog,s5,2,0.631127,0.769252,0.793797
e416d5c2-630a-47af-9571-006d265ce78c,fog,s5,5,0.624594,0.766390,0.779766
e41b0edc-1bae-4c50-a564-d4247796fa2f,fog,s3,3,0.563466,0.663247,0.891669
e420d41e-0835-4e78-99a7-43468b72c4c9,shot_noise,s3,2,0.079634,0.143886,0.151764
e42cea36-9d0c-4e62-85f7-2dbf122c6a13,shot_noise,s4,4,0.409858,0.577148,0.591515
e4347962-6a21-4432-8ae6-1fb637c84834,fog,s5,1,0.744752,0.852939,0.858917
e43d3082-c623-4f21-b086-bb0debda484f,shot_noise,s3,3,0.520035,0.589752,0.914562
e4404512-43b0-4735-9470-154b10135b89,gaussian_blur,s2,2,0.429230,0.461920,0.858460
e4589e9b-5c32-4f91-8470-e22f97a23f86,clean,s5,2,0.378223,0.547109,0.552715
e464300d-1d1a-4385-863c-d8338dd3d8ca,clean,s4,4,0.588020,0.729969,0.779829
e47f41e7-c6c3-4422-a8b8-d685879d0c4b,shot_noise,s3,5,0.496284,0.616788,0.784874
e489cf27-7b27-4add-be4a-052c9ed24541,clean,s5,0,0.780180,0.876341,0.877947
e48dfb89-bfcc-4f34-b292-2096ead54cc5,fog,s5,1,0.564490,0.721526,0.721995
e4a4485d-58bc-4d00-a7e2-30c732520e77,gaussian_blur,s5,5,0.662586,0.796960,0.797525
e4a55792-6c0e-483c-a97f-6f4e67140a88,shot_noise,s5,0,0.800574,0.887896,0.901259
e4a71d29-a039-4f4b-ab91-d88b3e417610,clean,s4,5,0.695719,0.813838,0.856661
e4ac5d29-b38d-44dc-9ec3-d59c80b8dc2a,shot_noise,s5,5,0.210916,0.323402,0.385243
e4afb57c-a0b4-4488-b715-9daa54105422,clean,s3,0,0.464708,0.523921,0.866896
e4b486f7-e6a3-430a-84cd-679da21da064,clean,s3,4,0.491045,0.534479,0.925412
e4bf865e-ee03-49f7-83a4-b654c79711be,clean,s5,2,0.529719,0.665735,0.772853
e4c03d65-dbb1-4937-a7c9-ff4b34d8417f,fog,s4,0,0.743218,0.847223,0.888527
e4d13881-9c00-4434-84d2-c61fbd099856,clean,s4,0,0.688071,0.800325,0.889793
e4dea75f-8b14-4078-b3f2-93cb8fd2482e,fog,s4,1,0.754228,0.856989,0.880235
e4deaf57-3972-442a-b283-eb943b6a9235,fog,s5,3,0.495009,0.657855,0.674960
e4e74909-7076-4246-935a-303b08fe8dc9,clean,s4,4,0.759326,0.860145,0.885054
e4eba711-1d51-4764-957d-392153b962e4,clean,s5,3,0.656765,0.788906,0.811408
e4f6f90c-de6f-4b9a-87d0-c75344292f7b,gaussian_blur,s3,2,0.439816,0.467981,0.879632
e4fe2278-43a7-462d-a8c0-a6a831c03a83,clean,s4,2,0.647088,0.771396,0.848464
e506a6d5-b08a-4722-9f7d-b1dfd6e1184a,gaussian_blur,s4,4,0.622445,0.747473,0.845776
e50876b7-f9a2-4899-9efc-6b4b50cb87f0,clean,s5,3,0.765482,0.866505,0.872111
e50b138b-4c41-4824-a62c-0c2e39aaf37e,shot_noise,s4,0,0.629154,0.762557,0.813696
e50d1edc-e348-42e9-8657-ccad9c97033e,clean,s3,5,0.573389,0.694429,0.841531
e533abd1-ce85-4982-b68d-79a84e7ee7df,shot_noise,s5,4,0.608719,0.750203,0.783083
e53456ec-6a74-40a5-afba-349a35ce9c27,fog,s3,0,0.567742,0.691557,0.830368
e536e2be-0aaa-47e8-9d9f-beb6a8f86458,clean,s3,4,0.384502,0.503430,0.660171
e539c840-6882-4d8f-845f-4916ad423a6c,gaussian_blur,s5,5,0.548223,0.705955,0.715820
e54c645c-e90b-41a3-b34e-f95904414f1f,shot_noise,s5,1,0.649084,0.781459,0.813500
e5557025-7c29-4dc7-bbdf-4eae350222de,shot_noise,s5,4,0.494217,0.658005,0.671745
e55ceea1-b869-4515-b309-49806d1f7f25,clean,s3,2,0.700797,0.802616,0.932827
e566a83c-d74f-4768-aa7f-ff659b0eb7ef,shot_noise,s3,1,0.548472,0.667295,0.831964
e56785be-54c2-424f-a647-2133fbe84bfd,gaussian_blur,s4,1,0.678297,0.803197,0.834325
e56a7f3d-8b16-49f2-b14f-3f9df8e2d9f5,clean,s4,5,0.642564,0.752410,0.903485
e577fee6-6d4f-43b4-9920-eaa90ac7b858,clean,s2,4,0.637403,0.725827,0.970865
e57b1bb1-42e5-4b6a-bef3-40c6fd8e713f,clean,s5,5,0.701731,0.822775,0.835733
e57c2944-e76a-4a5e-96a5-46ff622274cd,clean,s3,1,0.377919,0.480060,0.680235
e57e74b6-53d1-47c9-b4c8-b74877416e99,gaussian_blur,s5,3,0.419605,0.583069,0.610558
e57fab7a-b7de-497e-a331-1f6674800910,shot_noise,s5,0,0.515366,0.658374,0.744037
e5881aec-78d7-4b3b-85d2-9779ea1189e6,gaussian_blur,s5,0,0.466451,0.624662,0.666805
e595976a-5c1f-44dd-bca8-c5a38c332f4a,shot_noise,s5,3,0.628826,0.772015,0.772587
e599285d-9307-42a3-b35e-a2cc6521fec6,shot_noise,s4,1,0.647261,0.759595,0.895131
e5a9a66e-b4d7-4815-a33f-b8257574817d,shot_noise,s5,5,0.555317,0.713262,0.716971
e5bb01e2-e41e-4812-9ab8-62102882e327,fog,s5,4,0.363121,0.449315,0.684341
e6076c8b-4084-4eaf-8b66-1b096ab7d331,clean,s4,1,0.765531,0.865390,0.880619
e607bf3e-9c16-4e2a-9a6a-1c5dd358350a,shot_noise,s2,3,0.425155,0.480060,0.820869
e60e846d-c4a2-4323-bb04-f5adc5f4d6bb,shot_noise,s5,2,0.415756,0.578956,0.607211
e646a811-5fbb-4d7b-b210-fc7240ada49b,clean,s5,2,0.806564,0.892329,0.898469
e64d4b78-34d5-450e-bec5-053e2d1cdba9,shot_noise,s5,5,0.561401,0.682600,0.834091
e6643e3f-65db-4bd3-9914-ad4319910654,clean,s3,4,0.377919,0.480060,0.680235
e668dc0f-0aff-4e81-93a2-80aac3fe94a0,clean,s5,2,0.709259,0.828504,0.838059
e675b6e3-1caa-4a4a-b728-d1e2ec92b3c8,fog,s5,2,0.458089,0.620757,0.648341
e67a7eea-ecd1-4e95-9d9c-d796ebffb13f,clean,s4,1,0.594766,0.738972,0.772432
e68a6831-b91b-4255-b863-abb3098c8359,gaussian_blur,s5,5,0.615212,0.755629,0.786912
e68e6677-7e90-448f-8d8a-7a5d464c50e8,fog,s4,4,0.511633,0.662387,0.719996
e6adc7bc-3301-4dc2-80b3-e04032b91252,gaussian_blur,s5,5,0.605659,0.754129,0.755531
e6ce598a-17c9-49cf-8f27-0962d20beed8,fog,s5,4,0.373673,0.533198,0.567297
e6d368d3-722b-4a1a-a936-e1e37f29bc0a,gaussian_blur,s4,4,0.396491,0.501469,0.700971
e6d9781d-3a5f-4f36-8b87-215c02e0b9af,fog,s5,1,0.438693,0.602324,0.628771
e6ddcb64-afb4-4744-8b24-e493b0bfd553,shot_noise,s5,5,0.590632,0.742559,0.742944
e6e0166c-6f2e-47d6-b260-70040fd931a4,shot_noise,s3,2,0.655911,0.768357,0.895157
e6ef1bea-25db-480a-9875-f0cb35c02e46,fog,s5,4,0.799535,0.887453,0.898811
e6f0e6e0-f0f1-4dc8-be60-0e2509cba59f,gaussian_blur,s4,2,0.197595,0.323939,0.338933
e7019060-6f7f-4842-aa2f-5678837f43cb,clean,s5,3,0.780372,0.876634,0.876684
e704bc19-eea3-40a7-885e-a8e858eacaa7,clean,s5,1,0.718168,0.835545,0.838555
e7072273-976a-42a5-b1d6-c1c1abc2ecff,clean,s5,2,0.445517,0.606629,0.641283
e70acaae-9269-4ff2-b907-69a25de677e2,clean,s5,2,0.397341,0.568476,0.569253
e70fc1fb-668c-4bf2-882b-ce8915591535,fog,s5,1,0.606085,0.744224,0.795833
e717f121-4672-454f-af3a-2bf57e1270e4,gaussian_blur,s5,1,0.682933,0.809940,0.820325
e73047a6-af7d-4297-9b28-5751d439136d,gaussian_blur,s4,5,0.728333,0.834851,0.891045
e733e67e-7b32-4fac-b67f-06822793d5ea,clean,s5,2,0.413367,0.580560,0.595381
e73cd03c-41f4-4d29-8f57-9d1ab9e6d12d,shot_noise,s5,3,0.551956,0.710205,0.715096
e7437184-6720-4cbe-aa15-fb32e962e12f,shot_noise,s5,0,0.686687,0.809776,0.837728
e7476b0d-e790-4abf-8745-fe2d5d60e080,fog,s4,4,0.437949,0.597300,0.638507
e74e129a-cee7-451f-b4b2-3efab0f3d86c,shot_noise,s5,3,0.474737,0.637205,0.662075
e759f32d-2882-42f4-bcd9-6208cc2efa48,fog,s5,3,0.676943,0.807344,0.807403
e76d5639-4dd5-48c5-be73-05a655594514,gaussian_blur,s4,3,0.409904,0.581147,0.582219
e76e93fb-e31e-4119-b54a-d5b8b9ad1e5e,fog,s3,0,0.575495,0.669393,0.915563
e77b88fb-c3f5-46c0-9560-0f5908b2e452,clean,s4,5,0.575878,0.721405,0.764827
e77be9fa-ca6c-479e-b02e-21e2491c9a3a,fog,s4,5,0.317968,0.481656,0.484165
e78543e1-b0d8-4083-b091-2004334cb106,clean,s5,4,0.719465,0.827954,0.888542
e7856c37-3ba7-41da-b395-1ce967699a61,clean,s5,1,0.532391,0.691689,0.705104
e7887f35-e226-4f14-a74d-03e0c55bbfa4,clean,s4,3,0.607004,0.751737,0.770395
e7972497-4f5b-4fcb-a66b-31955c5c86ab,fog,s5,5,0.429454,0.516545,0.775273
e7a20d8f-d5f3-4df5-8f03-aa95da22b4b3,fog,s5,1,0.634871,0.775499,0.781840
e7a4cf93-d183-4c80-a787-52704be07784,clean,s4,3,0.687730,0.801194,0.884304
e7aa9051-4844-43f2-adc5-b119d3a6938f,shot_noise,s4,5,0.603344,0.719975,0.869141
e7ad978b-727a-4aca-9f01-6abbddadabec,gaussian_blur,s5,0,0.632538,0.767657,0.806144
e7aea38e-8c4b-44a2-b79a-afb964e485d6,clean,s4,4,0.810814,0.890636,0.940219
e7bc6650-7818-450c-848a-1f4611ea8032,fog,s5,2,0.608938,0.756849,0.757333
e7c4ece7-d5d6-48f1-813c-7bc1b001be74,clean,s4,4,0.746314,0.852389,0.870589
e7cfff0f-a4d6-4f27-9b63-ee6d914987de,fog,s4,5,0.535447,0.668753,0.784075
e7dbf80a-aa3b-4104-8958-74261d01c203,clean,s3,5,0.484943,0.528134,0.918078
e7dbfbf1-09d9-4158-b378-b02f5c219364,gaussian_blur,s2,5,0.254060,0.355834,0.481784
e7df56d9-6794-4557-86a8-58bf15903ea3,gaussian_blur,s4,1,0.556957,0.694359,0.784427
e7ef3c6e-2680-48df-a218-e98e85d2daa0,shot_noise,s5,3,0.596050,0.746783,0.747393
e7f66343-d44f-410e-9ac6-53eced9e69af,clean,s5,4,0.556962,0.698136,0.772795
e801616d-ba27-4864-8a3f-d94f711f644b,fog,s3,1,0.357440,0.448325,0.668592
e826a27a-0a4b-4503-a000-34ef1997dd26,clean,s4,0,0.723339,0.835204,0.865307
e8280727-8149-498c-9f05-f9a69ef3f75f,gaussian_blur,s4,2,0.391449,0.561454,0.565376
e83098cd-f77d-4a42-bd80-1840f4ccb43b,gaussian_blur,s2,4,0.514803,0.565113,0.943173
e836f622-d4e7-4deb-b379-24c77a9b5681,gaussian_blur,s5,3,0.595470,0.745547,0.750006
e843e947-e204-4647-92a7-daf97fcb6a5a,gaussian_blur,s4,5,0.606502,0.717914,0.886739
e85c48dc-d9df-4ea3-bd96-9772f17368b8,clean,s5,5,0.587681,0.737063,0.752619
e884e8d1-75a0-4ebc-bf1d-ebb3048a5800,shot_noise,s5,5,0.552884,0.710962,0.715920
e88e636b-2ec0-44c5-899a-2e48edbc72c3,shot_noise,s5,3,0.634998,0.776686,0.777075
e89aecf1-b0e3-4244-8e96-bc7d30166402,fog,s4,3,0.479331,0.638369,0.674773
e89efddc-b340-44c9-a434-8e0037dfb655,gaussian_blur,s3,2,0.430701,0.462771,0.861403
e8a432d8-ef37-4dc0-b07d-12674ba9e60e,clean,s4,3,0.447322,0.591648,0.683008
e9242e47-9505-4f6f-8a8e-ffff6f97db36,fog,s3,5,0.503072,0.628983,0.778304
e928a3d3-b365-404d-8024-dfc604d36db7,fog,s4,0,0.754428,0.849010,0.932997
e92a6517-c3b4-49d3-969f-2ed483b9edfe,fog,s5,2,0.419770,0.591267,0.591456
e92bbefc-f3a0-421a-ab50-ede42753a204,fog,s4,0,0.532380,0.687424,0.718569
e93d01d5-0279-45a8-92d3-5e72d9d7a309,fog,s4,0,0.505250,0.619448,0.807616
e9431508-b421-4e26-827c-6e9f5d298499,clean,s1,2,0.469416,0.484226,0.938832
e9464ea8-74ac-43b1-941f-e780e15958f5,fog,s4,0,0.669356,0.795135,0.835117
e9488ec1-b62f-4099-8997-01e04282d35c,clean,s2,0,0.535481,0.608053,0.925628
e9609ecd-e5f9-415c-a6a8-270c8197358d,shot_noise,s5,5,0.654163,0.787926,0.805093
e96ab391-bab6-4104-9148-4153deb1355e,gaussian_blur,s4,3,0.397252,0.469126,0.756032
e974ce8b-3942-4edd-8510-378a70861cd8,fog,s4,0,0.514090,0.636953,0.795099
e9757a8b-3741-4e8b-aa62-cfd761bacd0c,clean,s4,0,0.565424,0.715422,0.746880
e97d26c5-bc22-4a18-bbf1-71150bd13543,clean,s3,3,0.758547,0.850195,0.946155
e98de264-c706-4f50-bc61-2f901fd47b2d,fog,s3,2,0.616312,0.701932,0.966204
e9a274c7-7b4c-4f67-9015-d9e880d83ae7,shot_noise,s4,3,0.711542,0.826654,0.859205
e9a74efc-bf08-4bb5-8544-cc37e349564b,fog,s4,3,0.384451,0.447554,0.750571
e9a96ab2-25b6-413d-bcdb-965694bcd2df,gaussian_blur,s5,5,0.383515,0.550292,0.563557
e9ac7a61-ff48-4f4a-977d-49a3a68c7656,clean,s4,2,0.742804,0.849426,0.872332
e9b71c58-07f1-418c-ac30-38aa2f9bb602,shot_noise,s4,3,0.782202,0.872317,0.920677
e9ba0890-9db4-4267-a0b4-501b7694ea63,clean,s5,0,0.419919,0.586703,0.603003
e9c19da0-c474-40c6-8908-3b5e2e7bb5a7,clean,s4,3,0.674721,0.784564,0.904210
e9c5542a-deaa-4856-970b-227cb4eafc95,fog,s5,3,0.579151,0.724803,0.765087
e9cb5805-6e1e-410d-b1ff-ede83a8f59ec,shot_noise,s4,4,0.645961,0.757180,0.899082
e9ddb905-1d38-4d3f-88b6-f77adb92ab34,gaussian_blur,s4,1,0.803458,0.887484,0.922438
e9e952af-5868-4b17-8624-2e8913ceb8bd,shot_noise,s5,5,0.697523,0.821584,0.823093
e9ebb8d6-990b-42dc-81eb-7b50159bcee0,fog,s4,0,0.722781,0.828990,0.898126
e9fa70bd-488f-4413-a879-ad8a3916dc79,shot_noise,s4,3,0.692211,0.797566,0.919619
e9fb0273-d83b-4eb6-acc2-349c895fccc8,shot_noise,s4,5,0.478208,0.645172,0.652190
ea072b81-6f9f-44ab-9079-a5b5bf7bd803,shot_noise,s5,3,0.595938,0.745676,0.751313
ea13cd87-9b27-45a0-ab03-3851bfc928f6,gaussian_blur,s5,3,0.463028,0.603619,0.707024
ea1ffab0-1814-491a-b8e6-1b4fc6b4199f,shot_noise,s2,0,0.454944,0.476409,0.909888
ea32bda0-8420-4feb-85de-b354b250561b,fog,s4,5,0.566541,0.691717,0.825754
ea3514dd-3d9a-49f5-8403-4a0b6163eb81,gaussian_blur,s4,0,0.639561,0.749929,0.901057
ea46a0a5-8392-4f24-8249-3afc6e36515a,shot_noise,s5,3,0.561509,0.708081,0.757232
ea6b1ec1-f019-49aa-84e0-2745c298385f,shot_noise,s4,0,0.750219,0.846006,0.930536
ea6d3683-7193-4306-b986-77caa9529b42,gaussian_blur,s5,3,0.618011,0.763337,0.766354
ea7407c6-4cb4-46fc-8493-639a535d08c7,fog,s5,1,0.319501,0.479385,0.493670
ea77159b-a0ed-4e3a-98dd-cb958d4fb00b,clean,s4,1,0.645498,0.777270,0.817303
ea79f277-2188-4395-8177-c1b4546ebb30,clean,s2,5,0.474679,0.487010,0.949357
ea867a20-9a37-45ac-bc00-884873c595be,clean,s5,0,0.442124,0.613157,0.613157
ea9e9bde-33dd-4bd3-9888-67e0430de169,clean,s5,4,0.367461,0.536662,0.539104
eab273f6-3605-48a1-a3a3-af8b21129980,shot_noise,s3,3,0.578248,0.681185,0.894581
eab8ec2f-43f1-4875-8a0f-823f5cd44881,shot_noise,s4,2,0.277019,0.422721,0.453136
eab95b35-6d49-4abb-9e46-fdb8fa4d5b11,gaussian_blur,s4,5,0.547189,0.672430,0.813886
eadc1266-6c85-4495-848b-bb793052d71d,fog,s3,5,0.414054,0.522321,0.718155
eae337d4-28ec-47fd-92e0-1d19424011f8,gaussian_blur,s5,5,0.644966,0.781528,0.796256
eae4dc5e-559d-4b53-9679-968c36ec3bba,clean,s5,1,0.367461,0.536662,0.539104
eaebe115-a13d-45aa-a233-e6d5f647e2c1,clean,s3,2,0.461365,0.479906,0.922730
eaedde6e-cbcd-445e-8da2-15728a82b96c,gaussian_blur,s4,4,0.278202,0.414803,0.470331
eaf385ea-a6c7-4757-b70d-937ba6b6e75d,fog,s5,2,0.573280,0.725898,0.739252
eb02e8c2-5017-4805-beab-69382434c5a7,gaussian_blur,s3,4,0.543622,0.617682,0.931025
eb0525cd-e2ab-422c-b70d-980bd1ab5764,fog,s5,3,0.519654,0.667766,0.732507
eb05eef9-21de-4d5e-a74e-47428df9f493,clean,s4,1,0.647305,0.782322,0.802315
eb0cf0b6-b3a9-4b36-8f70-55bcb1920d04,gaussian_blur,s4,2,0.708605,0.814880,0.908186
eb0fd819-f5bb-4d20-a885-35de248a8911,shot_noise,s4,5,0.654253,0.758273,0.926366
eb0fde8b-50e7-4ec5-bb53-bbb2cc5e53e4,gaussian_blur,s5,3,0.522842,0.670594,0.735458
eb17328c-6f0e-4c07-b058-33f73f31eefb,shot_noise,s4,2,0.333660,0.482390,0.535099
eb1ca546-fbd0-490f-88bc-7835a88b01cd,clean,s3,2,0.647256,0.746812,0.940084
eb1d1cc4-8164-40be-9947-fc9de4f84965,gaussian_blur,s2,5,0.479768,0.489675,0.959536
eb1d5e4d-0340-4ab2-a482-21e84de5bb15,clean,s4,2,0.593613,0.734897,0.783061
eb3f5cc9-c64b-454c-8dcb-e003ab0740b5,clean,s5,0,0.768051,0.868625,0.870224
eb43c4ad-a00d-4c4a-babc-9fb6d69a5850,shot_noise,s5,5,0.553352,0.704858,0.738224
eb48730d-b932-4fef-8fd5-d36380783664,shot_noise,s5,2,0.675366,0.804634,0.814405
eb4b7e6d-158b-4531-b54b-df584b921077,clean,s5,4,0.657896,0.791082,0.805950
eb4cedd7-6a5b-4309-b06e-41df8b36b2ac,gaussian_blur,s5,5,0.802397,0.889347,0.899580
eb656b65-f74b-42e6-b723-c2e51ac41ba5,gaussian_blur,s5,4,0.285719,0.440873,0.450848
eb7b2104-9cae-4f2b-9364-971ef3c93e44,clean,s3,1,0.542604,0.667351,0.812133
eb89e354-088b-4e79-b599-d28be5490312,fog,s5,0,0.789752,0.882394,0.883653
eb8cd20e-56cc-4ae9-aa99-22307a32df95,clean,s5,5,0.720782,0.836040,0.848090
eb900af2-521e-4adf-8e15-26843035bc6a,clean,s4,3,0.185873,0.306373,0.323723
eb939c58-e1ec-4bba-b1f5-00334525889a,shot_noise,s4,4,0.591885,0.702835,0.880901
ebab7bba-7c34-4c39-854a-a594f60b19d2,fog,s5,3,0.260141,0.409326,0.418885
ebda6302-98f6-4afc-be2c-ca88fb2a2ca9,shot_noise,s5,5,0.640395,0.776945,0.797979
ebdaa54f-b7ec-448f-94e7-cb34ce1d0aa7,gaussian_blur,s4,1,0.406393,0.537896,0.664541
ebe371fe-7cc5-4d36-ba99-445b96e597e7,fog,s4,0,0.629752,0.750751,0.861360
ebe6de61-c355-46bd-a34a-2a1dc351dc4e,clean,s5,2,0.648512,0.785544,0.792567
ebf77090-ed5c-4f34-8680-b42cac487b9b,gaussian_blur,s5,3,0.549164,0.699005,0.742124
ebffd070-2063-46f7-86d3-82e70f1258f4,fog,s5,1,0.680528,0.808146,0.819030
ec04ac47-4bfc-4bab-8790-6f2b3d119315,clean,s5,4,0.585233,0.738354,0.738364
ec145654-a898-4b3e-81e3-77cf61f04180,shot_noise,s4,4,0.579855,0.730224,0.748283
ec2c255e-1491-4c7f-a609-3fc7beb2eb35,gaussian_blur,s4,3,0.426678,0.556241,0.692565
ec31ad37-07e1-4860-bee9-9d4df29d2089,shot_noise,s5,5,0.737751,0.846797,0.864037
ec37647b-7996-4b15-a846-4c893872c7f6,clean,s3,1,0.699566,0.801586,0.932309
ec466eca-430e-4e43-80c0-5f4d84905bf0,clean,s2,0,0.454944,0.476409,0.909888
ec4ad94f-8a85-4d93-af2d-7d5246c7ea00,shot_noise,s5,1,0.519448,0.678979,0.698539
ec4d8aea-be8b-44bb-941c-22a01700890b,fog,s4,1,0.461140,0.615362,0.672396
ec65f31e-1be3-49f7-9d62-a6f302874ba7,shot_noise,s3,0,0.535339,0.655574,0.818667
ec6d9b4b-4792-4347-a66c-0a204cb965ef,shot_noise,s2,1,0.334569,0.428930,0.628270
ec7bed72-371c-4fb3-8889-27bbbadb12c8,fog,s4,1,0.361062,0.528195,0.535573
ec802a07-5544-42f2-bfb9-1a820edd863c,clean,s5,1,0.763201,0.863803,0.879623
ec841862-6b51-4405-9432-1ee9d7da135c,clean,s4,3,0.493977,0.608711,0.795669
ec8559f1-2622-474e-9cbf-563aa008d6c7,gaussian_blur,s3,2,0.593606,0.716513,0.845419
ec918a38-71ba-4393-8449-4ed77a59c7a8,clean,s5,4,0.504618,0.627210,0.787580
ec924f10-7f15-4496-9fba-a07cf0f766ad,shot_noise,s4,1,0.454130,0.621473,0.632886
ec9fcb88-8bde-4389-9ef5-6752c26a2e6b,clean,s4,2,0.799131,0.884275,0.923584
ecabd63c-56ec-4ef3-ae6a-9b4ca50bab02,clean,s4,2,0.575282,0.711919,0.794491
ecc3859b-858b-4417-8fb2-93e78a6f7f56,clean,s4,1,0.348336,0.410611,0.696672
ecdcc445-481b-428b-aa10-f18b290bacab,clean,s4,1,0.703443,0.813269,0.893589
ecf3973b-c848-4817-bc3c-005aabcf07f2,fog,s5,1,0.652152,0.789327,0.790076
ecfa1bd3-393a-4725-b636-25205a422163,gaussian_blur,s5,0,0.509530,0.665856,0.702703
ecfbfd27-ee42-498d-aa52-f0654450046c,shot_noise,s3,3,0.507470,0.621976,0.808973
ecfded5f-691c-4fd2-a52d-4747438c4f91,gaussian_blur,s4,2,0.683009,0.806221,0.839680
ed043a33-451d-4de0-8534-d0c4ec7dd864,shot_noise,s4,5,0.745189,0.849156,0.886054
ed0d27ea-8e3e-4f93-8e3d-5e564c476034,fog,s4,1,0.647540,0.755381,0.911520
ed130206-2c72-4801-bc67-118bd3eb5617,gaussian_blur,s3,0,0.550707,0.645722,0.892448
ed13b56b-1bad-4d22-97b3-880cd3b8b85f,clean,s4,0,0.747114,0.849690,0.892277
ed164a9e-a216-4dc1-ae8d-17342fccf030,gaussian_blur,s5,0,0.424681,0.484735,0.812459
ed1837e0-fd17-4c38-a861-682dbf06eb4f,fog,s5,0,0.648859,0.784258,0.799934
ed1c7634-4a21-4800-820f-4ef74e7b68fb,shot_noise,s4,0,0.679261,0.807025,0.819232
ed1fa41b-375c-418e-bd9f-244bbaf187f2,fog,s5,5,0.620241,0.764477,0.770448
ed1fd3f2-fff1-483b-80a8-2b32b26efd71,clean,s4,2,0.427249,0.530816,0.743393
ed26e5bf-b2c5-4f0b-b064-1f7b0624d238,clean,s5,0,0.809407,0.893840,0.902443
ed3fdbf5-84f6-4aa4-a9ce-54bbc39e8207,gaussian_blur,s4,0,0.524486,0.676847,0.722853
ed60ed5a-6f55-475c-887d-4c9ab7ff810d,shot_noise,s5,0,0.687010,0.810674,0.834526
ed65e0af-e0f0-4706-8e0d-f047bd022041,shot_noise,s3,3,0.752913,0.839512,0.980733
ed709d62-d634-4757-930b-ebb1b1d7b59f,gaussian_blur,s4,2,0.472170,0.603819,0.736475
ed77d782-dd9b-498c-a199-4db2adce9857,gaussian_blur,s5,1,0.653519,0.787929,0.802382
ed7e94a9-60ce-478c-81b1-114523c2ae7c,shot_noise,s5,3,0.618769,0.764421,0.764799
ed8a4e0b-b3c6-426b-8b9d-dd455dc1670b,shot_noise,s5,0,0.579421,0.733072,0.736114
ed8e122d-bcf3-403b-af53-14f0088424a5,fog,s5,3,0.421238,0.591511,0.595874
ed9cc35e-1bf1-40c1-813d-1727e254c9ad,gaussian_blur,s4,3,0.574458,0.685404,0.870595
edbd96b9-7327-4f4b-b58b-cc0f596fd5c6,fog,s3,1,0.389264,0.514581,0.654757
eddd9749-1b81-405e-aa46-c0d3013a5b4f,clean,s5,3,0.680880,0.808017,0.821243
ede075ee-a20b-4395-925c-10bb70c08d2a,clean,s4,0,0.416537,0.520889,0.728402
ede17f5e-54ae-46c0-94f6-3cc24458c19b,fog,s5,3,0.535726,0.679020,0.755833
eded3a45-c7b0-4984-9340-a9cfd4c9f03a,clean,s4,4,0.567597,0.720799,0.736206
edf9e325-c34c-4e49-99d3-ee6b6bf8c518,clean,s4,3,0.479714,0.642867,0.663844
ee023f97-1a5e-46d4-aec2-1eb9dc881eb9,shot_noise,s3,3,0.554016,0.668289,0.847838
ee075129-3183-4a92-87a7-71b53a802a1f,fog,s5,2,0.444859,0.614307,0.619605
ee190332-4b18-4de0-8b8e-c8a38a701c48,gaussian_blur,s5,5,0.417413,0.585720,0.596843
ee20761f-1efa-4d42-a6a2-a3479963d67c,clean,s4,0,0.750219,0.846006,0.930536
ee2f9531-4f1d-49ac-bbc8-ee66c5a92dca,fog,s4,0,0.826691,0.904108,0.915718
ee3b73de-d4b9-4426-b49d-5e0a69f3bcb3,shot_noise,s5,1,0.814140,0.897003,0.902845
ee3d0da8-d3ff-42ef-8ff3-0f1235857d80,clean,s5,3,0.568459,0.712002,0.769520
ee42c02e-9e77-4a93-9685-5c9656718133,shot_noise,s5,3,0.552210,0.711357,0.712061
ee54aefb-6563-4931-9e76-45d9f50492d7,gaussian_blur,s4,2,0.500818,0.662436,0.682077
ee56d9d1-e42a-485c-88ef-9e519859947b,clean,s4,1,0.734300,0.835602,0.914891
ee5e6563-1f86-45b1-8a0e-2a0d1c11e284,fog,s4,2,0.735420,0.838566,0.903136
ee75369e-833e-460a-9ae3-9e44cd235c66,fog,s3,3,0.567534,0.644270,0.948553
ee7a00fc-e90e-4bd9-a8ed-b4ed2c9e1811,fog,s4,4,0.705540,0.813319,0.902518
ee81b028-4079-4007-a743-c2614139e56f,fog,s4,1,0.409990,0.580029,0.585173
ee85eaf3-f698-4843-9b26-39db9cfb2984,clean,s4,5,0.612439,0.744670,0.818283
ee864b2c-f440-4491-8e0b-41a35539301f,fog,s5,2,0.561063,0.713209,0.738394
ee8ab67f-91f6-40d0-9327-e79e011dfd79,fog,s5,0,0.667322,0.800468,0.800491
ee8c2926-a3ca-45e8-81b1-4dfa6d614e65,shot_noise,s5,1,0.445788,0.615657,0.619312
eeae0f90-75b6-4504-8f2a-732d6af5a985,fog,s4,5,0.544284,0.701771,0.715397
eeae8494-ea7b-4eff-b131-2d831ac0b002,gaussian_blur,s5,1,0.340984,0.467147,0.586272
eebdbf23-527b-42ed-94f0-a70c85846482,fog,s4,4,0.350154,0.421804,0.686251
eec79ab7-b927-4735-8b31-7308306dfe98,clean,s5,3,0.655172,0.784506,0.824891
eecb3af7-0de5-4acf-b2b2-290dc9c456c1,gaussian_blur,s4,2,0.403581,0.446646,0.807163
eed164df-c4cf-4999-af59-81ac984d537b,shot_noise,s5,4,0.533427,0.686876,0.724016
eed62719-ca44-4108-82f3-324bf6fef4e9,gaussian_blur,s4,1,0.734617,0.843797,0.867563
eedd8b54-9d3e-4ca0-94f3-cecabed9d0c7,gaussian_blur,s5,5,0.496661,0.653891,0.692011
eefcc65b-6929-4d7c-ad06-ef0f095bd58f,gaussian_blur,s4,5,0.818234,0.896617,0.933061
ef017365-3044-413b-b881-2bf943a33b25,fog,s5,1,0.490603,0.657247,0.661219
ef0ef9bf-1edc-4c17-8cdf-42f2ee18ea00,clean,s5,0,0.640196,0.759618,0.868059
ef0f19db-2ed8-4702-ba3c-87c2aa084afa,shot_noise,s5,2,0.702572,0.824166,0.831792
ef0f6579-c516-410c-9165-57d8d63e4799,fog,s5,1,0.624685,0.768068,0.772973
ef11af6c-219b-4cf4-aa49-c73b225a9816,fog,s3,5,0.438894,0.542948,0.756843
ef131652-0407-42b4-bcf6-692ec7dab99e,shot_noise,s4,4,0.417617,0.521260,0.731057
ef22bebf-7775-4661-b9c9-306d0f622684,fog,s4,0,0.633020,0.747541,0.885131
ef260798-f4f0-4013-b47b-4a4e6e2e2ba8,fog,s4,0,0.404404,0.575245,0.577472
ef2f85d9-a4db-4b24-910a-464faaaef228,shot_noise,s4,3,0.719850,0.834364,0.853672
ef3d1477-fcaf-4b6e-bc78-ed8d47e4485a,gaussian_blur,s5,1,0.576994,0.726919,0.749509
ef4207dd-9a20-45da-911f-2673e9c1aefb,clean,s5,2,0.765122,0.861380,0.907003
ef4a1848-ad59-4816-90bd-b3df40f51cde,shot_noise,s4,1,0.617616,0.755088,0.798420
ef614e35-0fa0-45c1-95ed-b592c82a9ef7,fog,s4,4,0.562532,0.707817,0.761813
ef7000ff-83d4-4f64-b841-097c7e3774f1,shot_noise,s4,2,0.462568,0.622704,0.658619
ef744d4e-8964-4786-afd5-08915aecc006,gaussian_blur,s5,4,0.652879,0.786229,0.807586
ef83bcbc-4172-4673-8d4c-f185ec80b875,fog,s5,2,0.743286,0.852359,0.855329
efa65833-039b-4a47-ad47-10130b1a4009,clean,s4,0,0.490973,0.654229,0.671219
efa8a8e8-3f63-42f3-9548-e2103769b9f1,gaussian_blur,s4,5,0.551077,0.702689,0.737093
efb59f82-2285-4167-a866-a12645779d74,fog,s5,3,0.385461,0.534356,0.603858
efb87be5-ab0c-4115-8011-cc9a8c17d03f,gaussian_blur,s3,2,0.591656,0.703564,0.877989
efd49dab-d29f-4055-a07b-d2e635e0bf43,gaussian_blur,s2,2,0.504432,0.552909,0.933819
efd9ce49-7681-413c-95a2-2ed828b4550a,clean,s1,5,0.469416,0.484226,0.938832
efdbcc26-5235-4234-a85b-7653e97abdd0,clean,s5,2,0.677123,0.805030,0.820059
efe4043b-9d0e-4c7a-821c-99a8a1983b5c,gaussian_blur,s4,3,0.511654,0.669788,0.698625
efec99dc-172f-49f0-8ea5-87cbde1494b1,shot_noise,s5,4,0.513540,0.678589,0.678613
eff76cbe-cd93-4fe3-9a56-17f7ba8ec9a3,fog,s5,0,0.699671,0.819652,0.843542
f001d3fc-f064-4563-a083-c31f8bbfece2,gaussian_blur,s5,4,0.679975,0.807871,0.818018
f003dfc7-07a2-4aac-966d-b5435dbf559f,gaussian_blur,s2,0,0.505718,0.557454,0.929952
f0060936-6eae-41a6-835b-cd8dc6bddd57,gaussian_blur,s4,2,0.309906,0.473143,0.473228
f0087025-a1bc-4906-b597-552d9efafccd,clean,s5,5,0.419642,0.581185,0.615093
f02274bc-ca14-41f0-b313-41a415b4f634,clean,s4,3,0.644192,0.780566,0.797407
f0240243-d171-43f9-a75d-8bb4abce520c,shot_noise,s2,1,0.467435,0.483169,0.934869
f032f5cc-c6d0-4b4d-aaf7-e3aa9da024d0,fog,s5,4,0.406900,0.567122,0.604571
f034e327-cb97-47a0-93a5-0b8385e84a60,clean,s4,0,0.474276,0.601108,0.749429
f03c3c1f-8695-41b0-9571-551bfdf98a38,clean,s5,5,0.773131,0.870446,0.884443
f03f1063-6fc5-434c-aadf-b09462cd8e92,fog,s5,3,0.532492,0.689345,0.712935
f047f84d-5d38-4e9f-ae45-36da84c49316,gaussian_blur,s5,4,0.656884,0.792904,0.792968
f04c59ed-ccc7-47c7-9484-ebbc09b23109,shot_noise,s5,3,0.541284,0.700705,0.707979
f0635844-5afe-437b-95f0-24a515da0e9c,shot_noise,s4,2,0.800364,0.886803,0.909526
f0648c82-fd12-4f42-899b-ad0e21d098eb,clean,s5,2,0.570007,0.726080,0.726267
f0723fc2-50fa-4c66-a284-12c1fbc20e20,gaussian_blur,s4,3,0.301657,0.455533,0.478123
f08847b5-2662-4acb-98c7-67d882f8c911,clean,s4,0,0.763913,0.858726,0.918758
f0917908-731d-4e9e-a4e3-90d3f9c05636,fog,s3,5,0.770800,0.859317,0.950533
f091f9df-5d15-4028-89d2-2db83c5f2572,fog,s2,2,0.484682,0.492222,0.969363
f095bbb1-a707-4b7a-82ef-0f6d9a919025,gaussian_blur,s4,3,0.697808,0.817706,0.845628
f0a65a35-bb7b-409b-9c24-c92d81f9cc52,shot_noise,s5,0,0.765443,0.866265,0.873684
f0ab8387-30c5-42eb-94e7-862b7ea85c25,fog,s5,5,0.355957,0.519462,0.536608
f0afa647-b270-45c4-9edf-5a27c466d61d,gaussian_blur,s4,5,0.689744,0.808769,0.856234
f0ba87fd-6db2-43d3-8f62-d322f3bc38e5,clean,s5,1,0.788197,0.881548,0.881616
f0c14055-1b3d-47fc-9fef-3665f3f4ba75,clean,s4,0,0.728782,0.836682,0.882512
f0c3f21c-4256-417a-b54b-1b8dfe99e1a8,clean,s5,0,0.509920,0.665873,0.704018
f0ca5b5d-ebbe-401e-adb9-86822963368a,shot_noise,s3,0,0.499070,0.619406,0.787844
f0cb1af8-bcf9-488f-bfa5-c0b23926057a,shot_noise,s5,3,0.630797,0.770728,0.786155
f0d04d48-91f3-45d8-97c5-73c07eaf8205,shot_noise,s4,3,0.775497,0.869990,0.900979
f0da0c62-11ee-4a7a-b8ee-bb3ba1212733,gaussian_blur,s3,4,0.465181,0.558997,0.807280
f0e290b3-30f4-4837-b76e-817aa6be2309,clean,s5,2,0.205798,0.339273,0.344485
f0e4d024-fa6e-463d-b5c7-7e47f1214574,gaussian_blur,s5,5,0.624680,0.768394,0.771556
f0e769fb-7d38-4117-8a1d-5564b42efbfc,fog,s4,5,0.751341,0.855905,0.872685
f0f3161c-8ff4-4748-9a1b-9c48ad7df4cf,clean,s4,2,0.711874,0.815950,0.917207
f0f7b5a3-9b81-4eba-a4b9-302d292b857b,shot_noise,s4,5,0.601642,0.730562,0.828181
f10327df-fbbd-4a21-a9a7-058c21864dba,gaussian_blur,s4,5,0.515560,0.664057,0.728875
f107ea24-b55e-4a32-9619-ef5565bcb34b,gaussian_blur,s4,4,0.354537,0.521752,0.527093
f1148cdf-7206-4d86-a79e-53dc1545faef,fog,s3,1,0.563293,0.639216,0.946360
f11a5873-b3d3-4bb3-af3f-9d06ed82da50,clean,s4,2,0.695719,0.813838,0.856661
f12590f2-c4b5-40f2-8b30-b6bd7da30064,clean,s4,0,0.163135,0.269557,0.295504
f12b8afe-b209-4f0c-a65b-98ae2f701a67,fog,s4,5,0.660729,0.785673,0.842539
f1424e05-f6b2-451a-abe8-83cb9c64749f,gaussian_blur,s4,1,0.471413,0.609657,0.720450
f14dab29-8bb8-4b4e-baaf-5fb1389d208d,clean,s5,0,0.760266,0.863607,0.865280
f1692452-b65f-459d-a390-b73bacc1e5ed,fog,s5,3,0.491532,0.655916,0.668341
f1692a7a-57ad-4318-a45c-ed1b5501c3f6,fog,s3,1,0.429925,0.462322,0.859851
f175469f-9cd5-484f-8036-bf834cbbd7b6,shot_noise,s4,2,0.703403,0.816308,0.877989
f184f20a-7dc6-431e-9cae-fbb662eb619f,shot_noise,s4,3,0.641843,0.776754,0.804710
f18780e1-0be4-4003-b51e-0e5d80931e3e,fog,s4,1,0.297696,0.458779,0.458859
f19dcf67-841c-4892-864a-557a09493cad,gaussian_blur,s4,1,0.523097,0.632272,0.835403
f1a6dfae-5c71-4e15-8351-3f17d210ff2c,shot_noise,s4,0,0.717700,0.828842,0.875440
f1b2c164-0b0a-4fb0-932d-dec3fbeff28a,shot_noise,s4,4,0.709863,0.811491,0.930176
f1bc9295-780e-4a11-84be-207112fbfb35,fog,s5,3,0.559992,0.713015,0.735109
f1dbdfcc-42e3-4a01-8c4d-b1725bee5184,clean,s4,3,0.750219,0.846006,0.930536
f1dd25b1-5419-4545-a079-fbe3fad01220,gaussian_blur,s4,0,0.462368,0.560907,0.795073
f1ec2a6c-35d6-4772-b81f-ffd00a0aa231,fog,s2,5,0.491480,0.541767,0.914997
f20db3a1-5f30-4c10-b22a-daa37ebe0473,gaussian_blur,s5,5,0.595766,0.745263,0.752257
f213fd5d-8dc6-430f-aa34-831c032ff303,shot_noise,s4,2,0.381003,0.541514,0.574163
f22004ff-8e87-4352-b165-704401e0b364,shot_noise,s5,2,0.484178,0.651692,0.654636
f22012d2-1ddf-4144-b946-385635b94f27,fog,s4,3,0.683830,0.790302,0.916810
f22f1e7a-6e4a-40a3-82ac-448017528475,clean,s5,1,0.636580,0.773978,0.795468
f23803b9-c810-465d-94a9-4be76ff0a3e9,shot_noise,s5,0,0.700668,0.821936,0.835536
f23c10f9-d570-4609-ad4f-15cda9087ac7,gaussian_blur,s3,4,0.593277,0.674190,0.961219
f2583e0c-a50f-41c3-b670-2b65ff80ac57,gaussian_blur,s4,5,0.430552,0.566546,0.683590
f26450dd-7afa-41f0-91a4-ee36095f6863,shot_noise,s4,0,0.740909,0.848149,0.871104
f2661fdd-ce86-416f-aaf4-56c353f8e6a6,clean,s2,5,0.473623,0.524295,0.891917
f26976b8-f702-4bdb-a97a-a1578b163f1f,fog,s5,1,0.456674,0.619015,0.647994
f26ffb08-6df1-439b-bf32-d04634c3515d,fog,s4,1,0.643212,0.761310,0.873204
f2753fd6-22c1-4a9f-b217-482ed972f8af,gaussian_blur,s4,0,0.837141,0.910295,0.923129
f27cbdea-153e-4719-b486-81c00c7cc778,shot_noise,s4,5,0.556531,0.698401,0.770432
f27d1e47-bcf1-44c3-84bb-7d7298a4849b,gaussian_blur,s4,4,0.564269,0.713920,0.747760
f2842947-b621-49bc-bc42-aa950067a3dc,clean,s5,3,0.646418,0.781851,0.800787
f2850d0f-d71f-45c4-ac64-cb95b424d433,clean,s5,5,0.392627,0.559576,0.573604
f28fe397-1947-469e-8d46-9b2f03b97860,fog,s4,3,0.554151,0.689813,0.788276
f2a3ba6a-8b34-4623-80bd-8192daf3d408,fog,s4,2,0.501330,0.624139,0.784139
f2a524b2-d2b8-4dea-bcd9-2a900c1ea94a,shot_noise,s3,4,0.526290,0.652688,0.796007
f2ad3095-e4fa-462b-a866-1a7c669d6916,clean,s3,5,0.748927,0.840959,0.953792
f2c2cc1a-454b-4bb9-a75e-e6a547f9f801,gaussian_blur,s5,2,0.756718,0.860318,0.870069
f2c5cc8e-8e80-4199-a919-95407a0c9da7,clean,s4,4,0.847124,0.915073,0.942704
f2d18cb4-ddb7-44b5-b890-44eed6a156bd,gaussian_blur,s2,2,0.455902,0.476934,0.911805
f2d33745-1a2c-488d-822e-4a22cfc79032,clean,s4,0,0.562166,0.701015,0.782311
f2d73a28-b39d-4a36-b8f6-c859bf75b246,clean,s5,5,0.759855,0.862922,0.868066
f2e6c821-3de7-4ea0-9a50-89373c8797ae,fog,s5,4,0.326397,0.427699,0.604784
f2ef6114-8404-4229-a465-089f78fb02fa,gaussian_blur,s4,0,0.774193,0.867907,0.909216
f2f38040-f276-4867-bfa5-be2d501b5457,fog,s5,0,0.454959,0.616481,0.648624
f2fc0073-e43f-44cf-8b39-7a0b8eea21b9,gaussian_blur,s5,4,0.590107,0.742190,0.742352
f30d977f-96f9-408b-8b3d-a20aebd541ef,clean,s5,2,0.740790,0.850581,0.854546
f30f0bf8-6873-4969-8f2b-b6cdeaa80b74,gaussian_blur,s4,1,0.473250,0.597914,0.753237
f31955a0-1ebd-4939-9da9-43f01c773f50,shot_noise,s5,4,0.352333,0.515854,0.531856
f323ebd8-01f1-48ad-b2be-925c59eb45af,gaussian_blur,s4,5,0.451425,0.613930,0.643063
f3269082-e4e5-4bf8-aed8-0a18cf6f48c7,clean,s5,3,0.809407,0.893840,0.902443
f3291c97-99eb-4ae0-abdb-ed51f3d4d8e1,shot_noise,s5,0,0.394760,0.562879,0.573344
f33e4c5f-ce4d-435f-a83e-fde48afcea44,gaussian_blur,s3,1,0.461125,0.479776,0.922250
f3434a11-2bdd-4848-9d31-94bc756a98b3,gaussian_blur,s4,2,0.507263,0.628755,0.792518
f346cdb6-1c6c-4718-81a5-d8c476acc5a6,clean,s4,4,0.479714,0.642867,0.663844
f34dc852-d51f-4608-b513-7921b22c907e,clean,s5,1,0.171460,0.276799,0.314757
f356b468-50b3-47c0-8a59-b0c9b9fd4911,gaussian_blur,s4,4,0.477501,0.569416,0.825067
f3658c87-99ea-4ae8-9ffc-0db7ff0df3eb,fog,s3,2,0.421736,0.457545,0.843471
f36d92e9-baeb-45fc-aae6-e58559ddc8c5,shot_noise,s5,1,0.552125,0.706348,0.728795
f3757e1c-d1bf-41ac-af60-4da8a7fc94fb,gaussian_blur,s5,3,0.373659,0.542902,0.546512
f3780e16-7047-45a6-b377-3ac2647de449,fog,s5,1,0.699395,0.822883,0.824395
f3797de7-430e-4251-9e77-122bff7acb5d,gaussian_blur,s5,3,0.416861,0.588426,0.588437
f37b1c19-0830-48c4-aa3d-fd5a2aff69d5,clean,s4,5,0.447823,0.580268,0.709980
f37b9acd-2408-4916-bf14-6746d7de3254,fog,s5,5,0.487653,0.654917,0.657579
f37da1ad-1c59-48dc-af7f-7a04663c55ce,shot_noise,s5,5,0.703154,0.825016,0.829664
f38fa9e8-0c48-4335-86ab-2f7b3bf1b1b1,gaussian_blur,s4,4,0.348651,0.410829,0.697301
f3981cc1-3d88-4a0c-b783-27188f7fb7c7,gaussian_blur,s4,3,0.686947,0.804635,0.864544
f3a6766b-d670-4d7d-883e-2bcbb0eaa6c1,clean,s5,1,0.685803,0.807940,0.843205
f3b7cfd1-1548-495d-b3ba-ef40a3d2b308,clean,s5,2,0.813076,0.896770,0.898187
f3b96d18-7079-4935-843f-e6b2bf78acdf,shot_noise,s5,3,0.702380,0.824337,0.829940
f3c13ee7-5974-4544-9573-692e0c8d005d,shot_noise,s2,5,0.378521,0.431934,0.755547
f3db375a-9903-48b8-8142-f63ec334cafb,clean,s4,4,0.652047,0.762562,0.902331
f3e799df-af34-431c-9242-536a077e86f0,shot_noise,s5,1,0.538055,0.694096,0.717835
f3e8eb48-2654-4f59-9a5f-3f65b1d267f1,gaussian_blur,s4,5,0.342006,0.481275,0.564480
f3ea1ecc-5791-4e0b-9ea4-4a7b4e01d5ba,shot_noise,s4,2,0.358755,0.433554,0.694912
f3f717ab-a0c6-4641-b2cb-3697647a26d8,clean,s4,1,0.617391,0.735579,0.868808
f3f9109c-e5f1-4597-8448-48d51d13b2ca,fog,s5,4,0.497691,0.661218,0.674624
f409b64a-8fc3-4520-910a-1f3fa524ec9f,clean,s4,4,0.634775,0.765316,0.824629
f41743e6-0b77-4d33-b5d1-48ef1df37eb1,fog,s4,5,0.315126,0.474732,0.487803
f4236f5b-7f52-42df-b1f0-8a7a020362d7,clean,s5,4,0.430482,0.500544,0.804741
f4274d5a-4a69-4855-9db7-88aa11e8049f,shot_noise,s5,2,0.343727,0.507758,0.519413
f42ec904-a516-4d26-98ec-dd1f8c49ec8a,fog,s5,4,0.507871,0.669812,0.685179
f4345f40-355c-49df-b18e-e5c5fdeca139,shot_noise,s5,5,0.877021,0.934172,0.939181
f436b52f-3172-4532-b4d4-879a5f9ade97,clean,s5,2,0.534207,0.651651,0.824841
f438592f-6444-4e83-8d3c-5d635d30c1f4,shot_noise,s5,0,0.813446,0.895890,0.909015
f43abd5f-cb83-4151-ac9b-4dc1cb1479ed,fog,s3,2,0.442318,0.545401,0.762800
f44e675b-7b82-450c-af99-dc0c264a7b40,clean,s3,4,0.641793,0.755379,0.889909
f450fad3-80ef-470c-9bbb-09ae4b35ab30,gaussian_blur,s3,2,0.501563,0.618504,0.797940
f451733a-f91c-4910-a5b2-9fc7f4a6879b,clean,s4,4,0.752731,0.853061,0.898821
f457bde0-2368-4135-9912-6d4289042e7f,gaussian_blur,s3,0,0.549681,0.620638,0.943419
f47059a2-79ee-4646-a83b-eff0c9f77694,gaussian_blur,s4,2,0.736041,0.837020,0.915035
f471e380-60dd-4373-a20f-1e9d7ca018b9,shot_noise,s3,5,0.254473,0.375921,0.453429
f489361d-81e3-4947-8c50-03770c631764,shot_noise,s5,5,0.635586,0.777003,0.778064
f49039fc-1f8a-4533-8dc3-c6c0cb2f92aa,fog,s4,1,0.369866,0.530384,0.560486
f49cf93e-be0f-4226-8442-1d7c8fd0e55d,shot_noise,s3,2,0.449028,0.580117,0.714190
f49df0f0-e0a0-48be-ab65-cb741820c246,clean,s3,5,0.517111,0.582360,0.919579
f4b33882-d8cd-4daf-8deb-b31195a0e8f3,shot_noise,s5,5,0.528284,0.686542,0.706656
f4b4ed4d-f32e-4f3a-9b71-60374be64128,fog,s4,2,0.608292,0.724833,0.871327
f4b5a1b5-6b7a-47bf-8a38-fe548de7decb,gaussian_blur,s3,0,0.710451,0.802478,0.973685
f4b6f3f9-7629-4f6c-b017-c4e68c433fc5,gaussian_blur,s5,3,0.485978,0.585037,0.820480
f4b8a208-67ed-495a-b59e-b8581b0ad4d4,clean,s4,3,0.656222,0.788899,0.809168
f4ba29cf-162e-4488-beb5-48b53d6d2cbc,fog,s4,2,0.294127,0.454538,0.454592
f4bcc885-a959-4e00-baa2-7948ee84cc80,clean,s2,0,0.476727,0.488086,0.953453
f4c15892-56f0-47ac-b919-42a00d142c88,shot_noise,s4,5,0.739696,0.848591,0.862150
f4c7add6-f09e-4017-a2e2-be5c4d565585,fog,s5,0,0.570398,0.719166,0.752331
f4d0bb20-5935-42df-90a9-8723a0475766,gaussian_blur,s4,0,0.440873,0.555570,0.738817
f4d78826-5fb1-4d6a-b8ce-fe3fda38d20d,clean,s4,3,0.431710,0.550486,0.720048
f4f00873-e896-41e8-a773-e31a803983e0,clean,s4,3,0.403730,0.563756,0.601516
f5033b01-721b-4bad-83ec-6b85727977d9,shot_noise,s5,3,0.768716,0.869014,0.870939
f504013e-1f32-4f66-9b28-0c8d94ca56b8,clean,s4,3,0.342547,0.406561,0.685093
f50a5241-3251-47b7-bde3-c553574fbb96,gaussian_blur,s3,4,0.322114,0.448578,0.557440
f50b1894-3568-4e85-95c2-d2f19ba7b6b1,fog,s3,3,0.356027,0.415906,0.712053
f51c51ab-1194-4393-a5cd-6f6aa9ff7e41,fog,s3,2,0.262172,0.386456,0.462656
f51e9c60-ca80-477c-8d09-c5b631124a93,fog,s4,1,0.187726,0.309391,0.325840
f51edc34-9198-486e-b8a2-f7c42675c8f1,fog,s5,5,0.358095,0.507610,0.567435
f5203cb5-2f05-4b6e-b644-8a0065180b64,clean,s5,0,0.448091,0.618840,0.618955
f52177ff-e598-42c3-aeab-a5a1be3577cc,clean,s5,0,0.204027,0.337163,0.341541
f52c1022-9537-44c0-a677-c1ab2fae4747,fog,s5,2,0.314624,0.451515,0.528128
f534a91b-5a69-4512-a22f-f368d2c623a5,gaussian_blur,s4,1,0.158438,0.273522,0.273557
f5436865-5573-4e7b-9f8a-3a3c3cdb2a97,shot_noise,s4,0,0.672561,0.794407,0.852006
f5454453-91cc-4ac4-95b9-d3680bb4c647,clean,s4,2,0.369219,0.500770,0.616517
f5673048-e592-4c8f-86c8-652a9253f565,fog,s3,0,0.535339,0.655574,0.818667
f57db138-a960-4002-a35d-eb38289ece8b,fog,s5,2,0.723354,0.839471,0.839481
f584676e-d0a9-43d9-9755-56fbcdcd6a75,shot_noise,s5,2,0.659314,0.793148,0.802101
f5879d79-37e0-4cf6-958c-eac77f07ab50,shot_noise,s4,3,0.566495,0.714809,0.752912
f5916a4b-8807-4014-a811-27bcbbba8e68,clean,s4,3,0.781076,0.874430,0.898211
f59ca52a-62f3-4635-b485-faca6dc4a6c1,shot_noise,s2,1,0.485901,0.538444,0.904411
f5a1898d-a8a9-46bd-9eb1-f653d82d3e79,gaussian_blur,s5,0,0.293659,0.415101,0.520500
f5b2a364-a69d-46c5-9291-f3b962e098ba,fog,s5,0,0.790996,0.882062,0.893828
f5ba9d72-674f-4226-828d-8ab45470ca6a,fog,s5,4,0.605660,0.746683,0.784896
f5c5bff8-7b6f-4179-8974-f884e759cce1,clean,s4,3,0.629752,0.750751,0.861360
f5ea2789-5b16-4540-b17b-dbe191a6464a,clean,s4,4,0.192109,0.316146,0.331301
f5f01cb5-559a-406b-8efb-d3385fe7d472,fog,s5,4,0.336923,0.493856,0.524123
f60420a7-38f0-4ef4-a4a1-7fc9cf26c569,gaussian_blur,s3,4,0.455320,0.476615,0.910640
f6080686-9121-4010-900e-a56a288a6b1e,shot_noise,s5,4,0.695927,0.819406,0.827893
f61090f0-de85-466b-a9ff-78dd6c280098,clean,s4,0,0.689480,0.810192,0.847877
f61e39ce-11f9-4697-8726-8a6f8bbf2e6c,gaussian_blur,s5,3,0.673099,0.800930,0.823120
f622a1d9-84a2-4d29-b423-c01d97855c82,clean,s3,1,0.470960,0.511671,0.903840
f63f7550-993c-4b90-b766-63ff0ae208ca,fog,s4,5,0.628038,0.757902,0.827808
f647ff6e-5946-4a84-9129-7a5b5b622b42,shot_noise,s5,5,0.424053,0.585944,0.618778
f64995df-1032-465e-b5e1-11873e3ad6fb,shot_noise,s5,5,0.408368,0.449562,0.816736
f6530d90-3e26-434c-8f46-6fb2195dc073,shot_noise,s5,3,0.671584,0.797956,0.831120
f65ee067-194a-4ff4-970d-3f863bc70531,fog,s4,0,0.511585,0.632453,0.797776
f670c77a-4696-414e-91cd-7da758834f75,fog,s5,4,0.368122,0.538107,0.538216
f6755553-fa03-4c68-8197-63a0331a2916,clean,s4,3,0.722325,0.836123,0.854987
f67c6bec-c1f7-4541-88b3-71b9c4eee1b0,gaussian_blur,s4,4,0.477023,0.598267,0.764555
f694cfe5-b86a-486c-922f-e5d7630fd530,clean,s3,3,0.436647,0.512756,0.803077
f6b1635c-eba6-4953-b01e-f8f1d598626d,gaussian_blur,s3,2,0.592851,0.693974,0.909136
f6c18f2f-a19b-4c91-b3f1-6689125eb8ff,clean,s4,1,0.551364,0.664027,0.850066
f6d47154-db21-4e55-bc92-3b118c92e19f,fog,s5,5,0.586967,0.738841,0.743157
f6d5583b-a280-4912-a1f6-3da143040310,gaussian_blur,s2,5,0.461676,0.519071,0.865915
f6df2cff-2fcd-4f88-ba9c-d2d715815672,fog,s5,2,0.710916,0.829620,0.839342
f6e1d529-47b1-4a27-bf91-c1f7437c1566,gaussian_blur,s3,2,0.659731,0.766984,0.915157
f6e587bf-e2e2-4dc5-b02f-a372b57d2af2,fog,s5,5,0.490398,0.654875,0.667355
f6e91166-c0b3-4840-a63a-0070de82cf83,clean,s4,2,0.732077,0.843467,0.857136
f6efc72f-10cf-4d91-84b9-dcfb298bee35,fog,s4,3,0.223176,0.330457,0.416373
f6fb47cf-32ee-483f-876f-b418bef5ce71,fog,s5,4,0.511599,0.673737,0.686587
f6fed716-5d56-4f34-93b2-177356f977fa,gaussian_blur,s4,0,0.620503,0.745603,0.845269
f70105b0-106d-4faa-9632-46e887cc9c6b,shot_noise,s4,4,0.679128,0.803897,0.834443
f708df89-32b3-4025-9cc6-cf177b89e982,clean,s5,3,0.627416,0.768598,0.781685
f70ce530-09b3-43ce-b1ab-c4806cbe96e0,clean,s4,3,0.603832,0.730862,0.835189
f71097a5-5d26-433f-813a-7770f6e3f3ec,fog,s2,1,0.475925,0.534931,0.881413
f71badb1-9c18-438f-920b-50d649d96a7e,clean,s5,3,0.595614,0.743617,0.758061
f724a22a-2674-45be-9edd-da6eae094ee4,fog,s5,3,0.348464,0.509344,0.532091
f729a1e3-44f7-4402-90c1-add12d45068e,shot_noise,s4,1,0.707389,0.822104,0.865253
f73ec136-c572-46bf-8ad6-ce05ff18119a,clean,s3,2,0.584260,0.695841,0.874811
f747d58b-cdf4-4a22-a454-4f907f6eac87,fog,s4,1,0.389523,0.557649,0.567459
f74bd7db-474c-4e56-8a07-ce83a123d27a,fog,s3,1,0.464801,0.481758,0.929602
f75c5bbb-e2f9-47b5-b0bf-893eeef4ec07,clean,s5,4,0.705326,0.825199,0.838672
f76a2dee-9ed2-4f1e-807d-c8d84058a478,shot_noise,s4,0,0.555412,0.704622,0.746480
f771c10a-beab-461a-9958-0919850d3536,fog,s5,2,0.497162,0.663187,0.666964
f7745af5-a860-42a7-9eaa-2b1119b106e5,shot_noise,s4,1,0.675547,0.800192,0.837231
f77c5057-6f0a-4938-995a-f2ceeb4c9532,shot_noise,s5,4,0.757265,0.860403,0.872363
f782476e-12b5-4d3f-bd6a-99b6c2389f6e,shot_noise,s5,2,0.477765,0.611503,0.736957
f786cee2-c3ab-4e47-a016-4fda96231abc,shot_noise,s3,4,0.399325,0.484136,0.738619
f78ac058-9f9f-4494-8886-a1c5804e45d1,shot_noise,s3,1,0.624771,0.717939,0.950288
f79a26af-64d1-4ba3-9775-d8de6a797aa0,gaussian_blur,s5,3,0.746084,0.851806,0.873296
f7a05b06-e334-45cc-afbc-0a762036258b,clean,s5,0,0.597879,0.739048,0.783952
f7a3e2de-c7ed-4086-8f06-85cceb7eeabd,shot_noise,s4,5,0.336281,0.496626,0.516585
f7ae2cae-be2c-4e27-b7a7-5fa73d4147be,shot_noise,s2,4,0.675685,0.765652,0.980583
f7afb639-7d95-41aa-b591-9c995733ce32,shot_noise,s4,3,0.629855,0.769787,0.786405
f7b22b3e-e596-4dc1-a276-53a1ff43e29b,clean,s4,1,0.708870,0.817207,0.897633
f7b9f633-feb1-4efa-af87-47a50a262b64,clean,s5,5,0.665440,0.797697,0.806133
f7bda1d2-6d53-4316-8f0f-dc482fcf13fd,shot_noise,s5,0,0.724981,0.840330,0.842053
f7d44e9b-15e2-4a46-a9c3-22460a22ecca,gaussian_blur,s2,5,0.299153,0.405003,0.553867
f7e1a1e5-f984-4635-9a8d-0951f21741b1,shot_noise,s4,2,0.640520,0.750381,0.903036
f7e36348-5053-4818-a9da-0317e30c619b,fog,s4,5,0.356698,0.518216,0.541643
f7e4cf97-a515-4fee-9f13-25d92c6e6ebe,gaussian_blur,s5,4,0.662457,0.796375,0.799840
f7ee4828-9647-4af3-bd63-1a83d243698f,fog,s5,5,0.680031,0.808991,0.812448
f7f32fcf-20bf-4b64-841e-e43b2b137427,shot_noise,s5,3,0.654793,0.783551,0.827605
f7f61922-3c5a-4f1d-961e-53af139e95ea,gaussian_blur,s4,1,0.772164,0.863615,0.928782
f806d5cf-defa-478b-ac1b-e9b46af87795,clean,s4,4,0.443114,0.469841,0.886228
f811b641-66e7-40dd-8da1-96a3340aaab9,clean,s4,1,0.618438,0.743162,0.846309
f82177b5-c907-43cd-9043-f80f01282ae6,shot_noise,s5,0,0.703630,0.825597,0.828557
f83ab212-3455-49ec-ba4e-422c3b8733c2,clean,s5,4,0.202881,0.335179,0.340555
f8490abe-416a-4681-a08a-82d07e2fc1d2,fog,s3,2,0.446933,0.471980,0.893867
f849a479-203d-4868-937e-3598f08c5ca6,clean,s5,3,0.348945,0.516615,0.518901
f8504760-8bb3-42c5-a705-6c513517f388,gaussian_blur,s4,4,0.601893,0.730469,0.829417
f8537ba9-2e30-4333-8532-35686461a26f,gaussian_blur,s2,3,0.490054,0.494977,0.980108
f85489b0-babe-473d-a573-c740eb8f4630,shot_noise,s3,1,0.464801,0.481758,0.929602
f874f17c-eef1-4269-8cae-e3e259d4fcb7,shot_noise,s4,4,0.741365,0.849566,0.864168
f8788bf6-2584-4388-b524-714c6065e85e,shot_noise,s4,1,0.754766,0.854368,0.900613
f8793030-b6ac-40e2-b721-83c43828872a,fog,s5,3,0.339089,0.415741,0.661696
f8866b71-2706-425a-b046-d2976ef6c4c1,gaussian_blur,s3,0,0.816006,0.889716,0.979982
f88c87d5-0c5f-46ab-9248-ee38b9e79ce2,gaussian_blur,s5,4,0.685664,0.813139,0.815584
f892987f-4d51-4600-a276-5adb1d4d6aef,fog,s5,2,0.411612,0.482249,0.778120
f89a7817-a502-4451-994e-0eeb84323735,clean,s5,1,0.738026,0.848720,0.852895
f89e1042-82bf-4f4f-b0c2-a09765cdca71,fog,s5,0,0.694810,0.809514,0.874590
f8aa2c78-3a9a-439d-90e2-9b457e6253bc,clean,s5,0,0.443252,0.614206,0.614331
f8abad52-6ff7-47bc-9635-773180b42523,clean,s4,0,0.722325,0.836123,0.854987
f8b8a2a1-c964-4d50-bc87-47559c71bdb0,fog,s5,1,0.327801,0.413084,0.631189
f8c2a100-87c7-494d-b333-99c005110a63,fog,s4,0,0.430017,0.548898,0.717835
f8d070e6-248d-42d2-bdac-38e64a415708,fog,s4,1,0.373066,0.506657,0.617896
f8d106e5-0f0c-4233-8262-6504032c6c5c,clean,s5,4,0.689502,0.811726,0.840087
f8d40642-099b-4302-aa57-28a8e0a79110,gaussian_blur,s4,5,0.461044,0.596850,0.716112
f8e2a7e4-8721-4ae0-adfb-9972771ae109,clean,s5,1,0.421363,0.592888,0.592928
f8f9aaf0-db05-43a4-b82f-f24baf32b81d,fog,s5,1,0.431033,0.602403,0.602421
f8fb0844-bcde-4914-ae4e-d4bf513f1224,shot_noise,s5,2,0.696158,0.810834,0.873892
f908e45c-23aa-42de-b66b-1b02e77d65ae,fog,s4,1,0.450029,0.589911,0.695838
f92038b1-fd88-4085-8b43-9ab2b1467de8,shot_noise,s5,1,0.434607,0.603428,0.612096
f920b421-bfc1-45ca-a1d6-9702794722ef,shot_noise,s4,2,0.380022,0.550743,0.550757
f93709dc-9d6a-4db1-8575-197f7b83ff70,gaussian_blur,s4,2,0.399264,0.569581,0.573224
f938e6f1-02e1-4e98-b606-395863c9978d,fog,s5,1,0.379461,0.549769,0.551024
f94711e9-e376-4697-8562-79b6b8cdbb39,fog,s4,0,0.473305,0.571415,0.808387
f947ce86-6725-4aaa-9cd1-0b212b93eda3,clean,s4,1,0.423055,0.458348,0.846072
f94e7983-569a-44a1-881f-f23cee314ff4,fog,s4,3,0.539272,0.692240,0.728123
f94f4102-6489-4cf9-9291-45a73da82f1c,gaussian_blur,s3,4,0.644782,0.752378,0.911872
f9578abc-77b0-43e5-8b0e-16a5c115c528,shot_noise,s5,3,0.413034,0.584559,0.584721
f95cf64a-9b2a-4ce3-a2b8-6312a066bbd6,clean,s4,3,0.713113,0.819663,0.903910
f95f191a-30a7-48f8-b161-fbb0e3c8bd3a,shot_noise,s5,4,0.492830,0.659015,0.663922
f95ff545-6fe6-40b3-b52c-3e488b752514,shot_noise,s4,5,0.469698,0.629927,0.664168
f9626758-4d49-442f-8924-242e114c5c23,fog,s4,0,0.696323,0.818203,0.836249
f96c3683-2a51-449e-9935-002788f60309,shot_noise,s4,5,0.671805,0.801513,0.814651
f96fff60-0bb9-4b66-9e13-9da62ef9d70a,fog,s4,0,0.780659,0.873661,0.901826
f97046db-6823-40ef-ad06-c4387ea3c9f7,clean,s4,4,0.501682,0.623177,0.787536
f9723283-bdf9-4a45-9eb2-12a852537feb,gaussian_blur,s4,0,0.593505,0.722090,0.827003
f973532b-3ce6-4c15-aa43-68f479c948e5,fog,s3,5,0.354373,0.447597,0.660347
f97bf597-45be-4f75-a729-e9e33e517012,gaussian_blur,s3,1,0.475407,0.532572,0.883772
f97cd771-764b-4e60-b890-f0252e6eba3a,fog,s4,2,0.696707,0.802129,0.917860
f97e828f-ed0b-480a-8147-01eb3866f848,gaussian_blur,s5,1,0.347724,0.515415,0.517259
f9831501-1798-42e4-8665-2c73c84aa5fb,fog,s3,4,0.597884,0.717863,0.856384
f984aece-ad08-424d-8e2c-1d5fce4f7dcf,clean,s4,0,0.661852,0.786235,0.844651
f98511f7-d8e4-496f-ba26-1154c94dc6f7,shot_noise,s3,2,0.499440,0.620384,0.786778
f988e3a5-199d-4bdf-b141-973332bd14b3,fog,s4,3,0.360817,0.528016,0.535124
f99dc0d6-ece8-43cf-bad0-97f9af5a0e45,clean,s5,4,0.735738,0.847746,0.847790
f99e576b-e867-45ee-8933-b4e625a93102,shot_noise,s4,1,0.359068,0.484576,0.613435
f99fafac-cefb-4934-baa7-a34aa584c27f,clean,s5,1,0.815916,0.898435,0.900523
f9a35765-0ff5-457d-8904-6c279f814f37,fog,s5,4,0.640269,0.779489,0.786128
f9a811d3-6851-428c-889f-56d798e72c7e,gaussian_blur,s3,5,0.683631,0.786351,0.932571
f9ac821a-9836-4340-b0ed-3962bfc31367,clean,s3,5,0.458174,0.478174,0.916348
f9bdc4e5-ebf3-4987-8676-7de037743a8e,clean,s5,3,0.853369,0.920884,0.920885
f9c14d96-59af-4794-a063-6b7e4c752374,clean,s4,2,0.615102,0.750908,0.804966
f9c15cdb-6ae0-48de-ba1d-477b9a62a3f2,clean,s5,4,0.665144,0.795031,0.817789
f9cab9cb-2fef-49e0-b75e-a975fcbf527e,clean,s5,1,0.658688,0.793295,0.798739
f9cb1557-7e8a-4e1a-b2ed-4a8c80bcae28,shot_noise,s4,1,0.548854,0.704345,0.723530
f9cdcbad-e7b6-45dc-90a0-8f5b333d6025,clean,s5,4,0.475743,0.639755,0.658615
f9d71140-0bb8-474e-8bcc-2797b2f8e3f5,gaussian_blur,s4,3,0.442322,0.531953,0.787248
f9df9568-1196-4a87-8a10-1a531805c30a,shot_noise,s5,5,0.447274,0.592891,0.679994
f9e87bc9-99d1-410b-b754-91a9c30b47f8,fog,s5,1,0.554554,0.713448,0.713491
f9f57be8-2b93-4a68-b32b-f5fb162a1bb1,gaussian_blur,s4,4,0.353767,0.507059,0.554252
fa00a426-dbad-4c5c-a6d5-a9a742449ed4,fog,s3,1,0.386897,0.527084,0.623163
fa0e4fed-1fd1-4864-b053-3aecd6b10624,shot_noise,s5,2,0.683596,0.809255,0.826805
fa1ad27c-e072-4098-99dd-307a9301e226,gaussian_blur,s4,3,0.381520,0.551680,0.553744
fa1d7baa-937d-423e-8c16-842ac65795a1,shot_noise,s5,0,0.822003,0.902236,0.903033
fa25f666-f33a-4ba7-a322-bf84c69af378,clean,s5,2,0.338095,0.467047,0.577184
fa2d5e16-ed8f-4b19-893d-5af3772e5ad2,fog,s4,5,0.539182,0.680578,0.763317
fa344d61-be3a-44f4-9b13-484406c5b9ff,gaussian_blur,s4,4,0.339937,0.485782,0.549417
fa497702-1f9b-495d-b6dc-881d41e2ce2d,gaussian_blur,s3,4,0.452955,0.475316,0.905910
fa6bd86d-cd1e-463c-a7d9-2b21f30b34f5,clean,s4,0,0.441652,0.586386,0.676328
fa7ad215-b230-4ae6-9ee7-ea415bdaedf5,fog,s3,5,0.470252,0.484670,0.940504
fa7cb6e4-e624-44f8-8a0a-4e0181cef87a,clean,s4,1,0.638786,0.758506,0.866869
fa8467f9-c04a-4b6c-af31-61912107c8e1,gaussian_blur,s5,4,0.608007,0.754104,0.764848
fa90a955-abce-4bcc-be5e-fcaafe42015f,gaussian_blur,s5,4,0.674770,0.803153,0.819284
fa9ae3a9-3e5f-4e1a-837a-ba6b84cf27bb,gaussian_blur,s3,5,0.679489,0.772167,0.971538
fa9aeba4-56d6-4116-a2f9-de7549b19d96,fog,s4,0,0.746615,0.849600,0.890354
fa9cc110-ce60-406b-8fa6-0cd029d55526,fog,s5,5,0.637885,0.778294,0.781707
faa5058a-294a-40b8-91dd-bac80f1df191,clean,s4,2,0.769185,0.866991,0.888667
faa8be08-0a98-4644-b26f-728208f87dec,gaussian_blur,s5,0,0.461299,0.550421,0.811377
fab3be05-2c21-4261-aff7-681fbf87cfec,gaussian_blur,s4,4,0.482627,0.650657,0.652149
fac94a0f-531c-45c9-9193-256d8f47e8f9,gaussian_blur,s5,2,0.824924,0.903585,0.909027
fad537d2-8712-4f9b-a78b-13e7e142ac1d,gaussian_blur,s4,1,0.529376,0.659348,0.788944
fad53d25-b84b-4f35-827a-ef5e08c15c10,gaussian_blur,s5,3,0.678212,0.802817,0.835833
fae73dd7-ab5d-437b-b650-cb4a7680332c,fog,s5,3,0.405168,0.560650,0.613174
faebbdbc-ffed-40af-9fd4-ba40cc48dba4,shot_noise,s3,1,0.548454,0.639497,0.899489
faf1660f-840f-481b-bd7a-2c5e9298f741,shot_noise,s5,5,0.481711,0.648955,0.653782
faf6fc3e-b168-445e-8077-93f2ce133fa5,shot_noise,s4,2,0.437974,0.555135,0.730583
faff7a74-a9f6-4715-b8cf-06cd4b15be98,shot_noise,s4,3,0.322080,0.470623,0.518608
fb0819d5-a15d-4069-9885-3ba058f05d07,clean,s5,2,0.481359,0.648109,0.654944
fb127e5d-3aa7-440d-af0b-69d65f46f215,gaussian_blur,s5,2,0.739956,0.849349,0.858488
fb157f60-b7d6-466b-bf9d-e8c16a77148e,shot_noise,s5,1,0.427608,0.590999,0.618753
fb19d2fa-8c8f-4740-9fba-9ffda04e94f4,shot_noise,s4,5,0.572679,0.708340,0.796667
fb1c9e0c-36e1-4ef5-a098-9397e124f80b,clean,s3,3,0.467438,0.597138,0.736227
fb214b10-44ec-4607-8c9c-0de84675f4f3,fog,s4,3,0.646232,0.777104,0.820997
fb36263d-5bd0-45fc-bbca-733fa3176f06,clean,s5,4,0.681429,0.809720,0.814823
fb40901e-22b9-4975-94da-7e682b7e92cc,gaussian_blur,s4,5,0.353088,0.519733,0.526408
fb497cb3-93da-4fc6-a448-937d2e7900e6,shot_noise,s4,3,0.506384,0.647619,0.742405
fb49b2e6-f131-401b-ae01-8070136b59af,clean,s4,4,0.638786,0.758506,0.866869
fb4b23e6-c616-42b7-879e-96c44496eb2b,shot_noise,s3,1,0.478053,0.595583,0.773680
fb4f8918-e1b0-4014-bd68-2c05c7092523,shot_noise,s5,2,0.549590,0.707960,0.714048
fb51d25f-cf94-40bb-a5cd-9f0692f847ae,fog,s4,2,0.673800,0.802520,0.818252
fb560516-4af1-411e-a25d-8221aff2e085,gaussian_blur,s5,5,0.390596,0.561564,0.562235
fb5aa98d-96e2-4131-9337-8f2bb1148479,clean,s1,5,0.303700,0.391370,0.588366
fb600f29-e180-411d-94ee-9dac1cd483ea,clean,s5,0,0.303388,0.439312,0.512309
fb685963-e6f1-4894-b9b4-867d750786f9,shot_noise,s5,1,0.792690,0.883694,0.890069
fb70a6f0-9874-4eb7-b8d5-8819b2b252cb,gaussian_blur,s4,0,0.734567,0.841052,0.884235
fb70fc51-3422-41e4-9825-92312cc49cb1,shot_noise,s4,2,0.721677,0.830896,0.882372
fb75edec-313b-4e3c-9422-30e38f2c6c50,gaussian_blur,s3,5,0.302967,0.413564,0.552822
fb767231-dc91-443c-aa7a-b0c10f74bdde,clean,s5,4,0.771268,0.870404,0.874425
fb7e0c8a-c8b0-4696-a342-182e26455d8e,clean,s3,5,0.679254,0.775802,0.957045
fb7f2cca-8e10-41a5-991d-d87256c4e1b8,shot_noise,s4,0,0.404404,0.575245,0.577472
fb827dae-410e-49ba-9257-89a669ad4b51,clean,s5,0,0.656333,0.791053,0.799504
fb9a8a83-c984-4359-aa3f-e78a6f2f71c9,clean,s5,4,0.589654,0.741801,0.742112
fb9fa49e-f491-4277-921e-897aaba68cc0,shot_noise,s5,4,0.543705,0.701849,0.713025
fba28350-a637-42ea-a986-dd6729ec7e72,shot_noise,s4,2,0.639571,0.771441,0.818352
fbb856d9-f20c-44e6-b45e-0b16a6bcd8fc,fog,s5,2,0.575385,0.728944,0.736096
fbbc8e46-2345-426b-aa3b-e77365d89f25,fog,s4,4,0.341030,0.495376,0.534832
fbbe49b1-28f2-4aa8-b6af-f0e52bc0ce4a,gaussian_blur,s5,1,0.513479,0.678085,0.679957
fbc026dd-32b5-4fa9-bbac-5d3dbf8727b6,gaussian_blur,s5,4,0.675256,0.805982,0.807033
fbc53ec6-687b-45bd-83dd-3523944a9887,clean,s4,0,0.795654,0.881140,0.928773
fbc8ead8-34ff-460f-a2a6-c61e5d5e6ce8,gaussian_blur,s5,4,0.662012,0.775108,0.892379
fc183787-47d4-4c9d-b539-d989352448ae,clean,s2,2,0.474012,0.486659,0.948024
fc206560-cb3d-4ccd-ad53-e9c59ff08f1f,gaussian_blur,s5,3,0.525828,0.686494,0.697984
fc254627-f8cc-4940-8ea0-6b982b8e52b8,gaussian_blur,s5,3,0.841491,0.913160,0.922715
fc2b4c65-a1ec-44aa-97b7-94439397262d,fog,s5,1,0.408712,0.579521,0.582030
fc35d5cb-6ef6-4a88-aeda-4f9ddeb17be7,fog,s4,2,0.422319,0.572980,0.642709
fc35dc86-1cb0-441d-94a0-9dab9cb34584,fog,s4,1,0.555599,0.668804,0.851755
fc3f1a41-3fd9-4802-b0ae-c3c744940189,gaussian_blur,s3,4,0.790301,0.873523,0.956768
fc46a6fe-ff04-4ae6-8040-e660b74e866f,fog,s2,5,0.403123,0.446727,0.805744
fc5300ca-8c0e-4264-8a3f-026b28762677,fog,s5,1,0.515452,0.670314,0.710435
fc5a7665-4f2d-4d0a-b2e8-2d57134ed8dd,shot_noise,s5,4,0.552011,0.709615,0.717321
fc6b1838-5f22-40a1-949e-da592586c0de,gaussian_blur,s4,3,0.732583,0.838565,0.889569
fc6cae97-2833-4e34-bd69-cff324d28c0c,shot_noise,s3,1,0.443990,0.493326,0.854992
fc70394e-7ee9-47d9-89e7-d5371b82b08f,clean,s5,0,0.700668,0.821936,0.835536
fc7b9423-f39a-4c56-9ed8-62b3a5da3a2a,clean,s4,3,0.786592,0.874396,0.929552
fc8c5cef-d963-4e7a-882a-125012461836,fog,s4,3,0.647616,0.774316,0.838448
fca27ea8-17c3-4024-8057-b4d4ba4eb137,fog,s5,4,0.386001,0.554716,0.562128
fcaad243-dc63-491c-b807-0362d855dac2,fog,s4,3,0.391256,0.544540,0.601772
fcb32f4b-cc05-435a-8326-a20b486f6877,shot_noise,s5,2,0.751188,0.856816,0.865611
fccb030a-b639-40a5-9821-c2b7597313ce,clean,s1,0,0.473608,0.486446,0.947216
fcd1b8ab-8df3-454d-a25b-619124ddb5b8,fog,s5,2,0.685211,0.811307,0.823264
fcd64127-e45c-47bc-92c1-167e006269a1,shot_noise,s3,5,0.760175,0.851462,0.946469
fcec5b34-f432-4d6f-9ab6-6a616d00a39c,gaussian_blur,s5,0,0.393340,0.561308,0.572107
fcefc578-e5c1-4160-8d9f-1bd575039d6c,fog,s3,1,0.493301,0.560759,0.888181
fd03628c-79ee-43d6-a2bf-7be916efdb59,fog,s5,0,0.460026,0.622821,0.649621
fd0bffeb-c16f-4f5f-9ad9-1ed6a6321224,fog,s4,3,0.420449,0.562452,0.659515
fd0f2d74-b84c-4f39-8b2f-b4920d8a9b1e,gaussian_blur,s5,1,0.687840,0.797940,0.899749
fd108e6c-fc46-4d40-983a-17aa2c4fbf9f,gaussian_blur,s5,1,0.326732,0.490651,0.496237
fd112435-6b9f-4204-bba9-203d8bc14379,shot_noise,s4,1,0.624112,0.745328,0.859771
fd1a3683-8bf2-4729-8b0d-8a6bc577e673,fog,s5,5,0.383731,0.440749,0.758267
fd1c3b23-185c-4c5f-8572-267cd0043d6a,fog,s5,1,0.663147,0.794378,0.812450
fd1ddc75-9a40-49bb-9754-76fe9c4c7b09,gaussian_blur,s5,3,0.499858,0.662821,0.677572
fd1f5bff-c6be-408f-9988-788dabac0fe8,gaussian_blur,s4,3,0.471624,0.632933,0.662817
fd20b689-51a5-455f-8933-becf0d109d8f,gaussian_blur,s4,1,0.386626,0.547074,0.581001
fd23cfc9-04e7-48b3-b09b-77feaea2fd1c,gaussian_blur,s5,3,0.677560,0.807778,0.807867
fd383ab8-cf29-4125-b733-550a382fdff3,clean,s4,4,0.474862,0.580446,0.795280
fd3c3150-b388-41cf-bf28-7317a73ad110,clean,s4,5,0.720795,0.830948,0.877963
fd427ee7-e699-4f81-a585-02d331c90003,fog,s3,0,0.710451,0.802478,0.973685
fd4610bd-5110-4f73-b2dc-689cff0689d1,shot_noise,s4,0,0.765049,0.860663,0.911551
fd478833-ce90-4bc2-94c5-b42172c2f1b5,shot_noise,s1,2,0.534821,0.601242,0.936848
fd47c572-5592-44df-9da9-8bb7d014d503,fog,s5,2,0.727457,0.841981,0.843797
fd48623f-d163-439e-b1fc-bf0e9354583c,fog,s5,1,0.491535,0.632824,0.730661
fd5f5845-aa76-4d7e-87ab-0703d18ed343,fog,s4,5,0.627783,0.768327,0.784320
fd67ee1b-c8f0-4869-938b-bd77ebf86840,clean,s5,1,0.446914,0.617404,0.618645
fd73f043-7f56-4c0c-8800-040760c252ed,shot_noise,s5,5,0.579017,0.732822,0.735512
fd8ba0d9-d617-4bfb-8017-7690a41f1102,shot_noise,s4,2,0.431154,0.600880,0.606653
fd92c0d0-e534-4a95-b4c7-934f407049bc,fog,s3,2,0.448714,0.472971,0.897429
fd9abb46-dbc3-4ad4-b300-1eb4ea6376de,clean,s5,5,0.407634,0.576569,0.585333
fda33202-7c39-4e66-8956-410a7e92b6a8,clean,s3,0,0.775360,0.861212,0.961776
fdafe307-a995-471a-9e33-7361f779af80,shot_noise,s5,4,0.465880,0.632832,0.643259
fdb8bf7a-dde8-4f38-9e4a-e2ae3f752bf6,shot_noise,s4,3,0.350185,0.485439,0.583405
fdbaabd0-d841-4188-9814-9028abd30cdd,gaussian_blur,s5,3,0.358916,0.440806,0.684592
fdc2d7d0-d40f-40ff-9071-5938f5bb9bff,fog,s5,5,0.494485,0.651456,0.691268
fdc4bc10-124f-42e5-8f6c-705cb6a1b0aa,fog,s5,3,0.422690,0.578994,0.630361
fdc831c9-d897-475d-a493-a33cedfd708c,shot_noise,s5,1,0.427530,0.598873,0.599243
fdca13f2-4346-4a00-8da9-d18df7cdca2a,fog,s5,3,0.646088,0.783951,0.789845
fdd050eb-3e7c-4c8e-8466-723a3810d566,clean,s4,3,0.528144,0.649346,0.810645
fdd87be1-3787-4f72-9bb3-667346ab5f5d,clean,s5,2,0.615492,0.759656,0.771687
fde2b123-ccef-407f-8342-82cb434e14f2,clean,s5,1,0.420845,0.585931,0.607979
fde91512-ec0b-48c7-8fac-fb418f138ee9,fog,s4,0,0.721021,0.836148,0.848583
fdfe8187-87c3-4722-8016-1476408d4bfe,fog,s3,1,0.444817,0.495352,0.854304
fe009b46-f17d-4c95-9cc1-5159fea465ac,gaussian_blur,s2,2,0.480598,0.490107,0.961195
fe07231d-df17-489b-ac0b-cd44ba257b4d,gaussian_blur,s3,3,0.504653,0.628312,0.785072
fe07ce49-1a73-4573-8e0e-03c4e966cebd,fog,s4,1,0.552416,0.690475,0.780212
fe158ff8-59ba-45d7-95b4-d8acce70930e,clean,s5,0,0.697750,0.819467,0.835835
fe2067f2-1bad-4be1-8cae-5dff0f3fe8ad,fog,s3,0,0.484811,0.492288,0.969622
fe3addc6-38bb-4b56-9d2c-f747bcef035a,shot_noise,s5,3,0.792622,0.883504,0.891280
fe3ddccd-9dfe-4a45-a07a-7914ba22914b,clean,s5,4,0.664698,0.798454,0.799213
fe7131c0-30d5-4a36-b856-ace8b01d8715,clean,s4,0,0.632940,0.766928,0.810773
fe83a314-e4ae-4347-a765-c414ecb38996,clean,s5,2,0.293323,0.420150,0.511275
fe847d6d-ccce-4767-aecc-bdea94dc7582,shot_noise,s3,1,0.483202,0.534955,0.902320
fe854413-eeae-4db4-a176-ad0be1a2fb29,shot_noise,s5,5,0.583602,0.731395,0.758133
fe8b6c13-f843-49e5-a91d-43973c6e0f7d,fog,s4,5,0.178602,0.294390,0.315381
fe920646-0dde-4087-a4e6-e3db49eb122b,shot_noise,s5,4,0.748486,0.855293,0.862096
fe93e1cf-cce7-49ff-8ed3-1202c8f8703c,clean,s5,4,0.662691,0.796015,0.802599
fe956eeb-0c96-49ee-a09f-a21759ee87f7,fog,s5,4,0.653495,0.786295,0.809843
fea12cf8-4da0-4392-9ede-8f97153751d8,fog,s5,4,0.522278,0.684809,0.690530
fea61508-6063-4ea4-af70-bf98c8bffa84,shot_noise,s5,0,0.605004,0.753852,0.754080
fec65e7e-2e4d-405a-9263-0f50631451f8,gaussian_blur,s5,0,0.854538,0.921400,0.923648
fecbdadb-8abe-4ef7-9b11-328689494c1c,fog,s4,5,0.577820,0.707145,0.818761
fecefd24-2fe9-426b-8276-de75f87adb05,gaussian_blur,s3,0,0.589094,0.683235,0.925111
fee222f2-6691-462f-b7e4-910e67854d00,gaussian_blur,s5,4,0.542385,0.703306,0.703309
fee2abdc-6054-4710-8748-6e77188d4a8f,shot_noise,s5,1,0.619075,0.763553,0.769691
fef0c435-90f2-4897-8e85-5622679bfc32,fog,s5,5,0.661908,0.794139,0.808341
fef2ab2b-0cbe-4bdc-a63f-82eb50a5826e,gaussian_blur,s3,5,0.501931,0.569449,0.898160
ff02a814-cfc8-437c-a23e-791ac414385f,gaussian_blur,s5,2,0.712662,0.831169,0.838498
ff11f7bc-f540-4e2b-8488-54039e030af9,gaussian_blur,s4,5,0.664644,0.787639,0.849886
ff19da8b-8c97-4d4e-b3ee-91ded31e2032,shot_noise,s3,5,0.474196,0.565421,0.822601
ff324af4-6e66-4e88-ba23-027f670c5575,gaussian_blur,s5,0,0.402013,0.566423,0.589755
ff4ee27f-7e77-4c4a-9449-4b699994a4c8,clean,s5,4,0.722703,0.836297,0.855749
ff5cfa72-650a-4157-ba6c-b666989b0bc5,gaussian_blur,s4,0,0.510164,0.668492,0.697204
ff5f8e38-674e-46f3-b807-958d118305d2,fog,s5,5,0.542652,0.692394,0.739735
ff748638-a6fb-4a78-a8f2-336b038d8dc9,shot_noise,s5,1,0.609066,0.750015,0.785157
ff7498af-7898-40bb-8a8d-a91f8b8b040e,shot_noise,s3,2,0.671570,0.766096,0.963520
ff83ae34-d8cd-4b59-8b51-fb06c34b16d5,shot_noise,s3,3,0.571041,0.648688,0.949754
ff86e9e4-441a-4ea1-b6f5-faa2332147d0,fog,s1,3,0.418995,0.455927,0.837989
ff8d0bf7-1a02-4036-ac90-e7e7bdb5b9ba,clean,s4,5,0.176471,0.290978,0.312725
ff98be0c-5106-4f6f-8ecd-93709d6414b0,fog,s3,4,0.514423,0.603329,0.871051
ff98fdfc-3ec5-4f7f-85b1-13faf00ec7fe,shot_noise,s5,4,0.857966,0.922830,0.932937
ff9ac997-b5a9-46c5-bee1-2b2f66658958,gaussian_blur,s4,1,0.536552,0.689812,0.726018
ffb62106-3e6e-4276-89fe-321b8d6318a0,fog,s5,4,0.579300,0.732246,0.738732
ffc370a5-2825-4f9a-be73-f2ce583ced7f,gaussian_blur,s5,0,0.247367,0.378767,0.425365
ffd3cf3f-4835-4cf8-9816-1fc42988440e,clean,s5,5,0.619882,0.762970,0.775349
ffd7b35b-9b6b-4b69-a0be-c2a24bae3eb1,gaussian_blur,s5,0,0.575509,0.730088,0.732348
