uuid,corruption,scale_bin,severity,miou,dice,accuracy
00063c13-0b18-4a80-babb-68feaeb45e3a,fog,s4,0,0.501756,0.655156,0.706128
0009034c-6d9c-4a29-887a-e66e2e258f4e,gaussian_blur,s4,5,0.763078,0.863419,0.881739
00119678-a103-4314-b590-640871b5022b,fog,s2,2,0.423601,0.460520,0.844597
00128aae-6d47-465f-a096-209fdad69bb1,fog,s5,3,0.581443,0.735062,0.736352
001447da-e9c7-4c41-98e7-db27fe86851a,shot_noise,s5,0,0.641731,0.779983,0.789909
00361315-8122-413e-afee-f09278838587,shot_noise,s4,0,0.655210,0.767765,0.894733
003cc1ff-ada2-491a-a647-31ff460ec91e,gaussian_blur,s3,2,0.505848,0.590643,0.870208
00530a82-fb9d-4e85-a474-7aa6c4446e4d,fog,s4,3,0.329450,0.494890,0.497061
0065d935-ded5-460d-a333-529bae5830ae,gaussian_blur,s4,1,0.783548,0.870278,0.943102
007d7e06-b28f-4d9c-b5ce-56f6f73e3dc5,clean,s4,2,0.711987,0.815063,0.922090
008d79ff-c59a-4507-a866-e275fda8b803,clean,s3,0,0.671085,0.779642,0.909955
00a8b510-97b9-4e91-aedf-e52eb54179b9,gaussian_blur,s4,5,0.265765,0.362697,0.509730
00b3aaa8-e549-4e45-a8b9-af0cf87cad32,clean,s5,1,0.539200,0.700244,0.701892
00bbbb65-f80f-48a9-b387-91023fcfd4bc,fog,s4,5,0.677264,0.786947,0.904432
00d6dd61-7344-4001-8c7a-bdcea96208ba,shot_noise,s4,4,0.769582,0.861058,0.932635
00ed68ff-38ed-4764-8c80-297a97f0546c,clean,s4,4,0.397424,0.565751,0.575805
010d29bc-9102-43c4-af26-985c2a7be2a9,gaussian_blur,s3,1,0.694111,0.795237,0.937639
010fe5c7-7645-423f-912d-93c46355c707,shot_noise,s4,3,0.742873,0.845302,0.898800
0110f474-82ea-4efd-8221-4a116eee0f2b,clean,s4,4,0.602364,0.741929,0.790264
011fd40b-ee13-4188-8a76-6e25d7f8fd71,gaussian_blur,s3,5,0.548277,0.632908,0.913459
01269e21-ea97-4497-98d3-2e2dfee18278,gaussian_blur,s5,5,0.590941,0.742858,0.742979
012b3d5a-d8f7-429e-9579-430e22608758,clean,s5,0,0.671859,0.803707,0.803826
01321656-0c39-44eb-b546-621569d38999,clean,s5,0,0.734375,0.846824,0.846994
0144f19e-cd78-43ae-ab6f-942091797bb0,clean,s5,3,0.704223,0.826393,0.826741
014ca002-3739-451f-8360-407425e68149,gaussian_blur,s5,4,0.469394,0.637403,0.643008
01524091-9f40-425e-9a4f-9d9dc4c7c1b9,clean,s5,1,0.486718,0.646525,0.678037
017aa2f2-28b0-4944-a550-5cd35b605f84,fog,s5,1,0.425854,0.580111,0.638343
0187d952-fe4d-41f7-bc06-28c7b65781f8,fog,s4,0,0.756995,0.855615,0.903785
0188a442-a579-4cc8-b8a3-8ac33e86b343,gaussian_blur,s4,1,0.601869,0.734276,0.816120
0188b1c2-e4e8-43df-a300-4f5d2e54136b,clean,s5,4,0.467787,0.624400,0.672027
019659e7-29b9-4a81-b93d-49a781de7a18,clean,s4,0,0.433571,0.600447,0.615984
019d7685-9cdf-4a5e-b7e4-e5c825b2e66a,clean,s4,2,0.663729,0.788941,0.840240
01ad082b-7e04-4491-9911-ba1c4ff1ab2d,shot_noise,s4,2,0.713326,0.826219,0.869857
01ad66b9-d11c-4452-ad84-43e0e3ace437,gaussian_blur,s5,5,0.559283,0.712191,0.735317
01b0fb7f-39ce-4021-b942-9244465dda5b,fog,s4,4,0.270134,0.425095,0.425829
01b1f204-f5d6-4bf3-8ae3-663735d19345,shot_noise,s4,1,0.696622,0.806268,0.898197
01b7b99e-3b3c-4e9f-836d-d4862d8c108f,gaussian_blur,s5,4,0.382578,0.549552,0.562030
01bf0bc4-eec7-4184-bdb7-7ff1ab7d865d,gaussian_blur,s5,3,0.505409,0.670744,0.673624
01c4b38a-b492-41e7-9aeb-725b65daaac9,fog,s3,4,0.565558,0.653768,0.921013
01d337da-2307-4eda-93bc-d00c6d06398b,clean,s4,5,0.845847,0.915236,0.931237
01db009e-6572-4539-b41a-5195f3274805,fog,s5,0,0.701659,0.823778,0.829777
01e0065c-4495-4c10-b6fa-4d625b61a12b,shot_noise,s5,3,0.811995,0.896229,0.896389
01e25b32-a8f4-4293-b385-e7a56bdfe7b7,shot_noise,s5,5,0.411636,0.545703,0.665750
01e8d827-a7a8-4860-83f2-196df70f6a7a,clean,s5,4,0.501027,0.652609,0.710672
01ea9966-bdd8-4608-91ee-f25ee97cb7d9,clean,s4,4,0.707298,0.826411,0.840928
01f5f359-f8b4-4015-af07-11b80d7721bb,clean,s5,2,0.366273,0.529243,0.550865
01f878be-870e-47f3-9d0b-9a2908c8d94d,gaussian_blur,s4,1,0.524696,0.641207,0.819413
01fa916a-a81b-42b7-9433-0667d2637e18,fog,s5,5,0.387066,0.555258,0.564517
020be03b-d0af-4fc9-9ac8-e12642e3ae3b,clean,s4,4,0.705411,0.815929,0.888832
0215338c-8de4-4fa9-98a6-61542fb79e96,fog,s5,5,0.623726,0.768205,0.768526
021cb8ad-f035-4d9c-9186-f8bb0f81da98,gaussian_blur,s5,2,0.645604,0.765295,0.867068
02222c55-99cc-4799-85c6-f9aaeee93705,shot_noise,s4,1,0.633194,0.757358,0.849789
02476181-d9ee-4210-b7d5-59e6210649db,shot_noise,s5,5,0.369681,0.519556,0.581953
024b7de7-f253-4b90-aa54-a4d0e0b8a4cf,shot_noise,s4,4,0.763328,0.859016,0.913771
0258ab75-9148-435a-950e-d93b4f7e3f6c,shot_noise,s5,5,0.802748,0.890521,0.891144
025e137f-1615-42ff-a556-d36efc28c099,clean,s3,1,0.697647,0.797301,0.943248
027100dd-5c02-44ca-aee5-4f8b6bd02837,gaussian_blur,s4,5,0.559057,0.667460,0.866668
0276ef04-84a6-4448-b2ab-7474ab15e1f9,clean,s4,4,0.742404,0.846865,0.886741
027e9399-6433-4f67-9fd3-c3b0aff96105,clean,s5,4,0.377207,0.529341,0.586974
029e4edb-a2f1-4c1d-b975-58967b5ca3db,fog,s3,1,0.354029,0.493451,0.581115
02b92637-4120-4024-ae74-5046cb8f1256,fog,s5,1,0.583945,0.730773,0.761684
02c4ed9f-9cd6-4e1d-9a46-97d3fab4b118,clean,s4,0,0.693916,0.803272,0.900800
02c4f8d1-8b0a-4144-9340-9d263becd6e5,clean,s5,3,0.708923,0.828065,0.839021
02d59ca5-9f3e-49f9-9c5d-5f97d9de3790,shot_noise,s4,0,0.577624,0.722165,0.768644
02d9b77e-70b1-4d9d-af11-0069e44b7f18,gaussian_blur,s4,3,0.753869,0.850493,0.921003
02e22df5-6086-4180-8c6a-1023e28fcffe,shot_noise,s5,4,0.443781,0.609139,0.629100
02edb83e-aa3d-4b7d-9a36-52cd501a6820,fog,s5,3,0.482876,0.644399,0.670592
02f1e8ed-fa32-484e-9cb2-f75ba7488a46,fog,s5,3,0.655525,0.791922,0.791934
02f2f3cd-940d-4bf2-9d8b-40ffccc1a807,shot_noise,s3,5,0.677110,0.781581,0.926012
02fca06b-9ae0-4cd7-aacd-914c6087bad2,fog,s5,1,0.695504,0.818669,0.830011
02fdefb1-7bc5-4077-9f86-7d98dabb039b,fog,s5,5,0.656810,0.792024,0.796889
030294b2-d94d-48ac-bde1-e191b4df0ec6,fog,s5,5,0.690112,0.816611,0.816837
030b8506-82c6-42ed-8d83-b2b75b4ae866,clean,s3,5,0.627639,0.720986,0.951291
03110dcf-f594-4780-8661-9417b06a4265,fog,s5,2,0.440198,0.559569,0.728763
031ef7dc-fca0-407c-bc5e-cf2c9397cfb9,clean,s4,5,0.703683,0.808967,0.915616
0335e2b2-0618-4778-bc83-1ae2abee8c62,fog,s5,5,0.689971,0.814521,0.827477
036944e4-ea08-4e44-852e-dfdca8fe3a19,shot_noise,s5,3,0.534931,0.695531,0.701866
0372a42e-30ee-41fd-8b34-e3dcf700cb00,gaussian_blur,s5,3,0.387870,0.556393,0.564692
037eae80-e831-4f3e-af72-6d84fa9122aa,gaussian_blur,s5,2,0.724618,0.839799,0.843596
038588b0-c5ba-4efe-822a-12f6371c92cd,gaussian_blur,s4,5,0.729069,0.832642,0.907040
038631ef-8980-4d7a-9c8d-bbd478795d33,gaussian_blur,s5,0,0.712842,0.832318,0.832542
038a799c-dadf-4142-afb5-f98bf5bb496e,fog,s4,0,0.655137,0.779132,0.848277
03971874-7526-43d0-917c-dc4d23fe558c,clean,s3,1,0.559138,0.661303,0.882393
039a0af5-75db-4a96-b281-9a903a8b5c0b,gaussian_blur,s4,1,0.816962,0.897232,0.919012
039d3dcb-6474-439a-a47b-a9c8e44ce3e6,shot_noise,s1,4,0.414077,0.473867,0.798112
03a41555-0f95-4ae2-ba88-5efb02b4ff2f,clean,s5,0,0.646414,0.784359,0.789317
03a7c21f-16e0-4afb-9897-2dd9a8a23f41,shot_noise,s4,0,0.562669,0.653934,0.911446
03b025af-639a-445c-8e6d-252641356ff4,gaussian_blur,s4,1,0.580657,0.731266,0.747493
03b0cf42-81e7-43f0-98ce-7bb7c90d38a0,gaussian_blur,s4,0,0.655648,0.780158,0.845941
03b3797f-87f3-4110-8b68-37fb96f68209,gaussian_blur,s4,4,0.491558,0.635795,0.723163
03b5c6c8-cbc3-414a-9da5-43194e81e34d,clean,s3,3,0.528499,0.634157,0.848341
03c5b814-0479-445a-8a80-34afa1e41a54,fog,s5,0,0.447238,0.606843,0.646581
03c72c4e-215c-403b-aeb5-1fe55c786ad7,shot_noise,s3,3,0.696757,0.797466,0.938866
03ca457e-3f37-4a33-9b5d-c9e2a024a913,clean,s5,1,0.785356,0.878778,0.888000
03ec5427-a46b-4ffc-bea2-4f948c78b3bc,clean,s4,4,0.572826,0.698268,0.828276
03f3f190-bfb4-4db1-a435-055baa6ab7d1,shot_noise,s4,1,0.647467,0.773347,0.841911
03f59b16-f0b1-4e5b-a6cc-e8696a13a50a,fog,s5,3,0.383864,0.553961,0.556586
03f6694c-fd35-46d3-a6cf-5593ca2d6aa1,shot_noise,s4,1,0.469961,0.564261,0.811905
03fc0045-85d1-4389-937a-7913005ce4fc,clean,s4,3,0.248006,0.391878,0.406597
04114db6-e370-4012-997e-11b162ef93fb,shot_noise,s4,2,0.818383,0.898961,0.911616
041998cb-8317-4e80-98f8-7fd0e6ab21f8,gaussian_blur,s4,4,0.692024,0.808269,0.868651
041a951a-9256-4f14-9106-0e9eb0e96af6,fog,s4,1,0.661371,0.787420,0.837360
042fd8f9-281b-4b83-a5dc-d6ce185ae466,fog,s5,1,0.640158,0.770179,0.825970
0441b2e5-4d76-413d-91a0-55f5e7862194,shot_noise,s5,5,0.440584,0.593378,0.656669
0452da02-7d69-4411-98a2-036c348c8a1d,clean,s4,0,0.735068,0.838873,0.899653
045c8459-0c9b-40a5-a4ed-2fe25252c345,gaussian_blur,s3,0,0.652325,0.765258,0.893215
046170aa-7b2a-4be7-8467-5fbc578e99fc,fog,s4,0,0.713927,0.830141,0.850448
0463c2a3-62a6-45fe-ba44-372fb58a3d9a,fog,s3,2,0.477869,0.539739,0.879093
046a6428-9059-42ff-bf4f-46ae86352c66,fog,s5,3,0.403796,0.559783,0.610520
048c2fe8-d88c-4edb-a242-dc69027c6784,shot_noise,s3,0,0.641845,0.745363,0.925179
04912681-e6db-4327-bf1a-6a3949e7348e,gaussian_blur,s5,5,0.597829,0.747179,0.752741
04972051-cbbe-4e91-8973-bb8e87da2ab9,fog,s4,0,0.492062,0.656981,0.667129
0498f468-224e-4132-8bbc-ccdae3d011f8,clean,s5,4,0.661430,0.793877,0.807573
04a4e1e0-7841-4ee8-930a-984b4b8bc8bf,fog,s2,2,0.367642,0.457822,0.684826
04a921a3-b329-45ed-a992-757965622875,clean,s5,0,0.659551,0.791918,0.808965
04ae47ae-8f18-4b03-a4a4-6e0cf7bffe59,shot_noise,s4,0,0.246714,0.395565,0.396144
04d000f4-3b2a-4e30-b603-cc35e68246b0,fog,s2,5,0.445075,0.528714,0.801175
04e25d3d-aec4-46d8-9498-3c5e05c0b80d,shot_noise,s5,3,0.682300,0.810910,0.812427
04f79755-f609-4347-912c-fe37fdc9d536,clean,s4,0,0.700867,0.817153,0.862287
04f9dbe7-0f75-43dd-9e1d-d11a1acea0aa,shot_noise,s5,2,0.490334,0.656282,0.663072
04fe7005-c49e-4050-94c5-046c5b1cf946,shot_noise,s4,2,0.297601,0.451514,0.471786
05147076-392b-4060-958d-c852d3c100e2,shot_noise,s4,3,0.470217,0.604096,0.729477
051a8243-00ab-4127-b59c-ad9b3e5fb5ab,clean,s4,2,0.351029,0.412476,0.702059
051ba04c-9e2b-4ea3-a712-0ccf6c0b1199,shot_noise,s5,0,0.763455,0.864892,0.873045
0521f045-8478-42b3-bb6f-b4f82f465756,clean,s4,4,0.728509,0.840135,0.860437
0525fefc-e1b7-4bbf-8203-a9753eee8933,clean,s5,2,0.594927,0.743161,0.757170
0542759e-7b61-46a3-9bf3-ec356fe1da39,shot_noise,s2,4,0.534330,0.598135,0.941269
0542c58f-1976-472f-8faf-a7990f942c0c,gaussian_blur,s4,1,0.685774,0.801139,0.876270
054522bf-78de-48cb-9dad-53875c36e9d5,clean,s4,3,0.603256,0.707112,0.907637
055c5ee5-2a9a-46e8-97a7-8ad859fa6df2,shot_noise,s4,4,0.686514,0.805211,0.859867
056b460f-e343-41a9-a3af-8cfaf78e4128,fog,s3,3,0.345528,0.472285,0.591874
05737df5-e002-44a4-91e5-62ab0da097a0,gaussian_blur,s4,3,0.531945,0.684784,0.725200
058051e4-2e6a-4f37-ad3a-1619aa04e95e,fog,s2,0,0.433312,0.464273,0.866624
05921f5f-a156-413b-9c50-6f638f60e993,clean,s5,3,0.650635,0.785714,0.800624
059c80f2-b0d7-479f-9ef9-f7fa11cc6cd5,shot_noise,s2,1,0.468766,0.510907,0.898805
05b738e8-0250-4d0f-8085-e3c033602d53,gaussian_blur,s3,0,0.440970,0.468633,0.881940
05c8078a-e6ad-4080-9571-268e2291456d,clean,s5,5,0.788753,0.881858,0.882281
05d48f17-b5cb-41b4-aa9b-980717a40cc6,gaussian_blur,s4,2,0.562962,0.707097,0.765723
05f00370-1d2f-4145-8bfc-b5f3d381dfd0,fog,s5,2,0.601440,0.704518,0.908853
05f5568d-a8f0-4399-bc3f-b3c0276e6168,fog,s5,5,0.681421,0.806228,0.832731
060ae4d7-9d4e-47d9-8735-fd800447e40d,shot_noise,s5,1,0.477990,0.612898,0.734416
061616c6-6315-4706-a4bd-2ff95b019fb3,shot_noise,s5,5,0.598101,0.748361,0.749125
06165996-e994-47b0-ab46-b344ada9d5a1,clean,s3,5,0.561020,0.646095,0.924183
062a48c8-5b20-4cc7-b157-9bfb65b41c17,fog,s5,0,0.650635,0.785714,0.800624
062f4cc3-df00-49fa-97c6-879cf6fda22d,fog,s5,2,0.237127,0.357862,0.423046
0633f132-fde5-4e89-b862-e4630e27b17b,shot_noise,s5,5,0.400621,0.540356,0.641042
0635619e-dd67-40ab-ab78-336de1511e5c,gaussian_blur,s5,1,0.528526,0.690371,0.695355
064eedcb-3736-4136-b498-12009171768a,gaussian_blur,s5,5,0.736682,0.846828,0.858505
064fefcc-5946-4d5d-a7b6-cbc7664e6664,shot_noise,s3,1,0.705257,0.802800,0.950669
06574dd4-1386-4d92-a82e-9963be38b5f0,clean,s5,3,0.429027,0.589593,0.626891
066723c0-53f7-4e9a-a1ff-e2b27448ea31,clean,s5,0,0.510935,0.676191,0.676704
066ccd50-44bd-4044-af92-673e1eed838c,shot_noise,s5,2,0.554031,0.703132,0.746348
0677085c-01c3-4816-ae68-d5f2dac11cb0,clean,s5,5,0.528970,0.690879,0.695328
0693a02d-c871-4fbd-b8d8-70d540378401,clean,s3,3,0.565107,0.653441,0.920341
069deef3-6346-4017-8dd9-601d31da9b3f,gaussian_blur,s3,2,0.490036,0.542121,0.910283
06a06ac6-d28a-4754-b783-d5d7100f702e,shot_noise,s3,3,0.742880,0.835825,0.953886
06a28f2b-d82a-4f09-9728-645a065d5075,clean,s4,3,0.598399,0.738769,0.786949
06a90008-5da4-4e47-a0f9-bbf80e350cbc,gaussian_blur,s2,2,0.493980,0.496972,0.987960
06aa6d78-1c33-4c88-bc47-f70bc2ac07cb,fog,s3,5,0.469351,0.484191,0.938703
06acc4ad-1f43-438b-950f-fb134344a6a6,gaussian_blur,s5,4,0.482698,0.651099,0.651131
06b5db82-174d-449b-8c55-476b1c854d0b,shot_noise,s4,3,0.545008,0.695297,0.739020
06c6223c-b614-4042-b383-7e0b8a3e43d4,clean,s5,3,0.635483,0.771183,0.803063
06c8df49-9ddf-43e2-8880-fbe7a3ee9bd7,fog,s4,3,0.568859,0.722790,0.733840
06c9067c-dcb6-4933-aac1-f884318b16cf,clean,s4,2,0.791495,0.877762,0.931489
06c9d9cb-0860-4071-87b0-2730d04e2fa5,fog,s5,5,0.295406,0.444570,0.476811
06d0eb57-fb52-447d-b8c8-5ed001c7c7d3,shot_noise,s5,3,0.413280,0.584042,0.586800
06d69364-f812-4985-818b-c807f1ed032f,gaussian_blur,s3,5,0.729893,0.825178,0.950718
06d9e9ef-a0de-492f-9f8f-2fbd594888ca,gaussian_blur,s5,4,0.458589,0.628378,0.629979
06e344f0-23cf-4c8b-b5f4-f28b9a677c88,shot_noise,s5,3,0.333640,0.400221,0.667280
06e42447-c430-42bd-90c7-e90f7021e3d5,fog,s3,4,0.442084,0.469262,0.884168
06e563ae-c5f3-49df-a350-cbe9996161b1,gaussian_blur,s5,4,0.750086,0.852019,0.892203
06fe2cb2-a02f-4140-82e4-249b3a95f348,shot_noise,s4,3,0.553181,0.701626,0.748162
0705a177-7da1-4517-b0fd-a397f4871945,clean,s5,3,0.602505,0.743755,0.783952
070fbaee-b85a-4987-8a84-4b4100de07b9,gaussian_blur,s5,3,0.201372,0.289708,0.399333
0712fbca-82ec-4562-9310-caa90bc26e50,clean,s4,4,0.680312,0.799024,0.863088
07133cf4-5a5f-4c57-9aa3-51b48a2142df,gaussian_blur,s3,0,0.472724,0.600223,0.746405
07198a15-664b-4a2f-bb89-2d4d1f5cc77d,fog,s5,2,0.586132,0.736503,0.748816
071ccda2-4694-473a-a43b-be41bced4b1a,clean,s4,1,0.686916,0.808650,0.844475
071efd02-c035-4922-a9b0-354ede8837bd,gaussian_blur,s3,4,0.597095,0.718001,0.853139
07342352-3ae0-4a44-bcbf-9fab6b1e406b,shot_noise,s5,3,0.714850,0.832881,0.838718
073564c6-a338-448f-aa10-8e1c2b4be117,shot_noise,s5,5,0.493811,0.659753,0.665224
07399c50-b0fd-4e5d-9508-e242af86804b,gaussian_blur,s5,5,0.611860,0.758783,0.760914
073e6332-c7dd-4af8-aec3-5de5ec8abacd,clean,s5,3,0.314950,0.452849,0.526878
07453813-6fd6-40e9-a889-af9b156bd3e1,clean,s4,0,0.482823,0.648926,0.657760
0751680b-5262-4dae-9283-307e40476f1e,clean,s5,5,0.511979,0.675025,0.684017
0756bb22-b9e4-4231-befd-bdd80fcf22b3,clean,s5,1,0.327169,0.449612,0.571922
07603e3d-5a19-4ac8-aab1-f7559ad5e12a,clean,s4,4,0.667155,0.783570,0.877892
07675e95-6818-4c23-8c88-47a4294bcda4,clean,s3,1,0.576845,0.683637,0.883392
0786b17a-2973-4de2-8d83-5ef3b1b0295a,shot_noise,s4,5,0.583892,0.726727,0.775934
078f2850-3cbb-41dc-b01d-2459e9808ba0,clean,s5,3,0.691490,0.814243,0.835739
078febf8-6c5b-4cd4-b662-5bb7ba36c1d6,fog,s4,2,0.595868,0.742515,0.763264
0792019d-5e34-472a-a5d0-36af4b42eee1,gaussian_blur,s5,3,0.626603,0.770297,0.771081
079add52-9d68-454f-bd40-dc4a2c3ac7d6,gaussian_blur,s5,0,0.620154,0.753221,0.815509
07a8d812-025d-45ea-8b21-f6d88f495135,clean,s4,2,0.707613,0.819710,0.879051
07afe87e-6e28-4544-806e-d521ad5bc14c,clean,s3,1,0.614159,0.713526,0.926560
07b98e42-50a3-4c9a-8f95-46e313f2e9dc,gaussian_blur,s4,2,0.746636,0.845248,0.917583
07c2e98a-68f3-4579-9f8c-ea7ee1d8f744,shot_noise,s3,2,0.718610,0.814414,0.954030
07c5b376-2fa5-446a-9e50-ab6c172f0970,clean,s5,3,0.801688,0.889926,0.889968
07c60c15-55c4-482c-a5c9-b35e912cea2b,shot_noise,s4,3,0.482819,0.596551,0.786716
07dbabd9-d832-4d13-8867-480fcd16345d,fog,s5,0,0.260973,0.345840,0.518000
07e0afc5-f41e-4f83-b5f3-d2cb1cbd4f4b,gaussian_blur,s3,4,0.308839,0.444782,0.520820
07ea854d-6679-4095-819d-000676844c2c,fog,s4,5,0.276877,0.420068,0.457147
07eaee20-b08e-4215-9294-5c4de0f08329,shot_noise,s5,4,0.473358,0.642502,0.642709
07f0841e-bc20-4853-80da-7f06760b9d03,clean,s5,0,0.392772,0.527016,0.642240
07f2cb5a-98ed-4497-8f6f-87750bd0387e,gaussian_blur,s5,2,0.632610,0.774472,0.777165
07f75d43-118e-4831-86f5-634ff8eef21a,shot_noise,s4,3,0.512750,0.587480,0.897105
07fbbfef-36c4-448d-a699-dd9397dc40c1,shot_noise,s4,0,0.503090,0.612868,0.815453
080aa621-cec8-4e4c-89bb-650306835498,gaussian_blur,s5,2,0.762274,0.863969,0.873435
08115224-94a2-4b8f-8b72-12f1649bcaf9,clean,s5,0,0.457069,0.627195,0.627883
081eda1d-2b44-4a1f-b9cf-b4c98f06dd40,shot_noise,s4,3,0.248575,0.396824,0.400411
082cd140-effc-420c-837a-146b3c44f598,clean,s4,5,0.709726,0.819622,0.888987
082d2ddd-2e22-4c3b-b675-f53a8fa6e8dd,clean,s5,3,0.710847,0.830805,0.832072
083af374-eb93-452d-86f3-6a234539383c,fog,s5,5,0.545930,0.706271,0.706313
083b9dfb-f0a2-4cb8-9930-8fa1ac462715,gaussian_blur,s2,0,0.475675,0.487534,0.951349
08447fda-4504-4044-a273-becf96a0830d,clean,s3,2,0.715261,0.813596,0.943440
084eb79e-4f28-406a-9277-2c2d7dfeed4c,fog,s5,4,0.736174,0.847725,0.850126
084f49d4-268b-42f1-b282-03a9e2d55917,fog,s4,2,0.598538,0.747508,0.754197
08564a54-c6d5-42a5-984a-3f364137ec33,fog,s5,3,0.719033,0.836275,0.838267
085d4689-1ffb-4f92-9f60-0c03e61ce653,gaussian_blur,s5,3,0.668225,0.797767,0.817701
085dc738-a6a3-446e-9738-4e4423163d52,shot_noise,s4,5,0.436009,0.600661,0.623754
0868a333-e6e8-40d2-90d8-3c459abfa88d,clean,s5,4,0.472129,0.636574,0.654768
086e1537-9f96-4295-b8bc-5be6cf7bd425,clean,s5,5,0.578839,0.730709,0.742667
086e2d05-8b19-4f75-8821-e7beb0f94671,fog,s4,1,0.254328,0.402903,0.409904
08777bae-26be-4249-a8aa-215714bc65ef,fog,s5,1,0.493999,0.655563,0.678000
087966e1-2d63-4f2c-8db2-e372e0e0d83d,fog,s4,1,0.434466,0.570741,0.687316
08811b1d-ec89-46f6-a7d4-20f4a9cb96d8,shot_noise,s5,2,0.365552,0.500933,0.604437
08840c4e-e5ec-4c10-931f-eeb475eebedf,clean,s5,5,0.431088,0.484244,0.831675
088d0be2-5f34-4bfb-adba-9cfd2ae810e6,fog,s4,0,0.235290,0.366352,0.403979
088eec4f-0579-4856-8eb3-66706e32280a,gaussian_blur,s4,5,0.569710,0.705278,0.795781
089c340c-4503-4017-bc94-cfffd296694b,gaussian_blur,s3,3,0.431471,0.555103,0.710126
08a00fba-3eeb-43ca-ab09-fcb12b50f05b,gaussian_blur,s3,0,0.320443,0.425635,0.589335
08a87fd5-9f99-48ac-a8a1-2da3efa7cf56,fog,s5,1,0.613887,0.759759,0.764904
08aa5ff9-f971-475d-8135-e22bf1dfded8,gaussian_blur,s3,4,0.570131,0.671781,0.892086
08c8cf73-0e2b-43d9-ae5c-df2eee01a6f6,gaussian_blur,s5,1,0.454297,0.622422,0.630971
08d5efeb-35a0-4077-96e7-fa51993364f2,clean,s4,3,0.670419,0.794265,0.843675
08e252e8-1eea-492c-a87d-bc5e86d092fe,fog,s4,3,0.744285,0.851818,0.864059
08f3ae83-cf10-48d9-b88f-45f279830d9d,fog,s5,1,0.520901,0.683052,0.691104
08f6ebc4-c7a9-40fd-8528-13be03239efb,clean,s5,4,0.636823,0.772154,0.804309
0906e25a-a98b-4aea-add3-240f326f271b,gaussian_blur,s5,3,0.649878,0.787638,0.788501
090a7f6f-fe35-482d-afe9-75d2800256e0,shot_noise,s5,1,0.669892,0.799674,0.815515
0910e933-73c2-4830-95fe-94b68caed66d,fog,s5,2,0.646640,0.785380,0.785525
0918a7da-9fe6-488f-914e-48fc71ffc1fc,gaussian_blur,s4,2,0.419207,0.552532,0.676198
091ebdb0-6c92-4c72-8090-84854df49f31,gaussian_blur,s5,5,0.501526,0.665892,0.674395
0923b2f9-97a2-420b-a2cd-598505d475da,shot_noise,s5,3,0.268426,0.423242,0.423243
0926fea2-365d-46f3-b7ab-55c708887a5a,gaussian_blur,s5,4,0.180168,0.266584,0.358149
093bfc03-8269-4726-8f56-b373c94cc366,gaussian_blur,s5,1,0.652719,0.789840,0.790027
093cf4b3-5d30-4986-bd0c-51a2c90c8d92,shot_noise,s4,2,0.613814,0.729100,0.877345
093cfbec-e4f9-416b-9cf8-8724cf81c124,gaussian_blur,s4,0,0.728649,0.832595,0.905344
09423d42-0121-4885-810e-f20d583339a9,fog,s2,5,0.799819,0.876582,0.987589
09563ffb-e8c7-42d2-8478-f1f762c240cf,fog,s3,0,0.798177,0.878996,0.960213
09636ada-fb75-4fc1-9b65-973d7066c708,gaussian_blur,s3,0,0.532490,0.647626,0.829189
0965c7cc-2482-4cc3-944c-ef4f4b005661,fog,s5,1,0.571150,0.717463,0.760971
0967aef7-0008-48be-8ccc-8910b3fad5ca,gaussian_blur,s5,2,0.658245,0.792536,0.800509
0976a927-2efd-4303-9325-4606182c812c,clean,s4,4,0.579552,0.728950,0.751778
097fb532-6e84-4b07-9d17-e57b2f020cd3,clean,s4,2,0.537065,0.648205,0.842693
0981add4-7708-4f38-ae93-428cd4c7a31a,shot_noise,s3,5,0.485555,0.543803,0.894603
09822865-d898-464f-a069-d71702842bd3,shot_noise,s2,4,0.492961,0.496455,0.985921
098567e0-fc33-438f-9575-47cf7d064666,fog,s4,1,0.546954,0.688925,0.765680
0987adaf-3ecc-4a29-b3df-f42829ac2d77,fog,s5,4,0.504210,0.670062,0.671417
09939392-b669-4fe4-8775-e5c74b521953,fog,s5,3,0.528106,0.686165,0.707205
0994da90-7df3-46e3-bd58-4393a156624f,fog,s4,3,0.422755,0.577390,0.634236
09ab1d7f-e404-437b-8a4d-5fb912d432a4,fog,s5,0,0.550242,0.709331,0.711766
09acea95-1e6c-4bd3-abc4-e87698381f4a,fog,s4,2,0.766492,0.860991,0.916891
09b6451c-59d9-4ba8-be72-a6695705c998,gaussian_blur,s5,1,0.528611,0.685747,0.710320
09bd10a9-7200-4d01-9776-35f5e33922f6,fog,s5,4,0.490842,0.658438,0.658587
09d0371d-94f4-42c6-8279-b9ac94debb80,shot_noise,s3,1,0.442084,0.469262,0.884168
09d74801-ed92-497a-af9e-cf020607fd92,fog,s4,5,0.261530,0.404993,0.430811
09da3829-7b92-45e5-bb3d-b7c16c802ec6,fog,s4,3,0.695433,0.812637,0.861581
09e68aa8-7884-437f-b863-646f9a0a559b,fog,s4,5,0.652763,0.775196,0.855335
09eb6db4-b047-4a36-8cb0-3a3bbec934d2,fog,s5,4,0.673442,0.804069,0.808890
09f34ce5-6879-4bd8-8ea4-a2978e4e8dce,fog,s4,0,0.832263,0.904078,0.954066
09f5adab-066f-4c0c-bb5c-1a5294b4c150,shot_noise,s5,5,0.466887,0.636566,0.636575
0a04b7f5-b634-45e6-96ff-5ec42e9315db,shot_noise,s4,0,0.541305,0.650661,0.850499
0a099ec4-152f-403f-be53-09bcaad915c4,gaussian_blur,s5,5,0.798801,0.887088,0.897541
0a219dcb-ee2a-47e5-b646-0fd3d98bae0a,shot_noise,s4,0,0.781578,0.868712,0.943572
0a221b08-b4a3-419a-95ee-1dc70e547959,gaussian_blur,s4,0,0.671469,0.798202,0.829441
0a29c807-2318-4e72-bc5f-bdb4542b6e39,fog,s3,1,0.677592,0.772365,0.963545
0a3ce145-cfee-49f9-bb3d-1da54d73b3a7,fog,s5,1,0.748051,0.855852,0.855984
0a3e0cf9-0cc6-409b-b522-4278c7031c9d,shot_noise,s2,2,0.493980,0.496972,0.987960
0a6cadb2-1cb8-4ee4-91cc-da8067eefa48,fog,s4,5,0.651855,0.783985,0.813569
0a7ad34c-27d0-47f6-95d8-a4b4920b627f,shot_noise,s4,0,0.751321,0.847381,0.927616
0a853316-fb01-4e36-b966-c5153882a01b,shot_noise,s4,0,0.537034,0.692505,0.719243
0a8bff5c-a3a7-4457-8453-c1585e838615,gaussian_blur,s2,3,0.441504,0.468935,0.883008
0a8cfdc4-7294-4eb8-9841-dcd86e895575,gaussian_blur,s4,4,0.627872,0.739349,0.894373
0a8eedd3-275f-4887-acfc-1191a3405517,clean,s4,5,0.839404,0.910459,0.937621
0a97fc01-2a25-4281-b7a8-451a863b802b,fog,s4,2,0.372144,0.509075,0.610363
0a9d35c1-4104-4248-a2b5-58ec1e2f5dd0,gaussian_blur,s3,1,0.615378,0.713161,0.931819
0aa4605d-6442-40c6-9f53-8b1ae91890f0,gaussian_blur,s4,4,0.791666,0.876878,0.939291
0aa9cac9-bb54-4654-bb0a-c8a853742863,gaussian_blur,s4,2,0.493420,0.647185,0.699360
0aaf8b11-e5d3-4a00-9d92-d469dc70b9c3,gaussian_blur,s5,5,0.767854,0.867721,0.875967
0ab35678-a270-4365-9934-a141dd1efb47,clean,s5,4,0.605101,0.752982,0.757984
0ac49aed-f2e4-4eb1-ac33-9fcbc34e7e83,fog,s5,4,0.495473,0.660551,0.668757
0ac89577-02ab-42bf-a683-8dcd3ee51a83,fog,s4,0,0.550397,0.655081,0.869253
0acc5da0-cc6d-45da-b0da-80899528fd19,clean,s4,0,0.304587,0.466838,0.467152
0aceb948-4e8e-4e58-8f9c-0413ed358ecc,clean,s4,4,0.608322,0.716554,0.897285
0ad56d07-f6d4-4c21-be74-3bb2886b6150,gaussian_blur,s5,4,0.436752,0.589907,0.652021
0ad98c6d-8ef2-4167-a2c3-4ed3cba4c417,gaussian_blur,s5,0,0.495305,0.659158,0.672229
0ae0a1bd-43fe-43c8-b5ee-2609d4f39c12,clean,s3,4,0.517708,0.608236,0.871083
0ae4e5bc-18f0-45ce-8142-74e7f73f0ad6,shot_noise,s3,0,0.591292,0.703115,0.878043
0ae5afe2-6285-45ab-9778-c5bf3eddc9bb,fog,s4,5,0.412505,0.578667,0.596911
0ae779a7-32f5-4565-87ff-2265cdfda80f,fog,s4,4,0.815116,0.896011,0.918641
0b18194a-37c7-4d14-a0c9-ad6c57a3b988,fog,s3,4,0.220025,0.341673,0.389574
0b29309b-855d-48d3-91ee-bd0bdf1df8bf,fog,s4,5,0.621697,0.754585,0.816187
0b2c2509-33b3-4948-be28-4e86d8e172cc,gaussian_blur,s4,3,0.716466,0.832510,0.848581
0b2c5d12-a915-4681-b325-838d1e74fabf,gaussian_blur,s5,4,0.524273,0.684025,0.700160
0b3d4720-6e28-41d1-b9f2-e5c238fccb2b,gaussian_blur,s5,3,0.691821,0.816073,0.827461
0b43bfac-9357-461e-b1b7-aef45f1b9a16,clean,s5,4,0.297713,0.458734,0.458997
0b4d0dbf-7eef-4947-a529-b41a85ac7700,gaussian_blur,s4,5,0.487917,0.640043,0.699724
0b581690-282a-4f96-9f69-a481ab71d2a7,clean,s5,0,0.547617,0.707657,0.707804
0b60387b-fd56-4769-808b-cc3c112a29cb,fog,s4,5,0.350123,0.460783,0.625976
0b651610-5a95-482c-9b1b-4be0ca9ff6ee,gaussian_blur,s4,2,0.621115,0.743613,0.854698
0b66643d-fef4-46a4-b18d-90ced1ec438b,shot_noise,s4,5,0.625765,0.756439,0.824709
0b6be36b-2dd8-4c86-ab01-99d0b77cf940,clean,s4,3,0.246714,0.395565,0.396144
0b70c928-f317-4233-b6bd-d590d27e3336,shot_noise,s4,0,0.648101,0.775920,0.833618
0b737538-3667-4173-ae58-98f198a766da,shot_noise,s5,2,0.536027,0.695495,0.705968
0b743e87-b39c-426a-a175-35b3181fd9d9,clean,s4,3,0.703309,0.811992,0.899337
0b748552-dddb-4468-b7fb-0f67eb1fc2a9,gaussian_blur,s4,0,0.664070,0.786167,0.854064
0b792df6-511b-4758-8032-366a1f6d9564,gaussian_blur,s4,2,0.626908,0.760393,0.813584
0b842dfd-7b57-4e74-a67f-57d5533da7de,fog,s5,2,0.425188,0.557998,0.684181
0b88d83d-c1a1-48da-bf02-cab55c0d508a,shot_noise,s4,1,0.445727,0.615409,0.619744
0b8b2951-533a-454c-9ef1-e801b6fe56df,fog,s5,0,0.636047,0.771428,0.804289
0b90c6fa-aaef-4b9e-84a8-357ddebff38d,fog,s4,5,0.745608,0.848781,0.890549
0b98707e-87a8-4d9b-b44b-8f343e61190d,shot_noise,s5,4,0.419310,0.553515,0.674517
0b9e8bc8-b6f8-4f01-8657-0a0b66d2f439,gaussian_blur,s5,5,0.624550,0.768633,0.770000
0bafb200-ec11-4541-86ad-cb1ede293bab,clean,s5,3,0.584378,0.728231,0.772426
0bc205a2-b072-4e0f-b5c8-8a71de38446b,gaussian_blur,s3,5,0.621688,0.724426,0.920180
0bcba1db-c5f9-4fb1-8203-88f66a4f8bfd,fog,s5,3,0.620769,0.765889,0.766565
0bcc1199-a6c5-4f4c-a5ae-d50b8c971871,fog,s4,1,0.795358,0.879442,0.940544
0bcf0ce1-5812-44ab-995e-f147f31aa2aa,shot_noise,s3,4,0.632456,0.734559,0.926650
0bd9039a-b134-4216-9970-8a2f8cca2ec1,gaussian_blur,s5,4,0.495143,0.642844,0.716909
0bf18822-139d-43cc-9e81-de0196b858ab,clean,s4,1,0.651322,0.774144,0.853957
0bf245e8-cfd9-41d2-88f5-11959194f68c,clean,s5,3,0.656461,0.789545,0.807157
0c094f77-8204-43ae-b5e6-17080ad9d194,clean,s5,1,0.752353,0.853601,0.893355
0c0d8bbc-e7e2-43c8-aa31-1f13b3c1a0ce,gaussian_blur,s5,0,0.257311,0.391654,0.438315
0c0dadfb-90d7-4af3-b93a-39c31e915761,clean,s4,1,0.457039,0.586365,0.726444
0c0ef88a-b704-4e5d-9696-0b95c9229142,fog,s4,1,0.731111,0.841511,0.864624
0c14c972-1fa0-42ca-b5ee-f458984a215c,clean,s5,5,0.735849,0.847796,0.848021
0c178932-76d3-4282-bf2a-2cc7587301ca,clean,s4,3,0.761244,0.861270,0.887280
0c1afeb4-15ef-4d04-966c-93e95e8f6fbb,gaussian_blur,s4,1,0.726848,0.834131,0.888179
0c28f9d7-00fd-41ee-a026-665b85a3f7d2,fog,s3,5,0.503558,0.562848,0.914528
0c47d4f7-a5cc-446a-8c8e-eb5161db08e6,fog,s5,2,0.765593,0.864287,0.888967
0c4e8cd7-4fa3-432a-9735-7238ac1c04ca,gaussian_blur,s5,1,0.418148,0.458494,0.832027
0c571b48-5875-4b66-8086-cc5fd921a11b,fog,s4,1,0.504492,0.579843,0.886768
0c5873b4-3014-4b21-beed-c2cbd6da14f9,clean,s3,2,0.654885,0.749511,0.958913
0c674b27-d040-41e1-84a7-564e8ecc595d,gaussian_blur,s5,3,0.429181,0.600362,0.601184
0c694846-a73d-4196-bff4-3b06f6fbad7a,shot_noise,s4,4,0.310347,0.473635,0.473783
0c6a5e4d-937a-47d0-b4f0-90cc6d53f595,gaussian_blur,s3,1,0.618105,0.733506,0.878362
0c6f1838-ce84-4aef-b68b-434d076084a1,shot_noise,s5,5,0.699132,0.822102,0.827573
0c725411-1f77-4449-a4e4-4deb5912bfc6,gaussian_blur,s5,1,0.526623,0.688697,0.693844
0c843655-af70-47a6-853c-000fb6b6ae7d,fog,s2,5,0.431371,0.497494,0.812176
0c858fd1-0356-4ee5-99b7-b9d53fd637a9,gaussian_blur,s5,1,0.497210,0.662641,0.668751
0c8c8d06-41d0-497e-b202-cc96a9446121,gaussian_blur,s3,0,0.798177,0.878996,0.960213
0ca2bac0-7e04-4867-9759-dc7ec315b67f,shot_noise,s5,3,0.534940,0.696993,0.697099
0cc32427-9921-4167-8471-151ada9f0044,clean,s2,4,0.493980,0.496972,0.987960
0ccf3dba-d906-412f-af14-55a506356508,clean,s4,5,0.243358,0.370227,0.425156
0d041603-646a-402c-8532-c470aecba090,gaussian_blur,s5,2,0.710728,0.830906,0.830913
0d0ae366-52fc-457a-bf13-394d68f62d42,clean,s4,3,0.577533,0.727076,0.750965
0d14685d-28e6-4438-b286-f991ca3d08fd,fog,s5,3,0.471459,0.624430,0.684404
0d17bed4-2708-4ef1-917b-cefcadc78c65,shot_noise,s5,4,0.416323,0.568185,0.633531
0d1c8b67-e40d-4457-ba57-3615bbf91b0f,shot_noise,s2,5,0.485117,0.492446,0.970235
0d225650-c4c6-4303-8965-1446618a7106,shot_noise,s2,1,0.470816,0.484969,0.941632
0d466032-b003-49bc-9da1-b2ed96382374,fog,s4,5,0.285089,0.443655,0.443747
0d46c29b-4e52-4d18-814a-7f0d21aab746,shot_noise,s5,0,0.260973,0.345840,0.518000
0d490c4d-ac57-42b1-a6ba-5fa5f253ce26,fog,s5,0,0.558356,0.716421,0.717216
0d5e77fc-65c2-4eae-8f41-a054d0d744c8,fog,s5,2,0.443760,0.614704,0.614789
0d6427c1-0bd4-467a-9eae-c69c9e8d61a1,clean,s5,3,0.762931,0.864230,0.875069
0d688366-5506-43ec-a1d8-5db7cd152128,fog,s4,3,0.191772,0.310876,0.337719
0d6c01fb-868d-4384-aab2-5ebcc993bbf2,gaussian_blur,s1,2,0.495107,0.497541,0.990214
0d6dcc2c-d363-414e-8095-488e40a37942,gaussian_blur,s5,4,0.391309,0.561382,0.565067
0d79db11-055b-49ad-a1fb-2207c5398544,gaussian_blur,s3,0,0.512822,0.571479,0.926468
0d7d5545-59cb-4642-af85-2ec27e3b6bff,clean,s2,3,0.441864,0.469138,0.883728
0d81abae-ce13-475d-83bd-03857dfd741f,shot_noise,s1,5,0.423000,0.481685,0.812213
0d851a55-853f-43ef-ab04-bc85c4070887,shot_noise,s3,1,0.735406,0.829644,0.952533
0d906b32-08a6-4269-b759-2ac1267957d7,fog,s4,2,0.669586,0.777500,0.912651
0d9b8243-3c6a-4d75-aaff-d4b08a883737,fog,s5,4,0.366029,0.422652,0.732059
0d9e1702-a3b7-47bc-b0f2-fe1c2fdfd7b5,clean,s4,5,0.701940,0.810731,0.899575
0da08438-fb4e-4d16-abf5-4b009d90f8ed,gaussian_blur,s5,1,0.555996,0.701286,0.759386
0dba3f66-e021-4e9b-b5c4-bcdb56a4115f,clean,s4,1,0.581055,0.722966,0.778539
0dbd1ab7-c8d7-4074-95c2-90507516ed9a,shot_noise,s5,2,0.585875,0.735655,0.751014
0dc2d210-6b71-4ba9-b752-67e2b94b1d37,fog,s4,4,0.532828,0.679346,0.744736
0dc6b18a-e557-42c0-93c1-0dd89af779ff,clean,s5,3,0.456416,0.621674,0.640224
0dcbae71-791b-4a8d-a47c-40823ae9c89c,gaussian_blur,s5,0,0.556530,0.709016,0.735968
0dd7355c-ae70-433d-9d46-556e93f49427,clean,s3,2,0.555109,0.653973,0.887149
0dd92475-a2cb-42fd-9b95-c7882c363124,clean,s5,5,0.526071,0.673718,0.737647
0df33069-c9c8-4fb8-8850-f28a335b3813,shot_noise,s5,3,0.366748,0.536515,0.537012
0dfa33e5-623e-41a4-9335-571f3bc8752a,shot_noise,s5,0,0.650635,0.785714,0.800624
0dfbb6ad-8209-4adf-acf8-0f824c320ef8,fog,s5,0,0.824782,0.903953,0.904251
0e01f57b-2a38-43a4-816d-b79e73bcab42,clean,s3,1,0.582301,0.687121,0.892300
0e076c0b-7b7a-4ae0-90a5-cd1f3dd6f1a1,clean,s5,4,0.406347,0.525482,0.688289
0e1716f5-6c79-4318-bc05-f38931713cf4,clean,s4,4,0.668799,0.777188,0.910797
0e1c8b90-51ee-44eb-ad50-cc1bd1755ef8,clean,s4,3,0.280703,0.373686,0.541617
0e2bc450-d22e-4505-8c1e-71901b7b0229,clean,s4,5,0.428962,0.583144,0.641738
0e3a5ec7-6184-4848-a9ad-893c24af84ed,gaussian_blur,s3,5,0.637046,0.749655,0.892661
0e41c417-eef7-4c40-8c3d-38346b265426,fog,s5,3,0.354499,0.517932,0.534865
0e4484a9-12b7-4735-8dae-1508259de7f5,gaussian_blur,s5,5,0.445586,0.614977,0.620376
0e4f9798-cf05-455d-a3ed-a7e158517e13,fog,s4,5,0.357216,0.516063,0.547744
0e5527ba-6143-438d-a89c-a863bd4cd36b,clean,s4,4,0.754951,0.849450,0.932880
0e693e4d-bdd0-41b3-a849-4da123e65d0b,fog,s5,4,0.477169,0.645959,0.646343
0e719ec8-f951-4fc7-98d5-fc71d62101b3,clean,s5,1,0.808354,0.893740,0.896672
0e7405b0-de45-4f05-9e7a-fe49fbb9459e,fog,s4,3,0.651531,0.769743,0.872645
0e77fe42-f073-4c6e-a6fa-a4064c4d6847,gaussian_blur,s5,4,0.720936,0.837841,0.837844
0e7934ac-07ad-46a8-803b-bb726efdc774,clean,s2,3,0.438205,0.467068,0.876411
0e7acb8d-6790-4dd0-bbf5-a1a34832083d,shot_noise,s3,0,0.630462,0.727111,0.942811
0e7b365b-91a7-4a16-8583-7ad1dcb84c82,shot_noise,s5,4,0.441772,0.608140,0.624757
0e7ce06e-6686-4d54-a3b9-6ee4df49117b,shot_noise,s5,1,0.776016,0.872660,0.883498
0e84ce4a-4f09-48bb-b92f-eb0cb5c55b1d,clean,s4,4,0.634965,0.767102,0.818080
0e8d7981-770a-4172-9de7-386c931dbd0d,clean,s5,0,0.339958,0.482481,0.555599
0e8fa8aa-8483-40a1-a698-30a026da2044,shot_noise,s3,5,0.512750,0.611625,0.848565
0e90c183-df76-48bd-8184-2b3d6e298f75,shot_noise,s4,4,0.496749,0.660777,0.672595
0e9d13ae-9079-4fec-94b4-b6628e51aca9,clean,s4,2,0.262627,0.409065,0.427739
0e9efff3-8bd0-44e7-8a6e-5a8ca70e6643,shot_noise,s4,1,0.636878,0.743841,0.912144
0ea35891-46b1-4c45-8bf9-93212f7fba61,clean,s5,4,0.774990,0.873176,0.873680
0eaeb14e-e4f3-4efb-bc5a-e6ba7e85626b,gaussian_blur,s4,3,0.586458,0.721276,0.804107
0eb03d1c-69c8-4bdc-8fe0-8b3020132920,shot_noise,s4,5,0.323208,0.487639,0.490245
0eba44a6-b41a-40ef-a451-c4721df9ab26,gaussian_blur,s5,4,0.602071,0.751472,0.752192
0ec3918d-b07d-4d9c-8f00-45498fcb6fca,gaussian_blur,s5,5,0.276347,0.395035,0.495829
0eca9ffb-2cf0-4ea0-a205-42c317065c9e,clean,s5,2,0.710395,0.828968,0.840686
0ecf22ee-6b5d-4d89-9542-35cd21d5b8a0,clean,s4,5,0.298708,0.389659,0.575269
0ed24f95-305e-47eb-87db-75c02061a5e0,shot_noise,s5,3,0.569210,0.724247,0.729922
0eea4846-5929-4942-8e3e-f87048a335b9,gaussian_blur,s5,3,0.457604,0.626744,0.630944
0eec6475-e676-45e4-9937-44b12aa4b1d0,gaussian_blur,s5,2,0.400113,0.571326,0.572054
0ef3deeb-fe9c-4f2b-8447-a114f951e824,fog,s5,2,0.560005,0.703997,0.765099
0eff92a5-9846-43ec-b699-a1cb603d7df3,gaussian_blur,s3,5,0.594076,0.691823,0.919061
0f00cd17-4de8-44e1-b3d0-0c11a52de37e,shot_noise,s5,1,0.574987,0.720993,0.762960
0f07d88f-5df4-449d-8f58-893614d563b0,fog,s4,4,0.383016,0.546110,0.571013
0f2b8d25-0132-4cc8-8e29-d7607af1ce80,clean,s3,4,0.715471,0.812510,0.949504
0f33cf9d-b896-44ea-9ed8-b35a58049980,fog,s3,0,0.524962,0.619522,0.869765
0f4d9301-2c46-4489-bd11-e451913eac25,shot_noise,s5,0,0.606989,0.747580,0.786560
0f5a7d8c-05d8-4b45-b204-9e0914c0a931,shot_noise,s4,3,0.748067,0.849928,0.895533
0f6329ad-afcc-404d-ab5e-7bd4746147f1,gaussian_blur,s4,2,0.676630,0.796549,0.859142
0f655179-13b6-43d8-958c-3d8690d2a477,fog,s5,3,0.665199,0.795397,0.816272
0f69ac12-6393-457a-9d30-20e0dcc76137,gaussian_blur,s4,3,0.435983,0.557868,0.718861
0f75070e-6418-4cfa-8dbd-e5db1ac3fcae,clean,s4,1,0.483732,0.651177,0.654544
0f7f8c7b-9af5-485a-922b-27a15929c6a8,fog,s5,1,0.250769,0.370381,0.449589
0f813cc8-8c79-448a-86c5-525ec36fad32,shot_noise,s4,1,0.204571,0.331085,0.352475
0f839096-d289-4cd6-bb91-ce4ca8f5b1d7,gaussian_blur,s5,1,0.659191,0.793486,0.799957
0f892d9b-6c20-4546-9c3b-5ac5bca77a47,shot_noise,s5,0,0.458915,0.590430,0.723579
0f9d3065-697d-4cf6-930b-2eef7547dec0,gaussian_blur,s4,3,0.450418,0.504776,0.855952
0fa590ee-7d0a-4450-a59f-2afeb9eaddae,shot_noise,s5,4,0.253728,0.375695,0.451312
0fbcbed9-d812-4ac2-a3bb-c900369ba126,clean,s4,3,0.788282,0.876264,0.924800
0fbec82c-1e34-451e-9d31-64a9b1b133fa,shot_noise,s4,5,0.661132,0.778616,0.874535
0fc338f9-95ea-40e6-9f4b-a6d314ce8e13,clean,s4,4,0.698507,0.812214,0.877248
0fc7ef81-120e-4c62-b778-0dd0292d6c1a,clean,s4,1,0.766926,0.858533,0.935648
0fc7f9d2-e354-41f6-953e-d6bd436b6031,fog,s3,0,0.657003,0.751636,0.959552
0fc84ecc-db38-4b1e-8ebb-c2d00f51eddf,shot_noise,s4,3,0.768151,0.858742,0.940608
0fcb8af5-5b14-4b63-bd4e-90d9538dc53f,clean,s3,4,0.702687,0.798402,0.959236
0fdceb4e-e8db-427d-a9d9-e15a52a8dd68,clean,s4,2,0.749749,0.853473,0.880904
0fea95b9-792f-4ea9-bb92-3236789945c2,gaussian_blur,s4,5,0.762584,0.862226,0.887632
0ff2a5ef-4c4b-4b34-86a5-b51cf58eae58,shot_noise,s4,1,0.473631,0.636727,0.659546
100f1e24-8885-4358-b145-29fe30919144,clean,s3,2,0.652325,0.765258,0.893215
1011e3b3-7c96-43bd-8e83-8d205d5dcf64,gaussian_blur,s3,0,0.644832,0.737496,0.961493
10210bb8-603e-43b8-af4d-12b592207a27,shot_noise,s3,0,0.521422,0.627200,0.841664
1054618d-84de-40d6-99a1-c697fc2d9bf0,shot_noise,s4,2,0.486689,0.632026,0.716424
105f6ac3-5528-4f2a-b806-384c54de795f,shot_noise,s4,1,0.545403,0.696691,0.736000
106c6b9f-c775-4338-b97e-fea551a8398c,clean,s3,0,0.543846,0.642466,0.878133
106d8339-fb8d-469c-ad33-d5b8a8a4ebc9,fog,s3,0,0.448170,0.476600,0.890912
106fe5e6-0734-49ce-b36d-61ab51934944,gaussian_blur,s4,0,0.608322,0.716554,0.897285
107de80f-55e9-4cdd-a713-8fc8a580eab6,fog,s4,2,0.746636,0.845248,0.917583
10883150-578d-4752-88ab-1fe93324a1a0,clean,s4,1,0.680312,0.799024,0.863088
1093a18b-6b23-4825-8822-84a6b68dc32d,clean,s3,4,0.591383,0.703200,0.878107
1093da2e-c2d2-449f-9a55-b8347ffae4d0,gaussian_blur,s3,4,0.455610,0.504245,0.871611
10a06ede-5f71-49e6-8efd-deceb30d8af8,gaussian_blur,s3,5,0.757472,0.847325,0.958132
10a6feff-2319-4341-937b-6df8a09e164f,shot_noise,s2,3,0.486257,0.493033,0.972515
10bf25b8-5cbf-4771-948c-3bf7241b8b5c,shot_noise,s5,5,0.607700,0.752161,0.771426
10cca7e2-7965-44e5-9a63-f357401e2f04,fog,s3,5,0.423978,0.504487,0.779125
10d18764-bf25-4839-88f5-b84615e3688e,shot_noise,s5,3,0.456585,0.617652,0.651179
10de2670-1e09-4aba-b104-e279f91c6bd8,clean,s4,3,0.243358,0.370227,0.425156
10df19e6-67a4-48a8-9e6b-f0f47cd135cb,clean,s5,5,0.574466,0.729605,0.730186
10fdfad1-65db-42c4-bd41-68b2beb3be71,fog,s5,4,0.487190,0.652614,0.662577
11029e28-7a2e-4ab5-8478-67dd63104749,fog,s4,4,0.428603,0.594823,0.612885
110fa4ff-e3eb-47bc-85c4-0663c9929d52,fog,s5,1,0.343722,0.457820,0.610784
11132229-9f3c-45fc-8b1e-de9f81fe9065,shot_noise,s3,0,0.708212,0.800960,0.970994
1114d94e-fce0-4113-9c87-33cb9568c582,clean,s5,5,0.805240,0.891229,0.900245
1128f602-c42c-49ad-97c8-4a874a95ca7f,shot_noise,s4,1,0.335341,0.501905,0.502957
114b5360-04f4-43ec-a26f-a5e08bbe0f96,gaussian_blur,s2,3,0.634538,0.717636,0.984571
1151e885-7d7b-4c20-a469-4544a1c1dd23,fog,s3,3,0.473318,0.544404,0.857876
11605ba3-97c7-47a2-9d45-55b15dc375e6,fog,s4,2,0.632423,0.762884,0.825199
11641cec-278d-4e48-ae55-e3599395e35d,gaussian_blur,s3,1,0.452685,0.574676,0.737417
116fcb64-7ae0-47d0-ad1d-efc8dfe17832,gaussian_blur,s5,4,0.621576,0.756517,0.808178
117239cb-fa98-47cd-8855-527d739abb43,gaussian_blur,s5,2,0.697837,0.819575,0.835637
11762e85-54d2-4e96-a306-f14576e2a699,clean,s4,5,0.467988,0.579193,0.776368
117f0be7-89b3-4530-a650-c2db468bb3a8,clean,s4,4,0.710168,0.827477,0.848187
1186d0f1-0c5f-433e-acee-7e1e8571e908,gaussian_blur,s4,1,0.643142,0.758776,0.882496
11887f72-664c-4c5e-8c47-dc5792a95351,clean,s5,2,0.587643,0.731006,0.774711
1190986c-cba3-4184-a610-5cec778ed948,gaussian_blur,s5,4,0.349174,0.512019,0.529072
11975524-a307-4c3f-ac01-c3acd706e2dd,shot_noise,s4,1,0.487674,0.607368,0.778512
119ef29d-ab16-4992-bcc1-08a607ef9d71,shot_noise,s4,1,0.735354,0.837810,0.907227
11a8db09-94f0-4ccf-a2e9-659a302c6ab5,fog,s5,1,0.747720,0.854411,0.864177
11ae4050-0b73-4a7f-b3a8-d6af23362737,clean,s5,5,0.456187,0.615057,0.656407
11b7e7ff-f1d2-4b67-a4db-75c0b803419b,clean,s4,2,0.424561,0.555976,0.686330
11b9fbb7-cce8-46cc-bdd1-a571e8252107,fog,s5,2,0.309468,0.472370,0.473216
11c4698c-1714-4dfc-b901-ecb264c2e9e6,gaussian_blur,s4,2,0.690652,0.804347,0.881818
11c713fc-235f-48db-a1a2-63a75c2c53f5,shot_noise,s5,0,0.486718,0.646525,0.678037
11c88875-57c7-451f-a215-c8ba70925ee7,gaussian_blur,s4,3,0.552863,0.687569,0.790434
11f5b2a2-6bb5-4e61-b02a-378101daad9e,shot_noise,s4,4,0.392632,0.551675,0.591072
11fd964b-ca8c-4cea-8664-6175ec1fbbe6,gaussian_blur,s4,5,0.414537,0.571955,0.619179
11ff29d0-d353-47f6-ae5c-28ba85c563e4,gaussian_blur,s4,4,0.588076,0.710507,0.844615
1201f104-e390-487a-9a4d-756c0a77e475,shot_noise,s5,5,0.402535,0.573610,0.574949
120a4bf7-ffd8-40d2-8764-c9dc42dc2081,gaussian_blur,s4,5,0.517885,0.628010,0.828530
12144607-fab0-4398-8aa0-e190549684dc,clean,s5,2,0.479448,0.646133,0.653826
1219bd4f-d290-4aa4-a125-94846e5287f2,clean,s4,4,0.503976,0.625249,0.790117
122e7e7c-5dc6-470c-a39d-3a90cef02470,clean,s5,2,0.617384,0.763332,0.763872
122f2229-376c-458b-b9fc-2932e01521f2,gaussian_blur,s4,1,0.546497,0.693835,0.748955
12391a4c-c048-43c9-80e2-7067d7dce80a,clean,s4,3,0.713927,0.830141,0.850448
124db0b4-bc7b-44aa-9e2d-7b4fe2b88063,clean,s5,4,0.552919,0.711804,0.713143
124df286-3ce9-499a-bb19-fe8765a228de,shot_noise,s5,3,0.464980,0.516605,0.879291
124f022f-7ecf-47e8-8761-0bf37f3a31c1,shot_noise,s4,5,0.470794,0.614973,0.705685
125080df-aa5c-4fec-94c3-15fc0b38887a,fog,s5,2,0.587587,0.738975,0.745024
125576f2-ac68-4c35-a5d7-4d47a5f5d24a,clean,s5,2,0.413280,0.533370,0.695181
125c6550-ccd0-4efe-9634-0eb0a43ca1c8,fog,s5,1,0.682383,0.811186,0.811338
128affb5-bff9-4925-af19-a50f40d55b9f,clean,s5,1,0.562604,0.704125,0.774027
1295d258-b543-48a2-989f-bd1c75bc7cb1,gaussian_blur,s4,1,0.427226,0.579896,0.643393
1296559e-4a66-4498-9781-f1ea7ea172d1,gaussian_blur,s4,4,0.682620,0.797461,0.880088
12982007-1b33-4cae-b15e-334064c76857,clean,s3,5,0.722256,0.821787,0.933819
1299dac3-b740-4114-9d27-5727f9b45e2e,fog,s4,4,0.694506,0.799608,0.920054
129bb63c-53a1-4666-9f9e-fcc854053c4c,clean,s5,3,0.707016,0.828301,0.828732
129de116-045c-459c-81f0-c13595365bf5,clean,s4,0,0.661828,0.789668,0.829019
12c06103-ae7b-48fd-b4f0-a2eacbbb95ec,gaussian_blur,s2,1,0.471123,0.527201,0.880117
12c9c897-8bc2-4ec4-aec1-d4bb54a962cb,fog,s4,4,0.183052,0.298435,0.325168
12cd5643-94a0-42c8-b569-5b838c6c5630,shot_noise,s5,5,0.790526,0.882921,0.883771
12cebe8a-d148-4808-9f67-138c4eb95c30,shot_noise,s5,0,0.775452,0.873475,0.873936
12d86ef6-9b41-4f1c-813e-839f808f4df9,shot_noise,s3,4,0.544193,0.631935,0.902861
12dd337a-58db-41a6-a716-8b5b2a6debc4,shot_noise,s5,0,0.275967,0.397543,0.490689
12edfb92-9156-480c-b7c0-af335c8c76bf,shot_noise,s3,5,0.563800,0.675367,0.861830
131689a8-35a9-424f-9358-2a9402d255d9,clean,s4,3,0.759915,0.856061,0.915833
1318a707-4eb2-41fe-8d6b-abafbf29f417,clean,s4,0,0.753489,0.851944,0.909889
131d6833-38af-4572-94c1-abc3aa837d40,clean,s4,1,0.474860,0.631316,0.678176
13208c7e-1a5f-4dbd-a41c-72f31863b4b9,clean,s4,5,0.656928,0.779734,0.852931
132dd441-2d0b-4358-b959-68045a57ae59,clean,s5,4,0.543428,0.671197,0.804507
1335e69a-3c52-44b2-aa2c-c02671411c40,gaussian_blur,s4,4,0.666121,0.777230,0.900054
135cd1fd-9db3-410f-b5c9-a2e45d81ec35,fog,s5,5,0.619024,0.764675,0.764739
135dea62-7d0b-47b7-831a-49fbf76873a1,fog,s5,5,0.187146,0.304804,0.330368
13635651-9715-4a78-926b-e91be42575fd,fog,s5,3,0.191248,0.311777,0.334618
13643370-157d-416a-b627-401ed56cbd83,gaussian_blur,s3,4,0.435008,0.514047,0.796075
1377f741-cf71-421e-8b05-c8e31a123e33,shot_noise,s4,3,0.682082,0.798895,0.871178
1378178f-a86c-4d02-a843-57023e29fc0c,gaussian_blur,s3,4,0.705257,0.802800,0.950669
1381ffe2-232c-4f37-b22f-43bc9edb3127,shot_noise,s3,1,0.315189,0.450631,0.531502
138bedcd-2a92-45d5-baca-12a4c8e791a7,shot_noise,s5,5,0.576403,0.731288,0.731291
139fbb67-bbfc-40bf-9e22-efc74e32a0a2,clean,s5,0,0.781115,0.876508,0.881968
13b340e7-a1c9-4e3f-9134-5129b876e5c6,gaussian_blur,s4,3,0.540722,0.697814,0.715453
13c1ba91-2325-45f7-bc5f-9778eebcd02c,shot_noise,s4,1,0.341621,0.405909,0.683243
13d665a0-89d7-488c-9b2f-d9abaf1a9e53,clean,s5,1,0.681157,0.809820,0.813098
13df5506-85ef-4ee0-8e6e-a6bc8bcc0cde,shot_noise,s4,1,0.655216,0.786996,0.813776
13e0b1b6-86d5-424c-b881-27b8e2c3bc33,clean,s5,0,0.599131,0.749284,0.749468
13e3e92f-812c-40cf-ba65-4c66fc678d78,gaussian_blur,s5,4,0.531753,0.694091,0.695009
1404ada8-7027-4876-9c06-228de0d9e222,shot_noise,s4,2,0.431289,0.602280,0.603611
14121bd7-f824-4ea7-8268-891b8442e7e6,gaussian_blur,s4,2,0.540099,0.664072,0.812448
141d3254-5380-40ad-b380-c1aa68d17867,clean,s4,2,0.482541,0.638184,0.686288
1429711c-52ae-449a-a9d4-5e182578316c,fog,s5,5,0.327714,0.493386,0.494175
143d3909-a3da-4249-b8ba-d630d7988e0f,clean,s4,0,0.654182,0.785234,0.817531
1446b05b-cea2-4c15-86f2-02c4e83ffb8a,gaussian_blur,s5,2,0.436204,0.573193,0.687680
145ede93-9deb-413f-9a64-4001f326ca1a,fog,s5,4,0.699089,0.822400,0.825706
146d4278-5e03-44b3-9deb-8c002b70b31a,gaussian_blur,s4,3,0.674405,0.787005,0.892597
1470f7a6-bd3c-4da4-9468-8202139070b7,gaussian_blur,s5,1,0.608229,0.738192,0.825931
1486164b-6617-4555-9323-db6cecf76ad4,gaussian_blur,s3,4,0.458757,0.478491,0.917514
1486a602-a338-4e50-bd8e-260f07c30ce0,fog,s3,1,0.585421,0.686020,0.905669
14913097-1076-460f-9579-750d5e4f5438,gaussian_blur,s4,5,0.646137,0.777999,0.816725
14919f28-2f32-44c3-970a-f88bb3b1f472,clean,s5,2,0.710560,0.828157,0.846128
1492baea-5b73-4d02-bf57-2ae8678e897e,clean,s2,5,0.486257,0.493033,0.972515
14933e68-9e4c-4ce6-b88c-39760f21e9e6,shot_noise,s5,5,0.526859,0.682990,0.712619
149d5e69-d82c-4141-8725-044a130d3e30,shot_noise,s5,0,0.514279,0.678137,0.682665
14a5a3bc-ceb8-42c9-997e-efc92582bd72,shot_noise,s5,2,0.648175,0.783065,0.802537
14aa44ec-9376-46e6-82e7-9763d7d89ff6,gaussian_blur,s4,2,0.312018,0.466608,0.492547
14ad9c4b-01f9-4030-948d-3fb03362b270,shot_noise,s5,0,0.338381,0.480927,0.553302
14b0a337-cc4d-4fde-9257-25814053f139,fog,s5,1,0.647388,0.785926,0.786101
14bf1290-a16d-41d9-9990-663f42084014,gaussian_blur,s4,0,0.771412,0.864003,0.922096
14c12f63-6a66-4bbc-8e10-d9f86a30c033,fog,s4,0,0.735068,0.838873,0.899653
14c25953-68a5-4a9b-911f-68f08f8cb8dd,fog,s3,2,0.571942,0.673138,0.894581
14c9155f-1cde-419b-8a67-a6bfe26e164c,fog,s4,1,0.514202,0.663508,0.725723
14e0e6bc-633a-436b-ac78-3db267ecf1bb,shot_noise,s5,5,0.736856,0.845730,0.866414
14f1cc87-6bfb-4973-8eb3-f737a3a91dd7,clean,s4,1,0.852592,0.918111,0.948766
14fea7e6-f89c-4e1a-b875-9d77c9182889,gaussian_blur,s4,0,0.571355,0.678434,0.878907
150c898b-a5cd-4f63-8ca8-7507daec1e85,shot_noise,s3,1,0.620428,0.716963,0.938155
1526d26d-e730-4c17-8078-23564d34736a,shot_noise,s5,4,0.365838,0.534672,0.537903
15277c82-5234-49d6-aaad-305a3679ebfa,gaussian_blur,s4,2,0.780461,0.872098,0.912641
1529cdb3-5d02-4083-a854-cc73896957c6,fog,s3,5,0.416943,0.523006,0.725838
152bc850-06d0-480b-b1ae-5e709db73061,fog,s5,3,0.572370,0.724263,0.741715
152e01c7-dd89-4c23-96c2-bd690eeefdf3,clean,s5,2,0.661577,0.793312,0.810896
15315fa0-76d6-4e34-9903-f556a19d2b68,fog,s3,1,0.397836,0.508337,0.693042
153fb1c5-1e78-4bea-9e3d-b02db16aa89f,gaussian_blur,s4,1,0.461954,0.623927,0.653349
154dcab8-2f2e-4eca-90fb-b9b899da9190,fog,s5,0,0.417603,0.557766,0.660176
1553f5f3-f20a-415b-9914-f1f0de403441,fog,s5,0,0.299526,0.442749,0.493691
1570b63b-09f0-446e-a412-cf6e9eb824d7,fog,s4,1,0.423956,0.591123,0.606075
157b8e19-a631-4aac-8ef1-7929b8525d50,gaussian_blur,s5,2,0.750899,0.855479,0.873301
158c4a2c-e7d6-47cf-a1fb-4396cb3dc67d,fog,s5,0,0.679406,0.808857,0.810389
158efcc0-7904-4e62-af7a-e4ce17e1bb75,gaussian_blur,s4,2,0.513202,0.660740,0.730059
159c5cb6-3e1d-4d90-ba04-916cd06815d3,shot_noise,s2,2,0.508210,0.551486,0.946912
159dd015-fe13-438a-9bdb-132d4be7e5d5,clean,s5,1,0.650571,0.785289,0.802311
159f6e1b-fc85-4a33-ae21-55a5f227303c,gaussian_blur,s4,0,0.552927,0.680506,0.811028
159fcd10-7abc-4e95-8a22-426d90603ab0,gaussian_blur,s5,0,0.613743,0.760490,0.761291
15b0fc2f-d3cf-4001-aee4-12da21f0c09f,clean,s5,2,0.514523,0.666262,0.718976
15bcaaeb-7685-4ac6-931e-1199c342acd8,shot_noise,s5,5,0.575772,0.682667,0.882400
15c63638-05af-44dd-9a79-9cb076f98cde,gaussian_blur,s4,1,0.434920,0.564809,0.701291
15f651ba-546d-4cd3-9a47-8037923c3911,gaussian_blur,s2,0,0.485018,0.492395,0.970036
16074d2f-030f-4ed2-97e2-59af4ae6cb4e,fog,s2,0,0.475675,0.487534,0.951349
16136bca-baef-4fdf-b2e6-3905f3e42c9d,fog,s4,5,0.245651,0.393280,0.396282
16247e72-0491-4289-9072-11366023a726,shot_noise,s5,5,0.667775,0.800284,0.803371
1624e9dc-24f6-453f-aa85-5cca594af447,shot_noise,s4,3,0.654553,0.782119,0.832961
1625e345-fb34-4004-a401-6383a0d95c39,fog,s5,4,0.559711,0.709211,0.746944
162a9923-e37a-49ed-ab78-79d6ae55bbc1,fog,s3,1,0.502606,0.603609,0.833893
1632864d-076c-419b-ada9-e4330c47527d,gaussian_blur,s4,5,0.703669,0.816917,0.876018
164db8b4-c1b2-418e-b5f4-4992df6d711c,shot_noise,s5,4,0.526435,0.689552,0.690421
16544f0f-5297-4420-94e8-40017674564b,gaussian_blur,s4,0,0.678959,0.791602,0.891243
1656be7f-8c07-4f11-b9ff-09df3508a065,clean,s4,5,0.836557,0.908181,0.941772
1659a57d-6d61-41d9-9ef6-67b064b33c26,clean,s5,5,0.370962,0.539319,0.545189
1659ae20-2734-41f2-9747-4a3cbb8ed163,fog,s5,3,0.477089,0.634114,0.678432
16649cdf-0c86-4bdf-a8eb-03a7d0c48339,fog,s5,0,0.720115,0.835154,0.850224
167ddaae-9c83-4d64-a3eb-c748d23eb993,clean,s5,1,0.615408,0.761788,0.762485
1681ea51-422c-4ed2-8439-3ac482f8d562,clean,s3,0,0.471634,0.573937,0.798291
1683a1ed-f50a-4611-b497-5a85ebc87070,clean,s4,4,0.614948,0.743647,0.831485
16885f23-2f06-4126-b220-683497594897,gaussian_blur,s4,1,0.553097,0.655591,0.876765
16888cf6-2dc1-498b-9d60-b994ecb9fd4e,clean,s3,1,0.513873,0.619526,0.834898
169550f9-2644-4b57-a7fe-327a3fe60e05,shot_noise,s4,5,0.575725,0.682120,0.883701
16959100-ca4f-4f60-be21-0e20384dbbb3,shot_noise,s4,2,0.351029,0.412476,0.702059
16973064-ed38-4197-8626-c8002ef75112,clean,s3,3,0.549539,0.657204,0.861248
169d86c0-03b0-4a49-bce4-8dc45e44de7b,clean,s5,4,0.706318,0.826668,0.834911
16a2cb59-db54-403e-858f-de8eb6271655,shot_noise,s5,1,0.672267,0.803629,0.806005
16a2ddad-6cd5-400d-bf17-cf3188dc07b3,gaussian_blur,s4,2,0.499096,0.574430,0.880709
16b37d4f-238e-4adf-bf1c-313b48868e7b,fog,s5,4,0.606297,0.751285,0.769435
16bf3458-5cc3-499c-8810-88acb4cc551e,fog,s5,1,0.552916,0.711041,0.715765
16c4cd84-f903-409b-bf72-710c8dad04af,shot_noise,s4,4,0.502988,0.638763,0.753898
16fa4c04-5cb4-4740-9c95-efe64b5c6b16,clean,s4,1,0.643375,0.778265,0.804312
171610f6-5a30-4a2c-9843-3aac2783a5ca,shot_noise,s4,1,0.474846,0.620206,0.706380
171d4b23-cd98-41ad-886c-49b1897b270a,gaussian_blur,s5,0,0.664934,0.797340,0.805715
172ac6db-ea23-4180-a631-abc70d476bc5,gaussian_blur,s5,5,0.380071,0.550781,0.550841
17339cc5-c1ee-408f-9033-818dc0bc1a40,clean,s4,2,0.725364,0.833746,0.883395
17615449-b07e-4837-a4f7-9b9c7144ee0f,clean,s4,3,0.844538,0.911961,0.958393
1766add6-3728-4903-ade6-a39673ebc98f,fog,s4,2,0.765514,0.863271,0.895813
176e1be7-9da7-414d-9731-6b363cf37f47,shot_noise,s5,2,0.661218,0.793423,0.808848
176fce57-e9b9-473b-ab87-2c556a6cba8a,fog,s3,4,0.563159,0.662909,0.891503
17834a9e-6a88-4e25-aa4c-e1dae80284e3,clean,s3,5,0.475445,0.516003,0.909920
178a55fe-f7d3-4990-b1c6-317faa6d6981,gaussian_blur,s4,4,0.425666,0.575689,0.647720
179d5e8b-2846-4990-b85e-2743c14a40ef,clean,s5,5,0.639804,0.774453,0.806450
17a22e51-06d0-4592-aeac-3a02644f3768,gaussian_blur,s5,3,0.509402,0.672029,0.683947
17a39d2c-ed11-41ef-971c-508f0b098b61,fog,s5,4,0.464255,0.634105,0.634155
17a4046b-8938-4588-b831-8153b2484671,gaussian_blur,s4,4,0.515333,0.654453,0.754548
17a648ec-4eaa-45d3-b1be-f97907d053a7,clean,s4,3,0.714449,0.821710,0.899261
17ad1569-ce68-4a7f-b0dd-fd098abd8d2b,gaussian_blur,s5,5,0.320916,0.397757,0.632256
17b04e48-6651-45a0-b2da-20030bb3ea44,gaussian_blur,s5,0,0.558356,0.716421,0.717216
17b1caeb-fa7c-4174-b0d3-e5253d090837,clean,s5,1,0.573148,0.719155,0.762521
17b2f1a4-c332-4881-b6cc-701db3f5d4f3,gaussian_blur,s5,3,0.437759,0.608819,0.609269
17b953d7-ebdb-4a8a-8977-cd2ccf4aaec4,clean,s3,1,0.478541,0.489035,0.957081
17ba2a1f-c35c-42bb-91db-929374ff5e50,clean,s5,4,0.650282,0.761408,0.899899
17cc859e-1d8f-4fb9-b385-85f7cc1a7ae3,shot_noise,s5,0,0.615072,0.754396,0.791264
17d4a518-08e3-45bf-bf70-34053684e3ee,shot_noise,s4,0,0.608322,0.716554,0.897285
17d588f0-7085-4f93-83f4-291c1a006a33,shot_noise,s4,5,0.607289,0.727724,0.858304
17d71e1f-05cd-4deb-a3f7-d773fc37e394,gaussian_blur,s3,4,0.504179,0.599735,0.846843
17dc63e6-3b9a-4afb-b17d-64a0ede071ab,shot_noise,s4,0,0.664070,0.786167,0.854064
17deae0c-ba81-4eee-bd51-1674898f4c66,clean,s4,5,0.321720,0.486819,0.486821
17e018bf-8cf0-4308-8a0c-e652532718aa,clean,s4,1,0.726295,0.830189,0.907764
17e05b00-c8f2-4d3c-bc0d-4296c6365814,gaussian_blur,s5,3,0.738479,0.849563,0.849605
17e4063d-c99c-41d6-8194-11872dc2896c,fog,s5,2,0.590780,0.739595,0.754891
17e5be9d-41c6-4211-a487-7278923d7a4d,gaussian_blur,s3,3,0.525464,0.597883,0.915328
17e63b98-24d1-4c2c-8232-17c5abea55aa,clean,s3,5,0.636809,0.731084,0.952985
17e99c12-c466-478c-aacd-75e3940cc897,fog,s4,2,0.291380,0.444582,0.463309
17f7255d-b31d-4815-a545-6b0361971a44,gaussian_blur,s4,0,0.666967,0.795707,0.822288
17fd072e-c3b4-4736-bd51-17eb8d591234,shot_noise,s4,1,0.742467,0.844693,0.900551
17fe220a-cc1c-480d-883c-0524435156e1,gaussian_blur,s5,4,0.306459,0.413215,0.564461
180cc3f0-fcb3-4ce1-b65d-cdc1167b6b7c,clean,s4,5,0.268964,0.421051,0.428850
18248725-ebfc-4035-8553-b02f02fddde5,clean,s4,0,0.654679,0.767313,0.894420
18265510-a584-4154-98e4-ad7602ba6b41,gaussian_blur,s5,0,0.819302,0.900600,0.901451
1827c991-b967-49a0-bbf0-c1591158c8ea,gaussian_blur,s5,4,0.701211,0.823033,0.831904
18293c99-840b-4c17-8823-93865042aedd,shot_noise,s5,3,0.380119,0.531933,0.591264
182c52cb-37b0-4fff-9ee8-a7ba9ae1c2e6,fog,s3,4,0.527960,0.633401,0.848362
1834b531-ad75-48ee-8c48-5927302d5244,fog,s4,2,0.593855,0.729891,0.801787
183f27dd-eb55-488f-8cdb-b5d1f58bb335,gaussian_blur,s4,5,0.736078,0.839490,0.900862
18485da7-057d-41ac-8e24-8e59469ee678,shot_noise,s5,4,0.298540,0.458161,0.462848
1850c226-9a69-41db-8f71-eea7aae2d7a1,gaussian_blur,s4,5,0.657645,0.773891,0.880059
185e70b9-45a0-4a58-a1ac-215e2516f17a,clean,s4,1,0.592320,0.703775,0.879666
186f3e19-6146-4530-9632-557e02f7a5fb,shot_noise,s5,5,0.503476,0.656757,0.707600
187460ce-7e53-40f3-8e19-7cbd94bd5f53,shot_noise,s4,2,0.674248,0.796056,0.851413
1875798f-0bef-4b4e-b57b-d17694b868fd,fog,s2,3,0.393864,0.440631,0.787728
187ca27d-f544-45d0-8054-ea374f75ed48,gaussian_blur,s2,1,0.479008,0.489279,0.958016
187ea9de-b146-4dcf-9aad-77844fc9b70d,gaussian_blur,s5,5,0.708291,0.828744,0.832128
188ec69d-2b7f-440a-9510-4f86230af5a4,shot_noise,s2,3,0.527690,0.613338,0.891259
188f348f-1b72-4a31-95ea-795fc47b552f,gaussian_blur,s3,2,0.623878,0.720947,0.938360
18a458f4-028a-4766-a184-6674fa2fc36c,gaussian_blur,s4,3,0.657017,0.776354,0.867495
18ac86b0-46b5-47b0-bc7e-388d829a934c,shot_noise,s4,5,0.615077,0.752212,0.799835
18c0bc6b-168e-4890-b6ae-945f7e4604e1,clean,s4,0,0.450415,0.598904,0.676383
18ca8b5f-f1f9-46f8-b6c5-deac7d6ec3b6,shot_noise,s4,5,0.474542,0.640643,0.652006
18cf6655-0e23-4a33-b877-993786e98a17,gaussian_blur,s3,5,0.424037,0.546797,0.703099
18d5b516-491b-41d2-a508-d6d26fb9c655,shot_noise,s5,2,0.519537,0.658014,0.759238
18e0487e-0545-4e1a-9bd8-881ff7f1ffb1,clean,s5,1,0.613374,0.760325,0.760517
18e0a62a-7e39-453a-b438-3f6e840ae6c1,gaussian_blur,s4,0,0.487673,0.653512,0.661696
18e92a62-37bd-438a-876a-5d01fe29bc36,shot_noise,s5,0,0.552919,0.711804,0.713143
18ed07a7-a9d5-47ce-b039-72f7d0133350,fog,s3,0,0.387220,0.522926,0.632347
18fdf8a6-ae6c-4f66-83af-0a50ffd7d2de,clean,s5,4,0.600585,0.734796,0.809509
18fefee5-d99d-4ac0-9d80-5817cd7b147d,clean,s3,1,0.507126,0.564997,0.921183
1900eea9-2939-4b9a-ab3d-84f3aa7349dd,fog,s4,2,0.818616,0.894730,0.952813
190552e0-89bb-4eb5-96bf-65e905300e0e,fog,s4,2,0.670918,0.790237,0.864149
191471a6-10d5-41d1-9ab9-4d1b6930b3b7,shot_noise,s5,1,0.623252,0.767783,0.768432
19298d71-676d-4f51-b608-96cbc6473912,shot_noise,s5,3,0.712244,0.829036,0.848937
194089b1-2266-4dc8-8957-245d9954f1db,gaussian_blur,s1,0,0.495107,0.497541,0.990214
19576feb-3d7e-430f-9581-36a52ae024ec,fog,s5,3,0.500861,0.667399,0.667528
1957b455-2dda-4c45-8b00-df1b48d84a4e,fog,s4,5,0.702196,0.811956,0.894667
195e3637-51ef-48cc-84b1-a811eafa7c64,fog,s5,5,0.502518,0.659081,0.697707
1970a2d8-fd2d-4970-9ef6-ab53b8f7ec4f,shot_noise,s2,5,0.460315,0.479337,0.920629
19713559-5d06-4555-afbb-32bfe68befdd,clean,s5,3,0.746468,0.853181,0.866075
19806e2f-0919-4b33-98f3-d3ad84e29e6c,shot_noise,s5,2,0.452769,0.610856,0.655347
19834e77-4ca5-4e8b-91f0-8bb8a90f51b4,clean,s5,0,0.406712,0.576563,0.582215
19840fa3-a759-4b38-8333-5e077a4c0494,shot_noise,s2,5,0.463939,0.481295,0.927877
199e6d74-4631-4ae5-953f-11db1aef86c0,gaussian_blur,s5,1,0.650282,0.761408,0.899899
19c1af5a-4b09-4cb8-9667-f5aba2c03720,gaussian_blur,s4,4,0.349370,0.503489,0.546704
19c4498a-79d2-4e72-be28-b84208c67d55,fog,s5,0,0.726604,0.840187,0.850853
19c493ee-87b3-4d4d-b5d1-590860bb99ed,shot_noise,s5,5,0.291457,0.395419,0.543893
19c60181-d327-4153-b824-01ffbf08fbea,clean,s4,1,0.381745,0.493274,0.669544
19d363d4-de3b-478e-9415-7ec948157b01,clean,s4,1,0.665934,0.788530,0.851216
19d5ae40-1b52-48ba-86b9-8a6ae8b7e59d,clean,s5,4,0.618628,0.764267,0.764891
19d5c0d2-0987-44ce-b7cb-96410b98b428,clean,s5,3,0.439501,0.591901,0.656523
19dfa17a-278d-4b9d-8bcc-e3f3bad39fc7,clean,s4,3,0.638865,0.774884,0.800787
19e8ce89-a0b8-471c-81db-8ab2e5e108b9,fog,s5,4,0.534364,0.652376,0.823540
19ea7be5-3a71-4582-b82a-82da7ac5fa24,shot_noise,s1,3,0.460532,0.512926,0.872304
19f68373-27f4-49ff-b11a-b811ac5614dd,shot_noise,s4,2,0.420894,0.544733,0.697213
1a0507e2-d331-4530-bdaa-b2b6b10e558a,gaussian_blur,s3,2,0.464066,0.538659,0.840474
1a0dff78-b42d-42d0-9754-c3f881002190,gaussian_blur,s3,3,0.472775,0.486006,0.945550
1a21d871-ed59-4a42-adcd-b2b7ba792fbc,clean,s3,3,0.722256,0.821787,0.933819
1a27477e-b8ce-4f75-ab6f-0ef9ac2c1fc9,fog,s5,0,0.650110,0.787541,0.789931
1a30ca5b-08f2-4488-b596-4127a67b16d0,clean,s5,4,0.398797,0.443701,0.797595
1a34b8e5-967a-4429-8d3d-81976d201e1a,shot_noise,s4,3,0.698745,0.814641,0.865922
1a350a2d-d635-477f-942d-79bf7401f13d,clean,s5,0,0.331942,0.453927,0.579934
1a361cd3-6091-4b43-a7f5-034a79b84abe,fog,s4,4,0.748994,0.851039,0.893045
1a373275-f973-4357-a29e-d008feb63d8d,shot_noise,s4,2,0.783818,0.876729,0.895691
1a46b803-3384-4bfa-a41e-d19b6f901de0,gaussian_blur,s4,5,0.835769,0.909029,0.927125
1a4de8fe-0230-4eee-8572-24dea8ae7e93,clean,s5,3,0.562428,0.702960,0.777109
1a4ecfab-1184-4a68-b984-c7ebd9ef2a86,fog,s4,5,0.505526,0.658164,0.710752
1a51bc9e-6498-4844-bc30-0e1c33461269,shot_noise,s5,4,0.752567,0.858248,0.862832
1a737dbe-45ad-4e17-9207-1274d27c5f99,fog,s4,5,0.397861,0.549807,0.612413
1a7f8510-8900-4b30-a9d5-a123f5153d48,fog,s4,5,0.585727,0.700511,0.866425
1a821436-0abc-4b25-be70-67891bfac328,shot_noise,s4,2,0.754322,0.853437,0.904453
1a8d3c26-c72a-46ce-a2b5-a63e9b5aaec1,fog,s5,1,0.396234,0.567396,0.567989
1a8f1190-9116-41a5-b5eb-73a8210b95ef,gaussian_blur,s3,1,0.464746,0.526979,0.862042
1a99b100-60b1-42f9-a760-0910b065519d,shot_noise,s4,5,0.652469,0.778888,0.838544
1a9c6424-dd03-4668-8a11-82ff3a37c38c,gaussian_blur,s5,4,0.444400,0.610297,0.628287
1a9e8e3f-8343-4b94-9473-b2c461951f1e,gaussian_blur,s4,5,0.737600,0.846747,0.863600
1aa4a0d0-32c5-4040-b2dd-385c36e81fe7,clean,s4,0,0.849216,0.917008,0.935970
1aa96528-d24e-4b5a-990b-6c9bd7bd6c87,clean,s3,4,0.594779,0.691993,0.920949
1aabc974-0d5b-4e55-b120-ed6440bf8385,clean,s5,3,0.288674,0.398636,0.530133
1abc7fff-a5ff-4a69-8f4b-254050e1ce6c,fog,s4,5,0.578622,0.712057,0.806054
1abefc01-138d-42f5-baa9-846735eaf347,fog,s5,2,0.288042,0.383829,0.550192
1ac708c8-f054-4246-93a6-b3ba1ddad1de,gaussian_blur,s5,2,0.557218,0.704286,0.754113
1acb094c-4c40-40fb-89ca-05a96ab36e21,gaussian_blur,s5,5,0.359367,0.516172,0.554679
1ad1b2d9-262d-4cef-a720-bef8265f98d9,gaussian_blur,s4,0,0.315065,0.479021,0.479435
1ad6919d-e99f-4c0c-bf1d-21f6e0638cc9,clean,s4,0,0.497252,0.642132,0.725940
1addf4e1-ef54-4034-95cf-ed9e41972cf1,gaussian_blur,s5,1,0.687685,0.812750,0.826667
1b074a29-af43-4e81-b947-865c04a45e09,gaussian_blur,s5,2,0.608654,0.756488,0.757695
1b0c2245-2cc4-4c2b-838c-b3bb6e9cfa93,fog,s4,1,0.556194,0.710574,0.729461
1b0e9083-422e-4627-945e-b00555f3fe87,gaussian_blur,s5,5,0.410369,0.543344,0.666430
1b0f4c4e-bfef-42b6-80b3-5c33d70bdad8,shot_noise,s3,1,0.531085,0.623125,0.881099
1b27f45b-c99c-477c-9beb-a31cb1b36f2b,fog,s3,3,0.603908,0.692470,0.950021
1b28123f-f379-4f04-a55d-e60521771c2c,shot_noise,s5,1,0.462006,0.627243,0.644822
1b286a48-9837-465e-98c5-8951515cfb00,fog,s5,2,0.653771,0.786944,0.808000
1b3a91e2-cc06-4e14-a7de-a8d06806b4eb,clean,s5,2,0.467227,0.603405,0.721301
1b3ad613-8006-405b-a1b5-3fe2c51e0497,fog,s5,1,0.722980,0.832562,0.878987
1b3c4fe0-5b7b-47be-be5b-b6b0f4faecd1,gaussian_blur,s5,0,0.679406,0.808857,0.810389
1b3ed8e2-a1d0-4d20-8f1f-07fc0e1f8888,shot_noise,s5,3,0.640037,0.776633,0.797896
1b44ef36-5997-4c19-8bcd-686739b30ff1,gaussian_blur,s4,4,0.639427,0.765182,0.843430
1b4a1b62-fda6-4287-bed8-e78d867dd9af,gaussian_blur,s2,2,0.449365,0.513305,0.839483
1b5a3306-9129-4de7-949d-dcb58d5d4cb8,shot_noise,s4,5,0.741941,0.845631,0.892180
1b6284e6-cd67-4310-a07e-6f27ed65fae9,shot_noise,s4,1,0.601763,0.712277,0.887267
1b7a31b0-aaac-4ead-baaf-8aeb9daeaec5,fog,s4,2,0.277610,0.424473,0.452133
1b7ad648-5461-4b45-80eb-b3334ccfb47d,gaussian_blur,s5,3,0.613695,0.757436,0.773687
1b8cb78a-c680-4244-9ac5-fe4c825a8fc3,gaussian_blur,s3,1,0.658109,0.758855,0.938747
1b9712f6-ed8e-4384-b55c-41bb14860c43,shot_noise,s4,1,0.677343,0.780556,0.931050
1ba468aa-de69-4e55-93e6-f2661a865792,shot_noise,s5,5,0.439662,0.582251,0.679091
1bb1e64c-cb6e-4adb-8911-e708ca8767e7,fog,s4,5,0.513558,0.662744,0.725653
1bc97506-2ee3-4e45-981c-d0bad921e1e1,clean,s5,0,0.623056,0.761702,0.793165
1bcfb818-c856-4340-b2d8-7bbc13dac04c,shot_noise,s4,4,0.295668,0.451820,0.464740
1bd4b64a-5da8-4c87-ac20-51fae336289f,gaussian_blur,s5,5,0.310349,0.468420,0.483603
1be3f990-8975-4c1e-948f-e42a9dbf3641,shot_noise,s4,3,0.710580,0.816056,0.910991
1bec7c19-db6a-4839-9867-ca8bcafa428d,gaussian_blur,s4,4,0.542507,0.661768,0.826523
1bed4ce4-e810-4dee-83ae-c1f9cede47b3,gaussian_blur,s5,4,0.579638,0.733633,0.734843
1bf4e77e-8464-43b4-9195-44077451b9e3,fog,s4,4,0.200613,0.332144,0.337237
1bf8a577-2d8c-4119-9a8d-5612ef9c7934,clean,s5,3,0.632608,0.773156,0.782948
1c07eb4f-9b18-4699-a79a-89c7303bd746,gaussian_blur,s3,0,0.471634,0.573937,0.798291
1c1edc93-8c5e-495d-8c7e-06cc7b727fd2,shot_noise,s1,0,0.495107,0.497541,0.990214
1c224435-e476-43eb-b3e9-602651cd4558,shot_noise,s5,1,0.775980,0.873861,0.873861
1c270124-c8bb-4f70-bbc4-01db81f704ae,shot_noise,s5,5,0.483498,0.649304,0.659051
1c35edda-9dc6-40e6-8a58-e513a5a834c9,fog,s5,1,0.538306,0.699221,0.702021
1c3dfd46-3053-4851-810e-94dbd58e7aca,shot_noise,s4,0,0.614412,0.748220,0.812548
1c3e711f-2273-49d8-9d46-5a546270d0fa,clean,s5,5,0.376911,0.529050,0.586593
1c4bbf15-3dcf-44ab-84f0-c814760467b3,shot_noise,s4,0,0.758594,0.852687,0.930885
1c530f90-acfd-4ed3-9f7c-d72f55ab0e42,fog,s4,2,0.538581,0.690211,0.732027
1c5c73ac-3725-491f-9214-86af77d2a948,shot_noise,s4,4,0.576811,0.711435,0.801557
1c61e88f-8607-4509-bd3a-7b3723b68206,fog,s3,4,0.501610,0.564027,0.906800
1c67655c-91b1-41eb-8a3d-b5adc71fea98,fog,s5,1,0.660869,0.795736,0.796180
1c69b009-ddea-49a1-8ed9-244e7f751417,clean,s4,5,0.501889,0.644980,0.734152
1c736856-60b7-4b38-84bf-73c2f209630a,fog,s5,5,0.601440,0.704518,0.908853
1c7cc60b-ef2a-4541-a76e-36fde73cfb3f,fog,s5,3,0.694619,0.819430,0.821808
1c7f9d9c-380c-4548-ab10-f1eb438116ca,gaussian_blur,s5,2,0.790312,0.881743,0.892456
1c95027f-b670-430a-9f4a-02124ee989b5,fog,s3,2,0.345411,0.473249,0.589814
1ca03c8b-1fa9-4524-810e-2e789bac40da,fog,s4,1,0.755951,0.854382,0.906573
1ca88793-5e79-43ca-b79a-02a5f8d401c7,fog,s4,4,0.494109,0.568984,0.875845
1cbd349a-d72c-4dc3-9348-47f795dd200c,shot_noise,s5,0,0.631541,0.774045,0.774697
1cc575d8-fa30-4102-9122-0daa9780620b,gaussian_blur,s5,2,0.642209,0.782067,0.782408
1cc5c292-67de-479c-a1e9-f9f0ebf335b6,fog,s5,3,0.426761,0.596816,0.601712
1cc5d2c5-2418-40ae-8fb2-e5ed35016b23,clean,s4,4,0.641083,0.774311,0.812229
1ccf8f03-985e-4dcf-ae44-223fb5afb575,shot_noise,s5,0,0.510930,0.676293,0.676368
1cd317dc-721d-4e41-bc13-7de833d56eab,shot_noise,s4,3,0.690385,0.806563,0.869952
1cdac7b5-bc69-4665-ae47-d97a04425e14,clean,s4,2,0.689635,0.800106,0.897387
1cdb9184-3b4e-48ba-a4dd-384616528797,gaussian_blur,s4,4,0.670361,0.775301,0.924385
1cdfc037-7a80-4132-9a52-a1861863d4ed,shot_noise,s5,5,0.439742,0.604967,0.625787
1ce65a84-1479-4a68-9ffd-dac7d81a3083,clean,s2,2,0.485117,0.492446,0.970235
1ce79a15-0f8f-47de-b290-5de7acb74bdc,fog,s4,3,0.283033,0.432854,0.455898
1ceb70d4-9489-48bd-9be5-8e74f20d242a,gaussian_blur,s2,4,0.417094,0.462353,0.823589
1cef552c-9d4f-4c48-bfa3-9b60983ff5d8,gaussian_blur,s4,0,0.477966,0.615554,0.728037
1d022016-8a47-4abc-bdbc-624434afb5c3,clean,s5,5,0.545660,0.705688,0.707300
1d19e71b-0173-4b06-9bda-38cd617833dc,shot_noise,s4,5,0.179544,0.304295,0.304624
1d1b618d-16db-4d69-acd2-dbcbb9370324,shot_noise,s4,4,0.433422,0.579111,0.665623
1d1c91af-98fd-4c4f-9652-fba1d8c4807e,gaussian_blur,s2,4,0.408531,0.476384,0.778120
1d25ca0d-bb26-46b2-b156-55f383f00511,fog,s3,3,0.490920,0.567691,0.868709
1d2ea76b-7da0-49dc-a96f-8efdd16f70d4,fog,s2,3,0.430581,0.462701,0.861163
1d3b3d8d-3e0b-45cd-8e52-8e8a6b8da10d,fog,s4,1,0.688487,0.805871,0.865151
1d3faadd-4131-4d4a-bee5-690cd520d014,gaussian_blur,s5,3,0.485856,0.653971,0.653984
1d41fd0f-2c72-4ac6-9175-ebec48ad300a,clean,s5,5,0.720442,0.837506,0.837520
1d46f84b-e2ff-4a46-afda-17cd9d71575d,clean,s5,4,0.727987,0.839629,0.861008
1d50b860-000f-405c-90a2-d24272a59268,clean,s5,1,0.534544,0.673385,0.768007
1d597506-6549-4388-82b7-fbe4f68c2dbd,gaussian_blur,s4,3,0.595812,0.738666,0.777536
1d66d645-5ab3-404e-836c-361735f79014,clean,s2,2,0.483581,0.491654,0.967163
1d819c47-cb56-47d2-be3f-d6931a854953,clean,s5,5,0.789992,0.882590,0.883413
1d8a31fa-ac5b-4d5f-9937-47283eb32c75,gaussian_blur,s4,3,0.660404,0.784151,0.847930
1d8d5eae-e6b6-43f3-a25c-9823a3691273,fog,s5,4,0.569969,0.722042,0.740651
1d91b801-a24f-4355-93cc-10e7b2bb56c0,gaussian_blur,s2,2,0.535624,0.612368,0.917472
1d940a64-9336-4ccb-ad05-14a9e61e1f4c,gaussian_blur,s5,5,0.754066,0.859764,0.859989
1d9758f8-6b89-4823-96ae-f72d21cd5a78,shot_noise,s4,5,0.803758,0.888925,0.911717
1dbb427e-1442-4b73-9fb2-0839e94619aa,clean,s3,1,0.474876,0.602226,0.748859
1dbfda8b-820b-4fb2-b0b0-853623c38737,fog,s5,3,0.353620,0.520128,0.527381
1dc19c38-5eb6-4466-b66a-a846431cc61a,gaussian_blur,s4,5,0.688683,0.812475,0.832549
1dc36129-d761-4d49-a642-6aea32b64757,clean,s3,0,0.474081,0.516066,0.905979
1dd36038-ce04-4391-839c-5bbd520923c6,clean,s3,0,0.641845,0.745363,0.925179
1ddd089b-4233-4647-8308-69f4acaa22da,gaussian_blur,s3,2,0.478775,0.557430,0.851110
1ddd9bed-84d3-442e-a1b4-b6d80112480e,shot_noise,s5,1,0.595901,0.744226,0.756811
1dde2d13-435a-4678-a98e-972d45fcb19d,gaussian_blur,s3,0,0.517151,0.622739,0.838132
1de42740-44f3-4e8d-85b2-629ca5ec4cff,fog,s3,2,0.484942,0.616518,0.748661
1de6e414-6456-4372-9341-536a89af4a32,fog,s5,4,0.440687,0.601120,0.638480
1dfe872a-42b5-4291-92c6-27eb46320d35,fog,s5,5,0.575958,0.730915,0.730987
1e010636-edfd-4643-b8d6-217128ae28f8,fog,s5,4,0.724743,0.822586,0.940859
1e0df919-2ce0-4aec-9ca5-7831f410fa37,shot_noise,s4,3,0.645456,0.778260,0.812816
1e142e04-4173-4443-966f-786f73f8dd74,fog,s5,3,0.312427,0.470757,0.486213
1e267736-8628-42d4-bf7d-ee63b8df0a7a,fog,s3,4,0.353367,0.492651,0.580453
1e2e83d9-5768-4b98-a58c-e394fa25017c,gaussian_blur,s4,0,0.744228,0.844933,0.907713
1e3cbf00-b912-44a2-b13f-161f47c70d12,fog,s5,3,0.669802,0.799203,0.817440
1e44d966-54c2-4c2e-aaab-5c4e1d49ae3c,shot_noise,s5,4,0.661782,0.796367,0.796990
1e46f9d6-8986-4838-8198-3e3e2b9ba3e2,clean,s5,1,0.610417,0.756915,0.762901
1e621a63-a819-482b-aa0b-eea040a175d6,clean,s5,0,0.740181,0.849554,0.858276
1e6c8d58-7fd3-4ec6-87a9-e9e836eccffd,clean,s3,1,0.611570,0.706034,0.939065
1e7ba709-69a0-4669-8388-9186762b1459,clean,s5,2,0.510812,0.675773,0.677552
1e8795b0-fff0-4980-98b7-5c662791f8f3,gaussian_blur,s5,5,0.680376,0.809766,0.809919
1e907944-a7e6-4892-a90e-e135ca5db3aa,clean,s5,5,0.660703,0.794303,0.802437
1e9637a4-ae83-40a7-b337-4c79aa7472af,fog,s4,3,0.481856,0.637498,0.685771
1e9d8267-ec5f-4b22-a0ba-9eafcb0708d2,gaussian_blur,s4,4,0.740358,0.848560,0.865680
1eac698f-dd31-4d9e-a0d4-908b3f6e5f0e,gaussian_blur,s5,2,0.590094,0.740666,0.748176
1eacfce2-d516-46c3-ad1d-411c235f3216,gaussian_blur,s5,3,0.547550,0.703649,0.721083
1eaf49ca-cd47-48f4-9965-6d49a5de9278,clean,s3,2,0.645632,0.753327,0.911691
1eb2619a-3d3a-4c33-b4b7-1528fd867806,clean,s5,2,0.456402,0.607560,0.675659
1ec3fede-c51e-4803-bba9-6ef1d1c71e1b,gaussian_blur,s5,2,0.320093,0.483426,0.487915
1eccdf21-254d-4e03-9b36-95b6a14898c7,gaussian_blur,s2,5,0.482160,0.490918,0.964320
1eced458-8d00-4d37-9dba-184ba3b6b18d,fog,s4,3,0.470052,0.627453,0.671851
1ed6a5d9-4624-4aa7-ab4e-c9eb81f30db0,shot_noise,s3,2,0.551827,0.660593,0.860291
1ed6c516-2c3b-47f8-b2a6-76fc1424e9fa,shot_noise,s4,1,0.603434,0.737927,0.808960
1ee25f3b-cf54-451f-8080-06555ae33732,gaussian_blur,s2,3,0.361924,0.456242,0.669873
1ee32d0c-646f-4e0a-88d1-e49a5d16ca37,gaussian_blur,s5,5,0.402672,0.573892,0.574757
1ee4c316-c447-4f2a-b1e6-be240e3bb4bf,fog,s4,1,0.382156,0.544166,0.572333
1eeca1ae-12fa-401d-a99b-cc3af6cd431f,clean,s5,0,0.690360,0.815259,0.825267
1f13b844-2004-4dff-8824-8acd13e426ad,shot_noise,s4,2,0.520850,0.650272,0.784091
1f2bb01a-2815-491c-bd25-f04c791b7f1d,shot_noise,s5,3,0.254510,0.342892,0.501413
1f35b78a-634e-474c-ad50-cc547b2f0009,fog,s4,0,0.718613,0.821898,0.916973
1f4c2188-8290-47e1-9d7c-3e7899993925,gaussian_blur,s5,0,0.747758,0.854554,0.863396
1f4f86a9-bda9-4497-979f-b6c830c945d1,fog,s5,0,0.556530,0.709016,0.735968
1f505825-e16a-4462-bcb7-2080f556eaed,shot_noise,s3,5,0.490208,0.599306,0.804149
1f51b0ce-bac2-4a79-a365-c7bcdef623f7,gaussian_blur,s2,2,0.410707,0.458015,0.811531
1f67e5da-10ca-41d9-90f9-6437b200feff,shot_noise,s4,4,0.516859,0.677896,0.692631
1f783c53-48b5-4192-9fd0-882ba5a4f40f,clean,s4,5,0.373813,0.542444,0.548029
1f7afa6f-c134-42be-96cb-ea2ce3688f35,fog,s2,1,0.484716,0.536478,0.904197
1f8db0e7-6e19-4f26-9e9b-a89fc2a12905,gaussian_blur,s4,1,0.550625,0.697200,0.753120
1f92042b-2eb9-4155-91e1-6cb7055d5c0d,clean,s4,1,0.664547,0.783633,0.867054
1fa64334-0ee4-414d-a813-3d0215216eaf,shot_noise,s4,5,0.247433,0.394588,0.400208
1fbf7356-3ceb-43b9-ab60-198479fc0685,shot_noise,s4,0,0.766926,0.858533,0.935648
1fc07544-9df8-4cec-9812-48bd0ab9ef2b,gaussian_blur,s5,0,0.682241,0.810802,0.812736
1fc4a40b-0a4d-4061-8d80-9968283d1b96,shot_noise,s4,2,0.454863,0.511166,0.858781
1fc70a68-4811-4c70-826c-56b1cba182ea,gaussian_blur,s3,2,0.461456,0.582906,0.748012
1fdd83a9-3cf8-4df5-b958-f4eea6880d91,fog,s5,2,0.686814,0.810370,0.835232
1fe283a8-ca22-4609-a8d9-c80a92a9560f,shot_noise,s4,4,0.724585,0.831391,0.893147
1fea0f24-c0f1-458e-aa2e-5eba6d2a4863,shot_noise,s5,2,0.624097,0.765552,0.781317
1ff0f914-d15c-4a5c-98e3-cfc5fcf0e376,shot_noise,s5,0,0.618428,0.764225,0.764267
1ff2bbe6-8002-4bff-8115-935451a59398,gaussian_blur,s4,3,0.640876,0.752538,0.896715
1ff99419-7c32-46c7-be19-8733e9f5e74b,shot_noise,s5,1,0.449046,0.586624,0.699994
1ffb2eea-f147-4d6d-9fb5-601b089cd46c,fog,s5,2,0.293089,0.451470,0.456681
20022137-43ef-4314-a338-a52056942aaf,shot_noise,s4,1,0.648667,0.775927,0.835863
20144317-3c16-4c10-979c-1c2c97804a6a,fog,s5,3,0.653192,0.780233,0.835659
201c5a79-06dd-449b-8044-9cfecaf2d60a,fog,s5,0,0.457069,0.627195,0.627883
201e7926-2492-4a83-829d-0c866e15ade5,shot_noise,s5,2,0.358179,0.505254,0.572281
201f6b6b-4551-4711-9135-602301048a4e,clean,s3,3,0.521165,0.636863,0.818378
202712a9-8152-474a-b43a-7ba5f82279b4,gaussian_blur,s4,0,0.732471,0.843399,0.859504
204a56ee-c42f-4b1d-b55b-d6f0953e4558,gaussian_blur,s5,0,0.684285,0.811737,0.816882
206f6b64-6aa6-40ba-8048-65986e617262,fog,s5,0,0.709132,0.827384,0.843899
20981702-4acc-4c00-b84c-18a09025750a,clean,s5,0,0.557979,0.716028,0.717195
20a5046b-d366-4925-93f9-00623e41b36e,clean,s4,2,0.592320,0.703775,0.879666
20b3dd01-7cce-432f-bde5-b23644bdf8fe,gaussian_blur,s5,3,0.503302,0.669444,0.670054
20bb02fb-d4de-498e-aea2-e51892767770,gaussian_blur,s4,4,0.702688,0.821798,0.845525
20c827ed-1aa1-496a-bd77-e7002225763d,gaussian_blur,s4,2,0.782270,0.871125,0.929904
20cb336a-9f12-4214-9bbc-f2762548f5e0,shot_noise,s5,5,0.476241,0.631869,0.681440
20cf70de-9a74-4db5-b600-259c3b896da8,gaussian_blur,s3,2,0.431758,0.542704,0.735222
20d04027-2818-433a-8a9e-9414ac5a2f95,fog,s5,0,0.460251,0.613179,0.674821
20d5df3e-b116-4145-91db-2c84e74fefb1,clean,s5,5,0.499247,0.638779,0.741347
20d68beb-8c29-4402-a8f6-ab23c675ad9f,clean,s2,4,0.425554,0.501536,0.788626
20da19f6-6a94-4984-8fc2-97d387ef2482,gaussian_blur,s4,1,0.558102,0.705546,0.753205
20dc871b-3405-4a5f-92ec-ea589a9204d5,shot_noise,s5,3,0.530949,0.693407,0.694317
20f5d87a-5308-4870-b84b-4caeb0e9c96d,clean,s3,4,0.575581,0.698390,0.837508
20fcc629-ee5a-410d-9987-a3854bde3143,gaussian_blur,s5,0,0.726604,0.840187,0.850853
20fdfabd-a04e-4bbb-ad98-766bf72686f9,gaussian_blur,s5,1,0.701630,0.823729,0.829916
210b2bbe-8603-4637-81d8-3aad6c68b5c7,shot_noise,s4,3,0.713308,0.819430,0.905973
210fbe0f-a256-4663-ae2d-fa6635a66400,clean,s5,5,0.595828,0.744613,0.755029
211f1e66-6b30-4f00-88c3-c7c7788f849b,fog,s4,2,0.483015,0.605446,0.767856
2125bb51-1955-4b23-ae42-ab85ccec5c9d,shot_noise,s5,2,0.493407,0.637783,0.724269
212c286d-ffd0-4303-8954-171b0584c6b0,gaussian_blur,s4,1,0.238146,0.384579,0.384848
213d7b9e-e29e-4974-8166-ec3e58c28d7d,clean,s5,5,0.285301,0.389603,0.532971
214066e9-b7f5-482a-86dd-edbb7c7bac89,shot_noise,s2,4,0.475463,0.535400,0.879305
2149115f-c394-4d74-8e91-66a3352f0ac6,fog,s3,4,0.486794,0.582298,0.828453
215940dc-77aa-455b-8a0b-4d45e1f9502b,shot_noise,s5,5,0.398226,0.569085,0.570847
215b2fc3-d8d7-49ca-b7ef-5c2bd6a8e9dc,fog,s5,4,0.441433,0.605023,0.631404
2178b3ff-e60e-4edd-b528-e3675318efaa,fog,s5,0,0.653194,0.788549,0.798125
217a6048-4a0f-430a-b808-fb7fada862cb,shot_noise,s4,1,0.569148,0.666094,0.903105
21864011-5fb9-45fb-a873-16e84b9c84c8,clean,s4,4,0.562669,0.653934,0.911446
21a6e4ef-209b-49f0-91eb-db8ba91b76f4,fog,s4,2,0.620115,0.746156,0.841803
21bb76f6-4f30-4cca-970f-14d2b4b918f8,gaussian_blur,s3,5,0.502859,0.599368,0.843515
21c4ea0b-136f-4d5b-bf8a-7674d461c72e,shot_noise,s3,2,0.465357,0.521947,0.871934
21c64f9d-78c8-4112-8563-43e2c8423aea,clean,s5,5,0.467227,0.603405,0.721301
21cc26a5-bb82-4d9e-b45c-66673b7dc9bd,fog,s4,4,0.509991,0.649932,0.748494
21ccd571-f56b-45a5-8468-e570a4c5c4fc,gaussian_blur,s5,2,0.328515,0.481684,0.519401
21d5ade7-a1d1-46d0-b602-8c242e3f06be,shot_noise,s4,2,0.696023,0.802954,0.911189
21dbeba3-eeb2-40d2-b202-5ae8c658c42c,shot_noise,s1,4,0.495107,0.497541,0.990214
21dc124d-ec86-46bb-8e7b-3fbfda6c732d,gaussian_blur,s3,0,0.569870,0.696666,0.822747
21deb0ce-cc1e-464a-91c2-5a0ca62d2ddb,shot_noise,s4,1,0.838841,0.908142,0.958256
21e3a86a-61bd-415a-a6de-ba70f39ae871,clean,s4,4,0.273663,0.426595,0.435187
21e7c305-5f7c-433f-85ef-c09c8503bcbe,shot_noise,s5,2,0.814453,0.896652,0.908261
21e99ae5-ee98-4a3e-b5e0-ec0e5cd8ed31,clean,s4,2,0.423553,0.487459,0.805008
21ecacd8-9cc7-4760-9a2a-f110835aa913,fog,s4,0,0.269725,0.421952,0.429878
21edb4b8-28ba-4432-8c32-cd9c8d5f35ae,fog,s5,3,0.584990,0.737972,0.738889
21febd70-bad0-477c-82f9-442ce0d2914d,shot_noise,s5,5,0.444251,0.594427,0.666416
2202fe2e-bc02-4f07-8f51-3adcc07788e2,shot_noise,s5,4,0.559903,0.715748,0.725333
2210d600-79fc-4e60-9545-7994ea177c85,fog,s2,3,0.508499,0.583032,0.892773
2216b194-26b7-4b07-82a5-da9a4da9453a,gaussian_blur,s5,1,0.395465,0.566767,0.566829
22263719-50c3-4d7f-891a-1e1f4ac9d2a5,shot_noise,s4,1,0.722083,0.825298,0.914849
22317868-bb77-400b-a431-b9c5a1574937,fog,s5,4,0.416964,0.575223,0.619861
223561b7-6031-4762-80a1-74e64f65b703,shot_noise,s5,3,0.611764,0.753092,0.783553
2236b31c-dad8-4a61-9c2a-bd0e13fb7932,gaussian_blur,s3,0,0.630462,0.727111,0.942811
22382d79-5305-4720-a2b4-429edd59db13,clean,s5,0,0.297047,0.433509,0.501333
22419417-6891-4fe4-b28d-ac24310a9e34,gaussian_blur,s5,3,0.341453,0.405790,0.682907
224ef126-6cdf-4a24-83a0-381d7e50aa95,fog,s5,0,0.601064,0.743405,0.779768
225f08f4-4f8a-4f46-9017-a2335c9b15aa,clean,s5,5,0.619045,0.761684,0.777379
225f76e5-d1e5-438a-b4be-53595d2884f3,shot_noise,s3,4,0.644349,0.740849,0.949117
22613075-156f-48d1-b9de-8fb0de4875a8,clean,s5,5,0.430540,0.583991,0.645040
2263ae5f-3d04-4bc6-b60d-303350502e8d,shot_noise,s4,1,0.283904,0.414136,0.490239
22670fcf-dc7d-462c-b104-6eec202b923a,shot_noise,s5,1,0.595264,0.745397,0.749792
226feba4-f4f4-4acf-a5ef-d3f11dff823b,shot_noise,s4,5,0.487565,0.619091,0.751160
2270fcae-55fa-4d4a-95dc-ebf5fcd710e9,fog,s5,3,0.431221,0.600320,0.608276
2273dbfd-e77a-40c2-b075-ccccfe1d2811,fog,s4,2,0.704950,0.824351,0.841712
2274ebf7-6942-461b-a158-5281b279547b,fog,s3,0,0.569870,0.696666,0.822747
227812db-f4a8-49ba-a2dd-089cb6e3f60d,clean,s5,0,0.618428,0.764225,0.764267
228f2501-810b-418a-b1cf-6e7f34953300,fog,s4,4,0.612231,0.749160,0.800637
22c301d6-635c-4c03-a040-982bdf16296c,gaussian_blur,s5,4,0.448398,0.601837,0.662681
22c4c72c-b2fe-425e-adc4-de63ad124b56,fog,s2,5,0.392819,0.443593,0.780576
22d0d6f4-1c04-4f76-a448-d0d46b3767eb,gaussian_blur,s5,0,0.600585,0.734796,0.809509
22d4475e-33ec-4993-abc9-916b06542003,fog,s3,5,0.238558,0.362819,0.420372
22d9e6b4-d492-480b-a9bc-57f173118bc4,gaussian_blur,s5,0,0.425834,0.582313,0.633221
22d9fcaa-fe16-413f-a2fe-c10e92655b0f,gaussian_blur,s5,1,0.306459,0.413215,0.564461
22e44350-121c-43bc-a871-0a4fa35dae78,shot_noise,s2,1,0.679794,0.773792,0.966693
22e5a641-12dc-49e0-8d20-6fe59ebba539,clean,s4,1,0.865566,0.926956,0.941397
22e72003-8f78-47d7-b07a-28c1a689e615,clean,s5,3,0.720115,0.835154,0.850224
22e78152-4c7e-4dfe-a791-84a2f4daf6e3,clean,s5,1,0.297713,0.458734,0.458997
22ef1c32-2e3c-41c5-a1a4-c077aaeda744,fog,s5,4,0.433988,0.551188,0.725829
23005e96-6dfa-450b-89f6-0d18d5e0a3a6,clean,s5,4,0.580178,0.731590,0.744491
2301bb10-f51c-4bf6-827f-8141975d02cb,clean,s4,0,0.660310,0.781852,0.857538
230ff35c-dcbe-4174-8d26-5157de985244,gaussian_blur,s3,3,0.622814,0.725091,0.922102
23265885-d224-4b37-afa2-f6eddddd1ba9,fog,s4,3,0.725951,0.837686,0.862981
2331ecaf-e0c9-42e3-bdb3-1948d9a701bf,fog,s4,5,0.568891,0.711757,0.771902
233b8b45-d677-41b0-b6fb-8366520b3724,fog,s4,2,0.583984,0.723973,0.785863
233c69ec-aad6-4bbd-9da5-797c1c9323c8,shot_noise,s4,3,0.492665,0.618448,0.769317
234fdb57-1d68-40e0-9385-f5eed99e2226,gaussian_blur,s5,4,0.534428,0.689008,0.720939
235ab98c-33f7-4f02-bd3f-cab44fc7f72a,gaussian_blur,s5,5,0.252849,0.397484,0.413854
236700bd-f615-4f57-969d-fd60a1af6937,gaussian_blur,s5,0,0.775349,0.873461,0.873461
236d3e51-c98a-4b8c-b97f-7fd4eeac7505,clean,s5,0,0.764837,0.862495,0.897701
236f4c7c-6ec8-4669-a838-8121ae102000,gaussian_blur,s3,2,0.473507,0.486393,0.947013
23710918-2e05-44b1-a081-dc4e672133a3,fog,s4,3,0.560234,0.698655,0.782805
237203f2-cac9-4c32-88b0-dfdd904c61bf,clean,s5,1,0.686166,0.811228,0.827909
23767637-c130-4593-a24e-8313c2d34765,fog,s4,2,0.420589,0.552393,0.680917
2376f055-0d61-4557-a9ad-2cdd935606ad,clean,s5,4,0.606993,0.755389,0.755646
238026fb-689a-4154-a109-62b0bec02248,shot_noise,s5,3,0.549174,0.706433,0.717696
23a2af97-18b0-43d2-8425-af5034cb2a2d,clean,s4,0,0.714449,0.821710,0.899261
23a70147-5dd1-46d9-bac9-b09734e757ff,gaussian_blur,s4,2,0.613467,0.742251,0.830973
23abed73-8357-45d8-a7fa-bdf09b25e7fd,clean,s5,3,0.775452,0.873475,0.873936
23ad62ae-fc84-466f-ba1d-04d07cfadc98,clean,s4,1,0.562488,0.695869,0.799301
23c91387-2d21-4e2a-8fde-15118e8a0640,fog,s4,1,0.742884,0.847544,0.884830
23cea845-ecbe-4a47-bee8-b5ced845bde5,clean,s3,2,0.292989,0.399939,0.541951
23e2d6c3-597b-4a20-8e99-ade3ee9a88b5,clean,s3,2,0.516768,0.622636,0.837148
23e3e27a-b312-4479-b523-912adf6fb3ca,clean,s5,4,0.562604,0.704125,0.774027
23e5e22f-6078-4bfa-947e-61bbeda21e4d,fog,s4,2,0.763845,0.864708,0.876501
23e7bd64-1846-4901-84d5-32aef0b84ef6,clean,s5,1,0.577550,0.732168,0.732372
23ed306d-303d-4500-9612-dd7685cf6e14,fog,s4,3,0.240816,0.384867,0.393508
23f3442a-4089-4bfa-96dc-c43c35b161ce,gaussian_blur,s5,1,0.600016,0.748453,0.756209
23fc1bf0-14a7-45d3-a9df-02d80393f201,clean,s4,3,0.742215,0.847389,0.882485
2403c927-4a57-4cf9-80a4-559a7adde005,gaussian_blur,s3,2,0.710948,0.804632,0.966315
240fc073-2bed-437a-a386-203dbaa98cf1,shot_noise,s3,4,0.497007,0.573772,0.875694
2410adda-8d8b-434e-8c35-91f2f2e2ea03,shot_noise,s3,4,0.675004,0.773745,0.948414
241b60f8-d5af-457c-9f2f-96c213ab7027,shot_noise,s5,1,0.387604,0.522633,0.634150
241d6b4d-ff4c-48ba-ab50-aaca43d850ff,clean,s5,2,0.757390,0.861918,0.862171
242706a2-e02f-4155-98bd-2e11a78854e8,fog,s5,4,0.635089,0.776820,0.776847
24519878-7170-4ab8-8d35-d7750405603a,gaussian_blur,s4,1,0.616742,0.754268,0.798251
245baff2-1469-4163-8994-ad1cae71bba9,fog,s4,1,0.319841,0.484383,0.485214
24647dda-d9b3-4acf-9f00-06c44e4f912c,fog,s4,3,0.557883,0.686968,0.809611
24668d17-eb27-479d-8204-e932f9e3e313,clean,s4,1,0.555273,0.646011,0.906263
24812aff-d926-432f-9e5c-dd2e1c284045,shot_noise,s3,0,0.448170,0.476600,0.890912
2491a41a-c6fc-4342-a329-ec5c0749aabe,clean,s5,5,0.757390,0.861918,0.862171
2491e1b3-8f0e-48f5-bea5-489179151762,clean,s3,5,0.645632,0.753327,0.911691
249d12f7-b41d-4430-a0f4-a59b6a627b80,shot_noise,s4,2,0.398997,0.443825,0.797995
24a7df2f-aec0-4a76-a753-3191f94e5142,gaussian_blur,s3,0,0.591292,0.703115,0.878043
24a9f0e8-4ff8-412b-924e-1be1b7e2d5ea,shot_noise,s3,5,0.624751,0.732634,0.905216
24b008d4-2294-42db-828a-a91ac784cde0,gaussian_blur,s5,4,0.464185,0.620485,0.669802
24b4c55f-45a2-4a50-8bbf-fc0a33d7f1b1,gaussian_blur,s5,2,0.514350,0.644784,0.776475
24bafb92-774e-485a-950d-b035a5b948d1,fog,s4,2,0.642102,0.770854,0.830907
24befa18-f6c5-4323-805b-d602e8dd9442,gaussian_blur,s4,2,0.724079,0.825484,0.922912
24befc2f-7e1c-42ab-a6f2-abce09363516,shot_noise,s5,5,0.592357,0.743186,0.747170
24c8cd9e-aaa2-4cd8-9763-ff3803560598,gaussian_blur,s4,2,0.524166,0.677824,0.718795
24cc2da4-3929-4b3c-bdcf-d703c22d78ad,fog,s4,1,0.687812,0.802429,0.878832
24cf06a7-cfb2-425a-b049-f1e1cee11630,shot_noise,s5,5,0.647709,0.785697,0.788510
24d9bae7-dd70-4474-8db0-ac1185edb665,shot_noise,s4,2,0.527199,0.653207,0.797699
24dfd2fb-fdb5-4119-ab84-9cb9aedbe315,clean,s5,5,0.426192,0.597109,0.599043
24e79583-a099-4295-8456-9c4d6f487e46,fog,s3,3,0.652061,0.761726,0.905495
24ea8711-1302-4859-8f6d-b665319f073b,clean,s5,5,0.500800,0.665117,0.674128
24ecf7f6-1ab5-4300-9cf8-173bf35cd91b,fog,s5,2,0.279120,0.436424,0.436427
24f4e8d7-6e39-420d-9283-97d2c78643c8,gaussian_blur,s4,5,0.201383,0.332799,0.338928
24fcd093-cfd3-4125-a739-a494cb8b592d,shot_noise,s4,2,0.655312,0.782771,0.833189
25003d22-af74-4011-9f25-9000530601c2,gaussian_blur,s4,4,0.496512,0.592801,0.837327
2504a094-4420-4967-9b97-b2234903ffcc,clean,s3,2,0.516797,0.597654,0.889658
250f83a2-bd9d-45b5-b7f1-1e564a6b88ef,shot_noise,s4,0,0.642859,0.777879,0.803910
251c0416-dd0d-41c2-9828-54dd4d8274f9,fog,s3,5,0.499647,0.618815,0.791063
251f1837-4d9d-4cc8-aca7-82a2bc5d4fae,clean,s4,3,0.590014,0.712936,0.843915
251fc9f0-b2df-4f02-9ed5-a9e4ee57f0ac,clean,s5,5,0.756586,0.860021,0.871472
252e4bbe-8d86-49b4-99b9-b8dfe269338e,clean,s4,2,0.796985,0.883364,0.918415
2533f88b-ffdc-4b60-8124-e0cb8fc17aae,clean,s4,2,0.804912,0.887324,0.932635
2537307f-7d07-4ddf-831e-27e74768cc0a,gaussian_blur,s4,2,0.521635,0.612343,0.874662
253f4f04-a759-447a-aea2-c490108e1e12,clean,s4,4,0.720732,0.828692,0.890309
2548af6e-f7a8-4e60-9368-b62474bf815b,gaussian_blur,s3,1,0.345408,0.464643,0.604651
254a8c7a-7620-42d9-9200-e5d0fdfa5e67,gaussian_blur,s3,3,0.473520,0.531571,0.879957
25501912-cb7a-42bd-946b-7a0a31475cb4,clean,s4,5,0.804912,0.887324,0.932635
2551c8a5-f613-42ca-a660-b944becdcbea,fog,s3,2,0.651079,0.743821,0.963743
255e6d65-5bb0-4301-9233-d48fd1c8fb44,clean,s4,0,0.739334,0.841972,0.901784
25601650-5323-46d8-8750-b950952361e6,shot_noise,s5,1,0.707389,0.827235,0.836643
256ece02-0113-4853-9693-964b89ca2b2c,fog,s2,5,0.498884,0.562200,0.902024
2581f376-87fe-4539-9a6f-02e78b4b396c,clean,s5,5,0.392772,0.527016,0.642240
25824ce8-7137-4f6f-93d9-eb8757401c7b,gaussian_blur,s4,3,0.574676,0.723790,0.752012
259385ae-6cd6-4186-8c93-b8b384ccdd56,clean,s3,0,0.533758,0.635824,0.861288
25ab0f27-0e15-4944-abbd-ed1757080ce0,fog,s5,4,0.623656,0.768120,0.768608
25b974d7-62ab-46d6-93d4-fdefaf803284,clean,s5,4,0.582900,0.736495,0.736505
25bf6afc-7dbb-406c-9213-e46774406b3b,gaussian_blur,s3,4,0.447062,0.472051,0.894123
25c5215e-4f34-40d6-ac1f-85f23ca8b453,shot_noise,s5,4,0.606815,0.754296,0.759393
25ccfa9c-806a-4507-94f2-9366011b97d1,shot_noise,s5,1,0.662945,0.796289,0.802349
25e333b7-20f7-47ca-8b97-7e3cb1b3c8e6,shot_noise,s5,2,0.815426,0.898324,0.898384
25f08800-070f-44df-8da5-0513f464f585,shot_noise,s5,0,0.748508,0.855098,0.863550
25f4f8a3-4768-4178-ba42-fae592261572,fog,s5,0,0.712842,0.832318,0.832542
25f87413-ce67-4e4d-9659-4d9582697480,fog,s5,5,0.587773,0.733574,0.765899
2607e281-9f09-4092-bcc6-64d2493cbd7f,shot_noise,s4,5,0.243393,0.391336,0.391765
260bae68-c794-4cfc-9201-7552eb1f2d12,shot_noise,s4,1,0.641950,0.769592,0.835510
261aaaa1-abe0-448d-bc0a-538d5f040cd6,fog,s4,3,0.518302,0.678713,0.695269
261d4928-4ecd-428e-bb5d-00c337747cc1,shot_noise,s5,4,0.765024,0.866244,0.871562
262f41b0-64ce-42fe-9696-106e1ff920b8,fog,s3,5,0.450447,0.514658,0.840459
26373273-f936-45db-b33b-300fdf08d7d6,fog,s4,3,0.384735,0.535425,0.599280
26448f3c-3a47-4c6c-b1b8-16bdfcc4ccbb,fog,s2,4,0.462624,0.480586,0.925248
2648c13a-1966-4101-ae36-7352ae80fccf,fog,s4,5,0.467893,0.596707,0.738658
264a11a4-ce46-47a6-a9bf-133d57be3ba8,clean,s4,0,0.599898,0.736939,0.799269
264b0625-866f-4961-bb14-ea2115a78518,gaussian_blur,s5,2,0.351127,0.518352,0.522667
264ea451-44de-4313-b240-2e9f4a6d712a,gaussian_blur,s5,5,0.457183,0.624759,0.634764
26500416-9e99-4591-9848-507b366a3195,fog,s4,5,0.256608,0.406802,0.411131
2651493f-8459-45a3-adf9-d93775b0a0b1,fog,s4,5,0.126089,0.220649,0.228165
2651f4b7-2484-4175-88fe-d5d587f76fba,clean,s4,1,0.690412,0.806144,0.872117
2660da39-a932-4071-bd32-bf55735c32f5,shot_noise,s2,5,0.486257,0.493033,0.972515
26615df6-7728-4175-a859-fa38dc5dae32,shot_noise,s5,2,0.771016,0.870704,0.870707
2663543a-193b-44d5-a884-a8c6c03c50d1,fog,s3,1,0.634787,0.725834,0.961760
266a4222-b343-4e24-92a1-185b41c38df4,gaussian_blur,s5,5,0.485913,0.648988,0.668379
266e52ce-a3fa-4d07-932d-fed55621e20a,shot_noise,s2,3,0.513553,0.573589,0.924885
268a440f-dc17-4e25-93ac-4979a63ead7b,clean,s1,5,0.412469,0.462608,0.810005
268e91ed-5e8a-4e62-b1a5-306dd82c74f5,gaussian_blur,s4,1,0.505992,0.667175,0.686384
26901e07-70c7-4d46-b99f-9d32f2c58bbc,gaussian_blur,s5,4,0.701345,0.824104,0.826480
2690a6a7-15d1-4997-b5c5-c60bc72ea0d0,fog,s5,0,0.577078,0.709010,0.810261
26aacfa7-b136-41e8-a8bd-88e323b4d280,gaussian_blur,s5,5,0.416888,0.585620,0.595299
26b16292-a3f3-445a-9c1a-55b6a936a6dc,clean,s4,4,0.638668,0.773593,0.805573
26ba1bbd-03e4-421a-8ded-d2d87758f214,fog,s4,2,0.462956,0.621740,0.662421
26cc6683-88b5-4c38-9088-4ef5552a63fd,shot_noise,s5,1,0.377899,0.545328,0.555524
26d7053a-6bda-4d57-bc22-27e6889fec5b,gaussian_blur,s5,3,0.610711,0.757073,0.763411
26d8c849-fc12-42bc-a15a-73f91640b728,gaussian_blur,s4,0,0.375881,0.543612,0.552462
26de6fc7-eb3c-4e3b-9ac4-5957502e610e,clean,s5,1,0.343022,0.499342,0.533749
26e0ad5d-e8c7-42d2-9b8a-8783eac16cbd,gaussian_blur,s5,5,0.445902,0.594667,0.671339
26e18d28-8ef7-41a5-bb4b-0587c55b4d6a,clean,s4,0,0.642541,0.769262,0.839200
26f21d5d-3310-4890-8566-611a2223110b,clean,s5,1,0.289008,0.404975,0.521430
26f2a295-c327-4a95-91f4-9cf65eea20be,clean,s4,5,0.705288,0.814312,0.896466
26f65740-efd8-4db3-8689-7b47369cc3cc,clean,s4,3,0.578492,0.722870,0.769404
26f8bebe-8b84-42a8-868a-60d2fb2d2674,clean,s4,4,0.503539,0.638550,0.756277
26fe0d9f-b1e6-49df-b48b-e570fb5a7da5,shot_noise,s5,1,0.494107,0.661408,0.661408
270bc3d9-dc9b-420f-911b-9ddd58f53835,gaussian_blur,s4,5,0.630118,0.757035,0.839195
270f69f0-ea59-4fae-a028-a7cba9b718dd,gaussian_blur,s2,4,0.492961,0.496455,0.985921
2710335e-39ed-41fb-8037-3d3e46935547,gaussian_blur,s5,0,0.654443,0.785429,0.817718
27245d76-3844-4a1b-83d4-b18bb92c3b9a,fog,s4,0,0.788564,0.873889,0.944396
272ce77d-5cdd-4c2b-8256-ac1277a9044a,shot_noise,s5,0,0.668647,0.799456,0.811237
272d38e5-b9ed-4c4f-aee1-8e6219a39866,clean,s4,2,0.495829,0.616224,0.784699
27329708-2abd-4d46-8af5-5af6393e57df,fog,s5,2,0.582330,0.727047,0.768992
27346ce2-4b07-491a-acfe-14b0da5d6125,clean,s5,1,0.771217,0.870038,0.876955
2734fe61-3c6a-4fe9-81b5-8453ff89f8fd,clean,s5,1,0.489687,0.641007,0.703200
273c0522-f6bb-4842-90a7-04c758d93ea7,clean,s4,0,0.679955,0.793512,0.886880
2748a9d7-19f4-4c97-a6b9-475905409347,shot_noise,s4,4,0.309508,0.464478,0.488078
27490bcc-a67b-4d95-bafb-10ba799f0a76,shot_noise,s5,4,0.585212,0.724167,0.789717
274d1727-71af-4cc8-a2b3-a1953456c9ad,clean,s4,0,0.835472,0.909332,0.921717
2753fd65-4593-49fe-880f-f796bba9ca3b,fog,s4,3,0.711557,0.820683,0.891648
2754973c-eac8-46ea-b803-6dab49ad8c05,gaussian_blur,s5,5,0.720655,0.836850,0.842568
2758d3d5-08f9-4149-a9cd-d796f5915052,clean,s2,3,0.411855,0.489614,0.767226
27595584-d4d0-4c9c-bc6a-44fbc0bef148,fog,s4,5,0.479477,0.587769,0.794697
275abc4a-653c-48cf-bc62-0df0076abebf,fog,s4,1,0.452836,0.598749,0.684773
276365db-b847-4e79-a7e3-630a1a2e7b7e,shot_noise,s4,0,0.492062,0.656981,0.667129
27665a55-dafb-4015-bb5d-32b6ef0e68b3,fog,s5,5,0.720689,0.837675,0.837675
277c0e2e-0763-452b-9fc4-8a0e369d0bca,fog,s3,2,0.581227,0.685819,0.892206
277eaecf-8043-4a06-b0a7-546012aee7dc,clean,s5,1,0.526355,0.689689,0.689689
2789d52c-09ba-474f-8be6-7808048bb878,clean,s3,5,0.469351,0.484191,0.938703
27967675-0e56-4f5a-95b2-b216cfbf0cd3,clean,s4,1,0.715868,0.831643,0.850843
27985e1c-95fd-4f89-b017-46a51bcda1e7,gaussian_blur,s2,5,0.703347,0.794267,0.979312
279a04a9-bdf5-4901-97e7-87c1b61df2f3,clean,s2,3,0.433312,0.464273,0.866624
27a3bb0e-e426-4e01-b880-8167a1fdaaae,clean,s3,1,0.516140,0.600635,0.881744
27ad42ca-c0cb-4ebc-906a-927086d12c07,fog,s5,2,0.708571,0.829090,0.831429
27b0023a-d8de-4ccc-a154-c958a77fb020,fog,s4,3,0.422909,0.575941,0.638024
27b2c02e-45c7-4790-b5a1-cc8915ddd481,clean,s4,5,0.716775,0.828571,0.872675
27be260e-8c85-4fa2-a274-003bb279332e,gaussian_blur,s5,2,0.600496,0.704343,0.906123
27bef5dd-e182-4ffd-bcdd-34e61fc5c6eb,fog,s3,2,0.318013,0.457290,0.529136
27bf8516-ea54-4d17-9c2b-2703001f993c,gaussian_blur,s5,1,0.594904,0.745911,0.746379
27c6951b-2fb1-46ca-b336-058b47618082,fog,s4,0,0.638207,0.768515,0.825109
27c78af0-fa99-4a2b-9636-8e2f2aff5839,clean,s5,2,0.464345,0.613801,0.687024
27d5f523-5a78-43f2-ab4b-08a19306dd47,gaussian_blur,s3,0,0.641845,0.745363,0.925179
27e59a0a-0a10-4d6a-aba4-b9ec21cf35f4,gaussian_blur,s5,1,0.626981,0.766975,0.786842
27f2abcd-4996-45f9-a562-ac9bc3aaddc7,clean,s5,3,0.545660,0.705688,0.707300
27f5787f-7fc5-4448-a3af-9bf8130bb405,clean,s4,5,0.748897,0.849996,0.899260
27f9de10-5d53-4b4b-af02-8074b023c27a,fog,s4,0,0.660712,0.782166,0.857814
2817c1a4-e10b-4c5d-a09b-9780e79446e0,fog,s4,3,0.756244,0.853471,0.913995
281d70ae-7ccc-4ef2-b6d8-5ce66cd71eb8,fog,s4,0,0.587712,0.718074,0.819253
2843e1c6-d836-4c8c-82e1-57e1ac4df17d,shot_noise,s3,1,0.522287,0.582532,0.934480
28591bc7-972f-4091-bb8c-3dd9205fa6ab,shot_noise,s4,0,0.735205,0.845203,0.861584
286b2608-25db-4c6f-8964-f36f6a292c10,gaussian_blur,s5,4,0.544517,0.702219,0.714762
286c2596-3feb-42f9-9be8-aac59fcbbc41,shot_noise,s5,1,0.652406,0.786841,0.802790
2892f29e-865d-443d-ada1-d4634dab83d5,clean,s2,3,0.489222,0.494552,0.978444
28af10c1-674f-4498-82f6-d6e7c9502e4b,clean,s4,1,0.755812,0.850431,0.931099
28c2a4b4-0854-4f96-9925-88ed8b815c72,gaussian_blur,s5,5,0.828136,0.904623,0.920320
28dd02ce-7c6d-4483-a498-6b35c1b58e2e,fog,s5,4,0.354924,0.522491,0.526858
28e539a8-87ca-4b82-82c4-cf2a4af39532,shot_noise,s4,0,0.677343,0.780556,0.931050
28e86b06-1873-4da2-b712-b0a3bcfb9203,gaussian_blur,s5,0,0.801688,0.889926,0.889968
28f023de-cf9f-4377-b806-a52e3c0b90e1,shot_noise,s4,4,0.671907,0.791846,0.861003
28f852a1-5a1e-478c-a0e3-0f567521a39c,clean,s5,5,0.691690,0.814810,0.833628
2906fb63-4390-4c17-bbf0-55c4e3f40330,clean,s2,5,0.416680,0.454679,0.833186
290d1e39-8caa-433a-a7b2-f1f09afee866,gaussian_blur,s5,0,0.336934,0.463717,0.579228
290de803-9eb5-4047-b864-222d418a1eb7,clean,s4,3,0.659092,0.787376,0.828125
29125aba-3bfd-44de-86c9-bc1e9a601ad3,fog,s4,5,0.741044,0.849483,0.863093
29154e8c-5c62-4c60-b8b1-7194f3c31671,shot_noise,s4,4,0.655487,0.779076,0.849925
2915abd5-f6e2-4ec7-b2db-1dae28e3a0c4,fog,s4,3,0.774763,0.870322,0.894427
291836b6-f7a9-490b-9aac-ccb0ed4481b4,clean,s4,0,0.669255,0.792082,0.848890
29188551-d4a5-41b7-b315-497f51194314,gaussian_blur,s5,2,0.509095,0.674275,0.676015
292f3411-4e97-4e33-b474-0c1ee2029069,shot_noise,s5,3,0.445691,0.599393,0.659476
29300489-f47b-4a4f-8dd3-491ad5a79f85,shot_noise,s4,2,0.486507,0.611298,0.765872
29367627-c480-4e38-92e9-984eb932a773,clean,s5,5,0.570508,0.726475,0.726715
293bbcb1-5846-4eef-8f5b-7e5e45b7126e,shot_noise,s3,0,0.473156,0.486208,0.946312
2941fb9c-a6d9-4197-a485-856068f84306,clean,s2,4,0.473808,0.486552,0.947616
2949ef16-ec6d-4949-af49-1bb52822f360,shot_noise,s4,4,0.623690,0.750058,0.840973
295acf9a-3087-4f6e-b7de-f959f3553703,clean,s5,5,0.583601,0.727604,0.771754
29634df8-01bf-47a9-9061-84e1988a1ee5,shot_noise,s5,0,0.764581,0.865412,0.875316
2963bd24-9152-4c05-908b-32f96fbe4340,gaussian_blur,s5,4,0.343946,0.511820,0.511898
297912e7-3be3-40ae-a9d2-2cebaf2e033e,shot_noise,s3,4,0.442724,0.546359,0.762253
29836de4-8670-4e97-8d68-9e8d221be1d6,clean,s4,5,0.440982,0.607400,0.623921
2985b4b2-e5b3-42a4-8243-49ff57ee2952,gaussian_blur,s5,0,0.701659,0.823778,0.829777
29888776-cc84-454f-97dc-ab1f163ab137,shot_noise,s4,1,0.626308,0.765983,0.788331
298916bc-133a-4435-970a-3e884275e2e0,gaussian_blur,s4,1,0.681557,0.801648,0.855893
298aa541-135b-4719-b342-68135b5c4503,gaussian_blur,s5,2,0.787167,0.880050,0.888083
298b1b91-78fe-4e0e-b2aa-9fe6e407af78,clean,s4,5,0.593714,0.735387,0.781664
29949053-b793-438e-8e40-596bb78f24ea,gaussian_blur,s4,5,0.557733,0.697679,0.776960
2995a42c-18fb-45c2-94f0-bd102e4959b9,fog,s4,0,0.614412,0.748220,0.812548
299c0e78-3f94-426e-8b7d-f460d2e8f62b,clean,s3,5,0.336388,0.466425,0.572778
29ab6ba8-9c5c-4eb5-a932-eefd915436ba,gaussian_blur,s4,3,0.640805,0.771383,0.823531
29be4dc5-5e24-4b9a-a069-0117f53db0cf,gaussian_blur,s3,4,0.389623,0.515711,0.653784
29c10b6c-ba12-4c0d-9015-5ce6877b488d,fog,s4,0,0.735205,0.845203,0.861584
29c6d867-dd27-49ca-bf4d-e75894bfe06d,clean,s4,4,0.774427,0.867226,0.915425
29daf2dd-0fd0-4f1e-841c-10d55606b285,fog,s3,0,0.511779,0.616908,0.834059
29eceaca-ddeb-452c-afa9-82efc4c79f65,shot_noise,s4,3,0.652469,0.778888,0.838544
2a0e0870-9fa4-4ff5-a658-d915ea83bd2b,clean,s4,2,0.492062,0.656981,0.667129
2a0f1745-d1f2-410f-9cb7-8854a6a40609,shot_noise,s5,1,0.529137,0.669367,0.760747
2a17d4d4-b54c-4d4b-b367-e2057dbe7ce1,fog,s5,0,0.764837,0.862495,0.897701
2a2e9d6b-7440-4bc2-aeb6-fcb6f8cb7495,shot_noise,s1,1,0.495107,0.497541,0.990214
2a30f1d9-2da5-4d8f-ae2b-9f318f9d5bf8,gaussian_blur,s4,0,0.787416,0.877386,0.911083
2a39ee09-285c-49f6-bd7e-675991e3770f,shot_noise,s5,3,0.672976,0.803614,0.809168
2a475a9b-5b67-44c2-8951-c38712cd4a24,gaussian_blur,s5,3,0.619215,0.764299,0.767101
2a5b2cea-fa31-4b9e-9333-c392f6c0a638,shot_noise,s3,4,0.614159,0.713526,0.926560
2a5b9908-f9f8-428b-b018-a719a8049bac,fog,s4,5,0.658754,0.773218,0.887129
2a5bd627-8713-4e0d-a965-598bee3bf7b3,shot_noise,s4,1,0.630546,0.763009,0.817333
2a699d55-c44d-46e9-a42f-69eb6a786f31,shot_noise,s5,5,0.429305,0.600059,0.602368
2a72b2bf-44d0-4677-b195-b94f08b6786e,clean,s5,0,0.681439,0.810540,0.810559
2a88abe9-cba3-45d8-a835-37a5617140c5,fog,s5,5,0.392316,0.563326,0.564043
2a8df138-ccb0-42dc-8c9b-9e16c5770b6c,clean,s5,3,0.846999,0.917044,0.918587
2a9257ec-bec0-4938-b829-43187a3754a8,shot_noise,s3,3,0.567901,0.666724,0.897495
2a9f2315-7681-46ea-bbf1-bd95a1e21056,gaussian_blur,s3,4,0.413247,0.527950,0.705293
2aa175b5-86d8-4f91-8448-65fe8b75ab89,shot_noise,s3,1,0.371990,0.497689,0.631003
2aab1dc6-2e8a-4ebd-b1c4-d36f92b88838,clean,s4,0,0.502809,0.656286,0.706613
2aac9ed1-d3f3-459f-8d01-731cf6d101e7,gaussian_blur,s5,4,0.510412,0.675819,0.675979
2aadce43-8f54-4ce9-95d6-4677b781d912,shot_noise,s5,2,0.637461,0.777867,0.781883
2ab5586f-edb4-4493-a9e4-780663605d53,clean,s4,1,0.348491,0.410718,0.696981
2abbc613-aaf6-4a8e-b814-9c1ad9b07599,gaussian_blur,s5,0,0.763455,0.864892,0.873045
2abbd6d1-53eb-4da5-bd45-5abf52677b6a,gaussian_blur,s5,1,0.412470,0.581001,0.591297
2abf919a-0877-4639-9cdf-44f799db7f29,clean,s5,2,0.517395,0.654101,0.762469
2ad17479-3409-46bd-8a57-f271215023c9,clean,s4,1,0.775241,0.868088,0.913606
2ad74867-21d3-4d4b-9f97-9e5992a68049,clean,s5,1,0.673789,0.804681,0.807285
2adb1830-7908-462d-a1af-f777f36619c4,fog,s4,3,0.302593,0.464601,0.464601
2add36ae-9999-468e-8f07-a34e3000219b,fog,s5,5,0.776686,0.871909,0.893040
2b0bb4b6-3402-494a-9846-b0cfab45c525,clean,s4,0,0.310324,0.399727,0.596826
2b107dd5-2f5f-480b-b422-efb25c7b8489,clean,s5,1,0.661114,0.794427,0.803586
2b14fee2-da99-42f9-b9b1-cb7f67b8e994,gaussian_blur,s4,3,0.433446,0.599009,0.619104
2b2fe875-a739-4c57-8a9d-10150a40d4ea,clean,s4,1,0.857149,0.919912,0.962647
2b3415a7-acdd-408d-9c27-821beef822cf,shot_noise,s5,3,0.760186,0.862634,0.871931
2b3aace4-474a-4533-9982-9abe24531d1a,gaussian_blur,s4,0,0.706247,0.824190,0.848581
2b44d693-0c1d-4d5b-aaae-b2c0457419a7,fog,s4,1,0.234810,0.377251,0.385243
2b496f78-ed32-492e-8c83-186ac82d4e91,clean,s5,3,0.462429,0.630263,0.638224
2b6086ad-9496-4e77-bc4f-6cdf827a1610,fog,s5,4,0.427186,0.578302,0.646873
2b69bd51-066e-413c-a86b-7a2db05fcb9e,gaussian_blur,s5,3,0.423682,0.552815,0.689957
2b74f9e2-2b11-4cf9-af6f-d3bd9a15d74b,clean,s5,1,0.492634,0.658442,0.664904
2b78f8b2-4fe1-4c09-8ecb-64be5347166f,shot_noise,s5,5,0.374318,0.533271,0.569291
2b8052e3-ef72-486b-b0e4-9cd2ac280edf,fog,s4,0,0.315065,0.479021,0.479435
2b8482ec-21f9-428a-aa32-7706801066fd,fog,s4,1,0.478712,0.618078,0.724434
2b887e2c-743d-4c6a-ac0c-2cc4d6cc2130,gaussian_blur,s5,0,0.584378,0.728231,0.772426
2baf9588-7814-4ea9-b711-6eaf841e39e5,gaussian_blur,s3,4,0.381431,0.523327,0.612853
2bb41f26-91fd-4ad6-9fce-77da5b2b4760,shot_noise,s3,5,0.558112,0.665118,0.869514
2bbca9f9-fee7-4c27-93d5-2b0258ea96af,fog,s4,2,0.637369,0.760584,0.853477
2bbeedff-b05d-4e0e-89e9-d5170d1b74ae,fog,s5,4,0.653001,0.787192,0.803648
2bd92ace-d9f7-4365-808f-7f6e9bebea3c,gaussian_blur,s4,3,0.447421,0.564451,0.741712
2be35cf0-dc3e-4861-ae10-fd46fd87297e,shot_noise,s5,4,0.331026,0.452129,0.580030
2bee035e-0991-4393-9c48-f5b8edfdeb44,fog,s5,4,0.356545,0.425009,0.700725
2bf0c884-6276-40b6-b70c-43df6da4ceb6,shot_noise,s5,3,0.534312,0.695685,0.699109
2c02be62-abeb-4201-b9cc-cb0b89f98aa4,shot_noise,s3,5,0.674173,0.774878,0.940875
2c06888e-9b02-4a57-b82d-f596c793d867,clean,s4,5,0.683173,0.801623,0.862910
2c092548-cd85-47f8-8c5e-28399ba6f300,shot_noise,s4,2,0.743178,0.850544,0.866896
2c2851bb-ea4a-4796-856c-402ea5908ed5,shot_noise,s5,4,0.461901,0.628651,0.640715
2c2dfee2-96af-46db-93cb-02018a83b1ae,shot_noise,s5,0,0.482986,0.651369,0.651371
2c37b776-5789-42bf-948c-a0bd74f561b8,clean,s5,4,0.480238,0.630040,0.699753
2c3f2a11-04d6-4e47-9734-dbff30ad4aac,gaussian_blur,s4,3,0.754154,0.853331,0.904287
2c464e8c-7dc0-46a2-b50e-77f7b27a5c2c,shot_noise,s4,5,0.369842,0.527937,0.565483
2c4d61f3-487a-49f2-8c87-bde4dafd84ea,shot_noise,s4,3,0.356667,0.437537,0.682720
2c4edf03-78b3-44e9-8d38-ebdc9222e7bb,clean,s5,3,0.679083,0.807610,0.815443
2c611946-7664-492b-aa50-00c1b0aaeacb,fog,s5,1,0.486052,0.632418,0.713280
2c86352b-2ce6-4437-a932-f5c6cf78a2f6,clean,s5,5,0.542136,0.701951,0.706944
2c894ba4-208a-47bb-8be7-293c048b5059,gaussian_blur,s4,0,0.541305,0.650661,0.850499
2c895a3e-9c69-4c5d-ac77-ce3f448529ff,fog,s4,1,0.729183,0.833030,0.905397
2ca2fc44-e02f-428b-aa96-e2644e9b2c0f,shot_noise,s4,0,0.795378,0.882319,0.917555
2ca6344d-1deb-4ecd-8fd7-6806777b1566,shot_noise,s5,2,0.263907,0.411886,0.427328
2ca78ad9-931e-4e15-87a3-d1963aaa20f3,shot_noise,s4,2,0.623739,0.763801,0.787216
2ca8482a-36fc-4e42-8efc-063bbf00c07c,clean,s5,5,0.601907,0.738733,0.800309
2caaf468-0d7a-48b1-b14a-cad7158d35d4,shot_noise,s4,1,0.670156,0.785544,0.881602
2caf3fd6-1724-4523-b997-59b716c387fb,fog,s3,2,0.478541,0.489035,0.957081
2cc18d00-bce1-4714-8390-54e1d0af44ca,gaussian_blur,s3,5,0.486218,0.540106,0.902613
2cc426ee-4e1a-45df-919e-7bacc73682f2,clean,s4,3,0.686553,0.810383,0.834011
2cc46d03-ae48-49a0-8314-baec8098fd4e,fog,s5,4,0.695290,0.820261,0.820261
2cc5d985-080e-45a6-95b5-de85aa73d54d,shot_noise,s5,3,0.721298,0.833066,0.868160
2ccc4185-4f24-4302-8ef6-0f6a1ee06695,fog,s3,2,0.553181,0.658303,0.870405
2cd4f68a-2af1-42b1-8ab4-3d033a4b6c75,fog,s3,5,0.467917,0.483427,0.935835
2cd7ca61-9cdb-4407-90e7-da6b4d267aad,gaussian_blur,s4,5,0.555876,0.680729,0.820485
2cd8880a-50e9-464d-80ae-f5179cbd13ae,gaussian_blur,s4,2,0.323700,0.477433,0.511380
2cd8f41d-71b8-4ce7-9be5-c3cdd78f38f7,gaussian_blur,s5,3,0.340751,0.503392,0.518179
2cf4fefb-16b9-44cd-ae32-6b9653c0c223,gaussian_blur,s5,5,0.334676,0.501049,0.502432
2cf88fd3-a37e-4863-81a3-3c9f54937e86,shot_noise,s5,2,0.538822,0.700076,0.701067
2d26ee2f-d88f-48a9-b206-4955c95b262b,gaussian_blur,s4,3,0.602544,0.736323,0.811381
2d37eb59-fa76-4c00-9142-69a21c6eae9e,clean,s5,3,0.403366,0.569771,0.586672
2d3cdc5e-863e-441f-a4e9-d591968145ec,shot_noise,s4,3,0.786135,0.873581,0.933125
2d53a871-8b60-43ce-a979-e965fc041b60,fog,s5,5,0.458856,0.622131,0.647408
2d584ab6-b397-4bec-a725-27e79d1df55f,fog,s5,0,0.634649,0.773391,0.790197
2d6938ca-fdec-410d-a140-0c519f34b411,clean,s3,3,0.500869,0.606823,0.821610
2d6e5145-3173-4666-bec4-4c54337e882c,clean,s5,5,0.644852,0.782932,0.789396
2d8051fd-fcd7-4730-a2dc-9c1545da7716,clean,s5,3,0.495305,0.659158,0.672229
2d8fb209-b6d6-4430-9cbb-86d8a57d3928,clean,s4,4,0.457039,0.586365,0.726444
2d9549ff-e5cc-4bdc-bd65-0bf4d16bcd91,shot_noise,s5,1,0.577883,0.732321,0.733071
2d98198c-e875-40dd-839d-535ca64bba42,clean,s5,2,0.823239,0.902919,0.904416
2dab874c-2ca5-4803-84c0-6d627ed54695,clean,s4,1,0.711952,0.819829,0.897868
2db3a36b-cdb8-48da-99ca-a8029a498d23,fog,s4,0,0.509273,0.654759,0.733077
2dbe17df-dbbc-4ac0-ac3c-0c00be838dac,fog,s4,0,0.712975,0.829043,0.852315
2dbe881b-0dd3-402c-9e54-3d6648cb3ed2,clean,s4,4,0.492062,0.656981,0.667129
2dcb0698-2eb9-4cd1-ba58-27bc2020d797,clean,s5,3,0.646476,0.782229,0.799313
2dddd920-bcd4-47ef-8f02-17494648f4fb,shot_noise,s5,3,0.466313,0.628933,0.655173
2ddff5e5-728f-41ec-9b58-ed0fdc25c4b0,fog,s5,4,0.533481,0.694052,0.701419
2def1205-c798-49ec-99fa-c6cf3de8c357,fog,s4,3,0.350059,0.517909,0.519982
2df7e501-999a-4fa7-87a8-b7d8fa232448,gaussian_blur,s4,2,0.423270,0.538088,0.717531
2dfad810-0f03-495a-a638-c443b6b200fa,clean,s4,5,0.347008,0.413897,0.688117
2e00be84-2cc7-48e1-8eab-00f3b259e5f7,gaussian_blur,s4,1,0.473792,0.629717,0.678709
2e04753e-73bd-415e-91af-673d6476f086,shot_noise,s5,4,0.658897,0.793801,0.797186
2e10c3ef-0609-4c9c-8a90-a0765dfbf384,gaussian_blur,s5,0,0.464345,0.613801,0.687024
2e1b684d-e026-4eb6-a5b6-2297688b7eea,shot_noise,s5,3,0.678293,0.808157,0.809126
2e20fc00-6b78-49a4-9bba-a1b728bf2164,shot_noise,s4,4,0.726056,0.825451,0.932030
2e342f90-f028-4178-91da-a9a63b82390b,gaussian_blur,s5,3,0.527927,0.685908,0.707365
2e34f453-91f3-4cf8-b389-872ab21254b7,gaussian_blur,s1,2,0.469546,0.514489,0.895563
2e397803-dd1f-4dea-9cfc-b7d746dd7e06,gaussian_blur,s5,4,0.671560,0.797973,0.830933
2e409a47-baa5-4fa0-93af-3dab2d787253,gaussian_blur,s5,5,0.307600,0.415630,0.564341
2e54c1cf-85c5-4734-a384-055fd4206ada,clean,s5,5,0.306786,0.469454,0.469664
2e610f59-d1cc-4042-a4ad-d8e243d77a6a,gaussian_blur,s4,4,0.671786,0.779892,0.911723
2e67df0a-d175-4cf3-acf6-9e2540d2f466,fog,s2,1,0.470037,0.488165,0.935142
2e6b0182-7ca0-48bd-aa18-d32a8ac8c02c,shot_noise,s5,4,0.851496,0.919709,0.920837
2e83bb3b-ac6e-4718-87d4-2073d1f7fa89,gaussian_blur,s5,3,0.288417,0.401100,0.525531
2e9bc607-15cd-4634-8d68-7b51d65aec4f,gaussian_blur,s4,0,0.484665,0.618504,0.743040
2ea42c6f-c1c6-4188-b7cc-a7ca834f1616,shot_noise,s1,5,0.495107,0.497541,0.990214
2ea66f51-34e8-4982-b0c2-c474e8c959ba,gaussian_blur,s5,1,0.632654,0.774383,0.777740
2ea795c6-1f18-4565-b1b1-1cbef70faf1e,shot_noise,s4,3,0.623083,0.749458,0.840895
2ea89f11-eeee-42b6-973c-1175e5a0b7a1,clean,s3,2,0.496665,0.626553,0.763153
2eb8e0b8-7b5d-440f-af4b-56dcfdc21c79,fog,s5,1,0.430152,0.599868,0.605744
2eb9cbf2-c44c-4d09-9739-5202a31f7e65,fog,s5,1,0.638921,0.778053,0.787038
2ec488f3-7065-4e80-9394-7f79ce18b4a0,fog,s3,5,0.539153,0.634060,0.882373
2edbab57-ebad-459c-93cc-72dcb4df98a0,fog,s3,1,0.411553,0.520957,0.712886
2edc24bc-bf75-4ce9-9e16-7a26c57db66a,clean,s4,5,0.425460,0.533812,0.732366
2ef1cc19-0ad6-43e5-9370-9e4c86c5bf94,shot_noise,s5,4,0.586250,0.738830,0.740448
2efea983-3ba7-45df-8ac6-8e79c60c6dfc,shot_noise,s5,1,0.623444,0.768051,0.768053
2f0092ec-e02f-4374-9368-21b08f5bf28d,gaussian_blur,s4,2,0.218721,0.357881,0.360576
2f03e5a4-644e-48b7-82c6-ecdfe65bec76,shot_noise,s5,4,0.506825,0.672664,0.672832
2f04297e-dac8-40be-bb01-0de7d5816f64,gaussian_blur,s3,2,0.397443,0.510186,0.688512
2f057f15-11c1-4ce0-98d6-966ff280688c,clean,s3,0,0.556588,0.661665,0.873189
2f0649f1-b8bd-42a6-b094-30630badae5f,fog,s4,3,0.586901,0.717325,0.818773
2f138214-82a6-4eaf-a546-066f4a6bcff6,fog,s4,2,0.187329,0.315547,0.315547
2f13b214-97a4-497c-ae0d-5fa3f1af81e9,gaussian_blur,s5,5,0.483174,0.645584,0.668347
2f1f980b-9d6d-4c75-b2b1-154e2504cfbc,clean,s5,0,0.588730,0.737996,0.753106
2f2fda43-2339-4cb5-b341-dcf17fe0bd51,clean,s5,0,0.441243,0.603693,0.634048
2f3a6013-0463-4d1d-91a5-0d3a2e5519c8,clean,s5,5,0.290850,0.423294,0.498040
2f3f2ee7-f177-431e-8cbd-5306377da082,shot_noise,s4,4,0.573071,0.666556,0.914676
2f56acf3-7057-435b-a8df-1fecf6921b8e,shot_noise,s4,5,0.776559,0.872289,0.889419
2f5729e8-275b-4cb1-bd9d-81ca82a36918,fog,s5,3,0.471401,0.640626,0.641101
2f5c6535-db67-4691-9453-730455c4733f,clean,s4,4,0.508588,0.618970,0.819356
2f643b55-6260-4c64-8361-85029d15ef87,shot_noise,s4,2,0.732511,0.838033,0.892363
2f67a2a6-6747-4ed4-acc9-04fed2efb44e,shot_noise,s4,5,0.601989,0.747339,0.768229
2f7762dd-a0a7-46be-a731-f0f266132bf3,shot_noise,s3,2,0.577142,0.658324,0.947173
2f7d022f-5cf6-434d-9ef9-4c5af024a408,gaussian_blur,s5,5,0.505546,0.662778,0.697675
2f8d8ae1-ca52-4c79-bdd8-9312994a3bc8,shot_noise,s4,5,0.721728,0.827523,0.901302
2fa5fcf7-a1f2-4e1d-bef3-8c30f1e941e2,gaussian_blur,s5,3,0.777537,0.874108,0.880725
2faed9c2-4c1f-41c8-9faf-7150e9c625a8,fog,s5,4,0.395380,0.559178,0.583760
2fba759b-eaa3-4b94-841a-c94659af9971,gaussian_blur,s5,0,0.855450,0.921990,0.923429
2fbb457c-3a8f-46e4-aa72-eae7a299e277,fog,s4,0,0.478247,0.625066,0.705669
2fc08955-83be-4eb2-b1f4-6aa1e1411dc5,fog,s5,3,0.493798,0.615747,0.779240
2fda39bc-ff29-4034-89e4-04139d5091ae,clean,s4,4,0.531117,0.669271,0.767824
2fe6ef8a-76dc-420b-9f36-0752ed815bfd,clean,s4,5,0.406699,0.496192,0.741072
2ff09a84-ab37-4595-8af0-6e4a7c6d8b93,clean,s4,2,0.769784,0.860567,0.936985
2ff1367c-e604-4bd0-a089-397e3bc1572d,gaussian_blur,s4,5,0.335872,0.488088,0.531691
2ffa43de-709c-4655-93b9-30dc3677713a,gaussian_blur,s2,1,0.341411,0.426994,0.652204
2ffb4d59-914e-41a9-9951-ab6065ee6f6d,gaussian_blur,s5,0,0.681439,0.810540,0.810559
3003672a-31e3-48fc-a73b-4586f9f50b26,shot_noise,s4,1,0.670001,0.792024,0.852269
300d853a-54c2-4793-9ac7-b6b043195625,clean,s3,0,0.448944,0.477481,0.891835
300e35ca-7f73-41ed-a78e-dbb393880adb,fog,s2,0,0.427020,0.502827,0.790867
300e5025-9d37-4084-af31-681b02095ca0,gaussian_blur,s3,3,0.588901,0.689241,0.908688
301a0d67-383d-49a7-b106-77b689d33882,gaussian_blur,s4,0,0.598399,0.738769,0.786949
301dc7e8-9e23-414c-abfc-f51834136088,shot_noise,s5,0,0.701659,0.823778,0.829777
30205619-3e74-4518-8c67-e27cde8a2e1e,shot_noise,s5,1,0.665681,0.797062,0.810268
3020c6df-178b-4f24-bd51-a98ebc8217d9,fog,s2,2,0.468507,0.483741,0.937013
3020efb3-a4f7-48e9-a993-8ac70bbd3f77,gaussian_blur,s3,2,0.527112,0.622556,0.869920
3020f3a1-14e9-494e-84cb-5e65d5abb61c,clean,s4,3,0.647130,0.765401,0.872577
30274f4b-0fb2-45db-a8f6-a0597d607c24,clean,s5,3,0.538918,0.700007,0.701646
3034ce4a-4272-4560-82bb-668c5b6aa489,fog,s4,1,0.522078,0.682375,0.697440
304b889e-312e-4238-8499-3463627801e2,shot_noise,s3,4,0.525513,0.606532,0.898469
304fa686-2bf3-43e1-a084-71f9b0759abe,shot_noise,s5,1,0.381461,0.537135,0.584930
3055160a-1a34-4c62-ae12-ef1d92e6af63,fog,s5,2,0.634620,0.768249,0.811968
3062d513-ae3d-4e4b-bd4b-ce6b618acd6c,shot_noise,s4,0,0.382015,0.550741,0.557504
306785cb-2540-433b-900f-d01e7df06a4d,shot_noise,s4,0,0.251656,0.398249,0.408547
3075573c-19dd-40f6-89cd-a0e9b21c70f7,shot_noise,s5,5,0.450844,0.618853,0.628416
3079b23a-098b-4379-a83a-be0cfbe5c641,gaussian_blur,s5,1,0.726136,0.839534,0.852613
307c2a77-2d9b-4512-b44b-fdd38ac4bb64,clean,s4,5,0.604954,0.747189,0.780240
308104e8-b1f7-4836-a829-41260fbfe486,clean,s5,3,0.622630,0.767249,0.768224
3089adb4-3530-4b2d-8190-8c1c995579b9,gaussian_blur,s4,1,0.680648,0.798823,0.865456
30954484-44e6-4a9a-b18e-30d7808cadb5,shot_noise,s5,3,0.700415,0.822818,0.829456
309a8e52-e79f-422e-8c92-d101626e60f7,gaussian_blur,s5,1,0.560595,0.713690,0.735021
30b24900-7a4b-4bbc-975e-50986ffd76b1,fog,s4,5,0.575565,0.712831,0.792539
30b31c41-e734-4cc8-ba55-54dd567b9c4e,clean,s5,3,0.387545,0.450963,0.754661
30bb9eee-d1ad-4db4-9329-574294fd6971,shot_noise,s4,4,0.589321,0.735498,0.764677
30bccfa5-2532-4a90-8397-2a00e4201763,clean,s2,0,0.429579,0.462122,0.859157
30bdbe8a-1258-4009-b774-4fdf7e685fbc,fog,s4,1,0.497283,0.651578,0.700608
30be0eae-5e67-4e6e-9aa5-0d8903ad4e34,clean,s4,3,0.539397,0.697281,0.712382
30c124ce-95f5-49ce-bb4f-3aed3f934ba9,shot_noise,s5,3,0.828784,0.905685,0.913713
30c57e79-6143-4081-806d-81a9a5b66b93,shot_noise,s4,0,0.713927,0.830141,0.850448
30c6b2ec-016e-40eb-9b75-52af6b8b56d7,shot_noise,s4,0,0.598399,0.738769,0.786949
30c998fc-024b-47d9-b917-972881a87732,fog,s5,1,0.419437,0.590948,0.591093
30d5deaa-c605-4240-ac7b-314110110503,fog,s5,1,0.519223,0.675857,0.707232
30dddd49-59ed-4ac0-9f9c-1f8a49f423fe,clean,s3,0,0.594271,0.683075,0.942507
30e10b86-2fc2-4be9-bb40-804f26d8c312,shot_noise,s5,3,0.369967,0.508852,0.603754
30e12eb2-4e80-4bb4-9030-8a1dd121e7a9,gaussian_blur,s5,0,0.649536,0.784489,0.801684
30fc6608-7515-4732-b6d7-0912a5dcd898,shot_noise,s5,1,0.624258,0.766722,0.777014
3103102d-12b6-4d24-b1cb-2577b5564fb5,shot_noise,s5,1,0.244358,0.392312,0.393461
31046b1e-d4b3-447d-bb64-7b3480c5cfb6,fog,s4,2,0.755228,0.858122,0.877637
3105003a-a6b2-4a5d-98f8-ed17b2d636c9,clean,s2,4,0.492961,0.496455,0.985921
31077f18-7f3d-4ebf-9212-37f03507a05a,clean,s3,4,0.798177,0.878996,0.960213
310c6c74-139d-4262-b8a5-6430a7514bbc,fog,s4,4,0.308518,0.403920,0.585015
311ab2dd-83a9-4810-a5ed-11a3f331606e,clean,s4,3,0.678959,0.791602,0.891243
3136c760-90ef-4ce9-a95f-d960dfb30dcb,clean,s4,2,0.422359,0.573912,0.640759
31389307-4ea3-4dad-a401-e00d4914be41,gaussian_blur,s3,3,0.467851,0.555644,0.821596
3153a44c-4885-4356-a729-b0e7aeaed81b,fog,s4,4,0.486207,0.637071,0.701742
315c629f-5341-4aff-bb4d-07ab448911db,fog,s4,3,0.249929,0.389616,0.416772
315e77a6-227b-4475-9d97-a9fc4af1ebca,clean,s5,5,0.672299,0.803966,0.804427
315e9ddf-2172-46ba-b14d-7b92430eb318,gaussian_blur,s4,0,0.285604,0.378082,0.550802
31840439-72dd-4616-8319-fb747edd4a95,gaussian_blur,s5,4,0.617590,0.762445,0.768427
319b64fa-71d3-4684-85c6-69b8e4909a09,gaussian_blur,s5,0,0.767908,0.868457,0.870715
31a9194d-0fd4-4b8d-af41-d6de82713f09,gaussian_blur,s5,0,0.646414,0.784359,0.789317
31b528ae-0571-4b94-a735-a47b77fc2299,clean,s4,0,0.742215,0.847389,0.882485
31b72a9f-ddc0-4af7-8b23-5f5ada1e5929,shot_noise,s4,5,0.807401,0.889954,0.925099
31c2324f-720a-4ff1-9380-aad3bac5f84f,fog,s4,0,0.726611,0.834635,0.884156
31c822f5-526e-4a91-a05d-be1bc87d203e,shot_noise,s5,1,0.530220,0.686017,0.715232
31d12d17-28bb-4b01-b645-07266350fef8,clean,s3,3,0.307411,0.413536,0.566978
31ddffbf-3686-4c37-a8f4-209660432b25,fog,s3,1,0.523684,0.648260,0.798643
31e20cbb-eedd-4a6b-aa2a-2e1688463542,gaussian_blur,s4,2,0.631521,0.757544,0.842640
31e71073-3ba8-459f-8674-0ceada28aff4,shot_noise,s3,2,0.599124,0.701207,0.910325
31f574a4-81ec-4c4a-8617-8ba951c59e23,shot_noise,s4,0,0.608251,0.734173,0.840076
3200a847-3898-47ad-bb54-8aeb4e1d9413,gaussian_blur,s5,5,0.406779,0.576874,0.581712
322e53b3-4a40-4c53-aec5-38d5f4748258,clean,s5,1,0.651135,0.788705,0.788747
32368718-13fc-4720-bf32-97f8cf738c7f,clean,s4,2,0.732471,0.843399,0.859504
3242f052-d32e-4b85-8fa1-3fbb0878f6b2,shot_noise,s3,4,0.658109,0.758855,0.938747
32469b4a-0c05-45a0-9c92-7aae534019f8,fog,s5,1,0.346915,0.409622,0.693829
32518fa4-b07c-44f4-ae4e-c0c3c56b403d,gaussian_blur,s4,4,0.610311,0.739889,0.827648
3262e3de-6968-43c2-b985-93c9e1716d13,clean,s5,0,0.314950,0.452849,0.526878
327a5867-7299-4328-8cdd-90afbb579a02,clean,s4,1,0.333965,0.500668,0.500795
329879b5-92a1-4d47-bcc0-04fbe344b8a4,shot_noise,s3,1,0.492167,0.618754,0.766981
32a3d05e-f410-4484-a09e-b82d51329aa7,gaussian_blur,s5,5,0.602586,0.743012,0.787056
32a89318-b75d-4ca1-9267-9f268bdd4011,shot_noise,s5,1,0.568331,0.718253,0.747850
32aba1a6-a867-4c1f-9e3e-d029dd8b9e5a,clean,s4,4,0.243358,0.370227,0.425156
32b9a761-55ef-4794-a70a-b9a1a1cfa4dc,fog,s4,1,0.487692,0.639654,0.699985
32be5cdb-5477-4adb-951d-8925a4420a69,fog,s5,3,0.499208,0.664969,0.668928
32c48724-c594-402f-9eec-a23dc09f4c31,gaussian_blur,s4,2,0.590210,0.729532,0.789529
32ce083d-46e7-40a1-9762-d9659c387702,clean,s5,2,0.738763,0.848378,0.858850
32d5fd90-8bd2-46dc-8a3a-9b63ba5f042d,clean,s3,2,0.487873,0.614313,0.763365
32f0660f-21de-4495-b3cc-cf3c9ec9f7e9,gaussian_blur,s4,0,0.530744,0.642108,0.836891
32f24cda-c1b3-467d-b676-ba5edd9c9813,gaussian_blur,s5,0,0.615072,0.754396,0.791264
32f8e292-6cfc-42b1-8209-c41901525cf2,shot_noise,s3,0,0.483362,0.523695,0.920480
32faab7e-540e-456a-94a7-176ec14e7d58,shot_noise,s4,4,0.727267,0.829475,0.916149
331979f5-358c-4960-a89a-633aa226392c,clean,s5,1,0.222105,0.355256,0.376235
3323f1ab-51a4-431c-aafb-07356fc0b7a9,shot_noise,s3,0,0.500847,0.606800,0.821586
33320e7a-d1cc-4dc3-9cd1-4063c4bba5a7,clean,s4,5,0.642541,0.769262,0.839200
33353e4f-fddd-4824-877a-0361b6347fcf,gaussian_blur,s5,1,0.530507,0.689251,0.706091
33366aa3-3bab-4a32-be75-7881997e0c99,clean,s3,1,0.693897,0.795605,0.935175
336d4100-64aa-4d46-a90d-5d94370f4977,gaussian_blur,s5,2,0.528222,0.691289,0.691291
33794550-d7a6-4737-a8c2-10cef60f9af2,shot_noise,s5,5,0.259003,0.389518,0.447354
337c0570-1078-4eb4-848e-3f128be76c03,gaussian_blur,s5,1,0.400991,0.553315,0.615254
337e585f-63dc-4829-9ec3-9e65f40f15da,shot_noise,s2,0,0.493980,0.496972,0.987960
337f1214-5170-4110-8d1b-0f343bc74501,gaussian_blur,s3,4,0.622638,0.737515,0.881443
339c0317-cc07-485d-a9ed-57cfaea91758,shot_noise,s5,5,0.349546,0.478986,0.592940
339e0b21-f4bc-484c-ab36-55b0cedeb9c2,shot_noise,s3,5,0.372371,0.498052,0.631556
339f6c1e-0289-4cde-bfe9-c10fc42d4436,shot_noise,s5,2,0.501016,0.660447,0.688544
33a42fc9-7b30-4c18-ae9a-6c6bdac09a79,gaussian_blur,s4,0,0.492096,0.602209,0.803888
33a49cd3-cfaa-4bd8-8fd4-311695af67de,gaussian_blur,s5,1,0.616434,0.758985,0.778155
33b3acbd-4408-4149-828a-b2e77891e2a4,fog,s4,4,0.675943,0.798325,0.847884
33c164ff-373c-4c20-a379-9ea77ba9b974,fog,s2,0,0.438205,0.467068,0.876411
33c50e66-1ddc-4301-bb92-4b8fa114291a,fog,s3,2,0.270013,0.377821,0.501385
33c54ef2-75cd-45e8-b608-22ac0d063a9a,gaussian_blur,s4,2,0.764273,0.857362,0.929668
33c6b984-f4d4-4c55-becf-727f5c87dc56,shot_noise,s4,4,0.382864,0.544016,0.575024
33cad3f8-6fd4-42e8-9ca7-ebef847d33c6,shot_noise,s4,5,0.820148,0.899166,0.921237
33d21b3d-42e0-4328-bcaa-63c7aa241bd5,fog,s5,5,0.382500,0.552812,0.554541
33d926cd-58db-4e4b-b1e1-e3cdad9f1109,shot_noise,s4,3,0.690507,0.812333,0.841383
33e0a22a-7e14-4636-a1a3-69281021bf7e,gaussian_blur,s5,3,0.759682,0.860630,0.883532
33e1932d-b480-4485-8bd0-ffc18800f6c2,gaussian_blur,s4,3,0.599145,0.736171,0.799216
33efe122-186a-4f2e-9833-6a41e555e5c8,fog,s5,1,0.362647,0.532180,0.532459
33fd948b-888c-4eb8-96ec-760f916ee835,fog,s5,2,0.565273,0.718845,0.734441
33fda9fc-ae44-400e-bde4-e9fd6a332d18,clean,s5,0,0.832097,0.907549,0.917076
340d43e9-4b3d-417e-9704-64eb968b7e62,fog,s4,3,0.390166,0.533224,0.621519
341d59f4-b802-4e5f-b535-f22c1b4de43a,gaussian_blur,s5,4,0.418148,0.458494,0.832027
34246a1a-55ab-4c90-8433-04369deef2d6,clean,s4,2,0.609915,0.728829,0.864160
3424f9ff-3678-44b1-8cf5-55867bb57ca9,fog,s4,0,0.772360,0.863560,0.930204
342b1dd3-a236-4cc6-a819-d8c531b2b003,gaussian_blur,s4,4,0.736388,0.843242,0.879707
3457c0c2-a57c-4006-a6c3-a6e60849bc0e,fog,s5,5,0.606662,0.753249,0.763018
345e605d-0a4b-4b86-8928-d670318bbb15,clean,s4,2,0.718224,0.818231,0.933801
3461820b-eb50-4e5f-b94d-ae7bed4481df,shot_noise,s3,3,0.568939,0.678551,0.870540
346247ec-758b-4b0f-aa81-4d81589cdde8,clean,s5,1,0.701659,0.823778,0.829777
3465e0d9-2a52-47d3-8e99-c8593be283d2,gaussian_blur,s3,2,0.554148,0.682109,0.810677
34664049-231b-4cf0-9b95-c153fa700132,gaussian_blur,s5,1,0.286535,0.445145,0.445963
347afe17-3b7f-4898-a34b-1e42236d0962,shot_noise,s5,0,0.602947,0.732037,0.827907
34872b95-bf31-40b0-bf43-4d44733c0e56,shot_noise,s4,0,0.440631,0.607072,0.623546
348801b2-46be-4a15-a23b-0fba14cd179d,fog,s3,4,0.421017,0.528348,0.728695
348937da-a96b-4179-ac01-e0dcd1ad51bd,clean,s5,2,0.667385,0.799343,0.806369
348fcd2c-55fb-46e6-88d1-0e86fd48bde1,fog,s4,3,0.610432,0.728206,0.868075
349a9831-e3e7-46b5-96f9-56fddb006616,clean,s4,2,0.398097,0.566405,0.576584
34a513b8-60f4-4237-9055-e0d599125021,gaussian_blur,s2,2,0.474713,0.517887,0.904982
34a5cd1b-0a4f-4964-82ce-82352018217e,gaussian_blur,s5,2,0.434796,0.605351,0.607904
34ad4275-e62f-4309-af5a-791edf58acaf,shot_noise,s3,4,0.535805,0.665644,0.793781
34afefac-3c60-4fda-963f-943840b8ba66,gaussian_blur,s4,0,0.520060,0.657653,0.761990
34ce8fc5-cafb-4c98-9e55-f80beb5191c9,shot_noise,s4,2,0.523307,0.683339,0.698841
34d8cf2e-a229-4fee-b604-d01c4781ba52,shot_noise,s5,0,0.562428,0.702960,0.777109
34e4f874-6599-410e-8a68-9b0b490c509e,fog,s4,3,0.698587,0.815213,0.862257
34e77a09-2623-4616-b2f0-cbc7e2f9d3a6,gaussian_blur,s5,5,0.407771,0.574181,0.591371
34eb1fc8-9dd1-4876-a8d0-83af825ba18c,shot_noise,s5,1,0.567936,0.724411,0.724533
34f23ed6-c4d7-46b4-80df-c8287785aa2f,gaussian_blur,s5,2,0.526422,0.689737,0.689778
34f6d7da-1364-4209-baa4-b1f9e72d0ffb,clean,s4,5,0.552333,0.706266,0.729835
34fca1ad-1086-4b97-a5ed-185a9347df0d,fog,s4,3,0.323416,0.488359,0.489543
3504e843-e4af-4c29-af7d-6b330b108c01,shot_noise,s5,2,0.325192,0.482292,0.507189
350f5514-a40f-4c2c-9a06-28f3047713c2,shot_noise,s5,5,0.507095,0.670528,0.680277
3512a4cd-74d7-403d-b5be-b2a93ea0485f,fog,s4,4,0.490683,0.608003,0.786728
351bd1e1-583e-423f-81d9-30ef984046f6,shot_noise,s4,2,0.636015,0.754897,0.869809
351d4dc1-5896-4e08-91f3-1d7f32b4ac82,fog,s5,1,0.423653,0.594637,0.596460
351e730d-f316-4a93-9a48-a2195aae41b2,shot_noise,s3,2,0.734734,0.828561,0.955139
352de878-58db-4fee-8d17-f268a0ffcacd,clean,s4,2,0.658106,0.781303,0.850968
353e243f-1b50-45c0-9bcf-54f9e286e507,gaussian_blur,s5,2,0.276026,0.407637,0.474833
354281b3-2355-40ea-9b84-b725c6185d4f,gaussian_blur,s3,5,0.467917,0.483427,0.935835
354fc481-6e71-4ae9-b005-7060eb06112f,gaussian_blur,s5,1,0.409816,0.570231,0.607307
35545b92-c392-4e00-aed0-d6549622c7b8,shot_noise,s5,0,0.612115,0.759363,0.759520
355e7d1d-d63c-44ce-9823-73f4f9a82421,fog,s4,4,0.414950,0.574440,0.614913
356dc150-cd59-48e4-8858-1357fa962dc8,shot_noise,s5,1,0.797791,0.886459,0.896901
357205dc-17a6-4abe-8ecb-9782e58dd187,shot_noise,s5,3,0.657967,0.793626,0.794078
35726a48-2f98-4e44-8b97-7e0b89e9737e,shot_noise,s3,1,0.510965,0.618531,0.827893
35744f55-03fb-47a6-8998-604a9903b0d2,fog,s4,2,0.767851,0.859780,0.932173
3575c8e8-69d2-4b5c-b4b8-0bc2cbf9070b,gaussian_blur,s4,3,0.628315,0.768258,0.786747
3575cf21-8f3b-42cc-92dc-ce3b21f55030,fog,s5,1,0.550709,0.709325,0.713509
3581ecdc-9d79-4855-bcac-05dadeeedce6,fog,s4,0,0.624342,0.759679,0.806406
359374c7-51fe-48db-81ad-b546df419945,fog,s4,0,0.251656,0.398249,0.408547
3596a314-d99b-4163-a31b-fa0034b94f97,gaussian_blur,s4,3,0.557244,0.701165,0.764251
35985b3c-4ce7-4544-9de1-7efbfcb38518,gaussian_blur,s5,3,0.582146,0.735750,0.736438
35994a1d-cf50-4a27-882e-829aa9580ac2,gaussian_blur,s4,3,0.418136,0.455418,0.836272
359bea88-70e4-4544-963e-dc901022df87,fog,s4,2,0.243522,0.388938,0.396128
35b8a532-5341-494e-86ec-e97b2c1d7c6c,fog,s3,2,0.666942,0.761132,0.963747
35bade1d-aab4-46ec-86cc-a98acd0cf7ab,shot_noise,s4,3,0.736125,0.839010,0.903910
35be8b05-e1db-4c38-bb28-17b2b824eb0e,clean,s5,0,0.371359,0.530520,0.565177
35c0c5ea-4c0e-4c5e-933a-c90ba22cb108,shot_noise,s4,1,0.806659,0.890638,0.914437
35c348e7-87e6-42ae-9c59-83cba35b415b,fog,s4,3,0.333233,0.498376,0.502900
35ca99bb-8a34-426c-bdee-6c9de0c933d0,gaussian_blur,s4,4,0.204053,0.336389,0.342795
35d82de2-b6d4-4590-b7e6-0af2c9fe2a10,gaussian_blur,s5,5,0.706570,0.828058,0.828062
35e8afaf-ee3c-4e09-9459-b2f79d3f979a,gaussian_blur,s2,1,0.680314,0.774036,0.967781
35f38c15-b4a0-474c-ba74-89d94ebef843,fog,s5,5,0.579156,0.733206,0.734605
36014cf9-35e3-47df-ae20-f0a1d8e6d2f3,gaussian_blur,s3,2,0.548371,0.653534,0.866449
3603f34d-7d01-42af-882e-eb360aa842b4,shot_noise,s4,2,0.581582,0.680717,0.906845
360cbb7d-500d-4521-9a19-bf487ad680f8,gaussian_blur,s4,2,0.676328,0.792534,0.876238
3615f1ac-56f9-4b3d-a4f5-fb536fc423a1,clean,s3,2,0.675076,0.775756,0.941003
36235c61-6427-4fc2-96f9-89eab12f86b8,clean,s5,2,0.802551,0.889504,0.899125
363385f0-c604-4045-85b6-ef14b3f2db80,clean,s4,2,0.646869,0.767176,0.864596
3638241d-746a-44d2-95b5-fa9a877a85f2,clean,s4,3,0.478523,0.645363,0.652757
363ac371-1a28-4003-8b74-b9dfedb06850,fog,s3,1,0.502667,0.556543,0.922699
364de220-1468-48a7-b40b-8b354cdff6fd,shot_noise,s5,3,0.463661,0.628825,0.646329
365a4769-2a4e-4932-b205-d3007e92e45e,fog,s5,3,0.632031,0.768621,0.800084
366920f1-395f-48a3-b906-f563897679a1,shot_noise,s4,4,0.536113,0.694738,0.708741
3670ad19-82b4-4124-9d1a-65f415e09e00,fog,s3,4,0.540343,0.620621,0.915006
367724a7-6fa6-45f4-92f3-349a44ead06c,gaussian_blur,s5,0,0.387545,0.450963,0.754661
36781ac7-5231-4f61-b952-5478a0cd2dbd,gaussian_blur,s3,0,0.718936,0.817887,0.938638
367a4abe-6b25-4cdf-9212-59d02074c51b,clean,s4,5,0.762647,0.860932,0.897061
367c6d87-1c5c-46e9-9a69-6a524c81efa3,fog,s3,2,0.452081,0.498009,0.870992
36901c3d-502b-456b-ac44-3c8c4cb21def,gaussian_blur,s5,0,0.618242,0.762082,0.772533
36910c8f-d9a6-40ef-a8f2-3b0ec2cfde15,shot_noise,s3,2,0.674167,0.780841,0.917325
36952d85-7051-43d9-8b14-de59c2ae72df,clean,s3,3,0.700985,0.796646,0.959760
3695e090-751c-4804-ace3-94dbe1ab8de8,clean,s5,4,0.668344,0.798043,0.816875
3696c70f-b859-4cdf-b249-18921b593680,fog,s5,3,0.664614,0.795387,0.813835
36a44710-7108-409b-93db-a616b6c7ccb6,gaussian_blur,s4,1,0.319585,0.475459,0.501363
36be1bad-4b0b-4a4f-9246-907aafcdf381,shot_noise,s3,0,0.603924,0.706190,0.912577
36c38c0c-d33e-4c57-9742-5da836e88deb,shot_noise,s5,1,0.717470,0.834675,0.840462
36c8b140-8850-4eb0-b92c-d8dbe034dd23,gaussian_blur,s5,0,0.650110,0.787541,0.789931
36ca9b52-9273-44c4-9074-3611584751be,shot_noise,s4,4,0.195415,0.316961,0.341552
36d09420-4719-4824-96d8-497c953aca60,fog,s4,0,0.445754,0.598773,0.661167
36d7625d-df84-4090-89aa-4ec365bfe7ab,gaussian_blur,s4,4,0.528900,0.631805,0.855003
36dcacad-b06f-4702-8244-3e620df4c5f1,clean,s4,5,0.787343,0.878996,0.897749
36e07fee-a877-4d24-8f53-f356890bcf6b,shot_noise,s4,4,0.595204,0.733566,0.793819
36e7117a-4319-4128-902a-f5a1e0eaeccc,gaussian_blur,s5,5,0.640726,0.777339,0.797592
36ef3ab0-acc9-4538-a90c-7e5be5968439,shot_noise,s5,3,0.458341,0.628000,0.630133
36f6dbe1-0483-4028-af6c-5ca1466b5075,shot_noise,s5,2,0.786385,0.878839,0.893472
370a46fa-d379-4434-86c7-53ada02c7f23,gaussian_blur,s5,0,0.400371,0.537122,0.646740
37102b2e-74d3-4676-82ef-74ae743dd6fc,gaussian_blur,s5,3,0.600738,0.729626,0.828064
3711c1be-14b7-4b47-be4e-db1e268045c1,clean,s5,0,0.801688,0.889926,0.889968
371bca3d-f349-4865-906a-7606082b2157,fog,s5,5,0.404942,0.573358,0.583712
371f7b3d-5647-4ec7-bc3a-abed0eb7c805,gaussian_blur,s5,4,0.651081,0.788654,0.788757
372680a8-9880-46b9-99cc-dba6d0338247,shot_noise,s5,2,0.631165,0.773676,0.774795
372b9cf6-1dbb-4dff-99ce-be195af363e2,clean,s4,2,0.746484,0.852406,0.871344
372ee465-f590-496e-850b-9e06f0536533,shot_noise,s5,5,0.762786,0.864031,0.875733
3741a96c-3ea9-4f42-9002-9de0ef63e29d,shot_noise,s5,2,0.593809,0.741227,0.760284
3746adb3-6a02-4e24-b38f-2b837e36c065,gaussian_blur,s3,5,0.224090,0.352185,0.387662
374771a4-8248-4ac5-bdcc-bc0d00e6d439,fog,s5,5,0.621420,0.765216,0.772037
374b0608-dab0-4f94-91d9-891bf3790b66,clean,s3,1,0.517648,0.633522,0.814919
374bb378-c25b-4b9e-b595-be561d3e3698,clean,s3,4,0.471300,0.485226,0.942601
375023ae-c684-45e9-8bf2-289cc660e7c7,fog,s2,0,0.483039,0.491373,0.966078
375328e0-b486-4e89-a196-10df5f3b1275,fog,s3,5,0.445842,0.539208,0.784944
3759e1c3-4b6f-42d3-8140-ab358b9c3ccc,clean,s5,0,0.764261,0.865963,0.869502
375f6898-36d8-4715-987d-44cbcb76592c,shot_noise,s5,0,0.384270,0.548802,0.569365
376902a7-ed43-47d7-8f7d-8f1886746dad,clean,s4,3,0.672937,0.799071,0.831504
37736790-8212-4368-9d72-0ff0da20efcc,gaussian_blur,s4,2,0.472064,0.605055,0.733296
377c75df-73d3-4573-89b6-9a97a2295b89,gaussian_blur,s3,1,0.541536,0.646673,0.860859
37940399-d099-4402-8182-c2f61c5a3e6d,clean,s5,1,0.246455,0.332474,0.489792
3798725d-c5e1-477c-96da-16e046e214b5,shot_noise,s5,2,0.496892,0.663794,0.664208
379a1e32-0b08-487e-9667-1d75fd5b0741,clean,s2,3,0.527111,0.612579,0.891045
379ae15c-a366-46f3-b725-45221e777a19,fog,s5,2,0.504767,0.669430,0.675309
37bb8b07-ab8a-4a17-b4bb-4accf867b5ad,clean,s4,1,0.677343,0.780556,0.931050
37c3b242-523c-4201-9b2b-655d757f1458,gaussian_blur,s5,4,0.753955,0.857691,0.873979
37c6d918-b60f-43d5-91b6-1e7f8002ce32,clean,s5,1,0.310687,0.403923,0.591787
37cd7940-ebc3-474c-91bd-1c7c0b216a98,fog,s4,3,0.216507,0.355452,0.356720
37d6c726-2d85-4fe8-88b0-c4dc3a3d1671,clean,s3,3,0.725315,0.816245,0.974370
37d873a5-e021-437c-bf50-2a99e17da2b0,gaussian_blur,s4,1,0.701018,0.812147,0.888571
37e00480-8a43-434e-8ca5-fe471285a9fe,clean,s5,1,0.572790,0.727178,0.732762
37e20d60-7c2e-47c0-a05e-60a7a4fc127e,fog,s4,5,0.657586,0.790297,0.808347
37f08faf-1ea9-4aef-ade8-8c85d54ab2e5,shot_noise,s5,1,0.461401,0.612876,0.679429
37f8de28-396a-4793-9185-d84d552ceb4b,gaussian_blur,s3,4,0.491001,0.618346,0.764144
37ffb60a-3613-4295-9d3b-aefdd682f05d,shot_noise,s2,5,0.433794,0.485533,0.837509
380898f5-b284-4c9b-9728-152310f3fe59,shot_noise,s5,0,0.618242,0.762082,0.772533
38251790-ef28-440f-bdd4-1505559c2fe8,gaussian_blur,s4,1,0.712886,0.819754,0.902428
38308aad-4f53-4666-9b7c-bf586e4dcf41,clean,s5,4,0.732228,0.843709,0.856349
3838ad78-e509-4879-839a-079cea865416,clean,s3,0,0.524962,0.619522,0.869765
384d5b28-7fa5-4223-839e-2a19ea6e27b1,clean,s4,2,0.479288,0.613564,0.737105
384e9b58-0c62-47d5-be89-49a87afe1378,clean,s2,3,0.483883,0.491809,0.967765
38599bc4-48ff-432b-ae47-9ab593d403eb,gaussian_blur,s4,3,0.398273,0.553496,0.605874
3861f049-7ef6-49a9-8362-605654f9f075,clean,s5,0,0.828686,0.906317,0.906331
386b0c19-5ec7-44e6-a672-54a08bb4e1a1,shot_noise,s5,5,0.769394,0.869668,0.869677
386e5715-f770-4c8f-bb68-9e84c7ac5243,fog,s3,3,0.496267,0.591547,0.839109
3880ee2a-31fd-4ec5-ab71-9666a894f115,fog,s5,3,0.657389,0.789981,0.809003
388253ee-02d8-408e-96b4-28ee8dd538ef,shot_noise,s3,2,0.448385,0.474562,0.894331
388bfedb-ce38-4d02-ac6b-6dbecd5ab9ed,shot_noise,s4,0,0.530744,0.642108,0.836891
38996d2f-b854-47c9-90df-534d6c456426,gaussian_blur,s5,0,0.696140,0.817946,0.836817
38b2f25c-e103-492d-a6a9-3c42180a9665,fog,s5,5,0.495486,0.641700,0.721091
38b50d3c-8ca0-4179-b8b3-64642ff0ac17,fog,s5,5,0.750075,0.856088,0.864863
38b82e42-8bfb-4c8a-9c93-07610a02e2ec,clean,s4,3,0.685179,0.798004,0.888325
38bcb673-80b9-4c35-a22a-f7f7a2375959,shot_noise,s4,3,0.652119,0.775896,0.849840
38ca0360-c156-4961-8ba7-438b106e50d6,gaussian_blur,s5,1,0.593454,0.744531,0.746175
38d0a710-3f8e-4237-8692-90008eb87927,clean,s4,4,0.226763,0.369688,0.369701
38d9fb2a-2a3f-4c87-95b0-f652d980ee78,fog,s5,4,0.387132,0.558012,0.558549
38e1c53d-d1a0-42b0-a561-3fcd7077702a,fog,s5,4,0.575650,0.725699,0.748853
38eb262a-ddfc-4f13-82ad-81d9e8a1df89,gaussian_blur,s5,2,0.540364,0.698090,0.713253
38ff55a2-414d-4e3b-955d-39025523ae60,fog,s4,1,0.652154,0.787722,0.797643
3909a3ea-6d94-4f7e-bb3c-5b0628859769,shot_noise,s5,2,0.675818,0.806516,0.806743
39117a4f-7d35-479d-9b08-6a6a604ea818,clean,s3,0,0.326860,0.449520,0.571090
391fdc56-a06a-4dd1-876e-8c615a5630d1,clean,s5,3,0.396588,0.527225,0.654055
3920dc86-c340-49f7-a3b7-2a97d63138c7,shot_noise,s3,4,0.447129,0.472089,0.894258
392142dc-2f78-47db-9b76-a33bf8baa1e0,shot_noise,s3,0,0.387220,0.522926,0.632347
39221120-114c-4f12-8b17-a2d0fd2102fd,fog,s5,4,0.577770,0.726649,0.753381
3922bc28-7690-4bf0-b28c-eca7965c787b,clean,s5,1,0.425008,0.591030,0.609874
3936601c-a096-4464-9eb1-9ce5e59ebd33,gaussian_blur,s5,2,0.545174,0.699253,0.726912
394d9faf-8565-4f25-bd6b-48311e75527d,fog,s5,4,0.702080,0.821700,0.843291
39607156-6934-4c24-b2fd-0c1d784931bd,shot_noise,s5,1,0.354913,0.435159,0.680981
3980d7bf-aa6a-4d04-b6c0-f81c06d33a9f,shot_noise,s4,5,0.596151,0.713111,0.865063
398f2dcf-60d0-4ac0-b079-ada9a1173aea,clean,s4,0,0.572826,0.698268,0.828276
3993d323-5fd8-450c-8a6b-672aadca84d2,shot_noise,s3,3,0.757516,0.844220,0.976357
39961e6f-3dd1-4f6a-b136-9fbcc05d895a,clean,s2,4,0.423383,0.458651,0.846575
399b6569-4518-452b-a7eb-1e92994df20b,shot_noise,s5,1,0.810454,0.894992,0.898283
39a1d743-ae6a-42cb-b201-a6b6c826afdd,fog,s5,3,0.384674,0.555233,0.556480
39a28e29-14f9-433c-816a-8619dd25f000,fog,s5,5,0.560433,0.716065,0.726192
39b02a03-7d08-461c-a043-562e3d6dce08,fog,s5,0,0.600585,0.734796,0.809509
39bab4e7-9442-446f-9e74-da9cab81f07d,fog,s4,4,0.287415,0.417810,0.495777
39bd1c5b-3fef-41a6-acf1-094e6f2f9cbc,fog,s4,0,0.410079,0.581565,0.581819
39c32568-aecd-4f28-aad2-d30936cd22ba,clean,s4,4,0.771875,0.869254,0.886533
39d489f2-a4b2-431a-a38f-4915e868e627,clean,s5,3,0.723430,0.836967,0.855204
39e0e37e-c764-42bc-afdd-83e64d29a07b,gaussian_blur,s5,1,0.514084,0.663200,0.726188
39e5d30c-dbc0-4e45-9d8d-24d97d2ce6e9,clean,s5,3,0.484906,0.635032,0.702657
39ed4d67-0840-4b9a-82d8-c6e0d1f39773,gaussian_blur,s3,4,0.387023,0.529343,0.619083
39efba4c-eb31-4745-a372-04c5f9ddee7f,gaussian_blur,s5,0,0.663452,0.792383,0.823200
3a041d23-6386-4194-b637-a0aa4ed5b91e,fog,s2,2,0.766744,0.850991,0.981947
3a09a9d8-74e8-4b48-bacc-7915af696bf3,clean,s4,3,0.522003,0.682190,0.697748
3a172a15-6257-49e2-8425-7ca63b36a02f,clean,s4,0,0.577624,0.722165,0.768644
3a29f7db-c841-4502-be87-613038a71584,gaussian_blur,s5,3,0.783164,0.876562,0.893280
3a2c7b13-1faa-4099-8fef-c2b94c4c733b,clean,s4,1,0.389446,0.557995,0.566418
3a55d360-a087-4e7a-9807-a823c27d78a3,fog,s5,4,0.458675,0.615756,0.663083
3a84e920-40ef-428b-a557-c9228c3e3d55,gaussian_blur,s5,4,0.212429,0.328556,0.382980
3a9038e8-6cfb-4564-ac4f-140e07283139,shot_noise,s4,2,0.657558,0.781137,0.849459
3a97983d-7223-4ffd-95b3-19812721a101,gaussian_blur,s3,5,0.646796,0.742624,0.952192
3a99a6e3-6883-4f10-8e11-1c504a4ab845,gaussian_blur,s4,5,0.620068,0.748560,0.832791
3aa4da3f-720a-4979-9c71-01903db60a44,fog,s5,1,0.523839,0.684898,0.695866
3aad0945-5264-4784-9122-824b9a87ed4c,shot_noise,s5,1,0.676112,0.782996,0.916283
3ab58c84-02f7-432c-a393-7eebfd41670d,shot_noise,s5,1,0.518282,0.656898,0.757986
3ab80fbb-26f3-4861-916e-87740e56709b,shot_noise,s2,2,0.587350,0.677966,0.932789
3acac5ba-dbca-470a-a5d3-a2e0bbee1702,shot_noise,s4,1,0.788048,0.874346,0.938096
3acc633d-3869-45f4-a93f-a59e7e025b09,gaussian_blur,s5,5,0.519003,0.681196,0.690091
3b05f67f-5008-46f6-b9d3-4a60b3d0c6ea,fog,s5,2,0.608398,0.756527,0.756529
3b06f9a1-556e-41e5-a2f9-748ea32e0201,fog,s5,0,0.633503,0.775525,0.776138
3b2e012a-9937-4624-b2a4-68cf435e0f49,clean,s5,4,0.673789,0.804681,0.807285
3b35ef63-246f-40c8-93e0-b454cbc3022b,shot_noise,s4,0,0.303910,0.394189,0.584940
3b469430-23fa-4578-8961-d75d133e3b46,fog,s4,3,0.648326,0.753550,0.920948
3b58c002-4332-456e-900f-f33d0cf9447f,gaussian_blur,s5,2,0.414021,0.563415,0.636395
3b5de8b8-bfab-4f75-9302-dd79f26665a9,gaussian_blur,s3,2,0.489211,0.615114,0.765853
3b668366-9c16-4789-b335-978b96ba1255,fog,s5,3,0.188842,0.292061,0.353893
3b7e7f93-a158-4b20-b034-3b49c4996fcf,gaussian_blur,s5,0,0.706963,0.826829,0.836987
3b87f9bc-0ba7-48f1-a526-2d6f3898b1f9,gaussian_blur,s4,2,0.786294,0.877600,0.902940
3b8e8a38-9979-41b0-a130-458b593bb7d4,clean,s4,3,0.727551,0.829642,0.916549
3b90a3cc-849f-4daf-81e0-1c0014bf8ebf,gaussian_blur,s3,2,0.334669,0.469280,0.562213
3bba5a76-af8b-4b05-ad2f-467a17d125b7,clean,s5,3,0.723782,0.838283,0.848895
3bbc3f5e-795d-40b8-9aa8-9a968464bf68,shot_noise,s4,1,0.445732,0.471309,0.891465
3bc03461-1765-4c56-a77d-2e906b358623,clean,s5,5,0.374040,0.538627,0.557035
3bc17a93-9ac1-46d7-8ff3-11dfa2af10c2,shot_noise,s3,1,0.584007,0.710576,0.829988
3bc6c990-4dd5-4ab3-86d5-6fc91f6ba01b,shot_noise,s5,1,0.711587,0.830660,0.836415
3bc70353-ea0d-41bf-959f-3d7158f25ce5,clean,s4,4,0.687973,0.801508,0.883862
3bc73009-a997-415c-96e3-edb14f2eb6e8,shot_noise,s4,4,0.213745,0.351990,0.352544
3bd0b14b-61ad-41e4-93d8-7dd23141dcbf,shot_noise,s5,4,0.760232,0.861605,0.879541
3bea7964-c2a4-4292-97e9-fbce3a1ba4cf,shot_noise,s5,2,0.424855,0.573512,0.649893
3bec78c5-b5ae-4b55-8d97-d98b1836ee86,clean,s3,5,0.716118,0.815593,0.937534
3c15bcc8-31fe-4768-a026-5c1182869204,shot_noise,s3,0,0.549539,0.657204,0.861248
3c4d5b67-6d12-4eda-979e-c6fd3a62538f,gaussian_blur,s4,3,0.516802,0.632348,0.814955
3c4f47e8-8d56-4df3-955a-e3284fc7adbd,shot_noise,s5,1,0.232782,0.321738,0.460091
3c50ed48-f5c2-4f35-bee8-a7c8c31ec3cd,shot_noise,s5,1,0.356834,0.515225,0.548165
3c5d7850-48de-4e0a-9d20-2ff196da28ab,gaussian_blur,s5,4,0.404063,0.564148,0.601749
3c5de7f8-8c04-42b8-a038-23333ea8694a,shot_noise,s4,0,0.638207,0.768515,0.825109
3c6ca9dd-7e71-4df3-a499-424f25717342,shot_noise,s5,1,0.489052,0.653586,0.666327
3c708a9d-27bf-4a8a-89fb-b823db3a1316,fog,s4,0,0.693916,0.803272,0.900800
3c755eb0-3063-42d0-aa11-d25e594bb843,gaussian_blur,s5,0,0.598857,0.745967,0.761461
3c7ce285-98dc-4059-a7db-61387126b4a9,gaussian_blur,s4,5,0.411573,0.525817,0.704030
3c89e4e7-56d4-4603-bc65-cada2e42cbc7,gaussian_blur,s4,4,0.244426,0.390761,0.396235
3c917a99-25f8-4092-bfe5-b4b72daa1265,clean,s5,0,0.562428,0.702960,0.777109
3c9ce4f2-e441-47b0-96ba-c6fdce66e5f3,fog,s4,3,0.387441,0.523572,0.631803
3cbc25e7-4d89-4f09-af52-fcfcaa5fde8f,gaussian_blur,s5,3,0.610807,0.758222,0.759067
3cc100a3-4316-41c3-8018-bfefb767f08c,clean,s5,4,0.752353,0.853601,0.893355
3cc79791-86f2-4b95-a71c-ad29036a985a,clean,s2,5,0.485117,0.492446,0.970235
3ce50ef9-879d-4142-ac72-9972687b82a9,fog,s5,2,0.485553,0.653428,0.654485
3ce87a86-377e-4d96-a95e-55377f2f5237,clean,s4,2,0.811254,0.890260,0.946211
3cee854e-f05c-4906-8737-de4e1c50f75d,gaussian_blur,s5,4,0.484405,0.649803,0.660814
3cf10aaf-1710-4adc-8448-6638f3217116,fog,s4,0,0.570097,0.721102,0.744450
3cf11429-e2f9-4043-9911-cea232085b7d,gaussian_blur,s3,3,0.615319,0.730329,0.878760
3cf6159f-1761-4f77-a76a-eb23b4585bcf,gaussian_blur,s4,1,0.634794,0.766417,0.820219
3cfabea1-2b9f-4aeb-88d1-2044646ac0fe,shot_noise,s5,4,0.815423,0.897212,0.909189
3d089167-dae1-4303-9a38-848c67b35e10,fog,s4,4,0.501311,0.596519,0.844571
3d0a1ac2-a9c3-4273-bc38-da994e75c3ef,fog,s3,3,0.493309,0.576810,0.858907
3d160e84-1d7a-41d2-919b-87b84399607b,clean,s4,3,0.337312,0.402851,0.674624
3d1e4a01-fcf8-480d-acb0-e276eb860107,shot_noise,s5,1,0.542750,0.700379,0.714411
3d2f45b7-a2bb-45e2-846f-b5c4f13ba4d1,shot_noise,s5,3,0.243979,0.374563,0.420543
3d34cf95-d4ca-4a9a-9321-80d0a43518cd,clean,s4,2,0.764698,0.860913,0.907994
3d3700ec-5152-4086-90bd-0504d0eaf796,gaussian_blur,s4,0,0.796985,0.883364,0.918415
3d4e31b1-960e-4ed5-9bdb-08a661805b95,clean,s4,0,0.354714,0.513750,0.544082
3d4f4773-fc39-48fe-a50b-761703ac33de,clean,s5,0,0.664934,0.797340,0.805715
3d5022bf-9b37-49b4-a244-d7c45370b566,clean,s5,3,0.586334,0.718033,0.814413
3d51abbb-960e-419e-8eff-904c9e0fac8c,clean,s4,0,0.766926,0.858533,0.935648
3d52b508-a72e-4d6e-82f3-c93422c68e0c,fog,s4,5,0.586579,0.711457,0.836357
3d572bb0-e58e-4dcf-9a34-e684c3f00e39,clean,s4,0,0.640364,0.768993,0.831691
3d575850-3708-494b-8a8e-4b9162c51eb1,clean,s3,5,0.387220,0.522926,0.632347
3d58eb4e-fcd0-40a3-8afb-06cbb7512217,shot_noise,s4,2,0.583282,0.719928,0.797045
3d6479b8-6674-4134-9e49-8ff212fa8750,fog,s3,3,0.594720,0.695739,0.910597
3d6a946e-2abf-4fbd-a5bc-1540a52a6e37,fog,s4,5,0.181187,0.304707,0.309780
3d6c30e6-9e43-4862-ab65-b3ea56a60282,fog,s5,0,0.646414,0.784359,0.789317
3d70b423-ba90-4736-bc06-461bda05c13e,gaussian_blur,s4,5,0.555013,0.647386,0.902288
3d70e648-c15e-49e5-afda-fc5959888eaf,gaussian_blur,s5,5,0.685089,0.806643,0.846610
3d716b77-83bd-4487-a741-2ed8c557f3a4,fog,s5,2,0.308845,0.464296,0.486195
3d82d747-e9d9-4b53-a64e-204a955f7ed1,shot_noise,s5,0,0.456416,0.621674,0.640224
3da78757-977c-4435-bf21-d5cc25583802,clean,s5,3,0.389402,0.557131,0.568209
3daa84ac-b859-4cd1-ac11-631783210616,gaussian_blur,s3,2,0.698232,0.798770,0.939259
3dab0f29-2557-42d5-9085-ffd0248074ff,gaussian_blur,s4,0,0.562669,0.653934,0.911446
3daedc42-d9c0-4056-b84d-f39223361b70,fog,s3,0,0.736167,0.830657,0.950669
3db7522a-2758-4fc3-aea3-335a4561961e,clean,s4,3,0.540750,0.684430,0.757387
3dbb0be6-c704-4d1a-b89e-3cc9058747ef,shot_noise,s2,4,0.579160,0.649561,0.973039
3dbd6f3f-e94b-4e47-a8b0-a19d1e316a15,clean,s4,1,0.670463,0.794819,0.841272
3dbe4cd9-d7f0-4edf-9fef-97546f7fcab8,fog,s4,5,0.450368,0.612956,0.641925
3dbf193e-f9c6-4984-bb41-3278a3825f3e,clean,s5,5,0.517395,0.654101,0.762469
3dc1fa4d-d9e3-440a-a974-146831ec7acf,fog,s5,3,0.637789,0.778822,0.778928
3dc9ffc3-d84e-44e8-b9bb-2fd57d344deb,gaussian_blur,s4,4,0.505419,0.668649,0.679969
3dcde241-6ff6-4c1c-a04d-ac924c52fc4b,fog,s4,1,0.290869,0.421406,0.501210
3dd025fa-58c1-4145-8ce5-7b1842703594,clean,s5,5,0.824431,0.902454,0.917237
3dd19454-382a-4586-a5b2-149550ee75b7,gaussian_blur,s3,2,0.464684,0.505827,0.894933
3dd7a69d-7729-4f94-93a9-7380aec0d8c7,clean,s4,5,0.609915,0.728829,0.864160
3de5a580-3757-43c1-b437-d934a1cd800b,gaussian_blur,s5,4,0.566014,0.717650,0.741367
3dfa4f44-a1f1-4f65-834d-0bd140f35b93,shot_noise,s4,1,0.636920,0.767514,0.824128
3e033cdd-bac3-4cc6-b133-f15923af059c,shot_noise,s5,2,0.779825,0.876126,0.877653
3e093377-2c07-4374-863c-f212817b6a5c,shot_noise,s5,2,0.760659,0.861999,0.879008
3e0a8308-4306-491d-ae30-165a15430e02,fog,s4,4,0.394698,0.565511,0.567117
3e0fa28b-cb9c-4904-b3b1-f2274fb6c817,clean,s3,0,0.407220,0.532319,0.678054
3e144f47-075b-4074-baa2-50aef2ed6fd9,shot_noise,s3,2,0.634322,0.729305,0.949678
3e17cd32-23f3-439f-8d1f-4f6a24798c3f,clean,s5,1,0.627848,0.765371,0.797009
3e1c3573-e66f-4c35-9be8-eae6c676c091,shot_noise,s4,1,0.223760,0.363097,0.369768
3e4b43eb-91f5-4f19-9214-24957daf1f8c,gaussian_blur,s4,2,0.414515,0.579246,0.602348
3e55f4bf-035b-4126-8ad5-5a1ca66384bb,shot_noise,s4,5,0.792778,0.877372,0.941826
3e60a559-1101-4d14-b71a-f54e92c74c82,shot_noise,s5,1,0.741540,0.848317,0.873177
3e6684b9-bf86-4153-b5c6-ece4387a8ec7,clean,s2,5,0.466533,0.482687,0.933066
3e7e6784-2363-4922-9f78-3a5215404af1,shot_noise,s3,2,0.575192,0.679126,0.889840
3e82f4fb-6d0b-46d3-a710-76086eff06b6,clean,s5,0,0.598857,0.745967,0.761461
3e85e3e9-61b3-47d8-95a3-3e43886498cd,shot_noise,s3,1,0.545779,0.610826,0.951104
3e8b24a4-f32e-4b32-bdc9-a3607d46405e,clean,s4,2,0.479151,0.645919,0.653392
3e906568-8df3-4111-8104-64c307866371,shot_noise,s5,4,0.436508,0.606826,0.610048
3ea6fed8-5133-436d-a2b0-abf38246b2c1,clean,s5,4,0.621925,0.766060,0.770475
3eaa268c-03f8-4dd6-bad0-124d0a2ee503,shot_noise,s4,2,0.681531,0.799738,0.864884
3eaae343-f5d7-4c5b-afbc-d249b6c96363,gaussian_blur,s5,1,0.703424,0.825867,0.826048
3eaf91a0-8d29-4814-aafe-e189d5154c81,gaussian_blur,s4,3,0.471143,0.617798,0.699946
3eb02bf9-3d9c-4a18-b400-77218ac15a9a,fog,s5,0,0.615072,0.754396,0.791264
3eb0cc40-f18f-47e6-81b8-0083b7a4421a,shot_noise,s5,0,0.509864,0.675310,0.675584
3eb7e617-42b8-48ec-982d-02616973baef,clean,s3,4,0.544981,0.652743,0.857370
3ec13eee-831c-46c5-a666-81e79cacd8eb,shot_noise,s5,4,0.628757,0.772018,0.772293
3ed9a6df-77d8-4aea-9178-977d6315a1d9,clean,s5,4,0.445560,0.615610,0.618647
3ee9854f-6f6b-4a42-b84b-050f698e440e,gaussian_blur,s5,5,0.609783,0.751812,0.780905
3eea31a8-43c9-4f12-a2d7-b076bece2bc2,shot_noise,s3,3,0.582566,0.692364,0.878821
3eef693f-ac39-48ef-935e-7957412df7c4,fog,s4,3,0.648946,0.778820,0.824555
3ef79a17-c7c1-4d7b-9870-1a46492b85c3,shot_noise,s4,5,0.739560,0.840968,0.908859
3ef91493-5c0d-4318-bc8c-3def84d9cc8a,fog,s4,2,0.405277,0.555507,0.624680
3ef9e639-b7e6-405c-8895-935e1a6495dc,fog,s5,4,0.582438,0.720046,0.793569
3f0a1f61-d092-489e-b981-07a7eecc27f1,shot_noise,s5,2,0.677941,0.807393,0.811544
3f0af2df-d3a5-47a1-8ae5-b99275daaf4c,gaussian_blur,s5,2,0.522011,0.685638,0.686939
3f0c56bb-4ed2-4491-aeb3-b3965d4a70a1,gaussian_blur,s3,3,0.441143,0.542502,0.764587
3f1440f2-bd9b-4f69-b2fc-36e6a3d022a8,clean,s4,0,0.724748,0.827516,0.915168
3f190b58-1ed7-41ec-b808-c9690c632335,shot_noise,s4,3,0.613881,0.757421,0.774480
3f192872-522c-4214-8b1e-85d8af6ab8e9,clean,s2,1,0.411855,0.489614,0.767226
3f27d75d-05e2-405b-8009-372a01e79e28,clean,s2,3,0.474448,0.486889,0.948896
3f2d5b7e-4dcb-47bf-84a3-71e3fb8944c3,gaussian_blur,s2,5,0.412133,0.451835,0.824267
3f4b8f56-fe37-4c9a-b8ae-8864c16d585e,gaussian_blur,s5,1,0.702947,0.820381,0.854427
3f55c999-186f-456b-a6b2-e715f5785f1a,clean,s5,2,0.664934,0.797340,0.805715
3f5bcf0e-04ef-43f1-bc5b-457f043862ba,gaussian_blur,s4,1,0.261220,0.412415,0.417328
3f649495-81d9-41a3-aca7-fb2cad1f9330,clean,s4,3,0.639291,0.766697,0.836811
3f76e6ce-46a7-4f0e-90e3-50aef6574829,clean,s3,2,0.534234,0.596907,0.943285
3f9d531c-433b-415e-b542-8029bfac24ae,clean,s5,5,0.726543,0.840146,0.850811
3f9e8c8c-149d-40cb-8c63-a472b8ca7419,gaussian_blur,s3,1,0.459268,0.565473,0.776683
3faa9a19-2c06-4373-992f-6be3635519f7,clean,s4,0,0.476035,0.632370,0.679424
3facfa91-5c92-481a-8c8a-592fb8c17c79,clean,s4,1,0.522835,0.684005,0.695061
3fb564ca-9a1e-4daa-9449-37f39d06e6cf,gaussian_blur,s3,4,0.591224,0.697212,0.894677
3fb81cdf-8812-4d58-b0a9-297d8869e690,fog,s5,2,0.357302,0.524511,0.530645
3fc2e9de-f79f-4196-91b6-83d7c0ec2b0f,gaussian_blur,s3,5,0.285933,0.393303,0.529440
3fd009dc-4cb3-461d-a594-caa41921b156,fog,s1,2,0.359677,0.437306,0.692128
3ff7d11a-8d54-42f5-abdb-25a7817d35d6,fog,s3,2,0.473952,0.486628,0.947904
4007f91f-bec5-48a3-9129-de7790123d08,clean,s4,1,0.737773,0.840294,0.904251
400931cb-e9f1-4e4a-a5ac-d5c194c362e2,fog,s5,2,0.453279,0.623781,0.623856
400e74be-a1b5-463f-a01d-13ac602c1b7d,clean,s4,3,0.665584,0.782046,0.878018
402203ec-40fb-4f57-a089-3de7db94686d,gaussian_blur,s5,2,0.461957,0.631036,0.634505
4026fe7e-ff35-413b-a294-3967625d1570,clean,s3,5,0.559600,0.652213,0.905685
402869b1-9a42-48e8-8d0e-d5dcfa1128c0,gaussian_blur,s2,2,0.703347,0.794267,0.979312
402e208d-fa9a-43aa-92ad-7cf320d16d28,clean,s3,3,0.765334,0.851076,0.974469
40376d4f-6242-42c8-8694-6e8f8791b4a3,shot_noise,s5,4,0.750931,0.857125,0.862126
403e9526-1227-4da7-a90d-89f07be3b58e,clean,s5,0,0.502113,0.641358,0.744341
4044c293-b230-4c09-8848-0c41e70efbaf,fog,s4,2,0.572333,0.718041,0.763340
405159b4-050d-4081-8716-2d36832c63f6,gaussian_blur,s5,1,0.752593,0.858661,0.860059
40538a28-32fd-4d78-9a6c-e2273993d088,shot_noise,s5,0,0.336934,0.463717,0.579228
4056a647-dde3-4080-ae35-8137ac554bfc,clean,s4,5,0.245772,0.391474,0.399658
406c0a8f-000b-4d1a-ac75-ee53b10ae55b,clean,s3,3,0.736167,0.830657,0.950669
406cbdb6-dbf1-4a9c-b625-7d57a0a2c213,fog,s4,1,0.506110,0.658318,0.712341
4076efbe-cf62-4aa4-a3eb-bafd1e4510b3,shot_noise,s4,5,0.611330,0.751947,0.786373
40888912-1dec-47a7-892d-76659fba44ba,fog,s5,5,0.660446,0.794238,0.801659
4095081f-ccd7-47e8-831a-19a360884ba3,clean,s5,2,0.774778,0.872850,0.875048
409ce50a-dedb-4f3d-a2ec-69ffc8214f0c,shot_noise,s5,4,0.235178,0.322214,0.467237
40a8d5c2-545f-4fa2-a501-1d57af4a83ce,fog,s4,1,0.540627,0.666045,0.808976
40b2c818-2a59-425b-8f08-de19da04efd8,shot_noise,s4,5,0.560142,0.691226,0.804987
40b311e5-cc40-4b47-9e1d-11601145cdf0,gaussian_blur,s5,3,0.422827,0.586798,0.612621
40b5cd29-40e0-4d0e-8fb4-b74b1990da8f,gaussian_blur,s5,0,0.775452,0.873475,0.873936
40bdb9ec-2d85-4a23-8b37-f075fa94fd18,clean,s5,1,0.683335,0.808896,0.827509
40c915e1-9c3d-40ec-ba88-2fa735ffe9dc,shot_noise,s5,0,0.484906,0.635032,0.702657
40dd216f-d1f6-4756-a861-7507fe2cd684,fog,s5,5,0.514216,0.655870,0.746933
40e16bea-4e88-496d-853b-6178fc478521,clean,s5,2,0.399135,0.562630,0.588643
40e260fb-ceea-4519-b89b-2c3ba44ad165,fog,s5,4,0.404882,0.514639,0.703627
40f55586-c817-402f-9b92-8ca6a4b8fd99,fog,s3,3,0.425964,0.535755,0.730311
40f69bb5-8b8b-4f65-98a8-d56fda917f9b,shot_noise,s3,1,0.678389,0.783240,0.924368
4106bd2d-fddc-4137-9e3c-33a254e4566a,gaussian_blur,s4,3,0.478378,0.612963,0.735536
410ef544-908a-42df-9a7b-6831a80f3d23,shot_noise,s4,2,0.581577,0.714708,0.808107
411e1e34-c222-4e61-ba3d-91fdc58a1405,fog,s4,4,0.668000,0.790912,0.849009
4124b4f8-6d9a-4c57-913a-4e427c5312e2,clean,s3,5,0.518930,0.578575,0.931748
412832ed-271f-41f5-a271-43f2154b5843,clean,s3,2,0.544653,0.636580,0.894059
412964a5-92a8-492a-a367-2b160a8ce1c9,gaussian_blur,s3,2,0.228630,0.354908,0.398929
412dc992-edad-49e8-bd13-08df7502a9fd,fog,s4,5,0.393803,0.544147,0.610991
4131f4a9-b9ed-49d3-8a44-aca14eec2455,gaussian_blur,s5,4,0.590565,0.740135,0.752011
413e2fb9-3663-49f4-a779-c5e651ede773,clean,s5,0,0.774893,0.872277,0.880171
413f466c-3b0c-4a7a-9d3a-6cb9377997c9,gaussian_blur,s4,2,0.338104,0.502042,0.511989
413fa869-96f5-49e7-82ac-99e308c5a99a,gaussian_blur,s5,5,0.566052,0.722889,0.722955
4144dca5-3d91-4756-aa1b-e5aca03a87f4,gaussian_blur,s4,5,0.682405,0.791566,0.905544
414a11f9-d797-4cff-8356-108db896c004,gaussian_blur,s5,4,0.732681,0.844552,0.853231
414e6da5-1f3a-4e5b-abee-31ca30ff3b36,gaussian_blur,s4,0,0.765536,0.865489,0.879920
41613e44-6918-4deb-91e3-12cdba37e1f4,fog,s5,2,0.358145,0.478799,0.620656
4181c67b-921a-4145-9263-f08ed36b3869,fog,s5,0,0.768449,0.866922,0.885171
418411cb-efeb-4f31-8350-bcd29bda8eac,shot_noise,s5,3,0.572578,0.718946,0.761137
41855dd5-9882-4722-aa4d-7d8dd59db079,clean,s4,3,0.410079,0.581565,0.581819
41872ece-58b3-4f60-867a-321594aeb754,clean,s5,5,0.337558,0.497576,0.518992
418b539b-832b-49ed-b695-1e068016a5ad,shot_noise,s4,3,0.627173,0.760542,0.814027
419e50c1-a000-4021-b2c7-26822ea6ad7c,shot_noise,s3,2,0.625377,0.726332,0.927313
41aac206-f2db-47e9-aefc-5b4a655ea329,clean,s3,3,0.638782,0.731174,0.959652
41ae95c6-ed62-442e-b1bd-e2f3176f9ae5,clean,s5,5,0.633017,0.772381,0.787979
41c297d0-a5a4-457e-9325-d0880b99b5e6,gaussian_blur,s2,0,0.424441,0.500558,0.786918
41c63c01-dfac-4463-88e8-e7d2b342f0b5,clean,s4,5,0.728649,0.832595,0.905344
41c6ded1-aa00-4e44-b20f-b5016015ef4a,gaussian_blur,s4,2,0.670443,0.795794,0.836597
41ce9b57-5d2e-42c8-a854-865ac5dbe2ca,fog,s5,1,0.461223,0.628351,0.639175
41cf9cf7-19aa-48b3-b49f-f45a975e164f,shot_noise,s4,5,0.757699,0.859625,0.880128
41d9ffa3-3c4e-45f3-b4c7-c3e679c432a4,clean,s5,0,0.527888,0.684229,0.712459
41dac11d-f760-4b94-a078-c1ed79ae4085,fog,s4,2,0.439337,0.579838,0.683380
41e66657-b22c-40c6-9cf7-1eb9aaf99b44,shot_noise,s5,2,0.584489,0.737722,0.737922
421203c2-36fe-4883-90c9-51c0d34a0633,clean,s5,1,0.525344,0.686766,0.695379
42207780-23b3-4f48-9821-57ffda22296d,clean,s5,0,0.717940,0.834143,0.845894
423a6bef-8720-424b-b190-8c4442c02028,shot_noise,s4,1,0.535413,0.686110,0.733447
42419153-c0ce-48d6-bd11-02c34c85f2eb,shot_noise,s4,2,0.849662,0.915730,0.954213
4250f535-0ec7-48ad-b667-cd1b2dad5635,clean,s5,0,0.435624,0.606235,0.608508
42527835-c470-46be-b24a-1873b7a17f2a,fog,s4,1,0.442626,0.577151,0.699931
425b8768-fe6c-4cbb-a592-e13cbf918ed6,fog,s5,5,0.640915,0.779449,0.788958
425d3976-e635-4a67-b12c-8707a19b1d2d,shot_noise,s4,5,0.370850,0.541001,0.541163
425e2949-f394-4ec5-9704-3e5e4f33ee63,shot_noise,s4,5,0.507443,0.647366,0.746651
42628b0a-dae4-4122-ab1d-1556bf9ccb32,gaussian_blur,s4,0,0.509830,0.671780,0.686216
426afa99-463b-4696-9778-7798eb1e52e5,shot_noise,s4,1,0.564615,0.703951,0.781785
427505e5-505a-426d-b359-39a177c6311f,shot_noise,s5,4,0.618662,0.762786,0.771264
427bceac-6677-4ca4-95e1-bccb0cc33a8c,fog,s4,2,0.331633,0.493560,0.507019
427dec33-f57a-41ce-95c3-537a3fb9344a,clean,s5,1,0.480238,0.630040,0.699753
4283a851-018c-497a-8d84-da7350a1b1d0,clean,s5,0,0.398797,0.443701,0.797595
4283e66c-8980-4c6b-80d9-8fad5751eb59,shot_noise,s5,4,0.181153,0.301822,0.313781
42a3f110-4286-4b2d-b39b-bd3302bf4037,fog,s5,0,0.731129,0.842203,0.860408
42ad5a70-34da-4164-befa-b9a9ecfa79f5,shot_noise,s5,4,0.695463,0.819417,0.825723
42b3d035-344f-4c81-91bd-167c0eedf60c,fog,s4,5,0.556312,0.700351,0.763500
42c49bb3-4eb2-42af-bd87-a18541508249,fog,s5,0,0.509501,0.674217,0.677643
42d26a5e-0411-4490-b944-a3c13250efb8,shot_noise,s4,5,0.708986,0.827185,0.844357
42dfb778-1ec4-465f-b04d-d2eb71e3194f,shot_noise,s5,1,0.572352,0.726979,0.731832
42eaf648-1ce0-4f93-a79e-e6f7c99ccc3c,fog,s5,5,0.616375,0.758186,0.781179
42ec2795-05cf-4bf4-ad28-d02b765bcd0a,gaussian_blur,s4,5,0.525255,0.628636,0.850601
42ee8472-47e2-4057-8f73-bcfb2cd123f4,gaussian_blur,s4,4,0.730646,0.835511,0.898170
4316f735-8be8-4baa-9bb1-84ea06e0d201,clean,s4,3,0.460620,0.572389,0.767125
4320c13d-01db-46de-9e5b-ec7e385dbd4c,gaussian_blur,s4,0,0.669801,0.797372,0.826341
43392616-f092-4912-b632-05c35380af96,fog,s2,5,0.379237,0.431325,0.758475
433e34ca-2e72-42da-b749-dc01879ca4f6,gaussian_blur,s5,4,0.543477,0.703869,0.705423
4344fd11-11fd-422b-a766-c06816f258fa,clean,s4,2,0.611851,0.738100,0.839717
434dc54c-18f8-40ba-bb49-5721426369e4,shot_noise,s5,5,0.790291,0.881634,0.893253
4351bb1e-45c7-4ab9-b89a-1bf6f9b1a327,shot_noise,s4,4,0.627655,0.762905,0.806385
43521481-71a4-49ae-a905-0e4fa49f60d3,clean,s4,4,0.515765,0.667552,0.719586
4355e980-ba0e-46a2-84bd-3f3947dcf5ae,clean,s5,1,0.380393,0.447181,0.739184
435765e2-f2d8-40e8-aa97-2c52ef062a12,gaussian_blur,s5,2,0.695588,0.817260,0.838021
4372f691-8fe5-4189-b087-ecdadc8928e7,shot_noise,s5,1,0.532417,0.664378,0.785732
4376aa72-231b-4247-a908-1ea6cbdfeec0,fog,s5,4,0.653284,0.790227,0.790571
43787882-8315-4d91-9b65-05ef03a9cd72,gaussian_blur,s5,4,0.288195,0.427432,0.482384
437b0003-bc74-4acd-b40a-964fdd8f8aab,gaussian_blur,s5,0,0.738711,0.849715,0.849773
4381480e-ed1c-4d80-b069-2971c7042e63,fog,s5,3,0.519268,0.675343,0.708939
438ce56c-a278-4b72-add6-13a8348e1daf,shot_noise,s4,0,0.735068,0.838873,0.899653
43911d36-57f6-4986-b407-14677b57e854,clean,s4,2,0.601192,0.735154,0.810501
4392a6e0-9e6f-4c98-af4a-be5338f40f70,clean,s3,1,0.531085,0.623125,0.881099
439deb63-dce3-46f5-98fc-c797202ab143,clean,s5,5,0.602815,0.736224,0.812743
43a253d4-53cf-44fa-a680-22a3eadaf641,clean,s4,3,0.562669,0.653934,0.911446
43c325b2-8e05-4a18-b1db-e749650bd487,fog,s5,2,0.390074,0.561179,0.561339
43c9462b-c62c-47c1-b1bd-133d85aa279d,shot_noise,s5,5,0.490750,0.658393,0.658395
43cae6b9-24c9-49ac-9e4a-f0c03078edf7,fog,s3,4,0.411292,0.500031,0.748523
43cd1702-9884-471a-a385-7f9069f6e0dd,fog,s5,1,0.578268,0.727258,0.753067
43e4f8d9-a0fd-453a-afc0-e08b4d51b1ad,shot_noise,s5,3,0.401585,0.573041,0.573051
43f3f1ba-df06-4366-95f7-5193e6fe42d3,shot_noise,s5,3,0.792636,0.882483,0.899995
44020952-647b-4e7e-a139-01d1822b5947,shot_noise,s4,1,0.391775,0.560437,0.568783
44022c05-08cc-4273-a767-e8c1cb1a9ee8,fog,s4,3,0.561309,0.705170,0.766011
4420a211-ebb7-4047-9300-981c59381fcb,fog,s5,2,0.409199,0.568420,0.609333
44321f0f-4db8-476e-bfd2-43e67f4d6060,gaussian_blur,s4,5,0.362192,0.518795,0.558757
444bc3b4-ae08-4cfb-8892-9c325e601518,shot_noise,s4,0,0.410079,0.581565,0.581819
444c8329-31b4-4877-b22e-763286694a42,shot_noise,s4,5,0.559576,0.696193,0.788064
444fe50f-3328-4030-ba02-313c15c22a15,clean,s2,0,0.440149,0.493994,0.842994
44679e6f-654b-43ff-8f61-6abf8ba16c36,shot_noise,s3,2,0.467719,0.489269,0.927264
44730952-26a7-45e6-9311-9829849811aa,fog,s4,0,0.478469,0.606310,0.751237
44859ba1-8e7a-4686-bc18-fc6c026631bc,shot_noise,s3,0,0.652325,0.765258,0.893215
4485efa3-8d5d-4336-af0a-cc011c4cd463,shot_noise,s4,5,0.848969,0.915399,0.952795
449299d7-baef-4fdc-8ab6-46fcbdc121d6,shot_noise,s5,0,0.572845,0.728287,0.728904
44ae2d43-81b2-49db-92ca-877dd72f76b2,gaussian_blur,s2,0,0.493980,0.496972,0.987960
44bb35a9-b98c-495c-974f-2d287195c408,gaussian_blur,s4,4,0.544175,0.690977,0.749573
44bcb8f9-ee60-4034-8890-5c39079b5d90,gaussian_blur,s5,3,0.601089,0.729108,0.831110
44bdb56b-5160-49e5-afe6-78ed6a4f51ff,clean,s5,3,0.679406,0.808857,0.810389
44c477ef-e15f-4e4a-b90c-9940331b5337,gaussian_blur,s2,5,0.444824,0.470801,0.889648
44c549fb-54fe-4898-b340-b84624f05989,shot_noise,s4,4,0.555629,0.704378,0.748068
44d58643-6562-4c24-ac42-5eaf41d7c97d,clean,s5,2,0.665402,0.799048,0.799291
44d7aaa1-af46-4a4e-99a2-a135bf92c535,gaussian_blur,s4,4,0.768824,0.864280,0.906335
44eb2311-5a34-43ae-9786-6e6d59543b3a,fog,s5,4,0.618697,0.760998,0.778835
44ef041c-508b-48ea-9fd3-ddb0a104265e,fog,s5,5,0.530340,0.677009,0.742923
44f0aa5d-777e-4441-affe-ff29444ac4c6,gaussian_blur,s3,4,0.438455,0.546039,0.749677
44f6f951-e9d2-4a87-88bd-16b6f8469f48,gaussian_blur,s5,1,0.758740,0.861541,0.872075
4532283b-09c1-4eab-89f4-881887978291,shot_noise,s4,3,0.662660,0.776682,0.888576
4541e72b-8168-47f3-aa33-a04043440ad7,shot_noise,s3,1,0.474382,0.580678,0.793315
45438050-4a4e-401f-9e68-2a71ebc7d0b7,shot_noise,s4,4,0.544729,0.697417,0.731243
45470836-86ab-4c59-b48d-3f6c09ce77ba,fog,s5,0,0.486718,0.646525,0.678037
4547fe33-8cf6-444b-b080-4b189e629a9a,shot_noise,s4,4,0.723942,0.826490,0.916970
454a8985-2a3e-489f-a022-16d403aa463d,shot_noise,s5,0,0.764837,0.862495,0.897701
454ca154-a156-4295-b238-cc2337ba8a71,gaussian_blur,s4,2,0.589387,0.719598,0.820309
454dd32a-6a09-4935-b6c6-91f26fbcf8ab,fog,s4,4,0.554655,0.680026,0.818283
45866ed5-65a9-40de-8d3c-bf9fbc0f6bca,clean,s4,0,0.683227,0.797252,0.883589
4589b899-cd25-49c3-a11a-fdbf83d7bbae,gaussian_blur,s5,1,0.445654,0.614581,0.621632
458c2c57-02d7-4cf2-b8fc-573167667a9d,gaussian_blur,s4,0,0.713927,0.830141,0.850448
458f41c4-9fcd-4493-ab3a-0ef68e57f0ff,fog,s5,0,0.775452,0.873475,0.873936
4597a608-d1d0-428a-a7a6-b18eb7646f67,clean,s5,3,0.306277,0.451579,0.500571
459baaab-5161-48a2-8e08-bd59e7d6bef2,clean,s5,1,0.773621,0.872346,0.872496
459bfdd7-9167-4158-8dec-d872e9576549,fog,s5,2,0.684873,0.812961,0.813000
45a0c661-9c20-4fb1-b247-40ea4651d333,fog,s4,1,0.822012,0.900352,0.921982
45a4d8c5-0202-4adc-b1c8-7f20937b8343,clean,s4,4,0.749504,0.848598,0.911117
45ab1b68-3898-4f77-a330-16b6a47a0c55,gaussian_blur,s5,1,0.682309,0.810797,0.813067
45b14551-81be-4f4d-8f69-9a842e57c87f,clean,s5,4,0.528128,0.675741,0.738912
45b6dafc-a6be-43a0-bf3c-ca3bd64d1f8c,shot_noise,s3,5,0.689051,0.784551,0.961422
45b937d8-0641-4589-a943-612ab2d849f1,shot_noise,s3,5,0.734227,0.828534,0.952979
45c9b7fa-2298-4559-93cc-f6b368911307,gaussian_blur,s5,2,0.657938,0.792927,0.797331
45d06e54-9226-47cb-a379-0a33b5ff729f,gaussian_blur,s5,0,0.562148,0.713092,0.742784
45d26325-6959-43cd-966f-42c4b0a36ce6,clean,s4,1,0.677653,0.791686,0.885491
45d44dac-46d3-4ef6-b13b-ac2efde8e092,fog,s4,0,0.608251,0.734173,0.840076
45d4922c-73fe-4368-9359-a616fde9b7a0,fog,s5,1,0.427245,0.589713,0.620601
45df5a08-73c9-468b-a3b6-f9e5a853faf7,shot_noise,s4,0,0.449155,0.538413,0.796389
45f2a56d-c8ca-424b-8fcb-75c1d8b0d70d,fog,s5,2,0.717242,0.835176,0.836347
45fa4ed8-3b13-44b0-b340-d6256cba0247,fog,s5,4,0.751382,0.853479,0.889205
45ff1740-d0de-427d-b99a-e4e5de23634a,fog,s3,1,0.204410,0.329388,0.354419
4614101f-9089-4eb5-a987-bbe38e274c1e,clean,s5,5,0.585306,0.729352,0.771898
46192676-e648-4353-9c93-c0d1bc6d1a27,fog,s5,2,0.611477,0.758680,0.759825
462d081e-eb43-4b4b-b53a-db8867e41937,gaussian_blur,s5,0,0.493487,0.660227,0.662692
4632b69e-b204-4ff2-a4aa-b5cb40d7e057,fog,s5,3,0.537648,0.690702,0.727152
464325bb-a231-4ae6-8e26-ee9061868064,shot_noise,s5,0,0.728665,0.840566,0.858544
4651faa0-4ae8-4dfb-ae14-14b1ab3fcf03,clean,s4,4,0.665934,0.788530,0.851216
46550f8c-feea-4b87-a712-b39d64cf350d,gaussian_blur,s4,1,0.558675,0.681497,0.827883
4657a709-c517-411e-b48d-d4b77aa1cd36,shot_noise,s5,5,0.558486,0.714111,0.725771
465cc022-4d76-4f16-a2a4-b587a0e7e636,clean,s4,1,0.539397,0.697281,0.712382
466f807f-9f93-45d9-92d6-451cce9ca292,clean,s5,5,0.602505,0.743755,0.783952
46739924-dd0b-42f4-8d31-84a3dd5469a2,gaussian_blur,s4,4,0.685487,0.807397,0.844565
467c783b-5c80-43b5-b9c5-f3df72fe92b9,clean,s5,5,0.267201,0.348280,0.534401
468ffbcb-ca05-4cad-b708-a15782bf7333,shot_noise,s4,2,0.790043,0.878591,0.916619
4691b995-d722-4488-b0e1-cf45d2b5bd46,gaussian_blur,s3,4,0.259373,0.367253,0.482480
4696c299-9324-4931-8806-c789ebb90a43,shot_noise,s3,4,0.491796,0.611818,0.781742
46a52ece-5b11-48fd-9e4d-40d9b6752e6c,clean,s4,0,0.626136,0.734397,0.904475
46b8502b-59b3-4d87-8f8f-9f5b32232f12,gaussian_blur,s4,2,0.650949,0.774675,0.850267
46b8ce72-3cb5-42a6-ab39-7db73e5b926d,fog,s5,1,0.441587,0.547333,0.756912
46bc98be-d967-4319-9cf2-cbffd5c44f3f,clean,s5,5,0.585179,0.731010,0.765461
46c3c2d3-ce2b-4b32-abae-2ff9fdcf04f2,shot_noise,s4,2,0.698989,0.809154,0.894485
46c5ae18-e233-4c08-81c0-e96563be4a2d,shot_noise,s4,4,0.691673,0.805490,0.880709
46cb7a45-e683-4679-bb42-37b75b3bc8e8,shot_noise,s5,5,0.676528,0.805747,0.813812
46d89494-4e9f-4229-9f52-2f5a3d05acd6,fog,s5,1,0.624439,0.768055,0.772042
46dd680a-4820-41b3-be3e-70481ff0cd24,clean,s3,5,0.526017,0.634379,0.839883
46f4e0e2-9e6d-4842-891b-ec38629baccf,shot_noise,s5,4,0.480194,0.648591,0.649494
46fec91e-ad75-4a09-9aa6-b43c33e0fb6b,clean,s4,1,0.250240,0.394584,0.409760
46fff817-0c06-4f1e-b54c-85d98809963d,clean,s4,4,0.552333,0.706266,0.729835
47166a9c-c96b-4b57-81e8-f4c6b6b63813,gaussian_blur,s4,5,0.709472,0.824955,0.859141
471c7295-8ae7-4066-8e29-788939064f78,shot_noise,s5,4,0.556861,0.713985,0.720186
47304f34-b7ce-4f6e-b247-6bfdfdc05b7f,fog,s5,1,0.732340,0.845421,0.845957
47322cb6-4c90-422a-97ab-b1b7b5b73f84,fog,s4,3,0.225863,0.363442,0.376437
473f7a29-fff4-43c2-b331-369c61c09b48,shot_noise,s2,0,0.470286,0.485015,0.940128
474c363a-8657-4ae4-a510-fe3668ef3405,shot_noise,s2,4,0.423384,0.458513,0.846768
474f3bd3-345c-4ad9-b6b7-790a0e1e42a7,clean,s4,3,0.690412,0.806144,0.872117
47513f05-1532-4464-aaef-22f7a2f46e5d,clean,s4,5,0.536167,0.645669,0.845910
47520dd3-e499-47ae-92a4-520c2a033ead,shot_noise,s5,2,0.409340,0.578730,0.586037
47582c52-1d49-46bf-ba5b-692eee838998,fog,s4,4,0.788048,0.874346,0.938096
475ee254-4846-431d-ae9c-e24c9da40268,shot_noise,s5,3,0.665028,0.795431,0.815381
47622548-3b12-4728-9d43-f895df32725e,clean,s4,3,0.670218,0.774385,0.927396
47630662-6275-4f16-a32e-ef7fd818aff0,gaussian_blur,s5,5,0.430688,0.592955,0.624468
47659f83-e7b6-4623-b514-dacd425f74a2,gaussian_blur,s4,0,0.526718,0.680747,0.718987
476e8aa2-8b63-465d-a62e-2ba8e64a157d,shot_noise,s5,4,0.678183,0.808108,0.808898
479086d5-e988-4122-b34d-679fa8410c66,gaussian_blur,s4,2,0.686670,0.793763,0.913477
479e5f90-a9e3-4597-894b-c744c34674fb,fog,s5,2,0.543430,0.700702,0.715821
47a0f4b1-9021-428c-ae11-bcdc0d763df7,gaussian_blur,s4,5,0.638946,0.761604,0.855627
47a321ab-eac4-4090-bfc0-6b36ab4d9b44,gaussian_blur,s5,5,0.680039,0.808265,0.816258
47a50696-d933-4675-8e73-e4429dc427f0,fog,s4,4,0.740830,0.848225,0.870213
47abf2f2-5b1b-42b3-9793-e6e55dfa553f,fog,s3,2,0.504666,0.612897,0.820384
47b778fe-202c-4266-b1d9-b65833d8dda5,fog,s3,5,0.376687,0.494415,0.651714
47b8b6f8-9a5e-4869-8006-b8114d696678,fog,s4,4,0.296770,0.447848,0.475560
47b9a4ee-576b-4951-8b53-8cd9458ef6f7,clean,s5,1,0.440984,0.575106,0.699030
47bf8920-7dc5-4f12-98a0-4efc73fcb16b,gaussian_blur,s4,0,0.542695,0.680936,0.774500
47c77021-b103-455f-a405-2df393397e35,gaussian_blur,s5,0,0.499121,0.662928,0.674657
47d87563-91cf-4825-8355-12b8d62dfdd1,shot_noise,s4,5,0.604580,0.713273,0.894102
47e64789-0346-449f-9de8-d9c659f38c24,shot_noise,s4,0,0.714449,0.821710,0.899261
47e7e462-a11c-44d8-addb-95cec5b68b7e,clean,s2,0,0.438205,0.467068,0.876411
47eae393-4f17-490c-9f68-7ea0b9b10de7,shot_noise,s2,0,0.438205,0.467068,0.876411
47ecc3c6-afee-48c2-add4-bf37d397be94,shot_noise,s4,2,0.508643,0.636681,0.777861
47ee8d5b-a450-4d9f-aaa6-1122cf898223,shot_noise,s3,2,0.469351,0.484191,0.938703
47f69b50-e0e0-46c8-b2e5-83eb4069f57a,shot_noise,s3,3,0.568227,0.672688,0.883503
47f8c731-7953-4e55-9458-55805d9f46c9,fog,s5,2,0.456797,0.477423,0.913595
48086cb1-cf38-4a84-a5c2-48ade189ba3f,shot_noise,s4,5,0.876310,0.931723,0.968571
480bd41e-10e3-4a67-af5f-5888defafe16,fog,s5,0,0.612115,0.759363,0.759520
481d2fd2-a86f-474e-adbc-386a8a24e110,shot_noise,s5,2,0.387003,0.548021,0.580213
4826280b-459f-4141-adda-7b5f4a182336,fog,s3,3,0.334502,0.456205,0.584267
482aef3a-a7a9-4de1-8ed5-5764a5091404,fog,s4,3,0.631379,0.762105,0.824224
4836bc52-87ba-4a03-906a-da017ec3b4e0,gaussian_blur,s3,5,0.472136,0.579128,0.789461
48485882-f651-4f66-bef1-fa73b43ab4db,fog,s3,5,0.428464,0.530709,0.747322
484f4b6c-e812-4e7c-b8d4-cca303bb43bb,fog,s5,2,0.551013,0.710520,0.710523
48566f9e-9487-47a0-a53f-1f99dea7bda0,gaussian_blur,s5,1,0.619575,0.761936,0.778432
48612686-62e7-4bea-ae63-1e17484bcb54,shot_noise,s5,2,0.286456,0.434144,0.465128
4867458a-cd0e-4a70-bf34-50b104ffc1a4,gaussian_blur,s5,5,0.239366,0.326681,0.474773
486b6aaa-51e3-4fa9-a6bf-8822d2fcc553,gaussian_blur,s5,3,0.703528,0.825956,0.826021
4871dcc0-95af-447e-b0c6-b06ef3932b15,fog,s4,5,0.304142,0.455407,0.486656
487491bd-3210-4372-be0d-e937f6b77bfb,shot_noise,s3,5,0.533154,0.585799,0.960348
4878cd2a-9b34-45eb-a616-e3e3624ce17f,gaussian_blur,s5,3,0.550719,0.701024,0.741221
48856c27-83c2-44ac-8836-434c54be9c21,shot_noise,s5,4,0.627278,0.766848,0.788561
488c32d3-7780-46c2-9d5c-a0662e739630,clean,s4,0,0.832901,0.905888,0.940132
488c4122-6399-44fd-b494-549fe603bf85,clean,s5,5,0.696559,0.817377,0.841765
48985259-bd9e-4d14-96c3-1986ecebcc1c,fog,s5,2,0.248149,0.335068,0.491712
489a6f7c-3745-4b5d-89bc-58b1502e4dd8,gaussian_blur,s4,0,0.774427,0.867226,0.915425
48a2dcc2-9dba-41af-9b48-ccce7f996a7a,gaussian_blur,s3,3,0.661092,0.754995,0.963227
48ad5c0f-01e1-4910-bb1b-4cf0362a72ed,clean,s4,2,0.842626,0.911462,0.949957
48af80da-49b6-486b-8c7c-30b1cf3ffbfc,gaussian_blur,s4,4,0.727617,0.832430,0.901447
48bb00fb-4bcd-4a86-bbf9-1b3b29ad5fa4,clean,s5,2,0.324158,0.415655,0.616160
48c16c7f-3aee-4501-bec8-f4e9f408bded,gaussian_blur,s1,4,0.417708,0.477069,0.803840
48c1d257-4c40-463e-90e9-4ec6266d03c8,clean,s4,2,0.839404,0.910459,0.937621
48c2bb63-f512-476f-897f-3b41fd30a4e3,fog,s5,0,0.495305,0.659158,0.672229
48d685c6-dc96-459d-a5dc-515d5c448845,shot_noise,s5,0,0.525856,0.689260,0.689261
48d8a70f-ad37-4e45-9834-c0476ae59c41,gaussian_blur,s4,2,0.203225,0.333141,0.344789
48e5186c-7471-4f57-9dd4-d390de5767a6,fog,s4,0,0.787416,0.877386,0.911083
48f23968-d21c-43da-b172-e3da16f30c02,shot_noise,s5,5,0.780545,0.875491,0.886848
48f6b083-6ed5-4445-8aec-54678e46cd48,gaussian_blur,s4,0,0.744028,0.847986,0.887723
4902ae2b-ecbf-462e-a491-8c4213b4df90,shot_noise,s3,4,0.402877,0.486391,0.745632
4902b26f-7ea2-48bd-897e-2e267f4731f0,shot_noise,s3,0,0.355705,0.475297,0.619006
490463e7-c7d6-4a7e-ba02-cb0edec085aa,clean,s5,5,0.617330,0.763393,0.763397
49075406-e31e-48f6-9de5-5c3b16a72323,gaussian_blur,s4,1,0.438257,0.574217,0.692126
49084340-632e-4d62-ab44-56220be30d4a,fog,s4,4,0.618938,0.760639,0.781264
4915b282-f846-4b12-9efe-ed0a659e294b,fog,s5,4,0.329295,0.417778,0.628837
491f9951-a34f-49aa-9472-c1d655c1a56d,shot_noise,s5,1,0.732382,0.843885,0.855989
4920b3b6-0dd1-46bd-91d0-389ac02e054f,fog,s4,0,0.681319,0.799028,0.867331
492c0af4-316d-47ba-bf52-9c3c5a5afeab,shot_noise,s5,4,0.656332,0.792291,0.793580
4934e949-1ce7-4c64-a5a9-9c63d1d8be07,clean,s4,1,0.720854,0.833723,0.862222
4943f301-33af-4dd9-8f62-245d24d77753,clean,s4,5,0.599702,0.740052,0.787141
49555af0-de17-4bcf-9661-0a4b23c83fe9,fog,s5,2,0.426025,0.596102,0.600964
4955bbe5-26a5-45f4-a8fb-0c6df96d7a82,gaussian_blur,s4,4,0.565672,0.711877,0.759787
497bb48b-6204-4aa7-bf63-9cef576241b6,clean,s5,4,0.579482,0.726338,0.760891
4985f0e1-adf3-49aa-ae4e-2d239c43e343,clean,s4,2,0.760040,0.854740,0.925085
49907228-4fda-4125-b214-a4090bc56af5,shot_noise,s5,3,0.435054,0.605871,0.607472
4993d01a-edb2-43ef-a7a0-272b15af7341,shot_noise,s3,3,0.294996,0.404366,0.541600
49ac73ea-4228-4044-a6e6-0af056fb460d,clean,s4,5,0.421869,0.575276,0.636076
49acde1a-05cf-4c2d-b349-84dca06c3f10,clean,s5,5,0.394584,0.441081,0.789168
49c1bc07-8da2-4ef2-a09a-dba39b1f1227,shot_noise,s4,5,0.761259,0.857016,0.916426
49d102c5-51ca-402b-8d83-27f42b78a77a,fog,s4,4,0.247288,0.393005,0.402312
49e0a51a-0aa0-41a3-b871-5f8b0e2a5b20,fog,s4,4,0.516104,0.679579,0.684731
49ee3bec-9468-48c8-85a8-4157b46702d9,shot_noise,s3,0,0.569870,0.696666,0.822747
49f3717a-4b9c-4230-8fba-299b6093fdf4,clean,s5,3,0.578917,0.724197,0.766348
49f723f7-11bb-4715-a0b8-17e013725125,shot_noise,s4,4,0.755812,0.850431,0.931099
49ff32cd-a026-489e-bfd4-65cddb439ef9,shot_noise,s5,0,0.458615,0.518838,0.857445
4a269f83-92d4-43df-acb1-37fa413ad674,shot_noise,s4,3,0.761220,0.857453,0.913325
4a2a050e-4a61-47d1-bc06-ce3f66633f6e,shot_noise,s5,0,0.357859,0.513893,0.554246
4a2ce9b2-375b-48f7-9709-b2a4edd45f52,gaussian_blur,s5,1,0.486920,0.650990,0.666248
4a2cffe7-91f5-44dc-8fa0-d02c4fd86dd9,shot_noise,s5,5,0.370400,0.524129,0.575128
4a38e4f8-3425-41b4-a8f5-fe4c4c21e61f,fog,s5,5,0.627296,0.770966,0.770976
4a5871ae-545d-4c2f-a272-51e455bca96f,shot_noise,s5,5,0.421379,0.585194,0.611532
4a5e1ce2-78bd-4c91-a3c1-01c5a595b6b5,shot_noise,s4,3,0.495350,0.625277,0.761909
4a625ef3-59db-41fd-9905-aa08a7d8a8fa,clean,s4,1,0.396270,0.555186,0.595547
4a6692c6-316f-495d-878c-22c352a9fa7d,clean,s5,3,0.598857,0.745967,0.761461
4a6e19b0-5e42-4716-b147-842d9152b6f4,fog,s5,5,0.588809,0.741193,0.741205
4a6e49c0-5ca2-40d3-b516-cdc317272b84,gaussian_blur,s1,5,0.464122,0.516220,0.877440
4a723d05-fd2c-46d9-80df-6fd36c38ac44,gaussian_blur,s5,2,0.705219,0.826193,0.832521
4a83fa7c-b638-4ac8-9bc2-e1f1579f46f3,gaussian_blur,s4,0,0.746690,0.852694,0.870480
4a866e54-4ad2-4f9d-9d35-05ad7304bc0c,clean,s5,4,0.787893,0.881354,0.881456
4a89f5d5-1337-462b-a3d8-fbc3aee388dc,shot_noise,s5,1,0.309636,0.419967,0.564043
4a8e9f27-bb6b-4015-91b0-35de0ec63357,clean,s4,1,0.603256,0.707112,0.907637
4a934c07-a6d5-4855-bd56-9647ebb29026,clean,s2,2,0.493980,0.496972,0.987960
4a9bc4c5-0ab1-4cf8-94e6-aafbe78d0046,clean,s4,3,0.499807,0.632372,0.759315
4aa01658-6ef8-4d46-abe7-cf706f3e41ca,fog,s4,0,0.506479,0.626457,0.795397
4aa88014-6e4e-4ef7-a8b9-9e2fcbdd689e,fog,s4,5,0.762744,0.861196,0.895728
4ab470f9-745f-4f37-a9b8-054016bb9da7,gaussian_blur,s3,2,0.620487,0.725114,0.913824
4ab68211-45bf-48bd-b8bb-19f42e0e4208,shot_noise,s5,1,0.491592,0.633634,0.728800
4ad49baa-e72b-4754-a21f-891fc9e2b8fc,fog,s5,3,0.725796,0.840732,0.843515
4ade8bce-c2d4-4198-99f0-2243f5579686,fog,s4,3,0.547247,0.706422,0.710651
4ae4a8b6-3ece-4ac4-9195-9dc609eb7cde,fog,s5,0,0.731776,0.843945,0.852621
4af4bd19-5b14-4163-bef6-9275e870d1bc,fog,s4,1,0.288008,0.369874,0.569952
4af6f03c-f520-4081-9836-545adc8b19ab,fog,s3,3,0.485178,0.589518,0.808891
4af747e0-8486-40e2-ad4c-bb558b713a92,gaussian_blur,s5,2,0.601706,0.748679,0.761888
4b1a6d4b-a229-4485-bea6-503a81b19f8a,gaussian_blur,s4,0,0.761244,0.861270,0.887280
4b26f52d-2fc8-4ec1-bd71-b018370fcd09,clean,s5,2,0.485019,0.633885,0.706018
4b2a1524-2bcf-4cba-a9f0-859d39312995,clean,s4,1,0.254100,0.403180,0.408667
4b2aa96a-7911-4cb7-8377-709ee6dace22,gaussian_blur,s5,3,0.826154,0.903908,0.914111
4b3db36e-21f8-4ce1-990c-c50c772c5862,fog,s5,5,0.464372,0.627108,0.653317
4b41c3e7-2f3c-476d-9540-1113cba56caf,shot_noise,s5,5,0.188200,0.312220,0.323413
4b4b6c57-2bd9-4982-98e7-3a7d0830989f,gaussian_blur,s5,0,0.462429,0.630263,0.638224
4b4ce411-da0f-4eb9-9dbc-7694e9ac6535,shot_noise,s5,4,0.657856,0.791981,0.801515
4b4dbca1-276b-4700-808b-b0d6f5651baa,gaussian_blur,s4,0,0.662914,0.778371,0.882667
4b5455e5-d3b6-4146-964e-6ecf3174c704,shot_noise,s5,5,0.261896,0.347340,0.518880
4b5693af-aa98-4fa5-a161-0827b73e21db,clean,s5,5,0.773392,0.871017,0.881529
4b5ebeab-e9e1-48e5-a878-1798b062b5e9,shot_noise,s4,3,0.640827,0.767141,0.841056
4b65a719-65e5-45aa-8dc9-fb4c6c02ed96,shot_noise,s5,0,0.589788,0.732942,0.775778
4b718d6c-756f-4bf7-8922-50ac41d007b8,fog,s4,2,0.413261,0.550707,0.660790
4b7a218b-d8b9-42f0-acc6-3776e0620b21,shot_noise,s4,4,0.630665,0.741353,0.897824
4b7d06e5-e841-4274-b629-64cd58ca33c9,shot_noise,s5,0,0.403366,0.569771,0.586672
4b7d9cdf-d131-4d7c-843f-6decc31cfc35,clean,s3,1,0.402635,0.528000,0.671808
4b841255-4313-42ec-a99a-d8ae7d6d3d19,gaussian_blur,s4,3,0.711715,0.812935,0.931258
4b85c4d9-4dff-4bbc-b11b-0b0ff7ce299d,clean,s4,4,0.517432,0.679405,0.690027
4b94af50-c2ea-4d5a-8c36-e657c78d5121,fog,s4,4,0.517992,0.664880,0.734960
4b9830c0-9eb7-464a-b06b-7817ef740dae,fog,s3,5,0.558518,0.682656,0.824102
4b9d2fc1-0bc2-4df0-b0ca-605eb9228ae7,fog,s5,5,0.445557,0.599044,0.659861
4b9e9fa2-8daf-43a1-9978-327e3a15fb46,shot_noise,s2,3,0.489222,0.494552,0.978444
4bb715fa-6e1d-49a3-bf47-a3adddf4f9bb,shot_noise,s3,4,0.228300,0.354452,0.398504
4bbdfdd3-352c-4866-9039-d1c5687f8837,fog,s5,4,0.753192,0.859142,0.859803
4bc17fb0-7619-42f0-a849-52890a14d394,gaussian_blur,s5,2,0.609938,0.748818,0.793142
4bcab53b-50b4-4011-82c6-a1785fe90043,gaussian_blur,s5,5,0.396922,0.568279,0.568283
4bda34ea-e235-4b98-ba1c-a938ad2f48c9,clean,s5,0,0.501027,0.652609,0.710672
4beabe3b-5c89-45fb-814f-627cf51e654a,clean,s5,1,0.654973,0.791427,0.791975
4beb10a6-0e59-4a1f-9609-c3b194a179e6,shot_noise,s5,4,0.359126,0.450507,0.670341
4bf31c44-2a41-484c-8a6c-c56317286eef,clean,s5,5,0.348349,0.510624,0.529128
4bf349c1-4956-4f92-8067-96b633d2bfbc,shot_noise,s3,1,0.658109,0.758855,0.938747
4bf6b9d8-4099-4744-9076-e21d36f2a5e0,clean,s5,2,0.426210,0.587794,0.621671
4c055bfa-2a84-4eb1-8982-465ea264e846,fog,s2,2,0.380818,0.475506,0.696633
4c1120c8-29fe-4e0c-aaf8-a2b544466f51,shot_noise,s4,3,0.520150,0.648776,0.785600
4c12b065-2f95-4ed7-bf31-75c0451e4ba2,fog,s3,5,0.458777,0.571725,0.762697
4c15ad4e-937e-4a2f-a1f9-ac2e0a2ea31b,gaussian_blur,s4,4,0.848576,0.916624,0.935627
4c2bb315-844e-472b-932a-0bcdfc527c14,fog,s5,3,0.662614,0.797074,0.797077
4c354bbb-6b93-4872-accf-92257dc7d03a,fog,s5,4,0.740975,0.850039,0.859078
4c41d2c1-38c8-4d76-a38b-233a5beffe0c,gaussian_blur,s5,0,0.695300,0.817521,0.835317
4c44c013-3f3d-4805-82be-301d18d3782c,clean,s4,4,0.716885,0.826557,0.884355
4c49f921-1aa2-4a5b-9c91-2ca8ee06b616,clean,s5,2,0.508258,0.673791,0.674505
4c4c8bfe-3f41-4cc1-903e-30894465fd93,gaussian_blur,s5,5,0.402006,0.568565,0.584847
4c4fa355-8305-46e5-941f-12beb3847817,clean,s5,4,0.486718,0.646525,0.678037
4c6e04eb-746d-4fb9-81a7-7040873f96d3,clean,s4,5,0.704516,0.811597,0.906523
4c7e9057-8f0b-47f5-8ebd-c8b22318f9ef,fog,s4,3,0.280537,0.410596,0.484912
4c82b991-e9f8-498b-b60a-69d56d4cf24a,clean,s3,4,0.702677,0.796171,0.968675
4c9aecc6-32ce-4ebf-b1a3-e36a883993bc,shot_noise,s4,2,0.779478,0.868232,0.935595
4cac50f7-66fe-4428-b5e6-83ebf85e25fe,gaussian_blur,s4,4,0.665575,0.787053,0.856318
4cac5f6d-42d2-488b-bf30-423231c5931e,shot_noise,s5,1,0.680225,0.809670,0.809754
4cafde98-cc86-4085-9201-e0cb5e1d729a,shot_noise,s3,3,0.515465,0.595337,0.890167
4cb7af3c-65fd-4363-8072-66f0107670cc,clean,s4,5,0.743841,0.847686,0.888695
4cbe4668-8c61-4d2f-8c22-10c5e90ea3b9,shot_noise,s4,2,0.620449,0.756090,0.805476
4cbeca8f-aa11-48b7-ba85-b76df6522332,clean,s3,0,0.639635,0.754364,0.885463
4cc50761-6b6f-49d5-ad89-f18efd8bc2f1,shot_noise,s3,3,0.651667,0.749956,0.945659
4cc74ecc-e19f-464f-ba41-5d6b5f09a1bc,gaussian_blur,s1,1,0.495107,0.497541,0.990214
4cd7697f-f231-4d42-a621-5dad43ef3ec6,fog,s3,2,0.543148,0.637338,0.887616
4ce505c0-ee87-454c-8857-3818c6c0f1e2,gaussian_blur,s3,4,0.545661,0.672768,0.807778
4cede001-d821-48c7-8763-99529f48f8ee,fog,s5,4,0.600658,0.742494,0.781659
4d000491-be90-475c-8944-779c03de568b,clean,s4,0,0.492096,0.602209,0.803888
4d031109-fc1e-4167-a22d-448246329bd9,fog,s5,1,0.437289,0.602394,0.623825
4d23bd97-3a54-478c-a7f1-a71542a4f680,shot_noise,s4,0,0.763198,0.863233,0.883712
4d2a5d4a-6695-468a-a45f-36270c923bf7,gaussian_blur,s5,1,0.722065,0.838593,0.838673
4d3649d8-8dd1-4ccb-9a02-b7bb4b65b73c,clean,s4,2,0.621742,0.727625,0.910433
4d490410-2234-467f-95cb-6e375d541e6c,fog,s5,3,0.583537,0.734951,0.744752
4d4acef8-bdcd-4aac-8b08-e73029cc81ea,shot_noise,s5,3,0.677353,0.804693,0.822763
4d70231f-cb98-4bfe-a4c5-5e897012b1bc,shot_noise,s4,5,0.694154,0.808464,0.876933
4d7c9706-ca25-4d94-881d-72e76c074792,fog,s5,5,0.376988,0.544390,0.554501
4d84a62b-2078-4ed2-b058-20c4024fd49f,clean,s4,4,0.811813,0.894388,0.912656
4d8816a9-f098-4a58-8926-dbc9d2e2feba,shot_noise,s5,1,0.456728,0.613271,0.662715
4d8c00fa-e5ed-4e52-8793-f2ab26d86353,gaussian_blur,s5,5,0.575535,0.730361,0.731440
4d90a1cb-87e3-4c92-bccf-79edaef1942a,clean,s5,3,0.605894,0.745802,0.789152
4d93658f-8b77-4c28-8f72-271110179332,clean,s4,0,0.411535,0.520863,0.713003
4d93ff82-c51a-486a-acff-575156ecadfc,shot_noise,s3,4,0.531290,0.633002,0.859879
4d977129-03e1-4346-8f40-bc5da055e4b3,fog,s5,5,0.257163,0.409099,0.409146
4daeb07f-0c47-49b4-abbf-6d8d10eef72a,gaussian_blur,s5,2,0.780038,0.875483,0.884017
4dbc829f-75fd-4a0e-aba8-69984fa9378b,fog,s4,2,0.557907,0.668613,0.859904
4dc05e0c-6201-41ff-8c47-878ee7f36015,fog,s4,3,0.292371,0.386141,0.560486
4dc268f6-aa90-4509-91a9-1b49deb2f153,clean,s5,4,0.843650,0.915085,0.916496
4dc48517-59d8-43bb-80a3-7db37f084210,gaussian_blur,s4,1,0.264527,0.416325,0.421904
4dd56a5a-d142-4b5e-8846-40d04e0003ff,clean,s4,0,0.246714,0.395565,0.396144
4ddd60d5-85f0-4a12-8030-258b3c0167e7,gaussian_blur,s4,2,0.786222,0.875020,0.922715
4ddde8ad-5115-4cd7-8861-fd22711f0928,fog,s4,2,0.584949,0.730904,0.764981
4de50a71-dd52-4b00-850a-3eef0cdaae48,clean,s4,2,0.701940,0.810731,0.899575
4dea9684-e406-4cb0-a943-ce00dd98d98d,fog,s4,5,0.425134,0.563255,0.673025
4dfb4a15-681d-4ce4-867e-c95b2a3091f7,fog,s5,2,0.446421,0.616349,0.619696
4e184397-2cc7-4184-ae43-85cbd7f2e49d,shot_noise,s5,1,0.668115,0.800837,0.802072
4e18a166-b299-4b47-b0e1-c5f19ac42b3f,fog,s3,1,0.484243,0.604315,0.774318
4e22cbc1-0e95-48ba-958f-2ceaefc282c9,fog,s5,1,0.724743,0.822586,0.940859
4e242bf5-cc3f-4e1c-809f-a72f551efd22,shot_noise,s5,3,0.591483,0.741165,0.751600
4e2daafd-e1af-4c95-9f38-bac2656b061f,gaussian_blur,s4,0,0.539749,0.679546,0.768307
4e34a2cd-4149-4389-8b2e-3a610ce4cf28,shot_noise,s5,5,0.558901,0.711302,0.736938
4e3fd9f6-4685-4c70-8e4c-6875075291e2,clean,s5,0,0.588940,0.732102,0.775629
4e42a668-85d3-48fe-be19-4caa2f16819b,shot_noise,s4,1,0.582729,0.708143,0.833040
4e4ac206-ff81-46e5-a3cc-1fa1aae3dfa4,gaussian_blur,s4,3,0.761215,0.855938,0.923301
4e53852a-e0ba-4288-a290-bc358ee3632e,clean,s5,1,0.723168,0.838146,0.846768
4e56067b-6b27-4c4c-81c6-510f11dc6df7,gaussian_blur,s5,4,0.762690,0.864402,0.872515
4e5644fa-8f3d-4660-a0a8-35ac87ec1b54,fog,s5,3,0.460867,0.496208,0.898405
4e7c074e-1895-494d-8bb8-5996077c7d8c,clean,s4,4,0.577624,0.722165,0.768644
4e7e8e7f-6267-4a6a-b056-e42fbd4e2d25,gaussian_blur,s5,3,0.705132,0.824499,0.841723
4e803f7e-c378-4707-b8f9-67266ce43ed2,gaussian_blur,s3,4,0.397523,0.499449,0.707637
4e80b2c7-dd26-4517-9c20-076fa9778aae,fog,s3,5,0.343564,0.482931,0.566523
4e9b8a07-280d-4c98-aa62-d42a34337243,fog,s5,4,0.585665,0.738115,0.740930
4e9fee3b-e048-4f4a-9d7c-e448a96c5d3f,shot_noise,s4,4,0.463158,0.593782,0.729867
4ea6dab2-37c4-4f4e-8d13-280d1c37d84e,gaussian_blur,s5,4,0.339536,0.499883,0.521069
4eb90fb1-c192-42d8-b6cb-551ba0050d3f,clean,s5,0,0.843650,0.915085,0.916496
4eca514a-c509-4e27-8af6-8d0a0dcbd20f,gaussian_blur,s4,4,0.518810,0.678131,0.698865
4ecdfa78-ce57-451f-bd94-b2fe979d49ae,fog,s4,5,0.522231,0.620591,0.858901
4ed322d1-365d-418a-8766-82ba09ef3fb0,shot_noise,s5,0,0.718159,0.834091,0.847248
4ee46a43-7a4b-40e4-b7f2-3c62e9b13dad,gaussian_blur,s3,1,0.574727,0.699907,0.830012
4eec0c76-825c-4f86-9e76-53c139a7c090,shot_noise,s5,4,0.582662,0.730515,0.757797
4eecd1cd-6333-4dd6-bcae-1bd11ecfe9cf,shot_noise,s3,4,0.468749,0.590383,0.755269
4ef7240f-c1ae-40a7-b1fb-c09cdbff93a2,fog,s5,0,0.568771,0.724528,0.727255
4f006b2d-1948-48b7-a12c-6087d692cfc2,shot_noise,s4,3,0.795241,0.880787,0.929195
4f034660-6b3b-4b06-b139-77fa98764664,shot_noise,s5,0,0.787935,0.879729,0.895205
4f08c280-f858-4677-b142-6266f4002a2d,gaussian_blur,s5,5,0.302903,0.464719,0.465429
4f161de8-d223-4b33-afd4-2389ec853ac8,shot_noise,s3,2,0.675885,0.775587,0.944798
4f1d1fae-b4c9-4003-8e97-9c780032e381,fog,s5,4,0.339689,0.490199,0.540300
4f1f68c3-958f-4e75-8413-52300db376a9,fog,s5,5,0.493517,0.658609,0.667529
4f207387-4044-4701-a8eb-75772e8bbf46,shot_noise,s5,3,0.760313,0.862314,0.874912
4f265633-b0f9-49a3-9320-b80c50c1ea52,gaussian_blur,s4,1,0.560368,0.711893,0.740322
4f391cef-d40d-4818-a75f-2ad8b3f17579,fog,s5,3,0.300785,0.402480,0.562859
4f3be48e-bda8-4fdf-97b8-b7e9695cdbdb,fog,s4,5,0.608327,0.751513,0.776427
4f412ff1-89e2-4ac0-8602-dcc5ed183738,fog,s4,0,0.576056,0.714132,0.790048
4f5652f8-b0c8-4022-86f2-4044c00a2952,gaussian_blur,s4,4,0.788048,0.874346,0.938096
4f618472-0460-47ce-b108-e6da1d2c2406,shot_noise,s5,3,0.740583,0.850948,0.851035
4f6978da-0825-4910-816c-b605a0ca5479,gaussian_blur,s4,4,0.433278,0.550686,0.724582
4f6b6ca6-ae96-4c3a-9d86-53e19bd70473,clean,s4,3,0.668799,0.777188,0.910797
4f6cc7ad-2141-4619-bc5c-40e91825f025,clean,s3,3,0.445012,0.474625,0.884885
4f78e9e9-0522-4928-8842-862f0c61539a,clean,s5,5,0.725676,0.840037,0.847269
4f7a54b0-5f0e-4566-8173-9fe4c928d7fb,shot_noise,s5,3,0.272233,0.398267,0.477307
4f81734b-bab0-48bb-bca7-52d65ea29161,shot_noise,s4,4,0.610021,0.746651,0.801707
4f81eb1b-8dbf-4694-9333-82bc3c3b8abd,fog,s4,4,0.724512,0.826159,0.921317
4f8a43b6-d58f-442c-a825-7ab7e6f312fa,shot_noise,s5,5,0.723693,0.839700,0.839706
4f906b1f-4be6-4244-99ee-f2f23e292ad9,gaussian_blur,s5,0,0.645872,0.783903,0.789167
4fa1c24a-4381-4347-8c0c-3550229ea777,fog,s3,0,0.483362,0.523695,0.920480
4fab4ad7-d5e3-4796-a38d-d3c3d66fc087,gaussian_blur,s5,5,0.500428,0.664789,0.673784
4fb23255-f98e-4863-842c-a73c835ff9a9,gaussian_blur,s5,4,0.457024,0.626740,0.628944
4fb36033-beca-4fe1-b66a-384479fe22e5,fog,s5,3,0.281470,0.434245,0.448213
4fb4bc6e-96e7-4874-8d9a-ff1b92107177,gaussian_blur,s5,1,0.566933,0.719976,0.736639
4fc3eba2-fc8e-4fe0-9f4e-4198bb576339,shot_noise,s3,4,0.499921,0.577130,0.878165
4fc562df-a8fe-485b-b2a1-00ef1a4eb730,shot_noise,s4,5,0.701235,0.811194,0.894240
4fc77ea9-91db-403d-b675-cc7a42b4d645,clean,s4,5,0.772302,0.862568,0.936688
4fcdbb85-4c2f-4eb2-a016-345aa924e32d,shot_noise,s4,4,0.487603,0.649910,0.671680
4fdaee28-d6e3-437b-ad0f-14a2e45204d3,fog,s5,3,0.695502,0.819802,0.823772
4fe4e9bc-7fec-473e-9516-16c5b4dd7a4d,shot_noise,s5,1,0.560050,0.716162,0.724429
4fea8372-720e-40fc-8f04-ffa3528854d1,fog,s4,5,0.329474,0.478267,0.528955
4fef656a-9f2a-468f-92e7-166c981f403b,clean,s4,1,0.833250,0.907988,0.920491
4ff92045-ecaf-4b0d-ac58-2c2e40f14e58,clean,s5,4,0.694841,0.816110,0.840821
4ffaaef3-50b9-4fd2-9727-65f4b17b2cb4,shot_noise,s5,0,0.696031,0.815997,0.846747
4ffb69e1-19ce-49df-86cc-5f41e09cacbe,clean,s5,2,0.720708,0.837481,0.838955
4ffcd7b0-c114-4b6b-8b3d-db00b2010d3b,gaussian_blur,s5,3,0.750089,0.856849,0.859658
500ca450-2ad8-4976-99f8-393c1e76c0e0,clean,s5,2,0.574144,0.723344,0.751605
501c306a-94b0-4bba-b580-146172ed1755,shot_noise,s4,0,0.678959,0.791602,0.891243
50200766-9c39-4901-b9e6-b646ed85b162,fog,s5,3,0.446024,0.615697,0.620021
50259ad1-5cc1-4f29-ae10-9df5cbd8ea76,shot_noise,s4,4,0.683476,0.810125,0.821760
502d0029-e3d5-42d9-b6e6-1cd713d3c963,shot_noise,s4,0,0.647905,0.778962,0.819710
504f9da4-f0e0-4100-83a5-1c1d154b7c1b,clean,s3,4,0.337344,0.467365,0.574216
5057e177-3b4a-4a98-8ca7-399782cb6864,fog,s4,1,0.294260,0.454596,0.454934
507aeebc-d062-456b-93e9-8cc92b045f06,clean,s4,2,0.655210,0.767765,0.894733
508d2fd1-d6ff-4c43-a175-ce3a2d05d06d,clean,s5,0,0.681772,0.809555,0.817201
508d8035-c0cc-458c-81dd-6afa028960a7,clean,s5,5,0.579482,0.726338,0.760891
50999608-8fd3-42c6-b798-f2c4d2670e82,gaussian_blur,s4,2,0.882920,0.935758,0.969915
509d19d0-d09f-4c82-928c-8601b151ee42,gaussian_blur,s4,2,0.325184,0.471190,0.527815
50a59457-ec2b-4e36-93dc-832f073062e5,fog,s4,2,0.351029,0.412476,0.702059
50af93d5-ce41-4da1-8deb-b16e328cff8d,gaussian_blur,s5,1,0.789494,0.881443,0.890150
50b60c01-0fb9-4ed2-a265-fa1ce9578f62,clean,s4,0,0.788282,0.876264,0.924800
50c1a0d2-9077-4dd0-b31f-dc7a396b64b1,fog,s5,4,0.826704,0.903694,0.920069
50d5cb30-9f35-45a9-9afe-38dc023710bb,fog,s4,5,0.529410,0.612829,0.897583
50de3ca2-db06-4d48-8549-8aa82ffc2bc6,gaussian_blur,s2,4,0.462850,0.494141,0.906923
50e16ea9-6517-45a4-85db-ce53c147f163,fog,s4,1,0.216113,0.348999,0.365272
50e5f188-f335-4ac9-b35f-0d5bc55825e5,clean,s3,1,0.292989,0.399939,0.541951
50f281a8-4c34-4918-b6d0-42297c62d7d0,gaussian_blur,s3,0,0.700985,0.796646,0.959760
51000bb6-e708-4a7b-9b03-555523c2bc14,fog,s5,2,0.360452,0.486911,0.613687
5105ea5d-90b4-460e-be0e-098a89d80c72,clean,s5,1,0.605477,0.752614,0.760937
511e2128-c65b-4a59-b2bf-a3f1a6444dd5,shot_noise,s4,3,0.496608,0.637379,0.736078
511f2d66-c7bb-4de3-8847-0b5b657fcd3d,shot_noise,s5,5,0.699884,0.821879,0.832263
512ad35e-9fd3-46aa-9ab8-b145b990970a,fog,s4,0,0.511895,0.673557,0.688186
51333658-f415-4243-b5d9-fbc325bebcf1,clean,s4,2,0.572826,0.698268,0.828276
5138c60e-fcc6-4a0a-adb3-9240d71fc192,fog,s3,1,0.364721,0.490752,0.620402
5147fe9a-1b11-410f-a2fc-9ab615fd5be0,clean,s4,1,0.572826,0.698268,0.828276
514d98be-06dd-4d08-8a00-afd848be14f0,fog,s4,4,0.280072,0.418816,0.469888
5164b41e-e8a4-443a-9b54-34c574aa3092,clean,s5,1,0.735003,0.847254,0.847330
5167b895-938a-46cf-8c38-14a05f6ca3cb,fog,s5,0,0.684848,0.810386,0.826464
5186301b-85ae-4bb2-9d3f-2e42ea459d02,shot_noise,s4,5,0.409068,0.566562,0.613061
519b160a-bff6-4a65-950a-a0431f2cac98,gaussian_blur,s4,4,0.791122,0.877464,0.931675
51b34b34-3f7f-4378-a094-7d0fa5031cb5,gaussian_blur,s4,4,0.520158,0.681699,0.692667
51bb11ac-ffe6-4f40-a1bc-1cc4e3d75d22,clean,s4,1,0.502079,0.634447,0.761700
51c4dc0b-ea7a-4099-a887-29b2744cb5fe,shot_noise,s4,2,0.587454,0.720036,0.811861
51c7d2a4-6eb9-4479-98ea-175dc27f7b03,clean,s5,5,0.609799,0.757328,0.758766
51c9d376-17e5-4083-8a67-52f56f2df63d,shot_noise,s4,5,0.476084,0.637218,0.666688
51d10785-af8d-4599-a61e-e050c9f3b7ef,clean,s5,4,0.578427,0.729389,0.745946
51e348fd-5123-4a1a-9250-2add39d5b3c8,clean,s5,2,0.602897,0.752197,0.752511
51eaaf86-0919-4d4d-86f9-f739b3db4010,fog,s4,5,0.570279,0.705346,0.797594
51fa0b6b-0feb-4a3e-9c67-f52391f064bf,shot_noise,s4,4,0.434879,0.604693,0.609850
51ff5f79-3698-4aac-94f4-6f08eddcde12,clean,s4,2,0.703683,0.808967,0.915616
520361fc-0674-4b5a-9740-9fef6c477996,gaussian_blur,s5,3,0.464426,0.625322,0.658176
520825ce-0075-46b6-9237-bebe274eb2da,fog,s3,0,0.472775,0.486006,0.945550
5218a1db-3c7f-4f2f-8e51-2d099f404b80,fog,s5,3,0.358261,0.513840,0.555685
523268b7-9b68-4085-98fe-66ac44498dcf,shot_noise,s1,3,0.495107,0.497541,0.990214
5233cbf9-0869-4533-b316-d16ab4163704,fog,s4,4,0.484014,0.642513,0.679691
524726d7-5f8a-4672-b731-c28d518fb937,clean,s4,1,0.521875,0.682081,0.697628
5248217b-df3b-4970-b9d3-615807b177bc,gaussian_blur,s4,4,0.506591,0.632285,0.781861
524a7c90-9400-4419-907c-72566d17fee2,clean,s4,5,0.611851,0.738100,0.839717
524a963f-f271-4d08-9415-7ccaa5264972,gaussian_blur,s3,0,0.598948,0.701241,0.909632
52630841-7044-4840-90d8-b0658955a78d,gaussian_blur,s4,0,0.702490,0.809307,0.908854
526815ec-eb9d-4fe3-84ec-41b83c6dc784,shot_noise,s2,0,0.480033,0.489813,0.960066
5269eda3-9d7e-48ad-8910-dd1b8ae683bf,shot_noise,s5,5,0.374346,0.537582,0.560288
526d4afe-1646-4435-a128-159a047a8ae1,clean,s4,4,0.784321,0.872648,0.929989
5280b176-b943-4b6c-84f2-a04047293cb1,shot_noise,s2,0,0.441544,0.468957,0.883088
528e8a40-a632-4d57-8582-66188ed1e05e,clean,s4,4,0.433991,0.541778,0.743898
529cf14f-aea3-46fd-93af-588e3e0dd234,fog,s5,0,0.598438,0.748648,0.749297
529d61ac-970f-4147-996d-a9aabd43c850,clean,s2,0,0.416440,0.493578,0.774477
52c28073-aa80-4afa-bcf7-96b0b3788dca,fog,s2,3,0.377661,0.432972,0.751591
52cbf88c-ba19-415a-9769-4b37f34eb714,clean,s4,0,0.353727,0.509785,0.548734
52d909ce-642b-4f18-853a-3338e2a76dae,clean,s4,3,0.396976,0.555873,0.596400
52dbdd28-0835-43c2-858e-204f92ef7a2e,gaussian_blur,s4,4,0.695841,0.811042,0.871458
52dc37b3-ec93-4490-a586-acf9ad85244e,gaussian_blur,s4,1,0.473665,0.570695,0.810889
52dfff87-9f5c-4708-9ca9-b1575f6924bb,clean,s5,2,0.258356,0.343056,0.513477
52e05da0-c829-465d-bcc4-409114c6f7e4,clean,s3,4,0.499483,0.605474,0.820144
52e36992-481c-458e-b267-78d8aeba02f3,fog,s5,1,0.364403,0.530874,0.541156
52ed71ee-9ed2-408c-aa1e-76b7292764fa,gaussian_blur,s5,5,0.399150,0.554189,0.607285
52f5e3d3-d66f-4a4d-8dae-d01d0bac74f1,fog,s4,2,0.608204,0.733859,0.840985
52fe0aaa-7067-4403-9970-305388d85fd4,gaussian_blur,s3,5,0.635763,0.743848,0.908037
531ec613-636e-46af-b45e-acb4b4aa23cf,clean,s3,2,0.416788,0.541319,0.690907
532024df-d3ae-4bad-8df3-e111e18d0584,gaussian_blur,s4,1,0.725384,0.827563,0.917819
532626b1-23ad-4096-aed6-483c6555230a,shot_noise,s2,0,0.483039,0.491373,0.966078
532e7af8-985c-4936-9838-3c80c8496f7e,gaussian_blur,s4,1,0.420867,0.457033,0.841733
533574ca-dfbc-4fb6-855c-d22a94df340e,gaussian_blur,s3,2,0.490674,0.558702,0.884075
533f4282-21b8-4a89-873d-7670586dc831,gaussian_blur,s2,5,0.488040,0.537748,0.911658
533f5460-d8e9-47c1-a8e6-13f27846280c,fog,s4,1,0.591620,0.690059,0.915577
535bcc59-3208-49e7-a83f-85673539a514,fog,s4,0,0.572826,0.698268,0.828276
53617ede-eef3-4883-ad5e-71a69a3e7498,fog,s5,2,0.454815,0.572845,0.747950
53714304-dec8-4bdd-8888-f78def0ec9f4,clean,s5,1,0.682001,0.809364,0.819211
53776f13-0399-4233-90bf-e7b199b978e4,gaussian_blur,s2,3,0.492276,0.566824,0.874323
538b7c4f-9892-4507-af56-0c89059915de,clean,s5,1,0.745409,0.853794,0.856480
538e04a6-c6f8-4010-b692-d585faa66ba1,clean,s3,3,0.630462,0.727111,0.942811
5391d25e-7ec7-4f2e-9837-631ededa1b6a,gaussian_blur,s3,2,0.402237,0.505355,0.711892
53a78af8-ceda-497b-a0dc-19cd89e46538,fog,s5,1,0.301458,0.456901,0.474973
53b2811d-f22c-4a76-a825-683a05f74580,clean,s5,2,0.578715,0.732708,0.734789
53bf8006-172c-4c60-a394-8ef5fd1e2cac,shot_noise,s5,3,0.570434,0.726452,0.726523
53c0b4f3-83f4-4dff-903c-f2d6d770f91b,clean,s5,3,0.636780,0.777989,0.778541
53c79dcc-a645-44d7-a0ca-a710d88d0540,shot_noise,s4,3,0.503264,0.612401,0.817035
53d8e49b-e919-4f5f-b953-936bc2d69eaa,clean,s4,4,0.478540,0.624003,0.709315
53de7614-4960-44c8-823a-c5a08a231584,clean,s4,0,0.731315,0.833795,0.911075
53ecd8be-5d35-4e9f-8a2e-aefd741643b5,clean,s2,1,0.434627,0.465027,0.869253
53f06c58-be0c-4fc8-ba81-ac00bba88e19,fog,s4,5,0.488230,0.587712,0.822048
540f4c96-2833-442a-a1fc-f0e718528ee5,clean,s5,0,0.701468,0.822350,0.836896
54117102-5cfe-4785-8bb3-aa893545f783,shot_noise,s4,3,0.544699,0.664498,0.826712
5416b2de-7a5e-45ac-b0c1-34d44196b055,shot_noise,s4,1,0.264260,0.410959,0.430080
5425359b-c66b-4a12-b800-108ec559a606,gaussian_blur,s5,0,0.546702,0.706676,0.707776
542885f8-ff2e-4aaa-b0ef-8e3461cd2462,gaussian_blur,s4,4,0.603320,0.743629,0.787535
54303c56-4e42-4502-82e2-c25a310b3385,shot_noise,s5,0,0.462429,0.630263,0.638224
544401b8-9712-4b46-bfbb-53932e8179e0,clean,s5,0,0.558356,0.716421,0.717216
5464a9d5-7a25-4699-886d-24e604791a80,fog,s5,2,0.327851,0.489099,0.503024
546beae0-7fa9-4d11-a3c7-1545ce4509fc,shot_noise,s5,5,0.732870,0.845020,0.851172
54765349-e2fc-49b9-8df9-a5362339abaf,gaussian_blur,s5,2,0.559886,0.715570,0.725888
547a825c-ce51-4346-b368-1d5b0cedefcb,gaussian_blur,s3,3,0.482422,0.521023,0.921920
547c8fd6-f990-48bb-8e7d-a77e5c5d4a9c,fog,s3,5,0.531748,0.633850,0.859403
547ef088-d84b-4858-afa8-b3c26e59d0a3,shot_noise,s5,2,0.497254,0.664215,0.664240
548301c9-a997-4bdf-a642-e8507afcfdfc,fog,s5,5,0.563544,0.720680,0.721481
54883f6b-6729-4a06-82c0-c56a7a3dda9d,gaussian_blur,s4,2,0.373958,0.533535,0.567541
5494eb47-5272-420a-92ea-6012212c5b5a,clean,s5,1,0.543428,0.671197,0.804507
54a4b734-8b92-48af-b2d2-af33bd758f28,gaussian_blur,s4,4,0.594087,0.732059,0.795018
54af268a-a0b8-4346-bf8b-880568e1309f,clean,s3,4,0.654925,0.749551,0.958925
54af525c-7bbc-4f26-b2e9-1aa89fe35bff,shot_noise,s4,2,0.312205,0.475777,0.475984
54b05cd9-1db8-4da1-97c6-993ff4c88965,shot_noise,s5,0,0.457069,0.627195,0.627883
54b75cec-105b-41e0-95e0-bdcc95524256,shot_noise,s5,3,0.395645,0.515579,0.673061
54b925c3-0251-436f-8c29-ddf38543dcef,clean,s5,5,0.462301,0.623704,0.655115
54c62aab-b8c6-4d5f-a224-ac7d54dd3117,fog,s5,4,0.614501,0.752094,0.798069
54e2ce8f-67e2-4c12-b338-1acf3b29ade9,gaussian_blur,s1,3,0.495107,0.497541,0.990214
54eddbd5-89c4-46ef-9f08-22141a8e2cfd,shot_noise,s4,4,0.424556,0.550439,0.697520
54f16774-7fe3-4d6e-b89a-310860d98964,clean,s4,5,0.513597,0.675086,0.689598
54f18948-6643-47da-9a5f-b8e4cc67a065,shot_noise,s4,2,0.823387,0.901411,0.920677
54f61fdf-53f5-49a7-9a64-f19c77989871,gaussian_blur,s4,3,0.405103,0.556192,0.622640
54f8c3e0-83e0-4840-941b-ea9782d0bebd,shot_noise,s5,0,0.509501,0.674217,0.677643
54fd0068-cadf-4e91-b475-5373bc67b69f,gaussian_blur,s4,4,0.674067,0.797277,0.844901
5503e606-9cc7-4b38-9ef4-bb126122d179,fog,s1,4,0.605828,0.680648,0.985908
55053417-1b6b-4a0b-a1cf-7b92f181576f,shot_noise,s4,4,0.694966,0.810861,0.868543
551fc583-ef20-449a-b279-fe56e4ade6f7,gaussian_blur,s5,4,0.391707,0.556563,0.577243
5529947f-27eb-4769-9929-632219f4f560,shot_noise,s5,5,0.586863,0.738484,0.744117
55309661-77fe-4932-b927-7dbc5f49aa3a,gaussian_blur,s5,3,0.596065,0.744202,0.757539
5553875c-d2fe-4187-8bef-58cf416b037b,clean,s5,0,0.597093,0.737759,0.785728
5553f05b-14c6-444a-a033-3801bb14b946,fog,s5,4,0.259665,0.382847,0.459963
5557efcc-a3a4-4d39-b451-f0ce7a232551,gaussian_blur,s4,3,0.764938,0.865116,0.879419
555a5f7f-d626-4419-bd36-cc2483fab80f,clean,s4,2,0.756908,0.853869,0.914789
55613a7c-0888-4812-b70d-f03b5302dfe4,clean,s5,3,0.600585,0.734796,0.809509
55799c35-c7f8-40e2-9e42-11dfe246ba8f,gaussian_blur,s4,5,0.686282,0.796957,0.897691
5590cbb0-407d-4007-a52f-dee867605bd3,gaussian_blur,s4,3,0.566019,0.711711,0.761605
55b5fc4c-7dc7-4d7c-8cc1-e0685ac269ba,gaussian_blur,s5,2,0.640816,0.779364,0.788937
55bbbf86-6ba9-4b4e-9aba-05431c7f0142,shot_noise,s3,1,0.419745,0.528272,0.724898
55c04272-6205-46b2-8b1b-2155605b6a2c,shot_noise,s5,4,0.451239,0.595853,0.686235
55cf41f6-b124-4981-95b7-fd8c0684453b,gaussian_blur,s4,2,0.532100,0.690442,0.708042
55df0c44-e3c3-47ec-9089-24c1ab67f1b2,gaussian_blur,s3,1,0.290945,0.426152,0.493609
55f5feb7-e42b-437f-ad9c-3a101b20f59f,clean,s4,5,0.424561,0.555976,0.686330
55f8f5d1-c5eb-478a-821f-162309e3c0b1,fog,s5,2,0.339929,0.502835,0.516531
5603464c-929c-43f3-aec8-00f49e2543ca,fog,s3,3,0.529600,0.603658,0.916544
560431cd-baaf-40f7-b1fa-f864b4d70350,clean,s4,2,0.482959,0.645607,0.667536
5609bfe5-84c2-4e4b-9f6b-89330a7f7781,gaussian_blur,s5,3,0.514559,0.675289,0.692400
560d3760-1f13-46c0-87f4-2fe0b769465c,shot_noise,s4,4,0.484986,0.602845,0.779939
5611af04-16cd-49eb-b77b-1e887ff97bde,clean,s5,5,0.473251,0.640846,0.646949
56151363-bf7c-48cf-9dcc-751a1c82eb05,clean,s4,1,0.402013,0.557543,0.609500
5618ba13-87e5-481c-999a-a8cd3c081bcf,gaussian_blur,s5,5,0.557245,0.713411,0.723601
561ad336-4ea0-45b1-9f20-0706ebdd9b45,gaussian_blur,s3,1,0.433144,0.464177,0.866288
561eab24-56ed-464b-8ee5-847f78bf5ab3,fog,s3,4,0.572657,0.688768,0.855181
5620347b-f924-477a-b92a-36a4052e7144,fog,s4,2,0.545635,0.672272,0.809051
5620fdb5-2d8a-4718-a97a-de852a0d38f4,fog,s3,4,0.456914,0.544286,0.809255
56243b44-4ea4-4386-93db-059b350cf360,clean,s5,0,0.532847,0.695234,0.695253
5627bf33-7c83-43e2-8d84-9da053798a81,clean,s5,2,0.566273,0.715451,0.749904
5630aeaf-a4d5-4991-b493-48a91569fa0e,fog,s5,3,0.378567,0.469676,0.699205
564008ad-2a57-40e6-9192-2f5dde0ac28c,shot_noise,s5,5,0.544623,0.690394,0.752960
5644719f-28c6-4cf8-a142-219c3d8ddffa,shot_noise,s5,2,0.690622,0.815771,0.823695
5644886f-6c36-49a1-9a88-55be1964b6da,fog,s3,4,0.495481,0.614891,0.786619
564e2550-ba4e-4f1a-8abe-df3993b19f2f,fog,s5,2,0.492805,0.656099,0.672283
5650de13-1753-41e3-b01b-221206a2f462,clean,s4,4,0.595056,0.737985,0.777195
5656bbfc-90c9-4b9a-b1d1-878f09696475,fog,s4,5,0.243076,0.368920,0.426213
56702847-ccc8-4e64-b3ca-09014929f310,clean,s2,4,0.478471,0.488999,0.956943
567a7490-4c02-49d5-af74-7ea9e2d35732,clean,s5,0,0.712842,0.832318,0.832542
568133ac-5783-4f51-b0e4-a836330010d1,gaussian_blur,s4,3,0.500883,0.661851,0.684011
56837b77-d492-4f39-9e90-f0063d9a1626,shot_noise,s4,0,0.739491,0.846727,0.873147
5683e307-d5a5-4933-95b9-4f01b83925d0,fog,s3,4,0.519872,0.581402,0.929435
56932497-0222-420c-9378-2c9a26877217,clean,s5,1,0.308094,0.441161,0.524555
569757b9-3484-4145-9794-bfdce3a019b4,gaussian_blur,s5,0,0.337611,0.503179,0.508053
56996278-db18-4d46-a085-6114227052cd,shot_noise,s4,0,0.691840,0.807108,0.873574
569d0774-f506-4b24-baf2-b3d0a2f61433,shot_noise,s5,2,0.562941,0.707637,0.763883
56a860c5-9786-4ca9-881c-a7bf7266f940,gaussian_blur,s3,4,0.698232,0.798770,0.939259
56acd5df-52cf-4cea-86e0-dbda3d375405,fog,s5,2,0.676012,0.806196,0.809248
56b9cccb-1961-4905-9817-d5b73f338828,clean,s4,0,0.573627,0.686102,0.865875
56b9f50c-1fe9-4b4f-b3cc-3cb1ae108521,shot_noise,s2,3,0.444235,0.470471,0.888469
56bfbd96-3ecd-41bb-a9d3-ccb79c975e7e,shot_noise,s4,4,0.517444,0.646984,0.781168
56c20ae5-8939-46b9-8231-4f900d6feb7c,clean,s5,1,0.579482,0.726338,0.760891
56ce95e0-316b-4fec-8003-2a1feb1f1f5f,clean,s4,1,0.692206,0.804120,0.889535
56d15613-83d7-457f-9783-67451d7eef03,shot_noise,s3,3,0.522583,0.636226,0.824485
56d65229-2dfd-415a-b7a7-a878c13821ed,shot_noise,s4,4,0.341621,0.405909,0.683243
56f1cdea-cb2f-400b-8103-002b16a28285,gaussian_blur,s3,2,0.628883,0.730555,0.926592
56f294ea-6bf0-475d-abc4-55ed66419721,shot_noise,s2,2,0.454196,0.475999,0.908392
56fbbba5-fe49-4f0b-93d3-07263f144fd6,shot_noise,s4,1,0.577874,0.707966,0.816384
56fdd074-f03d-4d14-b7aa-a994c41348cb,clean,s2,3,0.490598,0.495255,0.981197
5708fb59-6a5c-4f10-a526-427a98c57b2c,clean,s5,0,0.642242,0.776350,0.808098
57101695-c175-4009-aaae-c303e72cce79,shot_noise,s4,5,0.517185,0.671829,0.712060
5711c105-da83-4e96-8db8-5d71979a207a,shot_noise,s4,0,0.693916,0.803272,0.900800
5718dccd-012d-41ea-9cf9-42657317b272,fog,s4,5,0.302918,0.440361,0.508981
57253bae-6e69-424c-9607-0d6db3d7d90b,shot_noise,s4,1,0.608041,0.727040,0.863264
5732ac52-bcec-43f1-abf5-6fe3cf2e3c97,gaussian_blur,s4,4,0.721806,0.826913,0.904961
57507b12-871f-4fe6-b418-65ca276a9db9,fog,s3,5,0.733611,0.831089,0.936619
57516a1e-789f-45b7-881b-0ce0122e780b,shot_noise,s5,5,0.756446,0.861324,0.861429
57563642-6f8b-4995-a450-84d08354e241,shot_noise,s4,5,0.639949,0.762080,0.857659
5759490a-4013-486d-858e-efa88fde0bb6,gaussian_blur,s5,5,0.468156,0.637743,0.637760
576fed98-7938-4880-a075-d4b8186a940d,clean,s3,2,0.387220,0.522926,0.632347
5778041d-93e6-4008-9d78-cbf189748dc4,gaussian_blur,s2,1,0.492961,0.496455,0.985921
577816b2-120f-4c85-8f24-51b80f64fd8f,shot_noise,s5,3,0.233294,0.369708,0.392000
577ad9a4-e56f-4d32-ac24-5337157c251d,shot_noise,s4,2,0.352382,0.503474,0.556684
57889ab7-2227-4a8a-8b67-1ec94fa12c32,clean,s5,1,0.405456,0.576738,0.577531
578b8653-98eb-4bdd-ba7f-5093187df74f,fog,s5,4,0.568515,0.724677,0.725750
57aca365-1974-498b-a2e8-857db957ec82,gaussian_blur,s4,1,0.405223,0.473772,0.772406
57adf8f8-40a9-4082-b631-37d69cb48935,clean,s5,4,0.289674,0.386057,0.552102
57af58d2-890b-487c-92e8-5fdaeafcea8f,fog,s4,0,0.537743,0.691890,0.723744
57aff252-58d3-41b2-a947-ab754114881c,shot_noise,s3,0,0.471634,0.573937,0.798291
57b15942-6a17-47bb-bab0-cc9f2a66fb93,gaussian_blur,s2,1,0.351407,0.447179,0.651898
57cc3a7c-7e40-4ce0-821c-cfc307aa6b2b,gaussian_blur,s4,4,0.375538,0.504976,0.628943
57d23ad5-b1e8-4b63-a47a-d41c3aec2f2b,clean,s4,2,0.819118,0.899378,0.912373
57d5b7e3-b342-436a-b57b-11b72400a55f,shot_noise,s4,2,0.704516,0.811597,0.906523
57ee23de-36d6-4c67-a9bf-ad3e8c8b1d98,clean,s3,2,0.487027,0.592825,0.807819
57f267b2-df6c-42dc-879e-94584980bd3b,shot_noise,s5,0,0.724144,0.838435,0.849717
57f40577-16a7-412e-bd69-de73dfd5e15e,clean,s2,4,0.476637,0.488039,0.953275
57f4f551-d834-44d0-834b-263a201f1133,clean,s4,2,0.245772,0.391474,0.399658
57f751ed-dd98-4f3d-8118-d17a4b89cbba,shot_noise,s4,0,0.746690,0.852694,0.870480
57fdf952-4485-457e-b429-f06293a0415b,fog,s5,4,0.282062,0.405768,0.497642
5800682c-9f07-41aa-bea4-1bebf98a904d,shot_noise,s5,3,0.440074,0.606952,0.621946
5803f0c3-0b8e-428b-a649-36a31d2f018e,shot_noise,s5,5,0.309006,0.389790,0.607051
580d15c4-648a-4bb2-9e29-e28a834f3324,shot_noise,s3,3,0.343032,0.470936,0.586240
5811263a-b80e-492a-864e-dcc76e45d79e,fog,s5,2,0.689875,0.815490,0.821850
5816a637-fd5c-442b-9d97-6a7934b454f9,fog,s5,2,0.538404,0.699519,0.701391
581ad82d-7241-4e9f-af45-f7e150a46d35,shot_noise,s4,5,0.752503,0.851765,0.906065
5827de0e-6e15-4dcf-bb57-fd3a31ac3694,clean,s5,0,0.659897,0.795084,0.795215
5832ffe8-77ff-4e21-ad4b-5ad0d2c2a76b,fog,s5,5,0.467841,0.628029,0.662795
584219a3-9789-4da3-95a7-4f70ae558d16,fog,s5,5,0.551516,0.687992,0.784483
5848b82f-f946-40e0-8d11-56da729363bd,fog,s5,3,0.422578,0.594034,0.594267
586aae81-f666-4e6a-898a-1a80b72584e6,clean,s4,0,0.530744,0.642108,0.836891
586e857a-5e50-4bb8-a163-856d896659cf,gaussian_blur,s5,4,0.783505,0.877637,0.886581
58760209-ef73-4751-b25f-6bc059dd36a5,fog,s1,3,0.327406,0.411265,0.632645
5888667b-49f0-4f4a-88da-b9d8a96b9cb1,gaussian_blur,s4,0,0.497588,0.627172,0.764693
5888cc31-8f85-438e-89a3-b9e935e4e81d,clean,s5,0,0.695300,0.817521,0.835317
589a7796-b555-4a3b-bea4-1cd5c0b58cb0,fog,s5,4,0.609204,0.755275,0.764811
58b30ebc-5588-4f38-8d37-aba57e216f80,gaussian_blur,s3,1,0.405710,0.502841,0.726862
58bf0245-c4db-463c-93bd-e70bf7d5a800,clean,s2,0,0.479666,0.489622,0.959331
58c0802f-34f5-4950-9c8a-fba349c36f19,gaussian_blur,s4,0,0.689577,0.796531,0.913291
58d1048b-70e0-4ced-b010-2702083a7445,fog,s5,0,0.552919,0.711804,0.713143
58d1681d-6a84-4801-88f5-32a09e47af3c,fog,s4,5,0.623731,0.755660,0.819873
58d2152e-4104-43d5-b02c-9ce24b20d3c4,fog,s3,0,0.549539,0.657204,0.861248
58d5efb9-a256-413e-a31f-839800e24118,gaussian_blur,s4,0,0.636242,0.764143,0.835109
58e58b4d-da5d-445c-b829-eee176cdca75,gaussian_blur,s5,3,0.664594,0.797846,0.801771
58e67974-516a-45bb-87f1-1d08665b9aaf,clean,s5,5,0.274524,0.357506,0.544843
58e85e9f-8eeb-42a0-a7c8-148d9e5a38c3,gaussian_blur,s4,5,0.534341,0.653607,0.820363
58ed2ef2-608a-465d-80f1-32de6e788840,gaussian_blur,s2,3,0.527690,0.613338,0.891259
59157f15-db21-4306-99ed-06917e40ef20,shot_noise,s4,2,0.391737,0.562307,0.564408
591f0b9d-7b9c-4692-8584-7ac74eca1b4b,gaussian_blur,s4,4,0.637466,0.756086,0.870907
5920a490-982b-4dac-8521-1896a4aef470,shot_noise,s5,5,0.678742,0.808094,0.811429
592f3d4b-7922-4f8a-88a1-e64c081a011e,shot_noise,s3,2,0.569387,0.648422,0.945184
5931043c-4e8b-45cc-a83b-27c656f67781,gaussian_blur,s5,5,0.291329,0.391669,0.549083
593f6e98-66b0-445a-adf1-2b42cc24ea6d,fog,s4,2,0.584370,0.712277,0.825919
59417840-cc85-4fab-aa9d-2fcbbbed936e,fog,s4,3,0.516195,0.663480,0.732699
5950737a-93a2-4a36-933b-dd2f5e5cb23e,fog,s5,0,0.819892,0.900140,0.909982
59539681-7164-4d68-b52c-5a92378761be,fog,s4,0,0.655648,0.780158,0.845941
5955d70d-812e-41a5-85f2-bd805c72156c,clean,s5,3,0.670988,0.802101,0.808167
5968c111-7a26-41ce-ad32-f89d46a2910f,gaussian_blur,s4,5,0.728934,0.839799,0.864555
59722b31-571b-4bc5-af2f-7c67110e85e8,gaussian_blur,s5,1,0.497664,0.610813,0.802757
59744f15-ee54-44a9-9f70-945063e43b2e,clean,s5,3,0.388517,0.499624,0.679506
59850e09-7ca4-4a48-975e-87e25f1c85b3,clean,s5,2,0.631541,0.774045,0.774697
59886ac9-452b-4f26-9fde-8f4e782b6165,fog,s5,1,0.589435,0.741618,0.741975
598dfdd3-0f0c-45e5-bb41-67536ddeabbf,gaussian_blur,s5,3,0.391033,0.545585,0.598827
599e14d8-feaa-4c86-a95b-94aeabeaebff,gaussian_blur,s5,0,0.421342,0.583185,0.616136
59b37c2d-198e-4f61-a531-2cf8a8fb78f9,fog,s4,1,0.715220,0.823707,0.892176
59bf74ab-a0f3-485d-a5ce-1bfd800fd02d,fog,s4,1,0.480886,0.622690,0.720398
59db7bb9-1c89-4e63-ab7d-a00b1ad515da,fog,s5,5,0.318334,0.434700,0.568257
59e574b5-0917-4afe-9518-6b47c24ab2cd,shot_noise,s4,2,0.268592,0.365530,0.514737
59eb5955-6426-43ac-bf24-bb4db6b49216,clean,s4,2,0.218732,0.358941,0.358965
5a04040a-5266-4452-b238-c9e0fc7a95c7,clean,s3,3,0.569870,0.696666,0.822747
5a0da454-a8ba-406d-b97b-2bd927c13951,fog,s2,2,0.483842,0.491788,0.967683
5a1dae6a-f6cf-449b-a881-f0b381565073,shot_noise,s5,4,0.524369,0.645510,0.807794
5a1dc710-2c58-44ff-8682-6c8f043a0e12,shot_noise,s4,0,0.655648,0.780158,0.845941
5a1f2e9c-436e-45a0-b578-bbd5a0a66c15,clean,s5,2,0.735849,0.847796,0.848021
5a2ecbcc-d486-4073-b6fe-594f6d7777ea,clean,s4,5,0.279425,0.433971,0.441792
5a30b368-b4fb-4fa4-8741-2a02b43b2e96,gaussian_blur,s4,1,0.562413,0.709792,0.754860
5a35d051-23ac-4d82-b534-6b19afbd1874,fog,s5,3,0.736853,0.848491,0.848501
5a47b1b9-f560-4464-a007-4cd0ff50a2a5,gaussian_blur,s4,3,0.248575,0.396824,0.400411
5a4d8632-8891-425c-92df-773ef8ed497c,fog,s4,4,0.543229,0.642259,0.876645
5a4ed1ac-66ad-4ddb-8b18-1a088d9bcaf0,gaussian_blur,s4,0,0.753821,0.853419,0.902024
5a50f23d-3d58-4775-99a9-a6e00c8243e8,gaussian_blur,s5,3,0.317127,0.480427,0.483691
5a71a5c4-b813-4ee7-a6d8-960b1a10ff73,clean,s4,4,0.422359,0.573912,0.640759
5a757f2c-00f7-4745-926e-c7b0a1e0b92f,shot_noise,s5,2,0.572595,0.717904,0.764772
5a8ff1bb-2daf-423d-bb71-4273e42e4a3c,gaussian_blur,s5,0,0.398092,0.567483,0.574096
5a9ac1c6-6208-4902-9132-165754cf31af,fog,s4,5,0.428774,0.578801,0.651000
5abd768b-da59-4bc9-9378-486790371616,fog,s5,2,0.549364,0.703457,0.728336
5ac02c01-9083-4128-b478-a39448a37fb0,shot_noise,s5,5,0.364118,0.524775,0.552949
5ac2938b-eb50-4c2f-826a-c7d6db016c3a,shot_noise,s5,5,0.576584,0.729560,0.738367
5ac711f0-d16e-40f0-bb26-b358d2e8ae68,shot_noise,s5,2,0.469432,0.636975,0.644315
5ac7a4f5-5432-4184-82e6-2e581971ae29,shot_noise,s5,4,0.698099,0.822161,0.822505
5ad665fc-32da-4168-8492-9b353f5f70a4,gaussian_blur,s5,0,0.578427,0.729389,0.745946
5ad77d8f-09db-465c-9b12-e0865796ca35,shot_noise,s5,3,0.379915,0.543784,0.565653
5ada7425-192b-4237-839c-85cec7eeed25,gaussian_blur,s5,4,0.320696,0.475384,0.505210
5ada7ead-7d5d-4d24-be17-4ad808b3d7b8,clean,s3,2,0.505152,0.611005,0.826054
5aec9b3e-0167-412a-a2be-1fca472564bd,fog,s4,2,0.262283,0.415516,0.415662
5af7f8a1-4e56-45ae-8c0a-1717fe7f66a4,fog,s4,0,0.246714,0.395565,0.396144
5af9ca25-5b15-4c5b-8823-4aced80eb4ab,fog,s4,1,0.793193,0.878495,0.935504
5b03ae17-2416-447b-ab49-ddffc3dce81e,shot_noise,s4,3,0.363383,0.531215,0.536997
5b04433a-e6ff-439c-9f89-10e4411e18a5,clean,s4,5,0.701235,0.811194,0.894240
5b05b63a-d1a2-4a94-b6e6-d78f02e50627,clean,s5,2,0.548860,0.695679,0.751605
5b12792e-b06a-4475-b7b3-8426c2f5038e,fog,s5,5,0.443257,0.611359,0.621675
5b143b92-030b-4576-b0c9-af3afb26564d,gaussian_blur,s5,3,0.775259,0.869549,0.902949
5b19228e-0f22-468b-b1de-63edcc452914,fog,s4,0,0.753819,0.847383,0.939886
5b21528c-9ab4-482e-a0bf-7565e7cd8606,fog,s3,4,0.440540,0.570774,0.706822
5b230ef2-4a0e-4d97-835c-a4c2a34d6c96,shot_noise,s5,4,0.611949,0.756687,0.769863
5b351e76-000a-4bcf-8d67-566fddfe22b7,fog,s5,5,0.389441,0.544303,0.596272
5b367c5a-a55e-4b00-a361-c4eaf46760a4,fog,s4,4,0.684246,0.797228,0.887964
5b3e3e07-0d39-474f-94d6-7323ad9c45bf,shot_noise,s5,3,0.638030,0.777087,0.787700
5b4463a7-0e89-473e-a354-7b01bb3bf0c9,clean,s5,0,0.668647,0.799456,0.811237
5b5541c9-78f6-4d44-9efa-2a0444683c65,fog,s4,4,0.787869,0.874502,0.935915
5b59ea2b-8c8a-494b-9106-eb79e0bbe922,fog,s5,1,0.529026,0.691977,0.691982
5b69b798-5d71-477c-a2a9-94bc1cf2167d,shot_noise,s5,2,0.722865,0.834837,0.865216
5b6f876b-7549-4bd9-afc0-659bdc35fef6,gaussian_blur,s4,0,0.251656,0.398249,0.408547
5b75d34c-6f4c-4ada-89bc-72a39d5f628b,shot_noise,s5,0,0.609110,0.756799,0.758220
5b8c8b68-de43-4aba-8859-4dca9fd3bd78,shot_noise,s4,5,0.624264,0.747389,0.852928
5ba4175c-91b4-4e8e-8beb-d291f5f53f3c,clean,s3,1,0.356932,0.481511,0.612060
5bb107e8-bfff-4a0c-b23e-73f6bcdcd451,fog,s5,5,0.331562,0.451922,0.582086
5bcca9ea-461f-46bf-8dc8-8b2cafcba2a0,clean,s5,5,0.438895,0.607593,0.616292
5bce94d0-123c-4da7-89d6-b09e09484907,gaussian_blur,s5,2,0.579539,0.732042,0.740399
5bd3ef58-5d04-4af1-ac37-b90b3f58e348,shot_noise,s4,2,0.458854,0.584467,0.736379
5bea3eb0-c56f-4720-8d47-72ec5b937722,shot_noise,s4,3,0.235081,0.376503,0.387360
5bea8e35-3cf7-4236-afd7-961913943718,gaussian_blur,s5,0,0.724144,0.838435,0.849717
5bee7d6b-a71c-4ea0-b65f-4292137d6159,gaussian_blur,s4,3,0.719261,0.826435,0.895904
5bef7f8f-53d3-42e4-aee9-22073d822752,fog,s3,2,0.427901,0.475530,0.835413
5bf4cd9e-ee01-4bbc-8de1-917bf00829b7,fog,s3,1,0.516345,0.619975,0.841723
5bfdbaa2-43e9-4a1f-8241-9fc55eff85dc,shot_noise,s4,5,0.379566,0.547609,0.556148
5bfe6762-2d07-424f-90d6-0ddb0c0378d2,clean,s4,0,0.598399,0.738769,0.786949
5c01e472-693d-4e7c-828e-004c00321c0a,fog,s4,2,0.595371,0.735349,0.788029
5c146cab-61e1-45e1-b911-9322c5815106,clean,s4,4,0.796985,0.883364,0.918415
5c1640b6-6f71-4c1d-8320-a0f688034cac,gaussian_blur,s5,0,0.748508,0.855098,0.863550
5c1789c9-f9e3-4c52-bbe1-614059d7f1ca,gaussian_blur,s4,3,0.627085,0.750621,0.851757
5c1961d8-3d4f-479d-8ff0-90f9dd82be4d,fog,s4,2,0.602283,0.735538,0.813200
5c24e10a-5449-49e7-8940-22f9cad0a337,gaussian_blur,s2,4,0.483468,0.491595,0.966937
5c2a2e90-2e86-4ad6-b0a8-a5d6b7c16bb2,gaussian_blur,s4,4,0.706088,0.817764,0.882400
5c53f966-58f3-4eea-a421-d6e7ad2c5be3,fog,s3,1,0.536804,0.644487,0.850804
5c60593c-346c-4c60-a0c0-447fe9a17ad7,gaussian_blur,s4,1,0.414509,0.572673,0.617461
5c775c38-6c5a-4040-9093-e7119fb0e54a,gaussian_blur,s4,5,0.511015,0.662145,0.718539
5c7a4bc2-8087-4cea-9f73-dad09f8596e9,fog,s4,2,0.757067,0.855577,0.904412
5c7eb8c3-f68a-4794-b500-21b607d22c80,gaussian_blur,s5,2,0.278504,0.419917,0.462832
5c83b6a4-29bd-4165-8c82-611fc7eb095f,clean,s3,5,0.648636,0.747871,0.941580
5c8d5ee7-2bf4-48e0-81c8-10f3d59988ad,gaussian_blur,s4,0,0.693916,0.803272,0.900800
5c937bc6-a8b1-4687-9fed-6cd401a4fb4f,fog,s5,3,0.511447,0.661800,0.721012
5c954329-b0d0-4b1c-8c89-6760c82fbe2e,fog,s5,0,0.403366,0.569771,0.586672
5ca136da-1a2c-4da6-a327-ca7aec52780f,shot_noise,s5,5,0.625287,0.768620,0.773029
5ca422ff-d215-448e-b751-2f6b6e3d8e22,clean,s4,2,0.637075,0.772626,0.803303
5ca6b50c-e0af-45ec-bb71-0edc6ec7903a,fog,s4,3,0.782384,0.869609,0.941548
5cacfb50-d8cd-4f64-afed-13e7717c0ced,shot_noise,s4,3,0.756195,0.855911,0.897707
5cb3a99a-be9c-409f-a24e-1c4c9b3ab164,gaussian_blur,s4,0,0.832263,0.904078,0.954066
5cc3b09a-5db8-466b-9742-ec52703ccf53,gaussian_blur,s5,2,0.630602,0.771243,0.783146
5cc4546f-b7cf-471e-bbc8-5456ab8deebb,fog,s4,4,0.198090,0.330662,0.330699
5ccc9a37-e2df-4b3a-9785-7069dae443c2,clean,s4,2,0.653389,0.783615,0.821552
5cce64ae-f8d4-4ee2-a0df-36b5144ec021,clean,s5,3,0.646414,0.784359,0.789317
5cd72fed-7313-4869-aa56-90ed7da3d9e2,clean,s5,5,0.625248,0.765330,0.786842
5cd78803-01e3-4c27-9979-1ea9839c2bab,shot_noise,s4,5,0.658950,0.772210,0.891915
5cdb7a95-d15b-48a1-928b-aa3ebe289626,fog,s4,3,0.578441,0.719437,0.781006
5cdd133a-31b3-405f-8b33-1dbadcbfe026,shot_noise,s5,2,0.377122,0.513896,0.617230
5ce4d42e-9d91-482a-9361-829a038df2a1,shot_noise,s1,1,0.429822,0.467264,0.852683
5ce79cde-1e48-4855-a4a7-e33942f94326,gaussian_blur,s5,4,0.635208,0.775801,0.781877
5cf31a5f-ac61-42da-a39a-58c3f365ca69,fog,s4,2,0.418232,0.569254,0.637478
5cf517d7-3016-4d6b-80f0-33d08121098b,fog,s4,1,0.209818,0.346713,0.347083
5d046d9a-b06e-4e9a-8f3d-6d25131e486e,fog,s5,0,0.668647,0.799456,0.811237
5d1315dd-5624-4945-8053-6eb807861f77,clean,s3,2,0.765334,0.851076,0.974469
5d1510f4-5173-45d8-96a5-9578bc880353,fog,s4,2,0.533316,0.678441,0.749116
5d1805a0-8fbb-4e48-851c-1f56863d69b1,gaussian_blur,s5,2,0.595002,0.745750,0.747392
5d1f1d40-c46a-41be-977f-1a12e10ead6e,clean,s4,1,0.287366,0.379653,0.554102
5d23398e-2323-446d-a273-41cc2ae2c201,shot_noise,s5,3,0.500842,0.666590,0.669888
5d250c77-a03e-43fe-beaf-87fb1b6e07de,gaussian_blur,s4,5,0.354857,0.521811,0.528049
5d3eefb1-92a6-435b-aa22-e1ecfbb88acb,gaussian_blur,s5,2,0.381362,0.550781,0.555211
5d4ffe4f-9d6f-44d3-8f94-075967d3880b,gaussian_blur,s5,5,0.434241,0.595794,0.629632
5d5cbca0-b632-46bf-861b-60944ddc67f1,fog,s5,5,0.620405,0.762845,0.777952
5d637ba8-c461-489f-8b1a-9e51281391a2,clean,s4,0,0.676955,0.804463,0.822192
5d6cfe48-4921-497d-b6ec-b96ac3c1db05,fog,s5,0,0.387545,0.450963,0.754661
5d705a5c-7898-4f11-9029-b470b6060c5d,clean,s3,4,0.576845,0.683637,0.883392
5d759746-438b-473f-9bee-1c89838b31c1,gaussian_blur,s5,1,0.481991,0.637031,0.687471
5d7b5cb4-e0f5-4c32-885c-3ac7def5dc53,shot_noise,s2,0,0.433312,0.464273,0.866624
5d873fa3-268f-4915-a526-5f2f90246b10,clean,s4,0,0.531482,0.667794,0.773190
5d8871b3-62a4-446a-9b81-ff8e1d185478,gaussian_blur,s4,3,0.432773,0.594661,0.627405
5d9d3f87-9bec-46ad-8d1b-723f1d19b5bc,clean,s4,3,0.724988,0.831628,0.893689
5da12702-945d-4ea9-99ed-348a418bb598,fog,s4,5,0.327739,0.477518,0.524613
5dad8c04-97a7-4056-9c7c-7f8e08f617cc,gaussian_blur,s5,1,0.252819,0.376380,0.447248
5daf5b49-ef9f-44e3-8966-f72d1c36a5fa,shot_noise,s5,0,0.698337,0.822377,0.822377
5db40e06-c556-4bf5-85f0-05fbad01ff30,fog,s4,2,0.522956,0.656727,0.774267
5db564e4-30c3-4ee2-ad41-8fc6c5a429f6,shot_noise,s5,0,0.314950,0.452849,0.526878
5dd9ebfb-c6bf-4d6c-85a6-5e0e335de708,clean,s1,0,0.495107,0.497541,0.990214
5de514f6-c8c1-42c3-aff5-aa49e425ac3e,fog,s4,1,0.655572,0.779065,0.850315
5df64a31-49af-4d8c-823d-18b77ffcb948,fog,s4,0,0.671469,0.798202,0.829441
5e12bde7-30e7-4c44-bf6a-7d424f568138,shot_noise,s5,4,0.273597,0.416349,0.452424
5e15cde6-7252-48cf-a7aa-aef0cd96b9d1,fog,s5,0,0.441243,0.603693,0.634048
5e1a30b8-7ebb-4073-8024-66d16bbd1a07,clean,s4,5,0.572783,0.711954,0.785355
5e285701-8937-4a47-aec4-d401fc6907ec,fog,s3,2,0.361709,0.481684,0.626901
5e4c50c6-aae6-4073-8714-9b3f1f459b1a,fog,s5,1,0.634314,0.772952,0.790747
5e4f876b-1e07-4ed3-971e-bec51c4d7713,clean,s4,1,0.741797,0.844650,0.897536
5e540142-4418-43a0-b71c-75f8ba5fd3aa,gaussian_blur,s3,4,0.643704,0.744645,0.934362
5e54d7ce-a89b-4cf7-b04d-623ebecdf218,shot_noise,s4,2,0.438132,0.590325,0.655643
5e55e090-5049-44b7-b00f-34bb3dea0147,clean,s4,3,0.560263,0.673404,0.855218
5e56bbf5-5f16-4f58-b447-76b01e9820fb,clean,s3,5,0.666238,0.761255,0.960682
5e593650-190c-4e60-b42c-ef10e0d7ef03,clean,s5,2,0.553372,0.703280,0.743477
5e5b3bad-0db3-4cbc-943a-1d2ed4c7c397,gaussian_blur,s5,2,0.289606,0.441452,0.462900
5e602ff4-0d4e-4411-8f4f-dca1a596f985,shot_noise,s4,5,0.708014,0.819511,0.881899
5e6960d0-7ea0-48fb-b90a-f9f0a935f0d8,clean,s4,3,0.655137,0.779132,0.848277
5e6e5bf2-f468-42e8-969b-c0b5d75dda81,gaussian_blur,s3,0,0.355705,0.475297,0.619006
5e70bc83-7ffc-4dc3-8143-c8a475b1e7a7,fog,s4,4,0.326898,0.492180,0.493800
5e84f1ce-7d57-45b4-8439-de0b1f3985c0,gaussian_blur,s5,0,0.509501,0.674217,0.677643
5ea43fa8-d31c-45c7-9c4e-f4b7613d8081,shot_noise,s4,4,0.586473,0.728881,0.777925
5ea8cd59-fb27-4308-9180-e74e5b67975c,fog,s5,5,0.298868,0.441614,0.493477
5eab9659-91e4-4030-9654-613cefae1326,shot_noise,s5,0,0.585336,0.726535,0.781963
5ec070fb-bf83-4a38-b3a1-ca0e63df9b07,fog,s5,0,0.756948,0.861488,0.862916
5ec2ecde-e052-4a4a-bc5c-5a8fffda102d,gaussian_blur,s5,3,0.390858,0.465407,0.742795
5edbb3e9-222f-40a6-a14f-da5831ebc0bf,gaussian_blur,s4,5,0.435773,0.588855,0.651210
5eea049f-e47d-4207-b66f-426082bae7b9,gaussian_blur,s5,1,0.627250,0.770878,0.771171
5eee97a7-2416-4686-afad-6ca33eec0cdc,fog,s3,0,0.472724,0.600223,0.746405
5ef2d4d3-9fba-4a5d-aff0-fe1472f5fbde,shot_noise,s5,1,0.624502,0.768517,0.770307
5efd4045-3fed-4462-8cb6-a28a479c8645,gaussian_blur,s5,4,0.399750,0.555207,0.607068
5efe1649-72b6-416a-8c6d-427d0b58159a,clean,s5,3,0.668647,0.799456,0.811237
5f04ce78-2c04-421c-be23-c512e129693a,fog,s3,0,0.708212,0.800960,0.970994
5f173605-c2cf-4990-b0b0-69ab603ea843,gaussian_blur,s4,3,0.718862,0.825119,0.901171
5f1d6f85-9254-4cb2-bff8-7dcb32792fa3,gaussian_blur,s5,3,0.432493,0.602401,0.607431
5f221c67-28e2-4b50-b9c6-43fe734d9326,shot_noise,s5,0,0.646414,0.784359,0.789317
5f40c03a-a57e-49bb-9adf-140c2b4a66fe,shot_noise,s4,1,0.632234,0.770478,0.793019
5f44dc6d-11a0-485a-b0fe-3e78e04ca1b9,shot_noise,s5,5,0.561966,0.719365,0.720264
5f53e153-858f-45f3-ab80-d0ea7900c08f,shot_noise,s5,5,0.550009,0.709131,0.711589
5f5ea028-6dd2-455d-ad4b-923abd5ea029,fog,s5,5,0.365877,0.482604,0.638437
5f6ee03d-cabd-4c80-9099-68e05cf71772,fog,s5,0,0.538278,0.694311,0.717951
5f70bd08-9cb0-4b2f-8a28-2a9dd0321327,fog,s5,0,0.693958,0.819333,0.819335
5f734a01-fc1d-4c79-9b8f-1cbd5cb0659b,fog,s4,1,0.649586,0.776454,0.837319
5f82c7c4-3830-418c-9512-91251db61f21,clean,s5,1,0.701819,0.824433,0.826805
5fb0f6dd-09d1-4402-b0a2-ec37c64c5f44,clean,s5,2,0.720434,0.834918,0.853159
5fc68c67-2188-4079-8126-23047dbff99f,fog,s3,5,0.461646,0.509704,0.880459
5fd24e8a-b5a0-4ba9-b460-7b3e6983de84,gaussian_blur,s3,0,0.708212,0.800960,0.970994
5fdd7c39-f564-4253-9213-7e0b46e94791,shot_noise,s5,4,0.656871,0.787135,0.820011
5fdf3639-304d-46b5-8784-1f641bca604a,shot_noise,s2,0,0.492961,0.496455,0.985921
5fe34968-b707-4503-9b8d-62f0ab8a87ef,gaussian_blur,s4,3,0.692095,0.808679,0.866927
5fe84a74-a916-43fb-8720-9c5991ec0ade,shot_noise,s5,5,0.611486,0.758246,0.761653
5fef9ee0-eb5c-4387-8316-0b4d519d7717,fog,s3,2,0.469315,0.605968,0.722197
5ff79cb3-7048-4acd-8300-c4c36066ca56,gaussian_blur,s5,5,0.634174,0.772272,0.793126
6004bc3b-e2d3-4d55-be14-776e881dbe42,fog,s5,2,0.810560,0.895109,0.897851
60052d54-8676-4ddc-b5bc-c5008bea90b9,gaussian_blur,s4,3,0.750389,0.848293,0.917409
602d188d-2185-4c51-9a54-3a479b07214d,fog,s5,1,0.637844,0.777840,0.783573
602eba5d-d5fb-4a72-8a39-4a2596e7b4a5,clean,s5,3,0.457069,0.627195,0.627883
602fb812-485a-4528-9da1-0e4c96f19db3,fog,s5,2,0.399125,0.568433,0.575408
60316483-8d63-4757-8e37-e81ce0a33c6e,gaussian_blur,s5,2,0.521783,0.682311,0.696583
60399c8d-a56d-42fe-8a54-7ef05fbc1907,fog,s4,0,0.781578,0.868712,0.943572
6048f13e-8c33-4cdb-85f7-f09ad3ec6a55,fog,s5,1,0.690966,0.816125,0.823333
604a4e89-7631-4336-8bc0-29278b566be1,gaussian_blur,s5,4,0.534461,0.690958,0.714901
604ddc64-5ac4-4db4-a300-b00d5ff476f3,shot_noise,s4,4,0.497752,0.611708,0.801051
6055a1ee-7511-48da-a7f5-2f59a45cea61,fog,s5,2,0.570614,0.726247,0.727948
60635f30-3bbb-46f6-bfe7-3498ce2304a5,shot_noise,s4,0,0.476996,0.587763,0.786928
60714376-117d-4d20-8bf2-fccce42ebc9c,fog,s5,1,0.344170,0.508205,0.520000
607a0674-5ace-4aaa-9731-cdaa6c55bbbb,shot_noise,s5,4,0.832224,0.908429,0.908443
607a215c-1f58-4ee6-b3e5-b68ef1309a61,shot_noise,s5,1,0.516335,0.672678,0.706549
607d573c-f53b-474d-ba97-dce245c340e8,fog,s4,1,0.383411,0.516789,0.631922
607ff5a4-588c-4231-a10f-201f6f39ac9e,shot_noise,s4,3,0.781688,0.871318,0.925267
60856fae-3e6a-4883-a8a8-9c3083370876,shot_noise,s4,3,0.732471,0.843399,0.859504
608863dc-549c-4ce1-b710-23a70e3a5832,shot_noise,s5,2,0.606300,0.754049,0.758373
60888745-1b86-4710-a6c1-df974864424d,gaussian_blur,s5,0,0.260973,0.345840,0.518000
609ca052-14e5-49a3-8bec-5472230d1466,fog,s5,4,0.600049,0.727868,0.831509
60a20d33-65b1-4c83-b476-cc2b41c12f53,fog,s1,3,0.503014,0.517085,0.984624
60a405e5-52d8-47ae-b829-09c5c86fb54c,fog,s2,1,0.279048,0.381894,0.524419
60b057f2-52cc-40e0-907c-7007f14d3bdf,fog,s5,0,0.414876,0.580259,0.601195
60b35f8c-5aca-4675-968a-95936a217678,clean,s5,2,0.266196,0.382031,0.482662
60b40dd9-6792-403d-8ad4-fb24cddf7738,gaussian_blur,s4,3,0.430519,0.553334,0.710651
60b59873-36c0-4bb8-9ab8-dd43c381e107,shot_noise,s5,1,0.625732,0.769572,0.770709
60b816b8-a5a5-48b9-8c16-0a2f2e8d0636,fog,s3,5,0.547084,0.643934,0.885055
60be99ca-96ac-4714-9144-d2dc57f8feaa,fog,s4,4,0.756024,0.855668,0.898443
60cefaaf-a7c2-42bf-9eb4-fb2c75ee430f,gaussian_blur,s5,1,0.533986,0.680759,0.744597
60f9717a-52b0-442a-9092-005c6826d00f,clean,s5,4,0.774537,0.870879,0.888949
610251c6-b4e8-449d-8840-d1c20d6561fe,shot_noise,s5,1,0.561876,0.701821,0.778741
610540e6-c0b0-458f-99ae-7f65be54cd1a,clean,s4,5,0.819118,0.899378,0.912373
610a7e2a-8809-403c-9733-330af5708465,gaussian_blur,s5,2,0.307600,0.415630,0.564341
610f157d-afc2-4595-b78e-a9c1649c573c,fog,s3,2,0.534723,0.638187,0.858923
6119e9d7-b40f-40a0-b005-27be6ec16ab9,clean,s4,1,0.650333,0.768347,0.873493
611d3471-60ef-4b8f-aff7-2b9cfee694f8,clean,s5,1,0.706363,0.827904,0.827988
6121bede-fd04-4ad7-ba50-15479ef0f676,clean,s4,4,0.448080,0.561046,0.750571
6127f2fb-b7c5-4752-9ab0-9cb44f564b72,fog,s4,2,0.374109,0.523233,0.589144
612948ca-7563-4d69-9510-8610b07408d8,shot_noise,s3,2,0.306566,0.429035,0.539737
612a8fe5-bb3f-466c-9119-967b47d873ff,gaussian_blur,s5,5,0.456797,0.477423,0.913595
612dd1b6-92bc-4605-8ecf-5f68547d613c,gaussian_blur,s3,3,0.373304,0.476922,0.671243
61326600-9116-4080-8605-498118e8212d,shot_noise,s4,1,0.645209,0.779256,0.807421
6135e9b4-0b24-476e-91b2-c6860e4f7a10,fog,s5,3,0.506474,0.666206,0.690943
6138eb47-fe1b-4b25-96ff-84ce50ad5e47,shot_noise,s5,2,0.252758,0.382554,0.437483
613ed450-6823-4273-88a9-e996a7aa69c1,fog,s4,3,0.739162,0.845914,0.876672
614138e8-315a-42a3-b640-756e84ff3ff9,fog,s5,1,0.297140,0.457939,0.458528
6146464c-eb33-4c86-8b1e-8089dcb220e7,fog,s5,1,0.521958,0.671870,0.728670
615282e7-bc52-4419-8dfc-270e77cac1b1,gaussian_blur,s4,4,0.582619,0.728246,0.765808
6158599e-8ac4-4893-9760-f20e5ff75c7b,fog,s5,5,0.534428,0.693543,0.706501
615a0ef7-a32c-40a6-8a27-516b6496efac,shot_noise,s5,0,0.650110,0.787541,0.789931
615d2a2e-897e-4ee3-ab53-547ec5e882e1,gaussian_blur,s3,4,0.660621,0.757764,0.951955
616448ce-6676-4149-963c-e89ea0cde2c1,gaussian_blur,s4,3,0.491284,0.655588,0.668414
61669af0-5e60-4925-8b7d-2f3d35adee68,shot_noise,s3,3,0.613504,0.717456,0.912673
617190f3-98a5-46f9-aea7-d3ce1a4d5638,shot_noise,s3,2,0.410303,0.520985,0.708958
617b7dc5-1d2f-4feb-bc6e-acfd4e6b37bf,clean,s5,2,0.600585,0.734796,0.809509
618bf6b2-fdc1-4ced-ac53-89855b93efe1,gaussian_blur,s5,3,0.520792,0.683480,0.689369
618d89f6-2311-4940-aef9-b6140c1c5faa,clean,s5,3,0.307600,0.415630,0.564341
61959b67-7001-4530-9d07-de6ba596c14d,gaussian_blur,s4,2,0.519935,0.650864,0.779504
6196881d-2588-48be-8878-fb3e819fb80f,shot_noise,s4,5,0.545573,0.684235,0.774849
61aa4ec2-8c1f-48ad-84c7-5374283f6d6c,fog,s4,1,0.779040,0.866717,0.943928
61b59a10-ab0b-463d-a924-ee2a0f1589b6,shot_noise,s5,4,0.706826,0.808205,0.932667
61b71367-c4e4-4b2d-b5e9-de26f06055cb,gaussian_blur,s5,4,0.741208,0.851124,0.853036
61baa61a-8241-4325-be2a-435fb675889a,shot_noise,s2,4,0.495128,0.551938,0.908681
61d89c45-138c-4329-a2a3-7edbe7ba930d,gaussian_blur,s4,1,0.502159,0.660836,0.691424
61ee81de-92d3-4ca5-bde9-a8b364f78c11,fog,s4,3,0.676932,0.797487,0.856032
61f0c0e0-5b61-4d06-a7ea-d75f0e5a19a3,fog,s5,1,0.585123,0.737828,0.739948
61f38766-1f68-4feb-be6a-af954b51f7a9,shot_noise,s4,5,0.435168,0.566256,0.699067
61fa7555-8897-4c41-b2dd-0864e2616454,clean,s4,1,0.770663,0.865963,0.904180
6202a0ce-448c-4ad3-8cee-98c66c0ab45e,gaussian_blur,s3,0,0.586281,0.685867,0.908936
6207ec0e-4b97-4614-bcb7-a3426b182c42,shot_noise,s4,0,0.787416,0.877386,0.911083
6208ff5c-f2d7-4287-bb31-83e7cad79c83,shot_noise,s5,1,0.394161,0.558485,0.581211
620faa98-adcb-4886-ae9d-d0476f7c19fa,clean,s5,1,0.341440,0.494567,0.537747
62120859-ec61-4a97-94b7-f7ef53a28c96,fog,s5,3,0.615815,0.761607,0.764867
62137b03-d6f6-4644-9c5f-043acac3beb2,clean,s4,0,0.865566,0.926956,0.941397
62217344-d1a3-4e86-85ba-e0b950bded74,clean,s3,0,0.645315,0.752783,0.912428
622f56e7-3b88-4481-b775-509be8629c3e,fog,s4,1,0.831591,0.906042,0.929461
6239bce9-f7be-43e2-bcd6-a81f79f2b92f,gaussian_blur,s3,2,0.478541,0.489035,0.957081
623e89a5-d11a-4a14-aba8-05301462495f,gaussian_blur,s3,5,0.478541,0.489035,0.957081
62495d1a-3253-4760-a0fe-9670de29fd2d,clean,s5,2,0.539180,0.698932,0.706168
624a34d5-9112-4abc-8e1e-bb7557f899b1,gaussian_blur,s4,5,0.637280,0.774951,0.794059
6253c288-2838-455a-a760-6c8613543fc6,clean,s4,0,0.423553,0.487459,0.805008
6264375d-09e1-4527-8e4e-81322e939c83,shot_noise,s4,5,0.572228,0.701949,0.815057
62648f24-0330-4f4c-b958-153273edcc27,clean,s5,4,0.802551,0.889504,0.899125
626e5c74-d647-445a-a5d1-c9532e8f5c65,fog,s3,0,0.652325,0.765258,0.893215
62761597-7bb8-4d24-9cc6-b1c7c7de0b73,fog,s3,4,0.599047,0.703153,0.904560
62819fdf-26f6-46c9-bd67-3b6a9de0ef69,clean,s4,0,0.666967,0.795707,0.822288
62945230-8308-424c-bd63-edaefe49c066,fog,s4,0,0.715104,0.829722,0.858365
629ae2ca-69ed-4030-927a-cd37edc92d0b,gaussian_blur,s3,3,0.236353,0.343697,0.441218
62ab59dd-8e4e-4e95-a348-7bd6580c5505,gaussian_blur,s4,2,0.216957,0.339891,0.381804
62acb925-bb0e-463b-98b3-56bdad103bd8,clean,s5,1,0.704223,0.826393,0.826741
62ba3d39-3210-4b2b-a4cb-065f9e9d7913,clean,s4,1,0.699355,0.805505,0.913461
62c1233f-58c9-450c-9cef-e71831fc1be7,gaussian_blur,s5,5,0.454857,0.624329,0.627866
62d1e91a-5483-4bd1-b539-a79249fbc4b2,gaussian_blur,s5,5,0.563911,0.715606,0.740665
62d571a6-36e7-4a9d-84f4-a7caac66a69f,fog,s5,5,0.317688,0.431074,0.572037
62e0dc87-121a-450c-bf9e-ab9a38d7bae1,fog,s4,5,0.354541,0.513305,0.544402
62f290c9-2d2f-42c3-a7cc-e751f80ce4cf,gaussian_blur,s5,4,0.671101,0.800517,0.816555
62f991d5-dc61-485e-9421-807100cb8dd6,fog,s4,0,0.528636,0.665272,0.770430
630421e7-459a-4b34-a97e-16756c590c41,fog,s5,4,0.343429,0.505209,0.523525
6315709b-b3ae-487a-b22f-27ec24332f60,gaussian_blur,s5,1,0.476256,0.627215,0.693524
6317e593-5ff5-43b6-9a01-c645b703fa5e,clean,s4,2,0.704516,0.811597,0.906523
632fb9fd-e0d4-42d6-8453-471006d09488,gaussian_blur,s2,4,0.373228,0.466146,0.688620
633b66c5-fc78-48ed-b876-d31f1ace6767,gaussian_blur,s3,2,0.450942,0.534281,0.809046
634058f0-64df-4d20-9246-710a75f9072c,shot_noise,s5,0,0.568771,0.724528,0.727255
63446670-863b-4606-b7d5-92087e11010c,clean,s5,4,0.727073,0.841942,0.842155
6346ae38-adbd-4ae5-a038-9c8c9d2c1020,clean,s3,1,0.443970,0.473976,0.882891
63533f39-01eb-446f-bd87-36030d52cb51,gaussian_blur,s4,2,0.531383,0.690068,0.706649
636401f6-1edf-42cd-ab50-6155274f3f27,fog,s5,2,0.468325,0.631800,0.654483
6368c806-0cd3-4670-9d5e-aabbe4098dd8,shot_noise,s4,3,0.863368,0.923666,0.966096
6371f637-67f3-4251-8c17-c91ed55e51a5,clean,s2,5,0.465776,0.482282,0.931552
6372ad3f-cd21-4081-9f5b-1c240833268d,gaussian_blur,s5,2,0.537606,0.698953,0.700352
637be2d0-990d-4201-af01-0a96685cb05d,clean,s3,3,0.524962,0.619522,0.869765
6392a7c2-4dd6-4481-8af1-f11d79175fec,clean,s5,1,0.643437,0.782111,0.787292
63a482e4-75ee-4c8a-a4c8-c0db0a066e2c,fog,s4,4,0.491814,0.641181,0.709984
63ad313c-7597-43d4-979f-841198787966,clean,s5,4,0.712842,0.832318,0.832542
63aeda72-65e3-41d7-9b6e-bc46cda36f9b,shot_noise,s4,0,0.671469,0.798202,0.829441
63b35b5c-a87e-4786-8a6b-c2a71bd12025,gaussian_blur,s3,2,0.306023,0.412357,0.564400
63b46176-87be-4fe0-ab23-52e2409e6301,fog,s5,5,0.388650,0.556649,0.566752
63c47c14-9813-4ff7-bc15-41e856da8f64,shot_noise,s2,1,0.486257,0.493033,0.972515
63c5c8c6-b776-427b-95b7-f496d9f0e992,shot_noise,s5,0,0.813726,0.897222,0.898037
63d23233-6a84-4635-840e-723bfe06f4aa,fog,s5,1,0.591356,0.742726,0.745093
63d92aca-fc4b-4dac-a47b-767f03720124,shot_noise,s5,5,0.626484,0.762806,0.802174
63dc5d79-36e2-4582-a5b6-58530daca20b,fog,s4,2,0.626619,0.740923,0.884449
63e29ce6-d01e-4212-a717-6941af70b55d,shot_noise,s5,1,0.700035,0.823466,0.824052
63fa99b4-6dd7-4972-b8ff-7f1447075a68,clean,s4,0,0.277705,0.431325,0.440618
64295aca-fcef-452d-9dd8-908179330907,clean,s5,3,0.577078,0.709010,0.810261
642ac5a6-0868-4d0b-b644-6b5cd90ca6ed,fog,s4,2,0.351646,0.499877,0.561204
642b708e-d2e3-4943-b66f-277fc8e40c70,gaussian_blur,s5,0,0.627119,0.770821,0.770889
643576e6-b427-44be-aa7a-bd3e9d1f22a6,gaussian_blur,s4,5,0.778834,0.868009,0.933693
6448cd03-bbb6-4b4d-af6a-647b9795e838,shot_noise,s2,4,0.468085,0.483517,0.936171
64582280-99ce-49d2-917e-9c139050fcb9,gaussian_blur,s5,0,0.486591,0.654271,0.655706
645c3d71-d052-4f96-95b0-9b7536d882e5,gaussian_blur,s5,3,0.420985,0.582645,0.616200
6462c5bd-ecd3-45cc-b0bc-25ece9a83541,shot_noise,s2,1,0.563960,0.626240,0.975247
6470e8de-fa33-4b57-89ff-114de02c1503,fog,s4,3,0.509480,0.661301,0.715609
6477054d-cae0-40ea-9161-04897c0fb94d,gaussian_blur,s4,5,0.630845,0.767076,0.801830
647a89c2-1fb6-4de6-8eec-237cce62f5e4,shot_noise,s5,4,0.600495,0.748915,0.756250
6488b87a-720f-4015-bd4c-b4fe112ce3a5,clean,s4,4,0.364958,0.524168,0.557000
64899f14-598d-4460-902d-c42c2263ad34,gaussian_blur,s4,5,0.461484,0.595264,0.721125
648d97a4-7ecf-4835-9afb-834e4c633742,gaussian_blur,s5,5,0.591804,0.743560,0.743579
6493c4a0-a04b-4ccc-8785-cdfb7be6c966,shot_noise,s5,1,0.323203,0.439034,0.576725
64af590b-5d35-4cc1-97b4-fb29756b581b,shot_noise,s5,4,0.547600,0.696918,0.743173
64ba3032-2f50-45db-8929-a37c093b1c32,gaussian_blur,s4,0,0.338177,0.504123,0.508063
64bf8489-5fca-4dcf-9efc-f1fd1336c0ab,fog,s3,0,0.496665,0.626553,0.763153
64d717d0-c49d-490b-8970-ad380a2fb6f1,clean,s3,4,0.685816,0.784854,0.947387
64de5189-1fa0-445c-994b-faec4cfe11ca,shot_noise,s4,0,0.584954,0.702754,0.857160
64e01afc-f3e8-4e61-8601-8e79858e6dc3,clean,s3,3,0.591292,0.703115,0.878043
64e9aae0-ea9d-4a00-9172-59f05ce9ed9f,gaussian_blur,s5,2,0.615211,0.761125,0.764480
64f5fa92-5fcd-4669-a295-1d60f988f34d,clean,s5,0,0.721577,0.837694,0.841852
65027922-b521-484c-9859-c4d0b78a0e58,gaussian_blur,s3,5,0.682832,0.780025,0.954734
650cc133-b770-429b-bd59-98a727d5dc37,fog,s5,3,0.447237,0.589388,0.687877
65198534-3730-4ae9-8459-0464d94785bb,shot_noise,s5,0,0.452709,0.621315,0.628400
652d8033-0eba-4609-ba21-43056d31f6fc,fog,s3,1,0.453019,0.475351,0.906037
652d929a-32c0-4aa5-914f-877147fbfae8,shot_noise,s5,4,0.534178,0.694438,0.702693
6540dc2e-9636-42d1-9f2e-54a0100b9a6c,fog,s4,2,0.690396,0.797192,0.913749
6542df7a-3122-4602-b945-6787c77c07c2,shot_noise,s5,3,0.326855,0.482044,0.513205
6555c99e-3686-424e-8a41-4f2460dc60b7,fog,s4,5,0.472563,0.614184,0.713464
655b647e-6dc8-44f6-902b-c7dc4f603771,clean,s5,1,0.279948,0.387468,0.519013
655e8b41-1c75-493a-b2ab-61561eb12fe2,clean,s5,1,0.437735,0.608664,0.609584
655f8265-514c-40b2-904a-023c1daae470,shot_noise,s4,3,0.503868,0.632411,0.772613
6569e212-9022-4168-aeb0-6568a0240cca,shot_noise,s4,4,0.559980,0.681149,0.833294
657fc44b-91c8-4cd2-8144-9dcb45775482,clean,s4,5,0.647650,0.781456,0.807628
657ffcc9-9c6e-4254-8413-e141957df848,gaussian_blur,s5,4,0.497130,0.662224,0.669696
65823114-b585-4a6a-9eaa-2251a0490414,clean,s4,4,0.539749,0.679546,0.768307
65839628-8088-4140-8b6a-79a1481340c7,clean,s4,4,0.503920,0.666820,0.680114
6589d8f7-f096-4b11-8f55-223891d3b5cc,fog,s3,5,0.416912,0.454691,0.833824
6591ef4e-1262-4b71-942e-d1f9f25823ae,clean,s5,3,0.764837,0.862495,0.897701
6597495f-62b1-4ab4-aa6c-57a19221db62,gaussian_blur,s5,2,0.423023,0.581028,0.626795
659a3496-0dac-4e6c-9b51-f5382f9e4cdc,clean,s3,2,0.666650,0.767145,0.941035
65a1c8b5-80a9-4131-9496-dcb8a113daa9,gaussian_blur,s5,0,0.778256,0.875263,0.875617
65a2a1c1-1871-47d4-a7e8-2f076393e981,gaussian_blur,s4,0,0.849216,0.917008,0.935970
65b44faf-b4a9-4cf9-b467-fd4dd38030ca,gaussian_blur,s5,4,0.782669,0.877100,0.886117
65c0848d-3c39-4b3d-bf53-8cd83a945fb2,gaussian_blur,s5,3,0.544916,0.705031,0.706788
65e6cc79-fbb5-4b1c-90f6-52c24e482748,shot_noise,s5,0,0.563482,0.719419,0.725739
65f46d9e-c65d-4060-bfb5-c64470e63e87,shot_noise,s4,5,0.569346,0.683156,0.859490
65fdc8e6-9657-4c42-8705-f51e56b6e45f,gaussian_blur,s4,4,0.724835,0.824764,0.930090
660c2120-78a6-4858-a850-2cbaa6d1e453,clean,s4,1,0.591441,0.724638,0.810965
6610c2e9-5fda-4c32-9950-428fb72e3912,clean,s4,4,0.251059,0.397528,0.407706
6611e8cf-09c7-4f94-9be4-d81d2c90827b,shot_noise,s5,3,0.388491,0.437248,0.776981
6616b4f0-8bd3-4f48-b9ab-c004eee46089,fog,s4,1,0.406564,0.545567,0.649674
6617d711-5260-41fc-83f4-8ed7d440cce3,clean,s5,1,0.580178,0.731590,0.744491
663b7324-a76f-49de-b021-2a22b40d4e61,clean,s5,4,0.417057,0.585181,0.596924
6650da24-0260-4240-9cfc-5c8938d0f139,clean,s5,4,0.773621,0.872346,0.872496
6654ee26-7df4-446f-a6f1-60f1eea80555,clean,s5,5,0.474114,0.639455,0.653787
6656321e-6bab-4faa-8c14-93bacddcd9ba,fog,s5,1,0.611262,0.758715,0.758827
66578ef9-1ff9-45ba-878b-7f951f3e60bb,clean,s5,2,0.678397,0.805820,0.821605
66583dd1-c0f0-4dd5-acf2-88e541725ce6,clean,s4,2,0.380646,0.539857,0.576494
66663269-426e-4d7b-8de3-7f24ef44cd97,gaussian_blur,s3,1,0.553788,0.658440,0.872042
66742915-2346-4b7e-b950-ad082b425d67,gaussian_blur,s5,5,0.684168,0.806366,0.843995
668abf3c-55bf-48b0-a39e-95ecb4c27dc4,fog,s1,0,0.395089,0.450323,0.777573
66a29214-6d90-4e01-8930-8d19e7a052a3,gaussian_blur,s4,0,0.505400,0.615097,0.817856
66a54c5a-1b0e-4430-a5c1-6ee41abe83ec,fog,s4,5,0.604005,0.740892,0.800320
66ab581e-ddbd-495c-8e0c-6d50d43334b1,gaussian_blur,s4,0,0.655137,0.779132,0.848277
66addf5e-f1b6-44a2-8e19-0ffd578e0f99,gaussian_blur,s4,5,0.631365,0.750362,0.868853
66ade9b7-59fd-44ff-9fe9-2d7122aeef75,shot_noise,s4,0,0.506479,0.626457,0.795397
66af2632-0173-48bb-a6b0-b72c0f6f41e7,shot_noise,s3,3,0.211011,0.333010,0.371692
66b4f1a9-17be-4989-b08a-1dfb7639d216,fog,s4,1,0.494050,0.630174,0.745675
66c476f7-5daa-441e-b321-e54ff1a8590b,shot_noise,s5,0,0.673771,0.804086,0.810233
66d91cef-ebd5-4fc8-ae8a-a7cd47915a51,clean,s4,5,0.762192,0.856279,0.926078
66e740bd-c27d-47be-8a5f-eff85143b7c9,gaussian_blur,s5,4,0.374843,0.452368,0.714965
66e98259-a895-4da5-9356-a20502af0528,gaussian_blur,s5,0,0.761719,0.862625,0.880176
66f29ba9-1592-46ce-80e0-e253031acd5a,fog,s5,1,0.513347,0.668108,0.709516
66f49256-b6e7-4f2d-a96f-b853d78fa1b8,fog,s5,4,0.522398,0.675318,0.720053
66f917ab-14f2-4bf7-84bd-de0a69b7b394,shot_noise,s5,5,0.328316,0.416178,0.628204
66ff834d-3491-4c2f-aed4-6318a890c201,clean,s5,1,0.661430,0.793877,0.807573
6704a0a4-2592-4514-938e-9cc309f1e697,gaussian_blur,s5,5,0.617253,0.762441,0.767099
6704c2c3-927b-452f-821c-6a73ddceef1d,clean,s4,5,0.749379,0.848192,0.913029
6716d352-d0b1-4c35-99fb-e0c29d76f07b,clean,s5,4,0.317325,0.470028,0.503931
671b0dbe-94d3-4d7e-9654-a68b74f36b0a,clean,s4,0,0.449327,0.618266,0.624721
671bcd65-7e9f-4bae-83cf-becb9979d5d7,fog,s4,5,0.367349,0.506316,0.600107
6727bf11-a853-4c58-a98f-e71e9704c3ba,fog,s4,3,0.477163,0.581421,0.800462
672f6dd8-175d-4f68-a6be-b206c2399e40,gaussian_blur,s5,4,0.465918,0.635610,0.635826
6737b352-04c6-455b-bf3b-5f40176999ce,shot_noise,s4,3,0.493672,0.641672,0.715008
673a75aa-46d0-4853-b15f-bda6f4b1fe8d,shot_noise,s5,0,0.190645,0.304173,0.343328
674cb70f-436f-40db-b07f-5a4964ed0067,gaussian_blur,s4,0,0.762423,0.856508,0.925765
674cc74c-6333-408f-a6ac-06c816b4e20e,fog,s4,0,0.672937,0.799071,0.831504
674ee7bf-30ea-4238-bff2-aa93893c3d5e,shot_noise,s4,2,0.721795,0.828477,0.896400
67631d34-8a9e-4200-91f2-f2a050640bd0,fog,s5,3,0.239960,0.344207,0.452368
676f6623-03da-4728-8a56-89648968f8b7,fog,s4,3,0.580939,0.717561,0.796420
676f669a-986b-44be-a8e2-e6cdaceef11e,gaussian_blur,s5,2,0.457720,0.624964,0.636073
6775b815-0e01-459a-9274-a3fc02d5f442,clean,s5,1,0.519070,0.683402,0.683413
6783bf12-4797-41c2-a61e-a1502f2ed13a,shot_noise,s3,4,0.335118,0.478598,0.546898
6799e299-1139-4f58-8181-408973bd351d,clean,s3,3,0.593561,0.701483,0.890555
679cb041-4275-422b-8843-07b320e2a35a,clean,s5,2,0.290850,0.423294,0.498040
679f183b-4f7f-42df-9492-b64ef300edda,fog,s5,2,0.579620,0.729347,0.750597
67a0d0c8-551a-404a-b8dd-5d250eb310c8,clean,s3,5,0.686983,0.788008,0.939189
67af7915-6b2a-4487-abb6-4c3d03bb5100,shot_noise,s3,1,0.709967,0.802801,0.970275
67b56618-4f7d-4f41-9834-323f70e655ed,shot_noise,s5,5,0.694229,0.818763,0.823712
67b5ec77-6c5a-4a54-a5d1-69a6799bf920,shot_noise,s5,1,0.748877,0.856401,0.856462
67bc7c57-3d63-4ac3-b2ef-3eb1aec6804d,clean,s1,4,0.373419,0.434934,0.736405
67bdf7c0-0949-4615-920a-b1169f0e5b64,clean,s4,3,0.517437,0.661385,0.742832
67be3ff5-a6e2-4c8e-9a17-959708a8d7db,gaussian_blur,s4,5,0.480114,0.625304,0.711332
67d2ddc8-863e-45b5-980f-d4d336c48b53,gaussian_blur,s4,4,0.493046,0.646406,0.700192
67e05688-ddb3-4782-b046-ed096fb67083,clean,s5,0,0.541761,0.702384,0.704120
67e72281-28b6-47be-a10c-1a4920a37b27,gaussian_blur,s4,2,0.789368,0.877478,0.921534
67ecd2c1-3fcb-46cd-9276-1fe829818592,gaussian_blur,s5,0,0.774550,0.872056,0.879973
67eed722-4790-4aa1-9e3a-0dcca7b1766a,shot_noise,s5,1,0.668755,0.796627,0.825472
68194cc3-2ca9-48bf-a03d-aece10eaba8a,fog,s5,4,0.452755,0.622779,0.624699
68253b11-2de2-4f7d-a32c-246e576b4c61,clean,s5,2,0.650208,0.782692,0.812603
683990c0-4773-414f-a828-aaeaf92bd473,shot_noise,s4,4,0.589003,0.726375,0.796075
684e84ee-24e4-4d19-901f-d7003d11ae1c,fog,s4,4,0.591620,0.690059,0.915577
685ad9f2-18ce-401f-ac5d-b44fe6ce838c,clean,s3,3,0.525767,0.631206,0.846395
685ccf7f-396d-49d9-87b2-54103bebd798,gaussian_blur,s4,2,0.514910,0.676281,0.690627
68658516-65c4-4804-a299-58c908079de1,fog,s4,1,0.674765,0.797218,0.848139
686789b6-7fbd-4053-bf2a-3b9acae26685,gaussian_blur,s4,4,0.575334,0.720412,0.766252
6869c4a7-d523-4aad-b31c-325b4f4fe3cd,shot_noise,s4,1,0.403887,0.574388,0.577724
686b3ef3-53ae-425b-8be4-136d2790a6ec,gaussian_blur,s3,2,0.572670,0.652529,0.946277
68737fe0-91f2-43e8-9fd8-4d2fc0c584ea,fog,s4,3,0.212174,0.346516,0.355515
6895ec61-30d2-44b9-9503-65860853ed42,clean,s5,5,0.671061,0.803111,0.803380
68983cb8-c287-4567-aafa-6348f891f944,shot_noise,s5,4,0.464626,0.634449,0.634501
689f3e24-b98d-459b-b896-caa244fdf7bc,shot_noise,s5,4,0.690409,0.816510,0.818731
68a25dbf-18a2-4d9c-b0d6-783288c98fcb,fog,s5,1,0.711926,0.830240,0.840472
68aae2d7-9d32-45b1-95e3-c48a7d17ebf4,shot_noise,s4,0,0.788282,0.876264,0.924800
68b3561c-f3b7-466d-8b29-1a884da72cda,fog,s5,3,0.604175,0.742668,0.794389
68b78d60-31a6-40c9-b719-f871cb6ad5ce,shot_noise,s4,0,0.596871,0.727749,0.820283
68c44ed2-4f4c-44c6-a005-5d8d1e1e25fd,fog,s5,1,0.331492,0.477349,0.537296
68c7eb00-9656-4f98-a0c3-d43b0cfe3809,clean,s4,3,0.718613,0.821898,0.916973
68cd0d2e-1b30-4f7e-857d-3834de79088e,clean,s4,2,0.579316,0.723539,0.770124
68cf3f95-3052-47bc-80a3-509d37010925,gaussian_blur,s5,1,0.716161,0.833298,0.842466
68e7b52e-e7cd-4fef-910f-86205ef03b45,fog,s4,1,0.523661,0.685712,0.692656
68e9fb4a-bdde-46ea-b4f5-7571876dec7e,gaussian_blur,s4,3,0.339739,0.503590,0.514387
68eaae21-8da5-469d-a75a-7db5f0ecc7d3,fog,s5,5,0.830609,0.906142,0.921589
68f25b9b-96da-4683-89d8-e22f585c319d,gaussian_blur,s5,2,0.786958,0.880682,0.881599
68f660b5-067a-4ad1-b743-e2107bbda03a,clean,s5,3,0.607389,0.750004,0.778716
690c6794-1db0-409f-afab-420506cc342b,gaussian_blur,s4,2,0.502164,0.661688,0.688981
69116c88-9b56-4f1a-ac13-53c8e2c84ab6,fog,s4,5,0.412412,0.555741,0.647552
69129695-4158-4233-870d-7a27f87cf54a,gaussian_blur,s3,0,0.387220,0.522926,0.632347
69129a4f-6d97-4169-83aa-34a91ddd8fff,fog,s2,0,0.489222,0.494552,0.978444
691baa14-320b-4d3a-93ea-d65c1d4ad305,fog,s4,0,0.751321,0.847381,0.927616
691dd5da-7165-4639-9c53-84631bcef30c,shot_noise,s5,1,0.524252,0.672735,0.734162
6922e2d7-9e4f-4f02-bc4b-0b372e694a15,gaussian_blur,s5,5,0.507067,0.636312,0.773573
6923fdd9-192c-4453-80f3-d10f0619826b,shot_noise,s5,5,0.670319,0.800642,0.812565
69251b43-ccf9-4ece-bae9-767735f181fe,fog,s5,2,0.746757,0.853463,0.865652
6927c7e7-885f-430b-af29-a263262d6579,shot_noise,s4,5,0.737269,0.838067,0.914848
692e30ae-e56d-45f3-9011-1cd8a414e1e9,clean,s5,5,0.558812,0.666664,0.867893
69360fac-97ab-44cf-89b6-7a1229dd6349,shot_noise,s3,3,0.401815,0.517281,0.689281
69431e53-823b-48ad-be4e-ce1a16b9457e,clean,s3,2,0.331149,0.454270,0.576826
6947d266-7dd9-4875-afd6-3761d204aef5,fog,s4,0,0.550759,0.697185,0.753652
69558732-b855-4b4a-bbc5-97c4940e15c5,gaussian_blur,s4,3,0.537585,0.643801,0.854955
6959cf44-ee6a-451b-ae7f-c112e87d1fd5,fog,s4,1,0.531524,0.631223,0.864643
6959eeb0-2672-4158-8d86-c97cefb69200,gaussian_blur,s5,1,0.599801,0.749156,0.752587
697252ab-f102-4c7e-adc2-8736f6a437dd,shot_noise,s2,1,0.476637,0.488039,0.953275
6976b118-477b-4a23-9450-a09e8c120bbc,gaussian_blur,s5,4,0.560606,0.709177,0.750321
6980e93f-ab60-4d6e-9734-82669c7661a6,clean,s5,2,0.717363,0.834136,0.843189
699351ac-b21f-4c51-8e31-26863b203f54,shot_noise,s4,0,0.647130,0.765401,0.872577
69948f22-2962-498a-a7cd-681d03bb3d8c,shot_noise,s5,1,0.508916,0.674472,0.674769
6999378a-62e0-4ae1-9c71-c5b41eeb8562,shot_noise,s4,4,0.599559,0.736769,0.798608
69a47ce8-6dd7-4d11-846a-5bcb7808a7bb,clean,s3,1,0.570497,0.656655,0.929994
69ac05c1-709a-4fef-95b4-c94e6541accf,fog,s5,0,0.695300,0.817521,0.835317
69c14fff-3959-4b9a-b090-499ea1c44e0d,fog,s5,3,0.578799,0.724081,0.766316
69d3a482-c62b-47fb-b63f-e41bcdd13159,fog,s4,5,0.612936,0.744950,0.819132
6a0bf07b-e718-4e92-9d42-2834ce4eecef,shot_noise,s3,3,0.583908,0.690468,0.888603
6a12d1cd-cc3f-49d4-ae58-4eed2cb00f77,fog,s3,0,0.493820,0.571614,0.870160
6a14ebb1-3e20-4a2c-ae96-8d269ba07dc5,fog,s5,1,0.782032,0.877606,0.878341
6a17d4b0-cf4b-40ec-b44e-6bfb03fb6766,fog,s4,0,0.419085,0.496275,0.777979
6a24accd-bf0b-4e94-b20e-1f97f0128e94,fog,s4,4,0.585037,0.721787,0.797195
6a275786-66a2-4097-b955-c4e968e53560,gaussian_blur,s4,5,0.795892,0.879555,0.942741
6a308b7c-4f6d-4027-861d-526db6fd965b,shot_noise,s3,0,0.565107,0.653441,0.920341
6a3682ce-a041-4773-a1c8-545c7ebc8380,clean,s4,3,0.614412,0.748220,0.812548
6a3d3c1c-a184-4f1c-82cc-d950e9a457f4,gaussian_blur,s5,0,0.510930,0.676293,0.676368
6a76adcd-6a6d-43ea-bdcb-769ebaa5859f,fog,s4,0,0.744028,0.847986,0.887723
6a82ba46-6635-43e7-8d30-3ae6f75cb11e,fog,s3,1,0.414469,0.554833,0.656149
6a8c8e7e-d6bd-4f18-acec-cbe08b825183,fog,s4,1,0.485751,0.644232,0.680996
6aa1cfbc-dcbe-46bb-8433-9ec13a6f6284,shot_noise,s5,4,0.424429,0.589960,0.610485
6aac3320-a98f-4cc8-a12a-9d1dea12ccbb,shot_noise,s5,3,0.775741,0.870131,0.901264
6ab014ad-84b8-4874-83a3-5153f85d01cb,shot_noise,s5,3,0.559941,0.681794,0.831367
6aeef8c2-fca0-4387-b98f-05e2d78da1dd,shot_noise,s3,5,0.638706,0.730346,0.961905
6af5940a-94cf-4c4e-9214-b2131ec4e6cf,fog,s2,5,0.479498,0.489535,0.958997
6afbb240-65f1-4422-8df1-18ee7999b96e,shot_noise,s3,1,0.459123,0.506594,0.878032
6b206547-4d7c-46de-9817-f825e6a98f62,clean,s3,5,0.464702,0.487232,0.921803
6b2995d3-1bb7-4c1c-a216-52ea06274537,shot_noise,s5,5,0.505343,0.668961,0.678766
6b3f9007-54c0-4244-8a48-8621167171fe,fog,s4,4,0.382372,0.535263,0.591832
6b54e0a4-db44-4f4a-bef5-6a1679ed5c34,fog,s5,3,0.594465,0.724368,0.822912
6b58778d-120e-416e-9773-727f93b519b6,clean,s4,1,0.226763,0.369688,0.369701
6b6a58bf-7fb5-4da1-82b8-707113b118af,fog,s5,4,0.383490,0.551549,0.560693
6b7d0c1d-1206-4f82-a306-6712ae7801db,gaussian_blur,s5,1,0.407842,0.578475,0.581546
6b8aa88f-8187-41e3-8b1c-d2b869c3d2c1,fog,s5,2,0.476260,0.635643,0.671524
6b8ccdca-e0ba-4e9c-867f-077d76dc64ee,gaussian_blur,s4,5,0.424234,0.524032,0.746384
6b93366b-5f5f-45c2-91ff-6710c468428f,fog,s4,0,0.460620,0.572389,0.767125
6b9ce9a8-32ec-48a2-8873-6a8bccec48d3,clean,s4,5,0.501715,0.667085,0.671504
6ba1b23d-67a3-4afb-9cc2-8b949f6a93d0,gaussian_blur,s4,5,0.453814,0.552838,0.784139
6ba4b0d4-7317-436a-ba6e-3f1a07685ed6,gaussian_blur,s4,0,0.492062,0.656981,0.667129
6ba7fff5-141c-4f9b-a659-f88cdc4fbb98,fog,s5,4,0.528082,0.691157,0.691211
6baea186-268a-4078-9c81-982bbde4e8d3,gaussian_blur,s4,1,0.585768,0.729471,0.773195
6bb48f20-da17-4c11-98f6-14b7fe578abb,fog,s5,0,0.802551,0.889504,0.899125
6bbe3614-0654-4f11-bc97-c3f81bc480d0,gaussian_blur,s5,2,0.801012,0.888318,0.900220
6bc06d9c-8538-40ba-99f9-7a348759c25d,gaussian_blur,s4,4,0.728101,0.832138,0.905344
6bc9f627-6380-41a0-ac87-95b5c60c9447,shot_noise,s4,4,0.401114,0.569933,0.578681
6bcff30c-7235-4978-9d5a-0afdca3a8ad8,clean,s4,4,0.572087,0.684641,0.864681
6bd9f93d-1cab-4c1d-ad86-5fd50127abd6,fog,s3,2,0.549109,0.670007,0.826900
6be13031-1d0e-42a7-be81-75d5b370fd47,gaussian_blur,s4,3,0.715143,0.824826,0.885809
6be32db7-6d38-4a77-9eb9-85e47554f7fd,gaussian_blur,s5,2,0.773314,0.872102,0.872683
6bf31332-c327-484d-974d-57ecab438352,clean,s1,2,0.412469,0.462608,0.810005
6bf3d757-7fab-4236-8d56-bf9714f51773,fog,s5,3,0.671250,0.801429,0.812667
6bfce8a3-4841-4a7d-aabd-583503c6319f,shot_noise,s2,5,0.492961,0.496455,0.985921
6bfe8635-a985-46e8-922c-cb5045b7a282,shot_noise,s5,3,0.776135,0.873928,0.874210
6c0034ce-e680-4bec-a5ca-9764674fb394,gaussian_blur,s4,3,0.239637,0.386592,0.386677
6c0c2ec6-acfa-43da-871c-ef79edcf5d89,gaussian_blur,s5,1,0.391320,0.561392,0.565077
6c1a8826-6402-43a5-85c1-57edb2c7288d,shot_noise,s4,5,0.660053,0.791230,0.814331
6c2aab32-326e-4c76-8981-d967f8bd79ae,clean,s5,5,0.532847,0.695234,0.695253
6c2fd181-b71f-48cd-b5e5-c1328adfbf85,fog,s5,1,0.435832,0.594630,0.637789
6c38b51f-be9f-4fc3-b83a-c3f0a968a87d,fog,s2,5,0.250925,0.346747,0.484515
6c3d6ec7-5094-4a63-bdc4-068e929b83e5,fog,s4,5,0.511555,0.624297,0.816763
6c4d6927-7ca9-4743-b31a-3688132d21b5,fog,s5,1,0.676413,0.806379,0.810060
6c500d7c-a4ad-407d-864a-7c1b0c8ed0f9,fog,s3,0,0.542402,0.664269,0.819640
6c56bb3a-3d5a-411c-9fbc-a8d02e03c0a3,clean,s5,1,0.617001,0.763114,0.763261
6c5b2ee6-bd72-44d3-9546-d85fc653be62,fog,s5,0,0.757380,0.861939,0.861964
6c5bc5d8-7ec7-4752-8763-6d56d4401e47,clean,s4,0,0.603441,0.712149,0.893499
6c6f78b2-8c0c-4b01-918e-245aee3b33be,fog,s5,1,0.754265,0.858848,0.867523
6c7645ca-463a-4464-ada3-94d97474d66e,shot_noise,s4,3,0.517148,0.677965,0.693447
6c869401-5e9f-4fa3-bd69-3d9926458c8a,gaussian_blur,s5,2,0.375853,0.545796,0.547589
6c874dfd-962a-4f27-bbc9-7091e844ff79,clean,s4,3,0.416267,0.481458,0.792987
6c8ba115-5289-45c6-b03d-cbedf56966b2,gaussian_blur,s5,4,0.521170,0.678221,0.706982
6c8e8a6c-ea24-496b-9f26-7ea73530f636,clean,s5,0,0.644933,0.778358,0.810256
6c90cf83-a242-4a96-9d48-49dd97a6115f,fog,s4,4,0.457009,0.599163,0.697581
6c9b6915-fa7f-4daa-bc27-bff2a1ab3eec,fog,s3,3,0.502062,0.621090,0.793610
6c9f1a13-8795-4c2c-907d-860059e82f7c,fog,s5,3,0.306312,0.445635,0.511069
6cab696f-29e1-4fe5-9479-bac365d7e423,clean,s5,1,0.547053,0.692674,0.754549
6cace90b-4db1-4db0-bf43-7feac0430d97,clean,s4,5,0.637044,0.772603,0.803279
6cb7042c-a836-407c-8b60-2813b72b0247,fog,s4,3,0.545126,0.682410,0.778649
6cc4c4bc-5ea4-4a69-a6ee-4143c94f607c,shot_noise,s5,4,0.542845,0.703341,0.704880
6cccdbc3-d7a0-44ca-a0d1-577ad70516c7,shot_noise,s5,0,0.382581,0.433480,0.765163
6cd7275f-7441-49a3-8ccc-4252dfa5beb4,fog,s4,1,0.370892,0.519475,0.586090
6cd7d71f-25b5-4490-aa09-46dbb32c1a68,shot_noise,s4,0,0.576056,0.714132,0.790048
6cd8e519-350f-431f-95e2-371dab292969,shot_noise,s5,4,0.485490,0.636190,0.701616
6cee6bae-3ab4-4ba4-ad01-1fc0a6aff9e0,fog,s4,3,0.401587,0.563084,0.595845
6d059e79-32ac-4a9b-aa73-9b996ee3f4c0,shot_noise,s4,5,0.628295,0.737418,0.902360
6d0df0ac-1fb1-4f27-b16b-4e0088b79e14,clean,s4,3,0.693916,0.803272,0.900800
6d167c33-451e-43f8-b514-3fcfe56cf89e,shot_noise,s5,0,0.486591,0.654271,0.655706
6d179cdc-0b33-4f9f-b5be-b0947e4d49c5,shot_noise,s5,1,0.454530,0.620000,0.638107
6d18f4f5-ce2e-43f9-bb80-33d05196d31b,clean,s5,0,0.650110,0.787541,0.789931
6d3149a3-c102-4c16-a6d5-7fcfc7c4b8ad,clean,s5,1,0.741093,0.849927,0.860416
6d32c66b-d367-4a52-a228-d99f8eaf0d35,gaussian_blur,s5,5,0.486559,0.653970,0.656464
6d4678d9-eed1-4e04-9b52-82f615f9640e,shot_noise,s5,5,0.504006,0.670142,0.670448
6d48415e-e093-40bc-9e92-83656b085441,fog,s5,2,0.628141,0.769621,0.780216
6d4ff64d-bd14-491c-91c8-dab65ac24179,clean,s1,1,0.373419,0.434934,0.736405
6d58a550-af82-4709-ae35-04ce83e735c9,shot_noise,s4,5,0.775801,0.870028,0.902363
6d60d31c-a354-4647-89fa-8aa8a1832050,fog,s3,2,0.613942,0.712527,0.928713
6d6def40-1274-4392-a750-af38d21248e9,clean,s5,2,0.610589,0.752074,0.783003
6d75ed98-53bf-4563-88ab-11ad3b003580,fog,s5,4,0.740607,0.850912,0.851405
6d7dc6d6-c5d6-4817-88e1-7345cb97adb5,shot_noise,s4,4,0.214546,0.353258,0.353349
6d83caaa-8228-4c6f-8216-a416378c4907,gaussian_blur,s4,1,0.243499,0.385777,0.401173
6d8cfce9-5ed5-41cf-97fb-ffc18f9b0c21,gaussian_blur,s5,4,0.742975,0.852527,0.852605
6d9311c5-7bfc-4f94-8d5c-e0c7144e02a7,fog,s4,4,0.138072,0.240808,0.245058
6da16e94-fdee-4002-822c-5297b01e14c4,clean,s5,4,0.308094,0.441161,0.524555
6db0d0b0-270b-47c2-9f2b-6d0a017b16d6,fog,s4,5,0.209385,0.298467,0.414402
6db25f0c-72d9-4489-8d33-0eb51875697f,gaussian_blur,s4,1,0.685182,0.807009,0.845184
6dc2e3b8-1458-43f9-a05b-91d663f219b0,clean,s5,2,0.614875,0.760419,0.766085
6dc7888e-bf75-44d1-a722-62dd3147896a,fog,s3,3,0.543769,0.633925,0.897175
6ddb11a7-8dd3-4e46-8e52-3315032d6f8e,shot_noise,s4,3,0.705983,0.820121,0.869540
6df1a7af-20e3-4090-a2dc-d31d97a330fb,shot_noise,s4,2,0.847676,0.916240,0.933312
6df5a69a-872e-4879-99bc-7e29cadfcb41,gaussian_blur,s5,0,0.612622,0.754269,0.782226
6df6ede5-dfab-4c5f-b688-4b11d99ea909,shot_noise,s5,5,0.826540,0.904143,0.914322
6e08c411-7c5a-4c43-ae35-e358d0dad79a,gaussian_blur,s5,5,0.395632,0.566945,0.566987
6e109b6a-f210-4223-b9b9-07901acacf75,shot_noise,s4,3,0.566607,0.681271,0.855395
6e1aace8-5f2d-4326-84b1-cb6d0b6512fb,shot_noise,s4,1,0.554209,0.692148,0.781464
6e207868-5778-46f8-9797-c7cdb0568d23,clean,s4,4,0.638216,0.753193,0.884372
6e2089e8-f2b5-4c50-a7c3-fdbb5e2161ad,fog,s4,2,0.256229,0.396723,0.426517
6e26d795-566e-4c83-b5a6-9372f4e590ab,fog,s4,0,0.281026,0.435782,0.444016
6e26df11-2463-4fae-9b7f-f9deaa08412a,shot_noise,s4,3,0.374742,0.542959,0.550044
6e359b3c-3ca3-4030-b3a6-e1d336c52149,fog,s5,3,0.391406,0.562394,0.563088
6e43c69a-5209-4f9c-bd09-a188318d15dc,clean,s4,0,0.573985,0.713333,0.785179
6e450228-5092-49df-8d44-867a162443d0,gaussian_blur,s5,1,0.842308,0.913578,0.923973
6e47aebe-b39a-4f6b-b768-4f0c2e95523d,gaussian_blur,s5,5,0.294036,0.439556,0.481019
6e484a26-b39c-48d6-b531-2a7594ed1e04,fog,s4,1,0.360090,0.418665,0.720180
6e541043-dc0c-45df-9fd8-544f71fbe2ed,fog,s5,5,0.608359,0.754090,0.766282
6e562fd4-c322-420f-b005-591f714c0350,shot_noise,s4,1,0.638739,0.766715,0.834565
6e762ecb-f5d9-4bd9-8a85-b2b5ee65dec5,gaussian_blur,s5,3,0.452468,0.602330,0.675093
6e77e23c-8a79-46bc-9b08-d42fdcc67432,fog,s5,2,0.596711,0.747130,0.748593
6e828ede-86c4-4062-bea3-586c60385978,shot_noise,s4,2,0.685704,0.788955,0.930101
6e86338e-06b7-45c3-b463-08f8d532c9ba,clean,s5,2,0.489758,0.630214,0.731287
6e892558-f433-4956-989d-d24c13df7e03,clean,s4,5,0.766926,0.858533,0.935648
6e8c6b96-6738-4aac-9ca5-59c91e516efe,gaussian_blur,s5,5,0.819771,0.900935,0.901216
6e8ee229-9e8a-4bd9-8f02-3079d8088bc5,shot_noise,s5,2,0.459111,0.625861,0.638498
6eb13aa6-0cfc-4f0e-9502-55afb3409b7e,shot_noise,s5,5,0.720027,0.832940,0.862891
6eb18e19-fa4b-40a4-898a-bd1d99b08b3a,shot_noise,s5,2,0.641230,0.780974,0.783355
6eb7d07e-8cb6-4a56-89f1-0371e5fb1bcc,clean,s4,5,0.537065,0.648205,0.842693
6ec0e574-7fa4-4161-9a26-d6555ee419f7,clean,s5,3,0.692784,0.815582,0.834414
6ec1acab-25f6-4afe-8782-1f82694c0810,clean,s5,1,0.460914,0.614089,0.674800
6edd081d-2f18-4e36-9451-a174173eb2da,fog,s5,2,0.571587,0.716985,0.764205
6edeefa7-e4d9-4095-abd8-342ea8be82d5,clean,s4,5,0.625827,0.731500,0.912711
6ee2f724-3f99-497d-b73d-5b5052859a17,shot_noise,s5,0,0.695300,0.817521,0.835317
6ee5f919-9622-4cfd-94fb-35e7e885699f,gaussian_blur,s4,2,0.683972,0.803143,0.859013
6eecf7bf-668b-4b60-a775-35b89e420496,shot_noise,s5,0,0.558356,0.716421,0.717216
6ef47426-5d7d-423e-b5f7-6240b0ed35be,clean,s5,4,0.503094,0.666003,0.679616
6ef62b49-6c78-4db3-ab1a-d6c17b443f37,shot_noise,s4,3,0.577353,0.717406,0.783883
6efd6092-4c0e-4f2a-9ffb-2cda3f7461df,shot_noise,s5,3,0.733443,0.846064,0.847285
6f04e3bd-c05d-4937-bcf3-8517e9996139,gaussian_blur,s5,4,0.714316,0.832123,0.840684
6f056001-d2cc-4e53-b1f0-b21b451973dd,shot_noise,s5,4,0.536703,0.698280,0.699283
6f108b7d-6e2a-464a-bf38-13543359b863,shot_noise,s5,1,0.410545,0.579721,0.587791
6f13169b-459b-4146-b913-99f74a84845b,gaussian_blur,s4,4,0.583135,0.693069,0.878781
6f1f0ec5-3518-4b0c-9dab-d542afc3605a,clean,s5,5,0.683236,0.800538,0.868336
6f260c1d-93c4-479b-8fe6-acecb75d7942,gaussian_blur,s5,4,0.563176,0.691581,0.814491
6f2f6eb4-c854-47ba-aaae-7aaa7f0ae5da,fog,s5,5,0.286283,0.444357,0.446528
6f30f162-b537-4e95-aedd-fb0e7dac06f4,fog,s3,3,0.487017,0.622216,0.741872
6f33d48f-ada7-4c0d-a32b-ab8ba826ee6a,fog,s5,5,0.384067,0.552861,0.559731
6f35fa15-0564-42ea-8179-8ada8c0434ad,shot_noise,s4,2,0.687215,0.803936,0.869083
6f5105d0-bea9-45ac-a3a0-28f949933822,shot_noise,s5,5,0.610794,0.756537,0.765931
6f5eac7c-692e-4520-aa10-4003ada1b948,gaussian_blur,s5,1,0.722842,0.838702,0.841766
6f60bb79-1859-4669-af0c-fcb411b43bc2,fog,s3,4,0.375388,0.493999,0.648367
6f66a86f-6104-4e14-8b77-98f256744e35,shot_noise,s5,3,0.445434,0.615262,0.619115
6f76098a-04c3-4d25-9e6f-fd5d288ef86c,gaussian_blur,s5,5,0.547733,0.693535,0.754293
6f7cd70e-85d2-43d6-8f69-1926c4c65495,gaussian_blur,s5,3,0.291854,0.451322,0.452779
6f851dd4-b754-4ef6-9536-9473f65af2b2,gaussian_blur,s5,1,0.809117,0.894443,0.894916
6f8e9a44-4748-45f4-aba6-659d3cb12d1d,clean,s4,3,0.651903,0.783759,0.814787
6f95715e-e619-4fb7-99cc-f0ff0c70dcdc,shot_noise,s4,4,0.800565,0.886931,0.909635
6fa7ab3b-f63a-4b58-9f79-e64d87b3ef2f,fog,s5,2,0.607200,0.755454,0.756195
6fb8b845-4cc2-47c9-a76a-1d3f77bed4c8,gaussian_blur,s4,4,0.360090,0.418665,0.720180
6fbeef20-ffe1-4e9a-a32d-6828cf560119,gaussian_blur,s5,2,0.463577,0.631548,0.638741
6fcadbaa-565c-4a3c-a08a-ba2d00fac496,gaussian_blur,s3,1,0.381187,0.492420,0.669291
6fcd279d-ac60-4035-9050-9806aeb634db,clean,s4,5,0.262627,0.409065,0.427739
6fce9c68-17ae-46f7-a34f-986d19d0cbed,fog,s4,0,0.270397,0.364314,0.522240
6fd6d10e-27d8-46ce-91b2-4c1c963c8a49,clean,s5,3,0.650110,0.787541,0.789931
6fdaa81a-9c82-43aa-9ef7-49c4e746661a,gaussian_blur,s5,1,0.495412,0.662478,0.662864
6fe22a8e-0a8e-4446-8b45-b1fc4aab45f3,clean,s3,0,0.565107,0.653441,0.920341
6fe5fa58-5e4f-49bb-bfce-6cbe72afeee0,clean,s5,2,0.450212,0.620750,0.621264
6fe947f7-3801-4803-afd2-0fbbd3157f27,shot_noise,s3,0,0.532490,0.647626,0.829189
70083d7c-16fe-4912-b1ac-13d7165ea956,fog,s5,3,0.754300,0.855779,0.888827
70097499-7f52-46e2-bc79-1c22fd20b92e,clean,s4,0,0.751321,0.847381,0.927616
702b9262-b41f-447f-9b71-dcdf44d21838,fog,s5,1,0.845122,0.915901,0.917968
703094f2-9dc4-49b4-9089-c1043d7d536b,clean,s4,0,0.226833,0.351421,0.398101
7039df5c-6a35-4bda-8d94-1c281f769c39,fog,s4,1,0.451597,0.591874,0.696530
703ea266-7085-4715-bc52-de13b4ec84c9,fog,s5,5,0.439767,0.606338,0.622438
70407e9b-80a7-4934-a0ce-3765b088ad3b,clean,s4,5,0.719186,0.831686,0.866203
7042a1b4-55a5-4f19-8e8e-6a2ddc6e9a1c,gaussian_blur,s5,2,0.461049,0.630674,0.632330
7051b77d-051e-47b7-bcfc-970dc4e3898f,fog,s4,5,0.423518,0.522583,0.746779
70538452-e832-42d4-92ec-fc28343638db,fog,s4,5,0.406108,0.545608,0.648116
705cadfa-24ec-4dc1-a9cb-4bad5cb9809c,gaussian_blur,s5,0,0.787935,0.879729,0.895205
7076d2bc-1807-45ad-a5f9-751079362e77,gaussian_blur,s4,1,0.598257,0.726395,0.829928
707dc345-b69d-4925-88f0-4debf8443f55,clean,s5,0,0.750128,0.854860,0.873532
70898953-5837-46a8-b805-1dfcc1ca29eb,shot_noise,s4,2,0.828115,0.903449,0.932160
7090455e-c872-409c-8750-4677dd1a687d,shot_noise,s4,2,0.738180,0.842772,0.891341
7095e9a8-3c83-40bb-ab1e-46be6f607029,shot_noise,s5,5,0.713983,0.833125,0.833144
70aaba48-88b6-4f5a-a5e1-07de63457c47,shot_noise,s5,3,0.512956,0.674852,0.688027
70bb4ff8-2a66-4625-82e2-8380a68614a2,shot_noise,s5,2,0.714973,0.825475,0.881509
70cd9279-455f-464d-bbc6-8aad8b033155,shot_noise,s4,4,0.696915,0.816039,0.850480
70cffcc7-10c1-43f6-9e9b-bd62c04fd3cb,clean,s4,5,0.647130,0.765401,0.872577
70ef5578-a353-4899-9627-ddbcfa1e6bdf,fog,s4,4,0.397478,0.534193,0.643253
70f8c76f-200c-4015-a30c-66acb9e356bc,gaussian_blur,s5,5,0.712921,0.831158,0.839787
70fdb1b2-4ae9-4075-9bd0-f412201b329a,gaussian_blur,s5,5,0.724326,0.839856,0.841815
71072f1e-96f8-4230-945b-c4d21c820223,fog,s5,5,0.310769,0.472903,0.476597
710e5166-98af-403d-bc63-95f79773343e,fog,s5,4,0.415563,0.511787,0.741467
7118307a-189a-477f-bc44-9bcd1ff52473,clean,s4,3,0.568646,0.676612,0.874691
711e5313-bc0c-4a17-b4e3-0ed5d292de97,clean,s5,4,0.654989,0.789128,0.802937
71288c9a-aa38-4ff1-8170-510a079f7fa4,clean,s4,3,0.445754,0.598773,0.661167
71323fa7-d018-4b7a-88a7-2a78ad5f9c97,gaussian_blur,s5,2,0.575314,0.722732,0.758112
713b68c3-a9a3-4af9-b975-1f38d3f5ccb9,shot_noise,s3,0,0.570497,0.656655,0.929994
713f9661-42ba-423b-900b-abaf11a7664c,shot_noise,s5,2,0.850326,0.919017,0.920251
714df08f-838e-4480-9be8-8a0eb5b46627,shot_noise,s3,2,0.653414,0.748989,0.955285
71535fae-18c6-4928-8da7-58957ce21c0c,shot_noise,s4,1,0.646573,0.755425,0.907739
7170246d-6f40-42a1-866d-35a101bea869,shot_noise,s4,1,0.569946,0.710593,0.779550
7173ca25-2d65-44e7-8d93-8cf080840cdf,fog,s5,3,0.395674,0.566593,0.567941
7180139c-6f67-4e24-8874-f1e9be16c0d5,fog,s3,1,0.271623,0.379404,0.504234
71a3eaa6-f1e3-4071-8632-04617b07c5a4,clean,s5,2,0.413777,0.567977,0.625563
71a8524d-fafc-45bf-8ec8-1765b94583b8,gaussian_blur,s5,3,0.626921,0.769382,0.776330
71ae72b7-2296-455b-9cb6-ff0ce1bb0eb4,clean,s5,4,0.617855,0.759289,0.782517
71bc82da-4d92-49f4-a130-a034aa542f80,clean,s3,4,0.603924,0.706190,0.912577
71d36cc7-e2ee-42e9-9e80-bf088fc66d7c,clean,s4,2,0.762647,0.860932,0.897061
72058f87-c60e-48e7-8616-012e66bcfd26,gaussian_blur,s5,5,0.821221,0.901550,0.904736
720eff0b-a528-483e-8014-5934c2c2e4fe,shot_noise,s4,4,0.424627,0.482136,0.816235
72145c11-7939-4087-b4e1-489f0ad1a512,fog,s5,0,0.718261,0.835654,0.838336
721972a2-2c5c-455e-8071-99c752dcd0ab,clean,s4,5,0.478523,0.645363,0.652757
72301e7e-64a8-49a3-a666-72597f6fad07,gaussian_blur,s4,4,0.335999,0.502444,0.504097
72365d43-c207-420f-b17a-e62f5c79faa8,gaussian_blur,s2,4,0.437037,0.466403,0.874075
7242bb77-6260-4297-8ec7-c7b6da06c12f,fog,s4,4,0.713851,0.822266,0.893642
724fb837-befc-41ef-b4ea-38a1cbf3da3a,clean,s5,4,0.638564,0.773787,0.804315
72547312-f75d-4cb8-9df9-41a03e4f75b9,clean,s5,1,0.774937,0.872306,0.880197
72568906-bc9d-41d7-bfbd-e29158110dcb,shot_noise,s5,3,0.547460,0.691337,0.760117
7258ee82-53ed-4465-a07c-48f7762892df,shot_noise,s5,4,0.484388,0.633471,0.704950
7259037d-164d-4117-abae-f0b5e6eeae55,clean,s5,5,0.447247,0.611399,0.635221
727104c1-9ac3-4f28-b71c-2d1b6d776ee6,clean,s4,2,0.624949,0.751038,0.842112
7277d9bb-2cdd-48ad-bccd-f49fcd6cca32,shot_noise,s4,3,0.542680,0.664385,0.820265
727cea7e-6b3a-4410-bcdd-27d78754bdef,gaussian_blur,s4,1,0.568130,0.710667,0.772736
7285ada1-8925-4e54-9c1b-19c043b5a4d6,fog,s4,4,0.289140,0.436402,0.470181
728b1de7-1d48-468b-be36-12ccf35df5be,fog,s5,1,0.540323,0.700697,0.704491
728db092-eacb-459d-833a-9da2d6b1dffb,clean,s4,5,0.328090,0.493062,0.496080
7295894d-9b18-45a7-b661-1b7428b319f8,fog,s5,5,0.393555,0.545386,0.607572
729653fe-69a7-4d86-bd9f-7e53f150f909,gaussian_blur,s5,5,0.510153,0.674437,0.679296
7297b487-644b-4404-8d2c-087ae3a98ef6,gaussian_blur,s5,3,0.458512,0.625234,0.638090
72a4605d-012b-46b9-be16-f06f03ffa469,gaussian_blur,s5,1,0.554493,0.713250,0.713952
72a671b9-3d14-46d4-b00c-1ac98dea767d,shot_noise,s5,2,0.317230,0.470180,0.503333
72b16c5a-4fc9-4261-9771-053630a83b9e,clean,s3,2,0.471634,0.573937,0.798291
72b6301b-e41d-4dfd-85d9-cb8810e71f0d,shot_noise,s4,0,0.248006,0.391878,0.406597
72bff99b-483b-485d-b673-6b5c15a544df,fog,s3,0,0.597509,0.686647,0.944006
72c9627d-8208-4a27-9026-06a33e548705,gaussian_blur,s4,0,0.503114,0.618986,0.801821
72df63fc-b8e4-4c80-aaa0-875982350dc7,shot_noise,s5,4,0.753877,0.858332,0.869109
72ea02af-c9bd-4b23-b947-6cbfe6747ef6,shot_noise,s3,3,0.638359,0.755386,0.876891
72f3f2dd-8e36-4a46-ab34-f6f4f316d64a,fog,s4,2,0.743356,0.840096,0.932156
730237d8-b1e1-4b94-8f20-fcba91b33010,shot_noise,s4,0,0.749379,0.848192,0.913029
7302820f-a025-424f-af28-c9efa52ba26c,gaussian_blur,s3,3,0.595577,0.685634,0.940261
7304d873-7155-48d0-933f-3f97ea7fc2be,clean,s4,1,0.606638,0.713674,0.900070
731150ac-c50d-4d12-b9e2-a16a7d5b6694,shot_noise,s5,0,0.371340,0.523856,0.578782
731aede0-5b5b-4625-b674-daa610754fc5,gaussian_blur,s4,3,0.721330,0.824107,0.917707
731af4b4-62ec-47a5-8405-65dd503c6e32,clean,s4,1,0.684788,0.804676,0.855045
731e1458-fc3d-4e6e-a8f6-f464578812e2,shot_noise,s4,0,0.729765,0.832186,0.912821
732e4291-9be4-4ac6-b64f-c14cad2ce726,shot_noise,s5,4,0.593969,0.743058,0.753881
732ea6b1-44e2-42a9-986e-856957f8c071,fog,s4,1,0.292082,0.443186,0.468139
73311c47-67ed-4a9c-bf3c-4bbef8d1aea8,clean,s5,4,0.612961,0.748287,0.806752
733ef7e9-a621-4189-a448-3feb85059e3e,shot_noise,s4,2,0.179544,0.304295,0.304624
734e16ea-6498-4e95-8cfa-1a0820b36e99,gaussian_blur,s2,5,0.492961,0.496455,0.985921
734ff9c2-8151-4d24-adf8-f3e5a903dfcc,fog,s5,0,0.679984,0.806505,0.825056
7354bd59-e457-45ff-827b-aafe6b4dc612,fog,s5,1,0.740294,0.849143,0.861547
737008f9-78eb-4598-805c-6071e35a0f37,clean,s5,3,0.695300,0.817521,0.835317
737c37fc-ce2f-443e-b152-4f0cfdb17ec0,gaussian_blur,s4,4,0.582791,0.723472,0.783193
737d4cd4-8df6-49a8-a9a3-1e97f059dc1a,gaussian_blur,s5,4,0.291245,0.448444,0.455935
738b128f-02fb-419e-99e8-755c62bf6003,gaussian_blur,s5,2,0.387477,0.549530,0.578523
738bbad5-3524-4a08-aca8-d06a5080f292,gaussian_blur,s4,0,0.766926,0.858533,0.935648
738c1ab0-3042-4709-a7ad-54cf2a46f10f,fog,s5,5,0.430128,0.599287,0.607104
738e4310-e892-4b11-8bf8-6255701cc323,shot_noise,s3,0,0.670825,0.773663,0.932544
739d5824-5ae4-4e48-8412-800d035be60f,shot_noise,s4,4,0.823337,0.897892,0.954210
739f552e-aef4-4c82-ba81-432bce8d7a14,fog,s3,4,0.505474,0.589388,0.871524
73a6084b-4e1d-4d7c-ac22-efd1d2425018,fog,s5,3,0.770207,0.870134,0.870608
73aa8ec3-b7e4-45aa-9c59-3b681018f771,shot_noise,s3,2,0.508648,0.641597,0.765583
73aca074-6b22-4fa3-945e-ac08970dcabf,shot_noise,s5,0,0.712842,0.832318,0.832542
73afbdc5-bb50-49d9-9b9e-be2cec86b552,gaussian_blur,s4,0,0.522738,0.664054,0.753617
73c70a1f-12bc-4f0b-9023-4af9594fb0f4,fog,s5,0,0.314950,0.452849,0.526878
73da0859-966b-428f-bc76-01943fa1a27d,fog,s4,2,0.574812,0.716482,0.777713
73e32d68-c428-47bf-add5-ed458670be2a,fog,s5,1,0.455292,0.608036,0.670784
73edd35c-c005-42c2-b4f4-b5c5f3b8c782,clean,s3,5,0.524533,0.656105,0.781227
73f40674-d08f-4530-aaea-910d255cf657,gaussian_blur,s5,2,0.640133,0.779768,0.784304
73f5b039-cddf-4964-b792-e4349a57d9ac,shot_noise,s5,1,0.540543,0.692583,0.731598
73f765e7-23d5-4535-9f8f-d88d0d834064,gaussian_blur,s4,1,0.301638,0.463421,0.463573
73fec12c-d62b-4779-bcd5-0e44ec3fb8a2,clean,s3,1,0.581740,0.680934,0.906805
740ccb56-0c94-4114-b863-e8b28685ce5c,fog,s4,3,0.489194,0.632660,0.723229
740e5733-19bb-401f-921b-583a426bd8b0,shot_noise,s2,3,0.430013,0.462373,0.860027
740f90cd-81c6-4ef0-8224-64708e4daa58,gaussian_blur,s5,0,0.572790,0.727178,0.732762
74148024-ba43-493f-bb3f-306ab655677e,clean,s4,0,0.608251,0.734173,0.840076
7416cd05-f93b-48b1-8306-2cb919809f76,clean,s5,3,0.525755,0.687071,0.695893
74287722-ab79-416d-b852-c4ff7fbda509,fog,s4,0,0.689577,0.796531,0.913291
742c5cf0-fc51-48b5-9e74-c0a09f571d8d,gaussian_blur,s5,0,0.454664,0.625003,0.625403
7434843c-332c-43cf-80f3-a2344caa58ed,fog,s3,0,0.532490,0.647626,0.829189
744c33ca-1f63-42c0-a6fd-3cb09d7a6d5f,fog,s4,5,0.545316,0.702476,0.716827
7450475a-b95f-4b1e-8b3c-ad5f73ab5556,shot_noise,s5,4,0.720217,0.836514,0.842503
745b3221-8317-4446-8a79-9add2199b86a,shot_noise,s5,2,0.567595,0.720306,0.737941
746782f3-98e4-46f0-9845-44d6f666ea08,shot_noise,s4,1,0.453404,0.579565,0.729419
7483ee32-c814-4c35-8347-e6c16642473e,gaussian_blur,s4,3,0.550889,0.674163,0.821680
74840ccb-25b7-443c-958a-3638c39a293a,shot_noise,s4,0,0.460620,0.572389,0.767125
749b760e-2429-4330-9df7-7c30191efcea,fog,s1,0,0.495107,0.497541,0.990214
74a4838b-dbe4-4b84-a3a3-d02b96bc5e03,shot_noise,s4,3,0.651977,0.765026,0.892763
74ae5e9d-8219-46f7-927a-b7ec4c8b5d52,fog,s3,0,0.521328,0.611978,0.874475
74b55f33-6648-43e2-9586-9052d9192cae,clean,s3,0,0.715471,0.812510,0.949504
74b745ad-9be3-4fd7-a347-9a8efae86d59,fog,s3,0,0.573388,0.678308,0.885994
74b9b3f4-e3b1-405b-bba6-2041b97229e9,gaussian_blur,s4,4,0.561683,0.704196,0.770496
74c09077-568c-4e0e-817d-7fd3b8484a12,fog,s5,5,0.375162,0.438770,0.736021
74d0dbbc-6d50-4199-b223-1d2663a86a49,fog,s4,0,0.590014,0.712936,0.843915
74d3274e-84fd-4d07-aaa6-c78c358a8e5b,fog,s4,1,0.342510,0.488789,0.552241
74dd87ca-6d19-47b0-9316-3f591b7456ea,fog,s1,1,0.379283,0.452806,0.727541
74de6cfb-0434-40d5-86d6-022adc267e92,gaussian_blur,s4,0,0.460620,0.572389,0.767125
74e507ad-7336-4f15-be1b-e728ab74615e,gaussian_blur,s5,0,0.654973,0.791427,0.791975
74fdebf5-e400-4189-a6b6-fc0404c416d2,gaussian_blur,s4,0,0.680188,0.802035,0.848161
7505b12f-e83d-43c8-a047-3ca202842c9e,fog,s4,4,0.454482,0.622887,0.630384
75071dd0-1a36-495c-ae4d-401084f4de13,clean,s5,5,0.733151,0.846014,0.846156
75115ff9-aa63-45c4-9950-3cdeac40686b,clean,s4,0,0.580656,0.704653,0.836448
751b0d9d-014a-495c-8b1b-ecad32650e37,clean,s5,4,0.706363,0.827904,0.827988
7523932e-ae97-4d75-ba40-5b289458cbc5,shot_noise,s5,1,0.570503,0.726517,0.726544
7526478d-ba4e-4ecd-9f58-5f246573ddfb,fog,s5,1,0.517866,0.682338,0.682432
752ee3bd-a572-438d-9255-9f3efac2c777,clean,s3,3,0.503781,0.609089,0.825888
753814c6-002b-431b-a3a3-91c3bfadc43c,clean,s5,0,0.724144,0.838435,0.849717
753d3382-fefd-4594-90e2-8b9a869d2215,fog,s5,1,0.644479,0.783761,0.784031
7546f839-0f04-4dbe-9e80-78c85fca0413,fog,s3,3,0.573270,0.678342,0.885515
754a832c-5fac-48fd-a44a-001af94327e7,fog,s4,3,0.282388,0.436418,0.447493
755110b1-b615-495d-83d8-4a1c950474b9,shot_noise,s4,0,0.661585,0.787801,0.836523
75550f73-ce4b-4570-8e92-27197cc4d645,gaussian_blur,s3,5,0.456339,0.578104,0.741862
75692155-0590-41ab-aa92-70d8686bd0ec,clean,s4,3,0.478469,0.606310,0.751237
756aff85-3d7b-4fc6-af1f-e52cf5bcbf05,gaussian_blur,s4,4,0.373830,0.523278,0.588135
75729f02-41b3-4904-bf6a-41b93d8d18a2,fog,s5,2,0.573844,0.727768,0.734581
7579c2ea-25db-4193-9e46-875af257ed42,shot_noise,s5,5,0.791432,0.881510,0.900997
757a368d-ab08-4532-b57d-bfea841bd120,clean,s4,4,0.474860,0.631316,0.678176
759b052f-21b9-417d-927e-adf36d24647d,shot_noise,s5,0,0.709132,0.827384,0.843899
75a634d2-79c3-4cf7-a934-b47e7aeaeec0,clean,s4,2,0.501715,0.667085,0.671504
75abcb1d-9cb1-4689-bd90-fcedb4629d5d,fog,s5,3,0.659191,0.791704,0.808462
75afb3ba-9322-4d91-b962-bf743788a09b,shot_noise,s5,3,0.706861,0.828258,0.828258
75bbb406-4bd5-438e-9759-7aa0ceae9afc,shot_noise,s4,5,0.641558,0.772267,0.822825
75bc850a-5775-45de-82c2-fe380791dce4,shot_noise,s4,0,0.634081,0.767224,0.814072
75c04cc6-e6dc-4e72-8143-922f1c443a62,shot_noise,s4,2,0.318346,0.482190,0.484410
75c4ae8c-e434-48ca-8c22-2e36491a4274,shot_noise,s4,1,0.755812,0.850431,0.931099
75cb21ce-be3f-4fe2-8456-463e26eb1e0e,fog,s4,5,0.735510,0.841675,0.885029
75cf337e-abf9-4e45-ac2b-e3dd4e66e74c,clean,s5,0,0.725221,0.840721,0.840772
75d0d305-04fc-41d6-b10b-85a11691c3db,gaussian_blur,s4,3,0.411619,0.477949,0.784775
75d28748-3c1c-4394-a742-76d0b4e05ed1,clean,s4,4,0.703915,0.811494,0.904421
75d63635-825b-4c93-8f4f-59e8e97c24be,gaussian_blur,s4,5,0.595698,0.729138,0.811209
75d7cf1e-e01e-420b-879c-cc99bb3e154a,clean,s4,3,0.524604,0.637190,0.828736
75e8f130-6fa3-48c0-a87a-c1230dbfc945,fog,s4,2,0.581847,0.686681,0.891963
75f9dcc0-08e8-49f1-af0a-4587fdb8a771,clean,s3,1,0.467086,0.569576,0.792825
760436c6-5979-4d72-b9cf-3e00d7434795,clean,s5,3,0.634334,0.770084,0.803124
76246f31-5d10-464c-bac8-59863931a8a0,fog,s4,0,0.618263,0.726800,0.900662
762c9b92-9fd4-4c12-bbe4-2183159cb970,shot_noise,s4,0,0.774427,0.867226,0.915425
762cca50-7d44-4cd1-a31f-cbc1ccf9a128,fog,s4,2,0.593142,0.695393,0.906225
7634852b-05ff-44d4-95e3-5d1b964bde53,gaussian_blur,s5,3,0.626273,0.769200,0.774500
7634c988-b192-4cee-a740-0d417580132c,clean,s5,0,0.650635,0.785714,0.800624
765910e9-ed71-434f-bbc6-5e1f2104f209,shot_noise,s4,5,0.475726,0.599115,0.758533
765cd523-6f16-4e60-830d-6bd4b387f151,fog,s4,4,0.615023,0.741951,0.837881
7662a3fa-c4c4-4b45-96a1-f10b0130aaef,shot_noise,s5,1,0.274494,0.406047,0.472340
76638630-c9e1-4b7a-8417-8f58bdfcb1e3,gaussian_blur,s4,2,0.388183,0.517335,0.646144
768d1932-9996-4da9-ae7d-b42bc846cb26,gaussian_blur,s4,2,0.674895,0.787574,0.892144
768f61ae-c37f-4b8b-9022-1b678f0dbcfb,fog,s3,5,0.401616,0.511554,0.699030
7699b721-94e5-44b3-a1f5-ad0dce87977c,shot_noise,s5,1,0.387875,0.436857,0.775749
7699fce9-039f-4a2c-9648-1f70dbc5b7e9,gaussian_blur,s5,5,0.600496,0.704343,0.906123
769d21dc-d0a1-4a85-a77d-efbdd52fdae9,shot_noise,s4,5,0.225920,0.341859,0.409162
769e6223-8c2c-4a44-928b-713b157b7f85,shot_noise,s5,3,0.394736,0.565887,0.566384
76a516df-38c5-42ce-a601-9518fe55b902,fog,s2,2,0.283548,0.377022,0.545832
76a99489-4758-4226-a386-a85c447f97b6,gaussian_blur,s3,5,0.520886,0.614525,0.867745
76cc8af8-b677-4c2c-b317-fed1a81c3ea9,gaussian_blur,s4,0,0.735068,0.838873,0.899653
76d91868-3757-494b-b301-aa18623d063a,gaussian_blur,s3,5,0.464101,0.481382,0.928203
76da6c55-5f58-478b-931b-205264691cdb,clean,s5,1,0.783407,0.877319,0.888592
76e036f7-a5b8-4f84-80fb-4c60c2e3bd85,fog,s4,2,0.279150,0.421372,0.462539
76e3a609-0565-4b9d-912b-af4c9e58af96,shot_noise,s4,5,0.473030,0.524379,0.890090
76e9a7cb-9ab0-4bcf-a296-743187942ffb,shot_noise,s4,1,0.495053,0.658722,0.672607
76f63261-fda8-41ae-a641-ddeeca9bc206,clean,s4,0,0.736748,0.841038,0.894875
76fc3d87-52d0-474b-ae09-7d262ee2f4f2,fog,s4,0,0.707613,0.819710,0.879051
76fcec2d-ac93-42dc-b37f-b1f119d9f0d6,clean,s4,2,0.239638,0.371019,0.411438
77074ac0-01cf-409a-a056-eca34f851b22,clean,s4,4,0.707613,0.819710,0.879051
770dd4e7-3d71-4611-96c6-21912ba176d8,clean,s5,4,0.515467,0.679803,0.681749
772a0962-9807-4265-aeea-b4861109fa45,fog,s5,2,0.557342,0.709003,0.738982
77329826-8a30-43a5-8de1-9c4b20bb244b,shot_noise,s5,2,0.542328,0.699317,0.716370
773ba832-725f-400c-87df-f46133a22f3b,shot_noise,s3,5,0.690972,0.796338,0.919919
773c3b6d-6f71-495d-9253-205b0f3ef746,gaussian_blur,s4,1,0.657652,0.773463,0.881808
774d5139-854f-4af7-bbaf-306bf6db08ed,shot_noise,s5,2,0.393510,0.466460,0.749045
77590235-3ebf-493f-bcf7-170b4ca176f6,gaussian_blur,s4,5,0.533827,0.682635,0.738410
778f62a4-ae70-4b0f-8c76-a8d0dd251383,shot_noise,s5,4,0.420340,0.574877,0.631898
7795d75d-2a61-4082-ab6d-3ccb24682c90,fog,s3,1,0.743467,0.834697,0.962745
779bb4d9-26aa-4323-8c47-41dd8e00957b,shot_noise,s5,3,0.494811,0.654638,0.683467
77b94503-335c-4bfe-bd0e-25e2090e72d7,shot_noise,s5,1,0.569210,0.725463,0.725509
77c3c455-e822-4998-a0be-a3435b8004f9,fog,s4,3,0.510380,0.658794,0.725758
77c6750d-100c-47c6-a194-2fd3ec32826c,clean,s5,1,0.641384,0.781431,0.781904
77cbbbbd-39b6-4d2c-9bf2-8f5f731be07b,shot_noise,s4,5,0.589788,0.726922,0.797077
77ecd353-9c55-478f-957f-0871860bcddc,gaussian_blur,s5,4,0.497956,0.646374,0.717088
7812f086-f3fc-4c69-992c-e2adbeecbe23,clean,s4,1,0.789960,0.875802,0.937851
781cbf39-08c3-4cc9-960c-cfc1cc6094ed,gaussian_blur,s5,3,0.626243,0.768256,0.778437
781e42b6-64f0-484c-b4fe-d3ae6899075d,fog,s5,1,0.690204,0.814642,0.827872
783a205f-a561-41b3-bd1f-6662c37297a8,fog,s3,1,0.490893,0.576180,0.852808
7841b01d-6de3-4462-b36f-4d17ba5a453b,shot_noise,s5,2,0.432854,0.567692,0.688597
784634f2-12ad-417a-be24-6333361cb255,clean,s4,1,0.654317,0.786200,0.813690
784c3609-b2bf-4544-b023-8dddf83b3e98,gaussian_blur,s5,2,0.564539,0.700322,0.792896
784cd87e-41f7-4b91-9b65-f1a9f3a2b7d0,fog,s5,3,0.617457,0.762553,0.767440
787657b8-da3f-4844-a527-f4a9fc819d30,clean,s3,2,0.440411,0.472508,0.875019
787d5619-90fa-4190-9cd4-094f9afcbea0,fog,s4,1,0.702381,0.822611,0.839632
787e3e3e-f5b0-4625-aaa8-d59d089b1d22,clean,s5,3,0.516541,0.668349,0.719984
78812014-6fa6-4175-8642-dfb4673ca6d9,fog,s4,2,0.527791,0.608517,0.901410
788419dc-e9e7-4235-adfa-cbaff3f7b86c,fog,s4,1,0.427872,0.560881,0.686837
788c6ade-889e-416c-a227-eae89ab8df29,fog,s5,4,0.458297,0.622025,0.645768
788da170-6d6b-4066-8fa0-a89d473313cf,shot_noise,s5,1,0.385259,0.545484,0.579861
788da2b8-111a-466c-9136-0bbbeddc5190,fog,s5,2,0.730785,0.842087,0.859451
789b10fe-aa50-4c16-8591-8b0565b7f7f6,fog,s3,0,0.536571,0.599763,0.944847
78a689d5-0c4f-4953-8f17-2a8f548cebc9,fog,s4,4,0.699654,0.805999,0.912416
78a783a5-f1f0-45c8-9a22-4207c9265989,clean,s5,3,0.534855,0.678435,0.754509
78af72a4-990f-45b8-bc1d-d14dccbb0cfd,gaussian_blur,s3,0,0.736167,0.830657,0.950669
78c223b0-5c90-4d29-88f5-73cbb2dc4bd0,shot_noise,s5,4,0.503455,0.665937,0.681088
78c8600e-050d-4d9f-9b4c-5fd4355850ab,fog,s1,5,0.576857,0.641006,0.984159
78cf7190-6999-47a1-b692-21fb750ef1f6,fog,s5,1,0.582510,0.734852,0.741210
78d03f81-0216-4e82-a403-6ac523cdd0fe,clean,s5,5,0.490969,0.655297,0.668144
78d592e2-ebc3-4f83-a13f-8595c9402c03,shot_noise,s3,1,0.318029,0.447322,0.546383
78f1b7b7-0933-4c41-a720-648e2f36a616,clean,s5,1,0.580381,0.731069,0.747175
78fe9db9-c857-421c-9aee-f53314671306,shot_noise,s4,2,0.702171,0.815779,0.875247
79077325-c53b-4a33-b3ce-ff9bd9954d01,fog,s5,2,0.463766,0.621827,0.664955
790a5ac9-68fb-48fb-af6b-3cdbb5235f42,clean,s5,2,0.696140,0.820299,0.823929
790cb19f-29c8-4766-acb7-8df82b6e7315,fog,s4,0,0.415642,0.567561,0.632658
79149f00-d0df-4e12-87aa-cf32eda2cc6a,gaussian_blur,s1,1,0.427322,0.484679,0.820181
791a7b68-e87f-4e26-ac52-99fcddb5821b,clean,s5,4,0.783407,0.877319,0.888592
79218f94-3e87-4ba0-867f-68d3cd5d29fb,clean,s4,5,0.715650,0.822222,0.901982
7928a973-9d38-441d-b497-21d3b6cd2aca,shot_noise,s4,1,0.699697,0.813748,0.874709
792967a8-23ee-4a3e-92e1-84cfb1c4e202,clean,s5,1,0.680522,0.808285,0.818285
79317146-44a6-416b-85b6-b478629b180c,gaussian_blur,s4,1,0.380861,0.532999,0.591520
7933b786-6ed7-4868-9550-12c85fd15fdb,fog,s5,4,0.720989,0.833625,0.863435
7941f1f9-dbec-442b-be03-f786aef032a2,shot_noise,s5,2,0.708126,0.827244,0.840021
794ed640-49f1-43f0-bcb3-adba442a6116,clean,s4,3,0.502701,0.642128,0.744330
7950d23d-f393-496d-949d-934d4efa154b,fog,s5,2,0.611388,0.758501,0.760213
7969d24e-d238-46e0-8e7d-292a08340d8e,shot_noise,s2,1,0.469985,0.487725,0.935606
7984b08d-7969-4cce-aecb-7595435756be,fog,s4,0,0.742215,0.847389,0.882485
7985de56-49a3-4f75-a4ac-f760914db05c,fog,s4,0,0.753214,0.849830,0.921886
799ce569-173b-4a8f-a261-fd32189c6715,shot_noise,s5,3,0.255422,0.389403,0.435581
79ace868-f5a0-42d4-98f6-dd519618ffc5,gaussian_blur,s5,3,0.290944,0.449857,0.452363
79ad275d-96dd-413a-a5bd-ca4378d2751f,fog,s4,5,0.287560,0.437316,0.463307
79bc3fb7-6aa3-404a-a16c-0b252b55b9aa,clean,s5,3,0.618428,0.764225,0.764267
79be9308-e39c-44ba-a68e-b5c3c6967f12,shot_noise,s4,1,0.630677,0.764064,0.813573
79c6db4a-1947-403a-b646-5fe00726d675,gaussian_blur,s5,3,0.099548,0.180928,0.181246
79daf233-942d-4372-a509-911927bd1f1f,clean,s5,4,0.297047,0.433509,0.501333
79e13d35-3e4b-4287-879c-f13e0edb5376,shot_noise,s5,1,0.651711,0.788319,0.792983
79e98edd-647b-4759-9544-969a4c4ac932,gaussian_blur,s4,1,0.430404,0.571984,0.671440
79eeac97-d344-4736-a772-6ce008c9044e,gaussian_blur,s5,0,0.562428,0.702960,0.777109
79eeb5c7-9617-40d4-a158-a9ea6d198254,shot_noise,s4,3,0.588211,0.732100,0.772901
79f205cc-2d77-4c5b-8d73-50a461ad79bb,fog,s4,0,0.552804,0.661164,0.862060
79f7ad86-33d0-418c-9a9d-b4495ae58df4,shot_noise,s2,3,0.487685,0.493766,0.975370
7a0829c3-f64a-40f9-9816-37c52ab8d9a4,fog,s5,4,0.790630,0.882169,0.890765
7a09d711-8b68-4c5e-bfac-8609085a2a20,fog,s5,3,0.509694,0.671905,0.685356
7a0d6e1c-5b71-4691-8ae7-4d404b6ce5c9,clean,s5,5,0.691634,0.816993,0.821635
7a130fab-015f-4d8c-9a63-09a02396baa8,clean,s4,5,0.852392,0.916785,0.962736
7a17ac9b-7322-4c09-a85a-37061623a662,clean,s5,2,0.474114,0.639455,0.653787
7a196f75-3119-4c88-b9d8-dfed850e3577,gaussian_blur,s4,4,0.428978,0.592856,0.618925
7a2abd0e-16d1-4a3c-9911-5e45758d6660,gaussian_blur,s5,4,0.463276,0.632692,0.634597
7a31b063-aff5-4ca9-88ca-b1bb12cfbd10,shot_noise,s4,4,0.679715,0.798777,0.861726
7a3e33d4-57ca-4bf1-8c99-5602a6a4dba3,gaussian_blur,s3,1,0.447129,0.472089,0.894258
7a4aac8c-140e-4e4a-bc8e-2d8d985990ea,gaussian_blur,s5,5,0.242437,0.377756,0.410357
7a4c3a0a-af21-43f0-b6b7-a6923b771386,shot_noise,s5,1,0.508958,0.674580,0.674587
7a4eeb54-b480-4bcd-a9ad-c20fc72aca48,clean,s4,1,0.742404,0.846865,0.886741
7a53af67-1b50-4fa1-95d9-268152876981,fog,s5,1,0.408397,0.579945,0.579946
7a6e8d08-b802-44db-9bec-792d0b155f9c,fog,s5,2,0.626455,0.769344,0.774617
7a71358f-247a-440a-99e3-00848f6e8cd0,gaussian_blur,s5,3,0.532081,0.682924,0.731365
7a7666ec-dd8d-41cd-9306-918884326fec,clean,s1,5,0.495107,0.497541,0.990214
7a793a59-8578-4c2f-ae94-5a20501fabc6,shot_noise,s4,3,0.596318,0.725055,0.827360
7a79c217-419d-4683-848e-939677b131ce,clean,s5,4,0.510364,0.648760,0.752844
7a7b66ad-5e7b-44be-bcd3-45665baff5bd,fog,s3,0,0.350311,0.470178,0.610743
7a88aa08-7afe-4f95-8948-abb08fca9ff4,shot_noise,s3,4,0.488826,0.559274,0.877627
7a91e7fa-e8c7-450d-ba5e-cbc9ed5a6fb2,clean,s5,5,0.701468,0.822350,0.836896
7a9c2169-d777-4931-b686-2193e05bb23a,clean,s4,0,0.646679,0.774116,0.835541
7aa92c64-5812-4dc6-93ca-ecb232a8c189,shot_noise,s4,4,0.431913,0.598317,0.615588
7aaac19c-81f1-4699-bd0f-20d60725f39d,shot_noise,s4,5,0.524464,0.645339,0.808530
7abbe010-62d3-47cf-afa2-ce9751eb9f61,shot_noise,s5,2,0.595105,0.743275,0.757419
7ad5ef28-9244-4aeb-b928-0c7ecb23c948,clean,s4,2,0.288036,0.443885,0.453296
7ad9fafb-13df-467d-977d-d590edb7f47c,shot_noise,s5,4,0.521124,0.684869,0.686180
7ada13c5-eef8-4ab4-94ea-898f2bf253fe,shot_noise,s5,4,0.544231,0.703010,0.711077
7adfeaec-e515-4c55-a2e9-361c8468c474,shot_noise,s3,0,0.567901,0.666724,0.897495
7afcd6ac-6af0-4f69-9ae2-902fd9f707f4,fog,s5,4,0.498900,0.665274,0.666925
7b09621e-b3f9-440f-b2ea-c141c851a660,shot_noise,s5,5,0.280162,0.410168,0.484371
7b2c709e-21b4-4a8f-9390-666538f66803,shot_noise,s5,2,0.469588,0.634759,0.650890
7b32a183-304e-46be-8d34-82e1da4a04dd,gaussian_blur,s4,3,0.654932,0.776323,0.859302
7b421729-75b7-4278-b4a4-fd7e18f96c5b,clean,s5,5,0.412387,0.576390,0.601824
7b433106-eab9-4f45-89e9-425b9dc35ac2,gaussian_blur,s4,1,0.642318,0.769495,0.837365
7b442f35-0c89-479b-b7c3-4d3317fb9980,gaussian_blur,s4,2,0.284983,0.443370,0.443899
7b461a19-6d09-4cbe-8500-9af0b1f3d561,clean,s5,4,0.605803,0.746558,0.785921
7b4bd0d1-749a-4b7f-b06c-6a43954dc0b1,fog,s5,3,0.557975,0.712828,0.728309
7b4db552-35b2-45ab-a4dd-af02c848383d,clean,s5,4,0.473088,0.638171,0.653743
7b50ce7a-5e2a-4fbb-9c3f-e8f5d7474026,clean,s5,4,0.717940,0.834143,0.845894
7b540c9d-dab5-4809-b8c0-0b316c286606,gaussian_blur,s4,3,0.529127,0.681985,0.723756
7b6b5b0e-647b-4f10-b0a1-01e585436a20,gaussian_blur,s5,3,0.750296,0.856336,0.864294
7b6cf3ad-7a8e-4dfa-8596-c08299a98f0a,gaussian_blur,s5,5,0.252730,0.372417,0.452993
7b6d8166-bf1d-495e-b3b3-46f5452d19fb,shot_noise,s5,2,0.587761,0.731878,0.772016
7b738f18-941c-4198-9224-0e3a1235024a,gaussian_blur,s3,3,0.521870,0.625681,0.846509
7b748727-c06d-4985-b372-bf33be9cd674,gaussian_blur,s5,4,0.671567,0.801486,0.813754
7b80bef9-f83d-4309-84e8-9342886e987e,fog,s3,5,0.534885,0.638379,0.858997
7b8320ca-5950-4935-af36-b42852760ebe,gaussian_blur,s4,5,0.415337,0.569477,0.627397
7b849952-9832-478d-b635-de4e053914e6,fog,s4,4,0.408956,0.575394,0.592555
7b98e751-2ac1-4ed5-ac82-eb1316c83b53,clean,s4,3,0.596871,0.727749,0.820283
7ba0706f-3c3f-49b6-aaeb-e87f65d258c8,clean,s4,0,0.248006,0.391878,0.406597
7bc08efb-22fe-4e0d-897a-fcaf6e4dd269,gaussian_blur,s3,4,0.788483,0.870795,0.966396
7bc69162-2307-4811-bef0-5d875a721d20,fog,s5,4,0.381583,0.551261,0.554891
7bc855d8-3132-4f95-b69f-a960ad8e29cb,fog,s2,2,0.413594,0.459975,0.816992
7bdcd85c-6da1-4baa-afa4-9b7849094d27,shot_noise,s4,1,0.466166,0.634122,0.640751
7be50a23-97bd-40a6-9d00-91e43f369a5d,fog,s5,4,0.364137,0.526370,0.549712
7bed3e1c-bdb6-4885-b454-ed81efb5befd,fog,s4,2,0.280579,0.438076,0.438437
7bf361a4-7c68-4edc-86ac-0941f3e30559,clean,s4,1,0.785621,0.876208,0.910101
7bf6d92d-f187-45cc-afca-35713cd5945d,clean,s4,0,0.673895,0.799974,0.831219
7bfbf932-3f48-4ce0-8b76-52af9e48d9bd,gaussian_blur,s4,0,0.405694,0.558085,0.620506
7bff4536-13cf-4d18-9943-f3a5b877954c,clean,s5,3,0.524148,0.685345,0.695569
7c0b051c-6ddb-4b20-8532-08dcc322d47f,gaussian_blur,s4,4,0.239345,0.386008,0.386629
7c174ff4-4455-4d02-8dd5-82dac752fa16,fog,s3,4,0.451511,0.497655,0.869904
7c1998ff-05d3-4489-a7c0-9174c1bfee97,fog,s5,2,0.513869,0.674851,0.691280
7c23c206-e2b9-4b41-bbbf-60f98fb0100d,gaussian_blur,s4,3,0.297810,0.428582,0.512074
7c25ceee-df42-43f5-a589-6586e625b28f,shot_noise,s4,5,0.396061,0.549610,0.606893
7c321dd3-f12b-4953-be82-997524bc64c5,shot_noise,s5,0,0.835299,0.910117,0.911840
7c3a0141-d39a-41cc-8eb7-21926666b994,gaussian_blur,s4,2,0.641719,0.756671,0.884892
7c4a996b-1f07-48dd-bae5-846cbd5636b8,clean,s5,2,0.610074,0.747432,0.798955
7c4c51b5-c0ef-48e0-9d84-3d5ceb7d0093,fog,s4,2,0.507521,0.661909,0.707067
7c57c97f-d7bd-481f-88a3-83ad7894f7a6,shot_noise,s5,0,0.598438,0.748648,0.749297
7c628a8b-3bb7-4759-9f80-dc579b3805b6,fog,s5,3,0.498321,0.645437,0.720832
7c69efb8-e42f-474d-8235-91933258c4d6,fog,s5,3,0.439594,0.561610,0.722741
7c6c6f5f-20d5-4b34-b2de-3e48e25b6299,gaussian_blur,s4,2,0.795964,0.881905,0.924382
7c7973ab-5092-413b-8afa-478dda987068,clean,s5,2,0.336767,0.478630,0.552229
7c8c1775-8c09-453a-8bfa-d59704cf6005,gaussian_blur,s5,3,0.579190,0.720709,0.779424
7c8f4adf-326f-42f8-974e-dc63935d8b74,clean,s4,1,0.720732,0.828692,0.890309
7c97c870-ec98-4aec-bbce-2710b507c108,shot_noise,s5,5,0.365251,0.528148,0.549733
7cad9680-660c-45e8-8b80-73be66f891ed,gaussian_blur,s4,2,0.331578,0.398733,0.663156
7cadd378-5bc6-417e-bad5-cd199850697b,gaussian_blur,s5,4,0.500810,0.661598,0.684491
7cb7bca3-6871-44ae-947c-bd4f8a71a170,gaussian_blur,s5,4,0.826360,0.903480,0.919904
7cb87160-2ef2-4426-8422-6c56fe31c425,shot_noise,s4,5,0.750564,0.846682,0.928144
7cc19725-2b83-48b6-9ca6-c6c9427af619,fog,s5,5,0.478619,0.639092,0.670368
7cc485e9-6789-46ee-ae04-d37cf58f8a52,fog,s4,0,0.630656,0.766173,0.804837
7cc63f40-b96e-4843-9a5e-58cd59236f64,fog,s5,4,0.815775,0.898204,0.901861
7ccc08d3-e5fc-4e35-b766-ffe964f1c385,shot_noise,s4,1,0.748512,0.854058,0.870640
7cd6971a-879b-43bf-92e9-2d969507c89b,fog,s5,0,0.458915,0.590430,0.723579
7cd7b9f3-2135-4b42-af8c-8b014004ca70,fog,s4,0,0.338177,0.504123,0.508063
7ce19689-ff6a-45ac-a158-a1e96dafbafd,gaussian_blur,s5,1,0.456967,0.602310,0.690085
7cef8ed7-592d-4262-98e1-24c6fe1adf03,shot_noise,s5,0,0.726604,0.840187,0.850853
7cfb3c6b-9420-486b-a3e1-51f131256be5,gaussian_blur,s4,0,0.288602,0.444535,0.454043
7d032bad-4542-49bf-aeea-c1451222b458,clean,s3,4,0.439313,0.472175,0.872416
7d20c07e-4a99-444d-be79-19a723e984df,clean,s4,3,0.606638,0.713674,0.900070
7d2b757e-11d2-4e4e-9779-278052e3cd75,fog,s4,2,0.303450,0.465512,0.465796
7d3ad254-9dc5-4509-84fd-58d8755eb1e0,gaussian_blur,s5,1,0.317643,0.476509,0.492892
7d3f669f-fc72-4192-a0cc-494cffc685cf,clean,s3,1,0.509906,0.602509,0.858827
7d438bcc-076c-40ad-b30a-0bfcb228b76d,shot_noise,s4,4,0.716365,0.819393,0.919760
7d48bd89-0bd5-4749-8ac4-8675481bfff7,fog,s4,5,0.587139,0.714781,0.827838
7d4f3cff-b490-4f2b-8956-85e8d070ac7c,shot_noise,s5,0,0.636823,0.772154,0.804309
7d4f79bc-75ae-47ae-b0a4-c12cf354694b,shot_noise,s5,4,0.650791,0.781906,0.818511
7d66d608-d2c1-49b2-a6b6-5f33a1bfe683,shot_noise,s5,2,0.669737,0.801237,0.807084
7d7581c1-3cf5-4881-885c-86d93671ab3d,fog,s4,3,0.377583,0.530562,0.585717
7d833dc8-8b0f-4edf-aec8-6aded47ab7c9,clean,s5,4,0.712415,0.829439,0.847419
7d83443c-2506-47e8-bf6f-9a47e88a1fec,shot_noise,s4,5,0.540806,0.671422,0.794973
7d8b8b17-a873-4ea0-aebd-325b10259d3b,clean,s5,5,0.614875,0.760419,0.766085
7d8fa30b-9e0b-45ba-9a00-70a1c1781b88,gaussian_blur,s4,2,0.657730,0.789361,0.813328
7d8fbc1b-d6e6-4aec-8d43-c0a7aac7425f,clean,s5,5,0.704223,0.826393,0.826741
7d9b4571-607d-4569-bb85-dd06e3874f2d,shot_noise,s4,3,0.509240,0.620942,0.816992
7da83895-3a70-4b93-88fb-8421c51b0cdb,clean,s4,1,0.649110,0.781674,0.812649
7db9b7a4-4888-42bb-aff4-221236eb3464,clean,s4,4,0.454483,0.600181,0.686868
7dbc2b1f-56bf-4cf4-8439-bbc9b7c0ee23,gaussian_blur,s4,5,0.614495,0.732637,0.868139
7df64d48-8752-462b-9571-189f7750d401,gaussian_blur,s5,0,0.721577,0.837694,0.841852
7df6613c-d9c4-441b-a98b-ea2580e0dc1f,shot_noise,s5,3,0.754673,0.860179,0.860237
7e007a53-db6b-47ad-b7dd-77c2b1036c81,gaussian_blur,s5,0,0.373304,0.525932,0.581050
7e0474fe-d3de-4fcf-b774-3bb2384e367d,clean,s3,2,0.718936,0.817887,0.938638
7e09a383-ecaf-473d-aefc-8227bb8fd16b,shot_noise,s4,4,0.828806,0.902037,0.950828
7e0e6b28-5501-466f-910a-80da05fded88,fog,s5,4,0.507057,0.672777,0.673317
7e286d61-a876-449e-bba0-932e8dc8aa4e,fog,s4,2,0.706748,0.823847,0.852784
7e31ca4c-649c-4f56-8034-3af8ebb5146b,fog,s4,2,0.630926,0.754709,0.851136
7e34a9b6-cb69-4a03-933b-f72674bb6f16,clean,s5,0,0.484906,0.635032,0.702657
7e45ccba-64ee-4862-9070-711be744c343,clean,s4,4,0.755812,0.850431,0.931099
7e46e8ea-2daf-4188-aa6e-08b21e8b5f85,clean,s2,2,0.427491,0.503242,0.791585
7e548919-d772-4539-8d21-f3a0883b4808,clean,s4,2,0.674360,0.796144,0.851477
7e6ff70b-b671-4f7d-b7de-d742c9e0c67b,shot_noise,s3,3,0.445308,0.474810,0.885451
7e756f41-814c-4ede-b9a9-28c52bc6dd33,clean,s4,1,0.637196,0.752670,0.882426
7e764ec0-83a4-44f5-a0fe-adeea682166d,gaussian_blur,s3,5,0.626936,0.729993,0.921440
7e7679e7-8f11-4d11-af1e-74b07efd08b0,fog,s3,3,0.435986,0.540909,0.751688
7e8fe8b3-7b41-4c73-917c-bc5f63217b04,clean,s4,2,0.689230,0.802872,0.882772
7e9e12a6-bf03-4139-a567-0266d311fbfe,gaussian_blur,s5,3,0.508697,0.673400,0.677272
7ea12d22-38c7-419e-9172-66b39a4c6389,gaussian_blur,s5,5,0.423383,0.561240,0.671605
7ea4eb81-dae7-4b82-8b2b-04c8c17429b2,clean,s4,4,0.683251,0.806766,0.837994
7eb5a52b-7a5d-4986-98ae-01c238a74eea,gaussian_blur,s5,5,0.712321,0.831872,0.832725
7eb90590-3b4d-4c3c-8d9c-9983d366431f,gaussian_blur,s3,3,0.468493,0.483734,0.936987
7ec2eb4f-6ad0-4997-9fad-a05e8ba3d3dd,gaussian_blur,s4,5,0.418136,0.455418,0.836272
7ed05d23-9232-4b05-b5e9-da5ff85b8267,clean,s5,0,0.613051,0.759484,0.762731
7ed0e946-28af-4b60-b82d-bb6236f1df0b,fog,s4,4,0.448356,0.598077,0.671490
7edfa4ca-18e6-4d33-b555-d58d9254847b,fog,s5,1,0.452742,0.616397,0.641269
7ee308b4-e5d9-4ada-8509-433917cf3bbb,gaussian_blur,s5,1,0.603570,0.750846,0.760555
7ee62ece-9820-4635-8436-58c77cc51619,fog,s4,3,0.292805,0.437537,0.480426
7eefcbfe-9285-4a70-a7c4-afbd9c6b6f59,fog,s4,4,0.287703,0.446770,0.446985
7f0ccf4c-8ea0-4369-9169-6607a730e336,gaussian_blur,s5,3,0.598093,0.748504,0.748529
7f1779c4-1d64-471a-8009-1b5754c59adb,clean,s5,3,0.400432,0.444711,0.800864
7f17a36b-5e4d-47fd-b8ce-c6a27be696d2,shot_noise,s4,5,0.648491,0.772589,0.849125
7f19f276-5960-4638-b319-ca28f973b05a,fog,s4,1,0.337667,0.494519,0.525315
7f32a55c-b3d7-46d6-b919-068dcbcc9c1a,clean,s5,5,0.638353,0.779148,0.779778
7f3c162c-b19a-4332-9464-5ef0a007584d,shot_noise,s4,2,0.673362,0.789966,0.875435
7f3e50d5-5175-42d4-a525-e9e0893b7c90,gaussian_blur,s5,2,0.505756,0.664193,0.694309
7f407bd2-8e55-4818-bf20-adbcd6d056c7,shot_noise,s3,2,0.798177,0.878996,0.960213
7f4a05e9-245d-4620-a428-e5c1224ec95c,gaussian_blur,s4,3,0.435276,0.586609,0.654754
7f7044db-3abf-489a-8150-800602879dec,gaussian_blur,s5,3,0.745409,0.854101,0.854383
7f715c06-7f3a-462d-8031-4bd9c600c357,clean,s4,5,0.583744,0.718301,0.804149
7f82fdb0-af6a-45be-abae-faf2c8208165,clean,s3,1,0.388473,0.524126,0.634048
7fb7d954-6d60-431c-928a-7227953f2668,fog,s3,3,0.388129,0.526654,0.627995
7fc0ef6c-8dc8-48c7-84b3-64fa4921d4b8,clean,s5,0,0.444727,0.597738,0.660197
7fc5f071-924a-4f72-89ed-6da4dcb47d6b,shot_noise,s4,3,0.677255,0.795878,0.864880
7ffb237c-5e48-4f41-8d44-c24df3a2ed85,clean,s4,2,0.719186,0.831686,0.866203
7ffcb11c-6daf-4a4a-b48a-d83154bab0bd,shot_noise,s5,3,0.538721,0.686708,0.743344
800100f9-717a-4b51-a4ab-8600b5558896,gaussian_blur,s4,0,0.423553,0.487459,0.805008
80050b80-58da-40cd-a95a-f6317847148d,gaussian_blur,s5,3,0.499977,0.660969,0.683392
80052b44-9b71-453b-80d4-bebd6082b763,shot_noise,s5,5,0.609894,0.756645,0.761946
8010e7c5-7087-4d88-8e65-dfc0ff47898a,shot_noise,s4,3,0.645738,0.765189,0.868000
80125432-8104-4b60-8586-9551b6e9f820,gaussian_blur,s4,5,0.462146,0.600489,0.711390
80293f6d-ae1d-4d6a-a6c2-a58bd7483c24,shot_noise,s3,4,0.544441,0.633649,0.899887
80302344-ea0e-4692-8943-7937c85d75a5,shot_noise,s4,2,0.713815,0.819483,0.907964
80327960-a08a-440c-a2d9-f1b97b89d778,fog,s3,4,0.495137,0.599183,0.819877
806919e9-ed00-48df-81b3-04aad420abaa,clean,s5,0,0.787935,0.879729,0.895205
806e02f7-76d5-4db0-b0db-cc0dd1b0fffe,clean,s3,4,0.718936,0.817887,0.938638
807e85bc-30d3-45a6-8698-21fc6c0696cd,gaussian_blur,s5,1,0.611803,0.759087,0.759430
80862ac5-da66-4f88-b24b-8befcbf373c7,shot_noise,s4,4,0.750565,0.847292,0.924437
809147bf-facf-408c-a233-e2495a83d7dc,clean,s5,2,0.727577,0.840643,0.852768
8098fd49-5188-4c0f-bb6f-23cbb6450a2d,shot_noise,s4,5,0.516995,0.630862,0.819063
809a402f-5467-43c7-9278-d3ad9fb472b0,gaussian_blur,s4,1,0.310687,0.463300,0.494175
809c398f-6f10-4f13-aaaf-d28c130baee1,fog,s4,2,0.446792,0.601623,0.657813
80a1a08e-3ace-4f72-8da5-76fdbd4e4c12,fog,s2,3,0.480033,0.489813,0.960066
80b0560c-a339-4cfb-b877-64c7e5d17847,shot_noise,s4,2,0.721416,0.822704,0.925371
80b09dbd-1449-4b23-a497-12ae8a39cca9,gaussian_blur,s4,0,0.273663,0.426595,0.435187
80b98df9-8bf6-4dc5-bd53-988f1bc40257,shot_noise,s4,2,0.845360,0.912204,0.961723
80be60e2-c98e-49b2-80c0-f22d721f9b09,shot_noise,s5,0,0.550242,0.709331,0.711766
80d9337a-f0e0-4b93-bfa6-96d348d175e5,shot_noise,s3,5,0.577070,0.684333,0.882279
80e86932-9139-4e6f-add4-833ecc21f016,fog,s3,2,0.448966,0.584815,0.703741
8100694a-2c92-4a9c-976e-f7551c9688cc,shot_noise,s2,1,0.451550,0.474541,0.903099
810321c5-03c4-4b95-83dd-d3b3aca306fd,clean,s5,1,0.805249,0.890454,0.907327
81263dae-e898-47ac-8bb2-9a50b416786f,gaussian_blur,s4,4,0.473746,0.599426,0.751479
81264637-5a41-413c-a4fe-d22e208b69a0,shot_noise,s4,1,0.551254,0.682397,0.799898
8129e3c2-d98a-4a0a-86bb-5fa0e82bc85d,clean,s5,3,0.766879,0.867433,0.872795
812c3650-16de-4e68-89a2-7b7b802aaab2,shot_noise,s3,5,0.519479,0.650890,0.777909
8141cef8-35b1-4047-babb-ee316c812073,shot_noise,s3,2,0.313932,0.421653,0.575022
81528ee2-4001-44e5-a080-e3b3707932cc,gaussian_blur,s5,5,0.082452,0.152288,0.152408
8153038e-5074-41d7-bf45-210642ba5f43,clean,s5,2,0.257311,0.391654,0.438315
815ec9a0-6b30-494d-ac39-99aa5ad0549e,clean,s5,2,0.374040,0.538627,0.557035
81609a67-047d-4504-a5c6-6fef2f83c61a,gaussian_blur,s3,4,0.603504,0.704273,0.916592
81622546-b9f6-41c4-a120-796096b01633,fog,s5,5,0.313888,0.474361,0.484341
81651564-cd68-436d-8a88-dca4b936c839,gaussian_blur,s5,2,0.696999,0.821241,0.822613
816f60c7-b5bf-4a07-8ba9-fb4a58549663,gaussian_blur,s5,2,0.782987,0.877010,0.888667
817d88a6-c716-4be0-9c65-2bc40c919250,clean,s5,2,0.412387,0.576390,0.601824
817e0f3e-67d9-4fea-bcb7-110b9ad7419a,gaussian_blur,s5,4,0.751341,0.857984,0.858256
81821357-a5cc-4405-8a6c-e1570c5e9e0a,clean,s5,2,0.719243,0.835202,0.845772
818e9678-0bc9-4914-a22e-c0be55fadc8f,fog,s3,1,0.497504,0.602750,0.819748
8199e6d1-427d-46bd-b883-617853dd33e9,clean,s4,2,0.694053,0.804228,0.896895
81a10eee-13c4-4260-a3e5-bdabe96054eb,gaussian_blur,s5,5,0.447958,0.615582,0.626969
81b58c04-0697-4356-83e3-9bad65dd2e0a,fog,s5,0,0.439501,0.591901,0.656523
81cd0425-1bf8-417d-a3f6-e895598cc021,clean,s3,5,0.585522,0.690299,0.894498
81dad486-16eb-4f50-aaf5-58ec3bf944b9,fog,s5,2,0.401026,0.572318,0.572843
81dbe66f-6f56-41f8-af03-9d81e09ee1b9,shot_noise,s4,1,0.707211,0.816720,0.892763
81e8eeaa-e0d9-4025-a5e0-75c68d11bc99,clean,s5,2,0.570240,0.726306,0.726322
81f4327a-7291-43e9-ad33-372a9b10e933,clean,s5,2,0.698337,0.822377,0.822377
81f6a9d3-5aaf-415a-9c4b-24de18487acf,clean,s3,4,0.455827,0.584475,0.726651
81ff1911-8f17-494a-8e86-975b00ff849c,clean,s4,0,0.541305,0.650661,0.850499
82188ca9-37b5-4aaf-aa47-9a45939bf24b,fog,s4,5,0.611548,0.747726,0.803480
8220c23d-dd08-42b8-b47a-3a348728e750,clean,s5,4,0.664934,0.797340,0.805715
822a97f4-6b83-48cb-86dd-ad27a468e310,fog,s5,5,0.781895,0.877504,0.878377
822f3f68-b0fb-407a-aad8-e134266f86eb,clean,s2,3,0.427037,0.478413,0.828719
8230b06a-b4ad-44d6-b194-ade01a4184c3,clean,s4,3,0.627062,0.764203,0.798725
823e5045-c269-4199-a14c-25429da5f54f,gaussian_blur,s5,3,0.596551,0.746866,0.749013
823f3626-9911-4759-ba0b-b2d5a025464e,clean,s2,0,0.540548,0.626995,0.902203
824bea9b-1631-41d5-bac4-cb278d5f7d41,gaussian_blur,s4,2,0.701802,0.815750,0.873755
825865d5-8f13-4970-b5f9-76a1de3a4831,clean,s4,2,0.528529,0.671251,0.753307
825c620d-4e11-443f-8779-6294f1e83680,gaussian_blur,s5,5,0.645782,0.782993,0.792973
8260b07f-82e9-4864-acfc-4d5ef516824e,gaussian_blur,s4,4,0.629439,0.751577,0.857141
8265bedf-adab-45ad-a53a-5daefe995e4f,clean,s5,4,0.704610,0.826354,0.828769
8269626d-5b71-4cc8-b8bf-203e509d16b6,gaussian_blur,s4,1,0.662444,0.795123,0.805877
826d4a8a-4360-4337-9e60-4305f8ba69e6,shot_noise,s4,1,0.720501,0.823925,0.914917
8272a2c3-3164-4334-96d4-e33d468fc4c0,gaussian_blur,s5,5,0.345390,0.503070,0.534315
827ace21-aef3-43a9-b288-2d9d0a6bf505,gaussian_blur,s5,0,0.679984,0.806505,0.825056
827b562b-7967-4a74-bb78-713446cda160,clean,s4,2,0.543530,0.696363,0.730304
8283224a-0740-4052-a269-daaf79534c73,gaussian_blur,s5,2,0.693410,0.808488,0.873584
828d7294-0fe6-455c-9b4f-cf5a54ac081f,fog,s4,3,0.697246,0.808358,0.890824
82933e6d-6e59-4dd2-a601-9f816eaeb411,fog,s5,0,0.275967,0.397543,0.490689
8295f5fc-3672-4f4f-82c2-211f1db3eae1,shot_noise,s5,1,0.391305,0.553310,0.583075
829b10d7-810f-48b9-bd3b-aa628f7aaa4b,clean,s3,4,0.597509,0.686647,0.944006
82a08d07-2082-40f4-b673-f7956fb543fe,clean,s3,0,0.569870,0.696666,0.822747
82a7a333-6df4-48a5-929b-2186705b77f7,shot_noise,s5,1,0.776700,0.873276,0.882539
82c46963-cfbc-43d1-a167-03f02c72b8b1,fog,s4,2,0.633696,0.753209,0.867248
82cef328-3b92-4222-acf1-c5c7d3a349b4,shot_noise,s4,2,0.580444,0.696378,0.860196
82e3d534-cdc2-411c-be6f-437b5fbe2b15,clean,s1,2,0.476147,0.487782,0.952294
82f9e3af-c10b-4cae-adb9-3142198d3fbd,shot_noise,s2,2,0.466669,0.482760,0.933339
8306fdd3-d154-49ca-b6b7-f612b5d9269d,gaussian_blur,s4,5,0.435844,0.591995,0.644090
83093d7c-ae99-4c8a-9f9f-27edd5e79db5,gaussian_blur,s5,3,0.785140,0.878568,0.888465
832866bc-642b-43f0-8374-ccc04a17dde5,gaussian_blur,s4,4,0.691703,0.816016,0.827232
832b01c6-600b-4eeb-aee0-70f55fbdc6b0,shot_noise,s5,0,0.762402,0.865184,0.865198
8337eb03-d9af-42d4-a927-ea773a235735,clean,s5,3,0.804188,0.891464,0.891504
83405c5f-2552-41e9-b32c-edd6b0639a44,clean,s5,0,0.577078,0.709010,0.810261
8347ab33-8359-414c-a231-48a87ffa5cbc,gaussian_blur,s5,0,0.299526,0.442749,0.493691
834c1e38-246e-4e72-a6a9-26908812491a,shot_noise,s4,1,0.782709,0.870449,0.937261
8352dc70-f962-487f-8223-8ef3c5a49a57,shot_noise,s5,2,0.654829,0.791374,0.791616
8355c365-d40f-4ea2-adc8-cb08830194b7,fog,s5,0,0.661663,0.794636,0.804912
8358d2f1-6f75-440d-86bb-d98113431a86,fog,s2,4,0.386832,0.475238,0.715319
8361cf00-1439-48ee-832d-1ad3e5311f23,gaussian_blur,s4,1,0.497382,0.574759,0.874985
8368301b-ed94-4292-ad4c-2451afd3fd35,fog,s5,0,0.610248,0.757673,0.759122
8370a480-0c13-4a15-b8b2-4a508b10b6ad,fog,s5,0,0.567202,0.722533,0.728551
83843b54-2002-4082-8b64-28c1bb7fb456,shot_noise,s3,2,0.505994,0.569133,0.910656
8384dffb-7d04-4efc-a52a-38c4f7f40652,clean,s5,3,0.458915,0.590430,0.723579
838d67e9-5321-4440-a666-e42630ad63e1,shot_noise,s4,5,0.635578,0.759961,0.848967
83a07890-a898-4584-b52f-2d77ff8cf504,fog,s5,3,0.418291,0.455510,0.836581
83a35b0d-c3bd-447f-981b-c771036034a2,fog,s4,5,0.529092,0.687351,0.707013
83a7e928-86c5-47da-8fa5-c6b3935acdcc,fog,s4,1,0.660385,0.784371,0.846890
83a8db39-f837-4030-bca6-0932578511c5,shot_noise,s4,0,0.281026,0.435782,0.444016
83c612c1-08b0-432d-b9cc-c4f59957aa1c,gaussian_blur,s4,5,0.343852,0.418783,0.671677
83ca4030-f468-4807-8f62-276e64360041,gaussian_blur,s5,4,0.679323,0.808650,0.811105
83e5521b-1e4d-451b-b0dd-715dbff9ee9d,fog,s3,3,0.473123,0.486190,0.946246
83e767c8-d74d-4a84-9ddd-1f18c0f826b3,gaussian_blur,s5,0,0.658010,0.789912,0.811931
83ef073c-72ff-49c9-ad9b-f76db3dd644d,fog,s4,2,0.461189,0.593485,0.724155
84148ab3-4e66-4452-861a-5f70b0139cd2,gaussian_blur,s4,5,0.706586,0.816348,0.891893
84182590-e808-434d-926c-b40ac695a7ea,gaussian_blur,s5,1,0.434660,0.571045,0.687296
84191b4b-5c44-4ca3-8457-2cf76d4bd4d2,gaussian_blur,s5,0,0.570240,0.726306,0.726322
8425dd19-2d71-4e7f-b64d-9bf9a85d6f55,gaussian_blur,s5,3,0.368116,0.479218,0.651269
8428ac56-788a-4308-a191-cbe4e8958f32,shot_noise,s2,3,0.462829,0.506862,0.888138
8431ae45-4c0d-462d-bc3a-93cbe989eba6,clean,s5,2,0.650442,0.784093,0.807243
843cd104-9aeb-4c4b-a1ad-1ecfdadc634c,gaussian_blur,s5,2,0.376939,0.429835,0.753877
843d0d72-03d3-432c-9419-c7072dfa8542,clean,s5,2,0.846987,0.917037,0.918581
844ae4b9-bed5-4069-9184-bd4d296610b1,gaussian_blur,s4,4,0.652043,0.763066,0.900427
8451cfd6-ef9b-443d-bb73-753eabf2eb9d,fog,s3,0,0.457873,0.560793,0.781472
8453047f-ed39-4df9-89a3-54b626bbc6f0,gaussian_blur,s5,1,0.377452,0.532017,0.582288
8481d831-8379-4aa6-a460-15add0b63c7e,clean,s4,2,0.492096,0.602209,0.803888
84b9eb9f-7de5-45c3-b5b5-545037540a59,fog,s4,2,0.353441,0.520528,0.525949
84c0a551-1c8c-47b5-94f0-efe19eb15b68,fog,s4,1,0.594753,0.736020,0.783269
84c1a4db-af9f-44a9-830b-b1756b31f8ce,shot_noise,s5,2,0.756004,0.860261,0.866697
84c90626-1356-460c-b8a5-3576a13c9313,fog,s5,5,0.399243,0.443977,0.798485
84cf5806-0e12-4c43-a5e5-6afe56b9a543,fog,s4,1,0.184139,0.309994,0.312480
84d225ac-029a-4178-8e59-f7cc2be11e1c,clean,s2,5,0.492961,0.496455,0.985921
84dcc738-4a1f-4b9f-917d-98b8b364b15f,gaussian_blur,s5,4,0.557183,0.715344,0.716635
84e10614-4cb4-444f-af33-25a95b5dd555,gaussian_blur,s5,1,0.397061,0.559089,0.589595
84e83402-8140-4415-b765-7f833e493fc9,shot_noise,s3,5,0.608481,0.712525,0.909877
850096c3-6689-4b32-9dc5-1852f1fe509e,shot_noise,s5,4,0.391645,0.523269,0.645880
850462e1-ce0a-45d9-a298-775e3d303658,clean,s4,1,0.784321,0.872648,0.929989
850f7ccf-b74f-475a-aa58-8e11e7df7551,gaussian_blur,s4,3,0.445552,0.604435,0.646810
8510f646-f8fc-4d86-84dc-738364a4d923,fog,s4,4,0.547318,0.661610,0.842880
851127dd-0dfb-4933-9a80-c48aa8643f7d,fog,s4,1,0.529410,0.612829,0.897583
851ff794-f488-4128-a029-691da7046cbe,fog,s3,5,0.456470,0.538458,0.818259
854c97c2-c25c-44c6-9fb2-a645aca68eeb,fog,s5,0,0.728665,0.840566,0.858544
85502cd1-376c-45f7-8e6a-434a402d1cba,clean,s2,1,0.464635,0.481669,0.929269
8557886a-8350-4c82-abec-2b6f6e154376,clean,s5,2,0.604385,0.753018,0.755029
855df76c-d1a2-4e26-bdae-bb35f8a5388f,fog,s4,4,0.650746,0.786729,0.796384
855e7f04-33e8-4a5e-96e0-0fc0376147f1,gaussian_blur,s5,1,0.684808,0.810918,0.823515
8560165d-62c1-472f-83a8-3208262cd3f1,clean,s5,3,0.769852,0.867937,0.885296
85670144-74f8-429a-aac1-faf4d733b50b,shot_noise,s5,0,0.718606,0.836237,0.836443
856aa900-17e3-43ac-83ba-b6200f68d176,gaussian_blur,s3,4,0.545024,0.647554,0.869994
857a1562-0b97-42a5-9664-2038fbf49412,fog,s5,1,0.524627,0.685414,0.697072
857c6dca-5e01-40af-9616-4acd80d8cc94,gaussian_blur,s4,1,0.760310,0.858522,0.901401
8588c4f3-7f57-4ad8-9f87-1951c74723ce,fog,s5,3,0.443819,0.610287,0.626329
858b5008-0f69-4409-aac3-c69abb3bbe7c,clean,s4,0,0.478523,0.645363,0.652757
858b5b65-81f2-41ad-bd78-22f8188b1cc2,shot_noise,s3,0,0.536571,0.599763,0.944847
858e27b8-a458-4b60-9386-799786f84c92,fog,s4,4,0.510489,0.675341,0.677728
858f0c9d-e79c-45b1-b649-8adf772232c4,fog,s5,4,0.348295,0.516588,0.516762
85917845-cd76-45c2-804a-a770a097272a,clean,s4,4,0.677811,0.789582,0.895361
85929125-4a53-46c6-8cc5-69bdc544f8bb,gaussian_blur,s4,5,0.539661,0.697171,0.713700
85a9a297-f2a4-4d12-8237-42961ac0a2c7,shot_noise,s4,5,0.401766,0.546933,0.631267
85b5211c-8c25-43af-9004-fd4b033c4392,shot_noise,s5,2,0.535430,0.696941,0.699057
85b84bae-606b-4806-a655-2f903f132f4c,fog,s5,0,0.618242,0.762082,0.772533
85c3c9d8-f4cf-42a8-bbfd-57062f61b66a,clean,s4,5,0.721913,0.834680,0.861616
85cde8d4-8ec1-4b60-9739-550ee9e56c10,fog,s3,5,0.642840,0.745527,0.928264
85ced914-5b73-45bb-9cbc-54442041e0d6,shot_noise,s5,4,0.623551,0.761242,0.796992
85d6b837-d355-4d77-b4ea-0bfa575fd668,shot_noise,s4,0,0.762423,0.856508,0.925765
85f086c2-0e2b-4eeb-9a1d-ef603b652fcb,gaussian_blur,s5,0,0.484906,0.635032,0.702657
860bda78-99c7-4586-8dd2-8313e15df6c8,gaussian_blur,s5,0,0.634978,0.770669,0.803222
8615541e-f3ff-4649-88ff-d162bf1d7acf,clean,s5,2,0.570508,0.726475,0.726715
8617d32f-270c-4971-83b8-aa58dd5dce8c,fog,s5,3,0.666449,0.797661,0.810631
86414787-5bfe-480a-904e-c36522ea656a,shot_noise,s4,0,0.744028,0.847986,0.887723
8642a7c2-cc5c-4e8b-be8d-ea0a7a0b6b10,gaussian_blur,s4,1,0.839454,0.911181,0.930059
864d4d23-c672-4f17-bf77-db357a052bf4,gaussian_blur,s5,2,0.403007,0.572927,0.578150
86559770-1e6f-470f-ab34-230ff92f72ac,shot_noise,s4,1,0.568982,0.704964,0.794176
866ff64e-fd37-4af4-9738-e5eb46d9ef57,gaussian_blur,s4,2,0.595565,0.703293,0.892235
867061b4-a856-494a-b7af-ce27edd9720f,shot_noise,s5,3,0.463019,0.603000,0.708440
86816750-d521-46c0-8fab-77c9f16a043b,shot_noise,s5,1,0.624240,0.764626,0.785771
8683bb75-e3bc-4b5e-8737-d4788bbf0018,clean,s5,0,0.340884,0.506957,0.511467
8688e9ed-81e1-4ff8-94cc-b82d79279470,clean,s4,5,0.592962,0.718203,0.837713
86a3e007-b639-43d3-9404-f2e4619ed752,clean,s4,3,0.608251,0.734173,0.840076
86a6a7df-c487-4594-9385-a105964da71a,clean,s5,1,0.600585,0.734796,0.809509
86aa82ef-8ccd-4893-ab98-629716eb9dd4,gaussian_blur,s5,2,0.472489,0.633201,0.665077
86b2b438-300a-4158-a236-dcaef0a4f833,fog,s4,0,0.763198,0.863233,0.883712
86b829aa-b316-47e6-9713-f486ab24de01,fog,s4,5,0.621877,0.760183,0.794709
86bbf163-992f-434f-97d5-1b3ae51af776,shot_noise,s5,1,0.509683,0.664250,0.707888
86bf3cd2-5f36-4364-a22a-ba4c05e15d2d,fog,s4,5,0.560763,0.698998,0.783616
86c518aa-f3e8-4524-82eb-cf48c70661c2,clean,s3,2,0.525883,0.641346,0.822943
86c9992c-aebd-4644-89b8-9418caf1cef3,fog,s4,2,0.202590,0.334752,0.340187
86d41f84-a70f-4b78-a8e2-60f342181001,shot_noise,s4,0,0.684984,0.797486,0.889874
86f371ba-a32d-4309-ab0f-19d8efb9aa94,gaussian_blur,s3,3,0.627974,0.734634,0.910324
86f89516-85e5-4c78-be6a-3d4c34cda6e8,gaussian_blur,s5,5,0.693392,0.814793,0.841323
86f9c837-9515-40d9-ac74-c8532cb5eef9,fog,s4,5,0.637009,0.742426,0.917380
870dee5e-6b1b-4187-8976-cafb0b11ac55,clean,s4,1,0.590744,0.734551,0.773525
870ed2b1-7ef0-44d2-bcb6-49d925d2bcb3,clean,s5,5,0.843479,0.915075,0.915323
8713d4df-f23f-4f17-a8ed-f093d70f91bf,shot_noise,s4,3,0.520089,0.662089,0.749982
871d9ba1-ebc2-490d-8250-3d0cba5f3621,fog,s5,5,0.406713,0.517820,0.703566
872a4904-36c0-4d3e-84c1-6e534bc4b3d8,fog,s3,2,0.598767,0.700816,0.910208
872d1894-7c18-4886-b67a-eb2290ac49af,fog,s4,0,0.248006,0.391878,0.406597
872f8a6d-69cc-4604-9ddf-b39f14e2c2d3,shot_noise,s3,2,0.451729,0.575281,0.733115
8743c2be-c601-41c5-8908-91aa4ba6a9aa,fog,s5,1,0.445521,0.601778,0.653173
87552978-dbdb-44fa-bc5f-b5deb038afe3,gaussian_blur,s5,1,0.382413,0.433372,0.764827
876ecdcc-d9da-492c-a3f0-2d7a67b0eb1c,gaussian_blur,s4,3,0.610432,0.728206,0.868075
87754ddc-e350-45a1-97f3-04b302ff5782,shot_noise,s4,1,0.623472,0.758297,0.808515
878bc63c-7723-452a-824f-08ccd942d39f,fog,s4,3,0.462480,0.607947,0.694985
879cad15-3913-4527-b94f-ee98802c8937,shot_noise,s2,1,0.396912,0.467687,0.757226
87b4460a-e120-41f4-8354-2988cc74f211,gaussian_blur,s3,5,0.465952,0.548561,0.828720
87c65005-3643-47c1-af4f-38235ff7461a,shot_noise,s4,5,0.697151,0.811577,0.874507
87c85ab3-00a2-4c13-ba48-fbef784dd378,shot_noise,s4,2,0.509902,0.671746,0.686577
87d25c56-f41f-474d-bf50-036165e9ae6e,shot_noise,s5,1,0.776765,0.872371,0.889931
87dc15d7-f752-4307-bb72-e35c68e23403,gaussian_blur,s5,1,0.399735,0.553585,0.610524
87e0a5c1-8837-4cfc-9921-f374199615e7,clean,s4,1,0.718744,0.832667,0.858427
87e3b8a6-a695-4389-bbf9-339f2f0e0b71,clean,s4,0,0.717954,0.823298,0.906715
87f65366-5022-4eca-8d65-51c365df76a1,fog,s4,2,0.653467,0.772732,0.868251
87ff0612-4bf9-4194-892a-a291bbf47549,clean,s5,0,0.581535,0.725936,0.769961
881a5111-880b-44ec-bfcc-aa7eef5d9f3b,fog,s3,5,0.135638,0.234221,0.244951
88223490-16e6-4153-8531-9d2f3f2c0e97,shot_noise,s4,2,0.268595,0.415321,0.437360
8832a121-d1f6-4f10-bcd0-f631d5e6f821,fog,s5,5,0.608342,0.756472,0.756529
88334ddb-a981-4a84-b0e0-9804fd8786bd,clean,s5,2,0.595828,0.744613,0.755029
883d2f18-bf02-41d7-b5fc-d9bf71aa25ea,clean,s4,0,0.504104,0.638617,0.757989
883e6735-d29e-4dfc-a675-0969422e382c,clean,s5,3,0.384270,0.548802,0.569365
88441a48-0fba-4fc6-8593-d83d9be1dfb4,fog,s5,0,0.787935,0.879729,0.895205
8847e30d-d498-498f-af84-52f4a8754555,shot_noise,s4,0,0.672937,0.799071,0.831504
884b890b-23f5-4c1d-8215-ffd3b7745405,gaussian_blur,s4,2,0.333472,0.498896,0.502672
885247b7-1978-49eb-898d-6232a9fb59e3,gaussian_blur,s5,2,0.457170,0.624816,0.634571
88688852-62c9-4525-abb2-4c6c32613453,gaussian_blur,s3,5,0.681434,0.786716,0.922235
8874ae95-dfbd-4159-ad30-a904d827f216,clean,s5,1,0.488629,0.655802,0.658456
8879e478-3bc8-473c-becb-c8636eede59a,fog,s5,4,0.480643,0.644761,0.661832
88a5195d-b62d-47ab-b8a9-d2251a265427,gaussian_blur,s5,3,0.849278,0.918385,0.919867
88ab00aa-2ee9-4d66-9d78-4ef863658e5c,clean,s5,5,0.545573,0.700636,0.723840
88ae28c0-e9cc-478f-b452-6554a9f0c02e,clean,s4,0,0.599902,0.731684,0.817899
88b08bf0-4ed1-4dfc-a2b8-40c8e2fc8001,gaussian_blur,s4,2,0.432889,0.584145,0.652488
88b268c1-7d0d-4857-8de3-03cb0ab42974,fog,s5,3,0.729865,0.842508,0.852303
88b9e87f-b1b1-4977-abe2-4fb811031824,gaussian_blur,s4,3,0.406370,0.549867,0.640174
88caa3ae-19ba-40dc-b4b2-3547837c4e20,fog,s5,4,0.396595,0.528767,0.651084
88cdfe20-7cdb-40ff-8d76-f1a7e3e6abfb,gaussian_blur,s5,3,0.567290,0.716726,0.749279
88d02ec6-a9d8-404e-bb7c-306123baa859,shot_noise,s4,0,0.474582,0.609232,0.731845
88ef0ff3-d157-439c-be40-66c0afbf0807,clean,s2,0,0.451909,0.474740,0.903819
88f485ca-21cf-4f03-b316-e6d80c1f036d,gaussian_blur,s5,1,0.711471,0.830399,0.837403
89282e28-36e1-46ea-b6b2-2102e128d049,fog,s5,2,0.418755,0.583708,0.606181
894345be-cbf3-4b21-a8fc-32936678a15f,gaussian_blur,s5,1,0.619066,0.762801,0.772811
89443cd5-dd11-4596-9897-04af51bf18e8,gaussian_blur,s5,1,0.542796,0.703079,0.705585
89474f80-401d-406d-a5db-b1041db2998a,shot_noise,s5,4,0.507431,0.671240,0.679323
894fcb04-cf67-4cd8-862e-ffd24b0dc336,shot_noise,s5,2,0.584318,0.737625,0.737637
895e8d6f-f4a8-41d2-b085-a441fef15c98,gaussian_blur,s5,1,0.326846,0.484324,0.508842
8964dfc8-2c95-4fa2-b899-c221d5ae5008,fog,s5,2,0.644216,0.783484,0.784222
897684a5-3882-4022-a02e-3a8133013830,gaussian_blur,s4,0,0.614412,0.748220,0.812548
898589ca-7492-4c1a-aaa2-f3c32c082a6f,gaussian_blur,s4,5,0.572984,0.703493,0.812976
8990b013-4937-4710-b930-329cc65f1424,fog,s5,3,0.450439,0.606531,0.658155
89963247-9de9-42c9-919e-e29d03588cf0,fog,s4,5,0.708530,0.815307,0.905723
89986d7d-d494-46bf-9875-1cda88a0ac77,gaussian_blur,s5,3,0.433523,0.599740,0.617568
89a4e847-7a38-48cb-bfb1-1cbcbc694c1f,fog,s4,3,0.549467,0.704614,0.724871
89ad4f47-a46a-498a-8b32-0082651db7d0,shot_noise,s4,3,0.262001,0.408291,0.426917
89c088f0-4a6b-4f1a-8acd-4367712f0f6c,clean,s5,4,0.640341,0.779731,0.785327
89cfb3c0-97b8-4adc-b41c-9e4c41585272,clean,s4,2,0.642541,0.769262,0.839200
89d2c4e4-2ba5-4672-80c0-0e4abe84a16c,gaussian_blur,s4,0,0.423721,0.591101,0.605330
89ea6bcb-52a5-4a5d-9743-e32991aa0c2a,clean,s5,1,0.652485,0.788031,0.797582
89f7349c-ba25-4cab-82e8-4874de4c6f6f,fog,s5,0,0.484906,0.635032,0.702657
89feb9d1-03b5-4fc3-8dfa-55731bd54760,shot_noise,s4,3,0.540052,0.693953,0.725488
8a084d89-19e6-4742-8a51-7269ddb3cd50,gaussian_blur,s5,3,0.698261,0.822324,0.822329
8a12ffb7-eb88-427b-a7cb-b4dd2d431c36,fog,s5,2,0.412705,0.579857,0.594795
8a133acc-e35b-4fa3-931c-229869490c4f,shot_noise,s5,3,0.378840,0.514791,0.621050
8a232713-126b-4157-baac-68db0a3d79f3,gaussian_blur,s5,0,0.568771,0.724528,0.727255
8a2713ae-7677-4d9c-87fe-f163338dfaeb,fog,s5,1,0.330179,0.490067,0.508944
8a3ea0ff-63a0-44e4-9d87-8cc844f5cbba,gaussian_blur,s5,2,0.389322,0.552177,0.578918
8a418a2b-9bf9-4d4a-9932-083c7c05dab1,clean,s4,4,0.738892,0.841574,0.902029
8a45afa4-d194-411e-8b11-fb9d79620470,fog,s4,5,0.389025,0.559083,0.562539
8a47672f-bc74-4dff-9dc9-2e8fe4bd2f58,shot_noise,s5,4,0.489949,0.642273,0.700720
8a53da0a-ed1d-4385-ba8b-c3c184ae3a10,shot_noise,s5,5,0.586997,0.739733,0.739856
8a559b52-aa13-49b8-b6dc-366b6d9ef7ee,clean,s2,2,0.587350,0.677966,0.932789
8a60fa70-08ad-4e7c-bd91-d8bec190aa2e,gaussian_blur,s3,1,0.717820,0.810714,0.967915
8a61f90d-65d4-4b46-8574-18e335cb6153,gaussian_blur,s5,3,0.663495,0.797201,0.800235
8a682a36-a537-448a-81fc-96573178ddaa,clean,s5,2,0.374255,0.540813,0.553057
8a85d412-cf6e-4bed-bb6f-6f0b08e75b7c,gaussian_blur,s5,4,0.497314,0.663624,0.666210
8a8eecc9-713b-49f0-aa2d-4f6274188ea4,shot_noise,s3,5,0.381774,0.469069,0.709888
8a98493c-bef9-4946-b20f-ab2366d572fe,shot_noise,s3,1,0.584953,0.691825,0.888400
8a9a6b0c-5027-483c-b62d-9681c17cc174,clean,s4,0,0.707613,0.819710,0.879051
8aa25168-531a-4b68-a5e1-da45995ab062,clean,s4,0,0.503426,0.643785,0.742469
8aab9f0b-5dc8-4e97-b199-28cc50445914,fog,s5,5,0.380474,0.549905,0.554150
8ab3aac6-a653-4a91-b1f4-cd6f9412e630,gaussian_blur,s5,3,0.612636,0.758553,0.764933
8ab3c8c9-a149-4bc7-82ca-cf990308dcb4,gaussian_blur,s3,1,0.511453,0.597206,0.874299
8acb3da4-67f5-40e8-bcf8-2a02532492c5,gaussian_blur,s5,1,0.762011,0.864845,0.865584
8acfeeb6-c946-4019-9c51-564842c256fb,clean,s5,4,0.253320,0.338128,0.504123
8ad70c54-43f0-4fd4-b396-85f9111e71c4,gaussian_blur,s2,2,0.492961,0.496455,0.985921
8ad9c32d-6609-48d4-ae7c-9c48496ff8a7,gaussian_blur,s5,5,0.591814,0.723163,0.817291
8af0f340-ea10-4b9b-94da-b518b3557b8b,clean,s3,0,0.700985,0.796646,0.959760
8b003ce5-3838-42f6-bd20-5b72a85966a1,fog,s5,1,0.346566,0.512932,0.518454
8b092d0d-6579-4ca8-ac33-af82f1184634,gaussian_blur,s5,5,0.784472,0.877947,0.889652
8b0a420e-d08a-401f-b785-c3f8e36a672a,fog,s5,4,0.482203,0.644949,0.666736
8b0e4c43-35f4-4adb-b97d-f0e12abc6d8f,gaussian_blur,s5,3,0.691054,0.814819,0.830736
8b11d561-2ac0-4ff4-98cf-79b386553353,gaussian_blur,s4,3,0.566369,0.710722,0.766165
8b129365-5f30-4756-9169-8a4b3cc67dba,clean,s4,2,0.755507,0.849860,0.933114
8b22e5a3-1f56-4b8c-a891-c6b198b862b0,gaussian_blur,s4,5,0.787396,0.875919,0.922437
8b25f80b-a340-4c5b-82ae-ca7af80bce5b,fog,s5,2,0.636969,0.778064,0.778976
8b2690f1-611b-4a0d-b19c-db33e232b09b,clean,s3,5,0.471634,0.573937,0.798291
8b5283e4-8bde-4d25-a48c-9cb36b08664e,gaussian_blur,s5,5,0.358453,0.417557,0.716907
8b572ec5-8094-4efa-9932-439052d82d25,fog,s4,2,0.708925,0.817486,0.896448
8b64a32f-638c-44c4-9126-402c6308979c,gaussian_blur,s4,3,0.242328,0.383847,0.400300
8b651347-6b99-47bc-8306-06c3b48e0017,shot_noise,s4,5,0.373219,0.458310,0.700960
8b6e1022-f2ae-4f1f-9228-f82b0112c12a,clean,s5,1,0.388051,0.556663,0.564699
8b8c315e-5ad5-4038-a8e7-21bbb2bd6e24,gaussian_blur,s5,2,0.447549,0.600613,0.662777
8b91a2b8-a9c2-4ee2-85dc-147fb800cab0,fog,s4,3,0.471783,0.622620,0.690083
8b936051-4631-4cd3-8c7f-0ad51ed39c14,clean,s5,1,0.600681,0.742895,0.780232
8b93f4ad-f654-4733-8478-1c72afab1dfb,fog,s3,1,0.501907,0.584468,0.870248
8b9886a1-e42a-4104-b4e3-94fc96d11fc6,gaussian_blur,s5,3,0.485103,0.630567,0.714805
8b9cc0e7-4145-4f9d-9abd-d2e8b6d8b8c5,fog,s5,0,0.748508,0.855098,0.863550
8ba356f9-aa0b-46df-a95e-27dc0d4c9004,fog,s4,5,0.716447,0.826822,0.880883
8bb7e0bc-4ed3-44a4-bbdc-f5aa8427a60d,shot_noise,s4,4,0.677108,0.804634,0.821995
8bddb284-a0ac-47b1-88ad-78ae9a86a5f1,clean,s3,3,0.580538,0.682823,0.897877
8bdfce34-b9cd-4a05-9df0-f60c159eb334,clean,s5,3,0.441243,0.603693,0.634048
8be7e13f-5573-43df-ac74-c187b0879356,shot_noise,s5,0,0.756948,0.861488,0.862916
8beab2a6-a65c-4679-afa1-c3434d6c3e91,fog,s5,3,0.405665,0.576953,0.577736
8bf569a8-4d50-4398-8f31-329b2bb962d4,clean,s4,0,0.562669,0.653934,0.911446
8bf7e33e-5fbe-4ae2-b49e-2047f221702b,gaussian_blur,s5,2,0.510187,0.675601,0.675845
8bfce650-69d6-4e5a-9e29-8cc54992b4c8,fog,s4,3,0.543558,0.677377,0.787717
8bfd97ae-dd3d-44c1-836b-7b6fb0e0599b,gaussian_blur,s5,2,0.407292,0.568280,0.603269
8c0309da-f10f-4094-b6d8-e0dcbf60f387,shot_noise,s4,0,0.599898,0.736939,0.799269
8c08c35f-b5f1-4e55-8f6d-d5cc3a4864e4,fog,s4,5,0.607726,0.718357,0.889685
8c11e613-d361-4efd-a153-010ba2ad8eff,clean,s4,4,0.749563,0.850460,0.899636
8c245e13-654f-4be5-b7f8-34b6371ce58c,gaussian_blur,s4,2,0.541606,0.674670,0.788662
8c3b4205-9288-4e73-a907-7eafa6d96c28,shot_noise,s5,4,0.432039,0.568562,0.684114
8c5febcb-7bb4-4746-983e-b79a01eb3eb4,fog,s4,4,0.622649,0.759616,0.800027
8c967c0b-ce8d-451e-b37b-fed79d9fd524,gaussian_blur,s4,4,0.459425,0.621131,0.651941
8ca5c02b-505d-449b-9d97-0a1feddfffcc,clean,s4,2,0.634256,0.762689,0.833141
8cabca40-8c39-4493-95d4-3cb47c9ff937,fog,s5,2,0.449983,0.617618,0.628667
8cb59760-2dc1-4358-97b6-2b7c547d69dc,shot_noise,s4,5,0.626950,0.739664,0.889941
8cc4a045-566b-459d-88b8-84dea369044b,clean,s4,3,0.503426,0.643785,0.742469
8ccd95cd-43e7-4630-afe3-722a46b5fab8,shot_noise,s5,3,0.736917,0.847586,0.854757
8cd8a24f-669d-49c0-9c67-ac00f0e3ff43,fog,s4,0,0.765536,0.865489,0.879920
8cefdab1-9cbf-49d0-86c2-9aadfeaad8e7,gaussian_blur,s4,0,0.707613,0.819710,0.879051
8cfd2723-f830-4f70-ae07-fd6123a0f4c9,clean,s5,0,0.453794,0.612867,0.653792
8cfd7774-c79a-4a87-875c-75a44682c562,shot_noise,s5,0,0.439501,0.591901,0.656523
8d09671a-8f77-4508-a1a1-5f21458b3738,gaussian_blur,s5,3,0.722850,0.838705,0.841790
8d0c50a4-faa6-49c0-8cb7-1c36f4c662e3,shot_noise,s4,5,0.509549,0.621989,0.815605
8d1b505b-76fe-482b-82ae-f1dd32933b84,gaussian_blur,s4,4,0.417192,0.454858,0.834384
8d1c2272-b5f7-466f-816b-7d8cf4b22522,fog,s5,5,0.774810,0.873115,0.873150
8d271efc-9a15-4754-85d1-a5d2f55fedc8,fog,s4,1,0.545496,0.677914,0.792860
8d2b11a5-7d73-4862-95a5-fe18c48a8973,clean,s4,3,0.530744,0.642108,0.836891
8d332ae2-7539-429c-b250-c63453d2550c,shot_noise,s4,1,0.488242,0.630674,0.725065
8d33af73-caeb-4668-81ce-50276eaa550e,shot_noise,s4,4,0.538466,0.691033,0.729038
8d3746b4-3f32-4c22-85bc-673e5fe6e428,clean,s2,3,0.486257,0.493033,0.972515
8d3a72ca-3c8e-4e3c-9756-0ed8bdac7b00,gaussian_blur,s4,4,0.305192,0.467594,0.467781
8d444fd8-a1a6-4149-aaf5-86c9d37f9bc4,gaussian_blur,s4,4,0.618163,0.749361,0.822560
8d46d401-32b5-4478-bd99-8560a9ef14a0,fog,s4,3,0.469886,0.632337,0.658427
8d478d8c-ff93-459c-ad55-b879c4dbe136,gaussian_blur,s4,1,0.726201,0.832085,0.896780
8d5a05fc-bfef-4f36-ac6d-9f7de4d138ba,fog,s3,5,0.479115,0.568515,0.831682
8d5a14af-5ac0-4b31-be2b-4ec56cb1e44b,fog,s5,5,0.687421,0.814224,0.817643
8d6197b1-0917-4f02-8d4c-400c38d7571d,gaussian_blur,s5,1,0.740665,0.849921,0.858300
8d61b3b3-2096-4f29-94d7-115dc3cfb81f,gaussian_blur,s4,4,0.398573,0.549813,0.614749
8d6f83c6-84e3-4543-9e69-84898d68d7b5,shot_noise,s4,4,0.686232,0.804004,0.864533
8d8221b8-57d1-494f-ace6-320428e5a141,fog,s4,0,0.614525,0.752857,0.795184
8d85163c-83d9-4c9c-a827-376499880e07,fog,s4,5,0.435191,0.598829,0.625472
8d86d8db-ffc7-4140-8065-4fc7283b8ec8,clean,s3,2,0.571342,0.673582,0.891472
8d8d5ad8-8e80-4259-ba44-cbb606e36468,gaussian_blur,s5,1,0.575442,0.729741,0.733376
8d9ec877-2578-43b5-8657-c0d38afcd724,clean,s5,2,0.656461,0.789545,0.807157
8da1361e-b1e3-489b-95f6-91896c821f18,clean,s4,0,0.659783,0.777648,0.873169
8dadad96-e766-4c35-a9ce-b186c560a36c,shot_noise,s5,3,0.515109,0.677749,0.686834
8db38de3-2046-4268-9d88-3c76c7365e46,gaussian_blur,s4,0,0.734464,0.834147,0.923837
8db69d55-3e95-4c0d-8028-659838c3182e,shot_noise,s5,5,0.658168,0.793265,0.796679
8dc235bf-8f63-45ea-b497-2d16c45fe14d,gaussian_blur,s5,1,0.555022,0.709719,0.728059
8dc32138-ec7b-4a58-b636-357546e08087,shot_noise,s4,4,0.682346,0.799254,0.870613
8dcf00da-df9f-487b-81a3-570cbd5c99cd,clean,s5,4,0.500166,0.640509,0.739989
8dda34e7-3c40-41b6-866e-0fd142d6dea1,fog,s4,3,0.725711,0.829662,0.907958
8deae5e1-56a8-4a18-9800-b0a852dfee55,clean,s5,1,0.715415,0.833007,0.840656
8debcaa4-aea2-4ca1-b46a-ac1bb3a2f27e,shot_noise,s5,2,0.745014,0.852986,0.859941
8ded22c2-8d19-4bf5-8423-e5d20435afba,clean,s5,3,0.556530,0.709016,0.735968
8df72e35-5aa4-4a9b-8210-450c2de95e07,shot_noise,s4,1,0.649510,0.766857,0.876139
8df7ba96-c5a5-40ee-a7b0-d377e9b3e4d7,shot_noise,s3,5,0.226609,0.353038,0.394917
8df8a978-2fdc-4a89-ae42-e6700d75d076,fog,s3,5,0.469315,0.605968,0.722197
8e12ba01-6381-4e89-b44e-5a5adc92a77b,clean,s4,1,0.451943,0.598887,0.681491
8e15481a-0b7d-4833-ae8a-d0cdc6444c58,shot_noise,s2,2,0.485117,0.492446,0.970235
8e16bf6f-eeea-4da5-b0c8-156ac81ea225,gaussian_blur,s4,2,0.503309,0.614194,0.813214
8e1a8c07-4c37-4e8d-901e-4931f231004b,gaussian_blur,s3,0,0.521072,0.626857,0.841328
8e2b1ca2-88ea-4335-b1c4-8c139a9adaf7,gaussian_blur,s3,0,0.497816,0.539000,0.937440
8e34ad23-aa55-4c90-ad62-c35a5eda587f,clean,s5,2,0.528970,0.690879,0.695328
8e49ce1d-dad5-4fc2-822b-a9a49fb1310e,fog,s4,4,0.529560,0.678449,0.735925
8e4aa41c-e72b-421b-968c-59342465e810,shot_noise,s3,4,0.659895,0.761359,0.936512
8e4d3bb9-0b77-4115-a954-99bed0bbba35,gaussian_blur,s4,3,0.378045,0.481769,0.677760
8e57919c-f116-4ff4-846d-4655a6cbf08e,clean,s5,1,0.740390,0.850175,0.855221
8e600e3f-9761-4a1f-8555-06e8a1f2f4f1,fog,s4,4,0.388198,0.535973,0.609518
8e7920fe-1936-4ade-912f-2c211034a976,clean,s1,1,0.484526,0.492141,0.969052
8e7b64b7-6291-4000-94f6-30843bc4bdd4,shot_noise,s4,0,0.503426,0.643785,0.742469
8e808b20-c82e-4b0d-bcef-d6420f01101d,clean,s4,1,0.471713,0.635558,0.656079
8e874c9f-5137-42db-b700-9e9019d4911d,shot_noise,s4,2,0.682433,0.790982,0.908192
8e8c26c3-d30a-4a8b-97da-dc91278a329a,fog,s5,0,0.492888,0.660311,0.660325
8ea83e81-ffea-4fbc-be44-575a4fcb023a,gaussian_blur,s5,4,0.685524,0.813384,0.813644
8ec54bd1-19c6-45cd-824e-bff6c183d518,clean,s4,2,0.632929,0.759450,0.840709
8ee2f29a-cf30-4d31-9eff-e07c64ea7e65,clean,s5,2,0.661697,0.796358,0.796670
8ef43b83-3b77-4dba-aa64-af108beca14b,fog,s5,1,0.312490,0.454147,0.516541
8f0583e9-82ec-4086-bd63-bc6690c1892e,shot_noise,s5,0,0.563497,0.706240,0.770437
8f12088c-c161-49b3-88ab-472b6ffe5774,fog,s4,5,0.494785,0.631767,0.744160
8f167fee-f028-40db-8e25-99886deefb58,gaussian_blur,s4,3,0.751866,0.855042,0.881248
8f197a45-aec5-4d36-b3ba-078829a6e2bb,shot_noise,s5,4,0.564602,0.711563,0.756933
8f2cff8e-d874-4237-bf6d-2fce54b9e469,gaussian_blur,s5,1,0.518672,0.683059,0.683061
8f34ce7f-10ec-469d-adb6-6009ccf6982e,fog,s5,4,0.672969,0.802832,0.813085
8f40ceb0-a8b1-4b73-ac38-7e4f35cb7dec,gaussian_blur,s4,1,0.377155,0.522783,0.600007
8f6f7c14-0efb-4d7b-8487-b1ffc783ae9b,shot_noise,s5,1,0.644431,0.780163,0.800201
8f733d56-38a3-4a31-ad8c-09a798e30a10,gaussian_blur,s5,1,0.370811,0.532567,0.559070
8f7c660e-1bed-4e23-80b6-48a1a9f2ba9b,clean,s5,1,0.838028,0.911877,0.911877
8f7cdd00-7065-45fb-94ce-fed055561639,gaussian_blur,s4,4,0.479071,0.641831,0.664464
8f8d3be7-13e1-445d-9ae5-351bc87e5ddc,clean,s2,2,0.430099,0.462575,0.859988
8f91e2ae-705c-496f-a446-7e5eff016ad3,gaussian_blur,s4,5,0.590672,0.728700,0.794160
8f94fe53-aa7d-4b94-8989-7bf6c8999f4d,shot_noise,s4,5,0.761076,0.858661,0.904443
8fb4c5e7-53b7-48e5-b211-18db825f9a50,fog,s5,4,0.650971,0.788534,0.788864
8fb837a4-abfc-4ea8-b3f7-1da7229e80e8,clean,s2,5,0.469400,0.484217,0.938800
8fbc79f3-f065-4277-804d-7fd7aaef207e,shot_noise,s3,4,0.588298,0.697690,0.883360
8fd99ff5-830b-4690-a49c-e6aef381793a,fog,s4,5,0.524997,0.647976,0.803701
8ff762e8-60bc-4585-bd3a-6b684442a59b,fog,s4,4,0.377074,0.533262,0.578460
8ffa326f-c0d4-4766-8783-3463d548f58b,clean,s5,2,0.445560,0.615610,0.618647
8ffd34da-6974-4260-af83-5ed88c59d5e6,gaussian_blur,s4,3,0.452457,0.592031,0.698990
9000c0cc-e98d-4fd7-b18a-1cdfb881b98b,gaussian_blur,s5,4,0.517924,0.682388,0.682485
90078bc3-13b7-4d97-94f4-f235d319259e,shot_noise,s4,0,0.628784,0.758215,0.829478
9011024b-0050-4367-9258-034fb9f979ec,fog,s4,4,0.580952,0.718477,0.793415
902a02fb-519a-4f75-bb3e-221cf89e1e28,gaussian_blur,s4,4,0.597049,0.738532,0.782719
9031e493-b22b-4a84-be87-ef452395d15d,fog,s4,2,0.480200,0.623433,0.716277
90491f96-e562-4eef-8248-fcfeb58d40a3,fog,s5,1,0.726148,0.841024,0.843405
904da094-4ceb-454a-844d-2ddca057aa62,clean,s3,5,0.544307,0.652083,0.856788
904e3864-9be1-4bb7-b98e-d759f8ace790,gaussian_blur,s4,1,0.689089,0.812182,0.835883
905686c6-6caf-4442-994a-b1ac10d0e24e,shot_noise,s4,1,0.656819,0.778675,0.856991
905b3806-5d05-41e2-88d8-6a0620cec55d,fog,s5,5,0.365670,0.507430,0.592540
905c2809-27ea-4f01-9d1b-aeaa223a0a27,fog,s4,3,0.672029,0.795686,0.843797
905d5455-8cd0-4550-9058-c70b8e213d35,shot_noise,s5,4,0.315734,0.388809,0.629035
9062ce19-ba8a-41c8-b799-a389ea2631e5,shot_noise,s5,5,0.389456,0.514331,0.655829
9064dc2b-90ce-4434-90e9-242eb1125ee2,gaussian_blur,s3,5,0.495065,0.626495,0.758036
9065e00f-8737-4bc8-bdf0-6806379bb186,gaussian_blur,s4,5,0.458461,0.602142,0.695422
906aba43-a95d-4cd3-8ac9-1c8eb1f7dd86,clean,s3,3,0.573824,0.673134,0.900766
9072cc85-d942-4967-86a2-0f14dbd6f770,shot_noise,s5,4,0.324085,0.394583,0.646341
907d4ecf-a97c-4a7d-88e5-af1e97a7466a,fog,s5,3,0.739841,0.850306,0.851567
90871235-0d15-4d5b-9e6e-3b4d29ddddd4,gaussian_blur,s5,4,0.322223,0.467774,0.524264
9087b9eb-f6b3-4b18-a6db-f87c9a434835,fog,s5,4,0.295560,0.456169,0.456443
90a8078e-c6b7-4780-a30f-6455324a1354,fog,s5,0,0.692767,0.817728,0.822754
90a96967-c4fb-4da2-a5a3-14886875c0c0,shot_noise,s4,1,0.762038,0.860299,0.898251
90aba766-beef-4356-8ed6-64124a2266dd,fog,s4,5,0.527890,0.670763,0.752485
90c09e05-ab59-4df2-9242-e13e7e57b933,gaussian_blur,s5,1,0.600021,0.744412,0.771946
90c9a3fe-4a26-4f2d-9231-641f3c76f3a1,shot_noise,s3,1,0.670781,0.769028,0.949844
90ce7917-1fd6-46c2-9168-0b96a3153558,shot_noise,s5,3,0.486008,0.653669,0.655393
90da6b3c-e0e5-4985-9806-3fc71565b507,gaussian_blur,s5,5,0.774481,0.872910,0.872910
90daa2fe-ed43-44c6-88b3-d1be2ca20b05,gaussian_blur,s4,4,0.540614,0.679258,0.772147
90e89850-26e4-4d4f-bd49-1a3d7120df6a,fog,s3,3,0.475551,0.607234,0.739646
90eddb14-a7f9-49a0-b20e-d2769c5ef36e,clean,s5,0,0.679406,0.808857,0.810389
90fe1b52-dc1b-4211-8df7-9e1102ea2076,clean,s4,5,0.798138,0.885961,0.903323
91076da7-75c9-461f-ba3c-8e4e8d13e8e0,gaussian_blur,s4,1,0.686619,0.811496,0.828517
91131f61-074b-43e8-8fab-c99f9cc285a6,gaussian_blur,s3,3,0.543129,0.635510,0.891653
911972f8-79b7-46b2-a118-23c2475b4cf3,clean,s5,4,0.493250,0.659010,0.665419
911f5681-70ee-4db2-9a56-2b85beef18c1,clean,s5,5,0.768088,0.867087,0.881984
9125ae31-1b10-463d-b04b-bb01df8ba957,gaussian_blur,s4,1,0.235831,0.372226,0.396679
9127f74c-3aff-42cd-998c-c4ddc4ba23e9,gaussian_blur,s4,4,0.401689,0.560472,0.601995
912b7311-d1a8-4d5a-9403-a80d81dd8007,shot_noise,s4,0,0.765536,0.865489,0.879920
912d4a9a-f7bd-41a8-9e94-e2bbaa2e5090,shot_noise,s4,2,0.573446,0.678290,0.886235
9144943a-89ec-49f7-8955-97f1c7de3b85,clean,s5,4,0.290046,0.401057,0.530827
9144c011-c476-450b-adc9-f28f66070adc,fog,s5,0,0.682241,0.810802,0.812736
9144def1-3b56-47e6-8303-886c3cc8b816,fog,s4,4,0.460362,0.619469,0.659403
91456a5e-083b-46bc-afdb-da76ee49fbd4,clean,s4,1,0.619264,0.752096,0.816404
916116bf-fefb-4c09-8c42-d07eeb103fb7,clean,s5,3,0.577550,0.732168,0.732372
9169a1ba-e482-44a3-95a4-eb2b6daebbfb,fog,s4,4,0.460625,0.561469,0.788645
91730841-d567-4a30-a99c-067eb41548dc,shot_noise,s4,4,0.570832,0.678191,0.877808
91734004-a401-4c70-aacd-dbbd448f4521,fog,s5,3,0.319166,0.481302,0.488880
9173a26b-b14d-4233-a1af-d0baa85f0a70,fog,s4,0,0.484665,0.618504,0.743040
9176256e-27b7-4f12-900c-50baee0ab859,fog,s5,3,0.639480,0.775319,0.801381
918dbc85-b7ff-413f-819d-12965c4d619c,fog,s5,1,0.607275,0.746858,0.790421
919a54fe-bf6c-4ca5-9935-899817f262c7,shot_noise,s3,5,0.699258,0.798819,0.943287
919fa981-4223-41c2-a4a4-c99002abb964,clean,s4,1,0.501048,0.645515,0.729892
91af1bbc-9e7e-409a-bef5-40c27d6fe26f,gaussian_blur,s5,3,0.696370,0.820049,0.826365
91b8e29c-419e-45da-bf80-8af9046cfcfe,shot_noise,s4,3,0.507014,0.625649,0.799021
91ba8908-e329-40ab-9795-93a6322db4d3,fog,s4,1,0.540770,0.670707,0.796821
91bbabf1-15d0-4b4c-acb3-c7d52e1d6d74,clean,s4,3,0.787416,0.877386,0.911083
91bd9f28-a6a6-4f7c-af40-7e995333610b,fog,s4,1,0.488296,0.647328,0.681285
91c25403-020c-404d-9981-ea3009c45915,fog,s5,3,0.461899,0.624624,0.651344
91c46662-305d-4081-ae10-36d503e3757f,clean,s5,4,0.380393,0.447181,0.739184
91d544bd-5e0a-45b2-bcb2-1ecf65da8229,gaussian_blur,s3,3,0.700141,0.795415,0.961525
91da8d5f-4625-4f23-a90d-8b2131bcda0d,gaussian_blur,s3,3,0.634787,0.725834,0.961760
91eee90f-101c-4424-8f38-7b985a0e41c1,clean,s4,4,0.772360,0.863560,0.930204
91f8eebe-258e-4f55-abf5-b8e628906051,clean,s3,1,0.685816,0.784854,0.947387
921f9848-3cf4-4a92-9dde-bd93c11d77c8,clean,s5,3,0.704806,0.826280,0.830101
9228de33-237c-4c6b-847b-68cc2d506b3e,shot_noise,s3,1,0.615797,0.715687,0.925891
922efe2f-f4c2-48d4-93c5-7e4b3e427909,clean,s5,1,0.751307,0.856054,0.871483
922fcb62-71a9-412b-a602-79856834b8c0,shot_noise,s5,5,0.632068,0.773819,0.777840
9231ce02-44c3-4a96-b004-0d08c48cfd68,gaussian_blur,s4,4,0.700430,0.808897,0.901952
923c64f0-7c86-4f17-871c-beea46673c9d,gaussian_blur,s4,1,0.478384,0.611964,0.737904
923ca961-e9bb-4a41-8733-6b3a7d4bd03c,fog,s5,2,0.774481,0.872910,0.872910
923dcf8d-90c0-48b7-ac16-983bf5fdaa26,clean,s5,5,0.696868,0.818617,0.836469
924935f7-f3f7-49cb-88db-5dc17fc8dc97,shot_noise,s5,0,0.766458,0.867389,0.870823
924d5780-8cde-4f31-a996-f9522736c5d2,fog,s4,3,0.638743,0.768394,0.827732
925977bd-7302-49ef-a879-929b04d023f2,fog,s5,3,0.371245,0.539426,0.545912
92602b0e-adc6-4d76-a57a-f23a76ac992c,shot_noise,s4,4,0.676419,0.790927,0.883765
9260e781-f05a-4cec-bc96-4d74b12c9d21,fog,s5,2,0.627062,0.767830,0.783541
926562b8-fac9-456e-bdcb-dccd8057ea66,fog,s5,3,0.575858,0.713222,0.792320
9276343d-7044-43f3-a920-3b749782b9cb,clean,s4,0,0.507472,0.627167,0.796944
927868e0-bee6-40c2-bd45-c37fdcaa6b78,gaussian_blur,s5,2,0.574553,0.729630,0.730420
9290f051-7e53-4693-be0b-596640c92f48,gaussian_blur,s2,1,0.398954,0.470462,0.759013
929a6503-31cb-4a93-9bf3-42275909d364,fog,s5,5,0.686263,0.813866,0.814372
929d9c34-5a29-413e-bbe8-cfac79e1174b,fog,s5,0,0.464715,0.629959,0.646946
92ac4a9b-2b71-4d27-885b-facb6f8d77e4,gaussian_blur,s4,3,0.418688,0.588743,0.593904
92b8558d-26a3-40c1-b9b2-4d687dc28482,clean,s5,4,0.387145,0.555700,0.563791
92c08264-1bb2-4b36-a5cc-b72132a65ab9,fog,s4,0,0.660878,0.791245,0.817724
92c951f4-151f-4412-9ade-5afb0dd633a4,clean,s4,3,0.541305,0.650661,0.850499
92cbedb5-7539-41c4-a8c9-c088761bfef8,gaussian_blur,s3,3,0.463596,0.584915,0.750559
92d275fd-3dda-44fd-b2b8-df3eb3b1c04a,gaussian_blur,s4,1,0.709008,0.817223,0.898160
92db610c-cce8-44f6-b608-6ae8ac17aba1,clean,s5,2,0.638085,0.778155,0.783150
92df1d7d-2533-47ac-9524-305570f23922,gaussian_blur,s3,4,0.446754,0.478937,0.883701
92e2d017-db92-4597-931c-22f0e859985b,gaussian_blur,s3,0,0.549539,0.657204,0.861248
92ed5850-4ed1-4043-a9c1-b6359c2ba76f,fog,s4,4,0.676708,0.793252,0.874587
92f563b2-b489-4a78-aa4b-e4d3c4849995,clean,s4,2,0.771828,0.865456,0.914080
92fb8f1a-bcc5-45ea-9635-9b78e1cb23c5,gaussian_blur,s4,0,0.672937,0.799071,0.831504
930a33d5-eaa2-4583-9ac7-eea884ab13c8,fog,s5,2,0.307600,0.415630,0.564341
930c9168-cbd5-42d6-ab15-ce9dacd151b7,fog,s2,3,0.407408,0.448980,0.814816
930d55d0-6bc4-40ef-acd9-808d9c4db2fe,clean,s5,4,0.729406,0.841563,0.855968
932a5234-d68b-4ad6-83ed-514aac1c2766,clean,s5,2,0.605780,0.746539,0.785908
933ae5db-9243-4707-a8e0-cf2885f77556,shot_noise,s4,4,0.705139,0.811626,0.909088
933b9314-5849-41ec-8c47-cef061af3346,fog,s5,1,0.342532,0.441649,0.633189
933fdcf6-fbe7-4131-b082-7cc9f241cacc,gaussian_blur,s5,5,0.618048,0.763840,0.764378
93404016-b1bc-4384-838a-ed8026029206,fog,s4,5,0.674145,0.796983,0.846623
934742c8-d38d-4b9d-b878-c6ad4b052765,gaussian_blur,s5,1,0.496374,0.663052,0.664576
9347b625-956b-4caf-8d8d-bbc0b219652b,gaussian_blur,s5,3,0.456153,0.590551,0.714360
9363287e-f10d-403e-af06-fb98f90d5d43,shot_noise,s5,4,0.816667,0.898117,0.908563
9373d247-2231-40ca-ab19-ef16d0f7991d,gaussian_blur,s4,5,0.262909,0.416217,0.416592
938b5225-6945-4b21-9d9e-ea7733095d77,fog,s5,3,0.748820,0.855129,0.864954
938ce7d6-f370-4e16-a974-02f4b6ebfafb,shot_noise,s4,3,0.565249,0.716328,0.743117
939249b9-ff42-495e-9abc-4786bfd24c5b,clean,s4,1,0.708118,0.810048,0.929530
9393ec79-973d-4001-82ca-e6ccc7172396,clean,s3,4,0.531590,0.646771,0.828348
939abd55-5a6f-4b80-9cc9-0c4e81de495b,clean,s5,4,0.560096,0.708443,0.750902
939bf78c-dbde-45f4-a916-d69d44420b5e,clean,s5,4,0.682001,0.809364,0.819211
93a082ce-0043-49bf-ab36-346d9826d50f,shot_noise,s4,1,0.497826,0.626363,0.767420
93b5324c-be84-4229-88d8-69f39b9e1062,gaussian_blur,s4,3,0.693697,0.801737,0.906981
93b8d98a-0e7a-4d77-99ff-64eaf145809d,shot_noise,s4,0,0.578723,0.690932,0.869761
93b93f1b-b48d-4377-904b-05031709b5fc,fog,s4,3,0.588540,0.734023,0.767147
93b99a7f-ad1a-464c-80f9-b54c3b8931a5,shot_noise,s5,3,0.411486,0.574490,0.603179
93c2bd91-3813-406c-89da-3a2885e62ac7,shot_noise,s5,1,0.555049,0.707266,0.736416
93e2f554-1ce6-42e9-95d8-f9a5dd501b69,shot_noise,s4,3,0.575528,0.669492,0.915427
93e4d335-cf7e-40fd-a72d-a5c5420c1e8e,clean,s5,3,0.458615,0.518838,0.857445
93e7afd3-775e-41f6-8bae-3cc588da9113,gaussian_blur,s5,0,0.374101,0.427984,0.748203
93e9841d-a01f-4482-8f5b-4acddf8ce1b1,shot_noise,s5,3,0.693959,0.819242,0.819843
940c07da-8309-4729-bc8d-90d35b2907f5,clean,s5,5,0.604385,0.753018,0.755029
940c3cbd-63ae-4cde-823b-e83d964ad0fd,shot_noise,s5,3,0.753970,0.859048,0.864565
941cff38-2352-4b69-9de2-d8a3d4b6915b,fog,s5,4,0.412549,0.454952,0.821104
9425056b-8cc6-4628-acf6-988a23742f30,clean,s5,4,0.624079,0.768530,0.768545
942bc8cc-7bd2-4dc9-bcdc-9e1e2d01fe96,fog,s3,2,0.698232,0.798770,0.939259
942cad38-a397-4d9e-9ec9-14c4fa7b0fc3,fog,s4,3,0.694549,0.815505,0.842725
94319cd0-edf7-4bdc-83df-d358a43de89c,shot_noise,s2,4,0.476637,0.488039,0.953275
943b8aba-d6cf-4662-9716-40222b1cb765,gaussian_blur,s4,3,0.683986,0.804187,0.853988
94510b5c-9f47-41be-bfb6-c14381549c12,gaussian_blur,s5,1,0.452239,0.618240,0.634805
9456e12d-0e22-42c4-bc11-469c0cc2f367,fog,s3,4,0.154525,0.261031,0.276693
945a9bb3-e843-4230-a8a8-5fb5524d98dc,clean,s4,0,0.711693,0.820635,0.892507
945e24e8-8af5-4b58-aa3f-c921b14a59a2,gaussian_blur,s3,0,0.671788,0.767059,0.960870
94617bb1-27e6-4651-b220-9597f8a0c0b8,gaussian_blur,s4,5,0.529127,0.681985,0.723756
9467fde5-9e9c-431c-9e80-e32d152a631f,shot_noise,s5,3,0.490738,0.638523,0.713322
946cb3b6-6a69-4324-b1a7-fd2c1a3b2bfc,gaussian_blur,s5,2,0.494805,0.628171,0.753100
947d7302-8813-4fa4-a4ee-6516e10475a7,shot_noise,s5,4,0.486228,0.647490,0.673664
9481312d-b06a-4741-9036-5c0f4e70c903,gaussian_blur,s4,1,0.736538,0.845295,0.867600
9485c8c0-595f-4e59-a8e1-a9d13724c8ef,shot_noise,s4,0,0.420539,0.572756,0.637323
948e818f-b3ef-4f35-b745-8698a559637f,clean,s5,3,0.337611,0.503179,0.508053
94921e49-b3e1-4e1a-a091-fdb2151dd57f,clean,s5,4,0.561588,0.719096,0.719808
94941eee-e84b-41f7-a8ec-f3ba50e981a5,clean,s4,0,0.664070,0.786167,0.854064
949a9f07-31b4-49dd-839c-ebe76eac2766,clean,s5,3,0.680522,0.808285,0.818285
949ecff5-08cd-48e4-b3a3-d0dd29dee08c,fog,s3,3,0.484336,0.615959,0.747994
94a0052b-bc31-4a46-ba4c-e8eee7c08cf4,clean,s5,0,0.297822,0.399532,0.557920
94b43ea4-1346-4e9b-8fb5-e645cd9ff585,gaussian_blur,s4,1,0.420469,0.546693,0.691995
94b80753-b1bc-47bb-828d-e8ebce9d79c8,fog,s5,0,0.641731,0.779983,0.789909
94ba9ae8-3115-4029-a138-a7578fc0c23f,gaussian_blur,s3,4,0.398250,0.498502,0.711493
94c498af-ac9b-4899-b6ca-d3c6c79bbe6a,gaussian_blur,s4,0,0.788282,0.876264,0.924800
94d66cb1-48ea-4eaa-bebb-67a4fabd8bba,shot_noise,s3,4,0.625850,0.743332,0.873285
94d7a71a-4b25-4566-a47e-fa56d2d7557b,fog,s5,4,0.734244,0.846636,0.847571
94fccab2-87ef-470c-b62b-16e506f01651,fog,s4,4,0.369692,0.519254,0.582593
9509e756-1fed-4fae-a0eb-fc270285ba34,fog,s5,2,0.751348,0.856797,0.866582
951427ea-891f-476a-8b2d-0f9a9dad1fe9,clean,s3,4,0.383727,0.510123,0.645477
952534a2-c475-428e-9323-7d8a8bb776fb,gaussian_blur,s5,0,0.486718,0.646525,0.678037
95339b21-411e-4c31-959b-7360171898f8,gaussian_blur,s5,0,0.703315,0.825819,0.825820
95397ade-728b-4c62-b6c8-79e03a00bb36,fog,s4,0,0.788282,0.876264,0.924800
953f763f-a54e-4a80-97bc-eb2df333faa7,shot_noise,s4,0,0.478169,0.624996,0.705584
955d9255-150d-4630-8672-b269b7d6b1b7,fog,s4,1,0.527045,0.653458,0.796540
955d92c7-5afe-4fb2-9c89-04e8120bddb1,gaussian_blur,s4,0,0.509273,0.654759,0.733077
955e69f5-3246-4d89-b3a4-6d4bbb5d6a09,fog,s4,5,0.685254,0.802826,0.866027
957417a5-37d0-4681-8a25-bc4f17baccc8,fog,s4,3,0.736791,0.838752,0.908603
9587bf4c-1642-471a-a65e-bd6b9c5c79cc,clean,s4,0,0.744028,0.847986,0.887723
958b766f-85c0-413c-8b53-ec2c55c4fb9a,clean,s4,0,0.554860,0.708069,0.733035
9591043c-63ab-48b4-a6f9-e19a2dfbfabe,shot_noise,s5,1,0.801788,0.889371,0.895605
95b18508-0308-4f4c-8316-bd922e3567af,gaussian_blur,s5,1,0.304055,0.448399,0.498816
95b2b646-91cc-4b57-9cf9-90a0bb579455,gaussian_blur,s5,2,0.584214,0.729955,0.765647
95bbdf93-2e8d-4d37-aa6b-ee1b54833948,gaussian_blur,s4,1,0.369287,0.424816,0.738575
95be9be6-7737-452b-9931-ba9a73ecdf80,gaussian_blur,s5,3,0.336934,0.463717,0.579228
95c5dc29-4c25-4641-af75-ef39b2cff7dd,fog,s4,0,0.343225,0.413336,0.677600
95c6596c-54df-4aa7-9ad1-f755e0c54533,gaussian_blur,s4,4,0.415477,0.517413,0.731344
95ebcd57-39b2-4957-bf37-7835827e5f9c,clean,s5,3,0.562148,0.713092,0.742784
95f084c6-a301-4e64-b881-26a04a63ca7f,shot_noise,s5,2,0.567061,0.723231,0.725514
95f7ec2d-ada3-4add-b510-7b34e2d3e98f,fog,s5,5,0.539641,0.700958,0.701124
95f80a8d-8e90-4bd7-b98e-f6265ad9b517,gaussian_blur,s4,4,0.604882,0.727181,0.851381
960b4c4e-0368-442e-9b3d-98ced56d7d27,shot_noise,s5,1,0.483429,0.650055,0.656682
960c7d84-87a1-4cdd-a3cd-075601ffe8f6,gaussian_blur,s5,4,0.562675,0.716795,0.731968
960c8d3d-bc40-4b28-a995-ed29ac8928e5,gaussian_blur,s3,1,0.744692,0.837610,0.952536
9617cf80-f27e-4a52-b7ce-19d833f142dc,shot_noise,s5,0,0.398092,0.567483,0.574096
9617e338-9b2c-4c22-97b0-a096f8e1ac6f,gaussian_blur,s5,3,0.528367,0.682378,0.719861
96370d7d-d623-42eb-a9c4-892a08c62c5f,fog,s4,2,0.563939,0.717107,0.735567
963ad0b8-12a9-4e42-9a78-1b10cdd571b5,shot_noise,s4,4,0.522907,0.658736,0.768731
96462f26-1f3a-4007-8fdc-4cd83ea26f89,fog,s4,5,0.479474,0.616347,0.731109
965503aa-a773-42d4-9561-460817523d62,gaussian_blur,s5,0,0.411698,0.576836,0.598462
9658e2e0-6937-43c9-8d1c-d10f674917b3,fog,s5,3,0.365084,0.532406,0.540197
9661b637-bf02-47b2-98a2-48bc2f4f4da5,clean,s4,2,0.774788,0.871142,0.888341
966fb832-5295-446a-af13-845d32053662,fog,s5,1,0.591318,0.739123,0.758731
9673874b-9e04-479e-83bf-7295dfae750f,clean,s5,3,0.262770,0.346813,0.522379
96762b10-e6a5-4edf-912d-e139c079c752,clean,s4,4,0.602433,0.732402,0.824755
967f4116-1cba-41c1-ab58-160d2efae913,gaussian_blur,s2,0,0.430099,0.462575,0.859988
9694ffca-c373-4bda-aed8-e38a8aca79d5,fog,s4,4,0.519611,0.643988,0.795909
969a083c-048f-46d6-899d-91877b5567ae,clean,s3,1,0.578839,0.678265,0.904138
96a08f32-0d58-44b5-86d8-b4d4c6777994,shot_noise,s4,1,0.403464,0.563735,0.600672
96b14d70-8ce7-40e7-89e2-b4bc4214df41,fog,s3,5,0.523600,0.629079,0.844337
96c27c0d-035e-404a-afda-1339cb6e08e2,shot_noise,s5,2,0.399752,0.444291,0.799504
96c73b4e-b3d2-4e3d-9f67-b129b5f16760,gaussian_blur,s3,2,0.542511,0.607350,0.948064
96cf37d5-b8f4-4df7-9be9-1850379fc9b4,fog,s3,2,0.488256,0.608090,0.778763
96dfcfb9-0d21-45b8-a77b-eaaa2d654b7a,clean,s5,5,0.650238,0.788045,0.788096
96e31b94-264e-4baa-ba2b-9d8c828a2023,fog,s5,0,0.569885,0.719551,0.749093
96e3e182-8062-4703-a720-437bf269090e,clean,s4,2,0.634081,0.767224,0.814072
96e7bf2a-2af8-4af0-84a8-b2acee327279,gaussian_blur,s4,0,0.758594,0.852687,0.930885
96e8fdeb-36df-41ff-a96a-cd7ded23d5c2,gaussian_blur,s4,4,0.686387,0.808257,0.844155
970af3bc-1686-4c6a-b380-705f0edc7b81,fog,s5,3,0.344352,0.407830,0.688704
970b64e2-29e3-4922-a814-183cab8d45bd,clean,s4,2,0.462151,0.605309,0.700165
970c307c-20e9-4621-8f8e-36a12a05b52a,gaussian_blur,s3,2,0.558007,0.660873,0.879776
972b3616-21c6-4b8a-8897-7219e479a336,shot_noise,s2,5,0.575140,0.656948,0.944011
973aa020-93fb-4886-a88d-d001229df5df,gaussian_blur,s4,3,0.629203,0.761680,0.817413
973d5caf-b235-49a4-b4dc-b20369917401,clean,s5,1,0.573148,0.728507,0.729243
9749eeb7-bcf7-4209-ba69-9b7fc69c0dba,clean,s3,3,0.639342,0.738805,0.937712
97504f4c-a9dd-4bdf-a453-0ce022efde86,clean,s5,3,0.456187,0.615057,0.656407
9751a2e6-95b8-44e5-a82e-8a6c18f9dd1e,clean,s5,2,0.717940,0.834143,0.845894
975334b4-6efa-4e7f-b81f-d216ccc14730,clean,s5,0,0.462429,0.630263,0.638224
9769aea2-c144-4d6f-8972-22db5fed15db,fog,s5,2,0.548349,0.688256,0.772602
97813481-4181-4dbc-aaff-e820521dbb2c,shot_noise,s4,5,0.245768,0.387660,0.405840
97909577-81f0-4dd0-b59f-d69dfd4b1f12,gaussian_blur,s5,5,0.420921,0.572514,0.639125
979257dd-c981-43c9-80b4-d660cf5a8937,gaussian_blur,s4,1,0.513152,0.641241,0.781431
9792be21-1acf-4ad5-8eba-8a58eb9132ab,clean,s5,0,0.720115,0.835154,0.850224
97931d16-c514-4db6-89f1-9e94c754aefb,shot_noise,s4,2,0.686724,0.795696,0.905180
97a0f116-bf09-4d03-bc0f-4387fef03eba,gaussian_blur,s4,3,0.625087,0.754431,0.829829
97bf8e46-ecd7-4510-97f3-99e45eb71d93,fog,s5,3,0.417235,0.542036,0.690917
97c51b70-c7c7-4f46-88bc-4c6d1f0ec1a9,shot_noise,s4,5,0.792539,0.883043,0.894699
97d359ae-1fd5-423f-9cc0-8106903ec8ae,clean,s3,3,0.577148,0.669411,0.920875
97d882ea-2482-4c38-8485-dd2e51d182b6,fog,s5,4,0.600761,0.741042,0.787483
97ea8f54-d47d-4608-a56d-f221a3f023a1,gaussian_blur,s5,5,0.639465,0.779808,0.781371
97f99950-a817-42e9-8da4-63995950bbc3,fog,s5,1,0.750461,0.856328,0.865207
97fd2c0f-171b-490e-9c18-2abb65068c63,clean,s4,1,0.774427,0.867226,0.915425
98052fe3-ffeb-477e-8150-b753be6067b7,fog,s4,2,0.180485,0.303318,0.309315
9813f90d-35ed-403f-9a00-679063fc25a4,clean,s3,1,0.549539,0.657204,0.861248
981e59ad-d137-4fc7-8000-ddc27c0ea9bc,fog,s5,5,0.469986,0.637530,0.644718
9823cac7-df73-402f-9fa3-ad771e84a117,shot_noise,s4,2,0.574858,0.723250,0.754595
982e3585-596f-45b5-a751-0160538dcc08,clean,s3,5,0.708549,0.803601,0.960856
9836b5ea-7df5-44f5-9796-355a300b1bdd,clean,s5,5,0.679984,0.806505,0.825056
984023b9-f36c-448d-bbb0-b8dc67ee4516,shot_noise,s4,5,0.546763,0.692823,0.753056
985382f4-ef90-4ad7-83d3-cf5075fcbec8,clean,s4,3,0.534819,0.674064,0.767022
985b1b17-0191-4af5-9f3b-9d6d7543e16f,shot_noise,s3,0,0.718936,0.817887,0.938638
985f2e74-1a49-4d73-8487-8c9157ea4694,fog,s3,1,0.482422,0.521023,0.921920
98625f0f-c7e9-45d5-b444-6870b62e7c5c,fog,s5,4,0.527780,0.677157,0.733515
986e8c15-0332-47ae-b205-27665e9108b5,fog,s4,2,0.691575,0.805359,0.880917
9873b15a-929f-454b-adee-9d73cce59b38,gaussian_blur,s4,0,0.753819,0.847383,0.939886
9879e554-d4df-4b45-9e56-fb0028bd0065,fog,s4,0,0.761244,0.861270,0.887280
987d6030-b0b3-427a-8c4a-5d335de1a980,shot_noise,s4,1,0.483402,0.650876,0.654245
98801beb-6859-427d-9dab-84d6f102130c,shot_noise,s5,1,0.718903,0.834186,0.850224
9899eade-1611-425b-a581-20bcbd5244ae,fog,s4,0,0.749379,0.848192,0.913029
98a3ba15-35cc-4f6e-8d4a-9aeb1d5a4f22,gaussian_blur,s4,5,0.519387,0.670463,0.723785
98ab491a-cacf-4020-9c68-b016c554f84a,fog,s3,0,0.700985,0.796646,0.959760
98afeb2b-3e86-4da6-be6f-d81dfb0b0fd0,fog,s5,1,0.396206,0.538929,0.629616
98b014c0-9f4a-4d3d-9c31-e16954cf37ca,fog,s5,3,0.533589,0.695008,0.698697
98bbb76b-2cf9-421e-bdb3-a4a82c045451,gaussian_blur,s4,3,0.350589,0.502823,0.552034
98bc631c-f40f-4a23-8b61-b0e9edbbc6b6,gaussian_blur,s5,5,0.515035,0.678975,0.682775
98be923e-e161-4d9a-aa35-2ec94c554360,fog,s5,0,0.562428,0.702960,0.777109
98c56539-e35f-44a4-87ab-eaa7762626cd,fog,s5,4,0.448044,0.618111,0.620699
98ce6672-1037-4217-9ace-42dd134a71ff,gaussian_blur,s5,1,0.665005,0.798479,0.800411
98d8afe8-2221-4e6b-9b40-c46346076431,clean,s5,2,0.741277,0.850167,0.859766
98e1ef9f-e189-45d8-a268-cb8f213995dd,shot_noise,s3,3,0.608515,0.698984,0.948080
98e8fc00-d2ce-496c-8022-cb4cc669a44e,clean,s5,3,0.450854,0.621365,0.621861
98f1719f-6aa5-4175-99fa-35d71e25e14f,gaussian_blur,s5,1,0.472002,0.635302,0.657769
98f191a0-1b8b-42f1-92cb-891fead8bb15,gaussian_blur,s4,1,0.595615,0.733549,0.795413
98fc922e-c39c-49b5-a51f-0306948d9f87,clean,s4,5,0.673728,0.788815,0.882000
98fd29a7-6085-4a2a-8ee6-e90a3adec04b,shot_noise,s4,2,0.659708,0.777037,0.875395
991416eb-9664-4c47-8c59-eed0a58ce5b9,fog,s3,1,0.568335,0.674590,0.878945
991a9042-ad4a-4c4f-a139-4ac93acd0c3a,shot_noise,s5,0,0.429021,0.555939,0.700657
99287441-ade5-4782-aafe-db162d144b1d,clean,s4,2,0.558677,0.666894,0.866865
99288759-26c7-4d79-8127-427c4fc332ab,shot_noise,s4,0,0.761244,0.861270,0.887280
992a1ffe-80b4-4e6a-a00c-d9f540e8b8fb,shot_noise,s4,4,0.591316,0.711411,0.853260
9937b1fc-5b4f-4159-a2df-7afdc75835de,shot_noise,s4,0,0.541218,0.679649,0.773109
9944e4ca-8876-48e0-b57e-bab17ab69b28,shot_noise,s4,0,0.445754,0.598773,0.661167
994aa035-2a9b-4ff2-9c3a-b430062627b5,fog,s5,3,0.404190,0.571311,0.585909
99533cba-4fb8-4398-8f28-fa9408de607f,clean,s4,5,0.756908,0.853869,0.914789
9960629d-73c6-4539-8aab-bb74362dda65,gaussian_blur,s5,0,0.720115,0.835154,0.850224
99692406-f1ab-4686-8323-c6879c6366e3,fog,s5,5,0.432009,0.595295,0.623291
9978d097-b1d9-4194-84bc-3b4f0216860f,shot_noise,s4,2,0.644074,0.778583,0.805760
99793933-73d6-4afc-a878-b6c0f5de6c9f,fog,s5,0,0.384270,0.548802,0.569365
997c53b6-9a9a-4fa2-8ea0-120a5770b836,clean,s4,5,0.464787,0.576090,0.772672
9984e363-6055-4192-b666-22a32a16c487,gaussian_blur,s4,0,0.243358,0.370227,0.425156
9985d936-9383-40e2-a818-88e7f0c183b9,gaussian_blur,s5,3,0.469286,0.515714,0.892944
9987a2b9-7180-483d-94b2-7e90aef39162,clean,s5,1,0.391069,0.438876,0.782139
998b3cae-39a3-47e4-b4ec-87070edf5b52,fog,s4,5,0.299541,0.460784,0.461387
998fb88b-993a-4781-94bf-1c3bad38386e,gaussian_blur,s4,3,0.195338,0.325358,0.329019
99917d2c-9587-462d-b9a6-1cc5734abd4c,gaussian_blur,s4,2,0.481696,0.637699,0.684688
999af1d1-4aa8-4a22-b646-dcf6f5d08c40,shot_noise,s4,1,0.761090,0.852594,0.944018
99a3cbf0-4203-4324-a7fc-da8ded0c9d19,shot_noise,s4,3,0.502990,0.644448,0.739270
99a5fd36-3f9f-41fc-ab25-a816b0cd2b6c,shot_noise,s3,0,0.798177,0.878996,0.960213
99a72333-f947-42d2-94d0-8c3f021377ce,shot_noise,s4,1,0.783350,0.871059,0.936336
99b7f69b-5a33-44ab-b77c-14a7e70cb781,gaussian_blur,s4,4,0.529350,0.686946,0.709213
99b9499d-1967-4a00-ade4-9c4cdf223040,gaussian_blur,s3,1,0.393576,0.518147,0.661754
99bc3be1-78b1-4ad4-ae9e-be109603e5e1,shot_noise,s5,5,0.364917,0.533740,0.536789
99be4d73-d38d-4cc8-836b-3a33e6211666,gaussian_blur,s4,2,0.712434,0.819369,0.902396
99c01a96-fb81-4633-ae15-7cce0a48ff55,shot_noise,s5,1,0.671900,0.802909,0.808053
99c999d0-19f1-4a0b-bce6-197eb0b48b4c,fog,s3,1,0.460802,0.479601,0.921604
99cbcb4a-93b3-466a-b9c4-e0278de9c289,clean,s3,0,0.294259,0.401146,0.544166
99d339ed-ece6-4522-bd3a-f0c2868aee0d,shot_noise,s3,3,0.512822,0.571479,0.926468
99dfb449-ba4c-4bec-ab9b-c0e9be064f98,gaussian_blur,s5,1,0.603757,0.749652,0.766016
99e28a04-72a8-4d08-802c-985b6c66fa3b,gaussian_blur,s4,5,0.410663,0.551795,0.650126
99f2faea-95c0-4f4b-a472-4f000f93685f,shot_noise,s4,1,0.688020,0.804048,0.871989
99fb6787-e40d-412b-b1b7-51fb9b889b7b,clean,s5,4,0.793435,0.884251,0.889755
9a02f196-7666-44df-8e64-81e4a777d114,fog,s4,4,0.574913,0.715137,0.782574
9a077ca5-1fe3-49b0-ab77-78fc750b5891,clean,s5,5,0.485019,0.633885,0.706018
9a0ca426-ae13-42c3-aa0b-eee77186af00,gaussian_blur,s4,3,0.487004,0.653743,0.658683
9a0cdec1-33df-4a38-b5b5-65621f82760e,gaussian_blur,s5,1,0.470080,0.619916,0.691136
9a0d016a-b4c2-4d95-b866-d97a1eadbe06,clean,s5,0,0.441904,0.606445,0.629461
9a154701-4187-4ce2-a435-510d7526668b,fog,s5,3,0.539401,0.699805,0.704085
9a15a321-f076-4b79-a71f-5bbaf070cd82,fog,s5,3,0.366463,0.524299,0.561739
9a1aeaa8-3a57-46f9-b341-9cf84ec4cd4e,clean,s2,1,0.468085,0.483517,0.936171
9a1b582c-ab23-4cbd-be7b-caa76a4945ce,gaussian_blur,s4,3,0.515048,0.623734,0.829206
9a2cd0b2-5ed6-486e-82b7-49e8f1f2dffb,gaussian_blur,s4,0,0.579316,0.723539,0.770124
9a3f9c6c-d156-4e26-92cd-78a0acb38711,clean,s3,1,0.594779,0.691993,0.920949
9a44a572-4371-47bd-87a5-671a0baccd6f,clean,s3,2,0.478541,0.489035,0.957081
9a51db7b-ddd3-408e-9840-e3dd62c5d245,fog,s3,1,0.748300,0.839920,0.956679
9a547b9a-a553-40c6-bf77-820fe48cd6e0,gaussian_blur,s4,3,0.634564,0.767606,0.814411
9a5492c4-1626-4d12-bb74-364a7cd2b010,gaussian_blur,s3,0,0.614159,0.713526,0.926560
9a5f98fa-63e1-4ad0-97fa-a974296193b5,gaussian_blur,s5,5,0.333587,0.485269,0.529459
9a67efe3-13d8-4833-8b25-de9fe0ecb44a,shot_noise,s5,3,0.474523,0.633895,0.670219
9a7711c9-b4f6-4080-994d-8edd773b9b98,clean,s5,1,0.564695,0.710373,0.761234
9a8577d7-23c8-422a-960f-3b2f4770b4d5,shot_noise,s4,2,0.619607,0.755430,0.804805
9a8cfd9f-38d4-4371-b22f-9c9fec0589e9,gaussian_blur,s3,4,0.396586,0.512763,0.681173
9a8fa32c-e621-429f-aa84-b1d7942eff3d,clean,s5,5,0.636667,0.771446,0.806699
9a916142-9e1c-4ca1-b461-3a02614bb7f6,clean,s3,1,0.505904,0.611161,0.828085
9a964905-28e2-484f-8bf9-592568c57c9f,shot_noise,s4,5,0.799073,0.881245,0.947861
9aa6e934-55a8-42e9-a16e-85e109a4286f,fog,s4,0,0.598399,0.738769,0.786949
9aaf5707-ae87-4f3a-a193-80235aa1f6ff,shot_noise,s5,2,0.409075,0.562666,0.621705
9ab248c9-8478-44a9-b205-ab67a44a2e2b,clean,s5,1,0.449294,0.602075,0.665109
9ab6a55e-bfd3-417e-b4b9-7d1f95ff1f4a,shot_noise,s3,1,0.488826,0.559274,0.877627
9abdef8d-1303-460c-9029-1cbf88813551,gaussian_blur,s4,2,0.366794,0.524087,0.563269
9ac60022-3b09-42cb-8925-54433c403071,shot_noise,s4,2,0.611444,0.743244,0.819765
9ac71375-3091-4dd2-be50-4e7b4352e276,gaussian_blur,s3,0,0.530440,0.617008,0.892090
9aca3d37-8d14-4461-8f6e-d23e13ea4364,shot_noise,s5,4,0.677358,0.803918,0.826677
9ad0952a-3bcd-4819-bed8-c3cfebdbddae,clean,s5,2,0.489906,0.649418,0.681067
9ad9641d-6f35-429d-92e4-25835dc0cd13,clean,s4,2,0.666967,0.795707,0.822288
9ae28dcc-e250-41bc-bf13-05a9988528cc,shot_noise,s5,3,0.736642,0.847992,0.850721
9aecc527-8449-4cca-90fc-58b769473bbb,clean,s4,0,0.655148,0.765430,0.903423
9aecc5aa-ffc6-4249-84e7-ec33ebe88c6c,fog,s4,1,0.362635,0.441893,0.694165
9afc6df7-1631-4719-9e7a-df0a32bb7027,gaussian_blur,s5,5,0.628621,0.770638,0.777765
9b0043cd-580d-40b1-ae0f-38b9f68310fe,gaussian_blur,s4,4,0.247849,0.394588,0.401627
9b013e44-7ecb-442e-b596-db652349d1d1,gaussian_blur,s3,0,0.715471,0.812510,0.949504
9b0a2f84-a870-4507-952d-33d4b4feb613,shot_noise,s5,3,0.450493,0.605910,0.659852
9b0aee47-54c0-41bc-ad55-7c7391476a92,shot_noise,s5,2,0.676336,0.804002,0.821819
9b18d6ff-04d9-4909-ae3c-a3ab53e4f88c,shot_noise,s5,0,0.654443,0.785429,0.817718
9b21307c-7e57-403d-866e-b111ea34323e,clean,s2,2,0.473712,0.486501,0.947424
9b21b478-de08-4eb3-8239-16d9e77b1345,shot_noise,s5,0,0.525755,0.687071,0.695893
9b369cf1-8f71-480d-8a90-03ac8df600b8,clean,s5,4,0.763632,0.864055,0.880107
9b477ea7-f332-4c93-b77f-1d111991163a,shot_noise,s3,0,0.451787,0.559173,0.765787
9b514974-82ba-4c06-82ca-97973c5b81aa,gaussian_blur,s3,2,0.545677,0.669109,0.817766
9b539065-1814-4690-950d-2962bd19925d,clean,s3,2,0.709967,0.802801,0.970275
9b5851b1-58ce-4345-9d60-d1fb8e882a2b,shot_noise,s4,2,0.474121,0.619081,0.706733
9b5aac82-8100-4e76-9152-cc929a04b1a3,shot_noise,s4,4,0.518527,0.656085,0.761003
9b64a8e4-55c8-4ebf-a3c1-b248550e7b4f,clean,s4,1,0.550503,0.658920,0.860138
9b714c61-6858-494d-9e26-71ce5e1294a7,fog,s4,3,0.710148,0.828002,0.845093
9b73d05f-8efb-41e8-8c8b-924be9e88208,gaussian_blur,s4,2,0.718530,0.822342,0.914301
9b856637-8929-45a6-be2b-a2d4be40f5c6,shot_noise,s4,0,0.364958,0.524168,0.557000
9b8b507f-6421-412f-9a98-8af0ade68225,shot_noise,s4,1,0.558611,0.666271,0.868234
9b8f406f-4808-4429-a5ff-e8bce0e6cdf3,fog,s5,0,0.668927,0.785905,0.875053
9b9164f3-2bbf-4872-8564-a99ce26941df,clean,s4,4,0.624782,0.730510,0.912134
9b97088c-687c-4312-b1a8-51458a694ef2,shot_noise,s4,5,0.401203,0.445186,0.802405
9b9bdf41-35f9-49ae-bf04-601bb9111291,fog,s5,0,0.618428,0.764225,0.764267
9b9be2f5-b770-4878-82cb-72de39300684,shot_noise,s5,3,0.457256,0.627528,0.627640
9b9cb8b8-534b-465b-877f-e06c1528b42e,shot_noise,s4,2,0.727140,0.838738,0.862347
9baa579e-b642-45c6-a3de-6e1267804ab1,gaussian_blur,s3,5,0.398449,0.493969,0.719787
9bb422f2-cd4c-4b2e-94a2-d08c071db19a,fog,s5,3,0.354936,0.479505,0.609238
9bb4adb9-80c8-4439-9441-89d71d518ac0,clean,s4,4,0.562488,0.695869,0.799301
9bbda2cc-31cf-4a4e-85e1-dcbe44f1a041,shot_noise,s2,3,0.591736,0.668395,0.970030
9bc96253-c4ca-490e-8804-f2ea0ee4e1f2,gaussian_blur,s4,3,0.582310,0.704834,0.841696
9bda03b0-5de7-40d1-8077-975aa4ce18c7,gaussian_blur,s5,5,0.512170,0.675238,0.684048
9bdae633-be73-4d8c-9e59-ac2bcf43f5a5,gaussian_blur,s5,2,0.633278,0.772864,0.786939
9be757bc-85c4-4718-a10a-16f4811777f2,clean,s5,5,0.436498,0.603875,0.617443
9bec3fdb-71df-41b9-8c96-adcc91d19dfd,clean,s4,2,0.608322,0.716554,0.897285
9bee101a-7259-4040-94a1-fb87fa29b3d7,gaussian_blur,s2,0,0.527111,0.612579,0.891045
9bf582d8-f3f3-4dc0-846f-72e1412ae9df,gaussian_blur,s5,4,0.578553,0.732795,0.733850
9bfefeda-85e9-40d8-960f-28f633d88239,shot_noise,s4,3,0.497709,0.636247,0.742647
9bff985a-ac9a-4a30-890b-04b25e3ebb62,gaussian_blur,s4,3,0.432949,0.584895,0.650970
9c061ba1-915a-4d47-bcc1-bcd17a9beabd,clean,s3,3,0.503770,0.593967,0.857291
9c065b67-f51f-4ca9-ad96-6047bb8c6869,fog,s4,3,0.505372,0.634633,0.772123
9c0a84fd-a1b0-4317-bc3f-ab4963dd1714,shot_noise,s4,3,0.599597,0.727249,0.831941
9c0b4997-f770-4118-a1a9-c81643cb9d7f,gaussian_blur,s4,0,0.772360,0.863560,0.930204
9c25a7aa-d16c-4e6a-9fea-fa25d397fe04,gaussian_blur,s3,4,0.497957,0.605675,0.814912
9c260496-ddb6-4811-8fdf-3e7b617b60e9,gaussian_blur,s2,4,0.536169,0.614392,0.915036
9c31ffae-34bf-452c-81cd-a3d4d875d5c8,shot_noise,s4,5,0.230073,0.355155,0.403427
9c35af71-d2fa-438e-a7dd-634901d5461e,shot_noise,s5,2,0.600869,0.750523,0.751301
9c40b018-fb46-461e-829f-5d8b7c4229ab,gaussian_blur,s4,4,0.448802,0.582999,0.707200
9c4373fb-ae1a-4649-8dd4-3de5b33b9ba0,fog,s5,2,0.349801,0.509992,0.535253
9c4596e5-2d91-4dfc-ac1f-6634e6cd26a9,fog,s2,1,0.579239,0.649663,0.973063
9c4d1b31-56b0-4554-8251-4ec678c4f783,shot_noise,s4,3,0.604872,0.711053,0.901717
9c4f43b0-ecd8-4085-a969-c8153a8a844d,clean,s5,0,0.458615,0.518838,0.857445
9c673b42-9454-4738-928c-b9c6d74b3838,gaussian_blur,s5,5,0.606082,0.748403,0.779893
9c68da8b-0c0f-4b63-a816-3b833c5ba57c,fog,s4,5,0.549013,0.694477,0.755916
9c721fb6-970c-4058-a03b-afaa4127f1e0,fog,s4,2,0.414924,0.582590,0.595856
9c760203-d647-40d2-9f92-a289fc433ea8,fog,s2,4,0.451565,0.474550,0.903129
9c7b4cfb-41ac-488b-bd2e-ce51fe8591ee,fog,s5,5,0.452015,0.614844,0.642751
9c806e4b-451b-4451-89c3-54ecb1014e61,clean,s5,1,0.456187,0.615057,0.656407
9ca537cb-dc6e-4305-bd62-b9055483f69d,shot_noise,s5,0,0.353778,0.440948,0.668800
9ca5627a-509a-46cf-a943-bd9f752007ce,gaussian_blur,s4,2,0.691890,0.797809,0.917205
9ca9f732-18f6-4f3e-9dba-7859fb23cfc5,clean,s5,3,0.533256,0.695586,0.695589
9cbfff9e-ba0c-4e02-b8ba-46f142a435ab,gaussian_blur,s5,4,0.313817,0.465349,0.500854
9cd15cd1-51d4-4a33-843d-792a3fe0038c,shot_noise,s2,4,0.492125,0.535443,0.926954
9cd2c8f5-3339-4702-84d9-23b9fa62928e,fog,s4,4,0.585599,0.694887,0.882069
9cd820c4-23c6-43ef-91d4-c4728043f8a1,gaussian_blur,s4,5,0.491227,0.655476,0.668535
9ce4b550-ad88-4046-9019-a4e59399ed7e,shot_noise,s5,3,0.562559,0.719952,0.720395
9cea35ae-e9a6-423d-a2f8-84a33fcf6923,shot_noise,s4,4,0.732765,0.838082,0.893290
9d01ac05-5c2e-4974-aae5-f30c7ee806ed,gaussian_blur,s4,1,0.677909,0.796311,0.865627
9d0f6582-5b6d-446e-8a3c-7ffd8866c8c1,clean,s5,0,0.587643,0.731006,0.774711
9d0f9984-a7d8-43a6-8ef8-135945d69b93,clean,s4,1,0.748598,0.853963,0.871723
9d1d6a39-0459-4f68-be58-37d818787b8f,fog,s5,2,0.381820,0.546225,0.566757
9d23d41a-69ac-4f05-ade5-3dac5a64d895,clean,s4,1,0.448080,0.561046,0.750571
9d2a1424-624e-4c18-b633-5553145c76b8,shot_noise,s4,2,0.263510,0.392414,0.457751
9d2a634b-e5a5-4c68-9b9f-5ba7ab8ddcaa,clean,s5,4,0.426210,0.587794,0.621671
9d2c33b7-ce6e-4b05-bf6d-2d1610a16ec8,clean,s5,1,0.600747,0.750018,0.752843
9d312bb7-aa82-4070-96ff-ed03931672b1,gaussian_blur,s4,0,0.667155,0.783570,0.877892
9d37039e-7b98-432a-8fd6-928a62543c9f,gaussian_blur,s4,1,0.401259,0.551273,0.620490
9d3efb74-c83e-4696-a376-9a2dd8ed36ea,shot_noise,s4,4,0.669348,0.791154,0.853512
9d592b2b-e318-4949-bc81-3e090b688de4,shot_noise,s5,2,0.491109,0.658680,0.658821
9d5ec337-9b14-4ebb-a5e5-312b6eafc52e,fog,s2,0,0.492961,0.496455,0.985921
9d6f4219-9dd3-452f-8d50-fafdd68611ad,clean,s4,4,0.852592,0.918111,0.948766
9d7d7cfd-30ca-4918-8fe2-19c31d7d74aa,gaussian_blur,s4,1,0.582690,0.720439,0.793168
9d92d31d-f162-49d0-a652-67c07f9c924b,fog,s4,5,0.715437,0.824952,0.886469
9d96baf4-57b6-4d63-9d50-d03af20c70cf,shot_noise,s5,1,0.227048,0.362477,0.381984
9d9756b2-e87c-44a6-beb8-ede964e970dc,gaussian_blur,s4,5,0.541117,0.645582,0.862101
9d9da267-4b82-4823-9bf2-db7cb192ac76,clean,s5,4,0.532086,0.690817,0.706795
9d9fc606-7daf-4fa8-8c5e-c990e0d15404,gaussian_blur,s5,3,0.497502,0.659829,0.678006
9da175b0-0154-4d61-b1a1-a2c79681a25d,fog,s5,3,0.547796,0.706354,0.712901
9da83716-3c39-4631-ad46-fd2d099188be,gaussian_blur,s5,4,0.412470,0.581001,0.591297
9dbe4458-c2d2-4b2d-9ff5-7d16e1dda59a,fog,s1,5,0.329724,0.412890,0.637365
9dc36969-4af5-4128-9a44-ee3cb77635b5,fog,s5,3,0.481024,0.644308,0.664416
9dcb95f8-29eb-41f8-b7ff-821b149f8f21,gaussian_blur,s5,0,0.570449,0.726464,0.726535
9dd1949a-cc15-4a04-837b-caeca23926ac,fog,s4,5,0.224622,0.365052,0.369664
9dda17aa-392d-44e9-84f1-842d4e9cea59,shot_noise,s4,5,0.576079,0.698857,0.837858
9ddc8a6f-1517-4dc0-9324-e36610c9b7e9,gaussian_blur,s3,1,0.421867,0.457622,0.843733
9de35ade-072c-4fd9-ac95-01643ac0f325,shot_noise,s5,4,0.563367,0.697625,0.797056
9de904cf-3de6-43c2-9190-757f3a0e297f,gaussian_blur,s3,4,0.616068,0.728613,0.887031
9dfbf51a-429c-4e30-a5f9-23242c2304bd,gaussian_blur,s4,2,0.784357,0.872033,0.934752
9dfea673-1e38-4ebd-995d-41affd46023c,gaussian_blur,s4,0,0.587712,0.718074,0.819253
9e04c2d6-8d36-4487-83fe-5c07960f90fa,shot_noise,s3,4,0.570104,0.657255,0.927351
9e092797-cc7f-47b5-a444-7a717001bcee,clean,s5,1,0.417934,0.581704,0.608128
9e140060-266b-49cb-89a2-7dde95fdd2cf,fog,s4,1,0.614109,0.743232,0.829840
9e1941a8-92be-48dd-8044-212dec22787d,shot_noise,s5,5,0.342799,0.499940,0.531840
9e39a3de-af40-4452-892f-5df8d4f7a68a,shot_noise,s5,0,0.438084,0.585038,0.667632
9e4b8f20-aa7b-4d97-8779-3213b1520dcc,shot_noise,s5,1,0.445970,0.616600,0.617483
9e510b3c-07f5-463a-8570-06871a1162b9,shot_noise,s4,4,0.827001,0.902412,0.935005
9e5ebad3-e11c-4baa-a38b-59b30e093973,shot_noise,s4,0,0.526490,0.687100,0.698448
9e5f8e82-dfca-450d-9b6e-7ee0e08e5274,clean,s2,1,0.433521,0.493750,0.824257
9e670942-ccc1-4817-8147-bcd9eddce21c,fog,s4,3,0.741207,0.841996,0.910709
9e670f13-ef7d-4669-b4c7-9e0fd3887a9c,fog,s4,4,0.330970,0.497079,0.497850
9e8e35bc-1afc-4eb6-b374-423b2ed2de51,clean,s4,3,0.767021,0.860947,0.919958
9eaae1eb-2708-4d14-900b-b357e08e2a6c,gaussian_blur,s4,1,0.229091,0.352171,0.404594
9eb4dde6-ee3a-49d0-8d16-e73d7b4da769,clean,s4,3,0.381745,0.493274,0.669544
9ebaabf7-9948-4474-9e44-db1f5fe82f11,clean,s5,3,0.190645,0.304173,0.343328
9ebc06a4-2869-43bd-bccc-2dea7db3df36,clean,s4,1,0.531117,0.669271,0.767824
9ecc4d0c-f7a5-481f-8aee-e234a37be332,fog,s4,1,0.560037,0.692678,0.800309
9ed21469-e2af-404e-a6f2-e792b7784dd9,shot_noise,s5,3,0.556786,0.713198,0.722636
9ed46af6-afbc-43dd-9378-c6e94ceffa78,fog,s4,3,0.815241,0.893210,0.945112
9ed51256-510b-4ceb-bbf2-9ecc67644249,fog,s5,1,0.439613,0.556304,0.733420
9ed57714-9ebf-44d5-9322-ba4c2bfc4677,gaussian_blur,s5,4,0.402023,0.573465,0.573547
9ed5fa9d-a49b-4ba9-b2a0-7d4d2b51b3da,fog,s4,2,0.707836,0.819591,0.880677
9eda6227-4877-4d70-8d36-d33c9bfd2a03,fog,s3,1,0.594603,0.704679,0.884907
9ee0a145-349e-4e20-a343-359f5f9f5247,shot_noise,s5,4,0.541918,0.702292,0.705003
9ee44555-74d9-4c2d-abcd-8407a6675914,clean,s5,2,0.774140,0.872693,0.872695
9ef93d87-14c9-4381-9a63-3ed83c59834e,gaussian_blur,s3,4,0.453019,0.475351,0.906037
9f030163-7ec6-4780-9a55-dabb09278178,shot_noise,s4,5,0.687818,0.795160,0.912080
9f1efd54-910e-4138-a803-c04809b8a7de,shot_noise,s5,2,0.579663,0.731935,0.741264
9f261e4d-9176-4bae-b7fb-7b62596385c8,clean,s3,2,0.627639,0.720986,0.951291
9f2f8b9e-182d-47a3-adc4-1eaac4d5dbe4,shot_noise,s3,3,0.623195,0.726341,0.919589
9f3318a1-919a-4801-8f98-54b849514661,clean,s4,2,0.528711,0.669925,0.757705
9f3aab1e-e762-451d-90c5-59083ada2a76,clean,s5,5,0.332870,0.472975,0.549766
9f3d33f5-e138-4c4a-914c-a049d027e79f,fog,s5,4,0.239735,0.376981,0.402437
9f44cfd0-207a-4564-adc0-61eac34e210e,clean,s5,1,0.733343,0.845326,0.851552
9f4612bd-99d6-4bc2-9684-e529ad4c5de5,gaussian_blur,s5,4,0.360075,0.418655,0.720149
9f5e5007-32d0-481d-a12d-3f64c4849114,fog,s5,0,0.669467,0.801013,0.807033
9f64b5e9-0e45-44a6-b21e-6d0d8706d0bd,shot_noise,s4,5,0.568654,0.708092,0.783019
9f689b68-e61a-4647-a9c3-f83624fed288,shot_noise,s4,2,0.415081,0.558345,0.650749
9f75786d-622c-4851-a4d9-c415b6809241,fog,s4,2,0.507730,0.659606,0.714325
9f7a4141-19eb-40cf-95ab-13edb132684a,shot_noise,s4,3,0.550094,0.695354,0.757030
9f7cb8dc-51fa-4b84-86c6-e82cbf060947,clean,s5,3,0.604432,0.745443,0.784918
9f91cc2b-5a9c-4151-b6d2-ca4b0965cde2,clean,s2,5,0.587350,0.677966,0.932789
9f94df70-4926-4ff2-8784-2e3a1679f0d4,clean,s5,0,0.641731,0.779983,0.789909
9f990e5a-887a-4e83-b9b0-be12b092fc22,shot_noise,s3,2,0.554148,0.682109,0.810677
9f9fe555-b681-49a9-9d44-3650ee8c9b32,clean,s5,3,0.794391,0.884408,0.894135
9fb46705-95ab-42f3-83df-107cdf8e785a,gaussian_blur,s5,3,0.691661,0.816943,0.822030
9fc00b86-ba1e-409b-8e4a-17755cdc4a35,fog,s5,4,0.338321,0.503631,0.509536
9fc76c99-74d6-441e-91de-b9cd6bd6cf52,fog,s4,3,0.594000,0.718677,0.839911
9fd799a4-70bc-4ba6-aa41-2fd6ee049c64,shot_noise,s4,2,0.789941,0.874921,0.944400
9feb16b9-6ac0-4e6a-9e4c-5f7c4c632f47,shot_noise,s4,1,0.780949,0.873176,0.907179
9fec020e-b642-47af-bc58-2f31ed3ac29c,gaussian_blur,s4,0,0.420617,0.529301,0.725706
a00a4094-aadb-467c-b858-f7ac9b643c73,shot_noise,s3,4,0.722277,0.819143,0.947139
a01cb563-62a0-43f1-95e1-2f94aa72bd7e,shot_noise,s5,3,0.564537,0.719237,0.730320
a020c979-0432-46e5-817f-a40f740cebc6,gaussian_blur,s5,1,0.236703,0.352039,0.430265
a039b143-1c3f-4805-adbe-3b8af4bf91fe,gaussian_blur,s5,0,0.375802,0.540310,0.559339
a04776b8-b9bb-459c-abea-eda771df6052,shot_noise,s5,2,0.786347,0.879320,0.889323
a06b98d9-4704-4d78-ae9d-ea2956ba1749,shot_noise,s5,3,0.629873,0.772172,0.776155
a06e4b0a-7077-4172-a0a5-3133f1b2274b,fog,s5,2,0.499128,0.646806,0.719925
a07597b6-5dad-492a-a078-febba5492b77,fog,s5,1,0.548874,0.699732,0.738737
a0770333-c73c-49ed-892f-db3283511ebf,gaussian_blur,s3,1,0.482568,0.581240,0.817552
a0825f09-9843-4baf-8a3f-8bc872d75a8d,gaussian_blur,s5,2,0.337443,0.487436,0.538112
a085fe77-0c1d-4cdd-9902-e114f815658b,clean,s5,3,0.667564,0.800587,0.800939
a0898357-4325-4c70-9abc-e31d984fa67a,shot_noise,s5,2,0.448414,0.604479,0.656347
a08fb39e-d5e3-4b3c-8a4b-e9255ab14b03,clean,s5,3,0.450062,0.602113,0.667584
a09a0b40-2cc6-4ccb-9f50-32c90d651ee1,fog,s4,1,0.527229,0.676990,0.732073
a09cf9c0-8287-4ae2-947c-443db2a314cd,clean,s4,2,0.536167,0.645669,0.845910
a0ae6c4d-26a0-46b5-a3e6-05e0a039e86a,gaussian_blur,s3,2,0.431193,0.483844,0.832572
a0c39cdb-a07b-4c55-a1f4-58e431a8ed54,gaussian_blur,s5,4,0.679937,0.807749,0.818480
a0ca6d61-5dab-42ac-a6ca-057741664792,gaussian_blur,s5,4,0.658739,0.789812,0.815454
a0d3267e-5e91-4739-8239-4c189825b689,clean,s5,2,0.580300,0.724937,0.768885
a0d3658e-db9a-45cc-b400-661a65e6066c,clean,s4,1,0.763750,0.856425,0.933104
a0dcc1d0-c329-4ecf-945a-590440345f51,gaussian_blur,s4,3,0.564518,0.713121,0.751387
a0e54436-1b74-47e9-8056-d595403f1708,fog,s5,4,0.507773,0.671687,0.679184
a0e5eafd-0cd3-44c5-aff2-bb15fea604bb,gaussian_blur,s4,0,0.860103,0.921624,0.965189
a0f100b1-dc86-485c-8865-280bbee0dc85,fog,s4,0,0.602455,0.732420,0.824773
a11d74a1-87c8-486b-abbb-83ab75a2140c,fog,s4,5,0.727469,0.831136,0.907973
a11db62d-344e-455c-bb51-d3e267fd0d0c,shot_noise,s4,1,0.657972,0.768472,0.902699
a12832d2-f2a9-4a91-93e7-d63aae165f8d,gaussian_blur,s5,1,0.455035,0.625082,0.626480
a12b13a1-06f4-49c9-a62a-996b533a6ff6,shot_noise,s3,1,0.523990,0.629445,0.844745
a12df4f2-c03d-496f-a2fe-1099b604d65b,gaussian_blur,s5,1,0.653111,0.790159,0.790162
a13177eb-da34-4cd0-bf4a-6389cafdb8f1,shot_noise,s5,2,0.391151,0.505822,0.676713
a1341b29-ec5a-4483-9ad2-2ede9b9c6d3f,clean,s5,3,0.787935,0.879729,0.895205
a1349967-8d9e-40cb-9fdd-e0bc5406b87f,clean,s4,3,0.638207,0.768515,0.825109
a15eb9c3-084f-4f25-9e5d-b47f8fa48dd4,gaussian_blur,s5,3,0.668240,0.801090,0.801344
a162fbb8-7083-4635-a6b5-96725c4926fb,gaussian_blur,s3,3,0.598823,0.705170,0.898012
a16358d2-bec9-4585-b960-0dfd248046ca,clean,s4,1,0.642794,0.775284,0.814949
a1662455-290a-4c20-abe2-aa4fc5a8cae4,gaussian_blur,s4,4,0.717048,0.820983,0.914683
a16782bb-5532-484b-b600-b4e7a29cd865,shot_noise,s3,2,0.668812,0.770835,0.935541
a175de49-9561-444a-aa81-5dad4920173f,gaussian_blur,s5,2,0.584998,0.731624,0.762555
a17d8fd0-987c-4180-b68a-bb3a103e47eb,clean,s4,4,0.269701,0.422464,0.428917
a17eba4f-93c2-4baa-b72b-397c5b247f29,gaussian_blur,s4,5,0.654859,0.772896,0.873081
a1801668-f9bf-4919-b001-66f84904f794,fog,s4,4,0.397433,0.561821,0.584741
a1828ed7-ea2b-4340-aeb5-46f56f764b9f,gaussian_blur,s5,4,0.665516,0.797576,0.807051
a1846f9b-06bc-401b-877e-1af0e0a5293c,shot_noise,s5,2,0.455344,0.621626,0.636667
a1930499-9a3b-462b-b18e-0ded29081a09,gaussian_blur,s5,0,0.696440,0.817247,0.841925
a196301e-f1fd-4608-9d20-0614c9d1ae34,clean,s5,4,0.483598,0.650926,0.654793
a1a4411b-d480-47c9-85d9-d3b2be356971,gaussian_blur,s4,4,0.659224,0.784453,0.841773
a1aa36bc-cfb5-4fea-a773-915c03d00a2c,gaussian_blur,s5,2,0.597178,0.747110,0.750485
a1ae42a1-3bc5-46ab-b1c3-7e3e75f974f9,shot_noise,s5,2,0.642396,0.780710,0.789365
a1d317ca-c79b-4c87-981f-ceaa63811f1d,clean,s5,0,0.442019,0.600015,0.645659
a1d396e4-9b67-46e3-be9a-392c30b10281,clean,s4,3,0.730231,0.837205,0.886347
a1d57981-1fc7-42fb-99ab-eb2cd8e32e9b,clean,s3,4,0.320443,0.425635,0.589335
a1df614e-88c6-45c5-aabc-d42f3247f842,gaussian_blur,s5,3,0.500172,0.655708,0.699090
a1e2133e-7448-498e-a9ea-3fb8cac2e062,gaussian_blur,s5,3,0.721793,0.838323,0.839024
a1fafa68-eeef-41b0-9e8d-3cc6e94cb21a,gaussian_blur,s5,0,0.302340,0.402236,0.568133
a2077fd4-e021-421d-b57a-fc7945c30c9a,gaussian_blur,s4,3,0.735258,0.843967,0.869648
a2181f74-427c-4165-87b1-69c1fbb8a899,gaussian_blur,s5,5,0.444850,0.615673,0.616036
a22bf4f1-2731-4b79-a6fa-09c80c7e1bb8,shot_noise,s4,2,0.484666,0.619981,0.739509
a2426dfb-e783-4425-9279-674e7b0ce045,fog,s4,3,0.478703,0.615397,0.730840
a2504598-eb95-4df2-bff1-b56affd54a99,fog,s5,4,0.306459,0.413215,0.564461
a25c95d5-78b7-439b-9cc2-7bb16955b9f7,shot_noise,s3,3,0.733798,0.830909,0.938452
a2639205-c2f2-4634-aa0b-ded8c53d9063,shot_noise,s4,1,0.724430,0.833660,0.879493
a2999db0-fae4-4959-a192-621654b13f90,fog,s5,5,0.394654,0.551623,0.597910
a2a0420d-f843-4254-aa5b-d8b48471f293,fog,s5,2,0.569704,0.724135,0.732180
a2a57263-7f68-4496-9951-56cb38cfe28a,gaussian_blur,s3,1,0.517357,0.618352,0.848477
a2a5cb20-d1cb-4930-b0bb-721a6a000d03,shot_noise,s4,0,0.421684,0.573276,0.639949
a2a63dd8-7d60-4c92-b403-91c446215469,clean,s5,3,0.558356,0.716421,0.717216
a2b100a6-fc58-4ab0-9a96-6af42f7e5071,clean,s5,1,0.763632,0.864055,0.880107
a2b3b0f3-ede3-44f5-86c7-7b63b38ef35d,clean,s3,0,0.647178,0.756810,0.905018
a2c1541f-2fef-4412-aab8-d6991f84d476,gaussian_blur,s4,4,0.368907,0.438759,0.717552
a2c8fbbc-a0f7-468f-b7e4-95e16e9a9653,shot_noise,s4,3,0.468948,0.624937,0.674595
a2d4bfb0-9eb5-4098-a176-764cd0c6d14f,shot_noise,s5,0,0.456187,0.615057,0.656407
a2d5a50f-f331-4aba-8252-916a09936ddd,clean,s5,5,0.823239,0.902919,0.904416
a2d793d5-2467-44cf-a12d-633e47b08486,gaussian_blur,s4,2,0.522986,0.653080,0.783963
a2d799d8-d9e8-44c5-a074-f9fb96b17353,gaussian_blur,s4,4,0.788213,0.873906,0.942306
a2e39b7d-3925-4acb-9c1d-608ae6a2c580,shot_noise,s4,3,0.419675,0.577174,0.624461
a2e8016f-1392-4b3e-b406-d45a26523c0b,fog,s5,3,0.336934,0.463717,0.579228
a2e84a17-50ba-4edb-8aa3-4fe2608611e5,clean,s3,4,0.503979,0.609862,0.824838
a2ea851d-da61-4eda-b70a-4a22a308b612,shot_noise,s3,1,0.576518,0.677516,0.898414
a2ec3d4e-6001-4893-827b-338138deee59,clean,s3,4,0.387220,0.522926,0.632347
a2ed18e4-ba14-4854-9168-5a86f119e063,fog,s5,3,0.421721,0.591516,0.597510
a2ff81bf-91ba-4a40-9079-2b8955c56fb8,clean,s5,3,0.339504,0.493496,0.533395
a301d8d3-7e9a-42c3-98cb-687b196589ec,gaussian_blur,s5,0,0.650635,0.785714,0.800624
a3094011-9a3d-4568-964d-6df5f0554377,shot_noise,s5,0,0.556530,0.709016,0.735968
a3190ddd-4882-4482-bb95-b3925133e54d,gaussian_blur,s3,3,0.393281,0.533249,0.631576
a32a3d89-b61e-4d4f-8721-2752f258948d,clean,s4,5,0.588473,0.700149,0.876931
a338164e-65e8-4a13-a787-bd76af4617fc,shot_noise,s3,0,0.576200,0.675565,0.902378
a33a6762-8c1e-420e-84e3-cef4a2bcf17a,clean,s4,2,0.348014,0.515928,0.517179
a33fd710-d019-4a7c-b27b-b231113838fd,fog,s5,0,0.458615,0.518838,0.857445
a34dd1e9-1074-4b10-8c68-2e0570077071,gaussian_blur,s5,3,0.574313,0.729605,0.729605
a353bb00-a984-41d3-962c-a3435cf2b937,gaussian_blur,s5,1,0.623499,0.768082,0.768138
a379d387-4895-4ffd-a316-04a75741a4fd,shot_noise,s5,0,0.700836,0.822363,0.833930
a3965c7e-2d7c-4b24-8bda-755e6b3f4f09,gaussian_blur,s5,4,0.595790,0.746559,0.747267
a3c37a3d-d548-4f1b-99f4-2a2f777efb03,clean,s5,4,0.456839,0.618058,0.651008
a3c3d610-49bf-4056-b638-e5e12e6134ea,gaussian_blur,s5,3,0.493349,0.642987,0.710421
a3c6d419-32c2-4299-aed8-54abae6d033f,fog,s5,4,0.490099,0.656223,0.662414
a3d0d375-473e-4ba4-a3ad-a2e285d4ca72,gaussian_blur,s2,0,0.441864,0.469138,0.883728
a3d168db-f510-4354-a543-86c6d2b3ac9e,fog,s5,2,0.594396,0.726359,0.815947
a3d190cc-c9a3-45b7-a580-c0fcfea58fe9,shot_noise,s4,1,0.239092,0.382986,0.390661
a3d905bd-bfc1-4f97-ab78-216c6499586d,gaussian_blur,s4,4,0.823637,0.898555,0.949970
a3e3bdd2-378e-4b4a-99e6-8e4c958334c6,clean,s3,2,0.497816,0.539000,0.937440
a3e8f2b0-f3f0-4c1d-b6e8-381f3bd27059,shot_noise,s4,1,0.373015,0.521601,0.588820
a3e99942-23d9-4111-8ad0-784069a8a5a8,fog,s5,5,0.467274,0.632874,0.647970
a401c412-98d5-4aea-b88c-ff3e39455ce9,gaussian_blur,s5,3,0.250329,0.359139,0.464837
a4043c52-afde-4485-8fe9-9967081decfd,shot_noise,s5,3,0.493089,0.658707,0.665734
a40470c7-f414-477e-99bf-65a04527f05f,gaussian_blur,s3,1,0.595973,0.701780,0.897964
a410f549-589a-4217-b59b-5fd30d34938f,clean,s5,0,0.718261,0.835654,0.838336
a4188edb-6809-41fc-88ba-4ddb02742e6c,shot_noise,s5,1,0.737705,0.849047,0.849124
a41ce179-5f29-4019-b42f-d6f23cc67b18,fog,s4,0,0.599898,0.736939,0.799269
a437c547-b61a-48e3-bbcf-1d01a0570d29,gaussian_blur,s5,4,0.858291,0.922924,0.934352
a475f9a3-eed5-4c4e-b23d-19a721a21898,fog,s4,1,0.674416,0.791277,0.873952
a47c0268-8e7d-4727-8255-824000ebe0ba,shot_noise,s3,5,0.505513,0.624343,0.797213
a48b650d-c335-4994-898b-8b2edf39e636,shot_noise,s5,0,0.387545,0.450963,0.754661
a490dc83-074e-4ebc-bef3-c6c2a224d215,shot_noise,s5,4,0.607066,0.753881,0.762059
a493969f-640b-4556-803e-7fc6bb57f26e,clean,s5,5,0.679018,0.807981,0.813232
a49ae84f-7fca-4914-99f1-15b981de0c7c,gaussian_blur,s5,5,0.347756,0.511062,0.526256
a4accddf-1b53-45cc-a59c-249d4293ce5b,fog,s3,3,0.180683,0.296698,0.319382
a4b2fbfe-8e27-4418-bb4b-9e3c12e1c273,gaussian_blur,s4,3,0.491619,0.634852,0.725787
a4b409f9-70ec-44ba-a2bf-d62db049cf49,clean,s4,3,0.826943,0.903424,0.924438
a4b99228-6086-4310-9aab-b6eff66d10af,gaussian_blur,s4,4,0.519287,0.660447,0.751760
a4bf1046-5a07-458b-94bd-e8630252149c,fog,s5,1,0.697742,0.821920,0.822216
a4cedbd4-a80f-485e-907f-b5631d02b88c,gaussian_blur,s4,4,0.521918,0.685164,0.688107
a4d1264f-4455-48b0-aea9-754f1079fe5f,fog,s5,4,0.779321,0.875880,0.876749
a4d63328-ce88-4472-8abe-5e0807f25dc0,gaussian_blur,s5,0,0.591711,0.722583,0.818854
a4d99369-fa01-4891-930c-b1e1ead000a4,gaussian_blur,s5,5,0.687652,0.814251,0.818532
a4e82559-b209-4792-9a81-e407d7f2b3da,shot_noise,s3,5,0.405011,0.508802,0.714395
a4f738be-31d4-4f1c-9f16-b7cd399cdbf8,clean,s5,1,0.503094,0.666003,0.679616
a4f86200-b534-4fe9-81c9-9360b9ad9501,gaussian_blur,s4,3,0.361280,0.516927,0.559502
a4f870bc-8c46-4a4b-829c-3ecbbcf1bda1,gaussian_blur,s5,1,0.548932,0.705795,0.718960
a5015e81-9a85-44fb-a139-77c2c4b68248,shot_noise,s5,5,0.551317,0.693546,0.766987
a5181f38-d1b4-4715-bb32-df599e231418,clean,s4,2,0.310324,0.399727,0.596826
a5231498-25ea-457b-8add-63c80be3e460,shot_noise,s5,5,0.551286,0.686341,0.788558
a5328e79-ca5d-43ec-b74e-98a8c33d8073,fog,s4,0,0.364958,0.524168,0.557000
a5353107-473f-4976-a79e-3095374ddc86,shot_noise,s4,1,0.716885,0.826557,0.884355
a53ce407-aea1-46c4-ba3b-ccbbb3729b39,shot_noise,s5,3,0.406752,0.550222,0.640677
a5423928-2e06-4c73-b37f-44d9c26c6b81,gaussian_blur,s4,4,0.568889,0.721512,0.738501
a543c77e-72ef-48d7-a6be-58e6a9bc1ccb,gaussian_blur,s4,2,0.630425,0.761332,0.823580
a55a0e26-af04-4f3e-b998-00970e41bb9b,fog,s4,1,0.607047,0.742130,0.807257
a55e1d37-8057-4580-a67b-c8f09c76ff44,shot_noise,s3,5,0.716644,0.808047,0.975015
a5658dba-3999-4497-841e-d705d37e4502,fog,s4,3,0.329479,0.464854,0.553200
a586cc3e-5f37-42e5-abb5-99263868a808,gaussian_blur,s3,5,0.703149,0.796044,0.971134
a5917832-7b63-4919-adfb-2652c6109689,shot_noise,s5,0,0.302340,0.402236,0.568133
a59e4848-c4f1-4767-8036-20ca5a41a59f,gaussian_blur,s4,2,0.675443,0.795827,0.857512
a5a8278b-a324-4109-9d63-63d5c093f198,fog,s4,4,0.475612,0.640779,0.655349
a5a82c95-4328-4fa8-8bf4-a47bbebfc7cf,gaussian_blur,s3,0,0.567901,0.666724,0.897495
a5abf354-d32d-4398-8b68-b728de109ae9,gaussian_blur,s5,1,0.332669,0.471499,0.551766
a5b907fb-8c15-4dba-b944-da6990d406cf,gaussian_blur,s2,2,0.321156,0.409912,0.615413
a5bd63ea-3efe-4919-8179-7412beccc14e,clean,s2,1,0.476637,0.488039,0.953275
a5be3c5d-287c-4166-b852-d941819143f9,gaussian_blur,s4,4,0.697013,0.817819,0.841435
a5d12095-67c9-4b12-9506-1a4c1c0503d6,fog,s4,3,0.379557,0.504738,0.642171
a5dcbc7b-14ec-4501-b0bf-58c18a75a32e,fog,s4,2,0.681233,0.792745,0.895568
a5dedaae-c09e-4800-ad17-3fbb2e54d22e,clean,s4,2,0.535006,0.671844,0.773957
a5e9037c-3fa7-44db-b802-7e3170e5311b,gaussian_blur,s5,1,0.689400,0.815780,0.818144
a5eb8ec0-182e-414f-ae64-2c2941b48f16,clean,s2,2,0.465776,0.482282,0.931552
a5f0edbe-c5b2-4872-b6bd-3d72f7ed0e23,clean,s5,5,0.419027,0.584662,0.604841
a5f28178-9529-4d4f-a90b-651a88fbf703,fog,s5,0,0.302340,0.402236,0.568133
a5fd62f0-0416-4598-9f41-e11c820dbd66,clean,s5,0,0.329248,0.485749,0.514139
a5fef908-7bf3-4def-8ba5-dde49b248dc8,gaussian_blur,s4,3,0.793712,0.882664,0.904853
a600e659-e51a-4912-b6dd-827c68217356,fog,s5,3,0.603208,0.752279,0.753401
a60247d8-425b-44ce-b607-3c298b93d5f9,clean,s5,2,0.558812,0.666664,0.867893
a60c371f-1b61-4ff9-a53a-3fb0779dc0e7,gaussian_blur,s5,2,0.401887,0.570962,0.578919
a615439e-2d51-477a-9580-7e7b4675c6ed,clean,s3,1,0.648748,0.762200,0.891073
a6245601-b4c3-436f-a166-66fa8f20cb49,shot_noise,s5,3,0.450346,0.569260,0.741182
a629075e-155e-48b7-a854-74dc51cb8cea,gaussian_blur,s5,3,0.630297,0.770258,0.786165
a6317b3d-184a-43d2-9aaf-a6b15bc11148,clean,s3,1,0.528499,0.634157,0.848341
a635a3a5-51b5-45d9-a16e-4beddf901ac7,fog,s5,5,0.492624,0.657285,0.668229
a644ff94-eb98-4e3d-ae08-9e8bd7194923,fog,s5,3,0.586287,0.738806,0.740681
a64ac07f-d918-4bcc-904b-efa64d03cfea,fog,s5,5,0.510386,0.674687,0.679365
a657a530-2471-476c-a2f1-63bf084e94b8,fog,s5,4,0.443436,0.594883,0.662635
a6596a4b-5861-46ec-9a26-da2cea41a2cc,gaussian_blur,s4,5,0.616099,0.751569,0.806257
a662fa77-8d6e-468e-b0d7-122c3f7fad8b,shot_noise,s4,4,0.647665,0.764839,0.876832
a66544c2-4078-4599-80e2-76b5dde79676,shot_noise,s5,5,0.426559,0.596747,0.601195
a66b7ae3-f1a1-4790-a48a-bc9607966317,gaussian_blur,s5,4,0.452557,0.618667,0.634789
a66b991d-d6c1-446d-bf00-bf7c7719b1c9,gaussian_blur,s4,3,0.565042,0.687823,0.831813
a67213c9-d3ba-4de4-8636-ce626257cb2f,fog,s5,4,0.448852,0.609416,0.645664
a67ca3df-2521-4555-a721-8a6756f9dae5,clean,s5,2,0.364380,0.516755,0.570092
a67ccd35-8b8f-4146-9ea8-dcf5f1ebeb0b,gaussian_blur,s4,2,0.832936,0.907115,0.927579
a6827b8d-de86-432a-9b45-de7667c29d6b,shot_noise,s2,2,0.485850,0.492824,0.971701
a6874373-87c1-458d-b89f-3152d5ea59d9,gaussian_blur,s4,5,0.351329,0.519828,0.520282
a687944c-efb5-4fca-b0ac-97de884a0368,clean,s3,0,0.692785,0.789500,0.956354
a69f7099-b93c-4dbb-ad9d-5483ac321379,gaussian_blur,s4,5,0.510092,0.669927,0.692699
a69f7e1d-2502-40e7-be0a-6b818a1120e3,clean,s4,2,0.691978,0.814566,0.836208
a6a447dc-37dc-4203-a175-5b314a9b63bf,shot_noise,s5,5,0.790303,0.880895,0.899456
a6aa2ade-8476-4329-9d7a-24eddc3697e5,shot_noise,s5,0,0.490810,0.642145,0.704005
a6ae6d17-2a3d-463e-a4fa-c9608d2cf8a9,fog,s4,2,0.692323,0.806380,0.879202
a6cbf45d-ff46-4f38-8987-82b50ff227dd,fog,s4,4,0.675232,0.797085,0.850737
a6d57a54-6a9c-47ff-b270-81a72c95edbc,fog,s3,4,0.404127,0.511335,0.707195
a6dde4c0-a092-4af2-b500-815a61e377fb,shot_noise,s5,2,0.629476,0.765893,0.801309
a6e9165d-66ce-42de-b376-38156d05ba3a,fog,s4,3,0.360328,0.478850,0.627465
a6f1a1c2-ae3e-4750-a0d0-509a2eaab08d,fog,s3,2,0.519314,0.643060,0.797239
a6f37db3-e929-4a47-83b7-0b853508684c,fog,s5,5,0.663061,0.792390,0.821520
a6fe1991-159e-4262-8615-2db19930c215,fog,s1,1,0.495107,0.497541,0.990214
a70365d9-e40c-4d7f-b95f-f5b157b823ed,fog,s5,5,0.567420,0.687788,0.840060
a70fb692-5eee-4671-bfb5-e3a958c26323,clean,s4,3,0.562198,0.688801,0.819210
a70ff689-5cc4-4344-99f2-3b324a66a162,fog,s5,0,0.486591,0.654271,0.655706
a71a714e-0734-4f57-b79d-314eeb073826,fog,s5,5,0.426880,0.588534,0.622175
a71c72ca-e137-4b91-8506-1e80143609bd,fog,s5,0,0.370962,0.539319,0.545189
a72acd7c-8007-4d05-89b0-e0bf31aa5405,shot_noise,s5,2,0.799738,0.888391,0.891744
a72c2089-7fa3-4197-a46b-af33be1a1885,gaussian_blur,s2,2,0.528405,0.603970,0.912331
a73182cc-b973-45c6-8e4c-a509b34f7725,gaussian_blur,s4,4,0.800716,0.883369,0.940443
a73f8d99-cbcf-4f88-a0c8-edf5a1e07e67,fog,s4,1,0.605905,0.722855,0.869128
a740e39f-8d3d-4aea-9d12-12ea45a72812,fog,s5,3,0.397526,0.455104,0.777739
a74ac551-2e55-4de1-969f-53ff64ce684d,shot_noise,s4,2,0.522804,0.660592,0.763360
a78b2297-94de-4a21-90a0-e9efedf1766a,fog,s4,4,0.242194,0.389558,0.390580
a795b218-45fd-418e-b529-7badd9f6780f,shot_noise,s4,0,0.243358,0.370227,0.425156
a79945a6-5943-47a2-a3ab-89ead4200558,shot_noise,s5,2,0.503462,0.668747,0.672725
a7a36c52-9430-46ea-a71c-2e4855d4ad1c,fog,s2,4,0.490601,0.495256,0.981201
a7b8adf9-ab7c-47cb-a022-1dfb4c4dad90,shot_noise,s4,0,0.686633,0.799788,0.886217
a7bc42e0-4595-4885-81c7-7c564d0d81ed,gaussian_blur,s4,5,0.637446,0.761947,0.848480
a7c4b9d5-6cfe-48ab-b4fb-ca3364b435ed,clean,s5,2,0.741052,0.851265,0.851299
a7d7024d-1c23-4225-95ca-23a8bdef17d7,clean,s4,5,0.529963,0.671020,0.758922
a7e30892-cd9d-46d7-a0b7-e56e9d22c624,fog,s4,2,0.694196,0.807295,0.882829
a7e52878-84d0-4731-a45c-4a09c0b5dcf5,clean,s5,2,0.581261,0.735071,0.735624
a7f56ae7-008a-4f3b-91c7-fce1fd67158a,shot_noise,s4,1,0.842306,0.912811,0.932683
a7f6817b-92d5-4d75-84fd-a0f0d182b86c,shot_noise,s5,1,0.623715,0.767400,0.771941
a7fa770c-6200-4b72-94e3-4bbdce8fcc14,gaussian_blur,s5,5,0.650231,0.786513,0.795240
a8013ab6-25ac-426b-b32e-5eddf05a3d80,shot_noise,s4,5,0.486256,0.641748,0.689475
a8140e01-f669-4b14-9997-7f0768ba33ae,shot_noise,s5,2,0.565180,0.717454,0.738958
a8297a53-61a0-42e7-b949-e798244cc8b4,gaussian_blur,s5,2,0.526968,0.690114,0.690539
a83cb483-9bbc-4718-910b-3be3ab1be9d7,fog,s4,0,0.766926,0.858533,0.935648
a84ee996-5e09-4fdd-a5d7-8a7caacd380e,fog,s5,5,0.331216,0.443012,0.595644
a857b671-fb9e-4ada-940e-433bd2d30e1d,fog,s4,4,0.596031,0.727787,0.817072
a85ece4b-284c-41f4-bdcc-84fc330753e6,fog,s4,5,0.815649,0.896713,0.915429
a85f7757-b075-40bc-bd7d-7f6225df5d38,shot_noise,s3,2,0.514422,0.637080,0.795874
a8602da0-82aa-4f5e-9baa-0f168f7dd27b,shot_noise,s5,3,0.622008,0.766671,0.768202
a865c671-75dd-4268-8899-d8c7abc1d114,shot_noise,s4,4,0.229117,0.354056,0.401857
a86a3e68-ea84-4b98-9e22-9c5b59fb0b2b,gaussian_blur,s4,1,0.553770,0.692060,0.780187
a876edb9-eb70-4626-a2fd-ccbefb8025a1,gaussian_blur,s5,4,0.583182,0.729753,0.762509
a885ce78-a8ad-4d19-8d80-3caf595c06c2,clean,s5,1,0.628456,0.770751,0.776604
a88da089-f80a-4002-9a09-69c0c92fd5eb,clean,s4,0,0.608322,0.716554,0.897285
a89131bb-7075-454d-a239-4e3534c7a724,shot_noise,s5,2,0.824633,0.902958,0.913483
a8a0d7f9-066b-43ff-beaf-d29aa3ad1883,shot_noise,s4,3,0.620898,0.758315,0.798395
a8a100a9-beb4-4622-87c6-ed7e8851fd10,clean,s3,3,0.667007,0.765642,0.947894
a8a1ed4f-d0dd-4fd6-b108-fc097ce7f317,fog,s5,0,0.589517,0.727562,0.793856
a8bac97c-d5eb-4016-8a35-238719966f39,shot_noise,s4,5,0.489414,0.650956,0.675051
a8c4ce8c-e824-4caf-bc72-579dbb8057b9,fog,s4,3,0.522781,0.676211,0.718740
a8d31d81-c802-4517-a59a-2f98becd8e9f,fog,s4,1,0.732453,0.832624,0.922896
a8d873bd-61c0-4120-a0e3-3aec26eaa661,fog,s5,5,0.425725,0.580632,0.636725
a8d8c881-44f9-4cbe-ab99-06f39e297df7,gaussian_blur,s2,3,0.410899,0.451092,0.821797
a8df2730-82eb-4e7f-a2a7-d1f87f544c92,shot_noise,s3,5,0.689238,0.782421,0.970519
a8e88be8-7597-4d81-8880-6b70b912f2af,shot_noise,s3,5,0.579086,0.685712,0.885317
a8eb9e60-39d6-44cf-9506-9b692e9e7f6d,gaussian_blur,s3,4,0.601492,0.698934,0.924651
a8ff60dc-a014-4988-b9db-f8558d623b99,gaussian_blur,s5,2,0.414373,0.550032,0.665760
a900c46c-eff7-4bf9-8a06-99932c77d676,fog,s4,2,0.800688,0.886606,0.913195
a914ca3d-d448-4010-819c-92f3e84a6046,clean,s4,4,0.508964,0.647745,0.750790
a91bf100-738d-43ce-8641-96eb5e431f5d,gaussian_blur,s5,1,0.332090,0.450368,0.586352
a92ef1ba-c1dc-41dc-aef7-c23102084c7d,gaussian_blur,s5,2,0.647976,0.786281,0.786901
a9442900-fa9c-4e4c-a170-abb511fed130,fog,s4,1,0.578214,0.725887,0.757760
a944fd18-981a-4c02-b6f6-a56e6eb0aa5b,fog,s4,3,0.459554,0.615342,0.667093
a954cd3f-3cbf-446d-a8fe-7b25e8ab51cb,gaussian_blur,s4,3,0.654151,0.776802,0.854176
a9638ee2-0a14-465e-b6db-88dd3d6f2139,clean,s5,0,0.752569,0.857209,0.870091
a9674008-4f4a-4059-874f-2e125f02f359,clean,s3,0,0.549846,0.667047,0.837202
a96c0314-381f-4a73-b1ef-a0af273dfd3f,fog,s5,0,0.724144,0.838435,0.849717
a9760fe8-2bf3-4cbe-8da2-47aad178846a,fog,s3,0,0.567901,0.666724,0.897495
a9834063-815e-4da8-9629-c2f0d47a60cc,fog,s4,0,0.759915,0.856061,0.915833
a9842c84-26fe-485d-9e21-1a738681d5ba,fog,s4,4,0.604608,0.731830,0.834733
a9842d64-4d10-4d83-9592-c22405a96493,shot_noise,s5,2,0.311368,0.418900,0.571200
a98eec50-d9f6-48ee-a838-a69fca47194a,clean,s3,1,0.725315,0.816245,0.974370
a98fe429-f3d8-415d-9a47-3d93c506865b,fog,s5,2,0.666804,0.798884,0.806138
a9aa6699-08dd-40ec-92f3-f0f5f5ac6596,shot_noise,s4,3,0.819482,0.899110,0.917392
a9ad8cce-a610-422e-babe-ccf940a3fca3,fog,s4,4,0.629028,0.738999,0.899765
a9b80812-b00b-4fa7-aa0d-fde43fd4700e,gaussian_blur,s4,5,0.297810,0.428582,0.512074
a9bf32f1-a714-4104-9cbf-f7a1cdc26c39,shot_noise,s4,3,0.777530,0.870869,0.905621
a9ca0956-0870-4ae3-9442-e0f94a0a6b7f,clean,s5,3,0.641731,0.779983,0.789909
a9ccf80c-1397-42a3-a331-89dbcdabd432,fog,s4,1,0.500855,0.660018,0.689216
a9cd8a98-4ecc-41fb-9d8d-a6f97dd6f8e8,shot_noise,s3,4,0.357354,0.465356,0.640994
a9e5fd66-f6fc-47db-84cd-ef51811030db,fog,s3,4,0.396882,0.500368,0.704083
a9f36ce7-4206-48a9-af03-00df8ae0d60d,fog,s2,1,0.367104,0.454938,0.687708
a9fa2f11-6210-49da-a6b2-2d586ab2052a,clean,s5,1,0.802551,0.889504,0.899125
aa075d6c-388c-4371-9dc6-fb4661f37156,shot_noise,s5,3,0.662344,0.796656,0.797980
aa11a431-d22b-4542-bd4f-921ecd1b2190,shot_noise,s5,1,0.843208,0.914935,0.914939
aa16055b-587c-4ca5-aff3-61da4d161d59,clean,s3,3,0.481602,0.608483,0.756432
aa1fc83f-6a90-4b43-8351-953d3fadba30,clean,s4,5,0.421598,0.573755,0.638593
aa2fc9cf-88ee-4a36-b806-d0d301033cf4,shot_noise,s5,3,0.582050,0.733282,0.745323
aa3b1d28-0289-4adc-84d8-f97abe42fb68,gaussian_blur,s4,2,0.512983,0.671793,0.697349
aa40f010-4c58-4440-9edb-9d176cc430eb,clean,s4,0,0.486548,0.620233,0.745100
aa5377ee-fd11-4490-94d7-94211ed8d590,fog,s3,2,0.484474,0.574785,0.836010
aa6f80c6-e747-49a1-a49a-476fce6ae1ca,clean,s5,4,0.723168,0.838146,0.846768
aa734316-9e20-4acd-acc9-454ff6ca2537,clean,s5,1,0.774990,0.873176,0.873680
aa784594-dcbc-4995-91b1-d13dc1fadb70,shot_noise,s3,3,0.496865,0.603786,0.815531
aa90cf65-afd7-44dc-b3c9-1fdda6cf5ca3,shot_noise,s4,5,0.766737,0.862468,0.907970
aa96547d-28e6-49e6-8950-e87e9a79b8b1,shot_noise,s5,3,0.716760,0.834172,0.840095
aa98fb53-56bb-4ccd-9b8d-f05527319fa9,fog,s4,3,0.588853,0.707736,0.855833
aa9ad8e5-96f6-498b-84e7-1d4d1b855e58,gaussian_blur,s5,2,0.746322,0.854569,0.855877
aab50489-c0cb-4416-9a1f-55fdd2f3a70b,clean,s5,1,0.475728,0.644582,0.645173
aab603dd-5cd8-4712-a94c-fbff1fbe3ed0,clean,s5,0,0.572790,0.727178,0.732762
aacf6ff0-bc25-4a8a-8ae5-a15cb4593037,gaussian_blur,s5,3,0.509067,0.673368,0.678688
aad0ec4e-542f-46a6-bcee-84e647111d1c,fog,s4,4,0.553770,0.688501,0.790843
aad187bf-f433-4907-8c7a-e3d48792b750,gaussian_blur,s4,0,0.599898,0.736939,0.799269
aad4aefb-ec32-4611-8c86-da186a20d2e0,fog,s3,3,0.515388,0.619284,0.840227
aad72784-b715-4221-b721-fe3987eb7a19,fog,s4,0,0.701955,0.815924,0.873541
aad8b280-47a2-450e-90ea-70879b8cb70e,clean,s4,0,0.718801,0.822657,0.913880
aae2f3bd-785b-4f22-a34b-568014a2a53b,fog,s5,0,0.654443,0.785429,0.817718
aae5dceb-4772-47d8-808b-b3cc2b182168,shot_noise,s4,2,0.563139,0.684140,0.835713
aae6807c-df3c-4e2a-8962-36a032e2c49d,clean,s4,1,0.470579,0.613027,0.709670
aae69b8b-4274-4c22-8985-fcd056c7d22d,clean,s5,1,0.335285,0.476790,0.550745
aae89978-16a2-4597-be7e-8afe06763cf3,fog,s5,3,0.413808,0.584785,0.586816
aaf9e4b3-f35d-4542-9b39-db219ff91a67,clean,s5,3,0.649969,0.787851,0.787878
aafb8c6c-e691-4ccb-ac51-80f602ef0c45,shot_noise,s5,1,0.246089,0.366947,0.439258
ab083cda-28aa-47fc-a3ad-a56f967513dc,clean,s3,5,0.650916,0.747647,0.950645
ab0a9f53-7b96-4101-8344-f62e0d35ad17,gaussian_blur,s5,3,0.555841,0.691394,0.789465
ab0d7161-6a21-44b3-ab33-9aaf421607eb,clean,s5,5,0.354841,0.515835,0.540288
ab17b51c-6c0f-458a-9262-30e3c21a0e3a,clean,s5,1,0.636823,0.772154,0.804309
ab1bd77b-72fb-40c6-9cd2-0453a15f3f20,shot_noise,s4,5,0.618515,0.757550,0.792139
ab2a19fb-e70c-4baf-ab15-cb58cc951910,fog,s5,4,0.337732,0.500320,0.514162
ab34223d-c9d5-4fef-ae30-9d50f3ecaff2,gaussian_blur,s3,3,0.439542,0.578378,0.687259
ab388a31-0740-49d2-ae96-fd6d7d25b433,clean,s4,3,0.383964,0.538096,0.591203
ab411a8c-2090-42ec-b037-779a0bea53fe,fog,s5,1,0.569417,0.725179,0.727323
ab533a7c-6763-42aa-b284-f886c993fce3,gaussian_blur,s4,0,0.503426,0.643785,0.742469
ab5706bc-410f-4f4f-8055-4bcf4f9b9c2d,clean,s4,5,0.562669,0.653934,0.911446
ab5c16ec-0264-40b5-919d-9b6ce1dab117,clean,s4,5,0.687564,0.805229,0.864306
ab6c5e96-d74f-4a55-982e-6d1819b77943,gaussian_blur,s5,2,0.542344,0.691110,0.742647
ab751bd6-e7a9-4e3c-9be9-0c355b3be1b2,clean,s4,1,0.550347,0.704717,0.727744
ab7d3674-a34c-421d-a04b-3aa8f9c991bb,fog,s2,0,0.493980,0.496972,0.987960
ab7fc811-7954-45e8-a273-1d1e94cf7ba2,clean,s5,0,0.552766,0.705924,0.732555
ab846aff-acfe-4bd9-9786-3c4437c09eab,clean,s5,5,0.289008,0.404975,0.521430
ab85987c-115a-4520-8e83-2d095653d986,shot_noise,s4,4,0.578402,0.709629,0.813023
ab8e10bc-5bf1-4664-9791-3cea991e0c47,fog,s5,0,0.664934,0.797340,0.805715
ab8e83de-e265-4248-a460-e7dad97cd7d4,gaussian_blur,s5,4,0.523140,0.686438,0.688469
abb53878-9360-4c9b-a16d-17478b70f0c3,clean,s5,1,0.694592,0.819220,0.822844
abc992ac-20e9-4460-9e57-0c6a2a0aa20b,shot_noise,s5,2,0.480616,0.609657,0.750543
abcef81e-4cb6-4c85-8fdd-c364528a1325,clean,s5,3,0.484403,0.650772,0.658054
abd524f3-f295-4caf-b53d-23cc7ffc0485,fog,s5,2,0.434551,0.589015,0.646763
abd83132-a843-48a8-a9e8-9daf27bb8fc6,gaussian_blur,s4,5,0.344127,0.486255,0.562246
abdfca2f-6c4d-401c-a5dc-e6e62fd42555,clean,s4,4,0.631065,0.761913,0.823765
abe2c599-8a63-4080-b6a1-d8314b02b296,fog,s5,5,0.487079,0.653336,0.660116
abebe650-3ac6-47ea-8385-6ab1f644a4cb,clean,s5,2,0.431088,0.484244,0.831675
ac000220-a4d0-466d-a346-8141c2afd47a,shot_noise,s4,2,0.658095,0.761968,0.927513
ac142fb8-2d3e-413f-835b-365d798f181f,shot_noise,s3,3,0.431902,0.484065,0.834277
ac191549-2c12-472b-a675-1fbbdc986d4a,gaussian_blur,s2,2,0.519989,0.582361,0.928048
ac1aad75-52f9-49b9-b1e6-24d6a8b938fb,gaussian_blur,s3,1,0.450929,0.588394,0.702181
ac200aea-ea8b-4178-8e97-61ccf9d2f522,fog,s4,2,0.810971,0.893570,0.914885
ac2dbff6-23b5-48b5-ba81-dcb3bf90fe84,gaussian_blur,s4,5,0.793115,0.878784,0.932795
ac360ef4-c869-4c1a-b7bd-317cf337134b,gaussian_blur,s5,4,0.392895,0.501081,0.690536
ac38c6e7-0b61-418c-a43b-023decd6dd9f,gaussian_blur,s2,3,0.436403,0.466042,0.872805
ac3bb8c7-dc95-4ac5-8b52-fe13736b0cc4,gaussian_blur,s5,2,0.748776,0.856311,0.856563
ac47bddb-dfd1-4f91-9919-de3c5966ab21,gaussian_blur,s3,1,0.477120,0.488292,0.954240
ac4bbbbb-4e29-4910-a9b0-624c11c65b99,fog,s4,3,0.485342,0.614754,0.754107
ac4c7a81-17eb-431f-8d5f-f21441887c6d,gaussian_blur,s3,5,0.493577,0.627677,0.750251
ac540ecf-02d6-4db2-bf13-3a01ce168677,shot_noise,s5,0,0.495305,0.659158,0.672229
ac573df4-dffd-40fb-aef4-e25811915a71,clean,s5,4,0.497393,0.660995,0.674225
ac5e5f68-858d-4a1c-af41-a89e41060755,gaussian_blur,s3,3,0.639679,0.736793,0.945349
ac63de65-0212-4486-86dd-7f08a0113c17,clean,s4,3,0.776178,0.863893,0.948150
ac688f39-f99c-4a91-9686-4e2b3acd9168,shot_noise,s4,2,0.724461,0.830074,0.899910
ac731552-440d-4212-bb15-629be9128575,clean,s2,0,0.441864,0.469138,0.883728
ac7e36da-bd4b-48da-b467-7e8ee2e6bbbc,gaussian_blur,s4,3,0.615195,0.757102,0.780934
ac82580c-5882-4ace-80b3-21b76366e96d,shot_noise,s4,3,0.671660,0.796265,0.839509
ac96b76a-6113-4f3e-8028-f95e141ed982,clean,s4,2,0.771687,0.868701,0.889648
ac9af847-1917-40ed-b9d1-a206c4df03c7,shot_noise,s4,1,0.631970,0.767145,0.806021
ac9cb684-9618-46a6-b88b-3db9f2a4b162,gaussian_blur,s4,5,0.611913,0.757814,0.765120
aca3477c-8361-447a-a65c-6713fb7123c0,fog,s5,0,0.336934,0.463717,0.579228
aca93e9d-5d2c-4ccf-80b1-7ab99cc019a2,shot_noise,s5,5,0.418766,0.578127,0.619237
acaac760-7771-42a5-b0c7-b0c843007fd2,shot_noise,s5,5,0.659408,0.792274,0.806672
acaba292-9fc5-422c-ae61-775c8a7fcef3,clean,s5,4,0.613374,0.760325,0.760517
acaf365c-1696-4dec-a438-30730cb91837,shot_noise,s2,0,0.449392,0.502593,0.856371
acb021b0-e745-4100-ab58-6dbfed67e39c,gaussian_blur,s4,1,0.689996,0.794384,0.924441
acb2eb01-227a-4e91-af0f-ec0e25477d56,shot_noise,s5,1,0.702318,0.823355,0.835189
acc1076e-47a5-402a-9950-3efefcc3079c,fog,s5,0,0.452709,0.621315,0.628400
acc3b7f2-84bd-4d14-a98d-5c6a3b164ad7,shot_noise,s3,2,0.259635,0.391222,0.446761
acc8db00-b8ad-400a-a5c8-da532b8ef768,fog,s3,4,0.782043,0.867314,0.955910
acca3441-d12d-4291-bc8c-272626a7a1a0,fog,s4,1,0.383535,0.540511,0.584714
accac469-9f7b-4e09-827a-ae0d1f13bbce,clean,s5,1,0.588452,0.734892,0.763621
accd88f1-0465-4de7-9411-70916c5f4c85,fog,s4,0,0.382706,0.494164,0.670985
acd3e6e9-8937-4d2a-8669-a7756d8eef0d,gaussian_blur,s4,0,0.602818,0.744131,0.783725
acdf189b-2174-4d9d-8768-8b8f2261b603,fog,s5,5,0.253208,0.339364,0.502080
ace6f8c2-5512-4477-a4bb-c39307c8de2c,shot_noise,s4,1,0.832736,0.904437,0.953716
aceb49e2-7c40-4c3c-bf9f-848a19538b5a,shot_noise,s5,2,0.649468,0.780996,0.817131
acef823b-fbe3-487c-990d-846f890ac0ef,clean,s4,4,0.655519,0.779290,0.849142
acf6cdca-2701-4f7c-b5e5-fdf886f9d191,gaussian_blur,s4,2,0.683890,0.801597,0.866091
acf72eab-ea0f-4595-9bd4-6b581c5949b9,gaussian_blur,s4,5,0.665690,0.790536,0.841120
acfc5488-4666-4da9-90d8-0ad24d66620b,gaussian_blur,s4,3,0.329656,0.406271,0.646731
acfd9679-cda6-4839-b066-5ff3df7246ab,clean,s3,3,0.493820,0.571614,0.870160
acff1d66-9bc3-4814-80e4-7ef814bbcb92,fog,s2,3,0.298057,0.396800,0.562743
ad156bc9-4c4f-49a4-9088-c900470ebc91,shot_noise,s4,5,0.447243,0.616165,0.623003
ad1e2baa-9ca7-4d61-a531-d72e51d067c3,fog,s2,3,0.398879,0.484030,0.737452
ad201b0c-8dcb-4d72-8598-c1e3cfa470a3,gaussian_blur,s5,1,0.639933,0.770686,0.822967
ad4dc399-5752-48c5-9c77-34dfe27854e6,gaussian_blur,s4,4,0.478310,0.534647,0.888763
ad505175-39b5-4db4-ae37-f1bde5b3d103,gaussian_blur,s5,5,0.687901,0.813812,0.821995
ad5e18e3-9d76-482d-8c19-171df87a01ad,fog,s3,3,0.480984,0.569969,0.834599
ad5e1bdb-8f96-4167-81bf-b4f06aac38a6,gaussian_blur,s5,3,0.641511,0.780857,0.785045
ad62c5b7-8c0b-49fd-a626-ba4705b611bf,fog,s5,2,0.820167,0.899814,0.915035
ad639bf3-d4c2-4661-92f1-bf5407195196,clean,s4,4,0.746736,0.843740,0.927111
ad6de435-d8ea-452e-b8fd-bd4a3cfb9931,clean,s4,3,0.765273,0.858546,0.927010
ad72e143-be50-4e0b-8dcc-4db0b3de6c0f,gaussian_blur,s5,0,0.819892,0.900140,0.909982
ad79c857-ccfd-4015-84e7-a46f5a520678,fog,s3,3,0.717820,0.810714,0.967915
ad7d7fef-d80d-40d9-ab56-b237424c2099,gaussian_blur,s5,0,0.275967,0.397543,0.490689
ad825b1b-37d2-4305-af34-43ffc8db2ebf,fog,s5,1,0.565135,0.721837,0.723297
ad942206-f154-4bbf-9062-4cd4ec2a1e44,gaussian_blur,s5,4,0.613279,0.756257,0.776832
ad94ae12-5a34-463a-a1a4-695ea0f6037a,fog,s4,0,0.678959,0.791602,0.891243
ad94cc20-7cac-488b-a0d4-645124f84176,gaussian_blur,s5,2,0.698382,0.821092,0.829771
ad94d10c-fc5f-4ff3-a04b-d8ac59d7afd4,gaussian_blur,s4,0,0.349288,0.411272,0.698576
ad9f94ab-1fb3-42c4-bb7f-5f1e1d65c6de,shot_noise,s5,4,0.404608,0.571542,0.586789
adaaf492-41aa-4250-8893-e212aca75042,fog,s4,5,0.558220,0.696672,0.781800
adb3c9fa-04da-4029-a512-fa1b82f1cb25,clean,s5,0,0.392576,0.503381,0.685500
adc0563b-9334-4125-8cf8-2694236c65aa,shot_noise,s3,0,0.521328,0.611978,0.874475
adc72a65-40d8-4624-8405-b5803a23d946,shot_noise,s4,0,0.639752,0.767069,0.837120
adcdf070-571a-4eba-9fff-9147c10d2c36,clean,s4,1,0.745090,0.842136,0.928620
add01605-2e29-4984-9be0-287b63800ffc,fog,s4,1,0.492319,0.657414,0.666781
adeb3959-a2d4-4490-b4d8-638c7653fee5,clean,s4,5,0.574054,0.680701,0.881899
adf3ee74-903d-47d0-9a24-8d1040ddaa1b,clean,s4,3,0.664070,0.786167,0.854064
adf3f742-0ced-4972-92af-818f0a26a432,gaussian_blur,s4,3,0.516172,0.646991,0.776912
ae077848-ce67-4ebd-9868-799b35e412d7,fog,s4,4,0.529410,0.612829,0.897583
ae09c32d-aac6-4bb9-ade5-9bb530be8e5c,fog,s3,1,0.382412,0.480666,0.693024
ae0d1d0f-e9f2-4724-955c-ce9e4ab44615,clean,s4,0,0.796985,0.883364,0.918415
ae0f38a8-068a-4c9a-b78a-50a00187c3b4,shot_noise,s4,0,0.660786,0.792398,0.811904
ae0f9493-45bc-41bb-9008-930d2a006221,shot_noise,s4,1,0.492476,0.613647,0.779778
ae136d99-3301-43d7-b6f6-6a1b7a1585b6,clean,s5,2,0.736533,0.847620,0.852608
ae153bbe-95a9-4121-8d9f-01c37bcee547,fog,s3,5,0.517137,0.566748,0.947115
ae15e17c-6039-4eaa-970e-f9e7749538ef,shot_noise,s3,4,0.297991,0.410716,0.541360
ae1bcb14-62df-4161-b0da-e72a9768f2c9,fog,s2,4,0.409843,0.450454,0.819685
ae2046fa-2727-4927-acba-c01af79e2b91,fog,s5,2,0.608415,0.750846,0.779393
ae261472-2a23-4488-b8ba-644df0f55fea,shot_noise,s4,5,0.634858,0.737949,0.924347
ae487ecf-032c-4d04-adb0-15b945ebabcd,gaussian_blur,s5,1,0.388807,0.553886,0.573429
ae68cc18-a439-4403-a92a-62deee7754d9,gaussian_blur,s5,3,0.534094,0.695264,0.699695
ae945390-f16b-4cea-a4a7-52bc05752e06,gaussian_blur,s5,0,0.543645,0.683834,0.769305
ae94b066-3801-4ce1-973c-f747b723154c,clean,s3,0,0.552214,0.677312,0.817520
ae99bd58-66b7-41db-8a70-351885c96275,clean,s5,4,0.475728,0.644582,0.645173
aeac0702-4dde-4644-9990-98103159ccb7,shot_noise,s3,4,0.407847,0.490070,0.754555
aead7437-8b01-4df1-869b-d2c5e5bfc2b3,shot_noise,s5,2,0.608902,0.756898,0.756990
aec37c0b-7bb0-4bcf-a489-2f40125b55ec,fog,s5,4,0.468127,0.633281,0.649825
aecf9fe8-9f98-4947-82cb-bf25b7a1f952,fog,s5,3,0.453838,0.615767,0.646619
aed1bf25-ee84-4f1c-a20d-48508349e9b5,gaussian_blur,s5,1,0.196782,0.315631,0.348170
aed258dd-d6e3-41fa-853d-733e0aede061,gaussian_blur,s4,0,0.614867,0.754307,0.790816
aed2bf6a-1dcd-4e6b-9c7d-995ab3b8d675,shot_noise,s2,5,0.497704,0.553601,0.913328
aed4c22f-b9d9-473f-9a24-11816441ba11,gaussian_blur,s4,2,0.536006,0.673387,0.773040
aeda95b7-f443-499e-bea3-9bbd5ae96014,clean,s3,5,0.643897,0.758036,0.888114
aeddf3e6-9418-4ade-892a-9955018bd8c8,shot_noise,s5,5,0.391261,0.438997,0.782523
aee591f4-d6e1-4622-bd73-0e0797ca0426,gaussian_blur,s4,0,0.638207,0.768515,0.825109
aee9dae1-464e-4a8a-94a0-af95c690ded4,fog,s5,5,0.238201,0.379233,0.393647
aefb8436-6677-4d52-879a-c2396a5d4596,clean,s4,1,0.770664,0.863920,0.918686
aefd31d8-4464-43ac-b202-d9dff643dc25,clean,s4,4,0.467201,0.631490,0.651435
af063998-623a-4c30-af0b-0ffb1a9b8397,gaussian_blur,s5,2,0.415810,0.585569,0.591754
af143924-f014-491a-a77d-3bbdb1d74447,clean,s5,4,0.725462,0.840860,0.841078
af174a4a-5cfa-4d48-aa98-14b5929bd7f6,fog,s5,4,0.535032,0.686898,0.729664
af1d3abf-fb41-4780-b87a-ce8d8bd11423,shot_noise,s4,3,0.745692,0.851868,0.870896
af36b66a-2701-4e53-b48c-a8d025154403,clean,s4,2,0.381745,0.493274,0.669544
af3a584d-aff5-44eb-9f2b-a198aecc167d,clean,s5,0,0.739777,0.850421,0.850474
af51455f-514d-4c97-b0b3-4acd7d7c37ac,shot_noise,s5,3,0.459511,0.606436,0.688731
af65ef6e-0764-43dd-82c7-190a321f7d0a,shot_noise,s4,4,0.741312,0.845972,0.886944
af6b9d6a-2ed7-481d-88e2-650d68273bf4,shot_noise,s4,2,0.507580,0.672192,0.676965
af6ee631-dcbe-4c4d-a8d3-2480b37b2d42,fog,s5,1,0.658546,0.791662,0.805947
af778484-9835-4a46-a196-e421606eeece,fog,s4,3,0.475922,0.638349,0.663072
af903b4d-9caa-4d41-9014-48cb3be219c3,gaussian_blur,s4,0,0.550759,0.697185,0.753652
afaaa05b-ae4d-4469-b9ea-e095eddb395e,shot_noise,s4,0,0.753819,0.847383,0.939886
afb27f8d-29de-4918-9ec7-4f0e90f0a54a,clean,s4,3,0.766926,0.858533,0.935648
afbcf09a-6d03-44a4-a4ef-7293ecfddfc6,shot_noise,s4,3,0.755727,0.858158,0.880000
afcd7eb1-b097-4b40-af66-2f9b617c1871,fog,s5,4,0.706679,0.825254,0.844613
afd872f5-7f85-4ac2-b09a-f96016d269e8,gaussian_blur,s4,1,0.400049,0.543655,0.632449
afe94544-931e-46d6-a36c-a847bc672097,gaussian_blur,s4,5,0.516144,0.675017,0.698855
afec464c-332d-4fb8-9973-2099252b6486,shot_noise,s5,3,0.504610,0.670745,0.670773
affc9d9b-2a92-4081-8c9a-e1b7fc4613e9,shot_noise,s4,4,0.618549,0.727068,0.900835
b00bd543-512b-43f1-af57-12fa054c90ae,fog,s4,1,0.677864,0.796863,0.862875
b01073c7-6ba0-43da-8968-1063781ada4f,gaussian_blur,s4,1,0.731928,0.835283,0.905531
b0319b77-82f7-4a2e-965e-94493ed5f982,shot_noise,s5,2,0.730923,0.844546,0.844559
b055dd8d-7326-4088-9743-a7d9349e7515,gaussian_blur,s4,2,0.578117,0.695562,0.854549
b076cd35-c674-4b5a-858f-86630e7e82c0,clean,s5,3,0.775113,0.872421,0.880288
b07e0730-ea33-4300-a4e1-5b116ffa4798,clean,s4,4,0.769433,0.861523,0.928707
b08c0d61-4d0e-4041-a375-85af10dcdce5,shot_noise,s5,3,0.544584,0.698793,0.726267
b08c17bc-3f39-409e-ba13-ea7d0a7ae725,fog,s3,3,0.504237,0.629802,0.780147
b0a12e11-405a-48cd-afcf-ab21b4b8c522,gaussian_blur,s5,4,0.728638,0.842215,0.848117
b0b1c63f-e1ab-4b0a-95b0-e51f8bc7b84e,gaussian_blur,s4,4,0.421307,0.557574,0.672563
b0b7cb7b-848e-458c-82b2-f8bfd3492995,gaussian_blur,s4,0,0.674789,0.797245,0.848112
b0c63e81-e6df-449e-86f0-488ba912d3a9,shot_noise,s1,0,0.395089,0.450323,0.777573
b0cb9a62-5671-4185-934e-8059d3e3968d,shot_noise,s4,3,0.642811,0.769589,0.838933
b0cd8d48-8b42-4531-9bf7-baf0b1be1cb4,gaussian_blur,s3,4,0.520653,0.593940,0.908474
b0d22498-432f-4c4d-b4c8-d8b41ab9f536,clean,s4,2,0.727736,0.829782,0.916640
b0d69e0b-bf85-43b8-9680-eeacfc9e9ff4,gaussian_blur,s4,5,0.776506,0.870193,0.905024
b0d91ebe-3ac7-4464-bf03-b805fffa7d42,clean,s2,2,0.490598,0.495255,0.981197
b0ef9202-11fb-4f5a-a787-f16dcb22ccf5,clean,s4,1,0.715883,0.817966,0.924805
b0f09f1f-e45e-4903-9241-f27792d9a182,shot_noise,s5,5,0.379147,0.431267,0.758293
b113fd4a-cf8a-40f2-a90c-ec74ecfbdb26,shot_noise,s4,0,0.501756,0.655156,0.706128
b117ec96-fa69-458c-9fe5-c486d7447d31,fog,s4,2,0.306392,0.394124,0.592757
b118db71-9127-4f82-9cfd-8d830b8b4613,fog,s3,2,0.606006,0.706063,0.920053
b11c1de2-e431-4c34-bcfd-3c67121e7c66,fog,s5,5,0.385076,0.549710,0.570084
b11c7bda-1c7d-4def-a108-05f555ceb50e,shot_noise,s4,1,0.785561,0.877856,0.896667
b146f4e8-4904-4d7d-adaf-a549abe2d602,gaussian_blur,s4,2,0.713380,0.825162,0.875928
b14bbd4a-53e8-4e08-be17-0136f784bd59,fog,s4,4,0.411995,0.558823,0.639645
b1585cf0-03cc-483b-8707-69c00d737294,shot_noise,s4,4,0.253758,0.397888,0.416267
b15cf666-2679-4337-85b0-762c62556fec,clean,s4,5,0.504889,0.625374,0.792784
b17cb956-aa25-4dae-8e1d-c9532bb7a079,shot_noise,s5,2,0.606697,0.754323,0.758819
b1824b64-a2a4-4c2d-b7c2-540e6f19da7b,fog,s4,2,0.382910,0.546807,0.569147
b184914e-ecb2-4713-aa40-c2adf60c42bb,shot_noise,s4,1,0.737163,0.837934,0.915111
b1862c29-39bc-4285-93d2-fcf4692f2210,shot_noise,s3,3,0.692116,0.794983,0.930552
b19435f8-fd73-4ddf-87f6-53e996649025,clean,s5,2,0.789398,0.880431,0.897982
b1ad171b-f4aa-4925-9004-92235773be6f,clean,s4,5,0.489977,0.644787,0.694043
b1b3fc4c-3159-4744-82a4-cb892709d633,shot_noise,s5,2,0.780674,0.875584,0.886845
b1c6eeed-d09f-4afd-a067-28aeb89ab915,gaussian_blur,s4,5,0.744559,0.843904,0.915553
b1d07660-f09b-4323-a87e-bed4bd552cdd,clean,s4,0,0.269701,0.422464,0.428917
b1f364fb-7a74-4a86-9d53-a8f32590b426,gaussian_blur,s2,3,0.472428,0.536247,0.869088
b1fb2f11-7d78-414b-abb2-ed7eec28f4d3,clean,s4,3,0.628784,0.758215,0.829478
b1ff591c-1270-45ed-b56c-740eb525f274,shot_noise,s4,3,0.383928,0.554246,0.556165
b212cbab-7b2a-41b1-88c8-f786474fa16d,clean,s5,5,0.546480,0.706181,0.708643
b21e7deb-c3d5-4fc7-bcfe-844b405172e4,clean,s3,5,0.403162,0.528497,0.672529
b22ff267-7bc2-4976-bcf4-84e4d6aed8d5,clean,s4,1,0.574933,0.719974,0.766280
b23ffd2c-27a8-480b-898e-47b5bdadf5df,shot_noise,s5,3,0.767304,0.868242,0.869019
b24c23b2-3bb3-4c51-996a-83ff055e1591,fog,s3,4,0.610467,0.710362,0.923029
b2572af4-8bbc-4420-b12d-666d72ea934b,fog,s5,2,0.411224,0.520754,0.712235
b2613997-b588-4307-938b-eca1dace7c77,fog,s5,1,0.854478,0.920614,0.933061
b2626ba0-6336-4c2c-b291-a88e460f36cc,fog,s5,5,0.473811,0.637479,0.658133
b26804ca-9aba-441e-a7ac-12ffe5171202,fog,s4,0,0.477966,0.615554,0.728037
b2745100-a9bf-4010-b3bf-5966376e951b,fog,s4,1,0.596487,0.734110,0.796667
b27c30d1-829f-4489-83bf-391be29b71c4,gaussian_blur,s4,3,0.379623,0.521047,0.611467
b27c9078-4c29-469d-906a-c3154988187f,shot_noise,s3,5,0.392218,0.534342,0.625939
b298f838-6917-4034-8ed8-3843c6510b39,gaussian_blur,s4,0,0.598224,0.732508,0.808811
b2a20a0a-cf79-480b-9ee4-db07b8e442ff,shot_noise,s4,0,0.762820,0.863217,0.881808
b2a79576-5390-4e0b-b036-ef5fbaf8e6b0,clean,s5,5,0.593691,0.744883,0.745712
b2a9baf3-ab4d-4b3b-b686-a5025642470f,gaussian_blur,s5,0,0.668647,0.799456,0.811237
b2aa142c-c8aa-4842-b4f1-45f0028bcaae,gaussian_blur,s4,5,0.535052,0.658678,0.809717
b2afd029-3bdc-40fa-b529-0e09267b50e0,clean,s5,4,0.757712,0.861986,0.863395
b2b30b68-4906-488d-9031-403eeeb741a6,fog,s4,4,0.339136,0.412806,0.666060
b2b74bef-55e5-4b11-928f-fdaef2e346a2,gaussian_blur,s5,4,0.825156,0.904105,0.905228
b2ccfaf0-9025-47e7-aecd-9976e2cdfc27,clean,s4,3,0.281026,0.435782,0.444016
b2e72094-68bc-4301-bce4-c60a852c40c4,shot_noise,s5,3,0.619477,0.764016,0.769344
b2ee6b1c-b7e1-487c-b933-4a5e16d7489c,shot_noise,s4,2,0.588375,0.734146,0.766074
b2f3f091-fc5d-48cb-8392-937f6b22ffe3,gaussian_blur,s5,5,0.515340,0.663097,0.730824
b2f7124b-2f96-45d2-a1d3-8e39bcbe140c,shot_noise,s4,5,0.692913,0.807479,0.876389
b2fa9525-458e-4208-ae53-06b47f0a0170,fog,s3,2,0.419185,0.513853,0.748896
b2fec10b-12dc-4742-ba18-90f6b7488c1b,shot_noise,s4,3,0.639016,0.758009,0.869621
b300b572-ca05-46af-8810-57331da4a1e5,fog,s5,3,0.296534,0.457424,0.457429
b3102720-e24b-42dc-b98f-afdb1660bc5c,fog,s5,1,0.239945,0.349885,0.444155
b315ff08-1cb7-40e3-82f6-950b56c58fa6,shot_noise,s5,3,0.333182,0.494025,0.511301
b31c3ad4-abb6-4364-b329-0f2e0e31e4e3,fog,s3,1,0.516730,0.640436,0.795227
b321e83a-36bd-435c-8572-029d5bfd6904,fog,s5,1,0.690168,0.816330,0.818623
b3471ec7-d5dc-4007-bdb7-668541551719,clean,s5,1,0.739407,0.848488,0.861367
b34b3008-b945-4a5c-81de-d533a68cd204,clean,s4,3,0.327856,0.493812,0.493813
b34b4b69-5758-404a-a7df-926fb68a5b09,shot_noise,s5,4,0.664877,0.797580,0.804293
b356db20-1f7b-4b77-b122-82638ad247f5,fog,s5,3,0.321086,0.485975,0.486324
b35880fb-bd84-4266-bd5c-ad1f628d45f7,fog,s2,5,0.227446,0.330682,0.430241
b35957a2-0dd3-47ac-a5fa-7962ba710725,clean,s5,3,0.724144,0.838435,0.849717
b3656dab-a5bd-4ce1-a7b8-5d5f0d6606ce,gaussian_blur,s3,2,0.686338,0.791492,0.921934
b373ff3d-b151-4288-9ae1-17aeb99baea4,gaussian_blur,s3,2,0.623335,0.726159,0.920649
b37d7523-f872-4af7-9274-11d93b577590,shot_noise,s4,4,0.736432,0.845025,0.868784
b3801fca-66c1-4ece-813f-0708c3d6a68a,clean,s3,2,0.686413,0.787507,0.938965
b387013c-fab6-4933-bf62-17ce334c47b9,gaussian_blur,s5,5,0.364586,0.529532,0.544603
b38a91ab-0ab6-42d4-a914-0bef410ff0e5,gaussian_blur,s4,2,0.407941,0.562073,0.619248
b3a5b707-dd7d-4341-99eb-939ee768d427,fog,s3,3,0.480392,0.528812,0.904096
b3b055e5-2671-468b-b7c9-2af572b0363a,fog,s2,3,0.293141,0.393408,0.552241
b3b92267-beb2-444d-a294-6e7be7c94859,fog,s5,4,0.462289,0.606186,0.698543
b3b9bd10-5be4-4874-a8df-471222cb81a9,fog,s4,1,0.519269,0.658034,0.758272
b3be1d63-3d38-48d7-a130-548050eb0a64,clean,s4,3,0.865566,0.926956,0.941397
b3c1eed3-be1b-4d13-95df-0df9fa4790a9,clean,s4,5,0.667482,0.795675,0.824623
b3c47ee3-099a-457f-978d-f99f59b2d867,shot_noise,s3,4,0.798177,0.878996,0.960213
b3c51cec-5b05-4a5c-8836-e01ab1049117,shot_noise,s5,5,0.364721,0.533692,0.536229
b3c66b53-837e-4793-af79-be0bac173186,fog,s2,1,0.680314,0.774036,0.967781
b3d50039-7afa-4b86-8961-2d6eedc7e50c,fog,s4,3,0.338947,0.504129,0.510645
b3f36444-06e8-4eb6-9bcc-be86a2798591,shot_noise,s5,0,0.516383,0.651262,0.766550
b4049332-0c2d-44a6-8475-7ee6b924ed35,gaussian_blur,s5,0,0.692210,0.817778,0.819958
b4073853-863e-4431-9b90-92274b962f4f,clean,s4,4,0.735296,0.841631,0.884257
b4077e4a-9e53-4b79-9959-1425c03e9939,clean,s5,5,0.510935,0.676191,0.676704
b40c81dc-7757-47c3-96aa-73dbe0529315,clean,s5,4,0.707004,0.827789,0.831656
b40ed8d6-ab59-415c-ab85-2dc6819b10d5,shot_noise,s4,0,0.550397,0.655081,0.869253
b424d5ab-50fe-41bc-8cd8-d93dbf7a27b2,fog,s4,3,0.366668,0.515823,0.579473
b427dc47-f64a-4784-917c-e3f421e6ec53,shot_noise,s4,4,0.703465,0.823483,0.839739
b4281cc6-a0c0-40db-ae61-8b41e30bf35d,shot_noise,s5,3,0.571329,0.722269,0.744917
b42b463f-db99-4282-bd7a-7a90006e51da,clean,s5,3,0.353778,0.440948,0.668800
b42e700b-ee6c-42a8-845c-d5c7bf15ba45,gaussian_blur,s3,1,0.502908,0.568068,0.903493
b42f2aca-a823-41e8-b124-5b76d8d689cf,gaussian_blur,s4,0,0.701955,0.815924,0.873541
b433ff06-229d-4b60-a2ee-9cf3c507a18e,gaussian_blur,s4,2,0.500159,0.661221,0.683298
b4360fef-f614-459a-9905-408d1f1bc4bd,clean,s5,0,0.395377,0.561993,0.577432
b4366899-4746-4354-9f38-dd588e3f1954,clean,s5,4,0.338381,0.480927,0.553302
b441e07f-1419-4904-9c6c-48a2df66c641,fog,s5,3,0.527184,0.686695,0.702224
b443da66-5549-4e52-a056-af7bcda1461b,gaussian_blur,s3,5,0.631477,0.734993,0.921749
b44a7478-90bf-4ab8-b22e-46d056e06f69,gaussian_blur,s4,3,0.578667,0.711671,0.807456
b4583901-e768-48fd-9357-0dc1988f1aae,shot_noise,s5,0,0.717223,0.834952,0.837616
b45e5002-9488-43b4-a530-5700316d93f3,fog,s5,4,0.702442,0.824735,0.827964
b46ff53d-2cc0-45ca-894c-4404ab583dca,shot_noise,s3,1,0.575995,0.677476,0.896791
b4850a98-d688-4a51-9b16-6c3196d2998f,gaussian_blur,s5,4,0.477163,0.639808,0.663392
b48668db-f72b-408b-af44-e9f3e974cb01,shot_noise,s4,0,0.683916,0.794511,0.898824
b48edf2e-b012-4abf-949e-8b7a9b5c6ca6,shot_noise,s5,0,0.257457,0.387971,0.444645
b498c93f-a332-40db-9069-6326e33b70d2,shot_noise,s4,0,0.590014,0.712936,0.843915
b4b29c09-8908-4b59-baf0-bbd3a3ba59be,clean,s4,2,0.518517,0.669739,0.722853
b4bad95d-53c2-462e-92bc-bf772d3d95fd,shot_noise,s5,0,0.720115,0.835154,0.850224
b4c17da0-56b6-41dd-ae4a-cd56b3603b1e,shot_noise,s5,3,0.663463,0.797288,0.799664
b4cb3c75-b85b-4607-b934-45ce2716c27e,shot_noise,s4,3,0.595828,0.737354,0.782435
b4cbaeb7-7f91-4254-aec1-7a1b1db12f91,gaussian_blur,s4,2,0.213625,0.349119,0.356539
b4e3a1a2-4d60-4def-babe-c6ee720fffd6,fog,s2,4,0.369795,0.425152,0.739589
b4e4a277-359a-4a92-bdff-74f54d723f7d,clean,s5,5,0.581068,0.731627,0.747719
b4e9e57f-09d2-4b93-95ca-596391467932,shot_noise,s5,0,0.587643,0.731006,0.774711
b537c545-c4cb-4608-87a1-6533486b6b15,fog,s4,1,0.606226,0.747157,0.785253
b55ca4c5-bdaa-4450-a34a-f6c3e5c6ae00,gaussian_blur,s4,2,0.704646,0.814885,0.890757
b56e5bdf-a50f-4204-b209-334b670a335a,gaussian_blur,s5,2,0.598339,0.748471,0.749614
b572ae83-afd8-4a9a-a4b0-691d5a7f143b,clean,s5,3,0.695025,0.820076,0.820078
b57d41c8-00cc-4f72-8314-e19ee7034c22,shot_noise,s5,2,0.530669,0.689773,0.705013
b59970ec-dbb2-4d8d-8628-128a4b8c0b62,clean,s5,0,0.240945,0.327750,0.478432
b59d37e9-948c-4460-a59a-869149a3943c,clean,s5,0,0.377126,0.541644,0.560912
b59e541f-8c29-4755-92ba-85aab82bbe52,gaussian_blur,s3,1,0.457377,0.493937,0.891936
b5a3b64f-6713-470e-9a98-dfc13f3d44e9,shot_noise,s5,4,0.562216,0.719655,0.720170
b5a81959-db82-4657-859e-c4a91d19dae2,fog,s5,0,0.385531,0.516843,0.638610
b5ab3675-f196-41b7-b720-c9a246315e38,fog,s5,3,0.623765,0.767161,0.773163
b5ad4ad0-3e8f-4670-9f16-db56941703f6,clean,s4,5,0.634256,0.762689,0.833141
b5b429ef-06c1-4c82-87a5-a51653cac518,shot_noise,s4,4,0.477219,0.619699,0.715540
b5ba1c28-60ca-4ea2-be0a-1d516e9c5510,shot_noise,s3,2,0.514310,0.561127,0.948453
b5c10e57-91b4-42ec-b41f-8390bff12542,gaussian_blur,s4,0,0.677343,0.780556,0.931050
b5c756e9-3057-40ee-a128-6eac376abca8,clean,s5,4,0.572790,0.727178,0.732762
b5c8ba7b-4280-40ac-be3b-511cd940cbc1,clean,s5,4,0.808354,0.893740,0.896672
b5d0bf32-bc7e-4749-9a97-780f15049bd8,shot_noise,s5,2,0.708613,0.828815,0.833223
b5ecb4d8-4f75-4baf-9d1a-c8b7d2bc7fff,gaussian_blur,s4,4,0.499310,0.663545,0.673508
b5ef0b15-dff8-4da6-bad3-2a4335afa0e4,fog,s3,4,0.551977,0.653160,0.879008
b5f1849a-86f7-47ff-b159-95306c5d7793,clean,s3,3,0.641845,0.745363,0.925179
b5f3b601-3932-4a0d-8024-03ea5d625ca0,fog,s4,2,0.326043,0.491613,0.492030
b5f3ca9f-ef28-4605-9d80-9ff61a7abc4d,shot_noise,s4,3,0.342285,0.508718,0.512621
b5f49eca-cccf-492d-8ae3-5ffeabc4757c,clean,s4,0,0.728649,0.832595,0.905344
b5f49f2f-e69a-42e4-b389-d2eb2aa7c14a,fog,s4,1,0.583182,0.701535,0.854613
b5f504db-b4f1-4ff7-aeaa-f4a223c36251,gaussian_blur,s5,0,0.764837,0.862495,0.897701
b5f52090-6038-4faa-aee5-267b066fd6d1,fog,s5,1,0.415346,0.456724,0.826565
b6124e86-a300-435e-8ced-8ddfcba63827,fog,s5,3,0.365349,0.530644,0.544820
b6432b24-5a33-4db4-9bd9-276b340ba39a,shot_noise,s5,0,0.633115,0.774236,0.780266
b653696b-3a1d-4039-8ff5-6f62312f437e,fog,s5,2,0.532256,0.686521,0.720939
b65b23e4-10da-4a30-8438-70eef2711613,shot_noise,s5,5,0.474691,0.636884,0.662784
b6603002-c8b1-4c8f-bfe2-b8e4cfd1c275,shot_noise,s5,4,0.482737,0.632498,0.701877
b66394d2-bc92-4a2b-9456-96ac4ff796a3,shot_noise,s4,4,0.541533,0.690787,0.740763
b6652d1c-4d00-4f96-926c-f77d33200cff,fog,s4,0,0.681956,0.795096,0.888078
b668cadd-30d8-4d11-bad1-81d35921e2a2,gaussian_blur,s3,2,0.617735,0.701730,0.971481
b6739337-f79d-4c17-a65f-91f6354d831c,fog,s4,4,0.384774,0.554046,0.559477
b6795bee-159c-42a2-8907-95f305e5cf9a,fog,s3,3,0.666867,0.760034,0.967296
b67d8859-e0b7-4a17-8ed8-7fee404fc4b9,gaussian_blur,s5,0,0.314950,0.452849,0.526878
b68eb57a-0120-47e6-99e2-6e5a305035d2,shot_noise,s4,4,0.494576,0.621741,0.767803
b6a54689-f6ae-4c4e-bb01-d446b34499bc,fog,s4,0,0.455899,0.602999,0.684916
b6abb0aa-b292-4a70-be35-138ded7f75f0,fog,s4,5,0.509014,0.660250,0.716960
b6bd90a5-320a-4cbf-98ad-e95cbb11b955,gaussian_blur,s4,2,0.567357,0.688944,0.836559
b6bdc592-318d-462a-8701-b1ca5804e8ed,gaussian_blur,s3,5,0.522855,0.626409,0.848000
b6cf14c4-a4f7-42da-adfd-61ba40ba2cf0,fog,s5,4,0.579986,0.731679,0.743434
b6e149d1-cc5b-4c8b-b86b-7cb998934dc9,clean,s4,2,0.497565,0.661295,0.673958
b6e8f39d-f2af-4d19-937d-2fa690710439,gaussian_blur,s4,2,0.507951,0.661885,0.708629
b6ef90c7-1fcb-47f6-af08-3a72bb8723a6,shot_noise,s4,0,0.381745,0.493274,0.669544
b6fa1951-4ce7-4e11-ac8a-d18e72b1bf15,shot_noise,s5,2,0.668789,0.800183,0.808245
b6fd9058-9abf-44f5-8838-9309e18658cc,fog,s4,5,0.574680,0.690522,0.857141
b70a3f27-27b1-41ca-833c-0e3f07f6566f,clean,s4,4,0.686916,0.808650,0.844475
b71a53c5-ebd5-4cdd-a273-0000dc593643,gaussian_blur,s4,5,0.346693,0.412306,0.689419
b726b8f0-39d3-44d2-b716-9fa90ffae83b,shot_noise,s5,0,0.819892,0.900140,0.909982
b72ed527-798a-4385-96f0-4cdc83f4c6d1,fog,s4,3,0.610259,0.722944,0.884363
b7314566-7da0-4024-8137-ae78e9f5b573,shot_noise,s4,0,0.550759,0.697185,0.753652
b7338734-3058-4554-9ef0-dd344d4992a4,gaussian_blur,s4,3,0.766640,0.862013,0.910624
b7420ff0-8c6d-4c8d-b239-814a0d9f3c54,fog,s3,2,0.167140,0.280022,0.295281
b744b95f-6edb-40e0-afdc-2508676650d4,shot_noise,s5,1,0.810431,0.895248,0.895695
b74ad95b-cb87-454a-8780-bb5e4a90cf45,fog,s4,4,0.564143,0.697664,0.799669
b759e595-f567-4f84-a00f-149b41ff9e0f,shot_noise,s3,1,0.628861,0.716816,0.967539
b767e8af-3457-469f-9b5e-2bb2f1eda70f,fog,s3,0,0.525767,0.631206,0.846395
b77cc5fa-a8c4-4f82-b732-349499a5d3ed,fog,s4,2,0.359898,0.508129,0.572347
b77cf040-2ad0-4b73-b8bd-7a12e57153c0,shot_noise,s5,1,0.771944,0.871216,0.871920
b77d6c8c-af27-4d53-b0ed-13a1a6eab0d4,clean,s4,4,0.636920,0.767514,0.824128
b77e7822-85db-44d5-8056-3c39052e52a0,shot_noise,s4,3,0.683349,0.795903,0.890234
b77e7c69-6129-4ee8-afa4-129f0eeb4bb2,shot_noise,s3,4,0.421561,0.529962,0.727413
b7814f6b-725f-49b5-b002-e00850808ba6,shot_noise,s5,3,0.407861,0.562189,0.618731
b78302e8-1c1d-4aa1-91f5-f84aab5e3509,gaussian_blur,s4,1,0.505735,0.667501,0.684511
b78590a7-7039-4b5a-9686-1ed44645e7b5,shot_noise,s5,1,0.441436,0.594627,0.656572
b78f5d63-ee46-4ac9-99f8-7b0ea9b06d68,fog,s4,0,0.541305,0.650661,0.850499
b7984807-5c27-40b5-954b-4cd80699bff1,clean,s5,3,0.773392,0.871017,0.881529
b7c1e317-db42-472e-85dd-ec9c0904fe64,fog,s5,3,0.641919,0.781844,0.782230
b7cbfc03-c06d-40be-b6a7-b72797e433d3,gaussian_blur,s5,4,0.726499,0.841578,0.841637
b80b1345-ca30-4883-ad55-ff9f01f9a849,clean,s5,2,0.208362,0.333587,0.361792
b80cd890-fcca-4c5b-a72b-0961ce0c7604,fog,s5,2,0.585021,0.730096,0.768163
b81aa7b0-eb06-461d-a31c-b8c85b2a3c67,clean,s5,2,0.291881,0.389705,0.553731
b8291d81-1ec6-4b57-bbe0-cabff109b041,shot_noise,s3,5,0.523525,0.615139,0.874637
b83070d1-1f87-492d-a2b9-8df7b5683e72,fog,s3,2,0.352143,0.467821,0.620544
b8495b53-21ca-444d-8c32-f9bf39291a5d,shot_noise,s4,0,0.630656,0.766173,0.804837
b8588431-5a5c-4a78-96b1-3c69181bbea6,gaussian_blur,s5,0,0.427802,0.554794,0.699090
b85cbeba-5ec7-4143-8e6a-558ee24bc0f4,clean,s2,1,0.489222,0.494552,0.978444
b86d9889-87b6-40c8-8ddb-1a180d22a4ce,fog,s5,2,0.462444,0.630982,0.636340
b87c0d70-b434-4169-89bc-d8d57005ac7e,clean,s4,4,0.789960,0.875802,0.937851
b881af5f-f91a-48d6-8572-07b13a63f1f9,clean,s4,1,0.700183,0.808599,0.902325
b8848a6e-1fb5-454e-96b7-b1dcc0bad8fd,shot_noise,s3,1,0.265104,0.378974,0.483717
b887a185-4c06-475f-a6f2-3127d414d629,shot_noise,s4,2,0.686038,0.809467,0.836461
b88a7a69-a88d-447e-9396-28873fbab858,fog,s4,5,0.422390,0.592132,0.598288
b88a7c1e-a167-4bc8-9185-62d8a865daec,shot_noise,s5,4,0.252758,0.382554,0.437483
b8a1318d-fc8b-4689-9dd0-a2a7e2096488,shot_noise,s5,4,0.325115,0.435586,0.588341
b8aae484-08e1-4cfe-a95e-561b7e4d3093,clean,s5,4,0.625248,0.765330,0.786842
b8e21873-690a-4c7f-af14-99864eb399e0,gaussian_blur,s2,1,0.679794,0.773792,0.966693
b8ea00ff-d629-408b-964f-5cba777dbffa,clean,s4,1,0.528708,0.653314,0.802443
b8ef3b7a-d3d4-4c5a-b8e9-336cf7805adf,fog,s4,2,0.554235,0.661104,0.866895
b8fb945f-251c-40d5-8bff-f046c122683d,fog,s5,4,0.468610,0.614383,0.699850
b908c9f7-4709-4666-af34-0528ee9d66b3,fog,s4,3,0.380738,0.535730,0.585464
b90b8e01-cd6a-4792-97b8-e969507ab6bc,shot_noise,s4,2,0.698289,0.818391,0.844112
b90bae2d-37ac-49ec-b622-30f54a5cc498,clean,s5,0,0.605658,0.751418,0.766421
b910943a-0a7a-41f5-acc7-498f91a35e0c,gaussian_blur,s4,0,0.751321,0.847381,0.927616
b911f78c-7bb7-4210-aa3b-073bd7df06c4,gaussian_blur,s4,5,0.276289,0.427082,0.443211
b9190a0c-8332-414e-8775-b6f68e544b9a,shot_noise,s5,5,0.350011,0.513067,0.529749
b9260f67-6fc8-4dec-84be-5fdb9b537bed,gaussian_blur,s4,1,0.677316,0.804891,0.821600
b935ab31-65f5-4e87-8ce7-8ed095746c20,gaussian_blur,s5,4,0.600432,0.749909,0.752048
b93d2978-9236-4142-88b9-612f256ecc67,gaussian_blur,s4,2,0.707699,0.816988,0.893557
b941fb80-7560-435c-9a97-7454c52c24ef,shot_noise,s4,2,0.609825,0.724120,0.879093
b94b1df3-32f5-4033-a084-71b487c7cfea,shot_noise,s5,5,0.422127,0.574321,0.639077
b953ecf4-172c-4843-960c-cc49ccdc2b0a,fog,s3,3,0.431847,0.546837,0.727585
b95493e1-d94e-4eea-8e02-a7b0292c2291,shot_noise,s3,1,0.576845,0.683637,0.883392
b96cc0db-9bd7-446c-84e3-d3c39ff0df7c,fog,s4,2,0.560804,0.716365,0.726523
b9703dbf-05ae-458b-b863-87e07d1235e0,shot_noise,s2,0,0.425169,0.501198,0.788036
b9714f5d-8047-4a95-b90a-0c12b0c0fe20,shot_noise,s4,5,0.760712,0.859552,0.896448
b9785f34-f151-4557-8e83-e26b7503ec4c,gaussian_blur,s4,1,0.803939,0.885879,0.938949
b97f1aaf-1f61-478f-bf42-11345b7b93de,shot_noise,s3,3,0.717667,0.815500,0.944736
b98853d1-e64d-4de2-bd6f-3a3bd567c638,clean,s3,3,0.355705,0.475297,0.619006
b994d556-9af3-49cf-91b7-4dd40a789d14,fog,s3,4,0.484035,0.529524,0.913333
b9b073c9-bfc1-4133-b9a7-b04673d8e1ac,gaussian_blur,s5,2,0.337674,0.504470,0.505670
b9c2c698-31d6-4232-9ca1-1b0e58de3204,fog,s3,0,0.565107,0.653441,0.920341
b9cb2342-2052-4bc3-bd06-41f6bc5d4038,clean,s4,1,0.698507,0.812214,0.877248
b9f47e47-a517-49d8-bd7e-2406b3786bb6,shot_noise,s4,3,0.569582,0.711842,0.774128
ba01b437-71af-4fdb-8568-a42d8bc19ceb,gaussian_blur,s3,2,0.515790,0.617184,0.846098
ba05692f-551b-4347-997f-94b06a31cd31,fog,s4,5,0.566476,0.689014,0.833333
ba065a40-d3e9-4261-abe1-6d58d170b5fc,fog,s5,3,0.649898,0.785338,0.799291
ba15c866-0e0b-4506-b798-6a7f4b2460b6,fog,s2,2,0.423384,0.470339,0.830064
ba1bfbe6-e5b6-4efa-9155-85fa27fb5bd1,clean,s4,0,0.611863,0.734520,0.852161
ba30941e-de47-4acd-9b4f-3e429f76e905,fog,s3,0,0.653737,0.749311,0.955390
ba32d63e-64f2-41d9-8132-aa8ccf7e93b7,shot_noise,s5,2,0.693126,0.813891,0.844880
ba35547a-9f78-49ca-9468-2947b67459e2,clean,s3,1,0.493879,0.571674,0.870224
ba40931b-bc4b-421b-a017-3bdfa1895fd3,clean,s4,1,0.666490,0.786673,0.861748
ba4280bd-991d-44ac-aba1-1c156190c96e,gaussian_blur,s4,0,0.445754,0.598773,0.661167
ba44d305-2446-419c-b51f-484607adbd80,shot_noise,s4,3,0.746950,0.850686,0.885024
ba4ae12e-1c37-47dc-9381-3279c95e5d7d,shot_noise,s3,1,0.587759,0.695424,0.887909
ba4c7337-a07f-414f-9563-1c1b348d82ec,shot_noise,s4,0,0.670871,0.798153,0.827132
ba4f41ec-2d60-451a-8def-93dc1d1baaa1,fog,s5,2,0.362810,0.439820,0.697792
ba6679d4-82b0-425c-8120-8ea96a84dc1d,fog,s4,2,0.811946,0.893993,0.917168
ba70891e-4c42-4ced-9678-2c573f854102,gaussian_blur,s5,1,0.242428,0.328343,0.482416
ba7ba805-bf3b-4671-a69a-3dc0f08718d7,gaussian_blur,s4,0,0.419805,0.571801,0.637024
ba82860b-573b-4ae6-abd7-bbb53a917d13,fog,s5,1,0.404794,0.574586,0.580343
ba8b4583-fc1a-4176-80f0-69eb2f253957,shot_noise,s5,4,0.690556,0.812412,0.841189
baab5226-fe79-4be2-91d8-5b3e70ab6a2e,fog,s4,1,0.437217,0.594158,0.643568
bab53084-f283-414b-a7ac-99786f1af7df,clean,s4,5,0.790712,0.879370,0.914261
bab7a479-4e78-4c76-b35e-eb5beaaa7dbd,shot_noise,s3,4,0.702677,0.796171,0.968675
babbf003-5b8a-4f16-a0a6-b37ccaf6c9b0,clean,s4,1,0.243358,0.370227,0.425156
bae6ed9f-e925-4ca4-9e00-a6a9ecb024a6,fog,s4,3,0.618366,0.759278,0.784576
bae929a7-fbe6-4907-8694-dff658428b5f,gaussian_blur,s3,4,0.532133,0.649448,0.823520
baf67051-5222-498c-b07a-e7567596589f,gaussian_blur,s5,2,0.274653,0.430934,0.430965
bafd8773-6910-4792-b508-14fa8dab5643,gaussian_blur,s4,5,0.797285,0.881776,0.933179
bafe2bcb-9037-490d-969f-9ca89225bfa7,gaussian_blur,s4,2,0.572678,0.713162,0.781003
bb0296b6-32b3-43c6-a4d8-5b9cfc991f06,fog,s5,1,0.534551,0.692437,0.710507
bb057bd8-c9c9-4afd-9572-142f70f9afd9,clean,s3,0,0.468128,0.575302,0.784695
bb11f994-b9d2-4abd-b7f3-6f013f6f7018,gaussian_blur,s3,5,0.529247,0.629160,0.862069
bb21dede-7541-4147-bef0-97ff61b3229d,shot_noise,s4,4,0.610608,0.720768,0.892402
bb2c59d7-eaf0-40ef-b01f-8014a8105658,clean,s4,4,0.766926,0.858533,0.935648
bb31d6b1-fc4e-4a23-8534-838ae7497605,fog,s5,3,0.717546,0.833950,0.845171
bb3fbec9-cea1-47b7-8634-2e61aa2dcff0,fog,s5,3,0.341422,0.504989,0.517237
bb5063eb-6f32-4780-950d-71fbb9187a4e,clean,s3,2,0.525773,0.631200,0.846426
bb54a2e1-301a-4ef5-a1a6-4b07c09c5071,shot_noise,s5,1,0.810902,0.894478,0.906000
bb63b6b4-c15b-48b2-bff5-8e20bc3b19c7,gaussian_blur,s5,4,0.317629,0.482117,0.482133
bb69b864-4531-47e2-834d-42ad174a79b7,clean,s5,2,0.683236,0.800538,0.868336
bb70bb2a-b174-462b-95d7-c05d83d71bf2,shot_noise,s5,5,0.662788,0.792329,0.820661
bb765b0d-e283-41c9-aaef-43e4eca9cb45,shot_noise,s4,4,0.366248,0.511496,0.586577
bb7d6f92-baa3-40da-87c4-8522beb21cbc,gaussian_blur,s3,3,0.408174,0.520647,0.702958
bb8967b6-6045-4cb8-863e-21fc90597d5d,fog,s4,2,0.730550,0.834259,0.904869
bb8d0a52-443b-44ee-a763-bebc4aae7dad,clean,s4,3,0.492096,0.602209,0.803888
bb981c75-5cf2-47cc-a1ae-cdd6c5af7f37,clean,s5,5,0.781189,0.876859,0.879556
bb99bed3-3f0c-4637-8777-c63a75db8dd8,clean,s4,4,0.650333,0.768347,0.873493
bbc4380b-d485-4c9a-9f54-a7b9e1196c9e,gaussian_blur,s4,0,0.639752,0.767069,0.837120
bbdb0c4a-c02a-4b27-8ec7-fbb21978ba07,fog,s5,4,0.265968,0.418082,0.423787
bbe66b1f-83b8-419b-a4a0-8d17368dde8f,fog,s5,4,0.749153,0.855331,0.865290
bbead11f-d970-4262-8195-edda30e51c28,fog,s4,2,0.495850,0.657178,0.679856
bbf07d87-d933-4f14-95bb-a29c658c42d6,fog,s5,2,0.685525,0.813140,0.814955
bbf5ed32-d122-49e2-b90b-c6ffefffd5bb,gaussian_blur,s5,0,0.606989,0.747580,0.786560
bbfe5130-71de-4720-9c70-7dc756d10d6a,gaussian_blur,s4,1,0.545496,0.677914,0.792860
bc2100ec-e138-4d04-a58d-aff11a8a154b,clean,s4,1,0.251059,0.397528,0.407706
bc23de6b-6a77-411a-8980-a6017aedaa3e,fog,s4,5,0.460597,0.612666,0.677248
bc29d324-a25a-4ba3-874b-b98a0b8f022a,gaussian_blur,s3,5,0.679297,0.774051,0.963815
bc36db9a-17c2-4d6a-b8eb-93cebc3d0a6a,clean,s3,0,0.591292,0.703115,0.878043
bc43226f-de47-4691-b16c-65055f10a0ae,fog,s5,1,0.306459,0.413215,0.564461
bc4c93ee-4dd0-4e60-9d49-4acea28cedcc,shot_noise,s5,2,0.453399,0.603551,0.675283
bc515944-ec1d-4435-8188-3cdce2a2cd52,shot_noise,s3,2,0.699839,0.793943,0.966460
bc60c250-ccb1-4b35-b9cf-eff2a0aafad4,fog,s3,5,0.598423,0.686027,0.948591
bc61c39d-1025-4b49-b742-7f08120074f8,fog,s5,4,0.535390,0.696539,0.700234
bc7c8524-bb7f-4757-a3e4-ed4dc5774278,gaussian_blur,s5,4,0.729229,0.839729,0.866416
bc87cbf3-8f08-4ae9-a1a7-64ef7df9f190,clean,s4,0,0.787416,0.877386,0.911083
bc8ffece-98fc-4628-96ae-5346197c4804,fog,s5,1,0.745874,0.854177,0.856257
bc924f6f-58fc-4de2-a923-c1578c634b17,gaussian_blur,s4,5,0.215517,0.351730,0.359051
bcbacc4a-aa15-4f1c-9641-9fb2e0b2eda5,fog,s4,1,0.592459,0.709368,0.863520
bcbb28ca-85e1-47df-b425-35489f05dbc2,gaussian_blur,s4,1,0.463554,0.609302,0.695304
bcd540fd-ef3a-4831-88b2-6a90724d9121,fog,s3,1,0.455610,0.504245,0.871611
bceff865-1dfc-4558-bc3a-f341c53d4ad0,gaussian_blur,s5,1,0.493347,0.654138,0.679776
bcf06924-92ac-4dea-b4df-91cbf186d5e4,shot_noise,s4,3,0.228639,0.342622,0.417150
bcfd756c-6e72-467e-8d3e-51b262e91981,clean,s3,0,0.472114,0.485657,0.944228
bd0496f6-2395-44e8-b576-0b6d6cc35b35,clean,s4,5,0.572826,0.698268,0.828276
bd0fa3f8-e924-4649-80e4-798561f80e67,clean,s5,4,0.532018,0.687088,0.718325
bd131590-2127-4f86-8751-8193bf1ec294,shot_noise,s3,0,0.496665,0.626553,0.763153
bd21e8b8-522f-427b-bae7-a7d1aa8b5987,gaussian_blur,s5,3,0.270899,0.421185,0.435165
bd252698-0147-40a8-aed3-6a5b2d8b0878,clean,s5,2,0.667804,0.799611,0.806846
bd491ff2-43a6-4a9b-8bb8-f39fa925e870,shot_noise,s3,3,0.505570,0.630660,0.782444
bd5041dd-b683-403e-8868-377fd16da980,clean,s5,4,0.269934,0.388240,0.485391
bd53a825-cc69-4f03-83bb-705b18706ee3,clean,s4,5,0.724988,0.831628,0.893689
bd56cc0a-220b-4a6b-9699-95e1dd3b0993,fog,s5,1,0.392237,0.555696,0.580944
bd5a344e-e70d-4969-a4d8-f5d5b87c1e42,gaussian_blur,s2,3,0.241903,0.345459,0.456958
bd61f918-a6df-43c7-90a4-e2187edb6479,shot_noise,s4,5,0.618208,0.757869,0.789655
bd6caa5b-addc-4b7f-84ee-b95c4cd98bbe,fog,s4,0,0.714449,0.821710,0.899261
bd72dab1-5e8d-46cc-aca2-51f088fa9a50,shot_noise,s4,0,0.474723,0.641773,0.649508
bd74b12f-d0ef-4b33-8ae8-5d1a2f5a59f6,shot_noise,s5,5,0.800914,0.889449,0.889488
bd74ee33-99aa-4098-8ce6-3b0787cf9f5c,fog,s3,1,0.492853,0.548499,0.907867
bd773996-1223-4ab5-b6c4-1c6bf2455560,shot_noise,s3,1,0.538774,0.655711,0.829670
bd877370-beae-4712-8823-0ea9abb628cc,shot_noise,s4,3,0.521620,0.680087,0.702880
bda10b5a-c3b5-4b0a-b558-36caa8a0ac9c,clean,s5,2,0.480440,0.647810,0.652571
bda39f3a-aaf3-461d-ab85-8a479ddb42bf,fog,s4,1,0.741613,0.840376,0.922199
bdcc9221-3299-49f3-99fb-4af973005703,fog,s4,5,0.330752,0.494542,0.502133
bdceb884-5183-4e70-861e-efbb226034ad,fog,s5,3,0.419266,0.590471,0.591676
bdd802b4-d43f-43e7-b541-e490b78a1609,clean,s4,3,0.543695,0.691234,0.747069
bdda8978-3c16-4e93-9214-986b3c915466,gaussian_blur,s1,0,0.395089,0.450323,0.777573
bde60360-3896-493d-ac65-f3c1bf7d22ad,gaussian_blur,s5,2,0.720963,0.836570,0.845749
bde9ca4c-b844-4fb7-82ae-1e0ff48416c0,clean,s5,4,0.705039,0.826646,0.829081
bdf2ec74-aef7-468c-a437-0f7d7e3499b3,fog,s2,1,0.484409,0.498738,0.959736
bdfc379a-3fd5-49e9-9698-62efc024f5d5,fog,s5,4,0.686056,0.811514,0.825925
be033b3a-d05b-4fa7-a615-91108ca6a3fd,fog,s5,0,0.656990,0.792730,0.794255
be0a6bd1-32be-4eb6-9b08-f90e2b7ab9e7,clean,s5,5,0.802551,0.889504,0.899125
be113a11-eaf4-4f06-a0e7-e119ab8d91f1,fog,s3,3,0.575031,0.669990,0.912581
be3089a6-48fc-4893-a041-fc97160cbdc1,clean,s5,1,0.655802,0.789179,0.806107
be342746-ade4-43c5-90a5-e098361f3427,clean,s4,2,0.655545,0.780649,0.843408
be40994e-de3a-4505-afa0-6cd0186b6414,fog,s4,1,0.615360,0.745063,0.827872
be41a286-587a-453a-ba02-9fe1873e77ca,clean,s4,4,0.727788,0.833202,0.897899
be4be9e1-eecf-4ebf-9bca-9a0bb477b3b1,fog,s4,2,0.464492,0.605053,0.708491
be65054f-7de7-4c42-af11-fa1c61404d6b,fog,s5,0,0.568192,0.724270,0.726011
be6743db-db93-4cae-9c3a-ea2b3a65b345,fog,s4,5,0.499096,0.574430,0.880709
be74f546-d57d-4d44-b39a-cd0263b2322b,shot_noise,s4,3,0.305560,0.460167,0.482769
be79758f-b611-4a29-b587-629be526b0ae,clean,s3,5,0.562643,0.658551,0.900427
be7ebcd7-655f-407f-a1f0-8ecfa20abef9,clean,s4,4,0.483732,0.651177,0.654544
be82fe67-5373-45fd-8241-9435aa92d6e4,shot_noise,s5,4,0.259861,0.390199,0.449133
be8bb7d5-e33e-45f8-91b5-bc45d3d38cbc,clean,s5,3,0.681439,0.810540,0.810559
bea1f1c9-5ae8-4aef-a3a6-3498fccd048f,shot_noise,s3,4,0.507797,0.632287,0.785808
beb76bb2-b754-4ad3-a8a7-92a27e6c9446,clean,s5,2,0.712842,0.832318,0.832542
beb82d47-3958-49dc-9ab1-eca836775c0b,clean,s4,1,0.627363,0.757224,0.827835
beb89c33-358d-426b-a298-e4c75d5ac9ce,fog,s4,1,0.426147,0.591088,0.613592
beb9011e-3978-4ce8-b373-ad04c044d3be,clean,s4,1,0.239654,0.385754,0.388101
becb9047-af7c-472a-8183-95c52648fb10,gaussian_blur,s4,4,0.510092,0.592165,0.880102
bed1188e-e658-4ad3-8c89-5d7858c36a99,fog,s5,5,0.443144,0.469858,0.886288
bed6a8dd-7d26-4aab-a578-b2beb2ba1672,clean,s5,2,0.377508,0.542028,0.561365
beed4973-e466-4dad-b8ea-35f2d3226bb3,clean,s4,0,0.751856,0.854890,0.882222
beef9be8-271c-46ab-b9d4-b263ba1f183a,shot_noise,s5,4,0.389757,0.559130,0.564912
bef08d59-98d0-4cdf-865d-f59383690674,gaussian_blur,s5,1,0.613455,0.755542,0.780395
bf06bd6c-0643-4b26-8bb6-24ee5a2e47c6,shot_noise,s4,1,0.534460,0.669660,0.778192
bf0a526d-f438-46cc-be72-f40e35ae30ea,clean,s5,1,0.440913,0.605590,0.628219
bf107229-d142-42e8-9340-a47943be50d0,shot_noise,s5,0,0.589517,0.727562,0.793856
bf14a8cd-4760-4a54-8162-05b986dd4982,shot_noise,s5,4,0.552462,0.705009,0.734485
bf1c3de4-8d0c-4a69-b8a5-29d357a3be57,gaussian_blur,s4,5,0.368703,0.523010,0.571789
bf26d2a0-0669-4e2b-b5d3-26f7f089fffe,clean,s5,3,0.462301,0.623704,0.655115
bf69f21d-4545-4d42-9c14-e5f7967d857c,shot_noise,s4,1,0.812586,0.891418,0.944368
bf6bb38a-afbc-4b15-b350-a95163e1d473,fog,s2,1,0.429253,0.461934,0.858507
bf6dc160-df9a-4bae-9bf9-01b8e3e5cbf7,fog,s5,1,0.534489,0.695285,0.701061
bf74c62b-14e6-41ee-a7ad-f3a4085f3e80,gaussian_blur,s4,4,0.809108,0.892262,0.915096
bf760f32-d5d6-4773-b689-a3d440bbc91e,shot_noise,s5,2,0.846566,0.916245,0.924832
bf76da39-7735-491c-858e-347d70a1270c,fog,s4,2,0.275219,0.431425,0.432024
bf885720-44c2-486b-b116-f357e50472a1,fog,s4,0,0.746690,0.852694,0.870480
bf904c5e-e80a-4f4a-829f-f44238572553,gaussian_blur,s4,5,0.773877,0.869656,0.894545
bfa00d72-d658-49e4-af4a-a05f2c333713,clean,s4,3,0.701955,0.815924,0.873541
bfa5892b-0517-4ba3-bb1b-48f9b97b8446,gaussian_blur,s4,1,0.554686,0.704214,0.745184
bfb28422-ea1c-4932-9e5d-f73fa78bb184,shot_noise,s5,4,0.797578,0.887350,0.887766
bfb55cf3-1844-4c0d-b4a7-2440f0bd556e,fog,s5,5,0.369983,0.540101,0.540187
bfbde228-e158-40a7-b27b-8200ca219dff,fog,s5,1,0.765973,0.865732,0.880496
bfcaeb46-33c0-4af0-9416-b0bd09943bc0,fog,s4,2,0.588007,0.716878,0.824203
bfd90396-e5e8-4661-845b-1f05d4d2815f,clean,s4,1,0.524604,0.637190,0.828736
bfe9093d-0cc1-4525-93b1-9182e6252845,shot_noise,s5,2,0.666224,0.798746,0.804329
bfef1a57-e7da-420a-a367-c1fdf6a259f5,clean,s4,4,0.305404,0.467885,0.467949
bff86428-1ecf-47ea-9fb2-dd493d74cddf,shot_noise,s4,0,0.478469,0.606310,0.751237
bff892c7-f9c8-4d3a-8914-93c301100c7c,clean,s4,4,0.310324,0.399727,0.596826
bffeb8a6-4cb9-4977-a7ca-06efc5814d3c,shot_noise,s5,1,0.355973,0.432113,0.688688
c003a41f-005e-47c0-9e3e-41bb542294c3,gaussian_blur,s5,5,0.644346,0.783621,0.784128
c0050917-c025-47d0-8c76-ecbabc37b10d,shot_noise,s3,4,0.450271,0.561754,0.756016
c0097f73-bd68-4c0d-b4e0-cc1c1b7bf1ea,shot_noise,s3,0,0.700985,0.796646,0.959760
c02a4f76-e180-42be-9be0-65aec2e0632a,shot_noise,s4,2,0.675649,0.790445,0.882727
c03370ff-dad1-4666-81b7-234c82b973eb,shot_noise,s5,2,0.402125,0.561447,0.601291
c04fd9d5-ff2f-4016-8c82-e18799707579,fog,s5,5,0.415701,0.585218,0.592224
c0603b1b-420d-4d51-a50c-1115b421c6cb,clean,s2,4,0.659204,0.753534,0.961232
c064b810-952e-40a7-91ca-0df31ddfa807,fog,s4,4,0.507972,0.646101,0.751745
c068cb2e-8d8e-40cc-a152-e43c2ad3dde7,shot_noise,s5,2,0.423800,0.589441,0.609600
c06c6b61-5fa1-4c19-a5a9-67220cb74c5b,fog,s3,0,0.718936,0.817887,0.938638
c0720f3e-03f5-46c6-aff9-dd2b3c0ca50e,shot_noise,s2,2,0.457811,0.477976,0.915622
c082ce78-d79d-4534-be2d-6644759e5b4d,clean,s5,2,0.332111,0.489533,0.516432
c088eb0d-c98d-487e-9d8c-9abc90163bcd,fog,s5,0,0.370592,0.523114,0.577812
c08d51de-6180-458d-8876-b41bbb48aabc,fog,s4,4,0.414597,0.574905,0.612671
c0987992-2ba7-4227-ae85-4f5460ba2627,shot_noise,s4,0,0.701955,0.815924,0.873541
c0a0b841-08b3-4a1e-a3b5-31993fa31ac2,shot_noise,s4,5,0.626396,0.740093,0.886461
c0a54da5-84f0-480a-b368-0c5a95aee58d,shot_noise,s3,1,0.471216,0.548833,0.843936
c0a58df4-d3c1-49e5-b82c-1119fb8bd54c,clean,s5,5,0.680522,0.808285,0.818285
c0ad57b2-07c8-4e68-9c89-0352f48f7114,shot_noise,s5,3,0.490130,0.638055,0.712485
c0b7b126-2fef-4109-a920-d3e6e491f349,gaussian_blur,s4,1,0.525486,0.685610,0.699542
c0c58c20-3f4e-4678-bf9b-2fd26c467f5d,clean,s5,5,0.774638,0.872265,0.878841
c0d37815-e461-47ae-8642-e747d801b11b,fog,s5,2,0.409354,0.569886,0.606541
c0e98b1b-9730-4214-9e9b-6c192d3dac00,shot_noise,s4,1,0.247370,0.396397,0.397008
c0e9bb5f-80c6-4a98-bc1c-4c684207005a,gaussian_blur,s5,2,0.382181,0.460151,0.725024
c0f662ce-beb1-4b0d-b463-25ee264bb25d,shot_noise,s5,5,0.464996,0.634336,0.636103
c10ed6fe-6243-4bb4-b000-9517524beb04,gaussian_blur,s5,2,0.427375,0.598296,0.600149
c129ea20-83ee-4d8f-9d5a-58d34058106f,shot_noise,s3,3,0.587749,0.675001,0.941445
c12ec120-2cb2-42cd-9fd4-93db602feffd,shot_noise,s5,4,0.741704,0.851699,0.851701
c12fb0c9-cd09-4bde-b6fb-ed92d7f7228b,clean,s3,2,0.725315,0.816245,0.974370
c14672e8-b0c4-4b02-9e6c-f02a6eef9dce,clean,s5,1,0.617855,0.759289,0.782517
c1537595-21da-4641-b38d-b4767ad7bc87,gaussian_blur,s5,4,0.613113,0.747412,0.810639
c1569c3d-a709-4a5c-b6fe-d8bd64521ed6,clean,s4,1,0.770018,0.860736,0.937081
c1638965-569d-41d2-ab32-7541d8da1e3a,fog,s5,2,0.791346,0.883457,0.884075
c1648d08-3a9f-4977-839e-61199e293dc2,fog,s4,4,0.497666,0.650729,0.704272
c17cd6bc-90c1-40c3-b985-6b6215f4ee63,clean,s3,4,0.447996,0.551447,0.768895
c180c9d9-3903-4f6e-80b0-4e5a65c1d987,gaussian_blur,s5,4,0.466166,0.610494,0.701120
c183c974-00e0-437b-a1d2-f1e9102da17e,clean,s3,0,0.703149,0.796044,0.971134
c189bdb3-677e-4ead-a840-67d1ef1573c9,gaussian_blur,s3,4,0.495822,0.604087,0.811600
c1939e02-a6ac-4467-9e12-09a247a7b677,gaussian_blur,s4,5,0.527175,0.681527,0.718229
c19923ad-7749-4bc5-86da-980e0c65005c,shot_noise,s4,4,0.549395,0.690881,0.768352
c1a07465-e5cf-4081-81ae-65bce716bb50,shot_noise,s5,0,0.425925,0.581966,0.634325
c1a2f147-be56-410a-b31b-1cbe9e095614,fog,s5,2,0.796613,0.885943,0.894263
c1a42cd8-7d58-4ffa-868b-30ac67b0f9f9,gaussian_blur,s4,5,0.602909,0.740008,0.799426
c1a8e0e6-4a0f-442c-b16d-50af3a7cd829,fog,s4,4,0.710779,0.822336,0.879381
c1b55d11-09cf-4f90-a20c-7883867fa95d,fog,s5,2,0.380516,0.541237,0.573129
c1c06ae9-e25f-4efd-ae72-c843c37804c9,fog,s3,2,0.394002,0.512399,0.673737
c1c6bb95-881c-4fb6-aa22-365042f8f83f,shot_noise,s5,2,0.627864,0.771361,0.771550
c1db083a-9533-4e1f-809c-0966c4ced720,shot_noise,s4,3,0.503839,0.638242,0.758053
c1df15bf-fe10-463f-992c-ae38a4a9a4ea,clean,s5,5,0.510224,0.675506,0.676270
c1df5cd4-6bb3-4968-8326-bad557dcf68d,shot_noise,s5,4,0.249953,0.397721,0.403623
c1dfd96f-9d7f-4ed5-aaf2-6750314f7e40,fog,s4,4,0.638848,0.767710,0.830946
c1e06104-416a-494c-9cc4-5f01f599b35a,clean,s3,4,0.516140,0.600635,0.881744
c1eb1b70-1cd5-4dba-9615-87c9f4aa9560,shot_noise,s4,1,0.652638,0.771353,0.870556
c1f5250d-6505-457a-a36d-35b669ded612,gaussian_blur,s4,4,0.470130,0.578099,0.785291
c202c68c-8a7a-4414-ae98-a6fe6039a6c9,gaussian_blur,s5,0,0.757926,0.861088,0.870987
c210ccdc-1b0e-458f-90db-405fc316a686,fog,s5,4,0.634627,0.776448,0.776619
c219bf8a-fe58-46ab-9636-3c6e774ea573,fog,s4,0,0.697292,0.811198,0.877021
c21aae1d-6ab9-4c52-92a7-f8df6a495e02,fog,s5,2,0.492577,0.659864,0.660541
c229b7f6-1ea7-4cec-af18-33332d701946,gaussian_blur,s5,2,0.734912,0.846459,0.852054
c23f73fd-969d-4ebd-9284-b04ca654d98f,gaussian_blur,s4,2,0.549237,0.703191,0.728757
c242666b-3dbf-4b50-8491-6418460099e0,clean,s5,2,0.521186,0.685181,0.685413
c24f9c12-14fd-4f12-8a88-dd7e6db48f88,clean,s4,1,0.543581,0.664268,0.823584
c266de48-2fa6-4604-9508-347b4d87f9f4,fog,s5,5,0.436960,0.597906,0.633707
c26acfba-eeb0-4ab7-888c-5a558048e625,shot_noise,s4,1,0.431033,0.563904,0.690701
c273f272-640a-4279-b9bf-f40619f41643,shot_noise,s4,3,0.641104,0.769234,0.833630
c279e68e-d046-409f-97c3-73552f1c4488,gaussian_blur,s4,2,0.735205,0.845203,0.861584
c27d8606-d2e8-4717-9b8d-f193f7132fee,fog,s3,0,0.320443,0.425635,0.589335
c2962bd7-8ba3-4eb7-ad94-d06933fa9d24,clean,s5,1,0.533796,0.689146,0.718240
c29ccb81-2924-46e6-ae9a-bc18c99f542f,gaussian_blur,s5,5,0.444130,0.598266,0.656946
c2a21598-cd6e-4a23-b9e4-7562b56d7633,clean,s5,5,0.613051,0.759484,0.762731
c2a2f819-f1f9-4abe-8213-84e375edc64a,shot_noise,s5,2,0.364982,0.533028,0.538530
c2b33596-3564-4ed5-9497-c9a5baff2c7d,clean,s5,2,0.424426,0.590106,0.610123
c2c54580-965b-46f3-b128-9b54aab77a87,fog,s1,2,0.495107,0.497541,0.990214
c2d1cedf-17f0-493b-a3e0-0d2cf8062283,fog,s4,3,0.333992,0.409666,0.655018
c2dac807-9026-4864-8bbc-1398915df710,clean,s5,0,0.353778,0.440948,0.668800
c2e9f957-d015-451a-9314-0fb85601f524,gaussian_blur,s5,1,0.442274,0.582029,0.688120
c3002469-b8aa-4924-a74d-a52e13f0c91f,clean,s5,1,0.670574,0.801336,0.810208
c300fef3-72fe-4af6-9259-79c89684518c,gaussian_blur,s5,0,0.445560,0.615610,0.618647
c306d508-6e6b-4281-8547-dc107904cefb,clean,s4,3,0.744028,0.847986,0.887723
c30ba631-714b-45df-a623-c298a3827f66,clean,s4,2,0.741497,0.844438,0.897365
c31216c1-4e74-468d-a1c1-9805010bcbdb,gaussian_blur,s5,2,0.545440,0.701270,0.721269
c31af5de-89d0-4e52-a9e7-fcee88c382f1,clean,s4,4,0.584401,0.688500,0.895616
c323af3d-84cd-4b67-8744-770557ef7acd,gaussian_blur,s5,4,0.511120,0.675301,0.680105
c3278734-888d-445c-986d-e07916c9af29,fog,s5,0,0.382581,0.433480,0.765163
c32a2c76-e926-4d25-a1c7-7c2337c70536,gaussian_blur,s3,1,0.531145,0.654023,0.808724
c33a3d65-3e7c-4beb-93d2-750386744914,shot_noise,s4,1,0.537926,0.665177,0.802197
c33c950c-1b4a-4703-88d4-239a812aef1d,fog,s5,5,0.487534,0.655415,0.655717
c33dd8c3-6044-406e-8713-377a2f01b04c,gaussian_blur,s4,0,0.625868,0.742469,0.876354
c33e04e5-3d5f-4840-8063-9a91fed3ae14,shot_noise,s4,1,0.497977,0.608431,0.808992
c35d7216-7f35-448f-9064-2704fada2926,gaussian_blur,s2,3,0.472739,0.485988,0.945479
c364f6ef-35be-4474-aae1-2ed3e4e5dfa0,shot_noise,s5,4,0.718023,0.835554,0.837803
c36b488c-a304-403a-939a-b3e2fb2a7cee,gaussian_blur,s4,2,0.726998,0.830030,0.911880
c36b5811-edba-4498-88cf-789fb8365227,clean,s3,4,0.652325,0.765258,0.893215
c36e917b-39d7-4d70-9bdb-d8ecce7a0b73,gaussian_blur,s4,2,0.453994,0.590819,0.706740
c3770a27-0227-453f-b156-aec26c6954a8,shot_noise,s4,3,0.723965,0.831169,0.891500
c3772918-9843-4042-9d56-7a78e9abb2d7,gaussian_blur,s2,5,0.441859,0.513094,0.817886
c3808789-6062-4529-a462-5723a07bff0d,shot_noise,s5,0,0.584378,0.728231,0.772426
c3a50420-6cd7-4577-aac2-5164e80739e6,gaussian_blur,s5,5,0.583883,0.735060,0.745664
c3b300b4-7ac7-4a60-a88a-4954054b9548,gaussian_blur,s4,3,0.640800,0.767114,0.841061
c3b5b7d2-d942-486c-9914-82cada11e680,fog,s5,3,0.470976,0.636661,0.650533
c3b7f081-f5b0-4757-a185-5bf2d837fb54,clean,s4,2,0.701235,0.811194,0.894240
c3c299f9-d98e-473e-b8a0-833639665bca,fog,s5,0,0.462429,0.630263,0.638224
c3cca99c-518c-4504-884d-6a832fdb1133,shot_noise,s4,5,0.542053,0.675187,0.788741
c3d9eb2e-7dc5-4515-97ee-ef58ad24b109,shot_noise,s4,1,0.592701,0.734118,0.782459
c3df9695-cc5a-43b5-a97a-dcb8ed836a5a,shot_noise,s3,5,0.677479,0.779639,0.935235
c3e04dd8-f4c0-4756-8a56-059b7c2e58c4,clean,s5,1,0.359497,0.521330,0.544616
c40617df-3dd4-4b24-86ce-129abbf04fb5,fog,s4,2,0.496996,0.650804,0.701755
c40ac76e-926a-41f0-8a1a-78a962220adf,gaussian_blur,s4,5,0.213977,0.350838,0.355115
c40bf2a8-1472-44ca-811a-a887dcb2447b,shot_noise,s4,1,0.636302,0.764382,0.834389
c40c3bd6-1a11-48c7-9f83-4c9d565221ed,shot_noise,s4,3,0.465653,0.588910,0.748560
c42a10b4-e1c8-4c88-9fa0-712c50494131,shot_noise,s3,0,0.708549,0.803601,0.960856
c4369246-b56d-418b-805c-829303d774aa,clean,s5,3,0.725462,0.840860,0.841078
c4395557-4448-4327-9a4c-5684aaf948fa,gaussian_blur,s4,2,0.474254,0.576497,0.801315
c43db394-e27e-472c-b8c9-0ec1f52b7997,clean,s4,1,0.484373,0.629272,0.715636
c4603ead-a143-448d-92b6-50065182e9de,shot_noise,s4,1,0.722144,0.829384,0.893008
c4635722-71a0-4578-85ca-2a46942719ed,fog,s5,2,0.668869,0.789358,0.859621
c46438cc-bbac-46d0-8545-94454212d4ed,clean,s5,0,0.802551,0.889504,0.899125
c470bcc9-6528-4cc8-bafe-cda2f5236a90,gaussian_blur,s5,0,0.577078,0.709010,0.810261
c477204d-409f-4f6b-b2e7-dc9c54fa7aad,fog,s3,2,0.604534,0.715279,0.887886
c48b6057-321c-41e9-8a16-a8d7ba37b3e9,gaussian_blur,s4,4,0.242610,0.385324,0.398881
c4a06c6f-0112-4ca3-95ec-cc63fdd4765b,fog,s5,1,0.568570,0.720497,0.740895
c4a3be8a-509a-4650-94f6-29d377ae4c9c,gaussian_blur,s5,0,0.438858,0.607556,0.616259
c4aa5b15-37d6-4678-b904-40e0aef38285,shot_noise,s5,4,0.710081,0.829893,0.833828
c4ae397d-a8f6-4077-a84c-337869aa3b74,clean,s4,5,0.684043,0.809778,0.826069
c4b324fc-e21d-41c5-9213-4d1f86ecf26c,gaussian_blur,s5,0,0.441243,0.603693,0.634048
c4b54c96-97df-49d8-a8a2-838a10cd7452,clean,s3,1,0.591383,0.703200,0.878107
c4b69193-52b3-4b49-9d60-bac2a039ed14,fog,s5,3,0.437129,0.599203,0.631125
c4be57f7-6032-4254-8e19-8a1ef65f5f29,shot_noise,s5,3,0.736597,0.848063,0.850030
c4c12a99-1cf1-49fd-ae5f-c0b69bb8a56d,gaussian_blur,s5,3,0.624081,0.752369,0.833813
c4d6b2dd-824e-4aa6-8a37-b4315aceb2db,clean,s5,0,0.775452,0.873475,0.873936
c4e19bd7-1f3e-4768-9f39-d237b27161b4,shot_noise,s5,5,0.766973,0.867164,0.875327
c4e4f9c9-0fc1-4b3e-9756-812d1fba0e29,gaussian_blur,s4,0,0.638939,0.743846,0.919663
c4eaf900-7616-4ad2-9dfb-29e37fdcd2e2,shot_noise,s5,5,0.519842,0.683989,0.684341
c4f5e7f5-2cd6-4557-8cbb-969c3c514794,clean,s5,0,0.648553,0.783731,0.801077
c4f6a4ac-2f23-46f9-a32e-9557a653e1f1,shot_noise,s4,0,0.707613,0.819710,0.879051
c5130080-9a20-417a-9908-03317e8998be,fog,s3,4,0.435740,0.507023,0.809771
c530a018-f49d-43da-9ca0-0010e261a09a,gaussian_blur,s2,5,0.323343,0.411774,0.619413
c54081d0-b0ea-4f3d-91f8-c48dcbf9d9df,shot_noise,s4,1,0.274819,0.371100,0.526635
c546ea8d-d3fa-4898-b2fb-77b56387ae3d,fog,s5,1,0.517298,0.671457,0.713552
c55ca9cc-e471-4335-9559-638322ec56a3,gaussian_blur,s4,5,0.494534,0.654130,0.683936
c566766e-d604-4ac7-a8ec-264393261749,shot_noise,s5,4,0.686094,0.812367,0.821605
c566e449-1d30-41d4-be7d-a1f021c1f47a,fog,s3,2,0.561887,0.651388,0.914873
c56ca793-7b82-4f60-a4fc-ee05d53d9c15,gaussian_blur,s5,4,0.300915,0.419604,0.536736
c582cbfc-c780-4aa0-ba3d-16df78e816fe,gaussian_blur,s5,2,0.607597,0.746532,0.792896
c592f61a-e9d3-45c5-b231-f9f37f48ef72,clean,s4,2,0.705882,0.812737,0.906880
c5950f30-6ae2-4fc9-9f2f-a9385c7954af,shot_noise,s4,0,0.315065,0.479021,0.479435
c59e9a4d-9b09-41d7-80bf-6eeb36d0a793,fog,s5,0,0.398092,0.567483,0.574096
c5a08b3d-df3e-44b2-a112-3146f61123af,fog,s5,5,0.631673,0.773786,0.776375
c5bdf82b-7b58-4750-8c53-ddf71655bbfa,gaussian_blur,s5,3,0.338161,0.482165,0.550302
c5d26ce7-a9e1-401f-a1dc-cab164cf50ca,clean,s3,5,0.456329,0.564092,0.770275
c5d58d98-0d15-424d-9ddc-d03c20b9dd5c,shot_noise,s5,0,0.679406,0.808857,0.810389
c5d700fb-8dd0-436d-b9db-3630837cac83,clean,s4,2,0.537434,0.676350,0.769522
c5dbb0eb-5542-4ece-9b41-58334fc5f3cd,clean,s5,4,0.706963,0.826829,0.836987
c5e569c0-51c7-4226-a920-ce78de165cae,clean,s4,0,0.777802,0.872857,0.891989
c5e8d492-0107-4e1f-ae25-a1fdaea802f1,shot_noise,s3,4,0.569432,0.679041,0.870885
c5ef8ae3-d93c-4f83-822b-1d60c3845e8a,fog,s5,0,0.514279,0.678137,0.682665
c609732c-08d3-4112-894b-79bf01b5ae45,gaussian_blur,s5,3,0.338736,0.505893,0.506379
c60adfb7-6d87-468c-9d1a-5cf4eb6ed97b,clean,s5,1,0.697231,0.821610,0.821611
c611311e-7e5e-4398-ada1-da93841c19eb,clean,s4,1,0.423553,0.487459,0.805008
c6198e10-344a-448b-a409-61962ac3f0c9,shot_noise,s3,3,0.488345,0.551002,0.890577
c61be5dd-1943-47a6-908f-6d7f7c4fccaf,clean,s4,4,0.702022,0.807099,0.917347
c6239dcc-2a42-4763-a834-9ff67aec4855,shot_noise,s5,2,0.722543,0.837542,0.847448
c6269056-0fd0-41bf-895f-5ec4c1ed3903,clean,s5,5,0.453303,0.607147,0.666277
c6393b20-4d1f-41b6-9ea4-ecaa6902fb33,shot_noise,s5,3,0.572556,0.722605,0.748299
c63aeb51-4322-4fe8-9616-eafe4a1359f8,fog,s3,2,0.723551,0.820310,0.946985
c6529677-5571-4540-a2c7-b8307189e3e9,fog,s3,1,0.438200,0.508523,0.814571
c664e543-a233-4154-b10b-9b7e0cf04966,clean,s4,4,0.425196,0.579606,0.637310
c66526b5-d8f8-420f-8bc7-a30e3dcd45f7,fog,s4,2,0.550215,0.697509,0.750673
c66e8337-559f-455f-bb52-16cfed26f611,gaussian_blur,s5,0,0.570773,0.726599,0.727263
c6758907-f8df-495e-a33f-8e5f656df243,fog,s2,0,0.527111,0.612579,0.891045
c67db2b5-1512-4a7a-8b3c-389cdebfe5f3,gaussian_blur,s5,2,0.515159,0.679846,0.680507
c6812553-3ad7-4df4-9d0a-b181406d6c13,shot_noise,s5,4,0.831079,0.906353,0.922643
c68a9c91-22d1-4351-a4d5-503b0325f8cc,gaussian_blur,s5,1,0.530952,0.693580,0.693765
c69763ef-d42d-4c35-8f64-2083bba4e06a,shot_noise,s5,3,0.604711,0.752798,0.757195
c6a525d6-6069-4199-bcc2-26434e413c1e,fog,s5,1,0.531086,0.693695,0.693877
c6a8793a-a7f7-40bf-9de7-a2c313c0a1ce,gaussian_blur,s4,1,0.613583,0.745309,0.820256
c6ae8ada-771a-4b8e-96cf-39a1096dbb21,gaussian_blur,s3,1,0.385697,0.524275,0.624805
c6b8813b-07e2-4470-815d-89c50fb64bee,gaussian_blur,s2,0,0.433312,0.464273,0.866624
c6bcf33d-497d-47f4-bc7c-304386a3a190,fog,s5,2,0.435572,0.588753,0.650777
c6c24ed4-f369-402e-bf42-78b53133cbfc,gaussian_blur,s5,4,0.340806,0.466112,0.587493
c6c5dbfc-a05f-4ebe-bd48-6f2c65228ffd,gaussian_blur,s4,1,0.552632,0.702798,0.742373
c6cd817d-1951-4ca5-b2d0-daac6c5377c6,shot_noise,s5,3,0.578882,0.728299,0.751615
c6ed01e2-5ddf-4664-9639-13389da342df,gaussian_blur,s5,2,0.293054,0.411981,0.523499
c6f617ed-fe64-4698-8bd9-ea963aa72db1,clean,s4,1,0.604626,0.737757,0.814032
c6fecb12-98ef-49b7-be8a-c8abb5b4feb5,fog,s1,4,0.286158,0.376163,0.555296
c720595b-f7d6-4975-96f9-7f134ac1611c,clean,s5,2,0.381493,0.432781,0.762987
c7271dda-95a8-4cad-82d7-16c51ae8f659,fog,s5,0,0.561501,0.704447,0.769036
c72a12db-2608-48d7-aff9-18f40ac020c1,gaussian_blur,s5,1,0.715660,0.834268,0.834268
c7331583-5d11-4359-a4aa-1268f232a561,clean,s5,2,0.614070,0.760820,0.761213
c73467c4-627c-4d06-9fce-bed8d9a25278,clean,s5,5,0.208362,0.333587,0.361792
c73f20ad-3b60-4f0b-9abc-365f07b6cf8a,fog,s5,4,0.368289,0.532739,0.550264
c7446f02-a858-4b30-9850-a7232baa98cb,shot_noise,s4,0,0.655137,0.779132,0.848277
c755da48-e91a-4a6a-9bd4-2d699e091a1a,shot_noise,s5,3,0.383190,0.458271,0.730901
c75e7e76-0569-44b5-96c7-f79edfe34105,shot_noise,s3,1,0.566955,0.665024,0.898622
c780ec9e-f120-416b-962a-b3099646b31d,shot_noise,s5,1,0.570710,0.726183,0.728544
c78a694f-d5f3-4116-bb17-ca5cfcd5ba68,clean,s4,1,0.692285,0.799224,0.912509
c79df9df-6f01-4b2a-97a6-dfb2c44d3972,fog,s4,5,0.536472,0.670786,0.781941
c7a4bbc8-4d8b-42f1-854d-1cb449e052bd,clean,s5,0,0.522522,0.684251,0.693166
c7bf04cc-9acb-4b73-a4ae-f78b4ed6d1bd,gaussian_blur,s3,4,0.552037,0.623008,0.945761
c7bf9c90-39ff-4e9e-a734-dd770ea0e410,clean,s4,3,0.765536,0.865489,0.879920
c7c269aa-81b0-4c0d-94e3-a215b019ac34,clean,s4,0,0.591728,0.735336,0.774365
c7c3ed66-65d8-4b4f-a0a7-c1df8346a972,gaussian_blur,s5,3,0.395732,0.552388,0.599837
c7d68ea8-9302-41c2-b145-e7f28689cff4,fog,s5,5,0.482453,0.645048,0.667328
c7d937d5-8f41-4a13-9340-29e850fb659f,shot_noise,s5,1,0.605788,0.749618,0.774026
c7dfb24c-cfc5-4d06-8d21-b4c83e2da57d,clean,s5,0,0.521517,0.685224,0.686469
c7f0117c-9997-40c7-bfc1-24ca42e5e3eb,gaussian_blur,s3,3,0.727030,0.822043,0.953765
c7f373a4-cfc6-47fa-b4f1-9de538e0a697,gaussian_blur,s4,3,0.406416,0.503393,0.728069
c7f3957a-1772-44ef-9f33-c4502b3ea218,gaussian_blur,s4,0,0.652044,0.776578,0.846668
c7f6d41f-f6f9-4596-96e6-1b4372f9abb7,fog,s3,4,0.553181,0.658303,0.870405
c7fb924a-00d0-4ccf-9e21-81d1f9ff0559,gaussian_blur,s4,2,0.624756,0.728832,0.917343
c80e5cdc-dcaa-452d-ac3d-17378886e1b5,clean,s4,3,0.539749,0.679546,0.768307
c8235784-b6ab-4e00-9371-314b47752def,gaussian_blur,s5,1,0.762772,0.860805,0.898603
c8276951-3bfe-4f45-8f0d-4cabc71d83ef,shot_noise,s3,4,0.472286,0.537653,0.866325
c8301f7b-9036-402e-abb0-a2bf6928d484,clean,s2,1,0.459208,0.478737,0.918416
c83b841c-13cf-4fa9-bbbc-ee886a70c001,clean,s5,3,0.589470,0.730960,0.781707
c84d3770-6e8e-4c6c-b35d-1020d215d0b4,shot_noise,s3,4,0.598868,0.706582,0.894069
c84f3faa-9e31-4cd7-9179-934b23f78f8a,clean,s4,3,0.735068,0.838873,0.899653
c8655128-b9f2-48bb-b122-abd4e82865ce,gaussian_blur,s4,4,0.636573,0.761385,0.847291
c8689815-2c69-46bb-b2b1-4dad4043b08b,clean,s3,5,0.562949,0.665138,0.885301
c87abaae-6190-4211-befd-16a83795303f,gaussian_blur,s5,3,0.472831,0.640849,0.645472
c8827cca-34b7-4415-8efe-eacace9d635e,gaussian_blur,s4,1,0.606471,0.735756,0.827994
c88adbd0-7c9b-43d3-9eac-5fb457e19be1,shot_noise,s5,1,0.375078,0.475186,0.679587
c88b4c98-f2f4-4da0-887b-5305b7961d62,clean,s4,5,0.803187,0.883812,0.951452
c89ff2c9-2087-4cbb-a18b-1fa5c52f1e30,shot_noise,s5,4,0.548475,0.707833,0.710372
c8a04084-efcb-4a03-ba27-3320242bbc4e,fog,s4,5,0.478573,0.635071,0.680976
c8aefd3e-7034-4e5a-83cf-844b919899a4,gaussian_blur,s5,0,0.190645,0.304173,0.343328
c8cdf8b8-21df-48b3-aec1-87dbff4c34ef,shot_noise,s2,4,0.493980,0.496972,0.987960
c8d8b660-5dfe-43e8-8d14-19aded769721,gaussian_blur,s4,4,0.476086,0.637943,0.664736
c8db0fb3-5141-41ba-b0bd-91ffa9dcfa9e,fog,s5,5,0.434840,0.579110,0.670281
c907465c-be5b-4c58-8d0f-c399285ce61b,fog,s5,4,0.371123,0.539237,0.545909
c907558f-9be4-47b6-8f88-2f13d614bc2c,shot_noise,s4,0,0.772360,0.863560,0.930204
c909c735-928b-4deb-96a6-578b04fe8e1b,clean,s5,3,0.471248,0.636377,0.652253
c9140ea7-da65-40b7-a965-0e48a346041f,gaussian_blur,s5,2,0.448127,0.614348,0.630721
c926190b-c536-41b2-b9ce-a0461a8f1a89,clean,s5,0,0.476057,0.644466,0.646649
c9280eb7-726e-49ff-a93e-7ff0e4972b28,gaussian_blur,s4,2,0.223955,0.365247,0.367067
c9404051-6580-4c3c-81ef-891999c0e4b2,shot_noise,s4,4,0.523159,0.667957,0.744107
c953d9a7-303c-49aa-8c90-fa8dd6045f99,gaussian_blur,s4,4,0.599182,0.736425,0.798437
c95c9762-96f4-4095-897e-564c8d3fb3a4,clean,s5,0,0.525755,0.687071,0.695893
c967c906-55a4-4e49-afde-fa8808cfb282,clean,s4,3,0.505751,0.640536,0.758619
c975a4f9-1e29-49dd-a9cb-9bafba1547d2,shot_noise,s3,3,0.528507,0.602138,0.916224
c97b4f15-4e05-4aa5-8cae-2aed2423dc48,fog,s5,2,0.491617,0.650404,0.684256
c9801c05-123b-4a87-80ce-aebbb2d78aaa,fog,s5,4,0.575728,0.720273,0.768184
c9851c60-f96c-4329-95e1-b88f146ea39e,clean,s3,1,0.496665,0.626553,0.763153
c98f5dc6-50d4-45f9-8dbd-7cae6bb28248,gaussian_blur,s4,2,0.831655,0.906336,0.926837
c99112f8-c820-4625-bf28-507263eb269c,fog,s5,1,0.494480,0.661532,0.662363
c9939923-85c4-48cb-bda8-871bdce889d3,fog,s4,2,0.577993,0.715463,0.792680
c9973b21-178c-4c43-9fc8-0319a6b876f6,fog,s3,3,0.639077,0.742308,0.925298
c99871e7-7551-4e81-ab95-ba3412830e32,shot_noise,s4,0,0.767021,0.860947,0.919958
c9a2ca93-2564-4c0f-a454-d85086c740d0,gaussian_blur,s4,1,0.647479,0.755167,0.912058
c9a8a114-cd5e-4391-9b44-500ec2737c36,shot_noise,s3,1,0.453368,0.477774,0.903675
c9b11ae9-13fa-4c99-85da-87e567a88b0a,gaussian_blur,s4,5,0.521705,0.606867,0.886171
c9b2ce47-9767-4581-a4b3-9d70ccf94ec7,shot_noise,s2,5,0.429812,0.472525,0.845187
c9b578bf-4434-4206-9af3-0c0f4938e989,clean,s4,0,0.414058,0.585531,0.585872
c9b8f48d-226c-407f-9259-48270fadeb78,clean,s3,1,0.667007,0.765642,0.947894
c9c55e9c-1789-44dc-a996-26a4d54f70de,shot_noise,s4,1,0.803702,0.887138,0.926886
c9c9b7cc-0105-4bef-9bc2-9720b3d5b5b2,clean,s3,3,0.627385,0.721288,0.949522
c9dd7a93-4f9a-4163-b546-3ed21aa9e27d,shot_noise,s4,0,0.501097,0.640686,0.742660
c9f2aad0-2759-4b63-bcd5-1f97a67adcd5,fog,s3,3,0.645686,0.752287,0.915556
ca01aaa9-abf3-4361-83b3-86e2369646b0,fog,s5,5,0.764445,0.865440,0.874372
ca0b01e8-79c7-45e4-a0cd-ee22d8dfad18,gaussian_blur,s4,3,0.286065,0.444810,0.444973
ca125c39-d56c-4227-be9b-edd17acffabf,fog,s5,1,0.648650,0.786716,0.787685
ca1502a5-5d2a-4b41-b69c-35acaedde13b,gaussian_blur,s4,5,0.522440,0.633337,0.830818
ca15cce6-e62c-429a-bab1-0d987618d0b4,fog,s4,1,0.489741,0.635545,0.717685
ca174333-62e8-43ff-8949-b752f3e3e206,fog,s4,4,0.222814,0.359072,0.372784
ca1b790d-11ba-4c71-ad12-4eb44e795b3a,fog,s4,1,0.747747,0.843078,0.935910
ca20ec6a-b973-4c87-bffb-38c3b37511e2,clean,s4,1,0.770126,0.867874,0.887264
ca26c6ee-c5ab-4a59-9bbe-4fed9c8e69c8,clean,s4,4,0.351029,0.412476,0.702059
ca2f4354-cd81-4768-996f-a56323ed366d,clean,s4,3,0.268964,0.421051,0.428850
ca31ac4f-5792-4d28-a678-c0ffc3e76ee6,fog,s4,4,0.701902,0.821862,0.841584
ca3d5827-7237-4a23-8d9f-30370328432e,fog,s5,5,0.510836,0.675225,0.679323
ca42216b-5f62-4fde-91a7-788063079d04,shot_noise,s4,2,0.722585,0.828257,0.901240
ca4cdb5d-4da0-4c66-841d-cdab6135483e,shot_noise,s4,3,0.718872,0.817884,0.938374
ca4d6b07-60ff-4cbf-aca1-1a1f82c62834,shot_noise,s5,3,0.466050,0.612940,0.694827
ca50d13d-39ca-4814-81d8-62971a414531,gaussian_blur,s4,2,0.415573,0.566320,0.635163
ca54066b-de63-4df7-8cb4-533d50c9f32a,clean,s4,5,0.781570,0.871006,0.926925
ca5cd4f0-c1f9-4d36-9bb2-605683ef1a25,gaussian_blur,s5,5,0.795169,0.884876,0.894784
ca82024a-0a29-42b5-ac0c-c8d3d9bafb69,shot_noise,s5,5,0.477108,0.621439,0.710889
ca822829-a2a3-49f1-99a4-c4331ece9e2c,gaussian_blur,s5,1,0.520248,0.675636,0.711520
ca8561d5-de1b-4845-b440-5678ec39827e,shot_noise,s4,0,0.348156,0.412112,0.694043
ca8f737a-1058-4b59-a7f4-9f0787d25deb,shot_noise,s3,3,0.720647,0.816010,0.955245
ca975c89-3e57-490b-a3dd-b4e029cd7019,fog,s5,4,0.747817,0.854985,0.860751
caa91c3f-0fc4-420b-9bd8-8d6b67bd509a,fog,s5,2,0.380152,0.544367,0.565189
caabf553-11da-40cd-9deb-298d9528c1db,shot_noise,s4,0,0.338177,0.504123,0.508063
cab23d80-d4b3-4093-a247-45bcf39f0c16,shot_noise,s5,1,0.635532,0.775886,0.782821
caba35ba-ddfe-4f7f-9682-4234aea7dd55,clean,s4,4,0.562593,0.670712,0.869988
cabd9120-e7c8-4ba0-82b7-56ebc81479a9,shot_noise,s5,2,0.244805,0.373793,0.424510
cabee88e-ba6f-4020-baf3-0f789dedcddf,shot_noise,s5,1,0.402231,0.570412,0.581360
cad583d0-b257-40c4-9f42-372e959f55de,clean,s3,0,0.725315,0.816245,0.974370
cad699b2-eccd-43fd-8d23-9b3fcfdfbd24,clean,s5,5,0.583602,0.737040,0.737117
caec9932-b7bb-4c1f-8744-9a9fb00d5cea,shot_noise,s4,4,0.766179,0.863296,0.899179
caf501d9-4af3-4bb8-9740-6d7d2b595cbc,clean,s5,3,0.717223,0.834952,0.837616
cb098206-a7e3-47df-a8e7-f206c38b61ae,fog,s3,0,0.670825,0.773663,0.932544
cb09c7d4-bb17-4a6e-a6f5-25d2b2b6b25b,clean,s2,0,0.489222,0.494552,0.978444
cb09d167-ef0d-4c41-9e24-4ea3895a3b6d,clean,s4,1,0.632457,0.761138,0.832268
cb0c7d5b-0bd0-4022-a087-076e5b322d80,fog,s5,0,0.589788,0.732942,0.775778
cb240a0e-e95f-4d80-986b-bbf677b12650,shot_noise,s4,3,0.432708,0.489664,0.828165
cb3e419a-ff98-4002-9b48-240bb5f6de25,clean,s4,1,0.502310,0.612924,0.812857
cb44446b-f483-4310-91e9-49394807908a,clean,s5,3,0.546702,0.706676,0.707776
cb58866e-0766-47f8-b0f1-6b59774df60d,gaussian_blur,s3,0,0.546698,0.672309,0.812553
cb5abe68-dd79-46ac-af36-967e4a853a3f,shot_noise,s5,1,0.829387,0.906593,0.908293
cb5adab1-5098-4f96-af59-8d93f2c03666,clean,s5,3,0.590770,0.742577,0.743405
cb5f7830-f1c1-42d1-8ada-441a2c2b4776,fog,s4,0,0.762423,0.856508,0.925765
cb62add6-dee9-4d90-9c85-9ccf861e555f,fog,s5,5,0.755590,0.860480,0.862944
cb7dcd81-cc6d-41e9-90a9-6fdc3fb48c7a,fog,s4,4,0.416498,0.557311,0.657544
cb9ee634-c930-46aa-99e0-51b5f91a091c,clean,s4,3,0.655648,0.780158,0.845941
cb9fad09-ecf7-4cf2-9251-c601c595e5bd,fog,s4,0,0.465572,0.630015,0.649752
cba2117a-978b-441e-9a24-3eedca1ac436,gaussian_blur,s4,0,0.410079,0.581565,0.581819
cba5a3a5-31cd-4873-9f45-07775f6562fd,clean,s4,3,0.715993,0.818055,0.924848
cba89b96-dcd8-4ddf-9a19-e3e4368a6024,clean,s5,1,0.532086,0.690817,0.706795
cbb0f889-831e-4963-b8f6-3e675098ccd0,gaussian_blur,s5,0,0.552919,0.711804,0.713143
cbb679df-614d-4f0b-be1d-d1e9f413197f,clean,s5,0,0.763455,0.864892,0.873045
cbbfc787-a70e-4246-8ce8-167830b411f9,clean,s4,3,0.803187,0.883812,0.951452
cbc319c1-e520-49c8-8554-90fe79befbad,gaussian_blur,s5,2,0.527891,0.690969,0.691125
cbca1741-dc10-42a8-bb83-d6724e1b7773,fog,s5,3,0.472735,0.594380,0.759338
cbd6c2e6-f211-42b8-8c7b-9cf2f383e2ee,fog,s3,0,0.708549,0.803601,0.960856
cbdc510e-5c23-49db-ae9d-102c986aba76,fog,s5,0,0.717400,0.834357,0.842043
cbf1825b-78e3-4e4f-9ba0-04d9ce77f7ab,clean,s4,5,0.531428,0.663134,0.785744
cbf3899a-0492-464a-a52a-c2e3e7c6ce39,fog,s5,0,0.766879,0.867433,0.872795
cc0001c2-f964-4402-a721-4056c00ece3a,clean,s5,4,0.420242,0.588401,0.600021
cc087607-566a-4a53-b577-f1b59e8887f6,shot_noise,s3,1,0.531843,0.618504,0.893284
cc17dc36-6e37-4bc8-96d2-b5409caa98ea,gaussian_blur,s4,2,0.510093,0.621439,0.818591
cc218cd5-dbb9-4449-8a8c-8981a4add416,clean,s4,4,0.689577,0.796531,0.913291
cc2db9c6-b3c0-4599-838a-579b7b357fc0,shot_noise,s5,5,0.572120,0.692898,0.841587
cc4aa059-f2bc-4515-9f34-dbdda2a34653,shot_noise,s5,0,0.421385,0.592439,0.594107
cc4d6b8a-325c-45f3-8ca4-633e4a000462,shot_noise,s5,0,0.533110,0.689623,0.714277
cc55d54b-544d-4cf0-9843-8b296841b638,shot_noise,s5,0,0.299526,0.442749,0.493691
cc56c42b-0335-4a55-9bbc-7df1457ede20,shot_noise,s5,4,0.593760,0.745042,0.745357
cc69d587-2e09-49cf-8838-9fade7f3b987,fog,s5,3,0.604920,0.753767,0.754096
cc6bd393-0033-439c-9014-4bf4c4d8541c,shot_noise,s4,5,0.568641,0.703011,0.799088
cc7ec3d9-8bb9-40dd-8a95-3f3ed2c5e187,shot_noise,s4,3,0.298849,0.442412,0.492030
cc8bfd28-2911-40d5-a0f4-c7f7aded55d8,shot_noise,s5,1,0.712580,0.830868,0.839877
cc94d9e4-fd45-4219-8d85-ed21582f42c8,fog,s4,1,0.500809,0.654535,0.704581
cc96e8dc-d599-4adb-a399-20f4bc3110aa,clean,s5,1,0.505175,0.671197,0.671413
cca0bd4e-c240-4bd5-bafe-d27fce8fe97f,fog,s3,5,0.659542,0.754727,0.958425
ccac9659-b686-4837-8013-e4c47757fed3,clean,s5,0,0.619367,0.764924,0.765057
ccb6d890-f259-43ca-af18-bef011aefa8f,gaussian_blur,s5,3,0.591751,0.740009,0.757036
ccbe369f-22b7-4ca1-8f19-392888cd73af,clean,s3,2,0.524533,0.656105,0.781227
ccbf02c4-f23a-4532-a868-8cdd69bbec3c,fog,s4,0,0.574324,0.686763,0.866412
ccc075fd-8426-4aab-9611-2b41e913056d,clean,s4,0,0.386180,0.554049,0.564219
ccdefb2c-ef58-4998-8a5e-08c09cf8636d,gaussian_blur,s4,1,0.340688,0.488811,0.546213
cce1a761-a6d5-4024-9d54-2b43e1e9a36b,shot_noise,s5,1,0.315548,0.468207,0.501371
cce56dc9-5f7f-4522-b34a-1825a13e0aa6,shot_noise,s5,0,0.647452,0.782917,0.800224
cce64a23-3e00-435f-858e-db58850c76da,shot_noise,s4,4,0.497244,0.653182,0.696018
cce84f1c-69d4-4291-bbb7-4dfed596fe3f,gaussian_blur,s5,1,0.440898,0.603828,0.632544
cd08d528-5927-46ac-ad65-676d6e90cca8,shot_noise,s5,1,0.770586,0.866328,0.901120
cd2378fe-1286-4cb7-b36a-27d287d88290,clean,s3,4,0.509410,0.567581,0.923345
cd26e71a-057c-486a-8abd-d256087d7967,clean,s4,1,0.322217,0.487297,0.487567
cd2e6881-ad29-4d7b-9cf3-9facbaddafad,shot_noise,s5,5,0.652793,0.789102,0.793836
cd38f99c-fa45-4cb9-869b-67aee6df2356,shot_noise,s4,5,0.569531,0.711903,0.773741
cd3af6f1-bdc2-4a1e-8173-0955983f1103,gaussian_blur,s2,5,0.486257,0.493033,0.972515
cd40c988-5890-4f28-b4c4-45ad7dd90ed5,clean,s4,0,0.460620,0.572389,0.767125
cd753f31-b42e-4d0a-ad4e-179925f15068,gaussian_blur,s5,0,0.756948,0.861488,0.862916
cd79a0c6-7b31-43ed-9d71-0a00e031f4ca,fog,s4,1,0.726074,0.831050,0.901976
cd7d6cb2-1eff-4596-8dc9-4ea20ef156bb,clean,s2,4,0.468085,0.483517,0.936171
cd892c38-4126-4b72-a355-582e4cf9d237,clean,s4,1,0.742971,0.850249,0.867792
cd89e081-791e-4784-a281-a1216440cda7,gaussian_blur,s5,0,0.525755,0.687071,0.695893
cdbd2f3c-9f2c-4e2c-9de0-5306358f6e6e,fog,s3,4,0.316357,0.437054,0.558107
cdd329ff-582c-47ac-a51f-8c79a3dac0cf,clean,s4,4,0.752510,0.855901,0.878757
cddd5f28-856f-482e-a389-17504379ec82,shot_noise,s3,3,0.529882,0.624424,0.874525
cde6d103-6d7c-4ead-8464-5bb19e7f3681,shot_noise,s5,1,0.663969,0.797946,0.798590
cdf8b005-494d-4479-9be9-e231ec1e8330,fog,s3,1,0.527504,0.597347,0.922456
cdfe3dd3-b216-435b-ae9a-4ea1ab9c16a5,shot_noise,s4,3,0.519423,0.632584,0.822865
ce05bec3-9101-4aed-b584-60904f7d08d7,shot_noise,s5,5,0.668526,0.800093,0.807563
ce0af1b0-3633-4274-9ebc-f52d7840bcdb,fog,s5,5,0.693978,0.818630,0.823300
ce0e4bd5-fc66-4932-b824-3036dc2a0278,clean,s4,5,0.741497,0.844438,0.897365
ce211802-0773-4ff6-b81e-b3b64f49c6b3,fog,s5,0,0.566510,0.723110,0.723878
ce22ff8c-bb4e-4031-b702-419f25b8ef41,fog,s5,5,0.711487,0.824752,0.869504
ce342948-3e5e-4655-9c5a-7c8db77a9f7e,fog,s5,3,0.642506,0.781554,0.785989
ce3d9583-46b6-4c82-8087-edd9731783aa,shot_noise,s3,1,0.690972,0.796338,0.919919
ce4bf5f1-8a68-4def-9817-fd69df6b04ca,gaussian_blur,s5,0,0.457069,0.627195,0.627883
ce5caf3a-d391-4de8-a026-f46effede21f,clean,s5,5,0.528420,0.691221,0.692229
ce753a2f-eaa1-4751-bcb6-058dab024fe3,fog,s3,0,0.603924,0.706190,0.912577
ce7729a2-9e53-4526-b5b5-981a425c3a4d,shot_noise,s4,4,0.568971,0.699028,0.812500
ce77f92a-a03a-4e7d-a6ba-fa7325225956,fog,s4,0,0.620068,0.757631,0.797885
ce802433-2139-47bc-b6a1-22f33c52c1ad,clean,s4,0,0.251656,0.398249,0.408547
ce81afbe-ddad-457f-9c4a-78bf999bb74a,gaussian_blur,s4,3,0.686473,0.810880,0.831083
ce85440e-dba9-4676-ba3b-406fe9ced383,clean,s4,4,0.699355,0.805505,0.913461
ce8574f6-1e8a-4864-b3a9-2042e08db3a2,fog,s5,2,0.415392,0.576785,0.611015
ce8a3ca3-90d4-4cdc-84fe-517932072cfc,gaussian_blur,s3,3,0.494065,0.591158,0.833104
ce9da91b-3cb8-4596-864a-66678de4e0c0,clean,s5,2,0.694388,0.819321,0.821357
ceaa9aaf-84c5-4cdc-be99-3e8e2c0c2f6f,gaussian_blur,s4,1,0.675585,0.799643,0.840048
ceb394b0-1d52-47a5-bb86-d389f2396dfd,clean,s4,2,0.709726,0.819622,0.888987
cec57704-a15d-4abb-a904-50357ac30c23,fog,s4,0,0.655210,0.767765,0.894733
cec6291a-22ba-4888-bf2e-6d454a73e83e,gaussian_blur,s5,5,0.823343,0.901855,0.915941
ced84084-decb-4d46-af7b-3c284b08d09e,clean,s5,3,0.611860,0.759159,0.759357
cee9a93c-2149-448b-b1b1-a8c3f9a788c1,gaussian_blur,s5,4,0.549729,0.709451,0.709455
ceedb451-4a36-4ad2-9621-4f9e435d1808,fog,s4,4,0.284740,0.428747,0.468679
cf030500-1046-4852-85b6-88a281b6f527,fog,s5,4,0.473296,0.642129,0.643536
cf042ce8-9f00-4f51-82da-792d6bb46d83,shot_noise,s4,0,0.728649,0.832595,0.905344
cf0c92bd-3d9b-472b-8e05-93fc992e275c,fog,s4,2,0.382370,0.536704,0.588835
cf0f4f30-8dbc-48f4-8469-1423c4135b3b,fog,s5,0,0.525856,0.689260,0.689261
cf346756-e533-4725-a36a-ccbf974dc284,gaussian_blur,s5,0,0.514279,0.678137,0.682665
cf367c8a-6b03-4f1b-bcd9-876b36bec457,clean,s5,1,0.775349,0.873461,0.873461
cf384eb4-9818-4fb6-9ad7-e5b1b1e8a3d3,shot_noise,s5,0,0.766879,0.867433,0.872795
cf386693-d393-404f-ab42-644c8e36b49d,clean,s4,2,0.464787,0.576090,0.772672
cf3e44d9-ad92-4dfd-91f1-0205a6dffe0b,fog,s5,1,0.324264,0.489313,0.490539
cf453c8c-6fb8-402e-97fd-ae79a1fbbf8d,fog,s4,2,0.463867,0.594012,0.731652
cf4c8276-129d-4fbe-a872-2c85a11c14d7,shot_noise,s5,3,0.754172,0.858311,0.870800
cf4f87bb-7a9c-4839-bc21-74343c27bc99,shot_noise,s4,4,0.495549,0.626235,0.760255
cf71da2b-71ed-4b45-9db6-f064421f466c,clean,s5,3,0.819302,0.900600,0.901451
cf802e6b-cfd4-4ecc-90e7-031ae5d23720,fog,s4,5,0.683972,0.792146,0.909450
cf80a38c-7646-43b0-9fc2-d95e359251ef,fog,s4,5,0.598006,0.746995,0.754155
cf89f5aa-19be-4697-8a8d-5a408febc91b,gaussian_blur,s4,1,0.495099,0.624006,0.764133
cf8ccefd-c393-4bcf-9a2f-a5348f9741d7,shot_noise,s5,2,0.540691,0.700599,0.706165
cf8fa077-195d-4239-8ab0-62b191987d3a,clean,s4,2,0.562669,0.653934,0.911446
cf9808b8-2731-40c1-88bf-874655b96680,clean,s5,5,0.544817,0.689177,0.757376
cfb1c760-808b-4931-aa36-f9b00f95a0d9,clean,s3,2,0.798177,0.878996,0.960213
cfc9ca25-00ba-44b7-8cf7-4a2baed99182,fog,s4,5,0.507506,0.639791,0.766349
cfceaae7-06c9-40d6-86f9-5e56930c47cb,fog,s4,3,0.477794,0.584531,0.796101
cfde6886-907f-4ee4-a1e8-d9cdb828b4a0,clean,s3,1,0.496859,0.537934,0.936416
cfe5db69-6bc5-4a31-a43f-5d31a9c739ea,clean,s3,3,0.536571,0.599763,0.944847
cfef0399-40de-4a3c-ab58-c20178ae1e73,fog,s5,1,0.398949,0.566610,0.578997
cff0e40b-4e9c-4785-bfa5-c520d948840c,clean,s3,4,0.510760,0.615911,0.833035
cff19e19-0e00-449f-acb9-3efe628b7e9f,shot_noise,s4,1,0.432162,0.589710,0.637143
cffb6f2b-15af-458e-b9ea-bb8321bddc04,gaussian_blur,s3,2,0.401440,0.541899,0.640561
d03561e9-2aa3-4830-a187-309fef4eca5c,fog,s3,5,0.563794,0.647149,0.930525
d043410c-aef1-46d7-a265-f5058abe9d08,fog,s5,2,0.720554,0.837462,0.838333
d04e4767-38b9-4a0a-93d2-186762d73ec7,gaussian_blur,s4,4,0.562933,0.692209,0.811797
d04ed43f-3e8b-4dd9-8cca-cad540096cb5,shot_noise,s2,3,0.481173,0.550621,0.870240
d0557043-59a5-4126-a91a-6c9dd2825ec0,fog,s4,0,0.860103,0.921624,0.965189
d06a433e-4531-4afe-8d19-63aa98c723de,fog,s4,4,0.697212,0.807200,0.896270
d0723e1a-590d-475d-96d0-f9f3c514457a,fog,s2,4,0.415600,0.453910,0.831200
d0762251-e264-4fa8-b430-f36ec1dd1343,shot_noise,s5,0,0.600235,0.742702,0.779262
d08d1731-99ec-41c6-8edb-193dbf74ab91,fog,s2,4,0.255338,0.358919,0.481497
d0910965-c596-4a84-88f5-20b0966bc870,gaussian_blur,s4,3,0.709666,0.812493,0.924511
d09e0070-0a59-41af-b69d-bbf53b596210,fog,s3,2,0.710948,0.804632,0.966315
d0a3ad85-c219-4341-924a-89cdbe283f87,shot_noise,s4,4,0.791368,0.876963,0.936944
d0b0b3f1-eed7-49e9-9ec3-7511f1aeac64,fog,s2,1,0.383583,0.437509,0.762427
d0b0decd-9c71-4e9f-85ed-50624df20ab4,clean,s4,4,0.250240,0.394584,0.409760
d0bb0d9a-648c-4d43-bcc8-d10016cd77ac,shot_noise,s3,3,0.502558,0.604609,0.831629
d0bd9b20-6cbd-4090-8402-7e1efb4d88cc,clean,s4,2,0.420248,0.574938,0.631452
d0c481db-362c-415f-a664-d1375067a8c1,fog,s4,4,0.455803,0.614409,0.656736
d0ccbe60-2fc3-4074-bb19-86f83a930191,fog,s4,2,0.439879,0.596718,0.646395
d0d1c3e1-2f5b-48ac-a58c-9927d09d4eee,shot_noise,s5,1,0.410371,0.578968,0.588976
d0de048e-873e-462c-b131-7e921b1df8f3,shot_noise,s5,4,0.737348,0.848565,0.850509
d0f04f96-106e-4f05-a6e3-c3c8badcfe2f,fog,s5,2,0.371936,0.426563,0.743872
d0f09b77-3705-4ef3-b379-96fd13fb650e,clean,s4,0,0.638939,0.743846,0.919663
d0f23328-e7d5-444b-8d9d-7d5d3d12ceb5,fog,s3,5,0.453811,0.582903,0.723571
d0ff06c3-ac02-4e4d-a846-ef01e16ffe54,fog,s4,3,0.448744,0.608387,0.647856
d1074805-1ea3-43d1-90a5-661bea146691,shot_noise,s4,5,0.705402,0.817946,0.878395
d113a1af-6cbc-47c0-8877-3eb95cffdb2f,fog,s5,1,0.707189,0.828239,0.829909
d11d55a0-c36b-44f4-baac-4695fa6765d6,clean,s4,1,0.668338,0.784665,0.878000
d12805b0-e7ad-4000-9797-793d04208b78,gaussian_blur,s5,0,0.766879,0.867433,0.872795
d131ae98-953a-4906-b6a0-b900e395e30c,fog,s3,3,0.634787,0.725834,0.961760
d14257b8-ffb3-4efd-a092-e372e6d0fd99,fog,s2,3,0.486257,0.493033,0.972515
d1453e86-498e-4a3d-8e37-32f2d4d84959,fog,s5,2,0.728033,0.840229,0.857547
d14ebb61-7216-4f25-8668-1dee8f5f00d7,shot_noise,s5,4,0.507397,0.673117,0.673493
d156c094-f75b-4adf-b8f8-057bfb6a076a,gaussian_blur,s3,1,0.402146,0.543218,0.640160
d1575714-7604-4f1c-8d9c-9fe643ca6e09,shot_noise,s4,3,0.553876,0.702174,0.748899
d165bbc3-7c36-4ee4-97ae-cd51faeca424,clean,s3,2,0.562643,0.658551,0.900427
d17559e4-9b22-4eb7-9eb1-3421d6f63b34,clean,s5,1,0.500166,0.640509,0.739989
d17fc267-465c-4e05-a17a-f31ee02078c2,gaussian_blur,s5,4,0.700099,0.823149,0.826136
d18c5b1e-3dcf-46e2-9507-390ef00b895c,clean,s5,0,0.628760,0.772032,0.772246
d18f3184-5736-4db4-9e1e-99ba7ae3bddc,shot_noise,s3,2,0.473790,0.564148,0.823765
d18fb65d-904b-491f-b42f-01b5bbd441e5,gaussian_blur,s4,5,0.661916,0.782056,0.863165
d19df6de-c7e6-45d7-9053-577a9fd53ec5,shot_noise,s5,4,0.520204,0.675965,0.710379
d1bdae11-7086-445c-ac7a-72ce2b1828ce,fog,s4,1,0.471735,0.588363,0.769075
d1c1212f-e1e6-4193-a6b1-25fa27a6ac88,fog,s4,2,0.517886,0.667116,0.728225
d1c5c867-5ecf-4cd1-a702-6fd0ba8e3b8a,gaussian_blur,s5,0,0.456416,0.621674,0.640224
d1c6b83c-547c-403a-b8d1-7517d8c68afb,clean,s4,5,0.496108,0.628991,0.755400
d1c82269-e5cf-4e1b-b7cb-297694221f2f,fog,s3,4,0.569280,0.669625,0.894747
d1cd4c07-1ebc-44b8-a44f-51b0427a5e47,shot_noise,s5,5,0.491781,0.649260,0.688005
d1d01a06-1834-4f80-b926-bc026c527b86,shot_noise,s4,4,0.687813,0.803987,0.871397
d1d13055-df1b-4982-9943-9d322bac9089,gaussian_blur,s2,4,0.493980,0.496972,0.987960
d1dc426b-8f1d-451c-83bf-80902f2ae26d,gaussian_blur,s5,3,0.734467,0.846764,0.847851
d1e29186-ba33-42bb-af73-55c577543fde,gaussian_blur,s4,3,0.582520,0.715346,0.809428
d1e3a2d2-b717-4ffb-92e3-03d2def94845,shot_noise,s4,1,0.562659,0.709945,0.755244
d204e9aa-4f0f-4a89-be38-6889c16b8814,shot_noise,s4,0,0.742215,0.847389,0.882485
d20ae796-77a9-4efb-8f10-4314ff2ba410,fog,s5,2,0.348077,0.511688,0.526064
d20c24b9-1b62-4484-a6ce-a8bbbd263b2f,clean,s2,1,0.659204,0.753534,0.961232
d20d9be7-7892-478c-aec5-f689d6b9c7f5,clean,s4,2,0.667702,0.772150,0.926245
d2120433-7b00-49d8-8ff2-0731bf4e4066,gaussian_blur,s3,2,0.603863,0.708441,0.905879
d218f976-0d3c-4281-837a-9f8d8410d1e3,fog,s4,2,0.640395,0.772436,0.817451
d21bdf58-d3c1-4315-8aeb-83afb7fb438c,fog,s4,1,0.515926,0.680010,0.682752
d231fc38-c1b3-4066-85da-981a4d664180,shot_noise,s5,2,0.531705,0.674637,0.754592
d234bc89-cef8-4480-97be-8548b013e94e,fog,s3,5,0.558799,0.660648,0.882901
d2373e6c-8746-4925-a37b-a70878389c06,clean,s4,5,0.486487,0.641907,0.689844
d2424893-d291-4321-a152-410eca9de84e,gaussian_blur,s5,1,0.271479,0.420894,0.437623
d262d165-4fa0-430e-b008-76edb98e62cf,shot_noise,s3,3,0.709967,0.802801,0.970275
d2661531-5dbe-4b52-8bf9-b43ffe68fe1f,clean,s4,2,0.448709,0.595091,0.679647
d26ba616-82c7-4131-8849-f8f36ce79911,clean,s4,5,0.602818,0.744131,0.783725
d27da108-172a-4edd-a9e2-76a2312e36c4,shot_noise,s3,1,0.567366,0.648912,0.937770
d2914469-8648-416c-b18c-1e2637c38490,gaussian_blur,s4,3,0.811456,0.890367,0.946526
d292b0ca-a2bf-430a-ae69-12656939f18c,shot_noise,s3,2,0.725315,0.816245,0.974370
d29d4366-3a1c-42e0-a3ed-a93990105e7a,gaussian_blur,s4,3,0.414991,0.571132,0.622544
d2a7a9ea-09f7-4340-a534-123d50a35c58,gaussian_blur,s5,1,0.433584,0.603343,0.608808
d2b0ac29-6377-4c0e-acac-c21289b59b8b,fog,s4,1,0.672477,0.794185,0.852679
d2b0eb71-ff10-480e-aaf9-4441e2fc0dcd,fog,s5,3,0.242767,0.330112,0.481115
d2b765fa-6ada-4758-96b9-62d0396a3839,gaussian_blur,s5,2,0.458941,0.612330,0.672512
d2c4d43b-1c92-4966-9e48-7bb89ae990dd,clean,s5,4,0.499340,0.666062,0.666133
d2c564c8-d6e0-4859-9799-26396f4d3d80,shot_noise,s5,4,0.508115,0.641459,0.764156
d2cc8e88-238a-485d-91f9-7e61d4bf82d8,shot_noise,s4,4,0.755898,0.858332,0.879685
d2d8688e-5f88-4d66-9ff9-603d5a578b84,clean,s5,1,0.650631,0.788337,0.788366
d2e2535e-c3c1-4a47-95a7-bb1a2d44cf7a,gaussian_blur,s4,5,0.670717,0.778015,0.915052
d2e27595-addd-4003-aebc-3a6342d894c7,fog,s5,5,0.651777,0.788599,0.791947
d2ed9a30-389b-4c37-88af-00ebb914d5f8,fog,s3,4,0.480620,0.545406,0.877570
d2f3b7ec-c628-4b66-bf41-806e02a5f498,gaussian_blur,s5,4,0.565842,0.699961,0.798624
d2f594b6-cf10-40ac-8131-5cc34dee934f,fog,s5,1,0.450209,0.620499,0.621915
d2fc8b08-f5f1-4768-bdcf-d8a1e50df279,shot_noise,s5,1,0.514883,0.676863,0.688751
d30024c2-36a9-4823-a28b-ff4135036c84,shot_noise,s4,5,0.616157,0.735608,0.864198
d3014718-8b7f-474c-a12f-eb9fc92aceb1,gaussian_blur,s1,4,0.495107,0.497541,0.990214
d306b1c9-27f5-4901-8546-4a6719ad1ef5,gaussian_blur,s4,1,0.763937,0.861759,0.898096
d30be83c-76c1-4ca6-b4fe-0a05a0ce9590,shot_noise,s4,4,0.623419,0.750437,0.838536
d32be93c-67d7-433a-b5be-ebff55d15130,clean,s5,0,0.418538,0.584662,0.603184
d330c0a3-6156-45eb-9e42-22013c8f733a,fog,s4,5,0.225362,0.363377,0.374821
d338a857-39e4-4da5-98aa-f04b7da85040,clean,s4,2,0.730177,0.834792,0.900084
d34191b2-1378-45e8-a40a-903b5eb96734,fog,s5,4,0.512068,0.655333,0.741067
d342f8b3-8659-49b6-8f32-d9e630680600,gaussian_blur,s5,4,0.638792,0.779408,0.780411
d3493a37-e04b-43b9-866f-f1e940fabd91,gaussian_blur,s5,3,0.546376,0.699255,0.731253
d356f9f0-2286-4ba7-b477-656e76cf90bd,clean,s2,5,0.411855,0.489614,0.767226
d35f20e5-a999-4f7c-b1e5-2d689154547a,gaussian_blur,s4,5,0.743390,0.840778,0.928373
d35f2490-1061-4479-8a97-f5c7696f8ea4,clean,s4,5,0.524604,0.637190,0.828736
d36f4da0-572f-4ff1-9ec8-97030c262d48,shot_noise,s4,5,0.802583,0.885772,0.931707
d3754ee3-8ff4-4b4b-95ff-1d3b3f146827,clean,s5,4,0.574088,0.728797,0.731730
d37f2285-ffa3-4750-8b68-39808d058fa4,clean,s4,2,0.680277,0.791577,0.896770
d38064c6-9ad7-4ecf-bc26-a89d34032e41,clean,s4,4,0.610789,0.736319,0.842012
d3825481-dfd4-40eb-ac0f-edcf86cadb75,fog,s4,4,0.772207,0.866950,0.905387
d383faec-26df-4028-8342-ffe3d6498320,shot_noise,s5,2,0.404692,0.575610,0.577592
d38f43f2-b37b-4872-b393-c5e301155166,gaussian_blur,s4,2,0.357927,0.486178,0.606940
d3978984-07e1-4ecd-857b-874e2c1ebc45,gaussian_blur,s2,0,0.492961,0.496455,0.985921
d397e209-02b8-44df-9c87-a9fc7247385a,fog,s4,0,0.774427,0.867226,0.915425
d3a34fef-adda-4e60-aba8-efba9e2cf343,fog,s4,0,0.530744,0.642108,0.836891
d3a8bca2-91bb-4613-8ed2-1b12c6977e5d,shot_noise,s5,3,0.661280,0.794345,0.804689
d3ae00d6-dc4d-45a2-84e0-a60373e61898,clean,s5,1,0.472129,0.636574,0.654768
d3b04611-7e20-4533-a505-fc846ce98719,gaussian_blur,s5,0,0.458615,0.518838,0.857445
d3ba78b1-cd9e-4e8d-8895-355b80d626fb,shot_noise,s4,4,0.782565,0.871099,0.931725
d3c14935-88d2-40ae-bd20-5036b78f2093,shot_noise,s5,4,0.492016,0.657116,0.666578
d3c5b6a8-866d-4678-b1b7-da5fe16231fa,gaussian_blur,s4,2,0.453737,0.551616,0.786192
d3d11d05-6622-4834-ae3c-c8121e547e02,shot_noise,s4,4,0.438462,0.608764,0.611829
d3d415f7-6145-40a6-801f-1b39c4de9459,clean,s4,3,0.727830,0.838546,0.866838
d3dbdbcd-9316-4ff8-98fc-5d2f66cd7c0c,fog,s4,4,0.661029,0.776676,0.882132
d3dfb655-4c16-4612-a7fb-9ba58a844150,shot_noise,s4,2,0.753173,0.849887,0.921329
d402a7a0-25e1-4ff1-8935-dad242cdebb8,fog,s4,3,0.489864,0.644012,0.695755
d4061bc7-b3d0-439d-adc0-43fee8820ff3,clean,s3,3,0.471634,0.573937,0.798291
d4086408-7b9f-4978-9416-87c6e8b4730e,fog,s3,4,0.270013,0.377821,0.501385
d40e44de-1f5d-4c2f-aa5c-6ec0b0b22e5c,fog,s5,5,0.562365,0.714149,0.739973
d41303d7-77a9-470b-9905-97aba1a80c07,gaussian_blur,s5,5,0.369261,0.534682,0.549408
d4144c0e-56b8-4602-b67f-45adf50f6d64,fog,s4,0,0.690890,0.802349,0.892283
d4171a60-f560-4ead-9d5f-d88fea6450e4,gaussian_blur,s4,4,0.707534,0.815384,0.900958
d41aa654-1a0c-4d49-83a6-5aececa2de08,gaussian_blur,s5,2,0.518649,0.673945,0.710933
d41ad002-9015-46f8-ae66-50dce8f48f7d,shot_noise,s4,3,0.651654,0.767884,0.880462
d42aa5e7-b023-4f3a-94fc-f3df4710c630,fog,s5,0,0.429021,0.555939,0.700657
d42c4fc2-68ce-4016-9c74-aa446638cd48,clean,s3,5,0.675076,0.775756,0.941003
d43bb260-e5c1-48de-b5c8-9841232cfd3e,gaussian_blur,s4,3,0.390861,0.477981,0.723072
d4411bc1-9f58-4bb6-a5a5-5e82b48b0ec7,fog,s4,1,0.423868,0.572922,0.647950
d4416fa0-8956-4ec3-9447-499f2ddb3663,clean,s4,3,0.677371,0.792534,0.880558
d442a899-d049-41d0-89a0-941e27d8ecfb,gaussian_blur,s5,5,0.513895,0.672166,0.699461
d442f1e6-c089-479c-af12-e71a98ffab4c,fog,s4,4,0.572206,0.715612,0.771116
d4456f8a-d2ed-4ae8-b848-3b012acdef25,gaussian_blur,s4,2,0.514022,0.615215,0.844823
d45e8ea8-fb39-4c44-b398-e257054c3b90,shot_noise,s3,3,0.572574,0.657159,0.935413
d466848f-aa6f-42ec-b9d0-f618111aae51,fog,s5,0,0.257457,0.387971,0.444645
d476e859-8217-440a-86b1-2e5daa220e61,clean,s5,4,0.222105,0.355256,0.376235
d47982cd-01d6-40b0-a91c-9fa231a4e8d8,shot_noise,s5,3,0.526436,0.675829,0.732727
d498f3e0-dd64-46ee-8744-88f2513cd026,gaussian_blur,s5,2,0.449647,0.606508,0.655541
d4a5ba52-8d82-4ccb-af5b-0beb606b21e5,shot_noise,s4,3,0.715533,0.822492,0.900036
d4a6789d-55b1-445d-a909-46327f3091b7,shot_noise,s4,4,0.559765,0.687284,0.815198
d4aae749-7188-4cbb-a779-1f3013469f7a,fog,s5,3,0.648500,0.785284,0.793727
d4b033ed-ac83-4e0e-b4a4-76954f61b049,gaussian_blur,s4,2,0.612849,0.751008,0.795904
d4bb536a-2b23-4781-88d3-4777491a9c87,clean,s5,3,0.333628,0.474001,0.550391
d4c6461b-5be4-4b4a-ae38-2d01c6b1911e,shot_noise,s5,5,0.473081,0.639620,0.649742
d4d89c0c-50e8-4a3c-9f38-0ab43c50c0b9,fog,s5,5,0.213087,0.346554,0.358597
d4dd0c7a-7fb0-4b6d-9604-fe1d2f5a609c,clean,s3,2,0.643022,0.742406,0.939273
d4e69b3f-860d-4827-b998-033e18e7974f,shot_noise,s4,4,0.534841,0.621963,0.895249
d4e75089-c74e-4160-bb05-69fcdf3837ae,shot_noise,s5,1,0.693802,0.817584,0.828213
d4f4e7b4-58b5-4df9-9bc1-38f91cfeee00,gaussian_blur,s4,1,0.634983,0.758016,0.854147
d4f740f5-8c10-426a-a283-77530652776f,gaussian_blur,s5,1,0.843365,0.914827,0.917381
d4feeee0-2a0e-4e75-869d-4dfec992dc73,shot_noise,s4,3,0.749128,0.854916,0.867995
d4ff57e8-14dd-4e62-a44b-95f9dcd9ae66,fog,s4,1,0.729783,0.832023,0.913809
d510b20e-3998-4289-82ef-860d0466240c,clean,s4,0,0.684583,0.800793,0.872848
d5255f52-9322-4231-b177-049d39e53f51,gaussian_blur,s5,2,0.254530,0.405749,0.405824
d532b108-7a58-4adf-8e8a-283c49ab02ec,shot_noise,s4,2,0.394995,0.563660,0.572360
d53d3dbb-3efe-4294-953a-7781e0ada65e,shot_noise,s5,2,0.508401,0.660293,0.714715
d53eeebc-c4a1-4064-8791-9814cb367625,shot_noise,s2,1,0.470731,0.530786,0.873174
d5430d02-7442-4694-94e5-7bb314dfeadd,shot_noise,s3,5,0.500012,0.576638,0.879355
d556880a-1a12-4539-96ae-1168b831175e,gaussian_blur,s3,3,0.431528,0.546590,0.727067
d5595528-9e44-46e3-a3f9-dfc2078bf30c,clean,s4,4,0.609237,0.752059,0.777807
d55f4882-905e-4979-a945-8d05a0484a66,gaussian_blur,s4,4,0.638185,0.746265,0.908688
d566f654-5d82-435f-96ad-a4d2b87289e4,gaussian_blur,s5,0,0.403366,0.569771,0.586672
d57d95e1-85ab-4484-8703-6af2404d2ada,gaussian_blur,s4,4,0.826353,0.903179,0.922917
d5a24a04-9b15-4e01-96b4-e74c8ee0b173,shot_noise,s5,4,0.389374,0.559888,0.561899
d5a4e409-cf67-47eb-a635-40395157f108,clean,s4,2,0.614412,0.748220,0.812548
d5a58518-d191-4c9a-83a4-b351062ae38e,gaussian_blur,s4,1,0.465335,0.568131,0.790251
d5bd705e-e193-4e12-8a2c-efda0db8688d,gaussian_blur,s5,5,0.582690,0.735855,0.738123
d5d37d75-3370-4834-a92a-a1b14ba3fb92,clean,s5,4,0.575128,0.729844,0.731808
d5d683fc-1d62-4b9b-9fd4-5f5ae69b2b18,clean,s4,0,0.772158,0.869314,0.887643
d5db5bef-50a4-4121-9b69-74a6a5059990,gaussian_blur,s4,0,0.248006,0.391878,0.406597
d5ddc2a1-9900-4405-9037-6754e29f19a1,shot_noise,s4,5,0.358312,0.502041,0.578880
d5f56cc4-0a6d-417a-97c1-00c5fdaa2a02,gaussian_blur,s4,1,0.388267,0.557404,0.563762
d5f5bd2a-2443-411c-b3e7-2af166e7f36b,gaussian_blur,s1,3,0.429166,0.486227,0.823163
d5ffbe8f-65c6-4091-b04e-dd294e2a4f95,gaussian_blur,s5,0,0.463697,0.633541,0.633749
d602a573-e160-475d-8fb3-b04bb9577b6f,shot_noise,s3,0,0.472724,0.600223,0.746405
d62b06e0-6380-47e2-b3e6-4a40f5f92781,clean,s2,5,0.457811,0.477976,0.915622
d62c9e43-0787-4fa7-9adc-8635d2bc8942,clean,s5,2,0.624079,0.768530,0.768545
d6348378-e7d6-4e84-98bf-7dc1c12ec1ae,clean,s4,4,0.860103,0.921624,0.965189
d6454400-a0e4-4c33-bb64-29b446a51c45,gaussian_blur,s1,5,0.495107,0.497541,0.990214
d64545d6-86c3-40db-97d6-0850628c4720,shot_noise,s5,1,0.666451,0.799832,0.799910
d647c14a-da39-49b5-9dbc-e8303f7a355f,clean,s4,0,0.803196,0.884850,0.943039
d65c0c36-68bb-421d-a143-72e27171e55c,fog,s4,3,0.568368,0.700542,0.805760
d6628703-e04c-432e-ac86-adab4624acef,gaussian_blur,s4,2,0.605197,0.752659,0.759659
d66bdc13-2231-4c4e-b75b-200a5e6eb110,clean,s4,3,0.655210,0.767765,0.894733
d688265a-5ccd-4ab3-a682-ea65442034f0,clean,s5,4,0.422408,0.588174,0.607920
d6882feb-8df1-451a-9155-f6ccde51e49b,fog,s4,1,0.459197,0.616034,0.664149
d68f7e75-4c68-4913-9e89-7ce091a587d8,clean,s3,5,0.666650,0.767145,0.941035
d69a731a-9ba1-4e0e-a45f-6edb4164b986,clean,s5,0,0.464345,0.613801,0.687024
d69a8b9c-588e-4b44-9579-10f282ec96a3,fog,s5,5,0.656237,0.787408,0.816128
d69b0216-f977-4d5d-946d-60c3fc08fa5f,fog,s4,4,0.487871,0.626698,0.733750
d6a1c39e-bcdf-4eb1-b46a-fad8da6d0c6e,shot_noise,s4,5,0.401515,0.570341,0.579100
d6adacb0-0ca9-41e1-afdf-062c510e02b3,clean,s3,1,0.650170,0.744753,0.957451
d6b2e7b8-ce26-4845-b480-6d590361b962,shot_noise,s4,5,0.697290,0.805728,0.903611
d6b61769-2b01-4df7-9265-dbf9c227b2bc,fog,s3,0,0.641845,0.745363,0.925179
d6b758d3-b1e1-4c3f-809a-40022929cd4b,shot_noise,s5,4,0.785680,0.878853,0.889265
d6b87133-0757-4f8f-a46b-15e44f696b70,gaussian_blur,s5,3,0.598551,0.743076,0.771405
d6c0189b-6bf6-463b-827e-c9ba14c42aa6,gaussian_blur,s5,3,0.506274,0.672098,0.672591
d6c15cd2-d8db-4ec6-b022-48ca54317a1a,fog,s3,3,0.507200,0.570701,0.911413
d6c267d4-d9d2-48ea-8800-6984b00ddc5c,gaussian_blur,s5,1,0.666316,0.799614,0.800416
d6e735f4-bdce-4579-980c-76366fe06064,gaussian_blur,s4,2,0.410364,0.472292,0.789682
d6ea5a71-0717-4eed-a230-c77aeb178898,shot_noise,s3,5,0.646796,0.742624,0.952192
d6f83577-f3b2-4e3d-a29e-9c0c4ea720e5,gaussian_blur,s5,4,0.601509,0.744594,0.776955
d6fd1db2-f13c-4cb9-a878-9ba84e5cf023,gaussian_blur,s3,2,0.511547,0.593850,0.881216
d70b1905-0e9c-4456-8cf3-7ad9ed8000af,shot_noise,s4,1,0.779852,0.869616,0.927658
d7292206-b219-42f4-8f0d-c5a4b327a8d8,shot_noise,s3,5,0.370770,0.481014,0.656485
d72d118a-3a5d-4a7d-bfcb-de6e8fbfab0a,gaussian_blur,s4,1,0.692920,0.815206,0.837029
d735f595-0e3d-4bd3-8439-44ab20b3743e,fog,s4,5,0.628648,0.768892,0.785381
d738e5a7-6264-49e0-9611-f1d828c887dc,clean,s5,2,0.896736,0.945552,0.945648
d75016e2-eebb-4340-8421-f5dafac66235,clean,s4,0,0.765724,0.857330,0.937343
d756ccdc-5886-4e4c-8e23-7bd70e990182,fog,s4,5,0.704276,0.815364,0.886688
d7580f51-622d-439f-a368-67ebd440b055,shot_noise,s4,4,0.712086,0.823081,0.881312
d75d722c-ff18-4da1-83b7-2f8be57df02a,clean,s4,4,0.700183,0.808599,0.902325
d75e5437-c9ab-4b14-ad6b-25fe2ef056b6,clean,s5,2,0.525904,0.688324,0.692441
d7795cd8-b0d7-437d-aa4b-5752d4ead513,clean,s3,5,0.455947,0.584587,0.726795
d783a047-329c-443c-84f5-8cbddff054fa,clean,s4,1,0.546273,0.676427,0.799717
d7989bce-e38d-465f-b410-bba186876a47,gaussian_blur,s3,3,0.768903,0.854918,0.968872
d79a7519-2bd7-4cba-a52e-75616b3b004e,shot_noise,s4,2,0.781463,0.871706,0.921142
d7c13c10-d723-4d50-b1e6-ca475fb57c86,gaussian_blur,s4,5,0.646921,0.772228,0.844379
d7ca6295-7209-4ebc-8d0b-d719c978275d,gaussian_blur,s3,2,0.412186,0.536992,0.684757
d7d2c43b-d671-439e-a34e-b42bf2998968,gaussian_blur,s4,0,0.589128,0.718583,0.822701
d7d342dc-fc0e-4767-9b5f-b0e2e1e49a03,shot_noise,s3,3,0.526539,0.644171,0.818210
d7d9c0dd-ed1c-4ff9-b2ab-0c1c68145914,clean,s5,2,0.618242,0.762082,0.772533
d7e3963c-6f48-40b2-9ac1-8bf3b3116409,shot_noise,s4,3,0.425392,0.576231,0.645598
d7f05e64-97c3-45dc-afce-5174e0851957,clean,s4,3,0.771841,0.869232,0.886512
d7f7a48e-d684-43c0-b67c-7e3114663d45,clean,s4,5,0.535006,0.671844,0.773957
d7fdfe74-91eb-43dd-9a72-2c504f4a29f9,gaussian_blur,s4,1,0.464615,0.602447,0.714960
d8081d2c-a8e3-4ffb-9296-8b6fd3479379,fog,s5,4,0.397997,0.557754,0.595676
d8089f4e-40f9-4706-83fd-6e539cfd17ee,clean,s4,0,0.513164,0.655003,0.745696
d8146b9a-e8e5-49d0-8280-d94fb81d0ff9,clean,s4,0,0.342475,0.406510,0.684949
d8202290-e16b-440c-908d-11a50bcb6cff,gaussian_blur,s5,5,0.300492,0.452689,0.479355
d82ca9f9-af3c-4665-93f9-870a95fe981d,clean,s4,5,0.690412,0.806144,0.872117
d8390823-d63f-4f72-a712-df312607358b,clean,s3,0,0.512805,0.603892,0.864923
d845c9e5-421c-48fe-93f4-3fa396c1d1dc,shot_noise,s4,2,0.754167,0.853091,0.905916
d84b785a-3857-4147-96c1-63086072b526,shot_noise,s2,2,0.435030,0.465258,0.870060
d8515025-85e6-4151-830b-cf7183fb0e7a,shot_noise,s5,5,0.234113,0.375059,0.386353
d867d073-43cf-4abc-b291-234e9c5c8232,gaussian_blur,s3,3,0.534498,0.605416,0.927838
d86be41a-7964-4369-85c8-012ec7c8ca2e,fog,s4,4,0.351588,0.427595,0.682144
d8771d16-def5-4f24-8247-bd379b446d1c,shot_noise,s4,4,0.715962,0.821986,0.904620
d8797624-2b85-4ccd-b535-0a09b707bd19,gaussian_blur,s3,1,0.464931,0.481828,0.929861
d87a4167-80ed-4698-87b4-9df179038da2,clean,s3,5,0.528650,0.608625,0.903808
d87d1241-1ece-4176-98a0-60e2e9030f56,gaussian_blur,s5,4,0.435223,0.599231,0.624597
d892fb17-1970-4abf-b3d0-34284e8eed55,shot_noise,s5,4,0.410746,0.570999,0.608677
d8983291-6636-4e8c-919e-d5519bf8df6d,shot_noise,s5,5,0.488770,0.654316,0.663244
d89d6553-59e8-4ad7-b4c9-dde15f0d206d,shot_noise,s4,4,0.677861,0.790677,0.890789
d89d97a7-8348-4fec-bbbe-bc3c98768195,shot_noise,s4,5,0.504412,0.667235,0.680619
d8a333cd-be4d-4039-8b6c-dcae93497d61,gaussian_blur,s5,2,0.563531,0.720436,0.722304
d8a6a4e6-9f12-4789-b88b-f0422bb6ed7a,gaussian_blur,s4,4,0.469955,0.634517,0.652813
d8a6c620-0205-4149-9a17-4c618ad54f19,clean,s5,0,0.627119,0.770821,0.770889
d8a94ee6-4658-4e4f-9d35-c8403717f7ae,shot_noise,s5,1,0.529107,0.688119,0.704640
d8adb39d-938d-4317-bf17-0a58e2f45ead,fog,s2,1,0.476277,0.487850,0.952555
d8adcb1f-9d21-4703-84ea-39ba6f188543,fog,s3,5,0.273718,0.395641,0.486304
d8c96f6f-ddb5-45bb-b029-14828bcc3661,shot_noise,s4,2,0.686018,0.796181,0.900085
d8e4225d-9f50-4407-bef9-51dd46c8f888,shot_noise,s4,5,0.642578,0.775512,0.813093
d8e8aa1e-cf32-4b0a-8a52-121d0b4a2303,clean,s5,1,0.605101,0.752982,0.757984
d9062f30-17dc-445c-b95e-9a9b352a9195,fog,s4,0,0.511708,0.674499,0.684656
d9092872-e1f1-41b7-808b-c29f8fb95ea4,shot_noise,s4,0,0.270667,0.423067,0.431150
d920a995-8d6b-42ff-bb27-f36e6b2420e7,fog,s4,4,0.604211,0.740721,0.801723
d9228a6b-2bcd-4ae8-9779-d03797fc45f1,shot_noise,s5,3,0.681560,0.809906,0.814425
d928dd10-af00-4e3e-b758-f879ce391db1,gaussian_blur,s4,4,0.621841,0.737824,0.877483
d92abca9-c584-4cc2-a615-5c345f52d301,fog,s4,2,0.670276,0.793643,0.845964
d939dba9-85fc-4880-8198-9766a1e64d1c,clean,s5,0,0.608763,0.755901,0.760528
d93d8bcd-284a-4b45-8f2f-4e04fe06c20e,shot_noise,s5,5,0.532625,0.691142,0.707699
d93e9d0f-56ce-4a33-8408-7b818cbdf138,shot_noise,s5,1,0.575978,0.723720,0.757104
d9486ee0-2a2b-4849-936e-36b2f412464f,fog,s4,0,0.758594,0.852687,0.930885
d970f8cb-ca12-4530-8fdd-850f7f560f1d,gaussian_blur,s5,5,0.455216,0.616604,0.649184
d97a2513-095e-440e-8098-ea1c01bf1fc6,gaussian_blur,s5,3,0.509724,0.667246,0.699323
d981e04c-3280-49e6-9e45-28471a13be07,shot_noise,s3,1,0.563320,0.688753,0.823221
d9908d2d-6854-479d-b5fe-32f8ef2d5407,clean,s3,0,0.493820,0.571614,0.870160
d996c50f-ee9f-43db-8402-4466e69d6be0,shot_noise,s4,3,0.552939,0.704985,0.736300
d997500b-f9de-4630-891e-55f0b3e2fc82,fog,s4,1,0.799255,0.884651,0.921186
d9a080b1-105c-4c3e-a20b-837529b2ea9d,gaussian_blur,s3,5,0.405866,0.521697,0.693827
d9b37d76-1462-4223-9f3c-f9c130bc56e5,shot_noise,s5,3,0.571908,0.725368,0.736012
d9bc892f-203a-41e7-8eae-af81be921ef5,clean,s3,0,0.522398,0.638035,0.819580
d9d60fad-1c56-4156-83f7-2ac5f9367e8f,shot_noise,s5,0,0.536490,0.692695,0.716677
d9d9bf87-3f9f-4cae-af8d-b62e1e845b0a,fog,s5,2,0.396861,0.567902,0.568949
d9d9e99c-ae20-451d-8d18-eec7b3408663,clean,s4,5,0.677343,0.780556,0.931050
d9e573d3-3617-47c8-b3bc-1202f808ad7a,gaussian_blur,s5,3,0.557392,0.713441,0.724037
d9e8a314-2b0e-4890-93a2-f21d3351715d,clean,s5,4,0.807153,0.893234,0.893778
da21b480-7f23-4234-b4a7-5c71b6f34c33,fog,s2,0,0.441864,0.469138,0.883728
da229741-e354-48e0-9d27-46b14a48805c,shot_noise,s2,0,0.527111,0.612579,0.891045
da27735c-c609-4629-8e89-eb663469f650,clean,s4,4,0.600805,0.734789,0.810352
da3162e2-ae23-48b8-be79-ba59df3a159e,shot_noise,s3,1,0.565783,0.679237,0.858132
da3368d9-0c07-4007-8c2e-1c6790e60ada,fog,s2,3,0.409695,0.479274,0.777093
da3a16f9-faeb-4872-bc6f-9257db743677,clean,s4,0,0.753936,0.856431,0.882533
da517e71-41ab-4589-9892-7c6cc92ea56a,fog,s4,1,0.728930,0.832974,0.904528
da62ee9c-04c9-46f7-a210-80558cffffc3,clean,s5,4,0.522328,0.685283,0.689210
da660fdb-d5e5-4707-85a2-08fda8375975,fog,s4,3,0.426489,0.593537,0.608827
da67d70b-b412-4a5e-bc21-3c76c350013f,gaussian_blur,s3,3,0.491524,0.555478,0.892176
da6ed45f-37ea-4955-8304-24474b925cc6,gaussian_blur,s5,5,0.521099,0.684545,0.687115
da89fd16-f4fd-49a5-b818-5f614749d33d,shot_noise,s5,0,0.653791,0.790625,0.790810
da91d7b0-4920-4da5-be05-6eeccbcd78f2,gaussian_blur,s5,4,0.832066,0.908205,0.909765
da9b3b5a-47bb-4ff9-b697-c3e4a0118ad2,shot_noise,s4,1,0.311228,0.469994,0.483616
daa4ccd2-08af-47d1-8091-036245ae3ac6,fog,s3,1,0.346941,0.467519,0.604613
dabdb0bc-0f4a-4e2c-89ff-bdc40c843f3d,fog,s4,5,0.261200,0.402299,0.434133
dabe66a7-e887-48c5-b304-93fa0d2af6f9,clean,s5,4,0.819892,0.900140,0.909982
dad20b7e-eafa-4edb-a1a1-ea81a8393ad7,fog,s5,4,0.248499,0.334219,0.493989
dae6f7bb-7e2b-491e-a1f4-2dfd882b9df6,clean,s4,5,0.708428,0.826227,0.847205
daebb6d5-0e4c-4618-9558-14568a10d5aa,fog,s4,4,0.574506,0.712074,0.791189
daeefea9-7edb-4962-bce0-e021f05f5e12,gaussian_blur,s3,5,0.472875,0.486059,0.945749
daf7c87f-d54d-4101-b8d1-87a58d7ae8d6,fog,s4,4,0.623736,0.755884,0.819021
dafc926e-e84d-4e60-bb57-58fd8a45989a,shot_noise,s4,5,0.518233,0.681113,0.687589
dafd8afe-b3af-41c2-a993-fa08439d59d1,shot_noise,s4,2,0.489072,0.620277,0.753280
db039f28-8de8-464e-97ff-31c991cca314,shot_noise,s4,0,0.536178,0.647820,0.840743
db0f6e14-a5ec-4ce8-980f-e7c74f185bb6,gaussian_blur,s4,1,0.561060,0.707238,0.758375
db0f8787-c9e6-4ebc-8a31-7799f8149d44,gaussian_blur,s4,2,0.611982,0.750933,0.792848
db1280c3-38dd-4f76-8384-6bde82e24282,shot_noise,s4,0,0.725885,0.831662,0.897684
db1c53f3-ac30-48f5-8c60-a6cf72333e45,fog,s4,4,0.256926,0.399047,0.425072
db2cae2e-7768-4551-94b5-01caf4422e68,shot_noise,s5,5,0.534279,0.694298,0.703515
db3e177f-4796-4756-b979-01f148486221,shot_noise,s4,2,0.538703,0.691545,0.728277
db3e8e36-3495-41bf-b7b6-d004560bd392,fog,s4,3,0.392916,0.535879,0.625103
db44806b-6d5e-4e39-b3aa-b60c489f3a1d,shot_noise,s3,5,0.273681,0.385284,0.502080
db4fb3ab-dd98-42d1-9f8c-a2f6189f4fb1,clean,s4,3,0.687564,0.805229,0.864306
db5fb7f6-cfdc-49d5-a481-7272cac784e1,shot_noise,s4,3,0.763739,0.856484,0.932667
db647c4a-7c51-4d30-9a79-c1a598d56e11,fog,s5,5,0.741224,0.850091,0.859999
db689a4e-5424-416e-831f-73713687b1fa,clean,s5,1,0.603447,0.743818,0.787309
db7e0887-831a-4038-a36b-af36cf093b60,gaussian_blur,s4,5,0.434321,0.597095,0.626750
db841a64-c2d1-4e16-b5e1-6ccc872a2733,clean,s4,5,0.842626,0.911462,0.949957
db85fb5d-85e9-4349-ae6e-28321bf2aa04,gaussian_blur,s4,1,0.657215,0.767329,0.904160
db86a940-96bf-4ed1-ba2c-9097c683ae8b,shot_noise,s5,3,0.581432,0.722543,0.781387
dba09cf0-3e31-4549-a85d-85e9a2d41f94,shot_noise,s4,3,0.574428,0.707101,0.806843
dbb59056-8630-4dce-8ad9-91e34959bde5,fog,s4,5,0.395495,0.544344,0.616138
dbccc212-609b-44e9-8ca3-8ae092644bbb,gaussian_blur,s5,4,0.465037,0.624083,0.663481
dbd06f14-6491-4770-a53f-17ff51d2656a,clean,s3,5,0.510760,0.615911,0.833035
dbd1a815-1e28-4daa-a0fd-ab7b3755bf3c,gaussian_blur,s3,5,0.485522,0.580025,0.829032
dbd32916-a475-4cc4-bfac-03aa24b773ac,shot_noise,s5,0,0.679984,0.806505,0.825056
dbd67acd-a713-4b32-bf1e-34f10a560dfe,gaussian_blur,s4,5,0.680813,0.800909,0.856261
dbd9c662-3399-4988-b300-653a869829ad,fog,s5,1,0.393926,0.558412,0.580583
dbea2b33-fd51-4849-a3e0-1eea522c0d94,shot_noise,s5,2,0.672838,0.804232,0.805423
dbf4294f-e4c0-4d76-8ae2-2719e6381c48,shot_noise,s4,2,0.789694,0.874659,0.944970
dbff9f13-5ee7-4672-8614-b4c03f9b1b08,shot_noise,s3,5,0.616745,0.726770,0.895351
dc24d7ef-e085-4ede-bc06-c875668dbd11,fog,s4,4,0.557271,0.708781,0.739467
dc24da30-7eed-46ef-ace3-5f8f0a1406d7,clean,s4,2,0.795798,0.879520,0.942469
dc38a7ff-e65d-46c6-9821-82df28b8db13,shot_noise,s4,3,0.287424,0.441798,0.454954
dc45363a-39c8-4056-a8fe-18508d17d713,clean,s5,2,0.789992,0.882590,0.883413
dc563562-764b-4081-a2b9-a1039799ea09,clean,s3,4,0.474081,0.516066,0.905979
dc5d4a45-7436-474d-810a-a5aed9de2b94,clean,s5,5,0.420417,0.561439,0.661563
dc74c23e-6ce6-48b5-a811-c3ee70363cc6,shot_noise,s5,2,0.579504,0.718270,0.788832
dc814edc-8fdd-4ecf-ac22-db7391a28eba,fog,s5,3,0.241289,0.360083,0.433603
dc8d7806-f683-4c5d-ae90-e21bc19f44aa,shot_noise,s4,1,0.448846,0.548475,0.777093
dc8dd5ea-c618-4059-b6f1-1450ef04be54,gaussian_blur,s5,1,0.350310,0.432338,0.671275
dc90bfdc-63f6-49ba-ba49-e8d21a28cb21,gaussian_blur,s4,1,0.530245,0.689334,0.704883
dc94f10d-003d-40bb-8921-96e3e1cfd7dc,clean,s5,0,0.692121,0.817942,0.818656
dc995ee2-0ea2-415d-9b60-53cd283c6789,clean,s4,5,0.676916,0.784275,0.914229
dc9bd18a-a02f-4c6b-904a-22af8b970cf1,gaussian_blur,s4,5,0.405881,0.556876,0.623730
dca6557e-935f-4248-aeff-abf6f1cbbaf9,clean,s2,2,0.454015,0.475899,0.908030
dcade5f0-24f7-4ef3-a791-a4dafb319d67,clean,s3,4,0.646270,0.745572,0.940619
dcb223ee-1c83-431c-a319-964efc0b9594,shot_noise,s4,1,0.675718,0.787322,0.896571
dcbd77fc-b4b8-4f0d-86d0-aacd478aed23,fog,s5,4,0.458101,0.620938,0.647915
dcc07ca9-8bd8-4b36-b954-8a64fd771ee8,shot_noise,s4,1,0.661475,0.790188,0.825141
dccdd24e-2b34-41ee-ab61-8bc9c6005095,fog,s3,4,0.436803,0.560147,0.716863
dcd19cb0-f156-43db-a6bd-2e8132fe62ee,shot_noise,s3,0,0.731846,0.823573,0.967536
dcd66cc0-46f8-40f3-866e-ce885997bc16,shot_noise,s5,3,0.639946,0.780447,0.780450
dcf39a07-daaf-4818-9513-2186b15521fd,gaussian_blur,s5,2,0.822766,0.902556,0.904933
dcf537fd-fa19-437b-b013-b71a83fa6572,shot_noise,s5,4,0.583466,0.735787,0.741343
dcf66fe5-e636-4cf5-8d24-4bd8075467ba,clean,s5,4,0.526187,0.689545,0.689545
dd05e8dd-3bc1-42ec-b2a1-ee95ccaa6cb9,clean,s5,0,0.563345,0.698393,0.794626
dd0802ad-67b6-48fe-9af4-e86da1aa95b5,gaussian_blur,s5,5,0.313210,0.473364,0.483946
dd0b97dd-8e8e-4023-aff5-f3aa96469d24,fog,s5,5,0.433996,0.591144,0.639909
dd177251-e537-41f6-9993-6df434e7be21,clean,s4,2,0.714449,0.821710,0.899261
dd19d6e9-97b8-4af6-a09d-270ec09066cb,clean,s5,0,0.387545,0.450963,0.754661
dd1bca8f-cc81-42e2-9006-d98ec0eb740f,gaussian_blur,s5,4,0.527302,0.686935,0.701893
dd21597f-f84c-45a5-b73b-1dfd7768ee28,shot_noise,s5,4,0.769294,0.869546,0.870064
dd3fa482-b307-4e51-bda3-743e09ca5c26,shot_noise,s3,2,0.517629,0.635767,0.809514
dd43ada1-3462-4bc9-b12f-fcfe416e30c9,gaussian_blur,s4,4,0.310369,0.465508,0.489063
dd49b4f3-6723-47d3-ba9d-0a840efa6e41,gaussian_blur,s2,0,0.483039,0.491373,0.966078
dd4bc442-b73e-445b-b3d7-5b68bd301d62,shot_noise,s5,4,0.387488,0.436612,0.774976
dd530c6e-af60-4470-a193-dac3bdf7b0fb,clean,s5,2,0.768088,0.867087,0.881984
dd5d8696-d116-4a35-a22e-05e464b9144f,fog,s4,1,0.683506,0.794209,0.898468
dd723f04-8047-4ea3-a30b-59821fbee6ef,fog,s2,4,0.295440,0.387699,0.567874
dd74c952-0118-4388-a475-643f9af51ee5,fog,s3,1,0.468830,0.603993,0.725185
dd86595d-05f6-4967-9af6-fa02b789cb0a,fog,s5,2,0.363294,0.532716,0.533499
dd906818-024f-4097-979e-185f0def8bd1,gaussian_blur,s5,4,0.695743,0.799772,0.924475
dd920db8-6d59-4fae-bcc5-d21e07c5cc52,shot_noise,s4,4,0.841310,0.912239,0.931787
dd95b62d-6e3d-4690-803b-0d686332f860,gaussian_blur,s5,5,0.732324,0.845220,0.847171
dd970587-bcd9-4c1a-b63f-6c20566292a9,fog,s5,1,0.375363,0.538486,0.561771
dda51873-8985-4592-b354-d5b1a1c0ea87,gaussian_blur,s5,3,0.351564,0.519846,0.521040
ddb7390f-545f-4fd5-baeb-388aea22bf97,fog,s4,3,0.450753,0.505068,0.856464
ddb999e2-6841-44c2-88f2-f135c65d6d4d,gaussian_blur,s4,4,0.680589,0.799268,0.863109
ddc9a632-e436-407b-894b-8bcbedcc4459,shot_noise,s3,2,0.643476,0.751589,0.909786
dddad894-7e62-4fdb-9860-cafb394ea7a9,shot_noise,s5,0,0.692784,0.815582,0.834414
dde8f0d5-dbad-44ab-b1cf-3047f43795f5,fog,s5,4,0.421764,0.591051,0.598789
ddeacb58-1f82-483f-bfe7-adccdcf77b27,clean,s5,0,0.190645,0.304173,0.343328
ddef13c6-1e30-49bf-a6ec-cfa9ddfee0ac,gaussian_blur,s4,3,0.757165,0.851303,0.932416
ddf25455-daf9-4fcb-bf8c-fff838346217,clean,s4,2,0.757543,0.853026,0.923431
ddf4db40-56a1-4477-8dbf-5ce1e393be83,fog,s4,5,0.344196,0.503763,0.528965
ddfbdd45-5701-4f46-8a18-093d1518ccd2,gaussian_blur,s4,1,0.577287,0.686804,0.876306
de10313a-ad55-4b3a-aaff-ed0488be442a,shot_noise,s5,3,0.614393,0.754158,0.789563
de1149a2-d3a2-4acd-8cda-b42bad49a49d,fog,s5,2,0.277885,0.421010,0.458928
de2684c3-6ab8-44b2-8756-46ed3e90cb16,gaussian_blur,s5,5,0.603624,0.742964,0.791189
de2a0a66-9f28-46ed-a69b-20d86a581d96,fog,s5,0,0.696031,0.815997,0.846747
de36d12d-91a1-48e2-89cc-834f0dbeadbd,shot_noise,s5,2,0.581910,0.734816,0.739061
de46b0dc-5070-4c06-9f64-1295c31d762d,gaussian_blur,s3,3,0.556039,0.654836,0.888079
de593d3b-194b-4c0f-bdcb-75dd25861cc4,gaussian_blur,s4,3,0.584834,0.715450,0.817419
de6cf4d1-71fc-4569-885d-6ae881ba1fcd,clean,s5,0,0.683715,0.809167,0.827787
de776b26-cada-4d30-9eb2-ab7107509a8d,gaussian_blur,s4,3,0.486535,0.616888,0.752997
de77b472-17db-4a71-8dba-b45161e4e21f,gaussian_blur,s5,4,0.590975,0.737560,0.763294
de7c9a8a-8506-4e97-aa6b-838a3e88dbfe,fog,s4,1,0.492739,0.656941,0.669628
de7fda3d-edb3-4bd1-8584-1050495b66c2,fog,s4,0,0.669235,0.777561,0.911025
dea44363-89f1-4057-a255-18a26ca30c2f,fog,s5,0,0.190645,0.304173,0.343328
deaeaf71-6db5-4c2f-9795-63b6a20eb0a8,fog,s5,0,0.353778,0.440948,0.668800
deb1bc42-6ff9-4286-98f2-3bff8be81d3a,fog,s5,2,0.529530,0.692113,0.693370
deb73af6-b4d8-4777-b33e-448ac9d6e3b4,clean,s5,1,0.418442,0.571427,0.633344
decc2c6c-751d-4e22-9814-162945dfe2d2,shot_noise,s3,0,0.525767,0.631206,0.846395
deccaf29-2f57-4cad-8e78-ce87041dba9a,gaussian_blur,s5,0,0.605803,0.746558,0.785921
ded1fa24-5dc2-4cbb-a34c-da14d5dc2612,shot_noise,s4,2,0.804459,0.886936,0.933189
dedffa2b-4d08-40a1-8cce-e9c78e52af24,gaussian_blur,s5,2,0.579969,0.733860,0.735250
deec4af8-428c-4501-807f-431bb3f15287,fog,s4,5,0.778806,0.866711,0.942717
deec967e-4513-4086-8dcd-59bf784e4046,fog,s4,2,0.473591,0.634517,0.665355
deed300d-c096-489a-9573-00d11bc52883,gaussian_blur,s3,0,0.565107,0.653441,0.920341
def25afa-370b-4d07-8d56-4afafd6c54d3,gaussian_blur,s5,2,0.413815,0.581786,0.594000
def62dc9-1288-4d75-b653-fbbffbc4eb9a,clean,s4,4,0.323680,0.489058,0.489067
defac403-37ca-4650-b974-bd32c8fb66cc,shot_noise,s5,3,0.585135,0.736498,0.745033
df0248a4-eedc-4e65-a10b-f34dc7b9a4ed,gaussian_blur,s3,3,0.347110,0.467263,0.605585
df1764d5-35e9-4b20-b41d-25ba25b323ef,gaussian_blur,s4,2,0.732806,0.841169,0.874976
df2a5b0a-cfd8-4e1b-bd9e-795b9048d3c0,clean,s5,4,0.464361,0.615883,0.681947
df35d930-4c2c-44db-8860-31735c7ba915,gaussian_blur,s3,5,0.377746,0.519755,0.607904
df370de7-f73f-410a-9d7b-2cd7d65e87c8,gaussian_blur,s3,4,0.457367,0.552483,0.795652
df39461e-83e9-49f1-bdf3-07f124693f69,gaussian_blur,s4,5,0.634267,0.767614,0.813200
df4df59b-3b37-46f3-89e3-93fa7f2a630f,fog,s2,5,0.468507,0.483741,0.937013
df5995b5-6bea-426f-87a4-b364db98f1fd,shot_noise,s4,1,0.455799,0.589270,0.716059
df675ede-58cf-46c7-9606-541543a5f318,fog,s4,1,0.613846,0.735503,0.856080
df71cc44-8e95-4a7f-a0fd-405c57d8038d,fog,s4,3,0.539497,0.690699,0.733772
df7fd48f-2a9f-4f69-87ad-0a68cea4b23e,gaussian_blur,s4,2,0.485449,0.611543,0.761886
df8ea609-7165-4284-954d-4afbc8402130,fog,s4,5,0.632681,0.762370,0.828260
df904dc5-12af-477a-8d22-8fc60a13f116,gaussian_blur,s4,2,0.461208,0.573114,0.767502
df907cae-2061-406f-8e63-8be587b513ba,fog,s3,1,0.577594,0.660662,0.943200
df9124b1-e2f1-4d1d-9d41-fca721e9e68b,gaussian_blur,s5,0,0.731129,0.842203,0.860408
df91cd34-58dd-4515-a995-a9f05f1d393b,fog,s5,4,0.478263,0.637243,0.674123
df9c1fbe-c77e-47b7-894f-a5852405c4f1,gaussian_blur,s5,3,0.423866,0.592073,0.603462
dfa9e578-f233-4a41-b89b-12e052d31c79,clean,s5,4,0.762931,0.864230,0.875069
dfba0a14-7a46-4a33-8723-728727393519,gaussian_blur,s4,0,0.608251,0.734173,0.840076
dfbd6f7a-577b-4600-9165-18f3f790a836,fog,s5,2,0.621853,0.766688,0.767509
dfc1ce3c-1e53-4e28-a09f-16ce1f32e314,fog,s4,5,0.265676,0.419389,0.420553
dfcec9b7-8357-42a5-8552-da4f9626a02b,fog,s4,3,0.740030,0.837213,0.932796
dfd12ec8-0ee9-41bb-995c-9499a1432f14,gaussian_blur,s5,3,0.346543,0.504934,0.534474
dfdaed86-54ba-4a77-be96-5be3117a9b40,gaussian_blur,s4,3,0.686863,0.795357,0.907261
dfe2d73b-0f4a-4087-b84e-a8b7c3bac9a8,clean,s3,0,0.505512,0.563186,0.919622
dfe70ea7-37d9-4e25-999e-faecf53dd43f,shot_noise,s4,2,0.603708,0.731623,0.832133
e0018ae6-5d0b-4c5c-91b1-c77ccb0e4c51,clean,s4,0,0.728189,0.827797,0.929371
e017f715-47d6-4d82-a0b5-a2a9d6d1f777,shot_noise,s4,1,0.565922,0.690110,0.828276
e028b208-bffa-4c70-8da4-6e6adb8d5b27,gaussian_blur,s5,1,0.503551,0.669796,0.669877
e03667ff-7534-4985-8128-5624d4f9fa9a,fog,s5,3,0.417421,0.588923,0.589141
e03acb97-6d68-45aa-b7ce-32c9ef172e72,clean,s5,2,0.572790,0.727178,0.732762
e03bb13d-5d58-429e-bf24-5441aa5e98bf,shot_noise,s4,5,0.572115,0.686713,0.859069
e041815d-aa99-422f-a9e5-acf994ef268f,fog,s4,2,0.696693,0.808930,0.885646
e048927a-103c-4d62-8195-dc0b1dc1f3e9,clean,s5,4,0.577545,0.723086,0.765147
e04d8e56-53cd-4377-8dde-23504ac897aa,clean,s4,0,0.658112,0.782545,0.845608
e069d9f6-47f6-4221-ba65-e0afda668dce,fog,s5,5,0.588268,0.733408,0.768368
e073e0f8-7f79-4e53-ac4a-b14d3a71402f,fog,s4,3,0.668208,0.780244,0.896053
e07b43c0-db15-44d9-b780-8a74a36164a1,shot_noise,s3,1,0.452411,0.479272,0.898955
e088b0d3-4fcb-4e24-9969-e85706bcca56,shot_noise,s5,2,0.250318,0.336679,0.496480
e08fc91b-b5b4-4dfe-9956-e5ad12a7a05c,shot_noise,s3,5,0.489679,0.613324,0.771489
e0976d98-8f27-40e6-a711-4403b5129440,shot_noise,s4,1,0.830226,0.905660,0.923973
e0ada7df-787d-45d7-b7f9-95c0c384a3f0,shot_noise,s5,1,0.528486,0.689271,0.698741
e0c25a31-f443-4214-a66c-47f4bd8923ff,gaussian_blur,s5,5,0.711253,0.831264,0.831275
e0db18e2-a161-4c46-bd1c-96274d7a0f1e,gaussian_blur,s5,1,0.469034,0.633614,0.652064
e0e23aee-6db1-4fb8-b86c-05511f6bf8d5,clean,s5,5,0.667168,0.799783,0.803248
e0f22b2d-5bfe-4b19-bbf6-0fc75f3f8d88,gaussian_blur,s2,4,0.476637,0.488039,0.953275
e0fb136b-8591-4af1-8adc-d4bc7502e63a,fog,s3,5,0.543137,0.634600,0.893701
e0fd501a-3259-4d0b-9078-261aa6cec965,fog,s5,4,0.598442,0.748700,0.749105
e10010bb-cb2d-4757-86a8-e19138d0daa5,clean,s4,3,0.399297,0.567910,0.577192
e1127dcb-cf9f-4f2a-96c9-0044948f00df,clean,s4,3,0.492467,0.654002,0.677087
e116a55f-9dba-4903-a637-2e256f304bfe,shot_noise,s4,4,0.695141,0.816231,0.841520
e116d852-723d-4f20-ab1b-af979efb1048,fog,s5,2,0.254290,0.381068,0.444901
e11e1572-7e81-4bbf-acba-31951903d6bb,clean,s5,2,0.586334,0.718033,0.814413
e1245337-6b4d-4814-82c1-1d3772af41ff,shot_noise,s4,3,0.255030,0.406025,0.407067
e12c554a-a781-43bc-bbb9-ff16c37b7bad,shot_noise,s5,0,0.577078,0.709010,0.810261
e1364f78-27e0-4772-88e3-6275069639db,shot_noise,s4,0,0.689577,0.796531,0.913291
e140bf8f-46de-4020-a7a9-4782509b345b,shot_noise,s4,1,0.403933,0.446862,0.807867
e146f4e6-9886-480c-b6e2-c05cee605fc0,shot_noise,s4,1,0.696908,0.819493,0.831872
e156eef4-44c5-472b-ae35-ae788005bc36,fog,s5,2,0.478830,0.644069,0.657443
e165ed62-c7eb-4022-9853-d90fb7f47596,fog,s5,1,0.610544,0.757660,0.760345
e183f418-c955-482b-9ba6-fb362f4892bf,fog,s4,3,0.636482,0.757392,0.862258
e18a08e3-67e5-4a9f-849c-82336a70b3e3,fog,s4,3,0.717849,0.823684,0.904209
e18a1a8b-fcba-4c2f-a1a2-bbeee772c5de,shot_noise,s5,3,0.399834,0.570464,0.573109
e190b403-2e02-4fc9-9423-9e076266c920,fog,s5,5,0.470543,0.638915,0.642849
e195b625-3c02-44cb-8242-fddf8cf6602c,fog,s5,3,0.546194,0.706149,0.707699
e1962020-76a7-46d7-9856-815adfb5063f,clean,s5,2,0.597093,0.737759,0.785728
e197af91-1c65-47c6-8c4e-46bfe28772ae,fog,s5,2,0.639696,0.779719,0.782723
e1990d73-b243-4868-beea-97a414a0ec25,fog,s5,1,0.370521,0.445995,0.711648
e1a0a6ba-4d04-46aa-88c1-27ab32bd176c,shot_noise,s4,4,0.740164,0.844803,0.888567
e1bfa321-3b62-4289-aea9-51c25fc207d6,shot_noise,s4,2,0.224643,0.366866,0.366880
e1c7d9df-ee1c-42c6-a165-53db3bb53c83,gaussian_blur,s4,5,0.373307,0.500275,0.630480
e1ce216d-88bb-4aec-afdb-f72eff300417,clean,s2,0,0.473877,0.486865,0.947380
e1df2d9c-0674-47b9-bdc8-d5724bfb1ad4,gaussian_blur,s3,3,0.225221,0.352898,0.390426
e1efbe22-8e6a-4b30-a8ea-c5dc4ffc8181,gaussian_blur,s3,3,0.616385,0.703667,0.961785
e1f5ad60-e1ba-4598-b00c-3e23039e422e,shot_noise,s4,0,0.703309,0.811992,0.899337
e1ff6316-dbed-4d52-8696-996e77a80704,gaussian_blur,s2,1,0.483456,0.491589,0.966913
e216470e-d6ea-4be8-8987-ea0900af4e06,gaussian_blur,s5,4,0.276604,0.432150,0.435445
e2187f31-7935-4137-bc79-b0a6468d061a,clean,s4,1,0.695920,0.804108,0.905391
e225956b-ebfa-4f6f-99ef-846535aaa888,gaussian_blur,s4,2,0.683404,0.794832,0.895272
e22cb90e-b071-4118-86b8-586b0cc104c8,shot_noise,s1,2,0.483539,0.529151,0.912512
e23faaa1-5255-4839-9a31-9deb52194b17,clean,s5,3,0.706918,0.823690,0.854432
e242e649-5c72-42a8-ac78-b37cd659d7cb,gaussian_blur,s5,1,0.329795,0.495394,0.497227
e24493e5-5aa8-4697-9812-d2c39f55e87f,fog,s5,3,0.501197,0.666541,0.671296
e25b1786-908c-4604-8f0f-27da5dd83c24,clean,s5,5,0.391586,0.510292,0.669994
e26575b4-cdad-46b4-baff-89bbb71af7a0,shot_noise,s5,1,0.778527,0.874988,0.879363
e2673f16-220a-46ed-8228-9bdf2365b296,clean,s5,4,0.637485,0.778591,0.778720
e269efd0-80ff-4d8f-a2a5-17d6d9b3c9da,clean,s5,1,0.369043,0.494902,0.626680
e26a9a48-9e46-42df-a13e-d623df22798a,shot_noise,s5,4,0.742054,0.851921,0.851994
e26de909-546e-4bc8-8774-987aa122809e,clean,s5,2,0.544817,0.689177,0.757376
e27e17c1-a606-409b-932a-61f98aa11aae,gaussian_blur,s4,4,0.490986,0.645953,0.694341
e289786e-0670-4a74-884c-a57b414ee991,shot_noise,s4,3,0.488682,0.613743,0.767304
e289ff23-cfe7-4dc8-857d-d94d454c408c,clean,s3,5,0.661109,0.759709,0.946949
e28aeaf2-da07-4f68-a103-f11048c0eac8,shot_noise,s4,2,0.607581,0.748074,0.786939
e28c191b-137d-481f-9d37-081940c19189,shot_noise,s5,5,0.666470,0.798938,0.804437
e29200ac-2f50-411c-96ff-fba639d885d8,clean,s5,4,0.310687,0.403923,0.591787
e2afe15e-010f-4a68-a167-3c36a1e26abe,clean,s5,1,0.261736,0.396588,0.445200
e2bf0968-80d1-438f-8f88-fa4236445ea5,clean,s5,2,0.278736,0.384275,0.519888
e2cb0159-bc5a-4d84-aba8-f1021f826736,fog,s4,2,0.301516,0.453352,0.481584
e2dc2205-3e25-4b9e-ac26-276eb7f15191,fog,s5,2,0.777273,0.873411,0.884715
e2e45bd4-4db0-4835-b2fd-90a981147f50,gaussian_blur,s5,1,0.495547,0.659526,0.672010
e2f73552-bd31-4530-9a19-798a20242f65,shot_noise,s5,4,0.359650,0.500799,0.585593
e3002dff-d000-42ce-a815-a90129deb40e,gaussian_blur,s5,4,0.721927,0.838491,0.838629
e301a017-f32f-4245-ab50-7e351faa6ff9,shot_noise,s4,2,0.636439,0.764457,0.834629
e302c738-4295-4329-a7e2-11b1f29d37a2,fog,s5,0,0.763455,0.864892,0.873045
e30dd475-c88c-4078-b53e-097ee8599a0c,clean,s5,2,0.500800,0.665117,0.674128
e313a08f-5aca-4eb8-bcd7-62341885cb8a,shot_noise,s5,5,0.666268,0.795899,0.818400
e31c18ab-b92c-4a0e-9c8c-53f6d01af291,fog,s3,1,0.543503,0.668142,0.813039
e31d7db6-1b6a-4e44-97a9-924ba8a65e68,shot_noise,s5,1,0.587751,0.738394,0.747857
e31de079-5787-474a-94c9-34dea995bfb5,gaussian_blur,s5,3,0.387807,0.558872,0.558889
e331806f-e4f7-4090-a370-615eb4787c25,shot_noise,s4,2,0.442702,0.604710,0.636486
e33ce8ee-f9cd-41cf-bfd0-54d4d6ef9d1d,fog,s5,2,0.443094,0.608266,0.628952
e34491dc-0721-4762-911d-096d3e5169d9,fog,s4,4,0.484411,0.646587,0.669861
e3482710-0aa1-4297-9015-e0a5ce3eeea7,gaussian_blur,s5,0,0.846728,0.916983,0.917243
e34a6ffb-7d3e-4327-b4e6-26abdc5de374,fog,s4,3,0.520207,0.655552,0.768110
e36a34ec-8775-4bd3-a209-6bfc1109c548,fog,s4,5,0.348299,0.410585,0.696597
e36a5e03-3e94-4569-96fa-4871a758bb40,gaussian_blur,s5,4,0.620569,0.765415,0.767787
e3721364-9dfd-48c9-af81-70f4081b4f16,gaussian_blur,s5,1,0.388164,0.555071,0.568635
e37a45fb-73b2-4cb7-96c6-6fdbffe84867,clean,s4,0,0.645470,0.779617,0.806889
e37c0131-6e36-463b-b433-cd08497f895c,clean,s4,1,0.572540,0.703598,0.811081
e37def4f-e217-4c5a-a585-0ee3735b1c72,clean,s5,5,0.437110,0.596201,0.638325
e3808d06-7d37-40a5-b859-250c1d754b34,gaussian_blur,s5,1,0.568526,0.724914,0.724931
e384e3c2-a34a-4040-a96a-2a12f8ba9815,clean,s4,0,0.663729,0.788941,0.840240
e38abb44-a558-40a9-9e32-954a112d00a6,gaussian_blur,s5,2,0.602494,0.748589,0.765296
e396f6f2-94c3-4f08-82cd-04bbbf50c304,shot_noise,s5,5,0.628107,0.771576,0.771598
e397447e-9596-44db-9366-e6e870beb210,gaussian_blur,s2,2,0.476699,0.488071,0.953397
e3995043-ee0b-4d62-9d4c-983dd9a5a0dc,fog,s4,0,0.728649,0.832595,0.905344
e3a6d71c-0c3b-48bc-9fca-7a303d06bf50,gaussian_blur,s3,1,0.549963,0.631842,0.920979
e3ae8308-b90d-4646-806a-bc3b9783ea2f,gaussian_blur,s4,2,0.770546,0.866760,0.897765
e3be075d-d60e-46ed-bde1-14df50d1ed04,clean,s3,4,0.521072,0.626857,0.841328
e3c283ac-9df7-4838-a17c-75d142fa1bcb,clean,s5,5,0.744541,0.852220,0.862683
e3ca8e9c-c5ae-4d90-a797-f410e867d934,gaussian_blur,s5,4,0.778342,0.874077,0.885517
e3d25879-349e-40d4-bf99-b73130116ded,fog,s5,1,0.522262,0.677161,0.714059
e3d97d67-db7e-4371-8435-422a894ac057,clean,s5,0,0.446211,0.616901,0.617531
e3db7e94-3797-4fd7-b493-0f3fc110844c,clean,s4,3,0.627203,0.761902,0.808675
e3df5f01-bea2-4e25-8dc4-f7fded4841ff,gaussian_blur,s5,2,0.717998,0.834725,0.842686
e3ed0655-e317-4bf5-8f9a-889eb27f1dab,shot_noise,s4,2,0.694014,0.807665,0.880240
e3fdac63-eed8-4351-83bf-af4486910e83,gaussian_blur,s4,5,0.502365,0.622194,0.792036
e4010903-ad63-46cf-8352-cd97236b11ee,clean,s5,4,0.766466,0.867138,0.872751
e405b573-e5ec-4290-8b1f-506b5ff552d6,shot_noise,s5,4,0.460883,0.609507,0.685916
e40da894-aa7a-46c8-9604-a93a3d3e9bb9,clean,s4,0,0.578849,0.721163,0.776619
e411c4c4-bbb7-48aa-bfd1-4c394d6d39cf,shot_noise,s4,2,0.442479,0.599936,0.647397
e412433f-12b2-4b6d-bcdf-fbb28b13d425,clean,s5,4,0.654973,0.791427,0.791975
e415c1dc-3076-42a4-9619-4ee6e5bc3c08,shot_noise,s5,1,0.479058,0.647427,0.648811
e420780c-b606-4837-a322-20c4d09a90ac,shot_noise,s4,4,0.505165,0.669715,0.675867
e4241601-613e-43cd-9982-fca1e5346671,gaussian_blur,s4,2,0.577624,0.722165,0.768644
e42bf06c-e5c2-4a64-b503-3949c6413a9f,gaussian_blur,s3,1,0.473915,0.575948,0.801355
e43dae9d-c97b-4e10-a39b-4544206685f9,clean,s4,0,0.512622,0.622077,0.825219
e440b056-8ad2-487f-b7b8-84965bebd04e,gaussian_blur,s4,1,0.474977,0.620688,0.705628
e44af134-d360-4835-bfed-f528252d5299,gaussian_blur,s5,4,0.516799,0.674144,0.703803
e44f7016-45d0-4184-99db-666cf08d0b9c,clean,s4,4,0.638429,0.759954,0.859988
e4670afd-8776-4b90-b975-d0f0663c280c,clean,s4,0,0.605294,0.734353,0.828543
e4716089-b84f-4751-ace8-47e0593a233b,clean,s5,4,0.737612,0.848987,0.849051
e47556a2-535e-4fa9-9b8e-b0edbb23d079,shot_noise,s3,3,0.573194,0.675444,0.892791
e47b24c4-c862-4a46-89aa-a09807caa640,shot_noise,s5,2,0.745638,0.851320,0.874246
e47ba413-b696-43a1-b2f9-b7f53995f13c,shot_noise,s5,0,0.340884,0.506957,0.511467
e47bdbf7-ade1-405c-8b5a-3e9ef0941659,fog,s3,1,0.557638,0.667037,0.863072
e4840030-71d5-4dfc-b2c9-a35d93f4e66f,clean,s3,0,0.656988,0.755927,0.944847
e48d31f4-6453-4d07-8e3d-2bcb82d52041,fog,s4,0,0.577624,0.722165,0.768644
e4b097a0-009f-44bc-b1c8-06f23d153beb,shot_noise,s5,2,0.644488,0.781689,0.793557
e4b21915-7ac6-4f23-8401-1f1c578ed2dd,fog,s3,1,0.584732,0.682519,0.912576
e4b2898e-4ab0-4f26-9f9e-ab32b73d5b1a,shot_noise,s3,4,0.687287,0.792006,0.923607
e4c2b8d1-1dd3-4ee4-a056-9d27a3129800,clean,s3,3,0.400882,0.526348,0.669405
e4c469ad-3380-499d-8355-b86805d313b1,shot_noise,s5,1,0.410216,0.578009,0.590709
e4d2b964-fbe1-467c-b3b8-7700aec96f9b,gaussian_blur,s5,3,0.430759,0.483983,0.831120
e4ead8ad-84b3-418b-85dc-c981de0ca5de,fog,s4,4,0.570930,0.696749,0.826192
e4f63387-6a16-44e3-9979-27122adf0543,shot_noise,s5,0,0.731129,0.842203,0.860408
e5019e31-35c1-49d6-85e4-97e9247d95d3,gaussian_blur,s4,5,0.755855,0.853428,0.912299
e5087a80-4960-44d9-8c8e-9aea6b02f446,clean,s2,2,0.469400,0.484217,0.938800
e50966a9-828f-45d5-b943-d8ff2952fb84,fog,s5,4,0.344797,0.489399,0.558591
e50d4e18-dd4f-49a7-a122-7d3c89f10653,shot_noise,s4,2,0.513840,0.629372,0.812372
e50da75c-671d-4aae-ba02-dcc4e9439ddb,fog,s3,5,0.360773,0.472518,0.639689
e50f0a65-54f7-4fb0-83dd-23cae4e2a224,fog,s5,2,0.627187,0.770713,0.771638
e511db35-d4d7-400d-a169-10896a2421f6,fog,s3,4,0.525611,0.657276,0.781760
e51218e3-12c8-4150-a3bc-e7dc2f13dfa9,clean,s5,0,0.458915,0.590430,0.723579
e5131761-2f48-4e38-9f46-07d6cdacee97,fog,s4,1,0.487047,0.649659,0.670449
e546aa97-d13f-4ef5-b40a-09e92aca8aab,gaussian_blur,s4,3,0.440654,0.602180,0.635776
e54a3558-26c9-451a-90b7-33c925599f7c,clean,s4,1,0.703309,0.811992,0.899337
e54c084d-f3b7-47fb-b46c-9123dfce0c07,fog,s4,3,0.503428,0.607820,0.827509
e54e1f62-e08f-423e-8682-6a0a560a14e6,shot_noise,s5,2,0.716643,0.834820,0.835632
e56355a1-0391-420d-b201-ffd20e3c1ae7,fog,s5,5,0.562155,0.719044,0.722114
e5771d60-8f80-416f-a489-ba1719a5d190,fog,s4,4,0.705363,0.810485,0.915585
e591dfad-06ef-4c2a-86a0-5b82ba3f7926,gaussian_blur,s5,5,0.542474,0.694151,0.733563
e59e4a43-dc6e-40ae-a06c-0261d1bebd4f,clean,s5,5,0.724582,0.840284,0.840392
e5d12fc9-bb12-406c-9064-f571e72fb54c,clean,s4,5,0.539397,0.697281,0.712382
e5e2566f-6b4c-49a7-af51-602f398334c9,fog,s5,1,0.200776,0.322071,0.352612
e5fcf9ac-b1a4-495b-8309-ee094a1b13a7,clean,s5,1,0.605894,0.745802,0.789152
e60054fa-79a2-4c7d-bee1-37b1a8a12a1e,clean,s4,3,0.751321,0.847381,0.927616
e600f2a0-7f06-4eff-a32e-8d633507f3f5,gaussian_blur,s5,0,0.458915,0.590430,0.723579
e6036236-c040-48df-abf3-7d2e0aa3c442,shot_noise,s5,2,0.378164,0.470642,0.696428
e6070048-80f5-47f0-90c6-7a331f025024,shot_noise,s5,4,0.457943,0.623499,0.640704
e60c53ae-75ba-4b3c-8cda-d60ae85b3b2d,fog,s5,0,0.585336,0.726535,0.781963
e60c7dfb-a37e-41c4-9562-755b8829dd06,fog,s5,4,0.559843,0.717724,0.718156
e612e87f-34b7-4e42-8427-77827c42e566,shot_noise,s5,1,0.667836,0.794610,0.831183
e61f6a95-98ac-4642-893b-95fe4358a16c,clean,s4,5,0.396976,0.555873,0.596400
e62f7499-658a-4b1f-ba2a-c58bcabae6c7,fog,s4,0,0.638939,0.743846,0.919663
e6388928-e567-4eb5-94ae-ed405d72f6b9,fog,s4,2,0.482490,0.647798,0.659778
e6392bb5-ee96-4f60-a612-b9b901c45c0b,fog,s4,0,0.639752,0.767069,0.837120
e63b1288-cafa-4aa6-bd77-1448019d7417,clean,s5,1,0.677257,0.802483,0.833365
e6416183-2d1e-480c-ae87-79eb0f00b372,gaussian_blur,s5,2,0.465130,0.620602,0.672709
e6432b44-eec5-4d99-a2d0-e8fa3db2df45,shot_noise,s4,4,0.440907,0.570023,0.709579
e6496318-74cb-4642-b559-2c19b8b43043,gaussian_blur,s5,2,0.555439,0.703959,0.748745
e64bc6f5-c2c6-475f-ac1a-2835a562e860,fog,s3,4,0.570503,0.694061,0.832631
e653fcc0-538e-42aa-8579-e0dbee33c42d,clean,s4,0,0.445754,0.598773,0.661167
e65ba8b9-4aac-4bab-ae62-bdfb6faf1f12,clean,s4,0,0.608119,0.737138,0.829251
e6608c12-851d-45c8-b810-c61a39eb8cee,clean,s3,2,0.692785,0.789500,0.956354
e6624b4e-d034-4375-8fcc-7925e882b9f4,clean,s4,5,0.500932,0.610789,0.813189
e68e0dd9-268f-4a9d-a9bd-9ea0a9b8c5de,gaussian_blur,s5,5,0.435584,0.599539,0.625067
e6a887d7-0a56-4be5-bdbb-29828383717b,clean,s5,0,0.579482,0.726338,0.760891
e6ab853c-8ff2-48bb-94ed-f8595d826c42,clean,s5,2,0.679018,0.807981,0.813232
e6b18781-b475-4606-bf42-ea0c8a074ef9,shot_noise,s5,0,0.445560,0.615610,0.618647
e6bef2d1-48e4-480d-b73c-828dae40f8d7,clean,s4,4,0.478869,0.589549,0.789083
e6da0514-a54d-413f-9c04-ec2dccc18ccd,clean,s4,3,0.599898,0.736939,0.799269
e6efa352-339c-4a1f-a0b3-680e327c5b63,clean,s5,5,0.577452,0.731551,0.734300
e6f518c8-a9bc-4df6-894b-f418c3c66c63,shot_noise,s3,4,0.729893,0.825178,0.950718
e6f80bc4-122f-4c8e-a4de-831bbf0183e4,shot_noise,s4,4,0.491895,0.637797,0.719130
e704bd0f-f847-470e-b42d-5e07a04026e4,gaussian_blur,s4,0,0.820781,0.900095,0.916336
e7283779-dea6-452c-a2c2-c045547ca1c1,gaussian_blur,s4,5,0.627832,0.760643,0.816197
e72a1dd4-43ab-43d8-b652-90bcd2aa7188,gaussian_blur,s4,5,0.765069,0.863062,0.894928
e72aff7f-9a32-4c18-a63c-593dad3b7034,clean,s5,4,0.402843,0.540269,0.648400
e7355c40-c664-4bd8-95e7-a12ccd39f4b9,fog,s2,0,0.449392,0.502593,0.856371
e73d1394-55de-4694-907a-d3f97537fc81,fog,s3,3,0.387992,0.469872,0.727328
e73db14f-50c7-4124-af94-75863f7f94f0,gaussian_blur,s4,0,0.246714,0.395565,0.396144
e73e5867-6887-4697-b6f9-b4446d19d801,shot_noise,s4,4,0.295495,0.393292,0.559856
e7493009-fb5f-454a-b20f-3cc0d5ff5248,clean,s5,4,0.377126,0.541644,0.560912
e74c78d5-7f20-408e-8b12-511230f7022d,shot_noise,s5,1,0.386536,0.543092,0.589214
e74cd63f-060d-4d3f-9cb5-e6c8783a5604,shot_noise,s5,0,0.681439,0.810540,0.810559
e74f6397-67a4-4bd1-9a15-1a7fadfc1287,gaussian_blur,s3,0,0.569269,0.674230,0.882967
e756b4f8-d2d4-4284-bacd-5adfc4710f87,fog,s5,0,0.813726,0.897222,0.898037
e7573205-bd83-4e76-9683-83eacbf682f6,fog,s4,4,0.409020,0.548806,0.650983
e76cbaaa-5c1e-4549-a659-45a9c960569d,gaussian_blur,s4,1,0.504492,0.579843,0.886768
e7761e10-760e-4466-8727-23c3cae076b8,fog,s4,2,0.794503,0.881335,0.920465
e77e4826-c1cc-4f16-bee8-ea306f302ef0,shot_noise,s2,2,0.494758,0.554407,0.903431
e7813e05-c8a4-470a-b104-50d4e6aace51,clean,s2,4,0.465195,0.495226,0.911886
e78359b9-5bcd-4ef2-ae32-9b95bda6a204,clean,s2,1,0.466611,0.483017,0.932832
e78c1ab4-1abf-4ae7-a78e-db90ccb3c762,fog,s4,1,0.731272,0.841257,0.866971
e796ca78-1045-4845-a700-52e091173104,gaussian_blur,s5,2,0.802815,0.889784,0.898240
e7a18fa8-6572-4f28-abe0-95ddb86cf9b8,clean,s2,0,0.422324,0.461874,0.839102
e7aafd0b-d9bb-4023-a89f-24bae37534e2,fog,s4,1,0.336960,0.483181,0.544486
e7b06a84-78af-480e-a363-61b4aadf3fbc,shot_noise,s5,5,0.564698,0.721764,0.721922
e7bf9811-2bfa-4192-8d17-61e14a00582c,fog,s4,3,0.668791,0.792096,0.846896
e7d43dcd-2378-4dec-92cb-e931c0e02bc2,clean,s3,2,0.650916,0.747647,0.950645
e7d53e78-4c1c-45a3-a439-6c5122b44bf8,fog,s4,3,0.597369,0.732399,0.806018
e7ec5566-5634-4ee0-b8fe-c630121766ed,shot_noise,s5,5,0.469551,0.634710,0.650896
e7f5b7ba-8f24-4c1b-bf1f-91d659e6a3fc,shot_noise,s5,3,0.638320,0.778126,0.784246
e7fc649b-32f4-4fec-a25b-49ad4cf20315,fog,s5,4,0.401621,0.572839,0.573648
e80f50bb-6c54-45a7-a441-533335e357e5,clean,s5,0,0.562702,0.710970,0.751982
e824abcc-7404-409e-9655-02743bb691ad,fog,s4,5,0.497389,0.662800,0.668912
e83b277e-b39f-47d1-93dd-d92de98967b1,clean,s5,3,0.567762,0.716723,0.751029
e844f2df-4c13-4264-83f2-480311a6db06,clean,s5,2,0.650238,0.788045,0.788096
e846f90d-f3d0-4c9e-ad58-8fc1cb6b7074,shot_noise,s5,3,0.657343,0.787272,0.821345
e84dfc08-0733-4325-b5a8-38f4b8d75701,clean,s4,2,0.676916,0.784275,0.914229
e8505e7b-4716-4a49-9829-c3a4fb175289,shot_noise,s4,4,0.612159,0.754235,0.780556
e85c6009-915e-4efe-9c14-27e23d0b62e2,gaussian_blur,s4,3,0.598866,0.747752,0.754512
e866e117-ba26-4171-bf23-24b633b4648b,fog,s5,1,0.564612,0.721583,0.722249
e86a2fc5-cda7-46bb-8c86-f3fdf9c9ef2f,clean,s4,3,0.762423,0.856508,0.925765
e86ac454-9f91-4bef-bc30-b7c42f3decea,fog,s4,1,0.325122,0.469329,0.530988
e874cd7f-8b1e-45b6-9864-524c8a8de097,shot_noise,s5,1,0.742070,0.851392,0.855632
e880c9cb-70bc-4ffa-b580-618dc588e250,fog,s4,0,0.608322,0.716554,0.897285
e892c865-a0a8-4757-b2b6-c79cd38f0c20,fog,s5,3,0.418538,0.587797,0.595680
e8ae6f91-a3c3-4f5c-9f93-3fc21c8b46ca,shot_noise,s5,2,0.372491,0.441456,0.724229
e8b0827f-c04b-4411-8a8b-a91e07683bc8,shot_noise,s5,1,0.735492,0.847301,0.849479
e8b3ce3f-5fd8-44b6-98b3-1b60322991f7,gaussian_blur,s3,5,0.456840,0.551983,0.794979
e8d3b137-b65c-480a-b62d-391d04f5ac66,clean,s3,3,0.716118,0.815593,0.937534
e8de8bae-bf17-4d6d-b53c-d156b6325e83,shot_noise,s5,5,0.617183,0.760413,0.775253
e8deeef9-d984-405a-8aaa-1a356319307f,clean,s4,4,0.785621,0.876208,0.910101
e8f4817c-ddf3-4600-a1db-77b10f798647,shot_noise,s5,5,0.495891,0.646051,0.710901
e8fff7bf-ae05-49d9-af51-cfc6b0501fa1,gaussian_blur,s5,3,0.230704,0.347644,0.416715
e90d1bef-4a80-43f0-82da-c13e98051971,clean,s4,3,0.338177,0.504123,0.508063
e91d89ca-c614-4c42-8074-31888353994c,clean,s5,0,0.677187,0.806448,0.813098
e9263019-5037-4797-b5c8-e2004033d8e4,clean,s4,5,0.508964,0.647745,0.750790
e92e62e6-4c11-44dd-b695-c1ed986f2cc0,gaussian_blur,s5,3,0.696766,0.820002,0.828429
e93431d1-5155-407f-bda4-931bec9904bf,shot_noise,s5,1,0.638891,0.770492,0.819621
e93ebeb5-f490-4e0a-9102-5a09eaf094e0,fog,s5,1,0.450846,0.621288,0.622037
e94a1b4b-9ca7-47ad-8129-96ffe36f8b4d,fog,s4,0,0.724076,0.836174,0.863057
e95816ee-a197-4cdd-9a7b-cd79398659de,clean,s4,2,0.600476,0.742281,0.781765
e9604e32-9a1f-4362-8336-b4d3a228030b,shot_noise,s3,5,0.577142,0.658324,0.947173
e9699d22-0bf6-41b3-b18a-ef2b19c81f61,shot_noise,s2,1,0.434627,0.465027,0.869253
e96bc3d3-1070-4ec4-9e29-be6a2393ea71,clean,s5,4,0.658831,0.788689,0.821033
e96e3fe3-eee2-4973-8c8d-fcdb8ca8e346,shot_noise,s5,5,0.300261,0.459878,0.465493
e977f00c-0d6f-480d-9161-9104a6f6d9b4,gaussian_blur,s4,4,0.558170,0.690025,0.801669
e9aa3faf-d201-4633-967d-54930d6d209a,clean,s2,1,0.492803,0.496375,0.985606
e9b31ce1-f962-40b5-ab82-775b8a72974b,shot_noise,s5,0,0.826386,0.904941,0.904944
e9ccd609-ccd3-4edd-96a9-c3f019bf5c86,shot_noise,s5,1,0.678647,0.804742,0.828139
e9e6e7f0-ed84-42bf-b660-764fb2b8b353,gaussian_blur,s4,3,0.528720,0.663208,0.776363
e9ecaa10-8c22-47e3-8431-580141138148,fog,s4,4,0.341512,0.473950,0.576048
e9faa90e-69ba-48ce-873e-50e9cfadc12e,gaussian_blur,s5,2,0.589525,0.734578,0.768832
e9fd2663-8080-4f6e-afae-5127182306e4,fog,s3,3,0.250384,0.358174,0.466425
ea11de01-950d-4e31-84e4-19dca9790e5d,clean,s5,1,0.509004,0.647543,0.751455
ea225e8b-9bdf-4b13-89c6-73823378088e,gaussian_blur,s4,1,0.698367,0.804707,0.912988
ea23f526-b293-46e5-80a6-0c256d6ef37f,gaussian_blur,s5,3,0.784754,0.878977,0.882871
ea3100dc-b28b-46d9-a0a0-ba4be746088f,gaussian_blur,s5,1,0.674896,0.800785,0.831552
ea33f748-664d-46f4-b4b0-58e703dd84d0,fog,s4,4,0.369492,0.507634,0.604536
ea38d9aa-339e-499f-a36c-bccb289c4db7,fog,s5,1,0.508887,0.673933,0.676318
ea3e4b9b-e137-4c14-bf98-d792847678d1,gaussian_blur,s5,2,0.578996,0.727917,0.753424
ea403fa7-3742-41b2-bba0-97acebf73d8b,shot_noise,s4,2,0.509133,0.627514,0.801509
ea492f9f-5b19-4494-868e-959ca6ca9f37,shot_noise,s4,1,0.676125,0.800396,0.838715
ea4a6612-545a-4e36-8d0d-23efe4777b0f,clean,s4,3,0.501756,0.655156,0.706128
ea542bd5-7ddc-491b-85f1-10d1e6db4bea,clean,s5,3,0.509501,0.674217,0.677643
ea54560f-70eb-44f2-9dbd-4689f323485e,fog,s5,0,0.340884,0.506957,0.511467
ea5fcf56-7da8-4998-90ce-ef652f47569d,shot_noise,s3,5,0.417373,0.513272,0.744399
ea6a199b-67f6-449f-aea2-d7f63ec9ae46,shot_noise,s5,3,0.617157,0.762154,0.767922
ea6b72b7-d411-4000-ad5a-67db70ae34c6,gaussian_blur,s4,1,0.594193,0.732636,0.793363
ea7a81a0-ba4b-49e1-9e2e-07069e4c36f9,clean,s4,5,0.753013,0.856242,0.879035
ea7b2984-9885-4636-ba37-84a7557582ab,gaussian_blur,s5,0,0.439501,0.591901,0.656523
ea7d3eab-402d-4791-8a48-80cc78ed5dda,gaussian_blur,s4,5,0.667480,0.779182,0.897515
ea864f5e-1cde-4db9-9d24-b8451667f0ad,shot_noise,s3,0,0.320443,0.425635,0.589335
ea91fb7b-d8eb-499d-8cf9-9a3cc3cc06e6,gaussian_blur,s4,1,0.601310,0.718770,0.865707
eabaf115-758d-4c69-9369-9312b323c390,gaussian_blur,s4,2,0.624175,0.759598,0.806075
eabe28a6-edad-445e-bf4f-2c9ee2172c33,fog,s5,0,0.425925,0.581966,0.634325
eac6edaf-d8f3-4354-acb6-da59b6d01c5d,shot_noise,s5,2,0.784862,0.879408,0.879934
eacd4bb5-95fa-4576-af47-c89c177268fc,gaussian_blur,s4,5,0.670947,0.783055,0.895349
eace8114-15ea-4bf9-8cab-f1910bc8ac0c,fog,s5,1,0.622058,0.749175,0.838059
eaced2dc-d40a-4d6b-92e0-0ee74a0ed5fb,gaussian_blur,s5,1,0.716316,0.833607,0.841360
ead11cdc-896a-4a57-b586-416cb202db46,gaussian_blur,s4,3,0.740777,0.840311,0.918573
ead77ce4-db67-472d-85bc-ba39758a3b8b,gaussian_blur,s5,4,0.348332,0.516374,0.517331
eadd7781-2ed4-4d34-8c11-cf159aaa5f96,fog,s3,5,0.451459,0.577803,0.726939
eaedf93a-0dc6-403b-9c9d-a13a9418ee40,clean,s5,0,0.495305,0.659158,0.672229
eaf0e246-7bf2-4825-9eed-bb6be55a4b85,clean,s5,3,0.664075,0.798115,0.798215
eaf17df2-423e-4541-a813-ad591f2e270c,fog,s5,5,0.338670,0.501459,0.515048
eb040931-baac-47b5-92dc-607ed13bc865,fog,s5,1,0.304635,0.464467,0.471741
eb07a3c2-7323-49ff-95c2-059465b96e49,gaussian_blur,s4,0,0.761787,0.855990,0.925891
eb08ca59-2daf-4ae5-8b0f-96483f473c50,fog,s3,2,0.374245,0.486398,0.658084
eb0cca2d-a1e2-42e5-86c8-7a2ff484b586,clean,s4,5,0.694053,0.804228,0.896895
eb0f5b02-0c7d-47f3-9c44-1fbc3e1a59c6,fog,s3,3,0.525304,0.647900,0.804905
eb1140d7-ace7-45f1-89f7-405ad4ff6a26,gaussian_blur,s5,2,0.691436,0.817014,0.820629
eb12b814-1d2d-44e7-ad0a-5ccec6e8811f,fog,s3,5,0.264515,0.372384,0.491631
eb355f5d-ecbc-4205-a74c-8b33cc28119b,clean,s4,5,0.635016,0.751205,0.879527
eb3d366b-ee97-4e9c-90dd-a9cf7c5365f0,gaussian_blur,s3,0,0.448170,0.476600,0.890912
eb42d275-ef6a-4fb3-b635-7bb557f69a6b,shot_noise,s4,5,0.710219,0.816998,0.904663
eb4353f4-6c6f-40d9-856a-ed3c8f777875,gaussian_blur,s2,5,0.259021,0.362683,0.488005
eb455277-73db-4ca2-b063-357ee16ff9dd,shot_noise,s4,1,0.643866,0.769208,0.844656
eb508a6e-54e4-423f-9ee3-f65a239c498b,fog,s5,4,0.577250,0.731828,0.732501
eb512333-2c1e-44b0-ae03-b61352142928,shot_noise,s5,2,0.732917,0.845872,0.845907
eb52514d-c201-4e31-9d91-ee243b6ae58e,fog,s4,4,0.665843,0.785971,0.862181
eb53afae-4345-4b5b-9f44-ed5a0cdaa6fa,fog,s4,5,0.207132,0.335618,0.354563
eb568be0-15e8-4abd-abc0-0cce977bac0b,fog,s4,3,0.572884,0.718785,0.762821
eb5ffc96-c6ee-4cd1-af20-1f3fb5edfb3b,gaussian_blur,s4,2,0.682244,0.793591,0.895995
eb79f171-00f4-4a5c-8e29-385be1ef7923,gaussian_blur,s4,1,0.727648,0.831907,0.904525
eb7f7db0-73f4-4939-9788-1c636928a014,fog,s5,1,0.758034,0.858877,0.887087
eb8ca2ea-8453-4943-abcb-992895d8268d,fog,s4,2,0.358517,0.481708,0.616751
eb9d7d4c-916c-4167-a8b5-8d65848fdf08,gaussian_blur,s5,4,0.451960,0.540566,0.801000
eba8ebd9-f859-4f17-bd1c-3b6ff4e55a8f,shot_noise,s3,2,0.398682,0.524272,0.666378
ebb7b700-e7e6-488e-af25-fbf242280bbf,clean,s4,1,0.383964,0.538096,0.591203
ebc21575-f3dc-44e5-b9a0-e9cafa31d827,gaussian_blur,s4,1,0.394315,0.491967,0.710549
ebca69ca-85ba-41d1-a489-fe3485e6bdbf,gaussian_blur,s4,5,0.720362,0.821662,0.926006
ebcc05de-fa72-4aea-a7a5-1c93a59a5b44,clean,s5,3,0.463697,0.633541,0.633749
ebda3438-354d-4302-8c88-96d2ba873dd5,gaussian_blur,s5,5,0.549264,0.704775,0.723595
ebdcb0eb-0537-475d-aa16-8211fbdcc8b1,clean,s4,5,0.624860,0.755080,0.826469
ebdf20ba-cef2-4d0c-b7b3-2c4dcf41a97d,clean,s5,1,0.328924,0.481330,0.521424
ebe59cd6-4a00-4fcb-aa42-ed496567f8bc,clean,s5,0,0.266196,0.382031,0.482662
ebeb11d6-d6a3-4097-9b11-2961bfce2ad6,fog,s5,2,0.704495,0.824971,0.836123
ebef6bca-932b-419a-b3f6-ff5da448a2e8,shot_noise,s5,2,0.447678,0.597335,0.670981
ebf12d37-17de-4482-af14-9e6f2413d6f5,gaussian_blur,s5,2,0.464989,0.481860,0.929979
ebf24dc0-571a-43f6-aae0-8c708978fb71,shot_noise,s4,3,0.494812,0.658865,0.671345
ebf948c9-c8f9-4268-ba19-eeaf1aab71db,gaussian_blur,s5,0,0.338381,0.480927,0.553302
ebfa09d9-09f5-49eb-918b-89b9489c24d4,clean,s3,5,0.586281,0.685867,0.908936
ebfd922d-1d02-47e7-b4db-3c9fc5bc1203,gaussian_blur,s5,1,0.554123,0.707122,0.733515
ec038dec-e211-4a48-a0af-77bb83767c7e,shot_noise,s3,2,0.653125,0.753148,0.940150
ec09bc10-1c87-4e44-bb9c-c8e0c8ea6ff0,clean,s4,4,0.798138,0.885961,0.903323
ec0b4332-c5b7-4116-801d-8e5699038087,clean,s5,1,0.583016,0.736503,0.736917
ec316532-06db-4fac-a62a-d7e9d8406995,gaussian_blur,s5,5,0.681914,0.800196,0.864347
ec385bed-b645-435e-9511-33f8f7e97f25,gaussian_blur,s5,5,0.665740,0.796383,0.813819
ec413054-16b2-4d9c-89e7-8663405cdb5a,clean,s3,0,0.388590,0.524238,0.634208
ec48262b-c86c-40dc-b455-e7c5b8a4aee3,fog,s5,0,0.510930,0.676293,0.676368
ec5165c3-c217-4a91-a7c8-f0abaa4c7301,fog,s5,1,0.488735,0.652473,0.668388
ec55e53f-b41b-4232-bdd1-5276a2e4177c,gaussian_blur,s5,2,0.758431,0.860585,0.877237
ec5e470d-3b81-426d-badf-e75dcc55bb52,fog,s4,2,0.499096,0.574430,0.880709
ec5ff380-564a-46d1-8b1c-4c63cb6128f5,clean,s4,3,0.587712,0.718074,0.819253
ec6196af-d246-4825-8bb4-f6cc2a74e2f3,shot_noise,s4,1,0.580843,0.705844,0.833469
ec676dc5-d9c4-472c-8a19-bc3099123534,clean,s5,2,0.756586,0.860021,0.871472
ec78dcb9-8fb6-4f50-a2b7-28a5bf59f1c9,shot_noise,s5,2,0.749215,0.856617,0.856725
ec8e9697-ddba-46ac-bc31-822f9b4af769,gaussian_blur,s3,1,0.419575,0.524921,0.730485
ec913564-10e8-4df6-9042-a0edf22740c6,gaussian_blur,s2,3,0.492961,0.496455,0.985921
eca9dead-ac88-4d9c-a45a-cfe51c653783,gaussian_blur,s3,1,0.627218,0.726442,0.933457
ecb3aad9-d107-46dd-bdc8-8ca70d00d84f,shot_noise,s4,5,0.745830,0.848403,0.894058
ecbf5a4d-b704-4d3a-8248-0abdb284d9af,gaussian_blur,s4,3,0.682836,0.799819,0.870032
ecc087f9-b772-4f5a-a14a-fb893607a9f5,gaussian_blur,s5,1,0.815508,0.896698,0.914667
ecc561de-61d5-49b2-afa9-085a94dc2ab1,fog,s5,4,0.621404,0.766229,0.767664
ecc97ca0-cb78-4e56-bf58-3d6211632ce3,clean,s4,3,0.778466,0.871180,0.908470
ecd17eaa-4b96-49f1-b725-dcba532a5a5a,clean,s5,0,0.601064,0.743405,0.779768
ecd2fd7b-6a21-4aad-b6c7-193b619b1f5b,clean,s4,4,0.579544,0.714658,0.800939
ecd53a67-0b6d-4fde-bc3f-46de40f1376c,gaussian_blur,s4,2,0.596949,0.711292,0.873413
ece93272-ae57-47b0-8f55-7e6b824c61d5,fog,s4,3,0.766685,0.859885,0.925403
ecef7000-b0ec-41a7-8e99-3a7340812442,fog,s5,3,0.672955,0.804510,0.804512
ecf3f98b-5090-4f1b-9e05-203c7caaebfc,gaussian_blur,s4,2,0.785694,0.878573,0.891637
ecf80bd2-e5c7-4bbf-bf70-53fd1a10e72d,clean,s5,0,0.706942,0.827736,0.831671
ecf9b252-6698-46d1-a12a-7ba207bdc2e7,shot_noise,s5,0,0.801688,0.889926,0.889968
ecfe8483-cc6b-4d04-9fc6-4aa15d8c040e,fog,s4,5,0.246354,0.395143,0.395613
ed02cc90-af12-4bf6-afcd-ce93a4ff1472,fog,s5,0,0.801688,0.889926,0.889968
ed105615-e65e-4a8f-ae3c-8d05f95a4453,clean,s4,2,0.790712,0.879370,0.914261
ed16e7f4-8b28-4c5b-a1fc-11fcc3cc9e29,shot_noise,s4,1,0.779926,0.871664,0.912930
ed174b62-740b-4085-b9cb-6efe00eea791,gaussian_blur,s4,1,0.728807,0.835195,0.891295
ed1c5c52-2449-48cb-9bc0-606d326c3aea,shot_noise,s4,0,0.556206,0.683443,0.813950
ed33550b-641b-4816-a3c6-ecdfeb747ed1,fog,s4,5,0.612145,0.751749,0.790304
ed3729c8-053e-4021-8226-3e1b65581739,fog,s5,0,0.606989,0.747580,0.786560
ed3f247e-1238-4ac9-867e-77ad697133a8,shot_noise,s4,0,0.570097,0.721102,0.744450
ed4ad893-6d1e-4b23-ac8c-6d609a82c9e0,clean,s5,2,0.634312,0.770518,0.801195
ed51c0cd-7e96-42c0-9f77-fe386f4d17ff,gaussian_blur,s5,4,0.714603,0.832371,0.840581
ed59e1bd-03c5-4cc0-930d-acafb40ea2e8,gaussian_blur,s5,4,0.306800,0.469344,0.469920
ed61cf3d-1529-4bff-bf22-4e8ae4a547ac,clean,s4,0,0.338177,0.504123,0.508063
ed629e96-1885-43f9-b18b-1cdf206f428b,fog,s5,4,0.443008,0.605820,0.634773
ed68b842-2098-46da-9c11-2f945e6ad663,clean,s5,3,0.485071,0.652623,0.655105
ed6e1dbc-ec1c-4d92-9122-cf18c74fe921,clean,s3,4,0.531085,0.623125,0.881099
ed6ff05a-a828-441f-96d8-8246dc0bcdb8,gaussian_blur,s3,5,0.375509,0.490253,0.655341
ed833e9c-d0bd-4f41-adbe-28d03fc8a262,fog,s4,0,0.542695,0.680936,0.774500
ed860d18-c915-4b12-8727-e0e9b5c65a86,clean,s5,3,0.289008,0.404975,0.521430
ed925336-f7ec-44e2-8237-38b7be469d06,shot_noise,s4,2,0.801787,0.886459,0.921095
ed96bfa2-4c84-4e1b-9fb9-47c315703079,clean,s4,5,0.655545,0.780649,0.843408
edb036ef-4966-438b-a4be-b04313dfe690,gaussian_blur,s4,0,0.749379,0.848192,0.913029
edb1c23e-3bc8-49a1-9725-0284f059a1db,fog,s5,5,0.364986,0.527764,0.549648
edb27875-6662-4208-bedf-e47f28825fad,fog,s5,0,0.333628,0.474001,0.550391
edc08635-2b55-4360-8eae-168f1f584663,gaussian_blur,s4,4,0.230073,0.355155,0.403427
edc2ba5d-9719-4042-8c9c-ef5372146e12,fog,s3,1,0.705669,0.806917,0.933729
edd6cbe0-789f-42e8-ad60-b8395c7497c5,fog,s4,1,0.518287,0.629959,0.825323
edde74ad-618e-4e4f-8b48-735175fdddf9,gaussian_blur,s4,1,0.764347,0.855728,0.940661
ede2ba58-10f2-4189-bf16-e1eb90e436d3,clean,s4,4,0.785522,0.877104,0.902461
edf88cec-6f2c-4029-8b6a-a5ba95677afe,gaussian_blur,s3,1,0.643960,0.741187,0.946625
edfa4a4c-3db9-4682-9643-681667e7a085,gaussian_blur,s5,3,0.624255,0.768456,0.769572
edfe902b-3be4-4433-b2fe-532e94065626,gaussian_blur,s4,3,0.271022,0.425116,0.428805
ee0ac822-7d54-4fd0-a4ad-0b0c0015a7d0,gaussian_blur,s4,5,0.294116,0.454289,0.455009
ee0b3e3b-2fa8-49d1-a8c7-e730189d6dc7,shot_noise,s5,4,0.405370,0.562630,0.609483
ee151e61-38e9-48ac-ac2c-d212748dd08b,shot_noise,s4,2,0.626540,0.751988,0.844619
ee2a0543-d525-4acb-b650-4f3181807e0a,gaussian_blur,s5,5,0.692763,0.817935,0.821600
ee2d356a-32a8-49d1-8024-faad9df8f5bf,clean,s4,0,0.746690,0.852694,0.870480
ee2efa53-c606-486d-b695-2c47d69ab25c,clean,s4,1,0.462835,0.574305,0.770181
ee32c3ff-d2c4-4cf4-aec2-eba6cefffb37,clean,s5,0,0.654309,0.789363,0.798979
ee62a472-00f4-4d44-94dd-88d6d859fd21,clean,s4,4,0.639752,0.767069,0.837120
ee661242-3bfc-44b8-85fa-0b6ff24d6f44,fog,s5,4,0.456916,0.625745,0.631224
ee6b6a34-c7f6-4e2c-8ecc-d361c7539375,clean,s4,5,0.642033,0.777044,0.804216
ee6bff96-121b-4fca-a2c5-4556ce7d9b8f,gaussian_blur,s5,2,0.242623,0.363163,0.433430
ee6cefef-c8b9-4143-a500-2b4705ec55ed,clean,s4,4,0.813249,0.894901,0.917051
ee6ebe8e-6131-4703-8973-db300b0e7320,shot_noise,s4,2,0.555232,0.699753,0.761532
ee74dc52-2fee-4275-9ac7-b77c34835046,gaussian_blur,s5,0,0.516656,0.668484,0.719995
ee87a5c1-986d-4980-87b6-54f4af29a67b,clean,s4,1,0.623306,0.749689,0.840885
ee8b2946-1c84-46d7-9d46-853cb7061ba0,fog,s5,2,0.447364,0.607756,0.644747
ee8d37bc-19ef-48a7-bc3c-c757e8916311,clean,s4,2,0.613608,0.755438,0.781409
ee929236-f102-44c2-8c30-64ada311cd7d,clean,s4,3,0.801305,0.887959,0.905179
ee9b1988-8ac0-47f0-97f3-bdb19ea3efac,fog,s3,0,0.408195,0.533237,0.679375
eea68f4f-c8e5-4bad-a34b-5b0c2d70b441,clean,s4,5,0.758831,0.860732,0.878315
eeb64e70-80ba-439e-a4f6-c5c5912f59a1,gaussian_blur,s4,5,0.195043,0.326387,0.326469
eec5e097-8cd8-483b-83a9-7d28ae4a85d1,shot_noise,s4,2,0.745095,0.848770,0.888059
eec780bb-f227-4651-8472-950f342f3c1d,gaussian_blur,s5,4,0.397698,0.567523,0.572667
eecf3e94-dc57-4bff-83ba-3a6057e746a2,gaussian_blur,s4,1,0.644340,0.758171,0.889303
eedc8570-e6d6-414f-8778-b2441582c84b,gaussian_blur,s5,0,0.761813,0.863262,0.876097
eedf5932-bde3-4e40-b12b-80249654fe38,fog,s5,0,0.746842,0.855074,0.855093
eee64c2f-4f60-4a45-b64c-099f448641c9,clean,s3,4,0.734407,0.829242,0.950090
eeebfe18-63c4-4534-adb0-c3de9283f34b,fog,s3,2,0.421798,0.458907,0.841760
eef58b87-395a-4171-8d79-1a2305e6a1d3,clean,s4,5,0.565729,0.690065,0.827742
eefc87fb-5252-4bf7-b3af-de52585a0407,gaussian_blur,s4,4,0.310005,0.462800,0.492813
ef01b825-dbc3-4ae9-8521-417c84049fc3,gaussian_blur,s5,4,0.327664,0.487785,0.504938
ef06b8b9-81b9-4064-84c7-287fad6b8b51,fog,s3,3,0.495858,0.541985,0.927136
ef12d166-a772-4c24-b284-44cc1c043892,clean,s4,2,0.542012,0.672620,0.795771
ef179526-d76f-4678-8d64-2c5a4f2d76c7,shot_noise,s5,1,0.503158,0.668867,0.671280
ef1e0f24-49b6-4f9a-8ed3-17db4e621cd4,fog,s4,1,0.479290,0.637773,0.676235
ef24134d-753e-4c30-b412-670b7d17c84b,fog,s3,3,0.562680,0.649972,0.920631
ef25aab4-5d1e-462b-8f6a-4a1bbc25832c,clean,s4,3,0.650243,0.773288,0.853200
ef26e498-503b-4dd6-9a81-c7be97a58bc6,fog,s5,4,0.634160,0.776129,0.776132
ef2b715d-b1b6-4672-b8ae-8bac056bf3c8,clean,s4,0,0.587712,0.718074,0.819253
ef2e9bee-d443-41e6-818e-5b4a1a39321c,clean,s5,0,0.466454,0.627034,0.660651
ef35c2d1-c224-4710-8791-924fdcd2b109,fog,s4,2,0.406756,0.539227,0.663063
ef3aa3e4-2b93-441e-81bc-e94bee6bdca8,fog,s5,1,0.772122,0.871406,0.871437
ef3c2b90-4162-46f9-aba0-e4ae30513b18,fog,s5,0,0.573484,0.728915,0.729009
ef413bb3-7d37-4e08-9b1a-0703ad6573d1,gaussian_blur,s3,3,0.530125,0.630904,0.860933
ef47f459-f19b-4e1b-8444-ff9dbd74ec76,fog,s5,5,0.595213,0.746139,0.746679
ef4ba548-72a1-453e-a5f6-d7eae3d44d36,shot_noise,s5,3,0.802214,0.889131,0.900388
ef54dc29-51f0-49a4-b829-d9db1b8e802c,shot_noise,s4,3,0.251591,0.391219,0.419798
ef5b5590-1bbb-4984-9417-e45bd390f77c,shot_noise,s3,0,0.524962,0.619522,0.869765
ef6652e8-cd29-4be7-a1df-42550124ebf5,shot_noise,s5,1,0.431013,0.584990,0.644315
ef6c2189-2f1a-4370-b694-8bd070f13f63,clean,s5,0,0.371683,0.524521,0.578565
ef72e428-90a0-4903-af63-d8f879c3f0fa,gaussian_blur,s4,5,0.575367,0.713220,0.790549
ef7ce1d1-9b65-46c1-b33d-b899f333c346,clean,s4,5,0.602004,0.732044,0.824413
ef939823-f2c3-47e8-91f0-dd79d9e0930c,clean,s3,4,0.535309,0.665815,0.791637
ef952433-d4b8-4c11-8325-53707825cf2b,shot_noise,s5,3,0.397045,0.506081,0.694593
ef99f9f6-0caf-4c77-9acd-d792e6a746d3,clean,s3,4,0.583314,0.675148,0.926695
ef9ac53a-d8af-4d4f-91b1-2bc51407adbf,fog,s3,1,0.360799,0.477784,0.630792
ef9c9ba9-a6e8-451a-827e-ba417b197773,shot_noise,s3,0,0.702677,0.796171,0.968675
efa9cb32-5120-48a4-b0c3-307252b8558b,clean,s1,3,0.395089,0.450323,0.777573
efb0cc7b-adaa-4a97-b09f-ff0839b21ebf,shot_noise,s4,1,0.487038,0.601578,0.789243
efb27768-77d6-4730-90d7-5b7a159e1f16,fog,s5,2,0.167386,0.279335,0.297088
efba86a9-f9ee-4fdc-86ff-badb400d1dcc,gaussian_blur,s5,1,0.340546,0.492290,0.539153
efc7aac4-ffe7-4c46-ab15-8ff832745c1f,fog,s2,5,0.213178,0.300575,0.424157
efcd6be6-dd84-4a80-8afb-d56b250f7bb2,fog,s4,3,0.407660,0.576310,0.586027
efcdaa7c-63c0-4c44-b81f-e7377f832f4d,shot_noise,s5,4,0.770245,0.866372,0.898955
efd5141a-a164-4104-8ab6-2b6da79663ab,shot_noise,s5,3,0.332279,0.439392,0.604805
efdf8c98-4440-4afd-b85c-1461f869c019,shot_noise,s5,2,0.488505,0.654549,0.661639
efecd572-ea97-4f83-a753-559513dcb476,gaussian_blur,s3,2,0.647497,0.746683,0.941394
eff47729-c261-4a03-9eb0-8c82c3a66ba1,fog,s4,1,0.692858,0.813624,0.845083
f017c426-3941-4145-8d8e-37c752fe06bb,fog,s3,0,0.586281,0.685867,0.908936
f01ed92e-ec0b-4edb-a79d-e1a3e670f8e8,shot_noise,s5,4,0.726877,0.839460,0.856667
f0251128-7ebb-4118-a430-147f04e5f398,fog,s4,1,0.704977,0.809853,0.916949
f039ea4a-4e0b-496e-8341-a3b74223f281,gaussian_blur,s4,0,0.501756,0.655156,0.706128
f045fbcd-fe30-43ff-b27d-e2619de4c120,shot_noise,s5,0,0.464715,0.629959,0.646946
f0506a84-cd6a-48ee-8b20-e0750f04df43,fog,s5,5,0.629223,0.772122,0.773736
f0577679-fa6f-4b04-896c-6de635083588,fog,s4,1,0.365525,0.511766,0.583691
f062f86f-8d16-4d1e-be9e-2782a22b0171,clean,s5,5,0.579931,0.712592,0.809032
f06b29a4-333f-49cd-9fc6-74326432a975,shot_noise,s3,5,0.570994,0.671762,0.894963
f07832ed-573f-401f-993e-070f5b247c67,fog,s5,4,0.406064,0.574787,0.584181
f0907906-35a4-4711-8726-df2c6946cf6c,clean,s5,3,0.425149,0.591178,0.609994
f0a42653-f240-42d3-960d-24f9fd0f28cd,fog,s2,1,0.386309,0.480431,0.705307
f0bd87a0-13f1-4e78-855a-b278b01eaa84,clean,s5,5,0.324158,0.415655,0.616160
f0c18f2d-a6f9-4c7a-ab76-dfa8c39c42a5,clean,s4,5,0.689635,0.800106,0.897387
f0c73c41-8203-40d3-bd3e-03ed57b27178,gaussian_blur,s5,5,0.391509,0.551595,0.587500
f0ce28c9-48a5-4f69-b53b-3cd23cae65a4,shot_noise,s3,2,0.703736,0.802409,0.946054
f0ce300a-7075-4156-a202-b079ab31acfc,gaussian_blur,s4,0,0.478469,0.606310,0.751237
f0e10c4f-da3b-407b-8e99-ad6ea5cc3ab6,shot_noise,s3,5,0.593680,0.698748,0.898720
f0e8006a-8afc-4600-b0ad-035e79640eca,gaussian_blur,s5,3,0.378974,0.541779,0.566816
f0e9ab56-0beb-42d3-8d90-8452cbbdc8fc,clean,s2,4,0.434627,0.465027,0.869253
f0f80eeb-a0ac-4f97-b9a0-65e3628f843d,shot_noise,s4,2,0.571444,0.678313,0.879520
f0feff92-80a4-4fe4-b770-781ff6c7ae37,shot_noise,s2,3,0.439133,0.467594,0.878267
f105d482-b07a-43bf-b8e3-3172dccafb33,fog,s3,0,0.630462,0.727111,0.942811
f108e7c3-a37c-4317-9c9f-c502572f903a,fog,s5,4,0.357111,0.519224,0.540960
f10d99f6-0939-4546-85b7-a21c39be78fc,fog,s5,5,0.701554,0.822882,0.834324
f10f1fc5-7e77-4f8b-b432-79e96dba008c,fog,s5,3,0.780998,0.877033,0.877042
f110c2d8-48cb-427b-8411-32ca739e28f1,clean,s3,5,0.561859,0.686037,0.825976
f12ad7dd-d06e-4d79-8945-b3b1c51a183e,gaussian_blur,s5,1,0.777048,0.873487,0.882846
f14e4f97-4367-4589-aad5-129760eb5ec1,fog,s4,2,0.610635,0.751539,0.785280
f157804b-0683-444e-a761-a550f3731efc,clean,s5,0,0.598674,0.738922,0.787424
f15c5179-d945-4dfb-b540-8490052bb56c,gaussian_blur,s3,5,0.501975,0.558132,0.918016
f1614f1f-cc7f-442a-9000-36099eb6adef,clean,s5,1,0.456839,0.618058,0.651008
f1738de7-69f6-453b-ae52-5351ba4cde73,gaussian_blur,s4,3,0.474329,0.637390,0.660165
f17966a9-1acc-4db8-b578-ec2cd051de7a,clean,s3,2,0.546420,0.655200,0.856024
f179ff24-1bc6-4cd0-b7f2-51a167856a1b,shot_noise,s5,1,0.615035,0.755232,0.787803
f180ea90-6574-45de-8fa5-3810862523ba,shot_noise,s4,1,0.688478,0.804507,0.871739
f1876aed-a056-4d2c-9af8-fdc7b5f8fe56,clean,s4,1,0.602364,0.741929,0.790264
f18d4755-08b9-4d81-bcbd-238da0d2a95b,clean,s5,3,0.257311,0.391654,0.438315
f191030d-403d-4d94-9b50-747dc92cdf8e,clean,s4,4,0.732471,0.843399,0.859504
f19cb0f5-ef8c-4542-b1ee-05f4ab05ed47,clean,s5,5,0.542315,0.703148,0.703585
f19fa4ee-6e80-431f-bf84-ebb242b53f31,gaussian_blur,s4,0,0.714449,0.821710,0.899261
f19fdeba-6bfa-448d-8e65-21719fee2bef,shot_noise,s5,5,0.608635,0.755095,0.763303
f1bfac08-eb8a-474e-ada5-250c4451bf50,shot_noise,s3,2,0.518846,0.624096,0.840469
f1d76044-b37f-459b-8722-fbc6ed14b445,clean,s4,0,0.663979,0.775319,0.899285
f1f1a0e5-68cd-4057-9ce2-f5af9caf7344,clean,s5,4,0.618242,0.762082,0.772533
f1fba6a5-ab30-4a13-963d-f9df8eaa2ef9,shot_noise,s3,3,0.509159,0.606167,0.848922
f202715f-e24f-4fd6-9915-d683202fba50,shot_noise,s5,3,0.355178,0.504072,0.564724
f2049a68-0a0f-4f77-b27e-f81ab056111e,gaussian_blur,s4,0,0.546428,0.702043,0.722316
f215f40a-5b54-447f-98e3-d5e636d69552,clean,s4,2,0.330495,0.496776,0.496848
f21971c5-d70e-4124-a7f1-09d14f7e2b99,fog,s5,1,0.363952,0.533655,0.533712
f22378de-be64-4742-88fd-7a7132e70196,gaussian_blur,s4,4,0.398172,0.552393,0.607917
f2251714-94ac-4449-b64a-f5c53aa5a5ae,gaussian_blur,s2,0,0.438205,0.467068,0.876411
f22f3bad-ac85-46bf-b215-341ed5cbd6bb,clean,s4,3,0.506748,0.626487,0.796197
f2375844-07c2-4437-9b6c-0670e0fcfb80,gaussian_blur,s5,3,0.414821,0.567902,0.629189
f238d10a-4185-4f5c-b4ff-4126df5e4c41,gaussian_blur,s4,0,0.364958,0.524168,0.557000
f25d6198-a2ff-447b-8f1d-39b64d723e1c,gaussian_blur,s4,3,0.628484,0.762503,0.811278
f26468c0-76b8-419d-8833-869f87ea8ef9,clean,s3,3,0.497816,0.539000,0.937440
f29165bb-80c5-4df4-8f39-6439616a732e,fog,s2,2,0.502086,0.562128,0.911489
f294f135-9c6c-44f5-baff-19b12b23fd17,clean,s3,1,0.535309,0.665815,0.791637
f2967f1d-b8c3-4280-9595-4f8be2f3f728,gaussian_blur,s5,3,0.446899,0.617076,0.619451
f296e311-0f06-445f-9fce-09924db9a42d,clean,s4,3,0.698368,0.819976,0.835861
f2987266-ca3b-47d5-80e9-38c8eb734c27,shot_noise,s2,2,0.471237,0.485193,0.942475
f2999458-72ab-45a6-950a-18cdc37a4e26,shot_noise,s4,1,0.458115,0.589335,0.723410
f2b135d1-4620-4910-ab51-9f2f0745369a,clean,s3,5,0.307411,0.413536,0.566978
f2be7d88-e2c3-4b8d-ac44-594c179b8cab,gaussian_blur,s5,3,0.621300,0.762995,0.780880
f2c5dc92-ce77-49e1-a581-71cb2909b085,shot_noise,s4,5,0.384334,0.536905,0.594902
f2ce3906-bc07-4b1a-a5e2-54e140bafdaf,clean,s5,1,0.650282,0.761408,0.899899
f2cedfad-5ad8-4ad3-bc97-ecb587dec1fc,fog,s4,0,0.387180,0.555873,0.563523
f2e30567-c19f-43fa-9e62-fdab1ef85574,clean,s4,0,0.678959,0.791602,0.891243
f2e39d02-5cdb-4b30-8f43-05b0311ecb57,clean,s4,1,0.549262,0.696104,0.751706
f2e580cd-9a61-4dbe-921d-dcf8753cdf55,shot_noise,s5,2,0.651455,0.787115,0.797550
f2e8f82d-3343-46c8-ace2-f7950fe805d3,fog,s4,5,0.789230,0.877385,0.921475
f2f24be0-db1c-4a8a-9c66-b2cb498754c3,gaussian_blur,s5,3,0.582489,0.727673,0.767363
f2f4f756-2eca-4ec4-a6b4-22fc7561266e,gaussian_blur,s5,1,0.560048,0.717450,0.719891
f30178ec-1066-4bab-aa6c-b58207b56a2a,fog,s4,3,0.197039,0.326481,0.333264
f30a3c9d-2c0f-4dee-8bcc-b1fec8fc71d7,gaussian_blur,s3,4,0.609098,0.716502,0.900158
f30f09f1-ba67-4768-9e12-1371dcfee79c,gaussian_blur,s4,0,0.865566,0.926956,0.941397
f310db88-1680-431d-b1dc-c15221358814,fog,s5,0,0.766458,0.867389,0.870823
f31f06c5-735a-4a5f-adfc-b6861e7b5ce4,gaussian_blur,s3,0,0.521328,0.611978,0.874475
f322936e-a7c4-4b72-8800-852d0a66dd92,clean,s5,3,0.789592,0.882224,0.884150
f327e67f-de98-4a1c-9818-238b32c6d3aa,shot_noise,s4,4,0.553074,0.662099,0.860595
f3301489-79f0-4361-b43c-25c71fc3d8b8,clean,s5,2,0.668204,0.797450,0.819157
f3426520-c6fd-4d3a-8a4a-bb13895e9470,clean,s5,4,0.434656,0.592480,0.638960
f344ad19-35e9-4dff-adfe-2513987ed9d0,fog,s3,2,0.578753,0.660394,0.947493
f352f68e-35fa-4c50-be1e-65efdaf01891,fog,s4,3,0.398747,0.550243,0.614409
f35de170-3ccd-4150-aa00-10041e566329,gaussian_blur,s4,0,0.590014,0.712936,0.843915
f3639101-e61c-4e66-9e1a-24c2c8c0cd65,shot_noise,s5,2,0.447899,0.598091,0.669936
f365f816-6304-4097-a159-71a873bd8110,fog,s3,2,0.490903,0.550338,0.899141
f36f7352-79cf-4e6e-86c2-c1638c0ba6e4,gaussian_blur,s4,5,0.596341,0.722383,0.836293
f36fd503-5845-42e9-adb5-25c4b6634ab7,fog,s4,5,0.386692,0.552587,0.569189
f387732a-61d9-4200-9daf-20a733b41e24,fog,s5,0,0.456416,0.621674,0.640224
f395fdd1-db46-46e5-93d5-a5fcbf204b5a,shot_noise,s4,3,0.742840,0.838900,0.936545
f3c6777b-83c9-4aef-9eb7-7f1ff05e4997,fog,s5,5,0.386141,0.500626,0.670325
f3c6a730-c94c-4e08-9edb-8b2d5bbe1bd5,gaussian_blur,s4,1,0.787070,0.873385,0.939807
f3ce7c8f-a0e8-44cc-bbdc-ca0d443a68bf,shot_noise,s5,0,0.682241,0.810802,0.812736
f3d8bd0c-d984-4b11-b368-b69b97bd0df0,gaussian_blur,s4,3,0.748409,0.852111,0.883093
f3e74404-2f34-4dfb-a23e-fc46923eb945,shot_noise,s4,5,0.270684,0.423269,0.430856
f40630e0-c8fe-4d27-8907-3f9f0854b8af,gaussian_blur,s3,4,0.505702,0.559253,0.926880
f40b89d9-5eee-43e2-8f32-dfda10b03ad1,gaussian_blur,s4,1,0.248679,0.397338,0.399916
f41db62a-96b8-40cb-ae9d-6c5b40bb9d6d,gaussian_blur,s3,3,0.490090,0.623064,0.749952
f426a1fc-3c78-4117-960a-613f6bd6402f,fog,s4,5,0.371727,0.464392,0.686850
f42dfca5-e61a-4bbe-b647-f6f30f096215,clean,s4,5,0.549807,0.699265,0.743604
f434e0ee-b4e6-415b-96e2-d38f36fa6b3d,gaussian_blur,s5,5,0.671214,0.803129,0.803957
f43db009-420a-40d9-bfc2-10716241b69c,gaussian_blur,s5,4,0.488621,0.656363,0.656800
f443edc0-5ed9-4770-8222-12bd0df07ff9,clean,s5,3,0.763455,0.864892,0.873045
f46d4d46-b33e-4c4b-84b7-26ea5fc6447d,clean,s5,1,0.561588,0.719096,0.719808
f46fd33f-9786-473d-9823-7a0b38bcdcd8,fog,s5,2,0.405274,0.576680,0.577051
f475d4c6-5d4a-45e1-9aba-345b7becf07f,shot_noise,s4,3,0.741650,0.849039,0.869051
f4829dd3-4e4b-48f5-a40a-046641d01e70,gaussian_blur,s5,5,0.661561,0.795392,0.800810
f4881c16-f915-432d-8226-8296bceb0ce3,gaussian_blur,s3,0,0.524962,0.619522,0.869765
f49b04b6-2a16-43e4-8cb6-e08e71bdecfa,clean,s3,3,0.502468,0.631890,0.769279
f49d5d78-6232-4f8a-8736-44ee5fc7a433,shot_noise,s5,5,0.459133,0.609700,0.679600
f4a07620-28e3-4318-a72d-25b258a46898,fog,s5,4,0.684547,0.812669,0.813102
f4a68f17-71de-4e4c-bb66-485bfaa55681,fog,s4,3,0.584509,0.711686,0.828283
f4baed91-113c-4ab3-b299-cde44b559256,gaussian_blur,s4,3,0.523593,0.675521,0.723655
f4c0a716-a899-44c3-b5b8-95678e68f395,clean,s3,3,0.467790,0.483359,0.935580
f4c5e3ef-0dc9-4ef3-ad00-f5ab886bebd2,shot_noise,s5,4,0.384324,0.549921,0.567093
f4c9b7e9-e562-4d88-951a-c4e9932a1d9a,fog,s5,2,0.668147,0.800079,0.805996
f4d25971-e2dd-4d27-b940-9b99f6ac75a2,gaussian_blur,s5,5,0.558448,0.716672,0.716672
f4d30837-3c04-4eb2-9cfe-82c451987079,shot_noise,s5,2,0.334048,0.498042,0.506305
f4d8251d-b72c-40b4-aec5-5132f28eed62,fog,s2,2,0.408750,0.453430,0.812425
f4e518cc-d764-4562-b1fa-c88de688e622,gaussian_blur,s3,3,0.660435,0.765609,0.923006
f4f36bda-3584-4829-b39d-a607fed75cec,shot_noise,s3,2,0.615974,0.718574,0.917931
f4f5791f-1926-47d8-9f26-0498ac942cd9,gaussian_blur,s2,1,0.609581,0.697449,0.955728
f50a9fe9-a68c-4e23-bdb8-357281ff4a53,fog,s3,3,0.421130,0.529952,0.726096
f519eb66-3c8a-44fc-b2ce-302e427c1b98,gaussian_blur,s3,2,0.667253,0.775915,0.909787
f520b99c-ac98-425f-b46e-d2140abf9fa3,clean,s3,0,0.549539,0.657204,0.861248
f52485a6-8179-40b7-b84e-6aa5a1e31986,shot_noise,s4,3,0.818097,0.895014,0.946949
f52809aa-9c67-43da-92e3-d31eaee0878e,clean,s3,1,0.678491,0.784115,0.921190
f52a275d-235a-43df-a926-10d49928fa12,clean,s4,5,0.658595,0.768415,0.905331
f5326d34-5a8e-4d5c-b4c6-4415ed2181d5,fog,s5,5,0.432124,0.603321,0.603856
f547cc64-8d58-4b69-8704-1f6849c85693,gaussian_blur,s4,3,0.492982,0.574578,0.862129
f5506e42-5dcc-4a91-87dc-a02b9c3af133,gaussian_blur,s5,3,0.633916,0.771879,0.793776
f554bd58-c08a-4524-ac97-55ec1096e5cf,clean,s4,1,0.792539,0.881761,0.905435
f55aa519-4052-4502-8233-793ebcea5581,shot_noise,s3,2,0.455064,0.557493,0.779154
f56ed80d-8ad3-43d1-a3df-c8c189fb8ff5,clean,s5,5,0.717363,0.834136,0.843189
f575d9e5-edf8-48e0-a19c-0551aae2a076,gaussian_blur,s5,1,0.323576,0.448399,0.562443
f579179d-d06d-4759-ae6f-d5c6f88f2086,gaussian_blur,s3,3,0.395082,0.533050,0.637797
f57f3dd4-26a3-4e1c-88c4-03a815847fba,shot_noise,s4,4,0.772369,0.866357,0.910551
f585a8c6-360c-44b7-ac62-357f0bfe4672,gaussian_blur,s4,5,0.754152,0.853520,0.903051
f58bc13e-b014-44a1-a4fd-c1073fd73d52,clean,s5,5,0.608763,0.755901,0.760528
f594c275-56fe-49b5-8571-0b5d19111e8e,clean,s4,5,0.674360,0.796144,0.851477
f5a5a618-27c4-47c6-8675-415205847314,gaussian_blur,s4,2,0.595524,0.741284,0.766629
f5ad82a5-152d-4034-b6cd-6d529b30dd28,shot_noise,s5,4,0.746714,0.852544,0.871605
f5adb021-a676-4bf2-8c5d-464795a78acd,gaussian_blur,s5,3,0.552348,0.709545,0.718805
f5d9eb35-ff9b-48e3-becb-d17402ef1242,shot_noise,s4,4,0.716771,0.825148,0.891493
f5db22d8-46a0-446f-bacc-02f152aa5bb2,clean,s4,2,0.751655,0.850651,0.908921
f5dd25aa-5d10-4235-b424-1b482b5258e6,gaussian_blur,s2,1,0.486257,0.493033,0.972515
f5f1f89b-f636-47e9-914e-99bf6745c70d,fog,s5,0,0.445560,0.615610,0.618647
f5f2d8ee-324a-41e5-a7ef-153c89bcbb7e,gaussian_blur,s4,5,0.614513,0.736070,0.856591
f612357d-6f0d-4f9e-92d8-6937f9e7d53d,gaussian_blur,s4,5,0.494610,0.639191,0.724684
f61b0ac1-6160-4c04-93de-318de8fb9ef2,fog,s4,2,0.358722,0.418904,0.715820
f61b78ec-6778-4f81-b360-eeca6cc4bbfd,fog,s5,1,0.697119,0.819566,0.832432
f62146da-aa66-4e27-accc-d1222cb4d1a1,clean,s3,5,0.517066,0.632970,0.814342
f62b1069-4a89-4172-a542-822d5ff6f1ea,shot_noise,s3,4,0.617265,0.721110,0.914781
f63b04da-a273-4fa8-b2c2-dcd61cba0dbe,fog,s5,5,0.565982,0.699195,0.801472
f64f84bb-8da7-4146-8145-284ddb901377,clean,s4,0,0.740068,0.848305,0.865877
f6566887-b4d6-4f68-a4f5-100c6c14f3b8,shot_noise,s5,1,0.514787,0.679294,0.680895
f6586958-6326-43a8-a93d-313eee9541ac,clean,s5,2,0.502704,0.669016,0.669216
f65cec5f-c78f-4475-a89f-fb5a6f55ae90,fog,s4,3,0.540742,0.659969,0.825312
f660fa07-7137-4692-ae3a-57b491bf1a23,shot_noise,s3,5,0.389349,0.520748,0.643376
f6637e36-c249-431e-b3d7-80ec5c48a470,fog,s5,5,0.663491,0.787986,0.843568
f6638fdd-b928-4f36-ac80-1df3a615d82a,shot_noise,s5,2,0.218887,0.356897,0.362677
f66954fd-227e-4541-8468-fb22052991ca,shot_noise,s5,0,0.646476,0.782229,0.799313
f6775580-202d-4abb-a00f-fa9150bf3aee,gaussian_blur,s3,0,0.493820,0.571614,0.870160
f67d7801-683b-4027-ab9d-f3eb9f66dcd1,shot_noise,s4,5,0.702677,0.817955,0.866161
f68210c3-d943-46cd-a274-49e29d1411c5,shot_noise,s4,2,0.294389,0.447795,0.467682
f686ad59-5922-4802-97fa-b0743cdb287a,gaussian_blur,s5,3,0.433904,0.605205,0.605211
f694baef-e033-4c5a-a6d3-2635765c0d00,fog,s5,5,0.401067,0.556717,0.608160
f69c12fe-52f9-4b81-a830-81b3a610a0a5,shot_noise,s4,3,0.690835,0.800132,0.902315
f6a07760-afba-4ee7-a2a6-d8b9a64f54cc,clean,s5,2,0.392772,0.527016,0.642240
f6aade86-f0ea-4f0e-9b3e-4c11193d809c,gaussian_blur,s3,0,0.364215,0.491519,0.617411
f6acab9c-f20e-43a7-8d74-aeaf5897c8cb,fog,s5,0,0.681439,0.810540,0.810559
f6afbb2b-d8d8-4622-8be7-a08f75bc1a07,clean,s5,3,0.510930,0.676293,0.676368
f6b6c375-902c-436e-85db-43f9ca8cda81,fog,s5,1,0.213226,0.301050,0.423685
f6b6c4be-0183-4c0f-b966-50afac3cf0cf,shot_noise,s4,0,0.832263,0.904078,0.954066
f6d4e2c6-f59d-4939-b46a-b28dccd537ef,shot_noise,s5,0,0.688146,0.814500,0.819411
f6d73811-4f41-4e99-9e61-1784be17c039,gaussian_blur,s5,5,0.320351,0.454026,0.542443
f6deba37-ce3c-42c0-a5f1-eab414ee44c3,shot_noise,s5,2,0.597915,0.704863,0.895776
f6e5391d-b168-4808-858c-b1c342346776,fog,s5,1,0.419537,0.587787,0.599104
f6f3271f-f55f-42b1-95e9-c96eac2ac4e7,fog,s4,1,0.592515,0.732259,0.788443
f6ff7e44-a6ba-4c08-9b97-9fc249a1a649,clean,s3,3,0.387220,0.522926,0.632347
f70a1be0-b2de-4570-bf1e-44b0f0196713,shot_noise,s5,5,0.523346,0.677409,0.717143
f72b6b86-f206-41f2-ba4c-fed2f5dd9768,shot_noise,s4,0,0.727695,0.835405,0.884814
f733beb9-6350-403c-8d8a-0415660fcdcc,clean,s5,3,0.743330,0.851633,0.860438
f73a1b24-c919-44b4-8d72-53d1b2fa5c05,clean,s5,1,0.538184,0.698011,0.705572
f73d0153-3c3b-4b02-9ffc-907a02a704db,fog,s3,5,0.461427,0.531377,0.845074
f751656f-f875-4db9-800b-3e9428581ddb,gaussian_blur,s3,1,0.460165,0.479256,0.920331
f7521111-a157-4bef-b774-2141a360a351,fog,s5,0,0.525755,0.687071,0.695893
f76052fc-588b-4239-8e73-6c515a44a0d4,fog,s4,4,0.702268,0.822159,0.841616
f762f355-2042-4602-9905-7c260161f4a7,fog,s5,3,0.752976,0.856340,0.878176
f764b711-0807-490f-b1a4-9e88d46db258,fog,s4,5,0.683606,0.799680,0.873946
f773f1a0-f866-47a3-bdd7-d61bd22c2b35,fog,s4,1,0.325673,0.491146,0.491700
f774d945-3e4b-4800-af5c-da307e79cc95,clean,s5,3,0.701468,0.822350,0.836896
f779ccdc-44da-4f3e-aa9a-228c11f1b78b,shot_noise,s3,5,0.498942,0.569354,0.889509
f78262f4-23c3-4c9f-a2d3-487aacf0728e,clean,s3,0,0.510760,0.615911,0.833035
f7a3e97e-6827-48a1-9dba-3ea19e904626,gaussian_blur,s5,0,0.581434,0.726223,0.768571
f7a82102-491b-4741-8630-dbb03f587d7d,gaussian_blur,s5,0,0.353778,0.440948,0.668800
f7ab9c9e-db0d-4724-94ee-673e9f33c11c,shot_noise,s5,4,0.709189,0.828723,0.836461
f7b2e7c8-8e33-429e-8321-f96b047490bc,gaussian_blur,s5,2,0.596172,0.746892,0.747435
f7bbe51c-e460-4d19-9d1e-79f3aa51dc81,shot_noise,s4,5,0.768697,0.861444,0.925374
f7ce712c-aad0-4f6d-8fb6-55eebcc046f3,gaussian_blur,s5,3,0.377122,0.543613,0.556643
f7e013cd-00e4-4983-8312-3b467e10f2af,clean,s5,5,0.746468,0.853181,0.866075
f7f14af5-af97-4029-823d-661a13793b5b,shot_noise,s5,5,0.684159,0.801726,0.866619
f7f827d1-6f90-4a60-8f1d-a49ae9d676f2,shot_noise,s3,0,0.410129,0.535057,0.681988
f80efda2-3833-4577-8ee7-58d241e7750b,clean,s4,3,0.518885,0.674063,0.711413
f81da06c-b5d4-4e0d-80f4-503d0e31b934,fog,s4,4,0.676303,0.800697,0.838011
f8201a43-92b1-4ba6-a87f-240ec2fcbcfc,fog,s3,0,0.693250,0.789673,0.957509
f82061d7-80fa-4b7a-8f14-2b58c49565be,clean,s5,4,0.751307,0.856054,0.871483
f824b4fc-8131-4745-96ed-b95332fa93ba,gaussian_blur,s4,1,0.367782,0.523760,0.567217
f828d259-de81-44cb-9b7c-bba14da8065b,clean,s5,4,0.512415,0.677531,0.677861
f831d5e1-09ba-4370-a2b4-5de896a5d81e,shot_noise,s4,5,0.632106,0.763835,0.820128
f83ae240-93ec-4573-93f5-6a19329e206c,clean,s5,5,0.654191,0.785595,0.815923
f843d86f-531d-41f8-9b13-72fdae042ae0,shot_noise,s1,2,0.495107,0.497541,0.990214
f847d518-3cd9-495e-aeea-e82b08b78d72,fog,s5,2,0.447117,0.615651,0.623904
f8501865-b21d-4f8f-87be-f7f1bb99bd1c,fog,s4,2,0.280537,0.410596,0.484912
f86e1dc5-4408-4493-b15d-4a3fdbfb6860,shot_noise,s4,2,0.626800,0.756854,0.827093
f86e6017-2cd1-4b26-bace-62136e22fd21,shot_noise,s5,0,0.598857,0.745967,0.761461
f87547dd-a63a-4669-96dd-9096f6480442,shot_noise,s5,4,0.575214,0.730000,0.731558
f875f503-018d-4b5d-9d24-cb9ff2e11f97,clean,s2,5,0.475675,0.487534,0.951349
f87e45e6-f517-4b4d-921f-9cf603f30d3d,shot_noise,s4,4,0.693947,0.807117,0.882625
f88022d1-07ae-43c0-91ff-5ac733b56d27,clean,s5,5,0.655929,0.789187,0.806597
f881b2a3-6525-49b6-bf3d-16141dd16203,gaussian_blur,s4,2,0.663811,0.782690,0.868117
f883eb80-2844-4223-a9ec-9d19cb195b7d,clean,s5,4,0.400151,0.564214,0.588492
f88a04ef-51ca-48f4-b24c-5229c7a18987,clean,s5,2,0.511979,0.675025,0.684017
f88b5679-2367-4f21-95b4-a0bad8ac8220,shot_noise,s5,0,0.628657,0.771903,0.772396
f8933b4f-9660-4562-a61a-c8c905128e27,clean,s4,2,0.839257,0.911261,0.927744
f89c0fc0-28c6-4460-b11a-6e06dd43bfd4,fog,s4,0,0.476996,0.587763,0.786928
f8bb64e4-2614-4849-9677-768215a2eefd,fog,s4,4,0.494114,0.640364,0.719947
f8c1bfe2-b8c8-4034-bb8d-e116a01bbdb0,fog,s4,3,0.522179,0.681379,0.700891
f8c61025-4181-4b45-bd89-4529aa19232a,fog,s4,0,0.664070,0.786167,0.854064
f8cab903-855c-456c-b12b-cb5715b43d90,clean,s4,3,0.713246,0.821132,0.896880
f8e45a9f-fc24-4698-a1f6-4922900888ad,shot_noise,s4,5,0.761047,0.861082,0.887563
f8ed1e75-1b7a-410a-b058-98c95e60f5da,fog,s4,0,0.706433,0.821318,0.865160
f8f757aa-0476-402d-b96c-22ec57fbd74e,gaussian_blur,s5,1,0.765687,0.865888,0.877798
f8f87f59-8483-418b-89be-32d02565ebf8,gaussian_blur,s4,4,0.641436,0.771827,0.824187
f8fa6028-3d6a-4174-a90e-c01cd69e0303,clean,s5,3,0.416639,0.584744,0.596551
f8fb2ba9-c707-40e8-9a8b-7cb45a9f95e8,clean,s5,0,0.606936,0.755263,0.755936
f8fe46f3-5a37-459c-99ec-76eac90326b6,gaussian_blur,s4,0,0.813914,0.893810,0.931329
f921aaca-1d93-4321-b518-e29d494e2416,fog,s2,4,0.263147,0.365278,0.497595
f928c62d-ad57-48d2-9e94-e6814ea48038,clean,s3,5,0.709967,0.802801,0.970275
f92d99b9-e0d7-407e-88db-1ec5aca07122,clean,s3,0,0.465792,0.593766,0.738405
f937214e-d338-4bf1-85bc-d106b90cb8d1,fog,s5,3,0.467966,0.633303,0.649211
f9411936-4c29-4340-9abd-ae62b20a4f15,clean,s5,2,0.306786,0.469454,0.469664
f97d772f-2750-4dac-9da9-963534f614c0,fog,s5,5,0.489475,0.628520,0.734571
f982dcd5-ff23-43b2-88db-8b9974be6c2d,clean,s3,4,0.614159,0.713526,0.926560
f9855faf-6f22-4e95-ab0b-5594fc03befa,shot_noise,s4,2,0.590506,0.717059,0.832591
f98e2153-2229-4619-a24b-6e15f1e6e8d6,shot_noise,s4,2,0.772189,0.864723,0.921195
f991421f-5c54-4e40-972e-255758dccd71,shot_noise,s4,2,0.629347,0.765601,0.802005
f99524d0-f7d9-4108-af15-3c80a5a98cf1,clean,s4,4,0.477102,0.611553,0.734670
f99fdacf-b3d8-43ed-a89e-992041018a21,shot_noise,s4,3,0.713502,0.820359,0.902053
f9a72185-6772-4f2f-81e6-34190dca09d1,clean,s4,2,0.814236,0.895520,0.917592
f9a741e6-e9bd-41a3-b825-04ed17a54f89,gaussian_blur,s4,4,0.392445,0.520928,0.652912
f9aff032-718d-4fa9-9c50-5d6535e73109,shot_noise,s3,0,0.736167,0.830657,0.950669
f9b757f4-eb83-40f0-bf0f-784f62196531,gaussian_blur,s4,1,0.742233,0.842156,0.914720
f9bb7e90-3eeb-4c86-aa6a-4abad928498e,fog,s4,2,0.400117,0.561718,0.593976
f9bbdf7d-4078-4983-b940-3a29d295f3a9,gaussian_blur,s4,5,0.546053,0.678006,0.794512
f9be3703-e67a-4270-8e2a-38d0a0221222,gaussian_blur,s4,1,0.788048,0.874346,0.938096
f9c6fe78-0a76-4868-87ff-c1f13d8b9179,shot_noise,s3,0,0.493820,0.571614,0.870160
f9d2159a-507f-4133-a2c5-f49ebe88c70e,clean,s3,0,0.634918,0.730281,0.948785
f9d46650-ae2e-4927-96f9-30e471b58267,clean,s5,0,0.593862,0.744501,0.747867
f9d5f6e8-eabe-4246-8301-1a2198a787d9,shot_noise,s4,3,0.410257,0.580702,0.584483
f9dd469d-4d62-4bc3-9a2f-9dca76437694,clean,s1,3,0.484526,0.492141,0.969052
f9df218f-6dd7-4b26-8ba6-fb9591db9333,shot_noise,s5,4,0.677991,0.808062,0.808288
f9dfd48c-d87d-480b-a620-6961af831de7,shot_noise,s4,0,0.477966,0.615554,0.728037
f9e0da62-f451-42ee-bb7c-cd8cf5d8a958,shot_noise,s5,0,0.385531,0.516843,0.638610
f9ec24fd-6dca-45d1-ab0f-704b2b3123e2,fog,s4,0,0.802804,0.888902,0.906053
f9f7d711-d36f-4d77-a36e-59ff9e1abaa1,shot_noise,s3,3,0.422236,0.503384,0.775755
f9f9886a-43d5-4bfe-84a0-e98bb4bdf250,clean,s4,3,0.251656,0.398249,0.408547
f9febce4-a1e5-47f6-9569-7513483bd36d,shot_noise,s4,2,0.758846,0.853585,0.926447
fa0048ac-1885-4d27-820e-22e85a970ae2,shot_noise,s5,5,0.619679,0.764466,0.768251
fa11dc70-7bfc-45c4-b4e8-5098d5b522df,shot_noise,s3,3,0.571606,0.696334,0.829774
fa1fe8bc-cf6c-42e5-aae9-c19e0694da32,clean,s3,5,0.713946,0.812505,0.942958
fa2179d1-7983-4297-9fb6-c1636b85f5c6,fog,s3,0,0.591292,0.703115,0.878043
fa25a826-a623-49a0-a735-2eee93330ed1,clean,s4,1,0.667469,0.797632,0.815131
fa2b1109-6141-4d1f-93b8-a6af44f02ad8,clean,s1,4,0.495107,0.497541,0.990214
fa3b7647-c548-4e69-beeb-f0715cfef435,fog,s4,1,0.323896,0.487665,0.492512
fa4781c1-2eb5-4344-9da0-31c9d9399797,fog,s3,4,0.460165,0.479256,0.920331
fa4878cb-8efe-4795-a052-b8a199ebb9ad,gaussian_blur,s5,4,0.263584,0.395712,0.452759
fa4a4d97-1975-402e-b2f6-8a85b3c45aaf,gaussian_blur,s4,1,0.514180,0.671327,0.702965
fa4c4559-17e1-4dbe-ae02-42a9899a856b,fog,s5,4,0.182194,0.298520,0.322074
fa4e6cb8-3a7e-445d-872e-c3a4dab9dd2e,shot_noise,s5,5,0.788320,0.881532,0.882475
fa52e738-73d8-456b-9021-2f11e6022b54,fog,s5,2,0.564581,0.721599,0.722075
fa61390d-c6cc-465c-ae3e-42c34d6857de,clean,s3,4,0.493879,0.571674,0.870224
fa62e82b-ac8f-475a-9fcb-31d65c016271,gaussian_blur,s4,3,0.503707,0.656756,0.708404
fa691e2b-2992-4463-8cb4-7df86d96eb64,fog,s4,3,0.340140,0.411021,0.671627
fa70a429-702b-46fb-8f4f-5e3c0daa4d40,fog,s4,2,0.688768,0.797340,0.906324
fa7dfdbb-b30c-4dc9-8fc8-9d6ef4d46448,clean,s4,5,0.714449,0.821710,0.899261
fa8e7bca-f15d-4666-8586-d39ca0675957,clean,s5,5,0.678397,0.805820,0.821605
fa8f9cc9-115f-4dac-b03d-3b5863e1c73d,gaussian_blur,s5,1,0.563548,0.718861,0.727963
fa933203-5e26-43d8-8878-f10068d3f47e,shot_noise,s5,1,0.741915,0.851374,0.854961
fa9925c4-001a-4ded-bdf1-61264024a1df,fog,s4,2,0.509853,0.662919,0.712299
faa395df-aec1-4241-bda4-c6c34560555f,shot_noise,s5,4,0.489194,0.649431,0.678560
faae05f5-9edf-4775-9acf-8b6f5e860b59,gaussian_blur,s3,1,0.517488,0.592604,0.901546
fab357b5-ce7d-4298-a8c7-5bcf3da6c664,shot_noise,s4,3,0.440359,0.599824,0.640528
fabd11c6-a24e-458f-be8e-8db93a4326fc,shot_noise,s5,3,0.736555,0.847014,0.856661
fac4eeb5-118a-41cb-90fc-f03105adadfe,clean,s5,4,0.446211,0.616901,0.617531
fac7514d-7f2f-4578-b0d5-3a5711f998ad,clean,s5,0,0.603045,0.736763,0.811680
facfb889-48f2-47b5-b49b-68754d8389cf,gaussian_blur,s4,4,0.494224,0.649393,0.696080
fad4cced-92d9-45ba-a1ed-d5b105268ae9,shot_noise,s4,4,0.513545,0.621997,0.828337
fad6c0e3-a6f2-4bf2-b9c7-d062115d9911,gaussian_blur,s5,2,0.255280,0.340796,0.506752
fad795fd-985f-4548-be6f-c8b24c1f0aa0,clean,s5,2,0.545573,0.700636,0.723840
fae337b5-4454-49cd-ac3e-a739e9e9f114,shot_noise,s4,5,0.750753,0.848484,0.918030
fae370f0-ef8c-4147-8292-59662234b4b5,shot_noise,s5,2,0.674470,0.801430,0.826553
fae9808f-8548-45af-a555-148292acd3a3,gaussian_blur,s5,4,0.432676,0.578138,0.665339
faf890d5-37a6-457d-9845-c949b38caf95,gaussian_blur,s3,1,0.285933,0.393303,0.529440
fb0140e7-8b56-4017-ba91-5501a8ddcb6d,gaussian_blur,s4,2,0.416098,0.566659,0.636150
fb0170f6-7d98-419d-bce4-15268012bbb2,clean,s4,1,0.724526,0.835418,0.869691
fb082531-6034-4dc5-8489-2e32d047e6d0,fog,s5,0,0.598857,0.745967,0.761461
fb084cd6-2e00-468c-97c9-7fc6895cb579,shot_noise,s4,2,0.585403,0.728887,0.773915
fb0aeee5-77b0-4625-806b-2ddaadc2cd50,clean,s4,3,0.775241,0.868088,0.913606
fb0e6b55-d97e-4446-9fc0-11a8e42a457e,shot_noise,s5,5,0.270105,0.419681,0.435056
fb103903-bb61-4a29-a18a-6b1d2e1f2ab5,clean,s4,2,0.766136,0.865268,0.884779
fb1ca46f-5917-42b9-bd00-ad44daf2e0d2,fog,s4,1,0.626005,0.749171,0.852997
fb283bdf-9592-4429-b510-75e321ba50dc,clean,s4,2,0.603441,0.712149,0.893499
fb3f593c-ad97-48fe-ba80-ffe890095e98,shot_noise,s5,3,0.464962,0.612539,0.692171
fb40e00e-6299-49e9-a934-b6dce25d30f7,fog,s4,5,0.414799,0.571345,0.621426
fb55f627-135a-41fb-a686-9093f42e2129,shot_noise,s5,2,0.476286,0.630306,0.685669
fb5fb7ba-d2fb-42a0-9f0e-5afc7b1653f8,gaussian_blur,s4,1,0.592603,0.721324,0.826261
fb78697b-5920-4b97-9fd6-a00ee9fea3a7,gaussian_blur,s4,0,0.718224,0.818231,0.933801
fb972f87-c327-4c42-aab7-cb59d477f84b,clean,s4,4,0.549470,0.661324,0.850705
fba005a5-a63e-4afc-92b3-85d7f924a28c,gaussian_blur,s4,4,0.679615,0.797403,0.867734
fbb0f878-92e3-419f-97f7-b845e53c0603,fog,s4,0,0.562669,0.653934,0.911446
fbbde624-8b51-415c-9567-90d64ea222db,clean,s3,3,0.643897,0.758036,0.888114
fbf3917d-d3b8-4f20-a5bd-9447d1ac12ef,clean,s5,2,0.824431,0.902454,0.917237
fbf4de35-b826-47dc-9c94-cc72b507c1d5,gaussian_blur,s4,2,0.406709,0.503158,0.729365
fbff0082-5699-4cb6-aef0-c5122f538e17,fog,s5,2,0.482425,0.649026,0.656080
fbff186c-8ab4-42b9-a6a7-a701bc546f4c,fog,s5,1,0.624767,0.767789,0.774507
fbffba95-f0e9-4303-9bdf-04d0d75a54ff,fog,s5,0,0.584378,0.728231,0.772426
fc05898b-76a1-4c12-9729-7e31a20b2da4,clean,s5,4,0.785356,0.878778,0.888000
fc0c9b51-7ecc-464c-ad08-1756679e8713,gaussian_blur,s5,0,0.618428,0.764225,0.764267
fc12c45c-f177-4015-a5bc-484e492d6cca,clean,s3,0,0.765334,0.851076,0.974469
fc136086-3e37-4ee7-894c-12ecb8e39f64,fog,s4,3,0.603264,0.737387,0.810267
fc467955-dcce-439e-a0b9-58a704bafb5e,clean,s4,1,0.647114,0.772831,0.842645
fc476ed4-c899-456c-bab5-607e32c88791,shot_noise,s5,5,0.623313,0.760230,0.800155
fc481295-b2e5-4854-8ec1-80a83b140ca7,clean,s5,0,0.499114,0.664406,0.670269
fc49f3e4-5567-4e91-9d42-aa49ce395f51,clean,s5,1,0.520743,0.684547,0.685824
fc4d8d62-e8ca-453d-bf6c-f43b3c5f6636,shot_noise,s5,5,0.725387,0.840725,0.841557
fc5eb446-6bcd-4bae-a920-16be147105cd,gaussian_blur,s3,0,0.667007,0.765642,0.947894
fc62301f-1958-49ca-9146-37e167e6a9bc,clean,s5,5,0.257781,0.392026,0.439296
fc653083-2dc2-41e2-b6d6-bb4fe6b1a6bd,fog,s4,5,0.417620,0.561725,0.651838
fc782f66-8cb5-4b00-8ec3-012391dd0743,clean,s4,3,0.420539,0.572756,0.637323
fc78dc3a-37ba-43ab-9dd2-2da7e3f52e13,shot_noise,s5,4,0.381577,0.534609,0.590562
fc7d0095-1369-4562-a0d2-2485c7db17f7,clean,s4,4,0.543581,0.664268,0.823584
fc92bfea-cf3c-4ed6-acd6-05375ef3ea5d,shot_noise,s5,0,0.441243,0.603693,0.634048
fca061af-336b-4d6c-a6a1-23053bb788bc,gaussian_blur,s4,0,0.742215,0.847389,0.882485
fca42ef8-72f0-4e80-9f82-06cbced34d8e,shot_noise,s5,2,0.461761,0.631283,0.633153
fca59291-e7dd-4d1f-afac-8cbef20b1a90,fog,s4,4,0.337930,0.443739,0.615562
fcabfd94-e770-4d34-ab22-a7b5ce8e21c7,shot_noise,s5,4,0.583512,0.736324,0.739488
fcb16bf5-b342-43d7-b928-eb42dc2f8d28,gaussian_blur,s4,5,0.797431,0.880869,0.941291
fcb1d634-995b-495e-b168-0edd0cc0ccbe,clean,s5,3,0.426192,0.597109,0.599043
fcb59390-0d5e-43e3-b267-c5df5c9f3b09,shot_noise,s3,4,0.330808,0.457936,0.569502
fcb70dbf-ab95-4ca9-b89e-0e296aaaf89f,clean,s5,5,0.708923,0.828065,0.839021
fcb9ba5a-95c3-4523-85d0-618b33809dbb,shot_noise,s5,4,0.491387,0.647524,0.691429
fcc3da38-fb8a-4a3c-aef6-0a105bfabf3f,gaussian_blur,s4,3,0.499638,0.621231,0.785451
fcef2e88-31ba-4608-990c-ad6503a4f8f1,fog,s5,0,0.587643,0.731006,0.774711
fcfbad0d-ecc7-4dd3-af5e-8c467a91e803,shot_noise,s5,3,0.542234,0.680321,0.774688
fcfbc995-b506-491a-af88-2765956fb803,fog,s4,3,0.527791,0.608517,0.901410
fd0ab3f2-abb8-4103-9f63-c4505c8b0230,fog,s4,3,0.484695,0.650806,0.658979
fd0b5e9a-a548-402c-9e16-43954dcff6f4,clean,s5,2,0.805240,0.891229,0.900245
fd117f29-d792-4269-a21f-c17929e27c31,clean,s3,0,0.630462,0.727111,0.942811
fd16a3da-2933-4f43-baed-0f2b34b9febd,shot_noise,s2,5,0.566174,0.657070,0.915264
fd1c6ae9-8aa2-4f95-8813-bb66bb1e95e3,shot_noise,s4,3,0.406162,0.577322,0.578555
fd218846-6b80-4348-9dc9-32242e37d6ed,fog,s5,3,0.642723,0.782507,0.782523
fd2bc01a-f5c2-4157-a2bc-45032a7b05b9,clean,s5,2,0.578839,0.730709,0.742667
fd317c14-4dc4-4169-9021-29d1418d932b,fog,s5,1,0.518775,0.677836,0.699643
fd3332bf-79be-4bc3-ad5b-0af2b1ef76a5,fog,s4,1,0.489959,0.650380,0.678565
fd3768d6-a711-46d3-be7a-b200d5875faa,gaussian_blur,s4,2,0.793535,0.882939,0.901499
fd40cd94-ca77-416f-bbcf-41482b2833da,shot_noise,s5,5,0.493297,0.630485,0.742400
fd4a604a-08a4-42f1-8699-ebef7b2b1e4b,clean,s1,0,0.395089,0.450323,0.777573
fd4e96c0-d1d2-43e1-9a91-377af2ba8dcb,clean,s5,4,0.611642,0.758947,0.759375
fd50817b-7245-48c2-8671-8245b3b2e4b1,clean,s5,4,0.715313,0.831401,0.849638
fd5322b2-0f7e-4b06-b4bf-9cdd73fa4e87,fog,s3,4,0.424993,0.550054,0.699677
fd5fcc05-6cb6-47f8-920a-d52ba40136ca,shot_noise,s4,4,0.722615,0.831004,0.886141
fd63a6c0-511d-490a-b5c3-c908c8ac3200,gaussian_blur,s5,2,0.429789,0.597872,0.609447
fd6e0632-1fa7-473c-a8f6-929afa116288,clean,s5,4,0.622044,0.747929,0.842598
fd842155-7285-4e4f-9d88-c50324761a63,gaussian_blur,s4,3,0.631421,0.761788,0.825657
fd89fe5c-e479-4bdd-87fb-13b401d67f79,clean,s3,1,0.671257,0.779789,0.910045
fd8ae469-8a06-4f3d-b29e-b4e047880523,clean,s4,4,0.663729,0.788941,0.840240
fd8bac4b-5ee2-4e4a-9afc-eb8814634fab,gaussian_blur,s2,4,0.470816,0.484969,0.941632
fd924f7d-84fb-424e-bdfd-cb3f061d71fa,gaussian_blur,s5,2,0.559056,0.717161,0.717211
fd972389-35e0-4f1b-b570-3772c8d7a03f,shot_noise,s4,2,0.686515,0.797198,0.897575
fdbe3eff-7081-45c5-b127-f5f71b2d2c17,fog,s5,1,0.468704,0.611846,0.706293
fdd330ce-2276-422e-824a-dbb32a240b6f,gaussian_blur,s4,1,0.701766,0.810133,0.901737
fdddd2d4-6f16-42b9-9609-3869945392e9,gaussian_blur,s4,3,0.753294,0.851495,0.911781
fdf0ca4a-2018-4f56-84f1-2e116cf71704,gaussian_blur,s3,5,0.352679,0.491431,0.580485
fe0375e6-bcf2-4c39-b8a4-397e194f2d45,fog,s5,5,0.451128,0.620443,0.625236
fe06d24c-bf76-4488-bd3f-cb05b30f862c,fog,s3,4,0.569254,0.654826,0.930285
fe0f2d96-c951-420c-9f63-f5f265f52863,clean,s3,2,0.528650,0.608625,0.903808
fe15e7b1-753d-4056-a1af-357b4761ed79,clean,s3,4,0.586281,0.685867,0.908936
fe31d004-3130-4738-a285-7a2322df5de9,fog,s5,4,0.256376,0.400646,0.420590
fe3b4586-fcd0-4b99-ad83-6e2319c96498,shot_noise,s5,2,0.667914,0.799761,0.806574
fe4ef54b-e06b-4122-b958-0b1b2a926116,clean,s5,5,0.545192,0.703842,0.711810
fe53a1b1-bc12-4530-a597-a3ddda949aff,shot_noise,s2,5,0.504126,0.555253,0.929057
fe79bb74-112f-4b20-8335-94cc7f1f1668,gaussian_blur,s5,3,0.448781,0.619527,0.619535
fe842196-77f1-4294-9d6b-f2b297ee4149,clean,s4,0,0.655137,0.779132,0.848277
fe96ce45-7c4d-4ff1-9e2b-5f24509cac8b,fog,s4,4,0.488889,0.653227,0.666777
fe9cedba-cba4-4361-aa1f-62f9ad16243a,fog,s5,4,0.431858,0.603142,0.603393
fea3da16-df01-4359-b4dd-3393f9c30ca6,shot_noise,s4,3,0.742939,0.841746,0.920549
febb4853-d8f4-4c31-985a-e086e6829548,gaussian_blur,s3,0,0.517643,0.622664,0.839861
febb90ba-eb41-4317-bd6c-bb31c5aec14d,gaussian_blur,s5,1,0.658186,0.793358,0.796309
fecfd099-5496-408f-bf5d-26d8062eed74,gaussian_blur,s4,2,0.517192,0.650062,0.772400
fed66466-2f0f-4173-934e-bbde9286c524,fog,s5,3,0.611630,0.753290,0.782245
ff032c87-d93b-4464-a524-c95af21964d0,clean,s5,0,0.813726,0.897222,0.898037
ff085f1f-832b-45db-bac1-be02933fdc31,clean,s5,2,0.594889,0.745994,0.745994
ff0b410f-4c81-487c-b94d-bb71d24cf2b1,clean,s4,5,0.218732,0.358941,0.358965
ff16c322-7e02-4b76-bab4-266f4ec033df,shot_noise,s4,0,0.512646,0.657730,0.736491
ff25ec05-87ca-4816-a0cb-8cabddaf3534,fog,s4,0,0.503426,0.643785,0.742469
ff2fc212-84c1-4ec7-849a-6f84fd9bb796,shot_noise,s4,0,0.587712,0.718074,0.819253
ff3ae31b-6419-4d5e-b1a0-0c3fad6d0474,shot_noise,s5,4,0.739741,0.848835,0.860779
ff3d1b9a-b943-497e-b693-54f465e77ae4,gaussian_blur,s5,0,0.593401,0.744666,0.745441
ff3d43bf-66a9-4421-9ea4-de0450c9b582,fog,s2,4,0.626442,0.715734,0.962352
ff3e6557-f2ba-4e29-9593-6a74f40fd4a0,clean,s4,4,0.423553,0.487459,0.805008
ff43e632-cbe2-49f6-bc24-23110f43400f,clean,s4,0,0.478469,0.606310,0.751237
ff8a88b5-631f-4d26-a68d-2eb057f3d004,clean,s5,3,0.608763,0.755901,0.760528
ff9ada41-2e99-4f67-8f53-6e54b03e4fb0,shot_noise,s3,0,0.664425,0.759028,0.961707
ff9e26ac-89b2-4d30-aa60-8f5fe1cd3e8f,clean,s4,2,0.593714,0.735387,0.781664
ffa88c0e-30d5-4a02-ad0f-b45e03b945e9,gaussian_blur,s3,5,0.333307,0.454121,0.583963
ffb776fc-e1e2-42a2-9a2a-982cde4ee397,fog,s5,3,0.532850,0.681145,0.739451
ffbdf696-6d7c-4773-abef-43830ba87cbd,gaussian_blur,s2,5,0.437114,0.476113,0.860683
ffca72a5-ceed-4cb1-98ec-1bea49fbf4bb,gaussian_blur,s4,3,0.734641,0.843074,0.872192
ffcadabc-278e-4867-a3ad-a9100e68dc3e,shot_noise,s3,2,0.606744,0.713041,0.902325
ffdf6a40-b636-41c9-8f3b-1b8fb906c468,shot_noise,s5,0,0.664934,0.797340,0.805715
ffdfdf6d-aeb9-43c8-8241-338dc2424714,clean,s4,4,0.751824,0.848825,0.921225
ffe2b7a1-c98e-46ae-8015-3d556963975e,fog,s5,5,0.796093,0.886188,0.888965
ffee0d97-5fb0-48ad-a65f-51da7fcbc69f,shot_noise,s2,4,0.679794,0.773792,0.966693
fff9d8c0-e28e-4e74-9863-ef12cf20663b,clean,s4,2,0.273663,0.426595,0.435187
fffcd632-3490-4e4a-bb62-0b744e75cb5e,gaussian_blur,s4,1,0.522546,0.669664,0.737104
