uuid,corruption,scale_bin,severity,miou,dice,accuracy
000c7716-07d3-46ba-8ae8-8d538c36dea0,gaussian_blur,s3,2,0.469371,0.484201,0.938741
000d3ec6-33a7-4e83-8049-9b93e1b194b7,gaussian_blur,s4,5,0.855933,0.918957,0.964555
00176cc3-143d-4a73-82cf-848fe9719f02,shot_noise,s4,1,0.496951,0.567838,0.886352
002de6e4-4d8d-491e-892d-c36ebd6dc84e,fog,s4,2,0.906795,0.949784,0.977718
00324b4c-d785-4d33-8505-2eabbc1451aa,fog,s5,1,0.835187,0.909692,0.915738
003a5891-b473-4bc2-b0dd-8f64535f7d68,gaussian_blur,s3,2,0.865638,0.923903,0.981568
003b0c2f-31e2-4031-bb89-4c5f818fda8a,gaussian_blur,s5,2,0.899167,0.946902,0.947003
003c7492-e864-412e-bc72-b69ad2571040,clean,s5,1,0.870114,0.930488,0.931387
003f4953-8b3b-4021-b4d7-0940a4d19d1f,clean,s2,5,0.935511,0.965629,0.997280
004282b5-8605-41d3-81d6-632f3720ab0b,fog,s4,0,0.885747,0.938870,0.948282
0046ead6-4a72-41fb-a027-22de3f41ca07,gaussian_blur,s2,0,0.935511,0.965629,0.997280
00560933-2ce8-4a20-a355-11a8c5f8c0df,gaussian_blur,s3,4,0.966600,0.982766,0.997578
006408d7-c7e9-4ccc-80f6-bdd2e150ec2c,shot_noise,s4,1,0.956517,0.977651,0.983365
006505b8-b00f-406f-a44b-c8e82b5a6b4d,clean,s5,1,0.919130,0.957668,0.962421
00662ae8-325d-459b-999d-72e714e12bf5,clean,s5,2,0.229735,0.354555,0.403193
00837a3d-5d15-4de5-805a-24010304d754,clean,s5,0,0.929607,0.963512,0.963718
0083b1c7-34a8-410e-97b1-f26e9dbf3910,fog,s4,4,0.652877,0.783617,0.819436
008fab40-edb6-40e3-b371-6aa0cbedf5cb,fog,s3,4,0.630710,0.724482,0.951598
00c84c46-15d5-41eb-ae56-0e9ce1ef30ee,shot_noise,s5,1,0.943895,0.971024,0.975065
00cb6573-42a8-46de-b4a2-89174dffb6f5,gaussian_blur,s5,0,0.910356,0.953070,0.953177
00cc1a9d-a0dc-472c-808c-e7b24b749235,shot_noise,s5,1,0.862302,0.925913,0.928046
00ddb30c-1b6c-438c-b0a9-0280fcddc1d9,shot_noise,s2,1,0.829070,0.897378,0.995904
00df67a6-232a-4b71-9d5e-a4dd6fed04f1,gaussian_blur,s5,1,0.585123,0.728138,0.775531
00e3d6e0-52b1-4fb4-a7dd-f1cf7d6e36de,clean,s3,2,0.309516,0.450125,0.513808
00e4ef21-a72d-463b-a8c9-d871066117c3,gaussian_blur,s5,2,0.447547,0.613122,0.631872
00f67809-85b2-4e71-b353-db7a5705da52,shot_noise,s5,1,0.447591,0.613497,0.631067
01139400-831b-483b-9318-fea97a5f6e18,shot_noise,s5,1,0.855876,0.920444,0.946203
01179836-bcab-4d29-bd64-c1ac413ae15d,clean,s2,3,0.831869,0.899394,0.995941
011bbb76-cc1a-4252-97da-337431e21c2a,clean,s5,5,0.921603,0.959017,0.963733
014896f5-c3fe-4a35-b55c-9e33fd2a19cd,gaussian_blur,s5,3,0.565475,0.718541,0.736259
01633e98-2389-42de-b65e-c14aa40a26ee,shot_noise,s5,1,0.794084,0.883224,0.902354
0167157a-f067-49d9-8056-555905461767,gaussian_blur,s3,5,0.924049,0.959260,0.991585
017089d0-928d-4bbe-a3a2-b8587a051cfd,clean,s4,1,0.897803,0.944272,0.979845
0171ced1-572f-481d-8fad-d842f2b4a17e,fog,s4,5,0.746263,0.852208,0.871541
0176a624-5239-44b4-9197-935d07e548ab,gaussian_blur,s5,5,0.769290,0.867490,0.885547
017bf999-e1df-4355-8eb5-8655cee9e93a,fog,s3,3,0.843481,0.910013,0.971573
017c055c-cf06-4f8d-98b4-0d26d2d1c619,gaussian_blur,s5,5,0.683664,0.805000,0.848603
0186131a-f242-4c80-bbc8-5c98678cb086,shot_noise,s4,4,0.478941,0.539957,0.881840
0186e9f3-9859-42e3-943d-b657feedbb97,shot_noise,s4,4,0.858939,0.922241,0.948246
019e5cbf-5688-4858-b129-df6590d33e96,gaussian_blur,s4,0,0.882282,0.935787,0.963509
01a1d63f-eae9-4490-900b-f055e2aa75a0,shot_noise,s2,0,0.497553,0.504785,0.986981
01ae35db-81eb-4fc8-80c3-979d2ddd5139,clean,s3,2,0.926501,0.960816,0.988187
01b06e95-e46c-41f3-a1c7-ca0fcdebfb3d,fog,s3,0,0.809984,0.886786,0.967726
01b1a958-7d78-42f5-a4db-3a612834132b,clean,s4,4,0.421054,0.457144,0.842108
01b775fe-ab4c-407e-8c9d-c0c6c2a7a03e,fog,s5,2,0.829789,0.906171,0.915579
01b97cfd-dcc1-44e4-b38f-198141f9039f,clean,s5,2,0.543850,0.704521,0.704592
01d2d073-d7ca-4a94-8070-dd373b8a3d27,gaussian_blur,s5,5,0.789914,0.881882,0.888943
01dbf698-5677-4341-a59a-4ff599fe7608,gaussian_blur,s4,2,0.723300,0.829276,0.898944
01e12b60-b584-44bd-9bfd-10cd0f0fa4da,gaussian_blur,s5,2,0.788915,0.881972,0.882272
01f5bbe8-32a6-4717-b0cf-fe5d973caf29,fog,s3,5,0.958276,0.978298,0.996916
020c4f42-5014-4a8b-a3ae-34bb49ceaf09,fog,s5,3,0.429972,0.571872,0.670272
020e09a8-1bed-436f-a894-e79ec1f20c71,clean,s4,3,0.766886,0.859801,0.927012
02147aeb-9b00-44f9-8612-b2adfbfac292,gaussian_blur,s5,1,0.860760,0.924187,0.938133
0218ba4e-fcdb-4719-916c-e6b07a2f360e,shot_noise,s3,3,0.571140,0.652614,0.941280
021f1e90-b346-4aa3-8bb6-1f20d067442c,shot_noise,s5,1,0.428329,0.566157,0.677223
02206879-4799-4085-9e34-313db4a84c60,fog,s5,2,0.339496,0.404405,0.678992
0220b7d9-014d-46ae-89a4-3d41e8651908,shot_noise,s5,2,0.229490,0.354129,0.403005
022d8b38-62e6-4c7f-b12c-ac3bd1954210,shot_noise,s3,1,0.971872,0.985584,0.996267
023ee164-3144-4f94-ad40-a7a85970ff94,clean,s4,5,0.897803,0.944272,0.979845
0242c6aa-94c3-4d32-a861-9f2924a82770,fog,s4,5,0.376292,0.443885,0.731915
0247b235-10fb-4330-94b2-acfcbff23c5f,fog,s5,5,0.682246,0.804764,0.843637
024cbc94-f1e5-4ea3-ada7-88bf12ead6d0,clean,s5,4,0.728599,0.841314,0.853579
02508fea-9247-4f5b-9a70-b12b4203adad,gaussian_blur,s2,2,0.954180,0.976035,0.998162
02659929-b95b-47f0-8207-8a79c29b51f2,fog,s5,2,0.852046,0.919261,0.930673
028982e1-8423-4e26-970a-a786bc8c64ec,fog,s5,5,0.962509,0.980895,0.980987
028a9f2a-ec67-46a2-bd70-5a553f37d903,shot_noise,s5,4,0.943531,0.970936,0.971280
0291e47a-e865-460c-a6b8-08420aca6d91,shot_noise,s5,5,0.557434,0.713246,0.724869
02a2438d-4bf5-4eba-9cd9-08c6cdf1e3b9,fog,s5,5,0.866984,0.928698,0.929535
02aecef7-097b-4d8c-904a-23c2fd198082,shot_noise,s3,3,0.768465,0.855293,0.964325
02af9911-0832-4019-bb13-3de457aa3f79,shot_noise,s4,1,0.909346,0.951226,0.979081
02afd523-7e04-4479-a266-839ebad4523e,shot_noise,s5,1,0.547056,0.707211,0.707259
02b736da-b940-4b34-a1c0-6bf48c640f22,fog,s5,4,0.875979,0.932450,0.955200
02bc8348-129f-4bdd-b44f-12eebca90af3,shot_noise,s5,3,0.596245,0.722687,0.834948
02c228f0-4be9-4b57-8bf9-b61ed7da2577,clean,s5,0,0.713287,0.832113,0.835872
02c8b437-f6f1-4a6a-a29c-5cea63b901fd,clean,s3,1,0.965744,0.982309,0.997512
02ceca70-255f-4517-8e45-976e7e87a417,fog,s4,1,0.391048,0.438863,0.782096
02cfb4e8-ea76-4a6c-8bd9-46dc7d700901,shot_noise,s5,0,0.728599,0.841314,0.853579
02e15d01-eee7-49d1-881d-1eb668cfc54e,gaussian_blur,s4,1,0.434249,0.511645,0.797813
02e5200d-93aa-4069-8021-c83a3a8f8f06,gaussian_blur,s5,3,0.929314,0.963340,0.963963
02ea717a-4764-4e3b-9767-1a74ec8ef655,clean,s4,4,0.918637,0.957064,0.969931
02ecae1d-243d-4dd7-9b7b-04d0d4fe7356,gaussian_blur,s5,1,0.677938,0.800874,0.844155
02ecb121-db8a-4865-ab3d-c071fb560407,shot_noise,s2,4,0.574416,0.650806,0.955584
02f33e78-aee3-4f1d-995a-7b751f17e113,clean,s3,3,0.971599,0.985457,0.995076
02f38ff0-8285-4651-9721-39ec8f78993a,fog,s4,2,0.776174,0.865898,0.934279
0307258a-d3c2-43c6-8299-9d0455080940,gaussian_blur,s5,1,0.940122,0.969099,0.970360
030760b9-df67-4a52-a210-9911e40d487d,shot_noise,s5,5,0.836610,0.910561,0.916356
030b2938-ebd7-4c5f-8887-e0c5991a0083,clean,s5,1,0.553305,0.712322,0.712773
030c263d-e318-4e43-9079-a6de19aba25d,clean,s5,3,0.437071,0.549530,0.738698
031947aa-6a6d-488a-938a-f111ba58cf6d,clean,s5,3,0.612971,0.756029,0.776542
031e89d2-7e36-4c18-bb80-0c917a18b738,shot_noise,s2,1,0.936396,0.966132,0.997317
0320d0e9-5d40-466e-8121-ef6f7ac0f003,gaussian_blur,s5,0,0.927488,0.962309,0.964270
032662d2-b646-4e66-bbcd-f852aea662dc,gaussian_blur,s5,5,0.977198,0.988460,0.989104
032beebc-1ff4-4dae-9d01-fb7822052f37,shot_noise,s5,4,0.712958,0.831944,0.835317
032f38b3-62c3-4403-967f-ee68a04117de,fog,s3,1,0.961568,0.980073,0.997211
033d9d05-7b5e-4b38-a3b0-6463564df82e,gaussian_blur,s5,5,0.626950,0.765650,0.792283
033fa0a4-7818-4470-b545-f05fa74e8d25,fog,s4,0,0.920412,0.957707,0.978645
034d25f8-fe6b-4e9a-8b08-778bf3b31d02,clean,s5,2,0.321466,0.484502,0.490464
035a4263-2106-40c4-bedb-80b57edc0951,fog,s3,0,0.725380,0.818176,0.965453
036209a1-682b-4756-bee7-de86140fd293,clean,s5,2,0.903750,0.949280,0.952637
03696174-6999-4e3f-998b-6313a1d847ba,shot_noise,s4,5,0.851059,0.916377,0.957332
0369f757-6d75-4603-b609-45bfef8e998e,gaussian_blur,s5,4,0.856146,0.921780,0.931688
0378571b-36f7-447b-815a-6ff6bcae5e04,fog,s3,1,0.895706,0.942659,0.985538
0379a254-1af4-4f78-8e2e-ac9fbd90d47d,fog,s5,1,0.890852,0.941982,0.947345
0383268d-d7dc-41dc-931e-638a41ab80e9,shot_noise,s5,3,0.887922,0.940626,0.940762
03a8e0c6-5305-41b6-a717-a9d89ece408e,fog,s2,1,0.727506,0.815415,0.987707
03a90ec6-965d-40b1-b7a9-ca8e9ae61684,fog,s3,4,0.777055,0.861822,0.966603
03b13469-1025-4bcb-bd61-1215d3364d28,shot_noise,s5,0,0.910122,0.952772,0.956636
03b54d09-c025-4e63-a42b-5458ad684283,clean,s4,1,0.826100,0.901652,0.936464
03c270e2-81ba-473a-b142-376803a74ab7,fog,s5,3,0.946494,0.972511,0.972526
03c3b8b7-3c4a-423d-8e74-76e63c3bcc2d,fog,s5,0,0.913790,0.954907,0.955976
03c86a39-b943-415b-90cb-1526a9c586a5,fog,s4,2,0.638978,0.768748,0.827205
03d2ca49-93ce-4c9a-92e6-db403e733232,fog,s5,5,0.371295,0.540424,0.543919
03e47419-fcf1-407e-bb09-f628c9af568e,gaussian_blur,s4,1,0.633504,0.758896,0.845077
03e8c407-092a-4b74-8f7a-ffc814ee1516,shot_noise,s4,2,0.509687,0.581667,0.898859
03ee7594-3a93-450b-bafa-320a3f24f420,shot_noise,s2,2,0.726391,0.814359,0.987790
03f314d2-5955-4aa2-b653-8eea69eff6c9,shot_noise,s4,1,0.598773,0.719278,0.855063
03f78f4b-156c-4021-a60f-88f647e5ddfe,fog,s5,4,0.834736,0.909589,0.913643
03f9d05f-5e4a-47bb-adc9-3c4415589417,clean,s4,0,0.823854,0.901769,0.920240
0401648c-de67-4dd3-9f91-78b9c9cbebd5,fog,s4,2,0.872970,0.930624,0.954575
0423aacb-29e0-499d-b12e-b6807a465bfe,clean,s5,1,0.860366,0.924393,0.932210
043151ec-a34a-48f1-a327-376d404b2ea5,clean,s4,3,0.950251,0.974336,0.980521
04335316-d1ee-4d7d-8bc2-f8f542da63e1,clean,s5,2,0.834246,0.909450,0.911664
044485d5-bd21-406c-b212-ff7ee03487b4,gaussian_blur,s5,3,0.916924,0.956653,0.956862
0445a645-4513-4ba7-ae45-b20b3a0ee700,shot_noise,s4,3,0.961102,0.979922,0.992276
044d207f-2f77-4fa3-9238-63745459a354,gaussian_blur,s5,5,0.886291,0.939393,0.945081
045443a3-ec53-4b26-8e19-3ea56782ba56,shot_noise,s3,2,0.310836,0.451493,0.515755
045d24c1-0d4b-407c-9655-6daff42e2d75,fog,s4,5,0.360085,0.510119,0.569075
046c0bff-e3b3-48f8-b138-b0643aeb9fe2,gaussian_blur,s4,1,0.839484,0.907906,0.965217
04700061-e8d9-44da-ba6a-9a01f68dac14,fog,s5,2,0.281765,0.433390,0.450704
0478cf58-4376-4506-8e70-09dda3675e13,shot_noise,s5,2,0.449402,0.614767,0.634016
04adafe8-023b-477d-a70c-83a71b1e26a7,shot_noise,s5,3,0.437084,0.549543,0.738716
04b293a0-3416-49b4-9fd7-d02522958ff8,fog,s4,4,0.939087,0.968175,0.981525
04c7dd50-7956-49fd-a144-0490ef5acf47,fog,s4,4,0.958826,0.978737,0.990450
04c93b0c-fd62-466c-94f8-6c7e5d9eb687,clean,s5,3,0.764145,0.866170,0.867327
04d7131a-a06f-44c2-a6b6-731d9bd35000,gaussian_blur,s3,2,0.959957,0.979263,0.994368
04d9b2e0-fe00-4529-be86-b249cf0b0d14,gaussian_blur,s3,4,0.473592,0.553116,0.843397
04e1d614-dee2-40b6-850f-5bebe785cbae,fog,s5,2,0.619141,0.757947,0.792995
0508c75c-f346-441d-8d41-3bc61a83cdf2,shot_noise,s4,5,0.847134,0.914882,0.944965
05099670-0791-4886-889b-f5aed2c9d699,gaussian_blur,s3,3,0.848031,0.913050,0.972011
0510afaa-4231-443e-8290-4e5a501bb32e,gaussian_blur,s4,2,0.458374,0.561649,0.781367
0510b2a8-5cc8-41ca-9a14-8899e3068c0f,clean,s5,0,0.883350,0.938056,0.938176
05291a5f-19c6-48cd-92af-e59c63cbca86,shot_noise,s5,3,0.554844,0.713588,0.714080
054d5c81-0fb3-4022-a141-08434216b7b6,fog,s3,3,0.682983,0.779656,0.956763
0553dd96-0956-4446-89cd-3c0ef095573b,shot_noise,s5,5,0.949164,0.973887,0.975139
055de620-dbbc-40ff-8b42-842bc2a76ff9,clean,s4,3,0.731817,0.829203,0.938476
055f6563-68b3-40e6-a503-6b3a0d08a2ac,shot_noise,s4,1,0.962857,0.980856,0.992631
059272a3-a6c0-4d46-b8bc-7e530c41ae72,gaussian_blur,s4,2,0.845888,0.915514,0.928313
059a795f-295c-4e30-8faf-7ed6e6367473,shot_noise,s5,2,0.299202,0.455600,0.469765
05a79f7c-662f-4393-a802-3c071e5089e2,clean,s5,5,0.860366,0.924393,0.932210
05a95b3b-3ba6-4365-b4c3-fe9a31a65d82,gaussian_blur,s4,3,0.933497,0.965256,0.975633
05c1b521-1383-4731-983e-a7fa777ffdaa,clean,s4,4,0.766886,0.859801,0.927012
05cca66b-b7ca-4b97-8aee-a32daa178066,gaussian_blur,s2,4,0.879581,0.931812,0.996366
05d79a90-c716-43fc-bef0-6c73715bef22,clean,s4,2,0.785187,0.873752,0.926533
05d9aab0-4823-46f4-8071-0945dc35d3f0,gaussian_blur,s5,4,0.875400,0.933510,0.934324
05ecabf1-c995-4c54-8d11-9d555339e2a6,clean,s5,2,0.781770,0.875632,0.892704
05efb234-dc0c-4998-8c7e-256600b0a11f,gaussian_blur,s4,1,0.555128,0.687771,0.797723
06011287-e561-4eec-a844-1f025bdafa99,shot_noise,s5,2,0.723414,0.833778,0.874016
060c7db8-f74d-467d-8185-2577bd825c8e,fog,s3,2,0.329261,0.470255,0.542880
060cc9fc-9a0b-459a-b99f-de1f78f8930c,clean,s5,3,0.691997,0.805641,0.881369
061224ae-1c8c-4462-b658-8a3f6bfd0b1b,gaussian_blur,s5,4,0.814666,0.897212,0.904259
06178902-43e9-48c6-8418-f259dc0bb94d,shot_noise,s4,4,0.957277,0.978036,0.984395
0620b5a4-c199-4644-a47f-1e91894fd020,gaussian_blur,s5,1,0.887091,0.939847,0.945508
0625f500-b421-45aa-aa16-906efcc8fde2,fog,s2,4,0.511195,0.568247,0.927376
062dc877-c2d3-40e5-9394-07e26f16cc06,clean,s5,1,0.905823,0.950582,0.950635
06360292-5dfc-4484-b84c-39895551eb2f,fog,s3,3,0.766294,0.853637,0.963669
0639720f-3f54-474d-8438-8798c4eb8662,clean,s5,4,0.941551,0.969767,0.974149
063cda59-e379-4457-86de-1f166365752b,fog,s4,0,0.604761,0.751136,0.764048
064c8607-8e9c-4e4b-a452-6a87227d75b7,gaussian_blur,s5,0,0.597773,0.748187,0.748539
0651af53-9756-428b-86f0-1201d8bdc1cd,clean,s5,0,0.532432,0.694885,0.694885
06555bfc-8d68-4364-bdef-44271cdb2a42,shot_noise,s4,4,0.875503,0.931735,0.961227
065acd1d-7191-44bf-8e73-ba244a3a11f1,shot_noise,s4,0,0.919094,0.957026,0.976816
065d8213-b743-48f3-996e-cd4567614758,fog,s3,3,0.769575,0.855346,0.969605
066a1e95-f0a9-46c2-a54c-25500a6c192f,shot_noise,s5,3,0.529774,0.692124,0.694222
067b74d6-6e78-402b-9234-fd15485d143c,clean,s4,1,0.838005,0.908099,0.952829
067cec2c-5921-47ef-ac75-7e06e09d51f4,fog,s4,5,0.711178,0.812450,0.931266
067e8fa9-f2f2-4842-93dc-bfa31adae33b,shot_noise,s5,4,0.849138,0.917865,0.925108
0698a069-8bef-4e9b-b88b-cd5b816e2d0c,clean,s4,0,0.883198,0.936875,0.955429
069ec67a-b172-4ac6-8b3c-f5988c15564d,clean,s5,0,0.800150,0.888977,0.889024
06a0eb2b-a73f-462b-9ad2-348f2e6fb503,clean,s4,3,0.868747,0.927046,0.967024
06a1351f-0e77-407b-82c1-eea731a34c8e,clean,s2,1,0.890884,0.938966,0.996824
06b8b7b3-68fc-4dc4-a62c-9d12cad02998,gaussian_blur,s4,4,0.703360,0.818575,0.865952
06bafbe0-ee38-4b76-bc6f-f27e4d7ce33f,gaussian_blur,s5,5,0.510868,0.676227,0.676352
0701ba1d-13ac-463b-bcd7-4eb6daeea3eb,shot_noise,s4,5,0.677330,0.785197,0.912058
07168ba0-392a-435e-b7f5-785e54ee4d8c,clean,s5,2,0.918751,0.957371,0.964332
07193968-bc0e-4187-bc62-b034964d173f,gaussian_blur,s2,4,0.827595,0.896316,0.995845
07276585-e97f-4e6a-aef4-7eb2e12ff5a6,shot_noise,s5,5,0.564245,0.714864,0.744446
072a92b7-60b3-41aa-972a-33bf784edfe6,shot_noise,s3,3,0.652859,0.753296,0.938651
0736b846-6e82-4205-b792-6be1b59433b1,fog,s5,2,0.877131,0.934406,0.936644
0746e57b-9cc8-4d25-b0f1-22a55ca22b92,clean,s5,3,0.588345,0.731028,0.777259
074de434-23fd-43f0-9743-c1f677c85d92,clean,s4,0,0.817214,0.893841,0.951909
07578526-002b-4110-842f-d3bc82af74f7,shot_noise,s5,3,0.809453,0.894685,0.894768
075e4ef0-bc73-438b-80e8-b480bb8f6961,gaussian_blur,s3,1,0.577497,0.705308,0.823317
07650f1b-f2ef-445c-8bb0-ffb9e35ab0d4,shot_noise,s4,4,0.485462,0.600265,0.787088
0766d262-5bd1-4d72-977f-c096f719c84b,gaussian_blur,s5,1,0.459944,0.525834,0.849946
076797d6-d574-4541-93eb-84650543b614,shot_noise,s5,4,0.514349,0.678887,0.680589
078367b1-48e8-4733-830d-28d36f4719f9,clean,s5,3,0.810920,0.895540,0.896053
07836cdb-8df4-41bd-aae3-9541c161e28d,fog,s3,4,0.455680,0.482478,0.903536
0783b4c5-98f2-443b-a924-d21222a55963,fog,s4,1,0.549163,0.704344,0.724661
078ed57a-18e8-43f2-bbdb-d24b51744dbc,shot_noise,s4,2,0.827873,0.902801,0.937013
0795c68d-1d8d-48ea-91b9-3946211c53d7,fog,s5,0,0.819584,0.900734,0.901989
07a20c9d-4c3c-45b6-8a85-26b98fc30f39,shot_noise,s5,0,0.922128,0.959113,0.968619
07a7f714-1e6a-4314-aa0a-04afb1698c5c,fog,s2,1,0.924186,0.959120,0.996800
07aa7ab5-4501-447f-a75e-242a0120508a,fog,s5,0,0.678969,0.785458,0.917557
07acb508-0a0a-4e16-9d23-3557e69ca770,gaussian_blur,s3,0,0.407163,0.533500,0.675595
07b53ef3-c46f-426c-b038-85bc2c8c99bc,fog,s5,2,0.873856,0.932166,0.940283
07b960a5-596d-45b0-887c-c0885e55d234,shot_noise,s5,4,0.705390,0.827170,0.827696
07d1d8dd-2164-4cc3-9684-bd9343e2ee72,fog,s5,4,0.962469,0.980874,0.980967
07dd39c1-9606-47a2-9519-59e02e422180,clean,s4,3,0.974086,0.986840,0.989328
07e0473f-48d6-4bfb-b316-b99e64c64d30,gaussian_blur,s5,5,0.917100,0.956748,0.956988
07e40175-5a1d-467b-8565-8a34ca6a3d6f,fog,s4,4,0.809736,0.892906,0.913174
07e64710-c7b1-4a43-97dd-0a5da1d954a9,shot_noise,s5,0,0.713287,0.832113,0.835872
07e882fe-274d-4b84-a5f6-549c1a118710,gaussian_blur,s3,2,0.597607,0.685457,0.947373
07f5a354-f06b-41db-a1e4-c140fe2b093c,fog,s5,3,0.802635,0.889819,0.896812
07f5dae6-4c0c-4671-aec0-9fcc696eeba2,shot_noise,s5,2,0.662419,0.791837,0.821420
07f7c6b8-a4e5-4bf0-83de-b91c832f9bd7,gaussian_blur,s4,2,0.655392,0.776254,0.861429
08033ea2-7c28-4ccd-879a-e5892916d7bf,shot_noise,s4,5,0.869595,0.927561,0.967366
080cf30f-f03e-46c4-a92d-69885d3d6133,clean,s4,4,0.706977,0.810540,0.922277
081d58a0-3b75-4bd9-b571-af3753c44a95,shot_noise,s4,3,0.631338,0.764093,0.816059
081f09f4-f4ee-42ae-b50c-11a36c9a2a39,shot_noise,s3,0,0.949124,0.973304,0.996158
082a0fc8-54ae-400b-ace1-eec2b96673d6,fog,s5,2,0.822478,0.902164,0.906976
0833299b-6abd-4e40-97ad-6886ef505770,fog,s4,4,0.784644,0.876374,0.903224
08365a1b-bdb1-4cde-a593-b3bc08b4be23,clean,s5,0,0.910356,0.953070,0.953177
0844bd88-63e3-4c43-8576-640b48e0d2e1,shot_noise,s4,0,0.745914,0.851037,0.877506
0846069d-8744-42ca-95d5-fd0776b23f51,gaussian_blur,s4,5,0.955865,0.977133,0.990608
0850ec46-5fe0-4d40-a222-89509b69006d,clean,s5,5,0.636165,0.772158,0.801643
0858c78a-02dd-4e2e-b7c7-96288241b233,shot_noise,s5,5,0.464383,0.591016,0.739915
085eb3c0-1e7a-46cc-9629-8bed730469fe,clean,s2,2,0.600900,0.678857,0.974421
0878d80d-7165-4717-a4c3-7c28679332a4,clean,s5,5,0.880398,0.936270,0.938356
087a9f6b-30cb-47aa-97a4-8ae00167183a,gaussian_blur,s5,5,0.594755,0.741884,0.761404
08850527-4a11-4d23-894a-9d63c6b8f539,shot_noise,s4,2,0.546402,0.680463,0.788707
08865a6f-ea47-4afc-8194-df96c20478fc,fog,s5,1,0.685336,0.799781,0.880781
0886fef2-cff7-4e63-83b5-d76dfdb9241d,fog,s5,0,0.911703,0.953800,0.954076
089c453d-0736-4207-9d9e-eafd640aac90,clean,s4,4,0.799975,0.884982,0.922708
08a8fd25-28c6-443f-ab80-df5fbd119e7c,shot_noise,s5,4,0.434635,0.546216,0.737479
08ac00bd-620c-4d37-86f3-40152c0fa405,gaussian_blur,s5,4,0.597423,0.724602,0.832883
08acfd89-658e-45eb-b098-4999b6fbc900,fog,s5,2,0.834147,0.909096,0.914843
08b7b9c8-2f93-442a-aee2-3e829ba0f9c2,shot_noise,s4,3,0.697078,0.818604,0.837489
08bc3735-8e3c-4bf6-a3b3-308b96c1dc62,clean,s5,0,0.691997,0.805641,0.881369
08bf2fe7-7507-4c43-a410-488c30b8dda0,shot_noise,s5,2,0.281093,0.419276,0.472511
08c14ea3-1b6b-47a4-a930-320a31188583,fog,s5,0,0.321466,0.484502,0.490464
08c2ca7f-be77-43a3-9e2f-79350f7706e8,fog,s4,1,0.732769,0.839035,0.887669
08c59333-f28b-4a00-951c-3cfe28ef1c1f,shot_noise,s4,2,0.692059,0.812993,0.844824
08c9ca24-a099-488e-8e02-17e4e9dd4b73,clean,s5,1,0.903750,0.949280,0.952637
08ca8010-8bc2-4568-821c-6455653f98bc,clean,s3,0,0.725380,0.818176,0.965453
08cbc1de-4dc2-4b00-8b96-0a82456daed3,gaussian_blur,s4,2,0.825938,0.901552,0.936368
08cfc6eb-f46e-4afd-bb31-3e8a60edb911,gaussian_blur,s5,1,0.574083,0.729412,0.729445
08d981b5-f742-4c62-976f-2c9664bd2ea8,fog,s4,4,0.643987,0.758524,0.886651
08ddce8f-c0d9-4b42-9d1c-81d0d07b961d,fog,s2,1,0.672340,0.761845,0.981376
08f32e81-e456-42af-9d90-34c6ceed2d92,gaussian_blur,s5,3,0.963225,0.981267,0.981351
08ff8ce9-fe7a-4de0-b013-5891465f016a,gaussian_blur,s4,2,0.738118,0.842073,0.895285
090fe17c-2476-4e0d-8d55-946c5a7611e8,clean,s5,2,0.588345,0.731028,0.777259
0915de50-c486-4d0f-b00a-3d511f43424b,shot_noise,s4,3,0.771193,0.859635,0.950487
0917c92f-8b88-42a5-8c38-86862fdd4d38,fog,s4,0,0.709289,0.819651,0.886879
0920677a-b254-4968-a5c0-df95a05f3701,fog,s4,3,0.810670,0.889447,0.949612
0929b268-85c2-454c-9fc1-30727500fb24,gaussian_blur,s4,0,0.899304,0.946083,0.963672
0931189b-3ce7-42b3-9c49-11e1b4b11c2b,shot_noise,s5,5,0.962988,0.981133,0.981777
093cad8b-f6cf-4cdb-9e32-122b99a323a5,gaussian_blur,s5,2,0.671537,0.802984,0.806096
094cca17-4621-4d26-874d-9f6b92b41fb7,fog,s5,5,0.547655,0.707663,0.707925
094f3624-8e0f-411b-b15b-e6443414021f,gaussian_blur,s5,4,0.658155,0.786147,0.829813
095ab368-4b3f-4dc7-ab56-3f0740cda8cc,clean,s4,4,0.743487,0.851235,0.863888
095ef93b-aa04-4e09-bb54-c2d8b446621d,fog,s5,1,0.902066,0.948492,0.948906
096261b4-9c81-4ca3-a837-a774fafe5d4f,shot_noise,s4,3,0.932112,0.964347,0.979339
09742429-1303-45bf-b720-667a0429a348,shot_noise,s5,5,0.898371,0.946291,0.949712
0975162e-2f74-4459-bb4b-b79f4ca3e172,gaussian_blur,s5,5,0.749024,0.855217,0.865398
0975ac6d-4f67-4bc4-937f-2666d04168f3,fog,s4,1,0.891320,0.942115,0.949835
0975f5b4-493c-449d-92e4-0e624d60bfe8,shot_noise,s5,4,0.943258,0.970797,0.970929
09809238-ff73-4368-ae44-32dd057b9e3f,clean,s5,2,0.549854,0.700413,0.740075
098486ff-6363-4f6e-aed1-fcc415ee9f39,fog,s4,4,0.347337,0.498886,0.548925
098745db-c89f-4e45-a54b-89268a6d0f38,shot_noise,s4,1,0.976781,0.988222,0.990981
09a4318f-16ac-44d6-ae98-94b89c67710a,gaussian_blur,s4,2,0.918382,0.956639,0.976272
09a7b9a9-eaf3-4ed9-8060-3f050f6e0d70,gaussian_blur,s4,3,0.858796,0.920872,0.964000
09aa6824-ed26-4f69-8669-53b0aa057991,clean,s4,3,0.931659,0.964348,0.972283
09b1de3e-7e4e-4b2a-b49c-a742be6fca64,gaussian_blur,s5,4,0.938978,0.968388,0.972992
09b67bd3-042c-4ef4-917c-cdb7e0a42f1c,gaussian_blur,s5,5,0.654769,0.788091,0.806859
09b7c9e5-aaac-48fb-94e3-ffb9aaa4a7f9,fog,s4,3,0.980386,0.990059,0.993773
09d12476-772d-475c-8ecd-5a742bb93633,clean,s4,5,0.963016,0.981020,0.988549
09d2daee-e282-455e-b5f1-574743e5a00e,shot_noise,s5,2,0.715877,0.833914,0.837435
09d31316-18ee-4d3f-9c73-d898702e6e67,clean,s5,1,0.941551,0.969767,0.974149
09db5ff1-81c6-4ace-8f34-cfef2518d44a,gaussian_blur,s5,0,0.948656,0.973620,0.974849
09df9a3d-b64d-4e9f-b8bd-19b9eb70b026,fog,s5,0,0.913294,0.954455,0.959670
09e9a7de-1fa0-44d9-ad72-f6b759208f0f,clean,s2,3,0.935511,0.965629,0.997280
0a08ee6e-c40d-4a63-930f-bd9ffd87cf99,shot_noise,s4,4,0.956848,0.977831,0.983227
0a28be01-ef34-4312-909d-387d71fef15f,fog,s5,5,0.880502,0.936309,0.938733
0a2d6ed1-c5aa-4cd0-a94c-d15b2d7e2771,gaussian_blur,s3,1,0.769562,0.856306,0.963526
0a2deae4-1262-4397-a0c4-d02c90555a95,gaussian_blur,s4,4,0.592791,0.742071,0.753149
0a30d33b-dc9a-47bc-805b-ecee1cb475cc,fog,s5,2,0.946713,0.972598,0.973703
0a30f6e5-349a-4804-b57b-74e9ecbeb098,gaussian_blur,s3,4,0.469371,0.484201,0.938741
0a500162-56fd-4e1f-b258-83409f9adbcd,shot_noise,s4,2,0.925402,0.960717,0.974965
0a58d2dd-a7d2-486f-9820-d92a1d96dff9,clean,s5,2,0.691441,0.814172,0.835895
0a63e9fd-41bd-4a55-afa0-753769c9f6e6,fog,s3,3,0.958928,0.978650,0.997000
0a6faf04-26d9-47f5-a920-48cb4e4b76c1,clean,s4,1,0.704664,0.815583,0.887291
0a78e634-9bb3-4911-87ee-a147f209c4a5,fog,s4,3,0.969530,0.984437,0.990437
0a7fd954-108c-4b7d-b680-831a9e3e5931,fog,s4,1,0.655048,0.781588,0.837307
0a81e97c-78fc-4535-8c5d-c6e101947e4b,gaussian_blur,s5,5,0.649983,0.783127,0.809723
0a8fb43c-1102-4bec-9591-600062e94e89,fog,s5,0,0.921603,0.959017,0.963733
0a8fe266-292b-4e84-bdd2-69e5099a6920,shot_noise,s3,0,0.926501,0.960816,0.988187
0a9a8ec2-313f-4504-b70e-0375ebb8f421,fog,s5,0,0.532432,0.694885,0.694885
0a9d8574-ba77-4a9c-85db-de69fd1304ce,shot_noise,s1,5,0.414547,0.453281,0.829093
0aa9791f-bec3-4e0c-b2c4-74ede1bd00bc,clean,s5,0,0.285316,0.425276,0.476474
0aac92e2-2744-43c3-ba54-d3213c228218,clean,s3,0,0.896592,0.943002,0.988903
0aae393e-270e-4a34-823f-ddd95b613e6f,clean,s2,4,0.727378,0.815265,0.987847
0ab98124-ca7e-4871-88b1-0954e8ae3391,fog,s2,4,0.927454,0.961013,0.996939
0ac50acf-1ccd-4093-9ad3-b010512005fb,gaussian_blur,s4,3,0.666439,0.793603,0.830036
0ac5e4ce-3488-47bb-b291-68da75af9796,gaussian_blur,s5,1,0.839152,0.911909,0.919728
0adbdd68-a548-415a-8699-41939d3c075c,shot_noise,s5,3,0.879058,0.935507,0.937653
0afb91f5-8db0-4c75-9c07-9dae4e090bb0,gaussian_blur,s3,5,0.670687,0.783293,0.893308
0afdb64d-9aa5-416b-acd3-4194c9b250cb,gaussian_blur,s4,0,0.883198,0.936875,0.955429
0aff8a4f-6d06-41c4-bdf2-5c972c20d28a,shot_noise,s3,1,0.825293,0.896738,0.977377
0affd51d-5f40-484a-bbad-7d1947f46d49,clean,s4,0,0.886228,0.937697,0.971550
0b106ae2-1cfe-4e8f-b0f9-5666866a9c61,shot_noise,s4,1,0.982452,0.991119,0.994427
0b106d7a-b6cf-4902-92e2-8dbe0cbfcfea,fog,s5,0,0.851225,0.919634,0.919643
0b1417e5-b330-4183-8e0f-581972fc4f09,gaussian_blur,s5,2,0.947333,0.972946,0.973257
0b19d81c-c16b-477e-981c-4924afe8b891,clean,s5,0,0.819584,0.900734,0.901989
0b1f4248-29a1-43aa-8e3d-aece6d48b64d,clean,s3,3,0.454125,0.536814,0.814133
0b228741-b495-485e-8278-aa6e815f605c,shot_noise,s5,3,0.657324,0.787811,0.818800
0b269150-a691-40e4-80e1-0e837ac28dda,fog,s5,2,0.929544,0.963479,0.963682
0b2cf09c-1d5f-4c5f-8205-f40402981fbd,clean,s3,5,0.309516,0.450125,0.513808
0b321a03-66c0-43a1-86c6-11a982b4f6f5,gaussian_blur,s4,1,0.870755,0.928360,0.966547
0b3479e2-2232-4485-a7b8-af1783a3b0a1,gaussian_blur,s5,2,0.431156,0.569093,0.680120
0b349b7f-c35c-4e45-bb39-e9f2568c7236,shot_noise,s4,0,0.394990,0.451338,0.775825
0b57fb10-9973-45a2-8490-05f4a4c44821,gaussian_blur,s4,3,0.932038,0.964259,0.980619
0b7b6161-f198-455f-a847-05b8a4ed811e,shot_noise,s5,3,0.630210,0.766384,0.802187
0b8332e8-55ed-49b9-a9d8-5e239b7568be,gaussian_blur,s5,0,0.812736,0.893700,0.924875
0b883e0a-264e-4b83-9dc8-7717553d734b,clean,s5,4,0.991724,0.995842,0.996597
0ba49512-1557-46da-8258-ae9bbae465cc,fog,s4,1,0.949184,0.973732,0.981456
0bc179de-eda8-4ce9-84d8-53a3eabf3932,gaussian_blur,s5,3,0.871876,0.930978,0.939888
0bcd3544-0979-4f94-90cc-dc457f18c259,fog,s5,0,0.636918,0.775562,0.789910
0bdfcd19-05a9-4903-a1cd-311d4515b5b1,fog,s4,0,0.946602,0.972263,0.983579
0bf10335-a43e-4867-bc1a-04b745327128,fog,s4,0,0.706977,0.810540,0.922277
0bf6d9e9-c483-4a43-90be-aa03f00b83b8,fog,s5,2,0.575591,0.728756,0.737563
0bfa6bfb-6fbc-4a98-b6df-22bfcfeeddb8,gaussian_blur,s5,1,0.693865,0.818708,0.822360
0bfaa69d-4fb9-4cbf-be5b-b9e895fcff9e,fog,s4,5,0.551462,0.662196,0.855051
0bfaef53-fcdc-4f4c-a19e-13cdae836f88,gaussian_blur,s4,5,0.836109,0.905670,0.964487
0bfd19db-e0f0-471e-bc37-5756c821e900,gaussian_blur,s5,2,0.761903,0.863882,0.872078
0c0727bb-3ff8-471d-921a-b52867d0b340,gaussian_blur,s3,3,0.681870,0.789143,0.913781
0c08891a-8ab8-446b-9feb-76b59c302c6f,shot_noise,s4,5,0.973603,0.986591,0.989131
0c090641-d3e1-4e3a-bcf8-75b23fee67cf,shot_noise,s4,4,0.792108,0.877022,0.940702
0c1f66e8-2498-4a35-b56d-55a1adc3d072,gaussian_blur,s4,4,0.626147,0.730996,0.915461
0c251283-3de5-41b6-a92d-32352847e6c0,clean,s4,1,0.820616,0.895690,0.956885
0c27186a-cc1b-4f1a-8176-a23c185faf81,clean,s4,0,0.645979,0.756080,0.903145
0c286353-a832-4cd6-8119-db45857dfaba,clean,s4,2,0.874020,0.930169,0.970110
0c3292ef-007b-44ea-8456-3523e2a3695e,clean,s4,5,0.968203,0.983800,0.986587
0c369037-01e1-42d5-b3e5-2ec56dc8ddc4,shot_noise,s4,1,0.928199,0.962196,0.977760
0c4d6998-07c5-418a-9c48-dd100d23ab9a,clean,s3,2,0.914192,0.953737,0.986197
0c5a6817-7f90-4167-8069-e4764a106b17,fog,s3,1,0.858004,0.918964,0.980492
0c5d486d-dd2e-4783-9e4a-801734071010,shot_noise,s4,0,0.687051,0.793514,0.916128
0c6888ac-e9f6-47bf-bd6c-6226e92cc314,fog,s5,2,0.430125,0.540069,0.735130
0c6a4207-8c19-44bd-abef-60e36056d64a,clean,s5,3,0.940570,0.969358,0.969925
0c6bcb6e-a08a-49ad-9ef9-ee16a9943a17,clean,s4,4,0.513633,0.664796,0.720084
0c7ac4b1-8f7d-40ce-83c8-d1de38218824,gaussian_blur,s5,3,0.554941,0.703612,0.748075
0c7ae20f-c5da-4c31-82d1-72b5a8f1e5fb,fog,s3,3,0.814945,0.889512,0.975202
0c84bf3c-a928-4313-a475-9353f2b1dd60,fog,s4,5,0.951751,0.974942,0.988739
0c8953c5-8990-4ffa-9d71-ceca00e3710c,gaussian_blur,s5,2,0.840090,0.913004,0.914166
0c9a1a04-c122-42e2-ba6c-4a8d33c6f357,gaussian_blur,s5,1,0.844233,0.915011,0.921743
0c9bd232-7d30-4e52-9c10-d43e2f08938b,fog,s5,5,0.734770,0.844844,0.861712
0ca31c93-900f-4027-a22b-76e9ae3b0d3c,clean,s4,5,0.742344,0.846142,0.890981
0ca5dc7d-6950-485e-baac-f6c21c0c5062,clean,s4,2,0.897803,0.944272,0.979845
0ca6f41e-c4e0-44d3-a29c-e53640abf4b1,gaussian_blur,s3,4,0.779015,0.864146,0.961433
0cc82984-f7f8-4497-969d-cd26eb388695,gaussian_blur,s5,5,0.855385,0.921869,0.924459
0cd10951-0cbf-4a91-bab1-1af0a45ae7ab,shot_noise,s5,2,0.912483,0.954193,0.955248
0cd5c3b0-6928-4832-b96c-6a016f00ab44,shot_noise,s4,3,0.463835,0.560588,0.800171
0cd93928-8dca-45ec-88d5-7fe6a74934f4,gaussian_blur,s4,4,0.479412,0.591615,0.786453
0ce176ec-3cd6-4e78-9e7a-725fb55b7534,fog,s5,2,0.591302,0.717814,0.833013
0cedc827-866f-47ae-b8eb-80e3a679f075,clean,s4,1,0.533584,0.616057,0.903728
0d0e07e4-72c8-4323-8013-054c66a04e0c,clean,s5,0,0.898551,0.946565,0.946565
0d10bd3a-486a-4e96-be7f-1314f88c15a6,shot_noise,s3,2,0.734566,0.827360,0.960581
0d134a52-1341-4787-820c-c537400c390b,shot_noise,s3,0,0.907010,0.949421,0.987159
0d14149f-3633-42d7-a86b-074818f3393e,fog,s5,3,0.534964,0.693447,0.708752
0d19a4d3-a4b2-4723-97a9-7a546ded17e7,fog,s3,2,0.575701,0.702579,0.825351
0d29bcc1-77a1-4cc1-abe1-422cb8f02621,shot_noise,s3,0,0.805335,0.883025,0.970373
0d34f82a-8876-4cdd-9d11-06146d5e87d1,gaussian_blur,s5,4,0.710024,0.824291,0.865339
0d3a5451-7ac2-4e55-98e3-ee5d2353d8e0,fog,s5,1,0.863981,0.926949,0.928107
0d41ad5f-f8e5-4c98-8ed7-5a7be39ccdab,clean,s4,4,0.964545,0.981752,0.992967
0d4d471f-9720-4b49-b4a8-cbc209ae7cc2,clean,s5,4,0.714717,0.833040,0.837141
0d4f7aa3-067b-4d81-9d3b-584d0e4a5382,gaussian_blur,s4,2,0.978058,0.988860,0.993168
0d53f1bc-bb1f-45d4-9d3e-bd0bdf11d70f,clean,s5,4,0.844187,0.915429,0.916491
0d5ccb68-bc05-491c-b3ba-bcf49d821776,fog,s5,1,0.972320,0.985962,0.986251
0d64d4a5-3c26-4db9-94a2-f6e678a105c3,fog,s4,2,0.846983,0.913281,0.961802
0d7d590e-42b9-4069-a105-d70d4e672a67,gaussian_blur,s5,5,0.897049,0.945726,0.945821
0d846789-bc6a-4c51-bf4c-013a7ebaf168,clean,s3,2,0.575348,0.657450,0.943515
0d8518f9-0fc2-4bc3-a9c5-340013422b56,gaussian_blur,s4,4,0.955753,0.977229,0.983835
0d851b19-c7fd-43a3-8600-be437f42319e,clean,s5,1,0.973973,0.986811,0.987083
0d94de18-89ea-472d-9b5b-6a14d807b929,gaussian_blur,s4,4,0.977788,0.988740,0.991371
0d9dfcc9-78fe-45ed-a544-b93d47fcad45,gaussian_blur,s4,4,0.953386,0.975824,0.989093
0da3c4fd-2761-4ba3-94a6-a98646e09dc7,fog,s4,2,0.891897,0.941863,0.960011
0dad4031-16f7-4fea-9471-b2382bd50dcf,shot_noise,s4,0,0.856060,0.921271,0.937408
0db45ac1-9674-427f-871a-3567fc800d39,shot_noise,s3,2,0.704067,0.798858,0.962955
0db535c8-eaeb-4b00-8287-e82ad88f0da5,shot_noise,s5,5,0.974686,0.987177,0.987445
0dc00fec-3216-4a69-8989-272bf8bc0eed,clean,s4,2,0.828523,0.903509,0.934330
0dc0f886-06a3-4ecd-ad32-befa0c9d98c3,shot_noise,s4,5,0.421378,0.457335,0.842757
0dd9f094-71bf-4c7d-b35f-3f09d9ae38d5,gaussian_blur,s4,3,0.852482,0.917159,0.959093
0df16d74-5624-49fc-8860-121dfc608723,fog,s5,5,0.828809,0.906296,0.907424
0df448a3-f18c-4478-a6b5-61bd455418cb,fog,s4,1,0.948894,0.973616,0.979874
0df61349-ad27-41e9-a5e4-8b270e3d8612,shot_noise,s3,3,0.924025,0.959246,0.991585
0e0eda26-7f3d-48bd-90b2-a099f2341493,shot_noise,s3,0,0.960616,0.979616,0.994475
0e0fb7fc-5892-4593-a001-f81f07c9ecf1,fog,s5,2,0.975289,0.987481,0.988181
0e15c140-6bf1-4bed-8734-d13495bcc5fb,fog,s5,4,0.658639,0.793371,0.798164
0e16e564-1055-40cc-a2ad-5860c2741951,gaussian_blur,s4,3,0.889601,0.940522,0.959291
0e2b9a69-1a14-43de-a4be-eaf695921781,shot_noise,s4,4,0.707862,0.821755,0.869285
0e326375-2049-42ee-a7c8-4b9c19c07be8,fog,s4,2,0.595200,0.743895,0.755392
0e38442f-5f7e-47f7-8fdd-856ebe00503e,gaussian_blur,s4,4,0.893356,0.943270,0.950811
0e3f7b12-d80b-457d-a77a-d5f0a76437e6,gaussian_blur,s3,5,0.326837,0.467830,0.539307
0e48550f-c16f-4e1d-8832-fedc7ee929bb,shot_noise,s5,5,0.818512,0.900170,0.900496
0e51fb7f-d852-46b4-a822-e4f9cdaaa42d,shot_noise,s4,5,0.495024,0.559169,0.896016
0e569387-e30d-48a4-8091-c99f69f0206b,gaussian_blur,s5,3,0.872084,0.931662,0.931819
0e580566-15ac-4b2b-818c-152d55452e3a,shot_noise,s3,2,0.404056,0.530708,0.671120
0e58b70a-459a-4dd5-9944-21f1e61fbd0c,gaussian_blur,s5,1,0.548618,0.708485,0.708667
0e5b8f88-83d8-4863-8b45-c06a399e2f34,fog,s5,0,0.888450,0.940676,0.945223
0e6c95c7-fbd9-4152-8dec-d6ef7cf44d55,shot_noise,s5,3,0.870589,0.930392,0.936934
0e77742c-0aa5-4735-a549-423dbca5f995,clean,s5,4,0.321466,0.484502,0.490464
0e7cbb85-58b2-4b78-a738-d27b700566c0,clean,s5,1,0.893904,0.943976,0.944064
0e80a25d-d9b1-45ca-8e32-ca1f70bcb52c,shot_noise,s5,4,0.656839,0.786973,0.820621
0e8dd50f-d702-44cb-bd67-bfdf9a66e8be,fog,s4,2,0.979712,0.989728,0.992123
0e8fb886-a258-4293-8e46-06691a467149,shot_noise,s5,3,0.488768,0.628549,0.732145
0e991248-1a90-491f-a028-fcc507408ce3,gaussian_blur,s5,5,0.971005,0.985287,0.985417
0e9dd425-39a3-4777-ab85-a5fda4c5c4b9,clean,s4,3,0.578198,0.708181,0.816862
0eaeacd9-2ae1-40d8-b600-46609573e78e,clean,s5,5,0.229735,0.354555,0.403193
0eaf6470-0060-46cf-928c-cd60a149c0ae,shot_noise,s4,1,0.898412,0.944633,0.979995
0ec44ffa-6be6-4158-bff2-b4b9018bff02,clean,s2,0,0.831869,0.899394,0.995941
0ecd43b8-4121-456a-b933-4fcbfd41c89f,gaussian_blur,s4,0,0.919094,0.957026,0.976816
0eea975f-3274-41f0-b000-f3f64dd7ce98,gaussian_blur,s5,5,0.469045,0.638050,0.640012
0ef1dca8-8f63-40bd-8943-2ead33238bda,fog,s4,0,0.956672,0.977739,0.983099
0f08da40-127f-431b-928f-01dbdaec24ff,clean,s4,2,0.435397,0.513471,0.798190
0f0d1ab8-3bd2-4f36-83d8-63e7c7155a0d,gaussian_blur,s5,1,0.861139,0.924978,0.930880
0f1253ba-4d55-42cd-947b-dde2d82d3792,clean,s4,4,0.533584,0.616057,0.903728
0f147b4d-c6ee-4f8c-87cc-ff3a81a75f42,shot_noise,s5,5,0.494280,0.661498,0.661755
0f1ce796-7672-4a5f-b389-a8f24dc1caa6,gaussian_blur,s3,5,0.400522,0.527105,0.666816
0f2abfd7-8aa1-48bc-a958-f80981cc3814,clean,s5,0,0.549854,0.700413,0.740075
0f2bd806-9bbb-47ad-a381-24a44178dd33,clean,s4,1,0.513633,0.664796,0.720084
0f38b19f-f316-468f-bf4b-3ebcf393f2ed,fog,s5,2,0.747386,0.854785,0.859893
0f3bbc42-6835-43e1-ba96-6701355b7ae9,gaussian_blur,s5,1,0.636727,0.777891,0.778757
0f3cfded-8d77-413c-871a-cc872fe0e751,shot_noise,s4,4,0.607431,0.737692,0.824731
0f4d3020-20c1-4d1f-88ee-6b79e93caf1a,fog,s3,4,0.867860,0.925286,0.982390
0f51e428-8ffa-4003-81bd-9afe99fc0d6e,gaussian_blur,s4,2,0.587032,0.717917,0.817312
0f5fc790-ad2d-43bc-bdd2-ba5c4f29d3ae,fog,s4,3,0.738496,0.841719,0.899243
0f6e48e9-d011-4295-bf91-f5f1f9ad765e,fog,s5,5,0.889041,0.941236,0.941693
0f76b50c-0063-4cbc-bd55-a2fbdcb9e62a,clean,s3,0,0.914192,0.953737,0.986197
0fa045f4-e1d8-4f7e-ac8c-ce808009efe2,gaussian_blur,s4,0,0.688868,0.810640,0.842888
0fb138f2-a46d-413d-a1ea-60ebf5ae7a2c,clean,s3,1,0.960616,0.979616,0.994475
0fb5cecd-afdd-44e9-95a1-a2e2e17242f3,fog,s4,5,0.620690,0.750048,0.829611
0fba6a46-a6db-4b4d-823b-98d98ad6126d,clean,s4,5,0.867819,0.927982,0.946587
0fbaca8d-b895-48be-a912-fd8f88f53167,gaussian_blur,s5,0,0.675384,0.806244,0.806246
0fc2a43c-6f08-4dc3-b513-67bc9c1ec231,fog,s4,3,0.903519,0.948583,0.963533
0fcf4302-a29e-44a4-970d-fd92cd092a76,gaussian_blur,s3,2,0.860063,0.920636,0.976827
0fe676ee-b5dd-4c01-9d28-747031dffe47,fog,s5,1,0.419579,0.584792,0.606400
0ff95a71-8f4d-4f48-aab7-7588fbd0fc63,fog,s3,0,0.728688,0.820478,0.968805
0ff9c7e4-9592-4dc1-af1d-ad92922987e1,gaussian_blur,s4,0,0.838005,0.908099,0.952829
0fff8857-8ba6-4f75-9594-ac561361f9f0,clean,s4,0,0.421054,0.457144,0.842108
10068616-7fec-4bd8-9f10-c421ad9ade9e,fog,s5,4,0.696778,0.818410,0.837184
1009e9ab-9a7d-48ef-a259-b971aa4ca214,gaussian_blur,s4,1,0.978437,0.989055,0.993291
100c32e4-40f7-4ff8-a806-ae256fbccb82,clean,s3,2,0.632913,0.734074,0.929829
1014689f-4078-4b3c-bbc5-da5bcd3114c0,shot_noise,s5,3,0.907348,0.951422,0.951472
101a021e-4719-4705-a03f-942623bee1a9,gaussian_blur,s4,4,0.810012,0.893093,0.913199
10258323-d439-4d23-a004-952a8dcb4876,clean,s5,2,0.570969,0.715831,0.765851
10355792-6914-46b6-9c11-8797d797d164,gaussian_blur,s4,3,0.821392,0.897450,0.945711
103e2463-c2f7-49ee-8102-3eb18d1d1450,clean,s4,5,0.799975,0.884982,0.922708
103eb1c1-ba78-4834-846a-2b8292085910,gaussian_blur,s4,1,0.957857,0.978220,0.990198
1053bacd-55d3-4fcc-8651-6d627f1f7ff5,gaussian_blur,s4,1,0.938462,0.967834,0.981312
105892c4-aa87-4c54-8228-ffbb5af4f482,clean,s4,3,0.939726,0.968524,0.981701
105cd9bd-1372-4e26-851f-1ab5ea32da1e,clean,s5,0,0.903750,0.949280,0.952637
105e5c41-b1bf-42d2-9795-d4c19eba38de,fog,s5,2,0.739316,0.850106,0.850235
106c8720-53b5-477f-8691-2028865dfb1f,shot_noise,s4,0,0.832756,0.907482,0.922424
107234de-ef63-4989-b61c-baeff9772c54,clean,s5,4,0.945104,0.971758,0.972480
1073dbc8-23ac-4e3b-aee6-86a439b4b444,gaussian_blur,s5,0,0.844187,0.915429,0.916491
108f46e5-1666-4fdd-a244-0a98ddf5d778,gaussian_blur,s3,4,0.897844,0.944047,0.984171
1096f296-5f8f-4bb0-948a-9ed1fcda4409,gaussian_blur,s2,3,0.598625,0.676297,0.973291
10a04d5c-fc2b-466c-abf2-52131ba747f6,gaussian_blur,s4,0,0.820616,0.895690,0.956885
10a564e2-768f-4ec2-83d7-4327907aa0d2,gaussian_blur,s5,4,0.948854,0.973754,0.973849
10abc594-70ed-4600-b4c5-2d42b78c4408,clean,s5,3,0.844187,0.915429,0.916491
10ba15c3-4a11-42dc-978e-091197bd77e3,fog,s5,0,0.940570,0.969358,0.969925
10bdcf51-729c-47f3-968c-463c0158cdcb,fog,s5,3,0.885704,0.939328,0.940373
10d3790d-5de7-42c8-95e6-222462b9c11b,clean,s3,3,0.896592,0.943002,0.988903
10da86ab-71f0-495c-badf-f8a826b9a63c,shot_noise,s5,3,0.973422,0.986528,0.986805
10f27c4b-538c-44be-81da-6d44bc09b649,shot_noise,s5,3,0.413549,0.538155,0.686816
10f8f448-9b8a-4752-9022-7a416381537e,fog,s5,2,0.862645,0.925303,0.939045
10fad0d8-1296-464e-a6fb-c8d8af2bc38e,gaussian_blur,s4,0,0.964637,0.981874,0.988962
10ff3533-f456-4cbb-b813-203225918010,gaussian_blur,s3,3,0.760317,0.848875,0.962875
10ff3610-63a0-4ca1-b92a-8955d1d9e621,clean,s4,0,0.578198,0.708181,0.816862
110b1a34-1682-4dc2-b79d-72e0ed5679b5,clean,s5,5,0.922128,0.959113,0.968619
1115d19d-1b8b-4c5d-a58a-2bfcfd172a35,gaussian_blur,s5,1,0.741288,0.850744,0.855989
111eb708-edcd-420c-bee1-9e9a0092ac7d,fog,s3,4,0.912931,0.952985,0.986363
112f7331-ac43-48d8-b333-4520c20a70e6,shot_noise,s5,4,0.690254,0.816427,0.818485
113226ce-dfa1-457b-8f52-b98c90975e6b,shot_noise,s5,2,0.918787,0.957390,0.964353
113be11a-e976-48af-824d-69225f151742,fog,s4,0,0.660434,0.785272,0.843109
113c7357-c747-40c6-841a-e0011f7f15db,clean,s5,4,0.588345,0.731028,0.777259
113ee206-4017-4fc4-bef1-e449c055bc6f,clean,s3,4,0.728688,0.820478,0.968805
11460932-6692-4058-a474-592dfa10b6d4,shot_noise,s4,0,0.945172,0.971344,0.988171
11475f0e-e2d4-450a-a91a-963ff09ba5c6,fog,s3,2,0.957243,0.977804,0.993952
114a3832-1e86-4aa1-8bfa-5b182cf1864a,fog,s5,0,0.866144,0.928133,0.930203
11548d05-6a84-4e3e-859e-0bc424d50b04,clean,s3,5,0.913455,0.953409,0.983982
115c8de7-0815-4b45-9f23-bf9efd8e9d5e,gaussian_blur,s4,5,0.838616,0.908328,0.954736
115d5dbf-d4d0-4bbb-8998-1c03f4ad8633,fog,s3,5,0.956232,0.977259,0.993792
115d91b7-a5b3-45a3-a600-376983246f5e,fog,s3,2,0.971674,0.985480,0.996224
11633096-a4b6-4827-9db5-38713f0c401f,fog,s4,5,0.884599,0.936880,0.968651
1182271d-d4fd-4768-8dbe-6ac5dc51e49f,gaussian_blur,s5,3,0.915507,0.955877,0.956176
119c119d-77ca-4643-a170-1d08b0f4799b,clean,s5,3,0.454484,0.619961,0.638048
11a6f017-debc-4784-8101-8aacc2175735,clean,s4,0,0.602989,0.741901,0.792741
11ab0d1c-8702-4fff-8c82-fe5056c538cf,shot_noise,s5,4,0.216998,0.339490,0.382535
11bd1d03-26af-44a9-89ed-27d7a8d01677,gaussian_blur,s5,5,0.880849,0.936528,0.938583
11bee041-aadb-4ed1-9909-8558c49ec4b7,shot_noise,s2,1,0.894309,0.941108,0.996811
11ce6a8f-8615-47e1-a445-25ab28e4736e,clean,s4,5,0.795783,0.879454,0.942905
11d7e60b-56ce-4683-8f2d-b031b89ae196,fog,s5,3,0.821229,0.900795,0.912384
11daa3c4-a190-4870-be25-bd95f0a1a18f,gaussian_blur,s4,4,0.833240,0.906514,0.936005
11e05010-22b7-411e-9c80-787654483264,fog,s5,3,0.908346,0.951603,0.959590
11e100f4-c344-4ab0-9603-a6f820f41827,clean,s5,0,0.977924,0.988819,0.990560
11e80d47-d18c-41b9-82f0-b3e57674a8e7,fog,s4,1,0.849339,0.914816,0.962165
11efd304-2efd-4a2d-8d29-bb088a458211,shot_noise,s5,3,0.741349,0.850470,0.858120
11feb10b-6ebf-4802-b720-112496b30c18,shot_noise,s5,1,0.361916,0.500039,0.594370
120334c3-9c85-4c66-8464-e78a5f56b776,shot_noise,s4,2,0.918323,0.956887,0.969851
121b5d3c-3750-4a9b-a804-83de22247223,fog,s4,4,0.922730,0.959218,0.974384
122354e3-f49f-40cd-8804-50daba656337,fog,s4,3,0.874522,0.931916,0.949888
1232db1d-d6b2-4018-a996-4c1323d1d326,clean,s4,2,0.706977,0.810540,0.922277
12392f32-ddc2-49b4-83ad-0bbda4bea2f4,clean,s4,4,0.479919,0.593171,0.784757
123c83ea-3b1d-4c62-83b4-7ce26864cad6,fog,s3,1,0.870510,0.927301,0.978539
124cde6b-26b8-46ae-82e5-79c22eab4f2f,gaussian_blur,s4,2,0.754144,0.851249,0.917611
12503cfe-9b9b-4c9a-8e70-5ece94698239,shot_noise,s3,1,0.766645,0.853850,0.964117
1260d9d8-63e5-42c7-aab2-b1d024ff9844,shot_noise,s4,0,0.698787,0.819804,0.838704
1260fa55-bf5e-47e3-bdf2-f7e80391f0f9,fog,s5,2,0.749702,0.856264,0.861707
12618333-0f9d-45a2-ba43-bddfe25f70c6,clean,s3,0,0.632913,0.734074,0.929829
12630b6e-c506-4e3f-8495-57ed915c629b,clean,s5,2,0.913294,0.954455,0.959670
12675d5f-0e96-4af4-8012-5c3b3a2bdd74,shot_noise,s4,3,0.370963,0.531002,0.562853
126bed47-0489-41f0-94ba-fc27fa6bd66c,gaussian_blur,s5,5,0.864690,0.927371,0.928324
127028fd-4fc5-403a-88dc-b658e5a582b1,fog,s4,2,0.832059,0.906292,0.930107
12853581-e155-4cbd-8b46-4b8de5848156,clean,s5,3,0.945104,0.971758,0.972480
1288287a-7ef2-4459-8aed-47652249dcfb,fog,s4,1,0.901552,0.947418,0.963627
12885945-1383-4594-bbce-a8b3a5417b34,shot_noise,s3,1,0.575199,0.657285,0.943424
128a8d79-ff77-4392-a942-3c17524e0867,clean,s5,0,0.834246,0.909450,0.911664
12a46700-0326-40cc-8ddd-ce0386f7ffee,fog,s5,3,0.913262,0.954442,0.959544
12acfeed-daad-4586-9851-2cc9626f9086,fog,s4,4,0.653781,0.780151,0.838405
12b837cf-9e15-4069-bdaf-d291e8236346,fog,s4,4,0.849123,0.917385,0.930769
12b90430-5be6-4123-83ad-161ab75c93a7,gaussian_blur,s4,5,0.616252,0.720450,0.913237
12ca2fc4-002a-4f3d-a163-d1ac002a55a1,clean,s5,0,0.918751,0.957371,0.964332
12ca6292-21f6-46e7-8c34-10612c41d089,clean,s4,2,0.641722,0.772080,0.824267
12d3b945-1907-44a2-afcb-7679d2e8286a,shot_noise,s5,5,0.802020,0.890129,0.890181
12d40243-2908-48ff-bf6b-0d3445dbb48c,fog,s4,2,0.545701,0.703479,0.714892
12d5df9d-ec45-4633-877e-da4d08e5d139,fog,s1,2,0.423795,0.458754,0.847589
12dc6e3f-b06c-441d-993a-d170884a8a97,shot_noise,s4,5,0.825776,0.903224,0.918546
12f6db00-75a0-4d32-a52e-772d964b3af1,clean,s5,0,0.942544,0.970387,0.971604
12ff7452-f92a-442e-b0ac-4bc3a7898c5f,fog,s4,0,0.602989,0.741901,0.792741
12ffeefe-35e4-4b26-a2f1-f2704470f704,clean,s5,4,0.675384,0.806244,0.806246
1303ef59-b0ff-4b33-91c1-d51a1ffb3c44,clean,s5,2,0.922128,0.959113,0.968619
1305d043-90b8-4d27-ad45-ae9c592f78af,fog,s4,5,0.548617,0.705889,0.717488
1307e188-07cc-453c-928a-051ec9a2130f,fog,s5,3,0.728400,0.840888,0.855253
131b0c4c-5c05-419c-846e-36cc6714e0bc,shot_noise,s5,3,0.956961,0.977979,0.979305
1338e67a-4c34-4d82-b3cf-7e2c612107c4,clean,s4,5,0.951114,0.974815,0.980096
134c5729-dd29-49e7-9c13-701852340e13,gaussian_blur,s4,5,0.899465,0.946178,0.963684
135f189f-4d49-4fe1-b988-99b699ade267,gaussian_blur,s4,3,0.965530,0.982304,0.991453
1365f101-2f2a-498b-a8a0-f93be315841a,shot_noise,s4,0,0.795783,0.879454,0.942905
13674a0b-08e8-4065-bb03-049fa61b0dfb,fog,s5,2,0.819687,0.899945,0.910549
1372888f-6d09-451a-92ae-e8ad583400cf,fog,s5,3,0.975846,0.987767,0.988453
1373a6ce-fe63-40eb-9434-cc62e6a5755a,gaussian_blur,s1,2,0.886672,0.936155,0.999105
1377d0e1-2ec7-43e9-87d4-ecdb39057106,gaussian_blur,s4,4,0.919328,0.957234,0.975141
138255c5-4ddf-4d3c-8881-54ae35ea9c32,fog,s3,0,0.776474,0.860805,0.970219
13825ddf-f38c-4379-b63f-566f74a8854e,clean,s5,2,0.675384,0.806244,0.806246
138cf176-41e7-4afa-a36a-5391705d73e3,fog,s5,5,0.481900,0.639720,0.679973
13a8e8ff-fbbd-4078-89df-f889152db8fb,clean,s5,5,0.877777,0.934393,0.942800
13b04122-56d6-4e91-b5af-7bed42ddd1ef,clean,s5,5,0.870114,0.930488,0.931387
13c0ca8d-7c6a-425f-b82f-760e72cf4aa6,fog,s5,2,0.746679,0.849631,0.890480
13c2ec9a-866e-403a-85d4-f9a0046d022c,fog,s4,3,0.619036,0.762347,0.774584
13d031cf-7831-40f8-8afa-08086b3a12cd,clean,s2,0,0.727378,0.815265,0.987847
13df8677-94e4-4f1c-b586-bacbfe0163c1,fog,s5,3,0.393914,0.555803,0.586325
13faa40d-07f7-4800-8616-dee44ed701de,fog,s3,2,0.877648,0.931752,0.980053
1407a33f-b141-4fb5-83d1-7d0fca5a1b5c,clean,s4,5,0.687051,0.793514,0.916128
140d44be-75a9-42dc-8471-0ebe50f75b61,fog,s4,1,0.672726,0.798376,0.833960
141ded3c-619a-4403-b797-79b022ef71d8,fog,s5,4,0.661495,0.787909,0.835659
142cf931-cbe6-464f-8f95-8d9208f1feea,clean,s4,4,0.394990,0.451338,0.775825
14357aef-dda6-4a15-925a-d05ccee86557,gaussian_blur,s5,1,0.823668,0.902960,0.906912
143d2456-87ff-4df0-8687-ace3cbc8a34a,gaussian_blur,s5,5,0.623007,0.733826,0.895056
1443ff53-51af-47ef-867a-c451eff9d90f,fog,s4,4,0.739448,0.838146,0.924741
144b62cb-2f8a-4e75-8364-f77b95eefdd2,fog,s5,4,0.573307,0.728494,0.729892
1457a95c-5f8b-4b24-89b4-92d905d838ab,clean,s4,0,0.601270,0.732412,0.820427
14656bac-797b-48a7-9b8e-228ae6298e82,gaussian_blur,s5,0,0.790877,0.882411,0.890187
146938d4-3f39-441d-8d7f-bdb555b47dbc,shot_noise,s5,1,0.653156,0.790013,0.791051
146a8607-2005-4c02-83f5-c2eb68cf0dce,gaussian_blur,s3,3,0.796327,0.877027,0.964599
14753d8e-9142-4a7a-9df0-ecd5492b381a,gaussian_blur,s3,0,0.309516,0.450125,0.513808
147a2bfc-6ca0-4775-8792-aa4b71b69d8d,gaussian_blur,s5,5,0.929215,0.963100,0.968977
148b0e9b-9f00-495d-8642-fd5fd0393009,shot_noise,s5,0,0.948656,0.973620,0.974849
14912694-e325-4a46-8c42-5691add469f6,gaussian_blur,s4,4,0.322609,0.472431,0.517039
1495baaa-9242-4b66-9585-ce046fcafac5,gaussian_blur,s3,2,0.322840,0.463734,0.533541
14962957-d834-4209-b556-8605dd900595,fog,s4,4,0.707528,0.820413,0.874949
1496cc33-b242-492c-9a0f-709f036f6ca1,clean,s4,4,0.868747,0.927046,0.967024
1497896a-ec61-4ccf-86db-57d119ba9059,fog,s5,2,0.847098,0.917048,0.919305
149a7eff-e760-4cc8-a66f-fcbb0114ce9b,gaussian_blur,s5,3,0.738201,0.848488,0.855305
149bd26d-95af-4729-ac6d-20c9757cab1d,gaussian_blur,s4,4,0.729809,0.840102,0.866946
14a40f52-5196-4deb-b2f2-63c2267af371,clean,s5,4,0.739335,0.849082,0.857116
14abd27f-c1cb-4db2-925e-a68d148c6bbc,fog,s4,4,0.689535,0.796105,0.915008
14b45eb7-bd07-486f-9cbc-e05b70e03f2f,clean,s4,3,0.919866,0.957641,0.972885
14b98c41-426b-4c00-825b-7f4d1f5ed7dc,shot_noise,s5,0,0.883857,0.938213,0.940533
14bc6562-d9ce-47d8-9fde-46405f094619,clean,s4,0,0.950251,0.974336,0.980521
14cd4cdc-83ca-4fed-b35e-3764cfdc8673,clean,s5,5,0.903750,0.949280,0.952637
14d6cbcd-6ca7-499a-be12-3f1d2fe2e33a,shot_noise,s3,5,0.880810,0.933776,0.979701
14df27bb-3cf9-458f-823e-202bbb4ddb7d,shot_noise,s5,1,0.567744,0.716866,0.750475
14e32d51-6381-4ba2-9e77-2c5277494161,fog,s4,2,0.885424,0.936853,0.976885
14e46626-4c21-4637-a560-11963838cf8d,shot_noise,s4,1,0.736399,0.841647,0.889515
14ff8a32-dcaf-4739-8b8a-dbed18ed3123,shot_noise,s5,1,0.963513,0.981417,0.981426
1504373c-06d0-4a52-80ac-c6c51790a247,fog,s5,0,0.549854,0.700413,0.740075
150c5300-5701-4be1-8989-8fd0575b42eb,fog,s4,4,0.502378,0.611551,0.816095
150d8bd3-aeb1-4e09-89a3-5a920600450d,clean,s5,5,0.819584,0.900734,0.901989
1513a515-bd7b-437d-98b7-4b94877bbdfb,clean,s4,0,0.741155,0.848882,0.867583
1517bf4c-2f2f-4aa4-a3cf-ab32a3ea492b,fog,s4,1,0.421580,0.457453,0.843159
151dc459-3c56-4681-bbdc-caefef799f93,shot_noise,s4,0,0.915315,0.955221,0.968398
152efe88-ac65-4a71-864c-36b2e9931f03,gaussian_blur,s4,3,0.979952,0.989851,0.992224
15316da1-39cc-45d5-80f0-9e8e37611a22,shot_noise,s4,1,0.896526,0.943858,0.973627
1538d22a-9959-4419-b981-17a5b1790262,clean,s5,2,0.858853,0.923035,0.937483
154a95b5-2974-48cd-a258-29f2c916460c,clean,s4,5,0.981904,0.990829,0.995243
154aefd2-c435-4733-8a6f-98eb3aa251b7,shot_noise,s4,5,0.434239,0.511707,0.797682
156046dd-4b13-47d9-8818-2072353e10d1,shot_noise,s4,5,0.884466,0.938139,0.947622
156600ab-56b7-4786-9469-598c1e6aeccf,fog,s5,2,0.862752,0.926270,0.926985
156ccf62-681a-4ecb-bac0-96560e1a4717,fog,s5,4,0.830582,0.906944,0.912910
157238b0-2fca-4303-8233-c9ed40aabc93,fog,s4,3,0.868974,0.928110,0.954709
1580998a-50db-43a9-9d78-f7c1e0614eb2,fog,s4,5,0.360245,0.418770,0.720491
158460bc-7e01-498c-9321-6cb0e624b165,fog,s4,3,0.605554,0.750728,0.768752
158b6b15-0969-41d1-995b-61923e3daea0,shot_noise,s5,5,0.873512,0.932392,0.933877
1590039e-bb68-4fab-88ed-f96c586a15ba,gaussian_blur,s5,0,0.819584,0.900734,0.901989
15939d00-c69e-47d3-b0b7-ae2556413f92,gaussian_blur,s4,3,0.361007,0.511009,0.570360
15a2a7ac-169b-4e79-a83c-92328c1cf629,clean,s4,5,0.918637,0.957064,0.969931
15a75a01-89c8-422d-80a3-e6056e3060b2,clean,s3,0,0.679463,0.771827,0.972687
15ae46bb-1e03-4da7-85a1-f9a866bfb6d8,fog,s4,1,0.560317,0.685024,0.823568
15b224b9-84d8-441e-a857-dfc683c9da5b,clean,s5,3,0.973973,0.986811,0.987083
15cb1a10-0702-4f7c-bb94-5fed38c8906d,fog,s5,2,0.918539,0.957327,0.962539
15da78be-444a-4bf5-bd48-7bb6301ee62d,clean,s3,2,0.454125,0.536814,0.814133
15efc989-3aeb-4413-9eba-8f1f90c6b7f2,clean,s5,0,0.678969,0.785458,0.917557
15f19f6d-acf8-4801-9565-8314e27a62d9,fog,s4,0,0.829285,0.902204,0.952411
15f75437-9520-4911-8690-d1f14b91be50,fog,s4,1,0.967271,0.983220,0.991910
15f91765-1f96-46a4-8f10-f66430fa22dc,gaussian_blur,s5,5,0.909284,0.952241,0.957622
15ff75c2-f26b-4f19-969f-465c69743523,gaussian_blur,s5,0,0.357914,0.436066,0.688672
16010a0a-aa3d-4861-b934-f8241a776447,fog,s4,1,0.817383,0.895987,0.933448
1613ae8a-1122-4a42-9f07-c96961b762f8,clean,s4,3,0.915315,0.955221,0.968398
161bacd7-386d-4c69-b840-9ec6f0a36bfc,gaussian_blur,s5,1,0.807905,0.890778,0.920933
16224c42-5019-4e75-ba72-5a4830932152,fog,s5,5,0.506826,0.661571,0.705611
1623469b-5ea0-41e1-8d99-093a58cec802,gaussian_blur,s4,1,0.727393,0.832607,0.899408
162a9c0c-a9a1-4681-a828-3eed8f1fec95,fog,s5,0,0.178730,0.279658,0.336021
162bc39a-d4f8-44ed-94cd-20b4cadf5155,gaussian_blur,s2,3,0.883163,0.934101,0.996474
1643db09-92e9-4ee8-9255-06f1b7b2269a,shot_noise,s4,2,0.900459,0.946735,0.964287
164c29fb-3713-400c-af78-14004be01342,fog,s3,0,0.972016,0.985659,0.996283
1653bec5-7117-48f6-8c3f-7a45859d35f1,fog,s4,1,0.973234,0.986401,0.988976
1656f1bc-5f2b-4331-b030-6a72d5962fb3,fog,s4,3,0.973580,0.986580,0.989120
165d3dde-4b7a-47c1-a790-a6083818bafd,fog,s5,1,0.889993,0.941794,0.941808
16798cd9-f2d8-418e-8ea3-afece9180c5f,gaussian_blur,s5,5,0.963854,0.981593,0.981675
167b3764-0367-4e00-915c-270088570a5e,clean,s4,5,0.920412,0.957707,0.978645
167d3c39-7aeb-4a52-be28-059203e65b0e,clean,s5,3,0.991724,0.995842,0.996597
168274e2-0552-4e92-8336-8deab8e7e79f,gaussian_blur,s3,0,0.965744,0.982309,0.997512
168e6268-bce0-4811-b962-af2248dc423f,shot_noise,s4,2,0.626637,0.760365,0.812635
169efc81-1eff-4c43-9b57-f008f3583340,gaussian_blur,s5,1,0.952364,0.975575,0.976670
16b924f1-54ad-4074-9673-698719187149,clean,s3,1,0.809984,0.886786,0.967726
16b930c3-2706-4969-be57-ee12deca4cbc,gaussian_blur,s4,1,0.836068,0.906412,0.956707
16bde3ce-d567-4668-a094-9b26cb3408f0,gaussian_blur,s4,1,0.825995,0.901589,0.936384
16da9165-e9bf-43d7-809b-3621fa49fcd4,fog,s5,5,0.938510,0.968240,0.969524
16e512b0-cf7a-4e99-9a76-bb62b61b68b2,clean,s4,1,0.963016,0.981020,0.988549
16e7f4cb-2526-49cb-b92d-7469eb0c3940,fog,s5,4,0.814269,0.896696,0.906645
16e88fe9-9dd5-4d59-a98e-6018eda1ef00,clean,s5,0,0.873856,0.932636,0.933374
16fc6464-63db-4473-9b5d-f52067b161b6,gaussian_blur,s5,0,0.549854,0.700413,0.740075
1705d8e0-7752-4b51-8153-147acfc8635c,clean,s5,5,0.764145,0.866170,0.867327
171f7ae6-4445-4b85-83e0-cc89d1119158,clean,s5,2,0.866144,0.928133,0.930203
171fed3a-d1ee-4826-93c7-b389045da5b9,clean,s5,5,0.834246,0.909450,0.911664
172748db-a947-4d75-afcb-2ed2fb74559f,shot_noise,s4,2,0.502025,0.654813,0.708012
172d455a-106d-4253-af5a-6169fba61763,fog,s4,3,0.933315,0.965015,0.979579
172e5f1c-980a-4a11-952e-a43827968fbd,clean,s5,0,0.954778,0.976834,0.978249
172f2de7-5f25-4bd3-b079-931c094a5731,shot_noise,s3,0,0.972016,0.985659,0.996283
1732a5a2-3935-409f-81b6-4db4cc8dc671,clean,s4,5,0.718895,0.827043,0.890923
17440b63-93c0-4e4a-a340-79ca3fbf83eb,clean,s4,2,0.513633,0.664796,0.720084
17573374-7ad1-494b-b82f-3c77cdbc6676,clean,s4,4,0.890834,0.941847,0.949472
176b0994-5de0-4377-a753-300fa6e9aa3c,clean,s4,3,0.976919,0.988263,0.993568
176f70d2-d745-4e1e-a9b3-3fb0cc9cf81c,shot_noise,s3,3,0.444735,0.559138,0.743879
17728389-0df1-4798-88a1-4de5a2c88a64,clean,s4,5,0.578198,0.708181,0.816862
1796ab47-ecfa-4c24-950f-c407706f7e0a,fog,s5,2,0.899936,0.947155,0.950703
17b00a01-bb2f-419a-ade3-8dcc774fa4d0,fog,s5,4,0.786335,0.879608,0.886875
17b99b5a-c943-4e5c-9dbe-14ef137a7f0e,shot_noise,s5,5,0.879898,0.936112,0.936123
17ccc3ec-6009-4ab5-820a-a0e9749cf0e6,gaussian_blur,s5,5,0.701077,0.820922,0.842997
17ce6f6c-a9bf-4879-b5fc-2ab47f2ebd6a,shot_noise,s5,3,0.831089,0.907621,0.909190
17d6ab63-0f43-4a72-a9d2-f24d52edaee7,shot_noise,s4,4,0.977425,0.988553,0.991237
17eb6a46-216e-49e8-86bb-40bb9782527c,gaussian_blur,s5,4,0.889793,0.940802,0.956559
17f4f497-b4f2-454f-b532-85f53a884379,gaussian_blur,s5,5,0.658782,0.790409,0.812842
17f79573-9d1a-4d17-a3e7-7fcdde572ffb,fog,s4,0,0.952023,0.975192,0.984686
17fa044c-2070-4ef7-9076-b327b483a73b,fog,s2,5,0.849222,0.911664,0.995441
1804ea66-b874-46b2-89d8-4359a1472de6,fog,s5,2,0.434718,0.585505,0.655440
18110d9a-7cf5-43fc-80d7-004f5205f7ef,shot_noise,s4,5,0.910034,0.951662,0.978480
182fa945-252e-4b30-aced-b51d0d57555d,fog,s4,5,0.968410,0.983904,0.986923
185018b9-22eb-4357-bc1d-975979e8987b,gaussian_blur,s5,0,0.963299,0.981306,0.981311
185d1d13-47a9-484a-9c1b-22dd5e3b5b33,fog,s5,5,0.750858,0.854472,0.879904
1864b5a6-31ad-408e-9bd5-96b338e80157,shot_noise,s5,5,0.953848,0.976379,0.976393
187e37ee-bfa9-4aed-88ad-5184f6523d49,gaussian_blur,s5,3,0.283267,0.434943,0.453044
1883ea14-00ac-46e6-b283-1a8f3b61c6b7,gaussian_blur,s5,0,0.678969,0.785458,0.917557
18893d35-a481-49ab-9a52-f759d6f2adaa,clean,s3,5,0.776474,0.860805,0.970219
188c1ab3-eac5-4b48-89a9-e27f1c55bb0b,clean,s3,4,0.394071,0.444567,0.782816
1895b1f9-a79d-484f-8426-4b01ee2db2fe,gaussian_blur,s5,0,0.636918,0.775562,0.789910
189cae31-3155-490c-abd9-3cb6bacb08af,shot_noise,s4,2,0.663934,0.793624,0.819371
18a4c38d-e4b5-439d-b2f3-8cd901616a1c,clean,s4,2,0.886228,0.937697,0.971550
18a6b7d9-f9ac-4e23-8ca2-c90ae346fa75,gaussian_blur,s3,2,0.668756,0.781693,0.892243
18a8fe51-08e1-4974-8220-9878c5a0bc19,fog,s5,4,0.851360,0.919629,0.920769
18c05168-b622-4612-b908-ea1bba3db25b,clean,s5,3,0.948805,0.973722,0.974029
18c14bd9-0703-405f-a3cc-3a6150008762,gaussian_blur,s4,1,0.900108,0.946876,0.957813
18ca8ebc-ec82-4ac3-ac71-c67f899babe5,clean,s4,4,0.666197,0.795348,0.820741
18cac5ff-763e-4669-b424-3b57f97bb617,shot_noise,s5,5,0.442701,0.608292,0.627547
18cc0fef-82ce-4301-b882-fedac1e1c7e6,shot_noise,s4,2,0.950510,0.974495,0.979819
18d4612b-d291-4b01-8c96-1cab538a9fac,shot_noise,s3,2,0.895596,0.942758,0.982731
18d5465c-c202-446c-8ade-c64069f72f7e,gaussian_blur,s4,4,0.919780,0.957352,0.978421
18ed1a62-7aaf-458f-8aec-bba07e79b833,fog,s4,1,0.565595,0.708315,0.771264
18f7e1d2-d683-4891-850f-296c7789da4e,clean,s4,3,0.945053,0.971451,0.982246
191090ae-4cb7-4ff3-8a66-4e5fc3e75076,shot_noise,s4,3,0.737064,0.833338,0.940395
191358a1-db69-4cfa-a0b9-15f92b786afd,gaussian_blur,s4,1,0.566818,0.708706,0.774411
1923cedf-407d-4129-9628-ca08dd1316e3,fog,s4,0,0.856060,0.921271,0.937408
192ac349-3807-4236-8f47-4eaa177cec2a,gaussian_blur,s5,4,0.712513,0.830080,0.844163
19333373-311b-4c98-87e0-6e74ebb3c07a,gaussian_blur,s5,1,0.918773,0.957657,0.957924
19365046-f915-43e3-887d-565eea50f43c,clean,s5,2,0.856403,0.920739,0.946736
1940607c-39b0-4ef4-8013-41512eed9130,clean,s5,3,0.893904,0.943976,0.944064
19657c36-f1d2-4774-a6d5-edd01b72f1a7,gaussian_blur,s5,1,0.432332,0.543058,0.736337
196ff294-a8a9-4fbe-86f3-4ff2d5ac4b49,clean,s1,1,0.895039,0.941416,0.999171
197fec03-ddd7-4673-b916-61128469f57b,shot_noise,s5,2,0.904875,0.950062,0.950069
198c2f1e-3284-4b19-a41c-efe2b2bd5ecb,gaussian_blur,s5,4,0.844985,0.915748,0.918736
199b55c2-66d2-4405-8e2e-743faf2bf941,gaussian_blur,s4,1,0.915300,0.954899,0.975248
199de3ea-814a-451a-856d-f90ca4517ba6,gaussian_blur,s4,3,0.576751,0.701846,0.831259
19a12888-d4a4-49fe-9757-dc3f05484e59,fog,s5,3,0.680245,0.809321,0.811671
19a1bed1-1316-445c-ada3-5bc85974a01c,fog,s5,2,0.939721,0.968896,0.969819
19a444f0-113e-429d-9187-4ef6f155467b,clean,s5,2,0.910122,0.952772,0.956636
19a8cae6-1a2b-4ba0-b90c-1bfde2aa1745,shot_noise,s3,5,0.616812,0.739275,0.853984
19ae1702-c3ff-4e5c-934b-0416681e5b2e,clean,s4,2,0.946602,0.972263,0.983579
19ae7396-27a6-475c-85f0-aa1da023ecd7,shot_noise,s5,0,0.867460,0.928546,0.935755
19b16c87-15df-430f-a55a-a33b8b67afa2,shot_noise,s4,0,0.920412,0.957707,0.978645
19b52cbf-e72b-4d46-bf14-d937f9d2a90a,gaussian_blur,s5,5,0.901435,0.947916,0.952910
19c5b23b-6589-443c-82fe-9dceb1d9a988,fog,s5,0,0.749016,0.855792,0.861411
19c609c1-0fc3-4c45-b1f0-86c335fba8e9,clean,s3,2,0.490402,0.602415,0.798087
19c64e01-fb02-4d52-8d3d-93acff5ef483,clean,s4,2,0.899304,0.946083,0.963672
19cac425-2f4f-4a37-addc-1a95fd86e0ca,shot_noise,s5,2,0.553800,0.705567,0.737512
19ea425f-2239-40bc-baf4-222161a2a8a7,fog,s3,3,0.562046,0.642172,0.936091
1a03aa36-b9ba-4689-bbeb-15a329d8f5f9,gaussian_blur,s5,4,0.972226,0.985913,0.986208
1a08fe5a-aee4-4eda-878c-38580b52226c,gaussian_blur,s3,5,0.876168,0.930703,0.981532
1a10ef8e-609a-4135-9374-42584f786b79,gaussian_blur,s4,3,0.735742,0.845237,0.864025
1a25d4ab-ad4d-4786-9f78-092c08ac3d2a,shot_noise,s4,4,0.832404,0.907087,0.924151
1a429691-7edb-4a03-9d72-642e7aaade30,clean,s5,1,0.948656,0.973620,0.974849
1a4366a5-22f5-4d3e-9950-d0b9aec7f611,shot_noise,s5,4,0.946577,0.972540,0.973099
1a5edb66-f4a3-4ea9-bc51-f4c8eb139354,gaussian_blur,s4,3,0.653613,0.786225,0.810651
1a5f387e-0b8d-496c-b152-9f22a9e3bb3b,shot_noise,s4,0,0.575516,0.728421,0.738505
1a67940f-abb9-44ff-a6b9-e5b7ce03d41e,clean,s4,5,0.957849,0.978353,0.983893
1a7ad21e-8394-4a7b-aac3-ab086842c82a,clean,s4,1,0.946602,0.972263,0.983579
1a7d450c-c75b-4fc3-88aa-cbd8237ef622,fog,s2,1,0.769170,0.850832,0.994853
1a7da8c2-7e4a-4070-a91b-f6862455a887,gaussian_blur,s5,1,0.678957,0.805173,0.827323
1a8696c1-fdac-454b-8430-d6d708159201,clean,s4,1,0.359653,0.521143,0.545520
1a8b40ad-6259-4594-9fcf-ae01a21748e2,clean,s4,5,0.952141,0.975125,0.989904
1aab0164-b23e-45d7-8dc9-129afd421b35,fog,s5,1,0.912464,0.953896,0.961439
1abfe435-7a77-4bc4-8541-3f3755acbb3d,fog,s5,4,0.913438,0.954436,0.961891
1ac57a55-1ab0-413e-a7ea-01947cdd886e,fog,s4,5,0.861950,0.924539,0.943328
1ada813c-6702-40cf-ab1f-5b3ab20cbd32,fog,s4,0,0.838655,0.909635,0.941173
1adc67a1-9b4c-4e01-ba56-f0e6de3fae9f,gaussian_blur,s4,0,0.516261,0.633955,0.809397
1adf666e-014c-4a67-8c0c-3a1fffac20d2,gaussian_blur,s5,1,0.975395,0.987536,0.988224
1af2f04c-189d-4230-acc4-231bc0b9cf2e,gaussian_blur,s5,0,0.570969,0.715831,0.765851
1afebb39-b822-4163-8818-2773c98f5f21,gaussian_blur,s5,5,0.448889,0.614461,0.633045
1b03196d-f1cb-4ea9-9859-b3e28b2c9d3d,gaussian_blur,s5,2,0.913501,0.954469,0.961953
1b086e7c-3866-4f92-8753-16b7418ce4e0,shot_noise,s4,4,0.976123,0.987851,0.993345
1b0ad7c9-1a6a-4cb9-a237-d772a435ee73,gaussian_blur,s4,5,0.391857,0.559616,0.570917
1b0b5a18-a19c-4e58-86da-db475802a7f2,shot_noise,s5,2,0.910065,0.952863,0.954012
1b152b24-ba16-421e-87f4-10f636b78577,shot_noise,s5,3,0.922499,0.959509,0.964099
1b22cabf-6871-4233-995e-6fd57b73db82,gaussian_blur,s5,2,0.938613,0.968296,0.969556
1b25cfa1-4c48-4150-87ee-37937c499b96,shot_noise,s4,2,0.912833,0.953487,0.974704
1b2b3aaf-562b-44cf-9f97-aaba51c3d256,gaussian_blur,s5,5,0.880294,0.936283,0.937178
1b2f621b-a317-49eb-ac22-aa04ff343f48,shot_noise,s4,0,0.945053,0.971451,0.982246
1b379125-f3a2-4051-abfe-7f8a77122a8f,clean,s4,4,0.828523,0.903509,0.934330
1b3cac70-a0e9-4dc3-9d8f-f44c672299d3,shot_noise,s5,2,0.875555,0.933122,0.941538
1b4b8528-5a23-46c6-8558-2fe51977eb12,fog,s4,3,0.375776,0.442568,0.732320
1b50a27e-1327-43e0-9700-4432e974c512,gaussian_blur,s3,2,0.477256,0.590026,0.783007
1b66e0ce-d991-4e09-91da-47799f5c5363,shot_noise,s2,3,0.487448,0.493644,0.974896
1b696d46-af3d-40fb-9353-549ddc5d2aa7,clean,s5,2,0.843892,0.915155,0.917485
1b6c381f-e58b-4e84-a480-e8eee5360fee,clean,s4,3,0.920412,0.957707,0.978645
1b7c59f2-9ca7-4df6-90ab-4d2e6f5020a3,shot_noise,s3,3,0.875362,0.930502,0.977237
1b82f7c5-bfdf-4c4c-8f5e-3e5d7f6d875b,shot_noise,s3,1,0.692582,0.784556,0.975337
1b889caf-9278-4c9c-9485-811dd46bb9c8,shot_noise,s4,5,0.834630,0.907791,0.932325
1b890046-e435-42cc-8012-c879b9cb41f6,clean,s5,0,0.782706,0.877273,0.884934
1b8a32b0-70b7-4616-bb4d-01331f41d802,fog,s4,1,0.831412,0.902526,0.963557
1b8eaa5c-4f7e-43dc-872b-d72509e05487,gaussian_blur,s5,3,0.556483,0.714905,0.715568
1b940e50-07cb-4fae-8e29-acbd2d3909d4,gaussian_blur,s5,4,0.956534,0.977755,0.979096
1b9731f9-734d-4a32-821d-830f019acc89,clean,s4,3,0.687051,0.793514,0.916128
1bafa1f8-7c0d-4adc-b891-14721bf770a1,gaussian_blur,s4,1,0.943621,0.970797,0.977695
1bb55338-ce09-4a91-af7d-ea895690941d,clean,s3,5,0.394071,0.444567,0.782816
1bb8ced6-8843-436b-ad0b-a2b691afda22,gaussian_blur,s4,2,0.704324,0.819195,0.866997
1bc25889-63ce-4698-ac31-036d11093966,gaussian_blur,s4,3,0.793767,0.878118,0.941725
1bc26321-d8e4-48f6-b72a-0c8cb3ca7cc4,gaussian_blur,s4,4,0.945290,0.971564,0.982842
1bdda2b8-5073-4284-a7ed-f588c78f87cc,fog,s5,0,0.787276,0.880315,0.886525
1bded10a-d3e6-4176-8d09-ad3cb8f4fa43,fog,s5,0,0.297633,0.453889,0.467600
1bfdf9ff-bd5e-47c7-9237-66ec63e8e753,fog,s5,4,0.873105,0.932124,0.934181
1c0eac54-8919-4c3e-87b6-53d26d5fe4f5,clean,s5,4,0.944683,0.971522,0.972710
1c135738-be5e-4a0b-b278-9ffdda119a37,clean,s5,2,0.454484,0.619961,0.638048
1c1f3d9e-1738-46db-86de-a0635454e0de,shot_noise,s3,0,0.469371,0.484201,0.938741
1c2042c8-aec4-4d3c-87e7-a7d7c498e141,clean,s5,0,0.870114,0.930488,0.931387
1c2f26aa-9305-4270-aa81-2b2f94034913,clean,s1,2,0.444083,0.470385,0.888165
1c3c418f-7dc9-429d-aff1-813cd83489e9,fog,s5,5,0.416326,0.568030,0.633884
1c42ea6d-61e4-41da-9a47-2734851d7a3d,gaussian_blur,s5,3,0.433228,0.545203,0.735036
1c47b667-28db-4e40-852b-56a1dcccf72f,shot_noise,s5,4,0.393389,0.534194,0.630036
1c518516-16e5-4ca5-8ccd-ae4721fd2817,shot_noise,s3,2,0.886999,0.937301,0.985015
1c5ba5f3-1db1-444b-95d9-93572768b2f5,clean,s4,3,0.965332,0.982199,0.991399
1c699c67-f95d-4335-8152-261ca5aaa9fa,clean,s4,3,0.957849,0.978353,0.983893
1c6c92a8-5953-4f8f-b00a-3e907ff6b9a7,gaussian_blur,s5,2,0.863034,0.925537,0.939179
1c6cee62-99f7-4b99-95fe-3c7276be1682,fog,s4,1,0.936909,0.966999,0.980405
1c75e301-8dd1-4e16-bd2c-3474f6976bf6,clean,s4,1,0.945172,0.971344,0.988171
1c804855-88a9-4961-862e-9ee896f3558d,gaussian_blur,s3,3,0.898854,0.944562,0.985898
1c853333-e7a6-4cea-baab-32a6130a3cd4,shot_noise,s4,3,0.817536,0.898141,0.914027
1c881cf9-b90c-4f09-a024-a6ffd04c7bb4,fog,s1,1,0.880548,0.932241,0.999051
1c8e0575-6963-43f4-a514-0eb3102d4e29,clean,s4,4,0.823854,0.901769,0.920240
1c8eea89-3854-475b-8e4b-7aad69554709,shot_noise,s4,5,0.650349,0.772690,0.856085
1c905187-d06a-4025-a8b5-97b8bb46a007,fog,s5,1,0.722367,0.836163,0.854944
1c989481-cbb0-44c5-aff6-4126bf83df22,clean,s5,4,0.898551,0.946565,0.946565
1ca0c214-31ee-4e69-9476-56f393af6f01,gaussian_blur,s4,0,0.924109,0.959978,0.975045
1caa2ce0-8e3c-4a18-b967-7cfe0fbf81b3,fog,s3,2,0.467498,0.580319,0.772518
1cbc6eaf-2741-47b4-a526-19192421ff99,fog,s4,1,0.812409,0.894603,0.914461
1cd3fd56-568f-42d7-b33f-30a7c87f5a61,clean,s5,5,0.717650,0.829710,0.870315
1cd5a113-e72b-4a80-a65a-8b241dabd365,clean,s4,2,0.890834,0.941847,0.949472
1cd7a844-82bf-4b5d-96a0-b4def86ea85f,clean,s4,2,0.965332,0.982199,0.991399
1ce0cb76-74c2-4730-a295-22fac60244cd,gaussian_blur,s5,3,0.279438,0.416938,0.470901
1ce83eab-4d61-485a-a6ec-3511d310218b,clean,s4,5,0.421054,0.457144,0.842108
1cf16d3a-b97a-44cd-9d60-21e0534c1581,gaussian_blur,s5,4,0.963165,0.981223,0.981957
1cf25a53-4b6c-4e17-bb36-cdeea278d24f,shot_noise,s4,4,0.855500,0.920935,0.937157
1cf3a341-4b3a-45fc-a14a-1a882c805e4a,clean,s5,5,0.553305,0.712322,0.712773
1cfa28b0-fa63-46e7-a109-dec72ef9613e,gaussian_blur,s5,4,0.868341,0.927890,0.952299
1d04b4b9-bb45-4a56-9517-c08dedfb74ba,clean,s5,4,0.764145,0.866170,0.867327
1d08fd82-e933-418d-85de-6e52e7863cf5,shot_noise,s4,4,0.947386,0.972567,0.988126
1d194a1c-91d5-4197-a4e6-1d315d48d72e,gaussian_blur,s5,1,0.975231,0.987459,0.987562
1d2febdd-d149-480a-839d-be294d15137f,fog,s5,0,0.856403,0.920739,0.946736
1d3a1f52-2710-4e94-9132-e164cd2e196d,shot_noise,s4,4,0.940905,0.969026,0.986578
1d5dbe09-dfd3-4995-8e75-2149c32ded0c,clean,s3,4,0.972016,0.985659,0.996283
1d6c4996-f07b-4f22-a6bf-13791c1bb5bc,clean,s5,5,0.945104,0.971758,0.972480
1d831604-f583-424b-acae-efdcc9d9902c,gaussian_blur,s5,2,0.887660,0.940486,0.940507
1d8bd96e-a17c-4d25-8707-d1bc7291cc6b,fog,s5,1,0.673461,0.804529,0.806629
1d8d3f90-1565-4aac-b298-1003b66e8f66,fog,s4,4,0.623748,0.757821,0.811477
1da481d7-4a82-4bab-ae6e-c702947b68e3,clean,s4,2,0.687051,0.793514,0.916128
1da55b41-8a2c-4289-b548-07dc6fe519cf,clean,s5,1,0.728599,0.841314,0.853579
1dbdf5c9-916f-4be1-9a0d-e0cdf90e7138,clean,s3,4,0.407163,0.533500,0.675595
1dcd2930-1467-4630-9070-6fe2eb606420,shot_noise,s5,1,0.917312,0.956830,0.957861
1dcf6444-d0b4-4018-89bd-eee5891ae2da,shot_noise,s3,3,0.906399,0.949172,0.984928
1df24ba0-edd1-4c52-b59d-eec7ce5b63b4,clean,s4,1,0.902726,0.947366,0.977568
1e0b7861-db6c-45e7-8e4e-6bf1a414acba,fog,s2,2,0.721750,0.810100,0.987369
1e164fa5-0e24-4a1b-a26a-c105a00a4cb9,shot_noise,s3,4,0.875059,0.930008,0.981363
1e2c6cbd-3d69-46c5-a59c-4ebaceaf1110,shot_noise,s3,2,0.768231,0.854433,0.968485
1e2fb244-6f49-4b4f-a96e-8b983a776e27,shot_noise,s4,2,0.833421,0.907039,0.931776
1e42481c-afb5-419d-83ce-aa5807680cb2,fog,s4,2,0.969545,0.984421,0.991967
1e472e8e-517d-449d-901a-f6571925128b,fog,s5,1,0.466055,0.635623,0.636267
1e4d46e9-639a-4cb5-bbd8-90ae91d4e995,shot_noise,s4,1,0.889841,0.941210,0.950216
1e5750f2-dc41-44f9-b0f2-8aeb1107c82d,clean,s5,0,0.636165,0.772158,0.801643
1e6a040f-74e3-4814-85b9-8ea6aaaafebf,fog,s5,5,0.813842,0.897358,0.897472
1e6ca0c3-224d-4629-9ded-95d6b3fad4da,clean,s4,3,0.575516,0.728421,0.738505
1e73fefc-f57f-44c4-a64e-7b39d0dcaaa5,fog,s4,2,0.535771,0.676039,0.764655
1eaf8071-aae3-4710-b583-468f006d3a0a,gaussian_blur,s5,3,0.561738,0.719330,0.719536
1eb3543c-09bc-462d-a9b0-8f67c5b09906,clean,s4,4,0.899392,0.945998,0.966163
1eb932f4-d338-4816-a900-270e6ef5137e,fog,s5,1,0.878216,0.935025,0.937226
1ec43d07-0a5e-4252-948d-32a8690543e3,clean,s4,3,0.745914,0.851037,0.877506
1ecae5f0-c9d3-4cb0-a673-f1d07abc8018,clean,s3,2,0.407163,0.533500,0.675595
1ed1e43d-0e28-4388-8ba1-65f3afb9ed7c,fog,s5,4,0.662085,0.794232,0.808649
1ee0370b-238c-4ded-8f35-48cea329b9fe,gaussian_blur,s3,3,0.460088,0.542024,0.822795
1ee08c9a-137d-4c46-9a42-399204026bf9,fog,s4,3,0.647041,0.765593,0.871484
1ef60caa-8876-4290-814e-d036f5b0f994,fog,s5,3,0.783316,0.878456,0.878805
1ef99ce9-cfbb-459e-b784-64659bc1d14e,fog,s5,4,0.943307,0.970826,0.970846
1efce28c-47f9-4852-a981-22f5e11e62b1,clean,s5,3,0.768061,0.865402,0.894192
1f007716-ad6b-43a0-95dc-6c6946b3087f,shot_noise,s4,3,0.934025,0.965229,0.984821
1f01f564-76b9-4f01-a30e-fa16628a767b,clean,s3,0,0.912241,0.952633,0.985227
1f126869-fded-445f-b9fe-48d9669ee5c3,shot_noise,s3,3,0.888302,0.938103,0.985189
1f148ca0-ad36-410c-8920-8e915fc2a859,shot_noise,s5,3,0.204796,0.322864,0.365227
1f19d8b6-6700-4d2c-b9c9-b8e64838cbba,gaussian_blur,s4,0,0.976262,0.987955,0.990784
1f1a1080-b656-492f-b64b-39cb38ab649c,clean,s4,0,0.952141,0.975125,0.989904
1f1af856-5019-47b3-a97a-1cbb96d377e7,fog,s5,1,0.467733,0.619459,0.684380
1f1e9a57-6a75-4d71-86e6-a70ed8f726d0,shot_noise,s5,2,0.906047,0.950555,0.953808
1f22d915-2c43-4acd-9a7b-beb04c11ee62,clean,s5,4,0.877777,0.934393,0.942800
1f2b7132-0977-490e-881e-b6b7324f9c6b,clean,s5,2,0.903594,0.949069,0.954985
1f2e30ba-e9a4-4185-baec-b9d84cd33260,clean,s5,5,0.812736,0.893700,0.924875
1f2ee69c-7c7a-4635-8baf-cde63dd48021,clean,s3,3,0.624439,0.745741,0.859520
1f32f485-27b1-459e-8df0-4e13987a944e,gaussian_blur,s4,5,0.979414,0.989575,0.992011
1f3c8336-3a82-4a81-8252-cb2fd83f6cec,shot_noise,s4,4,0.702926,0.820788,0.852132
1f4318f4-7c94-4a11-9afb-899ea143d945,shot_noise,s4,0,0.904908,0.949481,0.961938
1f4c9c4c-6046-454d-a93a-2765354f419d,shot_noise,s4,2,0.579288,0.685414,0.886800
1f57d2fd-ef08-4156-8f8f-3ec0ce384eba,shot_noise,s4,1,0.980966,0.990358,0.993850
1f6c54d5-34ca-4863-b631-3d9f5e1ba989,fog,s5,4,0.937887,0.967908,0.969212
1f6f8cc3-e8f1-4226-953d-bcda5eb0e3cf,gaussian_blur,s5,4,0.978664,0.989199,0.990885
1f7c383c-1e32-43c0-89b0-aac690168147,clean,s2,0,0.497553,0.504785,0.986981
1f8d0e88-a89b-4d25-b033-6ede9a65b33b,fog,s4,5,0.960077,0.979431,0.989412
1f953bb4-43d5-4b30-95ab-4001c80b0d71,gaussian_blur,s4,0,0.931659,0.964348,0.972283
1f97821d-291a-40b8-a15d-1d6bcaa525d4,gaussian_blur,s4,4,0.874567,0.931394,0.957759
1f985b7d-eb15-4f54-a105-67540a204c7a,shot_noise,s5,5,0.383332,0.527966,0.609827
1f9c475e-ec30-428b-9488-7b65c0b87d33,gaussian_blur,s4,5,0.890667,0.940016,0.978123
1fa408f1-4122-45b4-b0ef-90f205573344,clean,s4,3,0.556665,0.693898,0.784799
1fa84fc9-b3e8-49bc-bc9b-3c9ed3819be7,shot_noise,s5,5,0.931282,0.964353,0.966252
1fb471a3-fa05-41d2-a7d4-91a7c7c38320,shot_noise,s5,1,0.536363,0.698205,0.698288
1fc17926-d53e-411b-8bfa-afbe80514379,gaussian_blur,s5,3,0.632979,0.770067,0.797759
1fc771d6-73ce-480c-a4ab-22098ab56e1e,clean,s4,2,0.742344,0.846142,0.890981
1fc8420f-b5c4-4732-ab6a-b2e3c7b7cd54,gaussian_blur,s3,0,0.872960,0.929028,0.976469
1fca2d91-ad3c-4cf6-a6f2-c94ab35a8c49,fog,s5,3,0.839766,0.912789,0.914230
1fd12396-b393-40c8-91af-958ac14f73d0,clean,s4,0,0.704664,0.815583,0.887291
1fd1a195-f16f-48e6-b742-135fae48a257,clean,s3,3,0.795457,0.874666,0.977124
1fd76b29-4eb9-4499-9ff3-c19a1ceda78b,clean,s4,0,0.885747,0.938870,0.948282
1fe7e5f9-655a-40b6-8f6c-e4843a133508,gaussian_blur,s4,1,0.943311,0.970345,0.987150
1ff5b74e-235e-4711-8906-ba32c2a196f6,clean,s5,0,0.945124,0.971680,0.975613
200eaf75-e95b-4b4b-ab15-85a4745ede3b,gaussian_blur,s5,2,0.898541,0.946253,0.952258
2010db3e-a191-421c-8422-9e7a71b02c8a,fog,s5,4,0.553468,0.709985,0.721429
2017d43f-c4c7-43ec-9c0b-8c3dd2de1fc7,shot_noise,s4,0,0.956672,0.977739,0.983099
20187d54-e61e-48ba-b477-040a9b3b050b,gaussian_blur,s5,3,0.861414,0.924574,0.938464
20278f73-0b11-4378-9ef0-8b77febfbd6e,fog,s4,5,0.893753,0.943195,0.956235
203f4c25-2a87-4d97-965c-01aa34e3b92f,fog,s4,2,0.371421,0.522821,0.581135
2047c033-dd1e-4e8a-b62e-beb929b97bf6,shot_noise,s5,4,0.831125,0.907439,0.911413
2049bdbb-6efd-44c3-b9b6-6678aa4e7cd0,shot_noise,s5,3,0.856317,0.920673,0.946859
2052dcbb-49dc-4fc5-980c-c5cb024cb76b,fog,s4,0,0.868747,0.927046,0.967024
2053d4df-a046-4096-ba1b-dbd647f38766,clean,s4,4,0.920412,0.957707,0.978645
205afa1c-1027-43f2-82b2-70e3a749a25a,shot_noise,s5,5,0.860345,0.923925,0.938149
205cc35b-066f-4621-b0d1-e84f836f7fad,shot_noise,s4,4,0.420553,0.456848,0.841105
206419af-ef54-4c32-9c9b-dd8cf7b8e8a3,clean,s4,0,0.981904,0.990829,0.995243
206c6eb9-2b16-47f4-974c-910bc21dd65c,gaussian_blur,s4,5,0.926874,0.961398,0.978923
20748e72-a6b6-4138-a775-19214793a11e,gaussian_blur,s4,5,0.710695,0.820032,0.891189
207625db-622a-46bc-ba53-1f9cce682084,gaussian_blur,s5,3,0.970450,0.985001,0.985135
207c3250-16ad-4189-b3be-d83d403e34e3,fog,s5,4,0.883584,0.937675,0.946526
208219d2-bd26-4d94-a1fd-b28479cad77b,fog,s4,3,0.601169,0.709749,0.892736
20865f1d-ecd6-45e8-b822-a747f4dad1b9,fog,s4,5,0.692230,0.807014,0.875714
20885fd8-832b-47f5-be22-5e013e23fc9a,fog,s4,2,0.925501,0.960474,0.982450
208d75d1-0335-4466-95a5-fd6c47af3659,shot_noise,s5,4,0.831763,0.907782,0.912204
20950d62-3217-4496-a041-be7fcd640f34,clean,s4,1,0.602989,0.741901,0.792741
20972edf-078c-45d1-a165-e5df3acbcd14,clean,s5,3,0.764885,0.865835,0.873844
2097d075-caa2-4f92-8593-f1c221c62257,clean,s4,0,0.706977,0.810540,0.922277
20a4bb1c-428c-4e3c-9fac-2c2c32d82c68,shot_noise,s5,5,0.912410,0.954191,0.954368
20c5be57-8b54-4dd0-a479-b3606a5431bb,shot_noise,s4,1,0.435973,0.514452,0.798268
20cc08ae-b7f2-4026-8973-b058eeefc685,clean,s4,3,0.951114,0.974815,0.980096
20d48e97-81f7-4924-8931-e62f2cdf7c36,clean,s4,1,0.981904,0.990829,0.995243
20e43a76-1785-4722-a2a1-5fd388a1f949,fog,s5,0,0.916095,0.956175,0.957028
20e70b6a-b1a6-4d62-8057-6dfe0cd32b14,clean,s2,2,0.894110,0.940984,0.996805
20f8bb4e-9482-4e9e-bfaf-64b403afdc92,gaussian_blur,s4,3,0.839294,0.911547,0.924822
20fb9e9f-7b06-49c4-bd3f-7aa308102741,shot_noise,s4,4,0.959295,0.979053,0.987389
21018136-5b14-47b9-9e55-906197a87194,fog,s5,1,0.918484,0.957332,0.961674
210340fc-7817-45be-96ae-c24d112025a4,shot_noise,s5,2,0.536153,0.698046,0.698048
210ee5f4-609b-4b43-af1c-2da281bbe810,shot_noise,s4,4,0.494686,0.607442,0.800720
211c509d-4deb-445a-b7e6-d1a73c034983,clean,s5,1,0.910356,0.953070,0.953177
211cb65a-6507-4433-b866-1feea0a9a418,shot_noise,s5,4,0.729135,0.842221,0.850524
212b25bb-3bc2-4934-88ff-c2bc6df76520,shot_noise,s4,0,0.592838,0.694388,0.907957
212b8451-d46f-4607-befb-253e6d83122d,gaussian_blur,s5,1,0.861475,0.925511,0.926547
212c5541-0354-4f8a-b66c-8dc6d9fe7a1b,gaussian_blur,s3,1,0.438760,0.562965,0.717339
213d37e6-245b-4715-8afc-70d859784e93,shot_noise,s4,5,0.897812,0.945461,0.958874
213f07d1-0ccc-4074-92e4-aae578f08f2c,gaussian_blur,s5,5,0.798173,0.887212,0.892618
2142bf27-b160-45ae-b4cf-841ce8fdff57,gaussian_blur,s3,1,0.823825,0.895189,0.981782
2153f4be-2c3c-438e-818b-395a295bb699,shot_noise,s5,5,0.640916,0.780753,0.783063
21566955-e1a6-4a6d-8eb6-f3f9ca051e61,fog,s5,2,0.854390,0.921227,0.924673
2156dd04-9437-4c07-b18a-0f96b126ab13,gaussian_blur,s4,2,0.708514,0.818927,0.887185
2159bc8d-7077-45da-a3e8-a442617fb187,gaussian_blur,s5,5,0.945655,0.972037,0.973195
215ac135-7988-4d2c-b4d0-dab168d8ce5c,shot_noise,s5,5,0.596697,0.722841,0.836074
2161a5d2-cf8f-4dda-8c1b-fadb6f82987c,shot_noise,s5,0,0.854888,0.921349,0.927099
21682976-0dc1-4e4e-b0de-c215b17fba49,gaussian_blur,s5,3,0.880197,0.936155,0.938271
2168c8eb-8ee4-4c06-84ee-018be4e6ea37,clean,s4,3,0.473962,0.618718,0.707093
21700174-a742-4a2b-9898-009eda1a86dd,shot_noise,s4,5,0.959415,0.979067,0.989838
2192f03e-bdcb-4821-98b3-41deb8257a94,clean,s4,1,0.931659,0.964348,0.972283
21954721-2ba7-4b62-be8d-da41282fe001,clean,s4,4,0.945757,0.971680,0.987737
219883f4-3cb4-4699-bbe2-5775dc3f9944,clean,s4,5,0.473962,0.618718,0.707093
219a043a-8dc4-42fa-b8d2-e5c7c9c6e1e2,gaussian_blur,s4,1,0.900396,0.946709,0.964066
219b4112-4084-4386-95d6-6ffe67876ddf,clean,s4,4,0.979257,0.989477,0.993552
21a8b952-1b95-4c8b-b572-fc6f71d9b968,gaussian_blur,s5,4,0.934468,0.966092,0.967084
21a9dd1e-128a-4818-8773-594fdbd91d7b,clean,s4,0,0.793766,0.876318,0.955443
21afbf88-29a8-4471-a221-be4c695f9680,clean,s3,5,0.728688,0.820478,0.968805
21b3417a-b909-4c67-a489-ddc25857f67e,gaussian_blur,s5,3,0.458279,0.524164,0.847831
21c8ac22-a34d-4041-85fa-3c90291711df,shot_noise,s4,4,0.732535,0.838990,0.886816
21cbe5dc-bfc2-42b5-89fb-2faa193bb5c6,clean,s4,0,0.776561,0.870316,0.904406
21d91f07-64a3-4d43-99d1-e4c689189980,gaussian_blur,s4,2,0.798960,0.880049,0.956583
21eba88b-4a15-4555-b1dc-dd5da552dc3f,fog,s4,5,0.423070,0.460567,0.843035
21f7b041-6728-40ca-b56b-cf0a421f2ca2,shot_noise,s5,0,0.877777,0.934393,0.942800
220593c1-877d-4c24-899a-e938289d4c6a,fog,s4,4,0.372901,0.427198,0.745803
2209a792-f28b-4028-b832-abcd91a7a8a0,gaussian_blur,s5,4,0.883138,0.937942,0.937957
2224de0b-44e1-4bb6-b0a1-42ff76815345,shot_noise,s5,5,0.916888,0.956434,0.961421
2227ec7f-c919-4bdc-b45c-62a8e64e7e1f,fog,s5,2,0.886349,0.939750,0.939765
2229ad56-0356-4186-8393-d19cb3d9cbc9,clean,s5,3,0.630244,0.766341,0.802501
222bb151-8482-45d3-aaa1-8a6444e151f9,fog,s4,2,0.705706,0.820291,0.867381
227ce184-4cbd-4c05-bb7e-5132f45d150f,gaussian_blur,s5,2,0.822125,0.901760,0.908699
22855552-d306-4cb8-bc2b-3cf4605e4fcb,fog,s2,3,0.568653,0.643105,0.954544
228c3512-1ab1-4734-a7cc-3e7df5f9cb3b,clean,s3,1,0.309516,0.450125,0.513808
22acf80d-0aaa-4101-bd66-1647f98c185f,shot_noise,s4,5,0.961059,0.980043,0.985157
22ae65e7-1256-4352-8ed4-8c287a84b60d,clean,s3,1,0.459728,0.479019,0.919455
22b8867d-bf8c-4ff9-b479-c9307101061e,clean,s4,3,0.932734,0.964437,0.986558
22d281b8-78f0-4ee4-8c22-caeba248449e,shot_noise,s4,4,0.632836,0.763945,0.822549
22e9ff97-0b3c-4b3b-8ba8-0643a4cc8aa8,fog,s3,5,0.787278,0.870397,0.962637
2302efe6-c764-4b0c-bfa8-17fe70435e30,fog,s5,0,0.515769,0.662921,0.732800
23055051-d7f6-4e89-971b-4b7552ba33de,fog,s5,1,0.468360,0.637186,0.640005
2307150c-b7c0-48d0-929b-ee7e897ab9e7,gaussian_blur,s5,0,0.739335,0.849082,0.857116
2307a6e2-dce6-40ed-a462-5b90f3cbddd6,shot_noise,s5,4,0.834316,0.909673,0.909707
230c0587-68d5-4429-939e-185825f22cbd,gaussian_blur,s3,0,0.922869,0.958580,0.991450
2316307e-dd3c-488f-9003-e35c432fafb1,fog,s4,3,0.946856,0.972412,0.983255
231adce5-06d9-4941-8406-70f20a716442,shot_noise,s5,4,0.835708,0.910407,0.911567
232f55b4-3e7d-4f05-a18c-7a2b95cc6d7f,shot_noise,s4,3,0.761908,0.856284,0.924584
233a4084-e673-4dec-b8f6-7ff39b00ee0c,gaussian_blur,s5,1,0.788150,0.880038,0.893931
23448d1b-2312-464e-864c-9a5026430220,gaussian_blur,s4,2,0.951579,0.975045,0.980960
23479404-5e3d-4b2f-abee-5579e540a7a4,gaussian_blur,s3,5,0.751317,0.841399,0.962688
235751fa-e22b-4422-8e66-c55a237b73ac,shot_noise,s5,4,0.943836,0.970907,0.977976
2362e08e-8ca2-4fff-a6c3-f57c4f34d68e,shot_noise,s4,1,0.819894,0.897259,0.937781
237d62f1-5e62-4cd8-a347-bec680e5a562,fog,s4,4,0.777934,0.866418,0.940082
238a439e-dda2-46b8-b953-1b79ed2d7d66,gaussian_blur,s3,5,0.445664,0.560215,0.744654
238ed25c-cbc7-4abf-b2b9-ae93bff3772d,fog,s4,4,0.773285,0.861675,0.947872
23980e6a-5fe0-4878-9a45-7510a61d7aab,gaussian_blur,s5,3,0.831090,0.907116,0.914629
23990f68-e015-48ba-9fae-140ad64ccbac,shot_noise,s4,5,0.582107,0.733640,0.744207
239bd592-b69d-45fa-838f-8a0fa0d8617f,gaussian_blur,s5,3,0.830916,0.907514,0.909129
23b367b1-09a9-4ac2-a1b0-520e9d0d1884,gaussian_blur,s5,0,0.543850,0.704521,0.704592
23bc598d-1943-4a3c-9a9e-aa8aef6ec9ed,shot_noise,s4,1,0.733134,0.839401,0.887237
23df4bde-57c6-41d6-afc9-9118f319d127,fog,s4,3,0.746505,0.852459,0.871103
23fedf72-5e06-4d45-bf57-d6e8599b37e8,clean,s3,0,0.454125,0.536814,0.814133
24003c78-bcc0-49c2-9199-5465a9618f57,fog,s4,4,0.910137,0.952313,0.966409
24070893-3b0c-494a-ba98-cb6884a987c0,clean,s3,1,0.776474,0.860805,0.970219
2407553a-4182-4940-bb8b-c86e9279cc6e,fog,s4,5,0.636785,0.762606,0.843327
240a0a22-9a4d-4ca5-9ff6-23b133eb0731,clean,s5,5,0.594069,0.720878,0.833022
241ab050-401e-481b-bbbe-87bcc3b41d62,gaussian_blur,s4,5,0.790069,0.875561,0.940296
2420e011-e222-4326-abea-f6c747a21441,fog,s4,4,0.845319,0.914842,0.931851
2429b7f1-836f-46c6-a21c-bdd978ee5415,shot_noise,s4,2,0.903564,0.948402,0.967506
242b7a1b-3d4c-43a3-9b96-569cf6210393,shot_noise,s3,4,0.700665,0.797304,0.955643
2432c796-714b-4f30-8d22-8ffa1af9aa1d,gaussian_blur,s4,5,0.764498,0.858064,0.926205
243656d0-50bb-491f-824b-b921d2f515a1,clean,s5,0,0.826418,0.904573,0.909021
24456fc0-7c1b-48e3-bd1e-65ce93d5fe36,gaussian_blur,s2,0,0.894110,0.940984,0.996805
244e86a7-fb3a-4efc-9cc2-2cbf7b48d223,clean,s4,4,0.795783,0.879454,0.942905
2457e3c3-9185-4076-88a9-4f67aba91594,shot_noise,s4,0,0.785187,0.873752,0.926533
246a0486-d30e-486a-9527-1700050b7dbc,fog,s4,5,0.966784,0.982964,0.991790
24740d7e-f57d-411c-a66b-ac970252c7f3,shot_noise,s4,4,0.730784,0.828330,0.938380
247cbcae-2af4-426d-b9e6-531574505248,shot_noise,s4,1,0.834195,0.907694,0.930293
24909acf-9cb9-449e-9ffe-2d15411b93e2,shot_noise,s5,4,0.947223,0.972864,0.974085
24980aad-184f-4c77-97a1-324c89574afa,fog,s4,5,0.926843,0.961158,0.984549
249d2bb6-cdf0-4b85-be74-0d0176089d66,shot_noise,s5,0,0.910356,0.953070,0.953177
24add0cc-7b7c-4ad1-907f-729cc88431c1,clean,s3,3,0.726977,0.820849,0.959451
24b8814d-b0d5-40ec-9cc3-883504de5f3f,gaussian_blur,s4,4,0.974227,0.986879,0.991941
24ba977b-4d4c-4b91-8771-0d93561eb170,clean,s4,1,0.979257,0.989477,0.993552
24c016e3-a8f7-42de-8ece-ae9df3b9a155,fog,s3,3,0.783187,0.866651,0.966617
24c54efc-6f86-4b1a-b748-985207bb173e,gaussian_blur,s4,2,0.458780,0.604855,0.690075
24c7677b-21d7-42bc-bae5-3666584d706f,shot_noise,s4,5,0.713927,0.814067,0.935392
24d54d37-cacd-44ab-befa-e1e13da2c8c0,gaussian_blur,s5,4,0.858370,0.922746,0.937275
24dc78dd-7be4-4ed9-95b4-e98af972a403,fog,s3,1,0.874185,0.929462,0.981183
24ddc110-7d2f-444b-9a6d-df7a5da1e948,clean,s5,4,0.977924,0.988819,0.990560
24fca1fe-4da9-4e26-bc7c-311bb4cbe381,shot_noise,s5,3,0.794253,0.883417,0.901737
24fdf24e-b72e-4f54-b233-9adfe9268ba4,shot_noise,s4,3,0.586428,0.715081,0.824330
25065f1a-c143-4c59-8c94-287ecfe3550c,clean,s5,3,0.905823,0.950582,0.950635
25073148-ff78-46b1-b396-822588bc88b0,shot_noise,s4,0,0.959009,0.978871,0.988752
250b2000-7510-4c14-8b4f-6ec1707d5a44,gaussian_blur,s4,3,0.851671,0.917317,0.951072
250b67ad-bc08-4ea6-81a6-9fca50ff0c20,fog,s5,2,0.298904,0.455269,0.469365
25115bce-d819-437a-99e4-72d6ac83a978,gaussian_blur,s5,1,0.952893,0.975835,0.977675
251380a1-acf5-4d04-9739-5be6c2418891,gaussian_blur,s4,4,0.570749,0.712816,0.775147
252c6b19-e8f1-42ad-8084-dc1d1d8c8b6e,shot_noise,s4,0,0.918637,0.957064,0.969931
253338db-b632-4d27-a7d4-3adec31bb2e6,gaussian_blur,s5,3,0.977689,0.988699,0.990464
2538b812-9b67-4d1a-bc92-7cd099a994b6,fog,s5,0,0.883350,0.938056,0.938176
253ce3bd-f6c6-4e3f-a6f6-e9515325740d,clean,s5,5,0.883350,0.938056,0.938176
253ff912-d260-4b79-964f-3bc86858a4ad,fog,s5,2,0.886131,0.939624,0.939694
2541acb7-0ade-4b64-a73a-28adbf5a0cf3,gaussian_blur,s4,4,0.521481,0.663797,0.750018
254bfd15-7e06-483b-a09f-ed9dbe690908,clean,s5,4,0.597773,0.748187,0.748539
2553528f-3b17-4b3f-ac36-0f58887f2268,fog,s5,5,0.505877,0.662265,0.700309
2566a97a-82aa-42f5-b48a-380caf22bf3e,clean,s3,5,0.575348,0.657450,0.943515
25735dea-cd7b-43d5-97d7-8ea8580a3e61,fog,s5,3,0.954411,0.976664,0.977109
2582764e-0439-4340-b0e7-3a41c0f2586f,gaussian_blur,s4,5,0.948643,0.973501,0.979077
25837f39-53aa-4545-b230-99140a03e32a,clean,s5,1,0.675384,0.806244,0.806246
2598ebbe-cf30-425f-bae9-17e85643573c,shot_noise,s3,2,0.927110,0.961158,0.988395
25a9e8c6-2c0e-403d-895d-77f562c16c95,fog,s5,5,0.845351,0.916016,0.918334
25b603ed-f863-43eb-b503-766955d5f11e,shot_noise,s5,1,0.854315,0.920929,0.927829
25b904e7-5a82-4448-abb7-79ae448953be,clean,s5,0,0.728599,0.841314,0.853579
25bb47c4-1b75-4985-99b9-7b8a144f1f50,shot_noise,s5,0,0.963299,0.981306,0.981311
25bee774-a21c-40fb-b6f2-22fc91ec489a,clean,s5,4,0.596704,0.739134,0.779179
25c0cf58-aaed-4f9e-8866-55d51b7a9c7b,clean,s5,5,0.781026,0.874837,0.894752
25cd237a-a352-45da-b306-22f8fff19dd8,gaussian_blur,s5,0,0.910122,0.952772,0.956636
25ce7eb0-756e-439c-9228-d109a449da4d,gaussian_blur,s4,3,0.861021,0.923502,0.949108
25cea858-8465-4110-922a-4306a8307c40,clean,s5,4,0.787276,0.880315,0.886525
25d4d956-896a-4651-bd93-228e18c723ed,fog,s5,1,0.798095,0.887336,0.891045
25dccfac-0397-47f9-b4ca-526d8e70fe8d,gaussian_blur,s5,2,0.974066,0.986861,0.986973
25ddb333-5a6a-4d69-908c-5d7337dee24e,fog,s4,4,0.925166,0.960445,0.978416
25deb10b-2da1-46d3-920b-308f423fcffb,clean,s5,4,0.549854,0.700413,0.740075
25e111f1-24ea-4e70-8769-7c17b7c29ac3,clean,s3,1,0.872960,0.929028,0.976469
25e35704-dcf6-4771-9eb2-041b8c0ea94c,clean,s5,1,0.859961,0.924204,0.931365
25e5b17d-88fe-4f9a-a112-27493a70bc3a,gaussian_blur,s3,3,0.815338,0.889883,0.974498
25e6544b-76db-435f-abca-4c2b2f7392ca,clean,s4,2,0.981904,0.990829,0.995243
25f467bc-6111-4c6b-be41-cb0a3a4b5cb2,clean,s5,4,0.229735,0.354555,0.403193
25f6671b-0362-40ec-9c50-b515e0700df2,gaussian_blur,s3,3,0.695478,0.796238,0.938931
260a3e61-939e-4ae3-aaa8-389c0e7f5c37,gaussian_blur,s4,5,0.697467,0.814201,0.862533
263b1a21-02da-4a95-9865-cba0cbc9e431,gaussian_blur,s4,3,0.976295,0.987936,0.993794
2640fcff-3d44-418d-ac4c-ee635e3a9fef,shot_noise,s4,2,0.945426,0.971500,0.987653
2641aaa4-fac8-45e9-a8fc-508b3e80f352,fog,s4,1,0.567907,0.672249,0.883573
2648a63a-ee60-496f-8b95-2f5e433dd978,gaussian_blur,s5,1,0.427580,0.592905,0.614069
26722c44-cabe-412d-94bb-8e5bfda2edd0,shot_noise,s5,1,0.920105,0.958116,0.964930
2677369b-74c5-4551-a0e9-552816bdbc2c,shot_noise,s3,5,0.924004,0.959234,0.991590
2679d751-e615-4ac2-8ba9-46010c3c5f81,fog,s5,5,0.829757,0.906863,0.907984
268bad08-9d23-47fd-93d5-b30741bf3f56,clean,s3,0,0.394071,0.444567,0.782816
26900610-1520-470f-886a-3de238d67203,gaussian_blur,s4,5,0.658315,0.786526,0.828764
2695e5bf-71c4-4558-8b1f-36c85c869e43,clean,s5,5,0.898551,0.946565,0.946565
26b0d8c1-5e9e-44b6-b67d-f6a4a646d1a6,shot_noise,s4,3,0.871054,0.928453,0.967848
26b21cc3-ea26-4cc4-879b-a895d649b5f7,shot_noise,s3,5,0.875381,0.930207,0.981459
26b2d451-568e-4e7b-93e4-e2acf8da39bb,gaussian_blur,s4,1,0.756329,0.850675,0.932155
26b69bdf-9d1b-4ac0-9524-8c630d8d9b76,clean,s4,1,0.915315,0.955221,0.968398
26c6dfc4-9369-475e-a11a-3db82f5a6081,fog,s5,4,0.662059,0.789396,0.831227
26cd4c95-5d34-4020-b02a-9dffea0b6dbf,shot_noise,s5,3,0.644334,0.783502,0.784629
26df4fad-3270-44ce-af27-b326a389e9fe,fog,s2,3,0.723002,0.811278,0.987376
26f9673b-ebc9-4db1-be8e-5070f068717f,fog,s5,0,0.945104,0.971758,0.972480
26fd6e79-b189-4412-a364-3c25cc46ed3c,fog,s5,1,0.941669,0.969920,0.971241
27017061-5506-44b9-8ec3-3aa31d3cf3d6,clean,s4,5,0.939726,0.968524,0.981701
2702b32b-2bf2-4d83-a447-2284ebbc0f47,gaussian_blur,s5,3,0.909082,0.952131,0.957502
270925aa-e48e-469d-8087-60cab7735667,clean,s4,4,0.709233,0.822308,0.872523
270a2f51-3004-4106-83f2-50ff25e4fbcc,clean,s4,2,0.394990,0.451338,0.775825
270d64a5-7d9d-4018-8a3f-d4ce098cefc3,gaussian_blur,s5,1,0.479618,0.647843,0.649598
2715a8e4-41ca-4f94-b438-9496f3308100,fog,s4,5,0.925441,0.960675,0.976576
2718771d-7375-4f2d-8dd6-2fa1d8aa3909,shot_noise,s4,3,0.394588,0.451985,0.773725
271903ed-1ad9-4464-bf7f-b7874392bb97,fog,s5,0,0.543850,0.704521,0.704592
27265045-d5da-4f88-832d-f01538184ccd,clean,s5,0,0.543850,0.704521,0.704592
272807d7-7100-4c41-b2e6-95357252a173,fog,s5,5,0.632271,0.773669,0.779328
27307e13-ad2f-452a-896d-a01eba566029,gaussian_blur,s5,2,0.929162,0.963088,0.968485
2741aec8-59ce-4032-bf5f-983f5c1fee46,clean,s4,4,0.902726,0.947366,0.977568
27452d9c-60c8-4140-b85e-cdb2bf977852,gaussian_blur,s5,1,0.671661,0.789216,0.871754
2749e05d-8598-464d-98f4-54d2b1d94ea7,shot_noise,s5,5,0.535755,0.686798,0.732544
275281c7-54df-46e3-9575-0657a9a60a86,shot_noise,s4,0,0.743487,0.851235,0.863888
27544882-b684-4964-9499-3107154e92cf,fog,s3,5,0.420939,0.546894,0.693088
2769b608-2c11-4d04-8764-12279c973e83,fog,s3,4,0.677299,0.782904,0.921397
276f5da0-7a41-44c1-918c-8bff7db5e6f2,fog,s4,0,0.951114,0.974815,0.980096
2772b7ce-811d-4f63-b1f7-2ac5f6050c9e,fog,s3,3,0.689501,0.794001,0.924069
2787eba0-1ced-4c94-8fc4-ff3e04d26670,clean,s4,0,0.533584,0.616057,0.903728
278b9baa-2fb6-423e-8b17-37035230924c,gaussian_blur,s4,1,0.905954,0.950075,0.962314
27962cff-442e-4903-87b3-f0b55418aee1,fog,s5,4,0.950110,0.974379,0.975887
27b4f3d0-7acb-43cf-b908-84b9ad2f0ffe,gaussian_blur,s3,2,0.882543,0.934757,0.981296
27c0633a-5ccc-440f-8e7f-a3306d86def1,shot_noise,s5,2,0.588633,0.731854,0.775371
27c0ab79-f85a-448c-802c-d8bbec71feea,clean,s3,2,0.837148,0.906146,0.966869
27c36497-154e-4780-bd95-10e0607fe12d,gaussian_blur,s3,0,0.805335,0.883025,0.970373
27cf72db-6fb1-42a9-9416-3e88b253df4b,shot_noise,s4,3,0.824844,0.902396,0.920618
27d2a8c1-f6d1-4232-a7e6-c70a5f659564,shot_noise,s4,1,0.617418,0.759601,0.779520
27d7b7fe-65b3-42a2-8e0b-8f297152b93c,shot_noise,s4,4,0.928821,0.962244,0.985685
27e0e0f2-7a0a-4053-aff4-b9a7c55970dc,clean,s4,3,0.826100,0.901652,0.936464
27e2f54c-a5ee-4e61-ba76-ecc4461c60b6,fog,s3,5,0.853822,0.916209,0.980090
27f4b08e-f0da-4c82-94da-f08b3b97ff5a,fog,s3,2,0.648074,0.743327,0.954517
27fc3125-490d-4197-ac8d-79780314d950,shot_noise,s4,5,0.940241,0.968806,0.981851
280dfd28-2394-4f1b-b812-168e7f2772c7,shot_noise,s4,1,0.392464,0.448888,0.772020
28205b77-d99d-4f1e-9803-bf887a23ba8a,clean,s5,4,0.948656,0.973620,0.974849
2829077d-fa8d-48f5-b977-cb794260f572,clean,s5,1,0.628609,0.771570,0.773659
283369f6-6bc3-4ace-a4c7-9097005fa076,clean,s3,0,0.876253,0.930754,0.981586
284937c6-ec35-4b44-83d6-f14f3d312329,shot_noise,s4,1,0.914131,0.954559,0.967919
28566da8-ed96-489b-93d8-db43a03301fa,clean,s5,1,0.229735,0.354555,0.403193
2857f4f3-6239-4c10-b8e8-ecf4df415df0,clean,s5,3,0.910356,0.953070,0.953177
285b8dba-cd98-484e-a3de-54049322a6a1,shot_noise,s4,0,0.666197,0.795348,0.820741
286aa443-d172-4376-86c8-52f62dff7e6a,clean,s2,0,0.890884,0.938966,0.996824
28a7d72e-d5d5-404c-940f-cea280e55c41,fog,s2,5,0.818740,0.889855,0.995509
28af7a2c-ba06-424e-8bf0-71dc5409b5a5,fog,s3,0,0.960616,0.979616,0.994475
28b6ec00-11fa-43a3-bc32-acab8bbead95,fog,s5,0,0.918751,0.957371,0.964332
28bfbdbd-0a1c-4225-a9d1-65d3a819ac55,clean,s3,2,0.809984,0.886786,0.967726
28c5838c-b1b5-473a-b2e2-67405766703c,fog,s5,1,0.963278,0.981294,0.981384
28cd9e6a-f9ab-4ec6-b47c-d8fa5d140122,fog,s5,5,0.878383,0.935134,0.937108
28cee054-e6e9-4a9b-bd25-c25754bc672f,fog,s4,1,0.949950,0.974071,0.984427
28e39668-16ec-41b0-84c9-29de52960a9d,fog,s4,4,0.969818,0.984564,0.992048
28f0754a-91a8-43e6-bad7-e7c05dad46c9,gaussian_blur,s4,4,0.985242,0.992546,0.995313
28f8ff31-3459-44de-9851-e228744412d0,clean,s4,1,0.421054,0.457144,0.842108
28fe8fc3-8cb3-4e0a-8882-c50668ecd1c1,fog,s4,3,0.862189,0.923740,0.955573
28ff8182-8ff4-4e92-b7f0-a6791943d4a4,fog,s4,2,0.858681,0.921941,0.949936
2900abd8-2361-48bc-b584-1a4eb4d1a7a8,gaussian_blur,s3,4,0.886133,0.937020,0.981067
2901e520-f6ba-4583-9b4a-3c85ad3c2c7d,gaussian_blur,s5,3,0.587494,0.730254,0.776848
29046d30-ec40-43d0-8b36-c8a15dbde996,fog,s5,4,0.888172,0.940461,0.946036
2909d0a6-d177-4f0a-8364-9c24b3cc6ac9,clean,s5,3,0.916095,0.956175,0.957028
290df6b2-26ed-42a9-9e5f-2a85c3650e34,clean,s3,0,0.922869,0.958580,0.991450
293200f6-cfe7-4b50-84e9-940da82ba976,shot_noise,s2,0,0.890884,0.938966,0.996824
2945ed08-86da-450f-9b3d-dca700249cc7,clean,s4,1,0.919866,0.957641,0.972885
29679dc8-9aec-41fc-82ec-d39369c43669,shot_noise,s4,4,0.774310,0.861977,0.951226
296a918e-a26e-4f13-9cbd-eb6be250cfde,clean,s4,0,0.820616,0.895690,0.956885
2984f168-491c-48d5-9074-1a33f769be57,clean,s5,4,0.437071,0.549530,0.738698
2990a16d-c485-4d4f-b147-1928ca8fadfe,clean,s5,1,0.922128,0.959113,0.968619
2990d9fe-33b1-42e0-a6b4-839f09d606e8,clean,s5,1,0.781770,0.875632,0.892704
29aefe81-91ed-4b44-bd57-fdda1a835568,fog,s5,4,0.170806,0.265873,0.327056
29bc1e9c-d958-436d-a561-81fd908ce25f,gaussian_blur,s5,2,0.715723,0.833802,0.837371
29d3509c-5409-49fb-a858-3ebb13b242e5,gaussian_blur,s2,2,0.888139,0.937250,0.996625
29d3a93c-1035-40ab-af2c-05fc90310bf8,gaussian_blur,s5,5,0.976336,0.988020,0.988517
29daa943-1de9-4152-8836-eb9d971fe513,clean,s5,4,0.454484,0.619961,0.638048
29df205d-27c5-4e86-9a64-72f694a1b4ff,gaussian_blur,s3,1,0.863379,0.922416,0.981646
29e8b40e-dc42-4baa-9a44-253bbf6d9ba7,gaussian_blur,s4,2,0.977583,0.988634,0.991291
29ec892f-bd44-49f8-82ab-34092f62915a,shot_noise,s1,3,0.883630,0.934217,0.999081
29ecf8f4-d7bf-4c24-9e8b-c2e4a9ec843e,gaussian_blur,s4,0,0.929510,0.962919,0.978245
29f4fc2a-39ed-43bd-ae40-8160e1e9bd0b,gaussian_blur,s5,3,0.642454,0.777034,0.805973
2a093e24-dab0-4961-b61d-41f7d3084a6e,fog,s4,3,0.940613,0.968869,0.986377
2a0c6b6c-a24d-4c09-821c-db377bf2c605,clean,s5,4,0.885924,0.939317,0.942715
2a1828bc-dd38-4e93-8e9a-0490dfdb7fb8,fog,s3,3,0.868963,0.926160,0.980366
2a2b0d5b-a913-454e-8e5c-a0cc72b1d752,shot_noise,s4,1,0.664293,0.783678,0.865829
2a3b4f9c-94ef-4738-8124-7cf30e0d0846,gaussian_blur,s3,1,0.475134,0.587968,0.780644
2a461624-2427-4533-825f-1a4b5101fae2,shot_noise,s5,2,0.881416,0.936848,0.938917
2a582f57-322d-49d2-87fc-694a6fe611d0,shot_noise,s5,0,0.628609,0.771570,0.773659
2a5b26f7-cc49-4f2c-9a9b-a411caada024,clean,s4,4,0.660434,0.785272,0.843109
2a5b6bc1-e5a9-49b9-9585-449258f0865a,fog,s4,0,0.776561,0.870316,0.904406
2a6874bc-33de-4f67-b1f1-4df9cd72cb66,fog,s1,2,0.875264,0.928819,0.999015
2a7b7947-01dc-4020-bcdf-81fef524cdfe,shot_noise,s4,5,0.952211,0.975347,0.982565
2a8af504-94d3-472f-9a08-e7d9cd934c20,gaussian_blur,s3,4,0.951546,0.974634,0.996372
2a949f0f-0cb4-40a5-8367-df0a446f165f,fog,s5,1,0.623661,0.767455,0.771488
2a954589-4221-40f4-82f8-c1c73f3dac6d,gaussian_blur,s5,1,0.881328,0.936868,0.937767
2a976afa-ed90-452b-ad2b-baa18884e945,gaussian_blur,s4,5,0.854312,0.920231,0.936507
2a987b24-5357-4dea-ba28-96ea1d5518a1,fog,s3,0,0.624439,0.745741,0.859520
2a994266-c6cf-4d0f-b813-088299dc70cd,gaussian_blur,s4,1,0.901241,0.946554,0.976144
2aa4b11e-b1e5-476c-b150-0da2688717e7,gaussian_blur,s3,2,0.942444,0.969690,0.992771
2aa637db-aaf7-43f7-a0ba-b53caf25354c,clean,s5,4,0.815430,0.897896,0.902609
2ab03ec4-2abb-4206-8b16-426125f76a82,gaussian_blur,s4,0,0.435397,0.513471,0.798190
2ab0eede-9faf-4f00-8afd-ae714a0e0aac,shot_noise,s3,1,0.828021,0.899619,0.968699
2abd0cf5-78f0-47dc-ac25-c8955d2e2c69,clean,s4,2,0.856060,0.921271,0.937408
2acbfcd5-12e8-4c2c-950a-0e56edab90eb,fog,s5,0,0.790877,0.882411,0.890187
2ad3eadb-343e-46f5-b189-065024cc6fd3,gaussian_blur,s5,0,0.714717,0.833040,0.837141
2ad6f430-7e98-47b8-9abb-13ebf4242acf,shot_noise,s5,1,0.900248,0.947484,0.947930
2aeb87fb-3d84-4107-8ac4-b0036d99c4b9,clean,s4,4,0.919094,0.957026,0.976816
2af0d5e0-4349-4270-a424-2a715a565a05,shot_noise,s4,2,0.843226,0.913182,0.935264
2af8d285-a3b4-40ea-87eb-c176a46812b1,gaussian_blur,s5,5,0.794968,0.882153,0.916507
2affdd9a-3dad-48b2-9b14-6e62da1e6399,gaussian_blur,s5,4,0.891045,0.942382,0.942411
2b0f3623-856a-4ac2-ac1a-db87b8a9c00d,gaussian_blur,s4,5,0.703798,0.823318,0.842193
2b100864-3ee9-4551-bdb7-c605489ef446,fog,s5,2,0.889738,0.941616,0.942272
2b1097b0-7c8b-4011-a2c3-40d9f4bdcc65,clean,s5,4,0.819584,0.900734,0.901989
2b1bdb1c-ffe1-4005-8caa-c250ba5e1cc8,gaussian_blur,s4,1,0.626155,0.753272,0.838331
2b1d98c1-a53a-4234-b356-89412fde9d67,fog,s4,3,0.880704,0.935311,0.956000
2b257927-e6c1-4fee-986e-38241ab24536,gaussian_blur,s5,2,0.859830,0.924458,0.926952
2b282557-2ef3-4bad-b579-6c92b18d9b1b,fog,s3,2,0.879135,0.932479,0.983099
2b2c2a5a-6bb2-4473-bf2d-60ae031e2f28,clean,s5,4,0.888450,0.940676,0.945223
2b3005cb-b810-4b08-a552-d6395bc89c21,clean,s3,1,0.454125,0.536814,0.814133
2b33c36a-8c03-43fb-908f-60f632522f71,fog,s5,0,0.962609,0.980947,0.981033
2b5a2477-36bc-4d20-8959-608dd15dd301,gaussian_blur,s2,1,0.877604,0.930542,0.996291
2b5ce0cd-4ffd-4882-898f-3f58bd5030d1,clean,s3,0,0.971599,0.985457,0.995076
2b641195-5a91-4ea0-9fed-0ee80811d864,clean,s5,0,0.948656,0.973620,0.974849
2b915efb-549a-4700-b8f4-966601d90476,clean,s4,0,0.718895,0.827043,0.890923
2b9581ab-80a5-413d-bacb-be44b979de48,shot_noise,s1,4,0.365256,0.422136,0.730512
2b9993f0-a957-45f2-b48f-85da43a7aad9,gaussian_blur,s5,5,0.513094,0.646071,0.768997
2ba06cde-55f6-4c9d-a5fe-fc57770a5dc1,shot_noise,s3,5,0.708693,0.804603,0.957008
2ba770e4-99ef-4361-a120-3935ab42107c,gaussian_blur,s5,0,0.178730,0.279658,0.336021
2baa09a3-e31c-4efb-918d-86c994a44ff8,fog,s4,2,0.956383,0.977517,0.986104
2bad3b0f-9364-40cc-9f6d-260de1746616,gaussian_blur,s5,1,0.869163,0.929624,0.935373
2bb22005-dda3-409d-b5db-7c6219b77f62,shot_noise,s3,4,0.439161,0.553804,0.736920
2bb9d562-0b1d-4023-946f-74943ff21f39,fog,s4,2,0.955895,0.977170,0.989730
2bd1b231-67a6-4b1a-8124-89e49e22b6ad,fog,s5,3,0.835050,0.909566,0.916142
2bd5eaa7-f86a-44fd-b641-5a2048ecbce5,fog,s5,2,0.658838,0.790798,0.811253
2bfa41e6-d7ea-4abe-a327-9c8ecc47d478,gaussian_blur,s4,4,0.899670,0.946522,0.959585
2c01da05-cf06-4136-a097-47b7d1b26f2d,clean,s4,0,0.899304,0.946083,0.963672
2c0ac43b-2d2b-456e-b29e-67e006950f7b,clean,s4,5,0.932734,0.964437,0.986558
2c14df23-d036-43e0-b28d-9b3c442a7b46,shot_noise,s5,2,0.880256,0.936087,0.939877
2c1d643a-20d6-42a4-8397-3ab301e38de1,clean,s5,3,0.505525,0.671237,0.672541
2c2738a1-fd91-46b3-9757-4bb470aa6084,shot_noise,s5,3,0.625707,0.769714,0.769994
2c2844a5-2d1c-453d-9e47-c45d82e95baf,shot_noise,s2,4,0.520559,0.550235,0.983648
2c2e4169-748e-45d1-a9eb-8266833e5907,fog,s5,0,0.910356,0.953070,0.953177
2c3c2033-c458-4848-959f-5015f05cba6f,fog,s5,2,0.950227,0.974429,0.976405
2c414356-4f70-4534-bad7-267f593c8d3e,gaussian_blur,s5,5,0.668813,0.801256,0.802988
2c4541d1-5ed0-422b-9960-68385fcc33ce,fog,s4,3,0.370543,0.530705,0.562075
2c4e2ef8-c321-4955-8508-6937de20b2f4,clean,s1,4,0.444083,0.470385,0.888165
2c55251c-4838-4f79-9374-c7cef4faa7ba,shot_noise,s4,3,0.962384,0.980642,0.990631
2c5d3b0a-fb1a-4a7d-bf5e-c49b91c7736e,clean,s5,1,0.888450,0.940676,0.945223
2c707037-123f-483c-acfe-f643b9aca147,gaussian_blur,s3,0,0.454125,0.536814,0.814133
2c75d2a2-add6-4750-86fc-c4cefe28b119,clean,s4,1,0.965332,0.982199,0.991399
2c779b45-5acf-49a5-9054-dcd24468554d,shot_noise,s4,1,0.973742,0.986663,0.989189
2c8295e3-d362-4ba9-8836-200052e296f8,shot_noise,s4,0,0.882282,0.935787,0.963509
2c952b67-9375-4420-ae5b-4475c1f0742f,fog,s3,1,0.957473,0.977928,0.993995
2c9c262b-a759-4e68-b17d-158f8f76405b,fog,s5,3,0.755911,0.859906,0.868727
2ca28ecd-454c-4e8c-9dd7-9d5430cce560,fog,s3,4,0.797801,0.878100,0.964892
2ca6b645-d8c3-492b-888b-2ce785a6cb79,shot_noise,s2,1,0.961767,0.980155,0.998455
2caf6b46-348b-418e-ab92-4868b2d73700,shot_noise,s5,0,0.588345,0.731028,0.777259
2cb1a7f8-24cb-47d0-93b1-c0d8a5334840,fog,s5,5,0.948189,0.973312,0.976922
2cb474bb-a73c-4e45-aeac-c0df868c14da,gaussian_blur,s4,1,0.390708,0.452773,0.761270
2cbc0ce2-9cb9-4626-be27-f44bc335ff2e,shot_noise,s4,5,0.763649,0.857428,0.926024
2cbca1a1-9ebb-40ff-aa10-36b57635d838,shot_noise,s3,1,0.912187,0.952602,0.985205
2cbd62d2-d64e-4818-a71f-f6a2e83c1287,fog,s3,5,0.970674,0.984954,0.996091
2cc17ef1-cff7-4b6e-8d68-b6d760d77b62,clean,s3,2,0.679463,0.771827,0.972687
2ccce6c2-6e2c-4084-ba6e-cfe7b366f58b,clean,s5,4,0.922128,0.959113,0.968619
2cf88bc6-a7b4-406d-a8bf-b3a142636e7f,fog,s5,0,0.977924,0.988819,0.990560
2d0f56cc-543f-4d5f-b1e0-e789fbc681e8,gaussian_blur,s4,5,0.360021,0.418619,0.720043
2d11ef34-6433-4060-b043-25ce46d94f44,fog,s5,0,0.927488,0.962309,0.964270
2d1741e2-d837-42d3-a80e-15cc90941735,gaussian_blur,s4,2,0.896738,0.943641,0.979573
2d199ef9-1120-453d-bc46-e88a4f514b73,shot_noise,s3,5,0.942389,0.969659,0.992771
2d2f718b-e68c-49ad-9ac4-cd6e7ef857c4,clean,s5,5,0.678969,0.785458,0.917557
2d3ca032-e54b-4e16-8948-a258b75f68b0,shot_noise,s3,5,0.463643,0.577029,0.767167
2d4a0aa4-f81c-4e6e-93eb-dfd1564ad3a5,shot_noise,s4,3,0.705348,0.819868,0.868027
2d5e9e9e-3257-4ea8-b843-3472ac5ef747,shot_noise,s4,4,0.859397,0.921518,0.960882
2d62d4de-db8f-401a-9fa9-fcb318898c40,fog,s3,0,0.876253,0.930754,0.981586
2d635d0d-6961-400a-bc7d-7231a7a00232,clean,s2,4,0.935511,0.965629,0.997280
2d74d472-bc40-4c79-ba4f-7f4b0f9f8458,shot_noise,s5,0,0.691441,0.814172,0.835895
2d805029-d623-4986-9fe7-82a4b948b2ff,gaussian_blur,s3,5,0.469371,0.484201,0.938741
2d857b57-5923-4ab5-bae1-08a9642233fe,clean,s1,3,0.444083,0.470385,0.888165
2d8a163e-166f-4448-8bbb-3ffde46db850,clean,s4,0,0.513689,0.612761,0.849067
2d95767d-e68a-4191-9c51-ac899367db76,clean,s4,5,0.601270,0.732412,0.820427
2d9d8ca5-3f2f-466c-894b-67ac4684ab62,gaussian_blur,s4,3,0.659304,0.778893,0.866053
2da8dd01-307b-4b3a-a036-7ae684f9de02,clean,s4,1,0.932734,0.964437,0.986558
2dab39b2-c46a-4ba7-bcf4-4f9fe06b0489,shot_noise,s5,1,0.543458,0.704145,0.704421
2dd4a140-0742-4b30-80f0-0f4d988c81a6,clean,s4,3,0.709233,0.822308,0.872523
2dde6f99-9361-43cf-9011-11af8a4606c8,shot_noise,s5,0,0.229735,0.354555,0.403193
2defe524-a6e9-4181-877d-ce0b6597f768,fog,s5,4,0.927309,0.962170,0.965288
2df28cb3-9aac-42e3-bb58-73cb8bed7c88,clean,s5,2,0.815430,0.897896,0.902609
2e060581-a313-4e44-a562-1c32b81e4799,shot_noise,s4,3,0.953293,0.975858,0.985595
2e18cb4c-d738-407a-99fa-c884b3c28e7d,fog,s4,0,0.945757,0.971680,0.987737
2e1974aa-f700-4f89-b692-71555466a6a3,clean,s5,1,0.596704,0.739134,0.779179
2e19fc74-2d90-4484-9d87-c1ae2789d7fb,fog,s5,1,0.894779,0.944464,0.944538
2e2a643b-adfa-4551-be41-3cd95c3c37b1,fog,s3,4,0.671521,0.773222,0.936933
2e2cb16d-980f-40d0-98d4-ee9b383f780f,shot_noise,s5,2,0.801338,0.887470,0.909659
2e3277c9-4685-482c-9890-08de42bc5bfb,fog,s4,4,0.953561,0.976004,0.985568
2e33bbcf-bf79-410d-a284-9a3930ac0dcc,gaussian_blur,s5,2,0.927578,0.962256,0.966992
2e34d6da-f22b-4ab8-ac7d-47d05f92fd52,gaussian_blur,s4,5,0.543903,0.658943,0.838396
2e376de6-15a5-4881-bef9-788f0b5534fb,clean,s5,0,0.594069,0.720878,0.833022
2e43bfdb-3e30-4346-9773-0a9bdbe25f41,clean,s5,5,0.893904,0.943976,0.944064
2e52029e-cca7-4a14-b39d-a8a90109e859,clean,s5,2,0.860366,0.924393,0.932210
2e7115ee-c0a0-4143-bb89-5f6cfa0df107,fog,s4,3,0.979592,0.989640,0.994631
2e718dbf-6d2f-4d44-8587-820753846b30,fog,s5,5,0.913614,0.954590,0.960752
2e72cb6d-d041-4351-b7c1-fa175a1f5c36,shot_noise,s4,5,0.870506,0.928011,0.969104
2e7c33c2-1598-4f51-a50b-7897878fc4f6,gaussian_blur,s4,4,0.625584,0.766038,0.785211
2e864d0c-9c4e-4d7e-be77-b1e73dbfc115,gaussian_blur,s4,5,0.964662,0.981846,0.991237
2e8ad88d-bb64-455d-82ea-ba03cf4f4ca8,gaussian_blur,s5,1,0.948114,0.973358,0.973669
2e8b2c97-5037-481b-b1f9-ad5871c8d7a6,gaussian_blur,s5,4,0.476333,0.645124,0.645766
2e90fc01-cc95-4350-b4f8-b5fdc4276b71,fog,s4,0,0.592838,0.694388,0.907957
2e94180c-c258-42f3-ad0f-0df8d4ed1aaa,fog,s5,5,0.766574,0.865965,0.882037
2e94a18d-8719-4b88-bdb8-74c5f6ee8705,shot_noise,s4,5,0.934493,0.965614,0.981360
2e94ac5b-f0dc-4518-9344-e84a5f61982d,gaussian_blur,s5,2,0.685272,0.806467,0.848283
2ea376cd-f074-4c9b-872a-43786f08d20b,gaussian_blur,s1,3,0.472677,0.485955,0.945355
2ea59e98-baf2-4b78-b9bc-89f1d2e90f19,clean,s5,4,0.686236,0.813599,0.815683
2ea9bec5-a620-483e-b39f-4180546b81d3,fog,s4,3,0.714820,0.815413,0.932747
2ebac0f1-3375-46c4-853a-95130cf29824,gaussian_blur,s5,5,0.864896,0.927175,0.932757
2ebb269e-0d0f-41d6-a4be-d487e28af3ef,fog,s5,5,0.955406,0.977183,0.977696
2ec1a7af-3eb2-428d-b93e-cf0ab986bcfc,clean,s3,1,0.624439,0.745741,0.859520
2ed6cbae-1609-4b1b-99eb-e1bd1e666757,clean,s4,4,0.957384,0.977968,0.990018
2ee08136-750c-4da5-a8d8-079c5ccbb5f3,gaussian_blur,s3,5,0.815926,0.890684,0.971355
2ee13b1b-9d00-496e-9499-e8e4f6137fec,shot_noise,s4,0,0.776561,0.870316,0.904406
2ee1b8fe-f224-4144-85f2-62eccb1e8b06,gaussian_blur,s3,4,0.924341,0.959428,0.991620
2ef02cd2-e7ba-4407-813b-acfe61d45773,fog,s5,2,0.852265,0.920225,0.920437
2f03ec97-5b57-4603-ba3c-ce29483bbb64,fog,s5,4,0.886538,0.939459,0.946437
2f18db8c-90aa-4e79-b71e-6cca9282e24a,shot_noise,s4,4,0.973644,0.986613,0.989152
2f1e547c-8fbc-4ea3-997f-e9fda98ffe8a,shot_noise,s4,4,0.775500,0.868198,0.914210
2f27b29e-23fb-4205-b1b9-7b1c8ff2c749,fog,s5,5,0.536123,0.697264,0.700521
2f2f4de7-e3a4-49b0-a63f-db06cbfbecde,clean,s4,2,0.964545,0.981752,0.992967
2f35e3e5-4c86-4f88-a42e-badcc9f0dd35,clean,s5,0,0.944683,0.971522,0.972710
2f62b44c-f8f4-4dea-9f2e-35a9d72d42c2,gaussian_blur,s5,0,0.728599,0.841314,0.853579
2f7280bc-4a89-45f2-bed0-a6a68cbe0558,clean,s3,4,0.309516,0.450125,0.513808
2f73cbbb-530e-4fd7-be94-c308b66d6df4,shot_noise,s5,3,0.893680,0.943855,0.943867
2f81062a-6f11-4889-a7fc-17c562ffc465,shot_noise,s5,2,0.942593,0.970413,0.971634
2f8898cc-7396-4c86-be4b-282c0d4c075b,clean,s5,5,0.943626,0.970944,0.972783
2f8b324e-63b8-4439-9b60-5d20df6d1264,fog,s4,3,0.950695,0.974470,0.984667
2f949fb7-4e3b-4dc6-8f05-f53d308dcc93,shot_noise,s4,3,0.820873,0.898463,0.932777
2f9b68e5-dd4e-488d-abf6-a1b89d35337f,fog,s5,2,0.578687,0.725699,0.760197
2fae9e2a-ead3-42d2-8e84-00c962839989,shot_noise,s5,1,0.570413,0.726439,0.726491
2fb4c742-fc5e-4945-b791-f8404456e8e1,gaussian_blur,s1,5,0.870396,0.925632,0.998955
2fbbbd60-9b8d-47d0-8f63-9abbfff57ea9,gaussian_blur,s5,5,0.953524,0.976184,0.977279
2fcc7816-dc2f-4d11-bd07-bab66a5c214e,shot_noise,s3,0,0.813377,0.888240,0.976231
2fdc1abc-5a19-464f-9da4-95b899be7442,fog,s5,1,0.695941,0.819998,0.824688
2febe56b-e379-4c3c-9a12-cba1132cfcd7,fog,s3,4,0.575934,0.658101,0.943872
3003ad21-6b8a-4b11-8fe5-8be3542af37a,gaussian_blur,s4,5,0.948488,0.973145,0.989123
3012f789-2b99-4056-829d-7c6cca72dc4a,shot_noise,s2,0,0.961883,0.980217,0.998461
301b1582-a018-45ca-b20f-919ab5b454a0,fog,s4,1,0.856981,0.921052,0.947443
303305fb-71a8-4717-aca6-6a323e9cd17d,shot_noise,s4,3,0.846817,0.915413,0.936475
3036baba-e774-4ec4-a464-9d497c4d72b4,shot_noise,s5,5,0.526555,0.689818,0.690000
3040b50c-628c-41fe-a25c-556eed5cab89,gaussian_blur,s5,1,0.588740,0.716181,0.829083
304ba750-2d48-4592-9b2d-92e7b702799e,fog,s3,1,0.434901,0.559286,0.712571
304e3069-8bc5-48a2-ab8f-3cee4fb02f0d,gaussian_blur,s5,4,0.941591,0.969907,0.970251
3054ba07-4b94-4490-8a62-22c04e839838,shot_noise,s4,1,0.982192,0.990977,0.995321
3058bbf3-bf77-4261-80e7-4822e1f132e0,fog,s4,1,0.903299,0.947749,0.976829
30655d61-50ff-4b3c-85f8-a92b2c4fd5e6,shot_noise,s4,1,0.933919,0.965098,0.986806
30675012-39c7-41d2-853f-56ee08f4f08e,shot_noise,s5,3,0.536877,0.683413,0.746821
306ea5d3-b140-48d2-af55-5aeac33edcd1,shot_noise,s5,4,0.917358,0.956864,0.957685
30786abc-8e99-4657-b813-f012a0b51e0b,gaussian_blur,s5,2,0.955857,0.977400,0.978768
3078a933-a423-40c9-9d7b-54a43b92821c,fog,s4,3,0.778946,0.867393,0.938672
30a57443-0f42-4dd8-b709-90031bf11040,shot_noise,s4,2,0.610910,0.742061,0.822064
30a9570d-fa1e-4bcf-94e5-abcc1214e7f5,fog,s4,3,0.597493,0.699081,0.910731
30b3e274-3658-4f4c-9901-1692abd5a747,fog,s1,4,0.848511,0.910859,0.998703
30b69d81-f81f-4a05-9957-2fad0a740718,fog,s5,3,0.939868,0.968964,0.970210
30e31bc3-e8e8-4363-b615-8f3b750f3db2,fog,s3,5,0.833309,0.903267,0.969136
30e50bf9-2094-40a0-8546-844cbb2ca174,fog,s4,4,0.852731,0.919618,0.931632
30e5a1f0-965d-4260-b177-ad954c2f7e0b,gaussian_blur,s4,4,0.822462,0.900292,0.925568
30ff87b4-f996-4bd4-926c-c0a453b0390d,shot_noise,s3,0,0.971599,0.985457,0.995076
31087393-2b19-4b72-812a-ee486fd2e5cf,fog,s5,5,0.515755,0.678777,0.685968
31165b5d-1d19-4479-9daf-5e57303c4128,fog,s4,5,0.227953,0.354297,0.397563
3129698e-1b8f-4866-913c-cde044951586,gaussian_blur,s4,0,0.704664,0.815583,0.887291
31329dd4-3523-45e7-8c38-9e1ad9549be5,shot_noise,s4,2,0.905466,0.948916,0.979211
31544c1e-ac1f-46a6-919d-739499c7444b,fog,s2,2,0.539252,0.579930,0.988091
3154c712-d738-4a72-8ea6-67699b052fe4,clean,s5,5,0.913294,0.954455,0.959670
315ef340-1cbf-440e-8168-b3fff90445dc,gaussian_blur,s4,3,0.820337,0.899586,0.918391
316b5c1a-f4b9-41bf-9bbe-c38add22fdf3,clean,s5,4,0.940570,0.969358,0.969925
317286f4-45f0-4a32-96bd-4356d11c1690,fog,s5,4,0.539070,0.691155,0.730817
3175a374-ff29-4b91-8d77-0068d19c9534,gaussian_blur,s5,3,0.908809,0.952226,0.952240
3179dfea-9a93-4484-91ec-449465943c9f,shot_noise,s5,0,0.594069,0.720878,0.833022
317fa91f-a608-486a-81ee-981585eb01ce,fog,s4,1,0.665824,0.784559,0.868249
3191c2d9-84e3-4697-b098-b2348f66e596,gaussian_blur,s5,0,0.877777,0.934393,0.942800
319f3674-1234-4be0-b525-947ded0afae1,shot_noise,s5,2,0.911841,0.953654,0.958925
31ab5e91-b559-4c97-b888-32609c338737,clean,s5,4,0.858853,0.923035,0.937483
31c494ab-6e3f-4a0f-b7ff-ab8bae848608,clean,s5,4,0.800150,0.888977,0.889024
31c597d3-4c0f-479f-98d9-7b7a8ba3283a,shot_noise,s4,1,0.848099,0.914162,0.960272
31d98564-aa03-4981-9d99-3f76012dd40a,gaussian_blur,s3,5,0.717018,0.810284,0.966468
31df9f09-e5dd-453c-bbd4-f990a0d124f8,shot_noise,s5,1,0.960666,0.979925,0.980627
31e840f2-415f-45ba-8c1d-48be924d7c3b,clean,s4,4,0.709014,0.822409,0.870987
31ee9ea3-797d-45fc-b752-7fb3da44554b,clean,s5,0,0.570969,0.715831,0.765851
31fb667a-9ee6-4471-9f19-480e38314d5f,fog,s5,1,0.891096,0.942355,0.943397
3204422e-aa79-41e8-adb3-7c3197fda9f9,gaussian_blur,s3,3,0.719980,0.812944,0.966847
32063ddd-5bf2-4bc1-afdc-a430ccbd6066,fog,s5,5,0.912456,0.953891,0.961455
32101a6c-96c1-4811-b6a0-26e9066ba33e,gaussian_blur,s5,4,0.843445,0.914831,0.917934
3211c26d-8d49-472d-b4b4-f81460d661cb,shot_noise,s4,4,0.762880,0.856832,0.925988
322f509d-ccab-40bb-a700-7c65b923590d,clean,s4,5,0.588930,0.708799,0.852872
3231177d-090e-4785-8e92-d62e19d024bc,shot_noise,s4,1,0.827327,0.904162,0.919512
32313467-80c1-456f-9e4d-b7f718b28b8f,shot_noise,s5,4,0.900720,0.947760,0.947908
32370ce3-3b81-4e6a-b433-19a71c05f0df,gaussian_blur,s4,1,0.971046,0.985173,0.994594
325065de-de93-47e0-ad25-cec340c596df,clean,s3,5,0.912241,0.952633,0.985227
32580588-cff9-4092-bccb-e5da5e91a2b2,shot_noise,s3,0,0.896592,0.943002,0.988903
325cc566-3c97-4d83-a467-57d7a9d2dcc9,shot_noise,s4,5,0.851238,0.916277,0.959824
32607aaa-f9ea-4dbc-acb6-a2c332f1591b,fog,s3,2,0.658595,0.758865,0.940532
326456ee-1cd6-4613-90db-92ce6f2609a4,clean,s5,4,0.945124,0.971680,0.975613
3267cec2-119a-424c-a09e-0a9e729ee101,clean,s5,2,0.910356,0.953070,0.953177
32741265-f4fd-4765-a1d0-249d1dca2a08,clean,s3,3,0.805335,0.883025,0.970373
327ad15e-44df-471d-973a-13c441729714,shot_noise,s4,0,0.931659,0.964348,0.972283
327be095-528c-4e29-8414-35cceb8d2a19,shot_noise,s5,5,0.628272,0.737267,0.902779
328e6fb0-3d78-4049-beb3-4a1b9769fb91,fog,s4,2,0.801874,0.888859,0.900715
328feb69-5369-4c3f-aeb2-50cfa92bae0c,clean,s5,2,0.645169,0.778397,0.811045
3294c001-b761-4f59-a5de-f3e045b06634,fog,s4,4,0.421747,0.457552,0.843493
32a11444-a510-4a03-8071-57db3f5583f5,shot_noise,s5,4,0.891014,0.942366,0.942368
32a9da9c-1fef-40eb-952c-0bfb4205527e,clean,s5,1,0.636165,0.772158,0.801643
32b24543-ae7b-4e26-b2cf-95e3ed179cd0,shot_noise,s4,4,0.736749,0.840270,0.899466
32b81145-0ffc-46ed-be92-afdbc3bcce89,clean,s5,5,0.944683,0.971522,0.972710
32d05241-8a3a-41c9-b72c-2494b8703ba0,clean,s4,3,0.945757,0.971680,0.987737
32d4d02d-86e7-43d8-ac79-2dd91e96a2cb,gaussian_blur,s3,3,0.926022,0.960392,0.991835
32ddd863-a870-4811-aa0b-bc11e83fbab5,gaussian_blur,s5,3,0.744616,0.853604,0.853696
32df9c42-dfb4-4caf-bdd9-b84173cc8a72,gaussian_blur,s4,1,0.864809,0.926227,0.944811
32e3cf10-e81a-4614-acc8-9307333b24bd,shot_noise,s4,1,0.706836,0.820880,0.869339
32f00a07-8aa2-43cc-a22c-06f8751855d5,gaussian_blur,s4,1,0.894823,0.943151,0.968085
32f25fd8-5831-4f82-8bfd-8a609c961352,clean,s5,4,0.883350,0.938056,0.938176
32f4a741-fb8b-4a92-b3b9-04a406797698,clean,s4,0,0.918637,0.957064,0.969931
32f83056-ce5b-4d4e-acad-ac37072f2db7,clean,s5,5,0.505525,0.671237,0.672541
32fd43ec-5f02-4b21-bca3-eba3197059e3,fog,s5,3,0.671973,0.801470,0.815589
3305d8bd-64a4-4e4c-a3e0-1549d3a84f5f,fog,s5,1,0.955159,0.977034,0.978412
33076c55-1a7c-41e2-ab4b-47718fad09e8,clean,s5,2,0.991724,0.995842,0.996597
330ae797-6cfc-442f-b77f-6ff916794679,shot_noise,s5,4,0.763503,0.864920,0.873105
33100a3d-cc1b-427a-8dad-5396d30fc874,clean,s5,0,0.851225,0.919634,0.919643
331560b3-52ee-474a-b00d-767a26dc3964,fog,s5,3,0.701767,0.820438,0.848768
3317d0d9-f1a9-4e62-9ef8-d292d7d9b682,shot_noise,s5,2,0.659511,0.786282,0.834800
331cd62a-195d-49d4-8411-a0aaa83da24a,clean,s5,2,0.927488,0.962309,0.964270
332d8020-cce2-46c2-9f38-f81bf31cc821,shot_noise,s4,1,0.948015,0.973146,0.979575
333340fe-45f9-473e-8bb2-425ad9a27567,clean,s4,5,0.874020,0.930169,0.970110
333344d6-3890-42e3-99d9-23ab68c6b4de,gaussian_blur,s5,4,0.900657,0.947436,0.953375
333bd746-4cc9-4bcc-8a72-2c3cb2778bf6,fog,s4,2,0.751901,0.848419,0.924112
334585d0-b27f-46b9-bb9f-ec1ad06e2907,fog,s4,4,0.887898,0.939408,0.960635
334c6c73-daf4-4458-bceb-c15bec0941a1,clean,s5,2,0.790811,0.879526,0.913584
336cd0e6-7360-4c71-9928-6dbf0e1b6ee2,clean,s5,0,0.844187,0.915429,0.916491
33700d89-5e01-4bf4-a8ec-e0249aec20c1,fog,s5,2,0.509650,0.675082,0.675520
33768c48-e7db-496d-8f2a-a97fa4d1019a,clean,s5,0,0.920932,0.958608,0.964400
337ae2e4-e95b-4ff7-8c64-4c133d876d4f,clean,s5,4,0.954778,0.976834,0.978249
337c7da5-2eb4-41bb-adec-c5fafeb09ed0,fog,s5,4,0.798983,0.888205,0.888757
337cfd94-9cc0-4aac-a090-67435770a18a,shot_noise,s2,1,0.729580,0.817281,0.987962
339c76f4-a6ae-40e3-9ebb-a9cf2615a17c,gaussian_blur,s5,3,0.710988,0.831065,0.831204
33aee083-942f-467f-b5fa-8609c82b093d,fog,s4,5,0.914165,0.954258,0.974827
33b4ff9b-23d4-4eaa-996d-146be59ff381,clean,s4,0,0.899392,0.945998,0.966163
33be3947-2262-49a0-83e9-c989f36603e8,gaussian_blur,s3,4,0.318410,0.459283,0.526923
33c3589f-4bd8-4bf6-8b62-d15b0bf9c675,fog,s5,4,0.510179,0.674920,0.677910
33cb6644-537a-44c7-aa2b-319cd82138a1,fog,s4,1,0.733669,0.833942,0.921264
33d3710b-9af7-4592-9246-daa62bbb7df9,shot_noise,s5,2,0.602590,0.751585,0.753771
33d5c439-52d4-4949-b870-5b1bd7a324aa,clean,s5,2,0.942544,0.970387,0.971604
33d6f912-8683-463a-b197-27252e8145cb,fog,s4,5,0.944039,0.970887,0.982446
33d8b9b8-1b92-46b5-b3ec-917c68b7e0a7,shot_noise,s4,5,0.980306,0.990019,0.993634
33d92b61-2fac-4c38-b9a1-24de41f7c193,gaussian_blur,s3,4,0.413296,0.538935,0.684491
33de614a-0cf8-45d9-b302-dc66ee32c7fc,clean,s2,3,0.596664,0.676794,0.965808
33e15069-d2b2-4bf7-8b5e-eae374be699f,clean,s3,4,0.876253,0.930754,0.981586
33e4a3ac-a6d0-4292-8652-03c909618658,clean,s5,3,0.781770,0.875632,0.892704
33e95264-300f-4dae-9147-b44a5181b567,fog,s4,1,0.861063,0.923384,0.950949
33edada4-7bf9-46f7-94d7-c45e34bbf25f,clean,s3,1,0.632913,0.734074,0.929829
33fc8bad-8121-4a66-bc1d-e708bc944302,fog,s5,1,0.439017,0.576371,0.689931
33fed9ab-1899-476f-8579-6a51bbabb504,clean,s5,4,0.886212,0.939600,0.940891
3416b198-efae-4f62-a286-2ea725adf5b4,fog,s5,1,0.822318,0.899928,0.928165
343b7325-8c27-438c-8f6b-f7cd976eed8f,shot_noise,s4,4,0.955518,0.976969,0.989592
34483e3b-3e87-4806-b85a-e015351000a4,shot_noise,s5,4,0.876908,0.934280,0.936509
344b40a9-8a7f-4f2e-a15d-705d143e78e3,gaussian_blur,s4,1,0.856415,0.921488,0.937509
344c126e-a957-4d1b-af44-2800c7a85f56,shot_noise,s4,4,0.605726,0.751780,0.765243
344c980d-3bd6-4e5b-8cdf-43427eff1c26,clean,s5,0,0.683123,0.805111,0.845712
34599c2a-db0e-462e-ba5d-2dc13c4221de,gaussian_blur,s4,5,0.683178,0.803502,0.853856
345f3d26-b3a8-4c54-bce2-9dd2926a428d,clean,s4,1,0.473962,0.618718,0.707093
3460f1d5-f32d-4e2d-9b9e-4d1460b0f126,clean,s4,5,0.835270,0.908364,0.930741
346a62cc-438c-49b8-ba46-0ba2d49bb219,fog,s5,4,0.417836,0.589175,0.589947
346f5d39-301d-48cc-8ef2-25c7fe73b6cf,fog,s4,5,0.745421,0.851740,0.870361
346f5ee8-eb45-47af-921b-ed0976cbec30,fog,s5,2,0.846604,0.916107,0.926747
34738b2a-aa6c-48a9-9463-9e79e0ee48c8,gaussian_blur,s5,2,0.781393,0.875740,0.889701
34877778-add5-467d-9e2c-cefec4791afb,fog,s4,5,0.930141,0.963310,0.977333
348c5bb2-c23b-4a59-8780-5a2c11aae95b,shot_noise,s5,0,0.945124,0.971680,0.975613
34976efa-4c0b-40b9-863d-190d59666b8f,gaussian_blur,s5,2,0.944942,0.971659,0.972837
349cb4c1-944d-4a52-86a1-f92cb6b4fd98,shot_noise,s5,0,0.953872,0.976350,0.978131
349e2e78-15ca-461d-a79e-a17186885503,gaussian_blur,s3,0,0.701834,0.804359,0.929264
349f102f-2181-4a48-80f4-d10ecd5b7c22,fog,s4,5,0.735069,0.839235,0.897523
349f9fe9-f8c3-40f7-9790-f26e64c528f9,fog,s4,3,0.958105,0.978382,0.988920
34a62906-6e7d-4c55-b7bc-1821ca2cfd3b,gaussian_blur,s3,2,0.829414,0.901019,0.964693
34b02b63-0944-4781-bf21-056180800db2,shot_noise,s5,1,0.830220,0.906888,0.910960
34b65706-b442-42e3-9f4f-fc9e04166dda,gaussian_blur,s4,4,0.930935,0.963651,0.980229
34b709f6-df43-4bde-88f1-91017b935c1c,clean,s5,2,0.873856,0.932636,0.933374
34bae73d-d15e-4d80-8146-336a8de0b08e,shot_noise,s4,4,0.975857,0.987709,0.993669
34bbef6d-f3ff-40b1-9966-e361538e50f6,gaussian_blur,s5,0,0.229735,0.354555,0.403193
34d484ff-002c-4b15-bb99-af49a769c1c4,fog,s4,2,0.835319,0.908493,0.929702
34da2f62-3d0f-4059-a541-9a9bcac0de62,clean,s5,2,0.911703,0.953800,0.954076
34e7fa22-13e4-4d06-a605-0a9b69d3f717,clean,s5,1,0.942544,0.970387,0.971604
34e8a489-c57a-4f81-b338-a8d64d0bf9b8,fog,s4,5,0.882949,0.935632,0.972072
34f8841b-3471-4115-bac3-ac4345ee23cc,clean,s4,5,0.709014,0.822409,0.870987
34fec9c6-74a0-4365-9b67-a978820532ef,clean,s2,1,0.596664,0.676794,0.965808
35064f51-5615-452d-8d66-5c86f9a14af6,gaussian_blur,s5,3,0.942835,0.970567,0.970903
3506f287-3935-4ead-9dbb-4dab39891abd,clean,s4,2,0.575516,0.728421,0.738505
350f0755-42e0-42c2-a58d-094f4032a876,fog,s5,4,0.296856,0.452574,0.467371
350fe4cb-e84c-4bda-a269-235e04f05043,fog,s5,2,0.873223,0.932244,0.933464
351193cc-289d-4bdc-a263-e648b684ac91,fog,s5,5,0.841842,0.914059,0.914965
35128fbf-1ea5-46ca-9a0c-adfbf93c63ee,shot_noise,s5,4,0.772064,0.870639,0.877045
3513d361-5f6e-40cc-a8cb-0a4e1b675d0d,gaussian_blur,s4,4,0.972998,0.986279,0.988907
351bd98b-15ee-40a3-a1a2-08b7e8f2e28d,clean,s4,0,0.974868,0.987195,0.993478
352d510a-42f8-4ca5-88e0-e070243e2ae1,fog,s5,3,0.433487,0.604176,0.606379
353c06b9-6c4b-4d62-9a59-317e18e42247,gaussian_blur,s4,5,0.849905,0.916897,0.942528
35444574-3e0b-42b8-9c3a-d6c9e515f668,fog,s3,5,0.936327,0.966162,0.995319
355777a2-7a14-4d1f-95ce-1c90c624c26b,shot_noise,s5,4,0.595675,0.742617,0.762133
35695794-d8b3-49c1-9e47-908d60163891,fog,s4,5,0.609866,0.753728,0.773627
356a2357-76e2-4098-99a7-0fecc6009b87,gaussian_blur,s5,2,0.944748,0.971586,0.971697
3573608e-1bd4-4862-a8de-85cafaee0001,clean,s4,3,0.641722,0.772080,0.824267
3580e604-dd97-4883-bbe0-39e40b90384e,shot_noise,s4,5,0.907947,0.950926,0.968611
3585ee1f-1235-4db1-b321-1831671cf052,gaussian_blur,s5,3,0.936819,0.967338,0.968619
358d05d4-80e0-4cf9-b10c-2306948827f0,shot_noise,s4,2,0.840559,0.910817,0.942043
35ac8a47-f0dc-4a17-9829-2e99a98bd9ed,fog,s5,4,0.748463,0.854984,0.864101
35bc5489-c7fa-4fe2-baf3-a755986a295d,gaussian_blur,s4,2,0.550694,0.651478,0.878901
35c3f89a-af8e-41e8-9174-2143fbab3970,fog,s5,0,0.979206,0.989489,0.989931
35d09183-b5cd-497d-9e14-b87be303f9db,gaussian_blur,s5,0,0.826418,0.904573,0.909021
35e58364-c8c8-442b-91a3-c5e69ac20521,gaussian_blur,s5,3,0.824054,0.902789,0.911280
35eb209a-ad98-479c-abf7-3c2ed9bffff1,clean,s5,3,0.943626,0.970944,0.972783
35fa3988-a70a-4802-97a3-bdefeabfbdb9,clean,s5,5,0.532432,0.694885,0.694885
35fef8fe-4b27-4a1f-a3c6-16dd627e777f,clean,s5,5,0.954778,0.976834,0.978249
360c1312-15c6-44fd-ace3-d7e91c9674a8,gaussian_blur,s4,4,0.858657,0.922031,0.948615
361bc255-f2d9-4cfa-97ef-cbc5a468c19f,shot_noise,s4,3,0.908487,0.950673,0.979957
364ee65a-2a75-4b06-89d0-5aafcf8fbc46,clean,s5,3,0.954778,0.976834,0.978249
36525eea-d81f-470b-99b2-348439a82a19,gaussian_blur,s4,5,0.855498,0.920267,0.945393
365543e6-8746-4ba5-b0c4-5bdecef7d561,clean,s4,2,0.945172,0.971344,0.988171
3655a424-efa2-4431-807c-b184a5d0e824,fog,s4,0,0.799975,0.884982,0.922708
365a0252-7afb-4b5b-b66f-01c2439ebbf4,clean,s2,1,0.894110,0.940984,0.996805
36605512-0b32-40ab-a2dd-42bbf3e834e6,fog,s4,2,0.551127,0.690576,0.775376
3665c5f0-8c5c-4c00-b25a-0dc9a0854912,shot_noise,s5,2,0.785781,0.880039,0.880069
3674c0c5-4102-4b68-9f92-0da73abfec3e,clean,s4,2,0.904908,0.949481,0.961938
36802a3b-a322-4386-a6ae-7daf7f852004,gaussian_blur,s4,5,0.971297,0.985337,0.992442
36830646-e9a6-402e-a0c7-c5189d5eb8c5,shot_noise,s4,3,0.691114,0.814441,0.833013
3686e345-8a2c-44fc-9238-b1d749d275da,fog,s4,3,0.963927,0.981417,0.993218
368b7c70-2594-43a7-8658-4b695bbdb78f,shot_noise,s3,4,0.829377,0.900203,0.972153
368d3381-84ae-4bdd-93f4-a0ac849b4a7f,shot_noise,s4,5,0.982897,0.991339,0.995514
368dbb73-f089-4891-a7f8-77b90e28b436,clean,s5,0,0.764145,0.866170,0.867327
36913735-bc03-41e7-a533-a57074f9bd19,gaussian_blur,s5,0,0.582078,0.733864,0.743264
3697ba62-6cb3-47f5-bb5b-3342bb89b1cf,clean,s5,3,0.896120,0.945214,0.945221
36b4373c-268f-40c7-b288-f80a6bbb7c68,gaussian_blur,s5,2,0.791241,0.881767,0.897739
36b7b2a2-6bd7-42ea-9349-e5a2f28cc4aa,gaussian_blur,s4,0,0.916716,0.955425,0.981755
36de1635-7be7-4695-9ff9-ccb553b8778d,gaussian_blur,s4,1,0.907824,0.950336,0.978859
36e1bf42-8a7e-443a-b094-b563eec7ed21,clean,s5,0,0.885924,0.939317,0.942715
36e4b750-e099-4de0-bb33-422068006682,fog,s5,4,0.900135,0.947157,0.952848
36fec4d0-0caa-4f96-8367-cd8d22e2cd40,gaussian_blur,s4,4,0.904466,0.948502,0.975765
3708b040-a45b-40e8-8345-a47d09b55cef,gaussian_blur,s5,1,0.814903,0.897583,0.902204
3710bb2e-8695-4242-8e58-648ca11589f6,gaussian_blur,s5,2,0.954453,0.976671,0.977731
3715bbd2-e0e2-4ae8-bc5d-82857718f840,fog,s5,0,0.981296,0.990555,0.991077
37251a32-a842-4d4a-b282-d06ebf44f002,gaussian_blur,s5,1,0.833744,0.908963,0.913417
372f9286-5cb4-4005-ab6e-65e5c59b20db,clean,s4,2,0.838655,0.909635,0.941173
373812d3-b27d-4171-910b-8d0600b2e88a,fog,s5,1,0.860979,0.924313,0.938293
3749085e-0440-4657-b3ab-74f97d0c1277,shot_noise,s3,3,0.398038,0.451821,0.783957
374e5e59-3516-4b94-bb8f-943cd2fc99a6,fog,s4,2,0.892503,0.942008,0.963729
37561e2a-edac-4740-8ede-a16fd5d2cc2e,shot_noise,s4,2,0.579057,0.731259,0.741465
37596575-d202-4488-a29b-f431070796f5,gaussian_blur,s3,3,0.736872,0.829313,0.960944
375ef2a5-ec8f-45c8-8507-45b26e20b4e8,clean,s3,5,0.459728,0.479019,0.919455
3762b15d-d10b-47fd-93ab-f68b735e69ab,gaussian_blur,s5,1,0.952575,0.975634,0.978894
3770e0a4-6687-45bd-a87d-bea3c59e7ac3,clean,s5,1,0.826418,0.904573,0.909021
37801e9a-ba70-4d06-9e60-61692d0387b8,shot_noise,s4,2,0.909458,0.951331,0.978292
37802438-9f98-4cd9-918e-0c23c9f8b73d,shot_noise,s5,4,0.655856,0.786935,0.816715
3780b64d-d968-48ea-a548-59a6d1751697,fog,s4,0,0.957071,0.977927,0.984325
37852d18-6140-4595-8f6b-c13147b33c6c,fog,s5,2,0.852756,0.918836,0.941365
378cfa08-a809-4b03-bce5-3c7d8e3baff7,clean,s5,1,0.979206,0.989489,0.989931
378fd303-0ea8-484c-a0b1-4e70bb75ca79,fog,s4,0,0.820616,0.895690,0.956885
37941daa-4141-405e-b72a-d00059bc677e,fog,s5,2,0.769400,0.868824,0.876143
37945f8b-ec22-4ef9-a039-2e94825bc7d6,shot_noise,s3,3,0.891417,0.939862,0.987986
379b2fa1-0c90-48d4-8b8e-611d7177595d,gaussian_blur,s5,1,0.472123,0.609215,0.723824
37a053b6-eeed-4485-a963-407feabb1778,fog,s3,2,0.469371,0.484201,0.938741
37a61b46-46f2-4b90-b933-f399dcedb688,shot_noise,s4,3,0.516368,0.667110,0.722961
37a7b613-4e3b-4e08-9aa1-97253e422747,clean,s4,3,0.946602,0.972263,0.983579
37a8e452-195e-44ab-9257-aa2fcbc6748c,clean,s5,0,0.866144,0.928133,0.930203
37afbe60-e719-4a4f-b339-74123d679d74,shot_noise,s5,3,0.961814,0.980441,0.985333
37cec5f6-6f16-4c48-8416-bf7e147d2fb9,shot_noise,s5,1,0.858459,0.922801,0.937296
37d33be5-83d9-46f2-8b11-7ce15b5b3299,fog,s4,1,0.877340,0.933476,0.952496
37d42706-2364-407d-818e-2b66e7ba4025,fog,s4,0,0.899304,0.946083,0.963672
37dad97a-e52d-4afb-ab63-b4e05cb3bdfa,fog,s3,4,0.825652,0.897705,0.970943
37e73be0-5e27-454e-9812-75f054b66788,gaussian_blur,s3,3,0.469371,0.484201,0.938741
37e8a57d-38b7-414d-b006-2f3e3199fe22,clean,s5,2,0.977924,0.988819,0.990560
380ee125-6af9-4707-b986-be8ffa55660e,clean,s4,5,0.645979,0.756080,0.903145
3812b54b-bdc6-4c14-8a10-7c208269db45,shot_noise,s5,0,0.507072,0.640603,0.762853
381edbba-2f77-43cb-8a36-8179268f3287,clean,s4,0,0.890834,0.941847,0.949472
382ad682-9cde-4fa0-a4f0-a7f6e3f92e5f,gaussian_blur,s4,2,0.893716,0.943469,0.951061
3830275b-f058-4d0a-8702-1a11fa6a7a56,clean,s5,5,0.645169,0.778397,0.811045
3833eca4-7a88-437c-875f-e76ab267017a,fog,s4,3,0.799569,0.884656,0.923008
3835e915-da9d-43d0-92ab-2d059c375669,fog,s5,0,0.883857,0.938213,0.940533
38423d32-ce25-45cb-81d8-e6bedb4d0801,shot_noise,s5,3,0.943749,0.970946,0.975016
3848691f-78dd-494f-ab8d-fabb6a7fcf94,clean,s4,2,0.883198,0.936875,0.955429
38502f1e-0760-46be-a9cb-a7c2658c7430,fog,s4,0,0.688868,0.810640,0.842888
3856a7f4-8054-43ad-b2e4-4889af9285d1,clean,s4,5,0.976919,0.988263,0.993568
385daf8a-6fbb-47ef-8f40-773d2c78f0a0,fog,s3,0,0.912241,0.952633,0.985227
386026b4-0ff7-4434-a5ef-1e0254723c94,fog,s4,5,0.822628,0.899076,0.938427
3867c71a-397b-4ad7-a197-3d7bc861afc1,shot_noise,s5,1,0.823022,0.902818,0.903979
3887df5c-5f16-4479-b841-643425c885eb,shot_noise,s5,0,0.981296,0.990555,0.991077
38891910-a1ca-42de-a7fd-34f3cce80bc2,clean,s5,4,0.910356,0.953070,0.953177
388a2ba6-248d-45e3-b606-b1d88d2d38b4,fog,s5,4,0.734731,0.839814,0.892464
388e0b08-49ce-4649-b9e1-cb35eb0e9a7d,fog,s4,4,0.740285,0.848292,0.867053
388e3635-e297-44ec-864b-0abde4caa651,clean,s5,3,0.297633,0.453889,0.467600
38947293-da1f-490b-9145-5ef70130585c,gaussian_blur,s5,2,0.656978,0.788460,0.814368
3896445b-3fab-4df0-8fc5-220ee232f3ac,gaussian_blur,s4,3,0.978295,0.988970,0.994288
38ba5bdc-3677-427a-aab7-b54f28e7812d,fog,s3,0,0.459728,0.479019,0.919455
38c1d1b4-198b-41d6-82a7-32d63f0c57c3,shot_noise,s4,3,0.947826,0.973044,0.979527
38c35e24-442b-4ed7-97c7-5d740aebba22,clean,s4,0,0.874020,0.930169,0.970110
38cb6921-8a62-43d8-a3a0-61216db0679c,shot_noise,s4,1,0.966400,0.982864,0.985787
38cff2e6-a365-4540-91c7-ff7cb5e485e2,shot_noise,s5,1,0.305706,0.465424,0.473570
38d56d01-a06a-49ec-af5a-051dc57effba,shot_noise,s4,3,0.786638,0.873194,0.938816
38e3ee1b-a209-4ff8-a6c7-89828eed6584,gaussian_blur,s4,3,0.898246,0.945718,0.958880
3900c436-6217-49ce-82a2-4d2f366f2f33,clean,s4,0,0.743487,0.851235,0.863888
390a73e2-ca5d-4e14-a2a5-734afbef861b,gaussian_blur,s5,0,0.903750,0.949280,0.952637
391a15a9-758f-4481-9e26-45e5077420b3,gaussian_blur,s4,0,0.592838,0.694388,0.907957
391cb5b0-5d5c-4cc3-aea0-33018c74e8e8,fog,s4,1,0.703656,0.818691,0.866667
39327fe9-8fbd-4c0d-a29d-69b2581cb638,shot_noise,s4,2,0.954935,0.976820,0.982464
393c8b27-ff5b-4fc2-9d9d-ed0ccc8e2fdd,clean,s5,1,0.543850,0.704521,0.704592
39421665-e1bc-407a-b1b2-fda32a369bc3,shot_noise,s5,5,0.723013,0.837141,0.852144
3944318c-025d-4578-aa4f-c61c41a449a5,gaussian_blur,s5,0,0.297633,0.453889,0.467600
39467f99-fc32-4a66-bcd0-9e7815f482ce,shot_noise,s5,3,0.888920,0.941189,0.941275
3958f3fc-3854-4a55-8d1e-77029fbe8031,gaussian_blur,s5,5,0.815818,0.898514,0.899099
39624bfb-6b63-4595-a740-1263cc09a2d9,shot_noise,s5,0,0.357914,0.436066,0.688672
39626757-08ae-4f20-b1ed-055552eed5d6,fog,s5,1,0.616844,0.758730,0.780811
3962d902-7980-45f5-8952-1473a345d5ba,clean,s5,3,0.782706,0.877273,0.884934
3971b09d-b6ef-4d06-a4c1-063476d0df26,gaussian_blur,s4,0,0.867819,0.927982,0.946587
39784692-113b-4a0c-a8b8-cb4b352d6e7e,fog,s3,0,0.575348,0.657450,0.943515
39869b87-074a-4ed3-ba02-692ac06a85a2,gaussian_blur,s4,2,0.813549,0.895344,0.914826
3989b517-2e3e-4897-91d0-4962eda94b4b,shot_noise,s3,3,0.892911,0.940959,0.985213
398ad5d2-432e-4118-b8ae-12a598d35b7c,clean,s5,4,0.962609,0.980947,0.981033
39932ef6-3c01-4024-b5a3-6413886fcf40,clean,s5,3,0.582078,0.733864,0.743264
39a949e2-fbde-4a30-93ce-f558b046ac06,shot_noise,s5,5,0.874017,0.932725,0.933502
39be41b0-0885-471e-bb44-eeaad1da505c,fog,s5,0,0.636165,0.772158,0.801643
39c8d5f6-0adc-4cb3-b7de-54cc8d08bd6f,fog,s5,2,0.963665,0.981495,0.981583
39cec299-725b-4763-9354-6b55edf1a12a,shot_noise,s5,2,0.763470,0.864915,0.872961
39cf220e-846a-4a1e-b9e6-2e26b849c7d1,gaussian_blur,s5,1,0.962547,0.980904,0.981560
39d9a27b-27d1-4b60-8c9d-a5f3d99565c4,fog,s4,4,0.959216,0.979020,0.986965
39db1567-816a-497f-aab2-b6ba5c085f7d,fog,s3,5,0.925600,0.960151,0.991770
39e1259a-62b6-4cf2-bd94-460490ef3278,gaussian_blur,s4,0,0.982135,0.990957,0.994327
39f590b0-0bbc-4855-9f86-865a23e82ef5,shot_noise,s4,2,0.941318,0.969431,0.980934
39f5f108-cad1-4b52-8762-5cc912d201d0,shot_noise,s4,2,0.909331,0.951257,0.978282
3a0b9e30-c27c-424f-adc5-40e4fe8a36dd,clean,s4,3,0.832756,0.907482,0.922424
3a12b4d2-7719-4e7e-ac1b-1d8a1aeb0318,shot_noise,s5,3,0.771356,0.870215,0.876364
3a15abc4-1b05-48f7-855f-94650414adc3,clean,s5,1,0.357914,0.436066,0.688672
3a1dece9-0c97-43bf-ad8b-e17965f7f621,clean,s4,4,0.957071,0.977927,0.984325
3a21486d-53d7-4b0c-a7ba-ea34ddcfbae5,gaussian_blur,s5,1,0.890931,0.941812,0.951051
3a32ac4b-6f48-4634-a4b1-09c8a742d038,gaussian_blur,s4,0,0.890834,0.941847,0.949472
3a34a006-33d8-4670-bddd-015aea228a4f,fog,s5,2,0.884047,0.938353,0.940127
3a402b6d-85cb-492d-9eff-6ef2e4f71079,clean,s2,4,0.894110,0.940984,0.996805
3a40a631-af64-49fc-9d79-768324912107,clean,s5,5,0.582078,0.733864,0.743264
3a4c0a1a-a8fc-49c5-b9c8-e573661615e4,shot_noise,s3,2,0.961321,0.979993,0.994581
3a4c46eb-0fba-471f-bc33-4488ee015e88,fog,s3,5,0.794707,0.874878,0.971396
3a701ab3-5ddc-43a5-a959-24ebcc6387a1,fog,s3,0,0.394071,0.444567,0.782816
3a897e91-8a36-45ca-b72b-bac1b55a2466,clean,s3,2,0.972016,0.985659,0.996283
3a8ef228-d2df-443c-b1aa-935be7ce0912,gaussian_blur,s3,1,0.959202,0.978857,0.994251
3a8fc9d8-c703-40fe-9072-b2b0daaa0d0f,fog,s2,0,0.497553,0.504785,0.986981
3a8fd8d8-57c8-43ef-add7-dec6e644339d,fog,s5,3,0.752470,0.858067,0.863589
3aa36fad-793e-465d-87fc-24bc9c3d721c,shot_noise,s2,3,0.733521,0.820835,0.988293
3aa9dfc7-bacd-47c6-91b6-adaed309e13e,shot_noise,s4,3,0.472280,0.586164,0.775429
3abe7e6c-2791-4cef-81f2-d433ad459467,shot_noise,s4,4,0.968070,0.983731,0.986549
3ac6a04a-f7f0-4361-955e-1ce568654e50,shot_noise,s3,3,0.469371,0.484201,0.938741
3ac7c58d-29ba-479d-a039-41ce4421d3fc,fog,s5,5,0.946971,0.972763,0.972779
3ace100a-96fd-4a93-844e-63a57c0b3bec,gaussian_blur,s4,4,0.541386,0.626850,0.905109
3af48b0d-2c32-4662-99bb-7401b46e7529,shot_noise,s5,3,0.915262,0.955529,0.960871
3af55052-3995-4133-b3e5-4d5fbd0bbd84,fog,s4,5,0.895576,0.943998,0.961227
3af803c0-4a8b-4b13-8496-7b5cc27833c9,shot_noise,s5,3,0.558619,0.716807,0.716832
3afaeadf-00be-4b9e-abad-48f4b73c4bec,gaussian_blur,s5,3,0.929796,0.963554,0.965471
3b12058e-227f-47f7-8ed1-b396e57ef796,fog,s4,1,0.962065,0.980485,0.989953
3b2684f8-80e1-40d7-98d4-d9d46fcd4c31,gaussian_blur,s5,3,0.977622,0.988677,0.989312
3b2dcc01-d6ed-4f7d-9da4-c1cf0d23ef66,gaussian_blur,s5,4,0.581828,0.725215,0.773579
3b2fed2e-b37d-4458-b707-71535c9fe4a7,shot_noise,s4,4,0.826620,0.903759,0.918822
3b378f7c-dab7-4417-a0fd-26a4c442dc1d,shot_noise,s5,1,0.818239,0.899987,0.900517
3b4f49fb-2bb5-4bd5-8975-6faf17c3a178,shot_noise,s5,0,0.893904,0.943976,0.944064
3b543dcc-a591-47c6-b59f-b2887a6ac5f6,clean,s1,1,0.444083,0.470385,0.888165
3b630494-2808-4c56-a2bd-0c2931e6d79f,shot_noise,s4,4,0.940876,0.969260,0.978572
3b698fdb-5f35-449f-85a1-8b85bf062547,gaussian_blur,s4,2,0.935346,0.965940,0.985766
3b6afdc5-7149-48ff-8854-72c85c8a5b3d,shot_noise,s3,1,0.469371,0.484201,0.938741
3b6daaa6-18c3-40c9-bd3a-550459c91504,clean,s4,4,0.793766,0.876318,0.955443
3b7b4a1a-2ac1-4be6-9a25-4f017db9b329,fog,s4,4,0.564564,0.702066,0.787552
3b7fdd4a-317e-4d5b-9508-2c11511766b3,fog,s4,0,0.687051,0.793514,0.916128
3b8e8b45-9dbd-4c70-85f9-6ddd46c36c22,clean,s5,1,0.763446,0.865283,0.870123
3ba11fde-9dce-4ee1-94ad-9db4df429290,clean,s5,4,0.896120,0.945214,0.945221
3ba3746e-fddd-407e-a423-0968d2b31127,fog,s5,5,0.533495,0.694459,0.700144
3baa9624-baeb-4db7-a20c-05e5dd4bc636,clean,s4,3,0.645979,0.756080,0.903145
3baba03f-d82e-4187-97d6-bed0ddd8ea4a,shot_noise,s5,0,0.812736,0.893700,0.924875
3babbf9b-6134-4ef9-9e54-b3df416d6031,clean,s4,0,0.742344,0.846142,0.890981
3bc41944-dee9-42bc-bb1c-27c9f13467e0,shot_noise,s4,4,0.944159,0.971106,0.977189
3bc613a5-db8e-4491-91f4-2f6e9237d68b,fog,s4,1,0.826539,0.904052,0.915253
3bc88c7c-b828-46f4-b627-45dfe7427178,gaussian_blur,s4,0,0.832756,0.907482,0.922424
3bd083c1-50c5-4bfd-9549-33029b5cd4e2,fog,s5,0,0.919130,0.957668,0.962421
3bdee740-3e71-45b9-bae8-3ed249841e8a,clean,s4,1,0.956672,0.977739,0.983099
3be5eecc-6431-4fd1-b547-dcff77d9df78,clean,s5,3,0.683123,0.805111,0.845712
3bf26374-fffb-4d6f-b0dd-c91171086c3e,fog,s5,3,0.951364,0.974997,0.978219
3bf2c991-cff6-434d-a9d7-d272becfb68b,fog,s5,2,0.641967,0.777521,0.801849
3bfa8ff0-a080-4c9a-b2e6-1499054a1d87,clean,s4,3,0.795783,0.879454,0.942905
3bfbc1b7-a7b4-4d8f-8ed8-a38ee7dd9d82,clean,s3,2,0.725380,0.818176,0.965453
3bfc422d-61e7-4a62-b3e7-a99240a80483,fog,s4,4,0.777028,0.866332,0.935822
3c028d39-9c1c-424c-83ad-bef3492ee7a6,gaussian_blur,s5,0,0.834246,0.909450,0.911664
3c05d76c-530f-4f88-8356-27333f6488b1,gaussian_blur,s5,3,0.662774,0.782276,0.865694
3c080da3-c785-4b92-9ab4-468fd2983bc1,shot_noise,s4,0,0.957384,0.977968,0.990018
3c0935be-ba87-4e24-9cd9-ea10b55b98e6,gaussian_blur,s5,4,0.452211,0.617730,0.636027
3c09696f-b99a-4abf-ad3e-6ad34ba8174f,shot_noise,s5,1,0.981462,0.990639,0.991157
3c229ebf-c300-44d4-af82-9433480fb797,shot_noise,s3,4,0.898738,0.944790,0.980691
3c22b8b0-8409-479d-ac2c-bf107e499ca7,fog,s4,4,0.887020,0.939018,0.958336
3c2b7911-5bf4-45cf-899a-8ba1681abff7,fog,s5,0,0.973973,0.986811,0.987083
3c2cc31b-fe27-4724-8393-b84762f50a30,fog,s3,3,0.319114,0.459896,0.528144
3c2d8599-d5d7-4156-adec-99987a187591,shot_noise,s4,5,0.717927,0.826046,0.891915
3c408e03-af39-487f-8ad9-034235b2bd7a,gaussian_blur,s5,3,0.926208,0.961649,0.962787
3c411960-fbff-41d7-a13d-6aec9e59999a,gaussian_blur,s4,1,0.507978,0.595427,0.867243
3c4a7651-8662-4c6d-bebc-4aa79240bfa9,fog,s5,2,0.455346,0.593956,0.704075
3c4c15e5-60c4-4ff6-ab2a-dab60e993f1a,clean,s5,3,0.790877,0.882411,0.890187
3c56a9aa-dd39-4a53-a6c3-bab984dc5081,fog,s5,0,0.903594,0.949069,0.954985
3c5ac925-8210-4fa7-b38d-a3415cd3d969,shot_noise,s4,0,0.981904,0.990829,0.995243
3c5da1ac-5353-4fcc-bfb2-2c52f2362fb2,gaussian_blur,s2,5,0.957899,0.978062,0.998311
3c6c86c5-b1a0-4fe2-b8e0-d0287f9dd662,shot_noise,s4,2,0.742499,0.845930,0.893067
3c6ccd91-af2d-4e32-8923-5508b8bb29b7,gaussian_blur,s4,5,0.942820,0.970310,0.979271
3c9170b0-5f33-4c4b-ab5e-4fc2e06d01bc,gaussian_blur,s5,1,0.701153,0.819752,0.849707
3c976b5f-803f-4910-ad1c-de5e96a9e8fc,gaussian_blur,s4,2,0.794014,0.878208,0.942436
3c9907ec-fab7-4da2-9e4e-f435cf5d21c6,clean,s5,3,0.913790,0.954907,0.955976
3cace9a7-3ce6-4b85-bf1a-90c08db7ea2b,shot_noise,s4,3,0.944790,0.971370,0.980030
3cb49620-73bb-4740-98c8-7348223d6473,clean,s4,0,0.902726,0.947366,0.977568
3cc2312a-93dc-43ce-9e54-95d15718c114,clean,s4,3,0.856060,0.921271,0.937408
3cd0a29b-1926-4ec0-9cc7-409917422166,shot_noise,s3,1,0.492973,0.604936,0.800760
3cd1c9dc-7018-4662-80fc-edbd8c8c1349,clean,s5,3,0.867460,0.928546,0.935755
3cd4760e-06f3-4974-83b1-158c62259b4f,shot_noise,s4,0,0.625586,0.766000,0.785376
3cdc37b2-1071-4cae-a945-523af6ca70ed,clean,s4,1,0.919094,0.957026,0.976816
3ce66be2-07fa-4a35-800d-de9b06f24b3c,shot_noise,s5,1,0.707480,0.817233,0.891333
3d039952-67a7-44db-a4e2-2ba6e6fcfe9c,clean,s2,3,0.497553,0.504785,0.986981
3d0a6bc5-1dbc-4c07-82c8-7d0c2e895c68,fog,s5,5,0.825736,0.904167,0.908555
3d14b107-4fbc-4d91-99a5-32b7ed95618b,shot_noise,s4,0,0.946602,0.972263,0.983579
3d1c90af-d909-4927-8fa5-49029bd77ee7,shot_noise,s4,3,0.974009,0.986801,0.989296
3d1f18db-5ce3-4360-b265-57daf30cb489,gaussian_blur,s5,0,0.507072,0.640603,0.762853
3d27890f-28c1-45b8-a597-1accc32dfc53,fog,s4,5,0.969256,0.984232,0.994273
3d2b8438-e31a-4167-8afa-2c80fc656b15,gaussian_blur,s4,2,0.695822,0.809667,0.878235
3d32da0b-6160-4e3d-b95f-82a1dbe987f7,clean,s3,3,0.912241,0.952633,0.985227
3d41f234-ac00-4232-8e98-9544951ebfb9,fog,s5,1,0.921450,0.958920,0.963984
3d42065d-bc1b-44d4-818c-c24d1aa248d7,fog,s5,2,0.847994,0.917170,0.924693
3d4a4e6d-0c4a-400a-bd13-42364c135ccf,fog,s4,2,0.953033,0.975723,0.985365
3d4d8289-c3d8-456f-b844-c54394306ffb,gaussian_blur,s4,0,0.473962,0.618718,0.707093
3d54592d-9c85-42e7-9467-7d83db077f6f,shot_noise,s2,2,0.490237,0.495071,0.980475
3d582b3a-9c26-49ac-ad87-f286927bed1e,clean,s4,3,0.944368,0.971144,0.979855
3d614b17-19fd-4141-ba7b-027789bf7e49,gaussian_blur,s5,0,0.285316,0.425276,0.476474
3d6a8c7d-7f1b-429b-86ff-1fbb2e71fb4b,fog,s5,1,0.950923,0.974760,0.978170
3d6c13ea-6620-4d04-9db9-74d1377bd789,clean,s4,4,0.687051,0.793514,0.916128
3d6faf72-c8d0-4d6c-b4ee-a244b6be23ae,shot_noise,s5,5,0.852984,0.920148,0.927077
3d820ad1-13b9-4aee-9993-3d92f52d651c,clean,s4,0,0.919094,0.957026,0.976816
3d84c47b-620d-4f47-a775-c7c5e90b49b5,shot_noise,s4,3,0.974399,0.986951,0.993353
3d8db8d5-c26a-421d-b1b0-f6943443697d,shot_noise,s5,0,0.437071,0.549530,0.738698
3d914974-a06b-48bb-9657-c80adfaf7e26,gaussian_blur,s4,5,0.934154,0.965475,0.979883
3d94bda2-4151-4331-a416-3177bb904b76,fog,s5,1,0.912031,0.953765,0.958906
3d9eefb1-622d-4e3d-ad4e-ce26b6e3c068,clean,s5,0,0.448357,0.516240,0.831801
3da058c2-4464-4cd7-892c-53acb62944f8,shot_noise,s5,0,0.582078,0.733864,0.743264
3da4b78e-907e-435a-983c-abf594eff997,fog,s4,3,0.788204,0.873721,0.943632
3da8a671-1860-4c72-a40f-4917aa64ea37,clean,s4,1,0.829285,0.902204,0.952411
3db594d1-1330-4065-a379-0606ed3e9a4d,gaussian_blur,s5,4,0.643443,0.777044,0.809947
3db98d7a-7b4d-4972-a735-b9fb29be74c1,clean,s5,5,0.810920,0.895540,0.896053
3dba93ae-5038-4749-a1c7-d98877d1f501,fog,s4,0,0.516261,0.633955,0.809397
3dd2889d-1543-44a8-b03a-4ba9fbe83b50,shot_noise,s5,4,0.955192,0.977066,0.977825
3ddbe65e-2f67-4058-86e6-71b82625002d,clean,s5,5,0.962609,0.980947,0.981033
3de513cc-7630-4db5-9522-54fefbe8cb01,fog,s4,5,0.973644,0.986565,0.992637
3deaecb2-9396-496e-93e1-ff4415634117,shot_noise,s4,0,0.902726,0.947366,0.977568
3df66ef4-c0f8-4af0-8de6-b9003be70f05,fog,s4,5,0.385536,0.435370,0.771072
3e05991e-e47c-4042-9e48-a8afe287b9a8,shot_noise,s3,0,0.922869,0.958580,0.991450
3e080945-8fbb-466e-aabf-fe6ec7691966,shot_noise,s5,5,0.545743,0.702498,0.718313
3e126930-e10b-4d3a-ad48-220cf14c27d8,gaussian_blur,s4,0,0.902726,0.947366,0.977568
3e258e5b-b9c2-45ac-a654-54416d8bec4c,shot_noise,s5,5,0.945471,0.971968,0.972088
3e32b501-330e-47e5-ad2e-17bc0c4f5e33,fog,s5,2,0.885184,0.939095,0.939099
3e3455c9-a849-4e55-bd0a-f2eb5a335069,shot_noise,s5,4,0.874358,0.932884,0.934219
3e487e0c-5dec-47c0-b78b-c2ca4f29fc4f,gaussian_blur,s2,5,0.764641,0.847029,0.994725
3e48a0ed-1b03-4888-ae69-3d295ed134dc,gaussian_blur,s5,5,0.867734,0.928659,0.936535
3e5184a9-84e2-4b37-9aa8-585f45ebed01,gaussian_blur,s5,5,0.724495,0.839185,0.846804
3e6279ca-c736-40a8-82b7-b4abb2d710f6,gaussian_blur,s4,5,0.900824,0.946386,0.974651
3e8a29d4-5aad-4fd4-b2c1-1caed2cb6782,shot_noise,s4,2,0.961361,0.980147,0.988017
3e8f0c0e-ee0d-41ba-8792-4a6e6e5e16bd,shot_noise,s4,0,0.838005,0.908099,0.952829
3e92c0f4-f4d8-47bf-832b-b738e619b8de,shot_noise,s4,2,0.843641,0.911448,0.957445
3e94f998-922f-4839-9e5b-c3a733e29ddc,clean,s5,0,0.645169,0.778397,0.811045
3e95c24a-adf7-43b3-8f9e-cbf471cdd4e4,gaussian_blur,s5,4,0.837954,0.911181,0.919180
3e9e0807-c5b6-4598-b4a2-ed15827d4dc2,clean,s5,3,0.507072,0.640603,0.762853
3e9e57bb-89ca-4407-a577-d575055e9b79,shot_noise,s5,5,0.940911,0.969519,0.970781
3ea4c649-9388-43db-81c6-7e92ecbb39bc,clean,s5,4,0.942544,0.970387,0.971604
3ea86307-9c18-4702-8095-4497e91f0716,shot_noise,s4,0,0.982135,0.990957,0.994327
3ecde7e5-4cf1-4087-b130-97305344ba2f,gaussian_blur,s4,5,0.735248,0.841014,0.887765
3ed61a31-757b-46ce-bffc-a2aea4a2c266,clean,s5,2,0.507072,0.640603,0.762853
3ee40363-fb65-43ae-b18a-9a13fe3ead6a,shot_noise,s4,3,0.936507,0.966538,0.987382
3f1331a6-8281-4771-8129-951c7628f332,fog,s4,4,0.907439,0.950159,0.977844
3f137add-310a-4bc5-85ac-af21eb4f27ac,fog,s5,0,0.686236,0.813599,0.815683
3f1456ea-d121-479f-be59-f41d3eb66bdc,clean,s5,3,0.321466,0.484502,0.490464
3f17c551-5fde-4222-ba66-dfa9e29be855,clean,s3,5,0.960616,0.979616,0.994475
3f1fbc06-0bb0-492e-b9e2-99de78763a00,shot_noise,s5,1,0.835068,0.909935,0.912197
3f21e1a6-3c58-47bb-9c41-fc7496153209,shot_noise,s4,5,0.902949,0.947306,0.981136
3f2d89f7-0965-4a6f-b9b8-b66d497964d8,fog,s4,1,0.979807,0.989750,0.994691
3f2d8db4-b515-41ea-a23c-1ffb9c407247,shot_noise,s3,1,0.604848,0.729120,0.844800
3f2f2f7c-4503-4f98-a2c2-011ee349d5f9,fog,s2,5,0.625588,0.709910,0.975703
3f341321-531c-4eff-b7c8-0ce8fa61cdfa,fog,s5,1,0.160349,0.268578,0.287048
3f39b3bc-de76-47ca-bebe-1c53cdb4feb9,clean,s4,5,0.982135,0.990957,0.994327
3f3ce7f4-558f-4820-9b91-9a3f296636c5,fog,s2,2,0.674389,0.764186,0.980879
3f44a5af-b5ec-46f9-a273-6836686fe338,gaussian_blur,s3,1,0.417933,0.482502,0.796251
3f5434b3-b207-4f7c-a3d6-d5e8c65902aa,fog,s5,0,0.372149,0.512515,0.603803
3f61fea1-124d-4e51-811f-9c9bbf6db653,shot_noise,s4,5,0.377592,0.439712,0.741805
3f68eb32-25c5-414a-85d1-41c3318e7e26,gaussian_blur,s5,0,0.898551,0.946565,0.946565
3f6a322c-0487-49bd-973f-7bb6155762f0,shot_noise,s5,1,0.786116,0.880104,0.881486
3f7758a1-11da-4759-b29b-b60ae77fd7b3,clean,s5,5,0.854888,0.921349,0.927099
3f80df48-b701-420f-b78f-4d5dccc866ac,gaussian_blur,s4,5,0.854441,0.919224,0.949776
3f83af1f-5f41-40e2-9788-e6a1e5b1f0ff,clean,s3,0,0.813377,0.888240,0.976231
3f95f04a-9543-41de-9931-16e4e119a65e,gaussian_blur,s4,1,0.964139,0.981612,0.988810
3f97a87d-0653-470b-90e5-d75cf64939ce,shot_noise,s5,5,0.436329,0.548564,0.738249
3fb46ff4-5172-47a0-a9d9-ec974791a902,gaussian_blur,s4,2,0.897559,0.944420,0.974705
3fbcd4db-e5c5-463f-9215-6f0cf9be5430,gaussian_blur,s5,2,0.818150,0.899578,0.903994
3fbf219f-74b6-4afc-b3b6-6fac78b5b553,fog,s4,2,0.357677,0.417030,0.715355
3fc02425-478a-48f7-883a-91d250e7970f,clean,s3,3,0.872960,0.929028,0.976469
3fc09edf-cdda-4f60-9014-5452a80d9ed1,clean,s4,0,0.915315,0.955221,0.968398
3fd553ff-7f8b-442b-8ccb-cb19160c1f71,gaussian_blur,s4,2,0.930363,0.963388,0.978613
3fdc0fed-49b4-46d4-9ae2-24c6f95f0684,fog,s3,1,0.781072,0.864952,0.966891
3fde45b3-3254-46c3-9516-da5890721ec5,gaussian_blur,s4,2,0.903803,0.948760,0.963349
3fdeba7c-caa7-4610-b651-bfac33d97a10,gaussian_blur,s5,5,0.677855,0.808001,0.808006
3fe0b8f5-7714-4c5d-9df1-07420c02d303,fog,s4,1,0.729743,0.841174,0.860031
3fe549df-78f8-4239-8cca-5c310c2580cd,gaussian_blur,s5,3,0.175069,0.287915,0.312096
3fe97525-7433-46ee-943d-589d0b2453bb,gaussian_blur,s5,4,0.896960,0.945657,0.946128
3feb7f1e-3402-4677-b772-d2794529fb0d,clean,s4,4,0.435397,0.513471,0.798190
3fec7e7a-1315-4576-97a0-e5b9777facdc,gaussian_blur,s5,5,0.834706,0.909788,0.911227
3ff782b4-4df4-4276-96f9-4854a3fc450d,gaussian_blur,s5,1,0.188459,0.296147,0.346987
3ffe290c-26eb-4d96-affd-d555f1ce83aa,fog,s4,0,0.931659,0.964348,0.972283
40073765-2d72-4e1a-9cb4-6aab41ca6a05,clean,s4,4,0.908690,0.950888,0.978072
400935a5-d554-4e74-b2ad-66782d0d382b,fog,s5,1,0.650517,0.785746,0.799988
400b6824-24ef-4291-974f-825aac867aca,clean,s4,5,0.556665,0.693898,0.784799
400c0d21-39a9-48f3-a62a-a205deb137c8,fog,s5,3,0.213134,0.336172,0.374283
400f0f41-5578-4a27-98af-edffb353a3b6,gaussian_blur,s5,2,0.704984,0.820687,0.862000
40107eab-d63d-45ea-a3be-24d98bc0eabf,shot_noise,s4,5,0.804957,0.885125,0.951269
4014705c-d223-49cf-808c-4ea47cd6d9e4,clean,s4,4,0.745914,0.851037,0.877506
4027b46f-6f2f-40b0-99f8-4e42a6790cbf,shot_noise,s5,1,0.862250,0.925959,0.926991
403e60b2-fc2c-44e0-99aa-08e9ad1a0a3b,clean,s4,1,0.939726,0.968524,0.981701
404e816e-e4fb-4f93-95c3-1cf3ac8771af,gaussian_blur,s5,3,0.948207,0.973385,0.974529
404f2080-55e6-4686-a248-0ad7e5f9c5ec,gaussian_blur,s5,0,0.954778,0.976834,0.978249
40519bc7-7db9-4d69-bb6d-cd72769d1730,fog,s4,4,0.926456,0.961163,0.978848
405abf37-a0c4-4e0a-ad40-4aa13851e375,clean,s5,1,0.858853,0.923035,0.937483
405c182a-0aa7-4c00-9302-e4186b0fb23f,shot_noise,s5,5,0.774617,0.870560,0.891820
406eb3af-4a11-4e6a-860f-2a0b31285f03,clean,s4,4,0.602989,0.741901,0.792741
406faab9-a352-4e55-969b-0d3f58cab91b,fog,s5,2,0.972530,0.986070,0.986368
407ed9d5-387c-4599-9efa-5299f0906c34,shot_noise,s4,3,0.578558,0.730817,0.741210
40bc8b35-8e86-40de-abf9-e867918edb18,shot_noise,s4,0,0.704664,0.815583,0.887291
40be850f-51d4-4ef3-8060-25e16c5f4edf,gaussian_blur,s4,2,0.942268,0.970012,0.979072
40c410d1-ef60-44ed-af7d-70993e5f5381,shot_noise,s3,1,0.720565,0.815247,0.958528
40cbbf68-1f63-43ef-8f00-1dd1b9367672,fog,s4,2,0.981370,0.990566,0.993982
40d771e3-3224-46b5-89e8-efa67186d0e4,fog,s4,5,0.878072,0.934317,0.946667
40d83598-8655-4525-9751-f6560e001e37,fog,s5,5,0.745343,0.854087,0.854139
40e451c5-c414-49b4-8c0b-2444bfb7542e,clean,s5,3,0.636918,0.775562,0.789910
40e525f6-8fd0-43d1-bde6-4eea94fd2399,clean,s5,2,0.749016,0.855792,0.861411
40f1160f-8da6-407f-8bda-116c2f6acb41,gaussian_blur,s4,3,0.857538,0.922431,0.934583
40fbe3da-8252-44d0-bf1c-f1dbe91031ca,shot_noise,s4,0,0.868747,0.927046,0.967024
4100d0d7-ceb2-4ffb-8714-8609b03c626f,clean,s4,5,0.946602,0.972263,0.983579
41062fda-49a1-415f-bf27-46bb080ef959,shot_noise,s5,2,0.795669,0.884289,0.902800
41088190-367c-433c-80a3-3fcca9b3d906,shot_noise,s5,1,0.767814,0.867736,0.875640
4111ef44-313e-4bda-a78f-90fbd12cf776,fog,s5,5,0.383946,0.551267,0.562859
4112b211-5ad5-4fea-ae9f-9f60aa963244,fog,s5,4,0.805839,0.892128,0.895759
4124cd46-7138-4774-9e5f-b4482dc95c84,gaussian_blur,s5,4,0.928347,0.962770,0.964775
4134d854-89ee-43ae-8b26-4aa26c080b87,fog,s3,1,0.656504,0.752182,0.955886
4135cadf-cd7d-4b08-a160-232031b17874,fog,s4,5,0.896532,0.944525,0.962006
4137fc92-e5a5-4070-ad2b-5c9ea37203c4,fog,s5,5,0.902433,0.948715,0.948715
413aed77-30ae-4bc1-b87c-4a4a06f646a0,shot_noise,s5,4,0.817699,0.898877,0.907920
41441849-8fbb-4552-8162-e45844c8f3df,clean,s3,0,0.624439,0.745741,0.859520
41531ff9-1c46-439c-88fb-9bcbad57f9c0,clean,s5,5,0.828631,0.905935,0.910011
415770db-bb3c-4e63-90d6-1d7c33615cb2,clean,s5,2,0.916095,0.956175,0.957028
416b908f-362e-4442-a139-aa9242e0e6be,fog,s4,3,0.845210,0.912591,0.956400
41727188-bee6-4e7e-8c0d-e9d073b71566,gaussian_blur,s4,5,0.946025,0.972084,0.978719
4173954b-1668-412c-9e39-a4c2e6119b67,clean,s5,0,0.940570,0.969358,0.969925
417b5de6-0e91-4b69-aaf4-1ad72ff91be1,clean,s5,2,0.178730,0.279658,0.336021
4183cc9b-3038-4b8f-a18f-3eca0f827212,clean,s4,3,0.882282,0.935787,0.963509
418ebc24-b99b-4402-bcd5-60f2f6f17d2d,shot_noise,s5,1,0.176795,0.276350,0.333797
41942a5c-19d2-44bf-9d0c-27c11365686b,clean,s4,3,0.776561,0.870316,0.904406
41a2a981-f223-46cf-9e89-70324f478565,shot_noise,s5,5,0.967953,0.983705,0.984352
41a50c6e-2724-423d-be9c-94d1b0cc2b08,clean,s5,2,0.612971,0.756029,0.776542
41bd48db-8613-404a-819c-1949282aee90,shot_noise,s5,5,0.875128,0.933045,0.938796
41cea75a-e7c0-4360-b3eb-5bc1f0c92984,shot_noise,s5,4,0.843365,0.914844,0.917190
41d054c4-3ad8-48ca-836d-1f203a888e5d,clean,s5,1,0.877777,0.934393,0.942800
41de8057-e31f-4b70-bb65-015fa14d3eef,clean,s3,1,0.575348,0.657450,0.943515
41e1e7b0-250c-41c7-abbc-4bb10efc6c81,shot_noise,s4,2,0.939755,0.968718,0.976096
41e43a99-863f-457a-8c50-ac57bd9f815f,gaussian_blur,s4,5,0.945139,0.971343,0.987581
41e8864f-cc52-4dc9-b8ab-9628f0574ffc,fog,s4,2,0.922552,0.959047,0.976043
41f16b28-4868-4518-8a58-1f2b92ecec9f,fog,s2,5,0.342938,0.419403,0.668021
420c1227-7f77-4915-a57e-7a5c1aceaa7a,fog,s4,4,0.590119,0.737813,0.759088
421148ad-e5ec-4efb-bdfc-a1c6ff86470e,gaussian_blur,s4,1,0.729613,0.837736,0.880255
421be431-fcf7-41c6-854c-dc95e212d434,gaussian_blur,s4,2,0.666205,0.789667,0.847211
4222f6ce-d9f6-4d51-b909-18236cfe19da,shot_noise,s3,5,0.825054,0.896517,0.977832
422baeac-0850-4151-903e-7f56ef9c7403,clean,s5,5,0.941551,0.969767,0.974149
42338e97-16e5-42f4-b1d4-476cfdaba8eb,gaussian_blur,s3,2,0.819407,0.892721,0.975502
42396b2c-54a6-4f8b-8465-a55fe40d05bb,fog,s5,0,0.963299,0.981306,0.981311
424ddd61-c939-4785-b4fd-68ff5982250c,shot_noise,s4,1,0.972725,0.986080,0.992920
424f9e72-161c-4546-b8f2-c2a96b4bc654,fog,s5,3,0.887337,0.940305,0.940320
425012f9-6c29-4c2a-a2df-9450e3502291,fog,s5,0,0.885924,0.939317,0.942715
425f9848-30f0-414c-a36f-13332bbc5b40,clean,s4,1,0.951114,0.974815,0.980096
427cd5e1-4097-460a-84d1-0c9cf4de3ee2,fog,s3,5,0.323692,0.464643,0.534709
427e057e-58b1-49db-81e4-c75cd7a788d7,fog,s5,0,0.717650,0.829710,0.870315
42b38efd-01a2-46ea-accb-72441c8266d7,shot_noise,s5,5,0.848345,0.915870,0.942683
42c1329e-fe66-4850-b257-5ec5412db96b,shot_noise,s4,4,0.612034,0.755286,0.775861
42c6f083-3108-4254-9dc3-07b7b3613a50,fog,s5,2,0.817783,0.898562,0.911563
42c8f294-075d-4d7e-9811-7601d9cf6359,fog,s5,4,0.460003,0.597924,0.710261
42cee777-6603-4268-b49b-ea6a287ddffe,shot_noise,s4,3,0.948492,0.973148,0.989087
42d7c524-4ee4-4974-b0c8-2cb283f5e2be,gaussian_blur,s2,3,0.959863,0.979127,0.998389
42dce915-28cc-4dbe-afb5-e76289acc89c,gaussian_blur,s3,3,0.885007,0.936548,0.977568
42e6efc6-35eb-405e-82e8-3002419d7d8c,clean,s4,3,0.968203,0.983800,0.986587
42ee9967-884c-4a82-8c24-42b7506fe31b,gaussian_blur,s4,5,0.977140,0.988386,0.992875
42eee454-5b2d-4749-8913-31c2202b3b4a,shot_noise,s5,5,0.917554,0.956994,0.957248
42f33224-0655-4105-b7a2-29e88e4321be,clean,s5,0,0.959815,0.979481,0.980199
42f69597-204f-4f7a-ad13-23d0f43fd99f,clean,s5,2,0.944683,0.971522,0.972710
42fb9931-309c-47aa-8064-d3f4fb34e995,fog,s4,4,0.485398,0.636626,0.700160
42fc3ae5-3107-4dc3-9a2d-3b5a819a71bd,gaussian_blur,s4,0,0.897803,0.944272,0.979845
42fc5b35-de84-4170-8fc7-6f0d2a07456c,clean,s4,3,0.959009,0.978871,0.988752
43018723-f8bb-4a4b-9ce8-aba78ff17d72,fog,s2,4,0.734675,0.821829,0.988580
43072345-2edd-4fbc-b338-b976d8fe4693,shot_noise,s4,2,0.668500,0.777187,0.909622
431b3efa-4284-4990-8adb-850e8f48b7e2,clean,s5,0,0.582078,0.733864,0.743264
4332b3ce-4ee0-4b93-9042-358e8a7aee47,gaussian_blur,s2,0,0.831869,0.899394,0.995941
43330075-0e83-4fb9-90be-f766a5363423,shot_noise,s2,0,0.935511,0.965629,0.997280
434ee76c-8021-4fe0-84d1-d967dd7b5681,fog,s4,3,0.819925,0.899331,0.918165
435ca99c-de7e-491a-b062-6c58bedb41d6,clean,s4,2,0.932734,0.964437,0.986558
43674f67-3b4d-477c-81cf-4d632d9b8b1a,clean,s5,3,0.981296,0.990555,0.991077
436ab88f-7439-443d-a3f7-c9dddd22c2e9,shot_noise,s5,1,0.972544,0.986079,0.986198
43753ef3-db50-43c9-b075-8219b1209cf2,clean,s4,0,0.945757,0.971680,0.987737
43864bcf-2c78-48de-ab2f-f69cbd21868d,clean,s4,1,0.944368,0.971144,0.979855
4391ebc8-7079-4b41-8b2d-e66cdc5c4755,fog,s4,1,0.957010,0.977767,0.990000
4393c455-97cb-449e-b5d7-1da83e603d70,shot_noise,s5,3,0.946636,0.972578,0.972903
439fbe37-5604-44cc-acda-c5241222c9a6,fog,s3,3,0.793578,0.875038,0.963917
43a4e8b0-2648-4831-a964-ef571c6b3eb7,clean,s3,2,0.701834,0.804359,0.929264
43aec4e6-a91f-4da2-b0e1-0f506946763b,gaussian_blur,s3,1,0.822002,0.894975,0.972112
43b73432-4c11-4fd5-8412-30466ffab6bd,fog,s5,3,0.673624,0.801215,0.823970
43bfaa75-fa9c-4cf5-98ab-f323fb830333,gaussian_blur,s3,1,0.909060,0.950718,0.985755
43c7bb10-7a4d-4ce1-b146-0d9174e125d6,shot_noise,s3,1,0.398283,0.454894,0.780240
43cc953a-c8c2-4aab-b4f3-4aacb9cf8af1,clean,s3,1,0.728688,0.820478,0.968805
43cd1b18-662f-447c-a57d-757c55c6fabc,gaussian_blur,s3,0,0.926501,0.960816,0.988187
43d66124-b697-4dc4-a731-2d8f80f40b5d,gaussian_blur,s4,5,0.875649,0.931862,0.960720
43d7a5d0-1e15-4bf3-9a40-1e495aa54643,shot_noise,s4,2,0.929531,0.962643,0.985848
43de50bd-36f5-4f89-b4dc-f8121bdeef5e,shot_noise,s5,3,0.847320,0.916854,0.923319
43def7d0-cb16-43dc-8593-fa25dd67c1ae,clean,s4,1,0.718895,0.827043,0.890923
43e4e29f-1324-43b7-8cb1-a7434f5f5a75,gaussian_blur,s5,5,0.871186,0.931157,0.931189
43e7980d-7da2-4128-a9cf-3a29c60561a7,gaussian_blur,s4,2,0.903414,0.948742,0.959285
43ea2f69-ade7-4570-9c49-dcfd604fa530,fog,s5,3,0.909089,0.952334,0.953343
43ed43fe-6754-4c8e-ad00-da24cc7ef161,shot_noise,s5,1,0.914292,0.955189,0.956077
43fe174b-0457-4ea3-b8a4-82a2eedc2a68,clean,s5,3,0.942544,0.970387,0.971604
440d198f-0f78-4a17-8468-f461b34cd141,fog,s5,0,0.910122,0.952772,0.956636
4434001a-4dde-4841-bbef-9907542784bb,shot_noise,s4,0,0.916716,0.955425,0.981755
443b04df-2b39-4379-a06d-d51d34c116e5,clean,s3,5,0.454125,0.536814,0.814133
444d29d0-ee1c-4514-b4b9-c4bdb18034d6,fog,s5,2,0.871497,0.931335,0.931360
4450592e-9020-41a0-b7cb-bcda20250e62,clean,s5,3,0.553305,0.712322,0.712773
44510de2-df7b-4e6d-8c0d-ada10091a8e4,clean,s2,1,0.727378,0.815265,0.987847
4459d22d-8518-43d7-9113-eb706ca60e07,clean,s5,5,0.929607,0.963512,0.963718
445bc83c-e15e-4978-8f3d-2248ac2676d1,fog,s4,1,0.535764,0.676039,0.764631
445ed716-e461-46be-a498-41fe01e1ef44,shot_noise,s4,2,0.712090,0.821814,0.888091
44659abf-8954-45e3-94cd-6817ab105f64,gaussian_blur,s4,4,0.944001,0.970721,0.987347
446c404d-58e5-472a-a62f-3fa004d47e30,gaussian_blur,s5,3,0.913441,0.954723,0.955635
44784ab4-e795-4e7b-b6a7-d9b15dec6796,fog,s5,5,0.919083,0.957626,0.962768
448b1fc1-e2ff-4511-ab7a-2774ed8915ce,fog,s4,5,0.630956,0.767212,0.801704
44ac31eb-0a20-4b70-8bbd-8fc008abf337,fog,s4,1,0.482578,0.649303,0.655831
44b1706d-ee3d-4509-8fa9-33e95bc23f93,clean,s5,1,0.886212,0.939600,0.940891
44b85f93-7f92-4158-8a10-4466d0d67c48,fog,s2,4,0.572596,0.631563,0.990555
44cf52df-257f-475b-9359-3e895bca1e71,shot_noise,s4,1,0.952053,0.975209,0.984677
44e2caec-8c34-44c7-91af-2da965bf7f20,shot_noise,s4,4,0.806411,0.890576,0.913455
45095dec-c310-4e67-8920-424ac2f05427,fog,s4,3,0.810879,0.894074,0.909629
450c0e26-1de7-4d02-acad-39b30e90ca14,gaussian_blur,s3,1,0.830182,0.901534,0.964885
452251f1-f9c7-4980-b4c3-52215a4818ed,shot_noise,s4,3,0.592650,0.733149,0.785760
45248318-98e7-48d9-8ccc-9b99c8999e2d,fog,s5,1,0.732131,0.845328,0.845515
452a0fe6-2764-42b1-8d61-142fa27a7da9,gaussian_blur,s5,3,0.922045,0.959337,0.962008
452c2acd-6796-4df6-8fa6-27c00daf97a5,clean,s3,2,0.922869,0.958580,0.991450
4543a24c-5096-4196-8cc8-7ac771f62f0d,fog,s3,1,0.817767,0.891977,0.971691
4548b244-2b41-41ac-91f7-050501e5f2a8,fog,s4,5,0.661130,0.770442,0.907337
454c29f1-1089-4746-a56e-30fcdead0f96,gaussian_blur,s5,1,0.687840,0.812395,0.829227
455a3036-e1d6-4da2-b780-7fb1dd4773d2,gaussian_blur,s5,4,0.805534,0.888990,0.922059
455ab4c1-3576-441b-88d0-4aa4c3807e32,shot_noise,s5,2,0.866866,0.928623,0.929568
455ce648-1fd5-427c-97c4-9c6a59578c80,clean,s4,2,0.919866,0.957641,0.972885
45653e20-2155-4960-9ab9-8680db33038f,clean,s3,1,0.795457,0.874666,0.977124
4572b0a7-03a5-4d42-b615-15af6480482d,clean,s2,5,0.961883,0.980217,0.998461
4584c0ac-3abc-493f-a846-8d9c279bafe1,shot_noise,s4,1,0.943451,0.970586,0.981677
45903515-b063-4131-ae3b-81bc56870174,fog,s4,2,0.926217,0.961095,0.977120
45992d9b-4046-410f-81eb-1a6748ecc14f,clean,s5,1,0.285316,0.425276,0.476474
459c5e2e-5b14-4feb-91e4-7bf29bcf8e93,shot_noise,s5,0,0.959815,0.979481,0.980199
45a619e7-93f6-4e8f-87ce-8076e0913feb,gaussian_blur,s4,0,0.645979,0.756080,0.903145
45a7ea1d-66e0-4d49-87ed-b857692ecef6,shot_noise,s3,0,0.766016,0.853365,0.963957
45b0210b-18ec-426f-9985-f2a631304068,fog,s5,3,0.862254,0.925072,0.938848
45b23926-5649-4513-9a74-59fff347c35e,gaussian_blur,s5,5,0.784240,0.879055,0.879232
45b3994d-a4c5-4c5d-ac95-87fdd4a644b7,clean,s5,3,0.927488,0.962309,0.964270
45b45cf2-a80c-4fb0-b79a-ef9846b32580,clean,s5,2,0.898551,0.946565,0.946565
45bd73fa-2b33-45cd-9cb9-045a144966b7,clean,s5,4,0.532432,0.694885,0.694885
45cc6ae2-6b5b-4728-ae0d-5cf31d10da49,gaussian_blur,s4,5,0.884108,0.937931,0.947502
45cf7c47-6445-4a3f-bfb1-2ce0f2db583d,clean,s4,5,0.981097,0.990426,0.993892
45febb10-dacf-4a27-826f-e56e252b473f,gaussian_blur,s3,1,0.709661,0.803871,0.964306
460c20dc-12cf-46b6-84c9-57b4ff65662a,gaussian_blur,s3,5,0.697167,0.797884,0.938736
46159c7e-b381-410e-8f5c-b7ec3cd9aef0,gaussian_blur,s5,2,0.458423,0.525464,0.846114
462330e8-9667-4f96-b442-3ca31fbf84da,gaussian_blur,s3,3,0.940600,0.968667,0.992511
462514b2-c99d-4c33-863a-dc6fd9c66ea0,gaussian_blur,s5,5,0.927933,0.962549,0.964511
46340bbe-f8c4-4b0f-b383-3b702eb84393,gaussian_blur,s4,0,0.351096,0.412522,0.702192
4635ead5-17fd-4a9a-8cde-0493ca8cdf76,fog,s5,3,0.849771,0.918699,0.919840
4649cf65-38a2-436b-b924-19547637cc2b,clean,s5,0,0.636918,0.775562,0.789910
464a5fcd-336b-419b-9ff5-6e4e1bfde354,clean,s3,2,0.881606,0.933960,0.984300
46523535-cc72-46bb-b3a0-315edaa55ecd,clean,s3,3,0.407163,0.533500,0.675595
465e96c5-a51a-4bb4-8c0e-fd8b2aec399f,shot_noise,s4,5,0.814831,0.894688,0.929126
465f38fa-af53-4843-a738-333af8499650,shot_noise,s5,4,0.981584,0.990702,0.991216
4665c854-cece-4fc1-a919-352274a0f43f,clean,s5,1,0.739335,0.849082,0.857116
46674b0c-a8bf-461a-bb9f-075ce75a5555,shot_noise,s5,4,0.838163,0.911616,0.915813
4669a39e-4759-40ea-8f19-b021ba2f6367,fog,s4,0,0.976919,0.988263,0.993568
466bdc6c-ec3a-42fd-98c0-d8338dbd44bb,fog,s5,4,0.899954,0.947037,0.953120
466cd3c2-14d8-4def-9a43-8ce6607b2b21,fog,s3,4,0.924195,0.959343,0.991630
466d6810-cc69-4ae7-b53a-427fdd37e20f,clean,s5,2,0.686236,0.813599,0.815683
467ae077-acb5-40a3-a553-1d6b3ae76c55,gaussian_blur,s4,1,0.448835,0.568694,0.737563
46813468-ef80-4975-9d9e-ae692729250d,fog,s5,1,0.694403,0.817337,0.832267
46927084-46ca-45e8-b588-1384d4718425,clean,s4,3,0.906704,0.950407,0.964427
4697e946-9c27-4baf-853c-bd444c963ee1,gaussian_blur,s5,3,0.919513,0.957878,0.962602
469b2af6-60e3-4e94-b011-bfda87dec0cc,shot_noise,s3,0,0.407163,0.533500,0.675595
469f412d-d7bf-49ef-8c16-bf91f36f4abd,clean,s5,2,0.954778,0.976834,0.978249
46a7a5a0-77eb-4118-9e96-3a4213e95b33,clean,s5,3,0.973546,0.986594,0.986709
46b6f19f-4ee7-4286-9dcf-bf7c5d72bf7f,clean,s4,4,0.951114,0.974815,0.980096
46c38ec6-bfa7-4e28-9a3e-799f4423d02a,shot_noise,s5,3,0.770284,0.869533,0.875639
46e78937-ad47-4bb0-b127-669d8bb62890,gaussian_blur,s4,3,0.564372,0.717923,0.734325
46e803a2-9d3b-477c-97dd-6d48e319de6b,clean,s5,1,0.812736,0.893700,0.924875
46f56b46-3232-4bb5-a281-c3c4fa38e3ae,shot_noise,s5,4,0.739212,0.844647,0.884859
46f60995-34b7-4533-9af5-891167389b7f,shot_noise,s5,5,0.827466,0.905450,0.907049
470488f5-b571-47ca-9c75-635f135a77da,shot_noise,s5,2,0.884745,0.938804,0.939576
471b2c75-b8ca-4b17-9eca-05a55297e9fd,shot_noise,s5,3,0.320139,0.482938,0.489011
472156fe-113d-447c-9fe6-29a11483dc4b,clean,s4,1,0.822005,0.898640,0.938501
473aeef1-08c9-4b56-9f42-ebf72140816a,fog,s5,3,0.664548,0.795844,0.811345
473e55da-dce9-4c82-ac2c-e60aca187f6c,clean,s5,5,0.918751,0.957371,0.964332
474081c5-200b-4846-905f-9d63fa7b1d71,shot_noise,s3,0,0.881606,0.933960,0.984300
47478039-8a1f-4361-af68-cd2481099ec7,gaussian_blur,s5,4,0.915864,0.956077,0.956259
474f5beb-2285-4223-96ed-b96bdf36dff1,shot_noise,s5,5,0.477999,0.622216,0.711945
47583c17-51bf-4198-ae9a-26be1090c801,shot_noise,s5,1,0.834360,0.909030,0.917085
4761a3bd-0317-474e-b01a-55cd0a8ff3a2,fog,s5,0,0.843892,0.915155,0.917485
4765ca80-2734-4228-bfcf-5cc62e332a5b,clean,s4,0,0.976919,0.988263,0.993568
47677a8d-757d-4310-9f17-873920d5b8ed,clean,s5,1,0.810920,0.895540,0.896053
47819e7f-e6e4-4524-b2b7-c4086bfffe88,shot_noise,s5,0,0.790877,0.882411,0.890187
478247ea-69a8-46dc-a09a-a71f73d0ac03,fog,s3,1,0.581919,0.673968,0.925093
47a4e052-de1a-40d1-880e-82ce0af2350e,fog,s4,0,0.945172,0.971344,0.988171
47bd0503-95dd-48f0-aec0-4df71930d590,fog,s4,2,0.581125,0.702294,0.845200
47bf4335-08ab-4dfd-9e02-f2ec849f1539,clean,s5,3,0.790811,0.879526,0.913584
47c21d83-78ab-4b25-95fc-1ff7c0153dc9,clean,s3,1,0.896592,0.943002,0.988903
47c878f9-2180-4e68-b0f3-2d83102d3f33,clean,s4,5,0.945757,0.971680,0.987737
47cf5356-e72f-4662-b03a-90095b21963e,shot_noise,s5,3,0.901459,0.948176,0.948176
47d19d79-4bd1-41af-b252-2ff51e22f2bf,gaussian_blur,s4,1,0.745100,0.844210,0.916349
47d4ff66-7be3-4611-a2c6-3aacd57a8de4,gaussian_blur,s4,5,0.557356,0.681478,0.823440
47e2c25b-57c4-4f7c-999c-ebba3ae76f5f,gaussian_blur,s5,0,0.870114,0.930488,0.931387
47e870bc-0546-4b64-a70d-b060a9b4b27e,shot_noise,s4,2,0.956911,0.977755,0.988149
47eb1c0a-48c8-4d86-8806-9a12faa4f154,shot_noise,s4,3,0.976863,0.988234,0.993550
47edd927-693b-45a6-b9f3-9e2c1e17bcfa,clean,s5,1,0.448357,0.516240,0.831801
47f2cef3-2339-4521-b848-285e67672ced,gaussian_blur,s4,5,0.480498,0.594009,0.784805
4800ec86-728b-4996-a0db-d8a7e2875c29,gaussian_blur,s5,4,0.886052,0.939578,0.939685
480300e5-d1cf-46d6-aeaf-c11c9e467d5e,fog,s5,0,0.543543,0.696278,0.730627
4811731e-058c-463f-bf1b-63e01fbb5646,fog,s5,1,0.877369,0.934195,0.942032
4812183d-a463-4776-97b4-fae5ab37d242,gaussian_blur,s5,0,0.854888,0.921349,0.927099
481aaa49-050d-4849-a572-7c72aac328ad,shot_noise,s5,1,0.637232,0.775810,0.790096
481fa9bf-a477-43c1-a9d9-fdabe75451e7,fog,s3,2,0.794761,0.875246,0.969009
48318f84-363c-473f-ad7f-58ab86f67644,clean,s5,5,0.959815,0.979481,0.980199
4831a135-a868-4e07-bf3a-223b37b37995,shot_noise,s5,1,0.844287,0.915568,0.915589
4831be5c-3e95-4b49-99a8-7cd16d11dbd5,shot_noise,s4,4,0.843126,0.912410,0.943168
48378957-49c4-46a6-a3f3-5d7ec019ffb4,shot_noise,s5,2,0.860813,0.925044,0.927298
4846be2c-b48c-4684-95c2-e347c405115d,shot_noise,s5,2,0.992328,0.996147,0.996848
484b1795-4a4f-4c0a-97bf-fef366f941e0,shot_noise,s4,4,0.924208,0.959842,0.979781
4850c1d9-a163-4ca7-9d44-0400f977c1ce,gaussian_blur,s2,3,0.725568,0.813591,0.987790
4863b600-2371-43db-b60d-2aa94d539640,fog,s4,3,0.958682,0.978779,0.984837
486710cf-6429-4771-bfcb-ec3768aefbc3,gaussian_blur,s4,5,0.827748,0.902714,0.937040
4876f110-ee87-4dfa-b284-2f335abea80c,fog,s5,2,0.581963,0.726361,0.770053
48789525-1273-4555-934e-e6fd74594ddc,clean,s5,4,0.683123,0.805111,0.845712
487a4b7f-e311-496f-938e-5acdf0d63be3,shot_noise,s4,4,0.871664,0.928548,0.971797
4882f972-42f1-4d53-b6e1-acf747571cf8,clean,s5,5,0.435240,0.573291,0.684343
4889efc6-d8be-42af-9177-6975bb15b0d0,clean,s5,3,0.929607,0.963512,0.963718
488dae8f-3216-4798-a47d-e5d2b619a694,gaussian_blur,s3,4,0.562412,0.642506,0.936496
48b2bcf9-a12c-4be3-8283-36e63c7f7579,fog,s4,4,0.912618,0.952975,0.982763
48beab94-b30f-4cee-bc4e-35898e4c075f,fog,s4,2,0.757405,0.857569,0.892776
48c0538b-4c74-4d49-bc3e-fbf55300025e,shot_noise,s4,2,0.921868,0.958528,0.979072
48c40da1-2485-46c6-b910-d760cf068428,clean,s5,3,0.870114,0.930488,0.931387
48cd8777-1471-4025-91ff-a9791900e78e,fog,s4,5,0.503067,0.621649,0.795563
48eb9d7d-0a69-4613-a7c8-658f3833a45a,fog,s4,5,0.819779,0.898878,0.921609
48f1a962-29eb-42aa-b002-610e0675b108,fog,s3,2,0.725577,0.821489,0.950080
48f440c8-264c-4d02-bdc0-69cd13c071d4,shot_noise,s5,2,0.894680,0.944409,0.944480
48f49f2c-db32-4478-b300-c3f768acd844,clean,s5,4,0.913294,0.954455,0.959670
490ced90-ab64-4de1-8645-2459e263f909,fog,s4,0,0.897803,0.944272,0.979845
491adc6a-6fa2-41a4-b244-0e75fc56c683,fog,s4,3,0.540214,0.684105,0.756480
491d35f6-39c8-4725-8761-c0e53f36446d,clean,s3,4,0.632913,0.734074,0.929829
49274099-442b-4576-a99c-29bcd43bfd71,fog,s3,1,0.439047,0.523439,0.792229
492acce8-f272-4e08-8fc0-e3b4251c5977,gaussian_blur,s2,0,0.497553,0.504785,0.986981
4933b1df-cbee-4531-9e06-d8f46ff04e73,shot_noise,s5,5,0.913370,0.954685,0.955591
493b3361-19b6-4d83-aae9-1265a0b2832e,clean,s4,5,0.929510,0.962919,0.978245
49629674-1852-4c9e-8d33-e9b630ba6026,shot_noise,s3,4,0.469371,0.484201,0.938741
496bb774-f550-4c94-be1f-373aa94bfca6,shot_noise,s3,4,0.971916,0.985607,0.996261
49714a1d-d7c7-43ee-b2a0-47aaa2bcbd3b,fog,s4,5,0.737211,0.838602,0.911477
497708fc-44b8-42d7-8c9c-81d74f855f5a,gaussian_blur,s3,3,0.778362,0.862208,0.970885
497a10c6-915e-410c-ba3b-3e3cd0f9022d,fog,s5,1,0.806093,0.889347,0.922379
497e67a7-eb35-49cc-a3ca-fa78de3dbf01,gaussian_blur,s3,0,0.881606,0.933960,0.984300
498a9113-be63-43ae-ae7a-6a35399b4bab,clean,s5,2,0.921603,0.959017,0.963733
49a4e3ac-32e7-4dea-8ea3-f5ca26bf2f94,clean,s5,2,0.948656,0.973620,0.974849
49a93445-f18b-431e-a859-7a64c228770a,clean,s4,4,0.820616,0.895690,0.956885
49b6d568-ac68-4cd0-b9a8-bbb1600bc402,gaussian_blur,s5,1,0.870681,0.930795,0.931963
49bfe9f6-adf6-4b72-8593-f318d45008b2,clean,s4,3,0.838655,0.909635,0.941173
49c0b63e-f1d6-4ee7-8a4e-ba7f1ec80571,clean,s3,5,0.872960,0.929028,0.976469
49e93c2f-e834-4d46-8399-8bd4ebc1a639,fog,s4,5,0.956753,0.977760,0.984117
4a146015-323c-4db3-b523-d0d350336af7,fog,s5,4,0.812452,0.895759,0.903840
4a195c16-cc1f-44e9-8480-e8a5bd5166e6,shot_noise,s5,2,0.962351,0.980813,0.980901
4a1a6f77-ecb2-4893-95e1-450be675d1a2,shot_noise,s5,4,0.859886,0.924034,0.932979
4a1e3d46-ca1e-4664-9b79-4419e3fab6ee,gaussian_blur,s4,1,0.964744,0.981889,0.991249
4a48a1f5-f16c-4069-b88c-29fd36d0b654,shot_noise,s4,3,0.949339,0.973872,0.979349
4a4c3fbd-04d1-42a0-86a8-29df0545697d,fog,s5,5,0.659565,0.793881,0.799640
4a55df3d-edea-4900-981e-0bc6caecb0d4,gaussian_blur,s5,1,0.897136,0.945732,0.946656
4a58b9f4-0c53-440a-a2a0-d46634cdde32,fog,s3,2,0.529201,0.603008,0.916614
4a5fdfce-824f-48f8-9479-4d8d1b16742b,gaussian_blur,s4,0,0.908690,0.950888,0.978072
4a63e49d-d816-4533-8feb-0d843e5c9c80,fog,s5,5,0.760389,0.862879,0.871243
4a72ed29-ada7-4293-b363-4f680a23f827,fog,s5,3,0.819837,0.899883,0.912160
4a86432b-7a47-4626-a3df-a83622127ead,gaussian_blur,s3,0,0.469371,0.484201,0.938741
4a9189f0-2b06-4fc3-b3a0-528ce1ed639a,gaussian_blur,s4,3,0.866556,0.927288,0.945285
4aa66a6e-717e-41c8-9d3d-58f80becad5c,clean,s4,2,0.604761,0.751136,0.764048
4aa75ffd-f853-44ce-9a2c-3d2627858d2a,shot_noise,s4,2,0.940864,0.969143,0.982096
4ab17e58-7f6b-494f-8cb4-91683b245e2b,clean,s4,4,0.704664,0.815583,0.887291
4ab51af2-d049-492a-b711-31e20d474136,gaussian_blur,s5,0,0.454484,0.619961,0.638048
4ac3aba1-cd5f-458e-9bfb-8e2ca67cfaee,gaussian_blur,s4,0,0.835270,0.908364,0.930741
4ac6b56e-a4fa-4d93-8311-72c40a9e1fd4,shot_noise,s3,4,0.822514,0.896394,0.962656
4ad2106f-b020-4cb6-916d-4c5b3de67879,gaussian_blur,s4,5,0.587613,0.715595,0.826926
4aef8005-7e9f-4f96-b54e-9e9112a7c44e,clean,s4,0,0.945172,0.971344,0.988171
4af40e26-4f57-43d0-8472-2035a55d45c3,shot_noise,s4,0,0.823854,0.901769,0.920240
4af7c568-39e0-4691-a93c-b226b2fbe00c,gaussian_blur,s5,4,0.555908,0.714469,0.714955
4afc36a0-bb08-417a-8d25-6379846b4a2e,clean,s5,3,0.713287,0.832113,0.835872
4b0701d4-748c-4a30-b081-d84ab3595fb5,fog,s5,1,0.907851,0.951691,0.951883
4b0f566a-c58f-4193-8b04-7623ebd8eb7d,fog,s2,1,0.957661,0.977933,0.998299
4b0fb8e6-7b5e-44f2-944c-f2ec49f0c786,shot_noise,s3,1,0.620272,0.721643,0.923696
4b104b9c-8ae2-498d-8b6c-e054c186faf5,shot_noise,s4,5,0.778008,0.872357,0.896992
4b136ad4-ea21-4df7-b12e-64dde8b2e2c2,fog,s3,2,0.809641,0.886208,0.970389
4b26e7ce-eb9c-482f-8da9-1e02a8def41d,clean,s4,4,0.516261,0.633955,0.809397
4b2737fb-8eb4-475f-b0e7-4e03cf33a808,fog,s5,0,0.713287,0.832113,0.835872
4b41bdab-78b3-431e-a028-ec23b0045fd6,shot_noise,s3,0,0.776474,0.860805,0.970219
4b4207b3-147b-49f2-ba54-c712bde47fd5,shot_noise,s3,4,0.917978,0.955957,0.986245
4b4681b6-2a2a-44dc-9f64-1b84bfd225ae,shot_noise,s4,3,0.874765,0.930627,0.970280
4b49005f-4ab4-479f-99a2-e6139301055d,gaussian_blur,s4,2,0.953310,0.975882,0.985022
4b68f313-0176-440e-a424-cea258e176fc,fog,s3,5,0.680986,0.779400,0.949940
4b755d52-a9b9-4945-83cf-3101c4e8730a,shot_noise,s5,1,0.599324,0.725900,0.835465
4b7b2894-1e44-44b8-a393-556aa163cb9a,gaussian_blur,s2,1,0.884889,0.935197,0.996523
4b808c4d-7195-41f8-8712-90ef0f580b67,fog,s4,5,0.970423,0.984881,0.992198
4b87b163-fe11-4c3b-9533-c19a13ec2fe2,gaussian_blur,s5,5,0.920047,0.958250,0.960973
4b8f3dae-41e1-4ee8-b3bb-e941d1bf58af,fog,s5,0,0.505525,0.671237,0.672541
4b905bee-bcb8-4f7b-8d14-6e1f9670947f,fog,s5,4,0.895985,0.945117,0.945546
4ba6176b-09ed-4e1a-a02f-41fb0bcafc4a,clean,s5,5,0.321466,0.484502,0.490464
4bab9295-f0c4-4eb6-91c8-646541015388,fog,s4,2,0.686905,0.790414,0.928827
4bb5f283-5db1-436d-a617-0efa51b3a366,clean,s5,0,0.691441,0.814172,0.835895
4bbafbba-639f-4955-a331-a529083d42eb,clean,s3,3,0.469371,0.484201,0.938741
4bbf33df-801b-46bb-b712-fbcdf1c6e331,gaussian_blur,s3,3,0.324807,0.465795,0.536304
4bc7962a-1cdd-4d8a-9d92-296559b5c184,clean,s4,4,0.945053,0.971451,0.982246
4bc9f0e9-17c0-486a-8c54-bf835d1446b6,gaussian_blur,s5,5,0.878728,0.934965,0.942907
4bd06313-d273-4d1d-aff6-8188d473c7b0,fog,s5,0,0.898551,0.946565,0.946565
4bd316aa-3182-4771-ace4-8c92f8657aa7,shot_noise,s4,1,0.910726,0.952062,0.978643
4bd64fa7-becf-4d02-b34f-1c4471bf1a75,shot_noise,s4,1,0.759794,0.861269,0.879604
4bd67a38-7940-4536-92d2-e0db62157e1b,gaussian_blur,s5,5,0.562130,0.717385,0.727877
4be4c19b-3046-4074-90a8-5d2fe6bada75,gaussian_blur,s4,1,0.660310,0.786318,0.837936
4beb8d84-8cbe-491e-9b16-17ebacdac32d,shot_noise,s5,0,0.973973,0.986811,0.987083
4bee3cda-8369-4ac9-ad07-764f084617cb,shot_noise,s5,2,0.882638,0.937191,0.945141
4bf54da9-ca12-46ef-8c6e-728899e18d50,clean,s5,0,0.883857,0.938213,0.940533
4c0bb32a-3c83-4e92-b4b5-b44f0b598bef,fog,s3,0,0.913455,0.953409,0.983982
4c352d2a-600a-446b-9d54-0810a1c5d29a,gaussian_blur,s3,4,0.718419,0.811588,0.966444
4c3cc8f8-2349-46c1-88ff-c2ad3feaefaf,gaussian_blur,s4,4,0.868779,0.928028,0.954160
4c3fed7b-e626-4078-b304-90a87e2bca64,shot_noise,s4,5,0.953675,0.975932,0.991091
4c4e93e2-2460-465f-a81f-9b7e254094b4,clean,s4,1,0.856060,0.921271,0.937408
4c59c464-0374-4bcd-8c60-524e6ad2876f,fog,s5,1,0.655590,0.787484,0.813088
4c600cfd-b455-4855-8e77-3b81438bdd57,fog,s4,3,0.819340,0.898281,0.924485
4c620b99-1cbe-4c14-9e5c-1a25cb21549d,fog,s3,0,0.679463,0.771827,0.972687
4c70fe94-84f1-40e7-9e47-5744b1e145a1,clean,s5,5,0.920932,0.958608,0.964400
4c796245-9e49-4e02-a7f8-6b167426116f,gaussian_blur,s5,1,0.762120,0.864027,0.872186
4c8481bd-aeda-4d73-8a90-47d5a7e4de2d,shot_noise,s5,5,0.936258,0.967052,0.967946
4c84cd8d-1c29-4033-aa44-5466c41e46ab,clean,s4,2,0.516261,0.633955,0.809397
4ca5e22a-c81c-4715-aff4-1b25f9671405,shot_noise,s4,0,0.929510,0.962919,0.978245
4cbb0a01-3299-401c-8f7b-b93405cd4280,gaussian_blur,s5,0,0.883350,0.938056,0.938176
4cca37d1-7219-44e8-a5dd-32ca03701255,fog,s4,2,0.941108,0.969236,0.983467
4cca56cf-bd8f-4ee3-b447-54284aec81c0,shot_noise,s1,0,0.444083,0.470385,0.888165
4cd0afcb-68a2-46e9-8e9f-da5accbcb6b3,clean,s5,3,0.979206,0.989489,0.989931
4cd20508-3f76-4883-98f6-6c1eba892096,gaussian_blur,s5,3,0.823950,0.901053,0.927995
4cd48c03-4048-439b-a5de-87d0b2cfb225,gaussian_blur,s4,0,0.957849,0.978353,0.983893
4ce7bc1a-1367-471d-873e-cb9485759068,clean,s5,0,0.505525,0.671237,0.672541
4cee2468-277c-4f7d-9c78-ef1a945558d3,fog,s5,4,0.687300,0.814054,0.818011
4cf12b0b-6fe6-42dd-872a-961ce5057805,fog,s4,4,0.805967,0.889709,0.918411
4cf4882a-cac3-4f3d-85d8-88f050768f99,clean,s4,5,0.829285,0.902204,0.952411
4d015258-31f5-43bc-9bb2-4e6919846e12,clean,s5,2,0.764145,0.866170,0.867327
4d0a9c57-c040-44a0-9df4-883bae848e9f,clean,s4,5,0.823854,0.901769,0.920240
4d127812-98f3-45f2-abad-79d4f136a4ed,shot_noise,s4,1,0.744851,0.850291,0.877013
4d2001ed-cbf8-4a2d-b008-bdcc92a2377d,fog,s4,3,0.938180,0.967801,0.977512
4d312710-dc10-4fc6-acb7-1ad8d79842b9,fog,s4,5,0.677011,0.797869,0.854565
4d34d545-9170-4cd9-9f89-7f6916d430fb,clean,s5,5,0.543543,0.696278,0.730627
4d3828f7-3a39-449b-8a60-24ef8fcb84f8,gaussian_blur,s4,5,0.974305,0.986954,0.989435
4d564de4-3afb-4f45-8c29-70f6a081b6eb,gaussian_blur,s3,1,0.467583,0.556017,0.820101
4d5a2774-924c-487b-879a-1b032d1720d0,gaussian_blur,s5,2,0.918773,0.957656,0.957929
4d6143a3-13b5-4b6a-8066-73d36273e70a,gaussian_blur,s3,2,0.925782,0.960255,0.991800
4d758cbc-06c4-449f-bba2-9eefb22753b0,shot_noise,s4,1,0.638480,0.768347,0.826880
4d762ba6-24d8-440f-89fe-c8e417f32d73,shot_noise,s3,2,0.965651,0.982260,0.997506
4d799a80-08c1-4834-8382-9d514565462e,gaussian_blur,s5,3,0.933705,0.965711,0.965872
4d7dc369-e70f-4d7e-8638-5b43819cb6d3,shot_noise,s4,0,0.516261,0.633955,0.809397
4d843a33-494a-4eee-b3c2-c408b8b68021,shot_noise,s5,4,0.862681,0.924536,0.949376
4d8ea263-0128-4cdb-98f7-aa29b6387e60,gaussian_blur,s3,3,0.706334,0.802500,0.956483
4d90947c-bbbd-48f9-b4cf-2d173348377f,fog,s5,3,0.833879,0.906936,0.936064
4daadd89-5faa-4590-9f72-6cf7e86057fe,shot_noise,s5,3,0.903279,0.949019,0.952372
4dbec110-a1bc-48b4-84cb-591cd95bbe25,gaussian_blur,s4,3,0.461137,0.525260,0.854363
4dd20c9a-f743-43bf-a378-0f2b6a222593,gaussian_blur,s4,2,0.909972,0.951879,0.973344
4dd64ace-9195-49d8-b177-774abcbb758e,gaussian_blur,s5,2,0.950885,0.974778,0.976678
4ddb90e7-32a9-4839-a255-a1a0be803a19,shot_noise,s4,1,0.420949,0.457082,0.841898
4deeca94-e119-439d-a4f5-c566b9c2309d,fog,s4,0,0.964545,0.981752,0.992967
4dfdacb1-cf3a-435a-b0d4-568a776e158d,clean,s3,2,0.624439,0.745741,0.859520
4e16f33c-1d0d-4de7-80c7-4bd9ab865936,gaussian_blur,s5,3,0.377636,0.519966,0.607133
4e1b65d1-c6b0-41b5-b189-9fed9f8e8ea4,clean,s5,5,0.979206,0.989489,0.989931
4e2d8ccb-09f0-4df5-b882-7c587ec7cddb,fog,s5,0,0.941551,0.969767,0.974149
4e31f85f-4836-42ed-9c07-c5f4c01b9fb4,clean,s4,1,0.957071,0.977927,0.984325
4e5d3d08-b6f7-4f4c-af59-92ddb190425f,shot_noise,s4,0,0.846191,0.912927,0.959888
4e79b02e-8ea9-4c62-b640-fbf24be44079,gaussian_blur,s4,5,0.907162,0.950757,0.962784
4e7ac346-424c-4c46-9ccf-a52e05687080,clean,s5,5,0.940570,0.969358,0.969925
4e87620e-a90b-478c-902f-713bcd3df28c,fog,s4,5,0.611599,0.753840,0.779947
4e8bc367-4e9e-4487-b388-4ad7e3573a64,shot_noise,s5,2,0.617149,0.762459,0.766608
4e8f32c3-9599-4e25-b619-8881c7138b72,fog,s4,1,0.873471,0.930917,0.954842
4e92fcf4-6ec6-4796-929f-3e49cbbd0054,shot_noise,s4,4,0.902983,0.947329,0.981088
4e9d80fa-2129-4e5a-981e-4fcc4be19a91,shot_noise,s4,5,0.913092,0.954149,0.963797
4ea73700-f3da-423e-a766-0388d473938a,clean,s5,4,0.866144,0.928133,0.930203
4eaec846-edc0-4dab-94a7-e59829cebac8,fog,s4,0,0.886228,0.937697,0.971550
4eb3da37-99fc-4995-8269-87ec5681eb92,clean,s4,3,0.919094,0.957026,0.976816
4eb7e4bd-81ad-4758-8311-d958a775bd1c,clean,s4,2,0.766886,0.859801,0.927012
4eed11bb-8fc5-4cbf-92cc-ef660a670212,shot_noise,s4,1,0.956140,0.977280,0.990693
4ef68c24-a61d-4494-8048-3edd42497139,shot_noise,s3,1,0.775344,0.859963,0.969824
4f095413-ce91-4427-ad75-79fa3edf9b1b,clean,s3,3,0.459728,0.479019,0.919455
4f0f84e6-ec43-4fb2-a0d9-831af31c5ff5,shot_noise,s4,0,0.351096,0.412522,0.702192
4f1646f3-8e54-4d60-a218-d0dbe304f08d,shot_noise,s5,3,0.938531,0.968244,0.969774
4f2fa150-71f8-470d-8f0b-670e0eb14f7c,clean,s4,2,0.835270,0.908364,0.930741
4f407870-5412-4f56-b5e8-52195cff5274,shot_noise,s4,5,0.861848,0.923008,0.962043
4f468afd-a0e1-4564-90e7-450e4bb940be,gaussian_blur,s4,2,0.557931,0.675427,0.842010
4f48c11e-0626-4aa0-a3a8-d6d07757b6e3,fog,s5,5,0.292016,0.447613,0.460032
4f4e55a2-6a22-44bd-ac2b-c6ea9b46ede9,gaussian_blur,s4,4,0.366173,0.422748,0.732347
4f4ed8fc-53f6-46a5-ad74-f234fe7263d8,clean,s3,0,0.907010,0.949421,0.987159
4f5352be-1a63-4bc7-b2b8-4611608c26a0,fog,s5,1,0.952010,0.975377,0.976958
4f5c3fde-2225-4680-b7ba-b2b16bb7ef10,shot_noise,s4,5,0.728005,0.835559,0.885387
4f5dca68-8ea2-428b-91a6-ad15e4e1f813,fog,s5,3,0.853462,0.920114,0.931259
4f63ccb7-e1fc-4327-b297-f55943b5180c,shot_noise,s4,0,0.979257,0.989477,0.993552
4f65debc-b74e-4c83-a638-1eaf0bf2f7bf,gaussian_blur,s5,4,0.651083,0.783864,0.810928
4f8c63ab-88ea-4a48-9098-993b1252cab1,gaussian_blur,s5,2,0.469584,0.638939,0.639435
4f8e025d-bb9a-4792-9788-c45d43084d7d,gaussian_blur,s5,4,0.704527,0.826187,0.829339
4faae5e1-4927-4a4c-a538-53dfee540e45,fog,s4,5,0.793832,0.878898,0.936016
4fadddae-afe0-4f94-b6dd-890fb1779a75,clean,s4,4,0.829285,0.902204,0.952411
4fc46a93-f0aa-4b93-b061-d3fb2ec1b40a,gaussian_blur,s5,3,0.715220,0.832652,0.841836
4fc6a63e-2634-4117-b91c-ce730b464a70,gaussian_blur,s5,1,0.972658,0.986132,0.986699
4fc7af6a-fd4f-400c-b433-dbb6a7e64659,shot_noise,s4,2,0.961389,0.980075,0.992354
4fc87b93-568d-4e66-9d12-759f2bcb81d9,fog,s4,0,0.982135,0.990957,0.994327
4fc964cd-9f67-4427-bd52-47a36c5a7f83,gaussian_blur,s4,0,0.795783,0.879454,0.942905
4fd49d0e-e5f6-4088-8450-9fc863d4cb93,fog,s2,5,0.516095,0.575100,0.929637
4fd62b3d-497c-4f44-bbf2-52ae067db1ef,gaussian_blur,s5,0,0.858853,0.923035,0.937483
4fd71b92-4064-4a86-8e4c-f116ca3858e8,clean,s3,1,0.922869,0.958580,0.991450
4fdd5ad6-902a-4e4d-a735-76c88d66df86,fog,s4,5,0.897797,0.945085,0.965470
4ff8d920-3cd4-4285-9a56-82ef42eb1252,clean,s4,2,0.533584,0.616057,0.903728
4ffe71fd-0df8-4289-adbf-63ad67dd0523,fog,s2,5,0.411368,0.488334,0.767824
500102f1-cee0-484f-b406-254d63a6c145,gaussian_blur,s4,5,0.903849,0.948722,0.964592
501f095c-0523-40cc-8b99-f45d670ecd52,shot_noise,s3,2,0.466533,0.579737,0.770683
5023ac51-c402-49fe-a8f1-d41799e53603,shot_noise,s5,2,0.817537,0.899160,0.904064
5028cacd-a863-4111-98b3-8cb0754ddaf6,clean,s4,1,0.351096,0.412522,0.702192
50613962-f261-4d22-9bc8-0e23b89fe636,fog,s5,5,0.820348,0.899530,0.919012
5074811d-af70-4a99-91c2-994df8d0786d,fog,s5,4,0.747853,0.853759,0.869280
5075292f-6417-41e7-8d69-0d253125e517,fog,s4,0,0.718895,0.827043,0.890923
507e3304-c643-41c2-9763-77a7d2198c85,fog,s3,2,0.438340,0.562343,0.717275
50809a97-2034-4446-a44f-f039b5936d3a,gaussian_blur,s5,1,0.519312,0.683608,0.683637
508942b1-14f3-424a-82c9-25ce335e236f,shot_noise,s4,3,0.961151,0.980035,0.987972
50a0f58b-86ba-4a27-92fe-da7d705450f0,clean,s4,1,0.709289,0.819651,0.886879
50ba482e-9933-4554-9624-2613944502ac,gaussian_blur,s5,4,0.531428,0.694029,0.694032
50ccd9d8-ccb0-46c3-920f-5a1e14de9f6c,shot_noise,s5,1,0.283555,0.422772,0.474841
50d2586a-7f98-43a2-a203-58c3a3100004,shot_noise,s3,3,0.663691,0.771705,0.912395
50f5f198-7030-4502-9487-1653bb627919,shot_noise,s5,1,0.944064,0.971175,0.973042
50f7edf6-60d5-4b76-8919-94ac0c35a4ae,fog,s4,2,0.967946,0.983610,0.989920
51025ca7-9235-4bde-90b5-c1b73b8a406b,gaussian_blur,s4,1,0.862635,0.925362,0.938180
51044165-a8dd-4cbd-b332-d1e2753b80f5,gaussian_blur,s4,4,0.618148,0.746637,0.832624
51157c26-a3d4-4303-94d1-46b414c2b3e3,clean,s4,2,0.956672,0.977739,0.983099
51166d02-bd30-4a59-9fc6-e1851a93224d,gaussian_blur,s3,5,0.867465,0.925042,0.982228
511b15af-8c75-4a53-aeea-f222e4271482,gaussian_blur,s4,3,0.974889,0.987212,0.992997
51259b81-b398-4b05-8c40-c64aeb30fc33,shot_noise,s5,5,0.913065,0.954510,0.955589
51291696-bd51-48c2-8c65-5e7c119901de,shot_noise,s3,4,0.568263,0.649245,0.939835
512feffe-1dca-4e81-a05d-050456345fb6,fog,s4,1,0.919594,0.957486,0.972853
513b1767-9509-4650-8e1d-86af1a7ff7aa,fog,s5,4,0.975679,0.987681,0.988373
5146f5cd-fe2c-47df-b541-a4f35da19c0e,shot_noise,s5,2,0.947181,0.972866,0.973183
514c58bd-bedf-4995-a851-2841437c7108,clean,s5,3,0.815430,0.897896,0.902609
515704c1-b85f-4127-b0af-8b7730abb826,shot_noise,s4,5,0.593575,0.735093,0.782208
515b28da-7de0-4c2e-baf4-7479032c13d3,fog,s4,0,0.979257,0.989477,0.993552
517cb0db-2383-4b00-a746-df10977c6fc6,fog,s4,5,0.977048,0.988359,0.991077
5182e8f0-e2a5-44d7-94e9-739aa97d89b0,shot_noise,s4,3,0.956538,0.977668,0.983077
51891d9b-9327-434e-b361-6fba5e65d7ee,clean,s4,1,0.588930,0.708799,0.852872
51893fe5-9214-431e-94d3-8605093c7ef2,fog,s4,0,0.957849,0.978353,0.983893
5190f560-67c5-4d98-8c24-c4abefa2e51c,gaussian_blur,s3,4,0.760773,0.849219,0.963061
51915bf6-e407-4646-91db-0df3788500f3,fog,s5,0,0.834246,0.909450,0.911664
5195f7f6-6e90-4e4e-a84e-76fba216a6fb,gaussian_blur,s3,5,0.945423,0.971337,0.993191
519a1414-ec8f-4816-bf91-a9a96373e420,clean,s5,0,0.919130,0.957668,0.962421
519d6edf-e363-43ba-8b56-81dc488eb6da,fog,s3,1,0.322601,0.463504,0.533168
51ba41a9-8c54-40ed-9bd9-2cfee6126dd4,clean,s4,2,0.915315,0.955221,0.968398
51bda38b-e34f-45cd-ae6d-56d52a74d7f7,clean,s4,1,0.645979,0.756080,0.903145
51d15a4b-51de-4bac-aecd-d21b1fd89f70,shot_noise,s4,5,0.923181,0.959268,0.979424
51e73dd2-22e8-49c0-a0b2-676efd802782,gaussian_blur,s5,1,0.712645,0.831634,0.835669
51e9a652-3d1f-48d3-bfd2-d302618ad7eb,shot_noise,s2,2,0.554142,0.621104,0.955957
51eddaf7-f00c-4a03-b9ae-2db79e01ab31,gaussian_blur,s5,4,0.282693,0.421512,0.474090
51f477aa-d9f8-45d6-8e7e-ba24c01f7911,fog,s3,2,0.607622,0.731002,0.848581
51fae584-4632-48a9-ac07-08023d916bac,shot_noise,s5,3,0.625507,0.765570,0.786867
5203895e-8bfb-48bf-a730-a742587fa2c2,shot_noise,s3,2,0.831748,0.902570,0.965387
5207c4ba-0e0e-45fa-991f-01213ff4c5ae,fog,s5,0,0.922128,0.959113,0.968619
5225b4b3-337d-4166-b85b-7af9c15818bd,shot_noise,s3,3,0.475911,0.508899,0.921844
522984e5-ca13-46db-bd24-110442dfe27b,fog,s5,0,0.942544,0.970387,0.971604
522d7379-fb66-4b66-ae2b-ed2b424e8071,clean,s5,1,0.973546,0.986594,0.986709
524041a8-0741-4260-9b98-a37fae53b132,shot_noise,s5,1,0.942725,0.970483,0.971694
524af2fb-554e-43ec-88e1-563edf77e320,gaussian_blur,s4,5,0.934711,0.965583,0.985730
5257de64-f0ad-4922-ac81-edf879c157f4,gaussian_blur,s5,1,0.942038,0.970154,0.970169
52755b76-ca7d-428e-97f7-0c234454e7ae,clean,s4,0,0.957384,0.977968,0.990018
527709f9-2190-40da-8316-578f195eeee2,clean,s5,5,0.285316,0.425276,0.476474
527daddb-bf44-445f-84da-1fe2e6494133,shot_noise,s5,4,0.501474,0.667932,0.668107
529020ea-3b34-4c18-885d-1060c7967346,clean,s4,4,0.698787,0.819804,0.838704
52911114-0689-48d0-a128-d221c81c23a9,shot_noise,s5,1,0.356237,0.433252,0.687803
5295c7ea-8baa-4625-8b1f-9fb2cb6d7140,fog,s4,2,0.752793,0.850918,0.912933
5299a2f1-644d-4a5d-bdeb-9dffe4ebc359,fog,s5,4,0.789635,0.878375,0.915989
529bcf9a-4712-4adf-8c18-056e4341919a,gaussian_blur,s4,3,0.384290,0.449829,0.746770
52a4bacf-0072-41f9-abc7-73cb27fde44d,fog,s2,2,0.955870,0.976958,0.998234
52bcb25a-521f-4c4b-b557-c49142cebc42,shot_noise,s5,0,0.913294,0.954455,0.959670
52c46142-a1f7-4e62-8ff2-ad29ee6c5f6d,gaussian_blur,s5,4,0.854857,0.921185,0.928917
52c59937-2d2a-4e12-b7ba-61fe60b9a0b5,fog,s4,0,0.641722,0.772080,0.824267
52c91653-9bee-42c9-a0d3-cb4e1e0ae296,gaussian_blur,s5,0,0.866144,0.928133,0.930203
52d68095-6c58-409f-84f0-810e5ab6fbd9,fog,s5,2,0.709242,0.825310,0.856112
52dcfb11-dbad-447a-8468-5d326e54eb37,clean,s5,0,0.739335,0.849082,0.857116
52e69111-f6dc-4f7d-a80a-46bbc29d7999,shot_noise,s5,2,0.720613,0.837530,0.838200
52ec30b3-de63-4601-a4d8-017f60c34a8a,clean,s5,2,0.953872,0.976350,0.978131
53073196-60cc-4a61-a2b9-c3c3053b3502,shot_noise,s4,5,0.963287,0.981162,0.988644
5318f351-2bb2-47e2-a722-a84f612f158a,fog,s4,1,0.835858,0.906321,0.956175
53199591-317e-4064-b867-39780d488ff0,shot_noise,s5,2,0.943925,0.971133,0.971874
531d2198-35af-4d5a-81d2-4027e8646975,fog,s5,5,0.878952,0.935450,0.937532
5326ac01-ad9a-4869-a945-77b1840075b3,clean,s4,5,0.945053,0.971451,0.982246
5329fa3d-f510-4082-afde-4440ca824625,gaussian_blur,s5,2,0.660573,0.779658,0.867934
53354519-c3fa-433a-aa3d-d1808b20e3a7,clean,s4,5,0.513689,0.612761,0.849067
533ee4dc-8274-4cfd-a5e9-1b9d96f95727,clean,s3,4,0.907010,0.949421,0.987159
5342b5d4-d5ac-4677-b638-70f44c6c03a3,gaussian_blur,s4,2,0.830643,0.905475,0.928784
535a063d-2f9b-4d92-9e1c-892a2c54e6ce,clean,s5,5,0.815430,0.897896,0.902609
53610f08-f078-4513-b4fb-2e8c5cfb2ec0,gaussian_blur,s4,1,0.555459,0.709565,0.730187
5364b50e-61c1-4081-bf3d-a8c6f54ab570,gaussian_blur,s4,4,0.553676,0.689283,0.788192
53654df7-0c65-4619-a430-7f38834fd5f8,shot_noise,s5,0,0.714717,0.833040,0.837141
5366b8aa-4f65-4806-8145-b7aa975fbc7b,fog,s5,4,0.375578,0.541721,0.555547
5379dcdc-2041-4cd4-b04f-4293d2a34ae1,gaussian_blur,s5,1,0.800420,0.889127,0.889333
5383f005-6ec6-450a-8337-4e5ab83a84db,clean,s5,2,0.739335,0.849082,0.857116
538552bb-4918-4347-bea5-6de40867444e,shot_noise,s5,0,0.941551,0.969767,0.974149
538c1030-62ee-4a7a-a2fb-dd6fad3897d2,shot_noise,s4,4,0.649022,0.777751,0.829493
539f599a-c2c0-4eb0-a63e-d8ea73c16178,gaussian_blur,s4,2,0.954470,0.976491,0.985792
539fb2ed-1f3d-43f4-a7a8-da9e95e1340c,clean,s3,4,0.914192,0.953737,0.986197
53a68708-754d-4508-af86-4853c2682742,shot_noise,s4,0,0.820616,0.895690,0.956885
53c00dc3-42d3-4386-830d-48dec4a38524,shot_noise,s5,3,0.956920,0.977985,0.977994
53c3f329-3f81-4e70-805e-21a89371beef,clean,s5,3,0.926334,0.961664,0.964231
53f003d4-ae3b-476e-b832-ae22f3913474,clean,s4,1,0.743487,0.851235,0.863888
54055c07-0539-4940-8643-483753b22958,shot_noise,s5,0,0.921603,0.959017,0.963733
540d7945-c12f-4c24-97be-ec0dc121f179,clean,s5,2,0.630244,0.766341,0.802501
541b14d1-0b8d-4a34-a955-6dd5e8685d05,shot_noise,s5,4,0.857682,0.922783,0.931245
54288835-4b51-4e30-8810-91742c66c915,gaussian_blur,s5,0,0.594069,0.720878,0.833022
54288c41-bb9c-4d33-8a75-f8bc5d007908,fog,s4,1,0.560086,0.698240,0.783568
542e3cbe-fdf6-4265-b77f-495f73a87aef,fog,s5,1,0.946950,0.972744,0.973057
5437ea77-50d0-4b7f-b7bd-a6fc4e93e3bf,fog,s4,1,0.897401,0.945241,0.958443
543bad9c-2726-4d60-b091-ef548ae08bac,clean,s5,5,0.963299,0.981306,0.981311
543d67b1-7695-40ee-a81e-1360c026ef9d,clean,s5,0,0.810920,0.895540,0.896053
543d933b-d3f4-4b5e-b8cc-7842e26c9bf3,shot_noise,s4,3,0.598452,0.727886,0.825605
5445a6d1-bac7-4ee5-8f52-30164d65447a,fog,s4,0,0.945053,0.971451,0.982246
54468b74-7f34-4a3c-86b1-3428936f4853,fog,s5,4,0.712678,0.832170,0.832645
544ab529-8ea3-4e4c-8003-301d85cc07ac,gaussian_blur,s3,4,0.651242,0.752073,0.936888
544d3ec3-299c-47fc-aaea-7c0784cddf23,gaussian_blur,s4,3,0.628500,0.738731,0.898738
544f454f-6f8c-4ec1-8e46-470a688eb281,shot_noise,s5,2,0.819015,0.899814,0.907392
54520aa3-9332-4f57-a7a4-7742e387d56b,fog,s4,5,0.692624,0.808670,0.869269
545cd5c1-b916-46d2-9d92-852f2796473e,fog,s5,3,0.551102,0.710589,0.710613
5460a5a9-9711-47a9-836c-c5f83340e6b7,fog,s3,5,0.866499,0.924589,0.980006
54688e9f-9013-4e98-8432-e114f76f428a,gaussian_blur,s3,0,0.490402,0.602415,0.798087
5479245c-2f23-405a-9031-c499acfaf2c6,fog,s3,0,0.881606,0.933960,0.984300
54863e4f-154f-4a6b-8402-955aa2c70482,shot_noise,s5,0,0.549854,0.700413,0.740075
5488eb52-cccc-4e6b-b347-9e271fcf578a,clean,s4,4,0.952141,0.975125,0.989904
548db509-ee49-4951-89ab-f669a7cc6129,gaussian_blur,s5,0,0.921603,0.959017,0.963733
548fc84e-0a6c-43ef-a7c6-6776915af294,fog,s4,4,0.533031,0.656047,0.809792
5494e051-0271-4611-b812-22ac1991f1a0,fog,s4,5,0.590677,0.702537,0.877605
5498b43b-238d-46dd-bd62-75288dc0f81c,clean,s3,3,0.697593,0.798074,0.939662
549afb34-b58f-42de-a6a3-e157fdbe987c,clean,s4,4,0.974086,0.986840,0.989328
54a38f3a-07ff-4bc9-b597-863cd265b122,shot_noise,s5,0,0.297633,0.453889,0.467600
54a9c4bd-a401-4759-9a06-70eefaf2722f,gaussian_blur,s5,2,0.864177,0.927080,0.927970
54ac090e-5d4d-4645-b08f-64d363626282,fog,s3,5,0.476861,0.590684,0.780373
54b0cc12-24c4-41cb-87f7-bea32405274b,gaussian_blur,s3,2,0.951911,0.974833,0.996416
54b0deab-d265-4b56-9038-c0f753dd7808,shot_noise,s4,5,0.964013,0.981511,0.990635
54b8e089-8acc-4058-977d-7a34ee29e472,shot_noise,s3,0,0.454125,0.536814,0.814133
54e7b379-fb39-416b-9530-367de4c1660b,gaussian_blur,s4,0,0.951114,0.974815,0.980096
54ec43df-7453-4b73-8be3-f8bb34f0caa9,clean,s3,3,0.309516,0.450125,0.513808
55031fc6-2a77-43f5-b1b1-f81a7da11c3d,fog,s4,1,0.941283,0.969563,0.976016
55125699-f19b-488f-8163-b7fad14d246e,gaussian_blur,s4,1,0.635728,0.750936,0.883168
551a4e61-35a5-4411-b158-9d5ec4cafec8,shot_noise,s5,4,0.774860,0.870923,0.890412
552d1d7e-49f1-41ea-979c-a2b0e3ed58db,fog,s5,3,0.862975,0.926445,0.926501
5530e1cf-567d-48fa-888b-62564f735409,fog,s1,5,0.433250,0.479247,0.845227
553ce3b5-1da8-436d-937c-691df75713f8,shot_noise,s4,5,0.704912,0.822330,0.852748
55466941-c717-4fe4-acd3-44cd878bc582,gaussian_blur,s4,0,0.687051,0.793514,0.916128
554b8aba-2f48-45ca-af78-0fbf57084ae0,gaussian_blur,s5,4,0.575964,0.721460,0.764955
5551fc58-7919-4bf3-bc1c-937925cea0b1,fog,s4,3,0.491522,0.610540,0.783744
5552541d-47c9-4855-a04a-7bed250ee15d,gaussian_blur,s5,3,0.874993,0.932917,0.939483
55628a5e-04ee-4df8-b4a1-e0e9854cac01,clean,s5,4,0.448357,0.516240,0.831801
558b4905-dda5-45da-b098-7e92f9588396,fog,s5,2,0.895506,0.944847,0.945335
558c0a7a-bd80-4ca8-b689-472d20f2fbe3,gaussian_blur,s5,5,0.803204,0.890097,0.897835
55a0afcb-8ed9-4fff-97ea-e811aa00d02b,shot_noise,s5,3,0.718548,0.830319,0.871045
55adf336-998b-41a7-a462-415e0a3d58ef,fog,s5,3,0.818402,0.899385,0.907568
55afcce6-553f-4bc6-8a6d-c21bfd3f1a49,clean,s5,4,0.636918,0.775562,0.789910
55ba45b9-5aaf-4c26-84b4-247434ab119a,clean,s4,4,0.946602,0.972263,0.983579
55d67a6c-e3e8-4a88-a48b-0b70b3293b9f,clean,s4,2,0.968203,0.983800,0.986587
55d7b22d-b436-46ab-a618-ef1adc4b0152,gaussian_blur,s4,0,0.906704,0.950407,0.964427
55dcb16f-7a26-4f55-8e2e-c4bf68f295b7,shot_noise,s4,5,0.908910,0.951448,0.969446
55ddfa14-013c-48e6-b7c7-65822e3e464c,clean,s4,4,0.976262,0.987955,0.990784
55df68c8-aec0-4b5a-8a0b-863366aa3391,shot_noise,s4,3,0.849475,0.916992,0.938133
55dfda82-b176-489a-b3c9-fc48d4420ab8,shot_noise,s3,4,0.873061,0.928592,0.983159
55ea526e-e5ac-4073-a9a3-a62821aa35df,gaussian_blur,s4,5,0.837911,0.908059,0.952588
55fcf1d8-77fd-45c7-87bd-1b68d2f05085,gaussian_blur,s3,2,0.759727,0.848404,0.962779
55fd5efc-1f0a-422a-a363-1cf46a0e3f72,shot_noise,s3,5,0.469371,0.484201,0.938741
5603d87f-5e99-4e20-a7a6-a276f16814a6,shot_noise,s4,1,0.876900,0.931935,0.970824
561268ff-06cc-4e7a-962c-aa3551d24624,gaussian_blur,s4,1,0.761746,0.858694,0.907707
5633db4f-f709-4e5b-9c04-3fba27307748,gaussian_blur,s5,3,0.413181,0.578079,0.600571
564312e9-0ea6-40c1-acd5-3c967c48ca4e,shot_noise,s5,1,0.906086,0.950577,0.953808
5678251a-5d3a-4a9b-b87f-8ba11b5ac0d8,fog,s3,4,0.674820,0.771965,0.954402
567ed4d6-8f24-458a-9055-2bd1ebb31fea,fog,s4,4,0.529839,0.670990,0.758577
567f4249-972e-4fe2-99f8-76fcb9b0e5d1,clean,s5,0,0.787276,0.880315,0.886525
5681cc86-fa31-4d53-91e5-c2b1680c5af7,clean,s5,5,0.873856,0.932636,0.933374
568e25ed-4a46-4b70-ae51-821c8f27f8e2,fog,s5,3,0.858341,0.923408,0.928512
56923647-08e1-473b-943a-8709ae470c1f,shot_noise,s5,5,0.646870,0.780947,0.806704
56a08c9e-1aed-4494-a2e2-c46f452adb52,gaussian_blur,s5,2,0.296077,0.451985,0.465816
56af9445-5b85-482f-8d10-77cfa6fe3bbc,gaussian_blur,s3,2,0.679576,0.778136,0.949344
56b302cd-0da5-463b-b5ee-376a787349ea,gaussian_blur,s3,2,0.680748,0.785398,0.924944
56bb171c-d596-48c7-ad84-7870ab5939fe,clean,s5,5,0.372149,0.512515,0.603803
56c22dc4-f920-4389-9a9d-0b3445db824b,shot_noise,s5,3,0.904718,0.949915,0.951187
56c35f22-65e7-44ac-b3a6-25a297d446ae,shot_noise,s5,4,0.896084,0.945194,0.945195
56c8f8d0-2f4e-4c5c-9d82-78521c9da9a3,clean,s3,4,0.896592,0.943002,0.988903
56dd8fa9-b1e9-462a-a5ae-d76d04d9cd65,shot_noise,s3,3,0.941159,0.968977,0.992596
56de37e0-beed-4962-b630-80b08a1d31d4,fog,s3,5,0.880796,0.934019,0.976038
56e12d34-8468-49a6-ad28-2c5110b43851,fog,s4,3,0.776992,0.868030,0.923551
56f0d506-7627-4a75-8e63-783319b176b2,clean,s5,4,0.630244,0.766341,0.802501
56fc2603-6d78-46e6-a488-0f01ca37c64d,fog,s4,3,0.842258,0.911873,0.942768
56fe1b5b-58ab-4387-a054-4c66938ca89f,fog,s2,3,0.487989,0.493922,0.975979
57063595-bc4d-4b4d-a267-372b4f890916,clean,s5,4,0.357914,0.436066,0.688672
57067b25-adbf-47c9-8097-1a047be98017,shot_noise,s5,5,0.798914,0.887596,0.893755
5709e528-8083-4075-8477-701aa60dc837,clean,s3,5,0.907010,0.949421,0.987159
5714d78d-f0ec-403a-8417-3df8521c5488,shot_noise,s2,3,0.833133,0.900296,0.995984
571ed8a5-c248-4ff6-96bd-6016f73f656e,clean,s5,3,0.851225,0.919634,0.919643
57236528-b7a6-460c-8a4a-3f317e2cd3e2,gaussian_blur,s4,1,0.700483,0.816333,0.864864
572c842e-4a5b-4701-be6e-3286c22b9f92,clean,s5,2,0.963299,0.981306,0.981311
572e5296-5262-436a-9c5d-179b1f59713a,gaussian_blur,s4,3,0.418645,0.540431,0.698507
573dde5e-f633-460d-9dbf-c9c8a7fd67d1,shot_noise,s3,1,0.703722,0.798528,0.962949
574fc117-da92-4a57-99ee-796a041e0e1b,gaussian_blur,s4,1,0.801712,0.886229,0.922601
576fd610-7605-432b-9dc8-ba76dd3ac05e,clean,s3,1,0.972016,0.985659,0.996283
578018b2-d93e-4fff-bfcb-cf12349ae8a1,shot_noise,s4,0,0.944368,0.971144,0.979855
57884301-e512-48b6-a47e-5f1678eda1b0,clean,s2,0,0.894110,0.940984,0.996805
57a1d375-ab44-454d-8fba-48dfee908226,clean,s5,0,0.886212,0.939600,0.940891
57a3cc50-0381-43ac-b9f0-d69adaf20ecb,fog,s4,4,0.807991,0.887560,0.949296
57b11975-2f80-4cf4-a2d9-521c967f5ee2,shot_noise,s5,0,0.532432,0.694885,0.694885
57caddd9-6571-4c72-a638-411030b65354,shot_noise,s4,5,0.639393,0.754231,0.885035
57d7e9c2-a522-47b5-b99c-93ffe41ee864,clean,s5,0,0.178730,0.279658,0.336021
57eef3a6-98ec-448e-90fb-7d6264a92506,gaussian_blur,s3,2,0.460127,0.479777,0.919515
57f3afd2-3375-4365-a616-9a75c921856c,clean,s4,1,0.916716,0.955425,0.981755
57f4c8c1-49ac-4e49-8466-8bc36659b4b4,gaussian_blur,s4,3,0.959655,0.979162,0.991403
57f8a53e-f3b2-47b0-bb8d-1b2577e26993,fog,s4,1,0.953787,0.976200,0.982544
580b0b5d-1385-4b4b-a8c0-aa8d3bf2c4bc,fog,s5,1,0.524937,0.684973,0.699572
58108670-2b77-4188-a61f-f5647bd31440,clean,s5,5,0.515769,0.662921,0.732800
584ce259-2eae-403a-a1e4-5e201e76861f,clean,s4,5,0.735292,0.840795,0.889301
5860920c-5a81-4e4c-abc3-65679007b1b1,clean,s5,2,0.297633,0.453889,0.467600
5862e319-153f-4470-9d8c-80b36e3c108c,shot_noise,s4,2,0.904427,0.948371,0.977784
58753063-27be-4239-9b69-864298cc12ea,shot_noise,s5,1,0.512840,0.677600,0.679171
5886d48e-bcf6-4414-8a88-31b27c068d3e,clean,s4,5,0.974086,0.986840,0.989328
5890ebee-4bda-4d0c-9e18-73fd52d49b5c,shot_noise,s3,4,0.922983,0.958646,0.991460
5896899a-e977-4ed3-ace2-6c8b154ef7f7,clean,s5,4,0.691441,0.814172,0.835895
58a51aba-1ded-400d-a568-243cac116cd4,fog,s4,0,0.902726,0.947366,0.977568
58b0aa24-364b-49c6-8684-5fe8666fb7a8,shot_noise,s4,3,0.946506,0.972088,0.987928
58b63573-35f9-483b-a4e7-af479b671c36,clean,s3,3,0.728688,0.820478,0.968805
58d78b0c-3c98-4007-b26d-ebe3cd8257fe,shot_noise,s5,1,0.655305,0.786396,0.816891
58e13a48-e74c-4a77-9a82-ec940a91d0c6,shot_noise,s2,4,0.959669,0.979022,0.998371
58ea00e6-cef4-44ce-9457-a4c7981c5f82,shot_noise,s5,0,0.543543,0.696278,0.730627
58f46f4a-1473-4c4e-a6fc-7785dfef101a,clean,s3,1,0.971599,0.985457,0.995076
58f63a4a-9c40-42ca-93e5-41b0f64607fd,gaussian_blur,s3,4,0.465102,0.489286,0.920042
58f8dc7c-c6b6-4a36-8d20-a8d72c770b05,fog,s4,0,0.741155,0.848882,0.867583
5903f3ba-00fd-46ce-9cca-0627549c3a63,clean,s5,5,0.905823,0.950582,0.950635
59066969-cc84-40de-b6ba-026cd97ffce3,clean,s3,0,0.872960,0.929028,0.976469
591ca14f-c1c2-4c96-8f51-273fe430c3fe,shot_noise,s5,4,0.851963,0.919427,0.927976
5922fe55-8e0e-4a10-aa25-db60f639619c,shot_noise,s5,0,0.945104,0.971758,0.972480
592a1cc3-1d0c-4509-8ba2-38e7cff60d04,gaussian_blur,s3,3,0.908990,0.950674,0.985813
593335c2-f926-44e0-8653-afb53a879136,clean,s5,3,0.596704,0.739134,0.779179
593f39cb-8eb6-4e1b-bf5a-9cde2d2d10ac,fog,s4,3,0.455134,0.601506,0.685909
594a7fe0-da9c-4040-8ada-6fc89de14f90,shot_noise,s5,4,0.856554,0.922240,0.929099
59599fb5-490f-410d-839b-3d825bbdda76,gaussian_blur,s5,3,0.169846,0.264181,0.325968
5959d13b-5591-494f-8f08-f83031f654ea,gaussian_blur,s3,0,0.876253,0.930754,0.981586
59632f6d-543e-4418-9eca-9f3743da71fe,shot_noise,s4,2,0.786002,0.874274,0.927157
59644689-4036-49ff-a0c3-0e0ab25a62e9,fog,s3,3,0.904517,0.948052,0.984768
59760e7a-e58d-4bf3-a606-69562146f500,shot_noise,s4,5,0.969314,0.984376,0.987077
5976ca6b-d9f2-4c7c-9f23-0cf1c4435623,clean,s3,2,0.469371,0.484201,0.938741
597d9e70-73ea-46ae-a3c4-dfca0108f4aa,gaussian_blur,s5,2,0.975845,0.987772,0.988027
5981689c-c30b-4c02-b106-d3832931250a,fog,s2,5,0.722339,0.810618,0.987541
5985ab92-f769-49ca-a487-1e12ffd61481,gaussian_blur,s5,3,0.702415,0.822915,0.838096
5988ce98-b8fb-452f-9757-25688599f758,shot_noise,s3,1,0.941240,0.969022,0.992601
599752a2-1ea2-4dfe-8897-7638646cab4e,fog,s4,1,0.380461,0.540556,0.574395
59978428-3150-49e9-ae4d-a0753ec27615,fog,s4,2,0.745809,0.843950,0.921360
59986a4e-cbdc-4eee-95c2-7f9caef5194f,shot_noise,s4,5,0.959362,0.979157,0.984176
59a1e5c9-6e51-492f-83a2-9ed44a9af94b,gaussian_blur,s5,3,0.904592,0.949748,0.953051
59a5c6d4-5801-4075-8b23-99eebb04b9f1,fog,s4,0,0.625586,0.766000,0.785376
59b7e5e0-4c14-41a8-b45b-eb4904990436,fog,s4,4,0.975765,0.987661,0.993610
59ea46fc-5e59-46e8-82cf-5517852b4f56,fog,s5,3,0.869421,0.929600,0.937957
59ee0428-9e54-453c-8ce9-84ae79fbf26f,fog,s4,3,0.825507,0.901642,0.932597
59ee05d3-f250-496a-ac1a-281abcf0252b,gaussian_blur,s5,3,0.530552,0.680413,0.733550
59ee44ba-268d-432a-a97c-5390c9e98513,clean,s5,2,0.357914,0.436066,0.688672
59f37a24-5ca6-49b7-b746-c00d6f0f48b9,fog,s4,4,0.485258,0.603338,0.779723
59f45da7-e2a6-4fae-8322-cd07bdbd3f08,gaussian_blur,s4,2,0.775826,0.866999,0.924626
59fabe1b-2d41-4eb5-a5d8-9d68440f37e8,clean,s3,3,0.679463,0.771827,0.972687
5a032acb-b12a-4410-8b95-d94029faeeaf,clean,s5,4,0.973546,0.986594,0.986709
5a06bae9-263b-492e-ad00-62c63f3ac05d,clean,s5,1,0.592518,0.743587,0.746235
5a093c85-b4e3-475e-80a7-94ea05335cee,shot_noise,s5,2,0.453529,0.520375,0.840175
5a12bdc0-6fe3-4c47-aa81-edf3a684e20b,shot_noise,s4,4,0.848273,0.916266,0.937531
5a13dc9a-c559-4bd5-9e00-54d6d3db9211,fog,s4,0,0.924109,0.959978,0.975045
5a2265eb-41fe-4fb1-9242-665244625c01,shot_noise,s5,2,0.869557,0.929768,0.936779
5a24eeb1-70dd-471e-9a86-9ff48951f235,clean,s4,1,0.375219,0.535107,0.568443
5a28a602-6f74-468e-acc9-6962737ab273,fog,s3,4,0.581585,0.673115,0.926127
5a335d1c-6a5e-4654-978d-c51a0dca7bdb,gaussian_blur,s5,0,0.790811,0.879526,0.913584
5a371f6d-6761-4f02-80d3-19d225dec63d,shot_noise,s3,0,0.728688,0.820478,0.968805
5a38be44-49c3-4a8f-9549-bfe050f5f3e4,clean,s4,3,0.823854,0.901769,0.920240
5a391751-f78f-4223-83ec-bd13aec1b452,fog,s4,4,0.587904,0.737561,0.751593
5a4e7179-ae73-442f-9d37-75279818ed1b,shot_noise,s5,0,0.944617,0.971430,0.974657
5a57921b-8026-4de2-a11b-9fd7b562f706,gaussian_blur,s5,1,0.991955,0.995958,0.996693
5a5dbb3a-af86-4e48-aaaa-0e03ff3e4e61,fog,s4,4,0.734208,0.838592,0.897190
5a6a62f3-c262-47be-b262-a02c31f0fd95,shot_noise,s2,4,0.886945,0.936498,0.996589
5a74656d-c266-487e-898e-c69bfdb932e6,shot_noise,s4,1,0.955867,0.977314,0.982800
5a791d8b-c481-42ea-bcd7-aab8c50e7b11,fog,s5,1,0.278023,0.428597,0.446435
5a80b783-32b4-41bd-95ce-359fbeec5c4c,clean,s4,5,0.817214,0.893841,0.951909
5a810e46-6254-46cf-8200-ae0506974fd3,clean,s4,4,0.975647,0.987600,0.993612
5a83070a-0e8e-4e0b-9437-2d830720ce83,shot_noise,s5,5,0.505349,0.671369,0.671509
5a84425e-9c5c-4b1f-8bed-f9c462f59306,gaussian_blur,s5,0,0.630244,0.766341,0.802501
5a8e5fb1-7b57-468b-a467-9c9fab2ba195,gaussian_blur,s4,3,0.959942,0.979397,0.987574
5a982255-a828-4cca-95e9-5835ce2966b9,gaussian_blur,s5,5,0.907442,0.951466,0.951665
5a9adfac-695b-4adf-9968-72136d58de07,shot_noise,s3,4,0.674347,0.770008,0.959844
5ac49196-1e0c-4232-9192-1179169c4412,shot_noise,s5,1,0.299385,0.455696,0.470208
5acd288a-9195-41dc-a416-8a2b0b92a706,shot_noise,s5,1,0.846353,0.916277,0.922837
5ad78816-462c-43e5-8274-69bf042249f4,gaussian_blur,s4,4,0.957427,0.978064,0.986751
5adac5b6-6d4f-41ae-994b-e44e74f8841d,gaussian_blur,s5,4,0.938950,0.968476,0.969730
5af998ec-4a16-46bb-bf4a-781d36f0d4b8,gaussian_blur,s3,2,0.659126,0.754770,0.956745
5b127f6b-e86d-4921-9e1f-fe7b1a3ec4a6,shot_noise,s5,3,0.404888,0.543685,0.648090
5b202913-fb92-47e1-bae8-e4de416edcf3,gaussian_blur,s3,1,0.696702,0.797387,0.938980
5b20dec1-e023-428c-994c-d860eed7c2d9,fog,s5,2,0.284084,0.423474,0.475417
5b22ac7b-f35a-47e7-9a24-4e124482bb78,fog,s4,2,0.688938,0.795518,0.915128
5b2ecb52-af6e-4f84-ba68-8e7aec3697db,fog,s5,3,0.586201,0.712710,0.831074
5b324d22-ee0f-4c3d-84f0-5a6cc5903435,fog,s5,4,0.349279,0.421445,0.684144
5b334de5-cdcb-4e32-8480-3c147e922447,gaussian_blur,s5,3,0.645060,0.780331,0.802030
5b354dde-fa94-46d8-9df4-ae330306e81e,clean,s5,2,0.870114,0.930488,0.931387
5b3636cc-e078-43be-adac-3eb96a01d55e,clean,s3,0,0.490402,0.602415,0.798087
5b381c4f-86b4-4635-830d-9f067152edbe,fog,s4,1,0.958908,0.978849,0.987255
5b472b0d-064a-4723-b0e2-81fe5dd487ea,gaussian_blur,s4,3,0.833572,0.906704,0.936342
5b5ca3ca-cf74-4f2b-9e29-aef2a0c0352c,shot_noise,s4,4,0.506183,0.658144,0.713081
5b6cb1c0-2655-4360-b2c7-80a70d3bb623,clean,s5,3,0.543543,0.696278,0.730627
5b782c30-ea86-41e2-9f5a-c9954776377b,clean,s3,5,0.697593,0.798074,0.939662
5b844478-dd9e-42a4-b4fa-710aa7aed9fb,shot_noise,s3,5,0.776958,0.862790,0.959685
5b8e4a05-a8b0-4d85-b3ac-42d5263c21bd,clean,s4,0,0.709233,0.822308,0.872523
5b933454-87ed-4384-af96-53da7a254b2c,fog,s4,0,0.915315,0.955221,0.968398
5b936e18-204e-4bcc-809e-767dd9ee8d7d,fog,s5,1,0.662680,0.796635,0.799520
5b95a47f-f31c-4640-8f24-2ebd988e0f9e,shot_noise,s5,0,0.954778,0.976834,0.978249
5b9d1ce4-ecad-407c-b769-02e9cf4583fb,clean,s4,4,0.932734,0.964437,0.986558
5ba3fb07-8cf9-49f6-9c7e-f9965e714781,gaussian_blur,s5,3,0.977740,0.988739,0.989211
5bb05dbf-09a9-4cdc-9c04-bb5e832be1be,clean,s5,1,0.178730,0.279658,0.336021
5bba5e95-a1a3-4bba-ab65-55185b49fdc1,gaussian_blur,s5,1,0.756058,0.860447,0.865664
5bbda59d-3fce-43cf-b5e7-b0e28b625e61,shot_noise,s4,5,0.966396,0.982797,0.989522
5bc1d3d5-9c49-4606-85a8-66eadb45736a,clean,s5,5,0.683123,0.805111,0.845712
5bc4627c-1c95-488e-a4ac-5539c7289a2f,clean,s4,4,0.906704,0.950407,0.964427
5bcece0e-b6e5-4f23-a3ea-768c4b400e6a,clean,s4,1,0.957849,0.978353,0.983893
5bd6e424-bc5c-4258-8d05-1b16e6018d35,gaussian_blur,s2,1,0.812718,0.885340,0.995621
5be88709-1c20-4b2f-b995-53271b5062bb,shot_noise,s5,1,0.839151,0.910177,0.938869
5bee2a06-f94b-4cfe-aa83-faa0f61eb8cd,clean,s4,0,0.832756,0.907482,0.922424
5bee4197-2708-45dc-bfb1-21f758cc3a74,clean,s5,0,0.515769,0.662921,0.732800
5bf2fa5c-dcbe-4847-9ac2-68772d6466d0,shot_noise,s4,5,0.954048,0.976180,0.989231
5bfaaf76-ce0c-4a4b-abb9-f0859ed2ca83,fog,s4,3,0.875878,0.933307,0.941707
5bfdd167-80f6-4e26-a1eb-0dba69daa793,clean,s3,5,0.726977,0.820849,0.959451
5c0601ad-cad5-4bd5-a0e7-57a7022dafb4,gaussian_blur,s5,3,0.894051,0.944062,0.944064
5c06188c-3534-466f-991c-b04734904eb9,gaussian_blur,s5,5,0.297348,0.453508,0.467333
5c0737bd-a278-4916-a37a-5be1b655265c,fog,s5,0,0.886212,0.939600,0.940891
5c0e7bf4-c5fd-432b-9754-6ecf9395e450,shot_noise,s5,5,0.897130,0.945770,0.945884
5c0ec145-d10e-4226-8f78-486b618746b4,clean,s5,5,0.630244,0.766341,0.802501
5c11bbde-7087-4e7d-b8c2-1f203414eb1f,gaussian_blur,s5,4,0.763609,0.864787,0.874655
5c12ba4b-6a19-4369-8e51-408d89b6e8dd,gaussian_blur,s2,2,0.828555,0.897009,0.995867
5c19f3af-6bcf-48ef-b0ee-3a0ea9e573e7,gaussian_blur,s5,0,0.916095,0.956175,0.957028
5c1b5151-f6df-4d85-ab3b-89e1def624df,clean,s4,0,0.924109,0.959978,0.975045
5c1bfc74-674a-4a49-8d07-2e62685f0aba,gaussian_blur,s5,3,0.795303,0.885544,0.889804
5c2aa2f9-1e42-4bae-9b11-de807010acbf,fog,s5,5,0.744761,0.851285,0.870025
5c32dffc-072e-4c11-ab6a-d0cdd20d9d12,shot_noise,s4,0,0.718895,0.827043,0.890923
5c5bb135-f631-45f4-89aa-acde02515c5f,shot_noise,s4,1,0.737016,0.842076,0.889915
5c69f049-f8c4-4b89-ad68-7c852a3df338,shot_noise,s4,5,0.821934,0.900569,0.919325
5c702b2e-c091-4dd2-b1d4-c1bda660a5da,fog,s5,0,0.828631,0.905935,0.910011
5c803843-0d8b-4b10-98b2-9aeb5cbee8ac,shot_noise,s4,5,0.732309,0.839959,0.879915
5c952a9b-6475-48e5-8706-fcf03fb641ab,clean,s4,3,0.735292,0.840795,0.889301
5c9c26c2-8be5-4fd8-a92a-3c1e755838d6,shot_noise,s5,1,0.919351,0.957788,0.962556
5caa4e4a-91f5-4cb3-8cfc-47819f3657fc,shot_noise,s3,5,0.660257,0.752695,0.967916
5cb96ae1-1baf-4218-ae96-516bfa04d016,gaussian_blur,s4,3,0.525087,0.637578,0.829378
5cba0e1b-e2c2-43c8-8fca-25b409ad23fa,fog,s5,2,0.170510,0.282028,0.304316
5ccf1d2b-abc4-49dd-9896-578a3a6d44c7,shot_noise,s4,0,0.976262,0.987955,0.990784
5cd48f2c-4bd4-4462-a4df-57bf15aa4407,clean,s5,4,0.628609,0.771570,0.773659
5cdd5957-b09f-4e05-b1fc-b9c62bdbaeef,fog,s5,0,0.844187,0.915429,0.916491
5ce1bf32-efbc-4ef7-a2e5-8ff03c80b329,clean,s3,0,0.701834,0.804359,0.929264
5ce4e6e5-ba83-42d9-9e6e-a9ed0070adf2,clean,s3,4,0.795457,0.874666,0.977124
5ce6d791-eee7-4852-812a-74d44b2d195b,shot_noise,s5,5,0.553050,0.712106,0.712576
5cef4504-fb39-4e96-9f9d-79dea63065f5,gaussian_blur,s4,1,0.818310,0.899016,0.910587
5cf4068d-d19b-4a9a-846e-15f1fd2561bb,shot_noise,s5,3,0.286973,0.427578,0.478090
5cfc00e4-bda4-476f-948b-26fa889ff3bf,gaussian_blur,s4,5,0.952403,0.975295,0.988841
5d128e39-8a8b-4d56-850e-e939af90fa7d,gaussian_blur,s3,2,0.837906,0.905445,0.979069
5d197a0d-8fbe-46d6-ac19-fad53c26d4b2,shot_noise,s2,3,0.936633,0.966266,0.997328
5d1dd469-866d-4c60-8e8f-d6f98eecffcc,clean,s4,1,0.957384,0.977968,0.990018
5d22ef5e-4d1e-43c3-8cb4-c0a7ef8663f3,gaussian_blur,s3,4,0.640291,0.741203,0.933339
5d2cf9e4-a9f7-42a8-8857-6cc7c36130d8,clean,s3,1,0.881606,0.933960,0.984300
5d477a36-e575-4897-b0f5-c282459ec7af,fog,s4,4,0.665829,0.774769,0.908738
5d52b92f-a16c-4e36-b494-4df918afb99e,shot_noise,s4,3,0.965589,0.982441,0.985456
5d5c97a4-bd77-467d-b3fb-c533d2d66627,clean,s4,0,0.838655,0.909635,0.941173
5d78c2ed-3bc5-45f4-a34b-062ff60334ae,gaussian_blur,s4,4,0.919810,0.957444,0.976715
5d7ec725-40ef-46fd-bb16-d2628ef984de,shot_noise,s5,0,0.927488,0.962309,0.964270
5d7f5b9d-8b27-4022-82e3-efac65fe887d,clean,s3,3,0.394071,0.444567,0.782816
5d863cd6-5503-4694-8597-7fa6ebb15bbf,fog,s5,5,0.802334,0.889119,0.901232
5d928c9e-fe83-4368-9870-71e7f8e6dd08,fog,s5,5,0.773071,0.871967,0.872379
5d95f310-d88f-4dbd-a11a-34288d948780,fog,s4,4,0.726600,0.834690,0.883781
5da25628-2475-4306-a498-698a4d504119,gaussian_blur,s4,5,0.664522,0.795376,0.813493
5da28546-98cc-46d1-b4ef-ccd7a87d3a1c,clean,s4,3,0.602989,0.741901,0.792741
5da2a195-8d62-41cd-af1f-7410ee5d5359,fog,s4,3,0.959920,0.979480,0.982976
5da2b31a-1a17-4cf3-b1e6-510cc0b6e943,clean,s5,4,0.435240,0.573291,0.684343
5da43810-e5fe-4a05-a13c-0e78d958e180,shot_noise,s3,3,0.905620,0.948755,0.983989
5db64777-458b-466d-a6c8-44613420c439,clean,s4,1,0.982135,0.990957,0.994327
5dc69755-78d2-4166-a950-40e074809cfd,fog,s4,2,0.588380,0.713856,0.835211
5dd266f1-35f7-499b-b14d-66a741e66991,clean,s4,0,0.846191,0.912927,0.959888
5dd374ee-1281-4dd3-84f3-02a44c2d2d84,fog,s4,5,0.962375,0.980764,0.984069
5dd9570d-463d-49c7-b72c-8e9d2bb321d8,fog,s4,2,0.736585,0.845807,0.864573
5ddae1de-6ffb-44e1-826e-a2ec41b87982,gaussian_blur,s5,0,0.713287,0.832113,0.835872
5df3250c-97e0-4a30-886f-ab86ff5c77eb,gaussian_blur,s4,3,0.727318,0.831650,0.904416
5df74977-6973-475d-acf6-d3e4095f9d5a,clean,s5,0,0.372149,0.512515,0.603803
5dfdd119-67ed-4df6-9403-c02ed80b206c,gaussian_blur,s5,0,0.859961,0.924204,0.931365
5e002cd5-0492-437e-bfc0-2512ffeaa312,shot_noise,s4,5,0.977106,0.988369,0.992864
5e04cc54-ff94-43d2-b938-edbc02845c09,fog,s3,4,0.969266,0.984211,0.995899
5e09a2e1-78de-43b1-913d-93abbcae4d55,clean,s4,2,0.826100,0.901652,0.936464
5e21476b-dc2d-4425-8823-b1336f6ba18e,gaussian_blur,s3,3,0.817834,0.892027,0.971680
5e21a074-1ee1-478b-85b7-144c7482cf78,fog,s4,1,0.776804,0.865889,0.937723
5e2ac9b7-2b73-44c9-b01a-1125b7ed5360,shot_noise,s5,0,0.612971,0.756029,0.776542
5e2e0560-1b1a-44e2-b8e7-255519c895a5,shot_noise,s4,4,0.808420,0.892923,0.904699
5e32115b-27c5-4b23-befb-0adc25e633de,fog,s4,2,0.814774,0.896128,0.915325
5e32ee60-70ea-401e-bea8-8cad864e4cb1,fog,s4,2,0.883714,0.937194,0.955365
5e37fe04-9783-4ccb-9214-5a1c5e8b3377,shot_noise,s5,0,0.916095,0.956175,0.957028
5e3f605b-ea28-467d-b65a-cc8b8e24d45d,shot_noise,s5,1,0.592712,0.735818,0.776315
5e42e949-d62e-40fd-b0d2-85b8e4da20b0,shot_noise,s4,2,0.791172,0.876269,0.941150
5e5be5f6-539f-4a08-9076-6ec64a7601c3,gaussian_blur,s4,0,0.375219,0.535107,0.568443
5e66b5b4-06b0-4bc6-a5b2-a212701850e0,shot_noise,s4,0,0.890834,0.941847,0.949472
5e694645-ba03-48ce-80d5-e20607616185,shot_noise,s3,5,0.730924,0.822358,0.969459
5e7a05ea-e4d4-47de-b306-5537d9e445d2,clean,s4,2,0.731817,0.829203,0.938476
5ea14ed5-1925-4015-b198-edead0f2bee2,clean,s5,4,0.717650,0.829710,0.870315
5eae23b0-8713-4432-a167-9a5178a7608d,gaussian_blur,s3,5,0.614958,0.737725,0.852523
5eb147af-e2af-489e-9138-02b185dbc363,fog,s3,3,0.655895,0.756101,0.940175
5eb4b112-5f1f-4469-a5fc-52daa58016f6,shot_noise,s5,0,0.903750,0.949280,0.952637
5eb75727-7c71-4db5-8732-99d57fa5b6ff,clean,s4,3,0.604761,0.751136,0.764048
5ebd5afd-1156-436e-a631-ee82e7165695,gaussian_blur,s5,4,0.826357,0.904918,0.904987
5ecbf817-43fc-488c-897e-bd5d3e7dd6be,shot_noise,s4,5,0.977015,0.988343,0.991083
5ecc8736-92c5-4077-b0a5-b27166fc9cff,shot_noise,s4,5,0.891826,0.940854,0.976069
5ed4cb7e-18e8-4365-9d11-865b2baed2f3,fog,s5,0,0.945124,0.971680,0.975613
5ed76000-2b78-423f-8891-eafff20c2205,clean,s5,2,0.285316,0.425276,0.476474
5edd0f82-1d4f-4704-9bc6-441af623833b,gaussian_blur,s2,0,0.596664,0.676794,0.965808
5ee16615-2c27-4273-8f7a-688aeb4b340a,gaussian_blur,s4,1,0.847527,0.913883,0.959141
5ee83af4-1c4e-4092-9272-99f4dc18eb66,clean,s4,3,0.835270,0.908364,0.930741
5ef8ba62-9ed3-4ad3-b281-40c9a3dd3fa9,gaussian_blur,s5,5,0.829660,0.906664,0.909442
5f00f259-46ed-41ac-bc30-8c24eef9dc36,gaussian_blur,s4,2,0.864513,0.925465,0.952411
5f01cf03-1079-48fd-b34d-61793d7c5986,gaussian_blur,s2,4,0.596843,0.675599,0.969261
5f0d7aa3-1577-4c0d-99ae-449b69b49e39,gaussian_blur,s5,5,0.806825,0.891820,0.904794
5f1fc56f-a98c-472a-b5f5-5ed4a62c5b0c,shot_noise,s5,2,0.675115,0.805531,0.808733
5f202cbf-5902-4527-8982-a859a57c1457,shot_noise,s5,4,0.543704,0.668556,0.812604
5f2af1fd-ce44-4628-a00b-64efe61d48df,fog,s5,3,0.178694,0.292583,0.318225
5f2b83ca-5ab1-4dce-ae79-418266c4261f,gaussian_blur,s5,3,0.888344,0.940570,0.945946
5f30631b-2bcf-4aa7-a7eb-b0771cdd917d,gaussian_blur,s4,0,0.904908,0.949481,0.961938
5f33a723-d634-4bde-8ba9-23d734b53bc9,shot_noise,s4,5,0.544726,0.683768,0.773273
5f3765c5-a127-42a5-82c6-98b987ea40b2,clean,s4,2,0.902726,0.947366,0.977568
5f41356f-7f17-438f-b528-3cd64cf97b18,clean,s3,4,0.776474,0.860805,0.970219
5f448a3d-9cda-4cc5-b6ba-aa31af677094,clean,s4,1,0.785187,0.873752,0.926533
5f47ac80-a5d6-4a9c-8bb1-22fad2dfa366,clean,s5,3,0.686236,0.813599,0.815683
5f4faa25-9ddb-4502-b771-a4c9e16f48f7,fog,s3,3,0.960115,0.979348,0.994373
5f57f796-bd06-404e-8fa9-c066fb82c12d,shot_noise,s4,1,0.805784,0.888803,0.925228
5f580e4c-7c65-460f-969a-fee3592566d7,gaussian_blur,s4,2,0.917624,0.956500,0.969515
5f69b997-5c58-42ae-8b0d-a37bff90f5a9,clean,s4,4,0.900706,0.946316,0.974640
5f76e974-da42-4331-97c4-21bf61fa206a,fog,s5,5,0.439088,0.552504,0.739231
5f7af45a-fbb5-4b35-9125-8f633ce24d49,clean,s4,1,0.968203,0.983800,0.986587
5f84596a-ee46-4c7a-b63e-b3c0c8ecf856,fog,s5,1,0.709317,0.826880,0.847627
5f8e155b-2c43-4aef-a81d-2243aa67ce75,clean,s5,1,0.843892,0.915155,0.917485
5f9a9117-951a-4e56-b31b-33e324b8d437,gaussian_blur,s5,1,0.916155,0.956200,0.957223
5faba693-2aaa-4b43-8efb-2ec322199125,gaussian_blur,s3,2,0.775922,0.860955,0.966384
5fad1d18-8a9f-4bde-b830-fbd82aaadf9f,shot_noise,s5,5,0.893153,0.943537,0.943999
5faed544-0328-4f72-8acf-991e4edc907e,clean,s5,1,0.981296,0.990555,0.991077
5fb205a9-adc9-433d-b9ef-109f66c7c09c,shot_noise,s5,5,0.652407,0.787092,0.801634
5fbb9158-1482-4fbe-8721-179d0c290528,clean,s4,0,0.666197,0.795348,0.820741
5fc4520a-9439-48a1-84c5-c010c0ad9c37,gaussian_blur,s4,4,0.964986,0.982127,0.985205
5fc4d93c-2f61-4008-a6cb-69b80ca46c2d,shot_noise,s4,4,0.836911,0.907152,0.954987
5fd9785c-8780-4e1c-9596-8921bbdc8240,shot_noise,s5,0,0.888450,0.940676,0.945223
5fde55c0-8dc7-4496-87f6-2c3bf768bace,clean,s1,3,0.895039,0.941416,0.999171
5fe1cdbc-5f55-4aaf-b0ae-e1ac397d8681,fog,s5,0,0.553305,0.712322,0.712773
5fe33340-b9a5-41ce-a4d6-f137826d5795,clean,s3,1,0.394071,0.444567,0.782816
5fe502b5-828a-4181-aa5a-ccceea91afc7,shot_noise,s4,5,0.896222,0.944429,0.960432
5ff1a298-c360-4db4-a4f2-d342394c3045,fog,s3,3,0.867603,0.925130,0.982252
5ff1d624-24bb-4a26-b5ed-574492533af9,fog,s5,3,0.909631,0.952669,0.952862
6006dc26-5ca2-4bef-b888-be131cdea1fc,fog,s4,1,0.951523,0.974928,0.984405
600bb628-ec2e-4997-8b77-1c3c0e73b26e,gaussian_blur,s3,0,0.809984,0.886786,0.967726
60134994-3290-4fe4-8fb5-35d089179768,clean,s4,3,0.957384,0.977968,0.990018
60144591-a6f8-414e-b120-77bf80eba6c9,shot_noise,s5,1,0.691655,0.810784,0.854411
601eb598-c89f-4c22-8a1e-3c5c6c355ca4,gaussian_blur,s5,1,0.963864,0.981598,0.981682
602065fd-39ba-4abd-8044-6115ffa48a28,shot_noise,s4,3,0.940860,0.969322,0.976267
60218fd7-b782-4862-98fa-4e9776fbacd8,fog,s5,5,0.706177,0.818400,0.879488
6022b35e-7548-4740-ba71-cb4311ddf945,shot_noise,s4,1,0.475088,0.587539,0.781397
60233776-a607-4dbb-861f-67adcb65f4a0,clean,s3,3,0.837148,0.906146,0.966869
6024dc11-08b1-4287-b6cb-5a9104722291,fog,s4,2,0.912414,0.953905,0.960629
6035ea4b-9b24-4d5f-9b49-91e8fb369811,shot_noise,s2,2,0.933993,0.964766,0.997216
603a46b8-be29-49e1-b4bd-142b28a5af37,gaussian_blur,s5,0,0.920932,0.958608,0.964400
6041d6a2-bfc2-409c-b7a0-58022445c8c4,fog,s5,5,0.419750,0.585418,0.605493
6042d2e9-4e6d-4e24-8cb5-29132437c91e,gaussian_blur,s4,2,0.294892,0.431953,0.496869
604c76bd-e4c0-4980-a4c7-bc1c35ea8ea7,fog,s4,4,0.935746,0.966367,0.979875
604e6807-078c-45e4-9deb-f688208a30ce,gaussian_blur,s5,3,0.825574,0.904331,0.905749
60716407-e1ac-4878-a4bd-1d70af0e1ced,gaussian_blur,s5,1,0.821229,0.901652,0.903755
60780481-c0a6-4137-9109-74808d049677,gaussian_blur,s5,3,0.929744,0.963430,0.968043
6088798a-0f67-41a5-8ab2-7cfadfa5ae0c,shot_noise,s5,2,0.926937,0.962076,0.962270
60a18240-3ede-47b8-a0f7-40cfd68d047c,fog,s4,0,0.981904,0.990829,0.995243
60a91a39-eb06-49cc-bed0-f469ec5d0f02,gaussian_blur,s4,1,0.938002,0.967707,0.977380
60b08721-7d8a-4453-b9a6-c298659549ec,fog,s3,0,0.795457,0.874666,0.977124
60b74d19-c319-4f29-97f0-95d8e03b3244,clean,s4,2,0.817214,0.893841,0.951909
60b86a4c-3372-4ad5-8957-f5a3132b3ee4,shot_noise,s3,2,0.914831,0.954213,0.984101
60bcb558-e574-4a2f-9d01-3de02ddf5c3a,gaussian_blur,s5,3,0.906032,0.950418,0.956384
60c104c6-fde4-4e47-95b4-404e60a7ce2b,shot_noise,s4,2,0.472150,0.617067,0.705099
60ce5ee1-6021-43ad-bc3f-190785bbb7cc,shot_noise,s3,0,0.872960,0.929028,0.976469
60cfb914-528e-4f4c-9926-eddae22ec29f,gaussian_blur,s4,2,0.950048,0.974212,0.981051
60d404c9-6441-4182-925a-76e69f8ac561,gaussian_blur,s4,5,0.760506,0.853731,0.933915
60db372d-0e7f-4953-bd78-a758ddb23c22,gaussian_blur,s5,4,0.950987,0.974794,0.978200
60e2ff71-8fb6-4ed2-bddc-e445c908de3c,gaussian_blur,s3,4,0.697107,0.797747,0.939083
60e8d815-42ca-4218-9261-df587cacd74d,clean,s5,0,0.596704,0.739134,0.779179
60f63737-53cf-44c0-b277-963c971cad86,shot_noise,s5,2,0.944785,0.971556,0.973442
60fb98a5-3431-4e62-a00e-7812de08c895,gaussian_blur,s4,5,0.833543,0.908076,0.921607
611a08cb-838b-4cce-a058-1583cbacadaa,clean,s5,5,0.866144,0.928133,0.930203
611bcff6-ca77-428f-b4c5-5f2339affe09,fog,s5,0,0.728599,0.841314,0.853579
612cd1c1-5cc8-4bf6-ad92-6eff660c6487,shot_noise,s5,5,0.911636,0.953541,0.958823
613a1692-e4cd-4a5f-8b25-03d3506d9323,shot_noise,s4,2,0.783243,0.868632,0.953165
61416318-7c56-441e-81c4-da15cbf0b0fe,fog,s5,4,0.903541,0.949042,0.954901
6141f8d4-32bd-47cf-a1b3-fb1a2a437651,gaussian_blur,s5,1,0.802812,0.889231,0.903184
61471c07-ec04-454f-a3d6-b9f1f5034175,fog,s2,0,0.961883,0.980217,0.998461
6148a09a-0e75-44c6-92c6-e02d9149a646,gaussian_blur,s5,3,0.851969,0.919607,0.925803
615429d6-69d2-49a2-a7e0-f0ec246cd889,clean,s4,1,0.899392,0.945998,0.966163
61544775-5cb3-4a32-ad8e-6a21525bce6a,clean,s5,0,0.854888,0.921349,0.927099
6154956d-a500-4455-8689-15874a38c608,fog,s4,2,0.933707,0.965044,0.984979
616029ac-e028-4856-8b78-48c0bb570740,clean,s4,4,0.832756,0.907482,0.922424
61613341-4ede-409d-9715-f666783c118c,clean,s5,3,0.739335,0.849082,0.857116
6169a414-9a0c-4a5a-b4aa-522f20aa8979,fog,s3,2,0.878891,0.932400,0.982024
616a0af5-34d1-475a-ad1f-7a06f29147b5,gaussian_blur,s4,4,0.980564,0.990140,0.994895
617a5fa5-5770-42af-99a2-06915965ca3b,shot_noise,s2,0,0.894110,0.940984,0.996805
6187d817-86e4-48e4-8756-beb9c2a19860,clean,s2,2,0.497553,0.504785,0.986981
618e56c2-84c9-478f-806b-52499e45ce6d,gaussian_blur,s4,2,0.501311,0.653194,0.710036
61a24e85-393d-487b-a5eb-a30ad69c0240,gaussian_blur,s4,3,0.835139,0.906001,0.954453
61aa522c-72b3-4671-bfa6-aa22aee511ea,fog,s5,3,0.900216,0.947420,0.948777
61beecd3-0e2f-4c9d-bc5e-0b8f567c363f,clean,s4,2,0.838005,0.908099,0.952829
61c3451f-15b4-49ae-afc2-758d80851552,fog,s5,1,0.298341,0.454500,0.468869
61c4123c-c233-41a6-a5a3-22a8f2d99508,shot_noise,s4,3,0.926382,0.961184,0.977237
61e410ca-673a-4b82-83b1-0e521e67ea84,shot_noise,s4,2,0.966550,0.982941,0.985883
61e8009b-b2b8-4be0-9f63-68cb0fce2943,shot_noise,s4,3,0.955872,0.977159,0.989676
61eab390-9d0c-412e-b42e-23836f000f06,gaussian_blur,s4,1,0.980264,0.989997,0.993733
61fcf76c-7833-4665-a446-fd0b19127e2e,fog,s5,0,0.691441,0.814172,0.835895
620a8b2c-8e31-4499-9df4-8133666c5f28,shot_noise,s5,3,0.914237,0.955159,0.956050
62238146-7921-42e3-9e79-b9dcff8d4ce9,fog,s5,1,0.899963,0.947289,0.948475
622400ac-ffe6-414e-8bab-4da07c4453f4,clean,s5,3,0.948656,0.973620,0.974849
622c9c53-fb41-43a6-acab-d1184fee048e,gaussian_blur,s5,5,0.569134,0.725264,0.725947
623ec7a7-5567-4e69-aa52-830500324d02,clean,s4,2,0.957849,0.978353,0.983893
623f2945-ed6b-47a1-9c54-c8e044145888,shot_noise,s5,0,0.782706,0.877273,0.884934
6243f196-fb84-4408-b192-248f8cd74dff,gaussian_blur,s5,4,0.940334,0.969234,0.969776
6266f7c2-3111-4dc1-a0a7-5cbe1a33046a,clean,s4,2,0.664933,0.784163,0.866336
627d8ea9-86db-4e34-b2cf-6488f1fed843,shot_noise,s3,5,0.970387,0.984802,0.996064
628aac40-438b-4945-88d1-e62c976eb7f1,shot_noise,s5,3,0.869098,0.929492,0.936677
628c170b-ad42-4ebc-a4d5-2ce1d28b6132,fog,s5,1,0.890928,0.942318,0.942320
628c4174-f1b6-47bb-adca-7603e26b188a,clean,s5,2,0.532432,0.694885,0.694885
62937ec8-94ef-4b8b-ba7f-daa48914d41e,shot_noise,s4,3,0.710945,0.823581,0.873424
62a0e2c6-595c-4a91-85f7-fcc469cb4c08,gaussian_blur,s5,1,0.674384,0.801091,0.827851
62af2a82-a49e-4483-a529-30cc02ef35b0,shot_noise,s5,4,0.284886,0.424650,0.476102
62bd1364-c550-43d9-8442-5898f2e38cc1,clean,s4,3,0.664933,0.784163,0.866336
62c2cba1-b32b-43df-b551-12ceea5f95d9,fog,s5,5,0.759764,0.862888,0.867835
62c986c7-ce72-4daa-82a4-dc98958cb513,shot_noise,s3,5,0.818286,0.891261,0.981009
62d3024b-44cd-4e67-8a18-cb7532039b84,fog,s4,5,0.848292,0.914163,0.961682
62db4e84-c4b5-4765-952c-eb4d85523cee,shot_noise,s4,5,0.879674,0.934271,0.962080
62dc1e73-2fd6-4e7e-923e-80bfc8a248cf,clean,s3,5,0.881606,0.933960,0.984300
62dcdc72-a7f7-4645-b945-e7e4faf9cebd,fog,s5,0,0.948805,0.973722,0.974029
62e49c62-c05f-48c0-8fa7-a5502063542c,shot_noise,s4,0,0.645979,0.756080,0.903145
62ead338-48b4-43c7-8c87-275462989ae2,clean,s5,3,0.357914,0.436066,0.688672
6309e01a-0b6b-441a-b6d3-c6e7c8a95caa,clean,s3,4,0.725380,0.818176,0.965453
63136dc7-8a5a-41c2-8488-247994f61ff9,fog,s5,3,0.939971,0.969029,0.969970
6318888e-40f3-4af7-add9-636a2802a0e0,clean,s4,4,0.731817,0.829203,0.938476
632afc51-b74c-4c2e-b657-3a40e95cdf66,shot_noise,s5,1,0.712006,0.831282,0.834731
6333f633-7326-467a-a7ff-1678e041a6cc,shot_noise,s4,5,0.925037,0.960495,0.975328
63355de7-065c-4c98-aec0-d8be5e31b963,fog,s4,5,0.898267,0.946015,0.953664
633f1ae9-3163-4267-8c28-d19530db5e5c,shot_noise,s2,5,0.893518,0.940612,0.996855
634d794c-5c35-4241-af9d-6116c1d5eb51,clean,s4,0,0.735292,0.840795,0.889301
63535864-9dc5-40a0-af97-4388ae50a348,clean,s5,2,0.893904,0.943976,0.944064
63601fde-8bdc-40d6-adff-ad0d87696204,clean,s2,1,0.497553,0.504785,0.986981
63655dca-7bf3-4f29-96ae-f0da691e5834,gaussian_blur,s5,1,0.295252,0.451172,0.464512
638d2ae0-0413-49bb-b6ea-a8774e65a4e7,shot_noise,s4,2,0.958218,0.978393,0.991173
638d9bd1-a9da-4281-ae67-a4700453c83d,clean,s5,1,0.749016,0.855792,0.861411
639124c6-0db7-4079-903a-ee59c9968a57,shot_noise,s5,2,0.763275,0.865166,0.870059
63a14ab6-608c-4b77-aacf-1e5585ca83b3,gaussian_blur,s3,4,0.820616,0.893976,0.972160
63a27b00-e7ac-4649-a373-59834c494f7a,shot_noise,s4,4,0.732042,0.842758,0.861420
63c246c2-0499-42d5-8d3d-b27a05efc080,clean,s5,4,0.768061,0.865402,0.894192
63c2d474-6e9a-47b9-8e87-efe133f60c53,clean,s4,0,0.904908,0.949481,0.961938
63c47ba2-5fa5-407b-a54c-6f71ec4ab4ae,gaussian_blur,s4,3,0.924838,0.960406,0.974741
63c848a9-b4ee-4ebd-ba72-b625e5f52e8b,fog,s3,4,0.783193,0.865783,0.972544
63d08013-7bbc-4e8d-8a4f-f335a12991e2,shot_noise,s5,5,0.571394,0.715931,0.767072
63ded7cb-25de-4eb6-9d88-738e5de54a4c,gaussian_blur,s4,1,0.982552,0.991162,0.995423
63efb0c8-f193-48d2-89ac-70500204245b,clean,s2,2,0.831869,0.899394,0.995941
63fa154f-9a3f-4291-a495-6cc3eceba9f7,shot_noise,s5,2,0.858124,0.921778,0.947520
63feffa5-f90c-4090-8bf7-4c19df4a655d,fog,s5,2,0.910407,0.953095,0.953280
64098d1e-0fa9-4fa9-a965-160a841b9e2d,clean,s4,2,0.919094,0.957026,0.976816
640fa194-99ff-445c-9f75-fbdb188f1b72,gaussian_blur,s4,0,0.939726,0.968524,0.981701
641e3f82-b32a-4d37-ad4c-5a28bd8fa607,fog,s3,1,0.789970,0.874453,0.948054
6429f012-4c8d-4827-b471-396b7926d2b3,clean,s5,3,0.883857,0.938213,0.940533
642dfcb8-7a93-44b7-bb68-c39689b0fcd8,shot_noise,s5,3,0.837139,0.911348,0.911387
643d6227-ddb3-46ab-b8b5-3582c380ac57,gaussian_blur,s4,2,0.964346,0.981793,0.984917
6445ca9e-0df4-4e20-b459-46dd63fee105,clean,s5,0,0.675384,0.806244,0.806246
6448e2ef-e268-44d6-a413-1938a49313a4,clean,s4,3,0.601270,0.732412,0.820427
6456325f-d507-436d-8cbe-7989b71cb614,fog,s5,2,0.929809,0.963560,0.965483
6458f66d-032f-41a4-9189-cb0a3f6f6673,shot_noise,s5,3,0.932978,0.965295,0.966252
64594b13-1134-43e6-bdb1-fbb3da1ec37f,gaussian_blur,s3,0,0.697593,0.798074,0.939662
647fa305-e809-46d9-a88a-e5c481b089d0,fog,s3,5,0.469371,0.484201,0.938741
64803d5e-50d7-435e-ae6c-31363633f0a8,clean,s3,1,0.679463,0.771827,0.972687
649a2e13-a679-475b-9b58-2ca43233c8e0,gaussian_blur,s5,3,0.897629,0.945972,0.947557
64b32484-b2a2-4959-89f3-a8f7403e84bb,shot_noise,s3,2,0.576559,0.658853,0.944112
64bf0d37-4cd6-4417-9c4e-25d79bb8f4c7,shot_noise,s5,5,0.685789,0.813258,0.815503
64bfc821-cccb-4ecd-a814-698420c21ae7,shot_noise,s4,1,0.722174,0.831742,0.879897
64c57802-ce31-4790-ba7c-157ce5117c6c,fog,s4,3,0.825354,0.902312,0.924905
64d4c21a-8e01-4cec-bba9-9e842e794a9a,clean,s4,4,0.919866,0.957641,0.972885
64e124e4-0dc5-405a-8b79-f5c808376d1f,fog,s5,1,0.838484,0.911375,0.920864
64e27687-fa3c-4863-92b9-6f051a3fc2c5,clean,s5,0,0.592518,0.743587,0.746235
64e6739c-1bdf-4871-9856-3c6b908a9d38,fog,s5,5,0.738324,0.847563,0.861952
64f7cf0a-6096-490c-93bb-6bbb5b3b391e,clean,s4,3,0.957071,0.977927,0.984325
64fc8170-c294-4afe-8c99-f2e1e9a0ae17,clean,s5,5,0.718428,0.833977,0.849205
65088cca-381d-4fce-ba6c-013780e6023a,fog,s5,3,0.442907,0.613800,0.614192
650d610d-935f-48d1-8c9a-6e4dfc8f2e0e,shot_noise,s4,4,0.695084,0.800751,0.917314
650ee3ad-5843-4af2-98bb-85f9ddd169ae,gaussian_blur,s4,0,0.828523,0.903509,0.934330
653e4faa-a02a-4a74-914f-3ed9782c3860,shot_noise,s4,4,0.950591,0.974411,0.984773
6546e190-6a92-4a58-aa1c-1656cf345958,fog,s5,3,0.538995,0.636799,0.875701
65471cb6-7f95-4c1a-aab0-d72c2ae42e47,shot_noise,s5,4,0.561095,0.718787,0.719067
656f0d98-11e2-4dcb-835e-4f5af52780f2,shot_noise,s5,0,0.372149,0.512515,0.603803
65712308-6030-4523-a49c-989c3b8adb91,shot_noise,s3,2,0.834912,0.904035,0.972490
657deeb3-455b-4df0-a1a2-42eb8f87b17f,clean,s5,3,0.178730,0.279658,0.336021
6589b9d3-ebba-4361-a4e9-a8b817579437,fog,s5,3,0.624910,0.768075,0.773851
6595209c-43a5-45a4-8777-480808d29cba,gaussian_blur,s4,1,0.974508,0.987008,0.993377
65972358-e98e-44e2-93de-0e6640a8d0aa,clean,s5,2,0.929607,0.963512,0.963718
65987872-2aea-4618-bb45-6d1afc5eb6e9,shot_noise,s4,3,0.890225,0.940160,0.971424
65a31c44-fd36-4ce9-af04-24f2fec5ba6f,gaussian_blur,s5,4,0.761122,0.863770,0.868693
65a7f2ba-ea9f-4db7-a705-1af9ede3a220,shot_noise,s5,4,0.762349,0.865151,0.865152
65aae2dd-da4a-414b-bfcd-f43d42381772,gaussian_blur,s5,4,0.578245,0.728123,0.749858
65af88ad-2f06-498b-9987-62dff2086247,clean,s4,4,0.826100,0.901652,0.936464
65be5e2f-7f28-4fd6-b81c-d05d9642f851,gaussian_blur,s5,1,0.173889,0.286474,0.309979
65c4f336-fde4-4d3e-b216-d04331cdde48,fog,s2,0,0.600900,0.678857,0.974421
65d190ce-4381-4f99-baf0-05b86cabd6af,shot_noise,s3,1,0.876122,0.930671,0.981574
65ed3aa0-926b-4498-91d3-35d9ee47fc2c,fog,s2,1,0.550775,0.599040,0.987861
65efc25b-b510-4000-9d56-d16c472a760b,gaussian_blur,s4,5,0.570907,0.713271,0.774208
661360cb-f775-4c13-9e08-93f1f01a9902,gaussian_blur,s5,5,0.755243,0.859889,0.865323
6618090b-5505-4a06-8b3e-e48c0ad0e0c1,gaussian_blur,s5,5,0.341149,0.507458,0.511348
661ae62e-feb8-4954-ada9-9b4596416822,shot_noise,s4,0,0.835270,0.908364,0.930741
661e7e60-44de-44e7-900d-2e580373d3f0,clean,s5,4,0.372149,0.512515,0.603803
662ba23e-da16-4352-950c-d87207567d6d,clean,s5,5,0.781770,0.875632,0.892704
664c0333-87ac-4700-8ec5-265b077131ea,clean,s4,0,0.979257,0.989477,0.993552
664eaed5-1542-431f-abd3-4286370061e0,shot_noise,s5,4,0.784326,0.878393,0.885175
6659e86c-f5b3-4b03-bea3-ccaf318f95be,clean,s5,1,0.435240,0.573291,0.684343
665d31fe-a42e-49fe-990d-fa739619bb78,fog,s5,3,0.802104,0.890141,0.890597
66616a0d-1a78-40fa-be19-294b345bc960,shot_noise,s3,2,0.391735,0.454510,0.761728
66652c30-573e-4a37-9027-c02fa8b4c63f,fog,s4,4,0.606170,0.749524,0.775872
668420fa-204b-4d57-b771-3cd7b42aed32,clean,s3,0,0.939408,0.968003,0.992346
668b7ec9-49b7-42c7-8258-ea6de76d7761,shot_noise,s4,1,0.510106,0.661828,0.716282
66982a43-6f88-407b-824e-c555a4959c05,shot_noise,s5,4,0.963376,0.981345,0.981430
669fc2e9-1fce-4bcd-b228-7604794aab6a,clean,s3,4,0.922869,0.958580,0.991450
66ad6fc7-bd2b-4851-ad4b-89d5a39f1515,fog,s3,2,0.852178,0.915536,0.975291
66b02851-d623-4e43-a652-799be2f7f442,shot_noise,s5,5,0.283834,0.423153,0.475129
66cb8912-0c6f-473e-9e16-8d5038483d7b,shot_noise,s4,0,0.513689,0.612761,0.849067
66cc6048-7b00-4548-9945-babd543260e9,shot_noise,s4,4,0.901619,0.947280,0.966940
66d2e3bd-ee97-4f1f-87e2-36d87a33fb2e,shot_noise,s5,4,0.446963,0.569010,0.730987
66dbbad1-2e9e-42db-bad1-586e30e391c7,shot_noise,s3,3,0.951810,0.974779,0.996379
66dcecf9-e226-4a15-91a8-6fb87361da44,shot_noise,s5,2,0.680821,0.796828,0.875453
66df3e8e-bbdf-4c9b-99e6-d128d8edab66,fog,s3,5,0.519884,0.586549,0.920078
66e16759-2638-4c30-96ab-b956c2007ad8,fog,s3,0,0.939408,0.968003,0.992346
66e31b5e-155d-4a3d-9b88-8c84d7491f2e,gaussian_blur,s4,2,0.549179,0.706353,0.717984
66e953b9-24b4-4a0a-a54f-9d942ba726be,gaussian_blur,s4,0,0.885747,0.938870,0.948282
66ea48a3-33a4-44ed-b30e-8e83f5e18157,clean,s3,5,0.407163,0.533500,0.675595
66eb3cc9-be36-4d08-9c36-c949563b03bf,gaussian_blur,s3,3,0.832494,0.902397,0.972053
66f040e9-b1a3-4d3a-844c-0ddb598cdacd,fog,s4,4,0.913136,0.954096,0.965501
66f485ec-9e7a-482b-bf53-044a55234888,clean,s5,3,0.532432,0.694885,0.694885
66f61945-ee33-4f8f-9577-6495793c6b47,gaussian_blur,s4,1,0.707554,0.817881,0.888328
66f64778-da88-474a-be20-aa15d15fda91,fog,s5,3,0.746851,0.852810,0.870523
66fef1ff-4cae-468e-b7b7-8a6e6c9b4f7b,gaussian_blur,s4,2,0.832026,0.903515,0.958033
670d0639-3819-4ee8-83af-cf627d5a9e9e,shot_noise,s4,0,0.899392,0.945998,0.966163
67190f48-28d0-43f7-935a-2f5d53e1209e,shot_noise,s5,5,0.978138,0.988927,0.990885
67240240-eb88-414c-8493-2c386ce6de62,fog,s4,5,0.411654,0.473597,0.791474
6731efce-ac5a-4ba3-84b8-b32fb1d0fe0f,fog,s4,5,0.391048,0.438863,0.782096
6746724f-1fa2-4f60-a7c5-4f6017ea6c8e,shot_noise,s4,5,0.700357,0.820941,0.839609
674820d8-a956-4708-9b79-51561feb8b60,fog,s5,3,0.831358,0.907894,0.908133
675d0241-17dd-4eb4-abc0-48bd5d2a24cc,fog,s4,0,0.479919,0.593171,0.784757
6761733c-d08c-4f49-be2c-847e9defe3c9,gaussian_blur,s4,1,0.760834,0.856699,0.916342
6767c4f5-fa6e-4fdf-90b8-cb9ee7142433,fog,s5,0,0.810920,0.895540,0.896053
677045ab-52b0-4222-8576-4a085c573952,shot_noise,s5,2,0.603598,0.748789,0.768789
677aa3cd-3d26-4d27-8d56-3fbbdab974ea,gaussian_blur,s4,0,0.968203,0.983800,0.986587
67963272-764a-4637-bce9-a03b61b3a976,shot_noise,s5,4,0.943724,0.970994,0.972908
6798f87e-78c0-4100-95ff-3fabac147f38,gaussian_blur,s3,0,0.726977,0.820849,0.959451
67a14a55-cd99-4a7f-a9aa-21aa5ff8a14b,shot_noise,s5,2,0.188431,0.296099,0.346955
67b2f05d-4880-4c60-8b0a-a0bd7a608465,fog,s4,2,0.742104,0.841514,0.917892
67c030e7-eb5a-4996-895b-547e3bd72d8e,fog,s4,5,0.770016,0.865575,0.903485
67da9dda-05dd-4db7-900b-3299a17fe1ba,shot_noise,s4,4,0.881266,0.936286,0.946306
67e761fc-7d19-4b50-9d10-0f04b8e90e85,clean,s4,1,0.867819,0.927982,0.946587
67f0227d-e053-442c-bc07-07ca2c30f601,shot_noise,s5,5,0.409880,0.549170,0.653018
67fda9f3-0471-4009-a0ab-713d21e950bd,fog,s3,4,0.839271,0.906343,0.979558
67fe5250-0092-4bba-a247-02ad85ceaa08,shot_noise,s5,3,0.900366,0.947548,0.948015
680175b4-fd9b-4c02-96bf-08f788d3e49b,clean,s4,3,0.479919,0.593171,0.784757
6802167e-ecff-4dec-984c-6810483eacf6,clean,s5,4,0.828631,0.905935,0.910011
6813d596-4d4c-44a8-bf1d-2a39ee0a8baa,gaussian_blur,s3,2,0.614110,0.736983,0.851963
681a91dc-3693-4e41-903e-ba7fb776be4b,fog,s3,4,0.328970,0.470072,0.542256
681bb0db-32da-4df3-a125-84e223d0aeb2,shot_noise,s4,0,0.886228,0.937697,0.971550
68341d7a-faf1-4764-95cb-21bbdb587129,shot_noise,s3,2,0.609903,0.733438,0.848667
68365a50-9a21-44f8-ba81-2c04471c7a8a,shot_noise,s4,0,0.706977,0.810540,0.922277
683da676-fe66-4fff-89fa-06f8db330e09,shot_noise,s5,4,0.577651,0.721584,0.770757
684cc235-a32f-49d2-ab3f-de2e739feed8,gaussian_blur,s4,2,0.422627,0.462354,0.839285
684f97a3-353d-4171-961b-139e36e1098a,shot_noise,s5,2,0.859020,0.923135,0.937557
6859f1ce-49c3-47ea-84d3-875dfaff5fb3,fog,s3,4,0.862730,0.922345,0.977333
6868434e-779b-409a-abc2-bc05437e79f9,clean,s4,5,0.904908,0.949481,0.961938
6873a976-26f4-4589-b49f-2050f7607d75,shot_noise,s4,2,0.899225,0.945114,0.980197
687ec7e4-2b40-4b18-9841-6af6c910ab6a,shot_noise,s5,4,0.888293,0.940839,0.940901
6883f15e-26ee-49ee-9bec-2458a9bbc5d1,clean,s4,2,0.979257,0.989477,0.993552
6885b02b-926c-47b6-b0c8-a1fa8f824d0a,clean,s4,5,0.766886,0.859801,0.927012
6889245f-cfcf-4118-8c2c-f0796af60151,gaussian_blur,s5,4,0.914867,0.955502,0.956409
6889f16f-8175-4a07-b675-dd6d7e62fbe7,fog,s5,5,0.812153,0.895920,0.900386
688cd981-5f46-4c17-9561-e234dfa306b5,clean,s4,5,0.394990,0.451338,0.775825
688d66db-8787-4d96-ab88-81c5495a8b7b,clean,s5,0,0.763446,0.865283,0.870123
68ae3e11-d612-4121-8c06-7d8ed4d65c14,fog,s5,3,0.534437,0.696187,0.697920
68b3de3e-bd59-4cbd-872e-6a72250cd51a,fog,s4,1,0.737327,0.843847,0.880564
68b95720-19bc-435e-af17-969460c60ba6,clean,s5,2,0.819584,0.900734,0.901989
68bdffe6-3839-4574-9f07-142236abee4d,clean,s4,2,0.974086,0.986840,0.989328
68c20641-8323-46e2-85b2-399b078c08ed,fog,s3,2,0.647746,0.745917,0.944847
68d09e74-990a-4b2d-a0c0-08a171f93309,fog,s4,3,0.576037,0.717461,0.778891
68da1902-cda9-4efd-8d17-8d6b27991716,shot_noise,s4,4,0.928561,0.962463,0.976144
68dd9cc7-c2bc-49e1-b294-840eb95f42bf,gaussian_blur,s4,0,0.706977,0.810540,0.922277
68e8ff1d-5c24-4800-9023-93dc795c854d,fog,s5,2,0.950127,0.974384,0.976058
68f30fbe-df3b-41e8-9abe-fb4cf1f78b21,fog,s4,2,0.861544,0.924523,0.940192
68f3ad8d-f248-44ff-8762-2b3c3607274a,fog,s5,1,0.340690,0.406513,0.679621
68f3bb76-7fc9-45f5-a6a9-9ce57afa413c,fog,s5,1,0.670509,0.795860,0.836560
68f5d8d7-b60c-46eb-9893-84a0e9ac1a18,gaussian_blur,s5,2,0.717663,0.834938,0.839804
691283e7-662e-4d8f-92b2-9c60a61e2d17,shot_noise,s5,2,0.977465,0.988584,0.990363
693b583a-2fcc-4bc5-bd11-1536b768d271,gaussian_blur,s5,2,0.565967,0.718944,0.736675
69434cdb-2fbd-4993-8963-3da19045865e,clean,s2,5,0.727378,0.815265,0.987847
694627b3-63cc-47a7-bbf6-a7ce4d101f39,fog,s4,1,0.891719,0.941555,0.963398
695118d5-d64f-472d-ae42-66820228c71e,clean,s4,3,0.975647,0.987600,0.993612
695b627f-77a3-49bd-be44-ad5c4514dce3,clean,s4,5,0.641722,0.772080,0.824267
6966b240-232a-4c04-ba8e-9de5a04d2db8,clean,s5,5,0.596704,0.739134,0.779179
6974df40-13b8-4a09-8109-e14d18519c29,gaussian_blur,s5,4,0.185000,0.290338,0.343093
6978a8c0-b99d-444c-bafe-fd408f21f7a3,fog,s5,4,0.924862,0.960901,0.962606
6979cd12-1f0d-4008-9776-6157b7f360d8,gaussian_blur,s4,5,0.813540,0.895336,0.914845
698f5b14-6aac-418a-8f21-281a79d83161,shot_noise,s5,1,0.811334,0.893856,0.914544
69aa16e5-f77c-4040-afd4-9040b24cc7cd,gaussian_blur,s4,3,0.937531,0.967174,0.985563
69c0a562-0299-471f-973c-1250d083636e,shot_noise,s4,5,0.460461,0.606398,0.691979
69cc84c4-733b-49a4-978a-e9b39c861b9a,clean,s4,1,0.556665,0.693898,0.784799
69ccdaca-3687-4bf3-8c09-7dc0c3639a50,gaussian_blur,s4,0,0.846191,0.912927,0.959888
69d64c4e-0185-4d28-9c2b-165d0b7b132c,clean,s5,5,0.883857,0.938213,0.940533
69d8081f-ae9d-4651-a970-665e351a7a28,fog,s5,4,0.584559,0.712502,0.825880
69d9176f-d76d-42e5-bb04-ce19863ba6da,shot_noise,s3,1,0.961645,0.980167,0.994624
69e069a9-92fb-4c2c-9c90-b81f6d223466,gaussian_blur,s3,5,0.411876,0.455486,0.818443
69f684ba-ee05-4570-af27-1857bae02128,shot_noise,s5,3,0.870336,0.930306,0.935952
6a3a62ee-5487-41ae-ac9a-987a1bbd17b2,gaussian_blur,s5,4,0.667556,0.796883,0.819134
6a464d46-535b-4ce8-a5dc-d5875fc1cf38,shot_noise,s4,3,0.964932,0.982029,0.989065
6a72f322-bfbf-4d44-a7c5-4000fa787433,fog,s4,3,0.580567,0.732175,0.743802
6a89d43e-b5cf-464d-b847-458e3ddf597c,gaussian_blur,s4,0,0.899392,0.945998,0.966163
6a8a5ecc-2f26-4b05-bfe1-9e1b2d227a2c,shot_noise,s4,4,0.952491,0.975317,0.989888
6a9358ec-44a2-44f7-b9f5-562baa2102ee,shot_noise,s4,1,0.634346,0.766393,0.818544
6ad54a40-a9eb-4960-b68b-fbe5d9162fe1,fog,s5,5,0.253055,0.377917,0.445670
6adca535-2a3f-4c5d-955a-791aaa64e81c,gaussian_blur,s5,0,0.764145,0.866170,0.867327
6ae0430d-0545-4d8a-b5e0-d9e69e55ed67,fog,s5,4,0.802473,0.889792,0.896054
6ae30559-73d2-4e52-a8a2-fd9303557109,clean,s5,0,0.437071,0.549530,0.738698
6aea8a28-5c53-4b29-98f4-af53aa57b04a,fog,s5,1,0.572590,0.721355,0.752821
6afa45e5-7c71-4ab1-bc84-c366143faa43,shot_noise,s3,4,0.386976,0.453905,0.748656
6afce4c8-4dfb-4012-8bac-1f4aaa0f1e24,gaussian_blur,s4,4,0.946163,0.972027,0.983392
6afd243f-2eb5-4e90-bb8c-01677de57071,shot_noise,s5,0,0.913790,0.954907,0.955976
6b1e8956-871f-4af0-bcaf-b1073e25515a,clean,s3,1,0.725380,0.818176,0.965453
6b1fd3c1-0fab-4e80-818f-a88b0f0a1bf5,shot_noise,s3,5,0.966279,0.982656,0.994081
6b244f56-d416-4b5c-b2c1-52b4bf0a7e80,shot_noise,s5,1,0.908991,0.952321,0.952433
6b3b53e3-3cba-4284-bfa3-0a986b9de912,shot_noise,s4,0,0.885747,0.938870,0.948282
6b3ee6f6-696d-425c-8966-729a655bff83,clean,s5,0,0.867460,0.928546,0.935755
6b456069-888a-4ded-8d3c-05a778a8421b,fog,s4,4,0.980262,0.989997,0.993622
6b528b1c-cd7e-463a-b7a3-cb107b8aad5c,clean,s4,4,0.916716,0.955425,0.981755
6b59f33d-a31b-4c15-a6ac-9b6254fe7a8b,gaussian_blur,s4,5,0.838809,0.910471,0.933205
6b724f9c-b96b-426c-8274-972319172645,clean,s4,1,0.625586,0.766000,0.785376
6b7877a7-4015-4c1f-bc07-6712f03a851e,gaussian_blur,s5,0,0.893904,0.943976,0.944064
6b84cb39-3921-486d-a329-731a88c7a00c,gaussian_blur,s4,0,0.886228,0.937697,0.971550
6b8e9545-b8b7-4a77-b98d-f380fa928220,clean,s5,3,0.229735,0.354555,0.403193
6b91eb92-0a70-4f40-b57c-e6b817de7c19,shot_noise,s4,4,0.910135,0.952293,0.966800
6b94ad4b-c968-4008-a1a4-c8b6b6589ee1,clean,s5,4,0.636165,0.772158,0.801643
6ba07bb9-d9b8-4934-ad88-1486538034cf,shot_noise,s4,2,0.980931,0.990340,0.993838
6ba1f171-179d-4885-8c02-0c042c37279e,gaussian_blur,s4,3,0.974171,0.986884,0.989365
6ba992b5-fa07-465e-852e-586f6df6de13,fog,s5,0,0.859961,0.924204,0.931365
6bb40d75-ffeb-4583-a7f1-9c57f15ca0b9,gaussian_blur,s4,1,0.879236,0.933219,0.973451
6bb8772d-2a49-49ca-abfe-71628a04b239,gaussian_blur,s4,0,0.946602,0.972263,0.983579
6bc60d53-a833-4c7e-b9ba-78fe3fc574d6,clean,s5,4,0.859961,0.924204,0.931365
6bccad04-1882-4c50-a002-0c9fb329a5e9,clean,s5,5,0.991724,0.995842,0.996597
6be5b57c-e12c-4c21-8d29-023bf7557f3e,fog,s5,1,0.886584,0.939785,0.941512
6be9fbb2-e07a-41a9-9b09-6d7cc89e0e9a,gaussian_blur,s5,1,0.841643,0.913924,0.915049
6becff25-b6f5-4b74-903d-49acd99ba84d,gaussian_blur,s5,4,0.954261,0.976571,0.977646
6bef5593-8753-4f51-8e1a-8a28826c9b28,shot_noise,s4,0,0.799975,0.884982,0.922708
6c062f7e-bfc5-422c-9c53-27862c01ccff,shot_noise,s4,1,0.510877,0.583545,0.898907
6c0873a5-ad66-4acd-9fc0-a78cb619017b,clean,s5,3,0.714717,0.833040,0.837141
6c106a0e-e842-43a9-8865-3abb9e440bc3,fog,s4,1,0.773788,0.869607,0.894427
6c17c92e-79ba-4415-ad37-79003a30248b,clean,s3,2,0.766016,0.853365,0.963957
6c1fb540-0ce0-4b25-b95a-7b7407ee2b3c,gaussian_blur,s3,4,0.792376,0.875567,0.953237
6c23bb75-7a6a-4d1e-8482-beb7f7781a86,fog,s3,1,0.469371,0.484201,0.938741
6c2d79af-0b67-4cdb-bcc4-6986290c700c,fog,s5,2,0.901868,0.948358,0.949264
6c2f391a-645e-49bf-8280-257e06191593,clean,s4,3,0.698787,0.819804,0.838704
6c38b028-191c-4f2a-8994-702539d2fc98,clean,s4,0,0.835270,0.908364,0.930741
6c46897e-3851-4ebb-9b47-6c0b39bb7975,clean,s5,1,0.926334,0.961664,0.964231
6c4b6d13-fc13-4c5d-9115-d6e8b6785ce6,shot_noise,s4,5,0.950762,0.974518,0.984262
6c4bf8be-6052-4b6b-accc-f3524c41e44d,fog,s5,5,0.339607,0.404601,0.679051
6c546fd7-95e9-4236-90c9-c420efd42f5f,gaussian_blur,s5,4,0.565691,0.714272,0.751787
6c5ae134-3eb0-425c-b560-b5641e04e71b,clean,s4,3,0.793766,0.876318,0.955443
6c616d99-dc5c-426a-9fe4-6555b92e1383,clean,s5,5,0.636918,0.775562,0.789910
6c667b8f-0635-450c-a8c8-a531b9da4a5c,gaussian_blur,s4,0,0.838664,0.910349,0.933504
6c71d910-7225-4424-8a66-910c3e599e58,fog,s1,3,0.877545,0.930301,0.999033
6c7aece6-91f6-4b74-a1dc-4f588b561600,fog,s4,4,0.773907,0.867283,0.912198
6c80ba47-890e-49f4-ba70-9bd658960934,fog,s3,2,0.960937,0.979734,0.997145
6c8643b9-be4f-4bcd-9b50-27de2f4d2307,fog,s5,1,0.824468,0.903621,0.905547
6c8dec14-ab47-483a-9e26-0038451efe19,shot_noise,s5,2,0.907940,0.951744,0.951847
6c94c8cb-1181-4094-9a11-f181f5d8113a,clean,s5,3,0.858853,0.923035,0.937483
6ca8d2e0-f204-4637-85f3-d70ab9ce71c2,fog,s3,5,0.746646,0.837687,0.961296
6caf9693-ee0a-4aa0-b0c4-38b94c229e31,shot_noise,s5,0,0.903780,0.949437,0.949882
6cb723f9-0e70-42db-930d-b2949bcadb17,fog,s5,5,0.701192,0.817662,0.861056
6cb9a8c9-9429-45ee-9988-7b5037ac0a7a,clean,s2,4,0.961883,0.980217,0.998461
6cd0b0ab-7c6b-42af-bdd1-cffabdc610d7,clean,s5,2,0.903780,0.949437,0.949882
6cd574df-5f2d-4e4c-8305-0859914f3384,shot_noise,s4,3,0.803715,0.884693,0.947413
6cdb713e-b1f1-4053-99fe-a229dd8660e9,gaussian_blur,s5,2,0.839108,0.911737,0.921339
6cebc011-8805-45cd-b5a9-df29b5ce1c5a,gaussian_blur,s3,1,0.469371,0.484201,0.938741
6cf42b92-6fc0-4ca0-b19d-b1f9f9ee2759,clean,s5,0,0.903594,0.949069,0.954985
6cf67d09-21a1-405a-b31b-c451a9b60388,gaussian_blur,s4,1,0.939424,0.968187,0.986967
6d04673e-8bc9-4275-88b3-7e79e80f5bf3,shot_noise,s5,3,0.892627,0.943232,0.943894
6d0c90ba-36ca-4472-a3bc-742410e5290e,fog,s5,4,0.834546,0.909044,0.918261
6d0ea6c0-a966-4f01-af23-77a339eacaf3,fog,s3,4,0.439890,0.511456,0.814773
6d174d63-f537-4ba3-ace1-b6b7bf86a65a,fog,s3,2,0.807040,0.884603,0.967866
6d175684-be0c-408b-b62c-02b3d5ee9b41,gaussian_blur,s4,5,0.958102,0.978319,0.991700
6d1ef61c-db7a-418e-a7fc-982b07f93d2b,gaussian_blur,s4,3,0.704576,0.814156,0.894117
6d22a9a0-c58a-449a-9fcb-4b882a2234cf,gaussian_blur,s5,2,0.805549,0.891938,0.895687
6d35fa8a-7618-4ded-8edf-8a93592fd34e,clean,s4,2,0.592838,0.694388,0.907957
6d4603e0-dec4-422c-bcf2-c19997c889e8,shot_noise,s5,2,0.317199,0.479378,0.485945
6d47ef14-fd80-42c0-84c7-dba7f2232037,gaussian_blur,s4,3,0.893121,0.941945,0.971067
6d4b0413-0721-4d9d-9791-5d32a42be11d,fog,s3,3,0.863515,0.922848,0.977456
6d58f0c4-69f2-4888-ac7f-bbe3268a7629,clean,s5,4,0.713287,0.832113,0.835872
6d5be25f-3696-44e8-b57c-4cf4e5a61ddb,gaussian_blur,s4,3,0.782261,0.869611,0.940864
6d5d6795-9ffc-4f2a-9ad1-d44d3bbd8b38,shot_noise,s5,5,0.832986,0.908829,0.909488
6d5ef61c-51bc-44a2-953a-abfae8df3a7f,clean,s4,3,0.709014,0.822409,0.870987
6d74e25c-f967-4b11-a8f8-be1383ec343e,gaussian_blur,s5,1,0.592407,0.743995,0.744214
6d7b864c-8250-4bfb-a702-70ee7149bbc6,gaussian_blur,s5,3,0.749005,0.853853,0.874560
6d7ca389-fc93-4448-ae20-635f756254de,shot_noise,s4,4,0.553756,0.686824,0.795729
6d7f3909-a857-4b05-8c43-4ba99229e6dd,gaussian_blur,s4,4,0.896069,0.943242,0.979435
6d812216-f1fb-496d-8e1a-618ce88289c3,fog,s4,1,0.852778,0.919577,0.932517
6d932407-7a46-42d9-ac66-07fbd094612e,gaussian_blur,s5,4,0.383109,0.527362,0.610306
6d9a708f-158b-4c2e-b3a4-8f95825ff012,shot_noise,s5,3,0.699753,0.823294,0.823721
6da3f24b-a534-454d-8e21-d188b2fb30f1,gaussian_blur,s5,0,0.717650,0.829710,0.870315
6db38f9d-4aaa-43e0-b02f-cee81ef780c9,shot_noise,s4,1,0.924565,0.960253,0.974675
6db4e8a9-b8d5-477f-baf9-628369800e06,clean,s4,2,0.479919,0.593171,0.784757
6dc0bc8d-57de-4b98-b360-71d397b6b3d9,gaussian_blur,s4,2,0.968136,0.983683,0.991579
6dc582c5-6a7a-45b9-b11e-e4e1d0018902,shot_noise,s4,2,0.621530,0.736431,0.881051
6dccd82a-f0ee-4af2-8783-d296ac444e19,clean,s4,4,0.939726,0.968524,0.981701
6def127d-63a1-4491-a9b2-3d141a0d66d8,clean,s3,2,0.965744,0.982309,0.997512
6df9b787-013b-40a7-8aed-3ded104ba7fa,shot_noise,s3,2,0.897742,0.943891,0.985766
6dfa9ceb-06ea-450d-b131-3743193aebdc,shot_noise,s4,2,0.322062,0.474322,0.511733
6e00ba8a-2fad-40aa-9498-e83aa8e0ca74,gaussian_blur,s4,3,0.591359,0.732147,0.784523
6e026e02-0235-4200-aa7a-97a3c6003724,gaussian_blur,s5,3,0.941887,0.970041,0.971186
6e073425-cc28-463f-903c-aab42b222122,fog,s4,3,0.759608,0.854784,0.922596
6e171ff1-e329-49f3-bb92-f6346afc1199,shot_noise,s5,0,0.940570,0.969358,0.969925
6e1e596e-5a5d-4ac1-8eac-ce7f59472e1f,shot_noise,s3,4,0.689985,0.782532,0.973018
6e2e06b7-1047-4663-b76f-3d23879a64d4,shot_noise,s5,2,0.557406,0.715696,0.716224
6e486266-d503-4999-9afb-eb9d1d8070e4,fog,s5,5,0.154995,0.261376,0.277888
6e52e7d4-883b-44a2-82de-2864245da6bb,clean,s5,1,0.844187,0.915429,0.916491
6e5520ad-b1af-4d2e-9f7e-7f6efa2c3816,fog,s5,1,0.285992,0.426166,0.477219
6e6737af-fea7-4ea9-a985-14cba789e4ff,fog,s4,5,0.746627,0.843581,0.927531
6e7875fb-83b3-4bd1-a37a-4bc548df3361,shot_noise,s5,1,0.891938,0.942771,0.944837
6e87975b-610b-4567-afb7-4845a03b3b6b,shot_noise,s4,2,0.698959,0.815394,0.862976
6e9b1f33-06c0-46b8-ad5f-d381c6123f67,clean,s5,4,0.810920,0.895540,0.896053
6ea2d8aa-f8de-4873-9eb5-9be62c9c4704,gaussian_blur,s5,4,0.159038,0.266818,0.284813
6ea54dd2-f7e7-4515-8751-f61c43641e03,clean,s4,4,0.957849,0.978353,0.983893
6eb5f122-4d86-46e0-b9a4-ac70e6ee6ee9,fog,s4,0,0.976262,0.987955,0.990784
6ece57d4-8af1-4a72-9ca7-36b620a97c1d,clean,s3,5,0.949124,0.973304,0.996158
6ed290c6-1e58-4b23-979f-44fdeb6c8a36,gaussian_blur,s4,5,0.849187,0.914813,0.961061
6ee354b8-6303-4c21-af49-e7d37685462c,shot_noise,s5,5,0.759490,0.862166,0.871584
6ee8d201-3a23-407c-983d-10f28596a3f5,gaussian_blur,s5,2,0.433655,0.546158,0.734538
6ef3a167-5002-43a2-9491-3446a7988857,shot_noise,s5,3,0.859040,0.923619,0.931461
6ef3eeee-ff44-404b-be0d-55f31f58e6db,shot_noise,s3,4,0.891079,0.940188,0.979424
6ef8141d-e16d-43a3-8cf5-ce08191a340b,clean,s5,4,0.913790,0.954907,0.955976
6efd8d0d-7d91-404a-afad-f63da0695f39,shot_noise,s5,4,0.808166,0.893865,0.894304
6f11575f-95b2-45e5-9cf3-7428c6b0159b,gaussian_blur,s3,1,0.762565,0.850630,0.963435
6f13d1f0-e29d-439f-97a5-d0e8f87137f1,gaussian_blur,s4,2,0.958167,0.978354,0.991700
6f1954af-cddb-4b56-a08c-d00836826404,gaussian_blur,s2,2,0.630830,0.716970,0.973824
6f2a95a4-c16b-46f1-ba4f-2bc9f22f38fd,clean,s4,5,0.660434,0.785272,0.843109
6f2b449c-4de4-40bd-adfc-e6d697f188d3,clean,s4,5,0.575516,0.728421,0.738505
6f2ef611-689b-4ec8-929c-e275ba9217af,clean,s3,4,0.679463,0.771827,0.972687
6f340df1-7aef-4943-92c3-54c8ae9e076a,clean,s4,3,0.516261,0.633955,0.809397
6f46f28b-6074-48bd-af35-3c938afb37a0,gaussian_blur,s5,4,0.773201,0.872096,0.872096
6f4d6f39-01ba-4da4-a4e5-256bbe90fe4b,shot_noise,s1,2,0.423365,0.458503,0.846731
6f5b87bd-9c98-4eba-a587-3463730f78de,fog,s5,0,0.229735,0.354555,0.403193
6f664713-2397-417d-9f5e-796fe6719dd9,shot_noise,s5,5,0.945918,0.972199,0.972531
6f7aff6d-cbef-436f-b6d7-b5fa20450f59,fog,s4,3,0.930252,0.963515,0.973477
6f8f1506-d36d-450e-9052-707814946bd6,gaussian_blur,s5,3,0.704929,0.826354,0.830252
6f9d1cd3-d41e-4956-8bde-ec106884024c,clean,s4,3,0.883198,0.936875,0.955429
6fb1c886-0444-4303-8bfc-2a76d9e6b2ad,fog,s4,3,0.772725,0.862597,0.938725
6fb79ba9-fe5f-4b4d-b7b2-3a296d3abd7b,clean,s4,0,0.982135,0.990957,0.994327
6fb87b86-3696-4952-abf6-dceea0aa681e,gaussian_blur,s5,1,0.431069,0.568469,0.681175
6fc94285-379b-465b-aef4-199be67b3659,gaussian_blur,s2,3,0.618629,0.695118,0.991584
6fcd7601-3a54-425f-a9b1-d2a413852bd3,gaussian_blur,s2,5,0.611558,0.692473,0.975179
6fd47e6d-3e13-44f9-a8d7-64b53cb6eefb,shot_noise,s4,0,0.641722,0.772080,0.824267
6fe7044c-82d8-4757-8c92-d96fc7dda2e4,gaussian_blur,s3,5,0.805481,0.884739,0.957531
6fede7ad-2cda-4773-9c98-197d1146ace6,clean,s4,1,0.959009,0.978871,0.988752
6ffef8f4-1e1f-481f-832f-f5950146f817,gaussian_blur,s5,5,0.431535,0.569599,0.680265
7000a3b8-6b5d-4605-9fef-bd33d6767997,shot_noise,s4,0,0.965332,0.982199,0.991399
7004f41c-6399-499f-a445-9cf25ce89a95,clean,s4,0,0.919866,0.957641,0.972885
701363b7-95d6-44eb-9b5e-05d5d72f515f,shot_noise,s5,4,0.888788,0.940705,0.948117
70215c1f-ea67-4fe5-811e-eb5980c52d1c,gaussian_blur,s4,5,0.907909,0.950434,0.977922
70313975-dd03-49c8-a7f1-694d74f09046,shot_noise,s3,4,0.662182,0.762065,0.942587
70323215-994d-44f0-904e-da767f11329d,gaussian_blur,s4,5,0.980300,0.990016,0.993634
703a5b2c-2cb4-4df4-9542-4f2ce5482178,clean,s5,4,0.505525,0.671237,0.672541
705ed7f5-388a-4155-bcac-7bc0896bed99,gaussian_blur,s4,3,0.712809,0.827198,0.862008
7062327d-cfe6-4bc9-b456-7e52650eaa64,fog,s5,1,0.828763,0.906056,0.909643
706bb4b3-71e2-4304-930a-1156b65ce78f,fog,s3,4,0.430008,0.554188,0.707323
708a2712-5a66-4d19-a4c1-48255e99c3ea,fog,s4,4,0.929728,0.962779,0.985221
708c6fd1-c106-4636-ab6b-c319476e1398,gaussian_blur,s5,2,0.350384,0.423337,0.684725
7091ceb3-247f-4ec8-babb-47b759ccd5a0,clean,s4,0,0.828523,0.903509,0.934330
709b2eb6-0a0a-4700-b450-ccc6c9386f2f,shot_noise,s5,3,0.942712,0.970396,0.974400
709bbb1f-1c13-4477-8175-bb7a261d75e6,gaussian_blur,s2,5,0.487989,0.493922,0.975979
709d1889-f8d5-48d0-9732-8c5fc1f6a919,fog,s4,0,0.785187,0.873752,0.926533
70a061bb-1478-49be-a493-d4b70c50e16f,fog,s4,4,0.878636,0.933325,0.966475
70bc9191-f15f-43db-b646-6f429791c21f,fog,s5,1,0.969138,0.984325,0.984462
70c95b16-623d-42a1-a0b9-9652d8cca464,clean,s4,4,0.601270,0.732412,0.820427
70cc1f0a-839c-4a07-adee-06009ad5c2f0,clean,s4,0,0.838005,0.908099,0.952829
70cdf506-3735-4d3b-98bc-438ad09faf70,clean,s4,1,0.435397,0.513471,0.798190
70da24ec-2d60-4ff2-a91c-af2346f6483e,gaussian_blur,s4,2,0.973677,0.986629,0.989179
70e82a2b-b696-4071-8545-55775949fb3c,fog,s5,4,0.927928,0.962546,0.964505
70e861c4-5af8-45a4-9bda-2d55bdd53f50,gaussian_blur,s4,1,0.407372,0.556472,0.629508
70ee7d67-377b-4764-bc74-c4b5e7d0b632,shot_noise,s5,0,0.718428,0.833977,0.849205
70f10182-eeee-4ac6-8f90-15ec294483e4,clean,s5,1,0.948805,0.973722,0.974029
70f8db65-c610-44b2-a185-16ea8153eec6,gaussian_blur,s5,2,0.862369,0.924337,0.949381
70fb4247-b03f-4377-91a6-99cfb472bee7,shot_noise,s5,3,0.796013,0.883021,0.915499
7119783a-fad5-495f-898e-7e94fb2fb216,fog,s4,0,0.919094,0.957026,0.976816
711d8ce5-78d4-4212-b6e1-5503e606c104,shot_noise,s5,0,0.636165,0.772158,0.801643
71253d95-037c-442c-91ba-fd7976ed51ef,shot_noise,s5,5,0.728681,0.841463,0.853048
7130ea35-25e0-464f-acaf-600454593d5e,gaussian_blur,s2,5,0.595226,0.680993,0.950853
7133ebf9-085e-4eb9-b89f-0b5dafb42d6f,clean,s5,1,0.867460,0.928546,0.935755
713c0381-d526-4efe-87ee-5dad8feaaab9,clean,s4,4,0.641722,0.772080,0.824267
71448a29-cff9-4456-ab09-09de20a99441,gaussian_blur,s2,0,0.890884,0.938966,0.996824
7145beea-ffc9-4631-bc32-d39b9213df51,clean,s4,2,0.351096,0.412522,0.702192
7148e928-29ba-4615-a5d3-2ecc4378eb75,shot_noise,s4,3,0.903173,0.948513,0.960986
716417f1-6f69-481d-967e-bfa8e8c6db16,shot_noise,s4,3,0.950898,0.974590,0.984311
7170bb50-9888-4afd-93b2-7d91dbe03384,gaussian_blur,s5,0,0.543543,0.696278,0.730627
7179d979-5c2b-4af8-984f-caddbb84f9a9,shot_noise,s5,1,0.489080,0.632989,0.722010
7184c01b-ecd6-44af-96d4-2907ff7d68f1,shot_noise,s3,5,0.738968,0.831405,0.959551
718b134b-19c9-40b2-8cb0-22fad4493a16,fog,s5,3,0.444335,0.592380,0.671460
71b27ab4-e540-4c42-af34-4a62c03f2031,clean,s5,3,0.594069,0.720878,0.833022
71b47748-9d1a-4fe2-b285-cd0fddb76204,clean,s5,2,0.979206,0.989489,0.989931
71bcb736-bd59-4a68-8e39-9b01a850ad2b,fog,s3,0,0.965744,0.982309,0.997512
71c0872f-b4fd-416c-8612-ed1281383376,gaussian_blur,s4,3,0.571181,0.668440,0.903909
71cff0fb-a13f-4c40-b9d1-69ef5dcc79e1,gaussian_blur,s4,2,0.723998,0.822852,0.936175
71d23be2-1385-4ad7-a5cc-a1cbbe4d4f26,shot_noise,s5,5,0.430946,0.500764,0.805753
71ec9e54-0cd5-4028-a7e1-8cf0d98ffdb8,fog,s5,1,0.946072,0.972289,0.972302
71f0dcf9-a0fe-4ee3-a08f-e8d8a4c7e3ee,shot_noise,s5,5,0.298317,0.454416,0.468944
71f39e86-402c-40ff-8235-ca5888f9819b,gaussian_blur,s3,0,0.912241,0.952633,0.985227
71f81a31-bff8-4cbb-b8c3-6c815c8f5f4c,shot_noise,s5,0,0.787276,0.880315,0.886525
71ff6ac3-fae9-48ba-9156-de9ac956abbc,fog,s5,3,0.886076,0.939564,0.940147
72151ad7-5641-4604-ad04-8726557b833c,clean,s4,5,0.741155,0.848882,0.867583
72178a3f-da0f-4c91-971f-8d8f2663cb04,gaussian_blur,s3,1,0.461380,0.482179,0.919659
7226189f-2422-4bb8-8480-cf8b66d86935,gaussian_blur,s5,5,0.923818,0.960361,0.961410
722d3e32-d14b-4964-b953-64b74195483d,gaussian_blur,s5,2,0.879891,0.935736,0.941910
72424c52-d429-4cab-b4cb-5b64c8335da9,gaussian_blur,s3,3,0.953033,0.975446,0.996530
724e7984-e6d6-4e7e-962f-cacc9e41e030,shot_noise,s4,5,0.706431,0.825146,0.844075
7271774e-5336-46c8-aab7-10d54caf54c3,fog,s1,0,0.895039,0.941416,0.999171
7272408b-d9cb-4fcf-8b32-c1c8ce0645e3,fog,s2,1,0.487827,0.493838,0.975653
727582ee-d089-4084-9548-345c3843a822,fog,s3,0,0.805335,0.883025,0.970373
7277196c-7c8a-4c3a-b84c-778f452a8f09,fog,s5,4,0.510485,0.674864,0.679177
72a17bcc-c344-466f-8600-f0bbf82eb166,shot_noise,s4,4,0.828171,0.902638,0.940651
72ae1852-57e1-4e46-a9f3-dbd65ae39315,fog,s4,3,0.834170,0.904480,0.963067
72b4936d-265a-4de0-9408-9b5248ae8bda,gaussian_blur,s4,2,0.825277,0.899425,0.952506
72b6acbd-8f3b-460b-957c-8fdea2b4a142,clean,s4,0,0.856060,0.921271,0.937408
72cd1851-7962-4e39-8c89-2de9bc4d6d14,clean,s5,1,0.297633,0.453889,0.467600
72d1f9a7-61e0-450f-a2f9-d96ae6810214,clean,s5,5,0.297633,0.453889,0.467600
72dc2c16-0ed9-400e-8aff-7fa8751e3513,shot_noise,s5,3,0.636802,0.775450,0.789928
72dc4f8a-d45c-4a0a-baf8-b1ca33fe2bdd,gaussian_blur,s4,3,0.951818,0.975073,0.984992
72f1be6e-dd6d-4d56-ba56-0cbfa98bdb1c,fog,s5,5,0.955118,0.977010,0.978508
72f34dd6-1119-4691-a99a-828e2421f271,clean,s5,4,0.790811,0.879526,0.913584
72f481c2-e401-4a62-bb54-349f0784dbba,gaussian_blur,s3,3,0.958557,0.978511,0.994171
72f8350c-d546-412f-8f37-b8a1638354f3,shot_noise,s4,1,0.907121,0.950731,0.962812
730943d2-8154-4083-8c7b-a7ce7a762cc8,clean,s2,1,0.831869,0.899394,0.995941
730ac11f-5b47-4a51-82c6-cc9eedaf306f,shot_noise,s3,4,0.824505,0.896122,0.977838
73168954-a329-4025-b7fa-cfac89aa3e97,gaussian_blur,s3,5,0.629315,0.728725,0.933824
7316f2f9-2eed-4f00-b1bd-f115aed78786,fog,s4,1,0.726313,0.832662,0.894048
732178c6-6107-426f-9cd1-a0c874fed1cc,shot_noise,s4,0,0.578198,0.708181,0.816862
73564183-43a2-407d-a730-d6ea09e6fd74,shot_noise,s5,0,0.919130,0.957668,0.962421
735c10c6-45cd-4db9-94d1-61967c692b3a,fog,s4,3,0.956405,0.977442,0.989868
73622b9f-e490-482d-9ff9-c08cd8fb9201,gaussian_blur,s5,3,0.891061,0.942306,0.943892
736486d8-0d0b-4f70-a7bd-0977710418a9,shot_noise,s2,3,0.900496,0.944919,0.997097
736922cb-dd7e-4beb-84dd-bc48b05fc4ac,gaussian_blur,s4,5,0.666869,0.785172,0.869847
736fbe73-a539-4ece-9f50-0699cb3c794a,gaussian_blur,s5,5,0.978256,0.988990,0.990709
73783fb2-c2f0-4aa8-9ba2-8ca05d04c5b6,shot_noise,s4,5,0.856938,0.921786,0.937952
7379a763-f0fe-4ee1-98fe-70ca2d5ef942,shot_noise,s5,4,0.599542,0.749495,0.750228
737ddfd0-b441-468d-ae49-688a5948b435,fog,s4,3,0.927720,0.961651,0.984757
738d4fa0-12a8-4f20-a8fd-e6c19b19ae0a,clean,s4,2,0.939726,0.968524,0.981701
73952b6f-99f3-4d8c-af1c-61a9564f968d,shot_noise,s4,5,0.647778,0.766726,0.869915
73a29948-51f8-4ef2-a35f-46800bf31e0f,clean,s4,0,0.664933,0.784163,0.866336
73c7cf35-b6c5-46a1-b926-15b7d09581f9,fog,s4,2,0.356039,0.429823,0.692245
73c80837-0c67-4c6e-91e9-fbb6b5493981,gaussian_blur,s3,4,0.669629,0.770261,0.940843
73cf4173-1f98-4d79-8a9a-bbd7b39e42c5,clean,s4,0,0.964545,0.981752,0.992967
73d21b2e-817f-4017-bd25-a4a92d37cd2b,gaussian_blur,s5,1,0.892255,0.942776,0.948029
73d40c15-b2c3-4df1-807b-e011e6575843,clean,s4,5,0.745914,0.851037,0.877506
73e9ce85-7d07-4863-850c-17f078d25f34,clean,s2,0,0.600900,0.678857,0.974421
740547cc-3560-4c8d-8f3f-e29bcd8402cd,gaussian_blur,s4,3,0.700845,0.816540,0.865397
740b3b9d-8ae6-41fe-b1f7-34e58e2221f2,fog,s4,4,0.676343,0.793203,0.873291
74133b41-a03b-4510-84a6-f22eddc8e499,shot_noise,s3,0,0.624439,0.745741,0.859520
7415c02e-d953-4306-94f6-0fbcceb496bc,clean,s5,3,0.843892,0.915155,0.917485
74218bab-fa80-4e71-bec3-a62f855c1a08,clean,s5,2,0.594069,0.720878,0.833022
7430e31d-04e2-4a50-a6be-9170575a9e2d,clean,s5,3,0.675384,0.806244,0.806246
7434229d-aa7c-4dd0-9ced-647fcf2231ab,gaussian_blur,s5,1,0.745979,0.854500,0.854581
74344201-dae6-4bd2-a6be-0fd3fc06fc15,gaussian_blur,s5,4,0.911379,0.953387,0.958955
743d29c9-6b0b-41b2-bc5a-6df2f1915de4,clean,s5,4,0.927488,0.962309,0.964270
74409b12-2b09-4909-b58d-501482228143,fog,s4,0,0.906704,0.950407,0.964427
7455e62e-631d-4a82-9ca7-d7c0b934cd3d,fog,s4,5,0.828675,0.903391,0.936544
7456e507-ae89-4edd-89ad-b60522c7e75c,gaussian_blur,s5,1,0.561489,0.719019,0.719712
746176b0-8f5c-492b-8e48-8f21182d38e2,clean,s5,4,0.880398,0.936270,0.938356
7479f468-dc48-47f9-a86e-737954328d01,clean,s5,0,0.435240,0.573291,0.684343
747d4e57-ef82-4dad-af60-7ad576c0cffb,gaussian_blur,s3,2,0.790673,0.871514,0.973285
7486ea96-0719-4c4b-a3e4-6535c706625b,gaussian_blur,s2,3,0.933606,0.964546,0.997179
748a4657-f92d-4fd7-a321-c6113cc5404f,gaussian_blur,s2,3,0.493523,0.496740,0.987045
749125e1-77b9-43f4-9f03-56130159acd2,clean,s4,0,0.908690,0.950888,0.978072
74922672-71db-4e4b-aed1-ad786acd9e67,clean,s5,1,0.714717,0.833040,0.837141
74959712-f563-4227-8d22-77bf011633cc,fog,s4,3,0.843972,0.911479,0.959506
7495c7fe-de84-4d06-b9de-8c464cb8e2cc,fog,s1,5,0.816566,0.887894,0.998276
74b142e2-db20-44de-b908-84373d8cab99,fog,s5,5,0.605494,0.752839,0.760096
74bea435-a9f5-4912-a481-488328ea0443,gaussian_blur,s4,4,0.713940,0.825645,0.875845
74bfea7d-9dd6-4771-b119-1814bc6795db,clean,s4,1,0.479919,0.593171,0.784757
74c60500-48d8-465e-9485-82a79c020ecc,fog,s5,3,0.758864,0.862004,0.869416
74c6e09c-1bbe-48aa-9edf-2689ef3d7ee4,clean,s3,4,0.949124,0.973304,0.996158
74d2cd77-04f6-45b9-8d68-c70bdae5c3ed,clean,s4,2,0.945757,0.971680,0.987737
74d9847a-59d4-4786-b07d-3c7593b7346e,clean,s4,4,0.741155,0.848882,0.867583
74dbfb31-b66b-46c1-86cf-42035ca9d9aa,shot_noise,s4,5,0.785863,0.872695,0.938207
74deb1d6-f712-4456-8801-d1eb32a7704a,shot_noise,s4,2,0.975742,0.987687,0.990581
74e09717-c77b-4f0b-bcfa-709b33d77b6b,fog,s4,5,0.922913,0.959317,0.974512
74e0ce90-9252-49f8-987d-09698cb140ff,fog,s5,2,0.908287,0.951693,0.957053
74ef910e-bc9f-441a-b42c-7b93c9326e4f,shot_noise,s5,3,0.886240,0.939321,0.945760
74efde01-c426-4ff0-95c6-95c66fd6fe78,shot_noise,s5,2,0.908789,0.952212,0.952277
75107365-e53a-4650-9e0a-2a4a1ab5c13b,gaussian_blur,s4,2,0.483652,0.598349,0.785488
7521ade2-c3fa-4e1c-8270-e2bf40962dbf,gaussian_blur,s5,0,0.903594,0.949069,0.954985
7532c9e9-6142-4be1-a705-e3edc135e975,gaussian_blur,s3,4,0.912975,0.953113,0.984252
75331205-dcb9-46e3-89a8-6b5fc2ccff0e,clean,s4,0,0.785187,0.873752,0.926533
7549d10c-6e49-4155-834f-59eeb71606ae,fog,s5,2,0.672742,0.803843,0.806985
7561c200-be49-41a5-aec7-a7633d81e986,clean,s4,0,0.974086,0.986840,0.989328
756bc867-f975-4bf9-a7fb-cd39e8581292,shot_noise,s4,0,0.709014,0.822409,0.870987
7576f64d-4520-442f-8260-6ef52d2dc4f7,fog,s5,0,0.944683,0.971522,0.972710
757e4a5e-ac32-48c2-bbc3-26162130580a,gaussian_blur,s4,2,0.924954,0.960450,0.975291
7589bd85-ca0c-43ee-818f-3279b6bd24d3,fog,s5,5,0.847389,0.916154,0.932144
758cbc30-a40b-4890-b5f0-4f9feeb3023e,gaussian_blur,s5,1,0.832875,0.908260,0.914901
759974be-edf9-43b1-86aa-591478aa99ef,gaussian_blur,s5,4,0.825314,0.903763,0.909858
75b57642-3b87-409a-a26a-e6456ee5ceb4,shot_noise,s5,0,0.764885,0.865835,0.873844
75b767ff-26b2-4827-977e-2e6dc9dc7178,gaussian_blur,s4,2,0.808855,0.890756,0.927029
75b773c8-5a6d-4803-9523-aa899e1699fc,clean,s3,0,0.776474,0.860805,0.970219
75ca38aa-66f4-49dd-8daa-5438d69e97b8,clean,s3,4,0.813377,0.888240,0.976231
75d4f8ec-51e0-404f-9ce2-4f0f6cbf946a,shot_noise,s3,2,0.469371,0.484201,0.938741
75d8f641-1ccd-4568-b491-1745dff20ae3,shot_noise,s4,1,0.975081,0.987306,0.993462
75da8fdc-b678-49d1-8af6-d985174f82b9,gaussian_blur,s5,5,0.940048,0.969097,0.969118
75eb578e-a809-477c-84b7-ea36541a1ffc,gaussian_blur,s4,4,0.802676,0.886660,0.924756
75f0844b-906a-4769-8c03-3a0f53dc372e,fog,s4,5,0.723377,0.826022,0.916891
75fc38d8-d0a5-45a8-a002-452896258529,gaussian_blur,s5,1,0.878482,0.935309,0.935333
7605aa28-c306-4369-9aa0-c70ed45f54eb,gaussian_blur,s4,5,0.469575,0.614723,0.702235
7605fa61-19b7-43d6-bb51-096bd0801079,clean,s3,1,0.701834,0.804359,0.929264
7608599e-7a77-46d1-a01c-6a3170af8716,shot_noise,s5,4,0.671570,0.803008,0.806120
76229538-7405-4b2b-91ec-5d232029a956,clean,s4,2,0.920412,0.957707,0.978645
7622ca28-01d9-403d-b079-3a4606a8be8a,shot_noise,s3,0,0.632913,0.734074,0.929829
765114c7-d5f7-4e89-83c5-35ad394da8f1,gaussian_blur,s4,1,0.552568,0.669266,0.840451
76615bcb-a8c4-4812-bd16-99c64dbf8039,fog,s5,5,0.917944,0.957151,0.958742
766d24ff-4448-4bc2-83cb-d7600aff030b,fog,s3,5,0.668079,0.763905,0.958204
76796fa4-714f-46c0-9a45-052e38cbd1f0,gaussian_blur,s4,0,0.963016,0.981020,0.988549
76905c4f-cc2a-477a-ac23-1274caa913a6,shot_noise,s5,4,0.818211,0.898234,0.917552
7692bc2a-9974-4431-ac25-07756c515249,gaussian_blur,s4,1,0.530073,0.690448,0.700707
76965fda-c24b-4e90-8e3c-00f38250efc5,fog,s5,1,0.582024,0.708876,0.828270
769a4031-87ec-4398-8aac-be15280925ee,clean,s4,5,0.375219,0.535107,0.568443
76a536fa-1570-4f96-b053-efbc0c485cd9,shot_noise,s5,4,0.747066,0.853260,0.868608
76aeb3eb-a76d-4bb2-876f-814db4be856f,shot_noise,s5,3,0.911159,0.953265,0.958848
76b42448-3281-4712-a4ab-4319471a9c75,shot_noise,s4,2,0.964540,0.981823,0.988929
76b622a1-ab9f-4dd5-bd5e-e7183044d51d,shot_noise,s4,1,0.938286,0.967738,0.981264
76b7b851-9736-4696-b79c-a838a5c72908,shot_noise,s4,3,0.614227,0.757099,0.777147
76c778fc-8bee-4dbb-a626-17cef1d2d007,clean,s5,2,0.867460,0.928546,0.935755
76cb44dd-810d-4b6d-91a4-e4947b0d1a87,gaussian_blur,s4,3,0.359341,0.418159,0.718683
76de9d90-b7cb-4c01-b27d-5a20629dbcd0,shot_noise,s5,1,0.910535,0.953122,0.954259
76e0ba8a-1dba-40be-ac00-1ca51e6cb099,fog,s5,5,0.884160,0.938518,0.938533
76e2d2ef-e915-4cea-961b-63ae1ad6737d,shot_noise,s5,0,0.866144,0.928133,0.930203
76e47d70-5e4d-4808-a558-e69220561aeb,gaussian_blur,s5,5,0.928015,0.962656,0.962871
76e4d58b-b27c-411e-883e-6f745624362c,shot_noise,s5,3,0.977689,0.988713,0.989184
76f3f015-7d2a-4554-9fc9-160819056750,clean,s5,2,0.859961,0.924204,0.931365
76ff581f-ae03-4558-898a-f7b28725232d,clean,s4,3,0.359653,0.521143,0.545520
77048ab5-1590-4d30-a84e-4b55cb5a7f29,fog,s5,4,0.918299,0.957377,0.958182
770a70fa-3216-426d-8d2b-7f0b987f172f,clean,s4,4,0.968203,0.983800,0.986587
770b722a-027f-4426-aa98-f38f0d154479,gaussian_blur,s2,0,0.810433,0.884254,0.990661
771a8292-625a-4b9a-8ddd-bcc4cbd439bb,fog,s4,3,0.636580,0.770620,0.809848
771c39e3-2040-41dc-a163-65bfc35fed08,clean,s4,2,0.959009,0.978871,0.988752
7729aeae-13e1-4711-9602-e65cb50dfdb0,fog,s4,1,0.942354,0.969824,0.986820
7730e27a-262e-4b64-a5c0-5e2a38f1ded6,clean,s4,5,0.883198,0.936875,0.955429
773dc878-7f1b-452f-80c2-c551fc009a86,fog,s3,5,0.607087,0.714979,0.897724
7748ccc1-2084-44a2-b3f1-c7e87e6237cb,gaussian_blur,s4,0,0.945053,0.971451,0.982246
7754f025-d56d-410b-8b9c-b51f8caa7426,clean,s3,5,0.965744,0.982309,0.997512
776eb6c7-af0b-4cf7-8895-63e6d79543ee,shot_noise,s4,5,0.894162,0.943116,0.961845
776f6af4-ad58-40ad-b260-ef73315f3261,gaussian_blur,s4,2,0.831265,0.906075,0.926848
7771f105-9cbf-4abb-8567-e71ff601b673,gaussian_blur,s5,5,0.931962,0.964608,0.969744
77785418-bfa8-4c9e-a5f5-fd476a42bad2,shot_noise,s3,1,0.831183,0.902199,0.965179
77818bf6-94a9-47b6-b899-b24371d57267,fog,s4,5,0.932456,0.964687,0.975271
7785b88a-daa6-4b81-9100-f4bf8f43dabf,clean,s4,0,0.897803,0.944272,0.979845
7788cb66-1caa-4971-84b1-11236f364a5b,shot_noise,s3,5,0.672333,0.771525,0.946491
778bb17e-efac-4392-91d4-4a74ffb7c0d1,gaussian_blur,s4,3,0.830398,0.901850,0.963296
7794511a-c4f5-4f7d-9bd8-e56eb6f0e258,gaussian_blur,s5,2,0.615423,0.757808,0.778968
7794ce69-6e24-49c3-a570-fa764eb5ade6,fog,s5,3,0.865089,0.927569,0.928997
779d0c54-06fa-49af-92ca-96808e38d533,clean,s5,2,0.781026,0.874837,0.894752
77a8c7a6-a59f-4202-a81b-5af25f2acab1,clean,s2,5,0.497553,0.504785,0.986981
77c2ee19-8a06-4569-b984-2df9a4d548de,clean,s3,1,0.766016,0.853365,0.963957
77ceb1cb-f709-4b48-af71-7b93bd61a338,clean,s4,0,0.957071,0.977927,0.984325
77d36aa0-3db3-4113-9621-e46562836d38,gaussian_blur,s4,3,0.944683,0.971387,0.977424
77d54e9b-0b31-456c-a7cd-7750de13931d,gaussian_blur,s5,2,0.816207,0.896090,0.924917
77d78204-98a3-470c-8268-03238ba7b57c,clean,s4,5,0.602989,0.741901,0.792741
77dcbcf7-95e6-4977-ad06-11b929ad713b,fog,s5,4,0.423598,0.588748,0.610576
77f3a8c5-5fb6-40a0-96e5-39875469cc89,clean,s4,3,0.976262,0.987955,0.990784
77f3d787-58d9-4ce0-a66b-bb441521e631,clean,s3,2,0.776474,0.860805,0.970219
77f414c6-d9da-4e6f-aa09-ccb0a2d6865d,shot_noise,s5,3,0.671376,0.778502,0.915701
780b3dd0-98b0-4338-9d4b-70c2b7deb223,clean,s4,3,0.625586,0.766000,0.785376
7813608c-5a1e-4f9d-a50e-113e4115f82a,gaussian_blur,s2,1,0.724208,0.812402,0.987414
7822e607-06e2-4e2e-80ae-d0084809de5f,shot_noise,s4,4,0.905729,0.949843,0.964300
78255c51-544e-4eca-bc31-c59305abb70e,shot_noise,s4,4,0.586757,0.737314,0.748146
783b0edb-f5ca-4ef8-a6ea-d970fb6e8f5f,shot_noise,s4,2,0.964983,0.982016,0.991303
783d998b-8bfe-40b9-88b3-2277119f9448,shot_noise,s5,2,0.494054,0.635873,0.731355
7840f4f4-d795-46a6-8dc2-f5a0c8bb4f27,gaussian_blur,s4,3,0.942918,0.970107,0.987790
784ee02a-d822-4a33-8d8f-d1560dab00fe,gaussian_blur,s5,3,0.874327,0.931455,0.954763
7857033b-ca77-4b9b-ab9c-4484f0cf68c2,clean,s4,0,0.375219,0.535107,0.568443
785c0ddb-306e-4c6f-b22f-638dce35bb84,gaussian_blur,s4,1,0.894538,0.943402,0.960805
785d2642-8d34-4dfe-8236-1cb29a0ca8a2,gaussian_blur,s3,5,0.886971,0.937132,0.987311
786c2917-bc6a-46bb-8902-52829ebc4a5d,clean,s4,3,0.829285,0.902204,0.952411
7873e4c2-fbe5-44b7-b882-470283beb081,clean,s5,1,0.896120,0.945214,0.945221
7880759e-e0e7-4f63-8c84-7cec0ed422b3,gaussian_blur,s4,3,0.632510,0.747581,0.883093
788a4758-bc6e-4baa-b84b-1621202bd777,gaussian_blur,s4,1,0.827650,0.902302,0.940469
789413c7-2902-4f02-a0a1-aabf80929ab4,shot_noise,s5,2,0.916238,0.956170,0.958987
78c8ba6c-8847-4caf-9295-fdd97cc19218,gaussian_blur,s5,2,0.762809,0.865018,0.868624
78cb0065-4c5c-4153-8058-43cd1e3bd3c7,gaussian_blur,s3,2,0.817656,0.890826,0.980804
78e316e0-7858-4380-97da-e5fccb314e73,clean,s3,2,0.949124,0.973304,0.996158
78e4beba-7ac8-493e-a633-1f5bb701f94c,fog,s5,1,0.870298,0.930208,0.937003
78e74e70-ea19-4954-802c-0cc1ad5efd44,gaussian_blur,s5,0,0.764885,0.865835,0.873844
78e89a56-0b73-416a-8c0b-3bbcfe25cf32,shot_noise,s3,4,0.612598,0.735648,0.850997
78ffbaca-3942-4b24-afca-2f0c027e7197,gaussian_blur,s2,5,0.531206,0.566320,0.987883
7906c2ec-7d38-4ef6-ad83-2890db190264,gaussian_blur,s4,2,0.899600,0.946356,0.961879
7910e03f-4482-4ddd-ad8a-a128719b0df2,gaussian_blur,s5,4,0.819236,0.900440,0.902619
7916d353-b169-4c2b-a28b-828f653bad26,clean,s4,0,0.964637,0.981874,0.988962
791e2327-4694-4e56-8d7f-db68c8a5f814,gaussian_blur,s4,0,0.856060,0.921271,0.937408
792ba39f-56a9-47c2-8525-eb7d5d4d67c3,gaussian_blur,s4,0,0.919866,0.957641,0.972885
792da3cf-f1c8-48ba-a678-f989778611a3,fog,s3,2,0.451088,0.522386,0.829712
793b9e5f-5b39-4666-84ac-9f412d21a6c5,fog,s4,2,0.534807,0.679627,0.750832
79578828-b7ef-45ea-8945-bbde94c177fb,clean,s4,3,0.897803,0.944272,0.979845
79578a65-dd3e-47cc-9e02-98d0a6271408,shot_noise,s4,0,0.826100,0.901652,0.936464
7961e064-e45f-4eb8-a075-77fcb1572e46,fog,s4,1,0.666489,0.791027,0.842197
7963c020-59a4-436d-91c5-ca69ccfe41ad,gaussian_blur,s4,5,0.576996,0.726565,0.750784
7966fceb-7fa1-4e75-9ce5-49548753f4bc,gaussian_blur,s4,5,0.538170,0.643992,0.856384
796d41e0-5aa7-42e3-9df1-1bdbab553617,clean,s5,0,0.718428,0.833977,0.849205
79765aab-91b5-4c96-9839-1368002303d3,clean,s4,4,0.974868,0.987195,0.993478
79777fe9-30e7-46f3-b6e0-ff2a6e9fbf1b,gaussian_blur,s5,2,0.946259,0.972374,0.972859
797d0768-ec37-49c7-a4cb-c8f364a4bbe5,clean,s4,2,0.976919,0.988263,0.993568
797eb2be-6d68-4305-9428-7704c4c74941,shot_noise,s5,2,0.681215,0.787475,0.918176
79828a98-cd8d-4163-bde5-2261b0fcccdc,fog,s5,0,0.880398,0.936270,0.938356
7987fdbd-a4d0-422f-81bd-6d9c76961946,clean,s5,3,0.903594,0.949069,0.954985
7988a7b4-0a32-43a5-b2cd-bb9d543c33fe,gaussian_blur,s5,2,0.891384,0.942530,0.943328
799a1430-342d-4a4a-bbde-938f98cf02ee,fog,s4,1,0.939237,0.968375,0.977873
799f1480-4663-4ee5-800f-5fdd56b9051a,fog,s5,1,0.830786,0.907183,0.911778
79a3d5cd-9797-428c-b34e-4071328f67c2,gaussian_blur,s2,2,0.923317,0.958613,0.996768
79aead8d-f05e-4f17-8732-e48224235cf9,gaussian_blur,s5,3,0.640955,0.775266,0.807589
79b49976-f094-474b-acc6-9126ec4473c4,fog,s4,4,0.385536,0.435370,0.771072
79b51010-c669-4cea-9a9e-ac95c6220def,clean,s4,1,0.906704,0.950407,0.964427
79c98cc2-38d4-4d6a-9f87-3cd46ea9f66d,shot_noise,s5,4,0.686981,0.814269,0.815424
79cb9075-5dbe-488b-a881-da56e5e4aabd,fog,s5,1,0.670622,0.799380,0.820091
79d0596e-812f-456b-a4e5-290bcb469078,shot_noise,s5,1,0.613727,0.756604,0.777187
79d5e8c5-73e3-4248-a893-8d80dea4afaa,shot_noise,s3,1,0.796702,0.875588,0.977366
79ddfe09-0b53-4d70-8784-92bc7349eb1f,shot_noise,s5,0,0.764145,0.866170,0.867327
79df10e1-da70-4614-9397-d6fa0c9d5fb2,gaussian_blur,s4,3,0.589791,0.739725,0.750608
79eb50fc-71f5-45f8-9ef1-9402f41bf410,clean,s5,2,0.981296,0.990555,0.991077
79ece9e2-ed0e-4381-a0dd-ae1d576caf7d,fog,s4,1,0.595956,0.744520,0.755884
79fcdfb7-e4ed-4b5b-bbdc-95322e2b6f2e,gaussian_blur,s5,5,0.818438,0.899967,0.902032
7a03bc21-af4e-49c9-a56d-bbfdf966913d,shot_noise,s4,2,0.813234,0.891167,0.950576
7a1be400-2936-4402-ab2b-34a998ee5590,shot_noise,s4,5,0.949781,0.973848,0.989381
7a1ccfc7-b423-4949-8385-2dfcf9a547bc,clean,s5,5,0.448357,0.516240,0.831801
7a206ca2-e2c4-4d56-b2bb-4699a9038535,fog,s5,0,0.612971,0.756029,0.776542
7a259cfd-cffe-4ea7-a5f7-2a0e3cbe8549,gaussian_blur,s2,4,0.956357,0.977223,0.998251
7a30f8a7-9031-4a78-960e-02625106ac0e,fog,s5,0,0.903780,0.949437,0.949882
7a38de41-c3d1-4aa7-9033-4e4ed6eabace,gaussian_blur,s4,4,0.378237,0.537860,0.572699
7a45ff05-b4a4-4ca8-8b28-70c9b6413552,clean,s5,0,0.543543,0.696278,0.730627
7a50b776-66a1-421d-b38f-64a18892625d,gaussian_blur,s5,5,0.554944,0.713597,0.714421
7a55b880-d732-453a-bf08-558c0b92003a,fog,s2,0,0.810433,0.884254,0.990661
7a590c11-0eeb-45af-9e6b-f5febd1b4578,fog,s5,0,0.645169,0.778397,0.811045
7a608c97-74a3-420c-99df-0f769bdd7f66,gaussian_blur,s5,3,0.297054,0.453501,0.466357
7a84077e-78cf-4b36-a844-b0fe3bf88c2a,clean,s3,0,0.960616,0.979616,0.994475
7a8c1011-f530-4c46-a480-24b773eebcc8,gaussian_blur,s5,0,0.718428,0.833977,0.849205
7a8c25bf-977e-4ef8-a132-35c727f77c2a,shot_noise,s4,1,0.578302,0.730628,0.740936
7a9aa6dd-5938-447a-8e00-476d7fb9d94b,gaussian_blur,s4,0,0.741155,0.848882,0.867583
7a9daaf4-f93f-43e9-a3d2-4728f913df3e,shot_noise,s4,3,0.704750,0.808764,0.921157
7aa183e2-297a-4476-b04d-c88b16e76719,clean,s5,1,0.437071,0.549530,0.738698
7aa91d3d-1816-4ba4-b581-fbc56f9e58a0,gaussian_blur,s3,1,0.968303,0.983703,0.995744
7acd6690-79b4-47a2-8b44-212019ee0424,shot_noise,s5,0,0.948805,0.973722,0.974029
7acf62d6-7361-4490-8be1-1a94061d194a,shot_noise,s4,1,0.763347,0.857238,0.925723
7ae394f5-b49a-45bc-8ac1-efc21e26f0fd,shot_noise,s4,2,0.371835,0.531911,0.563861
7aef2d9c-f914-468a-a5ae-af8bf26c1fb1,gaussian_blur,s5,3,0.465999,0.603036,0.718133
7b071986-61b2-41cb-9c39-6a39c4e2e99d,gaussian_blur,s4,2,0.865788,0.926599,0.948072
7b0e2313-00a7-4c89-89bf-8cdff69124fe,clean,s5,2,0.553305,0.712322,0.712773
7b100119-7ece-472c-8da2-48945cd5ea12,fog,s4,1,0.866122,0.925618,0.963760
7b172fb0-a556-460a-a0b3-ac11d6812d73,fog,s5,3,0.874569,0.933042,0.933772
7b3959c6-64aa-4c08-aca6-5bd79f183cbf,fog,s4,2,0.956855,0.977761,0.986555
7b3e33f5-8975-4c8e-a21d-96c952823878,gaussian_blur,s2,1,0.492561,0.496763,0.984437
7b3fecc3-c306-4f84-bb1f-507094d7157a,gaussian_blur,s5,5,0.893852,0.943951,0.943952
7b47429a-4ac9-4b0f-ac1a-57f77ac168a0,shot_noise,s5,0,0.991724,0.995842,0.996597
7b590002-9055-41f8-9e9c-40f93f46d3ee,fog,s4,0,0.899392,0.945998,0.966163
7b5ad3a7-92b9-4fc3-addf-18024e81f612,shot_noise,s5,3,0.564806,0.719638,0.729904
7b632ad1-19c6-4afe-b3ab-f13d3877bbc1,gaussian_blur,s5,1,0.730148,0.843992,0.844269
7b661ef2-3448-4141-8243-7859b667b5d0,gaussian_blur,s2,2,0.494144,0.497055,0.988288
7b6684d6-275b-4207-9512-70b730046a33,clean,s4,3,0.741155,0.848882,0.867583
7b70ffff-b630-4824-84ec-1ce6918d1878,shot_noise,s4,2,0.732110,0.829418,0.938668
7b72e54f-b912-489c-af09-bab51cfc3fd2,shot_noise,s4,1,0.594687,0.735921,0.783381
7b88f7f5-1292-46de-aeb8-7da633504863,clean,s4,0,0.660434,0.785272,0.843109
7b8964ad-7349-4e4e-a090-8e7de3776b55,gaussian_blur,s3,2,0.714262,0.807959,0.965363
7b8c2ea5-bbbf-42e4-9a62-06d68e39ef8f,clean,s5,1,0.959815,0.979481,0.980199
7b909f1d-2d53-458a-a51c-b0bbc2aa8403,fog,s4,5,0.579835,0.731343,0.744102
7b9630cc-89cc-4fc8-81e8-b1175bf99169,gaussian_blur,s4,2,0.934126,0.965598,0.975915
7b9b76d0-e46a-4379-b0ec-795ebec24e28,shot_noise,s4,2,0.825814,0.902993,0.921142
7bac2393-857f-4e82-ae40-7f45ac27b12f,gaussian_blur,s4,3,0.909031,0.951084,0.978186
7bc59b5e-08f2-43f7-a706-f7e3290d5e69,gaussian_blur,s3,4,0.428848,0.506861,0.789691
7be84ab5-c040-43dc-b1c3-5f327a074cb2,fog,s4,2,0.424733,0.464685,0.841957
7bf72530-8a7b-4618-b350-104a3c9a1d3d,fog,s3,1,0.903643,0.947688,0.981790
7bf72daa-eb0a-4577-919b-10b87d707ed3,clean,s5,4,0.592518,0.743587,0.746235
7c07c810-3da7-419d-a897-158704350e10,gaussian_blur,s5,2,0.449079,0.581987,0.710304
7c0aa839-8c9e-4f0a-86ce-0b879e3f931c,gaussian_blur,s5,1,0.895086,0.944639,0.944640
7c0e86e2-8b75-4824-8dd3-2a71fa9b7016,gaussian_blur,s4,1,0.572275,0.725616,0.736492
7c12d5dd-51d9-4632-b93f-6d5840ef26a8,shot_noise,s3,3,0.309714,0.450316,0.514123
7c1cf548-141c-40a1-874e-67d20c5529a3,clean,s5,0,0.628609,0.771570,0.773659
7c252b9f-5385-4c37-a28a-430235863fba,clean,s5,4,0.582078,0.733864,0.743264
7c32e636-2839-4f72-81ff-919252ee91ba,clean,s4,2,0.645979,0.756080,0.903145
7c3e690a-35e2-490f-b441-8517357d8106,fog,s5,4,0.820297,0.900342,0.910672
7c49fdf9-76e8-4bbe-b8d0-5cc55acf4493,fog,s5,3,0.808395,0.890876,0.923109
7c4a61f3-fc90-4caa-81e4-acd76f6d4abb,shot_noise,s4,0,0.822005,0.898640,0.938501
7c55254e-c240-409f-bcfb-2b0fada07f2b,shot_noise,s4,2,0.957086,0.977809,0.989952
7c5a494e-5b26-4077-a203-723c22dc510a,fog,s4,0,0.359653,0.521143,0.545520
7c65451f-f79b-4076-ab36-6f021cfe5e93,clean,s5,0,0.991724,0.995842,0.996597
7c72af25-4094-49da-8e48-115acf731fb1,gaussian_blur,s3,4,0.424628,0.539909,0.718310
7c73c2d7-27a0-4394-84a9-1d8b8a67588c,shot_noise,s5,3,0.989760,0.994849,0.995781
7c7ec982-475c-48ef-bb68-04c63d1c1261,shot_noise,s5,0,0.860366,0.924393,0.932210
7c89c07a-0017-4538-bb01-63ebcd514a01,fog,s4,3,0.809798,0.892138,0.920555
7c8a93f8-d1ef-4346-9d45-92141fa23899,shot_noise,s4,0,0.924109,0.959978,0.975045
7c8e19b6-d66e-4f7c-afe7-0e4379c163eb,gaussian_blur,s5,4,0.949149,0.973907,0.974073
7c938157-7520-45d6-afe2-1bc6e8f41b01,clean,s5,5,0.612971,0.756029,0.776542
7c9416e1-ac65-41b6-a74a-8ddf9694a4ed,fog,s5,0,0.714717,0.833040,0.837141
7c9add84-0e2a-433b-880e-9ad690537658,shot_noise,s3,3,0.448177,0.531130,0.806261
7ca6c0e1-a1e2-487d-bc0d-1b4af15513b0,clean,s5,0,0.944617,0.971430,0.974657
7cab82c9-ec1c-4132-a484-2ee143214e3d,clean,s4,5,0.516261,0.633955,0.809397
7cadee77-9c31-49df-b882-f2f8e1bf85fa,fog,s4,3,0.938564,0.967898,0.981099
7cb2a5fd-f537-4a9e-9213-e253488653d5,fog,s4,5,0.837894,0.909865,0.933237
7cb444ac-2ba4-4d1f-b308-049e070dae72,fog,s4,2,0.666145,0.784924,0.867974
7cbdef6d-ddde-493b-a736-77007e1a9d2c,fog,s4,4,0.959325,0.979075,0.987121
7cc211ad-9104-46a7-8b23-9db49e23a2ce,clean,s4,1,0.592838,0.694388,0.907957
7cd9c342-1afc-4b3d-8ffa-2e2c3d102be9,fog,s5,2,0.794181,0.882789,0.906581
7cdc835a-490f-4012-80b2-83faae09702d,clean,s5,3,0.918751,0.957371,0.964332
7ce5e24e-d67d-42a4-83db-631bef68e93a,fog,s5,4,0.794920,0.884984,0.892354
7cf45210-91ee-46b1-8466-07673a6b1471,shot_noise,s5,1,0.946969,0.972754,0.973069
7cf713ff-be33-4c96-ab4e-1a96de12a011,clean,s2,2,0.890884,0.938966,0.996824
7cf7de63-4c18-41d1-823b-eaa2fac698ae,shot_noise,s4,5,0.614047,0.750545,0.802304
7cf9fd43-3b3a-4f16-940c-148d7dedd4e6,gaussian_blur,s4,3,0.589276,0.739249,0.750450
7d2211b0-bc3a-4309-b1b1-c40f14bb919a,clean,s5,3,0.920932,0.958608,0.964400
7d298750-17fd-4236-9e9e-fdaf8e82d857,fog,s4,4,0.777023,0.865682,0.940336
7d2d786b-a762-44d0-a6c6-e0ddcd91f9f8,gaussian_blur,s5,2,0.660068,0.791659,0.812370
7d414e65-7cb5-4b7a-879c-aa3f6f9bb593,fog,s5,1,0.791507,0.882915,0.889659
7d4b968b-ce45-48ba-bc02-fc26532badec,shot_noise,s5,5,0.952841,0.975817,0.977277
7d4bf318-c2ad-456e-a106-87558f148860,fog,s5,5,0.607795,0.738338,0.823790
7d520288-f38a-4a92-9f04-dec17078b230,clean,s5,4,0.943626,0.970944,0.972783
7d528610-8677-4bec-a889-9ca2c4d71636,gaussian_blur,s5,2,0.565823,0.720973,0.728965
7d594182-12be-43b8-a0c7-d2b4ba0d5ae5,gaussian_blur,s4,2,0.771911,0.867036,0.903163
7d671769-ffc9-4f37-b916-e79fe641c7a9,gaussian_blur,s5,0,0.888450,0.940676,0.945223
7d697a2c-bdd5-49a8-8258-0f2da46be655,shot_noise,s5,3,0.859920,0.924530,0.926741
7d89f2ff-5a0c-4ae8-9114-3a2c487437b7,fog,s4,1,0.608269,0.736296,0.832768
7d9a7ba5-9ae2-4093-a73e-91a177340828,clean,s3,2,0.394071,0.444567,0.782816
7d9adcba-6693-4b76-96a5-c686d57d3d03,clean,s4,4,0.956672,0.977739,0.983099
7daf68da-061f-43a1-a6b0-b90571682a18,shot_noise,s5,2,0.951887,0.975203,0.981297
7db1b952-6e9d-4512-94d6-6e10d9bc6222,gaussian_blur,s1,0,0.895039,0.941416,0.999171
7db9f350-af24-484a-a8e5-80d0260b3256,clean,s4,4,0.838005,0.908099,0.952829
7dbbcafa-6e70-41a8-bb82-abf5e1a24c73,shot_noise,s3,3,0.720963,0.813795,0.967099
7dbcdee9-4712-4464-99e8-befb6c29852f,fog,s4,4,0.872975,0.931631,0.940219
7dbeacaf-d10f-46b5-9cc1-b9d28604c69b,clean,s5,2,0.943626,0.970944,0.972783
7dc343dd-ae2c-4e2f-b161-e2e3e52587c8,fog,s4,1,0.753405,0.848530,0.930875
7dd13e93-1203-419a-8960-65b812538e6d,shot_noise,s3,5,0.396934,0.452474,0.779824
7dd5a8b9-448c-4827-949f-f808fa7e9710,shot_noise,s5,3,0.929774,0.963542,0.965459
7dd62727-f0bf-4a4f-a00a-57d69efc5115,clean,s5,1,0.790877,0.882411,0.890187
7dd66429-93f8-43a9-a211-6a8db87123c6,shot_noise,s5,3,0.908059,0.951676,0.954671
7de3316a-8e98-4fb4-a353-a184744a8dbc,shot_noise,s3,1,0.828374,0.899610,0.971096
7df269b0-ab61-4964-9a70-78acf946f55b,clean,s4,0,0.867819,0.927982,0.946587
7df46987-25e0-4ccb-a859-a4594e46c55a,shot_noise,s5,3,0.827359,0.905432,0.906508
7df87c61-7319-4498-84bc-abfba0faa27d,shot_noise,s4,3,0.626989,0.759362,0.818000
7dfb25a7-3bcf-44fc-8e79-1c4b0816cd91,shot_noise,s4,3,0.906581,0.949669,0.977483
7e018171-25fa-4bd5-a19c-26cfc34b5734,shot_noise,s5,4,0.895911,0.944818,0.950181
7e025ee9-4ee4-4f13-8eea-f5b364d92c65,shot_noise,s4,1,0.858443,0.922389,0.942405
7e044c29-1466-4a4f-8be2-3f00ef75c6ff,gaussian_blur,s3,1,0.651477,0.752155,0.937472
7e117a24-0b28-4fad-9219-7e1473b15983,shot_noise,s5,5,0.848523,0.917498,0.924807
7e157232-bfdf-442c-89a9-109633673883,shot_noise,s4,0,0.601270,0.732412,0.820427
7e1b559b-e108-4a97-b7e9-96e1d151cd36,fog,s4,1,0.679843,0.789908,0.902251
7e1cd714-bc45-4ca6-8853-da7f87f6aa50,clean,s5,3,0.883350,0.938056,0.938176
7e1d3951-466c-42d3-a457-5c0c2d191618,clean,s4,5,0.709233,0.822308,0.872523
7e218e39-7d83-4f6b-accc-2ee3fa992b94,shot_noise,s4,3,0.652917,0.785611,0.810571
7e282130-e2ab-483e-b2ab-ff31fe9d097a,shot_noise,s4,0,0.741155,0.848882,0.867583
7e2b61e5-6776-41b1-a633-a39037723dd3,gaussian_blur,s4,1,0.947022,0.972491,0.983669
7e2e5f20-602c-428c-b9cd-448a472bcb83,clean,s4,0,0.592838,0.694388,0.907957
7e5bef94-948a-4f69-934b-6eb8d8035839,gaussian_blur,s5,2,0.791138,0.882822,0.888253
7e5cb295-cf73-4afe-88cb-0fc554e9ccc3,fog,s4,2,0.956196,0.977463,0.984027
7e64fbcf-53c5-41cc-802b-2b097fd99b74,fog,s4,1,0.735725,0.839180,0.900995
7e7f31af-2d79-4e35-95d9-18587d7e1781,gaussian_blur,s5,4,0.520555,0.674924,0.714735
7e8098fe-ae8d-474d-8221-d14fa5dc0f56,clean,s3,1,0.913455,0.953409,0.983982
7e80e3d0-a9d1-41ad-8034-275f633bf9bd,gaussian_blur,s4,5,0.939936,0.968783,0.977205
7e82dfd0-f56c-4c72-bbd4-fac87157c766,clean,s5,1,0.944683,0.971522,0.972710
7e86835c-25b4-46c5-adf9-d58e770a179f,shot_noise,s5,2,0.783307,0.877817,0.883976
7e8ce05f-7902-4cb1-adf5-5dba6dd6230a,clean,s4,5,0.957384,0.977968,0.990018
7ea0719c-9ff6-40a6-9b47-4d7260a421bf,clean,s5,1,0.678969,0.785458,0.917557
7eb83ed5-23a7-4c5d-966d-6dc6e34ee939,gaussian_blur,s5,0,0.645169,0.778397,0.811045
7ebb2760-d442-4f76-9db4-71d88031a228,clean,s5,1,0.686236,0.813599,0.815683
7ec6afb5-9970-49a7-9efe-c01a8171eb53,shot_noise,s5,2,0.734625,0.845891,0.854296
7ed51f8a-899c-49fd-8716-d0e506b05d76,fog,s4,1,0.958338,0.978457,0.991195
7ee90865-975d-416d-a873-5c158e52d90a,gaussian_blur,s4,5,0.421102,0.457172,0.842204
7ef07eb5-b178-41e3-9a14-db36abd4425c,shot_noise,s4,4,0.702165,0.822181,0.841028
7efa7809-0a19-44e2-834e-07e72a9070eb,gaussian_blur,s3,0,0.679463,0.771827,0.972687
7f005c95-042c-4bf5-a130-838842a67ee6,shot_noise,s5,3,0.682679,0.811106,0.813078
7f07039b-9f90-45fb-80f9-43093050d12c,fog,s5,2,0.562220,0.666808,0.878725
7f1a27c5-e739-4fae-b545-23aeb2a32a59,clean,s4,5,0.709289,0.819651,0.886879
7f22576f-0d23-45c1-8722-9b46e2c87c9b,fog,s2,3,0.484171,0.555323,0.870859
7f2e6353-8193-4cd9-bf4b-b19d08714a98,gaussian_blur,s4,3,0.829164,0.901615,0.957319
7f36370f-88d1-46b7-96a0-a89d0b9af1d2,clean,s5,4,0.916095,0.956175,0.957028
7f38d16b-c5d6-42b6-b627-59fd6d95e9a8,fog,s5,1,0.766936,0.867323,0.873931
7f477f40-d69f-453f-93ac-6e6faa0b8b3f,fog,s4,4,0.757995,0.854956,0.913251
7f48dc1d-2b93-4e5c-8238-1e4be499f159,clean,s5,4,0.903780,0.949437,0.949882
7f558d04-e22c-46c2-8f8e-8987f58dbe94,shot_noise,s4,1,0.604080,0.750617,0.763453
7f5c7338-9f31-4fa4-8ae5-85c8eb6d0e22,clean,s4,4,0.964637,0.981874,0.988962
7f7d1882-561d-4aeb-8cb0-ff0823aaa205,shot_noise,s4,1,0.893161,0.942542,0.961391
7f8048f6-75f8-4dcb-9450-d7409591d3f4,fog,s5,5,0.949787,0.974210,0.975684
7f8eca8e-893e-4920-9288-09bb5bee2355,shot_noise,s4,4,0.944713,0.971262,0.982311
7f8ed914-9218-4537-9ff9-40126229efd2,gaussian_blur,s4,5,0.551642,0.652634,0.879189
7f9db328-156b-44c0-a28e-802cf77d0659,shot_noise,s5,1,0.574208,0.718570,0.768427
7fba263c-33c8-4033-becc-bbfe18e19ef5,shot_noise,s4,5,0.635197,0.765778,0.824416
7fbdcd0b-2dbf-4fdb-a782-7bab976fca00,shot_noise,s5,2,0.841018,0.911404,0.938933
7fc73bd6-8e13-457c-9660-857c82e1421f,shot_noise,s3,4,0.792462,0.872430,0.976604
7fd35c26-b909-4f8a-bc61-f4340757a886,gaussian_blur,s4,1,0.954323,0.976486,0.982651
7fd52f4c-aca8-42d5-9028-5083496b9f7d,fog,s4,0,0.421054,0.457144,0.842108
7fdbe0aa-203f-4af2-9a29-e2e3daa3d9d0,fog,s4,3,0.710931,0.810577,0.939104
7fe77344-f81d-43ce-bb2f-000370593f37,clean,s4,3,0.838664,0.910349,0.933504
7ffbd7de-9a0b-4cba-a38f-f38eb8f20953,shot_noise,s5,3,0.899704,0.947148,0.948277
800ba15b-8f83-4f29-8f99-c39047379982,clean,s4,2,0.964637,0.981874,0.988962
801ad337-c798-4477-ba29-3e77c7030b21,shot_noise,s5,1,0.922425,0.959466,0.964117
80263477-bef2-47c2-90da-197c122b2d39,fog,s2,3,0.692332,0.779623,0.993243
8027f180-0a62-4df0-a641-9cc3fae735be,shot_noise,s5,0,0.435240,0.573291,0.684343
803c965b-67f4-46eb-b097-9ebdf5e85d53,clean,s3,5,0.809984,0.886786,0.967726
803ccd55-20ba-4bd5-8178-95f93b8064fb,shot_noise,s4,2,0.882052,0.936206,0.954944
803ef824-5cb6-46cb-aea4-09198be986f4,fog,s4,2,0.458218,0.604338,0.689435
80649eef-328e-4c96-8002-ca44cfd44065,gaussian_blur,s4,3,0.832850,0.903913,0.959696
806b59fc-f66a-45f5-88d0-dca731119dac,clean,s4,5,0.838655,0.909635,0.941173
806edf97-1c1a-4306-80b8-e0acab105f73,shot_noise,s3,4,0.629728,0.739809,0.899600
8073b26c-6d2d-42ba-a5d0-95ba8f278731,fog,s4,0,0.709014,0.822409,0.870987
80796a62-1f37-4f54-b322-778542f11d9c,fog,s4,0,0.826100,0.901652,0.936464
807ef3bf-2417-4443-8b74-8e095681c2ad,gaussian_blur,s5,1,0.562004,0.709604,0.753995
808510e6-4cd7-4f8e-a224-6115119341cf,clean,s2,5,0.600900,0.678857,0.974421
80922a9e-2408-4ba0-9363-8974b3f827ec,gaussian_blur,s5,5,0.855843,0.921853,0.928337
809486d2-14cf-4cec-99e5-aab9cfcbd081,fog,s3,5,0.767179,0.853513,0.968875
809ab904-499b-4a54-b657-e34b413b7a6d,gaussian_blur,s3,4,0.972913,0.986130,0.996405
809c70c0-35c2-44bc-bcf7-039e6da8bcda,clean,s4,1,0.945053,0.971451,0.982246
80a1ebdd-86b6-48b6-b173-7d829bb1cd42,fog,s4,0,0.981097,0.990426,0.993892
80acb98f-1d1e-494b-8f00-d930170822bb,gaussian_blur,s4,0,0.735292,0.840795,0.889301
80adc222-0095-44ae-8bfe-32a1aaa13507,shot_noise,s3,4,0.966086,0.982492,0.997542
80b60385-bd24-4528-821c-edfba7f01e77,gaussian_blur,s4,2,0.959718,0.979278,0.987490
80b97610-448f-40c0-8a9d-97abd5cf4c3a,shot_noise,s4,4,0.830103,0.905000,0.929963
80c344d5-4ee4-4f79-a928-ae1be6b866a8,fog,s4,1,0.856158,0.921331,0.937429
80d5f0e9-e75a-46aa-9f3f-f049a169ece6,shot_noise,s5,3,0.667783,0.795885,0.824900
80e0141b-84a5-4b19-9685-9b03f41efb55,gaussian_blur,s4,1,0.863412,0.924805,0.951904
80e22a93-a4c8-47fd-85c3-00c50ee36df0,fog,s4,4,0.854910,0.919677,0.947970
80ee0318-95f3-4fef-aa5f-42248c51209a,clean,s5,0,0.913790,0.954907,0.955976
813c0a21-d963-4150-b0a4-24f2a9a55c17,clean,s4,1,0.776561,0.870316,0.904406
813e0c17-3516-4a89-ae2f-c910d8a2f37f,clean,s2,3,0.600900,0.678857,0.974421
81400bcd-ea55-4b0a-82b9-59b0db76bf4c,clean,s5,1,0.764145,0.866170,0.867327
81445f48-c91c-49f5-9864-1977cb1be9b8,shot_noise,s5,2,0.955726,0.977331,0.978701
814fdeec-5cb4-43fc-8c78-291adf065390,gaussian_blur,s2,4,0.580232,0.649472,0.976544
815e4338-e456-4bde-a541-b8b23d96353e,gaussian_blur,s4,2,0.579271,0.731438,0.741617
8161e26a-49ee-4745-be8d-251b296de68f,clean,s4,0,0.965332,0.982199,0.991399
816bf71b-a5b3-4f44-b876-b10eafab7013,clean,s4,3,0.660434,0.785272,0.843109
818c28f0-6534-43f6-8f34-0cd99c61559d,fog,s4,0,0.963016,0.981020,0.988549
81ab55c4-7d35-45fb-bd0a-3e0348d7c365,gaussian_blur,s3,5,0.776545,0.861638,0.965153
81b91fde-c49f-4a81-886a-f7073bc99fd0,fog,s4,1,0.363709,0.421102,0.727419
81c258fd-a12f-445a-8bca-513ba01f4341,clean,s4,4,0.359653,0.521143,0.545520
81c78ac4-de2a-42c5-92fc-5cc9915e6815,fog,s5,5,0.438686,0.579443,0.682127
81d45db1-615e-4210-9d83-be72df7f901f,fog,s4,5,0.781887,0.871246,0.926904
81eba864-7914-4623-900b-922bc0e1f342,gaussian_blur,s4,3,0.953398,0.975920,0.985418
81f8a23e-31bc-4607-b500-c95bd2b9e06f,fog,s4,4,0.917111,0.955694,0.980889
8208be42-0090-4dc4-b7a9-2a298d4f926a,fog,s4,1,0.904229,0.949202,0.959637
820f9204-bf45-4d4c-90c1-0f82248c145a,clean,s2,2,0.810433,0.884254,0.990661
82133cd9-6b58-48be-b2aa-572ff65ac5cf,fog,s5,1,0.951586,0.975146,0.977077
822be74e-9ab4-4fe2-bd1e-298573872e44,clean,s2,3,0.961883,0.980217,0.998461
82422396-c6c4-407b-bf1e-5b9be9cd8f62,gaussian_blur,s4,1,0.704130,0.823551,0.842417
824487ba-2a62-4f9f-9f59-7f8c587d0f30,shot_noise,s2,4,0.725912,0.813953,0.987605
824678a8-ec4a-4e47-bf02-d3d8e03c7d05,fog,s4,2,0.862252,0.923090,0.964283
824ddb63-48f7-48cd-b152-25af1bbe0e29,clean,s3,4,0.912241,0.952633,0.985227
825594bd-9eda-47fe-8ba6-3840fe49dc21,shot_noise,s4,1,0.700745,0.813534,0.880416
8256df96-f2f4-47e7-9d72-097d43bd5a41,shot_noise,s4,5,0.709390,0.822061,0.874564
8257adc5-aa14-482b-8822-c5fc3a354659,clean,s5,4,0.893904,0.943976,0.944064
826d35c8-5ff7-43bc-9509-04c2538163bd,shot_noise,s3,3,0.960753,0.979719,0.993049
82774d4d-6b38-4771-91de-c28f5da48df3,shot_noise,s3,4,0.890535,0.939316,0.987952
8279f2d5-a5b6-46d9-8041-58162ef8f0d3,gaussian_blur,s4,2,0.679193,0.800532,0.851163
827e0876-7f72-4dd2-8afb-136e37021dcf,clean,s5,2,0.888450,0.940676,0.945223
82900f10-2f53-4633-8b95-b7c1dc156cb5,fog,s4,1,0.923837,0.959510,0.982661
8297a3f8-d548-48cf-a707-70097f622ff3,gaussian_blur,s5,5,0.830285,0.905750,0.923440
829edb4f-f6e1-4a08-948f-3f4a62b36141,shot_noise,s5,1,0.714439,0.831443,0.845269
82a8d957-e959-45f7-93e5-857e81744a47,clean,s4,0,0.688868,0.810640,0.842888
82ac642b-a0bb-408e-ba35-51211879d5f3,shot_noise,s3,2,0.876377,0.930830,0.981622
82ba7317-0d09-4e32-b2d4-3b3b11ec5c02,shot_noise,s4,1,0.827317,0.902793,0.933339
82c01ef9-18a5-40c8-9d96-0cf9518c933c,shot_noise,s5,5,0.945621,0.972038,0.972512
82d139fa-39db-4f20-8be8-3bc5684dc7e9,gaussian_blur,s5,0,0.913790,0.954907,0.955976
82d16299-807a-40e8-8fac-45e696dc774c,shot_noise,s5,1,0.651584,0.783302,0.815525
82e2b316-5601-4f4b-b191-bf8d8002e554,clean,s4,1,0.846191,0.912927,0.959888
82eea27d-326c-4aee-b6a2-390adb2247a0,fog,s5,1,0.876635,0.933055,0.952306
82f27256-e9c3-4d38-8fdd-5dd23eeac8ce,gaussian_blur,s3,2,0.874703,0.929782,0.981339
830a41a9-ab97-4011-b4e3-7e5482c7342c,gaussian_blur,s4,0,0.945172,0.971344,0.988171
83140605-c3bd-4098-b7d6-c8f5493c005f,fog,s3,2,0.943452,0.970160,0.995792
83228e72-efac-4f53-a7a3-31033290b956,clean,s4,2,0.625586,0.766000,0.785376
8337ea3f-2f17-47bc-a17d-6771af1e3f1d,shot_noise,s4,1,0.668573,0.777296,0.909477
8339fa79-b8a0-41e5-9331-7055f7587a70,fog,s4,4,0.969204,0.984316,0.987259
833a0989-f53f-407d-9530-6dc6983a3eb7,shot_noise,s5,1,0.595790,0.746539,0.747347
833e30cb-87b5-487a-af0b-b93172dea3e9,clean,s5,0,0.714717,0.833040,0.837141
834b83d4-1fb2-4a52-8d8c-4559596f1cc4,shot_noise,s5,4,0.301754,0.458454,0.473136
835ccdb2-d430-4ec8-9a04-9fa6249ba1e9,clean,s4,4,0.718895,0.827043,0.890923
835e372a-785d-4d75-8db3-b414a398f883,fog,s5,5,0.862115,0.925864,0.927146
8366294f-7c40-4957-97a9-37ab6e87101f,shot_noise,s5,0,0.944683,0.971522,0.972710
83733f27-b628-4691-b66e-f88c2fe22032,gaussian_blur,s4,3,0.857414,0.921269,0.948191
837dd67f-81ce-45d6-9ba9-8eb7f8759469,fog,s5,3,0.630171,0.755355,0.845808
838b8adf-22b0-486f-9f6b-a6f96e56d5a9,shot_noise,s5,5,0.302538,0.461410,0.470342
83920ede-0b4f-45c6-9b34-14703c28fd5f,shot_noise,s5,0,0.918751,0.957371,0.964332
839c2771-aad9-42d8-bf9c-da5ed0366e3e,gaussian_blur,s5,1,0.523457,0.674409,0.726470
83ac6783-bf01-4436-84dd-0cf6358a7d1e,fog,s4,2,0.936711,0.966686,0.986402
83b02194-7f79-4c2b-9b71-50ca0bed756b,clean,s5,2,0.941551,0.969767,0.974149
83bc20c2-4b6c-4852-ac43-f649c29afaab,clean,s4,4,0.965332,0.982199,0.991399
83c0bd0d-7ad2-4374-abf1-a59837fb5da2,shot_noise,s5,2,0.515512,0.680301,0.680352
83c93f87-01d1-4a93-bbfc-ccf579e912a4,shot_noise,s1,1,0.898081,0.943306,0.999195
83cd93ff-0d43-4f2d-8c87-afab91a759c8,shot_noise,s5,2,0.854091,0.920690,0.929051
83d0b96a-ffa5-4334-8dc1-f107a8b6a74e,fog,s5,0,0.948656,0.973620,0.974849
83deb81c-6146-4713-86ab-532eb6fc39d8,shot_noise,s5,2,0.558260,0.708329,0.744592
83ec4326-310d-40db-b1da-ff5e17a17be5,shot_noise,s5,1,0.893674,0.943851,0.943861
83f45dd4-0e00-453d-b6b4-a98bdfe5b765,gaussian_blur,s5,0,0.691997,0.805641,0.881369
83f78e69-64b5-4149-ac3b-5d12dc9b2790,shot_noise,s3,5,0.697457,0.797921,0.939771
8409c846-0b85-4f33-89d3-e6407fb86d15,gaussian_blur,s5,0,0.977924,0.988819,0.990560
840d105f-7cc1-4467-baed-160fe118d8b2,gaussian_blur,s3,1,0.319514,0.460366,0.528624
8412ba88-31ce-442d-8ae4-95d0ab41618d,clean,s5,0,0.981296,0.990555,0.991077
841fa90f-2378-449d-879a-03b7b5c1062b,fog,s3,1,0.796171,0.876738,0.965879
842e29c4-f333-4597-9bb8-bd2395e3d4b9,fog,s5,3,0.573826,0.728910,0.730323
84341fce-5e01-4d39-b702-c18d9d1e68f5,gaussian_blur,s3,0,0.914192,0.953737,0.986197
8434a4c4-4db2-44f5-9a5e-f471d6b30efe,fog,s5,4,0.910333,0.953054,0.953238
8446d193-7217-4595-b09b-faea54a994b0,shot_noise,s5,3,0.359382,0.495654,0.594353
8447a8fc-1b90-4e35-b0bb-89d92d6d9541,shot_noise,s4,0,0.951114,0.974815,0.980096
846426e3-d6d9-46ee-9147-2bb7ccdd5d83,shot_noise,s4,5,0.606429,0.736243,0.826128
84651ca6-faab-487e-9283-7c2b2e2122a4,gaussian_blur,s4,4,0.839985,0.908235,0.965339
8469351d-0f4d-4da8-99d5-52dec3c80b44,clean,s4,1,0.698787,0.819804,0.838704
847d49f0-38cd-46db-ad48-aa8d3f8e1020,clean,s5,0,0.588345,0.731028,0.777259
847ec179-cb4e-4228-9cba-10c5aaed9fb1,fog,s4,1,0.850846,0.917021,0.948245
848ea13d-f1db-4325-b3e5-156cdecfa44e,fog,s5,5,0.714322,0.832772,0.836865
849a30dd-0eba-4ccf-ba7a-a906822d1021,gaussian_blur,s4,0,0.920412,0.957707,0.978645
84a01cf2-4421-4485-a4fe-f6a33b0ab269,fog,s4,4,0.360118,0.426106,0.709770
84ac71c2-f652-4152-8807-4743bd3a16d6,fog,s5,5,0.942921,0.970587,0.971814
84b242f5-7051-44a3-be2d-1b0534b6f4e3,clean,s4,2,0.882282,0.935787,0.963509
84b61165-e858-498b-b391-80be75c4d520,clean,s4,3,0.952141,0.975125,0.989904
84bad7ab-e9b2-449c-94df-1e67c8e84cc7,gaussian_blur,s3,5,0.810690,0.886145,0.977163
84c20f43-cd20-45a1-9d59-9838c44c2451,fog,s4,3,0.961695,0.980276,0.990480
84c5b8ae-1d78-4ae7-bb7b-f7d40bfe80b7,gaussian_blur,s5,5,0.894590,0.944311,0.945291
84c7dafb-602d-4353-a5ea-5a09bdd99724,shot_noise,s5,3,0.803235,0.890409,0.895195
84cd851a-dc74-4861-948f-37b5ae1256ba,fog,s5,4,0.877315,0.934582,0.935671
84d78e3e-2564-4903-a4e0-9b1b811ac10f,gaussian_blur,s5,0,0.959815,0.979481,0.980199
84e553a6-f768-4ae3-bbb4-7c633ee28fdb,clean,s4,1,0.908690,0.950888,0.978072
84ef248f-eeab-406b-80af-03817eadff00,fog,s5,0,0.867460,0.928546,0.935755
8511cd7c-8846-4505-9a74-a494947f2d71,shot_noise,s5,5,0.891844,0.942828,0.942869
8517d2ed-638d-4c59-9045-4e085bc5fba9,clean,s4,4,0.885747,0.938870,0.948282
8518062d-9d21-4bb1-8eae-f871fbc2aa2d,fog,s2,1,0.514670,0.588354,0.901195
85203a86-0942-4412-80e3-87c27b6af8db,fog,s4,4,0.938537,0.967997,0.977572
85291518-3ce6-4d67-b139-ec79ff44149c,clean,s4,2,0.944368,0.971144,0.979855
852e79b3-405a-4d1a-8f5d-c91514924882,clean,s5,5,0.691997,0.805641,0.881369
857bb95d-d529-47dc-b0a9-402ea5f7f1f4,fog,s5,4,0.839016,0.912437,0.912747
857d8193-5e35-440c-8bde-7637b1dd33fb,shot_noise,s4,1,0.966112,0.982625,0.990795
8586f12b-6cb9-4105-8f0a-63ef9dae76b3,gaussian_blur,s4,1,0.892302,0.941383,0.972149
8598f867-2cd3-48ff-ab10-7a7d62e403ef,gaussian_blur,s5,0,0.885924,0.939317,0.942715
859fce53-5af0-4b18-856c-0a35c01b8322,fog,s4,2,0.527640,0.639106,0.834005
85a4aa48-de43-4ba3-b215-0b3b0162c5a5,shot_noise,s5,2,0.824511,0.903771,0.904288
85a745bc-b673-4a14-9438-9c76d701684c,shot_noise,s5,5,0.678371,0.803634,0.832480
85b72044-7f3e-45aa-83ff-50ad2faa5f33,fog,s2,0,0.831869,0.899394,0.995941
85b8b637-77dd-41de-bf46-1f1105b9857d,clean,s5,1,0.873856,0.932636,0.933374
85bbe9fe-783c-44ff-b61a-e0ca297a6916,fog,s4,2,0.845074,0.913411,0.946309
85c2bd9b-b599-411e-9389-e1ea8fccb707,fog,s5,2,0.898334,0.946386,0.947547
85ca02c1-b5ee-404f-abef-07b473314fc3,clean,s5,5,0.926334,0.961664,0.964231
85cd3d0e-93f2-47ec-90c5-96868bf65742,shot_noise,s4,1,0.904305,0.949051,0.963424
85d53ebd-ed31-4914-ab2f-f91bc3c01153,shot_noise,s5,0,0.942544,0.970387,0.971604
85d5d908-6258-4628-9198-cda0961e432f,gaussian_blur,s5,0,0.505525,0.671237,0.672541
85d74945-da8e-4f82-8188-5fa7e28c0a10,fog,s5,5,0.659654,0.785020,0.841024
85def0dd-e718-4614-b03e-1c22c6bd1146,clean,s3,2,0.939408,0.968003,0.992346
85e974a5-9f91-4a2f-aa8a-87da5a4facde,fog,s3,1,0.947719,0.972528,0.996082
85ff44b8-76f0-425a-8875-a4c9a8e11b2d,fog,s1,1,0.459739,0.479025,0.919477
860df0c9-8b64-46c7-a6a2-caea31406bf8,gaussian_blur,s4,5,0.951244,0.974775,0.984430
861b8f53-beff-41ab-a752-22000a817b8d,shot_noise,s5,3,0.860131,0.923797,0.938053
8637e151-7df0-479b-8160-7956fd024f9a,gaussian_blur,s4,4,0.874251,0.930139,0.972528
8655b66f-3287-401b-9b3d-93e817a24bd5,clean,s4,2,0.709289,0.819651,0.886879
866533cd-a5de-4138-b6b8-0da33610db4d,gaussian_blur,s5,0,0.873856,0.932636,0.933374
8669bfe5-ebe6-47d3-8346-16882cae2aea,fog,s5,2,0.546284,0.698819,0.732333
8694241e-8e99-4692-b39c-d1578e9efb02,shot_noise,s4,4,0.421747,0.457552,0.843493
86a2f954-9aba-4885-97df-f1a7101ea98e,clean,s5,0,0.921603,0.959017,0.963733
86aad713-5b34-48aa-8097-09987f5c3e57,shot_noise,s4,2,0.762358,0.856498,0.925494
86b1f9d9-4794-4baa-bdd4-88c274515fc5,clean,s4,2,0.421054,0.457144,0.842108
86b6fc26-0b71-4a98-b25b-e37f033977a2,gaussian_blur,s5,0,0.981296,0.990555,0.991077
86df203e-5f32-442b-9f92-e6f7df283335,fog,s5,5,0.498191,0.664851,0.665669
86e0a1c6-c3c3-4eb3-b002-b508527e0a50,fog,s4,3,0.636454,0.766761,0.825371
86e11d42-d462-45bc-aa88-2ec6d96aa365,gaussian_blur,s4,0,0.974868,0.987195,0.993478
86fedbd1-da03-4123-8db2-a05250a11ec6,shot_noise,s5,3,0.981963,0.990895,0.991397
87007d35-7a99-4778-8168-42389309c079,fog,s3,2,0.850260,0.913741,0.980860
87092a48-ba8f-4fd5-86a7-e46dbe61e06c,clean,s4,1,0.952141,0.975125,0.989904
870cc0e0-27ea-4e3b-a5ef-bd9aa80369e0,shot_noise,s5,5,0.924668,0.960690,0.965184
8711bd16-f138-4931-a379-15026e2aa179,gaussian_blur,s5,2,0.242372,0.361332,0.435339
87162523-0787-4a98-993f-0301ed3929d2,gaussian_blur,s5,3,0.831938,0.906791,0.924027
872ae49c-5998-484f-b1d9-40856fb3bdf3,shot_noise,s3,3,0.904643,0.948171,0.983957
872df434-a87e-4b3b-9dde-2d657e8e36d9,clean,s4,2,0.820616,0.895690,0.956885
872efcc9-d9d5-4c07-b44c-7b0b4210dead,clean,s4,1,0.924109,0.959978,0.975045
872fb35e-c6e4-4680-94d4-17b9fa31bf05,fog,s3,5,0.773980,0.860252,0.960891
8736134a-eb5c-43c9-82f6-7b98dcfd7878,gaussian_blur,s5,4,0.863741,0.926822,0.927814
873928e4-f16c-499a-85fd-cdd7d462931c,gaussian_blur,s3,3,0.873597,0.929083,0.981201
873eebaf-904a-40ce-a7b8-4459b6bd1642,clean,s4,0,0.351096,0.412522,0.702192
8749dbab-35b8-40db-9458-9ff952600426,fog,s4,2,0.651407,0.764237,0.893573
87580ead-8f36-4531-9f3d-16f1762348b9,gaussian_blur,s5,2,0.612594,0.751902,0.791445
8771b06a-2421-4975-ba5c-af2dd3b572b1,shot_noise,s4,3,0.886307,0.938570,0.958561
877beb3e-08ba-4868-83d4-b57db92cda32,clean,s5,5,0.728599,0.841314,0.853579
877e444a-fb48-48eb-8310-ae0ceb810077,clean,s2,5,0.831869,0.899394,0.995941
878bd9f9-70ba-4c19-a0ed-07c261b84ee2,clean,s5,3,0.819584,0.900734,0.901989
878f05ed-1130-454a-aee7-d1f564d1238e,fog,s5,3,0.938755,0.968393,0.968960
878f8eff-e50f-404c-bea0-6b47868b3a5f,clean,s5,2,0.515769,0.662921,0.732800
87924060-773d-443f-b927-2edf88ca1c6e,fog,s4,5,0.534644,0.685658,0.732101
87af3999-ea83-4779-84b9-db16716dc7ae,shot_noise,s2,0,0.810433,0.884254,0.990661
87b73eb1-a197-4ddb-a456-bdbce079abee,clean,s4,2,0.698787,0.819804,0.838704
87d910da-4c49-4ece-a666-52f744bda8b8,gaussian_blur,s5,0,0.883857,0.938213,0.940533
87df275e-0ff0-4702-a780-500270d824a8,clean,s5,4,0.763446,0.865283,0.870123
87e50037-aaf7-4c03-a342-0cd2510e2fba,gaussian_blur,s3,1,0.875859,0.930513,0.981441
88066855-e78d-4988-9c92-b59bd5c2e3a6,gaussian_blur,s4,2,0.865180,0.925725,0.954536
880a864f-3626-4603-a81b-d070043676b1,gaussian_blur,s4,2,0.678331,0.802596,0.837436
88118134-29ea-4209-9398-d94c38d311a2,clean,s5,1,0.532432,0.694885,0.694885
88155490-1dec-45b8-a9fb-dcabf644d0ad,fog,s4,4,0.839314,0.910924,0.931882
8819d2bf-6d42-405f-9920-c6ef144f3bd1,clean,s4,2,0.718895,0.827043,0.890923
881d51cb-451a-4b16-8a02-03d52daa2859,gaussian_blur,s4,2,0.924572,0.959883,0.983868
8824cf7d-5783-4036-9a65-f15a1ef88ac9,gaussian_blur,s4,0,0.959009,0.978871,0.988752
882d3436-b6a3-4ba4-8f7e-50182b7fba83,shot_noise,s5,5,0.706277,0.827249,0.831381
88329f1c-b2b7-4237-ae2c-b3f18ee96147,clean,s4,0,0.956672,0.977739,0.983099
883e635f-d15b-4c9b-8219-22d828a4ff68,fog,s4,0,0.556665,0.693898,0.784799
883f9ba8-c035-4b9a-9dd9-3130426a6c41,shot_noise,s4,1,0.832429,0.904536,0.950631
884c7086-8940-4fd5-aec8-8e48c3506a5d,shot_noise,s3,4,0.706124,0.800683,0.963562
885f4e19-2f19-4fb3-92a3-b69d07883ab8,gaussian_blur,s5,3,0.831044,0.907096,0.914518
886a05dc-24d7-4ab5-a039-5c37389864f5,shot_noise,s5,1,0.890761,0.942218,0.942351
887e06e3-b977-4ca8-869e-de23314e3ce8,gaussian_blur,s5,0,0.903780,0.949437,0.949882
8885b030-335e-4d65-ae66-96aadc2b57b6,clean,s5,5,0.714717,0.833040,0.837141
888dbd62-3582-463d-997a-27cfee9be79e,gaussian_blur,s2,4,0.624749,0.710054,0.972480
8892861c-427e-4f44-9278-e13a7972cabe,gaussian_blur,s3,4,0.876864,0.931141,0.981616
88b8e2af-b915-46d8-897b-6b16a39cc631,gaussian_blur,s5,0,0.592518,0.743587,0.746235
88c26ca3-4504-4650-bca9-d71703c6de7f,gaussian_blur,s4,0,0.956672,0.977739,0.983099
88c9197f-4c52-4db6-9a20-1814b41483df,shot_noise,s5,2,0.497791,0.631762,0.754149
88cc3f16-80f3-4420-be9a-9adbfabd1b45,clean,s4,2,0.951114,0.974815,0.980096
88d75891-be0d-4a86-8337-4557004e7984,gaussian_blur,s5,5,0.340407,0.406013,0.679472
88dba762-7ab6-4b1e-87f3-212e00b3ea2b,gaussian_blur,s5,2,0.412065,0.563246,0.630318
88dc810e-6507-4ead-859b-c7a8b73aaabd,fog,s4,2,0.875742,0.932480,0.952643
88dddc08-83f8-4012-b159-d2d6cbaa6c2f,clean,s3,4,0.939408,0.968003,0.992346
88f3c2bf-69f4-40c9-b263-18d18eee7677,gaussian_blur,s5,1,0.865920,0.928004,0.930072
88fb4eb3-c133-42da-8250-f4234d93c3ef,fog,s5,3,0.936822,0.967367,0.967800
89020a84-fc97-44f2-8aa9-e210d559ce06,shot_noise,s3,2,0.889305,0.938982,0.981189
8905f9d6-ff83-4832-8886-72242ab658c3,fog,s4,3,0.769213,0.865224,0.901680
890f0efe-81f2-4462-86ae-0d72055d0865,fog,s3,2,0.685605,0.783673,0.951280
8912e9bf-7a70-4b93-a5e4-1c583f51386a,shot_noise,s4,1,0.667929,0.795354,0.828048
8917f11a-222f-4364-bbf3-18302fd54be8,gaussian_blur,s4,2,0.398066,0.455555,0.778650
891ac8a8-b7ee-49e4-8122-b67820ca6a00,clean,s5,3,0.886212,0.939600,0.940891
89202ac7-0dc0-4abb-ace7-f1a894af1970,shot_noise,s5,4,0.449010,0.515913,0.834241
8922b435-3fc0-457f-ae92-c28be1effa87,shot_noise,s4,3,0.924538,0.960238,0.974651
892b86df-3484-47d5-9430-464605b955c6,shot_noise,s5,2,0.715658,0.834242,0.834413
892fc9c4-3b6e-4cf6-92c0-f8e661031ad3,gaussian_blur,s3,0,0.766016,0.853365,0.963957
89333ea1-b84e-45da-920c-fbe85ba08270,shot_noise,s4,3,0.927163,0.961674,0.976075
893477bd-109e-45d4-ae16-e14b826747d2,gaussian_blur,s4,1,0.772089,0.865537,0.914912
8937cb75-5041-40e6-a306-78670018e9ea,fog,s4,0,0.533584,0.616057,0.903728
893d2c65-4a79-490b-8286-8dbed5b8fcc0,gaussian_blur,s5,0,0.926334,0.961664,0.964231
893d9c9d-70f8-42be-b09a-6960954028b8,fog,s4,3,0.725562,0.830657,0.901781
89571987-aa31-47ed-831d-b13e032a23d6,shot_noise,s5,3,0.881785,0.937039,0.939408
895e8fa6-fac7-40aa-87a5-ec26eb1447f3,gaussian_blur,s5,2,0.883344,0.937708,0.943694
896b157c-d0d3-46d5-bfd5-8e501fe6f8cc,fog,s5,2,0.682151,0.809782,0.817688
896c3cb3-974c-473a-bb56-b7247169c081,clean,s4,0,0.709014,0.822409,0.870987
897436ee-6a49-4198-bd75-481256e7cb05,fog,s4,3,0.839032,0.908454,0.956357
8978d3aa-8ac3-4fa0-93dd-b2a8bd815cf3,clean,s5,5,0.549854,0.700413,0.740075
89800a34-37af-4ff2-933e-77ac3d26f5ef,gaussian_blur,s4,0,0.421054,0.457144,0.842108
898a727c-3f2e-4fb2-953e-c1b29400b554,fog,s4,4,0.964514,0.981768,0.991183
899c51ac-14d1-457e-be0b-1c0ed753b105,gaussian_blur,s4,0,0.575516,0.728421,0.738505
899e8881-4e28-4ba0-a797-5d31b3a6d1a3,clean,s3,1,0.949124,0.973304,0.996158
89b0b632-0454-4d58-a02d-b70e76ec90cf,fog,s4,1,0.793787,0.880286,0.924757
89ca5a6e-7282-4b93-9249-13662eb3a96a,fog,s4,4,0.885990,0.937195,0.977029
89cfdc0e-7db5-4550-8515-0c46ef4c1bc7,fog,s5,4,0.905181,0.950082,0.953220
89d5912f-30ab-463e-b00f-8df1bbfc1938,shot_noise,s1,1,0.438413,0.467186,0.876827
89daf440-5411-4dd8-9609-fb549b570021,shot_noise,s5,1,0.881732,0.937027,0.939088
89dce509-1975-4f5c-840a-9e2910f3284a,shot_noise,s4,0,0.709289,0.819651,0.886879
89e26754-ea45-42d3-857d-692d476ec874,fog,s3,4,0.759229,0.847996,0.962757
89ea5408-3c53-44b4-9fb3-da872bd1d8d5,fog,s3,1,0.573417,0.655342,0.942251
89efb0c1-cf92-4313-8be2-1caa65541ae4,shot_noise,s5,3,0.214218,0.336230,0.377888
89fd5ba2-23e6-410b-84ec-f7e431cfb877,gaussian_blur,s3,3,0.566264,0.647001,0.938587
8a0758ad-8ea5-420e-83fb-ca6b2b73c8aa,shot_noise,s5,2,0.942908,0.970502,0.974448
8a0b4fdd-c0cc-418a-b9d4-d999824302d1,shot_noise,s4,1,0.892948,0.942515,0.959659
8a136dc3-9934-45bf-960c-20efb210eb5d,shot_noise,s4,5,0.887166,0.939757,0.947723
8a164022-57c3-4331-a87f-ab81e7966cc1,gaussian_blur,s5,5,0.954898,0.976894,0.978408
8a1fbd9f-4648-4d03-acf4-53425299bdca,gaussian_blur,s2,1,0.961789,0.980167,0.998455
8a25fa59-7131-46eb-abd1-f136b7456e71,shot_noise,s4,2,0.982701,0.991246,0.994507
8a36aa80-2a7e-4d95-84a8-48a85bf989d4,gaussian_blur,s5,5,0.279758,0.417384,0.471225
8a41b2e6-6ae6-494b-839c-be124aa7b2b2,gaussian_blur,s5,4,0.950834,0.974782,0.975399
8a580576-d354-4aab-a668-a9a731d65074,shot_noise,s5,1,0.737565,0.847873,0.856132
8a5dd60c-acf2-49ab-867d-a057819f893d,clean,s5,2,0.437071,0.549530,0.738698
8a678886-a927-4899-94a0-237e7a21d4c7,gaussian_blur,s4,5,0.730661,0.837449,0.886965
8a6fc918-a24a-43e0-9073-60272b8b3813,fog,s5,0,0.763446,0.865283,0.870123
8a836ef2-8816-41f6-8369-aa4f2aefe90b,clean,s4,0,0.963016,0.981020,0.988549
8a8439d8-a3c9-4611-afaa-0df4bd921365,fog,s4,4,0.759970,0.855437,0.920197
8a8dfa49-ffcd-4930-b38c-bc353ea5b6ac,clean,s5,0,0.321466,0.484502,0.490464
8a930813-43d0-4b69-824d-cdcea7647e5b,clean,s5,5,0.911703,0.953800,0.954076
8a9c53f9-d4af-44a0-8481-34a0517ba3a2,gaussian_blur,s5,4,0.359893,0.439353,0.689723
8a9dd0a3-a9a6-4435-999c-809168e770df,clean,s5,2,0.764885,0.865835,0.873844
8aa0e84d-7162-48e8-891c-69266e4f118f,shot_noise,s2,5,0.487989,0.493922,0.975979
8aa4f478-2429-4aca-a381-6fdad5158f3b,gaussian_blur,s5,5,0.990337,0.995141,0.996021
8aa8f2da-aac4-4e7f-b4d1-c8a51972a057,clean,s5,0,0.768061,0.865402,0.894192
8aaadab4-f64f-4a56-8d19-1f72ec3580a7,clean,s4,4,0.578198,0.708181,0.816862
8ab12a91-94d2-47cd-9f74-1a5f1d4b6b78,gaussian_blur,s4,4,0.829260,0.903338,0.941045
8ac97fb1-10d6-4d89-8b6e-401b556f5960,gaussian_blur,s5,3,0.893028,0.943467,0.943914
8ad9fc38-e156-4a29-849a-2160414b956d,gaussian_blur,s5,2,0.890123,0.941806,0.942928
8adb1771-b792-481a-810d-f8ade9e018d8,clean,s5,3,0.763446,0.865283,0.870123
8adbffdc-a1a9-40ac-b242-a84f2d5c497f,fog,s4,4,0.666956,0.781936,0.884000
8adc6066-deef-4e26-a840-acf44d09a35d,clean,s4,3,0.904908,0.949481,0.961938
8add258d-41a9-42e3-9bf7-a68bd0e2a536,shot_noise,s4,0,0.588930,0.708799,0.852872
8aec33b2-4bb1-4b98-a488-e37ca41f7bcc,fog,s5,4,0.941058,0.969509,0.973750
8af00edf-198e-44b6-a217-845c52cc8d48,fog,s5,5,0.777177,0.874354,0.876736
8aff6e5b-7628-4765-b7ed-57cdaa826e3c,fog,s4,4,0.934030,0.965230,0.984874
8b0aa244-5f14-400f-9e87-318149d2cf6c,clean,s4,3,0.899304,0.946083,0.963672
8b0ce044-c008-4d19-8a4c-9a67162c86de,clean,s5,2,0.828631,0.905935,0.910011
8b0facc1-f957-4fa0-8bfb-9a31ca091554,fog,s5,0,0.570969,0.715831,0.765851
8b201ebd-9f3d-43dd-9a4b-46e70cd8320c,clean,s3,3,0.876253,0.930754,0.981586
8b2bb803-54d8-4826-b5fd-a11ae1295d67,shot_noise,s5,1,0.789942,0.881987,0.888221
8b39ca37-adbe-4515-aa9a-32da78479d45,shot_noise,s5,1,0.944955,0.971666,0.972848
8b41f6f1-4f4f-4f54-b208-f7ce6b27e8bf,clean,s5,2,0.920932,0.958608,0.964400
8b520955-8ba0-4445-8cf1-bb7b3d98e92f,clean,s5,3,0.910122,0.952772,0.956636
8b59d142-c254-410d-bba3-1fd954fffa4e,gaussian_blur,s5,2,0.823291,0.902964,0.904305
8b5f1948-4bca-41d5-a59f-a13f6ab604cc,fog,s3,0,0.922869,0.958580,0.991450
8b66fa84-4772-4199-b567-c17270eb009f,gaussian_blur,s4,4,0.835602,0.906109,0.956555
8b6bf04f-38e5-4742-a016-26f574ea4c5c,shot_noise,s3,5,0.807896,0.885430,0.966287
8b724fb4-0736-4f19-a082-f6302bf45c6b,shot_noise,s4,1,0.561779,0.694284,0.801596
8b742651-06a5-467a-af18-18fb52a5d361,gaussian_blur,s4,0,0.974086,0.986840,0.989328
8b878561-d5c5-46f5-b0df-6f58386839dd,fog,s4,4,0.929041,0.962667,0.977904
8b9a844a-1576-4916-bb45-866bf4dd8e83,gaussian_blur,s5,4,0.796402,0.886021,0.892299
8b9bfec2-8a46-48e6-b115-35d49653f9d9,shot_noise,s4,0,0.793766,0.876318,0.955443
8b9cafcb-e8bb-4d6c-ae60-66c086efefe2,clean,s5,0,0.297633,0.453889,0.467600
8ba6cc18-1035-4c15-9008-ceca140856ec,shot_noise,s5,0,0.819584,0.900734,0.901989
8bbde290-b430-43f0-a3e3-3dfd3c80c7c5,clean,s4,0,0.394990,0.451338,0.775825
8bc84a2a-6384-42d6-a1d4-125fef43133c,gaussian_blur,s4,3,0.668216,0.791202,0.848587
8bd00e03-225d-4954-b371-ee6488d000ca,gaussian_blur,s3,2,0.479964,0.568167,0.834912
8bd48f5e-fc0d-412a-a427-c296ddbfad90,gaussian_blur,s5,2,0.520945,0.670973,0.727745
8bd747a4-02c9-469b-ab59-26461861f7e4,gaussian_blur,s5,5,0.758046,0.861358,0.869700
8bdce094-bba4-4c33-b2b3-e91fb87acabd,clean,s4,0,0.588930,0.708799,0.852872
8be5a7ce-54d6-43fc-a35f-353a2c1c3c10,gaussian_blur,s4,3,0.328179,0.473315,0.533792
8be9abd7-fd10-4ee2-b2db-28c688ba2d9a,shot_noise,s5,2,0.977763,0.988751,0.989221
8bedfd91-707f-4a4c-ab24-2c519308214f,clean,s5,5,0.588345,0.731028,0.777259
8bf323a9-0bb8-4f82-a1ff-e08d16e72076,clean,s5,0,0.877777,0.934393,0.942800
8bf872bf-8ad0-4c76-853e-7e4bac7a475b,fog,s3,5,0.806856,0.884111,0.970709
8c01f7dd-ef48-46ec-9a1c-39f5251b40e7,shot_noise,s4,0,0.766886,0.859801,0.927012
8c027003-2e8c-4b22-9867-a0f721b36186,clean,s5,3,0.856403,0.920739,0.946736
8c0f2c17-1aaa-4e0f-9da7-3e1cbd3f72cd,shot_noise,s3,0,0.876253,0.930754,0.981586
8c13c2bd-9df4-4610-95a2-746fc78730b2,fog,s4,5,0.765176,0.863577,0.891826
8c21a570-c52c-4925-8b90-4201c25bd33d,clean,s5,1,0.953872,0.976350,0.978131
8c522988-d8a2-4630-adfd-f10a197d0666,fog,s4,0,0.394990,0.451338,0.775825
8c608ebb-7391-479c-bc86-02ec16852f9d,gaussian_blur,s1,1,0.485547,0.492667,0.971093
8c789ed3-d2a9-4bcf-b23e-9e21b07ba903,gaussian_blur,s5,4,0.821511,0.901955,0.902576
8c7fc5c2-a5e7-44d3-b182-ad7f0eefe756,fog,s4,4,0.846903,0.914738,0.944880
8c84be3e-6d4f-48f7-893b-d8839939a52f,gaussian_blur,s4,3,0.951451,0.974964,0.981440
8c886235-184b-45d4-a877-6f5c3b11c75f,gaussian_blur,s5,0,0.532432,0.694885,0.694885
8c8c1ae3-111e-4740-936b-1456e768c789,fog,s3,0,0.697593,0.798074,0.939662
8c949307-cd79-446e-b180-eb9386d6a74d,clean,s5,1,0.977924,0.988819,0.990560
8c9936ec-6c18-49e9-ba3a-4c2d4b37113b,clean,s5,2,0.948805,0.973722,0.974029
8cb2980e-0e3b-4dce-8412-ec02446c5272,shot_noise,s4,3,0.629549,0.744745,0.882053
8cc75e9b-f186-415b-be32-d5d193acd67e,fog,s5,0,0.959815,0.979481,0.980199
8ccc949e-ffe6-4a45-9c64-1fc259613a7d,clean,s5,5,0.903594,0.949069,0.954985
8cd25aba-ef4e-4e0c-ad47-08cf5ee4e484,clean,s5,1,0.883857,0.938213,0.940533
8cd5fa17-37bc-4eaa-8257-fd8097a29a88,shot_noise,s5,1,0.917081,0.956631,0.959427
8cda1b5f-1a4f-4115-968a-f68bdcf8b682,fog,s4,4,0.814043,0.896147,0.910419
8cdfa51c-339c-48b2-b286-b44c1bedbc7a,fog,s5,2,0.574134,0.722686,0.753888
8ce3ad58-dddb-4a8b-8cf8-d6fb9f571b13,fog,s5,3,0.391713,0.538762,0.615301
8ce3d620-db8d-4f55-b50b-fce69f9508fe,fog,s5,4,0.797842,0.886556,0.896363
8cf2be64-6181-4070-add7-78837513fa9b,shot_noise,s5,5,0.823093,0.902956,0.903040
8cf6e897-fe4a-4337-b3a6-f73d9b05d5f3,gaussian_blur,s5,4,0.954061,0.976490,0.976502
8cfd484b-5bce-46fa-9cf6-dabe279844e0,gaussian_blur,s5,4,0.672423,0.803814,0.805743
8cfdfb99-f924-4193-bfb0-99b1524ffa9b,fog,s5,5,0.912691,0.954313,0.955227
8d0129ad-f970-4a3d-9485-7f95efb42f0d,fog,s4,2,0.965342,0.982204,0.991423
8d11546c-dbd9-4106-9e29-a3a140dc33b8,clean,s4,4,0.688868,0.810640,0.842888
8d189094-b5e9-4d01-b921-0beb3f931be4,clean,s5,1,0.918751,0.957371,0.964332
8d199a47-ad2a-4fba-abb1-542ab12a8028,fog,s5,3,0.711166,0.830632,0.834597
8d1f1142-3b3c-47d6-a826-9c37695bddd0,shot_noise,s5,3,0.804324,0.891504,0.891995
8d2098b8-8f3c-418b-81c7-69f083316db7,gaussian_blur,s4,5,0.928857,0.962557,0.978069
8d3887d8-f897-4cba-91aa-42a75af3ef83,fog,s4,4,0.855094,0.920355,0.941120
8d434b9f-6268-4741-90c0-062470cbdb60,fog,s5,4,0.833154,0.908393,0.915440
8d4796d6-0bf3-41b4-bd23-a651083031bd,fog,s5,3,0.672143,0.803742,0.804891
8d4899ff-e4f3-482f-85bf-aada5f58db96,fog,s4,5,0.480178,0.624344,0.713941
8d59ddaa-2a96-4e63-b87c-016bef1b324b,clean,s3,4,0.837148,0.906146,0.966869
8d67137e-8417-4e58-8ec8-6b36ba7a33ca,gaussian_blur,s4,4,0.719813,0.827324,0.893595
8d723e40-1a34-4ec5-95a5-3cde4a11f28c,clean,s4,3,0.375219,0.535107,0.568443
8d7a9fac-c665-4f8e-8fcc-99326e00f554,gaussian_blur,s4,3,0.704704,0.808828,0.920656
8d7ed09e-a692-451f-b706-246362f9f95d,gaussian_blur,s5,0,0.945104,0.971758,0.972480
8d89140a-da65-45d3-b13b-1065f5bf3c08,gaussian_blur,s4,1,0.584706,0.726744,0.778896
8d8adaf0-b808-44e6-be62-4221aaa07c4e,fog,s5,0,0.870114,0.930488,0.931387
8d9baa92-36e9-4a04-9d33-bbbca5073460,shot_noise,s4,5,0.823575,0.898260,0.952331
8da30662-1f43-4d21-b451-733d3d207c96,clean,s4,5,0.979257,0.989477,0.993552
8da419b3-108b-4be5-8ed5-0f213f7adb22,gaussian_blur,s5,4,0.614305,0.761070,0.761107
8dab32b0-f753-4246-b1da-29d1467f42f6,gaussian_blur,s4,4,0.730389,0.837268,0.886731
8dab7a06-36b9-414f-916d-4d90a9586b86,clean,s5,1,0.454484,0.619961,0.638048
8daf6914-2c8f-4525-8138-8b1f2c6e3757,gaussian_blur,s4,3,0.737440,0.842691,0.888235
8db5c614-1796-49cd-889c-998ab3cc3355,fog,s5,0,0.285316,0.425276,0.476474
8dbc0b58-16f5-4b43-8101-13a49a346070,clean,s5,5,0.885924,0.939317,0.942715
8dbd0bb4-cf54-4a87-befb-d676c92d64b6,gaussian_blur,s5,0,0.768061,0.865402,0.894192
8dc00af6-2d6d-4886-b6b7-7b2fe6dd94cc,fog,s4,2,0.643122,0.773246,0.824960
8dc106bf-5b9f-4fca-a20e-cfc6ecbfc341,gaussian_blur,s5,5,0.920908,0.958641,0.963298
8dcc5d2b-852d-49bc-9c53-f2f7c22f90c0,fog,s5,3,0.960049,0.979587,0.981105
8dccbed1-1d40-463a-92eb-e5e6622f3548,shot_noise,s2,1,0.888880,0.937709,0.996752
8ddfafba-5eb7-4998-b86b-9c302c1f9e73,shot_noise,s5,5,0.882353,0.937454,0.938244
8df9c809-e839-40f8-822d-6cbfb06dd674,gaussian_blur,s4,3,0.919352,0.957188,0.976517
8dfc96fc-52dc-4b48-a935-28cc606568e2,clean,s5,2,0.854888,0.921349,0.927099
8e1e797d-63fc-4e67-a05d-ceb991511cf7,clean,s4,3,0.885747,0.938870,0.948282
8e206438-f88d-45f4-8ead-7342e48e68db,fog,s5,1,0.830671,0.906839,0.914650
8e261362-93e9-47de-a363-8ae6827d1e29,shot_noise,s5,3,0.751697,0.856383,0.871253
8e36fdbc-1a23-4dfc-a16f-aec7ba41a034,gaussian_blur,s4,3,0.925953,0.961005,0.975600
8e3e4328-e4b6-4c37-b7fe-24080817e979,clean,s5,0,0.896120,0.945214,0.945221
8e46c8bc-10e4-40f4-844b-096236261ad8,clean,s4,0,0.959009,0.978871,0.988752
8e4ca295-d597-42dd-8fa4-b9e932ed20d0,fog,s3,0,0.837148,0.906146,0.966869
8e52677e-1799-4673-8083-afcb0400e13e,clean,s4,5,0.974868,0.987195,0.993478
8e5bda4d-c24c-4361-9573-f2e2700ba469,shot_noise,s5,2,0.420964,0.559356,0.667735
8e5d3d7b-72fc-4bdc-96b2-1f094a30a23f,shot_noise,s5,5,0.786045,0.880055,0.881481
8e6141a9-05b5-4075-897a-28c6c54e05cb,clean,s5,0,0.815430,0.897896,0.902609
8e67ed2c-e2b9-4d4c-a142-937f8fece455,fog,s5,4,0.608258,0.751536,0.776066
8e69eb26-7236-4f23-a3fc-babd69c3db12,shot_noise,s3,5,0.961928,0.980318,0.994656
8e8865b6-e23d-4bf9-b407-04d1fab042fa,fog,s4,4,0.849140,0.916831,0.937472
8e8d3a31-a901-4c8b-82fb-b43800d19aa7,shot_noise,s4,0,0.838655,0.909635,0.941173
8e8e6675-a0b7-426b-8590-da151c57360b,shot_noise,s5,5,0.209029,0.329623,0.369883
8e90e07b-a295-4408-9c4d-3036a80d8f37,clean,s5,5,0.953872,0.976350,0.978131
8e9361ca-84c1-4a9f-b0c0-d4e3dfc06ebb,shot_noise,s4,3,0.601647,0.722857,0.853860
8e94a0f4-069d-4dfd-a00d-395b7248a0d0,shot_noise,s4,1,0.807846,0.887064,0.952565
8ea97847-b5f0-49a9-a184-9f75d17f16f5,fog,s5,1,0.784798,0.878780,0.884745
8ebbb8d5-a8af-49eb-a2b3-20eb5c5ede2f,fog,s4,3,0.867978,0.927629,0.952740
8ec1b488-9894-40b3-8454-6294cb2e6207,clean,s4,1,0.817214,0.893841,0.951909
8ecf61f9-2642-4476-8036-4565aabc9af8,shot_noise,s5,0,0.929607,0.963512,0.963718
8ed29094-319c-4185-a3d0-7a061285b655,fog,s5,2,0.668149,0.798633,0.813147
8ed3953e-991d-440c-923d-93205d1d50cb,fog,s4,4,0.851113,0.916011,0.961933
8ed69ebe-fac5-4dcd-a491-9eebe329e183,fog,s4,3,0.896452,0.944311,0.964940
8ee36504-c7ad-4e62-bd8e-023f3539aea3,fog,s5,5,0.894187,0.943961,0.947298
8ee6557e-1d44-432a-b8da-f0230a013fcc,fog,s4,5,0.965783,0.982449,0.990823
8ee89b07-6235-48e2-8d6e-6b171d01b8f1,fog,s3,3,0.971424,0.985348,0.996192
8eede301-18e2-4534-a6f1-b6c70bf54426,gaussian_blur,s5,2,0.674892,0.805566,0.807575
8f04165d-1815-4b2c-b8ec-feed1ecb8d65,gaussian_blur,s5,0,0.867460,0.928546,0.935755
8f1ba77d-152e-4d15-9180-44c1d92a6a28,fog,s4,1,0.924173,0.959675,0.983339
8f1eb856-77a3-4d57-a56d-b3f41238b2b8,gaussian_blur,s4,3,0.382741,0.542086,0.578736
8f1fb95d-e707-4842-b9eb-2733fa27287a,shot_noise,s4,1,0.929846,0.963361,0.971477
8f2f7780-5c9c-427e-8087-6f6456232193,shot_noise,s5,1,0.225398,0.349500,0.396128
8f2fcba3-29a8-4cc9-b562-50972785b3a7,clean,s4,5,0.625586,0.766000,0.785376
8f3360ed-847e-4c6a-9ae7-09338bfd63fd,clean,s4,5,0.479919,0.593171,0.784757
8f3557a9-a3d9-4f88-89fa-452c56880fd0,fog,s5,5,0.931860,0.964664,0.966541
8f39b95b-1fcb-4c83-8acf-87a45f418a78,clean,s3,5,0.805335,0.883025,0.970373
8f42114d-9787-461f-8e58-676eceff90cf,gaussian_blur,s4,0,0.981904,0.990829,0.995243
8f4ff73a-d8b7-4975-9acc-357ab6394bbc,clean,s4,0,0.731817,0.829203,0.938476
8f53c379-368d-446e-b618-0becde90b343,clean,s4,3,0.742344,0.846142,0.890981
8f5aaf91-e173-4a70-8325-b20e2cf24cb3,gaussian_blur,s5,0,0.905823,0.950582,0.950635
8f60ba44-e8b0-4fe2-8e42-5095d7ebd05a,fog,s3,4,0.723129,0.825118,0.920535
8f6dd281-9f78-476f-8471-d5276dd4c6a3,gaussian_blur,s3,5,0.564035,0.644414,0.937355
8f703384-61d7-417e-8004-e72431dada00,gaussian_blur,s4,5,0.624564,0.734775,0.897570
8f73d3ae-8561-46d0-84f6-18157bfda35a,shot_noise,s3,4,0.950360,0.973984,0.996265
8f7544ab-78e4-406c-9d68-0f06daa8950a,gaussian_blur,s4,0,0.829285,0.902204,0.952411
8f855046-f692-4b58-8a21-a1a15b2f1836,shot_noise,s5,4,0.909613,0.952599,0.954108
8f891ea1-5066-4eec-a6ed-6c242717c953,clean,s5,5,0.782706,0.877273,0.884934
8f8d62af-231d-429e-80e3-a3870cd3b98d,fog,s5,2,0.887061,0.940120,0.940662
8f8e3aea-2a5c-4108-b6b5-05c510879955,gaussian_blur,s4,2,0.749243,0.849722,0.902736
8f9965bf-6ac0-4b78-9b38-f2d0ba820f20,fog,s3,4,0.416262,0.484630,0.788080
8fa341fb-2122-4bcf-a940-b2e5e5df1747,gaussian_blur,s3,0,0.624439,0.745741,0.859520
8fa570df-1956-4755-912f-7a82f8d7235d,shot_noise,s3,1,0.405568,0.531999,0.673429
8fb07c6a-f9ea-471a-950b-103b88530dbb,fog,s3,5,0.572215,0.653869,0.941819
8fe13e5a-3f04-4ab2-a15c-167a018cf51c,fog,s5,4,0.966412,0.982908,0.983584
8fe546dc-b315-4fa8-8468-3c0a12fa7917,shot_noise,s2,5,0.830408,0.898341,0.995947
8fef4133-4ea1-4898-a164-ea222cf77efb,fog,s5,3,0.444710,0.513088,0.826253
8fef8537-b052-442a-8189-ff21ba478709,fog,s4,3,0.873528,0.929911,0.969369
8ff1ff46-b251-4fb5-94ee-36f6e5934dc0,clean,s5,2,0.945124,0.971680,0.975613
8ff431c7-9206-4daf-b1e4-666b8832c730,clean,s1,4,0.895039,0.941416,0.999171
90111736-4d5f-4de1-9457-3e7a7e9fbbe4,shot_noise,s5,3,0.936071,0.966961,0.967557
901c922a-ade3-4170-b421-5849f635b09f,clean,s3,4,0.454125,0.536814,0.814133
9038f635-2917-41be-b49e-c5c3755a234d,clean,s4,4,0.588930,0.708799,0.852872
90395ffb-a521-42fd-955f-5240027a0891,clean,s3,0,0.575348,0.657450,0.943515
903d26ba-5e9f-4401-b434-329bfbdaf397,fog,s4,2,0.627843,0.761280,0.813691
903ea380-92c1-4d63-aaa0-2d177ccb1194,gaussian_blur,s3,4,0.775339,0.860489,0.966389
904ae84f-4e20-456c-b57a-7a38ea8895f9,fog,s5,2,0.905884,0.950350,0.956024
904bd03f-ddb3-4c18-a61e-aa95505c6136,fog,s2,1,0.869083,0.925000,0.996048
904e2347-d71a-43be-82f9-e7c38b7de453,shot_noise,s5,1,0.843685,0.915034,0.917356
905388be-f29d-4e80-9f11-8f6467830355,fog,s5,2,0.938068,0.968027,0.968587
90548d92-e07f-443d-975e-639279b5e48e,gaussian_blur,s3,4,0.659480,0.755452,0.955718
905a4bd9-a6b8-457b-a27d-ae06d1c52dc6,gaussian_blur,s4,2,0.963068,0.980962,0.992988
90612060-2d5e-4be4-8e89-a67e687b14d0,shot_noise,s3,2,0.621535,0.722870,0.924400
906afdba-525d-4b34-99da-f8b4d05ccaf0,clean,s3,0,0.728688,0.820478,0.968805
90716023-f6d2-4924-b8cb-6e7375b124d7,gaussian_blur,s3,0,0.459728,0.479019,0.919455
9072f0e5-ee99-4049-a492-08f0477dc02c,fog,s3,1,0.759855,0.851978,0.941669
90775dab-74f7-433f-8a5f-78f6239a40c9,fog,s4,5,0.856650,0.919465,0.964091
90836ec6-064b-450e-be1a-b9f41d2742ac,gaussian_blur,s4,2,0.958458,0.978522,0.991179
9083a713-0d23-451a-85b3-8b0e44ffcc53,shot_noise,s5,0,0.675384,0.806244,0.806246
9088dc40-de61-4548-8043-5bd7d9cd4c42,shot_noise,s3,3,0.771182,0.856792,0.968699
908959a6-d31b-4464-bd4c-28aae65ff30d,shot_noise,s5,3,0.840866,0.913023,0.919675
90a623a6-b364-40b8-b278-c1388cd1ceeb,clean,s5,5,0.787276,0.880315,0.886525
90b0069e-2dd9-4796-92b3-7bf5ef37740b,clean,s5,3,0.570969,0.715831,0.765851
90c52c37-5360-4d47-8572-209f9f9673e8,gaussian_blur,s2,1,0.933118,0.964266,0.997189
90c69797-220d-49b2-86c5-25d6c6f62b2a,gaussian_blur,s5,5,0.632526,0.774521,0.776607
90c824a1-f285-4a9c-9353-a6a84cc654c6,fog,s5,5,0.502573,0.668393,0.670629
90d87158-2333-4431-87b1-aabc3a812a6b,clean,s5,4,0.981296,0.990555,0.991077
90dc5718-1c9a-4b05-a59c-8f83b0fca98d,fog,s3,0,0.907010,0.949421,0.987159
90e3266a-ba15-4e89-8510-4f92cca3002b,gaussian_blur,s4,4,0.657106,0.777383,0.863573
90eefbf7-09ab-4393-b011-bc7d87fc6d7c,gaussian_blur,s2,0,0.727378,0.815265,0.987847
91033d10-5712-4519-992c-0a640b193521,fog,s5,4,0.892007,0.942708,0.946655
9106656d-ff5f-47d4-83be-cc6d9f870630,gaussian_blur,s4,3,0.907896,0.950375,0.978925
9106c417-90e5-442a-b96d-266aa0cfaa6f,fog,s5,3,0.930568,0.963976,0.965684
910879d7-17fd-4c54-a468-ddd2471a4ddc,clean,s4,2,0.795783,0.879454,0.942905
910c4d49-e21a-47e2-80a9-fc04c21ca27f,gaussian_blur,s4,0,0.513689,0.612761,0.849067
91135455-7387-4090-9a4c-323e8cd14ea3,fog,s4,5,0.747372,0.848131,0.903445
911410eb-fc9c-41e3-a3c8-ebbce57c551e,clean,s5,5,0.948656,0.973620,0.974849
9114b641-85e4-4227-be63-3f58820f8b4d,gaussian_blur,s5,3,0.879417,0.935584,0.939813
9116513b-f71d-4267-9a4a-ddb2c2a69d3b,shot_noise,s4,4,0.852999,0.919985,0.929216
9120c635-d07c-4f8e-b0ef-0a81b10b0a9d,shot_noise,s5,3,0.837030,0.910698,0.917875
91223e4b-e6ab-4fb4-9659-950bbe9bb159,shot_noise,s4,3,0.432487,0.508930,0.797070
91259dee-8b23-4aaa-8c10-4223a5287f62,shot_noise,s3,5,0.766187,0.852841,0.968027
912f1727-3397-49ba-8357-d36e3b4fc30a,fog,s5,4,0.853386,0.919770,0.934907
913c8ab9-4ff2-496b-9a0a-dca1fd07ea3a,clean,s5,0,0.905823,0.950582,0.950635
913d18c7-c22e-4422-933c-7df8b7260684,clean,s5,0,0.454484,0.619961,0.638048
914747c0-54a6-4eb6-8e0f-4415cd769db1,clean,s5,4,0.570969,0.715831,0.765851
91477cd5-6e58-461b-8a76-1d2d48985f36,fog,s5,3,0.968844,0.984166,0.984800
91481ce7-fe02-4cb7-9a59-06f6b74ebef4,fog,s4,0,0.435397,0.513471,0.798190
9156d474-5964-41cd-b5d9-65c9ea9db680,shot_noise,s3,1,0.806572,0.883927,0.970496
915aacc8-5c33-4d28-8ee8-647cd7e8b3b4,fog,s4,5,0.531078,0.674348,0.753253
917961d3-e361-4544-8be2-9f44e589e14f,gaussian_blur,s4,0,0.394990,0.451338,0.775825
917ac631-ef28-4d0b-903d-18896603c4b9,gaussian_blur,s5,3,0.491964,0.659129,0.660528
918f8f56-ae51-48f0-b839-90236ee706a4,clean,s5,1,0.782706,0.877273,0.884934
919ff2e4-1fcd-4699-8d9a-f43a380dc380,gaussian_blur,s5,3,0.697637,0.816897,0.849168
91a73237-c598-4f39-81d3-e3837ad121cc,gaussian_blur,s5,0,0.973973,0.986811,0.987083
91a9974d-68a7-4703-b13a-d24ce85a563a,gaussian_blur,s4,2,0.730765,0.837536,0.886944
91ba2fe6-f0c0-4e0a-b947-b983b969e4d5,gaussian_blur,s5,2,0.512864,0.677866,0.678432
91bf1621-c579-4f37-8441-fc7c62210fbb,shot_noise,s4,0,0.731817,0.829203,0.938476
91c84e58-c60d-4360-9466-aac7ec13df19,fog,s4,1,0.697111,0.810062,0.881888
91ce71b3-f764-4cf1-9502-e3a1e9cce5c6,shot_noise,s4,3,0.693996,0.808251,0.877291
91d03c7e-c8c5-489e-9e35-c638c2912200,shot_noise,s4,4,0.890585,0.940373,0.971541
91d93417-5a72-4831-ba57-f54fa575a03e,gaussian_blur,s4,0,0.556665,0.693898,0.784799
91dfed88-d50b-4048-b9d1-f53b40001d43,shot_noise,s5,2,0.839139,0.912238,0.915920
91e14db7-52c3-4d95-a6c6-347f593f2bef,fog,s5,5,0.377530,0.543913,0.557365
91e5685a-02ec-4ba4-adfe-31a6e5d86eac,shot_noise,s5,3,0.916401,0.956367,0.956619
920f93fb-5306-4994-beed-474dc76ea9cd,fog,s4,5,0.803724,0.887321,0.925459
92162f2d-c4a5-4b73-b84e-b2e0a0418308,gaussian_blur,s4,5,0.972168,0.985790,0.992748
922ac222-326c-4e2d-99cc-d28529def359,gaussian_blur,s1,4,0.477536,0.488510,0.955072
92415c1a-862f-4676-bf63-319c03229b5b,clean,s4,4,0.981904,0.990829,0.995243
924fc1b5-36f6-4a17-bba5-e9526dcf4216,shot_noise,s5,3,0.766695,0.867008,0.874973
928c1115-e95a-4e20-bb2a-7e85f1629783,shot_noise,s4,3,0.317576,0.456761,0.528635
928d65cc-cb0a-4b25-8d05-f8f346503abd,clean,s4,0,0.822005,0.898640,0.938501
9299cca9-7067-4e88-8239-28e856e78e7e,fog,s3,4,0.955865,0.977060,0.993755
929b51a4-3e69-4c70-841f-810d328451d6,gaussian_blur,s4,5,0.924774,0.960350,0.975216
929c8bbd-27c1-4afd-af61-b25b9449e1ba,gaussian_blur,s5,0,0.815430,0.897896,0.902609
92a5eaf3-5aec-4b81-bbc6-77f19503532c,gaussian_blur,s5,4,0.883642,0.937987,0.942090
92a7519b-9592-4289-b45a-afcd9f8f6f00,shot_noise,s4,0,0.919866,0.957641,0.972885
92ac5064-4edb-4f83-8afb-82919129cd61,fog,s5,2,0.631889,0.757343,0.844829
92b32e61-54bc-47b3-86d4-aef4a991dd40,shot_noise,s5,5,0.752096,0.855890,0.876693
92c064b1-c104-4000-a82a-f44d858801d7,clean,s5,3,0.888450,0.940676,0.945223
92cc35a5-d1aa-4b4c-ac8c-4fbe540f3c33,shot_noise,s5,0,0.636918,0.775562,0.789910
92d92777-4a1a-4093-a7a0-c0f00eb18df6,fog,s4,3,0.955061,0.976814,0.985659
92e41304-129e-4e83-86bf-deeba03234f7,fog,s5,4,0.823574,0.903088,0.904957
92ed0545-ed78-42a9-8418-c5dbb7a5d6cb,gaussian_blur,s5,2,0.694632,0.817296,0.833520
92f47e62-d38a-4128-8d9f-f8f37507ac4d,gaussian_blur,s5,4,0.930583,0.964037,0.964235
931eb204-4325-438d-91a7-b2fdf4d56c39,clean,s4,3,0.964545,0.981752,0.992967
93206477-3e4c-405c-ba9a-7e22bbc5f9db,gaussian_blur,s4,0,0.513633,0.664796,0.720084
932bce87-490b-43a0-869f-d3e5cf296eff,shot_noise,s4,1,0.697186,0.818677,0.837583
933adb52-09ad-4808-8a8d-184cc427fffc,gaussian_blur,s2,3,0.557618,0.624511,0.959611
934144b8-3cf4-4325-9ce2-bab71378e7d3,fog,s4,0,0.742344,0.846142,0.890981
9342de28-bf7b-4a19-985e-7482dee7eb71,clean,s3,3,0.965744,0.982309,0.997512
9347487b-4071-4afc-acb4-943d3c54c644,shot_noise,s1,3,0.426139,0.460124,0.852277
935bae44-55cc-48a7-8ff8-58e078e503f6,fog,s5,3,0.520033,0.674739,0.713445
935e0110-d1dd-4835-b700-d2f8a78ca267,gaussian_blur,s4,1,0.619108,0.728926,0.896913
93635e8d-c867-43bb-b589-653cb74fe143,clean,s5,3,0.977924,0.988819,0.990560
93655bbf-f4b9-44c1-8f32-ab0d8107a011,fog,s4,1,0.981182,0.990469,0.993916
9367ce21-0f0e-424b-a744-34f824ba7d8a,clean,s3,3,0.809984,0.886786,0.967726
937d3e82-f040-4562-9b77-286f591eac77,fog,s4,2,0.901210,0.947505,0.958197
93854fbf-1d5b-4b67-81c1-8e26ae41528d,fog,s4,1,0.953563,0.975878,0.990811
9386c0d4-898a-4cd8-8e3e-3d90aee4d11f,gaussian_blur,s4,0,0.664933,0.784163,0.866336
9391b234-e5e9-491c-9bcd-816dd3fef3d5,fog,s4,0,0.904908,0.949481,0.961938
93a50949-d9bf-4612-8eb8-786cb3d6afe8,shot_noise,s3,2,0.452191,0.542119,0.798912
93a8b81d-edbe-4d3c-847f-fd37453bb1d4,gaussian_blur,s5,1,0.871770,0.931077,0.937521
93ab9d9c-4b3f-4ba4-8d08-fd3f48b9e047,clean,s4,0,0.795783,0.879454,0.942905
93ba90c6-5ee3-4e82-b90e-7d727974e883,fog,s3,5,0.938034,0.967233,0.992223
93bf5a44-45ab-45d5-8c5d-339686381a4f,fog,s5,4,0.626069,0.769070,0.774240
93cb4193-a0c2-4f11-8750-fdbdd10397c8,fog,s5,0,0.815430,0.897896,0.902609
93cdc865-e700-4da7-ade3-0cf846caca2a,clean,s4,4,0.664933,0.784163,0.866336
93e70b04-4c1a-4777-88ce-7ee170c5d21e,clean,s5,2,0.448357,0.516240,0.831801
93f240de-0559-49ed-83c6-09e8ab39075b,shot_noise,s4,2,0.856149,0.921319,0.937515
9402db41-66d8-403c-b55a-cef90a583f0d,gaussian_blur,s5,0,0.918751,0.957371,0.964332
94177c3b-b661-43f2-b75e-f07e2edf3b61,clean,s4,5,0.899304,0.946083,0.963672
94277dd0-8e01-464b-acc4-093b72de23a5,gaussian_blur,s4,0,0.964545,0.981752,0.992967
944ac5c3-ffb4-464f-a09e-40bc13733403,fog,s4,5,0.802435,0.886482,0.924815
944ca165-54b9-48d1-a9f8-5b4d3aa594df,gaussian_blur,s5,4,0.700031,0.820164,0.842384
9450089c-af51-4b50-a6eb-47388565da68,gaussian_blur,s5,1,0.559414,0.715058,0.725920
9457f819-c502-4269-a7c8-1544f38e9a3a,fog,s5,2,0.847511,0.917244,0.920101
945b95d4-8a98-4f0d-a094-b88de3a66d9a,clean,s4,1,0.838655,0.909635,0.941173
945d0d2c-56f8-454a-9076-df776e892b34,shot_noise,s4,5,0.641264,0.776559,0.803216
946fa7dc-5d97-4a10-84db-4d4eb0b47825,gaussian_blur,s5,0,0.437071,0.549530,0.738698
94701a0e-7e4c-4a9a-9b57-95c936267fbf,fog,s5,2,0.949062,0.973865,0.973879
947fae2a-28ca-432d-b036-b43cf3b59f34,clean,s4,0,0.698787,0.819804,0.838704
948efd2e-0c08-41b5-b86a-74c3839dcd44,fog,s5,1,0.852833,0.920404,0.922682
94a33b08-350b-4d8e-9805-c50d94b98d14,fog,s3,5,0.537045,0.648231,0.842565
94a58f83-f7a2-4850-beb7-f0f550c74dfd,shot_noise,s5,1,0.942304,0.970086,0.977303
94a94c97-90c6-4c85-9642-7525f5ab9829,shot_noise,s4,3,0.498954,0.612811,0.802427
94a991c6-9e1c-49d4-a1a2-da94edde8b83,gaussian_blur,s5,5,0.684637,0.806580,0.844960
94b4b1a8-c533-4928-84f9-fc0079835a04,gaussian_blur,s4,1,0.953064,0.975749,0.984998
94bea63a-8e4a-44f6-8846-75076abbec93,clean,s5,5,0.910122,0.952772,0.956636
94c12a38-d971-401d-ab40-60419e736805,shot_noise,s5,3,0.940168,0.969026,0.973531
94c37a9e-d16b-44d6-bd8c-a706e7e5374e,fog,s5,5,0.808048,0.892727,0.904160
94c96900-c393-459b-86ba-0640b9fa5287,gaussian_blur,s5,2,0.944894,0.971642,0.972518
94de764c-cd93-41c0-8586-f821fed16172,clean,s4,5,0.931659,0.964348,0.972283
94e21e96-62e8-4667-8948-35148d699d00,clean,s4,3,0.902726,0.947366,0.977568
950700ad-5adc-40b0-93f6-5221a03b1e43,fog,s5,4,0.507238,0.660544,0.709968
9517954b-d0ea-467b-853e-ff4aad1e7561,gaussian_blur,s4,4,0.858260,0.922804,0.935645
9533568b-6263-4b46-ba4b-950980f674f0,clean,s5,3,0.880398,0.936270,0.938356
953d8f98-0eee-4667-9d06-c5eca76bc7ee,shot_noise,s5,4,0.870365,0.930631,0.931538
953fef64-df40-4e36-b09c-9ae1fe257455,fog,s4,3,0.949224,0.973685,0.984045
9542bba2-6b82-4e44-b553-f5641c445268,clean,s5,3,0.628609,0.771570,0.773659
955b4107-68b7-401f-a1cb-0ea284d130a7,gaussian_blur,s5,3,0.877135,0.934490,0.935406
955c53ad-4aa6-4233-8a5e-422554d4a8c5,shot_noise,s4,0,0.900706,0.946316,0.974640
9563cc54-f011-41e7-be44-91f9e177e846,clean,s5,4,0.843892,0.915155,0.917485
95661802-261c-4b15-b3b4-271c8110a453,shot_noise,s4,2,0.548963,0.687486,0.777057
95847235-d0c9-49a6-bcd6-7534f47f1018,clean,s4,3,0.874020,0.930169,0.970110
9589f031-de4a-45d2-afc9-c8cb8c79c7ce,shot_noise,s5,4,0.945429,0.971917,0.973093
9589f762-6021-43de-8186-68d1465fb7b1,clean,s4,4,0.904908,0.949481,0.961938
9594027f-d38c-4042-a4ea-05bf99f44c38,clean,s2,1,0.961883,0.980217,0.998461
95956255-4676-4461-b27e-3547c459be4d,fog,s5,3,0.476653,0.609236,0.738608
959aed5e-08dc-4aba-90ca-bb1d7b9cf9d9,fog,s5,4,0.800019,0.888786,0.889931
959c72a7-15ea-411f-931f-2ab68ab3a8b8,fog,s5,1,0.876754,0.933638,0.944768
95a73465-bc2e-49c6-b6c1-ea18d1dfec07,gaussian_blur,s4,1,0.713120,0.822527,0.888960
95b7b28c-70ad-4f8d-8672-ad365f5e4a34,fog,s5,2,0.812097,0.896043,0.898845
95bc0e08-e3a5-4efe-807b-1b463b77d198,gaussian_blur,s5,1,0.873534,0.932489,0.932640
95c0d0df-c3c1-440a-afde-ae8d36c777b7,shot_noise,s4,1,0.964159,0.981623,0.988810
95ca6397-0429-4118-92be-e661a4bfaa2f,fog,s3,3,0.526176,0.636242,0.836044
95ce190e-4ec3-4167-891e-4669da7355ea,shot_noise,s3,2,0.817893,0.891446,0.977016
95cee182-22bf-47ff-a895-ed6eb4c147f0,clean,s2,5,0.810433,0.884254,0.990661
95dc4bc0-5d88-409e-8ec6-0e9ec5d0ef38,fog,s4,0,0.957384,0.977968,0.990018
95e46f34-c691-4556-9132-c608dcda4c45,shot_noise,s5,4,0.685132,0.809580,0.831893
95e707f5-7f1c-4252-bd6c-12df84f6bcbf,fog,s4,0,0.944368,0.971144,0.979855
95ec4165-db05-4a9c-91c3-acc8afc43d83,clean,s4,1,0.741155,0.848882,0.867583
95f00db5-6a14-4bcb-a91a-6d49c5e9538b,fog,s3,3,0.441298,0.511085,0.819509
95f74b0f-7b63-40b8-bb7a-d81dbc580d27,shot_noise,s4,4,0.963114,0.981073,0.988478
95f85964-aa8e-4a4e-83fc-d6b4c42f4862,gaussian_blur,s4,2,0.948229,0.973148,0.983783
960f95b1-8b8f-4af8-83f0-58e07f645b2e,gaussian_blur,s5,1,0.871248,0.930634,0.939280
9611af99-ec1b-4ffa-8f19-46c801c64f6d,shot_noise,s3,3,0.727935,0.821667,0.959643
9618e00b-464f-4af6-872b-af8de62ae813,shot_noise,s5,4,0.473908,0.614919,0.716150
96190e4b-dc1c-4ffa-90c0-ffae2717bec0,shot_noise,s5,2,0.712014,0.829832,0.843265
9623616a-772b-4a7c-94f7-0bc63e88e946,clean,s5,4,0.917200,0.956769,0.957803
962d20c3-0df9-41e0-86dc-e7be1291a3da,shot_noise,s5,4,0.673188,0.801485,0.820757
96303b9a-60d7-4b5e-9a5e-6ff55c0365d9,gaussian_blur,s2,4,0.719652,0.808127,0.987318
96308d60-658f-4f5a-baa2-b26ee39cce60,gaussian_blur,s4,2,0.945039,0.971288,0.987575
964d69bc-8684-4251-9882-2357a8e0bfec,clean,s4,4,0.886228,0.937697,0.971550
9655f12d-223a-479a-bfc3-e670a8dd721c,shot_noise,s3,2,0.459728,0.479019,0.919455
96572a0a-5047-499b-9faf-16d5066396ca,clean,s4,3,0.666197,0.795348,0.820741
965a86bb-a829-4237-9885-301a1d72019c,shot_noise,s4,3,0.977016,0.988343,0.991083
965c95b2-77cc-4559-ac1c-ef8937d0230b,clean,s5,1,0.588345,0.731028,0.777259
965cc14a-5b12-4def-8071-2a7baae289f5,clean,s5,5,0.178730,0.279658,0.336021
965e01ee-71db-4b26-9681-f51bb0f1e64f,gaussian_blur,s3,0,0.960616,0.979616,0.994475
965ef1d5-c01b-47ef-a0ee-0a913300fab0,clean,s5,2,0.714717,0.833040,0.837141
966d065f-935f-442d-b882-f96b496707ce,shot_noise,s4,4,0.717473,0.828265,0.877621
966f84e4-8e1e-4b9b-9741-57fd1cdc6412,shot_noise,s5,1,0.978144,0.988946,0.989408
96780d32-d2ca-4de5-8ee6-19b8a4797eb3,shot_noise,s3,3,0.805372,0.883149,0.969605
96820fcb-f7bd-4484-b7f7-8a2da131c8d1,fog,s4,1,0.981031,0.990390,0.993980
9684bc22-abd6-4265-8915-c4dcf0df6426,shot_noise,s5,1,0.625511,0.762904,0.797936
9684f987-dd30-4ec4-ba41-71721de80eca,gaussian_blur,s5,5,0.882579,0.937626,0.937643
9688135e-4f8a-4aa5-b8a8-df619727073c,clean,s3,4,0.490402,0.602415,0.798087
9688ba56-da2f-497d-a5b8-2fba7a9dcabc,gaussian_blur,s5,3,0.980942,0.990363,0.992075
968aeff6-584d-4913-a2d2-7064cff08763,gaussian_blur,s4,4,0.544341,0.659821,0.837609
969a0505-e3ff-48cb-a22c-3a5f22014b9e,shot_noise,s4,4,0.442699,0.469608,0.885397
969da810-513e-48cc-8a93-6313fdf1636f,clean,s5,0,0.941551,0.969767,0.974149
96b8c918-37ef-423a-9ebf-a9065a237e45,clean,s5,3,0.903750,0.949280,0.952637
96fa1f6b-c630-41aa-9c68-024ad651a353,fog,s4,0,0.968203,0.983800,0.986587
96fcd23a-4a5a-4baf-ad65-0182d1c6e807,gaussian_blur,s5,5,0.639011,0.777158,0.791393
96fd6ecf-e9d9-4b66-a27a-38f7e37aebbc,gaussian_blur,s4,3,0.950550,0.974405,0.984133
9700ff84-035b-4051-95de-21f8c96584a1,gaussian_blur,s5,1,0.952106,0.975463,0.975546
970f76ea-7b2b-4586-9e26-59f854a7cdc3,gaussian_blur,s4,2,0.703433,0.814568,0.887016
97130972-de6d-4aa6-b68d-63132f1ea1c4,gaussian_blur,s5,3,0.893547,0.943729,0.944704
9713fa1e-b318-4859-9945-214da52ed706,clean,s5,0,0.357914,0.436066,0.688672
9716a93f-55a8-4fcc-9c0e-4dec15bce5b3,clean,s5,5,0.903780,0.949437,0.949882
971ba9ca-4724-4e1f-b160-70a144328d62,fog,s5,4,0.862916,0.925062,0.944462
9733b904-a454-41e7-871d-c60c600ed6a3,fog,s4,5,0.957383,0.978049,0.986363
973ac3b8-8cd7-47de-a63a-98394c580fcc,clean,s5,3,0.854888,0.921349,0.927099
975536a1-c2ab-4624-aca8-1a648cf42295,clean,s5,4,0.297633,0.453889,0.467600
9756a999-f44d-4b36-bce8-d5b935b9949f,clean,s2,1,0.935511,0.965629,0.997280
9757c00c-47f8-4d54-bff7-ec288abdb85d,gaussian_blur,s4,5,0.897327,0.945079,0.960576
9762593a-fddc-4a3f-ac35-136752dba7d8,fog,s5,2,0.934611,0.965933,0.974054
9763d31c-a9d5-402e-855e-f2497142c936,gaussian_blur,s3,2,0.405454,0.531555,0.673925
9767b86f-7ead-4f23-aba9-43d2d3ad3b27,gaussian_blur,s2,2,0.561139,0.641477,0.934789
976834ed-f400-4687-a4d3-0996f08361ff,fog,s4,3,0.978070,0.988885,0.991477
976860b0-94e2-4992-a785-d54cee0e9b11,fog,s5,1,0.900336,0.947377,0.950919
9769390f-fe79-4ecd-88cf-a24f95682720,fog,s4,0,0.735292,0.840795,0.889301
976dc022-5b29-44e3-b6c9-d4a18e8da2ec,fog,s3,0,0.726977,0.820849,0.959451
97701365-3d18-43c9-876f-e2932a92c4eb,gaussian_blur,s3,4,0.701414,0.804248,0.928005
97758820-82d5-4742-9318-9bb0a454b7af,clean,s5,4,0.543850,0.704521,0.704592
9776e5c3-5b69-4707-ae0b-7c61e35a623b,gaussian_blur,s4,0,0.918637,0.957064,0.969931
97a3a371-adc3-45ff-930e-b6848150e91e,shot_noise,s5,5,0.801241,0.889020,0.895369
97b77085-ae89-49b0-a023-59cee4969afa,fog,s5,5,0.915712,0.955563,0.965868
97c05b44-5608-4157-b07a-aac77c1397bb,gaussian_blur,s3,4,0.737999,0.836573,0.926827
97c1ad89-ffa2-4b9c-970b-8dcfe5cb52a4,fog,s5,1,0.555048,0.657955,0.877328
97c7a8a7-e689-4b81-8b83-ee1940ce8731,gaussian_blur,s4,1,0.712396,0.814873,0.924805
97c9db47-e9bf-46d8-85ca-c0a528011002,gaussian_blur,s4,2,0.796090,0.885226,0.897307
97da3528-f410-42c9-b539-b9e1e294d9cc,shot_noise,s5,5,0.763724,0.865468,0.870256
97db151f-22dd-41b6-a922-97c130fd9923,shot_noise,s5,4,0.874402,0.932549,0.939573
97e0b396-a2ce-459d-a2a1-9c65b783cfa8,clean,s3,0,0.913455,0.953409,0.983982
980ae082-f32b-41d5-b048-855e43657f21,fog,s3,5,0.714909,0.812015,0.949419
9814325a-72ad-4099-b562-d6e7e050a62b,gaussian_blur,s4,2,0.854832,0.920536,0.936827
9814b16e-7178-448d-91a5-ee8f0209b252,fog,s5,2,0.434739,0.604448,0.609989
981f923f-a952-40b7-855d-f8dc8d0f736a,clean,s2,1,0.810433,0.884254,0.990661
9822ca6e-bcc4-4c18-a695-876b062575ee,gaussian_blur,s4,4,0.935793,0.966375,0.980421
9839528b-d593-493b-9005-429e2a34efce,clean,s4,1,0.664933,0.784163,0.866336
984a3686-3a41-4209-b3e0-65c53bce4574,gaussian_blur,s4,0,0.604761,0.751136,0.764048
9857f853-b958-4858-aebe-03d841f03186,shot_noise,s4,4,0.708324,0.822038,0.869855
9860e9d2-b01f-4ec6-a397-0e318c5befe5,clean,s5,3,0.828631,0.905935,0.910011
988421e3-8a18-40b4-8902-0dfeca9b5b4a,fog,s4,2,0.870464,0.927709,0.972763
9889216e-a9c8-4a02-ba3d-accda7e3b356,gaussian_blur,s5,2,0.922458,0.959562,0.962222
9889ace4-7f2f-46d8-ad21-4d415481755b,shot_noise,s5,3,0.763579,0.865369,0.870203
988c4702-2997-4a67-902c-a4268c2536f7,gaussian_blur,s5,0,0.991724,0.995842,0.996597
988d4859-7410-4891-ba8d-4e35f0b93fb6,gaussian_blur,s4,2,0.830469,0.904116,0.941461
988db8da-4385-4278-bbfe-80d6aec10bbd,clean,s3,2,0.913455,0.953409,0.983982
989252ce-f92f-441a-9a9f-7cf26b5932ad,gaussian_blur,s5,1,0.945395,0.971900,0.973022
98b3ad8b-a788-43b0-9cd4-f3a1f7a91528,clean,s5,2,0.592518,0.743587,0.746235
98c0962d-5bd6-4eb8-b71c-63c35ff0268b,fog,s5,2,0.633380,0.772901,0.787189
98c9b27b-de57-44cf-9c96-0e7979fe7c27,shot_noise,s4,5,0.315354,0.446460,0.539179
98d092de-be09-418a-8374-ff7cd956195c,clean,s3,0,0.726977,0.820849,0.959451
98dc6afe-5b03-4509-876a-91f60c14a5f6,gaussian_blur,s3,5,0.901418,0.946237,0.983803
98e3b45d-d136-401f-867c-039528876843,gaussian_blur,s1,2,0.478797,0.489169,0.957595
98eeefe2-db06-4c7f-874d-55ddda13a8a3,gaussian_blur,s5,1,0.897586,0.946005,0.946488
98f485ae-4db2-45f3-9e6c-bcb125978af3,fog,s4,2,0.940058,0.968820,0.978181
98f52fb8-a6e8-47b7-8610-76f52886232b,clean,s4,4,0.929510,0.962919,0.978245
9905b797-31ce-49a6-a65d-497e47c6b460,fog,s4,4,0.456633,0.602874,0.687648
990f5d72-f15f-4cee-b3fb-0e1d0cfb0ebb,fog,s4,0,0.908690,0.950888,0.978072
99126db8-7ad0-417d-8a85-22725665f983,gaussian_blur,s4,5,0.575861,0.725585,0.750048
99272f31-e9c4-446d-baf6-f81eef0e9eb0,shot_noise,s5,4,0.375585,0.517848,0.604613
992800d3-f75b-4ea3-9b57-a481beda363e,clean,s4,1,0.874020,0.930169,0.970110
9948624a-e12a-414b-b38b-1bb2c6edf74d,fog,s5,2,0.423710,0.576079,0.640370
995291f5-45bc-48c4-a413-26b7eb84e141,fog,s4,3,0.678520,0.793430,0.881301
99569dbb-4d82-49d2-aaf7-9adc962c7d0f,clean,s4,5,0.945172,0.971344,0.988171
99686144-3a36-4517-a4de-fe3f46c28bb1,clean,s4,0,0.766886,0.859801,0.927012
996a4758-9686-4d4f-828f-9e0b265335b3,fog,s2,0,0.727378,0.815265,0.987847
99793213-4ad8-4e7e-9135-a749cb2277f9,fog,s2,4,0.656684,0.745257,0.979279
99926cdf-4f27-4eba-aaca-8af4eac6bc64,gaussian_blur,s4,2,0.908663,0.950872,0.978084
99b1a437-ce8b-49e5-b30a-280203792930,gaussian_blur,s5,3,0.791481,0.879848,0.914880
99b25dee-1091-4e9b-8487-800b8a451efc,fog,s5,3,0.838268,0.911678,0.915886
99b6b292-2007-4b06-a191-643b1e198fa0,shot_noise,s5,4,0.831277,0.907345,0.913481
99b9b7fb-1f0c-44c6-ad37-c30220e96d84,shot_noise,s4,4,0.961962,0.980418,0.990517
99e972f9-73f5-450a-83ca-75860173f297,gaussian_blur,s4,2,0.558934,0.696039,0.786270
99f347d8-8b13-40dc-9341-e473c23bcc85,fog,s4,1,0.890941,0.940178,0.978224
9a05f943-cdb8-438f-803a-a82ee974008e,clean,s4,5,0.513633,0.664796,0.720084
9a0cdaeb-f570-4f20-b229-48dafc3022e8,fog,s4,4,0.567406,0.696245,0.815399
9a13a272-2c3f-4e2e-9054-925e74a59aba,fog,s3,5,0.695339,0.796227,0.938405
9a1da92e-29a9-4cb0-91e6-d5b2317ded73,fog,s5,0,0.873856,0.932636,0.933374
9a20f029-661d-4814-80b7-06661ed2a2b3,gaussian_blur,s4,4,0.770130,0.865804,0.902448
9a25c87b-7a52-40fa-993f-212769521ecb,shot_noise,s4,0,0.964637,0.981874,0.988962
9a27f5cb-27eb-4d8c-a947-166fae4983f7,shot_noise,s5,2,0.969417,0.984471,0.984477
9a373e2e-3065-49d4-a81b-6b8811081f7f,clean,s4,3,0.890834,0.941847,0.949472
9a3a4c65-f69e-4fc6-90b1-642ef774cd6a,gaussian_blur,s4,3,0.846952,0.915143,0.940603
9a3a6dc7-0db3-4117-a6f6-b1701d85c310,clean,s5,3,0.903780,0.949437,0.949882
9a3b3ec5-526e-488f-acca-90467e9aef28,fog,s4,0,0.846191,0.912927,0.959888
9a3c756b-e750-4586-b76b-cd0304678294,gaussian_blur,s5,4,0.436706,0.573380,0.688904
9a4225c8-412a-4311-860e-d597859477ae,gaussian_blur,s5,5,0.178943,0.280024,0.336261
9a5c3545-f7d3-4375-bf33-2938d5f8f520,fog,s5,4,0.939397,0.968714,0.969970
9a6daced-8e37-48b0-9d4d-242eab0acb8e,fog,s5,3,0.899358,0.946750,0.951942
9a8911bf-bc6d-4ed5-af15-d112939ee420,shot_noise,s5,3,0.908228,0.951902,0.952005
9a8b6d22-9166-4ada-b304-afebb4d3c9e9,gaussian_blur,s5,1,0.944681,0.971503,0.973325
9a8ed863-f2d2-4875-bec1-9ba85112a3dd,fog,s4,4,0.961448,0.980235,0.985925
9ab059ff-9a70-4618-8091-dd2ca5e48bbb,gaussian_blur,s4,5,0.417800,0.485155,0.791771
9abab244-4043-4059-b5df-cee09ce4be42,fog,s5,4,0.864498,0.927322,0.927365
9ac2071a-4ea4-43b3-b2f4-54e7df35565d,shot_noise,s3,0,0.726977,0.820849,0.959451
9ac4af7b-00d7-44a7-95db-ceb1ef4e43aa,gaussian_blur,s3,4,0.777712,0.861744,0.970533
9ac6cf80-d4d5-490d-b39c-0c04e17f0ac5,shot_noise,s4,3,0.915387,0.955244,0.968784
9acc4893-b950-4d41-9b67-331c40020ae8,shot_noise,s3,5,0.415590,0.541469,0.686811
9acca706-7816-423d-99c9-0226761af527,clean,s4,0,0.479919,0.593171,0.784757
9ad072a7-f3aa-4b42-9846-bdb5888af92d,fog,s4,2,0.804781,0.886645,0.937594
9ad3c733-417c-4499-aa43-24cacd47697c,gaussian_blur,s4,4,0.904193,0.948982,0.963488
9adb251a-c453-44b3-b94f-b04fca0f01a1,shot_noise,s5,1,0.763609,0.865392,0.870197
9add766b-a1f9-4b40-b5a2-86096473ba21,clean,s5,1,0.921603,0.959017,0.963733
9ae2cbed-3544-431f-910c-a2f385cc2f87,shot_noise,s4,3,0.774677,0.867664,0.913616
9ae2f21c-92d9-4c9c-b01c-a4c45bf6881e,fog,s4,2,0.937826,0.967507,0.980500
9af5126e-eb89-45a1-b0aa-42905e2edab2,clean,s4,1,0.952023,0.975192,0.984686
9af6cead-c765-485a-8922-a3abf4f3b463,fog,s5,4,0.629097,0.753350,0.849261
9afa85fc-8477-46b6-a159-081a9bad7673,clean,s5,2,0.973973,0.986811,0.987083
9afca823-18b8-4e24-b384-dc3600cd35f6,clean,s3,2,0.896592,0.943002,0.988903
9b023f39-715e-47d0-bc1d-026cbc3feaf3,gaussian_blur,s5,5,0.665639,0.793000,0.829498
9b167d1d-a0c4-439b-bc10-46c4f9b9c20a,fog,s3,5,0.681713,0.778516,0.956210
9b16c4ee-7b9b-4871-8d9a-d298e0ba2ea2,clean,s4,4,0.874020,0.930169,0.970110
9b289d2a-ec4a-4de0-8153-08f75f5bc198,fog,s4,5,0.808923,0.891818,0.917952
9b2cc253-3ea2-47e4-9187-831cbcbdc186,fog,s5,2,0.828515,0.905533,0.913450
9b56fc9f-f5a2-4f55-bc2c-28b3963b67ea,fog,s4,2,0.481127,0.598948,0.776165
9b5b0bc4-fec7-42f1-bcbe-f4e91002ea73,shot_noise,s3,5,0.574263,0.656199,0.942960
9b68e57b-16f7-42b9-97a8-9e3d40979140,shot_noise,s5,5,0.797433,0.886219,0.896821
9b6fd37b-e190-47e9-9a55-b55cf0d8c132,gaussian_blur,s5,2,0.522719,0.686548,0.686597
9b730635-1511-4b92-9457-ee7a0040ab65,gaussian_blur,s4,4,0.833956,0.906889,0.937090
9b738ba1-f8ea-44c8-b113-1ad7ed54b809,gaussian_blur,s4,0,0.745914,0.851037,0.877506
9b7743c1-e3e3-4059-8544-8db5374bbdca,shot_noise,s3,0,0.837148,0.906146,0.966869
9b82e6db-c696-4f68-8b68-967a3b1984f2,gaussian_blur,s4,3,0.957812,0.978196,0.990186
9b875ec5-a1d8-4fdf-bf11-8017b26a93d1,clean,s4,1,0.828523,0.903509,0.934330
9b88caf3-4c85-438d-a06a-a21dced3b0ad,clean,s5,2,0.926334,0.961664,0.964231
9b92292b-1579-4e6d-a36f-5d5b5106cbe4,shot_noise,s4,3,0.890158,0.940722,0.961551
9b9df500-cb72-4cb7-98b5-59061c2c3f3b,shot_noise,s5,1,0.577890,0.731765,0.735168
9ba1770d-44d6-42f9-8efb-c98713fd253f,gaussian_blur,s3,1,0.562687,0.642830,0.936640
9bb284a0-bd4c-4553-9467-914a3ec22a69,fog,s5,2,0.659324,0.794253,0.796814
9bc68249-e521-4919-8667-7f020a095865,fog,s4,5,0.941519,0.969637,0.977819
9bd6fbd1-6143-453f-a8b5-4e73893765d0,shot_noise,s4,5,0.949191,0.973770,0.980162
9be66e9d-c0ea-40ad-8df4-d3a119cc3e29,fog,s5,1,0.651546,0.785357,0.806048
9beb6093-c893-4a29-8e7c-94ec1f68d4bf,clean,s5,1,0.570969,0.715831,0.765851
9c12de65-2242-44ec-a53d-c65e9d0e96a7,shot_noise,s4,3,0.455856,0.602170,0.686736
9c24f79c-5621-4fda-9d9d-ecad2e89457f,clean,s4,5,0.959009,0.978871,0.988752
9c2a2eff-d82d-47fc-ae31-137f8d33d69b,clean,s4,3,0.592838,0.694388,0.907957
9c2d431b-7984-477b-af54-5dc6c6224ef2,shot_noise,s4,5,0.730913,0.828431,0.938437
9c3d4fb4-7238-458f-88e7-8f4585522989,fog,s5,0,0.739335,0.849082,0.857116
9c5bd0f1-fb7e-48d5-aa11-28b832cf670c,clean,s4,1,0.945757,0.971680,0.987737
9c5f00d4-e033-465b-9378-64ccd4d52202,gaussian_blur,s5,4,0.932504,0.964913,0.969643
9c69e96f-3211-4e35-bb0c-afbb2fb62d2e,shot_noise,s2,1,0.823816,0.894045,0.991675
9c6c361c-4fc8-48b6-893e-230bd52e945c,fog,s5,4,0.666870,0.796399,0.818549
9c6fa6ff-8338-47b4-bc00-abde710db861,fog,s4,0,0.929510,0.962919,0.978245
9c7712e0-ca91-4057-ae3d-0b0b94a64a3e,clean,s4,1,0.886228,0.937697,0.971550
9c7af6de-a40b-4ba4-bef1-a670e996c92c,shot_noise,s4,5,0.975040,0.987290,0.993045
9c817507-72cf-47d9-a1bf-1890ce6ebc65,gaussian_blur,s4,4,0.724312,0.838358,0.850997
9c8553ce-88d2-4d21-b28e-044d1243fbc7,fog,s5,3,0.426755,0.535396,0.733432
9c8910c0-db7e-4655-8135-13fc2cc9349a,clean,s5,1,0.636918,0.775562,0.789910
9c8baf78-7d75-43d4-be8e-fb6f36267386,fog,s5,3,0.828862,0.906299,0.907754
9c910e50-8132-42dd-8ca9-4a33841f522b,fog,s5,3,0.944656,0.971490,0.973317
9c9f8aa6-9bdf-4c2b-a68b-d991786f7ffa,gaussian_blur,s4,2,0.947541,0.972914,0.978597
9ca17e5e-a1c4-4f6b-9eb7-3eb710bde89a,shot_noise,s5,4,0.622708,0.730812,0.903755
9ca675cb-7ded-49b6-9fd6-9be42241d1a8,gaussian_blur,s2,4,0.589747,0.674538,0.949029
9cbc3c03-460a-432c-b2d8-58cfd686bf04,fog,s4,1,0.605863,0.730388,0.844231
9cbde739-b54a-4495-b9a1-1b90bd38ca0f,shot_noise,s5,5,0.798911,0.885893,0.908576
9cbeb37a-cc9f-47d4-8905-3d45f27be6bb,fog,s4,2,0.859007,0.922790,0.941861
9cc38dbf-b3af-46f1-912b-4ec3b94028c6,clean,s4,1,0.964637,0.981874,0.988962
9ccbb2d6-0e5d-4faf-8a9b-e1524296ef0a,shot_noise,s5,2,0.756305,0.855918,0.898224
9cd2eb0b-a74b-4732-9984-0535a518a550,gaussian_blur,s5,3,0.833971,0.908980,0.914854
9ce2efde-d6d1-484d-af34-648e675b108b,gaussian_blur,s4,0,0.981097,0.990426,0.993892
9ce75a6e-8c40-4b58-b4ac-f48c8a1f7d0d,shot_noise,s3,5,0.949786,0.973667,0.996233
9ce857b1-24e0-4258-9c82-9a8665c2393c,shot_noise,s4,1,0.876905,0.932592,0.961472
9cea43e1-17de-4822-879f-d832102e590b,clean,s3,4,0.965744,0.982309,0.997512
9cf72e8b-d063-4674-b3a2-c11adcd6f453,shot_noise,s5,2,0.958974,0.979043,0.979759
9d0dc432-8215-49c5-83d4-25e9bbea11c9,fog,s5,4,0.357622,0.521493,0.538000
9d17e6e0-39b1-4d3b-8ed5-63103bc69519,shot_noise,s5,4,0.907682,0.951337,0.957168
9d2aef79-b8a9-4625-bd64-ca89c3351889,gaussian_blur,s4,3,0.981217,0.990487,0.993934
9d33473a-ecd0-42c0-b9ab-f10e3eaed6e3,fog,s4,4,0.978737,0.989211,0.993247
9d3b8818-13a6-4b11-a0a9-dbef9c86c49f,gaussian_blur,s2,4,0.493867,0.496914,0.987733
9d3fce57-c78d-4d2e-84bc-125fded95f89,shot_noise,s5,2,0.579424,0.723337,0.771232
9d41875d-c778-4039-b1db-1fb6efade0d1,clean,s4,2,0.743487,0.851235,0.863888
9d4b4ebb-1863-4650-8d76-4d574c4f91f8,fog,s4,5,0.690510,0.797038,0.914907
9d56b953-68b9-41cb-a845-5842ddd350a4,gaussian_blur,s4,1,0.965673,0.982485,0.985493
9d570e26-c66b-4db2-965d-545b88269e5f,clean,s4,4,0.709289,0.819651,0.886879
9d5a4dfd-18ef-4993-ac96-489272830838,shot_noise,s3,1,0.945566,0.971506,0.990114
9d680cf2-8822-4ad2-82bd-07c64e02686e,clean,s3,3,0.960616,0.979616,0.994475
9d7c1195-391d-4476-ae10-cc685e20a2ef,shot_noise,s4,5,0.856407,0.921916,0.932043
9d7c67dd-9d40-4910-abf8-767e87309f12,shot_noise,s4,3,0.867276,0.927118,0.953653
9d802412-858e-47d2-8a7f-a09e563d72a6,gaussian_blur,s4,5,0.943882,0.970607,0.988970
9d80cb8f-0362-499b-afd6-56bf7f9fc7ae,fog,s5,0,0.454484,0.619961,0.638048
9d857e0f-9159-467f-b91a-c47f7cabce41,clean,s5,0,0.781026,0.874837,0.894752
9da3cc4c-4d4f-42ba-83cd-d0e698fb4a7a,clean,s4,5,0.846191,0.912927,0.959888
9da4fa4d-b5fe-4314-a260-b3ca6eba0722,shot_noise,s5,1,0.939755,0.968917,0.969742
9daa1bb5-8ebc-49dc-a536-8fad00ec8027,fog,s4,5,0.357457,0.514343,0.552011
9db036a8-eeae-4d7b-84ce-848061d61824,shot_noise,s4,4,0.846508,0.914566,0.943898
9dcd9928-f232-437e-b9fb-7571198324bb,shot_noise,s5,5,0.919270,0.957899,0.958855
9dd8defa-8dee-4e96-93e5-cc0838394434,shot_noise,s5,4,0.859835,0.923622,0.937915
9ddf395c-1eb6-4d82-bf04-e88bf556cb62,clean,s4,1,0.666197,0.795348,0.820741
9de9260c-c988-4ef4-931d-a6b2468cebff,clean,s4,2,0.982135,0.990957,0.994327
9dedd9ef-866c-4853-881e-237541e18860,gaussian_blur,s2,3,0.900902,0.945165,0.997164
9df5746a-b283-47cb-8653-5fafdb68dff9,clean,s3,2,0.813377,0.888240,0.976231
9dfa07e5-0cfe-4e3c-b8d2-0bef10bdf67b,gaussian_blur,s4,1,0.522357,0.600568,0.900752
9dfb32d0-48f7-455b-871c-6fc2fee250cf,gaussian_blur,s4,3,0.865674,0.925241,0.964930
9e2ef550-a085-4be1-9aa1-21d375288bbc,gaussian_blur,s4,2,0.578071,0.673939,0.912629
9e3194df-bf47-42d8-9ef9-ec96d266b74b,fog,s5,4,0.793879,0.884291,0.892072
9e4141b6-0b02-4a1e-8860-565836aae4ff,gaussian_blur,s4,4,0.749257,0.854282,0.872960
9e45b171-bac0-49f7-8917-68d32eb6353f,shot_noise,s5,2,0.358392,0.494048,0.594127
9e531730-5be3-4621-a64f-f63cf4a06d5e,gaussian_blur,s5,4,0.856995,0.922839,0.924970
9e541f42-1b20-4ece-8889-0440d8f09954,clean,s4,1,0.900706,0.946316,0.974640
9e573af6-4e53-4095-9edf-68165ecf052b,gaussian_blur,s5,0,0.686236,0.813599,0.815683
9e595f18-aae4-4f5e-8ffb-a941f1427c16,fog,s5,0,0.630244,0.766341,0.802501
9e6519c9-03a4-45de-a6e8-61a0300a29d0,gaussian_blur,s4,2,0.624873,0.741008,0.877733
9e783561-4ef6-413a-9d98-faeead7899c4,gaussian_blur,s3,0,0.795457,0.874666,0.977124
9e9cd03b-4118-49e4-a1b4-e5d198955b77,gaussian_blur,s4,0,0.957071,0.977927,0.984325
9ea351f1-8e7f-4291-8776-2cf0b39548d6,fog,s5,4,0.601261,0.746338,0.769301
9ea68c03-0ec2-48de-bfde-a36e6b740a50,clean,s5,2,0.718428,0.833977,0.849205
9eb2f70d-d951-425e-8203-b6c880bf1376,gaussian_blur,s4,4,0.906809,0.950409,0.965605
9ed507c7-d819-4ffe-847a-9b766859a8e3,shot_noise,s4,3,0.600089,0.747514,0.760192
9ede93a8-42f9-4c55-9eaf-72b21f83eb50,clean,s5,2,0.790877,0.882411,0.890187
9ee6d9bd-2418-4a2c-96fc-22a747650f11,fog,s4,0,0.828523,0.903509,0.934330
9ee75174-698b-4973-8c1a-1d4d9978ffaf,fog,s5,0,0.675384,0.806244,0.806246
9eff497f-a632-4c41-8946-9b76ab5f4fa1,gaussian_blur,s4,0,0.533584,0.616057,0.903728
9f03ebd4-be76-4fa7-b449-dffd44019691,clean,s4,5,0.900706,0.946316,0.974640
9f05e290-a53f-47fc-a1fb-11112784d301,gaussian_blur,s5,4,0.748588,0.850912,0.891824
9f12d6c4-4a22-48dd-a210-5ab5636b6385,gaussian_blur,s4,0,0.950251,0.974336,0.980521
9f1644c3-6673-442b-9fed-42030ec06715,fog,s4,1,0.975327,0.987439,0.993117
9f17fc89-7c4b-4591-a56d-1d429c3c37a2,gaussian_blur,s5,3,0.662097,0.791020,0.823886
9f25c402-858d-4897-bf73-bd2e93b55740,gaussian_blur,s5,5,0.897407,0.945905,0.946390
9f2b14a4-39c2-4232-9432-a3696296b165,clean,s4,0,0.932734,0.964437,0.986558
9f412845-2200-4b3c-8119-a19f918894ea,clean,s3,5,0.876253,0.930754,0.981586
9f4f5a28-8bf4-4260-9c18-827f825c6e77,clean,s5,1,0.954778,0.976834,0.978249
9f531e5e-8856-4152-8a62-00366ede5da4,gaussian_blur,s5,2,0.550710,0.701836,0.738549
9f7b26b1-9600-4b6e-be19-94e12edf10e3,clean,s5,5,0.800150,0.888977,0.889024
9f7c5224-dd51-45a2-8001-1bf15a86adf0,gaussian_blur,s4,3,0.873482,0.929608,0.973115
9f8569f5-750c-4500-a354-323a58a5a9ae,clean,s5,5,0.977924,0.988819,0.990560
9f867f86-0fa8-4bb3-8328-f097f0862e8c,shot_noise,s5,5,0.645120,0.777141,0.816329
9f8f50b2-df7e-4213-9e05-393557791d5f,shot_noise,s2,4,0.830556,0.898447,0.995947
9f9dd839-b9be-487c-9f13-b21dc7c6fdc8,fog,s4,1,0.825587,0.903245,0.917040
9fa2a08e-7b1f-48a5-a10c-3d8854beee7c,clean,s5,0,0.859961,0.924204,0.931365
9fa2df15-103a-4a8e-a6be-a0008b6e8bf9,fog,s4,5,0.486689,0.602525,0.786069
9fa2f294-9a98-4bd8-a903-6be360d574e2,gaussian_blur,s5,5,0.581657,0.709326,0.825561
9fae16a3-60af-4d8d-8d25-d06c70a494c9,fog,s5,3,0.976857,0.988292,0.988384
9fb4f142-5aac-4c87-97ac-9a6b124ac568,fog,s5,4,0.661398,0.792679,0.813151
9fb7bd6c-d97b-415c-9b42-712675a480ef,fog,s3,4,0.937398,0.966879,0.992096
9fb7cdaf-a362-417d-9b98-2d36e8ea3053,gaussian_blur,s5,0,0.945124,0.971680,0.975613
9fc5bf97-125a-4983-ae25-08acadb136f6,fog,s5,5,0.644707,0.780177,0.801269
9fdbd79e-64da-4bff-bd97-ec96844b688e,gaussian_blur,s4,5,0.822640,0.900444,0.925259
9fe0e1d4-e5ea-4474-bff9-8436dd3ccf31,gaussian_blur,s4,0,0.743487,0.851235,0.863888
9fe8584c-6cd3-423b-b34f-8c9f0dbe45ce,gaussian_blur,s5,1,0.712288,0.830650,0.839776
9fea7820-56eb-4c5f-b218-4d260213a8fc,fog,s5,2,0.937409,0.967646,0.969151
a0088d31-d7ba-45dc-a665-065533a9f851,gaussian_blur,s3,0,0.725380,0.818176,0.965453
a022343d-68ea-4084-959e-70914e196765,fog,s5,2,0.416647,0.556558,0.659608
a027cbc4-737b-44db-9b98-d56b652fcd02,fog,s3,0,0.813377,0.888240,0.976231
a02ff0f9-8440-4ff9-8f73-3f8fc8f79cea,clean,s5,1,0.691997,0.805641,0.881369
a03a1f21-b688-4bd9-bfa3-0f9ed09b2107,shot_noise,s5,1,0.836248,0.909975,0.920240
a03e422c-68e8-4c83-b36d-91bbb907bdba,shot_noise,s5,4,0.866125,0.928198,0.929123
a0450311-9b80-486f-a1c5-257acf99d758,clean,s4,2,0.359653,0.521143,0.545520
a04c82cf-6011-4cdf-ade7-e39323fdbd5b,fog,s5,4,0.559428,0.666564,0.870176
a0540ebf-044f-4ae9-b4fd-e23194ca92c4,fog,s5,2,0.975288,0.987488,0.987586
a05e45ce-7bfb-4c46-90c1-e32435d7df9c,fog,s5,0,0.929607,0.963512,0.963718
a060c107-6410-4d1f-be4e-a1a5add4b3b1,gaussian_blur,s4,0,0.625586,0.766000,0.785376
a0773a78-9bbc-4465-b361-57ddfb7cbc29,shot_noise,s5,0,0.843892,0.915155,0.917485
a07bc947-46b1-43b8-ab67-917a8ce38b06,gaussian_blur,s4,1,0.579507,0.731629,0.741805
a080e9a7-6730-4723-a23b-167e4c6b1385,fog,s5,2,0.957153,0.978090,0.978917
a09b2295-4c85-446d-873e-bf9b2aa390f7,shot_noise,s5,5,0.873566,0.932427,0.933840
a09b35f6-daaf-4f57-bd5d-ab79f8bf4dca,shot_noise,s5,4,0.977692,0.988701,0.990464
a0a1d74b-4d30-464a-9c82-4fb2b24a9289,fog,s4,4,0.976098,0.987839,0.993327
a0ab8322-e1a1-4365-9dbc-97a26bd410f8,shot_noise,s3,4,0.903421,0.947397,0.984683
a0b01686-af77-49e6-bdda-7934d733cdff,clean,s5,5,0.570969,0.715831,0.765851
a0b13696-62a1-49be-9136-90ce53dde85c,fog,s4,5,0.564668,0.694555,0.810883
a0b1e13c-9607-4976-8a5d-86ed1e360230,fog,s3,4,0.544477,0.645335,0.873472
a0c0ba90-07df-4d2c-be10-dc6d88805ea4,clean,s5,4,0.929607,0.963512,0.963718
a0c29580-566a-4903-bb74-68892da461bc,clean,s5,0,0.229735,0.354555,0.403193
a0c7ad5f-1db6-4592-8ce4-ab245334f4a7,fog,s5,0,0.905823,0.950582,0.950635
a0c7ef0b-d5c9-45d0-ae09-901cc818a002,shot_noise,s5,5,0.727140,0.840835,0.849436
a0c84779-cbdb-497e-b90b-9ad57e94d18a,clean,s3,0,0.809984,0.886786,0.967726
a0d3687b-688b-43e7-867e-15257e1590af,clean,s5,4,0.851225,0.919634,0.919643
a0d4bc50-08c9-4a59-97ca-217aa48debe7,fog,s3,2,0.696190,0.796947,0.938784
a0e07420-dfa7-4444-98d8-f4dd1ddbc9bc,clean,s4,1,0.575516,0.728421,0.738505
a0e419bd-0d66-4e68-a4f0-9b901e936b7e,clean,s5,4,0.178730,0.279658,0.336021
a0f145b0-5e6a-4ef7-934f-5660bb36e472,gaussian_blur,s4,4,0.869334,0.928064,0.958405
a1137881-72e8-4c7f-9107-f455c785ae0a,fog,s4,3,0.923651,0.959597,0.977968
a1283845-9e06-450f-8381-5f98d10dbc96,fog,s4,4,0.654495,0.782179,0.832459
a12a1972-57b9-4c39-b100-cfe4c5985da6,fog,s4,2,0.895330,0.944067,0.957440
a1302fdb-2261-4d70-b439-1e1ab6a1cba1,gaussian_blur,s3,1,0.657176,0.772228,0.884886
a1342b97-64bb-47d9-a0af-f9c63d0d1a26,clean,s4,5,0.743487,0.851235,0.863888
a138981d-bd47-4c61-94c0-7a26649f52d7,shot_noise,s5,0,0.678969,0.785458,0.917557
a13931f9-978f-46a6-90b1-49584bc36ade,clean,s5,1,0.944617,0.971430,0.974657
a152855c-66dc-4a8b-9ebe-37eb666a1429,shot_noise,s4,3,0.982402,0.991085,0.995381
a157c615-9ebb-4358-9bd3-b4de72b97a11,clean,s4,1,0.976262,0.987955,0.990784
a1661383-034b-474a-bc6d-781ea2ee1549,fog,s5,3,0.759583,0.859596,0.890224
a16aa1de-405f-4288-a34e-9e501e268969,shot_noise,s2,4,0.664638,0.756422,0.971440
a16d531e-2beb-4fd5-943f-b1a6dac68cef,clean,s4,2,0.602989,0.741901,0.792741
a172ebc0-5e73-4d16-bd70-4c007f63ca6e,gaussian_blur,s5,5,0.926091,0.961449,0.966256
a17b1324-7234-431f-a2a1-dade666d514c,gaussian_blur,s4,0,0.731817,0.829203,0.938476
a17f97e0-bd5c-43a1-b15f-c6b41dd444e3,shot_noise,s3,5,0.893553,0.941584,0.981451
a182f4f8-2e93-41d9-92b3-ee78becf986a,clean,s4,5,0.915315,0.955221,0.968398
a18d1305-cc26-4094-9651-c412a5f2db09,shot_noise,s3,1,0.710254,0.804930,0.962090
a18ee537-041b-4027-80c1-bfdc024f030f,gaussian_blur,s5,3,0.340538,0.406245,0.679541
a1ac7866-a4b9-4b0a-8a09-a24586d65bd2,gaussian_blur,s5,4,0.761718,0.863756,0.872000
a1b41452-337b-48fc-b33d-0c151ed739a1,gaussian_blur,s5,3,0.889490,0.941469,0.942261
a1bacf0e-1cdd-47df-ac0d-c15811dcc9f7,gaussian_blur,s4,5,0.962262,0.980622,0.988314
a1bf3dfe-d483-47ec-9bd9-25ac1808acba,shot_noise,s5,1,0.871170,0.930703,0.937595
a1cf3823-4774-4514-914e-32254f0824f3,shot_noise,s5,0,0.911703,0.953800,0.954076
a1d1c13e-a592-47e9-af88-28f1a20e9401,clean,s4,3,0.974868,0.987195,0.993478
a1d6bad0-5cf5-4e14-910a-70a037965aac,gaussian_blur,s3,2,0.667689,0.768389,0.940395
a1df2e14-fe5d-44e0-aa68-12d94050f00c,shot_noise,s3,3,0.808020,0.884332,0.975819
a1e52ec1-d3fc-4f02-b614-c3387555eb09,clean,s3,1,0.469371,0.484201,0.938741
a1f64841-fb10-48b9-b5a4-994a279060d3,gaussian_blur,s4,0,0.976919,0.988263,0.993568
a1fbd805-ea6c-4ee5-946c-d2c0cef054c7,gaussian_blur,s5,4,0.973645,0.986645,0.986757
a1fdb033-5a96-4a0e-ab34-f98ca49b025f,fog,s4,3,0.328109,0.465711,0.547232
a2085507-10bb-4b91-bd33-45ea00ef2f97,shot_noise,s5,0,0.979206,0.989489,0.989931
a20a325c-d95d-4509-9cde-d1a88b45717e,clean,s4,1,0.929510,0.962919,0.978245
a21b4ee3-4ab8-4e2b-99f6-4d27326a337a,shot_noise,s4,2,0.592866,0.713134,0.853398
a226e631-bd08-4401-8328-78f2afcf04eb,fog,s3,1,0.760209,0.848770,0.962965
a227b7fe-d46b-4ddd-bb5c-48dd53972f90,clean,s5,3,0.944683,0.971522,0.972710
a229f32b-aea5-4422-8d54-8b7305838429,fog,s2,3,0.493968,0.496966,0.987936
a249ef29-78fb-44ed-9869-9bdf590c10c3,shot_noise,s5,2,0.630512,0.770778,0.784793
a2509a6e-6991-42ba-abb4-86ba10275732,shot_noise,s4,2,0.970853,0.985103,0.992433
a25424a8-f3b2-4702-9102-1735ce65a56f,clean,s5,0,0.597773,0.748187,0.748539
a255dda5-f1bf-42a2-b0bb-c6ce16670343,shot_noise,s5,2,0.687626,0.814559,0.816760
a258c972-3902-4ed3-b8ec-e1868ef538fa,clean,s4,4,0.513689,0.612761,0.849067
a2605e54-c8d4-4739-b116-2794a028453d,fog,s4,3,0.543409,0.675343,0.792952
a2752931-49aa-490d-9751-1bc755dc49a2,shot_noise,s4,2,0.522066,0.640816,0.811781
a2774da9-7157-42ce-9023-7503c944d41b,gaussian_blur,s5,4,0.713452,0.831471,0.840448
a27b4f5b-6978-48d7-bbe4-79bf601403a0,shot_noise,s4,5,0.982213,0.990997,0.994353
a28a0771-01c8-4229-bd9d-5d6cac0175ff,fog,s5,3,0.963739,0.981533,0.981623
a295aacb-7c6f-485a-bfd4-981536f6c9f8,fog,s5,3,0.767007,0.863188,0.904357
a2dc43f2-8c0d-47c7-8119-f2c9314626ea,fog,s4,0,0.578198,0.708181,0.816862
a2e9d59f-ec39-4693-bdbd-ea722680f911,shot_noise,s5,2,0.841141,0.913372,0.917700
a2f5be1e-aeca-4ea6-a741-2397d3b479ce,shot_noise,s5,5,0.889947,0.941361,0.948725
a3040af4-37a7-40bb-90b5-02ab9b59488d,shot_noise,s5,2,0.734441,0.845068,0.858656
a306140c-a913-4806-9a73-99fcc49d2ec7,clean,s5,1,0.883350,0.938056,0.938176
a30fc004-b08b-4dd7-927b-21d70e434465,clean,s2,5,0.596664,0.676794,0.965808
a31142fd-2f57-4a34-8e99-a361690655c9,fog,s5,4,0.955887,0.977430,0.978157
a31d9644-9b6d-4f37-946e-914c441e142a,fog,s5,4,0.515994,0.679538,0.684464
a3227a25-b65a-4bad-b803-8712fce3f02c,gaussian_blur,s3,3,0.870332,0.927210,0.978229
a327583f-2c92-4421-a81d-1693d6263ec1,fog,s5,5,0.957694,0.978381,0.978795
a32c7cf5-73b3-4bca-84ea-f2e406fea35b,fog,s5,0,0.588345,0.731028,0.777259
a333cb96-1ac9-42c3-839d-6594a68d7989,shot_noise,s4,2,0.807685,0.889964,0.926777
a336442e-fb4c-41ec-9bf2-365f3b025bc1,fog,s3,3,0.639575,0.740385,0.933424
a3393e87-c4c1-43be-9dd5-556a511e6d4e,shot_noise,s5,5,0.750844,0.856829,0.863736
a343dd0c-e9cb-4857-b226-a8e8ff5a9213,clean,s4,5,0.359653,0.521143,0.545520
a34eab1d-90aa-46ed-b18d-5599d94f64cd,clean,s4,2,0.952023,0.975192,0.984686
a3567c91-026c-42b3-a725-b9b162deb4d1,gaussian_blur,s4,1,0.421138,0.457193,0.842276
a35ee304-f47d-4e48-b880-859e3973458a,gaussian_blur,s4,3,0.815131,0.894643,0.931453
a35f4e95-aaec-43bd-8c66-d53dfe4fc1c2,shot_noise,s4,0,0.838664,0.910349,0.933504
a3677d83-ad00-4bd7-ad70-5abd107fd878,fog,s4,4,0.571927,0.713950,0.775664
a374590f-ae1c-4fcc-9763-60ef43de3b27,clean,s4,1,0.706977,0.810540,0.922277
a3850f2b-dadf-4d91-b658-afc5c6499551,shot_noise,s5,4,0.645909,0.779502,0.809195
a3ac502f-1c47-47df-9b0e-deb0a39d76f7,fog,s5,2,0.883522,0.938120,0.938795
a3b1b918-1ea6-4d06-b4d4-e0bd55bf9d7f,fog,s4,4,0.596748,0.736824,0.787845
a3cc13ed-bdeb-4d86-9af4-84bd4722382e,shot_noise,s3,5,0.654572,0.763567,0.908219
a3e468b1-fc1f-4c99-8c67-2b478be347f4,clean,s5,1,0.834246,0.909450,0.911664
a3e77020-defd-41fc-ab94-8d4d6b295d92,clean,s3,3,0.701834,0.804359,0.929264
a3f96108-d321-4eb6-889d-765ef75bfa20,gaussian_blur,s4,0,0.666197,0.795348,0.820741
a3fde790-5fa7-48a9-a4b5-7cd2963e2a37,shot_noise,s4,0,0.950251,0.974336,0.980521
a403f1fe-71b5-426c-8c46-c5b68b2026ca,shot_noise,s4,2,0.703426,0.823048,0.841988
a42f4ce1-83f2-4d29-86be-3863a4982d8e,shot_noise,s4,0,0.829285,0.902204,0.952411
a4328fab-188a-4777-b494-d10dcd63c0d8,gaussian_blur,s4,5,0.964569,0.981910,0.985008
a444bf04-daea-4227-a3f0-cc0e765eea49,shot_noise,s4,4,0.712283,0.822071,0.887598
a4461a97-8d3e-4073-a479-2c6c30afe576,shot_noise,s4,5,0.651612,0.775635,0.848907
a44d3fdd-cfbb-4053-8720-3b9f255a5b66,clean,s5,0,0.858853,0.923035,0.937483
a452b938-1145-434e-b9a2-c4b9c783c819,fog,s5,1,0.421395,0.492584,0.790693
a461a02e-1b77-45b2-a0d5-fd579f56edd7,fog,s5,1,0.919891,0.958012,0.964528
a465fc86-6967-4473-b1bd-08ab42b57b66,gaussian_blur,s4,3,0.956512,0.977656,0.982992
a471b9ea-d196-49a3-9c5b-7af1caec1e4a,fog,s3,4,0.695442,0.796290,0.938557
a475d1b1-f7dc-4893-9e2e-04a076595760,shot_noise,s1,0,0.895039,0.941416,0.999171
a4901e82-e057-4a0e-a9fe-d80aee137130,gaussian_blur,s5,3,0.666308,0.794924,0.823232
a4b974ab-7301-4623-8a09-ac33aaa1115a,gaussian_blur,s5,2,0.748947,0.851109,0.892357
a4b9c207-d71b-49fc-bd63-71def56daaf0,shot_noise,s5,4,0.716644,0.834935,0.834944
a4beee57-6bc2-43eb-ac5b-954e3a7f5a0b,fog,s4,3,0.809441,0.892709,0.913117
a4c6dc4e-389e-4a8f-9f9a-c87925232d24,gaussian_blur,s2,5,0.901276,0.945394,0.997170
a4c84a10-8ba4-4621-bc87-d7b03b27caf7,clean,s4,3,0.924109,0.959978,0.975045
a4ce0603-a23e-41ff-a71b-c4f651dbdcb9,gaussian_blur,s3,3,0.654940,0.750737,0.955021
a4d5c049-249b-4068-b641-3cd46be288c8,shot_noise,s4,1,0.372384,0.532288,0.564907
a4d66473-8621-45c2-bda8-b7b150ba56ce,shot_noise,s4,3,0.902022,0.947754,0.962517
a4d7e42c-9a9b-4bbc-9983-c88d955f1d18,shot_noise,s5,3,0.934020,0.965879,0.966053
a4daaae8-2657-450b-b51d-aba029e0423b,fog,s4,5,0.896599,0.943653,0.977909
a4dcd9d4-688a-4b89-87df-ec272fad1884,gaussian_blur,s5,0,0.435240,0.573291,0.684343
a4f138ce-b513-4092-bfa8-aee0af162c6c,clean,s4,1,0.687051,0.793514,0.916128
a4f5ee6c-0695-4fc4-a0db-24f3261e1ca5,clean,s5,0,0.903780,0.949437,0.949882
a4f7fbe3-ba58-481e-87b9-8ffe764b77e0,fog,s5,5,0.831894,0.908199,0.908613
a4f83c4b-a4e3-4522-b516-f76230506830,clean,s5,5,0.913790,0.954907,0.955976
a5001102-231c-4852-923e-44c7c1184543,shot_noise,s3,2,0.904016,0.947905,0.981910
a53e44c3-b550-46de-81df-d241042f607b,gaussian_blur,s4,4,0.924664,0.959958,0.983327
a54c61a8-35a0-4eec-b0f5-fa03433a2b0b,fog,s5,0,0.596704,0.739134,0.779179
a54dfff3-d633-4dc8-aff1-4a0f4d7e638b,clean,s4,0,0.920412,0.957707,0.978645
a55f2ce7-8d04-44e4-a3ff-49d0af16a80c,gaussian_blur,s3,5,0.957644,0.978020,0.994011
a58a6dd3-6bfc-4bb9-b6fd-7ef56eb5866e,clean,s4,4,0.742344,0.846142,0.890981
a591fd80-0d92-4dcb-a42d-74b412f0f541,shot_noise,s4,4,0.588562,0.729382,0.783931
a5990403-3c65-48fc-8b7f-7f4c2df7e808,clean,s5,5,0.592518,0.743587,0.746235
a5a0cc4f-0b48-48ae-80b9-293e371cd261,fog,s4,2,0.939464,0.968531,0.976939
a5a541f2-a56e-4f87-ba7d-53a6ff7428d5,shot_noise,s5,3,0.716819,0.833113,0.846688
a5ac1ebe-3313-4fc0-894a-625d89c9801a,shot_noise,s5,5,0.875276,0.933128,0.938915
a5b54989-b493-497d-94ab-8bc0309b4b08,gaussian_blur,s5,4,0.919607,0.957927,0.962713
a5bd312d-6a32-4149-b8c8-f592fff43aaa,gaussian_blur,s4,4,0.938739,0.968106,0.977675
a5bd8d34-a83a-4e08-9d91-f6139eef94a3,clean,s5,0,0.893904,0.943976,0.944064
a5be3c3f-66b9-4a75-bcf7-29e0a86b16e5,shot_noise,s4,3,0.890110,0.940894,0.958213
a5c08b02-8863-40ad-929d-3512a6628ad1,shot_noise,s3,4,0.767164,0.854267,0.964149
a5c7304f-e2bf-4942-ac59-147e6af0a0e6,fog,s5,1,0.850648,0.919281,0.919499
a5c76c7d-d024-44d5-8dcd-c4f4bd912379,clean,s5,4,0.781026,0.874837,0.894752
a5d687e7-58a8-4908-a474-45166f8afe77,clean,s3,2,0.971599,0.985457,0.995076
a5df93a1-6991-4ea6-8115-fa7426cbc14b,shot_noise,s5,1,0.898982,0.946801,0.946864
a5ef9344-8cbb-423c-9a36-01fec66fd00c,fog,s4,3,0.974887,0.987211,0.992991
a5f5d29f-3cff-4bd7-b66a-1873899f67bc,gaussian_blur,s5,4,0.582058,0.735576,0.736760
a5fbc113-83b4-4ae7-a995-d8249e154ea6,clean,s4,2,0.375219,0.535107,0.568443
a6068128-ca6f-4184-9bcd-b3fef9ebe47b,clean,s5,1,0.594069,0.720878,0.833022
a60e2ff7-8fd5-4bd3-89ea-41e6882cca8b,fog,s5,4,0.931148,0.964276,0.966317
a60ec173-fc08-4098-98da-c8ef60ae1742,fog,s5,1,0.899737,0.947198,0.947681
a60f776b-44d6-4808-8783-8c0bad225333,gaussian_blur,s5,3,0.835276,0.909481,0.918699
a61c28e4-27d0-441b-b8ad-14334f1b88c4,gaussian_blur,s4,1,0.657510,0.762879,0.921963
a6361756-0e13-44ad-98cf-a80552fff75c,fog,s5,0,0.781770,0.875632,0.892704
a66b8bb4-3655-4254-bc1d-bcc7b767e9e7,fog,s3,2,0.794514,0.875977,0.962213
a66e755c-bfc5-4b78-b4af-99c45d636679,gaussian_blur,s4,3,0.732386,0.829581,0.939070
a67dea67-2a04-44ad-a3a5-e63197bc64a4,shot_noise,s4,5,0.854366,0.918158,0.961859
a68e4f61-41a7-4ecd-8d88-244d79248da1,gaussian_blur,s5,4,0.902698,0.948816,0.949739
a6922ac7-4d0b-4368-9fd1-8ff31088f270,shot_noise,s4,5,0.421747,0.457552,0.843493
a693dad6-629b-4a65-a6f1-33644123fc42,shot_noise,s5,0,0.596704,0.739134,0.779179
a6973488-39f5-4112-881c-36d41ef35614,gaussian_blur,s5,1,0.589588,0.737026,0.760014
a6b571c7-6b45-43e6-a3f9-afeaa27c788a,clean,s5,1,0.903780,0.949437,0.949882
a6bcfa25-0402-4bf7-8b0d-50b847886d7a,clean,s4,5,0.828523,0.903509,0.934330
a6c3a0ba-484f-4d74-9917-f56258bccddd,clean,s5,5,0.973973,0.986811,0.987083
a6c9087d-07f4-425f-8d5a-d00db968d1e8,fog,s4,3,0.632902,0.749744,0.876853
a6cc557f-f257-4934-97d7-f5820b5d29fe,fog,s4,3,0.634862,0.766829,0.818795
a6d6d51a-a493-464f-a54d-132fa07ff449,fog,s4,4,0.979485,0.989611,0.992032
a6d7afc9-ca73-445b-ab4e-4f0b496f9392,fog,s5,3,0.798367,0.887306,0.892973
a6d83d02-22c7-4756-b40a-71e329a7271c,clean,s3,5,0.971599,0.985457,0.995076
a6db2097-54bd-4a6c-a06a-7d7249b2921b,shot_noise,s5,5,0.829039,0.903923,0.933659
a6ed69c7-d724-49cc-ab12-9b8845ab0f6d,fog,s5,4,0.535183,0.688619,0.724856
a6f6cf04-5830-4da5-8ef5-017af8cd77fb,gaussian_blur,s4,4,0.855410,0.920884,0.937077
a70ed359-2288-4b6e-be12-502096adfb28,shot_noise,s3,1,0.966423,0.982671,0.997560
a7108352-16f8-48d3-95e0-4bb0f547f99b,clean,s3,2,0.728688,0.820478,0.968805
a71b2d7e-86de-4630-81ba-ffc9d1a218e6,gaussian_blur,s4,1,0.685389,0.808207,0.840044
a726b1bc-b617-44bc-9741-38b92e58e2d9,shot_noise,s5,5,0.810512,0.894874,0.899772
a727b8ff-f360-4df8-853b-1d40884fe403,shot_noise,s5,4,0.607347,0.747965,0.786459
a7362c51-d018-4b6a-83a3-c0cecb8c0bb8,gaussian_blur,s5,2,0.753758,0.858911,0.864416
a738e09b-cc29-45b7-93ea-1de7060f0c29,gaussian_blur,s5,5,0.953156,0.975973,0.977806
a73e7075-2995-4eca-96b3-bbf6e1c90299,shot_noise,s3,2,0.679997,0.786028,0.919323
a7400e99-860e-4afa-a348-ab0e11953c58,shot_noise,s5,1,0.972768,0.986192,0.986475
a75135ff-75fa-4d4a-bb5a-ac4d2959d778,gaussian_blur,s5,4,0.640375,0.780353,0.782649
a752f7da-2a80-46a6-9a55-05f32cb5871c,fog,s5,3,0.631670,0.770650,0.790011
a7567858-0452-48ab-b214-4e2d4ce5c356,clean,s5,0,0.812736,0.893700,0.924875
a757a1ef-b1b8-49ea-af16-20d3af2904f6,gaussian_blur,s5,2,0.897269,0.945829,0.946298
a76cac3d-1ee8-45e2-ad57-2bbe0acbe609,shot_noise,s4,3,0.960306,0.979634,0.985499
a770b360-7bfd-48c1-a2cb-a595a1d01620,shot_noise,s4,0,0.664933,0.784163,0.866336
a771266f-a1b1-4a8b-924d-cbf0eea2b9da,fog,s4,0,0.975647,0.987600,0.993612
a79e5512-71ac-4e4d-8c05-d0f5b12c7037,shot_noise,s4,5,0.568127,0.699422,0.808335
a7a17c3b-ab66-4a0c-91d2-99d8c396e76e,shot_noise,s3,4,0.404016,0.530442,0.671504
a7a74994-29f8-49f6-bdf7-d526660adbae,gaussian_blur,s4,0,0.826100,0.901652,0.936464
a7b819f2-d519-4e11-ba49-aa80884e44c0,shot_noise,s3,4,0.923057,0.958856,0.987525
a7c86d56-5437-4616-92d0-93bc11a9e5c0,clean,s4,4,0.959009,0.978871,0.988752
a7d1ab9b-7860-4729-acb9-f6c070a789fe,gaussian_blur,s4,0,0.785187,0.873752,0.926533
a7e18703-725b-4d31-9180-17f48c88f0c2,clean,s5,4,0.921603,0.959017,0.963733
a7e19cf8-13ad-4f25-b27e-718251d0cafe,gaussian_blur,s4,4,0.768146,0.859277,0.937051
a7f06edc-ff85-4c3f-b057-4de9d7535d9d,shot_noise,s5,2,0.952482,0.975619,0.977442
a7f587c9-a279-48c1-bc7e-286ae8f10a15,clean,s5,2,0.896120,0.945214,0.945221
a816406a-5bd7-40f0-b162-428bf517cf1d,shot_noise,s5,0,0.920932,0.958608,0.964400
a8287de1-37c4-4f06-9f29-565d1f6a8d40,clean,s3,3,0.914192,0.953737,0.986197
a8415f2c-3f8b-4f6c-89c0-53da6bb7fb28,clean,s3,4,0.872960,0.929028,0.976469
a8485449-5806-4001-b45a-066e50fe8aeb,fog,s5,1,0.798950,0.888182,0.888768
a851d983-2a5f-48c7-bf8b-43963d166b8f,fog,s5,4,0.645808,0.784359,0.786799
a8520ae8-2735-4709-9385-128f2cb277d1,gaussian_blur,s4,5,0.895250,0.942881,0.977109
a85a4bfe-8cc9-4432-9ab5-c312d14663aa,shot_noise,s4,4,0.710363,0.819198,0.894043
a86cd66d-bf84-4647-8d2c-c2ca00c2792b,clean,s5,5,0.916095,0.956175,0.957028
a86ff56d-bfbe-4734-b754-0d325ff54e4d,gaussian_blur,s4,2,0.779819,0.867643,0.941621
a8784737-df2e-4e0b-80fb-5efbd0eb63d5,shot_noise,s4,0,0.479919,0.593171,0.784757
a87a6ce4-3d00-41f4-9cbf-755ae2d0aa85,shot_noise,s5,4,0.916638,0.956204,0.963403
a889f8ae-03d1-4c8d-92f6-1f7b838b38f5,clean,s2,4,0.831869,0.899394,0.995941
a8998196-c4ea-4e7b-9de0-4b4350dbd6ef,clean,s1,0,0.895039,0.941416,0.999171
a89ffd9f-be3d-4a09-b321-73fa847dc140,shot_noise,s4,2,0.950132,0.974164,0.984640
a8a7019e-2353-4d96-b264-329a0fabb19f,fog,s3,5,0.654754,0.764002,0.907291
a8acd0fb-16bb-4da7-9ab8-e0ec7196a10c,clean,s4,5,0.899392,0.945998,0.966163
a8b26996-c638-431e-ab4d-79b63fdb44a0,fog,s4,0,0.513689,0.612761,0.849067
a8b27e96-68d3-4815-ba91-0536d9eb87b9,fog,s5,2,0.814149,0.894515,0.926373
a8b33405-b6ed-491a-98bc-9f11e3db7e0c,fog,s5,2,0.868816,0.929356,0.936132
a8b4e9f8-434e-41c8-86a9-90e3d085818b,shot_noise,s5,0,0.790811,0.879526,0.913584
a8c42d2a-ebd4-453d-af61-8c1aefe6c2cb,gaussian_blur,s4,2,0.732631,0.831500,0.929877
a8cd8ed0-785a-4d60-a7b2-e011ab9baf16,shot_noise,s5,2,0.819979,0.899947,0.912469
a8d2e612-0248-4dd0-a0f5-c58f776de6a8,gaussian_blur,s3,3,0.400559,0.526901,0.667323
a8d30813-3b7a-4658-9f7c-1dba6a07adc9,shot_noise,s5,5,0.818320,0.899297,0.907900
a8d73636-771f-46a6-8acf-3b8c6008964a,shot_noise,s4,3,0.907085,0.950608,0.964876
a8e47f40-6a8f-4a80-a071-36b511c7c1ac,shot_noise,s3,2,0.893312,0.941012,0.988371
a8f19660-746d-4bc6-a3af-d7ad4472497c,gaussian_blur,s3,4,0.784667,0.867095,0.971495
a8f3f97c-1452-42f7-8823-f1990f24d473,shot_noise,s3,1,0.893139,0.940905,0.988371
a8f654ce-0751-496b-b6c4-bff9681ce727,gaussian_blur,s5,2,0.903331,0.949045,0.952456
a8f92062-a2e4-481a-b514-fbf5a7905602,fog,s5,1,0.513975,0.678463,0.680565
a906a5e6-7a7a-4edb-9174-83d3e83101ca,gaussian_blur,s5,5,0.849374,0.917979,0.925547
a9324229-71ea-4673-8318-2f01f00f4de4,clean,s4,3,0.900706,0.946316,0.974640
a941d7fe-aad8-43e1-96ee-ed5621b848ad,shot_noise,s4,0,0.974086,0.986840,0.989328
a94b3643-721c-4970-8141-6a6d61f1df6d,clean,s4,5,0.793766,0.876318,0.955443
a9570b62-7d78-49da-8a1b-0a4e77d444b9,gaussian_blur,s2,0,0.961883,0.980217,0.998461
a958c332-73d4-4827-8336-ef8bf4722a60,gaussian_blur,s5,2,0.950979,0.974790,0.978164
a9640957-eaac-470a-bf1e-b68eeefc35fd,shot_noise,s4,0,0.975647,0.987600,0.993612
a9695293-8c1a-4321-bf56-8558a6924942,clean,s5,4,0.691997,0.805641,0.881369
a976105e-09c2-4436-b3d1-f8fecbeae002,clean,s5,1,0.945104,0.971758,0.972480
a9793e01-af62-4481-bb32-60c84fb82b0c,shot_noise,s4,5,0.925109,0.960555,0.974869
a981cdd1-18a5-476b-9774-77df7db39d43,gaussian_blur,s5,2,0.990081,0.995011,0.995915
a98f4396-469c-41e3-9557-35d355b0eed5,fog,s5,1,0.871819,0.931468,0.932288
a98fd744-50bf-4d1b-8cbd-7b66cc95e506,shot_noise,s4,0,0.945757,0.971680,0.987737
a9a7e0c2-d4d8-461c-9249-3dd75b5921db,clean,s5,4,0.515769,0.662921,0.732800
a9a95c71-6aae-4485-901e-2149b6b59d5d,clean,s5,4,0.749016,0.855792,0.861411
a9b0a604-f82a-4671-93e3-dee73a6305da,shot_noise,s4,0,0.513633,0.664796,0.720084
a9b45644-5f71-4603-87c3-8025ac765242,fog,s4,5,0.951727,0.975024,0.984965
a9b8e5c9-319b-4172-b1a4-f8a7307f8333,shot_noise,s4,0,0.735292,0.840795,0.889301
a9bd5681-1a30-45f9-a7f4-d55b791307e2,gaussian_blur,s5,5,0.913087,0.954333,0.959744
a9c20b4e-6fb4-469f-910c-572e73985a5c,shot_noise,s5,1,0.683061,0.811149,0.814547
a9cd88df-1e8b-4bd5-9515-5e02c876b9e1,clean,s5,2,0.883857,0.938213,0.940533
a9ce621b-62a6-4264-b779-d1fdf1853509,gaussian_blur,s5,3,0.569179,0.723331,0.733099
a9cfb804-fcb0-47fb-9785-84fc50f74f0f,fog,s4,3,0.530370,0.626437,0.871651
a9d84b85-ffe7-42d7-88e4-872fd4e5c116,fog,s5,5,0.636083,0.774077,0.793019
a9dd4b7c-d1d1-4ce3-ab63-ebf151b9d0f4,clean,s4,3,0.899392,0.945998,0.966163
a9e2b982-698d-400f-965a-d5e6969eead7,gaussian_blur,s4,5,0.921116,0.958105,0.978837
a9e8d1c7-1840-45df-b36a-73d9fde9de89,shot_noise,s4,5,0.930102,0.963245,0.978491
a9e9eb9e-dd8c-4dbe-bac2-79ec526ef3b3,fog,s3,0,0.309516,0.450125,0.513808
a9ec6372-9f6b-415e-a592-66254fc3ded9,clean,s4,0,0.952023,0.975192,0.984686
a9ef5c72-b166-40bb-91cd-583714225431,clean,s5,0,0.913294,0.954455,0.959670
a9f66137-e37a-4b9d-8be0-9a318473ffba,gaussian_blur,s5,4,0.879357,0.935675,0.937845
a9f7daad-1a61-4e0b-948f-6212471ca9b0,clean,s5,5,0.856403,0.920739,0.946736
a9fe510b-0018-4a4e-a2b7-88e6e9f16c58,fog,s4,4,0.966609,0.982972,0.985909
a9fea81d-a0a7-4bcd-a1c3-f6b526aa845e,shot_noise,s5,3,0.298165,0.454467,0.468341
aa0711b7-e121-4356-ad7f-a2e9289f67b9,shot_noise,s5,1,0.444453,0.512017,0.827235
aa07334c-f93c-42ac-b59e-d0d11e1b2b0b,gaussian_blur,s5,4,0.886668,0.939608,0.945267
aa13ed2e-6c52-41ba-8672-917d98f8d637,clean,s5,5,0.858853,0.923035,0.937483
aa1cff37-7f40-449d-bf01-e116dde5e39e,fog,s4,1,0.943100,0.970378,0.982136
aa2008c0-f16d-4b0b-afb2-a637a64f7ee0,clean,s5,1,0.372149,0.512515,0.603803
aa258d6d-7778-45ac-a80e-580f8253dfa6,gaussian_blur,s5,2,0.555858,0.714396,0.715024
aa2cb22c-b3c9-4f27-b527-aed363c2b8da,clean,s3,2,0.459728,0.479019,0.919455
aa3645bd-082c-416a-9547-5d43cd39018f,gaussian_blur,s5,3,0.902711,0.948864,0.948950
aa3923c0-0259-4bcb-87a8-98fb063b14e1,gaussian_blur,s4,2,0.980869,0.990308,0.993927
aa441ddc-e521-4709-9cd4-55e8d29ff007,fog,s4,1,0.830658,0.902906,0.954780
aa4a476d-4f8f-40ad-897d-e2a39ba6b7eb,clean,s5,3,0.515769,0.662921,0.732800
aa525efd-f290-4f9e-8969-e4b668c2f1b4,clean,s5,2,0.372149,0.512515,0.603803
aa5ee7ee-f413-459e-a04f-d75391c4a02d,clean,s5,2,0.810920,0.895540,0.896053
aa62331f-e5e2-441c-a00f-bcf98514a501,gaussian_blur,s5,4,0.945132,0.971735,0.973818
aa7a73a7-bcb7-45e4-a791-332529c5cddc,clean,s5,1,0.991724,0.995842,0.996597
aa7dabde-f025-45be-8ffe-84f21521fc24,shot_noise,s5,1,0.923557,0.960252,0.960449
aa8232af-a901-4648-a409-de8b76e720f8,gaussian_blur,s5,0,0.843892,0.915155,0.917485
aa8267a8-7c13-4e64-9031-32dea721cee8,fog,s5,2,0.760525,0.862308,0.876085
aa870576-3c0e-4ce9-b231-0641e0d83449,clean,s5,0,0.927488,0.962309,0.964270
aa88278b-0d4e-4a55-9e50-b717f16d82ea,clean,s5,2,0.628609,0.771570,0.773659
aa94c6c0-84b7-437b-bd4d-5e2bdf3638b5,shot_noise,s4,3,0.981022,0.990387,0.993868
aa98b178-8bc1-4221-a4a9-c3e48ce8bab2,clean,s5,3,0.749016,0.855792,0.861411
aa9a971e-9c84-406a-addb-86dc26c5413b,fog,s4,1,0.569325,0.698548,0.815197
aa9f9966-11eb-40e6-bf0d-739b9ffa3d72,shot_noise,s3,2,0.938521,0.967625,0.988692
aaabe8c2-6c6c-4472-a4b5-0620eaab512f,shot_noise,s5,4,0.902354,0.948503,0.951922
aab3ec2d-8add-4962-b1a7-854270d6d94c,clean,s4,3,0.704664,0.815583,0.887291
aac60222-f58d-43e7-92ee-1d082ee86731,fog,s5,3,0.304064,0.461993,0.474398
aac626e9-eef0-4b9b-be0b-d0be47560600,shot_noise,s5,0,0.739335,0.849082,0.857116
aacacf09-e2d9-493e-b9ce-cdc13aa277af,shot_noise,s5,4,0.434823,0.600933,0.619045
aad3c247-ba5f-407b-8fc8-e8a80c63e15f,shot_noise,s5,4,0.951053,0.974830,0.978192
aade797e-b24e-4366-9908-9aba68a5995b,gaussian_blur,s5,2,0.920344,0.958333,0.963012
aaebdc91-f484-4584-9321-948dde203530,gaussian_blur,s4,1,0.956837,0.977751,0.986555
aaee2772-05be-41f0-8c3d-faa1f870f462,gaussian_blur,s5,1,0.904215,0.949424,0.955129
ab0369c5-e44c-4d8e-af88-7b40834a7383,fog,s4,0,0.666197,0.795348,0.820741
ab21a47a-51ed-46ac-9f29-afe5aa3f7d0c,shot_noise,s4,5,0.954804,0.976666,0.986037
ab36555a-e928-4773-ad8e-99f8763b2529,shot_noise,s4,0,0.709233,0.822308,0.872523
ab425441-6c6e-4716-b7e7-ba6d0800cb26,clean,s5,4,0.911703,0.953800,0.954076
ab45ccc4-ffb1-40cd-bd77-64ca1c5cbd41,fog,s5,1,0.934398,0.966068,0.966651
ab675f0e-24df-4dc3-917b-56314a667406,shot_noise,s5,5,0.637211,0.772055,0.806293
ab67aae5-f2a3-454d-8c4a-4167437c6ab5,fog,s4,1,0.889103,0.940334,0.957423
ab6a0334-d4c9-48d6-998e-7817a47233dc,fog,s3,0,0.766016,0.853365,0.963957
ab6c8bf0-18d6-49a3-b894-61b75c421757,shot_noise,s4,2,0.729205,0.836538,0.885376
ab8d1fbd-7b4f-440d-8547-65ac042c8880,shot_noise,s5,2,0.842857,0.914726,0.914752
ab90cd60-901d-481d-b3c8-e4d71925faa2,clean,s5,4,0.920932,0.958608,0.964400
aba7008a-d5c3-4e7a-92a9-746f52b998a8,shot_noise,s4,2,0.877016,0.933969,0.942197
abb87d5a-e4b9-4219-a67f-0b3850cf6207,gaussian_blur,s4,5,0.925162,0.960440,0.978469
abba2e47-14bc-40f8-8dc2-eae5755855b5,clean,s5,5,0.790811,0.879526,0.913584
abbcc5ca-215d-4f7c-bd0d-1482a384221c,clean,s4,0,0.946602,0.972263,0.983579
abbf362e-5fdc-4ac7-aef9-4aba9f040f4e,fog,s5,1,0.179916,0.281693,0.337360
abc2b012-db55-43e0-9cf7-9a1d884b4e89,gaussian_blur,s5,2,0.196173,0.314647,0.347487
abd90dbc-84b5-4c33-bc2e-afc8734e010d,gaussian_blur,s5,3,0.922486,0.959425,0.965979
abf2610f-89f2-4935-9980-d0a9b485212b,fog,s4,0,0.950251,0.974336,0.980521
abf9d074-9485-4a22-8208-dda8e9ad2118,fog,s4,1,0.372178,0.521224,0.586827
ac25652d-cd24-4733-8cda-c0218f62d423,shot_noise,s4,4,0.807805,0.887468,0.948944
ac262c7f-dcd6-4061-a759-ecb85e292e19,shot_noise,s5,1,0.767832,0.867971,0.873968
ac29b00e-ae3e-4e17-a014-a43b48b61673,gaussian_blur,s4,0,0.698787,0.819804,0.838704
ac302cbc-d2cb-4813-9345-c82d7aeb6f68,fog,s4,5,0.852449,0.918171,0.946961
ac339f5a-7e25-4bad-aa02-dd1fa497d1f4,shot_noise,s5,5,0.942812,0.970529,0.971775
ac39f72a-1fca-4600-814a-ab5bb46b9e6f,gaussian_blur,s4,1,0.955900,0.977332,0.982757
ac3bf7dc-ce6c-4453-86e8-1c8f64282713,clean,s4,2,0.924109,0.959978,0.975045
ac49dc4d-ed14-4a76-9bc3-f5eb0a49d909,fog,s5,5,0.846151,0.916113,0.923248
ac522ac3-1a81-4a4e-a03b-062f12a387b0,shot_noise,s3,4,0.941248,0.969026,0.992606
ac55471b-95b6-4eb0-bb2a-e61e140faa72,gaussian_blur,s5,2,0.796156,0.885713,0.893493
ac55d215-fe68-4c64-891f-f37120bda7dd,shot_noise,s2,3,0.546207,0.610545,0.952928
ac560eef-410e-48c1-ab1a-76a8054b4ff3,clean,s5,0,0.945104,0.971758,0.972480
ac5ca060-6d70-43e6-bcbe-2837c11cd5eb,fog,s5,4,0.810475,0.895107,0.897323
ac61bbf5-ed36-49cc-a8a9-1efc85191998,clean,s5,3,0.941551,0.969767,0.974149
ac74462e-9b85-463e-a56a-adff1cbe6ad2,shot_noise,s5,3,0.832178,0.907774,0.915216
ac74e5dc-e537-418c-9683-a8aeb9faa3cb,gaussian_blur,s4,2,0.379686,0.539514,0.574021
ac759b05-794e-4fc5-be04-41c5ad1b4c78,clean,s5,1,0.764885,0.865835,0.873844
ac7657ca-a5ec-4c4a-af7b-fbfd95ddbe55,clean,s4,3,0.533584,0.616057,0.903728
ac77fc2e-60f6-446c-95bb-e022dbacaf88,gaussian_blur,s5,2,0.979214,0.989481,0.991125
ac7c9be1-0ea2-4cd0-b902-0221e5b7dd77,clean,s5,4,0.553305,0.712322,0.712773
ac88a178-9fb1-4835-a7c6-dd75ac31ec1d,gaussian_blur,s5,0,0.948805,0.973722,0.974029
ac9200bb-ab74-4d1f-8b05-cb6f3134996d,shot_noise,s4,5,0.484715,0.639351,0.690619
ac925e3d-6a05-4b5e-a661-f4358f12a327,fog,s3,0,0.469371,0.484201,0.938741
ac92dd8a-575c-47db-92c6-c77c94f152fe,gaussian_blur,s5,5,0.379383,0.521700,0.609405
ac993d43-f695-45c0-8a4d-ce900f9a0d37,clean,s3,1,0.876253,0.930754,0.981586
ac9c1b67-0eeb-4ddb-bffe-1a48e0f31d46,shot_noise,s4,5,0.941686,0.969456,0.986701
acb0a0f8-f319-427e-b477-bc629075a59c,fog,s5,0,0.764885,0.865835,0.873844
acbc85bd-398e-42ed-93c8-f7819838b3e1,gaussian_blur,s5,4,0.595614,0.746100,0.748389
acc90970-7e80-449b-916c-3ec68395ebf5,gaussian_blur,s5,0,0.787276,0.880315,0.886525
accfe8da-e772-47ea-aa77-43b7b8eb2129,clean,s5,1,0.549854,0.700413,0.740075
acd1cf47-5144-4f27-baf3-ff098fc7719b,shot_noise,s5,3,0.523015,0.686814,0.686821
acd6f802-8fce-43a1-9b7f-048519fd1cdf,fog,s4,1,0.779843,0.868518,0.935535
ace0b6b9-1b6e-47f8-bd46-b6e0dec85f1c,shot_noise,s5,1,0.799032,0.884947,0.917355
acef95a1-0c25-4292-a9a0-d90b7e7043d6,shot_noise,s5,0,0.905823,0.950582,0.950635
acf58d6e-60e3-49e3-bda7-0ac79c3b8e62,clean,s4,1,0.709014,0.822409,0.870987
acf74a28-176b-4e13-9c52-4fc2f9d4f87f,fog,s4,0,0.743487,0.851235,0.863888
ad0517dd-6a06-4894-b016-1a633e0e43c7,shot_noise,s3,0,0.459728,0.479019,0.919455
ad0856e3-b660-4ba2-b42e-cd9b53e159d8,shot_noise,s5,2,0.918971,0.957579,0.962386
ad22de5f-b35d-42a0-a444-e0e71734df73,fog,s5,0,0.860366,0.924393,0.932210
ad24dd75-a75f-4266-a858-dbbd52b4a5c7,gaussian_blur,s4,4,0.966238,0.982641,0.993667
ad292ad6-f394-4574-853a-f7d8403bff12,clean,s4,5,0.956672,0.977739,0.983099
ad416604-a03c-4a4e-816d-75f9ea346a43,gaussian_blur,s4,1,0.839712,0.911029,0.933605
ad41deee-0fcf-49ac-9c39-acef0db2c4c3,gaussian_blur,s4,3,0.847255,0.916008,0.932848
ad42a14a-df19-4294-9344-2ceea3367012,gaussian_blur,s5,2,0.549989,0.709105,0.711605
ad5e59aa-bfc0-41b0-ae61-ab4edfa04639,shot_noise,s5,4,0.537690,0.689644,0.730613
ad5f8040-c2aa-40f4-a786-0c5522fc3e38,shot_noise,s4,0,0.906704,0.950407,0.964427
ad66485b-af99-40ba-9b9c-bfd6262a503a,fog,s5,0,0.943626,0.970944,0.972783
ad76aca2-d7d2-419c-bfed-8d1ec7788ddd,shot_noise,s5,2,0.853956,0.920776,0.926901
ad8049d8-1229-470b-88f0-d174907a1f8f,gaussian_blur,s5,4,0.841409,0.913684,0.916086
ad873573-a36c-49ec-b871-380a716a0e75,fog,s5,4,0.974835,0.987254,0.987525
ad905706-0d43-4766-98d6-7f5c91a98d4d,clean,s5,4,0.944617,0.971430,0.974657
ad9e66cd-56c4-4596-8c2c-edffe09a49ff,clean,s3,5,0.813377,0.888240,0.976231
ada296ab-3872-4115-8991-f39402e05a3b,shot_noise,s5,2,0.593960,0.720966,0.832339
adb297bf-a67b-4e92-8d76-eb72a73e712b,shot_noise,s4,2,0.867084,0.926022,0.966512
add3ad9f-edbb-4991-ab3b-8d37fd032d25,clean,s4,2,0.704664,0.815583,0.887291
add3fb0b-661d-4985-b7b4-eeee64f78a3d,gaussian_blur,s5,3,0.957105,0.978054,0.979373
ade0006a-d356-4a8f-837e-a180085a7105,shot_noise,s5,5,0.937939,0.967912,0.969967
ade34fb9-ee1b-48e0-9581-7ba233da0668,shot_noise,s5,1,0.921250,0.958885,0.962088
ade45215-b9b5-494b-ac16-9d34fc475357,gaussian_blur,s5,3,0.861433,0.925486,0.926535
ade76086-3870-4e4e-a17a-b3759ed0f238,fog,s4,1,0.682554,0.789802,0.913750
adefc29e-c0b2-4d21-be1e-cf2ef19cd28e,fog,s5,1,0.792688,0.883969,0.887706
ae0a80d1-6974-4cbd-b7ae-79d57c3ee18f,fog,s4,0,0.974086,0.986840,0.989328
ae1475f6-55af-492a-b216-badb0b7ddc5e,fog,s4,2,0.391048,0.438863,0.782096
ae16ea7a-b5e6-4d42-bcd9-e0c01ec5f45f,fog,s4,0,0.601270,0.732412,0.820427
ae211667-3b76-4721-9bdd-ffbc21f30179,gaussian_blur,s3,5,0.900067,0.945286,0.986150
ae23f77a-3b83-4753-b7a4-56bcd9740dac,gaussian_blur,s3,0,0.896592,0.943002,0.988903
ae2be80a-4859-4f80-b09e-6e5063727a80,fog,s4,0,0.939726,0.968524,0.981701
ae2d9e46-1258-4578-a7db-1a9a8921804f,fog,s4,5,0.621479,0.764129,0.776857
ae2e7749-be8e-4ff1-ac32-aff7ed25e76b,gaussian_blur,s5,5,0.808751,0.893986,0.896893
ae32754f-0660-4705-89fd-447aa47e590d,fog,s3,0,0.490402,0.602415,0.798087
ae3c3153-d6b8-401a-a7ed-7c6e6fb318a9,clean,s4,1,0.709233,0.822308,0.872523
ae3e6a31-cb24-49b7-8724-4acc9166539a,fog,s5,0,0.903750,0.949280,0.952637
ae43d4ab-713e-43a6-bda5-b7a9d523f052,clean,s5,5,0.942544,0.970387,0.971604
ae5457a7-2264-4240-a844-1ffcb0881dd7,fog,s4,2,0.966012,0.982567,0.991015
ae570b6a-0724-4750-89a2-69e10884bf29,fog,s5,1,0.537149,0.690434,0.726207
ae5908a0-e6d9-46bb-8add-f4f7a2849629,gaussian_blur,s4,3,0.981328,0.990543,0.994073
ae630344-548c-4f9f-a4e0-30922c7ef81a,fog,s5,2,0.832561,0.907493,0.920933
ae738cc9-fab6-4d5e-987e-29f6b4dbb544,gaussian_blur,s4,0,0.799975,0.884982,0.922708
ae8d09ba-626a-45fb-919e-507990ebec6b,fog,s5,2,0.829146,0.906027,0.912618
ae948ad6-a0b4-401a-a67a-bd4df7732fee,fog,s5,4,0.802268,0.889919,0.893627
aeaba67b-84d3-42f5-84a8-4dcc5073d61f,fog,s4,0,0.766886,0.859801,0.927012
aeba7484-9242-4d68-881b-d48d8c492a49,shot_noise,s4,3,0.655437,0.776783,0.859403
aee355ed-4c47-4cd7-815a-9f76803a92b1,shot_noise,s4,1,0.894797,0.942609,0.977040
aee76d30-57f6-40a4-94d4-ea71d3806cb2,fog,s5,0,0.973546,0.986594,0.986709
af0c899c-0103-43d8-9e3e-31bdc5292367,clean,s5,5,0.739335,0.849082,0.857116
af317d7a-5b0d-4ddb-96da-c909d9257867,clean,s5,3,0.917200,0.956769,0.957803
af3a13bc-05af-45ea-ba77-90cdca6739fa,clean,s1,2,0.895039,0.941416,0.999171
af4f8418-46d0-4f06-a23b-9740867c9410,gaussian_blur,s4,4,0.464706,0.610273,0.696800
af5056be-3111-4513-bd92-8829c7e8267d,gaussian_blur,s4,0,0.602989,0.741901,0.792741
af5bc0d2-1161-4110-9366-1bd65437ae16,clean,s5,5,0.357914,0.436066,0.688672
af607530-7b78-4702-a699-0effb1cbd989,shot_noise,s5,0,0.826418,0.904573,0.909021
af629b62-4ffc-49b3-a15d-3be93d76cc45,clean,s5,0,0.856403,0.920739,0.946736
af7c9a42-9356-4fd9-bb69-52efc468f850,shot_noise,s4,3,0.757162,0.860301,0.872539
af89e9c9-59c9-4ae8-a931-6f17f3ce29a8,clean,s4,1,0.793766,0.876318,0.955443
af8d2008-c757-4387-8d1b-065f7b70505e,clean,s3,5,0.939408,0.968003,0.992346
af91db56-a853-41a9-91ea-f5493b488abf,fog,s4,5,0.526726,0.672499,0.743467
afa49f26-2ed9-421f-bcd9-bca4e2ea61e6,fog,s5,2,0.679780,0.802176,0.845723
afa578b8-726c-4a22-aca5-4bb016b52753,fog,s3,2,0.783258,0.866549,0.967691
afb07fd8-d666-4cd4-8adf-01506fffc43b,fog,s4,3,0.652335,0.783112,0.819468
afbc76ae-e250-44e9-a8f4-07f4f0f5dfc4,shot_noise,s4,2,0.833839,0.905432,0.951262
afc023c3-f98b-4b35-b7c3-86a99b60cb78,gaussian_blur,s3,0,0.575348,0.657450,0.943515
afd21de5-0a59-47d6-8995-bc2dcc64f81c,clean,s4,4,0.838664,0.910349,0.933504
afe14d59-1b9b-4eab-a7a4-e791ecfefbb5,fog,s4,4,0.337350,0.438112,0.622667
b0035bd7-2a5b-41ac-9a1f-20d017601d20,clean,s5,4,0.782706,0.877273,0.884934
b00fe30c-0503-4eca-92ad-1dd9c9b26280,clean,s3,1,0.805335,0.883025,0.970373
b0240b33-459f-4ac7-8d6c-844bc6ec9ad4,gaussian_blur,s1,5,0.472461,0.485841,0.944923
b024af15-8b4d-463f-9401-12c341c528fc,clean,s5,5,0.888450,0.940676,0.945223
b03e66fd-ebf9-43d0-9055-dfaccc87e1d0,clean,s5,1,0.913294,0.954455,0.959670
b051d5c2-b41c-438c-94f1-1280138f4028,shot_noise,s4,3,0.710795,0.820827,0.887469
b055266a-3024-474e-9ab4-b703a089f546,gaussian_blur,s4,5,0.726662,0.833076,0.893335
b0553b7f-820d-4392-99d3-bb99dfa21a86,fog,s2,2,0.795752,0.872345,0.995269
b05b0dee-4a6f-4bb2-a288-b9647fca7d55,shot_noise,s4,3,0.869982,0.928427,0.959035
b06f8229-339e-459e-bc3c-96ad3f9db558,shot_noise,s2,5,0.889532,0.938126,0.996667
b07994b0-fe61-40a7-9ce9-cfdc9a3d41c3,fog,s5,3,0.824440,0.903618,0.905387
b07a9226-9f48-44a5-85bc-279ec93b4aa1,clean,s4,1,0.799975,0.884982,0.922708
b08ab01c-17e9-4a25-805e-5cbd5563be5c,gaussian_blur,s5,0,0.553305,0.712322,0.712773
b09f8ab1-9522-443a-8bd1-eb5431afd758,fog,s5,1,0.537417,0.698759,0.700304
b0a57d3f-08a5-4f00-a6e0-d04bec686de1,fog,s4,4,0.550463,0.687562,0.782080
b0a90dd7-0a82-4073-b066-d46df1885d5e,clean,s5,1,0.321466,0.484502,0.490464
b0ae3022-fe92-47c7-a11d-b011c2363d17,clean,s5,4,0.867460,0.928546,0.935755
b0aefaa3-c3a4-424d-92fc-4a50a384ce31,clean,s3,5,0.679463,0.771827,0.972687
b0ba5051-f3f6-4762-b7fb-dca2626a7205,clean,s5,4,0.963299,0.981306,0.981311
b0bb9c00-7d33-4e8a-95c5-3c045ea70c38,shot_noise,s5,4,0.954272,0.976568,0.977994
b0c4d166-0cf1-4203-baaf-5db716fcd6dd,gaussian_blur,s5,4,0.578824,0.731284,0.740496
b0ca00bd-0866-468a-8ea2-da78c9ace32b,clean,s3,2,0.726977,0.820849,0.959451
b0cceae2-39bb-465a-9230-f4e7ed12fe20,gaussian_blur,s5,2,0.954881,0.976919,0.976931
b0cee4a4-685a-4803-8d94-d33ff97e781a,fog,s5,5,0.904294,0.949733,0.949925
b0f268a3-ee04-4713-9c4e-899e3aecd701,clean,s4,3,0.435397,0.513471,0.798190
b1023d14-d586-4a6a-aded-258077d5e6d9,gaussian_blur,s4,1,0.975768,0.987667,0.993243
b1034800-f3b2-4590-b9c4-c9e24b2ad091,clean,s4,5,0.906704,0.950407,0.964427
b104eec2-d28e-4b45-bca7-69282dae960c,clean,s5,4,0.873856,0.932636,0.933374
b10c56f9-73c8-4eba-aab5-0030256807c0,gaussian_blur,s4,5,0.575859,0.728128,0.740865
b116e155-36c3-47a6-93ca-9e49f24ed4da,shot_noise,s5,3,0.829250,0.906300,0.910459
b11c367e-1fbd-4757-8552-02816e49fba8,fog,s3,0,0.926501,0.960816,0.988187
b126af7e-98bc-47d9-b900-4bed61fc071f,fog,s4,2,0.872095,0.930975,0.941868
b12eb70b-63a3-452d-baa2-817ce5883e5d,gaussian_blur,s4,0,0.742344,0.846142,0.890981
b12efbfa-b52a-4615-b6ab-3f46030de6ff,fog,s5,3,0.658845,0.791144,0.809653
b13308e5-04f5-448a-86e1-e33bd5867453,fog,s4,4,0.905539,0.949555,0.967733
b1335192-af3c-419e-904e-38630f16ba39,shot_noise,s5,3,0.699445,0.822570,0.826389
b13362d1-34fa-4e71-8666-41e40d07f941,fog,s5,3,0.576345,0.721272,0.767014
b17ac6fa-7b8c-4a67-9f78-43417582371a,clean,s5,1,0.691441,0.814172,0.835895
b17be948-aa83-45ed-a0da-a148ee88ed48,fog,s2,3,0.868541,0.924644,0.996024
b18615f3-9edf-4c86-9911-1608f97d8c5f,gaussian_blur,s4,4,0.932734,0.964473,0.985562
b18c2db3-4907-4783-80fe-0d49406915b3,shot_noise,s5,0,0.977924,0.988819,0.990560
b1974fbb-bdd9-45c5-af0d-1459986f6793,shot_noise,s3,0,0.809984,0.886786,0.967726
b198a639-69f8-43fb-af8a-ad2ebc70f6d1,shot_noise,s3,0,0.914192,0.953737,0.986197
b19feaea-4f8d-4a6e-b7fe-154cbb9ed56b,shot_noise,s5,3,0.970397,0.984974,0.985105
b1a45987-d90d-49c6-8c5e-b913d6cb314b,gaussian_blur,s4,1,0.294785,0.428026,0.503099
b1b3d61d-c2ce-4f18-8537-7f2f78d085fe,gaussian_blur,s4,4,0.706532,0.816972,0.888460
b1c42393-1c5d-46ac-adc2-9dcdc7ff2c75,clean,s5,1,0.885924,0.939317,0.942715
b1ca44dc-8f4a-402b-8905-5daf73d254ef,shot_noise,s4,2,0.715863,0.824286,0.892000
b1cca289-e003-4eeb-8d86-53354292505c,clean,s4,0,0.906704,0.950407,0.964427
b1df32a3-7030-47d2-95c0-2181a60f5b74,clean,s5,0,0.717650,0.829710,0.870315
b1e2ba21-85f6-4ade-93cf-7e039f28fab9,gaussian_blur,s4,0,0.479919,0.593171,0.784757
b1e69fff-6f0f-4f9e-8ac6-c0c3ad53b0bc,gaussian_blur,s4,4,0.953594,0.976113,0.981808
b1f8eab4-fe62-486a-afde-809c20ac72c0,shot_noise,s5,1,0.940289,0.969209,0.969776
b1fa8773-c66c-446a-a32d-64ec5d93a3c1,fog,s4,0,0.964637,0.981874,0.988962
b2096e0b-f50c-4640-abfe-ab5122567947,clean,s4,4,0.822005,0.898640,0.938501
b20a3e70-6228-4032-8672-db9cfc47feed,shot_noise,s5,4,0.759581,0.862765,0.867744
b20b65eb-8ec6-47a8-ae11-e85ea85878ee,fog,s3,2,0.566784,0.647651,0.938768
b21527e8-a99e-4aa7-a329-f632793a4cdb,clean,s3,0,0.766016,0.853365,0.963957
b2375506-7e28-4625-8514-8539b4ff4594,gaussian_blur,s5,2,0.644017,0.777478,0.810384
b23a981e-0991-43a9-a9be-e65e73f4e703,gaussian_blur,s4,5,0.925346,0.960685,0.974960
b23bd952-1174-4e1e-b3c2-d274b531cc2a,fog,s5,2,0.496462,0.663471,0.663643
b23d0f02-dd20-4748-a3dd-e8cc8f6107ab,fog,s5,4,0.875862,0.933821,0.933856
b2423e20-86ed-46c6-ba20-2719cb6c2ad9,fog,s3,0,0.454125,0.536814,0.814133
b2468d93-33a6-41d0-942c-9b3cd1e25b10,shot_noise,s3,3,0.964230,0.981500,0.997404
b24986f2-60b8-4601-b65a-3ede073e34fe,gaussian_blur,s3,1,0.533804,0.613019,0.910620
b26f7c1d-f52c-4f2f-9624-eb2bc71b8476,shot_noise,s2,5,0.731712,0.819193,0.988210
b28b1deb-5c4e-4f8d-81fb-9b0e6d0fccfa,shot_noise,s5,4,0.638492,0.776740,0.791123
b2918911-bf98-4ec7-8c8b-9458a1f62c44,fog,s3,1,0.905965,0.948906,0.985040
b29dadc1-64c5-41d0-a515-ce3a75e25ae1,gaussian_blur,s4,5,0.855633,0.920709,0.941013
b29ebf79-a842-4022-9bf9-d7cc274530ea,clean,s4,2,0.513689,0.612761,0.849067
b2a7de08-f814-4c32-af5d-2f22ad54e7df,shot_noise,s4,3,0.975766,0.987661,0.993650
b2abeff5-e186-4dc6-b66d-c125753401a1,clean,s5,0,0.630244,0.766341,0.802501
b2b8d1a6-d0df-46ee-b3b4-14a900b03ecb,clean,s2,2,0.727378,0.815265,0.987847
b2bad636-4fc5-41fa-8487-15ea00011926,gaussian_blur,s4,2,0.676085,0.784017,0.911965
b2c38a8d-39eb-4191-84d3-9f85a67ee491,gaussian_blur,s3,0,0.728688,0.820478,0.968805
b2c4c7d3-41c2-42c3-a8b9-7fa601b10808,fog,s5,3,0.897877,0.945875,0.952016
b2cd9356-3da4-488f-8bea-56e4e2f7a7f0,gaussian_blur,s2,3,0.553355,0.632619,0.929803
b2db6a5a-1623-47f5-86b3-8a7c5be7f98e,gaussian_blur,s4,0,0.823854,0.901769,0.920240
b2dbeaaf-d864-479d-a159-7ad10e4e5fe5,clean,s5,1,0.815430,0.897896,0.902609
b2dc3b27-bd3b-48d6-a108-4b145b25c8cd,fog,s5,3,0.692337,0.811021,0.856203
b2de9601-48d0-4332-a1cf-d0469ab534b5,clean,s5,1,0.856403,0.920739,0.946736
b2e19522-5f99-490d-bca7-569c2d9b8e31,clean,s5,1,0.943626,0.970944,0.972783
b2e5f683-6dec-40f2-abaa-66711deb7c48,shot_noise,s5,5,0.793437,0.881108,0.916064
b2ead8c4-fcab-4b21-a7f0-90f66d1e8c49,gaussian_blur,s5,3,0.962026,0.980632,0.981331
b2f0f5cf-c02a-497e-a30b-fdf7253f8905,shot_noise,s5,0,0.870114,0.930488,0.931387
b2f74479-683c-4f20-a178-14b9b5c14d83,gaussian_blur,s5,4,0.634738,0.745617,0.898213
b3082018-2f04-4efc-8994-5ce84513fd17,clean,s5,1,0.916095,0.956175,0.957028
b309a03e-3b49-4849-bdad-5c2a891c8ec7,gaussian_blur,s5,4,0.874283,0.932557,0.938395
b3225b95-0fd6-499a-80fb-624d6e9d2c27,fog,s4,4,0.911883,0.953452,0.963754
b323b0d2-edaa-4fc8-8ee2-b33fe4c43a02,clean,s4,0,0.838664,0.910349,0.933504
b33ee0fe-960e-427f-b6e3-8aacca12d6eb,gaussian_blur,s5,1,0.663554,0.793427,0.818704
b3491460-aa1d-4d13-8af5-83b3325bbe91,shot_noise,s3,5,0.313319,0.454093,0.519360
b34c29d6-8fd2-4d56-b984-e2bf7da75fba,fog,s5,2,0.654843,0.786904,0.812645
b3575417-92d0-4c0d-970d-fe1c2e075151,fog,s4,0,0.890834,0.941847,0.949472
b36cb147-c9a6-49e2-ae65-7247be9abb51,fog,s5,2,0.910860,0.953308,0.954276
b36dcd8e-5982-4c3b-a2b2-7d574d9dcace,clean,s5,3,0.866144,0.928133,0.930203
b386b865-7649-4ddb-b62a-acec4951a7a7,clean,s4,0,0.826100,0.901652,0.936464
b38d715a-860c-4e23-bf8c-7b8084c9f1e4,clean,s5,1,0.800150,0.888977,0.889024
b38fc2ed-e9de-4b2a-afef-0ed70c8ea1db,fog,s4,1,0.908143,0.951308,0.963211
b3905bcb-2dc8-4176-8ef3-a07a5bea9300,gaussian_blur,s4,3,0.714884,0.829836,0.856684
b3a10703-70c8-4778-99bc-85ee34079477,shot_noise,s5,0,0.962609,0.980947,0.981033
b3a48614-50b1-40fc-929c-a6283ef288df,clean,s4,1,0.735292,0.840795,0.889301
b3ad5601-93b7-4a12-9900-56f09a11167d,gaussian_blur,s4,1,0.805066,0.889260,0.916816
b3b2b8ca-b508-46cb-89e3-1e4175a63f52,shot_noise,s5,5,0.859450,0.923900,0.931157
b3b6895d-95fa-41df-a3f7-cf56f625f2a3,clean,s2,1,0.600900,0.678857,0.974421
b3d5f18c-7f8d-4db6-8840-57b98ed19933,gaussian_blur,s5,2,0.650954,0.783213,0.813333
b3d746b7-d755-444f-9b60-9432c0b791ab,fog,s5,4,0.782527,0.876619,0.889168
b3faa50f-6538-463c-a925-0f96985e3c22,fog,s2,0,0.596664,0.676794,0.965808
b401001e-fa12-4f8f-a756-bd3a91c1ef4b,fog,s5,2,0.539417,0.700680,0.701232
b417fd53-3b56-40e3-a922-eeb61532da63,fog,s4,4,0.742045,0.841968,0.914922
b41cfdea-c534-4941-974c-7381dd25d302,shot_noise,s4,3,0.835872,0.906741,0.951973
b42424ae-4abf-4f92-a85c-84de80ebfe9e,clean,s5,2,0.940570,0.969358,0.969925
b4293052-bd1d-430d-a632-c2c221edb039,gaussian_blur,s5,3,0.951540,0.975168,0.975178
b4376bbf-5026-43f4-bc2a-bc28d639789b,clean,s4,5,0.950251,0.974336,0.980521
b43f848f-49ad-49f0-8ff6-ebc3aa71fe8e,clean,s4,4,0.856060,0.921271,0.937408
b444b696-024e-4647-876f-065831e1ab8c,fog,s4,0,0.588930,0.708799,0.852872
b467385a-251d-44e2-88b3-9e409f1db88a,fog,s3,1,0.944723,0.970951,0.993101
b4681a21-0deb-4c9f-8dab-5c9a00fcc233,gaussian_blur,s3,3,0.969260,0.984208,0.995909
b4731ea2-e555-4f77-96a8-996421ef5c23,shot_noise,s5,5,0.646587,0.775124,0.830912
b47c1c3a-eb7b-4a8b-b62d-372363c6b670,clean,s4,4,0.915315,0.955221,0.968398
b48ae019-fe38-4e08-9014-68ec4429e3fb,clean,s4,1,0.513689,0.612761,0.849067
b494fc9f-470b-463b-8c89-99e87fbb97fd,clean,s4,3,0.351096,0.412522,0.702192
b4989388-cc5c-4044-a76c-ad0a1267d119,shot_noise,s3,2,0.940254,0.968474,0.992468
b4b15ae2-6ae9-4706-98e1-160424abb5ce,shot_noise,s5,1,0.763381,0.864733,0.873813
b4bbd4da-b2b3-40d9-840a-fadb7ec99b72,shot_noise,s1,4,0.896560,0.942363,0.999183
b4c3ab81-65c8-44a9-8d99-87b174f7eefc,shot_noise,s4,4,0.367570,0.527603,0.558613
b4d51c3f-82a1-455d-ad42-aec782760854,gaussian_blur,s5,3,0.524411,0.688016,0.688021
b4ebc94f-0985-4444-8104-56c87771b4a1,gaussian_blur,s5,2,0.294809,0.450789,0.463712
b4fda6f5-2b1e-4b35-9cad-1c124c98370e,shot_noise,s5,0,0.570969,0.715831,0.765851
b51fad95-a1b8-4278-a891-ad147ea019ec,gaussian_blur,s4,5,0.715863,0.827020,0.877104
b5215924-d6a0-4a13-b194-2fce0318661f,fog,s5,1,0.818454,0.899558,0.906197
b528ce72-6d46-4ab1-87a9-4adeb63ec669,clean,s4,0,0.929510,0.962919,0.978245
b5325738-18c8-4673-ad66-7053c83b3ca0,clean,s3,4,0.624439,0.745741,0.859520
b539cad1-0ec9-476f-b383-8eed6039ba4e,gaussian_blur,s3,2,0.916964,0.955337,0.986821
b545d73d-e433-4873-88e5-d82368a3bf67,gaussian_blur,s4,5,0.899769,0.946871,0.954197
b56e4d98-8fa8-4ada-8b3e-2c21a45669a7,fog,s4,3,0.938294,0.967593,0.985799
b56f0215-a05b-4e10-87ec-8af2b76628ea,shot_noise,s5,1,0.872664,0.931623,0.937547
b5780eb7-5f23-490d-b7b2-d20424af266a,shot_noise,s5,2,0.821934,0.902129,0.903656
b5783045-4123-4c3c-84ff-e6e44dbaf5e4,clean,s4,1,0.795783,0.879454,0.942905
b5826b07-ec54-4eb5-a4b2-b9ad24d88f20,clean,s4,1,0.838664,0.910349,0.933504
b589f26c-6e9e-470b-bc4d-874130d3d0d0,shot_noise,s4,4,0.882216,0.936299,0.955061
b593e06c-7c60-4148-a179-83704f1e35b3,gaussian_blur,s4,5,0.579853,0.711557,0.812075
b597fa0b-1472-454e-99ca-68b4e1222e20,clean,s3,0,0.309516,0.450125,0.513808
b59f74f5-5609-4449-ac33-c6594a2997b2,shot_noise,s4,4,0.437413,0.516621,0.798919
b5a44005-002a-418e-8a16-614ec06e4bf9,clean,s4,2,0.660434,0.785272,0.843109
b5a4d9c4-f4b7-45a9-b71b-b46ab5776f66,gaussian_blur,s5,1,0.761278,0.859490,0.899840
b5a5758b-8661-4c29-ac48-3b4dcf16c160,shot_noise,s3,0,0.490402,0.602415,0.798087
b5a97599-5741-45b5-97d4-b6118267051a,fog,s4,5,0.767494,0.859666,0.931078
b5aac475-82d2-45d1-8b36-8842b0219014,clean,s3,4,0.766016,0.853365,0.963957
b5acc62b-7d9c-4057-8db2-6221a5dcad40,gaussian_blur,s5,1,0.811679,0.895631,0.900082
b5b2677e-0e6c-4fe9-85de-df12d2eb10e6,gaussian_blur,s5,2,0.861939,0.925342,0.932665
b5bb302e-e38d-461d-9aca-b2c9cb7cb3ae,gaussian_blur,s4,3,0.466492,0.611907,0.698800
b5bd9bd4-6028-4f24-9a1b-a4252b803f88,clean,s4,1,0.688868,0.810640,0.842888
b5c0b16c-d0ec-46ca-b528-92c6c9fcb625,shot_noise,s5,3,0.674225,0.804899,0.808078
b5c28723-e8f3-49f8-ac0f-75651996fbdc,fog,s4,2,0.576422,0.728802,0.740529
b5c4ce59-d613-43f1-82a2-6ddd987fef97,gaussian_blur,s2,5,0.892319,0.939869,0.996751
b5c999ba-42cf-40e5-9868-3f0210169bf0,clean,s4,0,0.687051,0.793514,0.916128
b5ce3aef-0930-4481-89c6-3944b6dc221c,fog,s5,5,0.778920,0.875154,0.880270
b5d3583d-1c02-43ed-a7fb-f2fbf01c0bf2,shot_noise,s4,3,0.821748,0.897336,0.949072
b5dd2a71-f33f-4e9d-8e6b-53240743784e,fog,s5,2,0.807019,0.893143,0.893787
b5f254fb-a8e8-4d1d-94c1-07e83460bc65,shot_noise,s3,4,0.320030,0.461011,0.529173
b5f30976-3552-442b-a85e-69912dc2ce51,shot_noise,s2,0,0.596664,0.676794,0.965808
b5f445bb-22b0-4fc8-843e-4fbee3004491,gaussian_blur,s4,2,0.714504,0.826047,0.876224
b61352a6-a74d-4c36-b9de-d6f9655ec17c,fog,s5,4,0.748614,0.855059,0.864360
b614dfeb-ec71-4077-9b8b-035afed759d7,gaussian_blur,s5,1,0.920427,0.958374,0.963147
b6227f31-fedd-4f68-bad0-e144d9b23193,shot_noise,s4,5,0.899295,0.946204,0.961365
b62b9f5b-4ad4-4f29-80b6-0692653a8857,gaussian_blur,s5,4,0.601954,0.747491,0.767500
b65647fa-c234-499d-b29f-642683864d6f,shot_noise,s5,0,0.321466,0.484502,0.490464
b65788e0-b75f-448e-bc93-98e959f34e42,gaussian_blur,s4,5,0.897155,0.944731,0.964958
b678f769-026d-4fb2-a032-85be8d98e683,fog,s4,2,0.295480,0.430502,0.501243
b67e1715-a549-459b-bea9-4a2cf3931a7b,clean,s3,0,0.459728,0.479019,0.919455
b68c7195-2c06-449d-8120-bf9e8b1c825a,fog,s5,4,0.782041,0.875401,0.896069
b693435c-d82c-49a9-919b-a1ccdf2b2f3d,shot_noise,s2,2,0.774049,0.856107,0.987499
b6a58e39-c2ca-4d89-9469-da98fdc2765c,fog,s4,2,0.974792,0.987162,0.992967
b6a95a24-e368-4ab0-8c63-3c19c70725ca,fog,s4,5,0.885613,0.938497,0.952997
b6ac95be-40e9-4925-a6da-0f0b91f5926c,gaussian_blur,s5,4,0.943286,0.970784,0.971902
b6b6046f-8501-476b-b5b9-327c345a3228,clean,s2,2,0.935511,0.965629,0.997280
b6c2483c-2e92-4fe9-9d1a-4f10f5aa3c69,shot_noise,s5,1,0.801839,0.890018,0.890069
b6ccd6bc-5d27-4d66-a048-0fcaa1d4a6f8,clean,s4,3,0.963016,0.981020,0.988549
b6d230e9-4eb3-4533-9899-ead9a634dd70,fog,s4,0,0.731817,0.829203,0.938476
b6deae51-1dfa-489d-a077-0eb2c33006ae,fog,s5,1,0.916721,0.956541,0.956790
b6e752d0-6a12-4072-bec5-f4a108fe4059,fog,s3,2,0.939089,0.967825,0.992314
b6ebe9b8-94b7-498d-a880-884a8878af72,gaussian_blur,s5,1,0.584250,0.733597,0.752500
b6f359c0-4cc8-43bd-a926-8810151e98c9,gaussian_blur,s2,5,0.725500,0.813529,0.987783
b7023ba2-87ee-42b6-8f45-876333eeb4ee,fog,s3,2,0.905587,0.948817,0.982450
b70c9eae-23d4-41f0-af5d-d0227644de2a,fog,s4,2,0.973059,0.986311,0.988907
b70e427e-03c7-47ff-a02f-d38eb79a18c4,shot_noise,s4,1,0.855136,0.920716,0.937003
b70eafab-ad23-41aa-bfad-1c211c32cb41,clean,s4,4,0.963016,0.981020,0.988549
b7197f43-b24d-488d-ac56-8c8a1a269e5a,gaussian_blur,s4,4,0.924922,0.960452,0.974784
b7230451-20d4-446a-82c4-80ac27a000f1,gaussian_blur,s3,5,0.899249,0.944936,0.983573
b72e82c9-6fef-4c49-b502-c97d08834aba,shot_noise,s5,2,0.975735,0.987715,0.987968
b7319660-8ccc-4547-996d-66a545a45a07,fog,s5,0,0.800150,0.888977,0.889024
b734024e-dae3-4414-9385-767768cffaee,gaussian_blur,s5,0,0.588345,0.731028,0.777259
b74c2a82-35e7-49af-a4ba-ac790ad9fbce,fog,s5,3,0.805554,0.891145,0.902981
b74ff39a-a74d-4500-8e78-98e3108146fc,clean,s4,4,0.838655,0.909635,0.941173
b750ed7a-2d15-495c-8bcf-a4e78148cb37,gaussian_blur,s4,3,0.688620,0.804204,0.873813
b75a06c9-2e8d-4168-8b15-42bd52b72e29,gaussian_blur,s3,2,0.970099,0.984650,0.996032
b7614029-19ba-4e4b-846a-1fed4b698612,clean,s5,5,0.764885,0.865835,0.873844
b766e439-2b42-47d3-9b4c-708af0c14582,clean,s5,3,0.636165,0.772158,0.801643
b76e05ad-6abe-40bb-ad0f-820be64f721d,clean,s5,0,0.922128,0.959113,0.968619
b77ae48e-0fd1-4cec-b59c-08f6ae857925,gaussian_blur,s5,4,0.837666,0.911199,0.916885
b77dc4a6-841a-44ce-a25a-282b55de6f2e,gaussian_blur,s5,4,0.990413,0.995179,0.996053
b78718b8-b2b9-4022-8f83-59f146e2885c,clean,s5,3,0.717650,0.829710,0.870315
b7895873-270d-454f-bcb3-2d8605b4907f,fog,s1,4,0.384096,0.446072,0.751685
b795fa00-b805-4413-a736-b4f39ff6c858,fog,s4,5,0.520305,0.663799,0.745973
b79eb35c-f957-41f5-927b-ba5ede0bb88d,shot_noise,s4,4,0.867703,0.926403,0.966707
b7a0d640-4746-416e-90fe-2d8ab6b8e1f3,clean,s5,1,0.819584,0.900734,0.901989
b7a693fb-9a99-4860-bd70-a2a0b1f5d6a7,clean,s3,1,0.939408,0.968003,0.992346
b7a6941d-80a4-401e-8803-8e696e5897d5,gaussian_blur,s4,2,0.982649,0.991212,0.995447
b7ac3061-7ef3-4031-989a-57fd86e1554f,clean,s5,4,0.594069,0.720878,0.833022
b7cf555b-cc6b-40bc-bd2e-8c0f783e93fb,shot_noise,s4,5,0.844482,0.913959,0.935739
b7d810b9-ad33-4394-9f67-3aa724f21948,shot_noise,s3,5,0.806632,0.883978,0.970448
b7e6f2bd-8de6-4f3d-bbbb-2fd6d5fa6ae6,fog,s5,3,0.826245,0.904256,0.911133
b7ede125-c148-4fc1-995f-50ca0e4b9a0e,fog,s4,0,0.867819,0.927982,0.946587
b7f49616-14a6-4624-8926-bc03c31eed59,fog,s4,2,0.917987,0.956840,0.966515
b80b70fb-b842-4d30-a743-16b36aef851e,gaussian_blur,s4,1,0.935838,0.966448,0.979000
b815d0a0-c7dc-439f-a9ff-1f20c88f5e77,shot_noise,s4,0,0.939726,0.968524,0.981701
b81b9389-93e6-4b3b-8913-b96bee32e5d3,shot_noise,s3,0,0.939408,0.968003,0.992346
b81e3008-0fbb-49e4-915d-6e13d6f1fa4a,fog,s3,0,0.914192,0.953737,0.986197
b82c0549-8c9b-43e2-84ad-4b399c91e00f,shot_noise,s5,0,0.883350,0.938056,0.938176
b836a264-007f-4413-94de-3516471d7067,gaussian_blur,s3,5,0.460486,0.480458,0.919569
b8400a13-5870-4b61-88f5-aa76780024d5,gaussian_blur,s4,5,0.733282,0.830339,0.939135
b8455203-cb08-4bb3-b2df-6cdbeef4637f,shot_noise,s4,0,0.968203,0.983800,0.986587
b84a2757-2d4a-460a-ae49-24c06fd4f9d8,shot_noise,s4,5,0.466306,0.584075,0.760939
b84c9a7d-bf72-4081-a5b4-4253b0edfca2,fog,s4,2,0.716067,0.827154,0.877301
b855afa3-f145-48fb-ac8a-bf5a26c3ccd4,gaussian_blur,s5,1,0.879573,0.935798,0.937965
b859547b-f0cb-4c7b-950c-543db558605d,clean,s5,0,0.828631,0.905935,0.910011
b861215c-e634-4aab-b4a7-6be8bf84cd4d,gaussian_blur,s5,2,0.638728,0.776939,0.791207
b8843812-a285-405c-8d17-27bc72c32bbc,gaussian_blur,s4,3,0.662165,0.787751,0.839147
b88dcbe6-1bd2-4ca1-b163-a21a3100a592,clean,s3,5,0.624439,0.745741,0.859520
b88ea108-de82-4add-b840-3636430e4e92,fog,s5,1,0.755127,0.859837,0.865077
b8973dbb-0d93-4fbb-8fad-c739f588ed36,clean,s3,2,0.912241,0.952633,0.985227
b89960a1-187d-4add-a3fb-ca34934f38d9,clean,s4,3,0.956672,0.977739,0.983099
b89da60c-9ee1-4911-9722-7fdb6b556434,shot_noise,s5,3,0.964232,0.981779,0.982416
b8af839b-3c17-49d4-8777-4d1883509338,gaussian_blur,s4,4,0.641150,0.772520,0.820127
b8ca067b-f37a-4e00-aba9-8fb72a2c23cd,shot_noise,s5,2,0.555395,0.714153,0.714155
b8cbd29d-c20b-4302-a852-1ab57c2977f6,fog,s4,4,0.957594,0.978112,0.988653
b8cf5312-6a1c-4f1d-a117-c0443dd0f90f,shot_noise,s4,1,0.944443,0.970964,0.987401
b8cfdd08-55a8-4efd-82e7-ae82d72c874a,clean,s5,0,0.910122,0.952772,0.956636
b8d84b11-76bb-44e0-95fc-6a0bfb6e1b63,fog,s5,4,0.746679,0.850633,0.884005
b8e31dbc-408d-4ef5-801a-2a55b4456f08,gaussian_blur,s5,2,0.871662,0.931275,0.933696
b8e34dc7-ac56-4d4a-8b5d-f72f67ba0839,shot_noise,s4,2,0.845317,0.915053,0.929390
b8e9ae29-7283-47c3-9871-e6e0259a2ae2,fog,s5,3,0.887647,0.940476,0.940538
b8ef494c-07b0-4fe7-91d9-01d127de486f,clean,s5,2,0.678969,0.785458,0.917557
b8f8df99-6d29-45fd-b498-0963e734d1bc,shot_noise,s5,3,0.944980,0.971680,0.972837
b8fbbb19-414a-43f3-bb0f-1728d7243f24,fog,s5,1,0.866076,0.928136,0.929565
b902ed14-46ea-4857-b5e2-aa414f1cf9cb,shot_noise,s4,1,0.769214,0.863266,0.915541
b90ebdb8-d097-4ad9-9dee-edb6d7b00a21,gaussian_blur,s4,5,0.667615,0.790727,0.848256
b90f435f-38be-44cf-a997-91f78255838c,shot_noise,s4,5,0.678403,0.792035,0.887040
b91c0d6f-06b5-4c21-a906-608aee917fa6,clean,s5,3,0.919130,0.957668,0.962421
b921bc6a-5b74-44d7-ad34-5539c572108e,shot_noise,s4,2,0.871997,0.929151,0.966505
b9301c59-a64a-4482-9a6f-31467666dd6a,shot_noise,s4,2,0.420327,0.456715,0.840655
b93535a7-88cc-4b97-b1cc-1e330b2e42b9,shot_noise,s2,3,0.804817,0.880058,0.990203
b9374901-3f15-4698-bc39-48cb55162ef9,fog,s4,0,0.822005,0.898640,0.938501
b94c62e3-22f4-4992-a660-6c76cdf1fea3,clean,s4,4,0.945172,0.971344,0.988171
b950ee00-e704-4df3-b44f-ce515c32396a,shot_noise,s5,5,0.911482,0.953691,0.953701
b9735d21-5bae-4027-a55a-83c130d0f153,clean,s4,3,0.945172,0.971344,0.988171
b97446ae-bfe3-4b1f-beae-2e591326efcd,gaussian_blur,s4,0,0.709014,0.822409,0.870987
b98cb06f-df76-4353-aaae-11d01f0ed9c2,gaussian_blur,s3,5,0.762924,0.850916,0.963488
b98eb50d-385b-4dbf-ba44-a7f10b39f642,shot_noise,s4,0,0.963016,0.981020,0.988549
b991386f-8608-4f1c-9847-cdb6bb0a9d5b,fog,s5,1,0.561632,0.718862,0.720808
b994d668-b7b2-448d-83ec-c07fe9c2a1fb,gaussian_blur,s4,1,0.895138,0.942689,0.979189
b9953bc1-2f6a-4d1e-87c7-c9e10fac118a,clean,s4,2,0.823854,0.901769,0.920240
b996ea1d-0c73-40aa-b1b8-0ec6b0f4029b,fog,s4,5,0.978791,0.989240,0.993129
b99b2948-1aed-4415-a725-785a8376ba78,clean,s5,3,0.913294,0.954455,0.959670
b9b2fe32-f44d-4c2e-93a6-37e45aa7196c,fog,s4,4,0.880922,0.935952,0.948240
b9d05b41-a9a1-47c0-8887-a17fc68577cd,clean,s5,1,0.828631,0.905935,0.910011
b9d3af01-e03e-4efa-9cf8-3cb2b9d1e7b3,gaussian_blur,s2,1,0.600818,0.686818,0.954421
b9d83805-d237-42e0-b2b2-662594a0ef19,fog,s4,1,0.962631,0.980898,0.984192
b9f9a0f8-a8ff-4dc3-abf3-d92e6bf92dc5,gaussian_blur,s5,4,0.796301,0.886240,0.889775
b9fc94fc-222a-42e8-95dd-e87367964b81,clean,s4,4,0.883198,0.936875,0.955429
ba0c5deb-181a-4da3-a074-011c5ca2ac4b,shot_noise,s2,2,0.884556,0.934986,0.996517
ba172a08-c541-4ae7-83cd-ee71875be8a1,gaussian_blur,s4,4,0.870968,0.928499,0.966492
ba25e1f5-b183-4025-b2aa-e63067cb88be,gaussian_blur,s5,5,0.955200,0.977056,0.978446
ba337188-e919-4c90-870f-6c6bbd1f6b15,shot_noise,s4,1,0.711964,0.821734,0.887941
ba390dbf-f101-44e7-abb0-f4fa19772f6a,fog,s5,3,0.869939,0.930037,0.936306
ba3c4bab-5f13-4cf7-ac4f-58c4a37c463f,fog,s3,4,0.870878,0.927866,0.974192
ba3ec560-18a3-49c5-b577-6fb782919a6f,shot_noise,s2,4,0.899967,0.944592,0.997133
ba4bf303-ee49-4465-b030-56e2a5fbc2dd,clean,s5,2,0.728599,0.841314,0.853579
ba4c2451-c073-481e-91dd-946e68e6ffd9,shot_noise,s4,4,0.922942,0.959329,0.974645
ba56d389-7c24-40de-a2f3-0c3d473dffe8,shot_noise,s5,2,0.890821,0.942251,0.942385
ba665a5a-4497-473b-863a-06c426b50de0,clean,s3,3,0.881606,0.933960,0.984300
ba677a3f-8539-4ab2-908d-077f5e8f9c89,gaussian_blur,s4,0,0.979257,0.989477,0.993552
ba7b2fab-5b72-4020-ad5a-c4b05805bed4,gaussian_blur,s3,3,0.697656,0.805175,0.907778
ba8172ef-7fa4-4aba-82a8-6e490338259d,clean,s5,0,0.926334,0.961664,0.964231
ba925dda-18e0-4759-9069-251a4a6e1ce2,shot_noise,s5,0,0.844187,0.915429,0.916491
ba966467-ac66-4cf7-af28-71e2d46afdbe,shot_noise,s5,5,0.764365,0.865726,0.871827
ba9bc160-93eb-4fae-851c-538eea59824d,shot_noise,s5,2,0.944915,0.971645,0.972814
baac6fbf-78f4-4a9e-84ae-2abcbbe9f8ab,fog,s4,1,0.914686,0.954344,0.979489
bab1c8f4-4a28-44bb-8fbb-056cb9dec744,fog,s5,0,0.954778,0.976834,0.978249
bab7b768-5ef6-48a2-b208-dceea5ac1b26,gaussian_blur,s5,3,0.569733,0.718529,0.752080
bac0a51e-32ea-49e5-ba61-e4ad37565c07,gaussian_blur,s5,2,0.829285,0.906365,0.910011
baf2522a-4fe4-4327-ae6c-aaaa93fc9265,shot_noise,s4,0,0.957071,0.977927,0.984325
bafb76d6-8756-46b5-bba7-736c29d1e291,shot_noise,s4,1,0.920727,0.958121,0.973211
bb0ab5be-1e1b-498c-ae12-f5eb7c47e931,clean,s4,2,0.832756,0.907482,0.922424
bb1024ab-e082-4d93-b4bd-97dd98fdaea8,clean,s5,5,0.981296,0.990555,0.991077
bb20ec2f-21de-44da-9dfd-8b427804f0b2,fog,s5,0,0.826418,0.904573,0.909021
bb2ec708-dc70-4e51-93e3-c3a882f90f66,shot_noise,s5,0,0.810920,0.895540,0.896053
bb341632-5c5b-4c88-8ee1-7be7919fdc9f,fog,s4,5,0.870669,0.928245,0.967365
bb3fd20e-1327-41b5-877a-99f3124f3b15,gaussian_blur,s4,1,0.909855,0.952163,0.966121
bb40bad9-5218-415e-bee6-f02c8471797a,shot_noise,s4,4,0.926443,0.961148,0.979035
bb4a3e01-92ea-459d-a1a3-e137257bc2b9,clean,s4,4,0.645979,0.756080,0.903145
bb50fc96-dcbb-413d-baba-cee4bdf58edf,shot_noise,s4,1,0.832243,0.906372,0.930549
bb510045-df91-4b16-b415-985328d0db35,gaussian_blur,s3,2,0.786236,0.869616,0.962478
bb5f7f57-08fc-4298-92fa-47493ab13129,fog,s4,0,0.874020,0.930169,0.970110
bb6bcd90-0cd8-4608-a817-82da231dcca8,clean,s2,4,0.497553,0.504785,0.986981
bb6e52a7-52d2-4359-86ab-372fe42d1354,clean,s4,0,0.957849,0.978353,0.983893
bb71dcb0-36a4-46bb-84ef-2e095244ee79,clean,s5,0,0.749016,0.855792,0.861411
bb725672-0af8-46ce-b2b1-b2cb0c459471,shot_noise,s4,3,0.959201,0.978919,0.991355
bb742369-4a37-4ec1-8242-a48b45eae642,clean,s3,3,0.939408,0.968003,0.992346
bb7ed63d-c44d-44d8-8193-0540370079f1,clean,s5,0,0.973973,0.986811,0.987083
bb7f4239-573e-4562-8c1d-c59c0658a655,fog,s4,5,0.816609,0.897279,0.916265
bb96a16d-cd23-4f3d-8a3b-1afaa6ace38a,gaussian_blur,s5,4,0.638499,0.776749,0.791111
bbb06743-518e-455c-87a2-c422b5997091,fog,s5,5,0.712984,0.830492,0.843979
bbb24d63-30d6-4df6-a4be-231e98ca1b7b,fog,s5,5,0.432316,0.570970,0.679856
bbbf906f-952d-4237-80c2-1346949c3bf3,gaussian_blur,s3,0,0.939408,0.968003,0.992346
bbc0d7be-ce52-4c1f-afa6-296202203670,shot_noise,s3,2,0.817635,0.891821,0.972219
bbc7bbe9-95e3-4493-869b-e9f7dc7a708b,gaussian_blur,s5,1,0.975951,0.987826,0.988080
bbcb820e-41a0-428f-82c2-2afaf505ed5e,fog,s4,1,0.850538,0.915794,0.960075
bbd27a20-0241-4baf-8367-3d32d12fb81f,clean,s4,5,0.822005,0.898640,0.938501
bbd4605d-070b-4d82-825e-e3d35a319d56,fog,s5,4,0.425731,0.492883,0.802940
bbd50c89-175e-4ecc-8357-d36c45d7efbb,clean,s4,4,0.899304,0.946083,0.963672
bbd8831f-e5f5-41ad-9d0b-3ff72f5d4b63,clean,s5,2,0.883350,0.938056,0.938176
bbed9d8b-73d2-486e-90c8-1024af74e053,clean,s5,4,0.973973,0.986811,0.987083
bbee5f21-3da9-40c6-9c09-fc76ff4b2152,clean,s4,1,0.742344,0.846142,0.890981
bc05d9f2-7643-4537-b4b7-b6bb77f1511d,fog,s5,3,0.831620,0.907473,0.914533
bc0aa31d-3693-415f-8a4d-e98cda1d8382,fog,s4,3,0.920216,0.957835,0.973051
bc19917c-f9f8-4eb1-9729-b35ebe90c70e,gaussian_blur,s4,0,0.965332,0.982199,0.991399
bc1da48f-c83c-4b34-8c6b-f39eccb1790b,gaussian_blur,s4,3,0.578346,0.706237,0.823447
bc220701-ce6f-49a9-aa00-adee2338bab9,gaussian_blur,s5,3,0.540451,0.701338,0.702818
bc3aad41-d82e-472c-8b39-2859b55f58f7,shot_noise,s4,2,0.929289,0.962797,0.978176
bc41e7e2-c057-497c-8c1f-c0ec973e969b,clean,s5,3,0.944617,0.971430,0.974657
bc45a553-4fb8-4c61-b7f9-fd7e942d1267,gaussian_blur,s4,5,0.760647,0.862541,0.875061
bc543dfa-1c0c-4a9b-bdec-717498569891,clean,s5,3,0.597773,0.748187,0.748539
bc5442cb-36a1-4cd5-afa2-55e7c2c099cc,shot_noise,s4,4,0.928482,0.962351,0.977899
bc579357-6623-4195-947c-a0850e0a4bd0,shot_noise,s3,2,0.922473,0.958351,0.991415
bc60c433-ff0d-4427-9c25-64754c191e51,shot_noise,s5,2,0.591563,0.734208,0.777856
bc62f5a5-23e2-485d-9bbd-488b1f0b2485,fog,s5,0,0.877777,0.934393,0.942800
bc6c02b2-09eb-46ce-844b-35c0fe2e4d5b,clean,s5,3,0.826418,0.904573,0.909021
bc7a3b27-73bb-4e0b-b26c-ebcb1aca0f23,clean,s5,2,0.596704,0.739134,0.779179
bc7e0e66-ee74-4b2d-b65f-83600a7749e1,gaussian_blur,s5,3,0.677268,0.807240,0.809371
bc9c0681-a2d9-4177-8d14-c79d7d4b7f23,gaussian_blur,s4,2,0.980533,0.990136,0.993712
bc9feb2f-f8d8-4fbe-83a3-178dc01015db,shot_noise,s5,4,0.913559,0.954602,0.959784
bca98db2-56c9-4948-b2b1-10d707ee1453,fog,s5,4,0.894851,0.944481,0.944988
bcbad24f-50b9-4942-9667-2c2cfc609937,gaussian_blur,s3,5,0.524093,0.601894,0.903392
bcd2beab-8c16-4ac6-81ba-5b5d32c1ab71,shot_noise,s2,1,0.560478,0.628970,0.959216
bcdc8a91-5ed6-4e2c-b461-6a46d8089e69,gaussian_blur,s3,5,0.678476,0.783511,0.923605
bce2ffa6-3458-412f-ae88-eb354e47d6e9,clean,s4,0,0.975647,0.987600,0.993612
bcedcf32-afbc-47a4-8d16-01b86f305ccc,shot_noise,s5,4,0.744669,0.847225,0.895712
bcf99c7d-63b7-4b89-b204-1c53f0201998,gaussian_blur,s4,4,0.893600,0.942922,0.959383
bcff5def-2013-4ffd-92f5-3d0c0a1af35e,clean,s4,3,0.709289,0.819651,0.886879
bd04d4a8-c4e8-4144-9641-d81ba2b13621,shot_noise,s4,4,0.874401,0.930406,0.970154
bd099f47-ea4a-4dbc-9646-6cdfb3310e90,clean,s4,0,0.976262,0.987955,0.990784
bd0fa241-53b8-4637-85c4-c62b92db4375,fog,s2,2,0.864905,0.922244,0.995922
bd28ab90-d30f-4a59-aca9-48870d36a1f5,gaussian_blur,s5,4,0.480978,0.649000,0.651083
bd2a33c9-4e23-4594-a45d-01bb566d5d9f,fog,s5,1,0.965772,0.982576,0.983264
bd388814-ef30-4b71-a866-35823e25a39c,shot_noise,s5,2,0.834217,0.908981,0.916595
bd4a54da-d6d5-4dbc-ba5f-0ad714b7f5c0,gaussian_blur,s5,2,0.877743,0.934401,0.942368
bd5792a8-9de4-48a1-8ede-62b297f94888,shot_noise,s5,1,0.929406,0.963231,0.968341
bd594f36-d271-417f-b562-b49ab83c3cbb,fog,s4,3,0.947549,0.972919,0.978581
bd768491-63bb-4aee-8693-57bb9396dfe4,shot_noise,s5,2,0.934705,0.966197,0.967855
bd7d7e3f-f6f1-4c0c-b643-af7c87f59984,shot_noise,s5,1,0.640296,0.775212,0.805157
bda41f6a-4c88-4c5d-962c-b2ecb0656489,fog,s4,3,0.980448,0.990092,0.993688
bda7d871-ce8e-40c2-9036-2c8886322fd4,shot_noise,s4,2,0.623853,0.764587,0.784395
bda9d4a3-aa4c-4bb1-a44e-270842ab4f3e,gaussian_blur,s4,4,0.693819,0.799603,0.917205
bdb2b089-f819-4cbe-a00a-5636c8d7284e,shot_noise,s5,4,0.543830,0.701393,0.714992
bdbdd73d-4510-4532-bcbd-d5227c526e1b,gaussian_blur,s5,1,0.284131,0.436267,0.453631
bdcc2920-b64e-43a7-9e2d-fa268a1cd491,gaussian_blur,s5,0,0.372149,0.512515,0.603803
bdce84b0-9d2a-4f6b-bdd1-618f901b0efa,clean,s3,1,0.490402,0.602415,0.798087
bddcaf7e-6790-4db0-a696-4755ca66fac3,fog,s5,3,0.541123,0.699376,0.711787
bdec0008-f5e1-421d-838a-d0015b497a80,gaussian_blur,s5,2,0.604395,0.746382,0.781193
bdeccd82-b73b-40de-b662-175f1d5b2643,gaussian_blur,s4,5,0.597611,0.697260,0.916165
bdf277e0-64a2-4979-96e0-38af8d978051,fog,s3,3,0.685827,0.795682,0.901524
bdff70af-5504-4ced-879a-0802c4a4ca37,shot_noise,s5,4,0.957710,0.978364,0.979949
be1143d4-0f33-43f5-bb11-0d4ace2a42dd,gaussian_blur,s4,4,0.796679,0.880049,0.943412
be18ecb2-5c52-4751-b131-b14043648b72,fog,s4,1,0.915580,0.955060,0.975285
be1c7e65-6912-49e5-af83-1a2d2f0f4b54,gaussian_blur,s4,0,0.776561,0.870316,0.904406
be2d31ce-7a6f-4fc7-960a-f6a63ac84510,fog,s4,2,0.754295,0.854827,0.895168
be357d21-d711-402b-b502-ecdf907a3db7,gaussian_blur,s4,4,0.958531,0.978561,0.991205
be35e5f9-1741-43fd-ab8d-c2367533b9ec,fog,s4,2,0.940535,0.969161,0.975691
be37b831-813c-4ffa-b76b-5007af1a11a5,gaussian_blur,s5,2,0.580261,0.725445,0.766955
be46e0cf-2a5d-441a-83a2-1d5acf06fa36,clean,s4,4,0.944368,0.971144,0.979855
be493f07-b7b1-484a-9963-dde2d878e250,clean,s4,1,0.981097,0.990426,0.993892
be51a54e-7dd7-440c-b66a-25c5ecdcf24c,shot_noise,s5,5,0.977611,0.988659,0.990427
be5955f1-48d1-421c-95f1-e37b336d90e3,shot_noise,s4,5,0.855805,0.919030,0.962685
be5c24d6-630a-48b9-be36-0eee63b908c0,fog,s5,2,0.673035,0.803490,0.810053
be74d6da-4e15-4ab8-b95c-411db9550743,gaussian_blur,s5,5,0.631545,0.767567,0.802565
be7910c9-8766-4b76-8b9d-eb94b5c5ad65,gaussian_blur,s5,1,0.934033,0.965831,0.967664
be7ed7ef-59c4-4dec-8694-6d12c0ff3f0f,gaussian_blur,s5,1,0.674883,0.802675,0.822163
be807c53-2576-4d71-869c-246016e06de1,shot_noise,s2,2,0.881743,0.933191,0.996497
be8d4e2a-938d-4fc9-ab8f-2be516f4f8a2,fog,s4,3,0.901290,0.946889,0.970549
be92e25e-c1da-4680-a71e-80a41dbd6555,fog,s3,2,0.465989,0.490786,0.920383
bea4d7b9-5689-40b1-9663-e15eb46c35cb,gaussian_blur,s2,2,0.487989,0.493922,0.975979
bea5ee7b-4037-44d1-a62a-7fe0ae2dbb53,clean,s4,2,0.918637,0.957064,0.969931
bea63179-cb17-4134-b9d1-0b6dfa502fb6,gaussian_blur,s5,2,0.544801,0.697429,0.731465
beb41b32-5b16-40ac-b522-a6244e1de528,clean,s4,0,0.829285,0.902204,0.952411
bec6b3c4-5d73-4d59-99cd-0baebca78c92,clean,s5,1,0.645169,0.778397,0.811045
bed1cc00-a991-4bda-9332-26e2e290ce1c,clean,s4,5,0.820616,0.895690,0.956885
bedc9cb8-0e59-4a2a-b575-19df0514c111,fog,s5,3,0.756038,0.859565,0.871808
bee2bedf-fe27-439d-a160-aa051512a8e9,shot_noise,s4,1,0.951693,0.975122,0.980341
bee600bc-a4e1-422e-bde8-6f23360c9aa5,shot_noise,s5,4,0.696321,0.814410,0.856363
bee91269-0f51-4c88-8caf-a91242cc071e,shot_noise,s3,4,0.961681,0.980186,0.994629
beef64cd-a162-475d-ba9d-28b76e06381b,gaussian_blur,s5,1,0.834001,0.908822,0.916800
befb1458-983a-4d2a-89db-2746f4d0b842,fog,s5,2,0.939861,0.968961,0.970204
beff109c-e6c1-442e-a2d5-d16d899f181b,clean,s4,1,0.918637,0.957064,0.969931
bf049a6c-8607-4ef5-8f88-431a99a3a253,shot_noise,s4,2,0.887980,0.938827,0.970741
bf15376c-4462-4810-8b2d-b0b9cfb3157f,clean,s5,2,0.582078,0.733864,0.743264
bf1598a5-f83d-4760-9f37-aa6cba2686e6,fog,s5,1,0.829533,0.906682,0.908356
bf1c6e85-6f3d-4b1e-b124-240dd29bc21c,clean,s4,1,0.975647,0.987600,0.993612
bf1dc351-08ad-4b31-af8e-9a3ffbf22c8d,clean,s5,3,0.592518,0.743587,0.746235
bf1effa4-01b3-444d-bd0c-23938534921f,shot_noise,s3,3,0.821862,0.895004,0.970968
bf2e63e1-e14f-452e-a64f-83b876f0484f,fog,s5,5,0.369029,0.448623,0.703223
bf5d9232-4b23-40e9-a2aa-cfb983c746c9,clean,s5,5,0.843892,0.915155,0.917485
bf611e66-2010-4765-9a22-d13c3b2cd149,fog,s3,5,0.634381,0.735382,0.930907
bf61ef5d-9238-49d0-93de-a94b181283f3,clean,s4,1,0.516261,0.633955,0.809397
bf64336c-cfe5-48a0-9be3-a4d7e4a56f14,fog,s4,5,0.951294,0.974653,0.990282
bf724038-1480-45fa-b2f8-64584a7d884e,clean,s5,1,0.768061,0.865402,0.894192
bf7e4560-931d-4538-96c0-f8b1c3b001f3,fog,s5,2,0.941796,0.969925,0.973353
bf892582-285c-432c-b208-6f5fd8dd1d58,fog,s3,1,0.775993,0.860348,0.970693
bf9d18f0-8fb3-4c46-8cb6-f89c0abd703b,clean,s3,0,0.926501,0.960816,0.988187
bfab986b-a406-465b-89ef-c8901e676936,fog,s3,2,0.924036,0.959252,0.991605
bfcebd54-48f1-48f6-8ff0-fd60f3b745fd,fog,s5,0,0.812736,0.893700,0.924875
bfd56c25-c8cf-4dc0-8af7-69cda5c4f51c,fog,s4,3,0.896073,0.943721,0.971253
bfd7f596-7401-40a7-8b5b-70173dc96ce6,shot_noise,s4,1,0.731371,0.828820,0.938467
bfe14c22-c418-486b-8c35-6bd5c49b2f3d,fog,s4,4,0.866756,0.925756,0.967227
bfe70068-3164-4c71-99dd-9bb4aeb2553a,shot_noise,s5,1,0.911614,0.953529,0.958817
bfed7ad8-ff3d-4aea-af57-c5a0bb86f4d1,fog,s5,5,0.713425,0.831718,0.838864
bff21633-82f5-4fde-bc87-320341789e95,clean,s5,3,0.787276,0.880315,0.886525
bff2636b-8cd1-4e10-96c4-bf3328e8bf98,shot_noise,s3,3,0.865678,0.924512,0.974251
c0161b39-dc84-4114-bffb-b30d25d652e5,fog,s5,5,0.819978,0.900911,0.902847
c01cabd4-f0a9-4729-b3c2-e7f982898db4,gaussian_blur,s4,2,0.835297,0.908263,0.932005
c01d76f6-0559-423c-ae27-ec01edd306d8,clean,s4,4,0.882282,0.935787,0.963509
c01ea450-9aaa-4f37-9593-06de4187f35b,fog,s3,5,0.846005,0.911548,0.973461
c03de9e4-2831-442b-9e53-679bfe849ea6,shot_noise,s4,3,0.756047,0.857870,0.883650
c0424550-14ea-4cd1-a2bf-8bd08bfbb7ea,gaussian_blur,s4,4,0.837561,0.907419,0.956772
c0452d0d-e58b-4b1f-b78e-0d98cc043555,fog,s5,1,0.923467,0.959991,0.965701
c047f241-26af-4903-82cf-ab460ebdd444,clean,s4,2,0.709233,0.822308,0.872523
c050cbf1-0f65-4b28-a5a5-7aba30cb0f4b,fog,s5,1,0.795790,0.886260,0.886491
c072d12b-345d-4146-bef1-610e6ca9ab32,gaussian_blur,s5,0,0.911703,0.953800,0.954076
c07a6859-3e83-4d2d-aa12-717f1dfc8b05,shot_noise,s1,5,0.757857,0.840800,0.996991
c07d960b-1ed6-40ca-9039-b7f256bb0420,gaussian_blur,s3,5,0.646489,0.740988,0.956354
c07e9e2a-a8d2-4bdf-9c63-f85250f44d49,gaussian_blur,s5,4,0.977069,0.988394,0.989045
c07f04ad-7ea7-4359-b105-47b87726ffb9,gaussian_blur,s5,0,0.962609,0.980947,0.981033
c07f16a3-71dc-4373-a0c6-084864c7a0e1,gaussian_blur,s5,2,0.665983,0.774106,0.911957
c082fbfa-d005-4332-b59c-5d4d7fb1392f,shot_noise,s5,4,0.961877,0.980568,0.980574
c08d9701-2529-4884-ba41-7c4d0a839ae4,fog,s5,0,0.896120,0.945214,0.945221
c091c387-cb6b-4902-987c-584e0f7c2a8c,gaussian_blur,s5,5,0.943030,0.970645,0.971862
c0a11697-8cc1-4b9d-986c-b45394909f9d,fog,s4,2,0.883479,0.937164,0.953589
c0ad0518-1b4c-4195-9b99-0d1706c4b9a7,fog,s5,1,0.618533,0.763449,0.767963
c0aed9d6-5452-4dab-94a7-52666070a661,gaussian_blur,s5,5,0.595878,0.738382,0.778837
c0c93b2e-6d7c-40c7-bab7-ecd4af557cf8,fog,s5,5,0.931525,0.964509,0.965675
c0cdd438-10c8-4738-bb95-b693d3c9a7ad,gaussian_blur,s5,3,0.944435,0.971373,0.973208
c0ce2b8c-d0c1-47d4-aafc-91061c3d80d1,gaussian_blur,s5,2,0.534519,0.696644,0.696715
c0e266af-3d78-4add-b69a-b0da283718f7,fog,s5,5,0.676664,0.803342,0.826544
c0e4a5b8-8cf5-4e2e-8089-39e12b03a342,clean,s4,0,0.900706,0.946316,0.974640
c0e4d5a7-e4a6-4f69-949a-0e4578b095b6,clean,s2,3,0.810433,0.884254,0.990661
c0ebbb44-25ae-4cf8-8451-a1be74cb82dc,gaussian_blur,s4,0,0.874020,0.930169,0.970110
c10e36f9-289c-4506-a787-1b30bb1e2e14,clean,s4,5,0.435397,0.513471,0.798190
c10ee559-f592-4fed-8c7f-8f9a1c9af69a,fog,s5,5,0.976215,0.987942,0.989829
c115afbe-58e8-4ccb-ab43-6d3b872ba3a7,gaussian_blur,s4,0,0.952141,0.975125,0.989904
c11ea091-acc6-4a67-a60f-230efdf45c27,fog,s5,1,0.509373,0.674889,0.675125
c13c622a-d5e5-43f4-a2d1-7d09597e1e5f,clean,s5,4,0.790877,0.882411,0.890187
c13ecdd2-da48-4b64-b83c-9ef4261db2d8,gaussian_blur,s4,4,0.594562,0.743390,0.754883
c145baac-0ab6-4c53-b42a-fe22c80e92ba,clean,s3,4,0.726977,0.820849,0.959451
c15ee855-0768-4fb7-8bdb-6ba52840c300,gaussian_blur,s3,1,0.634616,0.735726,0.930645
c1602a9e-8fb4-4836-a8ca-a3c38ed84b80,shot_noise,s4,4,0.362123,0.420036,0.724245
c16dabd8-0dfd-4d0e-a133-bae6d945552d,clean,s4,0,0.359653,0.521143,0.545520
c1766481-b180-43ce-8b76-fdca4aea438f,fog,s5,0,0.991724,0.995842,0.996597
c180744b-fb0d-43fb-9920-6afe6ec00e59,fog,s5,5,0.772033,0.870346,0.879116
c1841f21-b094-406b-ae09-6a18c599c4a2,shot_noise,s5,2,0.971178,0.985376,0.985502
c1910353-268e-417e-a339-cc59f49bf041,clean,s4,2,0.885747,0.938870,0.948282
c192a325-45f2-44b2-8e31-735afb63a6b2,gaussian_blur,s5,5,0.915153,0.955659,0.956569
c1930fbc-cf9f-46cc-b424-44742f117f2f,fog,s2,5,0.494896,0.497435,0.989792
c1935e12-d70b-4d06-aa8c-35d7178a96d5,gaussian_blur,s5,5,0.947661,0.973119,0.973429
c1a1edd5-4959-43d6-be34-90826515e2d2,shot_noise,s4,3,0.888528,0.940458,0.949640
c1a31f69-47ac-4d8c-9fab-e5b06766a846,fog,s5,3,0.876070,0.933802,0.936054
c1a40e09-17a6-4944-b184-305deb018275,clean,s4,3,0.916716,0.955425,0.981755
c1a419e0-bd26-4e22-adfb-c59f183d754b,clean,s1,5,0.895039,0.941416,0.999171
c1a49f35-7715-4fe4-9c31-7565bc8a9deb,gaussian_blur,s5,0,0.691441,0.814172,0.835895
c1a58f8a-fe12-445f-bc57-b4aa08f1b19b,fog,s3,2,0.427639,0.499280,0.798411
c1ab3c38-354e-4d0a-bb59-63b9e2471c1f,gaussian_blur,s5,4,0.805808,0.891168,0.904362
c1b047af-b80e-47b5-b35a-c6d68530de3c,clean,s5,1,0.683123,0.805111,0.845712
c1b0901d-9c09-453d-a9d4-ab595c7bb765,gaussian_blur,s4,1,0.974419,0.987012,0.989472
c1bbc899-650f-4467-9f79-3f296a44cfaf,gaussian_blur,s3,0,0.837148,0.906146,0.966869
c1bedec2-fd3f-4af1-a6a3-e5fc7d57bb97,shot_noise,s1,2,0.892757,0.939991,0.999153
c1c01658-df37-424f-9764-13877bb32b16,gaussian_blur,s4,5,0.975140,0.987342,0.993063
c1c379f3-23e4-4cb0-8319-130c6d5189bd,clean,s4,4,0.982135,0.990957,0.994327
c1d93304-7327-4b79-9a65-23c71e57809e,clean,s4,2,0.838664,0.910349,0.933504
c1d9e77e-dee7-4f1b-95c9-549d7995647f,shot_noise,s5,5,0.850723,0.918897,0.924821
c1e107c5-a9ee-4e44-a13f-ca64d64a34d9,clean,s3,0,0.407163,0.533500,0.675595
c1e390f2-24d2-4f15-9459-c0317d14772f,fog,s3,4,0.479023,0.515256,0.921096
c1eec82a-2509-4662-b658-3069fa9de849,shot_noise,s4,5,0.974921,0.987223,0.993412
c1fb3dc4-3319-438f-a366-3238bfa7290b,clean,s5,3,0.859961,0.924204,0.931365
c208cdf3-6360-45c3-8b56-9b3c57a935bd,clean,s4,0,0.944368,0.971144,0.979855
c21ddbf4-7e7c-42cb-bb5e-dca90ad7f3cf,clean,s4,1,0.832756,0.907482,0.922424
c223ef4e-8c86-4eb2-a03e-8c60a44091b7,shot_noise,s5,3,0.534870,0.686580,0.730069
c22a49e6-ffdc-42a9-903c-5a53e006dd1f,shot_noise,s5,3,0.842123,0.914106,0.916503
c22d0f08-6b50-4470-90b3-a2e27883d0f9,gaussian_blur,s4,3,0.867376,0.926310,0.965189
c23dab80-20ba-41dc-b31f-9b39e4907fdc,fog,s5,1,0.938084,0.968014,0.969291
c23dc311-0994-4e65-a0db-385ef7f4a623,fog,s1,0,0.444083,0.470385,0.888165
c24fdd36-31d4-4033-9618-2b6632b03dd0,gaussian_blur,s4,2,0.800984,0.882811,0.946539
c254afa1-6b7c-41ee-977e-9bb8398bda22,fog,s5,2,0.758133,0.861405,0.869826
c254ef4e-d643-4a0c-980f-57e8fad4ef7f,clean,s2,3,0.727378,0.815265,0.987847
c262d40b-bc0c-42a5-9a0f-081c75f142c8,clean,s5,5,0.691441,0.814172,0.835895
c2692d39-63e1-466e-947c-15ee26a00ebb,fog,s3,1,0.628711,0.730364,0.926580
c26ebdbf-3237-4fd3-a51a-73bfdbd962a9,clean,s5,1,0.718428,0.833977,0.849205
c27006e0-6607-4873-aab2-99c192ca60d8,shot_noise,s4,2,0.900512,0.946994,0.960073
c27374c6-538b-4991-a11e-0c075a3142eb,clean,s3,0,0.469371,0.484201,0.938741
c27d12d0-c483-4c44-b872-007647b6251f,fog,s4,3,0.968275,0.983755,0.991654
c283bceb-6ef4-4402-bd5e-e7a016845276,gaussian_blur,s5,4,0.897475,0.945968,0.945968
c2840932-066c-4f30-bc0a-e8ca581f6611,gaussian_blur,s4,4,0.823507,0.898130,0.953104
c285edcc-782e-4e14-a177-a5ff1a63c97a,fog,s3,3,0.445696,0.507674,0.837797
c2899306-4834-49e7-9908-34cf8c9a5479,fog,s3,5,0.623824,0.745063,0.859643
c29bb677-f935-435a-ad16-09578dc2e2fd,clean,s4,5,0.838005,0.908099,0.952829
c2a9d520-562f-4f7b-bf15-5ac1c5b93864,fog,s5,0,0.782706,0.877273,0.884934
c2a9d811-04e5-4f69-88e6-b0f3f7969471,shot_noise,s5,0,0.856403,0.920739,0.946736
c2aaaba4-86aa-4813-8ca4-b3066bd053d2,shot_noise,s4,4,0.854500,0.919426,0.947809
c2bcb784-0efc-4239-8361-cbb5a74ce813,gaussian_blur,s4,4,0.645882,0.771076,0.844997
c2dd258c-f4ff-4ef7-8f20-100b0cf2bd98,shot_noise,s4,1,0.824890,0.902418,0.920707
c2e97e99-b8ec-49ff-a332-3805725c51e0,clean,s5,0,0.553305,0.712322,0.712773
c300c173-7ba0-45cc-a650-db649d2d9952,fog,s3,1,0.697527,0.798178,0.938936
c304f588-2fb3-4306-b233-ffa99c0470ff,clean,s4,0,0.968203,0.983800,0.986587
c3055d62-068e-4dbf-8527-6a7fbee4c6ef,shot_noise,s4,2,0.874813,0.930665,0.970181
c30d16ca-0405-43d6-923d-5e6c2437ade3,clean,s5,1,0.917200,0.956769,0.957803
c3149c6a-a7a8-445a-93d8-0bddf90d5832,gaussian_blur,s1,3,0.881348,0.932755,0.999063
c331634c-ab18-4159-bfaf-a47124ad9064,gaussian_blur,s5,5,0.561847,0.710370,0.750864
c33c716b-c34e-40da-b347-3e859d038d06,fog,s4,2,0.421079,0.457771,0.841309
c347b1e7-7a9f-4e27-9524-22316a3655cb,gaussian_blur,s5,4,0.282351,0.433733,0.452076
c36ee59f-fef7-4311-9c16-27d112f08819,gaussian_blur,s5,4,0.463559,0.529158,0.855006
c375e815-e296-4edf-bb62-ff3dbaf72e06,gaussian_blur,s3,1,0.794050,0.874002,0.974107
c389bf11-3845-4a54-b2bd-2607a3d1d428,shot_noise,s5,4,0.879699,0.935918,0.937280
c39292a8-6d48-4cf8-b3f7-4e6f19a6135e,shot_noise,s5,0,0.858853,0.923035,0.937483
c39b40ca-4b28-47a2-81a5-98d1f4a485be,gaussian_blur,s5,2,0.914261,0.955202,0.955406
c3a67012-005b-4531-b756-958bb073152e,clean,s4,5,0.533584,0.616057,0.903728
c3ab6cac-e9f1-4740-8134-afaa82778d43,gaussian_blur,s4,4,0.420364,0.456817,0.840619
c3b52691-29ef-4b51-b549-ead5b379abb2,fog,s4,1,0.701069,0.804230,0.926629
c3cf05ae-cc21-4477-9327-a281e4c6dde0,fog,s5,1,0.570043,0.717208,0.757771
c3db7364-1fae-4e52-838c-3541d16fbf48,gaussian_blur,s5,1,0.621962,0.761515,0.789611
c3e3af6f-624c-4007-8f36-16c6845adf68,fog,s4,1,0.910818,0.952351,0.973829
c3e8bfc2-8006-4439-879e-dd549a0b62c0,fog,s5,5,0.741611,0.846386,0.885829
c4079e6e-e25b-40de-b9e5-ff01fc8ef6f3,gaussian_blur,s2,1,0.623466,0.708256,0.973083
c40898bd-f62a-4357-b8bc-2940392cc8a1,fog,s5,0,0.357914,0.436066,0.688672
c40a8ee7-6fae-4fd9-aca4-bc4f2513d344,fog,s5,3,0.543665,0.698433,0.724107
c41f8fcf-a5da-4cc7-bc33-1c5a7892c009,clean,s5,5,0.790877,0.882411,0.890187
c42b5f43-03bc-410e-af94-03f68e554fd8,clean,s4,2,0.829285,0.902204,0.952411
c43bf755-e9ee-41b2-bfd2-565a62b7d3dc,clean,s5,0,0.916095,0.956175,0.957028
c487cdbe-e020-4630-8ce2-dfe9bd5b3bf2,gaussian_blur,s4,1,0.716790,0.831172,0.857918
c491fba0-5728-4699-8e74-d4fd4ef94a0c,clean,s4,1,0.835270,0.908364,0.930741
c49483a0-9879-49ed-b7be-0eb647ca0b22,fog,s4,0,0.838005,0.908099,0.952829
c4963032-778d-4a4b-bc97-9402a186d8ae,shot_noise,s4,5,0.711677,0.821652,0.887083
c496b5c3-e858-4229-9d7b-86505479d426,gaussian_blur,s5,0,0.448357,0.516240,0.831801
c4a5a0fe-bf72-4027-b44b-da35fc94d9d8,clean,s3,5,0.766016,0.853365,0.963957
c4b2096c-be21-4338-a7b0-b39b2e972c9f,gaussian_blur,s4,1,0.637191,0.767354,0.825856
c4ba7bd8-21c4-45b8-a994-baf47253fa34,clean,s5,1,0.854888,0.921349,0.927099
c4cee754-4295-4722-9d1b-52db98a52925,clean,s5,4,0.507072,0.640603,0.762853
c4cf3abf-660b-4062-be96-b5bc34e2d5f9,clean,s5,0,0.888450,0.940676,0.945223
c4d34498-0550-4562-969e-64a8958618b1,fog,s4,0,0.959009,0.978871,0.988752
c4d6590b-639a-46cb-a4d4-b9b0a106577a,gaussian_blur,s5,3,0.952159,0.975448,0.977350
c4dbfd92-77be-4973-8b41-1f8230cf718a,shot_noise,s4,1,0.347354,0.410325,0.694155
c4dd8026-5775-4d8a-8ce1-bc8a661dd517,gaussian_blur,s4,1,0.934486,0.965795,0.976037
c4e35c03-356b-4b3e-a62f-132eba060f4a,fog,s3,0,0.407163,0.533500,0.675595
c4e42fc0-592e-4793-9a7a-16a4a07b14f1,gaussian_blur,s5,5,0.549097,0.708663,0.709825
c4faceed-dbb4-40f4-9302-f0623748861d,clean,s4,0,0.745914,0.851037,0.877506
c50ce80e-5fd9-484f-9215-b21093af5751,gaussian_blur,s4,1,0.792393,0.877184,0.941082
c513d0a8-5204-4068-be0f-72eb2a1c997f,clean,s4,2,0.957071,0.977927,0.984325
c51f95f6-fa7e-4e2a-9ebd-4d4f011d21b1,clean,s4,1,0.601270,0.732412,0.820427
c5289eb3-703a-4277-88c9-2096d2b6ff6f,clean,s4,3,0.718895,0.827043,0.890923
c52ee610-34ca-42e0-8f92-17ca02f96b7a,gaussian_blur,s4,4,0.846476,0.912970,0.961500
c52f732c-15fb-4c52-aed5-66e293a6f1e8,shot_noise,s4,0,0.964545,0.981752,0.992967
c5753261-cfc0-4543-ad5a-9de8734c0552,fog,s5,3,0.430840,0.600505,0.606512
c58b8cb9-5273-41ec-9191-628c6a02450c,shot_noise,s3,5,0.921342,0.957890,0.986869
c597fccf-65eb-452c-aee1-abe1664040f9,fog,s3,3,0.634843,0.754521,0.866752
c59a33c4-88fb-4842-a46c-6d83ec3f4b81,fog,s5,0,0.944617,0.971430,0.974657
c59bb58b-4350-4051-84c0-660812cd6371,fog,s4,3,0.893609,0.943216,0.954384
c5a9fc02-c604-49df-9c8e-653e94dd2e9e,gaussian_blur,s4,3,0.859944,0.922706,0.950475
c5aca698-3f20-441f-80f4-c89e68e42e58,gaussian_blur,s3,0,0.949124,0.973304,0.996158
c5bcc6af-8b4b-4d6c-9570-8b9bd0aa603f,gaussian_blur,s5,1,0.773963,0.871645,0.879872
c5dbdf36-1f42-4c03-a010-5a1216c528c4,clean,s5,2,0.959815,0.979481,0.980199
c5e31601-e9f6-4161-8b24-46f57a80ecf1,clean,s5,4,0.718428,0.833977,0.849205
c5ed474c-4370-4688-9fdd-058b7f4c6ffa,shot_noise,s4,2,0.865666,0.927210,0.938811
c5f0145c-28c1-4381-9982-9e151b3b2665,shot_noise,s5,1,0.684030,0.790038,0.918747
c5f16092-17d1-49f1-9b7b-d29a0570b621,shot_noise,s4,4,0.898933,0.946101,0.959328
c5f52791-9e0f-4803-9418-16c6362517de,clean,s3,5,0.837148,0.906146,0.966869
c5f7566f-6081-4736-9956-a7e4b7da7c78,gaussian_blur,s5,1,0.543677,0.696413,0.730676
c5f8ddf8-1f7e-4c6d-ac3d-b84cacf7f2df,shot_noise,s2,4,0.934120,0.964838,0.997221
c5f9b261-4ee5-47dd-9b3d-e61c8f08184c,clean,s4,5,0.952023,0.975192,0.984686
c5fc2e2c-70da-4527-85e2-b623824d7ae0,clean,s4,0,0.931659,0.964348,0.972283
c5fd5608-398b-4096-9a91-6fbcf2f7435c,gaussian_blur,s5,2,0.702033,0.822598,0.838107
c5fdc40f-02f4-472c-a7ba-55e11b5ccc6e,fog,s4,3,0.361733,0.419774,0.723467
c6218a40-5586-4e8c-9770-4a449f96186b,shot_noise,s3,1,0.697223,0.797715,0.939700
c6225fb4-4676-4a5a-87eb-2cabc4cf2dd0,gaussian_blur,s5,1,0.279872,0.417535,0.471351
c627b251-3385-4f68-bfe9-f008fbc64ca0,clean,s5,3,0.781026,0.874837,0.894752
c62d53fb-cd21-4fec-bb92-c73397f41144,clean,s3,2,0.872960,0.929028,0.976469
c635da7a-a114-4a72-9fda-387ad848a47c,shot_noise,s5,5,0.963127,0.981214,0.981393
c636ac0b-01ae-471e-adc7-5593d8a299cd,fog,s5,2,0.797019,0.886437,0.892408
c6400de6-c9f5-46b3-9530-8e4a42523873,shot_noise,s3,0,0.309516,0.450125,0.513808
c64bc363-6508-4fc3-9b00-6d2ca951128d,clean,s4,2,0.741155,0.848882,0.867583
c64eafe0-3df4-4778-b931-442bd498b29e,shot_noise,s5,3,0.887455,0.940306,0.941488
c652169d-1bf3-445e-98c5-e8fc623602a9,gaussian_blur,s4,4,0.909739,0.951493,0.978384
c6561dfb-7dd4-4dc1-bd33-7e7d4b8b7bbe,fog,s5,5,0.933984,0.965849,0.966337
c65ce2ef-cdd0-4c04-b4b5-fec293dab406,clean,s4,2,0.976262,0.987955,0.990784
c6657d85-6472-442b-be94-984d56d5bd96,clean,s5,5,0.917200,0.956769,0.957803
c667e309-881b-4799-b5e2-dda6a51b90c9,gaussian_blur,s4,3,0.556587,0.712397,0.724670
c669d9ad-891c-48e7-9053-655701ab6b01,clean,s3,1,0.926501,0.960816,0.988187
c673ab8a-cd0e-4b7c-aeca-24e92b58e3d1,gaussian_blur,s4,0,0.868747,0.927046,0.967024
c67a35b5-cbe0-480d-a77c-8023e00eb49d,fog,s4,2,0.971861,0.985600,0.994770
c67ecde9-1386-4eee-9896-4ecd64f31f3a,shot_noise,s5,1,0.877447,0.934490,0.938293
c68a6320-7e37-4f3a-ad62-e13ddcba36fb,shot_noise,s4,2,0.596213,0.736393,0.787403
c68f2237-fe56-452f-9d75-2443bad08f48,fog,s4,3,0.752861,0.849064,0.924896
c6a99713-ff2a-400a-899b-3f9f64f006aa,gaussian_blur,s5,2,0.712546,0.832148,0.832149
c6bbac7f-eea5-46e9-b390-d8ac12016e53,clean,s5,5,0.973546,0.986594,0.986709
c6d92194-c3dd-4c8e-a634-4649fc67e4e5,shot_noise,s4,4,0.890660,0.940439,0.971204
c6db8ef7-389f-4674-982c-41b20771ef05,fog,s5,1,0.975544,0.987612,0.988304
c6dd786f-ee2f-4e93-94ae-dd3f80e56e79,shot_noise,s5,0,0.834246,0.909450,0.911664
c6df4004-72a7-460a-8175-fa48a105819a,clean,s3,3,0.725380,0.818176,0.965453
c6e09a93-3eab-4cc0-a8a1-3fbe28aa4dbe,fog,s2,3,0.661345,0.750560,0.978952
c6fb8529-9afd-4cb7-93c6-bb74c3f2c128,clean,s4,1,0.950251,0.974336,0.980521
c6fcf9a5-07a8-45f8-a1d3-8a311d58bab0,fog,s3,3,0.765215,0.852606,0.964608
c7020046-a313-4e27-8495-e51660456dcb,gaussian_blur,s3,5,0.876959,0.931358,0.979440
c7030f10-396a-4d19-a577-35b32edaf5f6,fog,s3,1,0.969032,0.984088,0.995872
c70ac78d-d295-4f72-acd1-e027485f096f,gaussian_blur,s4,4,0.887081,0.939621,0.949123
c718388c-10dd-4e2e-8312-e340618a6c6e,shot_noise,s5,0,0.885924,0.939317,0.942715
c71c9e47-ca05-469c-94d8-93eded456a1c,shot_noise,s4,0,0.897803,0.944272,0.979845
c724e9ca-2549-4502-b743-32da687809c0,shot_noise,s4,4,0.929156,0.962987,0.971125
c724f721-e589-4755-a7d9-6f0c1631c171,gaussian_blur,s5,5,0.904040,0.949441,0.952775
c730371e-e683-4b1b-bbf3-a7ac0028b31f,clean,s3,2,0.960616,0.979616,0.994475
c737e123-084b-4c53-add7-245e6092f150,fog,s4,5,0.934681,0.965767,0.979989
c7406ec3-393f-4b2d-a516-810318e8ba7d,fog,s5,2,0.957636,0.978332,0.979633
c74b38cf-67d8-4b5e-8a28-34440e96b08a,gaussian_blur,s5,4,0.528976,0.691917,0.691995
c75c301b-6b5c-41bc-af05-6206970f30b4,clean,s4,1,0.660434,0.785272,0.843109
c761a00a-dc9d-4fea-aa83-bcc2b1e0af10,gaussian_blur,s5,0,0.860366,0.924393,0.932210
c76c733c-cbc9-4e0b-b1e0-d07a18c788fb,fog,s5,5,0.767995,0.863874,0.904779
c7761d4c-8ee5-4c17-8a80-efa2db5cd929,gaussian_blur,s3,1,0.961668,0.980127,0.997211
c776a5ea-1de4-406c-ab99-d8e316017dce,clean,s4,1,0.745914,0.851037,0.877506
c778aee3-447c-45c8-8ce0-00179b7c4d16,shot_noise,s3,4,0.964429,0.981675,0.993768
c778baa8-b185-4420-86bb-c60511535d19,gaussian_blur,s5,4,0.887613,0.939906,0.949696
c779ec86-2e3d-47c7-a725-40580985c394,shot_noise,s5,2,0.840032,0.912886,0.915088
c78872ae-9b70-4bb5-b1bf-be26aa82468d,clean,s4,3,0.743487,0.851235,0.863888
c7aac7aa-d943-42ea-a797-fa609c6568e1,fog,s4,4,0.565761,0.719873,0.732633
c7b1a3e1-6618-4793-bb89-71dcbb962315,shot_noise,s2,1,0.587526,0.659368,0.977413
c7b523e0-640b-4206-a7b8-0619ae6e5da3,gaussian_blur,s5,1,0.825052,0.904034,0.905257
c7ce03b3-fa97-4d00-9de8-add802364276,gaussian_blur,s3,3,0.461764,0.482872,0.919760
c7cffb07-57e5-48cd-b4d9-953fac461c16,gaussian_blur,s4,1,0.746090,0.848915,0.892101
c7d755cf-353f-4ffa-be40-434d76b2fff3,fog,s4,0,0.919866,0.957641,0.972885
c7da24db-363d-4a2f-ab69-66b42cb6ed08,gaussian_blur,s5,0,0.944617,0.971430,0.974657
c7ddac2f-9ad9-46a6-aa26-f96f0073eb3c,fog,s4,1,0.778915,0.871845,0.905947
c7e05390-e7f3-488e-9be1-4217bc397331,clean,s3,3,0.926501,0.960816,0.988187
c7f00cb1-e8c6-4548-aaf3-0d05de303afc,clean,s5,2,0.768061,0.865402,0.894192
c7f851f1-5256-4424-bb0e-57daf4d5a18d,fog,s5,0,0.628609,0.771570,0.773659
c7fcac47-1bcb-4aa8-99e8-ba40efcf8338,clean,s4,3,0.817214,0.893841,0.951909
c80f802a-f3df-4ad5-b97e-26ec8595b291,gaussian_blur,s4,4,0.685043,0.791101,0.918332
c8240028-ea0c-4fe2-8ec8-043c95567fd2,gaussian_blur,s3,5,0.868117,0.926148,0.973483
c82ff62b-90e5-4fee-9231-18e2dc7357f3,shot_noise,s3,3,0.961375,0.980022,0.994592
c8333205-d152-4f97-886b-0da9a846e634,gaussian_blur,s5,3,0.427938,0.565529,0.677289
c8347762-6be4-4b05-bb61-aaae0f6811ce,gaussian_blur,s5,2,0.895349,0.944736,0.945680
c8532ed8-255c-475f-a65e-9756ca1efa9a,shot_noise,s4,1,0.894899,0.944138,0.951632
c862bc5e-b196-491a-b9c6-59307fda08b5,gaussian_blur,s4,0,0.957384,0.977968,0.990018
c868daed-4fb2-40c8-9b50-a6ce72baaeaa,fog,s3,1,0.462203,0.483700,0.919826
c872f303-2ca5-41f0-9700-6007d1baab44,gaussian_blur,s5,4,0.878885,0.935031,0.943349
c8760a85-093c-4652-a473-593c2b807a0e,shot_noise,s5,0,0.683123,0.805111,0.845712
c8798738-91fb-4908-95a0-266d6b7d5c8f,fog,s4,2,0.697872,0.816376,0.852980
c8850451-0b4c-4c52-8813-57e7fb611cf7,fog,s4,1,0.626521,0.758988,0.817659
c8855c4e-7a87-46f1-bfc7-879e18790fbf,clean,s4,5,0.838664,0.910349,0.933504
c88ae593-682d-4208-a689-2c6daf1835ab,clean,s3,3,0.907010,0.949421,0.987159
c891637a-9562-4a60-a1da-7def37df80c9,gaussian_blur,s3,3,0.596974,0.722245,0.839029
c899dd38-f35b-4a65-a29b-12095dd82684,clean,s4,2,0.601270,0.732412,0.820427
c89d7383-b530-4e13-a1f7-c1453e9e496b,clean,s3,0,0.697593,0.798074,0.939662
c8a9e838-db19-4273-afd8-63f8d46d561e,gaussian_blur,s5,4,0.747666,0.854800,0.861241
c8abf1ae-4599-47c5-b167-ad02dea5d281,gaussian_blur,s4,5,0.898757,0.945874,0.961562
c8b2cecb-baf7-44fb-aa50-eeb93c7149cd,fog,s5,4,0.946069,0.972275,0.972736
c8b3a5e9-609b-463b-be6e-a63bea06a53c,clean,s5,1,0.929607,0.963512,0.963718
c8bef906-b524-4845-b461-9fe12affe761,clean,s5,0,0.790811,0.879526,0.913584
c8bfaa18-3bf7-4a24-9ca0-59d5dc316666,fog,s4,5,0.541474,0.681006,0.770048
c8c57d96-537c-491a-89f9-ecf2684d9a0f,gaussian_blur,s5,4,0.788932,0.880415,0.895392
c8c64767-c428-4afe-9024-e3d983130b2d,fog,s4,2,0.976895,0.988247,0.993904
c8c9e073-23aa-4425-bf5f-24c2237d512a,fog,s3,4,0.787205,0.869670,0.967360
c8ca3b6e-3831-4c7c-8763-5ec9d99161bb,clean,s4,3,0.706977,0.810540,0.922277
c8ced249-49bf-458f-9fce-935c84962a34,gaussian_blur,s5,3,0.707428,0.827962,0.832635
c8d23215-03ae-406f-80f6-d5fc85e8a853,fog,s4,4,0.652340,0.772791,0.863557
c8d97da4-8a3e-4217-96fd-bb39d1586dc0,fog,s5,1,0.418178,0.570119,0.635382
c8dc8699-25b3-4a6e-9d8e-9d189b38c7f0,shot_noise,s3,1,0.454437,0.546002,0.798677
c8dd9e92-1eff-44cc-899c-689faa49fad9,gaussian_blur,s4,2,0.366941,0.423260,0.733883
c8de2eb0-a3a8-49ab-bbe2-431daf962a48,fog,s3,0,0.971599,0.985457,0.995076
c8debbfb-c6b7-4d0b-968c-56acb381cdbe,clean,s4,3,0.867819,0.927982,0.946587
c8e60404-a9c8-43de-a5c1-41cfce20bf50,gaussian_blur,s4,1,0.628452,0.768366,0.786837
c8f0ee6d-a134-44eb-bc59-00a0c54f7fff,clean,s5,1,0.920932,0.958608,0.964400
c8f9eb03-f9f6-4c40-b3d7-ef94065b72b7,shot_noise,s5,1,0.931494,0.964471,0.966239
c911f3a0-8ddb-45ad-bee4-7f66496823a1,shot_noise,s4,4,0.708873,0.819374,0.886464
c919c733-bfe4-44ef-a7ab-8a410e261b47,gaussian_blur,s5,2,0.585326,0.712870,0.827448
c91adf79-e7c7-4f6d-9250-0fdcac1a6a0d,fog,s4,1,0.695478,0.809604,0.877051
c91e9aed-e510-499e-b09d-9abf1a827227,clean,s5,5,0.919130,0.957668,0.962421
c924f577-5c41-4f37-8134-1a75e01194ca,gaussian_blur,s4,4,0.846208,0.913047,0.958693
c9298772-e638-44a5-8e23-a726c4eb6355,clean,s5,2,0.636918,0.775562,0.789910
c9339580-6058-4214-836f-3dc584e042f1,gaussian_blur,s4,2,0.845033,0.914963,0.928312
c9341bf1-3f88-487f-8463-6165b1174d16,clean,s3,5,0.701834,0.804359,0.929264
c95a01ac-a552-4990-9e37-7dbc6f269b73,clean,s5,2,0.691997,0.805641,0.881369
c95a2a73-1f0a-4dbf-98e6-41cf44ae8871,gaussian_blur,s4,4,0.558657,0.661213,0.881051
c95c563b-8a6a-4390-934e-420b01689d44,gaussian_blur,s4,0,0.945757,0.971680,0.987737
c96196ee-6d9f-432f-b3ce-9ea02684aaac,clean,s4,5,0.916716,0.955425,0.981755
c96bf422-f1ff-4cec-9bce-348c6d8b65f6,fog,s5,2,0.919468,0.957903,0.961423
c96e4432-e787-4bc0-a753-b80da5b3183f,shot_noise,s2,1,0.493318,0.499773,0.982411
c9752308-0dc4-46b3-b65e-e68e60cc1a12,clean,s4,3,0.918637,0.957064,0.969931
c9770348-2e7f-415b-934a-8e9172796009,shot_noise,s4,4,0.652728,0.767388,0.886571
c9770468-25b9-4ce6-a498-0d332821111c,fog,s3,4,0.469371,0.484201,0.938741
c97fe0b8-0191-4616-a5a0-06172cd03f39,shot_noise,s4,0,0.604761,0.751136,0.764048
c982f240-69a2-436e-a85a-ba8680d31ffb,gaussian_blur,s4,5,0.919252,0.956943,0.980796
c983c6e7-cacb-4f00-988f-813165dba348,fog,s3,1,0.805548,0.884289,0.961563
c9ac7dff-3d57-4d08-830c-dc4553705c3c,gaussian_blur,s4,3,0.822115,0.900114,0.925003
c9d3ce76-8041-49ad-8078-e9b68f8afac5,shot_noise,s5,5,0.632153,0.774585,0.774802
c9d5d7f0-df28-4901-be09-7975b28377f0,fog,s4,5,0.710542,0.823105,0.874165
c9dd2b16-36be-41cb-9b3e-e0ff4cb7210b,shot_noise,s4,2,0.950061,0.974142,0.984040
c9df4702-d81c-484b-a58f-9738d209a060,gaussian_blur,s4,5,0.534566,0.674715,0.764288
c9e1704f-d829-4eef-9d88-e2b49ad23293,fog,s5,1,0.906042,0.950438,0.956096
c9e65705-ff8f-4e2f-9125-2bd3ef51e118,fog,s5,3,0.885024,0.938785,0.942608
c9eb656e-cf86-4cb0-bbf9-797ea4d292a4,fog,s4,3,0.957768,0.978140,0.991616
c9eb961c-7a27-4d9b-82b4-b3735b132197,fog,s5,4,0.527999,0.684043,0.713429
c9fbd3e0-8656-4d42-bc19-076b152a2ac1,clean,s5,2,0.505525,0.671237,0.672541
ca03a790-d562-4f09-823c-016851ac9832,gaussian_blur,s5,2,0.172260,0.268428,0.328704
ca0c4cf6-3543-4003-9f49-62e83652abcd,clean,s5,3,0.860366,0.924393,0.932210
ca14edcc-62c5-446b-9768-e7892cd91596,clean,s3,3,0.632913,0.734074,0.929829
ca397798-62ba-42dd-8798-66cc200d482e,shot_noise,s5,2,0.517756,0.681853,0.683562
ca4391d9-9b6a-445f-a07c-9b9ab8fdc6c5,gaussian_blur,s4,0,0.900706,0.946316,0.974640
ca5147b3-3749-4865-8773-9a2721d50c2d,clean,s3,0,0.972016,0.985659,0.996283
ca6a3ebe-63ed-4a14-a471-5074611e0cb5,clean,s5,3,0.877777,0.934393,0.942800
ca748c4e-9f98-4ef2-b43e-59b83fb81f36,gaussian_blur,s5,5,0.826284,0.904874,0.904944
ca74dcb3-2806-4647-bd39-1ea370b43513,gaussian_blur,s3,0,0.913455,0.953409,0.983982
ca832ca0-57ba-4271-9382-e6df9579f691,fog,s5,1,0.921993,0.959308,0.962008
ca855835-8f68-480c-8b4c-6beba6a95501,fog,s4,1,0.938054,0.967392,0.987818
ca8831c3-4cf8-4dac-9491-8c80b6c4ac7f,gaussian_blur,s5,5,0.560999,0.711047,0.745493
ca8b6b42-9043-49df-ab99-1de663fb0300,shot_noise,s3,2,0.969846,0.984517,0.995989
caacb8a6-0b68-4733-9778-00e6f09abe4b,gaussian_blur,s5,2,0.820212,0.900439,0.909145
cab3f6fd-0de1-4a23-86ab-6c2c8fefb8e2,clean,s4,1,0.904908,0.949481,0.961938
cab446d3-488d-4b07-a9e9-4bd1d61b05a6,gaussian_blur,s4,1,0.821467,0.900331,0.918568
cac9935d-7a77-48fc-a797-bd48ee579730,clean,s5,3,0.691441,0.814172,0.835895
cacd20be-5b68-46b7-a1c3-1559a0e8fa09,shot_noise,s5,5,0.605814,0.746184,0.787392
cacf62e7-9d6d-4b7b-9cc7-0320124a7d9c,gaussian_blur,s5,5,0.552563,0.704492,0.736565
cad8e2dd-597f-4985-b7cd-db258d41ff2f,gaussian_blur,s5,1,0.545520,0.703521,0.714085
cae9cd73-d1e4-41cc-a08b-116764dde81c,shot_noise,s5,5,0.593661,0.744134,0.748523
cb0858e9-82e0-45e7-9d9c-aa9a6c590b29,shot_noise,s5,4,0.969025,0.984267,0.984408
cb0c550e-fa4c-4355-8c6f-dfb3b4f9cbbb,gaussian_blur,s5,0,0.919130,0.957668,0.962421
cb125fcd-3d99-4704-975e-a85191511e67,fog,s3,1,0.423363,0.538872,0.716329
cb2c8952-d372-434a-b284-d634d56ecf4b,fog,s5,1,0.762061,0.860004,0.900405
cb3988ed-6365-44d1-b754-4fbde010412e,gaussian_blur,s5,1,0.904456,0.949672,0.953003
cb429950-4e36-48d2-a325-f9a891da06ab,gaussian_blur,s4,4,0.960171,0.979425,0.992090
cb43a4c0-f720-45f4-b63e-8dfe31ca398c,gaussian_blur,s5,5,0.803349,0.890283,0.897051
cb4542ba-038e-43d4-a923-7263dcd43644,fog,s3,1,0.432261,0.510967,0.793040
cb46d2db-32e7-44b3-b728-fbc90579649a,fog,s5,5,0.919265,0.957897,0.958816
cb51258e-4515-4be1-b925-7045cf3ca71e,clean,s2,5,0.890884,0.938966,0.996824
cb527e2a-e727-4326-b35a-38c861ea1f54,clean,s5,5,0.896120,0.945214,0.945221
cb5db7e2-ded3-4f3a-bd08-90444723d46f,clean,s5,5,0.675384,0.806244,0.806246
cb622f3d-1343-4b67-936f-a445521e08d0,gaussian_blur,s4,3,0.897813,0.945772,0.953232
cb71cf71-d56f-4867-b4bd-54c6098d36bc,gaussian_blur,s5,2,0.797325,0.886567,0.893122
cb742880-6901-451b-8fd8-ed725ced9cea,clean,s5,2,0.636165,0.772158,0.801643
cb7ba795-bd09-40d5-8b2a-cea37d501c22,fog,s4,2,0.899183,0.946117,0.961741
cb7db597-6e4d-41fb-affd-b9853bc2df22,gaussian_blur,s5,3,0.656706,0.790415,0.804096
cb7eca6c-5d1c-40c5-9b6a-b754375ed05f,fog,s5,5,0.429096,0.566756,0.678435
cb84f822-5f6d-4807-b231-c1aa92a7a49b,fog,s5,5,0.661805,0.793792,0.809574
cb8e6ea3-783a-4b24-8fce-6cc34975f648,fog,s4,4,0.885857,0.937260,0.974763
cba1fd9f-1a5d-45d4-bd70-5eafabefb62d,shot_noise,s3,3,0.793934,0.873532,0.976852
cba852d2-cba3-4903-9d51-5ce52b900de3,fog,s5,3,0.901150,0.948005,0.948005
cbaaeece-8301-4fbc-b97f-8603003b9947,fog,s5,3,0.807141,0.891648,0.908330
cbbd4c5c-8219-4f02-b989-e6f801f21287,shot_noise,s4,1,0.781575,0.871275,0.924965
cbc7fa85-f8c1-45ad-a424-93cf0ae87746,fog,s4,3,0.906792,0.949783,0.977706
cbd23421-b92d-4d76-91c1-bc5f8d66feae,fog,s5,4,0.877659,0.934709,0.936914
cbda09f7-1bb5-4d2e-9777-9fc5f2c5f581,gaussian_blur,s5,0,0.942544,0.970387,0.971604
cbe7f727-0d3b-4b86-9d15-8a22d7396284,shot_noise,s3,4,0.824599,0.896700,0.973269
cbf9ce03-3ea8-41c8-9255-e3b9cb0b4ed0,clean,s4,2,0.950251,0.974336,0.980521
cc15791a-45d9-4085-95a9-9ec687de9d91,clean,s4,5,0.924109,0.959978,0.975045
cc16681a-d729-4f0a-8fe8-31a37d189a4b,shot_noise,s5,5,0.775845,0.872956,0.880228
cc1d807e-fce7-4250-b96a-222f80381dd2,shot_noise,s3,5,0.861894,0.922122,0.973376
cc264245-6722-4f61-b9e0-9df4ec606a78,shot_noise,s4,0,0.602989,0.741901,0.792741
cc287006-eadc-4ca6-80ac-0b4d42380af7,clean,s4,3,0.929510,0.962919,0.978245
cc2ea7ed-9777-46a7-a5e5-fc1dbd23885a,fog,s5,0,0.718428,0.833977,0.849205
cc2ed458-5193-4aca-aab2-9902c81829b6,gaussian_blur,s3,5,0.960414,0.979452,0.997120
cc43bc59-74df-43ae-aa81-c6b6e170f515,gaussian_blur,s4,1,0.934844,0.965863,0.979867
cc4932d8-3d42-4ea9-9bd5-6e13e3702432,fog,s5,0,0.592518,0.743587,0.746235
cc4b963d-ef2f-4a41-a5dc-94aa1e889eab,clean,s4,3,0.981097,0.990426,0.993892
cc62154e-3ca4-4746-9e83-47c168790f7d,gaussian_blur,s5,2,0.547021,0.704215,0.717259
cc6de03e-2990-48bc-8dd2-2cdba5c7ca27,fog,s4,4,0.850065,0.914816,0.967574
cc7a31cd-625f-4ca6-9dbd-7c60b607febf,fog,s5,4,0.923696,0.960302,0.961152
cc7cf45c-4fdc-4225-80a0-e40505845e31,shot_noise,s4,3,0.853238,0.919571,0.936181
cc860409-afc7-4d5e-8578-54fd408727bb,clean,s2,5,0.894110,0.940984,0.996805
cc93f781-9c9a-464e-b9d0-cfff0c8ba129,gaussian_blur,s5,5,0.873389,0.932407,0.932555
cc9500e0-56c3-442d-a9d8-bc3f2e753fae,fog,s3,1,0.714855,0.808462,0.965592
cc99342d-cb00-4bfc-8ed2-b10b6e1b7477,shot_noise,s4,2,0.473145,0.584443,0.781733
cc9c8ddc-2a48-4d28-b3dd-49b7f63d73b0,fog,s3,1,0.643507,0.744114,0.935408
ccafa14e-0f8b-41eb-93ec-5c56ca1a7b18,shot_noise,s4,1,0.925334,0.960660,0.975445
ccb02ae0-0353-4a16-a364-8464ef9d3ea7,clean,s5,3,0.963299,0.981306,0.981311
ccb2ff65-1e8c-496e-9c54-2166e1d87361,gaussian_blur,s5,0,0.913294,0.954455,0.959670
ccb57c52-7e36-4753-9d43-421e45c36267,shot_noise,s5,0,0.553305,0.712322,0.712773
ccb9d5c5-b956-4e61-a340-9fb13bfda05f,gaussian_blur,s4,1,0.598485,0.724376,0.837483
cccb8ddb-6c22-4aa8-9f5d-4a05a83af627,fog,s5,5,0.960177,0.979670,0.980361
ccde7dd4-0948-4d39-bac8-758607bd0eee,fog,s5,3,0.855074,0.921677,0.924421
cce22935-89cb-42aa-9aca-35a14fe96eca,fog,s5,2,0.634080,0.776040,0.776204
ccf699f2-7c04-4978-b07b-f43fc939841f,shot_noise,s5,2,0.897139,0.945515,0.950657
cd112b11-186b-4d33-8cc4-fae58367d909,shot_noise,s5,4,0.940206,0.969047,0.973541
cd11695f-cccc-49ca-91c4-4f25ed1a6fe9,fog,s5,5,0.804921,0.891634,0.894544
cd27b592-21b2-4c1b-a0ca-5db24ddc45fa,clean,s5,2,0.851225,0.919634,0.919643
cd321895-e7a4-4a7a-b0b0-bf76992a5d08,fog,s5,5,0.205562,0.324105,0.366053
cd374020-e4c0-4580-9416-524b390431e6,fog,s4,0,0.817214,0.893841,0.951909
cd5df469-41df-400b-963b-ac7634a1c402,shot_noise,s5,2,0.932532,0.965082,0.965265
cd62fb45-74a9-4c8c-9e7e-18c65ded0c2a,shot_noise,s5,2,0.605803,0.746017,0.787984
cd633aff-8207-4b17-9d94-1aa3a6059dc0,clean,s5,2,0.844187,0.915429,0.916491
cd66d117-e97b-43bf-9da3-c7473df31b0a,gaussian_blur,s4,0,0.766886,0.859801,0.927012
cd709899-2691-4960-add7-deaed8f44656,shot_noise,s4,0,0.435397,0.513471,0.798190
cd8589ec-ceca-4ddf-970a-505d25565b62,clean,s4,1,0.604761,0.751136,0.764048
cd8f732b-7230-4b5b-a1b6-17865277ed5b,gaussian_blur,s4,3,0.716068,0.824786,0.890241
cd9702fb-8854-4b75-85e5-04e4e19feb52,fog,s3,4,0.829249,0.899665,0.976324
cd9a260c-bfd0-4cde-8377-f5e15905da08,gaussian_blur,s5,2,0.838859,0.911681,0.920155
cda0dae0-117e-4f85-b6e0-cea665643c26,shot_noise,s3,1,0.949472,0.973495,0.996189
cda55527-f175-47cb-b7c7-be0512242d7b,fog,s5,0,0.953872,0.976350,0.978131
cda64ceb-1e71-498e-b330-9a2aab0821c3,fog,s5,4,0.975603,0.987649,0.987754
cdac789e-703a-4537-9ccd-30068bc39b07,fog,s4,2,0.858740,0.922017,0.949457
cdb02584-778e-4caa-b0c2-37f340500722,gaussian_blur,s5,0,0.941551,0.969767,0.974149
cdb2d8eb-871d-463c-96e4-f8a239e6aa9c,clean,s5,0,0.917200,0.956769,0.957803
cdb4c5bd-b5e0-4135-abba-30958d05fcb2,shot_noise,s4,4,0.791545,0.875863,0.946336
cdb7f087-a4d7-42f7-b615-b20994b085e1,gaussian_blur,s3,2,0.861321,0.921894,0.971598
cdc001e9-0713-4309-a2e4-ad5654b6f37e,fog,s5,4,0.417054,0.569678,0.632642
cdc7fc05-8630-4b8a-86eb-e7ebf1714923,shot_noise,s3,5,0.879220,0.932930,0.977459
cdce532f-e237-41ec-b815-2ca1dd338a21,fog,s5,4,0.828941,0.905346,0.918354
cdce90a0-0043-4ea4-b70e-6abbeee170d7,shot_noise,s5,1,0.647930,0.780504,0.813019
cdd267ea-57bc-44de-a0fb-b2faa8e63ee6,fog,s4,1,0.852003,0.918582,0.938581
cdd4a2d2-58ee-4584-a367-b87ca5ed7b13,clean,s3,1,0.837148,0.906146,0.966869
cddbacee-c459-4491-991b-560bf955d2a9,gaussian_blur,s4,5,0.382287,0.541694,0.578059
cdeab285-87d7-4ea9-aaa6-c5ddaa010d88,shot_noise,s4,3,0.730554,0.828152,0.938275
ce031603-f3ff-4cd2-8578-a6948e0d8bd3,gaussian_blur,s5,2,0.791498,0.883614,0.883632
ce0603cf-e23b-47d4-b185-fc751fbb241e,clean,s4,4,0.931659,0.964348,0.972283
ce08351b-1b3c-43c6-aad8-fde1f39c81ec,clean,s4,3,0.982135,0.990957,0.994327
ce186f20-7f5a-4fc8-b7fb-1cfa54d90510,shot_noise,s5,3,0.526171,0.689529,0.689536
ce1a8f2c-02a8-4bfb-99bc-58f3da880555,shot_noise,s4,4,0.977939,0.988799,0.993115
ce315b87-19a7-451b-a399-9034cc4c311a,clean,s5,2,0.886212,0.939600,0.940891
ce3489ad-a029-485a-9c40-14dc43af64ee,fog,s1,3,0.432851,0.464009,0.865701
ce4a5452-2a53-4ee0-b058-91a4ff985aef,shot_noise,s5,0,0.781026,0.874837,0.894752
ce530502-a4e7-4c6a-bb30-71cdb29b07a9,gaussian_blur,s5,5,0.445966,0.513378,0.829458
ce531154-5520-415d-b2bf-a2e408406b31,gaussian_blur,s4,3,0.648013,0.770471,0.855888
ce61af2a-95f8-4301-afd1-a97e1b830520,shot_noise,s5,5,0.702128,0.822707,0.837936
ce6f07fc-9606-41ad-adad-795c01bc8fdc,fog,s5,0,0.691997,0.805641,0.881369
ce7acc69-e1e9-4897-ac4c-38c6710faa4e,shot_noise,s4,5,0.605061,0.749668,0.771013
ce7b4294-10cb-44ea-97c6-5139ab30a013,fog,s4,4,0.362692,0.520373,0.557221
ce8ceb4a-a30b-4fa9-ac2a-6157eb7171e6,clean,s5,4,0.870114,0.930488,0.931387
ce8dc8a0-291f-49f0-a9a8-fbe45a9c487f,clean,s5,3,0.645169,0.778397,0.811045
ce9389bd-29aa-49f4-944b-36add35a5761,gaussian_blur,s4,2,0.807287,0.886212,0.956267
cea202d0-bd25-49d1-81f4-267ac62f9f67,clean,s4,5,0.975647,0.987600,0.993612
ceac9f1e-9768-4d30-8cf1-129d64f0e563,clean,s5,2,0.905823,0.950582,0.950635
ced26ae9-ba0d-4054-bb4c-2e1ae2763571,clean,s5,5,0.749016,0.855792,0.861411
cee3ad96-b294-499f-b710-67a3ca6df864,gaussian_blur,s5,0,0.917200,0.956769,0.957803
cef10f63-4be8-43db-9c1d-90371260e3f8,gaussian_blur,s5,3,0.794991,0.885734,0.886261
cef142bd-9478-4ad1-9cdd-a1dc54b0fd6f,shot_noise,s5,0,0.749016,0.855792,0.861411
cef9696c-751a-4491-b45a-7fcf6559c567,clean,s5,4,0.883857,0.938213,0.940533
cefcf672-f697-42f5-929a-b8dd17c9380c,fog,s5,5,0.955981,0.977459,0.979117
cf00b1f3-6a37-4f0a-8804-a64ce66446a0,fog,s4,4,0.586741,0.737078,0.748973
cf086d62-4bac-4289-b426-eb32c838eb2c,fog,s3,5,0.736815,0.829445,0.959994
cf1386c1-44a7-416f-bcc1-8e6a4e416879,shot_noise,s5,0,0.691997,0.805641,0.881369
cf213e6b-f56f-444d-8e04-edd1b5e3f11c,gaussian_blur,s3,1,0.904768,0.947941,0.989610
cf2bd21b-2841-44f2-a36d-f4924149b981,gaussian_blur,s4,4,0.902291,0.948110,0.958779
cf2f3c91-b4f0-403b-97fd-464c4ee0fae6,clean,s3,4,0.926501,0.960816,0.988187
cf2f9bd2-b4e7-47df-86b9-0b59681c4b58,gaussian_blur,s3,1,0.704239,0.799088,0.962673
cf379f8b-4548-4382-bac2-56b99d25a21f,clean,s5,2,0.763446,0.865283,0.870123
cf3b553b-cf30-4375-9dfd-2573ece564cc,gaussian_blur,s5,0,0.515769,0.662921,0.732800
cf3c89d8-4a03-43c2-aa4e-b91bbe6fe56a,clean,s5,2,0.713287,0.832113,0.835872
cf433fad-7016-45d0-bedd-d58ebde1c2c6,clean,s4,5,0.868747,0.927046,0.967024
cf4349d4-a140-48e2-bfe4-7b1c5ac81ab4,fog,s5,3,0.925174,0.960923,0.966512
cf44a48d-3e56-4042-bf33-9207a236a78a,shot_noise,s3,3,0.696774,0.797331,0.939522
cf452063-663a-4980-967c-b5ee3e755182,clean,s5,0,0.843892,0.915155,0.917485
cf4526a8-3499-4729-8431-31c88380c831,shot_noise,s4,4,0.652430,0.784969,0.811483
cf70a1fc-8131-4522-a25e-517af2b1a6ad,shot_noise,s5,4,0.929566,0.963430,0.965357
cf744355-51c7-43f6-929e-520f3571cb8b,gaussian_blur,s4,5,0.982195,0.990988,0.994347
cf762a09-4377-45d3-97d0-ad5a50a2a3d0,gaussian_blur,s4,5,0.963477,0.981264,0.988603
cf7a58dd-f7fa-4890-93c8-dd783d8a4c76,shot_noise,s5,4,0.905798,0.950553,0.950930
cf7cacb6-77b0-42cb-b0b2-ba4e331321cc,clean,s5,1,0.507072,0.640603,0.762853
cf9af772-cfa5-408b-b8ef-39289623692c,gaussian_blur,s5,5,0.877270,0.934475,0.936885
cfa476e8-bfc8-4a79-83bc-2398fceffcc8,clean,s4,3,0.981904,0.990829,0.995243
cfacee4a-0881-4a1c-b365-d0a03eb76b70,gaussian_blur,s5,0,0.896120,0.945214,0.945221
cfb61b94-f385-4777-ae5b-974a0193155a,gaussian_blur,s4,2,0.954867,0.976656,0.987881
cfdbb81e-3e3c-4913-a91d-699b6d7b5a7b,shot_noise,s4,2,0.977999,0.988830,0.993147
cfe85356-4974-499f-8c21-5fc42d2e9115,clean,s4,4,0.575516,0.728421,0.738505
cfe8f482-7e3f-4ab0-80df-76911aaeca66,fog,s5,4,0.677172,0.807079,0.809784
cfeeb012-7395-4867-a6e0-cf605dcbae59,shot_noise,s4,4,0.893210,0.942712,0.958976
d000b65d-722e-4f31-9556-602863c52938,fog,s5,1,0.933061,0.965310,0.967159
d002dd4a-6235-4215-a21c-64cb15eb855f,gaussian_blur,s5,3,0.886790,0.939997,0.940016
d0110309-5640-4106-9d49-3a30631b6f12,clean,s4,2,0.588930,0.708799,0.852872
d015dd27-cc22-4b2b-b54e-eae3ba97a92f,clean,s4,4,0.950251,0.974336,0.980521
d01a9ed2-578e-47c7-83d0-2709e7bb98ef,shot_noise,s4,0,0.556665,0.693898,0.784799
d01b1d57-2001-454e-aef6-b8eea7e31290,clean,s5,3,0.448357,0.516240,0.831801
d01d2047-263d-4606-abef-990b30e2cb1b,gaussian_blur,s5,0,0.810920,0.895540,0.896053
d01e4df8-660a-45f9-8e9e-333d757e30c6,gaussian_blur,s4,1,0.847442,0.913744,0.960063
d02fd41e-de93-4a49-af1a-99af19af6cd3,shot_noise,s4,0,0.375219,0.535107,0.568443
d033d296-31cd-4fe5-8242-d27b3000c49e,fog,s4,5,0.619713,0.754875,0.807387
d04275cd-0e7b-44c9-8604-3673d0d67105,gaussian_blur,s3,1,0.741530,0.833252,0.961525
d050bb87-1dd9-4746-af1a-7a5ec7cfe317,fog,s5,3,0.538570,0.691769,0.727095
d06aab91-4dc6-4bee-9902-d0fda4601335,gaussian_blur,s4,1,0.979877,0.989799,0.993495
d070f35c-05e2-4375-a72e-d7f1a438e772,gaussian_blur,s4,4,0.394111,0.450498,0.774485
d07237df-4bad-4511-bffc-2e283945b9fc,gaussian_blur,s4,5,0.705745,0.809501,0.921931
d07a7926-4d6f-4bd4-8cb6-8cf9073d6cc3,fog,s4,3,0.729858,0.836993,0.885813
d0810dcb-160a-4314-b7b8-e6fabfd725dc,shot_noise,s3,2,0.698131,0.798514,0.939961
d08e31ca-96be-4fdf-a4b1-3891310d789d,clean,s4,0,0.868747,0.927046,0.967024
d090133f-1b7f-4eb1-ada9-d923677ae789,fog,s5,5,0.591698,0.703088,0.879520
d090f4bf-4a0c-4927-8d7c-470e634c283d,gaussian_blur,s5,1,0.374861,0.513991,0.609746
d09c416a-620f-4beb-87d6-afd3de8e4bdf,clean,s4,4,0.976919,0.988263,0.993568
d0a3ed59-b810-4465-8589-e0d3940fa0cb,clean,s4,5,0.666197,0.795348,0.820741
d0ba53da-76c6-45d6-a67c-a073aded3649,shot_noise,s4,0,0.899304,0.946083,0.963672
d0baf72d-c045-4cda-9695-f6d3d20dca15,clean,s5,5,0.867460,0.928546,0.935755
d0c5aeea-a6f0-4a90-8120-8bbc26dd2fa0,clean,s4,3,0.886228,0.937697,0.971550
d0d5888b-78c5-4b8b-8281-8e455f1e5809,shot_noise,s3,3,0.970993,0.985121,0.996144
d0d5d478-53ff-4122-b443-2e4c0c1c0bcc,shot_noise,s4,1,0.950407,0.974187,0.989538
d0d93752-112a-46af-b101-2b7a8f899c3c,shot_noise,s4,1,0.335095,0.491302,0.522971
d0f41833-421c-4d75-8638-1a408af40a41,clean,s4,5,0.890834,0.941847,0.949472
d0f59108-7ee6-41d7-9dd5-b3337bfebe65,shot_noise,s4,3,0.927765,0.962028,0.975723
d1024c0e-300d-4b80-baee-ec037c45829c,shot_noise,s4,1,0.789350,0.873114,0.954478
d10527fa-6add-4721-9560-af85de745bb7,clean,s4,0,0.709289,0.819651,0.886879
d106e98c-e91b-4fcc-8ed0-5a92e1aff103,clean,s3,3,0.766016,0.853365,0.963957
d109c6eb-60cf-455c-8e48-d57a7ddb3090,gaussian_blur,s4,5,0.665951,0.784761,0.867888
d1218f29-8197-473a-985b-35b3e83dcf39,fog,s5,1,0.683741,0.804997,0.848944
d12e751b-fca3-4b26-a36f-777a99651112,fog,s3,1,0.535940,0.612970,0.917217
d144c270-8e0e-4af2-b8c9-d8ebf331e30b,gaussian_blur,s5,5,0.492662,0.659758,0.661152
d14fc2a8-ab0f-4ca0-98d9-dce2bd6eee60,gaussian_blur,s3,0,0.907010,0.949421,0.987159
d15cf6e6-28c1-48e1-a7a6-0820d9e0701e,gaussian_blur,s5,3,0.586694,0.713922,0.828987
d15ecd28-5df3-4a05-a21e-4759d71f136d,shot_noise,s4,0,0.957849,0.978353,0.983893
d15fe70e-b775-48c6-971e-e3d4778c9ee1,fog,s5,4,0.297743,0.454026,0.467723
d160cc71-ab88-433e-b119-f9c23fb9f826,shot_noise,s3,3,0.875743,0.930436,0.981489
d17562bd-aa1c-483c-9536-fb8c041d491b,gaussian_blur,s5,0,0.628609,0.771570,0.773659
d18fe1fa-949a-46f2-9546-aa8887b7e3e6,shot_noise,s4,4,0.732174,0.838644,0.887136
d1965be0-49eb-44bf-b30f-5144165e660b,fog,s5,3,0.977509,0.988607,0.990395
d198258a-0b36-4a99-81ce-99c6631547ff,shot_noise,s4,2,0.500880,0.573887,0.887019
d19a2db3-832e-4804-9d92-f9dd887d5d70,fog,s4,2,0.700435,0.803652,0.926598
d19f0d80-6425-48c1-9ba9-5573b24f86fb,clean,s4,4,0.835270,0.908364,0.930741
d1a96735-0e16-44ad-ad3b-4569d293185e,gaussian_blur,s5,0,0.940570,0.969358,0.969925
d1b0e3b7-e526-4f1d-bbb3-5578b08b71e3,fog,s2,5,0.943807,0.970299,0.997754
d1b525e6-4294-464a-9f21-96180cb21391,shot_noise,s4,0,0.473962,0.618718,0.707093
d1b5c9af-1ee7-40ba-80b9-297ed555b2e0,fog,s4,4,0.864233,0.923866,0.970613
d1e3b113-afa5-44eb-9a10-82b2531ddd9f,gaussian_blur,s4,3,0.948261,0.973277,0.979665
d1e64b26-31be-481e-8663-965b273f4df4,gaussian_blur,s4,1,0.864715,0.925438,0.954428
d1ebd2e5-c6d1-47eb-b986-b2ba22618084,fog,s5,3,0.763498,0.864840,0.873664
d1ecb58a-1696-417e-b640-51084b838c9c,gaussian_blur,s5,1,0.858820,0.922186,0.947989
d1fd6bc8-e354-484d-9f3f-6c0da2a332cf,shot_noise,s5,1,0.568159,0.722330,0.732864
d2009507-55dc-41b9-8b00-4e49b6ccb411,clean,s5,5,0.768061,0.865402,0.894192
d2021bda-804a-4fa4-8039-6932b790c22b,clean,s5,1,0.790811,0.879526,0.913584
d207c70f-e81e-444e-8992-5ccb8692ffa0,shot_noise,s4,1,0.976698,0.988149,0.993508
d20b5fa3-eff9-4fae-bae1-4885e92baeed,fog,s5,4,0.825700,0.904063,0.909392
d213068f-7480-4493-a73f-f94588c4feb4,clean,s4,1,0.731817,0.829203,0.938476
d21dc878-537d-45c9-8aea-d1da1bbf105e,shot_noise,s5,0,0.717650,0.829710,0.870315
d2211af8-577a-4f5e-8477-b280b9f72e50,shot_noise,s2,5,0.512494,0.538331,0.979520
d2304c10-f210-43f5-a6e3-7633c496e67e,shot_noise,s4,1,0.601448,0.732794,0.819749
d23103c7-438a-48bd-a7d1-bc3ffcd61525,clean,s5,1,0.612971,0.756029,0.776542
d23496ea-50b3-4792-bae6-4f21a04e97c0,clean,s4,1,0.641722,0.772080,0.824267
d24bb77d-e7e1-45aa-a723-6941d198b1c1,clean,s5,0,0.686236,0.813599,0.815683
d25121c7-41b8-48a0-89a1-1c6172373b0f,gaussian_blur,s4,4,0.966471,0.982809,0.991110
d259b0fc-7f02-4d2f-8513-670921aadc15,gaussian_blur,s4,1,0.918600,0.956685,0.978085
d260acdb-dda0-4e80-8304-12991b4be095,shot_noise,s5,1,0.858818,0.923483,0.931423
d275fe64-8eb8-46f1-9125-03ed06eb98b2,gaussian_blur,s4,1,0.895484,0.944032,0.959669
d278b88d-5306-4d43-a3a7-99dc39a1a17e,shot_noise,s5,5,0.844970,0.915792,0.918105
d2806d88-5434-4c6f-9afd-fcea8550f0bb,fog,s4,0,0.645979,0.756080,0.903145
d28c4a8b-45a5-4d28-8e1d-ab44656193bf,fog,s4,1,0.969344,0.984341,0.990363
d29260df-a64c-4998-8c79-1a5651f190b5,fog,s4,4,0.952490,0.975513,0.981941
d2943afd-8670-4064-a851-8586ca48e83e,gaussian_blur,s3,2,0.697008,0.797755,0.938638
d29cf311-9ae6-4118-aa2a-fa97dbfcb522,gaussian_blur,s4,3,0.958980,0.978789,0.991850
d2a4f3f8-0ebb-4bb9-8898-b0e7186b9181,gaussian_blur,s5,5,0.433415,0.546008,0.734077
d2a71f32-0273-4f98-9269-07aa44617aad,shot_noise,s4,0,0.883198,0.936875,0.955429
d2a98c65-20b5-47a5-9757-1c3f770eab44,shot_noise,s5,4,0.825388,0.903551,0.912549
d2ade0a1-13d9-42d5-a199-726de2a79974,shot_noise,s5,4,0.890164,0.941800,0.943452
d2b6f085-3b74-4b8b-95e7-3f55bc767d44,shot_noise,s5,2,0.847258,0.917145,0.919356
d2ba3964-feac-44e2-bdb7-b31ff61720cc,gaussian_blur,s4,5,0.881648,0.936347,0.948965
d2c724c2-d5b7-4f49-8285-8267f5b15fc2,clean,s3,3,0.490402,0.602415,0.798087
d2c9c0af-9019-4bbb-a483-cb104f88205f,clean,s4,3,0.785187,0.873752,0.926533
d2d05ffc-f0e5-4aba-b69c-8d039430c89c,gaussian_blur,s4,0,0.660434,0.785272,0.843109
d2d8aae3-d184-4aff-89f6-ca19300dfc3c,shot_noise,s4,1,0.553152,0.690972,0.781297
d2de5523-97fb-4e70-bbf8-8abe7c983ce1,fog,s5,2,0.459234,0.525197,0.848922
d2e6bf9a-6c72-4677-9c38-129f3f5bf7b3,fog,s4,0,0.709233,0.822308,0.872523
d2f0a67c-9000-49bb-8483-7091c2abf03e,fog,s4,3,0.906754,0.950528,0.962594
d2f16c34-fd79-4a72-877a-07e44f3af1e4,fog,s4,1,0.373625,0.524444,0.585117
d2f7d265-fecb-445e-99ab-74e2ca7813b3,gaussian_blur,s5,1,0.560235,0.709337,0.748437
d2faaf7d-12a7-4d37-9d0a-64e2b595cabf,shot_noise,s5,1,0.878046,0.935017,0.935782
d30208ee-ea40-432b-897c-7962a38374db,shot_noise,s4,1,0.792770,0.877395,0.941603
d3115454-1fe1-4b84-be62-3b5778ea65cc,clean,s3,3,0.575348,0.657450,0.943515
d3121a8a-9d7c-4207-9d8f-c4fd4de7b880,shot_noise,s4,5,0.741250,0.836232,0.944017
d32aa749-b375-4b0c-8cdb-efec091b7cfe,shot_noise,s4,2,0.354808,0.415073,0.709616
d332e655-c1a0-4092-9f06-bf17bab98a0f,gaussian_blur,s2,1,0.581259,0.653802,0.970261
d3335352-fa0c-4b0f-a2d3-dab5ae9bc86d,fog,s5,2,0.802848,0.889829,0.898042
d33fce67-7807-4697-b8bf-b7fced771676,fog,s5,0,0.582078,0.733864,0.743264
d344df94-cb9c-4a38-85be-4fe2426efdba,gaussian_blur,s4,4,0.585382,0.733366,0.757632
d3482b17-012c-4962-a0ed-7c88e71948f6,fog,s4,5,0.840017,0.910018,0.946789
d34af3f0-fa35-4427-9f80-51ae5fdee001,shot_noise,s5,4,0.902048,0.948256,0.953260
d34d5f22-2893-474d-a0c0-504a69b0fe29,gaussian_blur,s5,4,0.433443,0.544580,0.736893
d3565c76-cf89-4ac9-ab7c-f5a83fdea479,fog,s5,1,0.800512,0.887962,0.900299
d37597a1-78ae-4c57-b067-91962c547ed7,gaussian_blur,s3,3,0.444324,0.558871,0.743119
d3774c79-9cf5-4d98-b9db-b4adfa76e770,shot_noise,s5,5,0.962722,0.981006,0.981093
d3783b66-6ea4-472d-b99f-a38a06802c38,gaussian_blur,s5,5,0.830915,0.907260,0.911850
d379d7b5-29a0-45df-a06a-74a8ee89cc9c,shot_noise,s4,5,0.717228,0.819042,0.925355
d3848a1c-09be-4b7d-a408-061c34dc1eed,fog,s5,3,0.669908,0.798665,0.820528
d3940b2f-edb4-40c9-ad00-6fde328f9f17,gaussian_blur,s4,2,0.954262,0.976295,0.989297
d39554b2-59ed-4dca-8bf8-ba422920485a,fog,s4,1,0.640349,0.755313,0.884693
d3a20990-b05c-46e8-aeb9-39e81e8b2427,shot_noise,s5,5,0.942991,0.970536,0.974827
d3a50029-d50d-4b03-9fe8-198827917a73,clean,s4,1,0.899304,0.946083,0.963672
d3af28f9-b1a5-463d-b2d7-b1aa5ed44138,shot_noise,s2,2,0.962009,0.980285,0.998467
d3b289e6-7e75-4cda-8a97-7930bb01aefa,fog,s4,4,0.835441,0.907975,0.936080
d3b41c72-0be8-493c-9a1d-a305f832de6f,clean,s4,1,0.974868,0.987195,0.993478
d3b79037-022c-4980-9ff0-db3cb37c6389,shot_noise,s4,0,0.828523,0.903509,0.934330
d3bfacf0-ae64-417f-8b7c-0cac5ddd4248,clean,s5,2,0.944617,0.971430,0.974657
d3c9ea38-e675-4c3d-87c9-b8d7ff84578a,shot_noise,s4,4,0.543607,0.682901,0.771922
d3cb326f-d802-45be-b376-3583f424c052,fog,s5,3,0.667392,0.800021,0.803027
d3cdd11b-f05b-45d0-896a-e89cec9fb6d6,clean,s4,2,0.822005,0.898640,0.938501
d3d0ce07-e232-4732-82bd-7c3e7693dc37,shot_noise,s2,3,0.962177,0.980375,0.998479
d3d2f257-02b9-4397-b938-3a4008311034,clean,s5,3,0.435240,0.573291,0.684343
d3d5b5b7-b148-4599-846e-6d3b286605f8,clean,s5,4,0.910122,0.952772,0.956636
d3d8d237-dc8b-4619-8f7d-9b42fcd94a9b,shot_noise,s4,0,0.688868,0.810640,0.842888
d407a0b1-c8b8-40a2-a6c3-7af0be00566d,shot_noise,s5,0,0.763446,0.865283,0.870123
d41091e2-e0a2-4977-bc9e-72d14d5d99ca,gaussian_blur,s4,3,0.937681,0.967407,0.981083
d41b2eca-a619-4a4a-a37f-48d558a1e85a,gaussian_blur,s4,2,0.975391,0.987472,0.993135
d4238818-7f2a-4a45-bbe7-7bec0b23dc78,fog,s5,0,0.858853,0.923035,0.937483
d42d41bc-90d9-446d-8f76-7b57a23d8429,clean,s3,1,0.726977,0.820849,0.959451
d4412f20-4183-4e82-9578-299f6c31a9e5,gaussian_blur,s3,3,0.875720,0.930324,0.982811
d452ff80-beb3-4d49-a048-0d4e30290441,clean,s5,2,0.543543,0.696278,0.730627
d462a8a8-ac15-4f7c-b368-107125f6b339,gaussian_blur,s5,1,0.979030,0.989386,0.991045
d469fc47-f27a-4ebe-967c-22907cb13fc6,shot_noise,s5,5,0.915406,0.955524,0.962821
d475f511-cf0a-43f7-af50-823daba84c21,clean,s4,5,0.664933,0.784163,0.866336
d48204dd-6a34-4560-969e-093af992d7a1,fog,s5,1,0.877939,0.934962,0.935632
d486591b-95a8-4f2f-b2aa-7ce6208e84f8,shot_noise,s5,2,0.942626,0.970341,0.974661
d4954370-dff8-4d43-9a07-13abc249ddb9,shot_noise,s4,2,0.924316,0.960093,0.975115
d49b9d58-beaa-47d9-8395-5b791f300b67,gaussian_blur,s4,2,0.594884,0.740743,0.766229
d4a15741-59fa-4b49-afd7-cd02bc1e0236,gaussian_blur,s5,2,0.882581,0.937622,0.937744
d4b10757-5746-4145-89d9-20c5865b6f9b,clean,s4,2,0.709014,0.822409,0.870987
d4b4d657-d42c-4944-892d-9bbb5860295a,shot_noise,s3,0,0.912241,0.952633,0.985227
d4c9d71c-6059-432b-a91c-8ff4595290ab,fog,s5,3,0.691997,0.816910,0.823728
d4cc8752-e92e-4de0-ba94-63ae780c0af6,gaussian_blur,s4,5,0.719720,0.823425,0.914011
d4cebda9-d036-44cd-8784-47973d2a9739,shot_noise,s4,3,0.899043,0.945004,0.980192
d4cf6bd9-9397-4047-b077-76679a729924,shot_noise,s5,2,0.896601,0.945482,0.945483
d4d2a00b-e9bb-4526-961a-125888530309,fog,s3,1,0.600338,0.725048,0.841973
d4e8a79e-1a7a-4258-8624-46cdff77c6ea,fog,s3,3,0.779266,0.863560,0.966679
d4f3a171-097e-445f-b43f-de2a0d9ac4a6,gaussian_blur,s4,4,0.663157,0.787345,0.845067
d50d866e-f2fc-444d-89ef-98486bdfff45,gaussian_blur,s3,4,0.941452,0.969139,0.992654
d50f6626-e75a-445b-9d2a-bf142373b24f,gaussian_blur,s5,2,0.664866,0.795071,0.816421
d526eb7b-39e0-42e9-9c56-d6a97fa0c95d,fog,s5,3,0.532240,0.694487,0.695488
d529dc52-1241-4792-8405-286d767eb0bd,clean,s4,0,0.799975,0.884982,0.922708
d52bb6e8-e76e-4465-9e78-2e834034d0a7,fog,s5,5,0.620551,0.760718,0.787307
d53f968f-fb10-4e3c-89ad-be90ad971a04,clean,s4,5,0.832756,0.907482,0.922424
d558a6b3-3861-4733-9104-fc395de59e4b,shot_noise,s4,2,0.942392,0.970079,0.979108
d5618b0e-cbee-42c2-ab56-96e5e94d8731,clean,s5,3,0.922128,0.959113,0.968619
d5649cbd-1dac-4d7e-bc47-6794d1484916,clean,s4,5,0.688868,0.810640,0.842888
d571831a-1ebe-4beb-b002-8f0a8ce85f42,shot_noise,s5,2,0.642631,0.776917,0.807200
d573b278-1ab2-4ecb-8a80-4cbf01e6ba26,clean,s4,0,0.945053,0.971451,0.982246
d585257f-e098-456f-aae3-d945615ca99e,clean,s3,0,0.949124,0.973304,0.996158
d59264aa-f6a0-4d46-9aed-d8a87f64691e,clean,s4,0,0.556665,0.693898,0.784799
d59d6457-ff66-4e75-a6c9-ffdd0d0fb2c2,fog,s5,3,0.638086,0.774142,0.800849
d59fb217-23a4-4541-b13f-35410160743f,gaussian_blur,s3,3,0.529933,0.609077,0.906801
d5a5e738-c487-4899-8886-7b85ab2c6fd3,shot_noise,s4,3,0.691034,0.812412,0.843308
d5a7deb4-7bc1-47f1-bda2-fd32ffd066fa,gaussian_blur,s3,5,0.473621,0.561177,0.828800
d5aca77e-803e-4c73-a405-1e856de5575d,gaussian_blur,s4,1,0.948607,0.973482,0.979061
d5ae12f2-4b23-4049-97c8-0601cfac2f61,shot_noise,s4,2,0.960563,0.979782,0.984960
d5af4a36-3c91-4e76-a230-28a15ab07a2d,shot_noise,s2,4,0.525257,0.562240,0.977728
d5b2a8c9-4755-463a-aab6-1a261cfb5b70,clean,s3,4,0.881606,0.933960,0.984300
d5b745ab-6c5d-49e4-bb67-e49fc695ea79,clean,s5,5,0.763446,0.865283,0.870123
d5c31cf8-320d-4b46-b9c8-59cb1c950970,fog,s4,4,0.893786,0.942754,0.964175
d5d56c35-98e8-42c8-8d6e-ea621da5ad2f,clean,s5,1,0.927488,0.962309,0.964270
d5e65b71-bb50-42ec-a371-c81161691663,fog,s5,1,0.722831,0.837879,0.846773
d5ebea12-9b50-4d74-8e6b-214e708f7ce9,shot_noise,s5,1,0.877500,0.934230,0.942715
d5f07b22-0a45-4e9b-a8ca-de7b24212437,fog,s4,0,0.351096,0.412522,0.702192
d5fe8ddd-681c-4d12-aaa6-9fd45741e349,clean,s3,5,0.725380,0.818176,0.965453
d6034b8d-3981-46c7-bd32-a300797558b0,gaussian_blur,s4,3,0.805590,0.891177,0.902907
d604a501-a392-4fd6-bf77-e154997080f1,gaussian_blur,s3,3,0.902546,0.946592,0.989696
d623b69d-376f-44df-8123-a2e17f66081c,fog,s4,4,0.914782,0.955067,0.965008
d63023ac-d8c5-490f-a317-07a15d93cc71,fog,s4,4,0.951988,0.975166,0.984952
d638f54e-24e0-49b3-be4d-6d4824bf03dc,clean,s4,3,0.513689,0.612761,0.849067
d63a11a9-9843-4337-9848-a657bb170eee,fog,s4,4,0.708384,0.817700,0.892955
d64182c6-1ad3-422a-9cca-c0c0dba7890b,gaussian_blur,s4,5,0.862593,0.924308,0.951600
d64735ac-4f87-4b06-b4be-8a663a7d85a9,gaussian_blur,s5,5,0.823462,0.902439,0.910835
d654032d-8750-4ebc-848b-946b67134bef,gaussian_blur,s5,3,0.636730,0.772860,0.800907
d65718c8-04d5-4cdd-92f4-facdb7807bf4,fog,s4,3,0.617536,0.744085,0.839616
d65cda98-5433-4ac3-8761-32d5dc7c383d,clean,s4,0,0.575516,0.728421,0.738505
d6623bd2-15f6-41cd-81f0-46303c102413,fog,s4,1,0.927791,0.961959,0.977883
d667a466-c6d3-4011-befd-1b69f98de972,fog,s4,2,0.851910,0.916684,0.960243
d66d674d-f1f0-4159-9243-ce222fa45752,clean,s3,4,0.809984,0.886786,0.967726
d6706f85-4cda-4508-b017-efa2b453d026,clean,s5,5,0.597773,0.748187,0.748539
d6825613-69d7-40cb-b9c2-e4886a6225d7,shot_noise,s5,5,0.698484,0.815916,0.858133
d68ec314-b7ad-4cdc-9b1e-fa773d11fb45,gaussian_blur,s3,1,0.926036,0.960400,0.991830
d6907381-0f39-4d4d-a404-167ead2ed2e2,fog,s5,4,0.804173,0.891443,0.891605
d69c98b6-2e20-4004-be3a-2a4531204d23,fog,s2,4,0.865605,0.922708,0.995940
d69e8c3a-d47d-4833-b719-0f8849e778b9,fog,s5,0,0.437071,0.549530,0.738698
d6b327ff-dc5d-432d-83c9-c1e0d6a1dd9e,fog,s3,3,0.713732,0.811374,0.947376
d6b64ccd-a088-460b-b895-05adc75d4243,fog,s4,3,0.950983,0.974727,0.980766
d6bb42bb-226c-4a0d-ae2d-2e36373bd746,shot_noise,s4,3,0.891001,0.940490,0.973766
d6c7d28f-3338-44e8-8f86-07f039778685,gaussian_blur,s3,5,0.677705,0.776810,0.947172
d6d1822f-5fc6-41e6-b15d-72fa3041f0b2,gaussian_blur,s3,4,0.620444,0.742369,0.856603
d6d66fe6-123a-45af-8996-43c7b5f1c158,shot_noise,s5,1,0.888370,0.940638,0.945054
d6db79a3-fe9f-4b91-bba3-2f2d4cc704e0,gaussian_blur,s5,2,0.963212,0.981260,0.981344
d6e4ed7e-4a70-4d63-94e7-13d5e5c0499b,clean,s5,2,0.826418,0.904573,0.909021
d6ecfb5c-72a6-46cf-8df2-1553f03b3336,gaussian_blur,s3,4,0.960387,0.979493,0.994427
d6f3cea4-523c-4837-985a-8aa1472bd20a,shot_noise,s3,1,0.315728,0.456571,0.522912
d703d8ee-41a9-4179-ab99-d2afb54e62a3,fog,s5,5,0.716697,0.834131,0.840043
d70c92d4-d0cd-49b6-9663-ba3c72b9096d,shot_noise,s5,1,0.962519,0.980900,0.980987
d70e4adc-e901-4078-abe0-83d32e339f2f,shot_noise,s4,0,0.359653,0.521143,0.545520
d70f9ac5-f234-4227-b605-be92c5005f1d,clean,s3,0,0.965744,0.982309,0.997512
d71a38ff-14db-4d3f-a033-173179c97535,fog,s5,2,0.949374,0.973942,0.977397
d71efd25-fb54-4e07-bdf5-47282ab3c4f1,fog,s3,2,0.758945,0.847750,0.962821
d7224fcb-cfa1-46b8-b210-e6f1d2e38ea4,shot_noise,s4,3,0.922350,0.958800,0.979184
d726156a-0e9e-4c33-946f-3a553c51b165,fog,s3,2,0.866477,0.924426,0.981874
d726c524-b16c-4dbb-8e62-082dbd12b7c9,shot_noise,s5,1,0.976879,0.988280,0.990347
d7323374-1df5-4e17-9143-3ff1587d2e6d,gaussian_blur,s4,0,0.932734,0.964437,0.986558
d73a244c-9eae-402b-affc-65a135ad2d4a,gaussian_blur,s3,3,0.631998,0.733142,0.929520
d73e8baa-1189-4ec0-8f74-90a1ce98a57a,clean,s4,1,0.868747,0.927046,0.967024
d75179a3-64c0-4cd9-acd9-192ae1b2ae79,fog,s5,4,0.784790,0.878911,0.883626
d756ace2-f0c0-4a6a-bca5-25b0315d826f,shot_noise,s4,0,0.660434,0.785272,0.843109
d757816b-f431-4a87-812a-177043cfb9b4,clean,s4,3,0.513633,0.664796,0.720084
d757ec09-8e74-4746-a3d2-f3ebfc218343,gaussian_blur,s4,2,0.966112,0.982610,0.991610
d75e5ad2-c299-431d-b0e1-1974c0548b0c,fog,s3,4,0.941307,0.968967,0.995524
d767b6a7-9f69-4f84-975b-bf386bfc29c1,shot_noise,s5,4,0.943507,0.970898,0.972121
d76cf5da-f118-46f2-8d83-131cbe570951,shot_noise,s5,1,0.935379,0.966605,0.966776
d77a7aac-7467-4fd7-ae2a-4f68fe0e7bb3,shot_noise,s3,1,0.672396,0.780018,0.913632
d77ae6de-b7d6-4f06-a98d-26b7d06e27bc,shot_noise,s5,5,0.917726,0.956982,0.959796
d77c91f6-3fe9-41b2-8377-2ec42e84c02f,clean,s2,4,0.600900,0.678857,0.974421
d77fb632-41a3-4d7e-aab0-f2c0a2272de9,shot_noise,s4,4,0.620503,0.741517,0.859820
d78936fe-8cc3-4462-9997-83e08dbfb335,clean,s3,2,0.907010,0.949421,0.987159
d78b4d7a-d8fe-4049-90e0-57cc2703890d,shot_noise,s5,3,0.945805,0.972116,0.973285
d7904999-c810-4f73-a4ab-77aeb458657d,shot_noise,s4,4,0.982074,0.990925,0.994307
d7a4b0a5-41a9-4ad0-962e-29a8b5a3a7ea,gaussian_blur,s5,1,0.903634,0.949374,0.949462
d7b26f99-de6a-4d98-805a-955dcfef2ebf,fog,s4,2,0.896173,0.943763,0.971579
d7bbcea0-aa45-4511-8927-9c1eda04372f,shot_noise,s3,0,0.795457,0.874666,0.977124
d7d23638-2693-4d2e-bf6e-ce2814f4def8,shot_noise,s5,3,0.876009,0.933859,0.934631
d7d333f8-ce01-4921-b119-659183bc363c,fog,s4,3,0.566095,0.703322,0.789056
d7d89cdb-7093-44f6-b57f-da0f0ca102c9,clean,s5,0,0.948805,0.973722,0.974029
d7dacf9e-075a-4236-9cb7-f5626d1a82a1,fog,s4,3,0.530873,0.671773,0.759922
d7ee2a21-c162-42c6-b593-ff88e1b64b46,gaussian_blur,s4,4,0.564666,0.668879,0.881512
d7f821ef-f939-4203-85d1-d071243965e6,fog,s5,3,0.909815,0.952532,0.957970
d7fffae5-bea0-4c27-bc76-d3dfe505d0af,clean,s5,3,0.372149,0.512515,0.603803
d81398f9-1c99-4dfb-95f6-54ce724720c2,shot_noise,s4,1,0.839207,0.909975,0.941451
d81917bc-8c28-4135-b071-d62cdce8397f,shot_noise,s4,4,0.960039,0.979355,0.992072
d81c1ded-d34d-44c4-b1db-4cad0f1a50c6,gaussian_blur,s5,1,0.645102,0.781810,0.795544
d8226c2d-e20f-4540-984b-da1f37399193,clean,s4,5,0.885747,0.938870,0.948282
d827c447-ca34-46fd-afd8-cd55ec007779,clean,s5,3,0.834246,0.909450,0.911664
d831439b-0a90-4182-8fc3-df551d892c04,fog,s4,2,0.957399,0.977943,0.991538
d8477c48-e989-4f6d-a188-6bf2f1898dbd,gaussian_blur,s4,5,0.948256,0.973157,0.983989
d84a1e3e-e8b8-4a9f-ac16-a07d8620937b,shot_noise,s5,0,0.597773,0.748187,0.748539
d84b1231-d853-4e51-b14a-4a31f0fa37db,gaussian_blur,s5,3,0.816154,0.898379,0.902643
d85ae06e-660e-4601-98b4-d548be30e954,shot_noise,s4,4,0.948022,0.973150,0.979569
d85e101f-152c-476a-ad7b-bbd4cdafddbd,fog,s5,4,0.164031,0.273470,0.293342
d8602a8b-6d8a-4950-9008-907d60385c0a,shot_noise,s4,1,0.961812,0.980384,0.988179
d86123b8-6b50-416e-8275-f9403ae45e49,fog,s4,1,0.391316,0.454618,0.760345
d86cca65-1fb1-4ac9-9d18-51abda4eb904,fog,s4,4,0.685246,0.791167,0.918878
d86d4755-91b5-41f2-992b-f551c40636ab,clean,s4,0,0.473962,0.618718,0.707093
d87be6af-4879-4430-ba24-1811e67ccc3c,clean,s4,2,0.735292,0.840795,0.889301
d888ffec-7709-4149-8bb4-bce47949221e,fog,s4,2,0.373946,0.532905,0.568816
d891b178-e47b-4dba-8214-5e14c4e9fc68,clean,s4,5,0.704664,0.815583,0.887291
d89fd58b-887b-4c21-ae95-c84facaea8a2,shot_noise,s3,5,0.918181,0.955964,0.988721
d8a560db-235d-430e-b2ed-4a1e38780851,clean,s5,0,0.973546,0.986594,0.986709
d8a780af-7e42-43ba-960c-eed3a5777162,gaussian_blur,s5,2,0.886175,0.939653,0.939653
d8b1bdb9-654c-406e-842e-53464615a920,gaussian_blur,s5,2,0.910409,0.953060,0.954039
d8bbe41f-11c8-4dfe-afbf-7b7ccbf8c469,clean,s4,4,0.817214,0.893841,0.951909
d8d6fc82-f2eb-4174-bb58-a1379dfbe614,fog,s5,5,0.676972,0.807057,0.809018
d8dc4100-c486-42ee-8692-63e9241a4e7b,clean,s5,5,0.686236,0.813599,0.815683
d8e277a3-1d74-4e19-9892-5e64e40a4d91,shot_noise,s4,1,0.915301,0.955197,0.968731
d8e5cff7-9d6e-4d87-b5de-1fc890d198e2,fog,s3,5,0.599895,0.708261,0.892708
d8e7945a-de5a-450e-acfe-ed8ad336ea27,shot_noise,s2,0,0.727378,0.815265,0.987847
d8ea4081-6fa2-4bda-b4b1-32657ed9601d,clean,s3,0,0.795457,0.874666,0.977124
d8edff78-726d-49d9-9b47-e3e4d01c61de,clean,s3,4,0.459728,0.479019,0.919455
d8ee592f-bf17-4299-9d88-dbd3f8038012,fog,s4,0,0.823854,0.901769,0.920240
d8f996ce-4c91-4152-9608-b219218a924d,gaussian_blur,s5,0,0.636165,0.772158,0.801643
d917343d-41b3-4d79-b616-bd639ce3ecd2,shot_noise,s5,1,0.952734,0.975759,0.977254
d91e7d58-61cf-418a-bf10-74ed9a3ce9d1,shot_noise,s2,5,0.705804,0.796707,0.979163
d91f9fe3-ae14-47da-8cc5-95cb206c8b2a,gaussian_blur,s4,4,0.925140,0.960553,0.975349
d923c57b-8433-4341-929b-779ecd88eea8,shot_noise,s2,5,0.960171,0.979293,0.998389
d92e39fc-d592-4a31-9ebf-6f7d89429811,clean,s3,5,0.896592,0.943002,0.988903
d936f812-152d-4348-b9ae-e93dfe46baad,clean,s5,0,0.953872,0.976350,0.978131
d93d6e13-9c1b-47c1-a14a-00aaa2656521,clean,s4,4,0.556665,0.693898,0.784799
d93d77ec-d091-4492-9eaf-08580c85ad6a,fog,s4,4,0.941974,0.969936,0.976219
d93e8659-5bd6-43a5-a0a5-2f61c7c88871,shot_noise,s5,0,0.645169,0.778397,0.811045
d93eef1a-0cd9-45cb-9a41-e419684efc25,gaussian_blur,s5,3,0.755145,0.859846,0.865115
d95a9de7-bc46-4e99-aba1-aa8b96f6ff50,clean,s4,0,0.516261,0.633955,0.809397
d95e238a-a879-4504-88c6-b797043ca957,gaussian_blur,s4,5,0.372566,0.447229,0.715905
d9675b2a-6159-4420-ba9a-c4643dc51a22,fog,s4,1,0.459714,0.605712,0.691136
d96c0d67-9bf4-403d-b798-7d11f5751df7,gaussian_blur,s3,5,0.779297,0.864458,0.960822
d9741b31-9c3d-4a6f-a0be-1edca1b646b1,fog,s5,4,0.941264,0.969732,0.970109
d974d6c9-9e03-43c4-8871-8d1f0157b1d7,shot_noise,s5,0,0.543850,0.704521,0.704592
d97bcf0d-fc97-4d16-9c6b-82baf80e9876,shot_noise,s4,4,0.902850,0.947864,0.969685
d97fbe54-c0f5-4c16-b1bd-1cc0d71b9685,fog,s5,0,0.764145,0.866170,0.867327
d9848891-422c-4d5f-b1b0-754942725783,clean,s4,2,0.975647,0.987600,0.993612
d998ab15-bdce-4a7c-9699-5070d9cebe9a,fog,s5,5,0.905848,0.950327,0.956072
d9a497d9-b1f4-4d34-bcda-fcad9e382088,shot_noise,s5,4,0.964525,0.981936,0.982283
d9acd119-6abd-4fdf-a97a-b54e7f5eee81,fog,s5,3,0.626141,0.765024,0.791672
d9c30c12-4edc-4c0b-9ad3-ff8151712d34,gaussian_blur,s5,3,0.855238,0.921810,0.924039
d9ce0102-7d62-4031-8257-814eb4d12a85,shot_noise,s5,2,0.903290,0.949166,0.949613
d9dcccd9-8119-48b2-b10d-ca08477fe4cb,gaussian_blur,s5,5,0.594904,0.719295,0.841165
d9dd2a74-9c1c-4b83-b8f9-4a57680e818c,shot_noise,s5,0,0.285316,0.425276,0.476474
d9ed3d91-f100-4a1f-b10f-79a7877e0f2e,gaussian_blur,s5,5,0.824035,0.902386,0.915248
da05590b-c2d6-4fcd-8180-8e509bf57eee,fog,s4,1,0.972509,0.985969,0.992768
da0a4728-c3d1-47fb-bcbb-0ec4ded72349,clean,s5,4,0.919130,0.957668,0.962421
da0d366b-d3c4-4de3-88ec-35854ff60f6f,fog,s4,5,0.766445,0.865632,0.883788
da0e0460-c6e3-4356-9290-768305d07a9e,gaussian_blur,s4,0,0.793766,0.876318,0.955443
da10f4e2-7e4d-42a7-af85-d7abd9b4a553,fog,s3,3,0.696319,0.797085,0.938719
da1112a3-7855-4b1f-8e85-b1fb97b80491,clean,s2,0,0.810433,0.884254,0.990661
da18ca3d-ac53-4d1a-87c2-67aebbf9abbd,fog,s2,4,0.454761,0.526873,0.833035
da1d4062-58a4-4f7b-8ec4-b8b716de3f74,clean,s5,1,0.787276,0.880315,0.886525
da273f53-c440-4d3e-bf3e-66b7a3e2c3b9,gaussian_blur,s5,4,0.514862,0.648177,0.769483
da367f3b-2130-4da9-a19b-9c82b5c7af27,fog,s5,2,0.859499,0.923979,0.930523
da3fe6a5-c9fd-4a94-a592-703959c1c006,fog,s4,5,0.910096,0.952139,0.969520
da4bd0ff-0b70-4080-8e1b-6af9677539b2,clean,s4,2,0.916716,0.955425,0.981755
da4bee9b-0688-4638-8019-4a9f347b567b,gaussian_blur,s5,2,0.970967,0.985261,0.985861
da5168c4-bc41-4db9-a528-972b58c1715c,clean,s4,3,0.394990,0.451338,0.775825
da59d4ce-4160-45bc-8fe2-16a5b57cf6e2,clean,s5,4,0.979206,0.989489,0.989931
da639bcb-1cac-42d8-a8a2-235420e98a11,clean,s3,5,0.914192,0.953737,0.986197
da79d905-d8cf-4be0-8447-705fe2ccd935,shot_noise,s4,2,0.745388,0.850661,0.877306
da7b2365-b9a5-4cba-a395-5495f8397385,clean,s3,1,0.912241,0.952633,0.985227
da7e35a1-f553-4d7e-9dfd-bce9f317a0f6,gaussian_blur,s4,0,0.915315,0.955221,0.968398
da84f586-0901-40c7-94c1-bf322fb2fdd4,shot_noise,s5,0,0.768061,0.865402,0.894192
da8a4d3a-2f59-4120-84b9-4ee8ce01f979,clean,s5,4,0.764885,0.865835,0.873844
da8ca6b3-f23f-4dc8-a898-96f4b8a25ad4,fog,s5,3,0.887495,0.940164,0.944240
da9d30d9-4e98-4282-b940-b02d17731807,gaussian_blur,s5,0,0.781770,0.875632,0.892704
daa1d476-0676-4b59-9907-a497f197775c,fog,s2,4,0.945858,0.971443,0.997838
daa5f052-865f-413c-9f9e-c759c9dfdb1e,fog,s5,5,0.969240,0.984378,0.984511
daa7fbb4-a855-4e79-8d30-d4af9be7063e,fog,s5,5,0.731983,0.844168,0.852227
daa84b62-c4fc-4d9b-9037-d838776b7aa1,gaussian_blur,s5,3,0.494471,0.661463,0.662535
daaf20ec-f392-41f9-84e4-2dd554b403d1,gaussian_blur,s4,4,0.628684,0.744442,0.879909
dad28797-c004-4109-ab0b-1566cb77253f,clean,s5,1,0.910122,0.952772,0.956636
dadce8eb-440f-469e-8c73-7a4b8f721cb8,fog,s4,2,0.920484,0.957966,0.973579
dae6e18f-7bf0-416c-8025-ed893d4c62ee,fog,s5,3,0.932909,0.965227,0.967099
daea2a07-4354-4ca3-90e4-87c99cbb989d,shot_noise,s5,0,0.943626,0.970944,0.972783
daef95ae-09a9-45f1-a978-7e4c0b0f3d1d,shot_noise,s2,3,0.537368,0.577497,0.986832
daeffb6b-a237-42b0-ac0e-1a41730ccec3,fog,s3,3,0.430381,0.554912,0.707051
daff8e27-93a0-42a7-bf56-0478a5dbb773,gaussian_blur,s5,1,0.342411,0.409537,0.680528
db196cff-e4b5-402d-914f-89c1b5dc800b,shot_noise,s5,3,0.401214,0.475902,0.757295
db21a294-ccc3-499f-8063-fede1ba32fc2,gaussian_blur,s4,3,0.898194,0.945551,0.961343
db3dc5c1-4e2a-4f2f-bbf1-8584930123d2,fog,s2,0,0.890884,0.938966,0.996824
db4718da-c97a-4a18-b93f-88fee41a98bf,gaussian_blur,s5,0,0.943626,0.970944,0.972783
db4cfb7e-f787-406d-a226-b13528f6864d,shot_noise,s4,0,0.932734,0.964437,0.986558
db50e458-4b81-4aad-a986-8de04608bd2c,clean,s5,1,0.911703,0.953800,0.954076
db54a183-8bbf-4fba-be48-b58821ba5475,fog,s5,4,0.810914,0.894653,0.904430
db5efb5f-ae0c-41f6-a49e-7f8007c10c0a,shot_noise,s4,2,0.667922,0.786509,0.868325
db5fc443-0b00-4f32-8198-e0bf5c8d0368,shot_noise,s5,0,0.880398,0.936270,0.938356
db6e133d-0c1f-425d-86d7-50435850cb8a,fog,s5,2,0.978751,0.989243,0.990933
db707f6e-6924-4b08-84a4-e71e05b0c3a4,fog,s5,2,0.388944,0.551149,0.579904
db75254c-d646-4111-b746-3eb457305ae3,shot_noise,s5,0,0.851225,0.919634,0.919643
db7b9347-26a2-45c7-819c-7e508494a874,fog,s4,0,0.513633,0.664796,0.720084
db9c4c92-d3f1-4da8-ad0a-1b6a836340ad,shot_noise,s4,4,0.979118,0.989409,0.993255
dba53640-b77b-4243-9f9c-071f0671a809,shot_noise,s3,3,0.896037,0.943177,0.980210
dbad79e0-2336-439b-bab8-cd424b73c07e,gaussian_blur,s4,1,0.382199,0.541498,0.578181
dbb8e355-299b-4d4e-8934-9ce70e3dd3dd,clean,s5,2,0.913790,0.954907,0.955976
dbbdfc22-20f9-4896-a7c7-ee15b36d5b77,clean,s3,4,0.575348,0.657450,0.943515
dbd7d3b9-a941-4e53-ab20-2eaea5cbb1ce,clean,s5,1,0.781026,0.874837,0.894752
dbdb28ea-8ea2-4b0c-88bc-6921da3e0282,shot_noise,s3,2,0.768247,0.855106,0.964389
dbe126f5-2255-4bd4-8570-ec79220de24c,gaussian_blur,s5,5,0.782365,0.877895,0.877899
dbe17fd3-652e-4851-a90f-8076dd7d83a6,fog,s5,1,0.836098,0.909978,0.919131
dbe236bb-4dd6-41da-b30f-fa2674eaff1e,fog,s5,0,0.854888,0.921349,0.927099
dbe397fb-333a-498a-8f9c-add630b7f206,shot_noise,s5,1,0.926453,0.961750,0.963730
dbf09a57-464e-4bf8-aca0-84de7403fed4,gaussian_blur,s3,4,0.917158,0.955439,0.987088
dc1e70b1-163a-4f86-a7b3-d462ffbff02c,fog,s2,2,0.456402,0.530240,0.832203
dc279ee9-ce0f-4560-8c6b-76bae78fac4d,fog,s4,0,0.375219,0.535107,0.568443
dc27cff4-77ad-4a3a-a0e8-dbe156bc5fda,clean,s3,5,0.926501,0.960816,0.988187
dc3235ca-8565-4b04-b8e7-5c14cbe86e45,fog,s4,1,0.978785,0.989252,0.991760
dc344c57-e669-42e3-a59f-636f25eea90d,shot_noise,s5,4,0.896798,0.945590,0.945627
dc353e1c-03af-44cf-be3e-be8540d09407,shot_noise,s4,2,0.975368,0.987455,0.993544
dc3ba8ac-c6d2-4fba-8de7-4166a09b0e57,shot_noise,s5,5,0.604030,0.724970,0.855568
dc40da52-5f62-4236-931a-b6a29ece8017,shot_noise,s5,1,0.911118,0.953490,0.953536
dc64e975-b95d-4829-9e7f-ac203d207725,fog,s4,1,0.903283,0.948456,0.963303
dc67baa9-ed6e-4e40-a6cb-7d178430de76,clean,s4,4,0.375219,0.535107,0.568443
dc6f1bce-51c8-4ca6-8859-399e3943c7b9,gaussian_blur,s5,5,0.965886,0.982641,0.983008
dc763378-475f-4aaa-abfd-e9dc6e52f22d,fog,s5,4,0.460809,0.630459,0.632075
dc763d35-9055-4735-9ef6-244394681e73,gaussian_blur,s4,0,0.359653,0.521143,0.545520
dcb91068-65c0-4cdb-a248-e5e418204fe7,fog,s5,5,0.867607,0.928515,0.937445
dcc1c219-e6db-4974-9d89-599a9b6225ad,clean,s4,2,0.974868,0.987195,0.993478
dcc5aaf0-9637-4b9a-b3fd-5c74f37ccde0,fog,s4,5,0.918389,0.956452,0.980581
dcc868a0-2e2b-4c2c-8f37-a529230c430e,clean,s5,2,0.597773,0.748187,0.748539
dcedc9c3-c668-40b6-a32c-095cbdc56088,clean,s5,5,0.944617,0.971430,0.974657
dcf56175-b1df-40f0-b30b-af6d41bf0ebd,gaussian_blur,s4,4,0.672878,0.795824,0.846731
dd0543cb-605f-4d0d-b4e4-0cb1527c10e2,fog,s5,1,0.653514,0.786405,0.809416
dd098ec5-d66b-4119-8d18-1fd8b61cea23,fog,s4,0,0.883198,0.936875,0.955429
dd1b57a8-5c47-4d8f-b81e-1cded6d5edd6,shot_noise,s4,1,0.707035,0.817401,0.888492
dd20b52f-64e6-4600-b449-543c6ff41e8c,shot_noise,s4,5,0.735083,0.840894,0.887685
dd310a46-62d2-4d48-94cd-13267fe7843b,fog,s4,2,0.937338,0.967065,0.985575
dd3ce56f-9dc6-4d8f-aea0-c6455795bd47,shot_noise,s4,2,0.982881,0.991331,0.995508
dd40b4b9-7e27-4241-88ed-06054f96d03f,fog,s4,0,0.832756,0.907482,0.922424
dd495a38-e2a7-4aa9-878d-f879d9b8df00,shot_noise,s5,1,0.824465,0.903409,0.907718
dd6ae68a-8b56-46f2-a1e9-65babbe1c6e9,fog,s3,3,0.926576,0.960711,0.991880
dd80b4c0-2791-46e2-b4b1-52e42d639a19,gaussian_blur,s4,1,0.926103,0.961090,0.975627
dd87b227-81ad-435f-b35d-9e1eb6c5b820,clean,s4,5,0.351096,0.412522,0.702192
dd8c6b96-81e1-4ab8-8930-07b5043a6202,fog,s5,3,0.922011,0.959316,0.962067
dd92ed57-1be2-4116-9183-9a801988ed46,fog,s4,0,0.838664,0.910349,0.933504
dd957fb1-bc7a-4da1-9095-da3e8707ab1d,clean,s5,4,0.953872,0.976350,0.978131
dda329f1-4e6e-442f-a1d8-d627692ee22f,shot_noise,s5,4,0.918187,0.957149,0.962018
ddab11ea-810b-400e-a3fe-b899185582e1,clean,s5,5,0.945124,0.971680,0.975613
ddc7f51e-2d9d-4b04-bba2-05d3551b7194,gaussian_blur,s5,4,0.597564,0.747411,0.750795
ddcd4a8f-0916-4d40-9aee-495b729e081a,shot_noise,s4,2,0.903234,0.948443,0.963013
dddaf72c-a717-459f-8cdc-033af7a7ed1f,gaussian_blur,s4,0,0.944368,0.971144,0.979855
dde036ca-ff6a-405e-b1aa-a08bcb6dfda0,clean,s3,4,0.469371,0.484201,0.938741
ddf2583e-0a6f-46e7-b827-96c9032465c9,shot_noise,s5,4,0.941168,0.969566,0.973848
ddfcd37c-cc9e-4844-8c9d-7d0b221cc9f1,clean,s5,5,0.927488,0.962309,0.964270
de051f89-3432-4b62-8d13-eb595405a718,clean,s3,5,0.469371,0.484201,0.938741
de05e5f3-7917-4f07-836f-ca69db315443,shot_noise,s4,5,0.503764,0.618758,0.804421
de29cc21-b210-4ccd-a784-11412ccd5375,shot_noise,s4,3,0.981738,0.990753,0.994200
de2f3a83-ca47-4226-abd0-9555d02b677a,clean,s3,5,0.795457,0.874666,0.977124
de3db2e5-1f67-43b2-831f-007fa9e9524a,fog,s4,2,0.794026,0.880365,0.925515
de43672e-18a8-466f-b4b9-01d2e6210875,shot_noise,s4,2,0.881530,0.935343,0.963200
de4425cc-da41-46e0-847b-9aa2223764c8,shot_noise,s4,0,0.952141,0.975125,0.989904
de49eb63-207c-4fe3-889f-f7c95bffdc62,clean,s4,1,0.883198,0.936875,0.955429
de58d999-3340-458e-888e-008044557d68,shot_noise,s4,4,0.948377,0.973087,0.989039
de59967f-e143-4910-9859-0454dc8feb85,gaussian_blur,s5,2,0.838401,0.910753,0.927163
de700278-df9c-483f-9167-04f90bd8ba29,fog,s4,1,0.743196,0.837510,0.946059
de7f53b4-5585-485b-a4a8-a488e0a0fc8b,gaussian_blur,s3,4,0.902900,0.946826,0.989344
de82f838-926f-4fbd-9c20-5916f1ff7e89,shot_noise,s5,5,0.981764,0.990793,0.991301
de888a24-8989-43bd-acf5-7ba9a0122547,gaussian_blur,s3,2,0.895807,0.942722,0.985520
de9ea69e-924c-45d5-b21e-f82fe2f68b7f,clean,s5,1,0.913790,0.954907,0.955976
deb289b9-48c1-4135-9975-4d8963b34522,gaussian_blur,s5,0,0.929607,0.963512,0.963718
deb837aa-5a72-40d5-92c0-10971fc0455f,clean,s4,5,0.882282,0.935787,0.963509
deb8de0f-a349-4ccd-bd6d-955f3ee7d808,gaussian_blur,s5,3,0.941214,0.969586,0.974016
deb8f535-f5f9-47f9-b8ef-1740cebd7e4f,gaussian_blur,s5,3,0.803525,0.890391,0.897164
dec57233-b85e-47ba-8989-a9dd6817a074,fog,s5,4,0.862120,0.925822,0.927757
ded2b2eb-7275-43eb-8f6d-6acdccf268da,shot_noise,s4,2,0.433950,0.511190,0.797682
ded7c3a5-b33e-4c33-8f68-1a1204421ee3,shot_noise,s5,2,0.847785,0.917339,0.921061
dedb0eb4-8e75-4c20-ba1b-de514218f00b,fog,s3,1,0.800662,0.879267,0.972374
dedfc988-90a3-43ff-92e4-352af11c81b5,shot_noise,s5,4,0.356867,0.434307,0.688133
dee36bd7-07fa-4eee-89dd-2c4f05f198b3,shot_noise,s4,3,0.935367,0.966097,0.981584
dee601a7-29c4-4f13-ace8-b48967eeb477,clean,s3,4,0.805335,0.883025,0.970373
dee64643-cb95-402e-831a-f0dcfe902e1a,shot_noise,s5,2,0.923068,0.959816,0.964453
dee6d1b0-3130-4316-ae78-1e205d253da3,shot_noise,s4,2,0.812700,0.893330,0.928024
def6b016-6525-4fc0-ab50-71299421821f,clean,s4,2,0.745914,0.851037,0.877506
defa8b3c-d503-4dcd-9974-65406daaf718,gaussian_blur,s4,1,0.363501,0.420962,0.727003
df0d213c-4c40-4da2-ad1c-b1cb4599f89d,gaussian_blur,s5,1,0.935683,0.966627,0.971131
df0ee3b7-937b-47bb-9046-3af32b18e6f2,gaussian_blur,s4,4,0.963952,0.981471,0.991039
df114ddb-a3e6-4d09-8a1d-cf5b92411ec0,gaussian_blur,s5,5,0.860230,0.924708,0.926938
df149d6c-ba90-4597-8717-735744e84f98,gaussian_blur,s3,0,0.971599,0.985457,0.995076
df25630f-17bd-4f33-913a-85791248a071,shot_noise,s5,2,0.633161,0.768750,0.804053
df2bbacc-9c9b-4df5-8708-ebec91fa9445,gaussian_blur,s4,0,0.817214,0.893841,0.951909
df3dbba7-86b7-4e12-8c48-9a26e6022fcc,shot_noise,s5,1,0.789226,0.880055,0.900066
df47f38a-7b57-4a68-b8f4-62c39da28f55,clean,s5,2,0.945104,0.971758,0.972480
df484184-959d-49c5-92fd-401f292299e3,clean,s5,4,0.903594,0.949069,0.954985
df495ba3-0af9-4054-804a-08eabba468bb,fog,s4,3,0.416410,0.569499,0.630907
df54d934-150b-466b-8bf3-bd7f2d096107,fog,s3,0,0.949124,0.973304,0.996158
df56b044-7276-4a0a-92b5-ba786fb4de47,fog,s4,5,0.852840,0.919352,0.935755
df6e746c-ca85-4574-88fd-fc27ce4c371c,shot_noise,s4,5,0.850957,0.917925,0.938400
df83a293-6ec4-41f7-8333-d69031e0c6cb,fog,s5,0,0.507072,0.640603,0.762853
df8b2238-9c2e-473e-8b38-31a95224bf61,fog,s2,0,0.935511,0.965629,0.997280
df8bda80-4333-4828-86be-bc36ba4c4932,clean,s4,3,0.820616,0.895690,0.956885
df91cf2e-6888-415a-a64d-2e8ffabb68ee,gaussian_blur,s4,5,0.630568,0.758950,0.833520
df94930f-a3e8-4d50-86a9-96ab441c3be7,fog,s5,1,0.629853,0.765425,0.804740
df98a764-11bd-4440-b725-1e990751cdea,fog,s4,2,0.809990,0.893540,0.908934
df99c01e-163b-4e5f-966e-08c220943609,clean,s5,3,0.953872,0.976350,0.978131
dfb99b6d-05b4-439e-b4ec-43f7317f57d8,gaussian_blur,s5,2,0.979760,0.989771,0.990341
dfd86540-f4fa-4225-bd6c-f1b75c2b839c,clean,s3,0,0.837148,0.906146,0.966869
dfdb3d02-2595-42d5-93aa-f54ba03afa7e,shot_noise,s5,1,0.555869,0.707430,0.738863
dfe2c109-a245-4262-b140-bd2a5e0c9163,fog,s3,4,0.778199,0.865420,0.948432
dfe98958-9da9-46e8-9b5f-1728d654e8f4,gaussian_blur,s4,0,0.709289,0.819651,0.886879
dff37a3f-eea1-4c0c-a99d-79e923af4923,gaussian_blur,s5,2,0.820548,0.901382,0.901920
dff6473a-fb94-48e2-b963-6c66ee7d7c4c,shot_noise,s5,4,0.987231,0.993567,0.994725
dff7bfff-b14d-47b4-871c-9540d3fa6f75,gaussian_blur,s5,1,0.777884,0.872610,0.894360
dffdb8b1-c2a3-4a11-874a-c418bc9a0a1d,shot_noise,s3,2,0.950163,0.973875,0.996246
e014328a-ddb1-47e9-88fa-950888b580ca,fog,s5,4,0.818008,0.898983,0.908928
e0171213-8947-46fd-9118-3e3a352f97ed,clean,s2,3,0.894110,0.940984,0.996805
e01957bb-1830-4164-9884-fe30bdaf059e,shot_noise,s2,2,0.833008,0.900205,0.996005
e01b43d8-0a3d-4ab7-aff8-0bc51561215a,fog,s4,3,0.705217,0.816590,0.884587
e01e3eda-d45f-401b-a162-b3050bbcc0ac,clean,s3,1,0.697593,0.798074,0.939662
e0242de8-1e3d-49ef-8eda-a4842e6a00cf,shot_noise,s5,0,0.505525,0.671237,0.672541
e027eae3-eb0e-4eed-9fdf-e6a2869dea91,shot_noise,s3,1,0.900185,0.945632,0.981291
e029afb1-40ba-4580-88ad-9093ad08d2db,gaussian_blur,s4,4,0.960891,0.979864,0.989585
e02e36d0-0940-4941-a986-1e491ddcc976,fog,s5,2,0.426684,0.598145,0.598156
e032439d-b688-42eb-993e-2b2b7e2f6e1d,shot_noise,s5,1,0.753679,0.857859,0.871371
e0372878-6bc4-42da-9acc-c794f9534a8c,fog,s4,0,0.664933,0.784163,0.866336
e039f6b1-9048-4f33-8d50-4d61252ed2a5,shot_noise,s5,2,0.873788,0.932303,0.937675
e0501f04-9eef-4410-8c5b-3f7296b02c2f,fog,s5,4,0.459321,0.593502,0.718054
e06151b1-4260-4931-8fd4-d3e4df38619e,clean,s4,1,0.578198,0.708181,0.816862
e0633712-2b66-4309-b7fc-9cd9abc7a2d2,gaussian_blur,s4,5,0.940614,0.969049,0.980689
e07625b5-6085-4a3f-9dba-7f2c13ac1a35,gaussian_blur,s3,4,0.531053,0.608273,0.911813
e07ec8c4-0aa8-4b7d-9b15-f1ab5801373f,gaussian_blur,s4,0,0.578198,0.708181,0.816862
e07f0c38-d11f-4452-ae95-aaa43a7f94c2,fog,s4,5,0.820650,0.895997,0.954319
e0857f45-18e4-4b3f-b798-fa5e909beeb0,gaussian_blur,s3,3,0.423451,0.473231,0.826059
e088787e-a81c-4ba7-806e-5d65f7bccd39,fog,s4,3,0.831713,0.903500,0.956066
e08b6300-2e54-4b50-8cbb-1ddd6fb70225,clean,s3,1,0.407163,0.533500,0.675595
e091a292-e8b0-4ff3-b241-e738e805ced5,gaussian_blur,s1,4,0.860403,0.918980,0.998823
e0923114-f2ae-45b2-b17d-18a3ab9c20f6,shot_noise,s3,2,0.709074,0.803581,0.963135
e09dbe13-7fcf-42f5-aaea-2122e39605fb,fog,s5,5,0.747531,0.854456,0.862896
e0a5342b-d999-4282-8d53-bdf444941c68,shot_noise,s4,2,0.596703,0.744901,0.757291
e0a83fd3-5ab4-43ee-9545-1536fdd6ed78,shot_noise,s4,0,0.421054,0.457144,0.842108
e0ad8583-fd11-4cae-9f4e-29b47932a85d,gaussian_blur,s4,3,0.403241,0.464005,0.781302
e0b534e3-5b19-46a7-98a1-02c232ccf2e9,gaussian_blur,s4,3,0.894713,0.942435,0.979099
e0bc4aa1-09fb-4357-998d-93bdd2582ede,clean,s5,3,0.718428,0.833977,0.849205
e0beec9f-f4a1-473f-960d-dcfa5cc5f423,gaussian_blur,s4,3,0.762528,0.859222,0.908203
e0c14f78-1925-4ce1-a89c-a0f5c61ab4f3,gaussian_blur,s4,1,0.976224,0.987898,0.993775
e0c2a404-a934-4abc-8394-3394814ac731,gaussian_blur,s4,4,0.863299,0.925302,0.944485
e0c3f17a-8398-48b6-a0c6-5733e475c018,shot_noise,s3,4,0.697967,0.798384,0.939852
e0cc53d6-a676-4c4b-bb7d-548108b73f43,shot_noise,s5,2,0.938296,0.968148,0.968720
e0d531b1-9d15-440f-b15d-d6c7df91b358,gaussian_blur,s5,4,0.472377,0.624174,0.688160
e0d783e7-1b7b-4495-8cc4-6ee622e3abd3,clean,s5,4,0.905823,0.950582,0.950635
e0e1f957-2e07-449e-a8a0-ac141603c4de,fog,s5,5,0.888073,0.940494,0.944498
e0e7e016-77b7-4085-b362-164f256b0e6b,clean,s3,3,0.813377,0.888240,0.976231
e0eb94d2-5bf6-4b27-8300-df1caacc7005,gaussian_blur,s5,2,0.713463,0.831555,0.840004
e0ee4357-2c7b-4fc9-b5fe-19018ed135b8,clean,s4,2,0.906704,0.950407,0.964427
e0f44e8f-9389-4561-9c42-7877e0c9bd62,fog,s3,4,0.938686,0.967493,0.995438
e0f643de-46ab-4ee7-b9f0-47166f4bded0,gaussian_blur,s4,0,0.709233,0.822308,0.872523
e10814a4-4d21-4eb5-bbbf-29ea3965f8f1,gaussian_blur,s4,3,0.420679,0.456922,0.841357
e1094f87-4243-4ed4-a5f0-abd0bd1e69c4,clean,s5,3,0.898551,0.946565,0.946565
e119c857-0ac6-4917-8a24-eecde9e57898,fog,s4,3,0.922980,0.959363,0.974329
e1280aa8-6b81-4342-a8a3-a5de7afc4c1d,gaussian_blur,s2,4,0.932891,0.964137,0.997163
e1291fd9-68ed-4cad-8ce5-aacb2738dc64,shot_noise,s5,4,0.572625,0.722185,0.750039
e129dd5f-6eeb-466b-bf71-536d53592c3c,fog,s5,3,0.821450,0.901196,0.909845
e1423927-93c4-4661-9b76-4302e5e1fe9c,clean,s5,1,0.630244,0.766341,0.802501
e1464572-94b6-424f-8575-a31d5caae7c7,fog,s2,5,0.920840,0.957166,0.996677
e146b1a2-4e27-4700-8cd8-b3f03ccf7b68,clean,s5,4,0.918751,0.957371,0.964332
e14c5c5b-e0c1-410f-81f0-be2101dcd994,fog,s5,5,0.915433,0.955633,0.960740
e14d12b9-dbc3-4083-a3af-461e10518c4d,shot_noise,s5,0,0.828631,0.905935,0.910011
e1555bd3-fbe7-4e01-a7b3-051e570fc6ee,fog,s5,2,0.913546,0.954496,0.961938
e1576be9-95af-44b1-86f3-a990bf99d478,gaussian_blur,s4,5,0.869621,0.929014,0.947888
e16e44c0-a8cf-4afe-a64f-8288aa3b6170,fog,s3,3,0.469371,0.484201,0.938741
e1773d72-3700-4f65-9374-7a634ef85a49,gaussian_blur,s4,2,0.588450,0.728562,0.786405
e17c86d7-ad1b-4039-b435-3200d45858e4,clean,s5,1,0.717650,0.829710,0.870315
e180530d-9434-4416-9643-a1f5f32f1a9a,clean,s5,1,0.582078,0.733864,0.743264
e1828c72-21b0-40ed-b2ec-e676e49163de,shot_noise,s4,2,0.936685,0.967073,0.974427
e183fdd6-d508-4673-8ac9-1b4653561f34,shot_noise,s4,3,0.421747,0.457552,0.843493
e19606ac-0f9a-4a0a-8daa-827e7258f389,shot_noise,s4,3,0.927343,0.961644,0.979461
e19e51d5-9a87-4188-b4a9-e4763d0e5d27,fog,s4,1,0.849402,0.916910,0.938539
e1ab3d95-8377-4748-9a38-624686ef2592,shot_noise,s4,5,0.350224,0.411920,0.700448
e1b8086c-d0d2-4df4-8620-aa83b10ac1ca,shot_noise,s3,1,0.905366,0.948446,0.986931
e1d051f5-d153-4b11-bd55-e69da318805b,gaussian_blur,s5,1,0.683009,0.811317,0.813431
e1d41347-e530-43ca-b42a-eff766d86bfc,fog,s4,0,0.974868,0.987195,0.993478
e1e2c3a4-bdc1-4ca0-b79a-c551da425472,fog,s4,1,0.614510,0.718621,0.912677
e1ed2b54-bd78-4b98-8647-a917d5bcfdfe,clean,s3,3,0.972016,0.985659,0.996283
e1f78411-e627-491a-9c7b-c3e6d64ac232,shot_noise,s5,3,0.445583,0.611418,0.629488
e1fd406c-dc30-4f8b-a42a-2df91ea89d4a,shot_noise,s4,0,0.533584,0.616057,0.903728
e2012ba1-25cd-45a1-bd77-52af4b8eb0ce,gaussian_blur,s5,4,0.695864,0.817731,0.836731
e203c3c7-8718-4de2-a119-5cb0dea84618,fog,s4,0,0.882282,0.935787,0.963509
e217a38d-914c-4cdb-afbe-35a267d5163d,gaussian_blur,s4,0,0.601270,0.732412,0.820427
e237183e-06b0-45a7-8679-a48d74b67947,fog,s5,3,0.967642,0.983549,0.983931
e249b93c-a768-4f96-842d-dc94920df187,gaussian_blur,s5,0,0.800150,0.888977,0.889024
e251ac8b-15ee-4b52-8ffb-1365de537afb,shot_noise,s4,5,0.946726,0.972205,0.988073
e25aaa91-8456-4c75-9a45-74c5221673bd,gaussian_blur,s4,4,0.976556,0.988075,0.993459
e25f119b-831b-49bc-9a20-61f5674f465e,shot_noise,s5,5,0.830965,0.907552,0.909059
e2664642-220a-49dc-b1b0-884df00c5da7,fog,s5,3,0.953671,0.976254,0.977644
e26698e8-4814-42fc-a941-95cab553498a,gaussian_blur,s4,1,0.813724,0.891548,0.950299
e267b05f-5251-48dd-ac37-805c3cd6726c,shot_noise,s5,5,0.231698,0.356427,0.406989
e26841e9-bdf7-4e55-8756-b917ababf1b5,clean,s4,1,0.974086,0.986840,0.989328
e269ad60-1017-4a9e-97fe-9496ecfd29e3,shot_noise,s4,4,0.928318,0.962202,0.979355
e26edb01-d22d-4356-b9b5-c39db310e317,clean,s3,3,0.949124,0.973304,0.996158
e277758f-7ba7-4659-b30e-723e1891aac6,gaussian_blur,s1,1,0.855299,0.915518,0.998811
e27e85dc-c74b-4815-9a6d-2bceeb0dd928,gaussian_blur,s4,2,0.703413,0.810703,0.906096
e28797f9-8510-4d56-93c8-6fedbc8068fa,shot_noise,s4,4,0.703163,0.807528,0.920203
e2945d0c-0e19-469e-8a54-0f62f6515ff8,gaussian_blur,s5,5,0.910818,0.953281,0.954336
e2974b6f-62a6-4198-8194-185a4c8efa12,shot_noise,s4,0,0.742344,0.846142,0.890981
e29e480f-1e8f-47bf-8f4c-820de2dd2181,clean,s5,3,0.800150,0.888977,0.889024
e2a2fed0-8f5b-45c3-a363-010baa1e4e9d,clean,s4,5,0.965332,0.982199,0.991399
e2b24ec4-2dca-40c3-8a67-0994ef9fa3b2,shot_noise,s5,4,0.785184,0.878967,0.885454
e2bd52c0-c614-49d5-a240-f006dfbb23e1,clean,s3,2,0.697593,0.798074,0.939662
e2d82faf-47ef-45eb-9b38-17b78d962624,fog,s5,5,0.670892,0.799686,0.819747
e2df5f85-e667-4ff7-b640-9cf7fc420a3f,gaussian_blur,s3,1,0.945812,0.971551,0.993250
e2f7a0d9-561a-44a9-bb6b-b7e600ea69d2,gaussian_blur,s3,2,0.416801,0.479528,0.797488
e2fe0d5f-b96a-4a3f-a374-fd4a6d5f2a85,gaussian_blur,s3,2,0.961178,0.979863,0.997175
e3062ae5-c0eb-4255-9b0e-fddcb616d6e4,gaussian_blur,s5,2,0.854858,0.921591,0.923784
e31e6cac-61da-44ac-ba76-c6669ef22d55,shot_noise,s5,3,0.947284,0.972882,0.974650
e321adcc-e98e-40fe-a12f-f2b6b1ad303d,gaussian_blur,s5,2,0.551194,0.710423,0.711526
e3271145-de0c-45d0-84e1-b011b4eb62c9,fog,s4,3,0.729447,0.835118,0.894767
e32ddba3-5343-4abf-981e-fa16e246bb76,clean,s5,1,0.713287,0.832113,0.835872
e32f5351-e29f-4095-a53f-27a73f8609c1,gaussian_blur,s4,2,0.921282,0.958199,0.978859
e33c68ee-2fec-4e6f-bc5f-a438e53291a5,gaussian_blur,s4,4,0.949788,0.973995,0.983951
e33e2a6e-4ec1-40e7-9951-c7c4e0168e58,gaussian_blur,s4,1,0.460452,0.606389,0.691973
e34a5eff-6b71-454d-b5ce-426244fed12b,gaussian_blur,s4,4,0.761715,0.856052,0.925114
e34b1467-efd2-4093-b57c-4a1eaac37651,shot_noise,s5,3,0.918297,0.957121,0.964125
e3530378-1cda-464a-89eb-013447564aee,shot_noise,s3,5,0.887317,0.937496,0.985063
e35392af-3ae9-40e1-8332-1ec426796492,gaussian_blur,s5,0,0.851225,0.919634,0.919643
e35b1d91-bc6d-4a7a-abf2-d378936554da,gaussian_blur,s5,3,0.540580,0.693605,0.728496
e35b5099-1f2b-449f-b51b-81c06328dd7f,fog,s4,0,0.704664,0.815583,0.887291
e369087d-b933-4f36-b0a6-71fe49db81e7,shot_noise,s5,0,0.630244,0.766341,0.802501
e36de92f-6a3d-41a4-b9b9-24a8766bd3ed,clean,s4,0,0.435397,0.513471,0.798190
e3751876-c414-4e37-94a5-7da68750d3bf,fog,s2,2,0.537531,0.599317,0.948528
e378c007-367c-4c46-b98a-e49d46ef9939,shot_noise,s5,5,0.648487,0.781556,0.810619
e37c2744-b203-40f2-ba64-4904df83f70e,gaussian_blur,s5,0,0.321466,0.484502,0.490464
e38b2b0d-4725-4943-8061-ceadfe2c84ca,shot_noise,s3,3,0.675500,0.771516,0.958679
e38da7a7-7208-4b6f-a16b-62686c5f321c,clean,s4,2,0.688868,0.810640,0.842888
e395bd6f-d167-4963-b336-d88341528590,fog,s2,1,0.536861,0.598686,0.947728
e39badd6-ec8a-4c89-85dd-3e0169134963,shot_noise,s5,3,0.368780,0.453927,0.694352
e39ff7f3-c0a0-4d47-a87d-b30eb0b673d5,shot_noise,s5,0,0.973546,0.986594,0.986709
e3c4c7b5-dd4b-4037-8dc7-ce9f9c7f84b0,gaussian_blur,s5,4,0.816232,0.898643,0.900552
e3c902ff-c863-409c-87a4-275ae25e42a0,fog,s4,2,0.817525,0.897233,0.922656
e3fa6485-a1de-4e46-8481-b58c906170d2,gaussian_blur,s4,4,0.950766,0.974611,0.980683
e3fef598-a701-4c35-a5b0-e08ae6e851bd,shot_noise,s5,3,0.820205,0.900690,0.906584
e40f86e9-11d0-4594-9671-0a21b1f4d953,gaussian_blur,s4,2,0.748404,0.851976,0.883958
e4143eff-36a4-4f60-a281-cc2fe8f2ab97,gaussian_blur,s4,4,0.927404,0.962034,0.970245
e41457eb-b4a6-4cab-b40f-509567390690,fog,s4,2,0.577196,0.711337,0.803253
e41871a0-13ec-4523-9ba7-482f873852ca,clean,s5,4,0.543543,0.696278,0.730627
e42e0be7-0d85-465b-baff-d34f1df87d82,shot_noise,s4,2,0.835553,0.909501,0.920453
e4319b55-91f5-4ec1-92c4-6956546ac477,gaussian_blur,s4,4,0.978764,0.989227,0.993123
e438e9c1-e37c-4d09-8cb6-d2569f237234,clean,s4,2,0.776561,0.870316,0.904406
e43bce4c-6f96-448a-8d2f-7c79a7c002a2,fog,s4,2,0.556298,0.687763,0.801809
e43ea593-ba4a-4588-b1c0-f21352b3aa11,fog,s5,5,0.805460,0.892174,0.892944
e43f13ee-9636-4148-b258-d6ab31331064,clean,s5,1,0.940570,0.969358,0.969925
e43f87c5-cda0-4ea0-bd3a-cd5ccda921a9,shot_noise,s4,5,0.844581,0.913077,0.946416
e442299a-3acd-4cac-b23b-3259995fc80d,shot_noise,s3,5,0.766410,0.853666,0.964075
e4497346-1c5b-44b4-b406-14b401f22d9a,shot_noise,s5,0,0.896120,0.945214,0.945221
e468e943-dd1c-4107-b4b7-9bbb68c3bbf7,clean,s5,0,0.764885,0.865835,0.873844
e4705ab3-ebb0-41bc-b070-9f91cb92f118,gaussian_blur,s5,5,0.461216,0.614398,0.675050
e474c604-c79b-4cb8-acf2-1263560bf507,shot_noise,s5,1,0.483178,0.620727,0.732800
e4a52c83-f967-40b6-8c3a-85c0490a5916,shot_noise,s4,2,0.700757,0.812614,0.885101
e4adb2f5-7a1c-4354-beee-10d903c21ddf,fog,s5,2,0.948638,0.973634,0.973949
e4b52b86-5d79-4d81-8575-4cdfb33c37f0,shot_noise,s4,1,0.910488,0.951926,0.978553
e4c22199-0379-44f4-8a3a-ffdda2dfab34,fog,s4,1,0.803198,0.887903,0.917232
e4ce3d16-51c5-4817-a222-718141721dbc,gaussian_blur,s4,2,0.918260,0.956732,0.972565
e4d22cea-32b5-41d8-b571-7fe1b712b8b4,gaussian_blur,s4,3,0.557208,0.694399,0.785189
e4dfc4d5-ffcb-48d4-9e20-acb447a6c31e,fog,s5,0,0.448357,0.516240,0.831801
e4e3a4c2-6bba-4e6c-8a7a-d9016d54bc14,gaussian_blur,s5,4,0.852572,0.919856,0.927461
e4e5c856-e28b-4f86-8463-7ac122be89ae,gaussian_blur,s4,2,0.760803,0.855385,0.924795
e4f0cfd0-75ad-45e2-9276-15f4c0148f2c,gaussian_blur,s5,2,0.951751,0.975240,0.976842
e4f47835-aabe-4a79-9585-116cfc38adc9,shot_noise,s3,0,0.697593,0.798074,0.939662
e4ff567b-13ac-48bc-b85f-8224edc45018,clean,s3,2,0.795457,0.874666,0.977124
e504dfbc-5181-41ab-a2d6-74355bf5f548,fog,s2,4,0.419938,0.460120,0.834816
e51b1d85-acd9-47b2-a474-f18e85e2ca0c,clean,s5,4,0.860366,0.924393,0.932210
e52a5e6c-cd50-4108-91c4-0bc687b178e7,shot_noise,s5,5,0.375997,0.465438,0.698165
e540e5ed-f729-4e3a-b912-5323f5be8157,shot_noise,s4,1,0.957271,0.977908,0.989988
e5442e73-da02-4e15-8e92-d15c63bbaf00,clean,s4,5,0.908690,0.950888,0.978072
e555717e-b90d-4e0b-a637-f45f739c1318,gaussian_blur,s4,5,0.578438,0.730756,0.740979
e567d759-b720-45e1-acee-70fd7f29c9b3,shot_noise,s5,4,0.825268,0.904122,0.905816
e56b8c5b-aad8-45a1-84ba-e7b25c62fe07,shot_noise,s5,0,0.926334,0.961664,0.964231
e56d46b5-5f52-4a26-9675-9d1f03b5872a,fog,s5,0,0.594069,0.720878,0.833022
e572ffb0-ac2c-4aa5-b748-4bcc586db08b,shot_noise,s4,2,0.389800,0.446474,0.767745
e5962142-d9aa-4a7f-8910-43e5d30a4c4a,gaussian_blur,s3,2,0.579219,0.661571,0.946240
e5967b74-85cd-43ad-8ce5-0d96885b0b97,clean,s4,2,0.473962,0.618718,0.707093
e5ae73cc-b5d4-4b2c-8258-990fc3a75dcb,gaussian_blur,s1,0,0.444083,0.470385,0.888165
e5b8f7b2-667d-49c7-9d24-78a063772f24,fog,s5,4,0.863485,0.926681,0.927582
e5c6f47a-5aea-4687-8094-87801174b1fe,clean,s4,3,0.688868,0.810640,0.842888
e5cb8e53-e7d5-4f85-b06a-9013ed3d62ba,shot_noise,s3,4,0.775830,0.860321,0.970021
e5d1be45-a0bb-4f5a-b5a7-842e7575be90,clean,s5,0,0.612971,0.756029,0.776542
e5d2e868-45b9-4282-bed1-6145dc7249e2,clean,s4,5,0.886228,0.937697,0.971550
e5d6ad68-fe56-4f9f-8eec-5d9cc193e7e6,fog,s5,0,0.920932,0.958608,0.964400
e5e518fb-a768-4f7a-8299-ec7a171e4c83,gaussian_blur,s3,1,0.893652,0.941754,0.979640
e5eb0374-2736-4a1e-a9c3-fbf4fa72c28b,clean,s4,3,0.908690,0.950888,0.978072
e5ed5cc7-1baa-4ae0-bdbf-5205b57d1283,clean,s3,3,0.913455,0.953409,0.983982
e5f1b0ce-2f85-4b8e-91c3-e43537d5503f,clean,s5,5,0.713287,0.832113,0.835872
e6027ea6-3a6b-4a36-9d3a-d8de1a8e7970,clean,s1,5,0.444083,0.470385,0.888165
e60cbc23-1c52-4865-9fbc-438cfb17ad0a,clean,s3,5,0.972016,0.985659,0.996283
e61a105f-58bf-45e8-a528-38118eb1408b,clean,s5,1,0.945124,0.971680,0.975613
e61b6024-f5bf-4bd7-8183-fd76cbaed016,shot_noise,s5,5,0.944199,0.971186,0.975217
e62116ba-f56a-4c1e-a8bc-912462cbab14,fog,s5,0,0.893904,0.943976,0.944064
e6269369-8156-43d8-8c72-c1a73da611ed,fog,s4,0,0.473962,0.618718,0.707093
e627b29b-d9fc-44d8-96cf-39a2007c79f3,shot_noise,s5,3,0.643055,0.777274,0.807365
e62f0340-a2db-490b-95f8-ac4ed0d969c2,shot_noise,s3,1,0.462363,0.484000,0.919850
e63d28c2-c460-4195-9e4a-504be532678f,clean,s5,1,0.880398,0.936270,0.938356
e649e3a3-6620-428b-965a-5fe6642fecf2,gaussian_blur,s4,1,0.902828,0.948581,0.955776
e651141e-dda2-4b57-b7da-e0a5e4642daf,gaussian_blur,s5,4,0.897554,0.946007,0.946106
e6647c73-e8a9-4ff1-a2d4-b043245fcf2d,gaussian_blur,s4,4,0.857012,0.921202,0.945832
e665bed9-ddb5-4cac-adf7-fc13d882dc79,shot_noise,s4,3,0.825243,0.900744,0.939632
e676b842-6c02-45fd-887f-8fbf0f50454a,shot_noise,s4,4,0.842410,0.912603,0.935771
e68ba40b-7ae3-40ac-8ec2-9eb051f6c85b,shot_noise,s3,1,0.880575,0.933317,0.984162
e693405d-e7c6-46d5-9dc8-26d0bd72cf73,fog,s4,2,0.607825,0.752773,0.769472
e69a3c02-1d14-4ddf-9f84-01b0fcaf5f45,gaussian_blur,s3,3,0.813554,0.890301,0.960016
e6a5170c-ae2d-48d0-8efc-ac7550ab21a3,fog,s4,0,0.952141,0.975125,0.989904
e6acd4ca-53d2-4561-8667-77d312d7e4eb,clean,s4,2,0.793766,0.876318,0.955443
e6b85fdc-b537-41c4-b5a8-03a3a18a931e,gaussian_blur,s4,4,0.672272,0.797962,0.834020
e6b9d8f3-b00c-4e28-bce2-cd265d460481,fog,s4,3,0.839083,0.910582,0.933973
e6c8321a-7a4c-4b07-84aa-25d9d95f4391,fog,s4,2,0.565181,0.707685,0.771824
e6d1d5cd-705f-4870-8864-38e84845d7ba,fog,s4,3,0.924804,0.960380,0.974901
e6e4945c-b548-4fb9-bb49-6ce589f82000,shot_noise,s4,3,0.865076,0.924866,0.964811
e6eae888-ae85-42c1-b4ed-98c8a047c7ed,clean,s5,2,0.782706,0.877273,0.884934
e6ee0584-4526-4a99-9ed4-adb0bf7ea81b,fog,s5,5,0.691658,0.814886,0.833083
e6f3477d-058a-4e5b-b0ee-ea6a56834ceb,gaussian_blur,s5,4,0.924125,0.960467,0.963090
e6fa2f05-6060-42ee-87be-1436b05ea795,fog,s3,3,0.804761,0.882778,0.968955
e7055db9-44b4-4b4d-be7c-b838b4752e8d,shot_noise,s3,3,0.608117,0.731679,0.848101
e70c2a12-ad07-4191-9775-8a0b74ea09fc,clean,s5,2,0.962609,0.980947,0.981033
e71960ee-0123-4f03-bc7f-df0d09290223,gaussian_blur,s3,0,0.776474,0.860805,0.970219
e726b8a4-9e70-4e48-b088-c00860bc594f,clean,s4,3,0.588930,0.708799,0.852872
e72ce1b0-9b6f-4259-9c1f-f4f943e67763,shot_noise,s5,4,0.859792,0.924448,0.926767
e734669b-fb28-48b6-964a-4abc1c7f9ea3,clean,s5,1,0.543543,0.696278,0.730627
e738e164-e0d7-4650-ab48-7c2566a58ca1,gaussian_blur,s5,1,0.912311,0.954104,0.955039
e73993d3-a892-4c69-aafa-60db97044c4f,shot_noise,s4,0,0.874020,0.930169,0.970110
e73c89b8-3669-40b0-bc48-6822ccf89b73,fog,s5,0,0.790811,0.879526,0.913584
e7426628-0dad-4698-9062-820e456aab1f,gaussian_blur,s5,1,0.939166,0.968488,0.973099
e75f5f5d-8bbe-40d0-a9d8-f1e5cb7cdc19,shot_noise,s5,5,0.950413,0.974529,0.976444
e78ad8b0-4c69-453e-9158-6e846b79e039,shot_noise,s3,4,0.481212,0.518532,0.922299
e795c931-2d9a-47b2-9846-f11e8189383b,shot_noise,s5,3,0.860171,0.924278,0.932114
e7a4a729-0ca1-4226-afcc-bece3b778534,fog,s3,3,0.934565,0.965291,0.991665
e7a9f9de-b36e-4ed2-b3ec-15ad0628e028,gaussian_blur,s5,0,0.944683,0.971522,0.972710
e7b51b4a-92dc-4017-9310-9a8a3c46f246,fog,s4,4,0.954759,0.976515,0.991364
e7b86579-6ca3-4c66-b290-2620c112b11c,fog,s5,1,0.434384,0.571114,0.686253
e7c796f4-51de-4ea4-b17b-5cbb5568c605,shot_noise,s4,2,0.833659,0.907243,0.931296
e7c7b551-e2bd-4e92-8c9f-e653cee7e46f,clean,s4,4,0.785187,0.873752,0.926533
e7cc6491-cd9b-47e9-8bbf-a6b584badb9c,gaussian_blur,s5,0,0.683123,0.805111,0.845712
e7d3d83f-9487-4702-ae78-7f16b72610d4,shot_noise,s4,0,0.908690,0.950888,0.978072
e7d3e00b-2220-4a64-9bf2-d44c03c2574a,clean,s4,4,0.981097,0.990426,0.993892
e7d96c4d-e93d-4be9-95a6-682f12dbaf74,fog,s4,0,0.745914,0.851037,0.877506
e7e8afbd-e17a-43b2-9129-0312be65dec5,gaussian_blur,s4,2,0.562175,0.692534,0.808197
e7f543a1-ecc0-44ba-ae14-4f2fe3c49b06,fog,s5,1,0.788682,0.880372,0.894277
e80b169b-7772-492f-82c8-c38e58ea2555,shot_noise,s5,3,0.896135,0.945044,0.948469
e816ba1c-068a-4506-a307-80955486ece6,fog,s4,1,0.596185,0.744709,0.756036
e8219b3b-9542-4cb8-a5a0-1a14bcf74c20,clean,s4,3,0.846191,0.912927,0.959888
e825737c-7eed-4922-99b6-0b5cfd52e68f,gaussian_blur,s4,2,0.691259,0.814492,0.833389
e8263efe-e5fe-4c0a-a127-3fce22102fd9,gaussian_blur,s4,4,0.747997,0.847660,0.909481
e828614a-1824-4268-967d-c7550b3eeb5c,clean,s4,5,0.856060,0.921271,0.937408
e82e43cf-98e0-4cc9-a9c8-7ca68420c8cd,gaussian_blur,s4,2,0.566250,0.690341,0.828741
e82e5145-3d5e-4445-89ed-44e1a279a5a0,fog,s3,3,0.650148,0.745334,0.955477
e832ae98-557c-45ae-9bbb-f87c938f2a21,gaussian_blur,s5,1,0.829364,0.906673,0.907269
e83a521d-749e-4869-add8-2628a6ba1821,clean,s5,1,0.851225,0.919634,0.919643
e83ed530-8c96-41c0-97de-4b4fe14e97eb,shot_noise,s5,4,0.213723,0.336988,0.375088
e84a6064-a3df-48af-a238-bba0e288a505,gaussian_blur,s5,0,0.856403,0.920739,0.946736
e8509d5e-0c83-4d17-8c9c-35057c80eb37,clean,s5,4,0.856403,0.920739,0.946736
e856649a-7734-4e4e-a879-1660280ffcb2,shot_noise,s2,5,0.932387,0.963849,0.997141
e85693bf-5065-44a5-a3e1-117261fc8733,clean,s5,0,0.979206,0.989489,0.989931
e86e8245-d9e8-4c4a-834f-3bc2ed330a36,shot_noise,s4,3,0.549147,0.687206,0.778535
e87b0b1f-adb1-41d1-b632-5b92386b677e,clean,s4,4,0.846191,0.912927,0.959888
e88f1a53-67ae-4c73-aca0-ae04974a43f8,fog,s5,2,0.834102,0.909428,0.910871
e8964cf0-39f0-4301-807d-0c6fcc8bc959,fog,s5,3,0.897323,0.945857,0.946371
e899fcb0-4550-4345-aa0a-4306ec987f13,clean,s4,5,0.592838,0.694388,0.907957
e89ea496-ad61-4170-939b-e0382f69ad8c,clean,s4,4,0.867819,0.927982,0.946587
e8a4f9ac-fd13-4a11-8080-aa9626681bd7,clean,s4,4,0.924109,0.959978,0.975045
e8ad7328-79f0-49d4-a2fc-fa8beae6214e,gaussian_blur,s4,4,0.565160,0.694832,0.811777
e8c28a44-ab01-491c-9f2f-1cd1e58c1b9d,fog,s4,1,0.573578,0.712341,0.786965
e8d026c8-8b7b-430c-ad59-98d966db547b,fog,s2,2,0.923564,0.958757,0.996789
e8e7b03b-4f2b-4674-941f-3b2a8d094fac,clean,s5,5,0.851225,0.919634,0.919643
e9087e3c-f169-429e-874d-98fc39f3bc7b,clean,s5,2,0.812736,0.893700,0.924875
e90e53d2-ed39-44b6-a78b-773303c184c1,clean,s5,1,0.505525,0.671237,0.672541
e9114a2e-6cdf-46d4-9bb1-d12b869a6e29,clean,s5,0,0.911703,0.953800,0.954076
e91ab1a1-81c3-4eae-ad8e-11578baef751,shot_noise,s5,3,0.692690,0.805721,0.883958
e920b673-b350-4b98-94ee-e75d2caade8a,fog,s5,5,0.853429,0.920576,0.925237
e933721b-7438-483e-be98-8e98a7de0251,clean,s4,2,0.981097,0.990426,0.993892
e935db02-a228-45a5-91cc-eea7df813a01,shot_noise,s5,2,0.760354,0.863137,0.869183
e94fe03f-d3e7-481a-a03e-ab4e60a99188,fog,s2,2,0.477243,0.488356,0.954485
e9516f2c-a1bd-4f3d-ba8a-7a8aafaeda50,shot_noise,s5,2,0.945507,0.971884,0.975790
e95282aa-2eb6-4b83-ab4c-de8160b7bbf9,clean,s4,5,0.776561,0.870316,0.904406
e95c0cfa-453c-4bde-9e6a-623730cd0cd6,gaussian_blur,s5,1,0.919028,0.957799,0.957967
e96493f4-6317-468a-9df6-c43c26c1ce72,shot_noise,s4,1,0.794538,0.884253,0.896341
e97f9313-1dfd-4b7c-92a0-4b2efdd9a9ab,shot_noise,s5,3,0.951762,0.975240,0.977100
e986b6bb-5ea4-4336-8742-751df38eb10d,shot_noise,s5,0,0.515769,0.662921,0.732800
e98c6c17-0572-4395-b79d-10c127a2e2ad,fog,s4,5,0.525486,0.608601,0.894208
e98f35cf-02d3-479b-9e91-fd9293253d94,gaussian_blur,s4,5,0.712598,0.828248,0.855095
e99dc6c8-930a-4004-92d8-86846130037f,clean,s5,4,0.948805,0.973722,0.974029
e99e9a8d-37c1-46ff-ab36-1096b0fd188c,clean,s5,0,0.507072,0.640603,0.762853
e9a12c7e-8edb-4a92-8095-f15b0c1380aa,gaussian_blur,s5,1,0.956083,0.977519,0.978870
e9a5670a-f55e-4f28-92e5-fb823c7609ae,gaussian_blur,s5,0,0.979206,0.989489,0.989931
e9a9ee89-b0cc-46e5-8ca3-7c8b313f220b,fog,s4,5,0.824927,0.899034,0.953903
e9aa492b-65cb-4897-b796-e4ca4c743b68,gaussian_blur,s5,1,0.924046,0.960421,0.963114
e9abf421-064e-4e86-9e64-1145eb8dbd7e,fog,s4,5,0.830791,0.902109,0.963426
e9ac5dd0-0e14-4140-83ba-5ab32be7353c,fog,s4,3,0.546629,0.670365,0.817595
e9acdf83-653e-436e-918a-07fac7cb6e67,fog,s4,5,0.908021,0.950501,0.977898
e9b35800-9092-45bf-833d-37314314fc52,shot_noise,s4,5,0.369853,0.529824,0.561611
e9c5cccd-ad62-45c2-9364-a3d140ba4828,fog,s5,4,0.915288,0.955509,0.961659
e9d09554-00c9-4f79-888a-05b999e2a77f,fog,s4,5,0.959668,0.979257,0.987235
ea0ff75b-9ee4-4c74-aedc-736b3d041352,fog,s4,0,0.793766,0.876318,0.955443
ea1aec61-4d51-4049-9c69-2ceb4d12fea3,fog,s5,0,0.435240,0.573291,0.684343
ea2714b2-c0fd-47d7-b289-1ab96b7bfb0f,gaussian_blur,s4,3,0.630985,0.757774,0.839691
ea31ec9c-c5e3-4c67-b451-1483953e1dc6,gaussian_blur,s4,1,0.959635,0.979151,0.991429
ea378ab0-319a-40e2-a0f2-87d04503c480,gaussian_blur,s3,0,0.813377,0.888240,0.976231
ea387f6a-0203-45dc-b57c-37dc212065e5,gaussian_blur,s5,0,0.828631,0.905935,0.910011
ea3faa09-0d36-41fb-b478-6eac4937eb81,fog,s5,1,0.868726,0.929751,0.929771
ea47fdd2-a5d5-4b6e-b9b2-73ee3eb93b07,gaussian_blur,s4,1,0.522145,0.664312,0.750865
ea679dbe-6c6f-4fab-8ad9-3b5c3b3f728a,fog,s5,3,0.339800,0.404941,0.679152
ea76524e-67e3-49a2-a5c4-a8732bc88a7a,shot_noise,s5,2,0.915795,0.956011,0.956873
ea7c463c-cab1-4e8a-87c5-bdf797cf93f0,clean,s3,3,0.776474,0.860805,0.970219
ea8255b7-4b8b-4571-b4f5-107ede1ff79f,shot_noise,s4,4,0.381873,0.442509,0.750325
ea86cbf0-71db-44c5-9a71-3023d21fe033,fog,s3,3,0.894357,0.941849,0.985231
ea8e13e4-7e37-4799-9b6b-f51daae712c3,clean,s4,5,0.902726,0.947366,0.977568
ea919177-a91d-4b4e-979d-58591cc8318d,fog,s3,0,0.701834,0.804359,0.929264
eaa12b25-c9c2-4fcb-b258-24df8a1ac8af,fog,s4,2,0.945286,0.971399,0.988485
eaa7288e-c571-46b8-8dc6-f1d1c07172b8,clean,s5,3,0.873856,0.932636,0.933374
eaa89e6e-e8ee-46a9-a8cb-1c38615e36b7,fog,s3,2,0.775737,0.860129,0.970784
eaaf8d32-a916-4fa5-a439-a574cc206d70,clean,s5,5,0.859961,0.924204,0.931365
eabf7064-ce8a-4a66-a4b9-ffd4a7f25e4e,gaussian_blur,s4,5,0.837497,0.907377,0.956752
eac8ad76-cf53-4692-b3e7-061fc49f468e,clean,s3,1,0.914192,0.953737,0.986197
ead629d6-ee28-4b09-a49d-80ae905bc322,fog,s5,1,0.556757,0.715122,0.715824
ead9fec7-5451-4367-8e2b-13d5bf1e1a38,fog,s3,0,0.872960,0.929028,0.976469
eae0c451-0c90-42ce-b6ca-5918d7028052,fog,s4,3,0.433656,0.604104,0.607140
eae11bfa-0df6-4c5e-b094-a032c79824a6,shot_noise,s4,5,0.874335,0.931691,0.951467
eae56367-2441-44f3-81e0-db7499d35b7a,gaussian_blur,s4,0,0.975647,0.987600,0.993612
eaea3757-12cb-4b76-b674-50a6338e97fc,shot_noise,s5,2,0.435971,0.548053,0.738118
eaf80e1a-14db-4a3a-899d-57a59c353ac5,clean,s4,2,0.578198,0.708181,0.816862
eafdbd62-9f73-461d-ae93-f1ea64c8ecc2,fog,s5,2,0.900204,0.947322,0.950509
eb01a041-0d94-4851-a46c-274a563a6c4a,shot_noise,s3,0,0.965744,0.982309,0.997512
eb093379-0efa-4058-beaf-570fd2349309,clean,s4,0,0.882282,0.935787,0.963509
eb0cddd1-434f-4aa8-aabb-47d55d404f9a,clean,s4,1,0.976919,0.988263,0.993568
eb1d2e44-d3b1-4ff5-a326-b7be5e190642,gaussian_blur,s4,0,0.952023,0.975192,0.984686
eb228165-f15a-4bf7-9fd2-86a00b002381,fog,s4,1,0.780120,0.870911,0.919627
eb24da07-3151-459c-ae50-9945d02ab5bd,clean,s2,4,0.596664,0.676794,0.965808
eb268d0c-fae6-47af-a3d7-26f857ded75b,fog,s5,2,0.785900,0.880084,0.880389
eb27183d-3957-4690-bfae-21137f77d598,gaussian_blur,s5,2,0.866297,0.928315,0.928981
eb345cd1-2870-4ce5-a039-6e33d68bdbb0,gaussian_blur,s4,1,0.955118,0.976717,0.991093
eb37d2fa-0648-4f78-9d96-dd2bd426a6ed,fog,s4,0,0.900706,0.946316,0.974640
eb51d11c-5111-43df-8570-b2c0bc6e6b2f,fog,s4,4,0.581100,0.696700,0.861525
eb51fb98-4139-474f-968a-4624795ddbab,shot_noise,s4,2,0.973604,0.986592,0.989125
eb7bb796-8c1d-475c-a0e9-c2f505b389d7,fog,s4,2,0.831075,0.902296,0.963522
eb8080b1-6578-4fbb-b81d-5a24cef9910b,gaussian_blur,s4,2,0.849976,0.917282,0.938528
eb835b9c-72a6-45bd-8eb9-1d3ff04ca95f,gaussian_blur,s5,0,0.763446,0.865283,0.870123
eb8f3dc9-6671-4648-88a2-826751879b77,gaussian_blur,s4,1,0.735196,0.840778,0.888933
eb9b290a-a971-4099-90d3-a9893eeb8ff6,gaussian_blur,s4,3,0.869649,0.928435,0.956066
eb9c5794-5289-485f-b9fb-7b171327a7c6,clean,s4,1,0.766886,0.859801,0.927012
eb9ca4ac-4514-4528-97ef-6d92277e6c6a,fog,s3,3,0.539583,0.616142,0.921873
eb9f0abc-7b14-41f4-b6c1-742ee46f8029,fog,s5,3,0.790300,0.882663,0.884624
ebae5dda-f499-4344-8acd-2d7787dc38d3,shot_noise,s5,4,0.295946,0.453233,0.463116
ebb2a2d9-12ac-4b31-88db-925e4e8496d0,shot_noise,s4,4,0.907161,0.950003,0.977682
ebc0de7a-6465-481e-9c5a-5b5228187a0d,gaussian_blur,s5,1,0.660669,0.769496,0.909200
ebc724a4-d32a-4206-a419-13b5cebcc6d9,clean,s3,4,0.701834,0.804359,0.929264
ebd453df-d9d0-4df4-8527-94bf3c5b2efc,gaussian_blur,s4,5,0.950581,0.974479,0.981947
ebdbba05-53d5-4051-a2da-e99154c5173a,gaussian_blur,s3,1,0.950865,0.974260,0.996341
ebe262d9-29be-4ebe-b394-1f46924fc710,fog,s4,0,0.835270,0.908364,0.930741
ebf0d2d9-ff5e-4b01-b05d-c79ce3be7e51,gaussian_blur,s3,1,0.917401,0.955591,0.986875
ebf4c7ba-2cd4-4e87-943d-b1770059012c,shot_noise,s3,5,0.881560,0.933767,0.986656
ebf7305a-cc20-4581-8acf-be5470d749d4,gaussian_blur,s5,5,0.546862,0.704870,0.714480
ec024a35-d1d6-4e05-9c9a-afba78159ea3,clean,s4,2,0.931659,0.964348,0.972283
ec0a8e73-9fab-4a27-b65c-896d4ea28de2,clean,s5,2,0.973546,0.986594,0.986709
ec245f61-1709-421b-9bc9-48b64237dd51,shot_noise,s3,1,0.924818,0.959863,0.987792
ec2606d7-1c36-4f9f-8312-c21a469732c2,clean,s4,3,0.952023,0.975192,0.984686
ec2f21eb-2f62-40ae-b858-1282ddfc92d9,fog,s4,2,0.910343,0.952079,0.973696
ec56bce2-eaf5-4f2a-881d-23a512bbdae5,gaussian_blur,s4,3,0.571670,0.713583,0.775947
ec5b7631-96e2-4a1b-8022-494d64e9b0ef,gaussian_blur,s3,5,0.949485,0.973501,0.996221
ec5cc703-fda4-4367-9e78-d6a52408b447,gaussian_blur,s3,5,0.633482,0.734609,0.930160
ec6a1e5f-ca83-44be-9682-d59fa3507dd0,clean,s4,2,0.908690,0.950888,0.978072
ec7abaa8-c50f-4ce0-8ff0-8938ad2b4ac4,clean,s5,4,0.903750,0.949280,0.952637
ec7db844-535b-4146-884f-f7b5ddc1c830,gaussian_blur,s5,3,0.736762,0.844484,0.873820
ec87f921-0738-47cf-9a64-b365243f6721,fog,s4,0,0.795783,0.879454,0.942905
ec887730-2731-4c84-86fb-c6497825949f,shot_noise,s5,0,0.815430,0.897896,0.902609
ec90fb4c-d425-48da-a5c0-d6fa2bfc365a,shot_noise,s5,0,0.800150,0.888977,0.889024
ec91ceda-4cc6-46e8-b56b-f52a7db86856,gaussian_blur,s5,5,0.834966,0.907570,0.937019
ec952901-59ba-4821-b004-55ee0454ef9c,fog,s4,5,0.878870,0.934319,0.953968
ec969cbb-e77b-4184-b059-5ae877ce210e,shot_noise,s3,2,0.608206,0.696831,0.952795
ecb36771-67bd-49c6-b166-eba39e38a358,fog,s4,2,0.842367,0.910466,0.958817
ecb391a7-2f81-4f0e-92cd-35123bd9eec8,gaussian_blur,s4,3,0.910242,0.952562,0.962507
ecc05a7b-9cb0-4fbf-b481-b123b27160ca,clean,s4,3,0.822005,0.898640,0.938501
ecc25272-697e-47db-ad54-d2000bf10a63,fog,s2,4,0.551787,0.602253,0.984981
eccce2bf-c8f9-4743-95b8-0691792e75bb,fog,s4,4,0.409097,0.471973,0.786471
ecd4fbf5-4f0d-49f4-960b-30931b7585aa,clean,s5,5,0.886212,0.939600,0.940891
ecddb429-7d5a-46d4-a12f-c4a2de206837,clean,s5,0,0.943626,0.970944,0.972783
ecdf1ef8-3aa9-471f-bfb0-837461b605be,fog,s4,5,0.920638,0.958302,0.967719
ecee2ab3-5576-4792-97b1-7078bdbd08a9,fog,s4,1,0.928766,0.962565,0.976485
ecfc7f07-d9c9-4781-8ced-19c1c48707b3,shot_noise,s4,0,0.817214,0.893841,0.951909
ed0ee6a1-7779-4e2d-a6a5-75cb403a6082,clean,s2,4,0.810433,0.884254,0.990661
ed1274bc-1fd0-408e-ad00-2ba2565cb972,gaussian_blur,s4,1,0.839716,0.908638,0.959264
ed175e07-06aa-41fc-8f04-49b29ea73446,shot_noise,s4,5,0.580191,0.700196,0.848185
ed18af9c-0ac2-4e5b-aee8-85de762dc972,clean,s4,0,0.939726,0.968524,0.981701
ed22df89-2ee1-4d21-9147-538204de83b9,clean,s5,2,0.877777,0.934393,0.942800
ed24de88-706e-4273-b665-60506206d218,shot_noise,s4,5,0.749878,0.850998,0.897765
ed2cc02e-1bbf-440c-8dfe-0af054e785be,shot_noise,s5,2,0.981819,0.990822,0.991328
ed357960-6779-48d6-ad95-42a6f1ed3b3e,fog,s5,5,0.863090,0.926057,0.932697
ed366d6f-36f6-469f-a0dc-74f8dcaf6464,shot_noise,s5,3,0.977973,0.988845,0.990587
ed39f7ed-5827-4717-8ec9-d449906a922a,shot_noise,s4,2,0.908334,0.951305,0.965522
ed3b7afd-bae1-4bff-922c-33c0cbd4d56d,shot_noise,s5,3,0.582870,0.726626,0.772491
ed3d2025-d8de-48da-8e49-4bc0bfb9533b,fog,s4,1,0.602471,0.748626,0.765061
ed66ef1a-5217-4a87-b16f-1845cd2a09e7,fog,s3,2,0.677788,0.784117,0.918373
ed721e11-5bdb-417b-81a1-d9512f5a6d68,clean,s3,1,0.813377,0.888240,0.976231
ed735d42-542f-42d4-bfdf-357570ca09ea,shot_noise,s4,4,0.386180,0.436526,0.771323
ed75ebb5-df50-437f-a3ff-aeb5e8559f62,fog,s3,5,0.457067,0.495312,0.889061
ed90ec4f-fcaa-46d4-b91e-8607ed3d5ecf,shot_noise,s4,3,0.421015,0.457121,0.842030
ed965e6c-c8ce-4633-ab99-58c34bdfce6e,clean,s4,5,0.919866,0.957641,0.972885
eda12e3e-fb18-4c7e-8b97-a1858aefe02f,clean,s4,2,0.963016,0.981020,0.988549
eda46127-051a-4873-9e87-3d26cc4d0aa8,shot_noise,s4,5,0.770239,0.864338,0.913489
edad673e-5b81-4fae-9182-ff16a5f94fb6,gaussian_blur,s5,3,0.761935,0.863900,0.872120
edae9193-c513-441c-8883-ac1d14227260,clean,s4,0,0.951114,0.974815,0.980096
edb09ab9-2244-4844-a5b0-71f33a37d250,shot_noise,s2,5,0.543901,0.607349,0.952208
edb86702-1541-45dc-81b6-87ffe53413f4,shot_noise,s4,3,0.959565,0.979257,0.984576
edbf50e6-617e-41c6-a5bd-58a1b561fe07,gaussian_blur,s4,3,0.944944,0.971459,0.979888
edcc8e2f-8895-415f-8470-6a02899555ca,shot_noise,s5,0,0.178730,0.279658,0.336021
ede492ce-fdc1-4773-9aa6-fdd211e98327,shot_noise,s5,0,0.448357,0.516240,0.831801
ede90cc9-eed7-4514-b8fb-80d5dbdb7d12,fog,s5,1,0.844680,0.915190,0.923013
eded81d5-6a09-40fc-97ec-9520ca7bf159,shot_noise,s5,3,0.683298,0.803349,0.855120
edf10dc0-ffe4-4eff-9a93-1f72872d7e85,fog,s5,2,0.736877,0.846060,0.864411
edf48174-4d5e-4dd9-8b5c-337dbc2e5cb6,clean,s4,0,0.641722,0.772080,0.824267
edf747d2-bec9-4d7e-9751-6490e8b0e8f2,clean,s5,3,0.959815,0.979481,0.980199
ee07e2c5-3280-4cd1-93fe-4e7d7041edc4,fog,s3,0,0.896592,0.943002,0.988903
ee20d402-7f75-47b6-8bd1-96acb4075437,clean,s5,4,0.645169,0.778397,0.811045
ee2f686a-9ad5-4d59-848d-5f830f9253ad,fog,s3,3,0.945265,0.971169,0.995931
ee306e08-6cc8-49df-844c-5c7330d27a64,clean,s5,5,0.826418,0.904573,0.909021
ee3f7ee4-cff8-4ab7-a9df-404fc916068d,fog,s5,4,0.461942,0.608360,0.692210
ee616a22-a5d9-40b4-b5c8-d591dcf6d713,fog,s5,1,0.778868,0.873501,0.892985
ee766da7-a6ff-4291-b7c1-dcf9b68ae3f0,shot_noise,s3,0,0.575348,0.657450,0.943515
ee7d5e97-69c5-4399-a9fb-1ddf764f9efb,clean,s4,0,0.981097,0.990426,0.993892
ee89e5c9-7b3d-4773-9047-8e75831662c5,clean,s4,4,0.776561,0.870316,0.904406
ee91a0da-3ebd-4675-b4b4-5d13359ce54b,clean,s4,3,0.421054,0.457144,0.842108
ee96ca03-3c5c-411e-bb26-12f82de2b887,gaussian_blur,s5,3,0.577591,0.731196,0.736144
eea11722-ef4e-49e9-984b-46cb0f390b2b,gaussian_blur,s4,2,0.599714,0.746535,0.762565
eea4d4a5-2973-4349-b884-ca79e2f15272,clean,s3,4,0.971599,0.985457,0.995076
eec26f88-f67f-4df5-b40f-37767a7be584,shot_noise,s4,0,0.976919,0.988263,0.993568
eec34628-82f8-4a70-becf-0835933d625e,gaussian_blur,s4,0,0.588930,0.708799,0.852872
eec9044f-1790-46d0-8e70-ef70f3bad436,clean,s3,4,0.697593,0.798074,0.939662
eecc0b6f-1063-49b7-9067-893a99c04227,fog,s4,1,0.448204,0.568242,0.736491
eeccb1f5-e434-49c5-b4c4-18bd89cf6f1e,shot_noise,s5,1,0.831186,0.907682,0.909215
eecd7412-df9e-481c-abac-59ad02f8fc12,fog,s5,3,0.856102,0.922303,0.924662
eee29a01-ac48-4e00-a9b6-7e1d063f56ae,gaussian_blur,s3,5,0.970317,0.984765,0.996053
eee88f62-58e6-48cf-a154-45199e264264,clean,s4,1,0.920412,0.957707,0.978645
eeeca7b2-0ffc-4773-917b-6fa1b3e78123,fog,s4,1,0.893077,0.941939,0.970731
eeffe9a9-e971-45dc-88b6-e457c972bec4,shot_noise,s3,5,0.452060,0.528707,0.821968
ef09dafc-6ad4-46d5-825f-be9f4d4988d9,gaussian_blur,s3,4,0.889880,0.939119,0.984649
ef1980f4-0e0e-47c2-96c9-5700732b892c,gaussian_blur,s3,1,0.775823,0.861897,0.959675
ef1bad0d-d812-4149-ba56-450c3ee7f52b,gaussian_blur,s3,1,0.894862,0.942154,0.985321
ef1fe19a-6637-41cb-a7dd-2a7a06c8255b,fog,s5,4,0.978302,0.989014,0.990731
ef213350-7e46-4341-9aa5-d8993adcb47b,fog,s4,3,0.800993,0.881515,0.956904
ef216ae8-94e4-41ff-a5d1-31b49e2f5e9c,fog,s4,5,0.945170,0.971444,0.984693
ef2e90a3-203a-48ea-9719-d9dc3775b8c2,shot_noise,s5,2,0.929050,0.963151,0.965087
ef331f9f-8813-48e2-b6e8-1e64630cdf6a,gaussian_blur,s3,3,0.950581,0.974105,0.996290
ef414c04-8ea7-4091-bc4b-1ea281dc63a1,gaussian_blur,s4,4,0.820052,0.897750,0.934187
ef43abe9-3862-4942-9e6c-d008e5672018,gaussian_blur,s5,5,0.739121,0.849228,0.855077
ef49421a-61f7-4105-b9af-18cb6c6e5516,gaussian_blur,s5,4,0.696433,0.818646,0.834347
ef4cc8fd-0073-4fa0-8cf9-b2b2f85b432f,gaussian_blur,s4,1,0.862573,0.924647,0.947045
ef573eba-33e1-46dc-a354-9e04e9ab0da9,gaussian_blur,s4,2,0.617918,0.760459,0.777973
ef5f26c1-bcd3-4c32-81f2-54aaf081eb53,clean,s4,4,0.351096,0.412522,0.702192
ef6f73df-781f-4116-9022-7462f9998b47,clean,s5,1,0.597773,0.748187,0.748539
ef7dd878-bbb1-4bd9-bb5c-60cc4228d3e3,clean,s5,4,0.612971,0.756029,0.776542
ef7fce8a-bf5b-4b48-999a-6cba11bd7d39,fog,s5,0,0.683123,0.805111,0.845712
ef876c2d-8490-489c-96f6-79d3a05422aa,fog,s3,4,0.738132,0.831621,0.954570
ef8ba426-7fe9-4dae-b735-642383325fb7,clean,s4,2,0.846191,0.912927,0.959888
ef96b7d5-5614-436b-bb35-045a06f8cbbf,gaussian_blur,s5,3,0.955876,0.977373,0.980386
efa55c79-c05e-40c1-94a3-5b0ab5fd1569,gaussian_blur,s4,0,0.641722,0.772080,0.824267
efd098ec-b462-4389-9e41-2bb599f4926e,clean,s5,0,0.962609,0.980947,0.981033
efd35d17-46a7-4aa1-9668-554baabd3700,clean,s4,5,0.919094,0.957026,0.976816
efd43b82-7b17-4cf9-a6dd-4fedd2246281,shot_noise,s5,3,0.884631,0.938331,0.946128
efe017fe-e9b0-4341-ae5f-07a4a55a3d7b,fog,s3,4,0.622093,0.728828,0.907884
efef10dd-92d7-44a1-a864-3255462a624e,shot_noise,s5,3,0.852618,0.918480,0.944576
eff629d9-39a6-4f48-99f3-ac9f59d57411,gaussian_blur,s4,2,0.873935,0.931210,0.954790
efffe845-48c4-43a5-b498-0ffaebad563a,shot_noise,s4,3,0.666753,0.775602,0.909064
f0009449-e00b-437b-9e74-19b6f70386ff,shot_noise,s4,2,0.952025,0.975062,0.989916
f0166a68-5984-4c23-ba6b-52e867c566c8,clean,s4,1,0.394990,0.451338,0.775825
f0184fc3-6c75-4e7a-9511-744c09db982c,fog,s5,4,0.605924,0.750512,0.771042
f01d256d-50a9-4c01-8c48-3ba5adc65f5f,fog,s4,0,0.918637,0.957064,0.969931
f024c430-559b-4bde-9017-a9e6e43de6b5,shot_noise,s5,4,0.893612,0.943757,0.944896
f028a6b3-9268-44e3-a0c7-a08a47d78304,fog,s4,5,0.928437,0.962623,0.970064
f03e7938-2009-44f2-b8df-44ac1ca8f0a4,gaussian_blur,s5,2,0.828162,0.905598,0.910312
f0498ade-2ece-40f3-be77-60cab8c9117a,fog,s5,2,0.200132,0.315499,0.359840
f04a47bd-8208-46ae-bd53-05073e1547d5,clean,s5,3,0.549854,0.700413,0.740075
f053bd50-c188-4a70-9b9a-fcff79c00ed2,clean,s3,5,0.632913,0.734074,0.929829
f058e4eb-c681-4905-a60a-468df6d8af5a,clean,s4,5,0.706977,0.810540,0.922277
f059d076-f2b5-4c53-9a09-b919653fa508,gaussian_blur,s4,1,0.925520,0.960783,0.974997
f05b2175-dced-4ea9-abfd-501f0736ffd1,gaussian_blur,s5,4,0.899113,0.946791,0.948496
f0654d2b-93e2-46f6-8f61-ccea3bde3344,gaussian_blur,s5,2,0.905851,0.950321,0.956219
f0704b82-42a0-47e7-bd0e-c680a8263198,fog,s4,0,0.575516,0.728421,0.738505
f074e2bd-8aeb-494c-8e2b-5e9f2c03e0b1,clean,s5,2,0.683123,0.805111,0.845712
f07a59e8-2043-46f0-9b6f-f1dfc166d7d3,gaussian_blur,s5,5,0.954383,0.976587,0.979722
f0988ffd-e9ce-43bf-ab73-958737b8f469,shot_noise,s4,4,0.972572,0.986000,0.992872
f09c332e-050d-41db-a329-d1041cac29e8,clean,s4,1,0.890834,0.941847,0.949472
f09d4682-ea1b-4fb7-a0a2-bed08d31b521,gaussian_blur,s5,4,0.921743,0.959017,0.965642
f09e77fc-deb5-4a83-8a00-ed3a41500bcc,fog,s3,3,0.751909,0.845540,0.941568
f0a088a3-7015-484a-9526-52689ea84bf8,clean,s5,4,0.926334,0.961664,0.964231
f0a4991e-29cf-46af-9925-a085e003f2c5,shot_noise,s4,1,0.925724,0.960746,0.978853
f0c1e0df-eef0-4c79-bb1b-c5d6145e6aa0,shot_noise,s4,2,0.822426,0.898912,0.938661
f0cda98d-68a7-48c1-8d78-bf69e1a7c1be,clean,s5,3,0.543850,0.704521,0.704592
f0d0baff-bff0-4961-bccd-435c403f0e6d,clean,s4,2,0.556665,0.693898,0.784799
f0da4a10-6b2a-4940-ba22-022ad57160f5,gaussian_blur,s5,3,0.848948,0.918088,0.920939
f0dccb95-3486-4efe-a787-249fe3fbefbf,gaussian_blur,s4,2,0.902544,0.948147,0.960908
f0dd376a-7616-4efa-ab2c-415ab907f554,gaussian_blur,s4,3,0.810130,0.888651,0.953093
f0f1137b-1512-4ceb-802b-93a56ef87ba3,fog,s5,2,0.658647,0.790346,0.812567
f0f4e7c1-c322-4641-ab15-51cf2e011763,gaussian_blur,s3,0,0.972016,0.985659,0.996283
f1138975-ac07-4c23-b416-aab13bd58054,clean,s5,1,0.515769,0.662921,0.732800
f1340f7d-ee43-441c-99eb-855c6846e641,clean,s5,2,0.919130,0.957668,0.962421
f135615e-92ec-40eb-85f3-82303dfb2b9f,clean,s4,4,0.473962,0.618718,0.707093
f13ca1c8-1262-46cd-a310-13911d28dce2,clean,s5,2,0.717650,0.829710,0.870315
f15e66d2-a06d-42d3-8673-8bb35af40a70,clean,s2,0,0.596664,0.676794,0.965808
f15ed822-38e9-4dbf-8810-9499e8e56438,shot_noise,s5,2,0.883287,0.937693,0.943385
f16176dd-bc7a-4f61-a1d2-7f48e5d52a9e,gaussian_blur,s5,5,0.711565,0.830865,0.835104
f169a721-ee10-4fb6-bcd1-3d225d03cec8,clean,s5,2,0.885924,0.939317,0.942715
f1806bb5-be4f-4b44-af15-15df08da0397,fog,s5,0,0.768061,0.865402,0.894192
f18b7ff2-4ed0-4c46-bb80-9d4662971aca,shot_noise,s3,0,0.679463,0.771827,0.972687
f18c8f42-606a-4b31-83c2-bb1900182ed2,shot_noise,s4,1,0.470243,0.615336,0.702971
f19bfe86-9512-4f64-b4ab-76b0e5a2b0bc,gaussian_blur,s4,4,0.948024,0.973135,0.980144
f1a2fa9d-463e-4515-892d-1d1c8a85b5fa,fog,s3,1,0.809169,0.885518,0.973159
f1a7fbd2-2ccd-4780-bffe-c477b05b8f2d,shot_noise,s5,4,0.665026,0.790149,0.840128
f1b648f7-6b13-44f9-b21e-a46585ce76d9,shot_noise,s5,5,0.502377,0.668353,0.670054
f1c5231c-a3af-4faf-a962-d915f1f1f912,clean,s5,3,0.285316,0.425276,0.476474
f1cacb04-54f9-4abf-9541-798e3081b9f9,gaussian_blur,s4,3,0.961502,0.980187,0.989751
f1d35f4c-6873-4964-97fd-3dfb4e638e62,fog,s5,4,0.893122,0.943544,0.943547
f1dd765d-8cb1-4f27-9052-276e49cd3b5b,clean,s5,0,0.963299,0.981306,0.981311
f1e6ba47-e0ac-4723-a3b9-26a34cd1b2eb,shot_noise,s5,5,0.914451,0.955150,0.958976
f1f2f3f5-7bb0-4d67-9cf3-ac06fbe02a97,shot_noise,s5,1,0.908483,0.952047,0.952048
f20693f1-d904-4bd4-b1be-67a47c1ee6e3,shot_noise,s5,2,0.364896,0.447599,0.692341
f208a6ec-cde1-4a53-b0f5-732c3f1a4dd5,shot_noise,s4,1,0.946943,0.972448,0.983675
f209e3d4-256e-471e-afd0-e31bc78328c4,clean,s5,4,0.959815,0.979481,0.980199
f227be53-515a-4bb8-9ede-557a9550aae5,shot_noise,s5,4,0.543668,0.704364,0.704453
f228a79f-cc1b-491b-ba14-c26d9c3f705d,gaussian_blur,s5,3,0.553220,0.655440,0.877525
f257b70b-b1a5-4f0a-b5e1-6e2d996e8545,shot_noise,s4,2,0.976200,0.987891,0.993369
f25a2a95-f868-4b1f-90c3-389a7a3fe1c4,gaussian_blur,s5,4,0.659858,0.779585,0.865369
f260eb44-ab54-4b8f-a23f-57cb9ebda3d4,clean,s5,2,0.787276,0.880315,0.886525
f261595e-88ed-454e-8912-94828cccfd02,fog,s5,5,0.718216,0.834065,0.847675
f2947689-dd96-49db-b6ae-0a760bbef473,shot_noise,s3,3,0.402121,0.528785,0.668672
f2966fad-b17c-4a61-a392-b56cdfec75c1,fog,s5,1,0.944658,0.971510,0.972664
f2b89fb2-fc3c-4552-867e-037acdf00c6a,shot_noise,s4,1,0.920889,0.957977,0.978763
f2bf560d-c687-4b31-b595-e58d6be39dda,clean,s5,3,0.678969,0.785458,0.917557
f2c9bc45-4f33-4c53-8c8f-46e3b29c6234,fog,s5,4,0.281426,0.419719,0.472877
f2cbb67c-3841-4472-8f8a-ae9c3e9a160f,gaussian_blur,s4,4,0.436477,0.515113,0.798659
f2de6b64-12be-43ce-a8a5-3a15e366e777,fog,s4,3,0.391048,0.438863,0.782096
f2f51d68-1bd1-4033-b504-5c4bbd2d0d54,fog,s4,2,0.905121,0.949333,0.967275
f300eb96-2bd8-48bd-87d7-5cf22a0044df,clean,s3,5,0.490402,0.602415,0.798087
f3016747-f92c-4127-9f2c-5b092275db41,gaussian_blur,s4,3,0.937186,0.966916,0.987491
f307f85c-d36a-4cf0-9d42-c9fdb2cf03c4,fog,s2,3,0.947644,0.972435,0.997898
f310f963-7554-47da-a48f-f9fb6c6c08ac,fog,s4,2,0.962596,0.980879,0.984208
f3191f6b-6fc6-4d54-b62b-2ee4efc22802,gaussian_blur,s5,4,0.922857,0.959843,0.960832
f31c6bbc-db52-4961-ab37-7c0ed3f4175d,shot_noise,s5,2,0.886153,0.939570,0.940805
f32b2b66-f6bd-4bf2-a225-30ae2cb21b27,fog,s5,5,0.698733,0.812910,0.874722
f32d240c-f607-40f8-b046-4063075ef2de,shot_noise,s4,5,0.943990,0.971018,0.977067
f32f4015-7e7c-4dc3-b6f7-402f2a946a75,gaussian_blur,s5,4,0.832481,0.907802,0.917061
f335163c-bbe3-4e6c-9e4b-001ea8b5a560,shot_noise,s5,0,0.686236,0.813599,0.815683
f33eede1-9958-4b79-9b9d-699081c7e1a8,clean,s3,0,0.805335,0.883025,0.970373
f35a900e-b63c-45d0-a05a-a7740c9ab4e2,clean,s5,4,0.678969,0.785458,0.917557
f36549d5-e524-4626-b7c3-1d892ea286c0,shot_noise,s4,1,0.713772,0.815967,0.925451
f365bd20-0b12-4493-8ce2-df3a07fd7b4a,fog,s4,4,0.924937,0.960152,0.982426
f3690a83-faf7-4781-bbbf-0a1853e9a959,clean,s4,2,0.799975,0.884982,0.922708
f36d964f-69e1-4f32-ada3-474ed770782c,clean,s4,4,0.952023,0.975192,0.984686
f373b435-4693-4b94-bbec-60ca9be565ac,clean,s4,2,0.868747,0.927046,0.967024
f39a7544-346d-430a-a107-a6c2394bd95e,shot_noise,s5,0,0.781770,0.875632,0.892704
f3a08445-424d-498e-8f60-e6e12788b98b,clean,s5,0,0.781770,0.875632,0.892704
f3a20b6c-1727-4c0c-8436-917bbf7a8128,clean,s1,0,0.444083,0.470385,0.888165
f3b519e7-cca1-4e24-b90b-487ca0adcdee,clean,s3,1,0.907010,0.949421,0.987159
f3b5f9ef-4a84-45e7-9af9-93ad6915c55b,gaussian_blur,s5,4,0.886821,0.939708,0.945129
f3c2eb06-3d80-47e5-b628-a942afc80094,gaussian_blur,s4,1,0.888427,0.940389,0.949784
f3c5f298-5e61-4ecb-b97c-cc2f8f03cb84,clean,s5,3,0.885924,0.939317,0.942715
f3d5623a-7322-41d6-bd1d-3d10d382beaf,clean,s5,2,0.800150,0.888977,0.889024
f3d990bd-06ab-42cd-8ea4-f2561214edc1,fog,s4,2,0.570977,0.721671,0.745717
f3f01d98-e295-4fcd-bad8-6bc3df1ba191,shot_noise,s5,4,0.909778,0.952753,0.952860
f3f2e836-ed69-4592-928b-d065b05317dc,shot_noise,s4,2,0.648198,0.775885,0.834160
f3f4df6d-87e3-431b-b842-8a0c0a323ae7,shot_noise,s5,4,0.921098,0.958821,0.961544
f3f63c14-e54b-4a41-b311-066971b21bc4,fog,s3,2,0.739208,0.836383,0.933589
f40cc12a-e5f8-4c3e-a6eb-b408251ec161,clean,s5,3,0.921603,0.959017,0.963733
f40ed371-1ae6-4dea-9564-e45ceead979e,fog,s4,5,0.928176,0.961952,0.983739
f414b432-ba73-4cb0-b624-316fd98f04e9,fog,s4,3,0.824143,0.902569,0.914123
f421834c-bc8b-4a9c-965a-97295806a145,shot_noise,s4,4,0.347876,0.484345,0.577931
f421f9b0-f087-479c-a121-0f8cf5217a8d,clean,s3,0,0.881606,0.933960,0.984300
f426cbbd-3878-4d11-a115-42c8afde61b7,gaussian_blur,s5,3,0.893388,0.943633,0.944747
f42e4e5b-9df4-4511-a9b3-3339e5c93d8b,shot_noise,s4,2,0.822000,0.896641,0.957109
f42ee771-6b5f-4b37-9fa3-72e8cc8811f4,clean,s5,1,0.898551,0.946565,0.946565
f433c2ed-2115-4075-a4f4-d755a196048b,shot_noise,s3,0,0.701834,0.804359,0.929264
f4377155-9dc4-4d45-93da-0fe31b7b7589,shot_noise,s4,3,0.728981,0.836400,0.885115
f459e455-2df0-4bf2-b582-1fd0469640b1,gaussian_blur,s5,0,0.749016,0.855792,0.861411
f45c27d8-eba6-4374-b848-ea6bfcec0683,clean,s4,5,0.698787,0.819804,0.838704
f46c7fb2-c08f-4240-acc9-40cad1829165,shot_noise,s5,0,0.917200,0.956769,0.957803
f4824ad2-66b4-4929-880e-328e64067bd7,fog,s5,4,0.879435,0.935848,0.935894
f4842d7d-b36f-4273-bc0e-46a25ed8df98,shot_noise,s4,1,0.869666,0.927608,0.967341
f488864c-6ca0-44d0-ba57-230d2ffaede2,shot_noise,s5,5,0.876937,0.934296,0.936537
f4976401-b494-4cc7-ae6e-9cecd6667b85,shot_noise,s3,0,0.725380,0.818176,0.965453
f49b1e58-03b7-49dc-a6b5-0ad5b4476866,shot_noise,s5,1,0.886561,0.939797,0.941077
f49c8180-6a8d-45b0-a4a7-9a66d204e1d1,clean,s5,5,0.454484,0.619961,0.638048
f49f20cb-fb7a-4ead-96e5-13fd0699f464,fog,s4,2,0.726344,0.832694,0.894011
f4ae0487-6cea-4de3-8689-10282943a4a4,fog,s5,1,0.868987,0.929528,0.935211
f4b85351-8a43-455e-bc9a-9714fc7a052a,fog,s2,0,0.894110,0.940984,0.996805
f4c11f78-60e7-455b-be0b-6e5d2fb83f8c,shot_noise,s5,3,0.563143,0.713888,0.743726
f4cff6ea-46f2-4de7-82dc-c46b19f66514,fog,s3,1,0.691243,0.794595,0.928645
f4d4028c-1d86-4e24-8910-b424420c0d21,fog,s4,5,0.980056,0.989890,0.993673
f4da49b0-3ead-4d71-a87f-b71e839fbd9e,fog,s4,0,0.916716,0.955425,0.981755
f4f31e95-2784-493c-a5f1-3363a93c340e,clean,s4,0,0.604761,0.751136,0.764048
f4fdc9ca-210c-4653-a018-89eef3251b50,clean,s5,4,0.285316,0.425276,0.476474
f508e4c5-a390-4cd1-8ef8-75fd895e1cfb,fog,s3,3,0.926932,0.961118,0.986841
f51ee7ae-7dcc-4dda-8bf3-c002ec45d8aa,shot_noise,s3,5,0.966097,0.982497,0.997536
f52002ae-b1ef-400d-b621-dc31a0bbd590,gaussian_blur,s2,5,0.930885,0.962988,0.997093
f5217bf2-df02-49c6-86d4-e88d7f572b32,shot_noise,s3,1,0.892738,0.941040,0.982171
f52274ef-a7a9-4bdf-b9c1-67a39e135958,gaussian_blur,s5,5,0.857805,0.922407,0.937045
f525c3e2-43a2-4382-8c98-1ddc723c4e04,clean,s5,5,0.543850,0.704521,0.704592
f52b3c6c-5fb0-4601-97b3-94290d5939f3,fog,s4,1,0.751018,0.848494,0.919277
f53529c5-1720-48bf-b33f-ccc424e49dc3,shot_noise,s4,3,0.346147,0.409086,0.692293
f53f34dd-a488-4f29-82ef-317ce3512cdd,clean,s5,4,0.812736,0.893700,0.924875
f540fc7d-949f-4a63-836a-097034b09bb7,fog,s4,0,0.965332,0.982199,0.991399
f541168b-a65f-4229-aa97-214dee33bee9,clean,s4,5,0.944368,0.971144,0.979855
f54d625d-692b-4202-8e09-d45abeaf8047,shot_noise,s5,2,0.833935,0.909356,0.910481
f55349e2-1644-4fc1-aa9a-3b91b23a7661,shot_noise,s5,2,0.552626,0.708814,0.722320
f555be34-398d-4cbe-9213-dc212d555588,shot_noise,s4,1,0.957732,0.978276,0.984565
f556831c-e80f-48e5-b72d-d279ec08001b,gaussian_blur,s5,5,0.946719,0.972617,0.973104
f581ef74-f0b2-4a49-b427-20e605173d0b,fog,s5,5,0.854841,0.921164,0.929045
f5827eff-f7fc-40d0-8f34-17c83ec739bc,gaussian_blur,s5,0,0.880398,0.936270,0.938356
f590810d-300f-4d40-9468-9354a26e9e32,gaussian_blur,s3,4,0.860955,0.920856,0.981219
f593ae9b-fcee-4ee7-90f9-836ab8a76d3b,fog,s5,4,0.873380,0.932083,0.937243
f593b93f-4697-4bf8-a790-2a1e497d8fca,shot_noise,s5,0,0.903594,0.949069,0.954985
f59e3291-eb31-46f6-9a98-6b8d2fe7f293,fog,s4,5,0.877308,0.931892,0.975061
f5b7535b-2a1b-42f3-83da-8cd63997e42b,shot_noise,s4,2,0.959733,0.979332,0.985307
f5c3077c-d772-443d-82cc-60e69e51deb4,clean,s4,5,0.976262,0.987955,0.990784
f5c49051-d059-4027-8264-567aefd1ed15,shot_noise,s5,3,0.845035,0.915833,0.918107
f5d00f08-f2b8-4049-a36e-62d36caac5ad,shot_noise,s4,3,0.823216,0.897426,0.957739
f5d30bcf-1181-4313-b140-d833aeece9d7,shot_noise,s3,4,0.454159,0.539415,0.809659
f5d55f1a-662a-4f14-9220-be66133af55d,clean,s4,1,0.882282,0.935787,0.963509
f5d8d35e-86ee-44e2-94a6-919b6673e857,fog,s5,2,0.532064,0.694165,0.695900
f5eb06b1-bdf5-4e31-af9d-f6aba1e56cab,fog,s4,0,0.698787,0.819804,0.838704
f5f9e036-957b-4f86-86f3-0db33fa0d178,fog,s5,5,0.878266,0.935184,0.935240
f605a9a1-5268-407d-96c1-05757067cf31,shot_noise,s4,3,0.522934,0.600893,0.901856
f60f2c70-5c3a-4822-a148-c3ab73461e56,shot_noise,s4,4,0.959303,0.979120,0.984443
f636a06f-4e94-4784-8d95-b73bf30c5e96,shot_noise,s3,0,0.913455,0.953409,0.983982
f64763b3-ac2a-4abd-a0ae-80d8dbb1f6b9,clean,s2,3,0.890884,0.938966,0.996824
f649f151-af72-4104-97b4-d6b21f7e91c4,clean,s4,1,0.885747,0.938870,0.948282
f64abc27-555d-4b98-a407-935e867d3156,shot_noise,s5,1,0.822429,0.902130,0.906987
f64ba2f0-9001-41c1-a4d0-d088e71d2863,shot_noise,s4,3,0.976509,0.988060,0.992667
f64c3ac8-a4ca-46b2-90c3-42b5d5b7a210,clean,s5,4,0.854888,0.921349,0.927099
f64e8342-bf54-470d-a10f-6c2ed5cea013,fog,s4,3,0.631329,0.763976,0.816501
f65345a6-96c5-4b9f-ae14-6124b2902aac,gaussian_blur,s5,1,0.927979,0.962323,0.971177
f65b7e6c-e440-46a5-ae35-52d12776f66a,gaussian_blur,s4,5,0.329537,0.480211,0.525550
f6607fd1-6cc3-431d-91bb-b3c28bec7f8d,gaussian_blur,s4,4,0.895971,0.944470,0.957035
f669f5b6-8628-47e7-8f94-b39d69f79ce4,shot_noise,s4,5,0.941056,0.969357,0.978633
f69154eb-13ab-427d-b3e1-e679ac600343,clean,s5,2,0.435240,0.573291,0.684343
f693d1d1-7cf5-4702-bf4a-27ef2eceb5e3,fog,s5,3,0.291883,0.434368,0.482817
f699e32d-5f65-4766-a3f5-1cd58c434340,gaussian_blur,s5,0,0.953872,0.976350,0.978131
f6b70f86-14bd-4095-ab57-4a48cc7edf08,clean,s4,5,0.731817,0.829203,0.938476
f6ba0f08-87d8-4a17-b696-6dbacdc72857,clean,s4,2,0.945053,0.971451,0.982246
f6bf8e1d-6410-4cf7-a8f8-2a4ef42efe0f,gaussian_blur,s4,4,0.306643,0.432190,0.534821
f6c76c6f-6b57-422f-bdb9-4308d847ec80,shot_noise,s4,1,0.945021,0.971495,0.980096
f6cab1a3-7057-4bfb-ba0c-fec0d48540c6,gaussian_blur,s4,2,0.922488,0.959011,0.976037
f6d29869-968a-451d-80ae-7937cc6a7110,gaussian_blur,s4,3,0.832400,0.905374,0.941941
f6d90fa9-dff7-4e8a-8b21-9547dfab132f,clean,s5,1,0.963299,0.981306,0.981311
f6da0c44-270d-4e9e-b2c5-3c8f78567b03,fog,s4,5,0.696694,0.813530,0.862571
f6e1573f-9a22-4a7b-b640-ba845c370c4c,gaussian_blur,s2,2,0.720903,0.809390,0.986968
f6fcc1a0-8a61-4b3b-aa24-757369372246,fog,s5,2,0.570005,0.724035,0.733669
f7095ceb-8523-4636-8892-9adea33ec4a7,gaussian_blur,s5,0,0.612971,0.756029,0.776542
f70b1a70-e6eb-4a39-b9d7-6b31284f98da,fog,s4,3,0.693940,0.811665,0.859968
f718b0cf-d24a-4bf9-a8dd-c23b4099e9df,clean,s4,5,0.785187,0.873752,0.926533
f71ff854-07c3-4859-abb1-d3fca1ed508a,fog,s4,3,0.843184,0.913770,0.928264
f72bf1ac-635b-4df3-aabc-af2a3962f0c7,fog,s5,1,0.894371,0.943870,0.950843
f7360178-0230-4e5b-8fac-4aee6ac4b3cd,clean,s3,3,0.922869,0.958580,0.991450
f74899ed-e4dc-41a7-a07e-20b5b59ab223,gaussian_blur,s5,0,0.886212,0.939600,0.940891
f7512bbb-4ad6-44c6-b8dd-998e964a7416,clean,s5,5,0.948805,0.973722,0.974029
f76570a2-ab44-4dd2-a503-09227ca55109,fog,s4,3,0.875953,0.932568,0.953267
f76ed91c-069c-4653-8ba7-384461167257,clean,s2,2,0.961883,0.980217,0.998461
f76f745a-31b3-4658-be8b-0b3aa8ef2610,gaussian_blur,s5,1,0.898709,0.946651,0.946688
f774fba9-de75-4431-8f45-20b383142af5,clean,s3,5,0.922869,0.958580,0.991450
f7764bfe-9301-4ff6-bf69-6e29c52cafe1,shot_noise,s4,4,0.460768,0.606678,0.692331
f778122c-6550-4630-8f70-e95fdcdd7d74,clean,s5,5,0.507072,0.640603,0.762853
f781b2f7-ee91-4a67-9b83-c336bce7e8b2,fog,s4,3,0.585316,0.733430,0.757147
f7835420-76bf-4990-be19-bcc675957000,gaussian_blur,s5,5,0.795688,0.885827,0.889675
f7894658-eb4d-469c-bac7-b147bded9b59,gaussian_blur,s4,5,0.810223,0.891574,0.928273
f78cc040-45a2-4af5-b6dc-a1b46b32475f,clean,s5,5,0.844187,0.915429,0.916491
f78f62f5-a946-4438-8bf5-5a39fdc05016,shot_noise,s4,2,0.738502,0.843106,0.890875
f790de57-f15d-4964-b47d-658633bf7b84,clean,s5,5,0.437071,0.549530,0.738698
f7993984-16c2-41a9-9f94-897b1fbdeaef,clean,s4,2,0.952141,0.975125,0.989904
f7a8e77a-0c65-42f2-ad77-b254f4180c9a,fog,s5,2,0.743602,0.849963,0.872855
f7b46b95-e791-43f6-9023-5a6bf6bc717f,gaussian_blur,s5,3,0.716757,0.835013,0.835013
f7b56854-b748-4b14-85fd-665c57ebea80,shot_noise,s5,0,0.873856,0.932636,0.933374
f7b5c478-9ec7-499c-9f1a-4b7d41b5836c,shot_noise,s4,3,0.731983,0.838399,0.887675
f7bea0ea-2d8d-425b-9e63-28605cab43e2,clean,s3,2,0.805335,0.883025,0.970373
f7c1c6be-3a5b-4492-bd24-b5c3f971443e,fog,s4,3,0.689252,0.796059,0.914037
f7c7afb3-c343-410d-83bb-4b7f8510162c,shot_noise,s5,3,0.611128,0.750554,0.791024
f7ca8935-d685-4316-8d19-d755c00265ab,shot_noise,s5,0,0.859961,0.924204,0.931365
f7d1f28e-dbe2-43bd-829f-a77fb5f58767,shot_noise,s3,0,0.394071,0.444567,0.782816
f7e6f0a0-65f0-423b-b863-1684be05c4e0,shot_noise,s4,1,0.640894,0.777000,0.799771
f7f561ce-0155-47bd-8a1f-2c7e5a01ff33,clean,s4,0,0.513633,0.664796,0.720084
f7f67ed7-b29e-4de0-9d3d-539db0709567,fog,s5,0,0.917200,0.956769,0.957803
f801fba2-b38b-4fe5-920d-c4773e4591bb,shot_noise,s5,5,0.951717,0.975111,0.981303
f8027e9d-3bf4-4a73-a7ca-f4ce577a52d7,clean,s5,0,0.860366,0.924393,0.932210
f81709d3-c0f6-4dfb-92a8-0df6d37e4084,gaussian_blur,s4,2,0.944700,0.971375,0.978168
f8203b52-a29a-434a-baae-fcebb205c65d,shot_noise,s5,0,0.592518,0.743587,0.746235
f825f09c-5f9c-4186-a7f0-e2980675a637,gaussian_blur,s4,2,0.847665,0.913883,0.960165
f8267362-440f-4431-bdc2-c8e402f0f675,gaussian_blur,s4,3,0.971052,0.985231,0.990901
f8428825-6301-4843-9e05-77589501e0bd,gaussian_blur,s4,5,0.982843,0.991311,0.995502
f845e813-26de-41d2-b413-e2a0dca3bcd6,shot_noise,s4,5,0.960699,0.979707,0.992234
f847d0c6-0bed-4495-af4d-86d25824f70d,shot_noise,s5,3,0.735918,0.846440,0.857193
f84ebaf2-5695-4de3-94b0-423d03702293,clean,s3,4,0.913455,0.953409,0.983982
f859895b-1872-4d05-850f-1b76b1aa8f6c,shot_noise,s2,0,0.600900,0.678857,0.974421
f86a29b9-6483-45da-92f1-c6615000b398,shot_noise,s4,1,0.606894,0.721476,0.877029
f870c4dc-7842-420e-b8c7-4d9438b7f40a,gaussian_blur,s4,3,0.935501,0.966225,0.980005
f8736e3a-f1ea-4ba9-929e-a2635366451f,clean,s4,2,0.900706,0.946316,0.974640
f878964b-717c-4432-a4f2-b85b7c90b08f,shot_noise,s4,1,0.978029,0.988845,0.993157
f87f97a0-e088-4d36-be63-2e23c94fe351,fog,s3,5,0.888169,0.938209,0.982267
f89364d7-edec-499c-876e-170dad1f25b1,clean,s4,4,0.625586,0.766000,0.785376
f8a406b7-dca7-478f-aef3-b7edb229d031,shot_noise,s3,1,0.923108,0.958718,0.991480
f8cce0ab-8b14-4024-a243-5c288ed5b293,fog,s5,5,0.538596,0.696819,0.710981
f8cfd9cf-0bec-467f-b91e-bcf2c1107628,fog,s5,1,0.760967,0.863269,0.871514
f8d388c6-c288-4111-b874-36389f71bbc0,fog,s5,3,0.945658,0.972040,0.973160
f8d3d8dc-9de4-4682-bbdb-f6f2fcd13aeb,gaussian_blur,s5,3,0.697639,0.815401,0.857061
f8dbc84c-8f08-4777-864e-096b2dc1004c,clean,s5,4,0.826418,0.904573,0.909021
f8dd6ea9-5d71-41cb-a68f-7d391492c621,clean,s5,3,0.911703,0.953800,0.954076
f8e03130-97e0-4324-a109-24ba32aa5b13,gaussian_blur,s5,4,0.940292,0.969169,0.971117
f8e2ad4a-d51b-4228-b2a2-ca4692a17c63,gaussian_blur,s4,3,0.887732,0.939734,0.953696
f8e7a7f8-9209-434b-806f-55ff144b9867,fog,s4,5,0.700863,0.810529,0.895892
f8e89ded-f1bd-49c0-b403-ff0c19fa5f0c,clean,s2,4,0.890884,0.938966,0.996824
f8f436ce-6cf7-4328-a1fa-f6e447d1175c,fog,s5,0,0.781026,0.874837,0.894752
f8f45bf5-8d56-4d01-b24b-7ab072e91b35,fog,s3,4,0.648119,0.765506,0.876005
f8f534f4-87ba-446d-8192-5cb57ca844b6,gaussian_blur,s5,5,0.934724,0.965995,0.974084
f8f97f49-ce7f-4beb-8c34-cdf7be850577,shot_noise,s4,4,0.655415,0.776609,0.860043
f8ff0ba0-a229-4fa9-9ca2-d0d5b083b52e,fog,s4,4,0.731168,0.836990,0.892075
f902a95f-7d26-4fa3-ac00-eeb508fc1211,shot_noise,s5,5,0.952293,0.975485,0.978757
f90b9b3d-5052-4e6a-8450-08e4bc3372af,gaussian_blur,s5,5,0.208732,0.329778,0.368642
f91095b6-e332-48f7-baf9-375c37a144d3,shot_noise,s3,2,0.794129,0.873676,0.976900
f9180a76-1a89-4385-a7de-e06ea5268899,shot_noise,s5,0,0.886212,0.939600,0.940891
f918992d-c437-47cb-a256-a5495bf19c23,shot_noise,s5,1,0.708997,0.823558,0.864661
f91bc14f-20e2-443f-9759-15177e5f63f3,fog,s5,5,0.895614,0.944625,0.950503
f931fd70-c909-4200-8992-35bf4db9be7e,fog,s3,1,0.927475,0.961224,0.992000
f9327ad5-796f-4d41-88a1-a625d84782e6,clean,s5,1,0.866144,0.928133,0.930203
f9461e34-ff79-45e3-ac8b-5eb74e86c703,gaussian_blur,s5,1,0.801968,0.889336,0.897024
f94c498c-0446-4f18-8f56-f6f6f654b1d6,shot_noise,s3,3,0.582042,0.667525,0.941199
f95ac1d6-1902-4034-a8fd-1d6939fe07b1,clean,s4,4,0.604761,0.751136,0.764048
f9604e2b-d030-443e-b24f-64b594aa87f9,shot_noise,s5,0,0.454484,0.619961,0.638048
f962210c-ab85-47e1-bc6d-a3ed90f50517,gaussian_blur,s4,1,0.979671,0.989707,0.992107
f96bd6d4-93c3-4d4b-b81d-682de1ecac48,gaussian_blur,s5,1,0.919792,0.958030,0.962749
f96dd4f2-e268-47dd-8708-3ac68964facd,gaussian_blur,s3,2,0.821869,0.894867,0.972229
f96eeda4-ea39-4ef0-a5ab-a6259692e066,gaussian_blur,s3,1,0.713355,0.814696,0.929856
f97401cf-021f-404c-8f66-76b0ead37dfc,clean,s4,5,0.826100,0.901652,0.936464
f981044a-1418-4ac0-bb57-77f3b88287d4,gaussian_blur,s4,1,0.715485,0.824278,0.890325
f997b9e8-2a32-4998-bded-32a030ae32ed,shot_noise,s4,4,0.982702,0.991239,0.995459
f9a8ef03-05ec-4805-998f-4ecb855e525b,gaussian_blur,s5,2,0.947180,0.972697,0.979321
f9aa2ed3-f5c9-4fa7-9485-4813b94bb296,shot_noise,s5,5,0.899285,0.946970,0.947008
f9c9e1fd-d40f-4e5f-864c-844253f5719d,clean,s5,5,0.628609,0.771570,0.773659
f9d36a3a-37c7-4831-8f2b-2d0c7b8e9a86,shot_noise,s4,3,0.767485,0.863143,0.907216
f9e6da8f-0855-4217-83e1-3a7095a8213e,shot_noise,s4,3,0.891372,0.942142,0.949915
fa0edd58-ab9c-4a90-bece-b3756d102c39,shot_noise,s4,2,0.652801,0.786853,0.804385
fa375a42-4d80-4ff7-b426-326544745521,clean,s4,4,0.735292,0.840795,0.889301
fa3e4d6f-b3bc-4cb4-b5c0-1929634cae3f,gaussian_blur,s4,3,0.966411,0.982869,0.985808
fa47fbdc-6e4b-4ea7-bc42-12f0bd38b93c,gaussian_blur,s5,2,0.882150,0.937056,0.942623
fa5156d2-d825-4e92-a3df-4466dcbc2a6f,gaussian_blur,s4,0,0.822005,0.898640,0.938501
fa568a71-4fa5-49fd-a8c3-b5c1ca448089,clean,s4,4,0.592838,0.694388,0.907957
fa5db6c2-212e-4a97-a3a8-b21306562fcb,shot_noise,s4,3,0.837019,0.909243,0.933717
fa639bf0-cb8c-4cc3-9878-b3f581ad5b21,shot_noise,s5,4,0.554741,0.713449,0.714181
fa73a486-cbf4-4a06-98d0-f87fda815c13,gaussian_blur,s5,0,0.782706,0.877273,0.884934
fa75a4fc-dad0-4211-b618-06a60ca6011c,shot_noise,s5,1,0.951416,0.975058,0.976940
fa790b71-f3aa-452e-9442-084159b405aa,fog,s5,1,0.979159,0.989452,0.991109
fa7ebb18-c55f-4981-88ee-e6550893d5a4,gaussian_blur,s5,0,0.973546,0.986594,0.986709
fa8bf782-8ad0-4b18-a624-035eed7c0298,fog,s4,0,0.932734,0.964437,0.986558
fa92dd1b-cf98-4fad-b416-29cad91c6c41,gaussian_blur,s5,2,0.902153,0.948560,0.948560
fa94ccf9-f708-4668-83e0-218a3fdb4dd6,shot_noise,s5,4,0.978828,0.989296,0.989744
fa9e5b8f-f817-4676-8199-04b99d8b42dd,fog,s3,0,0.632913,0.734074,0.929829
faa0c877-dc67-4374-84b7-ee0f445dd3c8,fog,s3,4,0.665194,0.765006,0.943335
faa265d7-5f4b-4b8f-b538-1dfe9d504bb7,fog,s3,5,0.805763,0.883204,0.971465
faa2d66e-d38a-40d8-860b-373a1e232b45,shot_noise,s4,0,0.981097,0.990426,0.993892
fab5da6b-aaf8-4266-b19c-b2affdf57a76,clean,s5,3,0.945124,0.971680,0.975613
fabcd9b5-bbf5-4208-b20d-f668ef18509d,shot_noise,s5,5,0.850314,0.918448,0.927129
fabeaa8e-1fec-4d83-87a4-fea2aa697f6d,shot_noise,s5,0,0.898551,0.946565,0.946565
fac692bd-7428-4eb0-9352-9bad46816ab3,shot_noise,s4,1,0.541518,0.639977,0.876459
fad1564a-bf26-4f56-9c4c-779894862c60,gaussian_blur,s4,4,0.427055,0.597759,0.600385
faed8168-2a14-4cf9-bf88-add12119dcef,fog,s5,4,0.752123,0.857892,0.862997
faf0c761-36da-420f-aebd-5793fdc6ed47,clean,s4,0,0.916716,0.955425,0.981755
faf4eff4-98d7-4ccb-a1e8-33c74f291b29,shot_noise,s4,5,0.959506,0.979081,0.991440
faf70232-3603-4bbf-9334-17bfe1a3d8c6,clean,s4,5,0.964637,0.981874,0.988962
fb048061-1161-45d1-9c25-d4b3e4f3de23,shot_noise,s4,1,0.470747,0.576372,0.790693
fb057f65-b05a-467d-abae-d60d4c82c8a7,clean,s5,4,0.834246,0.909450,0.911664
fb2f4836-1c36-4dd3-b268-d4c56dabee4a,clean,s5,1,0.962609,0.980947,0.981033
fb41f01b-3337-4e5c-959a-3efbdd0a2309,shot_noise,s5,4,0.910912,0.953366,0.953669
fb6bb856-78f6-4b42-9d62-6bb80ca7245e,gaussian_blur,s5,4,0.296326,0.452468,0.465781
fb716897-f6da-4a6b-86bf-8f45850946ec,shot_noise,s5,3,0.963273,0.981292,0.981377
fb7ce78e-e1fb-44fb-b3a0-c4e8f60a2dca,clean,s5,5,0.910356,0.953070,0.953177
fb7d11f0-5fdb-413b-8632-a770abe63fe6,gaussian_blur,s3,0,0.394071,0.444567,0.782816
fb8246a6-9338-4247-9ab5-7bbd8ba60f41,fog,s5,0,0.597773,0.748187,0.748539
fb86518e-591d-411d-bd32-91f85fe717a2,fog,s5,4,0.443428,0.557701,0.742621
fb871716-10a8-4848-ae4a-e1f7d0e899ac,shot_noise,s4,0,0.952023,0.975192,0.984686
fb9a8721-9365-4868-985c-ecaa82da9a5d,clean,s5,1,0.903594,0.949069,0.954985
fb9ed3e4-e7b2-4b0b-a970-442b236c65fa,clean,s4,2,0.957384,0.977968,0.990018
fba662df-fc9a-4a18-ba71-5dc7a4e7116a,shot_noise,s4,5,0.906223,0.950078,0.965360
fba93e29-6b28-4dbd-9868-a928bb242a37,shot_noise,s4,5,0.908875,0.951241,0.973205
fbac1f8d-a4b5-4a58-8104-96f766bf09ac,fog,s4,5,0.421580,0.457453,0.843159
fbb1e1b4-f7a9-4e48-987e-14e0c185a859,gaussian_blur,s4,1,0.731983,0.829303,0.938703
fbb24eb6-8297-4f47-acf6-241ef540077f,gaussian_blur,s3,0,0.632913,0.734074,0.929829
fbb3276e-e5e1-44b9-b2e5-730553dbd0ee,fog,s4,4,0.821100,0.898498,0.933930
fbb4a00b-e457-483c-8943-12bc2168a1b2,shot_noise,s5,1,0.940144,0.969014,0.973477
fbb9ea94-e598-4858-8216-69d956fdd4d0,fog,s4,3,0.873893,0.930220,0.968282
fbba5257-9ff7-43e3-8b34-92d1cb8e47e3,shot_noise,s4,4,0.904590,0.948469,0.977772
fbc05aa7-9fab-46f9-9bd9-d292da165590,gaussian_blur,s4,5,0.685263,0.807407,0.843536
fbd055c2-1769-431c-bb60-113dee5843e1,gaussian_blur,s2,2,0.629188,0.715572,0.972176
fbd0c99e-dc5a-4a57-9579-c8dc93b1f4d7,shot_noise,s4,1,0.827530,0.901038,0.951995
fbe18449-14ae-4692-b19a-27270d04498e,clean,s2,2,0.596664,0.676794,0.965808
fbf51ea6-f760-4ef2-ae11-9f1bd3362cd4,fog,s5,3,0.898679,0.945897,0.960288
fbfb60d8-7810-4a46-950b-085a9749006b,gaussian_blur,s5,3,0.879586,0.935581,0.941451
fc043ccc-f8b6-42d8-a77a-d846795c5c55,fog,s2,3,0.928654,0.961707,0.996981
fc0e3a84-3257-4074-b36b-25fbd826d457,shot_noise,s4,5,0.625210,0.766662,0.781081
fc130da0-98c2-4df3-8ee6-70cd8da3ab0a,shot_noise,s4,1,0.961664,0.980261,0.990426
fc1a33df-1c46-4c5c-8599-8f7b3550b25c,shot_noise,s5,3,0.628916,0.771963,0.773184
fc2bca07-97a2-4f8e-90fd-995bc109e6e6,clean,s4,2,0.666197,0.795348,0.820741
fc3b4f6e-6784-4b24-821b-13709362465c,clean,s2,0,0.961883,0.980217,0.998461
fc4506f2-901f-459c-a5aa-07a78091d7e4,clean,s3,2,0.876253,0.930754,0.981586
fc5aa185-e687-4f8e-b007-48462814e42c,clean,s3,4,0.960616,0.979616,0.994475
fc65eac5-8764-4a51-87e8-7b851cb180b0,clean,s4,3,0.828523,0.903509,0.934330
fc793243-34fb-4211-9c46-f9cf6f9958bf,gaussian_blur,s5,2,0.925690,0.961337,0.963333
fc7aefae-be89-4b0a-bd03-3cd9008fff3d,gaussian_blur,s5,5,0.802443,0.886850,0.921728
fc800fbf-0ef1-44c8-90a6-dc1097b26346,fog,s5,1,0.722577,0.837937,0.845192
fc8a2ba5-cb5c-427e-91b3-0c6d3b5ffba1,clean,s5,3,0.812736,0.893700,0.924875
fc8cae1d-7c6c-4ecd-96db-2234480f82bf,fog,s5,0,0.926334,0.961664,0.964231
fc9c6fde-49af-42f4-adec-5a421826992f,fog,s4,2,0.628917,0.745393,0.877440
fca53a10-7b41-4536-866f-b8838f9017e0,clean,s4,5,0.964545,0.981752,0.992967
fca5c84b-6f52-452f-a8e7-3212e42a128f,shot_noise,s4,1,0.768860,0.859551,0.938944
fcad754d-631b-4f62-8d08-959dbd4d0e8b,fog,s5,2,0.924222,0.960404,0.966048
fcb9d091-a530-4362-8182-023d78ae295d,shot_noise,s5,4,0.667811,0.787248,0.864631
fcc3d98c-ae6b-4242-a407-c37eabb2f4c2,shot_noise,s4,2,0.721169,0.830992,0.879461
fcd19e9a-39cf-4669-adbc-5a2627842f77,shot_noise,s4,0,0.867819,0.927982,0.946587
fcd3fde5-8b56-4863-abb0-af5fa9e47973,clean,s4,2,0.929510,0.962919,0.978245
fcd9fed3-0a0e-4a12-b602-fc79f0ef42f5,clean,s5,4,0.781770,0.875632,0.892704
fce7e3a8-4e63-4dbc-98a4-77720d45bcd8,shot_noise,s5,1,0.435833,0.547848,0.738083
fcf049ce-977c-4aeb-81d8-cd559d93ff2d,gaussian_blur,s5,0,0.922128,0.959113,0.968619
fcf99558-c103-44c8-9b9b-9a445f61230e,clean,s4,5,0.604761,0.751136,0.764048
fd1a6651-4f8a-421a-9e6b-2ca73cfbf8d4,shot_noise,s4,0,0.974868,0.987195,0.993478
fd27d371-113a-43ea-bdef-8bded4ff9e0f,fog,s5,1,0.435342,0.547332,0.737544
fd432522-b8a6-421f-a5b8-e04700d3682c,gaussian_blur,s4,0,0.838655,0.909635,0.941173
fd5682a5-3489-4580-87ae-40f3e5aa9cc1,shot_noise,s4,3,0.709833,0.819617,0.889492
fd59b9cb-08f2-4b21-aa84-d107a859cd08,gaussian_blur,s4,2,0.896770,0.944631,0.962639
fd5f4846-586d-41f3-9c32-6191d6b42f9d,gaussian_blur,s5,1,0.914309,0.954916,0.962343
fd7cbee1-8a79-4cfb-bf86-61673df06c94,gaussian_blur,s5,1,0.937952,0.967966,0.968507
fd7eda68-991b-4cf6-b2bd-6435685ff355,fog,s5,2,0.626277,0.765891,0.788592
fd870cd0-0dd7-48ba-942f-c28c2abea72a,shot_noise,s5,2,0.706647,0.825925,0.840672
fd960391-1600-4d76-8769-28c55102dd65,clean,s4,3,0.838005,0.908099,0.952829
fda37a63-6db5-4eb9-8619-e03b4c4db3d8,fog,s3,5,0.911385,0.952216,0.983417
fda8497a-7254-4348-a2d7-f93170d384f2,fog,s5,1,0.951872,0.975323,0.976127
fdb9c982-0ac3-4199-b30b-ba07dd6d8392,gaussian_blur,s5,3,0.817976,0.898679,0.911685
fdba95b2-905d-43a0-ab46-10304466b473,gaussian_blur,s5,3,0.793031,0.880372,0.919664
fdc0f715-29e4-4a48-babb-d00252e8a014,shot_noise,s2,2,0.486069,0.492936,0.972139
fdd87441-b0df-472e-b858-2083619c5ecc,shot_noise,s5,4,0.612964,0.752102,0.792096
fdde447d-37ea-441d-a200-d46c6c440274,shot_noise,s2,3,0.885353,0.935491,0.996541
fddf57a8-d588-40f0-831a-26fe3d79d49f,clean,s4,0,0.625586,0.766000,0.785376
fde0e6df-5ea3-4a31-8152-a66f847d5ce9,fog,s4,3,0.421207,0.457234,0.842414
fde3a9d5-6f6a-4399-add4-3b0a9ebd2dd2,fog,s4,4,0.421393,0.457344,0.842787
fdef8bb1-e9ee-429c-aa76-f445676a6617,clean,s5,0,0.790877,0.882411,0.890187
fe1f9441-311d-48cb-85cb-90c204b6ada8,gaussian_blur,s5,3,0.975402,0.987545,0.987803
fe2ec5c3-5f79-4b77-80c1-b640cf4a4250,clean,s4,2,0.867819,0.927982,0.946587
fe2faf87-beb9-46e2-9996-a3f719aa140f,fog,s4,2,0.980504,0.990120,0.993807
fe31aace-e1a7-4d61-baaa-3c5de6b80e45,gaussian_blur,s3,1,0.872113,0.928313,0.978773
fe52ff32-b958-4317-aaa4-c8028d97fd4b,gaussian_blur,s5,3,0.745245,0.853916,0.854805
fe639e21-c671-4e0e-8b0f-e12d22aaa810,gaussian_blur,s4,3,0.731199,0.837838,0.887237
fe718c3d-7fae-4ce8-acec-48b5c16d2b3d,shot_noise,s5,1,0.978786,0.989261,0.990933
fe74ed02-c3b3-47cf-bec6-5da09aad8dec,clean,s4,3,0.979257,0.989477,0.993552
fe7d0cdc-d7e6-4e81-b2ea-7a0b7daff73b,gaussian_blur,s5,0,0.781026,0.874837,0.894752
fe918793-925c-4ff6-a85f-e0690f1cc1c9,gaussian_blur,s5,0,0.596704,0.739134,0.779179
fe921845-3308-4623-9f4b-0f73abc387f8,clean,s5,3,0.728599,0.841314,0.853579
fe9268aa-c7b2-4b70-b8b6-235167ca9369,gaussian_blur,s5,1,0.786243,0.879829,0.884509
fe92a882-63aa-41c8-bd47-54065a9efa0d,gaussian_blur,s4,3,0.824550,0.900660,0.935840
fea58ba6-2945-43b2-bba8-ab481605bc36,shot_noise,s3,4,0.901744,0.946285,0.986474
fea8f0bb-8d8e-4a64-bf94-711a3ffce017,clean,s4,5,0.957071,0.977927,0.984325
feb7173a-a753-498f-8327-2cf456c9ac6d,clean,s4,1,0.964545,0.981752,0.992967
feba9067-d323-486c-b5ce-0e784f122d13,fog,s5,5,0.864250,0.927180,0.927227
febc7c81-0ca5-493c-952a-4ae6359acafd,fog,s4,2,0.756525,0.850823,0.932213
fec586c6-5ced-41e6-abb4-8ac59946df01,shot_noise,s2,0,0.831869,0.899394,0.995941
fecaad12-65e6-44e0-b250-2338e57253c7,clean,s5,2,0.880398,0.936270,0.938356
fed1bc7b-a6bf-4b9a-bab8-728e26d70f83,clean,s4,3,0.964637,0.981874,0.988962
fed27d74-a11c-4a8c-bee4-0c53036a3c19,gaussian_blur,s5,5,0.837306,0.911176,0.914530
fedb4ce1-25ce-4345-95ee-1f1ac61e55bf,fog,s5,5,0.774233,0.871935,0.879135
fef49565-744b-41f6-baf7-5f93a5cc2fc4,gaussian_blur,s4,4,0.717157,0.825629,0.890654
ff0f391b-2ec4-4670-9a64-bb751008b22f,clean,s4,1,0.823854,0.901769,0.920240
ff12fdb8-2e13-449e-a282-7b5cde8331af,fog,s4,2,0.703369,0.814849,0.885307
ff3347c0-74ae-4460-935a-fb6e66a2b2fb,shot_noise,s5,1,0.686848,0.814023,0.816150
ff35fd74-16db-4ce6-a3ac-d45946572dcf,clean,s4,3,0.799975,0.884982,0.922708
ff3be804-3657-4d55-91b2-51bd90f50df6,clean,s5,0,0.880398,0.936270,0.938356
ff403871-4544-4cd1-9ebb-cbbaef504273,shot_noise,s4,2,0.707126,0.810682,0.922245
ff540dcd-75f1-44ba-8ad2-a96e612a3526,clean,s5,2,0.917200,0.956769,0.957803
ff5eb118-c48c-4899-8aef-a1914fa4f22f,gaussian_blur,s4,0,0.718895,0.827043,0.890923
ff5f8058-2f9b-4869-87a6-b181113e68c1,gaussian_blur,s2,0,0.600900,0.678857,0.974421
ff652f40-e275-4e10-b7f2-b20547d92cc0,gaussian_blur,s4,2,0.835320,0.906106,0.954640
ff76c026-6a78-4d15-b51e-7d089e14e296,fog,s5,5,0.950607,0.974639,0.976229
ff7a8f71-3ff2-4601-adaa-5996a67a5e98,clean,s4,4,0.897803,0.944272,0.979845
ff886b26-fce8-47ac-a28e-81325793f677,fog,s5,3,0.298388,0.454920,0.468267
ffa40c3a-2371-4e17-918c-fdb250427df9,clean,s2,0,0.935511,0.965629,0.997280
ffaca7ce-cac9-41d9-b8af-6bc42978c73a,clean,s5,3,0.962609,0.980947,0.981033
ffc58c2d-d3f8-4af9-95dc-27fe06bab325,fog,s4,2,0.813596,0.893538,0.931791
ffd4be6a-11cc-4a10-af10-88abfc70a44c,shot_noise,s4,3,0.672444,0.788430,0.878427
ffd9416b-7d6d-49a3-8137-83b8aee5f895,clean,s4,2,0.899392,0.945998,0.966163
ffdb71f1-779d-446c-a9fd-3c863f6d3556,shot_noise,s5,3,0.792344,0.881645,0.905248
ffe7394f-1ed0-41e2-9db2-892a5dfc4d5b,fog,s4,2,0.762403,0.857005,0.922395
ffeaf0db-8cde-4570-b831-580dd315ef8d,gaussian_blur,s5,1,0.679764,0.804763,0.832885
fff9b551-6963-4d09-a41b-e6e0f93b75f6,shot_noise,s3,5,0.672564,0.768471,0.958685
fffcd8ef-011c-4782-b3e2-077628b49e1e,shot_noise,s5,4,0.847533,0.916992,0.923305
