uuid,corruption,scale_bin,severity,miou,dice,accuracy
000b8ee0-796c-41bd-864a-2d32be2aa29d,clean,s5,0,0.592974,0.740078,0.761445
0010b078-94be-4745-a911-a2c6bf57e476,clean,s2,5,0.483640,0.491684,0.967280
001a3b3a-96db-4b7b-b924-75f565356817,clean,s5,5,0.820027,0.901114,0.901125
00204d2c-3a52-469f-996e-09a865e389a3,fog,s4,5,0.417817,0.562548,0.650722
00280944-9c71-433c-bc18-d314f9a70f25,shot_noise,s5,1,0.729565,0.840688,0.862170
002ea5c6-26ee-4cd2-8f1d-89d896b31278,fog,s4,5,0.583985,0.732756,0.754597
0036dc2c-3c32-4c47-b093-218c51c060bb,shot_noise,s4,4,0.316327,0.454023,0.529338
0038a333-05e8-4b2e-92bb-55e13a118d0c,clean,s4,5,0.423885,0.521321,0.750135
003f9589-7da6-4d7f-b26e-fb9fe91fab89,clean,s5,4,0.799744,0.888730,0.888736
0044d54b-8e46-4422-9d6b-5132d85c7138,fog,s4,4,0.498412,0.640497,0.734117
0059da17-a6ec-4ee5-bb27-2235dad4fd86,shot_noise,s4,5,0.686087,0.800291,0.881574
005e39e7-8638-4e61-aedf-94b2674539d2,gaussian_blur,s5,0,0.472313,0.635766,0.657594
005e6e0b-2da7-4219-83ef-e0033f04bbd3,shot_noise,s4,3,0.380665,0.447404,0.739658
006e7e42-b0e8-469d-b4f9-01a55c7d7689,gaussian_blur,s4,4,0.629118,0.761199,0.819003
00799982-3ec6-4233-be4f-33a8a3402bfe,clean,s5,3,0.794914,0.885395,0.888757
007bdf12-7966-4e80-aae0-8d9d56714789,clean,s5,1,0.506870,0.668875,0.684432
0096cccc-61b0-432b-a251-b0275027f3a2,gaussian_blur,s5,1,0.656731,0.791306,0.799982
00a423ac-9aa4-4f3d-b22e-d84db19fa955,clean,s5,1,0.728310,0.842298,0.845982
00b8d6cc-7f27-49d4-a565-3d2363962706,clean,s4,3,0.810918,0.891738,0.931152
00c3cd49-d4fc-42c1-9a99-8ce3e6d4dc57,shot_noise,s5,1,0.374447,0.457033,0.706641
00c5279b-ed86-411f-928b-376547f92899,clean,s5,2,0.771997,0.871322,0.871393
00e91a7e-b49d-4525-86be-cb27b4cd8266,fog,s3,2,0.467687,0.483304,0.935373
00ec32af-2b68-45a2-af2c-f969f8f519c5,gaussian_blur,s5,2,0.670116,0.799167,0.818971
00f41446-11cf-4ee8-a303-63a845146980,fog,s4,4,0.725167,0.835072,0.874768
0103c48b-4a58-4453-aa0e-1c8c32740484,shot_noise,s4,5,0.575780,0.717654,0.777301
010670c8-29c2-439d-b070-d070b5b8692a,clean,s4,4,0.597495,0.727048,0.824949
010ba6bd-92b5-4fb7-bc54-b6611ea96058,shot_noise,s4,0,0.641068,0.773060,0.817508
010dd0f7-1dd1-4826-b162-ed395e7857de,fog,s4,0,0.582625,0.713299,0.816421
010e7705-b296-43e8-b9bb-c2ef8431c8a9,fog,s5,2,0.299788,0.461105,0.461627
0113443f-a072-420e-8705-fa1ac6ff9583,fog,s4,0,0.583595,0.686903,0.897216
01158113-c747-4cf4-b015-adc6433c8bd8,clean,s4,1,0.720776,0.824805,0.911528
011b5c7c-21bb-4158-aa16-830da74494e7,gaussian_blur,s5,4,0.678145,0.807396,0.812422
012701d0-ba6f-4d58-a2e4-fe539fa3168e,clean,s5,4,0.518851,0.670257,0.722511
012a5ed9-6809-4a18-9d49-7f9bfa73b333,shot_noise,s5,4,0.542951,0.684406,0.765179
01358af6-316a-48f8-b5e3-732b2720f9a0,shot_noise,s5,0,0.701220,0.823047,0.831867
014561e2-07e2-46ed-845b-3632d0eaffe8,clean,s3,0,0.856283,0.918217,0.975904
016beaea-6c6d-415c-a8f0-3f8e70f56ca2,fog,s5,3,0.462723,0.631504,0.635899
016e6085-52df-458c-ab2c-583f97043283,shot_noise,s2,5,0.575627,0.639833,0.982856
017068ea-1671-411f-8836-af1976d213aa,gaussian_blur,s5,0,0.466299,0.630380,0.651285
0193b06f-813c-4962-9879-92f3bd087aec,gaussian_blur,s4,2,0.810582,0.893296,0.914943
01a18f2d-d865-49bc-a80d-a5e6e3475469,clean,s4,2,0.339381,0.484804,0.549413
01ad6e63-55aa-4038-a5e4-138fbd37609e,shot_noise,s5,0,0.446160,0.584294,0.695769
01b499a4-06a8-4116-b302-147430250af8,shot_noise,s5,2,0.854744,0.920411,0.937680
01ba9ebd-14fc-4e25-a9f6-b2939e7ec6f4,shot_noise,s5,5,0.784044,0.878928,0.879147
01c88850-4216-401d-9bf1-8e265f394a4f,clean,s2,3,0.583821,0.662922,0.957682
01ccda67-e96f-4465-b956-f50604348448,fog,s3,5,0.188680,0.306134,0.333787
01d5e123-4f7f-415f-8f15-05ee1e87787a,clean,s5,3,0.636937,0.774359,0.795254
01faf3bf-7a2b-40a0-b5a8-209cfb19f5e4,clean,s3,2,0.128509,0.226159,0.229808
02000cc7-4085-4fab-8005-a016057f9b61,fog,s5,0,0.312128,0.453799,0.515963
0209f5da-dc6b-406f-b1f2-dafa5fbedd19,shot_noise,s5,5,0.718173,0.835734,0.837431
020bca46-b827-4498-8c53-ee7dd7f05eab,shot_noise,s3,1,0.522022,0.654739,0.776384
0213541c-e721-49ff-922e-c58cb12cd64d,fog,s5,1,0.412902,0.582430,0.589369
02169a0c-b8b1-4098-861a-b4aed5ede797,shot_noise,s4,2,0.774542,0.870179,0.894283
021b3228-c584-40f0-a787-aa72d4c50b25,clean,s4,3,0.737602,0.840575,0.901760
021e053b-e693-4acf-8c94-3b606b37f9e2,gaussian_blur,s4,5,0.638527,0.764323,0.843328
022cce85-10fb-4dc8-9573-fc8df1a1d9f0,clean,s4,1,0.543620,0.678046,0.786026
022fb6bc-4364-4e26-b51a-1c889f828919,fog,s5,2,0.327147,0.484968,0.508619
02359003-8c93-453d-9987-70d1ddfd480e,gaussian_blur,s3,4,0.712976,0.811194,0.944976
02392539-b1d7-40dc-9f7b-9d84bb37bdc4,gaussian_blur,s5,4,0.582688,0.725296,0.776486
023b7e1e-8476-408a-a6e6-d86acc3f4f29,fog,s4,5,0.589868,0.730537,0.784699
0243b680-c98c-4e9c-b7bb-003b17eb4ea9,fog,s5,0,0.732647,0.845144,0.849267
0247305e-8f68-4a54-a7e0-4162120aecb4,gaussian_blur,s5,1,0.585165,0.738296,0.738325
02477fcf-dbe7-4262-b395-2bf18e5cbce9,clean,s5,3,0.786183,0.879415,0.887586
024b0068-30c3-4952-82bb-aad65547a14b,gaussian_blur,s3,4,0.168661,0.279205,0.301728
02547695-886b-4f60-ac81-51c783b87104,fog,s4,0,0.823467,0.900338,0.931792
0262074e-063b-4b35-8291-73071d7dfaa9,shot_noise,s4,3,0.246143,0.391514,0.400855
02638a42-0acb-4622-8c15-d61597ab8621,fog,s4,3,0.463647,0.629926,0.643342
02665c2d-83c0-41b8-92d2-007789381a99,gaussian_blur,s5,0,0.778200,0.874452,0.881760
026fda7d-4a1d-40bb-ad90-5e821d52a149,shot_noise,s5,2,0.382722,0.517614,0.628132
0271cac0-4127-4564-aa49-0449fe174c18,fog,s4,4,0.561047,0.693989,0.799916
0273c9f1-f83b-4e5b-8137-fd399d8c17a6,fog,s4,5,0.439295,0.587696,0.665573
0274d8fd-2a5c-4e9f-8e99-c1acfc4d5b9e,clean,s3,5,0.801705,0.882099,0.956449
027726ea-181a-4f1d-a74c-301756c78cd1,gaussian_blur,s5,3,0.610445,0.756985,0.762725
027855f5-c344-4acc-b053-77804419983e,fog,s4,1,0.698382,0.811962,0.877968
02a30e5c-706a-4f8a-a46b-d70f0e524139,gaussian_blur,s4,0,0.345635,0.496713,0.547492
02a4dcca-cb84-424c-9676-413ba8825cff,shot_noise,s3,0,0.586454,0.669264,0.951165
02a67027-15cd-429f-8f8f-2a05a4f56921,clean,s4,2,0.485905,0.599887,0.789310
02b74ab1-e282-4f85-9457-52c1d93a21ee,fog,s4,1,0.416450,0.564616,0.641772
02bebd9b-b504-4b2b-a078-5ba54f820c59,fog,s4,3,0.447767,0.483999,0.879344
02bf5717-1339-49ed-914b-79ae2d320fcc,gaussian_blur,s5,4,0.774073,0.872650,0.872651
02d04b02-33bc-4b8d-a91e-75c8de74dc04,gaussian_blur,s5,4,0.487256,0.636889,0.705784
02dee81d-ead9-4aa9-866f-6ee79e024460,clean,s5,5,0.477660,0.639789,0.665163
02e115b0-ba8e-47df-92d8-17941265f05b,shot_noise,s4,5,0.747601,0.845841,0.918709
02e82a9c-259a-4e79-a20d-daa7a4d669fe,gaussian_blur,s4,4,0.776671,0.871831,0.893557
02e8bc07-04f6-4aa9-8515-5711d3a2d4cc,shot_noise,s5,0,0.554764,0.713631,0.713633
02fcc270-71aa-42d5-95cd-3aee247b1026,clean,s4,1,0.563500,0.698054,0.796210
0300bb48-b761-4eaf-a320-80fd4aa2874c,clean,s4,4,0.428578,0.593747,0.615413
030c0d31-bf18-4340-a290-2c9d6a08f721,clean,s5,4,0.732887,0.845581,0.847644
0314b4ba-30ce-477c-a3f7-ea1d65786172,fog,s5,0,0.725953,0.837854,0.861979
03172348-f910-4230-9acb-eb51689ccca0,fog,s5,4,0.798756,0.887539,0.893291
03198eff-7c53-4212-b38f-f88d919d1675,shot_noise,s4,4,0.628666,0.742706,0.885861
03375fe2-aae4-491f-9e85-8dc32a66a00a,clean,s4,1,0.765897,0.855907,0.947403
0337d12e-4020-4963-b11b-d9acf73a6905,shot_noise,s5,4,0.717716,0.835662,0.835669
0345cc6a-34e3-4471-8fdf-7d79c30bfe76,gaussian_blur,s5,3,0.276245,0.391507,0.500932
03689ae1-0636-453b-ab75-b14396ed0575,clean,s5,5,0.581683,0.735299,0.736373
03690dba-a043-4819-ab39-3b64fa61e7ca,clean,s5,3,0.797085,0.885373,0.902032
036d69f0-6bc4-44b8-bb90-ed5d51c1aea5,gaussian_blur,s3,3,0.473240,0.569353,0.812181
036f0081-8b8d-440f-88c7-69dab37e0f01,shot_noise,s3,3,0.473956,0.594710,0.762523
0373c477-e009-46e8-8f3e-6aeddb2de2ef,fog,s4,4,0.407134,0.550580,0.641177
0375b987-cda5-4c6b-905c-8b0c43de63d6,gaussian_blur,s4,1,0.589805,0.728151,0.792869
03814b14-e056-47dc-94d4-9effb082622b,gaussian_blur,s5,0,0.529930,0.692153,0.694693
03a02397-9dd9-43e0-b7d7-5004a98d2632,clean,s4,1,0.335007,0.497173,0.511243
03a8d7fb-023f-4f8b-bdaf-1005e0a9b77e,shot_noise,s5,5,0.623632,0.759443,0.804571
03abec35-3ce1-4f40-80e6-31645800925a,clean,s4,3,0.398841,0.567551,0.576475
03ae97c1-f82a-443a-87e0-349d743aad5e,shot_noise,s5,5,0.618180,0.756829,0.793712
03af138a-bf66-4271-a186-ccb136bb746e,shot_noise,s4,3,0.681102,0.788081,0.915168
03ba0cdc-9b80-47a0-89dd-bc59ece90692,shot_noise,s3,2,0.487906,0.515296,0.945765
03c05fb6-6947-4c97-98e0-87975d1dcdbb,gaussian_blur,s4,0,0.584807,0.696407,0.875076
03c1c5e8-158a-4a0f-8522-b6192fea83cf,gaussian_blur,s3,2,0.257795,0.390995,0.440985
03c290c0-232d-46ff-872c-55224a6fa5ea,shot_noise,s5,3,0.357814,0.493028,0.594139
03e44187-8f1b-45d3-96b2-da4a6536968a,shot_noise,s5,0,0.643708,0.775329,0.818443
03eacf09-8167-4dba-999f-2fb9255e97d8,shot_noise,s4,2,0.680088,0.800274,0.856213
03ed1dfd-2abe-4f5d-a65b-850d71e10d36,clean,s5,5,0.751000,0.856827,0.864559
03fecec5-8825-45e5-b4c5-1d57b5cdfdf7,clean,s4,3,0.480836,0.599262,0.774555
04043aaf-614e-47ef-9a64-e49012dd0337,shot_noise,s4,5,0.800628,0.884438,0.931141
04078d74-c0e8-47d7-9545-a184213aec84,gaussian_blur,s3,0,0.651659,0.739715,0.978816
0408913b-d974-40ec-9f19-fde06f632c9d,gaussian_blur,s3,0,0.500011,0.606663,0.819251
040b45e8-e778-4864-8708-96ae7961e4a8,shot_noise,s5,3,0.716403,0.832086,0.850768
0413b77d-0031-490b-b0be-b55ac96d31b4,clean,s4,2,0.686469,0.808716,0.842187
04160057-f86a-4a93-8d02-549e4c0078ab,gaussian_blur,s2,4,0.489375,0.494631,0.978751
041e0e40-5cdc-412b-a61d-ebb95e335e4b,clean,s4,0,0.438981,0.487820,0.848925
04204afc-83f9-4259-ac80-cd790aedf41a,shot_noise,s5,2,0.609802,0.753667,0.773622
042e7900-9897-43d8-9312-71f805d960cd,gaussian_blur,s4,1,0.458892,0.625479,0.638757
0433db78-62e7-4eb5-aca0-acb18ee69bdc,clean,s4,0,0.449167,0.593432,0.684991
0442255d-7201-4a90-9c46-d74b4cafc995,shot_noise,s5,3,0.719413,0.836211,0.840481
04508e0c-f677-4dc5-99b1-44ef9112e805,fog,s4,0,0.767515,0.863826,0.902556
0450e553-177b-4bd9-87f5-13621bc5f023,clean,s4,0,0.816069,0.895092,0.933307
0456d21d-94e4-4592-be0a-fff3ef4ea78e,clean,s5,1,0.442360,0.595011,0.658749
045fd43e-195c-4ed6-a70a-38b5ffc77708,clean,s5,3,0.320851,0.456609,0.539589
04620cc1-da31-4a47-a4f8-1bef99194c61,fog,s5,2,0.657345,0.793251,0.793251
04646a88-e5f3-4466-86eb-3c2737244af3,gaussian_blur,s5,3,0.336889,0.483285,0.544060
0469af70-8865-47dd-ae1a-582eece32f73,fog,s4,5,0.542549,0.644872,0.868378
046a65a5-4a42-4325-99cb-5aa5b42a6269,gaussian_blur,s5,2,0.505267,0.666564,0.685634
046c7630-ea87-4578-9c9a-f7273bd08cb2,clean,s5,1,0.739986,0.849696,0.856352
046d2d4b-a732-429b-886e-f45201f8ccd2,clean,s4,4,0.335007,0.497173,0.511243
0477d56e-2c08-4329-ac40-2f18ca99d1dc,shot_noise,s4,2,0.675682,0.794144,0.866264
047b12dd-1d9a-481a-887a-8932afab5ebd,fog,s5,0,0.669237,0.799892,0.811621
048c85dd-db00-462b-b9aa-a2f761cc89cb,clean,s4,5,0.711505,0.819234,0.898949
0496c97a-cce3-4a6b-9a74-a6a101619678,fog,s3,4,0.606289,0.709064,0.912421
04a0c05b-4c90-483e-b3fb-42bed524fe96,shot_noise,s4,1,0.782430,0.867628,0.955808
04acf88f-a8cb-4e2b-84b2-8e155f7c8fd8,fog,s4,1,0.419381,0.528531,0.723297
04adb8df-79ac-4812-938f-3a1c7bd891dd,fog,s4,1,0.675470,0.803050,0.822832
04b26315-588a-4d4f-85ce-f8c5a56358ff,gaussian_blur,s3,5,0.540240,0.670159,0.796525
04d3211f-cd6e-4ac0-b895-400e0c54038e,gaussian_blur,s1,1,0.281760,0.360417,0.563520
04d49295-b557-440b-9a4e-b5daaa8ec2c5,clean,s4,3,0.658722,0.773057,0.887648
04db5854-fade-4d6e-838b-cd719459c67a,fog,s3,0,0.511575,0.590140,0.888501
04f23911-94f7-4487-9316-6ea274acd165,gaussian_blur,s5,2,0.234959,0.376624,0.386752
0508374c-0bec-46e1-8a3b-60a8ff6eec2b,clean,s3,3,0.458175,0.478642,0.915711
050e0a43-15d7-4de9-88e5-76ba66680834,clean,s4,0,0.358401,0.513608,0.556615
0511152b-8ce4-4eb9-b881-2b7bf1439b4d,gaussian_blur,s5,1,0.472482,0.625522,0.685083
05122eec-e8aa-463f-b3f8-ef0388a847db,fog,s4,1,0.394523,0.565788,0.565888
05137f69-e021-45f7-b5f8-e58b82e5f94a,gaussian_blur,s4,0,0.640711,0.763681,0.854372
0517dc03-d5e9-486a-93d2-26e936a7761e,shot_noise,s4,3,0.479116,0.627266,0.703040
05194810-f05e-48c7-8116-85efb142f3b2,gaussian_blur,s3,4,0.742426,0.832507,0.969601
051a4abc-28c1-4d7c-ac73-e4409bfc022c,gaussian_blur,s5,1,0.586187,0.738833,0.740192
051bfe37-54b7-4f33-8361-90dc75ee5688,gaussian_blur,s5,5,0.434891,0.605705,0.607333
0520ec46-724b-4a1c-8e78-c1692e4434d4,fog,s3,0,0.620742,0.728684,0.903525
05243c85-46e2-40fd-a9c5-57011492cca4,gaussian_blur,s5,0,0.407481,0.568982,0.602315
05294395-03a9-4ca1-9882-011ec148510d,fog,s4,1,0.653335,0.767106,0.890016
053086a2-6adc-44c8-bf3e-56a6bfd9f275,gaussian_blur,s3,4,0.679941,0.784097,0.927056
0536ccef-5722-4a99-9204-3e2a4ea27a94,clean,s4,4,0.433366,0.466997,0.863003
0538343d-e6fd-4737-9a86-bc031d4c136b,gaussian_blur,s5,2,0.601677,0.750571,0.754264
053f874e-7f0c-4af1-a24a-e12af9fbf109,fog,s4,1,0.814639,0.893640,0.937459
0546308f-76f7-42bb-b4ad-4db2b8fc3866,fog,s4,0,0.850965,0.918471,0.931885
054cca96-1c04-4c8d-9750-bf4caf1b5757,fog,s5,2,0.622864,0.766233,0.773505
054f670d-dcd8-4a26-9eb0-e748505aae67,fog,s5,2,0.815626,0.898451,0.898453
0571a460-109b-4b76-841b-417efe79964e,shot_noise,s5,1,0.409539,0.572080,0.602165
0571d5bc-e128-472c-b3d6-603ddc90cccc,gaussian_blur,s5,0,0.600627,0.746656,0.765622
05720fd8-9b7e-47d7-aa54-5a247d8ff0e2,clean,s5,4,0.736857,0.847730,0.853520
05793d70-6cfe-465b-9943-b57c7201976b,shot_noise,s4,2,0.459634,0.628473,0.633349
057e598b-eb47-4be2-a46a-707314e4c522,fog,s5,0,0.495309,0.637118,0.732384
057f5b67-3279-47f9-9f31-540ae6fef368,fog,s4,2,0.285764,0.431053,0.468147
0593ec7b-ef96-45ed-b4a6-731aa2d7b0a2,shot_noise,s5,0,0.655956,0.792196,0.792443
059b8925-2884-4fc0-a28d-9af8c74453a5,fog,s5,5,0.537763,0.697850,0.704571
059bce0d-d3db-4ebd-985a-d403e2b1ccca,fog,s4,3,0.353062,0.516557,0.532864
059c19b5-ac5c-4dbb-8e81-06fc1a925de2,fog,s3,2,0.588656,0.705310,0.862437
059f8501-396e-47cf-8587-1a9d3056180c,shot_noise,s5,2,0.289101,0.419488,0.498560
05a465df-da44-426d-b231-47a24ac64d08,fog,s2,5,0.324797,0.411254,0.624656
05ab2371-55d3-49a9-a4f2-55c2fa7cc84e,clean,s4,2,0.723844,0.831954,0.886501
05af121d-38ad-40d5-b28b-509023f5eac1,clean,s5,3,0.703338,0.825812,0.825963
05b18998-2662-4982-ac4a-531b410f061e,gaussian_blur,s5,4,0.367180,0.519304,0.574229
05b287b3-ae06-404c-9d2c-eb59d1d1eaa0,gaussian_blur,s2,5,0.516135,0.583774,0.914100
05b2b84d-4997-4d7b-bfd9-a20236e24b65,shot_noise,s4,1,0.733589,0.837425,0.901063
05c4c4ff-75ee-4f8d-8ccf-5a6fe146a67d,clean,s4,3,0.731239,0.838603,0.882898
05dd9ab0-e3e5-4e70-99d7-03e8e2b75c2e,fog,s5,4,0.689299,0.814566,0.824223
05e1615f-f749-4626-b820-d0abe58631c6,clean,s3,3,0.599704,0.697876,0.921528
05e3a48f-2a26-4b2c-9b2f-1066ef712601,gaussian_blur,s5,3,0.526793,0.678478,0.726102
05e6dd6c-025d-4282-ace4-66ea441d4411,gaussian_blur,s5,2,0.656597,0.791675,0.797653
05e9e9b3-fca7-49f8-a2d5-5be209435ce3,shot_noise,s5,5,0.548188,0.705045,0.718752
05eb4ec7-d7cd-437c-a643-1d701fe3605c,fog,s3,1,0.463496,0.602582,0.710979
0604e910-2446-4e15-80d6-b15e8b81e66b,clean,s4,1,0.623852,0.751857,0.834869
060824c9-0f62-4972-84b3-83494edfa646,shot_noise,s4,4,0.559564,0.704272,0.762624
0614330e-35ed-40cc-a8fa-b5606e34c7cd,clean,s5,1,0.505273,0.665761,0.688021
061964cd-cdd2-427f-8c81-ebc683bab4cb,shot_noise,s4,2,0.541117,0.676954,0.780512
063303c0-1444-4f67-a47a-d74bcfa43d3a,shot_noise,s3,0,0.564982,0.684390,0.841291
0636971d-ba70-484b-b2ac-25925f4f7ff5,clean,s4,2,0.702684,0.813743,0.887883
0648ba6a-da68-4069-bcd4-f4a395a3ff0f,fog,s5,4,0.575556,0.729926,0.733131
064a626c-5dd8-4a36-b846-14f9c004dfad,shot_noise,s4,1,0.688496,0.801857,0.884437
064f9662-0fea-4501-ab73-2c922a2315c4,fog,s3,0,0.586454,0.669264,0.951165
0651d771-f2c5-468a-a4c9-2b6c1bc2ac9a,shot_noise,s3,4,0.504058,0.583750,0.878107
06547683-d2f4-4ebf-9129-f9f712d7f8fb,gaussian_blur,s5,0,0.371095,0.510608,0.604050
0656db81-5ae3-48da-9364-776664b3301d,shot_noise,s4,5,0.519961,0.655235,0.768123
065e4ce3-31c5-4d2e-a051-42ddf4073674,fog,s4,3,0.611173,0.748172,0.800347
06785778-4a50-4256-983c-f8237d92b872,gaussian_blur,s5,2,0.717433,0.832807,0.851408
06798966-000d-4632-9007-0f283e546532,shot_noise,s5,4,0.658648,0.792385,0.802932
06991936-9fe7-4f25-8f1f-f75a51500b3e,gaussian_blur,s5,1,0.648473,0.784570,0.796901
06af522f-76d4-416b-8a35-44c6749581b9,clean,s5,1,0.419112,0.590662,0.590683
06b33e77-8f24-440a-a201-9add5a39c817,gaussian_blur,s4,5,0.301382,0.449489,0.488027
06b4915a-302d-4703-935b-26e2a8ae47dc,gaussian_blur,s4,3,0.434500,0.502358,0.813622
06b76a9c-9944-4a44-9021-49ea85b0c53e,gaussian_blur,s2,2,0.489380,0.516121,0.948635
06bbd750-a516-41e4-a38c-bef98dc01b5b,gaussian_blur,s4,2,0.281713,0.439582,0.439600
06c341bf-2813-40e7-89ef-bbfe2039d17f,clean,s5,4,0.316562,0.432860,0.565584
06c5b628-a67b-4ef1-802e-e475ffce021c,gaussian_blur,s4,3,0.230892,0.366909,0.388197
06c8c8a6-1951-44da-88ac-578de17cead3,fog,s3,5,0.548259,0.638643,0.900789
06ca8a56-eb5a-488c-8ea8-817930f3e3bf,clean,s4,3,0.624368,0.751462,0.838318
06e22d2c-e950-495e-893e-4721258609ca,gaussian_blur,s4,4,0.248717,0.332191,0.497435
06e3979e-d061-4edd-9a62-19f249e9fb3f,clean,s4,2,0.453565,0.616731,0.643227
06e3d859-0bbc-4f83-b220-59fb3c554a47,shot_noise,s5,2,0.556257,0.714067,0.717659
06ed0afa-9948-41b7-8ed5-f139f4d96805,gaussian_blur,s5,4,0.225386,0.313855,0.446571
06f3a7a5-6835-43ac-a081-67dd1f85b156,fog,s5,4,0.587852,0.740046,0.741941
072698d6-f5ab-4f82-b544-2344102ba19d,fog,s5,4,0.478270,0.622785,0.711440
0730382e-020a-48c1-ba6e-7ffdb6957dba,shot_noise,s3,3,0.682794,0.777262,0.965219
07355b0a-aba4-4c76-bc70-0bf9da3ba35e,fog,s3,3,0.541239,0.621594,0.915734
07431347-1ddf-4462-b6a1-ca3c3dbe820a,gaussian_blur,s4,5,0.632933,0.758053,0.846123
074f3e55-5e2d-441f-a5b0-277f584b3105,fog,s5,2,0.575334,0.730166,0.731397
075701bf-8512-4e0f-b602-833d91b38d9b,fog,s3,1,0.130937,0.227842,0.236363
075774d7-e2d4-495d-a890-e65261c0c0f8,gaussian_blur,s4,2,0.806921,0.887274,0.945224
07595d48-e756-4df2-8018-98371a021f47,fog,s4,5,0.439735,0.605821,0.623629
0761990a-77b9-42b3-a9d1-85fe781ade31,gaussian_blur,s4,2,0.709456,0.823526,0.866931
0766bd8d-5784-441c-94d3-4575ec96c358,fog,s5,0,0.636508,0.774704,0.792011
076b2e82-cc35-43ef-976b-e1c99c56acce,shot_noise,s5,1,0.405568,0.566103,0.602402
0785e4a8-a906-477e-8f5a-29d0db202c03,fog,s4,3,0.288253,0.441007,0.459141
078d4239-94d0-4b4b-8bc3-8ace4d352bec,shot_noise,s3,1,0.589737,0.685909,0.920289
0794ad8e-1536-4b4d-b930-57240a4a50b3,shot_noise,s2,3,0.491021,0.495470,0.982042
07c5c126-bb65-46be-a6f7-df73987155a0,clean,s5,3,0.811813,0.896133,0.896133
07d11adc-75d4-4061-8805-fa2b5782193e,fog,s2,4,0.276971,0.359659,0.549568
07d4fbe0-2287-48b4-9e27-1530937da930,gaussian_blur,s2,3,0.723143,0.813845,0.976234
07d95c7a-6d5b-4515-94c6-9cff1a58e853,clean,s4,4,0.823467,0.900338,0.931792
07dcff5f-5eb2-44a1-b8f0-c0e2aaacb741,fog,s3,1,0.439803,0.565239,0.715995
07e2b820-c76d-4159-81dd-ec06de430413,clean,s4,3,0.445025,0.609138,0.633346
07f56833-6352-44d3-bbdd-d232cb4771c5,shot_noise,s5,2,0.356531,0.493745,0.588676
07ff53b4-1169-4817-ab19-91608ace75ff,gaussian_blur,s5,4,0.500545,0.662056,0.682228
0805b37b-625b-49db-b56f-4e7d3441ef32,clean,s4,4,0.825876,0.901335,0.938085
080ceb12-9793-41d1-bde9-6b3ecbbd4fc5,gaussian_blur,s5,2,0.591542,0.728760,0.797173
08117b2f-6a4b-43d3-9958-d070bace951f,shot_noise,s5,2,0.699170,0.822772,0.823984
081983f7-c721-4e09-b19f-7453a025bff7,fog,s5,3,0.311154,0.465163,0.492320
0823b843-be37-4311-bc58-2d526239a3f2,clean,s4,5,0.481818,0.578243,0.821173
0828a0be-d76f-412a-8017-f3d80633ff5e,fog,s5,3,0.228053,0.316470,0.451776
082be248-fb0f-487a-991e-5afc7a2bda4d,gaussian_blur,s3,4,0.665842,0.770018,0.927188
083f24d2-c710-4481-84e4-8c8f046df177,clean,s4,0,0.546623,0.679495,0.792240
084dcd79-6ef7-4b1f-ac71-42c16ceb8c23,shot_noise,s5,0,0.305766,0.453040,0.496291
084e163c-355b-42ee-9b5b-d60a9878912e,gaussian_blur,s4,1,0.574286,0.708053,0.803328
085635e9-b5cb-4181-9447-fe2aba00748c,gaussian_blur,s4,1,0.256519,0.397965,0.425470
085ae6dd-df19-436d-a540-c72cb9713e2c,clean,s1,4,0.462752,0.480655,0.925504
086dc3fe-0ebb-4e86-9e72-b9318f9e6475,gaussian_blur,s2,4,0.641667,0.728186,0.978700
087690b0-8cc2-4648-bf83-475e0344d726,shot_noise,s5,0,0.322394,0.429741,0.589036
088020de-8cba-435b-a62a-c36f65d8c814,fog,s4,0,0.589745,0.735781,0.765232
088b2ec2-2f58-46cc-9c83-711f6e90ef8d,gaussian_blur,s4,2,0.432613,0.551192,0.721502
088d225a-10d2-465a-a916-c5757def7f1f,fog,s4,0,0.263250,0.405533,0.435706
088d3532-75df-4ecc-b789-9329566b459d,clean,s4,2,0.762719,0.860729,0.898849
088f3108-1ad2-4566-adef-6bc46109835a,gaussian_blur,s4,3,0.749963,0.850622,0.900613
0892929b-bcbc-41fc-a263-ceeff022f7da,gaussian_blur,s3,2,0.471135,0.485139,0.942270
089a7356-1962-4268-8337-95f40145c277,gaussian_blur,s4,5,0.735418,0.837126,0.911481
08a3d83f-85eb-4faa-b5bb-764cae85837e,gaussian_blur,s5,1,0.496082,0.663082,0.663453
08a96917-f385-462a-9b88-534c1b8aff04,fog,s3,5,0.740666,0.836164,0.941657
08ad26e6-6d26-4235-935b-b96f1ff2f17b,shot_noise,s4,4,0.565910,0.707360,0.775504
08b44a2f-1617-45dd-a4d6-d1fd7d827e31,fog,s5,1,0.602690,0.745773,0.776976
08bf1130-fc4b-4a10-8876-0ea9aefbab67,fog,s5,1,0.605717,0.731493,0.839952
08c3a7b9-9201-46f6-b8e6-af676aa9f09a,fog,s5,5,0.604677,0.753503,0.754213
08c4c1a5-d1c3-4009-8e43-d79941a7eb5c,gaussian_blur,s5,4,0.699419,0.820629,0.837059
08c8d503-fbe5-451b-a437-1f5d76d1a5db,gaussian_blur,s5,2,0.535714,0.697674,0.697675
08d03566-881c-4528-b2d3-d924a87222b3,clean,s4,2,0.601327,0.729025,0.832264
08e20a87-cebf-49ec-935d-185688c8eb78,fog,s4,2,0.721545,0.828296,0.896240
08e39404-9e9d-4433-b38f-9a0704912c29,shot_noise,s4,2,0.643259,0.770997,0.834912
08ece534-95eb-4b26-a1b1-055137e9f9af,shot_noise,s4,0,0.338011,0.492499,0.530358
08ffe009-f391-4dea-a89a-48c2991b459d,shot_noise,s4,3,0.808547,0.888977,0.940645
090d693b-ce42-4f62-a93c-3f94dcc6c698,gaussian_blur,s3,3,0.607414,0.717227,0.892053
0917999d-72d5-4812-8b97-684843fe0f4c,clean,s3,5,0.575785,0.681175,0.886414
091e9d8f-83e7-4b95-8976-7a5af76be070,fog,s3,4,0.451055,0.474268,0.902110
0929b732-4201-4d1d-836d-5759d78da316,gaussian_blur,s5,0,0.453455,0.620195,0.633904
092a2b64-c397-414c-a068-222b9e80139e,clean,s1,1,0.423568,0.466923,0.835489
0938c27a-7278-421c-ae6b-42da4ceb4851,shot_noise,s5,3,0.396249,0.523243,0.660612
0938d1f4-ebb2-4d13-b119-e777aee54889,clean,s4,5,0.400803,0.486464,0.739291
0941b62b-443a-47d5-b911-af66bb12d0a4,gaussian_blur,s5,2,0.543512,0.703932,0.705339
09421b79-5160-4197-b068-a81cd031dacf,gaussian_blur,s3,5,0.728103,0.824289,0.947221
094280e4-5cc3-4cfd-a3c8-73e1ff2a4d58,clean,s2,3,0.682035,0.772516,0.979980
0943a74b-b4fa-46bb-b6e1-f5bbda8e06c3,shot_noise,s4,3,0.844177,0.913332,0.940579
09484d89-52fd-4ac9-94b4-5c72532dd01d,gaussian_blur,s5,0,0.663655,0.795834,0.807595
0951e184-8add-4e5e-bc5a-0fdc2c67cae1,fog,s4,3,0.510341,0.636334,0.784306
095b9e4c-49c1-49c7-89de-ef11317a8e3e,fog,s5,5,0.490867,0.658436,0.658683
0965954c-8ef5-4ec9-8568-4a9a76c8e194,shot_noise,s4,1,0.510394,0.649195,0.751802
097439b3-31a7-4976-a039-2ee707521ab7,fog,s3,1,0.437410,0.466616,0.874821
09883375-58c9-48d8-b0b2-0c89c60df03c,fog,s4,4,0.362527,0.528176,0.540539
0988a817-099e-4c36-a86f-e3ac5bf942b8,gaussian_blur,s4,0,0.347109,0.492033,0.561221
098c4e36-6fb2-4ac0-88dc-27c013ffd496,shot_noise,s5,2,0.742114,0.851129,0.857614
098e16ac-70a7-4d2e-b4a5-badb3e4d0d3c,gaussian_blur,s5,5,0.594701,0.741857,0.761301
09c89435-ad74-4f3c-a04c-61dbd20c5ffa,gaussian_blur,s5,3,0.678809,0.805080,0.827141
09dc374e-d782-4599-8059-160ee21b58d9,shot_noise,s5,4,0.767435,0.866611,0.881953
09dc6b5e-a0a2-4dd4-baa6-e48fd63c6b6e,shot_noise,s5,2,0.361685,0.514528,0.565637
09eb3eaf-31ac-44d5-a800-2795edd46e8c,shot_noise,s4,4,0.583056,0.712405,0.820821
09f3bc0b-043d-4cca-b9aa-add3b32a7522,clean,s4,2,0.653510,0.770402,0.877777
09f71bc8-b7e4-4d0a-9094-ae15cada857a,shot_noise,s4,2,0.827261,0.902283,0.938032
09fe7e8e-ea81-46cf-b932-c754e76f66c8,clean,s5,5,0.603385,0.752159,0.754576
0a070943-a956-4a61-a6b0-406af6343b76,shot_noise,s4,4,0.596272,0.729438,0.812288
0a0addc8-1de1-4f2c-ad05-e6b0fc1ba76c,clean,s5,4,0.316167,0.448376,0.538555
0a0fea65-2cf4-44cd-a7a5-78efd316a964,gaussian_blur,s4,2,0.574267,0.705464,0.811403
0a10820c-f843-490f-add0-a29605d722f7,clean,s4,3,0.423885,0.521321,0.750135
0a19d346-fb6a-45cb-9468-c8edf696a77e,clean,s5,5,0.677660,0.805862,0.818172
0a1a763a-e14b-49c6-bd88-783ad408f1aa,fog,s5,3,0.608059,0.756020,0.757269
0a2800b5-cdbe-47ff-ad01-32ba02dff9c3,shot_noise,s3,0,0.629262,0.725177,0.944464
0a2cd127-90bc-4149-8852-a47ece989a4b,clean,s4,1,0.576345,0.723426,0.759502
0a2f86d8-cbe5-49bf-93ba-8ad5302b4fca,clean,s5,0,0.437081,0.599416,0.630443
0a31b059-0c4e-4c1b-af93-764062cb0099,gaussian_blur,s5,0,0.739471,0.849989,0.851797
0a33023e-b4ae-4b3f-a95e-15fe1472847e,clean,s5,2,0.765682,0.866822,0.870832
0a3eff2d-c6ee-4f6f-9af8-6bee74c6d70e,fog,s5,3,0.181512,0.306824,0.307872
0a632476-fa65-40c9-8bfa-47942d8548c7,gaussian_blur,s3,1,0.466925,0.602926,0.721417
0a8829fc-7fa5-477f-94dc-be4f2eaac6eb,gaussian_blur,s5,0,0.643708,0.775329,0.818443
0a95f644-822f-41d0-ba0f-9a5c8663f77d,shot_noise,s5,1,0.830094,0.907159,0.907168
0a9e53d3-c01d-4456-8dda-f08f3acf3093,clean,s4,2,0.538048,0.669361,0.791259
0abc80c3-931d-47d4-adf1-a8e3547b3afe,shot_noise,s4,4,0.546336,0.683232,0.780453
0abe9874-e44e-4412-bbbd-80684dc998be,shot_noise,s5,2,0.692422,0.818029,0.819536
0ac281c7-f1cd-4362-b27d-b9c6e5a433b5,clean,s5,2,0.670745,0.801927,0.807989
0ac3c4dd-d182-4b6f-9ad1-56412a11f58b,shot_noise,s4,0,0.573494,0.685512,0.867045
0ad4823f-53aa-44ee-be72-32b31a8a2caa,shot_noise,s3,5,0.651394,0.752578,0.935712
0ad913c5-46cf-4583-b5d1-0376e48a967f,gaussian_blur,s3,4,0.462685,0.593346,0.729308
0adac8e7-2bf2-45ab-ba9a-f567ca4e74bb,shot_noise,s5,0,0.351992,0.505296,0.551840
0ae15cb1-d3b9-4333-809a-2ea4328cc44f,fog,s5,3,0.393275,0.557325,0.580816
0ae1e874-598f-410c-b7be-333fa1268d7d,fog,s5,1,0.236470,0.324446,0.468416
0af098f9-4087-46f9-a54c-2a12b95225ac,shot_noise,s3,0,0.128509,0.226159,0.229808
0af4501a-3639-4937-aff7-84c2be2289ee,clean,s5,3,0.632802,0.760750,0.835141
0af66a82-6077-405c-9aac-a11539d27439,gaussian_blur,s1,5,0.272717,0.353032,0.545297
0b041214-048d-44fe-8a50-57cee5e7d3ed,fog,s4,5,0.223947,0.364879,0.367616
0b132720-d0a6-437b-8cf2-8d5293a5164a,fog,s5,0,0.572674,0.723503,0.745557
0b134397-323f-434d-8598-a3e10c0a28da,gaussian_blur,s4,2,0.798199,0.884645,0.914923
0b20ac79-abd5-4e6b-b371-3997f90e14ec,gaussian_blur,s3,5,0.483116,0.521653,0.922913
0b2d8483-2cf1-446c-818b-360e95e1ab85,clean,s5,1,0.685709,0.811850,0.822619
0b457c8d-89af-4628-873f-f0cfb25f4097,shot_noise,s3,4,0.493461,0.574344,0.864010
0b48d694-6fa4-4527-a6d8-309eb617857f,gaussian_blur,s3,3,0.554863,0.638891,0.920914
0b4c6fda-2e86-467c-a3e1-d25c7c3b5885,clean,s4,1,0.501518,0.641091,0.743029
0b635e15-39e2-44fc-8ca1-ae9b8607c446,shot_noise,s3,2,0.324488,0.443743,0.573109
0b662792-4aca-4dd2-b45c-eb0282141bb5,fog,s4,0,0.847349,0.916034,0.933248
0b7c9323-7a71-4b9c-8cb9-617683f13098,shot_noise,s4,0,0.699765,0.818343,0.851024
0b7e875e-ec73-4b4d-b767-6fa798cbeb85,clean,s3,2,0.560557,0.676886,0.846907
0b7f83c6-b597-4d61-886a-42d7d44b5148,fog,s4,0,0.792114,0.878045,0.932824
0b81e2a5-5523-495e-a65a-e961e4e74036,fog,s4,4,0.461897,0.608673,0.691307
0b95deb4-9119-41c0-a684-6d33e62795aa,clean,s3,3,0.776322,0.863556,0.951198
0b966351-ae20-4cdf-a529-4c3733589670,fog,s4,3,0.385482,0.553507,0.563072
0b9e4720-b488-48d3-8f15-e98fbcb90d70,fog,s5,5,0.334619,0.483881,0.535477
0ba5b046-fac7-47f4-8015-0721119a38fe,shot_noise,s5,4,0.526293,0.688370,0.693696
0baea7ba-d0ab-4f93-a9f8-d874c0f08f59,clean,s5,1,0.579027,0.718745,0.785493
0bb2f974-03e8-4d38-b4c5-52d7488e337f,gaussian_blur,s5,1,0.690076,0.813872,0.831392
0bcc64cf-ecd0-4d62-8375-df588a7126f1,gaussian_blur,s3,5,0.492767,0.540218,0.921173
0bcf8686-be16-4ec3-84b8-36debbc07b9f,gaussian_blur,s5,1,0.233698,0.321826,0.462955
0bd15643-e850-4072-a318-41eba4250f50,gaussian_blur,s5,4,0.559744,0.717112,0.719952
0be9a61e-01ea-4369-894e-5187bb56861d,gaussian_blur,s3,3,0.641287,0.749332,0.909552
0bea6a05-aea6-4a4f-9441-cd13e4d876a7,gaussian_blur,s5,1,0.733463,0.845161,0.853211
0bf714b2-320d-47b2-9b57-79a2b0849c9d,shot_noise,s4,1,0.441175,0.576886,0.695808
0c025a7c-d293-46fb-a6d6-e146f36919e9,clean,s5,0,0.720610,0.836598,0.843888
0c0a5e71-8167-46fd-825d-e5ff2acf44ec,shot_noise,s5,1,0.642574,0.777731,0.803403
0c0f7dce-1f9b-49e5-b841-c91fa9b2f8e4,shot_noise,s5,0,0.340478,0.489139,0.544907
0c10c8f1-f806-411b-be87-55220637e6b7,gaussian_blur,s4,0,0.720909,0.830283,0.882251
0c21258c-1cf7-4db8-9daa-6fc974908b24,fog,s4,0,0.434607,0.605398,0.607136
0c22cbad-aa45-4256-961e-ec97174420ae,clean,s4,3,0.630107,0.762689,0.816901
0c44cba1-d58e-4bb6-aba7-b224ab42f05d,shot_noise,s4,1,0.619178,0.744975,0.842561
0c573c1c-74b9-4803-ba4f-57d1223078fc,clean,s5,3,0.635053,0.776147,0.779707
0c62012e-415d-40cf-aa9e-93a8a1878b39,fog,s4,2,0.671512,0.787694,0.877829
0c6551d9-c207-42a4-aa31-657031010bd5,clean,s5,2,0.466976,0.622049,0.675285
0c669f9c-673f-4a9c-87dc-399838062bdd,clean,s5,4,0.739122,0.847013,0.869479
0c770540-d558-4f7d-9814-8cfd47851ced,gaussian_blur,s3,1,0.292698,0.416563,0.515040
0c818aaa-1abd-4f46-a09f-c0010ea40f5e,fog,s4,2,0.424189,0.591896,0.604992
0c8b240e-544e-4756-964b-8ace8663a011,clean,s4,0,0.585657,0.697211,0.875694
0c8bf908-182a-4875-9c42-69fb673c0f75,clean,s5,0,0.744891,0.853041,0.858944
0c964212-1709-46af-ad2e-2839644aeff3,fog,s4,4,0.484372,0.638541,0.691604
0c9a6de8-6c46-495b-8e5a-d66bca19ea8d,gaussian_blur,s4,5,0.525029,0.682442,0.707781
0c9c869a-e10c-4a25-aba7-586bc13ce319,clean,s5,2,0.390097,0.543884,0.599328
0ca45831-6473-446a-aa18-5ffa3738e452,fog,s3,5,0.668084,0.763627,0.959216
0caa7df1-b602-41f2-8774-695e98949b0d,shot_noise,s2,2,0.484099,0.491921,0.968198
0caff180-e9bb-4835-994d-ddb7b9b137cd,fog,s4,2,0.587572,0.730116,0.777634
0cb551c0-48b8-4b3f-b3f4-f3c91c78d535,fog,s4,3,0.687409,0.807548,0.852181
0cd49427-bd49-4eb0-8796-c19830622edb,fog,s4,3,0.426408,0.565866,0.671610
0cdb3e7e-32a5-4cda-bdcd-c19240f3dea4,fog,s4,1,0.698804,0.816753,0.855163
0ce9c6fa-87f8-4f0f-8d8c-f901a5d454f6,shot_noise,s2,2,0.590512,0.661917,0.981024
0cea882f-9d65-44b5-931c-25d10e34d4ae,shot_noise,s3,3,0.674938,0.767208,0.972245
0ceafbde-ac87-403b-b807-09ddcaca8b97,fog,s4,3,0.471567,0.623207,0.687874
0ceb2d64-c3a9-4778-ad68-f8d41b5a8526,shot_noise,s5,5,0.552154,0.699147,0.752421
0cee0a34-fda2-4554-a3be-c68f16d90a1f,fog,s3,2,0.253918,0.387488,0.433591
0cf0834b-482a-4066-bf73-f6b14d7d5e0b,clean,s5,3,0.779252,0.875917,0.876060
0d0f04d9-baac-4da2-8f7a-98f676f2d306,gaussian_blur,s5,1,0.455780,0.626033,0.626522
0d0f06d8-6f42-4391-8ede-991adff5918a,clean,s4,2,0.761146,0.859285,0.900551
0d13553b-2c53-4a24-8894-341b3ee44104,fog,s4,0,0.327115,0.481176,0.515707
0d1efd8c-c4e5-4d22-925f-2e61a9e24b92,gaussian_blur,s4,4,0.424734,0.574736,0.646769
0d29d085-10de-499b-a006-fb34d1efab5b,clean,s4,3,0.696508,0.813586,0.861456
0d2fca8f-4c09-4810-9319-4d36bca6a3c8,fog,s5,2,0.579494,0.730538,0.745772
0d30f4b3-7e5b-4f8b-8940-b44e79120e8a,gaussian_blur,s5,4,0.295228,0.377869,0.581249
0d311e79-186c-480d-9ae4-73a0a46b65e1,gaussian_blur,s5,0,0.656563,0.789143,0.809461
0d32a7eb-325c-42fe-ab77-cdf0985b0317,gaussian_blur,s4,4,0.729270,0.827349,0.936654
0d42801e-0185-4c89-960b-f1b2e40125bf,clean,s5,0,0.680827,0.806476,0.828888
0d4daba6-c298-46cb-9867-7b15b20ef493,gaussian_blur,s4,5,0.862954,0.923485,0.965003
0d54fc11-87fb-45b3-8e11-1fa6c95d3403,shot_noise,s2,4,0.491480,0.531672,0.931035
0d555006-eba4-4e3b-972d-0dc764885b8a,gaussian_blur,s5,5,0.605564,0.750765,0.768644
0d560dbc-1128-4c5d-9f6f-11a37293e294,gaussian_blur,s5,0,0.769000,0.868797,0.874150
0d5c12cc-f0a5-42ed-ade0-c74fed59a0db,clean,s4,3,0.626866,0.748634,0.858196
0d6273f9-a7ac-4e4f-8fb2-38d3d9065acf,gaussian_blur,s5,5,0.711584,0.831381,0.832144
0d635ce0-4c17-43b7-af97-8a5c5e3eb239,clean,s4,4,0.457312,0.579716,0.741568
0d819b17-0155-43bf-b9cc-a7da303a4961,clean,s5,5,0.357956,0.512065,0.558213
0d89552e-bc72-4457-bf0f-7c575485f70b,fog,s4,5,0.728857,0.835823,0.887893
0d8d9442-b091-4561-af99-82f51de9760a,gaussian_blur,s5,2,0.717899,0.832423,0.855867
0d8fcce9-bba7-4cb1-9adf-ff6a330b79b6,clean,s4,4,0.569047,0.715668,0.759363
0dc17562-a81a-49d0-94d4-ab412afc38a8,fog,s5,1,0.681140,0.805903,0.833147
0dc182b3-2ac5-4b45-b8e1-4d9a69323ae9,shot_noise,s3,3,0.731866,0.828302,0.943456
0dc29ff6-051e-4624-9328-6eb5d9fe4746,fog,s5,5,0.339976,0.461069,0.593472
0dc9d0ab-0589-4f4e-9bb2-191b5003b85b,shot_noise,s5,2,0.506277,0.668512,0.683419
0df14b3f-7fea-4c5a-b95d-7db5ae467f3d,gaussian_blur,s5,5,0.661177,0.784649,0.848901
0df303c3-4ff2-46b2-a9a6-545b9118590a,clean,s4,1,0.603624,0.744411,0.785744
0e0d7fc2-50c6-42d2-beb5-8f7c3461a204,fog,s4,4,0.458863,0.532264,0.836036
0e239b6a-89bc-43e3-aeb4-703d2de38c31,fog,s4,4,0.500733,0.599587,0.836469
0e2caad6-cbd3-4723-be51-e12ef6b412b9,gaussian_blur,s3,0,0.618440,0.737609,0.865744
0e31366d-42ff-4c01-a345-25a34f22ebf2,shot_noise,s3,1,0.666947,0.764888,0.950400
0e336702-5961-4100-98a5-5544cf5c5239,gaussian_blur,s5,0,0.500778,0.654654,0.704144
0e37a97e-8e74-4558-bbb6-0183a5b09829,gaussian_blur,s5,3,0.503127,0.666155,0.679280
0e4202f6-6902-4568-b1d5-24b4a6f9b290,fog,s5,1,0.541136,0.701800,0.703787
0e462e5f-06cb-474c-a306-22c4c0d78f25,shot_noise,s5,3,0.703135,0.824814,0.830727
0e49d8a8-ff4c-4a69-9072-d1ac8195dc4a,fog,s5,4,0.209117,0.342503,0.351067
0e4e70cc-a235-482f-82cd-ab6113299874,shot_noise,s4,2,0.590406,0.728639,0.793389
0e507420-8c19-42c7-a7d8-079b4b888119,gaussian_blur,s1,2,0.479053,0.489303,0.958107
0e62d7ad-654a-4800-84eb-0a97c88e4f38,gaussian_blur,s4,3,0.615123,0.751227,0.803821
0e64901d-42f1-4173-9e5b-93b29ca0ea14,shot_noise,s5,0,0.761823,0.863263,0.876139
0e6becc7-1aa5-4160-a288-9a7d08cad27f,clean,s4,1,0.740061,0.845048,0.886540
0e783f65-a3d4-45a3-a5c6-3ea999537dcc,fog,s4,0,0.729831,0.837194,0.884501
0e7afa6d-6b7c-42e9-8296-85699f67cf13,clean,s3,5,0.560557,0.676886,0.846907
0e83a1ce-ba20-4ec4-92db-41e31add2d94,shot_noise,s4,4,0.720620,0.832339,0.869179
0e845669-5545-4598-98ce-adbab9dd853d,gaussian_blur,s3,1,0.628827,0.745745,0.875867
0e8605de-242d-4e2a-8978-b7c77c8842b4,clean,s5,3,0.747681,0.854426,0.863875
0e9b4b76-ecc7-4806-9734-80cce054bfc3,gaussian_blur,s3,2,0.467687,0.483304,0.935373
0e9f621c-7791-4b9a-81d2-5b7ec87402a4,fog,s5,3,0.757522,0.858668,0.885851
0ead4c1a-5efa-4480-a2a5-4a9eb918379e,gaussian_blur,s5,2,0.600216,0.746761,0.763627
0ebb0288-c896-4faf-a3e5-b2d06385cd4d,gaussian_blur,s4,4,0.479904,0.600855,0.768080
0ec3d3cf-98f7-49dd-b555-f622963e3670,clean,s3,3,0.659602,0.769237,0.906064
0ec9d590-4e58-48ab-b396-33053c485007,shot_noise,s2,1,0.692748,0.782508,0.983928
0ecbaabb-67f6-4ef1-91ac-e8722d7d0ea5,gaussian_blur,s4,4,0.699153,0.816094,0.860181
0ecedd7a-e986-4b69-a12b-de1102529bd3,gaussian_blur,s2,0,0.484099,0.491921,0.968198
0ed429ea-b195-42ab-8956-bcaf0478046c,shot_noise,s5,1,0.739668,0.850102,0.852043
0ed44e36-6e5b-446e-9d0a-d75eb9210286,shot_noise,s5,2,0.773615,0.871765,0.876997
0eda59b7-a700-45ca-ba3d-75db90338218,gaussian_blur,s5,1,0.362578,0.426765,0.716114
0eed421f-0826-49d4-867c-af1e355d39fa,shot_noise,s5,1,0.630293,0.766548,0.801834
0ef0cb80-57f1-488b-bec9-6ed53b4665ec,fog,s5,5,0.491566,0.641949,0.707104
0ef7cd1e-90ec-4eef-8118-89e9df6b0a96,fog,s5,5,0.363198,0.530217,0.538491
0f01d3ca-ab3e-446e-ab6a-143bd805210f,shot_noise,s4,5,0.727631,0.835407,0.884500
0f04cfe1-3644-455f-a942-200e8ff29bcf,shot_noise,s4,3,0.492551,0.635947,0.726117
0f06016c-0672-45fe-8873-f4a84a166566,gaussian_blur,s5,0,0.554201,0.712815,0.714384
0f09e528-349c-434b-aca9-9686ea6a3592,clean,s5,0,0.384807,0.545060,0.579264
0f124763-f277-412c-bd80-d6b93e0ddbb5,shot_noise,s4,0,0.611574,0.737670,0.840203
0f1a74b4-e30c-49e8-bef0-bb9c9a450d1a,fog,s5,0,0.443395,0.606972,0.633219
0f244581-733f-4ec3-83d7-0e972d0ea80d,clean,s4,2,0.761070,0.854746,0.930288
0f2604f5-24ca-4cbc-9dbb-11210e62ed9b,clean,s3,0,0.595563,0.694251,0.917489
0f2e1fbf-a977-47d7-9d25-e844c6b000e6,clean,s3,1,0.151959,0.260184,0.268751
0f2f4f47-ae08-4ac6-bb23-e4c3acd42cb5,shot_noise,s5,3,0.716166,0.834202,0.837085
0f31e73b-7ad8-4b13-be0a-6f046ca9a858,gaussian_blur,s4,5,0.702669,0.813047,0.891309
0f40e88c-79d5-4939-9e6a-946453fc53c0,gaussian_blur,s4,3,0.846362,0.915340,0.933904
0f5b88b8-ab1c-4f94-bec5-4ba78dfe60ef,shot_noise,s4,5,0.824802,0.900380,0.940229
0f5dbe14-1ae1-408b-8907-b90ca5cd059f,gaussian_blur,s3,5,0.439330,0.532399,0.777413
0f5fa9fa-0719-41e5-973f-3fdc62babc72,gaussian_blur,s5,1,0.583026,0.736228,0.737994
0f637590-d539-480e-8274-465fc1d0848b,shot_noise,s5,2,0.574243,0.719222,0.766324
0f63eeb5-9020-4aa4-819e-4dfe288b6410,gaussian_blur,s5,2,0.550099,0.701829,0.736357
0f649294-ba31-488c-a0ec-40d5500bb20e,shot_noise,s4,1,0.386110,0.541470,0.591229
0f74d13b-b0dd-434a-8de2-bf29fbf8d4a9,clean,s5,0,0.419112,0.590662,0.590683
0f76b52c-df8b-463a-8ed5-717e7a500207,shot_noise,s5,1,0.648611,0.781659,0.810667
0fa00824-06f6-4e19-a4dc-ed632d5b4654,clean,s5,0,0.639187,0.779883,0.779883
0fba04fb-af6f-4b14-a0de-2e880634044b,gaussian_blur,s4,0,0.734201,0.839402,0.892368
0fbbd840-55ea-4630-bc2c-da75ec2dc8f5,clean,s4,5,0.579961,0.699430,0.849648
0fc56c65-42ef-4898-82a6-f39ccd18a5f5,gaussian_blur,s3,4,0.452049,0.481074,0.895433
0fd2098a-5011-4ccd-b90c-119e1d3046aa,clean,s3,3,0.664786,0.771473,0.917541
0fd94493-db3a-44b9-b1c0-0bd3b3b77590,fog,s4,1,0.574870,0.677557,0.892865
0fe1526a-6547-4e9c-87e8-b44bde33c5bb,gaussian_blur,s5,3,0.596716,0.739687,0.777168
0ff4665d-cada-45ef-8133-f788a8df4ed8,gaussian_blur,s3,1,0.479252,0.515168,0.921868
10088dee-16c4-46f8-839c-a9c34030e891,shot_noise,s5,4,0.759025,0.862986,0.863157
10180c24-cd1e-431b-8255-5ab177e8920e,shot_noise,s4,0,0.691822,0.808571,0.866276
101cd664-34a2-4083-b7f5-030f5ef73fc7,fog,s4,2,0.713565,0.826234,0.870875
101ee047-c06c-41d4-af1e-cfae7696de10,fog,s5,1,0.450937,0.620777,0.623701
102c56a6-1287-48f1-9914-294ed241090b,shot_noise,s2,3,0.487728,0.493788,0.975456
102d9a6a-8a6b-4f4f-b2fb-369f70b9723a,gaussian_blur,s5,1,0.740928,0.850755,0.854088
10302da0-0d3c-4d92-b8b8-9da8a7bd4eaa,clean,s4,0,0.809195,0.886995,0.961269
10326b4b-0520-44b3-93f8-82ad82c86422,fog,s4,4,0.603854,0.708755,0.904936
1036ccfa-fb3e-4941-a9c3-c52e3481badf,clean,s3,5,0.641216,0.753210,0.895584
1040ce47-e096-4696-bef8-986cd8f35c0e,shot_noise,s2,2,0.480864,0.490245,0.961728
105234bc-9987-41e5-852c-1ae5580d937d,gaussian_blur,s5,5,0.395412,0.529576,0.645715
106cd11e-fcf3-4840-9f00-1d0ec5282277,fog,s4,4,0.576393,0.712407,0.796907
10713302-7a5e-4c87-9a73-847eee7512d9,fog,s5,1,0.615149,0.748074,0.815910
107e6d51-3a31-43c7-a3af-55fc05b837fc,clean,s5,5,0.401572,0.563270,0.595381
108335f8-395b-4e0b-864f-9cac19383460,gaussian_blur,s5,5,0.687966,0.811950,0.832114
108434b2-cdc2-43bc-8ff7-c63ba5c6ccb6,gaussian_blur,s2,1,0.559624,0.649381,0.912320
10ba48bc-5396-45a4-acd6-c972e51603e6,fog,s4,4,0.381925,0.538342,0.583940
10bbcf8d-3ad8-4db6-8054-3322c4cde424,fog,s2,2,0.544264,0.614696,0.938955
10bfed42-b34d-45bf-a9df-94cf9f05f08e,gaussian_blur,s5,5,0.720954,0.834617,0.857424
10c276a8-758d-42cf-a33e-8bf9be89cf49,gaussian_blur,s5,2,0.728104,0.842634,0.842841
10c6008e-2364-4add-aabc-e9b46eb98b92,shot_noise,s5,1,0.643310,0.779598,0.798128
10c74a73-4f4f-433c-a58f-264186047d58,shot_noise,s5,5,0.598387,0.746607,0.757153
10d5699b-fd6c-40d2-a031-b82e17eddffe,fog,s5,1,0.768129,0.865705,0.892357
10dbeb5a-ca73-4671-ba40-13aa62f52080,gaussian_blur,s4,0,0.532410,0.655870,0.808186
10df3ecf-33cd-45f0-9540-23d8760ca7f9,clean,s3,5,0.762295,0.850519,0.962773
10e1738e-3d5a-43bc-ab75-2fd7c9134184,clean,s4,5,0.624368,0.751462,0.838318
10e2b3ba-fc3e-4417-972a-7a92e3ce74a3,clean,s5,5,0.560291,0.717522,0.720544
10eeb376-e836-4f45-9135-85c02d830312,clean,s4,3,0.580583,0.728537,0.757141
10f56b57-1088-4d6a-9ee4-0af5d204e4d9,clean,s5,2,0.739609,0.850036,0.852182
11113914-ebef-4312-bc4a-97c9f37d6f61,clean,s5,1,0.383187,0.543946,0.576251
1148f069-c97c-445b-bb17-d42659c8aa79,shot_noise,s4,1,0.755553,0.855850,0.894807
1154cb7f-6cfc-4aa3-b39c-70c1cf68ec78,clean,s5,2,0.762449,0.864935,0.867296
115f8c1b-c08b-4e86-b268-e6b072acc91b,clean,s3,4,0.599514,0.712443,0.878907
116b9b31-39d4-44b1-bb08-61f34e57c5e7,shot_noise,s5,4,0.370832,0.509277,0.605743
11758822-7eb0-4acf-9a24-e191fb3aa323,shot_noise,s5,4,0.418755,0.581122,0.612256
1184bbd6-c9a4-4fec-ae9f-7fd1db7a9166,fog,s5,4,0.636779,0.775697,0.788751
1186cbe7-b51a-47c4-bd77-4efd8a89a5d3,fog,s4,2,0.623390,0.760822,0.798064
119655a9-c285-4635-98f8-db111fde25af,clean,s4,5,0.367315,0.518498,0.576286
11a00126-7378-4b7a-a786-ae4967627d0d,clean,s4,3,0.579696,0.709657,0.817547
11a54f70-7ff4-4079-8bc3-8f6f43367f90,fog,s5,3,0.463485,0.622992,0.661003
11a69bc1-e227-41ad-82de-4def8523a123,gaussian_blur,s5,0,0.822789,0.901390,0.916880
11a73e11-938c-4f75-a48e-482ddc713b33,shot_noise,s5,4,0.812314,0.894777,0.912229
11a74048-1d9d-4100-b6d8-972d7f9c450b,gaussian_blur,s4,3,0.704852,0.815240,0.889867
11bbeb39-205a-4995-bdfe-46527289135f,clean,s3,1,0.623928,0.715212,0.955246
11c95152-e56d-47a0-a56a-f9e6046f2466,shot_noise,s4,3,0.784189,0.869642,0.951150
11d9f74c-7dd2-41c3-ad8d-a72150041189,clean,s4,1,0.754312,0.854960,0.894367
11dee028-650e-4818-9e33-252a2d1b6bd4,shot_noise,s3,5,0.473685,0.604840,0.739067
11f60d0b-e50f-4950-a0d3-e6ebc9e4fff8,gaussian_blur,s4,3,0.522221,0.668532,0.739221
11f7cb19-6d8d-4cb3-b96c-ecd02fd7a881,gaussian_blur,s4,4,0.507784,0.666063,0.695970
11fd8a51-05a8-4e82-84ce-529d56de3c20,fog,s4,1,0.227514,0.363617,0.381808
11ff2d3c-284b-440c-b275-99aab8a32e6a,clean,s4,2,0.585657,0.697211,0.875694
1204f9d2-5045-4edc-b099-d71eb862e0cd,fog,s3,2,0.470100,0.563964,0.812894
12060611-cf6b-4137-b90c-0fd3b3bdaf67,fog,s5,2,0.618470,0.763015,0.769538
12070fc5-6cf5-4dac-9cca-e2d79ef9cc98,shot_noise,s5,1,0.478016,0.639180,0.668048
120ea193-4d31-4838-ac29-160c398ca350,gaussian_blur,s5,1,0.607330,0.755404,0.756912
12149065-f50e-4cfa-a487-620f83fb4ec0,clean,s4,4,0.561454,0.692166,0.806773
122f6510-78a3-48fe-b7f9-298c05cdae73,clean,s3,1,0.647597,0.742111,0.956727
12369161-def6-4eb8-8371-89919e207543,shot_noise,s4,0,0.792114,0.878045,0.932824
123836bc-5508-443b-83cf-07671ec0fe89,shot_noise,s4,3,0.593635,0.731993,0.793568
1255c5e9-1ced-41af-bb47-7986b1839473,fog,s3,0,0.757341,0.850065,0.940964
12575a79-bc27-4cef-a2ea-d07f88cb044f,clean,s4,2,0.433366,0.466997,0.863003
127000c9-7658-489e-9671-a71e46ab0808,shot_noise,s4,2,0.615583,0.753038,0.798577
12886fc3-912b-4faf-b646-64b039e11834,gaussian_blur,s4,5,0.425691,0.591716,0.610533
128ed3b9-470e-403f-9eec-b5b29d81566e,fog,s4,5,0.657785,0.788154,0.819141
1296302f-87ed-4fdd-839b-9ab2c05f2a2a,fog,s5,0,0.762022,0.864000,0.871849
129bf50b-153b-4aa5-a33f-381a3a8e6f86,clean,s5,5,0.589976,0.731691,0.780987
129ec7ba-ea86-4708-8710-6c981f3b0a5e,shot_noise,s5,3,0.795566,0.884784,0.897956
12a6677c-8c06-4728-b329-3a02ae93a503,gaussian_blur,s5,5,0.690181,0.815241,0.824560
12aa6722-25d6-4c7a-ac01-7e8eaf8b6d63,shot_noise,s5,1,0.379714,0.501108,0.649276
12ab660d-f292-4142-9f31-1566a7197a45,shot_noise,s5,1,0.745379,0.853405,0.858971
12bffa3a-3284-460d-b21b-123b36778697,clean,s5,3,0.573101,0.725278,0.740812
12c38492-b690-4c25-bee2-0e775089e628,gaussian_blur,s4,5,0.492032,0.657551,0.665371
12cedcb3-a9e2-4468-961f-0464928a682e,gaussian_blur,s5,4,0.543325,0.702234,0.710354
12d55152-c3f9-4c1f-a6c4-377e7d2f77ab,clean,s5,1,0.739250,0.849796,0.851967
12e2a0e1-51a5-4fcd-b8ec-97e4ebb85ac8,shot_noise,s4,1,0.608722,0.742630,0.811744
12e7b3b6-0545-491d-b169-da4c550435bc,fog,s4,3,0.497106,0.635859,0.741616
12f4796a-4955-4bc5-afaa-6bec7a12fb0c,fog,s5,2,0.273548,0.401072,0.477188
130d23ed-f196-410d-a181-0ff4ca7ba494,clean,s4,5,0.640483,0.760020,0.867630
131215fd-6d69-4aae-a424-6654d67dd17a,shot_noise,s4,0,0.505435,0.649745,0.733536
1319ec77-8fea-4f7d-8fe2-cd24bd63086d,clean,s4,1,0.689830,0.811231,0.844091
132c52c3-08fb-44ce-a3a8-676dccfffb49,shot_noise,s5,5,0.343403,0.510343,0.513083
132cdf10-435a-4b0f-8d48-8e7d46bfa48e,gaussian_blur,s4,2,0.575157,0.712619,0.791760
132f08a8-d885-472f-8e79-e64bde875124,clean,s5,2,0.680827,0.806476,0.828888
13329307-f3e9-4aad-8cef-4914563ff577,gaussian_blur,s5,4,0.644913,0.779247,0.806251
133aef60-813d-4f50-8455-42923e25f2bc,clean,s4,0,0.534136,0.653862,0.819039
13411ca7-dd64-494b-9668-2aa0c2f7e020,gaussian_blur,s5,1,0.436294,0.515647,0.797225
134b9872-144f-4658-80d2-e06a52613115,shot_noise,s5,0,0.686348,0.813420,0.817141
134c76ee-8ba2-4dc3-a839-828bfa3dfe7c,gaussian_blur,s4,2,0.632800,0.771358,0.791520
136469fa-0bc4-4d1e-8580-eb98891802b0,clean,s5,2,0.453759,0.617642,0.641556
136b8b4c-1f39-46ac-a5d9-922f49bb5be8,fog,s3,5,0.515246,0.631527,0.811856
1378e60b-f3bc-4b5c-a2d5-fab0c78bb916,fog,s4,5,0.266505,0.420523,0.421419
137adbee-3c1c-41bd-9fe3-b5be2a8bb0d0,clean,s4,4,0.813628,0.892870,0.938011
137d59b3-caa9-4c5d-bbf8-d741e82e25c4,clean,s3,3,0.570809,0.688051,0.850895
1393aedc-1421-46e1-b026-9eea1b73a75d,gaussian_blur,s5,4,0.506018,0.659618,0.708357
13b358a9-d105-45c2-8bd6-2d040655055d,gaussian_blur,s5,4,0.609982,0.748394,0.794939
13b4bfaa-0f6f-4459-91d2-a379d3d035cb,shot_noise,s4,0,0.628060,0.754389,0.841392
13b7f187-f949-45fd-8334-8fbe0bd1d2f1,shot_noise,s4,5,0.415235,0.510017,0.743526
13be9dcc-b311-4271-a6dd-8bdc4a09b63e,fog,s5,4,0.546648,0.697752,0.737083
13bf5e9e-46e2-43a3-b0f4-1f9786e32a20,fog,s4,1,0.441395,0.581337,0.686781
13c4f69c-08c1-42cd-ab70-4f040648e497,shot_noise,s4,2,0.348191,0.504201,0.541398
13c79a38-ed34-4993-9fc9-00a5090bad5e,fog,s5,2,0.715007,0.833189,0.837630
13d7d2c6-d3c1-4c26-bb8c-afcf7f753cc7,shot_noise,s4,1,0.625325,0.751841,0.840544
13f0a741-3f32-45b0-aee9-751742a1ce9c,fog,s4,4,0.496722,0.635666,0.740821
13f4a497-83a4-4114-92cf-6601ce40ec37,fog,s5,4,0.468547,0.619355,0.687381
13f7d3c0-9f87-4ea6-a912-0c326371a90c,shot_noise,s5,2,0.489665,0.641994,0.700492
13f7fcd4-b2d3-4216-b7b8-2f2d302f263d,clean,s4,0,0.673517,0.780711,0.915275
14065fd3-ffc4-485d-a5ac-c8eec27a5031,gaussian_blur,s4,1,0.447556,0.564275,0.742489
1409f1c7-bae9-41ba-b759-06e524c4a053,gaussian_blur,s5,3,0.254459,0.362020,0.474132
140af06d-4d59-41d7-8728-20f9366a4e6a,shot_noise,s5,3,0.220831,0.337063,0.399044
14104340-56af-4ef9-937e-93304613f769,fog,s5,5,0.306497,0.426851,0.543060
1412133c-0311-4fb9-ba54-12674ef8fb76,clean,s5,5,0.389135,0.529151,0.626314
14199b00-cb1a-40c0-8f69-78af8b54ebf2,clean,s5,2,0.683439,0.811775,0.812913
142b3818-2c2e-485f-84ae-29ef621a0b8e,fog,s3,2,0.546222,0.675551,0.801989
14320a44-4443-47f9-a230-4a8d55cc2eb2,clean,s5,5,0.610846,0.754326,0.775068
143a3d7f-d8e4-467d-a370-a13319a50be1,gaussian_blur,s3,3,0.800487,0.879574,0.969029
143ac69e-c90a-4db3-9f66-ff92e2b340f4,shot_noise,s4,1,0.694795,0.817728,0.831922
14419ea2-9d65-4594-bbab-8686eeb95ba2,clean,s5,2,0.513839,0.671466,0.701349
14455bb0-d23d-4bd5-980e-7f7e36108178,clean,s4,0,0.730457,0.842192,0.857189
1445eea4-d8a2-4909-8976-fb398efe30ed,gaussian_blur,s3,5,0.740290,0.834395,0.949627
145250ed-2322-4e1d-9210-c116dfab681b,fog,s5,5,0.516732,0.646676,0.779584
145aa97d-114b-4bf5-92f1-dad271edbdcb,clean,s4,4,0.338040,0.484203,0.546133
1470841f-8d33-42da-bce0-3c2770149daa,shot_noise,s5,1,0.411530,0.563191,0.628672
1472ef1f-cacb-4911-b6ab-2770dd19960c,clean,s5,0,0.633409,0.772979,0.786967
148861a6-4e12-497e-a980-dc7997d78b57,gaussian_blur,s4,3,0.497663,0.626765,0.765920
14964156-e748-4746-9208-fe60724c62b5,gaussian_blur,s5,5,0.581612,0.735458,0.735500
1496d2e9-9de9-4350-9f25-9afce43566c9,shot_noise,s5,4,0.518487,0.680601,0.690096
14a15fd6-7222-4ae8-b44a-a84d592d2d23,fog,s5,5,0.414552,0.566324,0.631784
14b0725c-5fad-4fa3-9184-76e2ca9701ac,shot_noise,s4,4,0.597653,0.739876,0.780023
14b7c7f2-cfe8-42c3-9787-3664c2ffff59,shot_noise,s3,5,0.611249,0.724086,0.884276
14c2ca9f-3717-4141-8caa-749df63ebbc5,gaussian_blur,s4,5,0.743393,0.847156,0.889819
14d5b0cf-08c4-4b8b-a69c-381ae30e535d,gaussian_blur,s3,1,0.686689,0.790949,0.925680
14d63566-3391-42e3-ae77-d38e5ee3c0bd,fog,s3,1,0.174839,0.291543,0.306245
14d64f1b-0486-4b16-aaba-95003a0c4168,clean,s5,3,0.470120,0.633275,0.656723
14da7e4a-2698-433f-bf83-02fcc07af428,gaussian_blur,s5,1,0.772377,0.868863,0.892229
14daee1a-4d86-4cc5-b681-0e853e091be6,fog,s5,5,0.419127,0.574978,0.627632
14dd1676-e494-41a4-8448-30965f261626,clean,s5,0,0.512059,0.674967,0.684480
14e719d5-1d06-4c2a-baca-672fbed10cf8,gaussian_blur,s5,3,0.638344,0.776725,0.790587
14ed0ccd-ee4a-4d48-b04a-ccee9da766c0,clean,s4,1,0.505666,0.656546,0.715760
14f57299-3d43-4c15-8293-6d807c32d9b3,shot_noise,s4,1,0.766703,0.859747,0.926421
1509e76c-2035-4d02-a2b6-b320beaf2faf,clean,s2,5,0.720259,0.812147,0.971730
150add89-c6cf-41d1-b0e5-83f66338cfb0,shot_noise,s4,5,0.331758,0.480448,0.532443
150eaffd-2560-4cc9-aa3c-bae6aafb0e42,gaussian_blur,s5,4,0.642542,0.781007,0.788624
1519041a-5821-45e4-888d-78d4e2876b86,clean,s4,2,0.379547,0.447429,0.736324
152e3bfc-dc17-4530-8c55-cbc72b6d7166,clean,s4,1,0.566893,0.679400,0.861420
1530b00c-b6c8-4f7d-bf76-6ef1c988dc3c,shot_noise,s5,2,0.751165,0.856880,0.865051
1533943e-bd50-412c-925d-df6013cb0795,fog,s4,0,0.633716,0.762883,0.830260
154f512c-cc78-4209-a850-26e6d083f6d3,fog,s1,1,0.440907,0.468598,0.881813
1554e576-e8a7-4bca-b606-39ea4a7f4665,shot_noise,s4,4,0.660092,0.775208,0.884395
156bbe51-faf7-424a-aaf9-847144fdf33e,gaussian_blur,s4,4,0.239849,0.378711,0.400080
156cb0a8-8b70-41e0-a140-135cc5ff6260,gaussian_blur,s5,4,0.727988,0.842011,0.846217
15773b21-55ad-48f7-a226-99f88ef48e57,gaussian_blur,s5,2,0.613921,0.750097,0.803538
1586bbc9-460e-4c50-9e8b-83582a79e241,clean,s4,4,0.786550,0.874192,0.930859
158e130c-028c-471e-9960-7fddfa9a8aaa,clean,s3,3,0.588719,0.676016,0.942085
158e1d30-8a82-4f96-929f-ba617d5c4679,clean,s5,4,0.329545,0.405697,0.647213
158fdef7-07e0-4dab-a039-c7368a6d461b,clean,s4,0,0.615048,0.743738,0.831531
159303fc-633b-4c6b-a59b-9633f8246e69,fog,s5,5,0.536532,0.691352,0.721096
159a4eb9-3c97-4d33-94bd-c194d9c86bd1,gaussian_blur,s4,2,0.767118,0.865320,0.889696
15a76658-e655-4108-be0e-41719564efe3,fog,s4,4,0.625781,0.765642,0.787659
15b22a00-49c0-4512-b22e-f3a8473cad19,fog,s2,5,0.487905,0.525501,0.930491
15cd3195-9a19-4fdd-80c0-01f92ea3b0a0,clean,s2,4,0.614856,0.696326,0.976117
15d376f0-5898-493a-9893-eee3108f82a1,clean,s4,3,0.423979,0.595036,0.596592
15d6c4d3-c1e5-4740-ae40-2d042cc0d966,shot_noise,s4,1,0.305855,0.465685,0.473584
15e5afba-acc8-4745-99f0-c150c5722767,fog,s5,4,0.324898,0.395953,0.646889
15e6b761-b89d-44db-a7bf-3992374033a6,clean,s5,2,0.396942,0.535820,0.638278
15ee7eec-79c1-4a9d-8387-17f86ab87cba,gaussian_blur,s4,3,0.606703,0.732577,0.839867
15f5f537-1cf5-43f2-9e2c-79d0995bb50c,clean,s3,2,0.762295,0.850519,0.962773
16025622-1621-423d-a9aa-6f5232bece2c,fog,s3,2,0.500088,0.608695,0.815096
1605c35a-e05b-4597-a9c2-1608616943af,clean,s4,0,0.714165,0.828445,0.861264
160b8b5f-39e5-48b8-aad8-606e6271f658,gaussian_blur,s5,0,0.316562,0.432860,0.565584
160f179c-aa98-46be-8de6-482f06165787,gaussian_blur,s4,5,0.706444,0.825002,0.844944
16117757-640a-4f68-9677-06c26ee88db5,clean,s4,4,0.496739,0.653519,0.693325
16136bf3-2fe1-47f2-b259-3eb327a7f54c,fog,s5,1,0.520135,0.682046,0.691504
161875b5-9001-4ea4-9955-dcb6a4277e6e,gaussian_blur,s5,0,0.767444,0.868167,0.870360
16315d7f-3630-422f-b496-e48f8ca1fefa,shot_noise,s3,5,0.651659,0.739715,0.978816
1633a0d6-01b5-4232-b4d3-a8a330245a56,shot_noise,s4,5,0.648587,0.777871,0.827219
163764b7-4cfa-4e89-804e-267daeb5120c,gaussian_blur,s4,1,0.657887,0.784478,0.836180
16421609-1da6-48cf-9c23-cfe97391a341,shot_noise,s3,3,0.770782,0.857243,0.963808
1645d381-ef54-4641-b46f-8f6da22a8f49,fog,s4,4,0.438858,0.588616,0.662011
164ab259-842f-477c-88e4-dc3649c367c7,clean,s5,3,0.383800,0.545100,0.575819
166b9769-1f83-48df-957c-0ba564e0a899,shot_noise,s4,5,0.377984,0.548220,0.549456
16735630-27f8-4275-a668-b19dba517ae4,gaussian_blur,s5,5,0.604922,0.742084,0.799387
16766e42-aaa3-48c0-a13d-ec44b803133b,fog,s3,1,0.463760,0.592415,0.734837
1678d4d0-7849-47fa-b442-ee192a74f19f,gaussian_blur,s5,5,0.795326,0.885860,0.887193
167910e7-3356-4aee-acd5-cb15692f0abf,gaussian_blur,s5,1,0.568315,0.724580,0.725349
1681782c-9ecb-4c6b-a2a5-1231c42a2b8c,gaussian_blur,s3,2,0.464015,0.481336,0.928030
16859544-0cb1-41dc-b5bb-5cc108d5dbc5,clean,s3,5,0.570809,0.688051,0.850895
168da1d2-7122-429f-8d56-c1bc88b6133e,gaussian_blur,s5,1,0.716925,0.834428,0.839348
1696aba6-8fd4-41ef-9411-0fdd90de297e,gaussian_blur,s5,5,0.333900,0.483029,0.534697
169d1052-24ae-41f9-8ccd-0e3f0c69f0d2,fog,s3,1,0.385120,0.524230,0.623030
16a386ca-c508-454a-83a0-91e4a85645bc,gaussian_blur,s5,5,0.481270,0.645826,0.661051
16a54808-ee2f-4f73-9cfa-ac7dd6665d7a,fog,s5,5,0.381016,0.540943,0.575422
16c08c53-c0e9-4459-8511-35178f2d7d0b,fog,s4,2,0.691249,0.801574,0.897413
16d71ad2-c088-46fc-aaa8-90a511111b0a,shot_noise,s5,0,0.327554,0.404137,0.643393
16dac331-bf47-4ebd-ba62-8f4ec3a21b3c,gaussian_blur,s4,2,0.719927,0.830025,0.879138
16dc001c-b332-40a6-89bb-dd0ad7c71f07,gaussian_blur,s5,1,0.404606,0.574462,0.579995
16dc0f09-c962-4553-9b4e-5700d1143610,shot_noise,s5,3,0.778785,0.875637,0.875637
16f31a13-b3ea-4e36-b3c5-487871ab4af8,shot_noise,s4,3,0.525469,0.672049,0.740396
16f7760b-8ed6-4e0d-a967-2e3da2b441a1,shot_noise,s5,0,0.666437,0.798088,0.808485
16f965cb-038e-4105-939a-13dc0de6629b,fog,s5,4,0.650894,0.786033,0.800229
1708d8cd-7d8a-4f0b-a84c-f400099ef853,clean,s4,5,0.317301,0.481306,0.482587
171cd8f2-57a9-4f52-9cbe-a5bb35153e29,fog,s3,2,0.356310,0.496354,0.583103
171f1b0e-fc1d-4e7c-969e-dff7272ab65f,clean,s5,2,0.630342,0.769861,0.788048
17229b3f-b5ce-4383-9ab8-1776f01c3593,clean,s5,5,0.681278,0.809997,0.812704
172a5872-ed06-4ea0-81c3-5a710eaa2864,shot_noise,s5,5,0.774046,0.871543,0.881120
1731830e-5126-4318-8431-1881d2d4cbc9,fog,s4,1,0.508341,0.649578,0.743846
173ef891-32b1-4a70-8664-e40630bf020f,fog,s4,1,0.621273,0.750326,0.830786
1741af5a-dfc1-4a16-8c70-babe08867c3d,clean,s4,0,0.651235,0.780325,0.827299
17461eea-7536-4a7a-a46f-1bb3b56eeb92,clean,s3,5,0.540422,0.657050,0.831717
17539b66-4f00-4412-84d6-caf72e9c9849,fog,s2,1,0.652289,0.747226,0.957029
17561f6a-bc3d-4346-a17d-95d87ad50ee5,fog,s3,3,0.565280,0.681366,0.850656
175d0bae-32cf-4a37-b9a8-b89a46b1da0c,fog,s4,4,0.738281,0.845620,0.874171
1765bc44-66b4-4a6b-83ff-b5bd4295f35f,gaussian_blur,s3,4,0.345247,0.451148,0.626496
1766efaa-04c7-4adb-be62-d96e75c907c7,clean,s2,4,0.662266,0.758037,0.957123
177716e2-ee58-4cc2-9cd4-88dfb4352d6d,gaussian_blur,s5,1,0.475326,0.640339,0.655568
17840f9a-6eb9-44d0-b0cb-0daa386d1bf6,fog,s4,4,0.648952,0.781428,0.813098
1784937f-0600-464b-8af3-7c529bae824b,clean,s3,2,0.526447,0.607603,0.899160
17a1d2b4-4a97-4eed-b078-25dbcb65db77,clean,s4,4,0.649796,0.765246,0.883502
17a5285f-4edf-4070-9527-6ec786e08802,fog,s4,3,0.652660,0.784190,0.815963
17aaec31-00ac-4ac1-9134-05b64ae14fcf,clean,s2,5,0.692748,0.782508,0.983928
17b96c88-aa22-47c0-b0c1-2cdf61d6ec73,gaussian_blur,s5,2,0.462792,0.630957,0.637616
17cc4509-ee4f-48ac-86ef-5b26757f433a,shot_noise,s4,3,0.762028,0.857479,0.917327
17ce02db-fbcd-47bd-b13b-b5a103050c82,shot_noise,s4,0,0.532410,0.655870,0.808186
17d36426-69f4-44b6-8433-6af622b342d1,clean,s5,1,0.283716,0.368109,0.558997
17d97072-78e3-4666-b9e7-33e51811712f,gaussian_blur,s5,4,0.618209,0.763623,0.765941
17e32f88-22f1-4550-8eb9-505fab51bb22,fog,s4,4,0.307162,0.461977,0.484819
17e6da98-99d0-447f-ab34-8d3a597472e3,clean,s4,3,0.615510,0.748378,0.816140
17ef2601-a9a8-4242-ab6d-4c3992124cf8,clean,s5,3,0.708753,0.829548,0.829600
17f0cbd9-b01f-43b3-94c4-b29562deaf6a,fog,s5,4,0.604551,0.750062,0.767483
17f58316-30f5-4662-96a0-4a8dc271bfd9,shot_noise,s3,3,0.573047,0.640076,0.974485
18023d56-a8e4-4cca-8ab5-0f5b70865f98,fog,s5,4,0.675881,0.804959,0.815003
1843d2bc-5620-4d8f-b8df-31d953ff6ac1,shot_noise,s3,0,0.692760,0.786355,0.968945
184c2796-8e34-4967-9672-9ca8bfcd4c86,gaussian_blur,s5,0,0.533688,0.694525,0.700631
1854d1b2-f5fb-4dd2-a175-1ad5aa50ec9e,fog,s5,1,0.734933,0.847212,0.847255
1857070a-df0e-48d5-81ee-455b274f1b49,shot_noise,s4,1,0.635698,0.752874,0.876042
186bf7a8-dade-4fad-8fd1-fcfeb0ce311a,fog,s5,0,0.734035,0.846483,0.847515
186f3c4d-fefd-4caf-8874-20ddb5940d52,fog,s5,2,0.451562,0.587557,0.706106
1870dd56-31a6-448f-a2a9-b8cd98623eb8,shot_noise,s5,1,0.863348,0.925854,0.937574
187b8372-ff70-41d8-a569-a86210a123ca,fog,s4,5,0.332919,0.493708,0.511040
188adbed-9b17-4806-bcfb-09bb46cd0e3c,gaussian_blur,s5,2,0.585871,0.738071,0.741888
188d305e-bf1a-499c-9362-30ce28cc893a,clean,s3,0,0.757341,0.850065,0.940964
188ec991-d877-48a3-b226-87c6a397f7af,gaussian_blur,s4,0,0.813628,0.892870,0.938011
1896efde-752a-4449-93c8-29b28a53f24c,gaussian_blur,s2,3,0.552715,0.622132,0.949589
18b22ec9-2ddd-4f07-9fa7-a57e919b29c2,fog,s4,1,0.767961,0.862529,0.914030
18cc6325-f71c-4914-b928-36651ca16788,fog,s5,2,0.567351,0.723330,0.726245
18da7057-09b9-46a8-a5b2-f1ee50082cd7,fog,s5,5,0.308447,0.389171,0.606204
18dfb756-43df-4a4f-8d8b-1c094c98bc5c,fog,s5,3,0.692652,0.817351,0.824288
18f0ef43-b470-4c7a-9fbc-f1e6516d64b8,gaussian_blur,s4,3,0.643764,0.758631,0.885403
18f2542b-fbf8-41da-850f-ea5cf3742fd1,shot_noise,s5,0,0.493913,0.653028,0.684883
18f9e9fc-91fb-417d-a43b-48b793c0da96,clean,s5,2,0.459712,0.598401,0.708216
19015d03-130e-44ac-9069-37855de33eaa,shot_noise,s4,2,0.771323,0.863848,0.922699
19083f47-9b1d-421c-b634-5381b20114b5,clean,s5,2,0.485483,0.648993,0.666865
1908d80f-f69c-4a47-a7b2-7f88f1345557,shot_noise,s4,3,0.578532,0.706393,0.823621
190f26f4-41d0-40ff-a584-b37b9e0e8f6c,gaussian_blur,s4,1,0.393674,0.543568,0.611778
19102377-8fbf-46a3-b75e-e659e7d8019c,fog,s3,3,0.598193,0.701694,0.905781
191340fb-e2f7-4ec0-9f7f-b55d542aa773,gaussian_blur,s2,1,0.416191,0.483009,0.790379
192392a4-e14c-4c1f-bb91-03dde15c85a1,shot_noise,s2,3,0.720259,0.812147,0.971730
192a0b22-b022-4e83-9dac-7b08a531efe0,gaussian_blur,s5,4,0.544527,0.704879,0.705872
192e3689-7df2-405a-854b-cb91394525eb,gaussian_blur,s5,1,0.617920,0.763594,0.764907
195d5adf-1af0-42d8-afae-f051f915d8f7,gaussian_blur,s4,4,0.747450,0.850479,0.888891
196a39ce-f33c-46bd-8369-365396af7625,clean,s4,0,0.556622,0.650734,0.899646
199bd781-a21f-4047-aa7a-4a197f44006e,clean,s5,2,0.385109,0.475522,0.709648
19a591c9-2423-4a6d-a462-cce13e2823db,shot_noise,s4,4,0.432115,0.567518,0.686581
19a94197-254c-40fc-b1ec-45e6bbbf3d14,clean,s4,0,0.241953,0.380762,0.403958
19b60990-6331-41f8-9004-398897bd6e6c,fog,s4,2,0.505116,0.616347,0.814171
19bbf219-47e0-4642-b981-7714bfd80b1f,fog,s4,4,0.609187,0.742229,0.814965
19c53726-c508-4463-b369-9256d8aaa98e,fog,s3,4,0.467687,0.483304,0.935373
19c5d52e-62ef-4691-a8f1-d98efea7f9ec,fog,s3,5,0.664994,0.775617,0.902089
19cba7f5-63fd-497a-91dc-9d668a0dc1f2,clean,s2,3,0.692748,0.782508,0.983928
19d4c583-9d91-4fb3-906f-3519ae5c69d4,shot_noise,s4,0,0.733578,0.835196,0.913797
19d6c312-cc17-44be-a3c1-86baefe76cdc,gaussian_blur,s5,4,0.662581,0.786743,0.845387
19e0ddfd-1cdf-46fb-83e1-12e40faa532a,shot_noise,s3,1,0.504983,0.605709,0.836878
19e2ac2b-b22d-43b4-a2fd-a2cf5f47c03c,clean,s4,0,0.620984,0.758008,0.799957
19f16b29-5971-48e8-a283-88eda12271ce,gaussian_blur,s4,2,0.400726,0.569327,0.578768
19fe6998-f2e5-41d2-83d4-097ecf798823,clean,s3,0,0.508944,0.576670,0.905829
1a0b959e-b75c-4a9d-bfda-94303299c145,clean,s5,0,0.689726,0.812773,0.835624
1a0ff1fd-70b5-4d2d-bcd9-4374f652fe59,gaussian_blur,s5,3,0.429360,0.595216,0.614498
1a1a9c56-990b-45fa-9eca-cb8311ae7fd6,shot_noise,s5,5,0.650774,0.786712,0.796581
1a1fdf42-e296-4721-b9cf-91b70897358c,shot_noise,s5,5,0.461200,0.630060,0.634511
1a326deb-4863-4367-8532-50e5b082f3f1,clean,s2,2,0.544264,0.614696,0.938955
1a66520e-8ec2-4ce1-b9e9-bd5da89ef5cd,fog,s5,3,0.296431,0.427282,0.509724
1a67856c-57e4-4938-8c73-0a8afe5e2287,fog,s5,4,0.767348,0.868336,0.868549
1a791abe-6f88-4aa2-b2b7-1034aa5c7e78,gaussian_blur,s5,3,0.501489,0.637898,0.751088
1a90abd4-06bd-4e79-ac2d-fedf1d5802bb,clean,s5,5,0.771689,0.869185,0.886036
1a96fb99-1391-46db-b9d3-68ed8aebdf6d,shot_noise,s4,4,0.542883,0.696673,0.726976
1aac4b63-7f0b-4971-b10e-de4d7854289b,gaussian_blur,s3,2,0.500440,0.617463,0.796703
1aafb297-471b-437e-b55d-a7f529379c5f,gaussian_blur,s4,5,0.728291,0.837568,0.874925
1abda521-de1b-41ab-9ee1-176d782ef008,gaussian_blur,s4,5,0.497995,0.649077,0.709922
1abfd079-f396-4257-9c94-2d48e30694f9,clean,s3,4,0.559794,0.670374,0.861594
1accc953-6781-4bab-a749-caac3dca1214,clean,s3,4,0.623928,0.715212,0.955246
1ad59573-5c23-483a-860c-9299eff7366a,clean,s4,3,0.576938,0.696717,0.847129
1addcf16-aede-47b3-bfdd-4d259fe7ee19,clean,s4,5,0.536711,0.695653,0.707936
1ae6c735-d416-43cf-b562-f71b9a0f294c,clean,s4,0,0.764981,0.861146,0.907872
1af23efd-91e3-466c-9fa7-1053526c8357,fog,s5,2,0.365987,0.533315,0.541304
1b07028a-585c-46af-a742-c8bbb4a0fb83,clean,s4,3,0.638144,0.763526,0.844992
1b242eb8-5eef-4b4d-a38f-f0f6ed90a705,clean,s1,5,0.438529,0.477051,0.863327
1b2a7b44-2b15-4f61-8dfe-03f5e6017733,fog,s3,4,0.483200,0.579806,0.822338
1b2ca679-07d9-49c3-ae43-2e723273deb5,fog,s5,3,0.520186,0.683841,0.686049
1b3adb25-629d-4ab1-9cf7-bd0626653b4c,fog,s5,4,0.629556,0.767678,0.794165
1b3c7d12-d1fe-48dd-b67b-4eeb37648185,fog,s4,1,0.517872,0.673604,0.709211
1b52cb1f-0c23-4478-aba7-74b9d1002215,clean,s5,1,0.534487,0.664796,0.791611
1b5a9bc0-1fb9-47d8-9f43-08d64596813c,fog,s5,5,0.687788,0.813824,0.821425
1b6624f2-dd4c-4401-9989-43f8fc4df0f0,shot_noise,s5,5,0.389710,0.525819,0.634731
1b75a35d-65ca-43e2-b146-7a189d197d5b,shot_noise,s4,2,0.723753,0.833237,0.878741
1b76928e-db6a-4072-9306-b2994935dca2,shot_noise,s5,2,0.571024,0.726371,0.729040
1b79415c-6b06-44e8-b9f0-4dbaaf950dbc,shot_noise,s2,3,0.606911,0.691355,0.962801
1b98eb28-b32c-41cf-806b-e6ea3dd269f1,clean,s5,1,0.691475,0.816940,0.821203
1ba81231-edfd-40a2-9f0f-ce3d1bf7f292,shot_noise,s5,0,0.626252,0.769876,0.771493
1ba92549-c940-4850-be51-68824fb2ce52,clean,s5,0,0.422487,0.572787,0.643696
1bac59d7-31f2-425e-b630-575922446c94,fog,s5,0,0.841550,0.913685,0.917125
1baf12c1-789c-45c1-8030-4f910822c8fa,gaussian_blur,s5,1,0.750552,0.855410,0.871979
1bbdd2b7-ef94-4ed9-81c4-fdf7dd9547de,gaussian_blur,s4,1,0.430630,0.549332,0.718913
1bc060da-edcf-4602-97bf-36ba1a71a8e0,clean,s3,4,0.539156,0.614429,0.924042
1bc65a9a-f58e-4da0-8e11-996e79e36549,fog,s3,3,0.579403,0.667276,0.933331
1c0d6f4d-5a59-4bdc-a85e-973a45569467,clean,s4,0,0.706328,0.819519,0.874288
1c2ce2dc-7758-4908-aecd-0ac884f1db4c,shot_noise,s4,5,0.775700,0.867102,0.923205
1c2e898c-5eff-4bbb-8863-81e4521c43bf,clean,s2,2,0.617515,0.709139,0.950555
1c311e3a-fb66-423d-b69a-8ab43684183c,fog,s5,1,0.448054,0.607292,0.648235
1c3a15dc-6036-4b7b-9ba5-10fd97e8c3e9,shot_noise,s3,3,0.300383,0.438393,0.504013
1c4523e3-0c18-4c8b-9f4e-6cc8b4fc2e8a,fog,s4,4,0.340686,0.495890,0.532699
1c4d534a-ef6a-4245-8767-2e9a3529082c,gaussian_blur,s4,1,0.742121,0.849962,0.865387
1c4fa51d-1663-4cde-b50b-727dae0d7b5c,fog,s3,4,0.522537,0.588910,0.923562
1c50a81c-b058-4a5f-ad00-320def7aa9b6,clean,s5,5,0.810603,0.893851,0.909947
1c524e71-e010-4d07-88f4-cd6a7243e8bc,clean,s4,4,0.427731,0.582075,0.640096
1c653dfe-96e8-4d8b-a4a9-ee6c76782a0d,shot_noise,s5,3,0.590148,0.740308,0.749753
1c68ea3a-6206-41b2-b340-66026e9686f7,gaussian_blur,s4,0,0.385368,0.541458,0.588795
1c6e18f5-2113-44b0-b9b0-85b9a4007c84,gaussian_blur,s4,5,0.641286,0.762957,0.859429
1c6eda9e-caab-4abb-bd8e-eaf5b7d6dbbf,shot_noise,s5,5,0.511215,0.663785,0.714565
1c7c7fcf-39b2-4dff-86ff-e7e70da2fdaf,shot_noise,s4,0,0.732640,0.843372,0.860501
1c89dc63-5ff8-463b-93f6-051f286e9928,clean,s4,0,0.755553,0.855850,0.894807
1c8b9ffa-193f-4df6-95ad-4777e4c018b0,shot_noise,s5,2,0.725830,0.841134,0.841163
1ca38009-8b09-4b7f-94ee-b6289695c2a1,gaussian_blur,s3,0,0.532853,0.652700,0.817742
1ca91543-2f05-4cdd-a207-ee618c1fb977,fog,s4,1,0.572333,0.709534,0.791595
1cb60860-68b5-46ee-8837-b209984143e3,gaussian_blur,s4,4,0.309181,0.459025,0.496915
1cbd3448-51a8-457d-859d-82696aae4411,fog,s4,3,0.746837,0.849805,0.890155
1cc5506a-4d5d-4f69-b6e6-3594f27870ee,shot_noise,s2,4,0.476837,0.488144,0.953675
1cc88b60-0436-4207-9538-d57a0cd11e9b,clean,s5,1,0.767823,0.867823,0.875033
1cd06184-36dc-4603-a879-8d1f72a9c230,gaussian_blur,s5,1,0.679562,0.808379,0.813569
1cd7b71c-f452-4f16-8b79-d4138155cbf8,gaussian_blur,s5,0,0.732370,0.843023,0.861371
1ce3483b-7171-4fee-92ec-c1cb040549f6,fog,s5,0,0.716354,0.833938,0.839562
1cf36da4-6429-489e-8e79-7d86339f7363,clean,s5,3,0.766429,0.865133,0.887344
1d177f99-138c-4d67-b1c4-03da72fb4f48,shot_noise,s4,5,0.432485,0.481323,0.840006
1d2f2621-d55a-4029-8a7e-eea352cbcac3,fog,s5,3,0.676540,0.806769,0.808608
1d3219e8-2887-4e5b-ac6a-56a0a3ad8662,gaussian_blur,s5,4,0.579384,0.732881,0.736687
1d3d0d1c-a02e-4b48-822c-a38550b3b190,shot_noise,s4,4,0.441907,0.592365,0.663441
1d405fcc-282a-4bfd-a205-3582edbdc4b8,shot_noise,s5,1,0.707918,0.824827,0.852709
1d40f9ab-49c0-49d6-ad27-81b142a473ec,fog,s5,4,0.547835,0.701647,0.728739
1d447d26-059e-4ae8-ad51-bd59a8678225,fog,s5,0,0.560291,0.717522,0.720544
1d4aa427-6423-4789-be0d-e6cc9b96bd71,shot_noise,s4,3,0.650220,0.776486,0.839734
1d4c17ff-ca61-4113-812f-b6f94018f058,clean,s4,5,0.690640,0.800473,0.899928
1d4f1969-0f8a-472e-9530-e2a820da27b5,fog,s4,4,0.333075,0.496979,0.505136
1d56226d-e033-4f27-92f9-25ec5f10e25b,shot_noise,s5,2,0.631941,0.774381,0.774838
1d592157-263e-4eab-86c7-0060bf929ca7,clean,s4,3,0.609794,0.747569,0.797360
1d622a1c-8111-4085-839e-a7604a0cfdb5,clean,s4,3,0.473033,0.625224,0.687707
1d645aa2-43ab-4117-a5f6-55b2d54fbbb5,fog,s4,2,0.607239,0.736744,0.827371
1d6906da-1336-4cd1-91ea-fa5a5bb70dfc,shot_noise,s4,5,0.713033,0.819324,0.905296
1d732bd7-a198-47f8-92c8-7e707ca849af,gaussian_blur,s5,3,0.343856,0.477729,0.576876
1d7a7850-91d7-47c5-a5a4-5d927529c353,shot_noise,s4,5,0.860950,0.923655,0.946566
1d80b751-1beb-4b55-bcc2-1c31a9f01fd1,fog,s5,4,0.317568,0.476486,0.492683
1d8de60f-7d10-4450-bc50-4ead460d3849,shot_noise,s5,5,0.631473,0.774032,0.774480
1dab3f36-9862-45a9-b54f-0a322748cf4e,clean,s2,2,0.542518,0.600616,0.960821
1daee464-fa78-4fa0-aeb3-518bd424ee94,fog,s5,5,0.455887,0.616505,0.651723
1db81718-58cb-47ec-b491-5e293e38d9b1,shot_noise,s4,5,0.676768,0.791288,0.883610
1db85f68-523a-4bff-8686-c39a53dd7849,clean,s5,4,0.635219,0.776586,0.778427
1db980fc-6517-4df8-9804-f433727b2656,gaussian_blur,s5,2,0.392426,0.542099,0.610741
1dbcbd0f-13fd-4857-ac94-0cc050574d00,gaussian_blur,s4,1,0.459590,0.618908,0.658208
1dbd2e76-a8c2-4f8b-851d-1a01ae4aeec0,gaussian_blur,s4,3,0.502552,0.616245,0.806224
1dc172d1-8627-4209-af82-60ca5ce6b0ae,shot_noise,s3,0,0.481389,0.558979,0.856112
1dc23bd2-601e-46d3-9223-0be5d3712e69,gaussian_blur,s5,2,0.615428,0.750333,0.808421
1dc5ef37-fde8-408d-846f-6c01a33d24df,fog,s5,5,0.438198,0.601913,0.628106
1dc62ae2-5df7-4c9f-9209-1abdaae0c66d,fog,s5,0,0.328837,0.472174,0.538027
1dc644d3-8949-4fd5-8340-24a45e437b9f,shot_noise,s4,5,0.659109,0.780240,0.859573
1dc6b0ed-b88f-498e-8017-a7cd4439c53d,fog,s5,4,0.397057,0.526961,0.656060
1dd72304-52e4-4c49-8eee-714ccaeb73a7,gaussian_blur,s5,1,0.485303,0.642854,0.683207
1de2f512-90b2-4422-82d7-03365dc509e1,gaussian_blur,s1,0,0.460192,0.479271,0.920384
1de66a5d-6c94-4848-ba91-bf7a0ba67b35,fog,s5,1,0.532841,0.692798,0.703163
1e0721f8-bd0f-4042-a5ff-26deef86f146,fog,s3,4,0.659096,0.767167,0.912020
1e07ad2f-7b42-45af-a11e-0d5ed76d2dd4,shot_noise,s5,4,0.676080,0.806722,0.806829
1e16c51f-78da-4bca-b1dd-f51727369ec5,gaussian_blur,s4,5,0.242645,0.381727,0.404766
1e1c930c-7f57-4dfd-9fb3-6d09781e9408,clean,s2,3,0.491021,0.495470,0.982042
1e2121f6-1a7f-42b8-8f68-21ac60bafa9e,fog,s3,1,0.473240,0.569353,0.812181
1e2c9641-4395-4d48-bb17-2e72f76d2834,gaussian_blur,s4,1,0.574548,0.708921,0.801504
1e3705a7-766f-4a1a-b730-e2133336af00,clean,s5,2,0.778200,0.874452,0.881760
1e52c130-693b-49b7-8e2c-13e73408f99b,clean,s3,4,0.128509,0.226159,0.229808
1e58d941-65cf-45fc-b542-57d5a209c892,clean,s5,0,0.491872,0.654184,0.674492
1e7c6dfe-3364-4228-9ab6-663ccc6f43f5,fog,s4,2,0.531659,0.632844,0.861408
1e80a796-4a9f-44fd-a91b-000baf01fa20,clean,s3,0,0.560360,0.680131,0.837397
1e915e5d-5e2e-4d14-ad14-4498fa6fe87c,shot_noise,s3,3,0.519983,0.641937,0.802219
1e919c31-b504-4a58-bdd9-074f931be5fc,fog,s4,0,0.664103,0.779094,0.884422
1e94d095-121e-49be-b8c1-48c59068a093,fog,s5,4,0.312178,0.454971,0.514064
1eadab8a-8427-4824-9902-1f1cc4d42935,fog,s3,4,0.314756,0.428791,0.566363
1ebe1355-faaa-402e-8d83-fdeedd3935bf,gaussian_blur,s4,2,0.362055,0.525856,0.543808
1ecef167-8e93-4533-8ccd-fe022a020db0,gaussian_blur,s4,0,0.714165,0.828445,0.861264
1ef3b549-c270-4d84-8096-50952d3600a4,shot_noise,s5,4,0.610280,0.756872,0.762539
1f02cd6c-954f-49df-bcbd-7af25dab8d75,gaussian_blur,s4,4,0.683212,0.791893,0.907435
1f076b37-4b1f-4b84-8093-065782a4864a,clean,s5,0,0.635219,0.776586,0.778427
1f0a4088-5f51-4805-9b9a-e827643a0cd9,gaussian_blur,s5,4,0.569567,0.722900,0.736096
1f14c720-ddfb-453b-b9e8-8cbd157e949e,shot_noise,s4,5,0.722084,0.835533,0.857365
1f1b9b66-6ec1-40d9-9038-8d6ec3f6a82d,gaussian_blur,s4,0,0.484536,0.596220,0.792847
1f25f23f-059c-46ba-920b-57974eea4607,clean,s4,5,0.453565,0.616731,0.643227
1f279b84-b4c4-4b1d-838e-bd644e27338f,fog,s4,1,0.450039,0.603575,0.663994
1f2c1221-b569-4569-8aea-b0b186d6c992,shot_noise,s4,4,0.425466,0.577629,0.642693
1f37c706-d045-4e67-8871-2b0c6b7b76d3,gaussian_blur,s4,0,0.633716,0.762883,0.830260
1f3bb765-d34d-458e-94ae-c5566475c82a,gaussian_blur,s4,5,0.461024,0.610794,0.683264
1f43b03b-dfd8-499d-ab7f-0d37dd1d1710,clean,s4,2,0.612147,0.741349,0.829280
1f44913d-3f69-4756-8f5a-7436f0d179f5,fog,s5,3,0.488924,0.651334,0.672276
1f45e192-1ffb-4103-8692-d262426bb7d8,shot_noise,s5,4,0.598939,0.741166,0.780096
1f4d1b86-9030-4e7b-ad93-9694decc533c,shot_noise,s4,3,0.639638,0.756451,0.877808
1f4f7f32-db4d-4d4b-9604-83895bc5fde4,gaussian_blur,s5,4,0.788595,0.880658,0.891408
1f5ac98d-55d7-4563-9b18-675b761aaa9a,gaussian_blur,s2,3,0.387389,0.436549,0.774779
1f65e19b-ae61-4dba-946e-2fd7d3a54799,shot_noise,s4,1,0.861358,0.924364,0.940736
1f6a348d-30f7-4958-9b7a-5b4e5559a0bc,shot_noise,s3,5,0.587909,0.707024,0.854681
1f72debe-af73-43d1-a159-cd8e21c07efe,clean,s4,5,0.755553,0.855850,0.894807
1f762e9f-4b80-4dfe-baeb-148c4fa93af3,shot_noise,s4,2,0.555341,0.701338,0.756867
1f772907-87f3-461a-a785-b812dfbd4674,shot_noise,s5,3,0.771645,0.870950,0.872308
1f921297-e4e0-4e2b-990c-910b622deaab,shot_noise,s4,1,0.622858,0.762560,0.788859
1fa51814-e32b-4e9d-bfbc-c459162f3d77,clean,s5,5,0.209151,0.296472,0.416272
1fa9b2ae-baea-41ce-a32f-1214a5c9a92e,gaussian_blur,s3,3,0.717011,0.812129,0.957904
1fbdb2f8-33c2-4c9f-beb5-51e835fac883,gaussian_blur,s4,3,0.556034,0.666549,0.859028
1fbf124a-f211-4a12-b3e7-7c624a6be17d,fog,s3,0,0.692760,0.786355,0.968945
1fc01943-89fc-4960-8e8e-749996e50d65,shot_noise,s4,5,0.433855,0.601400,0.614587
1fd6fe43-9bcd-482b-acb4-fdfa826e8694,shot_noise,s5,0,0.726045,0.839542,0.852120
1feefdbb-bdc4-46b3-a2d8-8387d0b35be6,gaussian_blur,s5,0,0.442360,0.595011,0.658749
1ffd251e-d0d4-4c88-8da7-f38b822a2ebe,gaussian_blur,s4,2,0.779999,0.871116,0.917429
1fff9f35-ac7c-4c85-bf2f-ff3eda4c0a95,clean,s3,2,0.507758,0.579662,0.896836
200d6264-8d06-46a3-9a39-dafa763bf364,clean,s4,4,0.738313,0.842017,0.896565
201b9932-531a-4873-bb40-5124a8a2e9a3,gaussian_blur,s5,3,0.668300,0.798744,0.813253
202297b0-a208-4a0b-aa7f-90039dd7fa9a,shot_noise,s2,3,0.489101,0.494491,0.978203
202aea58-725f-4d37-8972-d071e6852a45,shot_noise,s4,3,0.584187,0.717960,0.806885
202e8af9-8d1b-4cb5-91fb-c935f41fe8ea,shot_noise,s4,5,0.609303,0.753212,0.773489
20407e87-e79c-4669-a44b-358005d8b1ca,gaussian_blur,s4,3,0.759663,0.854804,0.922747
20464108-b293-406a-9a44-1d4821be8fc9,gaussian_blur,s5,3,0.615490,0.760957,0.766288
20483f75-c857-4fa4-8800-d8ced50409f4,fog,s5,5,0.503347,0.665171,0.682965
2048598b-1627-4ee9-83b8-023bc10356fe,shot_noise,s4,1,0.728873,0.835283,0.891104
2049822f-1c6c-4d70-b496-586fd76fc36b,shot_noise,s5,5,0.422116,0.587530,0.608472
20508714-0b94-4c87-a52b-d3fb40d72155,fog,s4,4,0.770957,0.866627,0.900961
205d6b49-ea21-4bd2-880c-bf67d7466691,clean,s4,2,0.534859,0.692436,0.711621
205de878-3f99-4b20-b6ed-e95d3853dc0b,clean,s5,1,0.474887,0.638527,0.659003
207517b2-c034-4386-bb25-9363317ae31f,gaussian_blur,s5,4,0.391296,0.562042,0.563516
20887eaf-d4f2-4159-9733-b00470a234c6,clean,s5,0,0.461437,0.625409,0.647700
208ab44f-79aa-43fa-8d91-7eae5aab1a4e,fog,s5,4,0.349100,0.485847,0.579153
2090d37f-50b8-42fd-88ce-b0a25c5b8872,shot_noise,s4,5,0.308415,0.429238,0.545360
209167e5-5447-4018-81cf-5922d997f9ae,shot_noise,s3,3,0.322760,0.441222,0.571744
2094c098-a7b5-4d35-a5e0-d72f02bd30bb,fog,s5,5,0.658777,0.789753,0.815886
209910da-d803-47bc-915d-67e011b98d43,fog,s4,4,0.313407,0.468275,0.494107
20acf2a5-5c35-4dc6-a627-a3163f8427bc,clean,s4,1,0.829708,0.902884,0.948582
20b7bebd-ed31-4c30-b720-fe16edc09de9,shot_noise,s4,5,0.538827,0.684223,0.751248
20b8ca30-991a-4668-a965-18072a823a34,gaussian_blur,s3,2,0.121146,0.215013,0.217508
20c4b67d-314a-45e8-b391-33305593a141,clean,s5,5,0.715088,0.827012,0.873579
20cfdc7c-fbc8-4574-82ac-4fb6ae85ac8d,fog,s5,5,0.608642,0.748775,0.788320
20d6e8f8-095a-4eb6-8d76-b7a9968163e7,gaussian_blur,s5,2,0.500829,0.658501,0.693470
20e80c5f-2941-4e1c-8279-036e0583d26c,clean,s5,3,0.610846,0.754326,0.775068
20f0b9b3-6f8e-4a08-8e84-12ab49bcfe56,shot_noise,s4,1,0.369836,0.519455,0.582667
20f399ce-fe8c-413e-b5f5-0185f39b2edd,gaussian_blur,s4,5,0.678303,0.790200,0.894688
20f6c63a-01c7-4a61-a30c-e3fcbe0fb169,gaussian_blur,s4,4,0.662749,0.780687,0.872342
21028483-c5a5-480e-83d1-1a7eba7a125d,shot_noise,s5,2,0.505273,0.665761,0.688021
210b5c5e-a4b6-4b84-aeee-f75abc6a6df7,gaussian_blur,s5,0,0.670316,0.799264,0.819351
21298904-c116-47b4-a1ca-699304f7e8f1,clean,s5,2,0.481311,0.645902,0.660979
21346b63-09c4-4a4d-ac3e-47ae285c8a15,fog,s1,2,0.459939,0.479133,0.919877
213a56f1-d5c6-405a-ab2a-3039ec5a0117,fog,s5,1,0.702536,0.824786,0.828111
214c6def-c5ed-4f9c-8d18-285c461efa4d,fog,s4,5,0.654718,0.783703,0.826619
214d5919-63a9-4bb1-9397-8f9d5d0d8e47,clean,s5,5,0.682560,0.810565,0.815403
214eeef2-8d56-4e54-b8c2-6a3f1d288163,fog,s3,2,0.502515,0.598154,0.844949
215d1805-9742-404a-bb16-a130cbb3022b,fog,s5,3,0.495580,0.662698,0.662811
2176c14e-287a-4b9c-a18e-9add4d708688,shot_noise,s3,1,0.762263,0.850006,0.965701
21772625-10d9-4135-ab8f-2fe47e1e7a03,clean,s5,1,0.694674,0.816382,0.838621
2179a481-665e-48e9-a6b5-8b9e931cdd3a,shot_noise,s5,3,0.735740,0.844623,0.867902
21804444-1f75-41f8-80ee-d86b89a6b204,fog,s3,4,0.334188,0.466368,0.565787
218431a1-cbf0-43f1-957b-e1b53bb51649,shot_noise,s5,3,0.362600,0.509459,0.578613
21861168-a4e5-4a4b-b50b-b4435312b7ef,shot_noise,s5,1,0.741214,0.851124,0.853072
2189a55b-3e3d-49d9-93dd-0fefcb1fc6e4,fog,s5,1,0.556199,0.706604,0.742811
219b9050-0a79-40c4-a2d3-4e45d5f60de6,fog,s3,0,0.586037,0.683801,0.913553
219c0ed9-d29f-4f58-bf43-3a5e3d5f0b20,clean,s5,5,0.747790,0.855260,0.858725
21ad78e5-eeb8-4579-b051-f9d2b7d1339f,gaussian_blur,s4,1,0.695538,0.818068,0.833434
21b814f0-16e3-47a7-9c6e-cd130a8e12a8,gaussian_blur,s4,0,0.693911,0.809050,0.872981
21bf8043-7abb-4327-97e6-7859054f0341,clean,s4,5,0.800719,0.887266,0.907669
21c435c8-c806-43ac-b65c-4b0e68a2eee6,shot_noise,s3,2,0.698552,0.801677,0.927657
21c624be-d6f1-46f9-a230-4ed1f4ca7f5a,fog,s3,4,0.631683,0.727200,0.946821
21c6d880-50d7-4bce-b5a7-43e81fe5be89,fog,s3,5,0.340619,0.485674,0.551856
21c730db-6364-47be-bdfd-0f37827212a7,gaussian_blur,s5,4,0.431009,0.567806,0.682392
21d462a5-f0a3-4daf-a677-860692500b2a,clean,s4,2,0.694336,0.799863,0.918197
21da810c-6132-4b71-a998-979bbf83cacd,shot_noise,s3,5,0.460447,0.512142,0.873279
21dabaf4-eeee-44ec-ae69-6342ecc20b72,shot_noise,s5,3,0.315844,0.476215,0.487408
21dd8015-683b-471e-93c3-811f3451234b,shot_noise,s4,1,0.444482,0.490461,0.860661
21e18ac4-5d39-4a43-92ba-fc614c187c0f,gaussian_blur,s4,2,0.550667,0.679032,0.807440
21ebdc40-c2ca-49f4-a585-96a0f0e88d3b,clean,s5,4,0.564812,0.717158,0.738624
21f376c4-7634-4799-874f-a4258798993b,clean,s4,4,0.626866,0.748634,0.858196
22023198-4167-4b26-a12d-7a88500006a7,clean,s5,4,0.657493,0.784588,0.834069
22099a9e-2ac3-4f86-89c1-122653c860a8,fog,s5,4,0.691905,0.816383,0.826162
220c0b7a-72f1-472e-a49c-bbf67b513c41,gaussian_blur,s4,3,0.618423,0.753686,0.807029
220e9689-c3a1-410c-8901-3e767267deca,shot_noise,s4,4,0.725633,0.827360,0.920043
22136ff0-de35-480b-b2d3-5573947d029f,gaussian_blur,s2,4,0.479943,0.489766,0.959886
22277052-0209-4ba0-97f1-fb81ba1c3909,clean,s5,4,0.620866,0.761649,0.784733
2228bc1b-a9a1-48ea-b893-d55b8d6d46b8,gaussian_blur,s5,3,0.531109,0.693427,0.694835
222a11af-045f-4817-a394-8c90d6a108f7,clean,s4,4,0.719846,0.829566,0.881339
2233d577-1f15-45ea-8dfb-807605f89038,fog,s5,4,0.480206,0.638636,0.677067
223dee39-46d5-47ea-9621-e66b8bcdc2e0,shot_noise,s4,4,0.708860,0.821797,0.873579
224faf40-204e-4fca-9e29-012e6515d4f7,gaussian_blur,s5,3,0.564631,0.721712,0.721856
225ba5eb-cefc-47fe-a91e-5919445bc35f,gaussian_blur,s4,1,0.779609,0.869599,0.926456
225bb491-952e-4670-ac45-8ca9c4cf6f24,fog,s4,0,0.696674,0.815991,0.849657
2269cd62-e09a-4ac2-b21d-a71e7d7384e4,fog,s5,1,0.365166,0.511735,0.582578
226c1aea-8cf9-43bc-a8b1-3bab22bd9053,fog,s5,1,0.343345,0.480248,0.570689
2271af8c-6714-4388-affa-86dbdfe8540f,clean,s5,2,0.621195,0.766197,0.766964
2280e0cb-126e-4ccf-9ab2-aea9e277bc24,gaussian_blur,s2,0,0.588097,0.669479,0.955906
22937f67-50ff-41df-afbd-4ba3275a61a7,fog,s4,3,0.579200,0.707571,0.822325
22b72ad5-186f-4997-91f2-3087f51efccc,clean,s5,0,0.676854,0.805225,0.817898
22c4abaf-5e11-442c-b8c1-e38ed619bc00,clean,s5,3,0.621195,0.766197,0.766964
22c63de6-4a8c-4e17-b1d9-c4457f698fcd,shot_noise,s5,2,0.659715,0.792593,0.806452
22d5d524-8b71-4550-81d2-03c00dca1f59,fog,s3,3,0.317260,0.438730,0.558251
22e654cc-9d3d-4b0e-b57c-e083a0505258,gaussian_blur,s3,5,0.510839,0.622907,0.817641
22e6d286-99cc-4dc1-89f8-d7ec8a4a4a0d,gaussian_blur,s4,4,0.577416,0.706573,0.819114
22ebac32-20e8-47d2-8a80-13cecbeeba06,clean,s5,3,0.573880,0.720341,0.761131
22ee024c-8615-4ecc-a14e-2d6aecf5e07b,shot_noise,s5,3,0.520651,0.683496,0.688811
22fbfa0e-d82f-4161-8b7d-c05453b54a26,clean,s4,3,0.662144,0.775570,0.891039
230364d3-26c7-4f0e-a3c7-e9a0c7ab0f69,fog,s4,0,0.713150,0.819866,0.903029
230842df-af0b-47ab-93f0-8ce012b88bca,fog,s4,3,0.636872,0.770515,0.811462
2308e619-9431-4ebb-a291-0c84b7487636,clean,s4,1,0.639036,0.756154,0.876619
2309d698-bc1b-4c4c-8550-07908e08d9ca,shot_noise,s4,1,0.446358,0.592774,0.677237
230d0b1b-e5a9-49ad-adc1-568b03dcdc15,shot_noise,s5,2,0.558435,0.697045,0.781413
2315d305-3f7f-43d5-b495-818990a7a74e,clean,s4,5,0.473033,0.625224,0.687707
231b3f8b-47fe-49ae-bf85-18f06bfeadc7,shot_noise,s5,0,0.600627,0.746656,0.765622
2323c265-3b32-4bd0-a735-130b193388ee,clean,s3,1,0.475871,0.597290,0.763013
2326a1d6-af01-4dd5-a4fc-f34330cbfa5b,clean,s5,5,0.462211,0.600708,0.711099
232b0ec3-afa2-49d7-a5c4-d3833f3248fa,fog,s5,5,0.351393,0.512423,0.535680
23351501-c7b3-46f2-b3f5-35018320c047,gaussian_blur,s5,1,0.619160,0.764785,0.764821
233d6f76-ffa6-478b-b5f9-2119c75ad398,gaussian_blur,s4,5,0.755918,0.859170,0.873952
234b7900-4294-4222-b9a9-bb4a5843818e,fog,s5,4,0.654940,0.787889,0.808510
234f324a-4353-423f-9c48-a33fe07a648f,fog,s5,2,0.740576,0.850885,0.851429
23522f22-c6e2-4b5e-893a-af3c55dfe3e3,gaussian_blur,s4,3,0.732584,0.840490,0.878032
2356ae69-316d-4b6f-90ef-d2f92192982a,fog,s3,0,0.592175,0.705628,0.873723
235a867f-c5cb-44df-a3d0-e67d137f8efc,gaussian_blur,s4,0,0.847349,0.916034,0.933248
235bea6c-06ef-48d7-acc5-561b891138fe,clean,s3,3,0.399547,0.536840,0.644648
236850e1-d7c2-40c8-b7e9-9842f7d6b51d,gaussian_blur,s5,1,0.349993,0.474275,0.602652
236c1d1c-03ee-487a-9470-2fe3fb10283f,fog,s4,1,0.393554,0.557488,0.581392
236cd505-2d21-4ce6-944b-e7d8bd0b18c1,shot_noise,s4,1,0.584709,0.685029,0.905920
2381ab0c-a9a8-4c9b-a52d-b481355db81f,fog,s5,5,0.451340,0.589725,0.700541
2388d596-845c-4321-989b-83d95fc80bf0,clean,s5,0,0.348623,0.502132,0.546880
23a62fed-acb7-4e2c-a26c-ec495532f2e1,clean,s4,2,0.760720,0.856257,0.918672
23baccac-0031-42d4-8183-d5ac0dc9e04a,gaussian_blur,s4,3,0.651870,0.775564,0.850235
23bf983a-ead6-45fa-b4b4-1c1dead4c915,clean,s3,4,0.420530,0.556707,0.671858
23c34cac-8562-4e38-87c1-4381bdaeab62,shot_noise,s4,4,0.482841,0.630024,0.708576
23c4b283-d5f3-4b6b-baf9-bed9e8f0745b,shot_noise,s4,4,0.840926,0.911936,0.932373
23c4e478-b6ac-40c5-befe-371855d6d0e7,clean,s5,2,0.652040,0.787487,0.798261
23c595b5-a5df-47a6-b911-b543f750777c,gaussian_blur,s4,4,0.562143,0.697175,0.794116
23dd4828-62a8-43e4-a1ed-9f9c9b19b35a,gaussian_blur,s2,0,0.617515,0.709139,0.950555
23e891b0-1838-4f9d-b591-ca24d2594ca6,gaussian_blur,s5,5,0.739296,0.849705,0.852798
23e8e500-f373-48fd-b538-79b7cbeaa78b,clean,s4,5,0.517511,0.656676,0.755968
23f525d6-969c-44a1-8049-9f6917bd15a1,gaussian_blur,s5,2,0.465746,0.635496,0.635536
23f54cd4-9755-451f-8d95-171e3f2bfaca,gaussian_blur,s4,4,0.606374,0.745324,0.792797
24015f91-4861-4818-b3ec-5f50be9d5e57,fog,s4,0,0.712355,0.825772,0.867867
240ef5b4-2c83-4daf-9013-5ebbc7230675,gaussian_blur,s5,0,0.732887,0.845581,0.847644
24147aae-453e-4613-a35a-755b0e70ecc7,gaussian_blur,s5,0,0.722964,0.836003,0.858758
241c1ed6-74dc-4a66-aaae-024348cace40,shot_noise,s4,4,0.251149,0.352831,0.476624
24279383-7e78-457e-a22c-02a8edf9a8a8,clean,s4,2,0.315795,0.462239,0.513045
243befe7-10f0-4ff2-82a6-51a6d7ea5380,clean,s4,2,0.315903,0.476441,0.487179
243d3cc6-9819-412d-b7f2-4900c3d99675,clean,s3,5,0.513409,0.629101,0.811616
2455f2a4-1104-422d-9e6f-d43243732e51,fog,s4,4,0.594323,0.726539,0.815063
24702ba6-f01c-40df-953d-192e00217160,fog,s4,1,0.829865,0.905204,0.926208
24799e31-b7c0-46fb-a61d-9ff490691c2f,fog,s5,1,0.388727,0.559386,0.560843
24808096-e405-46f9-a080-6fb42c9497de,gaussian_blur,s4,4,0.755471,0.851806,0.920747
248166d8-2583-447e-9f36-c39ee1eab139,shot_noise,s5,2,0.417012,0.588523,0.588715
24838010-869b-4856-8dd1-53875bfd00bc,fog,s3,4,0.398373,0.536303,0.641934
248c323c-81f8-4e68-a440-1a3a246609d6,gaussian_blur,s4,5,0.630798,0.749276,0.870645
249a28d5-ce6e-4c1b-9fac-0391cc3a6412,clean,s5,2,0.724535,0.839216,0.846805
24b2c5f2-2443-401b-88a4-04831903913e,clean,s3,5,0.692760,0.786355,0.968945
24b691db-acdc-4e37-abef-f4666754bba4,clean,s4,0,0.567492,0.707409,0.781040
24ba3894-3d38-4731-910d-fae5e872ee62,shot_noise,s3,2,0.543711,0.649918,0.860107
24c6396d-4899-4fae-8ffa-8aa3d77a5c95,clean,s3,2,0.559121,0.669725,0.861046
24cae9c5-8fb4-4efd-838d-3fc4cf8f4674,clean,s5,1,0.798631,0.888000,0.888423
24cd10ee-d856-4dfc-903f-93848f348f03,shot_noise,s3,2,0.584952,0.706431,0.846117
24d2c97c-3420-4517-b494-e5afd55f7d53,clean,s3,0,0.537336,0.655738,0.824853
24d8132e-a888-40f3-8fb1-bf15fce919da,fog,s4,1,0.367295,0.523715,0.565691
24e3b6c2-a1fc-4fe6-8908-ebae14a7f67c,gaussian_blur,s5,5,0.702762,0.823859,0.834400
24eb04bb-e5f5-4350-974a-91e2c37b0c42,gaussian_blur,s4,5,0.549240,0.668653,0.830944
24ef75e7-e4a9-4ee9-8a63-2c58b4b330ad,clean,s4,3,0.790954,0.878874,0.919623
24f3bfd6-c915-42ee-8ff9-5a25e23ffbdc,clean,s4,4,0.873206,0.931296,0.947093
24f6d3d0-3cf6-458a-8171-44d1465beea4,shot_noise,s3,0,0.519831,0.639308,0.808149
24f94b63-0b68-49ab-b8c6-cb1f9ca65c90,shot_noise,s5,1,0.710814,0.828862,0.843259
25006091-db89-4fd5-b2a3-d31a3c3db1dd,shot_noise,s4,0,0.502184,0.596370,0.847568
250ba797-3e22-49c2-841c-70dd2f9ad133,clean,s4,1,0.459234,0.579266,0.748619
250c062a-4685-4290-86b0-40a18fb580ef,clean,s4,2,0.704435,0.818227,0.872603
2510bb54-cefc-4de7-a5ff-4025c6cffe5c,fog,s5,2,0.450169,0.595881,0.682640
25116ba4-dca1-443f-a737-477a9f9261fc,fog,s3,4,0.405613,0.536928,0.663957
251f9380-2af7-49aa-a559-48f5cb0198ad,fog,s4,1,0.569841,0.702309,0.805520
252a507d-d41d-4d25-83dc-a64be6add345,fog,s4,0,0.628060,0.754389,0.841392
252cc8c9-3501-459f-b716-725806090ddc,fog,s3,5,0.502070,0.552486,0.927754
25374d75-263f-4611-9d10-b5d6d497da99,gaussian_blur,s1,5,0.479053,0.489303,0.958107
2539f63c-5184-47db-bf82-a950d260955e,shot_noise,s4,2,0.759774,0.856048,0.915189
253d485e-2c5b-4080-a82d-d2ec3a389126,clean,s5,0,0.381575,0.472432,0.703910
254a1330-0bb6-488f-9cfe-70572356f279,clean,s4,3,0.653892,0.779366,0.842240
2556438e-58b2-4371-b814-6a993454bbe3,shot_noise,s5,0,0.609070,0.752120,0.776917
255a37c5-47dd-49b6-a5a8-11dafb7bcb3a,shot_noise,s5,5,0.799238,0.887814,0.893807
255c98fd-17ed-4074-91d5-e6cffe5a3986,clean,s4,4,0.767515,0.863826,0.902556
255fa542-db80-40e1-b556-35b0dd429501,fog,s3,4,0.511133,0.586496,0.894128
256100d5-057c-4875-8bf8-e82b70a2a879,shot_noise,s3,2,0.483888,0.561481,0.859040
256bedb1-334e-499c-902e-2e22a6a31ed9,clean,s2,3,0.621483,0.704141,0.977541
256e8313-8ac8-4994-b5c0-e851960e7962,fog,s5,5,0.801727,0.889692,0.892330
259289d6-0902-4cdb-a885-6e52a22ba34f,clean,s4,4,0.672250,0.791972,0.861856
25ac0a73-f6ee-42bc-a3f8-fe6dffbe7f1d,fog,s5,3,0.754134,0.859807,0.860048
25ad4f00-9910-4c70-9f4e-c02899383f3d,fog,s5,2,0.396655,0.567875,0.568312
25b16cda-f8c2-495d-b810-92718583d0c6,shot_noise,s4,2,0.703474,0.817033,0.874544
25bd894f-6847-41db-8c1d-03bc4ab78f9c,clean,s4,1,0.646351,0.769169,0.854608
25c13273-1bae-4c3f-baf0-6e46408fd19c,fog,s4,1,0.617006,0.750827,0.812589
25d61f22-2dc6-4539-ac56-9e207c0760c6,fog,s4,4,0.600105,0.744726,0.771063
25d7d62f-6280-4799-aed2-2af895059798,gaussian_blur,s5,3,0.395752,0.550673,0.603595
25db5e79-fb69-46b3-8ec8-6c199cf68280,gaussian_blur,s3,3,0.656023,0.768030,0.896859
25edb7ff-2056-4517-a2d8-28db2630b776,gaussian_blur,s5,1,0.485915,0.635920,0.703766
25f3b5d0-1665-473a-9794-4ae1c952b482,shot_noise,s4,3,0.715660,0.826058,0.881467
26079070-50cd-4f7e-ab64-c94a13ff4480,clean,s3,0,0.620742,0.728684,0.903525
262a8baa-d16a-427b-bd63-82f4b6f8af6f,fog,s2,2,0.588341,0.680240,0.930293
262ab923-23a1-4d87-a583-ca6215c57716,gaussian_blur,s2,4,0.496253,0.562093,0.894505
263495c6-f90f-46fc-a167-d871872256e3,fog,s5,3,0.643946,0.782874,0.785908
2644fb31-5545-4434-bbc0-7e2d30f81d3a,fog,s5,2,0.678635,0.808505,0.808823
264560c1-1804-4337-a7ef-1787f3a68fe6,shot_noise,s5,4,0.674419,0.804012,0.813435
2648e290-8433-4baa-9471-b8005c85194d,gaussian_blur,s4,1,0.491895,0.651029,0.683479
264bcd89-1307-4e41-8f60-e4a576860eae,shot_noise,s5,3,0.509725,0.656116,0.730915
266390b3-5544-40a7-887c-da8e18b2d1cc,clean,s5,0,0.812300,0.895749,0.902960
26713b89-594d-46d1-9aa3-f270062e0833,shot_noise,s4,3,0.569947,0.724415,0.732084
2673288d-bb49-4396-ba40-c496b21ec8fe,shot_noise,s4,0,0.848141,0.916788,0.930377
267b5cab-7412-4957-9630-7f0e83534ac7,clean,s5,0,0.475732,0.581546,0.795760
26810e77-da39-4871-85eb-9e498099f95b,clean,s4,5,0.649383,0.768338,0.869819
268812f3-1bc2-408a-957c-90fa558dafb1,fog,s5,1,0.741808,0.850473,0.860428
26977f15-c93a-4bdc-aa5b-00176e3c3267,fog,s5,3,0.817602,0.899110,0.904992
2699febd-192b-4e37-adcb-333cf65cc35b,gaussian_blur,s4,0,0.484822,0.638107,0.694294
26a69296-d447-411f-b122-40e41d2c91dd,gaussian_blur,s5,0,0.762293,0.864387,0.870480
26ae4fd7-4215-40dc-afc2-0a756494e7b7,shot_noise,s5,1,0.776406,0.872623,0.885970
26b0018d-ef00-4d62-b886-469cd8534756,gaussian_blur,s4,5,0.467594,0.632015,0.651383
26b611ef-bbbf-4365-aff0-6c29de7cb766,fog,s4,5,0.561914,0.710860,0.749469
26b674d9-daa1-418f-a78b-e7f7f3b8073f,fog,s5,5,0.417373,0.496083,0.773207
26c048e2-249d-4b8e-8d8f-26f046716f83,gaussian_blur,s5,0,0.798631,0.888000,0.888423
26c7cd91-a0f3-45c2-8fdc-564f5b7ca031,fog,s5,3,0.808229,0.892617,0.906318
26c9225f-5078-4f68-a305-5a165d2297ad,fog,s5,4,0.507873,0.654204,0.729802
26d1a784-8945-4a97-8333-19dc082bf2ab,clean,s4,2,0.533954,0.647786,0.833580
26d54d48-c8e8-48b0-a263-c8c9e2218cdf,shot_noise,s3,4,0.537719,0.657942,0.820492
26d89914-d43d-416b-b6c7-dd961ae679cc,fog,s4,5,0.531641,0.668997,0.770384
26db5b6a-14a8-4842-b4a5-07373ffd4040,fog,s3,3,0.760865,0.850311,0.956944
26df458e-f073-4170-97dd-0f6decd551e4,shot_noise,s4,2,0.784189,0.869642,0.951150
26e149d6-2a25-4384-93a7-fb8cd502a2c6,clean,s3,2,0.614666,0.726422,0.889040
26ea49d4-3b06-484c-90e5-44571c7f85bc,gaussian_blur,s4,4,0.631212,0.747952,0.876939
26ee776e-401a-4408-8ac0-49a0e2fbbae3,fog,s5,1,0.796859,0.885250,0.901739
26f52933-946d-425e-b032-ae2797d9d0ef,gaussian_blur,s3,5,0.730589,0.821129,0.974000
26f5ee92-ef05-44ec-bc74-0186d2c1f7e0,shot_noise,s5,0,0.549281,0.708168,0.712197
26f776e0-0712-4547-a0d0-993477cfca7f,shot_noise,s3,5,0.210489,0.336545,0.364703
26fdcfe6-84f0-4d1e-b346-809bacc75ed1,fog,s5,2,0.492700,0.640995,0.713491
2705440b-23ac-40f8-97d8-590dec80ad0e,clean,s4,0,0.653510,0.770402,0.877777
27110044-ec92-4742-9a72-6e902b6434fc,shot_noise,s5,0,0.572674,0.723503,0.745557
2713b869-ce0a-4e31-9887-69b80c80aca5,gaussian_blur,s4,3,0.557068,0.661698,0.874672
27162c24-c63d-4407-86f6-a0acffa25139,shot_noise,s4,3,0.795110,0.881424,0.923291
271ee9ff-efeb-4e2e-a144-c93d9520e3b8,clean,s5,5,0.616457,0.762678,0.762928
272019ad-5d88-48ed-b0b0-0657b682842b,clean,s3,5,0.508380,0.638130,0.773405
272116d1-a4a9-4266-8c46-406501bb502d,fog,s4,0,0.813628,0.892870,0.938011
2728894b-271c-4914-971a-e34c8a708e52,clean,s4,2,0.568145,0.716778,0.752252
272aa832-d25e-4227-9d59-4e6b919a6f66,clean,s5,2,0.706847,0.826583,0.837851
272e0517-f8a5-4f6f-ad70-7d8d8e61fb64,gaussian_blur,s5,4,0.600294,0.749424,0.753445
2739817e-19fa-4a93-bc99-ff823a74e423,shot_noise,s2,0,0.544264,0.614696,0.938955
274a37b5-d622-46b0-a2c3-020a93f141b1,shot_noise,s4,2,0.499000,0.564288,0.898704
274bff77-5cff-4ae8-9786-f97cfb47b2f4,fog,s5,1,0.516861,0.679757,0.686892
276b0956-6cbd-4c44-9be4-a588e23293aa,fog,s5,0,0.664156,0.797429,0.801947
276ddcec-6ff7-484d-9efe-7cbee2579f0c,shot_noise,s4,4,0.763318,0.854170,0.945352
277568c7-cc6e-43e7-b46e-6e90c5634586,shot_noise,s5,3,0.348161,0.500837,0.547872
2786f63b-21f8-4981-9cf8-bb07fdee63e4,shot_noise,s3,1,0.341937,0.480744,0.565223
27933e30-8fda-4497-b759-335c0d694d32,gaussian_blur,s4,4,0.649732,0.783398,0.807459
27a5eaee-9d50-49de-ac9f-720ba6080c2f,clean,s4,4,0.653510,0.770402,0.877777
27ad7d76-6cdb-41b2-8da4-6781413812d1,shot_noise,s5,2,0.662036,0.794922,0.805115
27b634a6-9783-4aad-9c33-f78ee9b0e8dd,gaussian_blur,s4,4,0.539271,0.685052,0.750315
27d74eda-f361-4cf1-bae1-5c8a4bfa0cad,gaussian_blur,s5,5,0.703662,0.823391,0.841157
27d753e3-9022-4960-b023-1372ceab9c93,shot_noise,s5,2,0.521210,0.684261,0.688411
27d81a2e-08dc-48f0-a0ea-87dd219938e8,clean,s3,0,0.391156,0.510190,0.668832
27db4b87-1d51-4e68-8dc1-e2ed84136311,gaussian_blur,s5,0,0.466976,0.622049,0.675285
27e1d9da-3d99-4d28-8782-b5cbdc8cd122,gaussian_blur,s4,3,0.728899,0.833733,0.900102
27f2f68d-a41a-4670-a572-fba882d0a381,fog,s3,5,0.362151,0.464893,0.656645
27fa4a06-5c2e-45e4-a95a-8bbbfe589c03,clean,s4,5,0.643997,0.774513,0.823099
27fe68e8-8f13-4bfe-84cc-6425514b7351,shot_noise,s3,4,0.418266,0.534219,0.709216
27fed9cf-9071-47a1-adf9-40104138085d,fog,s5,2,0.752537,0.856922,0.871904
280b68a6-6a4c-4516-975c-371773c5d56a,fog,s5,2,0.568387,0.720317,0.740848
28124356-7249-4e90-8823-319f7ef1f5fc,fog,s4,1,0.400461,0.460681,0.778117
2814b0ea-feb8-4aa2-8fdf-9cc26ee7c8f3,gaussian_blur,s5,5,0.354582,0.520031,0.530820
2815093e-b642-4469-95fe-30e0e92c21dc,clean,s5,4,0.283024,0.367983,0.557003
282458d5-391c-452a-8e16-9e77e12e309f,fog,s5,3,0.539195,0.699530,0.704245
2824a8d1-796b-410f-96e7-01d92c237a2a,clean,s4,3,0.518411,0.672320,0.714916
2828aefe-abf3-4c13-8ade-1d7377b38ceb,clean,s4,3,0.247089,0.386826,0.411659
282de828-11ee-4724-b232-a1f0e3ec3c3a,gaussian_blur,s4,4,0.455613,0.612774,0.660186
28304134-4cf9-4687-8f67-152942d19215,gaussian_blur,s5,0,0.625546,0.769557,0.770024
283292dc-e30b-43f6-8f09-02cf48de3bd8,fog,s4,1,0.573836,0.682044,0.877589
2839f0aa-0b11-486d-95ed-c1997fa9d848,fog,s5,3,0.298646,0.409241,0.545744
284e76cc-6f1d-44b8-8541-d026da903442,gaussian_blur,s4,4,0.300635,0.462144,0.462560
2858242f-b3e4-44c9-94de-7a67c6cb6600,fog,s4,4,0.809436,0.890329,0.934384
28599978-838d-4ea9-b399-4d23f0f5b7e7,clean,s4,0,0.704686,0.819682,0.866036
285a11ec-aa70-4b70-8a76-195d1cdc64e4,shot_noise,s4,2,0.316501,0.463712,0.512724
285c3d5e-098b-43c1-901c-a7855aca461f,clean,s2,5,0.523532,0.576401,0.948971
286027c4-bbd8-4ff4-8c9e-7eeb3c1f444f,clean,s3,3,0.487110,0.564730,0.862752
286a7ad4-cfff-4de8-9d91-6055a3267ed0,clean,s5,0,0.635053,0.776147,0.779707
286da615-19a6-4063-84c2-9dcd16382c5b,fog,s5,0,0.643877,0.783348,0.783438
28749332-8055-4ba4-bbb4-499be0094f22,gaussian_blur,s4,1,0.418078,0.522504,0.730240
287e9cae-2599-451e-b34b-d054499f65ce,shot_noise,s4,1,0.804869,0.889655,0.912112
28819377-939e-4287-ae3a-312804e6adcd,gaussian_blur,s1,3,0.443808,0.470231,0.887616
2884d0ab-4f8d-4d0c-8887-47caef23bd14,gaussian_blur,s3,5,0.536397,0.661896,0.805785
2889851b-3369-48f8-9d01-a9f01fd0e2ff,clean,s5,0,0.346424,0.493849,0.555552
288f831c-c888-47bc-85b4-d7e12d264485,fog,s4,0,0.715665,0.817995,0.923696
288fbe40-fc9e-44c8-a7f7-c9f1171de9c1,clean,s3,3,0.528750,0.598927,0.923157
28ba4deb-6f8b-4266-9228-a465199e0c4c,fog,s5,1,0.570658,0.717754,0.758160
28c09dd9-ef52-40c5-94d3-62b87f1cd5f3,gaussian_blur,s5,5,0.651317,0.787342,0.795913
28c11604-e66c-4710-92a2-ccec134e856d,shot_noise,s4,0,0.672250,0.791972,0.861856
28cc4859-64b6-40e3-b732-7a68ee31e66c,gaussian_blur,s4,1,0.588297,0.687462,0.911417
28e11cd2-fe2e-4864-8067-aadfe406da46,gaussian_blur,s5,1,0.481619,0.649698,0.651344
291aa7f1-e986-452e-89f1-cc7bb4142454,shot_noise,s4,1,0.649579,0.771183,0.859184
2926547c-5c97-445b-9760-cb387998c4fc,shot_noise,s4,0,0.675205,0.800469,0.834420
2928f1b2-f266-4009-ba4d-81644a319ca7,clean,s5,5,0.671590,0.796280,0.839141
29372a53-d25d-4580-88e8-920ea3fc3ebd,shot_noise,s5,1,0.453294,0.618752,0.637099
293a0e40-006e-422a-a487-6a3d8bfb6cde,shot_noise,s5,1,0.369733,0.518727,0.583776
293d1ad9-272f-4995-80ef-03da936e2ef8,gaussian_blur,s5,2,0.424790,0.594568,0.600517
2945fbac-4937-4a5c-8dee-e23df5617c66,clean,s4,0,0.483364,0.650134,0.656229
294d56e4-b3c4-4008-bf69-cfe53af1927e,fog,s5,5,0.552007,0.694248,0.767269
295ce4a0-6c52-4315-beaf-dd05423b4147,gaussian_blur,s5,3,0.459254,0.616682,0.662712
29618760-c877-4590-b6fe-5968c43ca168,clean,s4,0,0.720776,0.824805,0.911528
29653e0f-3124-4dad-b77d-73b882770ec1,clean,s4,1,0.814871,0.893771,0.937744
2968961c-4b7f-4ef7-92b1-e9298b1cc3b2,clean,s5,4,0.632964,0.772082,0.789056
296a253c-a40a-45bc-ba96-21a3eb8a3835,fog,s4,5,0.584505,0.722630,0.792384
296e0a95-7286-4b5d-aacd-df047169319a,shot_noise,s4,5,0.729553,0.837359,0.882203
29974d1c-4920-449d-9e6d-d671aceba0ae,shot_noise,s5,3,0.420577,0.582698,0.614703
29986215-073c-4fbf-9d76-a3b5e9dac585,fog,s5,3,0.482878,0.635345,0.694949
29a47f9d-b4e5-4801-9f26-26605aa7f9f9,shot_noise,s3,1,0.868341,0.925928,0.978176
29a5ee8c-b348-4757-b4ba-6bfc5c148bc8,clean,s5,3,0.476158,0.604283,0.748360
29b75e0a-f39a-460c-a5f6-05b97aa82901,clean,s4,2,0.764677,0.860988,0.907367
29b765ed-b9e0-4ec1-a1bf-abd296abc3a3,clean,s4,5,0.737550,0.841949,0.893275
29cd5c53-e6fd-4d45-a222-b98ebaf702c1,shot_noise,s4,2,0.773653,0.865040,0.926800
29d4646f-a4cd-419a-ac8a-700b6033bf7b,gaussian_blur,s3,5,0.584730,0.704591,0.850898
29de1259-caf2-4e22-b48f-80cdf4b1ded6,clean,s4,2,0.466380,0.584928,0.759376
29e5c282-f130-4911-aea5-2cb7f4baf5dd,gaussian_blur,s5,5,0.558097,0.703080,0.761187
29e71e62-8bfa-4e17-ab94-d01c784ad39c,gaussian_blur,s4,1,0.659984,0.782226,0.854601
29f183ea-ee6e-4281-bd36-8576dbb26a34,fog,s5,5,0.424475,0.595875,0.596219
29f54f42-ba34-4078-a212-35e2a833ec79,gaussian_blur,s4,5,0.736271,0.832328,0.942208
2a09d7c0-2715-47ea-a01d-f5d4cf545e63,shot_noise,s5,5,0.638002,0.757481,0.867733
2a12e230-cbef-4b5c-b926-7105f0e53a0d,fog,s3,5,0.490738,0.510913,0.959904
2a1b0699-7ade-4066-8b3f-e998d16af1ac,clean,s3,3,0.606191,0.719674,0.880187
2a1e6d1f-c2b7-40a0-9740-dfc5cfdd1d96,gaussian_blur,s3,0,0.471208,0.485177,0.942416
2a2163d1-b09f-438a-a15f-fec7717e2d2d,fog,s4,2,0.686956,0.808174,0.847056
2a238cf5-2f5d-4084-a305-d78d967d5360,shot_noise,s5,1,0.531491,0.682419,0.730811
2a265e52-7b26-4437-af69-8776c1c208c6,fog,s5,5,0.576457,0.727579,0.745110
2a28947e-b7e5-47c7-8579-33667cea772b,clean,s5,4,0.655728,0.789654,0.803568
2a2e0e78-668e-4716-aef6-765350f02e12,clean,s4,2,0.532410,0.655870,0.808186
2a301dc8-51b9-4219-98a3-b8cbed92ad97,clean,s5,5,0.728555,0.842883,0.843483
2a322ff4-0aec-45a9-8ca4-3c47edcb5aae,fog,s4,4,0.394738,0.557809,0.584651
2a5a38b2-9434-45c4-adf0-ec8974b65672,shot_noise,s4,3,0.516926,0.619580,0.844427
2a5d0395-6c78-4769-b819-c7a7ab32920f,clean,s5,2,0.769000,0.868797,0.874150
2a66e056-985d-4460-a824-a90dc31dc0d3,gaussian_blur,s4,1,0.750363,0.843243,0.947566
2a7087ff-542e-4c84-b6d4-07f3bac28ede,shot_noise,s4,5,0.716798,0.829293,0.868711
2a7f5614-7c3c-4e8d-9a07-1fd6b580d051,gaussian_blur,s4,4,0.757856,0.859873,0.879216
2a8254d6-cb8b-4a22-b33a-bfae6642d7ae,fog,s3,0,0.519831,0.639308,0.808149
2aacb2e0-258f-4e0a-8edd-35ec0ea47b71,gaussian_blur,s5,0,0.508990,0.649370,0.746597
2aad85ca-1789-464a-97d0-f978c74aec18,gaussian_blur,s4,1,0.487109,0.615929,0.757120
2ab1f092-2f96-4855-875b-b839a747e3ee,shot_noise,s4,0,0.326903,0.492108,0.493957
2aba0877-def1-4410-84ac-ac74e1a3f2e3,fog,s5,4,0.627367,0.761326,0.811641
2abba00d-7f24-47a9-9e08-9638fcf56c03,fog,s5,5,0.321454,0.436734,0.574897
2abcdc54-d50d-44ea-a51d-b0724fcc7713,gaussian_blur,s5,2,0.372048,0.427590,0.742769
2ac11712-6635-4069-b284-80a879975fc2,gaussian_blur,s4,3,0.796697,0.882923,0.920357
2ac33262-720c-43e0-8a17-18636f5688ef,shot_noise,s4,1,0.322426,0.441284,0.570576
2ac99fe0-c03b-4ec1-a899-42694a177100,shot_noise,s3,0,0.519505,0.638307,0.809509
2ad763d6-d577-4ffb-97ae-fa17e5562a0e,shot_noise,s4,0,0.606089,0.736433,0.824192
2adecb30-e0b4-4509-8938-62234f81915d,clean,s5,0,0.639173,0.778293,0.786997
2ae6db77-6194-4c96-9c44-802e090f46c9,shot_noise,s5,3,0.309129,0.456522,0.501237
2ae70b6c-1455-450c-b031-d6944096f945,shot_noise,s5,0,0.801678,0.889585,0.892987
2af496e0-33e5-470b-96e7-b5d7d52dcbf7,gaussian_blur,s3,3,0.343991,0.482560,0.568588
2afe5479-5f51-4bcd-ae11-eb1f3c3f960d,shot_noise,s4,3,0.418907,0.584852,0.603981
2b00ea77-6693-41a7-b51a-f5839fed7298,fog,s4,2,0.473591,0.528089,0.885787
2b0168f7-eeb1-483c-81b1-7d4bd7e4aa7c,shot_noise,s5,2,0.285333,0.426948,0.473709
2b12b7e5-91b1-42b5-b571-efb151dd001f,gaussian_blur,s4,1,0.525808,0.682652,0.709913
2b1bde48-8e1a-48c3-8e3f-53eb20392385,clean,s2,4,0.484099,0.491921,0.968198
2b1c8efd-0af9-4933-b7fd-803bf0d0c282,fog,s5,2,0.617164,0.762844,0.765051
2b1efbb3-1ecd-4adf-95dd-65cff3e21041,clean,s5,1,0.689870,0.816089,0.818587
2b25c669-6094-4830-aa4b-c22e5620fb24,shot_noise,s5,5,0.507200,0.665873,0.694474
2b2d6b5e-f961-432a-9d94-10774f0c6a82,clean,s4,3,0.735190,0.845339,0.860639
2b32ef2a-250b-43b2-a7ac-68a5c0c5a0a3,fog,s5,4,0.597057,0.744492,0.760240
2b3e1794-47fc-4521-a7d6-1324761c3bb0,shot_noise,s3,5,0.808433,0.885041,0.972613
2b42504b-370b-4288-ae96-e5f0fe9bb010,clean,s4,4,0.691822,0.808571,0.866276
2b42e69e-174f-43d3-8592-8ab7b835646a,gaussian_blur,s5,5,0.650430,0.782736,0.813323
2b485611-457b-48b4-89c9-891b7f8b0c5b,gaussian_blur,s4,5,0.308841,0.469364,0.476768
2b4b19e0-c710-4b2f-9bac-fd9d5f783a77,gaussian_blur,s5,3,0.138041,0.230497,0.258315
2b50de13-1a18-4eb4-972e-5fc2d69193f0,gaussian_blur,s4,4,0.389715,0.545207,0.595266
2b585afc-4eb7-4138-8763-59008b08c6ae,clean,s5,3,0.777619,0.874607,0.877232
2b5effce-4bf1-4150-bd81-a266e914d32e,gaussian_blur,s5,0,0.708153,0.829105,0.829376
2b786271-41a9-44f9-98a8-59af6e80fc53,shot_noise,s4,2,0.495013,0.658264,0.673792
2b7d4ae7-dc52-443a-9c4c-5bfc6f604908,clean,s3,4,0.507758,0.579662,0.896836
2b8ddea9-0f8e-4cc9-916a-7323f4845a40,fog,s5,0,0.779980,0.876072,0.878976
2b944a8d-cc22-4b81-b073-134c69f891ef,fog,s1,5,0.465400,0.482080,0.930800
2ba4e3da-baa7-4b7f-b6af-d57b4fd17732,shot_noise,s3,1,0.551989,0.664962,0.849730
2bb1ee3c-9121-41b5-82fa-82f912349a3d,gaussian_blur,s5,2,0.614909,0.750746,0.804848
2bbc10d5-4314-4cee-afd6-1de70fafa113,gaussian_blur,s2,2,0.546225,0.627660,0.918342
2bbef4f2-4bf2-4500-bc3e-76ece8c36fac,fog,s4,3,0.594270,0.737166,0.777244
2bc10a99-3843-419f-935c-5ab316543970,fog,s5,3,0.650388,0.784653,0.804465
2bc74f99-ae01-4a08-9ca3-588244f70269,fog,s4,4,0.683388,0.805596,0.844451
2bd07e10-0d6b-45aa-92c6-deae16a3c58d,shot_noise,s4,1,0.506258,0.579173,0.893279
2bd81767-b412-43ba-89c7-04b7fffab4a4,gaussian_blur,s4,1,0.553207,0.701572,0.748429
2bd9c747-db34-41aa-9995-ab23e2c79ef9,fog,s5,4,0.746689,0.853431,0.865520
2be71ffb-ff6b-4639-9e04-203758dc290b,shot_noise,s5,4,0.578708,0.733131,0.733179
2be7f1b2-cd24-4d2b-8d34-381c0095ad69,gaussian_blur,s3,3,0.471025,0.590217,0.762877
2bed21a2-0d4e-44ed-8f02-504aa94cf37f,fog,s5,0,0.709148,0.827880,0.841136
2bee03aa-7b28-4026-bdb0-a8900af9bfc2,gaussian_blur,s4,4,0.430957,0.592242,0.627083
2bf49459-cf63-4fc0-a355-6baaf0702dba,gaussian_blur,s4,2,0.537347,0.691252,0.724336
2bf5d783-1868-43d3-8d3d-40084696fc8d,shot_noise,s5,5,0.774752,0.871550,0.885009
2bfaa923-04a5-4283-96ef-98780bb7ad49,clean,s5,2,0.400942,0.546531,0.629413
2bfb4d88-8a11-4996-bd58-c4e5f50f564d,gaussian_blur,s3,1,0.773853,0.858310,0.972740
2c0cea2f-af71-4bf1-a09c-7e9761d96bde,gaussian_blur,s4,1,0.458721,0.604519,0.690677
2c1e0c6e-6f7b-4022-b929-e9c5c14c7651,gaussian_blur,s5,3,0.678314,0.805531,0.822709
2c4eafab-4dcf-4aed-a200-993d51813a62,fog,s5,1,0.599802,0.743846,0.773264
2c516ca1-6d51-4059-bbeb-b4d207823346,fog,s4,1,0.488212,0.629519,0.727867
2c5bb0bf-ccb0-4f17-84e1-d83bd661d96a,clean,s3,1,0.686949,0.789862,0.931333
2c5f56a3-cf1f-46fc-938f-02d5b21a24cb,clean,s5,0,0.680422,0.805911,0.829979
2c5f61e0-d99e-47fb-a7ad-1dfb4e6b46b2,clean,s3,4,0.456400,0.590195,0.715952
2c6361eb-035d-4435-a733-4abe449b168a,shot_noise,s4,3,0.687570,0.803533,0.872535
2c6a594c-75b8-4814-b30d-1cf24335a69c,shot_noise,s4,0,0.847349,0.916034,0.933248
2c6d9834-f458-44c7-9d9b-a19c6d852e49,gaussian_blur,s4,2,0.744012,0.846593,0.896411
2c713da0-3b63-4d61-9dc3-ed76773c0b78,fog,s5,0,0.646220,0.781419,0.801915
2c77fe8c-ee97-42aa-8677-a776ba59c826,shot_noise,s4,5,0.560905,0.688390,0.815936
2c7a6f6d-8027-4202-9a09-44ab7ff92e35,fog,s3,4,0.527703,0.638166,0.836435
2c930221-795f-47dd-84d8-247b3c7a0840,shot_noise,s3,5,0.524964,0.603602,0.902650
2cc3f9bd-8fc6-47e6-bb8b-3f1479593d4a,fog,s5,4,0.254775,0.389281,0.433611
2cc8fa27-610e-4112-87ce-9b05260afb7e,gaussian_blur,s5,2,0.630324,0.769713,0.788608
2cd2610c-530c-40a0-90ed-4de556b64393,clean,s5,3,0.760004,0.863458,0.864960
2cd27107-b94a-47a1-8580-0a76725054df,fog,s3,1,0.653103,0.765760,0.894295
2cd65b6c-c095-467c-9546-4244cf993b59,fog,s4,0,0.379547,0.447429,0.736324
2cd9474b-ce86-4ec1-af27-fa69fdb7493c,shot_noise,s4,4,0.304286,0.449321,0.497963
2cdce8ab-4608-4002-8b35-4b080c5fddcf,shot_noise,s2,1,0.611675,0.696820,0.964330
2cf3ce21-e899-4ee5-8db6-c4e4c243b775,gaussian_blur,s5,4,0.613745,0.760479,0.761351
2cfaca16-3246-4702-8eff-7eacb8c689f3,fog,s3,2,0.490909,0.577134,0.851040
2d01b9b7-87a3-4255-b7a2-6226ca38b3ae,fog,s4,2,0.778175,0.872319,0.898221
2d02171e-5243-4531-853c-3ff0006127f7,shot_noise,s4,3,0.760827,0.859619,0.896590
2d0302df-1a63-489f-a6b0-f7ac524c272d,gaussian_blur,s5,2,0.551230,0.710395,0.711755
2d03e290-56d1-4712-8e07-101f8d99dad2,gaussian_blur,s5,4,0.688482,0.814865,0.818957
2d053ad3-e5da-4008-9550-22bd76046006,gaussian_blur,s4,3,0.381364,0.552153,0.552160
2d146996-7b6d-46fe-b665-9193f02c1e64,clean,s4,0,0.784189,0.869642,0.951150
2d231b1b-4202-49de-a033-67c6c88b112d,clean,s3,4,0.361795,0.478971,0.631883
2d26c610-d168-4668-b7e6-9ecffb061200,gaussian_blur,s5,1,0.580716,0.733990,0.737611
2d30493a-3af3-4370-8005-32e0b6f1cb97,shot_noise,s4,1,0.710342,0.814383,0.918246
2d449fc0-9ebb-40da-9f85-c4e6326e8f82,gaussian_blur,s5,4,0.713374,0.832300,0.835173
2d44cdf5-3c0a-4162-bc1e-3f1a9317486f,clean,s5,0,0.496073,0.657923,0.678496
2d4cf26e-0e85-4d19-9dee-58ae048f170c,shot_noise,s4,4,0.684560,0.803222,0.861147
2d500690-0bae-47b7-a528-135f3caed6ed,shot_noise,s3,4,0.560121,0.656959,0.896129
2d560387-9055-46a4-820f-a3da6b32c8d4,shot_noise,s4,1,0.556451,0.688838,0.799184
2d6822e7-5115-4d8f-a087-aa0e57162910,fog,s4,0,0.311507,0.471577,0.481584
2d700eb0-6546-424f-9fe2-fe7e4a7c7096,gaussian_blur,s3,2,0.630328,0.726424,0.944427
2d7e28f2-f56d-4f6e-a5d7-1e27a6cdf81e,gaussian_blur,s4,1,0.368561,0.466422,0.673904
2d84ee7a-ef9c-4f07-8799-c1758759cded,shot_noise,s4,2,0.422287,0.575524,0.636901
2da3ba49-881c-4bb9-b2d2-05eb13624f60,gaussian_blur,s4,2,0.847635,0.916378,0.931371
2da47870-213c-4ba3-b731-c5655715d504,fog,s5,4,0.709283,0.827910,0.841593
2dbc9964-ee15-41dc-b94b-6febc66c65ca,clean,s5,4,0.653588,0.789446,0.795557
2dc5b85e-65d0-4e81-9d2b-cd807449e256,clean,s5,2,0.510293,0.663366,0.712553
2dca99ef-47d0-4e3f-a25d-e0330b4ebc48,fog,s4,1,0.524917,0.644039,0.813227
2ddbd651-c0fa-40af-b37e-b941f9f9c552,fog,s4,3,0.387657,0.545752,0.587272
2de05c42-39f4-4d3d-a124-504ada8233e0,gaussian_blur,s3,2,0.578674,0.699311,0.845531
2de569a7-e965-46bb-bc96-681f3bb1ef8e,shot_noise,s4,5,0.730873,0.837473,0.887835
2debb32f-356e-4e2a-a896-0d5b449a95ff,gaussian_blur,s4,3,0.365303,0.523384,0.559755
2dfe4fe1-cdba-4524-b25f-372384769a59,clean,s5,5,0.391240,0.478556,0.723290
2e0691fb-75d5-4d4a-a1ab-7bd4160f96ce,fog,s4,1,0.723996,0.828644,0.905616
2e08cc4e-4279-47d3-b7ae-753271cfaf1b,shot_noise,s3,2,0.339425,0.478227,0.561627
2e1b8b11-eac3-4084-b899-b8f5bb9cad0c,gaussian_blur,s5,0,0.541901,0.698468,0.717600
2e3410ee-4e7e-4d1c-8247-cf5620ccab7f,clean,s4,1,0.789675,0.880046,0.902763
2e3ab09d-8b62-4265-96a4-97d4c9ad806c,gaussian_blur,s2,1,0.491021,0.495470,0.982042
2e45d537-9913-49cd-9b3e-b42d02d7bc9b,clean,s3,1,0.618595,0.731561,0.886544
2e516c1c-b2a8-42d8-b47c-ef158f493986,clean,s4,4,0.694336,0.799863,0.918197
2e5f894e-69e4-4109-af13-139a7028ccce,fog,s1,1,0.224138,0.309524,0.448276
2e749326-260a-4541-87ca-03aa015ccb87,shot_noise,s5,4,0.527149,0.689644,0.692709
2e791647-c27c-402a-90d5-92b2de393b0b,fog,s5,5,0.438668,0.574260,0.693361
2e7f92a3-ad82-49bc-85d3-b72a84b82361,clean,s5,2,0.683985,0.811725,0.815614
2e8351fa-b444-4e6e-a5ab-ad619e45c9c1,shot_noise,s4,1,0.502321,0.647073,0.730080
2e8bdfe2-c86b-465d-867b-54448e1e95a8,fog,s5,5,0.493418,0.651567,0.687261
2e8c6798-d13f-4598-8b58-6d6214728daf,fog,s3,3,0.378554,0.509489,0.630171
2e8fcec0-79c5-487e-8dc2-7b0f181d5ff7,shot_noise,s4,3,0.373613,0.543725,0.544560
2e92bab0-b52d-448b-96c8-8160b2dc5d13,clean,s5,3,0.460162,0.626348,0.640837
2e97df1f-bef0-4094-910d-72bc5ec3b5c6,shot_noise,s4,3,0.765965,0.860086,0.920288
2eafe6f1-4878-42cb-ab77-97a7e3f41275,gaussian_blur,s4,0,0.353145,0.497335,0.570955
2eb75e7e-be67-458e-bf93-428f25504840,fog,s2,1,0.298956,0.388595,0.577584
2ecfa9a5-d4d7-4ec4-b855-a53f0b27b5c7,gaussian_blur,s4,1,0.652118,0.773585,0.859429
2ed078d4-6f42-4666-970c-d28d12497c29,gaussian_blur,s4,4,0.439548,0.516583,0.805315
2ed1e446-88d9-47e6-9b3c-2176ef116843,fog,s5,1,0.505318,0.631472,0.779660
2ed52e66-1c78-46ff-b9e9-7ca12f28fd91,gaussian_blur,s4,3,0.779494,0.869894,0.923670
2ee1fcd5-04bc-43ff-8464-87bc5bbb3387,clean,s3,4,0.651659,0.739715,0.978816
2ee288fc-02dd-4c3b-8625-65855b20ed56,clean,s5,2,0.766352,0.866910,0.873829
2ee5349e-d8c7-4a64-8bf1-02287be0a589,gaussian_blur,s5,4,0.578721,0.729237,0.747611
2ef162b1-2cd3-47c5-a39e-ee6d599aa253,clean,s4,1,0.479928,0.638659,0.676048
2ef21449-f636-4aa5-804c-bcd51845be77,clean,s5,3,0.481844,0.645519,0.663904
2ef24a25-a1d2-425d-b7d9-391934dabb17,shot_noise,s5,3,0.636822,0.769803,0.814249
2f060b3d-686b-49b8-bb87-6da334d83989,shot_noise,s5,5,0.348695,0.509858,0.531830
2f0ba6ad-5330-49f2-86de-e56fd96efa4d,gaussian_blur,s5,4,0.381222,0.519649,0.619371
2f10539f-ddc3-41b9-8614-87eaf4f48d6d,shot_noise,s4,3,0.819630,0.897176,0.936852
2f2d8a26-05a4-4d59-966e-7e5fce0e4610,shot_noise,s4,2,0.722906,0.828470,0.901557
2f352c13-2105-4819-9349-c423b3fa7a3f,fog,s4,3,0.451998,0.595669,0.689163
2f3fcaef-b5e2-4bf8-b88e-ba3d3ffdb45c,clean,s4,4,0.851719,0.918559,0.936656
2f4d401d-6eba-4efb-aa51-15ef5dc8b7a3,fog,s5,5,0.662833,0.795732,0.804584
2f4eb3b4-54ce-482f-9cfd-7511cf4fd60d,shot_noise,s4,1,0.385267,0.454365,0.742937
2f4f2c69-5ddc-42fc-a072-19bbccb69a97,clean,s4,3,0.847349,0.916034,0.933248
2f56fcee-50fe-4cfe-844e-85a47a5ed5f7,gaussian_blur,s5,3,0.517368,0.681807,0.682309
2f605db1-3338-4a8e-87fc-468a680a05f2,fog,s4,2,0.253171,0.397692,0.414603
2f69dc5b-f02e-4bca-9a46-af64c557b119,gaussian_blur,s3,2,0.511077,0.575876,0.913553
2f6cffaa-bdb1-4cfa-9a6c-508ad6017f57,gaussian_blur,s4,5,0.589567,0.730309,0.784389
2f6e7f0a-38ab-49cf-93d3-5b5774c5ac87,fog,s4,2,0.442852,0.600879,0.646372
2f6eac90-26bf-47c5-a9a9-838ab899e76c,fog,s5,2,0.519569,0.683818,0.683899
2f7f21db-1042-40e3-b86d-04b1a7f1cd4a,fog,s2,3,0.311599,0.399469,0.601157
2f80ac96-3685-4ed8-818b-dcb3b99b8880,clean,s3,5,0.599704,0.697876,0.921528
2f818ef0-7f32-4b35-b375-8904f19cf014,fog,s4,3,0.437538,0.591310,0.651360
2f896a9d-96de-4007-84aa-14a7476ecb28,gaussian_blur,s2,3,0.580937,0.651161,0.975057
2f8e24be-128e-4621-9e4a-7efb382b6763,fog,s4,5,0.478840,0.584839,0.798733
2f95db9c-8475-40e1-b915-944026580560,fog,s5,2,0.518407,0.641023,0.799290
2f9744a6-9174-4baa-be42-79dc13a7c16a,fog,s2,1,0.670185,0.759921,0.980000
2f9dd0b9-a63c-4049-85cb-9ec2e05429ea,clean,s3,3,0.708446,0.811339,0.924789
2fa26906-bc35-472c-b50c-137314400084,clean,s2,2,0.483640,0.491684,0.967280
2fabf59f-7d2d-4ba2-8315-aad662fc22aa,gaussian_blur,s5,5,0.638832,0.779600,0.779701
2fb0919a-6520-42ec-a67d-33e34420f587,shot_noise,s5,4,0.641833,0.778134,0.798594
2fb5871a-ca36-4bf3-a951-ada5e301d6b0,fog,s4,0,0.735190,0.845339,0.860639
2fbce74a-311b-4013-8429-c4c4391ce9e8,gaussian_blur,s5,0,0.684507,0.811046,0.821512
2fbf347c-d483-4633-88b1-0c3d128ab0e3,fog,s5,0,0.769949,0.868646,0.880512
2fbf8f14-581f-4df0-8165-3917ed84401e,fog,s5,3,0.755484,0.860252,0.864016
2fd1e049-f710-41a4-8f09-9f38a3555d97,fog,s5,4,0.618083,0.763784,0.764757
2fe58f6f-d7bb-4076-b18c-b21872fb5007,gaussian_blur,s5,2,0.635421,0.771933,0.799611
2fe7ce29-c526-470d-83e3-35a179362996,clean,s4,5,0.784189,0.869642,0.951150
2fef073f-1e8e-4b6b-9eb9-652f3c19e97a,fog,s3,0,0.532853,0.652700,0.817742
2ffb1743-017e-4786-b255-e6cbf384adbb,fog,s4,2,0.282879,0.439944,0.442901
2ffdca52-1411-4e70-a913-3089f4a338f1,clean,s3,1,0.739007,0.834680,0.942091
3001ff54-4929-4239-a3fc-c862fed3b715,clean,s3,0,0.772800,0.860973,0.950010
30261c22-d864-42a2-bcc0-837545d80fbb,gaussian_blur,s5,4,0.473307,0.639517,0.650813
302948fb-081d-4190-92d0-5f6ca2b48046,gaussian_blur,s4,5,0.596821,0.730701,0.809936
3046f08a-110d-4f92-81ef-bbdd862f4db4,gaussian_blur,s3,3,0.519216,0.645419,0.791019
305ac015-869c-4e87-9356-85496acd4b47,fog,s5,0,0.680422,0.805911,0.829979
306a0706-d49f-4708-9630-5c9428c7f885,fog,s3,1,0.594748,0.700351,0.897835
306fbf56-dfb2-49d8-9d7f-3d21d70babaf,gaussian_blur,s3,4,0.570982,0.697600,0.823840
308117e9-a9ba-4936-9436-e29a9d441b2e,fog,s4,4,0.390585,0.551214,0.585248
308343ac-7f2d-406f-a5fe-e86b5bafe7ea,fog,s5,5,0.324559,0.486214,0.497557
308fb94f-004f-4090-8a97-526f50befaf2,shot_noise,s3,0,0.556664,0.685882,0.808541
309312de-d0d8-421e-802e-ff52a7308484,clean,s4,2,0.575880,0.721239,0.765409
30a871a8-74a6-4eb2-8c4a-930cd13dbf10,fog,s5,4,0.493635,0.591427,0.831231
30b1b798-e545-46e8-bbbc-8f0344da890e,clean,s4,3,0.637793,0.772820,0.805365
30be14da-2296-4012-993d-7a0d3488b00f,fog,s4,1,0.775164,0.870975,0.891701
30bf58ca-1a4f-4180-8e7f-3c19ca6286f3,shot_noise,s4,2,0.611885,0.751403,0.790648
30c08aff-7bfe-4687-a2a3-69176a8dd8ba,fog,s5,4,0.490442,0.655114,0.666821
30c4ae2a-a41c-4b23-bde3-40a8891f7258,fog,s4,3,0.594814,0.724195,0.824763
30d11290-0add-4791-8254-207588c3e0ed,fog,s4,1,0.468255,0.614778,0.697703
30db9255-1918-434f-96aa-9e63ccd811b4,gaussian_blur,s3,5,0.460363,0.589251,0.730848
30e36c60-02f7-492a-833b-cdc05d20796f,clean,s4,5,0.792682,0.879250,0.926613
30fd5fff-b567-44bc-a967-c42de93ee9f9,gaussian_blur,s5,0,0.524174,0.685486,0.695216
30fe18d9-bcdf-4c42-aaa1-b9cf037d3d2e,gaussian_blur,s5,5,0.226564,0.314519,0.449532
3108885f-4d09-465e-8570-6b872477fa7a,gaussian_blur,s4,3,0.892832,0.942764,0.954187
311f7af4-33b4-4348-b74c-9abe3adf4b80,fog,s5,5,0.592497,0.743176,0.747748
3129473c-7b0c-483c-933f-dbcc03b1e609,gaussian_blur,s4,5,0.464566,0.514131,0.881957
312fabcd-1dac-49fd-9e7c-4fbb95916197,gaussian_blur,s4,3,0.675264,0.803898,0.817687
3139d768-cf81-43fb-96fb-447ac85c322e,clean,s5,2,0.363705,0.524436,0.552272
3157c939-259e-4054-9bef-e38709419d28,gaussian_blur,s5,4,0.402940,0.543682,0.641788
315fe3ce-2c6d-4446-9c2b-3e2fd90360a0,gaussian_blur,s5,2,0.811323,0.895056,0.903248
3162ad3e-c817-424c-8ab0-0b0d1ba1bdda,fog,s4,1,0.724106,0.831949,0.887757
316456b0-e868-44f5-9422-cbcd43be7174,gaussian_blur,s5,3,0.506154,0.671706,0.673360
316800bf-014f-458d-b290-3e5ee1c67dd2,shot_noise,s4,2,0.524525,0.686093,0.694560
31710fa0-7bf4-4f1e-a885-287371a0065f,fog,s5,3,0.552044,0.700870,0.746498
31785500-535a-4d00-841c-f44d0feb22c1,fog,s5,5,0.464650,0.634443,0.634605
317a049d-d6ca-4ab9-9b3f-2aa3229681a6,clean,s3,5,0.384768,0.500478,0.666293
317cfb2d-2ef9-4aaf-82cb-5c4ad06fff16,clean,s5,4,0.384769,0.545511,0.578171
317d5efc-f49f-407e-bf46-3c5ff706d55e,shot_noise,s4,4,0.537520,0.638824,0.866379
317e6cac-c463-480e-aac6-041c8c0cd9e8,clean,s5,3,0.783039,0.877978,0.881115
31894c2f-9cae-4ff3-8584-8fe4fbcb6040,shot_noise,s5,5,0.461197,0.609154,0.687819
318bb777-5bc0-4331-b70e-3c952355d0d5,clean,s3,1,0.468939,0.601821,0.730523
318f0a8c-5f84-4a13-a9ff-6c680c6a3fd3,shot_noise,s5,0,0.363705,0.524436,0.552272
31a24148-a3d4-4b85-a627-a5fe4a1f7388,gaussian_blur,s4,2,0.507272,0.639712,0.765766
31b5ba5d-8b25-4bf9-8f23-1d90cff5b7e8,fog,s4,1,0.860928,0.924280,0.938304
31bb3af8-4654-4f8a-a5f8-33e41c78086d,fog,s4,5,0.525556,0.662767,0.766800
31bdd551-0d15-408b-b06d-4f326a785b07,fog,s5,5,0.565564,0.722427,0.722789
31c8dc1a-ebd5-44b6-ae00-31479e7dca87,fog,s5,4,0.372369,0.534937,0.559285
31cf4be6-fa56-41ee-a5e1-a5a3c02405b9,gaussian_blur,s5,4,0.500575,0.663758,0.677348
31dc8bb5-36e2-40e9-9b64-79f562c9f334,fog,s5,5,0.578015,0.730013,0.742112
31dcc9c1-8479-4379-819e-961beab44c08,shot_noise,s4,5,0.596325,0.740587,0.772315
31f9f9a3-4e21-4792-b125-d62b7751d69b,gaussian_blur,s4,4,0.668911,0.792533,0.845387
31fe583e-9f72-4cd9-ac3f-72e32ec0649d,shot_noise,s5,0,0.741462,0.850713,0.857075
32008a2c-48c6-448b-8776-4f558d70a936,clean,s5,2,0.557381,0.714855,0.719083
3215a501-fde4-4037-b309-519df6243637,gaussian_blur,s4,3,0.401579,0.505464,0.709680
322973d8-f75b-455a-b525-872834180416,gaussian_blur,s4,3,0.545330,0.693285,0.746509
322f98db-8c0e-4d09-9262-ae58ebc23745,clean,s5,2,0.623846,0.768355,0.768362
3237c208-cf40-4f04-8633-62800c5525c9,shot_noise,s3,5,0.437843,0.561065,0.718299
3245196e-8b6b-4bf9-9fd4-4bab90f398b7,gaussian_blur,s3,2,0.694690,0.800760,0.915620
324f3a72-7287-4877-9eb4-987eb2b052f4,gaussian_blur,s5,3,0.665212,0.796923,0.808939
327ce4a5-c2c1-4f32-bc9b-876660d9ef89,fog,s5,0,0.281398,0.361691,0.560643
328d8630-4f81-440b-a403-05dd088afcbb,clean,s5,3,0.643708,0.775329,0.818443
328ddd9d-cd05-4aaa-bda9-56fd41804a8a,gaussian_blur,s5,0,0.329545,0.405697,0.647213
32999c94-c797-4f9e-b285-34e3815e426b,clean,s5,1,0.764275,0.864272,0.881995
329d04f4-232d-4394-9d91-a6167f29f846,shot_noise,s4,1,0.566460,0.685635,0.842847
329e4f88-c696-4072-aba8-e27155241d28,gaussian_blur,s5,3,0.522445,0.686305,0.686384
329f453c-fe5f-476b-ae8e-666177516e31,fog,s3,0,0.856283,0.918217,0.975904
32baf78b-25c5-4907-babc-2c4f3ef53463,fog,s3,2,0.544388,0.639078,0.887605
32c377cf-80a5-4b5c-8a4d-325e8c6925e8,gaussian_blur,s4,4,0.544348,0.687200,0.761717
32c3da91-874a-428b-af05-e7bbe2bc6d8f,gaussian_blur,s5,5,0.624494,0.766739,0.777888
32cdcc54-97ba-4552-bf1a-079cb904e7a3,clean,s4,3,0.617665,0.742777,0.844797
32d5be5a-8b24-4ac4-a441-c9eb04e45b2f,shot_noise,s4,0,0.495676,0.599166,0.821594
32d7469f-0766-48cd-826d-884692c509ae,clean,s5,1,0.786183,0.879415,0.887586
32d842d3-c57c-4420-b72b-9f90d581dabf,clean,s5,5,0.733975,0.846290,0.848472
32e0e34c-f4b8-4bb0-bdfc-ca655f059144,fog,s5,3,0.745494,0.854115,0.854727
32e699ea-fcff-4687-b712-ea959df1d226,fog,s5,2,0.671081,0.797938,0.829063
32ebfdc0-fd36-4e73-ab23-4ed39cd563e9,fog,s5,2,0.657966,0.791638,0.803611
32fd0476-6eb8-416d-a9c6-90e206e84e9d,gaussian_blur,s5,2,0.309071,0.449812,0.512889
330abecc-9e9a-4b6c-8d8f-e3d070dbd96d,clean,s5,5,0.757808,0.862164,0.862620
330e5ae4-ae22-404d-b0ba-e1352459d0ec,gaussian_blur,s4,2,0.678930,0.794718,0.877195
331697e2-8c3c-4fb9-ae9a-3534e90ee7de,gaussian_blur,s4,3,0.394959,0.546101,0.610691
331d3eef-d099-4ef8-a611-843cec3315b1,gaussian_blur,s5,3,0.289313,0.445933,0.453936
3320dfc8-5ad7-4e84-8684-5381e1ad0776,fog,s4,3,0.590861,0.729645,0.791547
333699d4-3cf7-4558-81c6-bed618be7f97,clean,s4,5,0.595088,0.738062,0.777029
33459d3d-f254-481e-b57c-59bc97b88771,gaussian_blur,s3,4,0.158172,0.268851,0.279009
334e1554-3b9b-4c4f-9538-201ca70e4255,clean,s3,5,0.722161,0.818624,0.949179
334f84ac-6fec-4a6b-8d2b-571525de5ed5,shot_noise,s5,2,0.199756,0.287743,0.396528
33531a47-bf52-4d70-8bf4-3a15ba048dc3,fog,s4,3,0.456879,0.555634,0.788261
335d441c-3a30-48bf-a615-b58ec032c865,shot_noise,s5,1,0.541545,0.697410,0.719755
337fab34-bc57-4828-b5e1-4f1e925af117,shot_noise,s5,1,0.604088,0.752989,0.753982
3397623d-a71b-4911-842e-1d7412bfa054,clean,s5,0,0.500345,0.659794,0.688075
339ca2ab-1a6a-4f54-aba3-e118494da556,gaussian_blur,s5,1,0.677040,0.803307,0.828347
339d309e-e73b-499d-bb11-ff4b243e9cae,fog,s3,4,0.622994,0.718311,0.943075
33a9fa6b-839d-4ad8-85bd-9480de8548a1,clean,s4,5,0.674343,0.785648,0.898120
33ca19ff-b5bf-49c2-b227-fbd3a969a471,clean,s5,3,0.333361,0.477905,0.542411
33e20b6c-3f25-41fc-bf3f-0164273a3515,clean,s3,4,0.758149,0.849418,0.948917
33e9f2fd-9982-47ef-ba11-0736849791a1,clean,s4,0,0.594430,0.740967,0.763648
33ed564a-18a0-48b5-a5d3-5f473db47bb1,shot_noise,s5,1,0.631648,0.765675,0.810821
33fa8c75-95b5-46a5-9dd8-816f7bd5f0f5,fog,s2,1,0.614401,0.694299,0.979832
34085748-ad17-46c9-8772-ccfb609d53b6,clean,s4,2,0.530137,0.624207,0.875796
3411c661-3076-4975-99f6-d6fe9638da48,shot_noise,s5,0,0.576054,0.716273,0.782940
3411dac4-77e0-430d-aa2b-8f1b1b5f30a4,fog,s5,3,0.465440,0.596351,0.731520
34141496-73a9-4788-bafe-bd7f1156ddcc,shot_noise,s5,0,0.760004,0.863458,0.864960
3425c2df-76ed-409e-acf2-c35c14a2a662,gaussian_blur,s5,4,0.740242,0.849689,0.857694
34377b91-d213-4a38-b367-e78a9278a7a5,shot_noise,s2,4,0.622580,0.708187,0.970294
3445f146-d68e-4d1f-b7d9-b0111576660a,clean,s5,0,0.647547,0.777854,0.823081
3447dd45-6955-45bc-a6cf-cc03e589c7c9,gaussian_blur,s5,5,0.491204,0.654897,0.670117
344bc53c-c85b-4984-937c-2a57cd21da7d,gaussian_blur,s5,5,0.415835,0.584209,0.595093
345204f4-8474-47dd-bec7-311586b496af,fog,s4,3,0.652444,0.779622,0.835275
34800567-398e-447a-903f-19b6963572be,clean,s4,0,0.812744,0.892293,0.937623
3487116d-2774-406a-9bbe-8c13becd394f,shot_noise,s3,5,0.548620,0.654756,0.864278
348d8529-b42e-4a04-b202-56ecedf298b4,fog,s4,3,0.557253,0.690137,0.798143
3492b871-ccc9-4c48-ab5f-4051d3a2de5f,fog,s4,4,0.565758,0.711855,0.760176
3496c103-8f55-4219-b493-d8b4e8925312,shot_noise,s5,5,0.304320,0.408088,0.565544
34b4be62-8de4-4ace-9c5a-7504902b7106,gaussian_blur,s4,3,0.505034,0.609435,0.829082
34b6dd84-b07b-4a17-9d70-34a90e834c29,fog,s5,0,0.817065,0.898812,0.904380
34b9ae15-5b06-4fb4-98ab-cb49c14248a1,gaussian_blur,s5,2,0.568536,0.722756,0.732752
34bafd4b-917a-4e06-b380-dae2b66503a6,fog,s5,2,0.518824,0.681731,0.687781
34d8bd48-9d14-4313-9e51-ef16e3799fdd,fog,s5,1,0.296932,0.455436,0.462421
34da19f6-3ef5-4929-8a9c-a1db47713cbc,shot_noise,s4,0,0.650911,0.761151,0.903253
34e0a670-52db-4dab-b570-88d09adec150,clean,s4,5,0.583722,0.728166,0.770211
34e364dc-dba0-4ed2-a33a-eb7431d41132,fog,s3,4,0.541146,0.656118,0.836456
34f152c0-2f87-417a-a0e9-a552ad38e8ec,fog,s5,1,0.591770,0.742716,0.746728
3503dbc8-f402-4b7d-9520-01d9703688dc,fog,s3,1,0.545920,0.639879,0.890636
3503fcf2-5efe-4e55-8ad2-ae0196ceca8b,shot_noise,s3,0,0.544444,0.626429,0.915456
35161531-99ee-4817-af8c-e8d2585af14f,fog,s4,0,0.791000,0.877222,0.932853
351e6780-5e9b-41c1-95e9-e876e13540ba,fog,s4,5,0.472065,0.556466,0.832779
352d30ec-b1e7-4f6c-86a3-785ab220bfbd,clean,s5,2,0.798631,0.888000,0.888423
3535dd34-0a97-47bb-b0b4-e6e61344d207,fog,s2,2,0.511117,0.564053,0.934357
353647c7-0d54-489a-badb-13620d05b05d,fog,s3,2,0.735420,0.831351,0.943541
353e7534-69de-4cc6-8f76-f70477ac3da3,clean,s3,4,0.695268,0.798847,0.926625
3553ddb0-b317-4739-980f-a1a41c5ec2b0,shot_noise,s4,0,0.514686,0.665204,0.722577
35542b07-418a-4156-ba4c-072d3d4ae198,fog,s2,5,0.544895,0.637335,0.893132
355796ff-dc36-4fa5-b2c4-bff7cbc375d5,clean,s5,1,0.657493,0.784588,0.834069
3559c936-dc09-42d5-bc94-eff397ca60e8,clean,s5,1,0.476158,0.604283,0.748360
35620191-1af9-4b8d-a456-6a5723ba1663,gaussian_blur,s5,1,0.780127,0.876330,0.877733
35633944-fa07-44bf-8804-f561bcea2b6c,clean,s5,3,0.616397,0.757572,0.783753
3564b25b-98fa-4f0b-a301-0b1cf6c7ca2c,fog,s5,5,0.259213,0.395896,0.437877
3571b37c-60e6-4dbb-b7e1-c14f3fdb54f9,clean,s5,5,0.620453,0.763857,0.773909
3572b525-6a7d-428f-bddf-def4b76acbae,shot_noise,s3,1,0.739476,0.834652,0.944431
3576fc19-cecd-4b16-8717-226ab178bef4,gaussian_blur,s4,3,0.561241,0.711548,0.744689
357fc9e6-1014-4232-bd9f-8415f90f9b56,shot_noise,s4,4,0.666136,0.786452,0.861267
35845b0a-2f37-44af-a34e-a54978bd5bee,fog,s4,0,0.329615,0.475593,0.534347
3584805e-8122-4a13-8550-aa7475eeee87,fog,s5,4,0.679850,0.808917,0.812037
358d91b6-468e-4ee7-86da-7e2f6b60ade0,fog,s5,3,0.567511,0.723607,0.725843
358f3f25-0220-4af9-adfe-53337ad92c08,shot_noise,s5,0,0.798631,0.888000,0.888423
358fa687-f9cf-48ee-9189-de91925c8c5c,fog,s4,0,0.763815,0.861099,0.902060
35918135-c1f1-46be-9f8a-6c5ff7aaf1d8,shot_noise,s5,3,0.669997,0.801304,0.807874
359aa0a1-2cac-472c-a1e4-f1516267ea4e,gaussian_blur,s5,5,0.670783,0.802023,0.807669
35af1352-d67b-436c-ad9c-acd1ad9ce895,gaussian_blur,s4,5,0.844536,0.914385,0.931264
35af8a1e-397f-4b45-b191-4baaaabc67db,fog,s5,0,0.616457,0.762678,0.762928
35ba8b63-a5b2-48ad-a20d-8cbd6127caac,gaussian_blur,s5,2,0.420742,0.570487,0.643035
35c7528e-1b08-4a15-b21b-ca384bec66de,shot_noise,s5,2,0.502977,0.666040,0.679093
35f6476a-267d-4149-8fad-26f5166d2d3f,clean,s4,0,0.552155,0.689126,0.783339
360a38ed-26ff-4573-aebb-68e31ac43feb,gaussian_blur,s5,0,0.669178,0.797335,0.823861
360f3337-e665-4bc6-9f8a-095b417d7b85,gaussian_blur,s4,4,0.444249,0.592865,0.670048
36202411-af90-4e13-9b9c-34020810b794,clean,s3,2,0.592572,0.680315,0.943915
36284710-b06c-4484-9a3b-3e56e2da4bc5,fog,s5,0,0.478011,0.642460,0.659051
362be742-5ae7-4c3a-a1f6-8976322827bb,clean,s5,0,0.841550,0.913685,0.917125
3632253d-ec94-4dc7-914b-869ce4fa4491,clean,s4,0,0.593281,0.735522,0.779537
3635cf44-f14b-4927-88ba-20ca7b33e9ee,gaussian_blur,s4,4,0.582929,0.714370,0.814064
36451e51-6616-4232-a315-dfe104374b58,clean,s4,4,0.497881,0.656397,0.689179
364d3021-414b-4384-aa1b-83949cf47593,shot_noise,s5,3,0.495606,0.622479,0.769420
364d58ac-281a-49c8-9f81-0a92159849a5,fog,s5,5,0.409015,0.545233,0.658270
365e04f6-4339-478b-9bd9-debafde78fb6,clean,s4,5,0.738502,0.838957,0.915574
366f1bbd-f22a-46dc-9b77-dde858c7f489,shot_noise,s5,3,0.382600,0.545018,0.571984
3671b700-c081-40f5-a30e-cea2973c9ad3,gaussian_blur,s5,0,0.697789,0.820165,0.832187
3674872f-acaf-44ce-a8bd-762024441c67,fog,s3,2,0.198948,0.322452,0.345772
3675e5f2-b095-4f10-95b2-d5fe7c0196dd,gaussian_blur,s4,1,0.810727,0.891358,0.933328
3678cd0e-edca-401c-b3d5-4bf6f2b3b8e3,fog,s3,3,0.662102,0.773710,0.898319
3679df1e-ed07-4181-9367-a063cd7399bc,shot_noise,s4,4,0.571162,0.697725,0.824096
367b2ce4-3f32-462d-a9ad-627b5f9ac754,fog,s5,2,0.341158,0.506917,0.512469
36826b42-7e80-4083-8ac4-c631473a17af,clean,s5,5,0.736857,0.847730,0.853520
3682d18b-d7b0-40fd-926a-202286542b99,fog,s4,5,0.629123,0.757217,0.834661
368c3d8a-b2cd-4977-930d-a62d51e0ae93,clean,s4,0,0.594258,0.697507,0.904149
3697292f-44e2-4f84-b237-9e4226e83b66,gaussian_blur,s4,5,0.789967,0.877796,0.922469
369a72ca-e9c3-4fea-b002-13a3dd29661a,shot_noise,s3,5,0.574460,0.667699,0.916373
369dde4f-15a6-47d2-b198-16e99b5a7a8b,shot_noise,s3,5,0.495145,0.561159,0.892894
36c51dc9-fac3-4711-a2ef-5e15af0b3149,fog,s5,1,0.676071,0.802143,0.829934
36c64326-a06b-4315-a42e-4bfd214560fc,gaussian_blur,s5,2,0.576169,0.715620,0.785536
36cf708a-9ea6-468f-9a43-ee0f53cab8b5,fog,s5,0,0.469469,0.607391,0.719381
36d78cf5-5729-4d6c-aed4-0bb46fb902e0,fog,s4,3,0.571220,0.718581,0.757389
36dcad48-2f04-4bea-be24-bfc51e6e7498,gaussian_blur,s4,1,0.790674,0.878267,0.922819
36e7c280-5a35-4b50-a3b8-9da392267238,fog,s4,4,0.594639,0.724749,0.822270
36f144ac-0bc6-4dcf-9ddd-e74ce68545f9,fog,s5,4,0.409901,0.538047,0.675440
370c067a-0c6e-4aa0-862b-e7177b7de2cb,gaussian_blur,s4,1,0.697130,0.807958,0.892264
371c87ab-becd-493c-8bf9-2c6ad3f9ccb8,clean,s4,5,0.622692,0.762232,0.789552
371cba02-2ac8-4ea2-ae02-f680bade62df,clean,s4,0,0.423783,0.578361,0.635446
37285a0a-b296-40dc-a6bb-120f858b2e3f,clean,s4,1,0.556160,0.659495,0.877163
372ffd98-84c1-4c43-a4d3-78cfb8c53053,clean,s5,4,0.512059,0.674967,0.684480
373320db-cf58-4a6b-9cd5-30d128ce8d75,shot_noise,s3,1,0.649460,0.760041,0.901840
3752298f-c2d3-4959-badf-c47455fffa6c,shot_noise,s5,3,0.810003,0.894482,0.900217
375f5d24-daa9-495e-ac04-ed9fc735b547,shot_noise,s4,0,0.722969,0.830162,0.892505
376d3820-2d73-4b4d-acd7-6799e01f6958,gaussian_blur,s3,3,0.605988,0.727481,0.854395
3780b2e4-2f4d-472a-bdfd-57379841812f,shot_noise,s5,5,0.574172,0.710471,0.795181
37a56a39-56ed-4c93-9c72-a912ce8ae982,gaussian_blur,s3,1,0.731866,0.828302,0.943456
37b5a60d-c5a7-4283-88a2-17d232bb1290,gaussian_blur,s5,1,0.748734,0.855348,0.863006
37b7ca68-f95d-44cf-9c29-2f10c3cac30d,clean,s4,2,0.539413,0.672507,0.787207
37bfd8b5-8cfb-480f-9d7c-d7e684a9a751,gaussian_blur,s4,2,0.765239,0.864204,0.887664
37c11dde-b21a-481e-b301-285773f70111,shot_noise,s4,3,0.562164,0.696346,0.796715
37c98a36-15a0-4235-bb90-3fbc3cfc502a,fog,s2,2,0.604472,0.684237,0.972784
37d33538-a809-454d-b969-4fdd0e712411,shot_noise,s5,2,0.352657,0.507318,0.550069
37f10198-70e6-4e70-bf64-2a26c2055b58,shot_noise,s2,4,0.641667,0.728186,0.978700
37f5a90e-e43b-4993-8eed-6439d4ef0b24,fog,s4,1,0.758274,0.857688,0.896482
37fcb6d4-57b9-42e0-8326-956e49b5d612,shot_noise,s4,3,0.711042,0.823328,0.875236
3807d98b-8b08-41d7-b9c4-b76083ab11b2,shot_noise,s4,2,0.676696,0.791083,0.884216
380dc532-0b89-41a4-b2a1-898cbfb36619,shot_noise,s5,1,0.366275,0.511405,0.586843
3810321f-ce20-4e4d-9bf6-49ce50e0224a,shot_noise,s4,2,0.585205,0.724884,0.787221
3810cbc7-b941-4a9e-b3f7-2512de21b0a2,shot_noise,s4,4,0.721172,0.824202,0.916496
38114922-50b6-4e59-94c8-f3eb55a31327,shot_noise,s4,2,0.733038,0.844035,0.858277
3811ad12-02b0-4ab6-b07b-1fda792c9bcd,clean,s3,5,0.540783,0.616292,0.925219
381c9a91-3d01-4051-80e7-51026b0c4b18,shot_noise,s3,3,0.516659,0.648418,0.774871
381fdd97-5d84-4e9d-baf5-112faaba6435,fog,s4,5,0.448821,0.602557,0.662364
38255adf-0984-482b-a77b-d5c47c2e783b,gaussian_blur,s4,3,0.677485,0.788203,0.899979
382fca55-4e7b-4480-9478-49ad92c385cf,shot_noise,s3,3,0.518502,0.577280,0.932799
3847b5ff-f513-436b-8f8b-72fe38ffb76a,shot_noise,s5,0,0.627896,0.769960,0.777771
385ba51b-4a91-4602-bb86-e14b099d3b4c,gaussian_blur,s5,0,0.683985,0.811725,0.815614
38711d48-d0ba-4904-8cdd-fbae6b5beb6d,fog,s5,0,0.716134,0.834141,0.837296
387b3168-1d14-4e9c-9fdb-7e0954a095c1,fog,s5,2,0.618005,0.763406,0.766043
388dbf5d-7d9b-499a-946a-1c70d27fa38f,shot_noise,s3,4,0.755432,0.842057,0.978587
38a4bf79-707f-4abd-83d2-ae481a20537c,fog,s5,4,0.591162,0.742900,0.743669
38a6477f-6fd7-45f2-aea4-bc7a76e08f1e,shot_noise,s5,5,0.325563,0.489751,0.494059
38aa818c-35c1-49d5-82c5-8c31e7b272fb,fog,s5,4,0.432277,0.464676,0.863177
38ac662d-f595-45f0-8399-fc1145a7f720,clean,s5,4,0.492273,0.658116,0.664581
38b767a9-504e-49f8-b798-757d597f889a,clean,s5,4,0.426526,0.494694,0.802420
38d12d7d-9661-486e-a20a-87820cace8cc,gaussian_blur,s5,2,0.508258,0.673787,0.674517
38dd5f00-662e-4f27-9394-9db9678535c6,shot_noise,s5,5,0.680636,0.809225,0.813904
38e61612-99ee-4fa8-8ac2-3433ac2bb5d9,shot_noise,s4,5,0.482979,0.636902,0.691189
38efb439-7c9d-43b7-82ab-8d6053aa66a7,shot_noise,s4,4,0.835372,0.906441,0.951579
38f59754-ae9b-4608-8a1b-94ea9d970ac8,shot_noise,s5,2,0.338700,0.485171,0.546498
38fa15d5-725c-40de-b402-b4ff8a978fa9,shot_noise,s4,0,0.629133,0.760598,0.821458
3909fea7-c79c-4d1b-b4ce-949a2ca1c8df,shot_noise,s2,1,0.629821,0.715073,0.975722
390e6c8c-c431-4257-a6ff-8e8b60a5bcf1,gaussian_blur,s4,2,0.696552,0.815283,0.852837
3913af59-78ad-41c9-af24-b25999838c84,gaussian_blur,s4,5,0.587867,0.736859,0.754090
39165a97-b360-4a3e-b6de-868a06922a5a,clean,s4,2,0.643650,0.775700,0.816613
391ae2fe-616e-44b2-9c95-82f2724c9bb3,fog,s4,4,0.555914,0.709779,0.731131
391b2ef5-92a4-4b85-b346-cb59b0ac5b61,fog,s3,4,0.295513,0.438750,0.487321
3923a4c2-68dc-4083-84b2-798851d9f227,fog,s3,1,0.554427,0.648481,0.897898
39262b50-7bb1-483d-a7f9-df337205ee4f,fog,s5,4,0.472363,0.638048,0.651562
39374c60-e99a-4697-875a-2c306e01e047,gaussian_blur,s5,5,0.828306,0.905264,0.914821
395d2d56-7127-405a-8205-2bc0d0554f5b,clean,s5,0,0.384769,0.545511,0.578171
39603673-e68f-4a10-913c-d3641421f9cf,clean,s5,2,0.476858,0.620445,0.712507
396a3807-c99b-45d9-ba18-86b490efeada,clean,s4,4,0.695025,0.811933,0.863377
3974d425-1a6c-47d4-b387-8176ec21df24,clean,s4,3,0.770352,0.868349,0.884955
398993b4-9180-4445-8dc9-ba61a405fd5c,gaussian_blur,s3,5,0.733831,0.830215,0.942315
398f7151-f234-4a68-81f6-0276375df953,gaussian_blur,s5,2,0.716585,0.834291,0.838544
39a464bc-ac25-4180-9f91-e612f5846ff3,fog,s5,2,0.649623,0.786649,0.792069
39a93ae1-49e8-4ba5-a0e9-99eb6adb6e95,gaussian_blur,s2,0,0.542518,0.600616,0.960821
39b5c13a-af72-4607-9a4d-14a40c3564f3,clean,s5,1,0.532959,0.693276,0.702043
39b5c456-7f63-4432-87a7-82445f26c0d9,gaussian_blur,s5,0,0.453939,0.622951,0.628341
39bcdb89-c524-43e4-9dee-e7a74d83e630,gaussian_blur,s4,3,0.784060,0.873260,0.923952
39c83ad2-b1ff-4377-82c0-b153c1063ed8,shot_noise,s4,2,0.755771,0.855108,0.900868
39c9c169-f205-44ee-9b1d-595b91000306,clean,s3,3,0.692760,0.786355,0.968945
39ccaa8f-11b7-4419-9cb7-e1b1c035a69f,clean,s4,5,0.713150,0.819866,0.903029
39d0806b-f8b1-4277-acb8-465f962fd498,fog,s4,5,0.444700,0.602157,0.649493
39e08af4-9b8d-42cc-b9a9-d4355ae84ebb,shot_noise,s3,0,0.620742,0.728684,0.903525
39fe648e-e615-4ddd-88b9-004e1839a2d1,gaussian_blur,s4,0,0.443623,0.571265,0.715664
3a02b977-6817-4608-9dad-022f07fbcc00,shot_noise,s3,4,0.594249,0.678875,0.952937
3a151644-d36b-4c75-97c8-c3fdafbd4ad3,clean,s3,1,0.513409,0.629101,0.811616
3a170ca4-7e8d-459a-b2b5-411348f07ad5,gaussian_blur,s5,4,0.564667,0.721257,0.723622
3a1b85ba-7bd8-4bc8-9723-1b6e43970f33,shot_noise,s3,4,0.396837,0.535430,0.638717
3a1d8ca9-a020-49bd-ad23-c5ba733b47b6,shot_noise,s2,4,0.629821,0.715073,0.975722
3a20686f-761b-4be7-8362-ed10cd011dba,fog,s5,4,0.604226,0.750095,0.766089
3a4210a2-dabd-4fe4-bb4c-16bd44729a76,gaussian_blur,s5,3,0.354277,0.477772,0.610180
3a44a688-27b3-4936-b199-961367bb1ecf,fog,s5,4,0.549412,0.709091,0.709520
3a48cca8-6c91-42c5-8204-1db992233079,shot_noise,s4,1,0.784189,0.869642,0.951150
3a5fc36c-b456-4ffa-a37d-ccc3f7639dbd,fog,s4,2,0.678757,0.794051,0.879489
3a65d07a-e006-4570-adc5-46d2906c2fef,fog,s5,5,0.378566,0.496910,0.653189
3a6ea90a-3f37-4a85-aa11-a0b7ae7498c2,gaussian_blur,s4,2,0.733490,0.830622,0.938571
3a789570-8f79-4c12-ae61-58531a938ed3,fog,s4,4,0.394755,0.561628,0.576158
3a80d06a-3c16-4a61-ad87-c369e934fd3a,fog,s5,4,0.578405,0.732106,0.735854
3a84aaf8-feec-4ce6-84ec-93b26f4878d3,clean,s3,3,0.612010,0.734282,0.853514
3a9db620-3a69-4642-bdb0-6f7250ca041c,clean,s5,0,0.476808,0.645727,0.645730
3aaf3694-e010-49bb-bb1a-7bf31ef2f2d5,gaussian_blur,s4,0,0.582625,0.713299,0.816421
3ae14830-f7b9-45fc-ab9c-47722e1e4c4f,shot_noise,s5,3,0.708206,0.827230,0.840475
3aef2c0d-8977-4c0f-b12d-b4ff96781a8c,clean,s4,0,0.640450,0.753643,0.891147
3b00ffc1-f3ba-4d3f-8021-f9e0495764c3,clean,s5,4,0.745648,0.853130,0.862216
3b0b403b-3b14-422b-9824-4a29a784e4a3,gaussian_blur,s3,0,0.542736,0.660802,0.829781
3b14b8ea-a409-4d17-ab6a-8b5c37c31461,shot_noise,s4,1,0.544617,0.679009,0.786715
3b1a78c3-7cf6-4569-beea-da4a2cc77d19,gaussian_blur,s4,4,0.383548,0.535193,0.595854
3b1f5d5c-3e38-43f7-a166-5b9ea0f821ac,clean,s5,1,0.517032,0.664538,0.732607
3b3935ca-a340-463f-a962-7f9f9b2d0c1c,gaussian_blur,s4,0,0.718707,0.821397,0.919970
3b3cc3f5-2c6b-4f4b-80a5-67c149623a40,fog,s4,2,0.452072,0.598021,0.683946
3b4a478e-4d70-4926-8672-de7bff994db8,fog,s1,3,0.267978,0.353836,0.529237
3b51a2a0-3a12-4657-a701-e2bb35939311,clean,s5,3,0.655728,0.789654,0.803568
3b95ce7f-a1ff-4d56-b4b9-5b702ff91b9f,gaussian_blur,s5,2,0.778951,0.874752,0.883645
3b9e236d-e3dd-41f9-ba87-133099cb3c2e,gaussian_blur,s4,5,0.430194,0.551109,0.714043
3b9f711e-169b-418e-ba55-d1b55ad84362,gaussian_blur,s5,0,0.624311,0.768454,0.769808
3ba8fe1c-ead9-477b-8e5f-bee09f05d873,fog,s4,1,0.375483,0.544915,0.548272
3bb92bad-c270-4705-b54e-1da6ead0d723,fog,s4,2,0.427940,0.565285,0.677813
3bbc5f68-c770-4498-9c35-d2451a01d6c8,gaussian_blur,s5,3,0.773851,0.872092,0.875771
3bc7b796-e444-455f-a67d-e053c9bbfb34,clean,s5,2,0.555805,0.714474,0.714554
3bd2d095-c35b-4f86-8476-69dfc9f848c7,gaussian_blur,s4,0,0.627097,0.750640,0.851731
3bdc9cfc-e805-4ff0-ac14-b11772db204f,gaussian_blur,s4,5,0.794731,0.880418,0.929183
3bdd15fe-4980-4ddd-9d58-048970f3d0b7,shot_noise,s4,0,0.647264,0.778177,0.820523
3be26d0d-b7e7-40a9-a911-397d7ee3c1f0,clean,s5,1,0.686409,0.811898,0.825476
3be98026-686e-475e-8af0-9a3d29bdb3d6,fog,s5,1,0.668519,0.799791,0.809029
3befbd95-d763-4050-9959-8f912905c4ce,fog,s4,2,0.757845,0.858655,0.887627
3bf58df8-fdb1-4504-9d58-0bb7929dac90,shot_noise,s5,1,0.733480,0.843359,0.864713
3bfda9cf-26d2-4c29-914d-b637a4048cd1,gaussian_blur,s4,4,0.648562,0.768044,0.867772
3c009a26-cd9b-4f86-b6ff-17e687eb4379,shot_noise,s3,3,0.561326,0.688071,0.818315
3c113f25-1740-4ca7-92fb-7bd7a6573596,shot_noise,s5,2,0.531728,0.694196,0.694578
3c1392ea-1007-48f8-bd2c-6cc3502c4997,shot_noise,s5,2,0.698954,0.822584,0.824054
3c25ea40-60a5-411f-a505-f1ad33b33b1d,gaussian_blur,s5,4,0.330847,0.463129,0.560656
3c40ac3c-071d-444b-9e66-675ecd4a338b,clean,s4,1,0.557762,0.712487,0.728697
3c4deb2c-1f1e-4851-9cd2-05b8ba58e394,fog,s5,3,0.331601,0.478264,0.535968
3c5a0f3a-10f6-4fd4-9975-2a290fd62f02,fog,s4,1,0.417101,0.504452,0.758613
3c67e1f6-b2a8-4281-9708-87993eaccf31,fog,s5,2,0.643614,0.778906,0.802448
3c6d5bf5-9474-4301-bf72-67c2105c3379,fog,s3,4,0.770330,0.856350,0.967152
3c7321a2-c86d-4e1a-abe7-46641e2b0c50,gaussian_blur,s4,5,0.449180,0.615235,0.632059
3c73d2ca-07fb-4fe1-a8a4-d3420f2d05d0,clean,s4,2,0.658963,0.785248,0.837173
3c7ee91b-513f-466a-9795-678b09800f70,fog,s3,5,0.621577,0.738933,0.872735
3c815b22-08eb-4030-ab7a-5f15f8b5fdcd,fog,s4,1,0.310164,0.465078,0.489169
3c898e82-9755-4742-ab88-5ac247588c98,clean,s3,0,0.494119,0.616464,0.778631
3c909ea2-a21a-4085-ae13-9b8cb49667e9,gaussian_blur,s3,1,0.598718,0.694879,0.926367
3c97fcc0-b9ac-4240-a6ff-3f6d1d357883,fog,s5,5,0.357183,0.492399,0.593263
3cabb73e-c147-4716-be9c-3fcd1b7c7a18,gaussian_blur,s4,3,0.732489,0.836261,0.902577
3cb70231-800b-48fb-8415-e1cecaa07ea2,fog,s4,1,0.549744,0.701036,0.737659
3cdb7d95-4220-4059-8be3-48405a9d2696,gaussian_blur,s4,5,0.729174,0.834504,0.897003
3cde00d4-c347-4c8b-8228-fc06b0180526,fog,s4,1,0.556607,0.683291,0.815760
3ce07b4e-b3d8-49dd-8ec3-326898fac4fa,clean,s4,2,0.536711,0.695653,0.707936
3ce4bbd4-aa20-4ab3-bc28-38f21b5fc013,clean,s4,2,0.600247,0.737648,0.798011
3d06e993-acea-4e1e-9c15-9ff7c135b27a,shot_noise,s4,5,0.520111,0.666043,0.738997
3d0af0d9-08e4-4544-adc5-9cfa22f7b192,fog,s5,3,0.554001,0.707612,0.731424
3d267bd1-fa1f-46de-b712-b63a909688f3,gaussian_blur,s5,3,0.652005,0.786060,0.804731
3d2bca24-fa7a-40c8-b4ed-5de4b3006f2e,shot_noise,s4,1,0.703671,0.818091,0.869893
3d33cdae-5727-4d87-b391-2d5470b7844d,clean,s4,1,0.812732,0.892285,0.937617
3d440dd4-45c0-4474-864f-9a7c2ef7f451,fog,s4,4,0.593203,0.715818,0.846187
3d5e96d8-a209-41c4-82fd-8b9d10c88e70,shot_noise,s4,4,0.572998,0.689153,0.855259
3d7ad3b6-9b34-4f3f-ba6c-01e5e42e1bdf,shot_noise,s5,4,0.678758,0.805985,0.822341
3d86647c-24f2-4908-b40c-608aaeb7bc7d,gaussian_blur,s2,5,0.460133,0.520759,0.858754
3d86d0a6-6d20-40a9-97a9-ffffa7cb48d5,clean,s5,0,0.514559,0.678898,0.681307
3d914eb8-1c05-428f-8c26-1322cc458da3,fog,s4,1,0.530160,0.682299,0.726463
3d9eead9-5909-41f2-9488-4b4a24488b82,fog,s3,5,0.628519,0.737396,0.903243
3d9fd9aa-ee7f-46ab-bd42-7502869a824f,shot_noise,s5,5,0.831711,0.906843,0.921883
3da00aaa-a20b-4e8e-b98a-87c874224878,clean,s4,3,0.466380,0.584928,0.759376
3db95305-0eb2-48d8-be2b-32e08a6553d2,shot_noise,s3,2,0.556626,0.672570,0.845273
3db95e8c-7c8e-4d7d-bf88-34204cf0289b,gaussian_blur,s5,2,0.504491,0.661543,0.697547
3dc39cbe-fc5a-4c78-b15d-bde7e7169800,shot_noise,s5,2,0.728636,0.841315,0.853754
3dd5b190-5857-4552-befa-2647402ceaee,fog,s4,0,0.716156,0.828700,0.869072
3dd7bb6d-bda8-442c-a886-4feaa5964be3,clean,s5,2,0.520683,0.669580,0.730871
3de48075-cfed-4a28-a347-7986afe32063,gaussian_blur,s5,4,0.683580,0.809110,0.827483
3de7f062-c3b5-4ea3-b507-7a6fbe7237c8,shot_noise,s5,4,0.689387,0.811464,0.840933
3df23730-6ea1-4b2b-91b7-871414faf35f,fog,s5,1,0.483927,0.651720,0.653675
3df31885-c11c-42ed-b617-516089361547,gaussian_blur,s5,0,0.716812,0.832188,0.852101
3df4e570-5086-4dba-aebc-3b4afec97add,shot_noise,s5,2,0.764186,0.866305,0.866541
3df852ea-7eeb-453a-a5ff-fdcfdc21b824,fog,s4,5,0.502660,0.636763,0.757851
3df8cc61-0de9-4e66-91d2-e748e36d010a,clean,s3,2,0.695268,0.798847,0.926625
3dfb4e07-f2d1-445e-b86f-d9f9dbd8f6ad,fog,s5,3,0.819091,0.900350,0.902557
3dfc2f37-4e66-40ed-b18c-8d05b873455f,gaussian_blur,s5,2,0.265456,0.414764,0.427707
3e03242c-a595-4d17-a46d-faa1c6cc5e29,shot_noise,s4,4,0.864101,0.925922,0.942955
3e04b477-c4fb-49c7-9a60-510bf31a0906,gaussian_blur,s2,1,0.485123,0.492449,0.970246
3e062517-16ce-4238-a480-bcf7ce45bc91,shot_noise,s4,2,0.376380,0.544935,0.551259
3e06df9a-ffbb-442a-bb20-98da2013ff65,clean,s5,2,0.655390,0.782906,0.832912
3e0725dc-1d8c-42a6-91c7-f701519ab12f,clean,s4,1,0.830063,0.905582,0.923659
3e0db052-588b-48e3-b578-33a12ca180a0,shot_noise,s5,4,0.311851,0.475263,0.475768
3e1f2c6e-39ef-4a68-b7b3-4e93eb7fdb59,fog,s3,2,0.534756,0.630935,0.875492
3e227db4-bf8e-4020-b2bc-c7cd95f7eb57,fog,s4,2,0.406224,0.557312,0.623924
3e234f0b-3554-49a8-9d80-7bf75d3d3fa5,shot_noise,s4,2,0.694129,0.798030,0.925520
3e2b1f4f-ea19-4314-91c0-a0843f97c19e,clean,s4,4,0.753770,0.849756,0.925115
3e33c186-4309-41d6-9719-4531504302ba,fog,s5,0,0.230507,0.318647,0.456853
3e39e595-cc35-4da8-ab84-b41fb03f6ab6,fog,s2,3,0.485171,0.492474,0.970342
3e45779e-d86d-40b5-bb4d-efd3950dc6f0,gaussian_blur,s4,1,0.524106,0.657509,0.776066
3e5861e1-92c6-4ae6-b332-eaa5d8ce05e4,shot_noise,s4,5,0.727462,0.839360,0.860112
3e62f1f5-4ebf-4c02-862c-1e04ff0c6246,fog,s5,1,0.531489,0.693135,0.697163
3e6a04d6-133d-4116-a949-bc50ed698503,gaussian_blur,s5,1,0.707430,0.826449,0.841323
3e83090a-db0b-4a38-829a-e504e5858380,shot_noise,s5,1,0.411725,0.557161,0.642305
3e8cb32b-fb48-497f-a323-b57175165512,fog,s5,4,0.457981,0.628191,0.628370
3e901aa2-124d-45a3-8732-e99d6e483c4d,gaussian_blur,s5,3,0.409520,0.579477,0.584883
3e9be224-285c-45cc-afcf-6459e61c053b,gaussian_blur,s5,2,0.376115,0.505621,0.629589
3e9fb663-3828-4a92-9a32-9c6b303819bf,fog,s3,1,0.488138,0.625032,0.738731
3ea23da6-232a-4baf-abb0-ab13e87638a8,shot_noise,s2,5,0.723143,0.813845,0.976234
3ea5a3e4-a893-464f-b8e8-6fe34edca4a2,shot_noise,s4,4,0.712674,0.819054,0.905083
3eafc240-3a96-4c29-8428-ddc837bce76c,shot_noise,s5,5,0.210497,0.298541,0.417989
3ecf3095-5d96-4822-aa5f-fccc2ccb96f5,fog,s5,2,0.465143,0.612872,0.691964
3ee99352-7e84-4f58-9faa-6fc9d3a36772,shot_noise,s4,1,0.536877,0.673514,0.775680
3ef11232-6449-45dd-b5f1-5d577e4903eb,shot_noise,s5,5,0.623693,0.767378,0.771946
3ef11826-f91f-4366-83c1-fac49d95b22a,gaussian_blur,s4,3,0.420429,0.586872,0.604325
3ef7e56a-db2c-45fc-b5a6-2ee89197dadd,shot_noise,s4,0,0.479600,0.640264,0.670576
3efa53dc-cc3d-4030-9040-1442d595927a,fog,s2,0,0.483640,0.491684,0.967280
3f022a15-a121-4bfd-bb7d-a616903628c4,gaussian_blur,s4,0,0.702790,0.817109,0.871099
3f0a0218-d32d-4f33-8b22-ec7c9691031e,fog,s5,0,0.691090,0.816455,0.822107
3f128124-2650-45ab-bbe2-c3963e6a5bab,fog,s4,4,0.678155,0.794402,0.875397
3f2168ac-510a-4832-9f44-55fce93eb90f,fog,s4,3,0.698453,0.810060,0.887730
3f2910ae-021f-4826-b48d-cc4246f43462,gaussian_blur,s4,2,0.558008,0.694266,0.788408
3f33d22b-1a4d-409e-a9fa-72f20b6638e8,shot_noise,s2,0,0.484099,0.491921,0.968198
3f3d765b-1a5a-4095-ae9c-7d4b15e8260e,gaussian_blur,s4,5,0.533540,0.672627,0.766699
3f3dc09d-ff7b-434e-9485-29572d893f4f,fog,s4,0,0.348748,0.515962,0.519584
3f4106fd-7f30-4774-a8be-20697787ca79,shot_noise,s5,3,0.783017,0.877962,0.881125
3f59ebe8-6d9a-4e9c-86a1-d7f2f4d8eb3f,fog,s3,3,0.652266,0.764638,0.895351
3f5fc48b-b4db-45b8-91b6-21f750154a7e,fog,s5,3,0.663856,0.797849,0.798583
3f6157c7-7e96-4ef0-8615-43e377413ee6,shot_noise,s4,2,0.698447,0.811754,0.879296
3f62264a-60af-47d1-adcd-a40d3d54dd23,shot_noise,s3,3,0.553030,0.670086,0.839832
3f6a0363-b6b7-4214-b474-fb91c87d2c02,gaussian_blur,s5,1,0.369602,0.539581,0.540027
3f71c545-a5a1-446c-9156-5bb3bb88ebee,shot_noise,s5,3,0.516182,0.672296,0.707147
3f72a909-48c6-4818-b6d9-0ac83a4b9513,clean,s5,4,0.437081,0.599416,0.630443
3f7f144a-5549-4f3e-b50a-187d9679bfb4,shot_noise,s4,0,0.399603,0.499141,0.714540
3f7f3c9a-ec32-418d-b16c-9ce937e78f28,fog,s3,5,0.630822,0.721989,0.959357
3fbf4874-b79a-4490-9d2c-fe4e443b646e,gaussian_blur,s2,4,0.488211,0.494035,0.976421
3fc32e4f-1c0b-46ad-90b2-7a128dbad4e4,fog,s4,3,0.533532,0.691246,0.710640
400d5c99-5348-4d6f-b8e6-e3efaea00510,gaussian_blur,s4,5,0.781399,0.874961,0.895883
400dbd1f-c151-4de1-bd06-1e44d952a239,gaussian_blur,s4,1,0.264055,0.406737,0.436421
400e4534-be50-4dcc-9e8d-d8075675f1ef,gaussian_blur,s4,2,0.571875,0.704603,0.805601
40136bc9-0b70-400d-86fb-ee6d1a75e3d9,shot_noise,s3,1,0.557518,0.663531,0.871566
403d0c36-1542-4c44-bc3b-1d32f4bc6cad,fog,s4,2,0.328477,0.494339,0.494868
4046b6ce-3d1f-443c-9a4e-68550a4465de,gaussian_blur,s3,2,0.813635,0.889009,0.971424
40517237-6505-4d18-a085-b416375efd0b,clean,s4,0,0.717001,0.828928,0.871715
4058ecc2-f414-41e1-aefa-16776862fb1b,clean,s4,0,0.747575,0.847015,0.911393
405bcce4-3f43-4deb-aa6d-ccce8e19de30,shot_noise,s3,1,0.465585,0.543477,0.836619
405fbb93-d2bc-4f0b-a5cd-129da7a52825,fog,s4,4,0.591538,0.739893,0.756661
4065245d-60d0-4f6d-abe6-2351cb49310a,gaussian_blur,s4,0,0.716156,0.828700,0.869072
40678fa0-ccc7-4b81-b777-036158898d0b,gaussian_blur,s3,4,0.521779,0.601102,0.897952
4067b1d8-e0de-41a8-8eaa-e6833a747b00,fog,s5,3,0.743101,0.851678,0.858970
406af487-cc44-46e2-a2da-4f58ce794956,gaussian_blur,s3,4,0.494135,0.620349,0.769648
406e1d60-1b4b-493d-a41e-c7050cf46c60,fog,s4,2,0.436590,0.607170,0.609456
4081e9be-6411-4047-9596-dc49d7f38e63,gaussian_blur,s3,3,0.456018,0.584883,0.726379
40933d2a-f1d1-49e5-b7b1-f7a93c8a2a29,shot_noise,s2,2,0.662266,0.758037,0.957123
40998b6f-12b9-45ee-bde7-dd9cb1c07478,fog,s5,0,0.789107,0.880790,0.893307
40ac9205-1f8a-405d-9c7d-cbad0c533e37,clean,s5,5,0.773783,0.871038,0.883544
40bd93da-e2b0-424e-9a87-71e341e38712,fog,s4,4,0.400292,0.556874,0.605243
40c3f868-8576-4ed8-9dcd-39848df758f6,shot_noise,s4,4,0.477814,0.629414,0.693157
40c599be-aa79-4977-b6a7-651356b4f3b7,shot_noise,s4,2,0.365250,0.513819,0.578768
40cc29ac-4fd8-4965-a13a-4257f571718c,gaussian_blur,s4,0,0.747496,0.848255,0.903285
40de704a-d9f1-448e-b6d7-3a8037fe5c58,gaussian_blur,s5,2,0.340832,0.497763,0.529547
40ee7fa4-a24e-4c88-ac14-ef3145cacd22,gaussian_blur,s5,2,0.741725,0.851105,0.855792
40f76eb4-3619-4ad4-9a27-7023a75f4466,gaussian_blur,s5,3,0.625590,0.759086,0.813640
40ff6f96-a9bf-408e-ae5c-30eae97dbe47,clean,s5,1,0.518689,0.670124,0.722336
41019022-6f1c-4ba4-bac2-803668c06684,clean,s5,4,0.560039,0.717576,0.719413
41089e51-ddbf-4825-935c-6f15b460a0ba,shot_noise,s3,5,0.757085,0.849665,0.942148
410c8df5-aedd-4c4f-a855-7c7c83b05d85,fog,s5,4,0.364061,0.523736,0.554901
41101439-d9a7-458c-ae11-541f068c1e85,clean,s5,1,0.562732,0.719879,0.721301
411084e8-46f7-4527-bd57-2c212db7ace0,gaussian_blur,s4,5,0.516715,0.648052,0.776000
4113f520-a67b-490f-b4fd-5f1c9580dea3,fog,s5,3,0.688288,0.812171,0.832389
4114c4ab-3fd6-4b1e-9df6-411a7bfe42f0,fog,s3,2,0.556086,0.662915,0.868421
41163c0b-a4e0-4203-95dc-a071cc8b27bd,gaussian_blur,s4,3,0.507107,0.666905,0.691116
41362aae-09bf-4120-a4af-4811dd986d16,gaussian_blur,s4,2,0.623707,0.746953,0.852416
413bc3ba-df16-4bd4-877a-e0096bae8a82,fog,s5,0,0.404557,0.558166,0.616571
414c5cf8-38f6-4a59-a6c8-2522b0b53adb,fog,s4,4,0.327088,0.490887,0.496976
414dfd9b-3064-4799-8218-4de48b7d0f93,shot_noise,s5,5,0.643543,0.782978,0.783755
41551459-145e-4675-b2ea-add01b6a5fad,shot_noise,s5,1,0.732239,0.844281,0.852775
41557035-5d3f-4f28-bbed-d00e39deca61,fog,s5,4,0.528048,0.679332,0.727968
4159c0d8-5b76-4b82-8b80-7ff6257c0fc0,fog,s5,1,0.237673,0.352871,0.432265
415e5dda-dd29-48b5-b482-c906b121f24d,gaussian_blur,s4,2,0.647928,0.776751,0.829371
416351b7-d0c6-4819-9cce-137160c11bd8,clean,s4,0,0.534419,0.678122,0.753904
41692040-497c-4d83-8a09-2c01b1896407,gaussian_blur,s4,3,0.544614,0.682351,0.777040
416d1db6-405c-401c-a468-5e10a8275779,shot_noise,s5,4,0.470212,0.619038,0.693764
417ca124-dbd3-470d-beb7-913b78616844,clean,s5,0,0.778253,0.873878,0.886576
417ee550-690a-4782-b0c2-e6edfdd238df,shot_noise,s5,0,0.622723,0.762596,0.788176
41820428-8ea1-4344-a49c-1cdc6f3d5077,gaussian_blur,s4,3,0.670810,0.787975,0.873724
4187de9f-9a50-4106-9bf0-34b9886d41bb,shot_noise,s4,0,0.610961,0.752953,0.780976
4189e926-7746-4d57-be78-cc94d9d92fad,gaussian_blur,s2,2,0.540166,0.607123,0.941502
4190f7fd-d281-4e87-9821-6e7a70971a25,gaussian_blur,s5,5,0.341426,0.466111,0.589473
419c9dd4-83ac-4a01-93a3-a6a82e64ab5f,gaussian_blur,s2,5,0.423814,0.478842,0.818827
41ab3c49-76b2-4912-98e4-40eca6dcf7ce,gaussian_blur,s5,3,0.471493,0.597303,0.748940
41c352fe-137b-4b90-b233-c09de7180e51,fog,s4,1,0.567925,0.715554,0.755627
41c39871-6ece-417a-ba96-d5ce631e030e,gaussian_blur,s4,4,0.546167,0.683347,0.779528
41f4ae3b-e57d-4abc-8db4-0f0c1bb70b57,clean,s5,2,0.834607,0.909159,0.917435
42134fbf-7490-4fc0-b024-1106081505a6,clean,s4,3,0.787993,0.877538,0.913184
42155037-c43e-4cb2-9964-c7542a14aac1,fog,s5,5,0.555364,0.713957,0.714725
42178cf1-bf0f-4903-a5b3-7e9f04612be0,gaussian_blur,s3,0,0.692760,0.786355,0.968945
4218da1a-02db-49d3-afb5-381d07377add,shot_noise,s2,1,0.488864,0.494369,0.977728
421c3734-4b55-4db7-a971-dde635516a66,fog,s5,5,0.627275,0.766395,0.790459
42275494-c66b-4dc7-a1a0-547989491020,shot_noise,s4,2,0.597509,0.715382,0.862834
4235e76e-5b18-4b40-a6e4-db1f5b93364e,fog,s5,0,0.771997,0.871322,0.871393
423abd6a-140e-4709-b7d1-15ff3f555446,shot_noise,s4,0,0.335007,0.497173,0.511243
424f87e5-cfb2-4e32-900e-e09326462dfd,clean,s5,3,0.458117,0.628329,0.628474
427013d2-465b-48a7-8595-6a10ef9baa22,gaussian_blur,s4,4,0.587961,0.719878,0.814224
427153dc-4978-4d02-ac56-6d2af96c4ef0,gaussian_blur,s5,0,0.331309,0.476804,0.537696
427adadb-fd14-49f9-9a23-c5002c2cb3a3,clean,s3,4,0.757341,0.850065,0.940964
4284ee4e-2d37-430a-b8a4-274be787c8f7,clean,s5,1,0.636618,0.774201,0.794651
42858d6e-f26e-43b3-8335-28d1abab32a2,shot_noise,s5,2,0.554218,0.708622,0.728821
4287c169-381b-431e-8a98-53fb105b6915,gaussian_blur,s5,0,0.730274,0.843483,0.848146
429fcf59-681e-4fcc-8dff-9d7231985468,clean,s4,3,0.289091,0.397779,0.532773
42a7eef2-3f06-4019-ab2e-b857cf0d83ca,clean,s5,3,0.679781,0.807216,0.820534
42af12f9-2353-49ac-8ad2-e63c32dd7d92,clean,s4,5,0.445025,0.609138,0.633346
42b0c983-42ae-4fa7-a3d8-67ec32b04d56,shot_noise,s5,4,0.466695,0.632056,0.648168
42b2412c-d1e5-4ad8-8580-955b85132682,fog,s5,3,0.540424,0.696835,0.717560
42b59d0d-ec43-4cda-8426-865ecab1518b,clean,s4,1,0.375853,0.464823,0.698704
42c2a9fb-cecb-4b1e-b430-e0e31461dd80,shot_noise,s5,0,0.230507,0.318647,0.456853
42d7e020-b513-4843-a7d9-96bd04f5f78c,fog,s4,5,0.671356,0.800009,0.820156
42d8414e-cb1b-432f-941d-d576d12fde3d,fog,s4,0,0.679294,0.797612,0.865405
42d90959-0f26-4f7e-a2d5-5ca6101ae6a2,clean,s4,4,0.861403,0.924391,0.940757
42eec907-b68f-453f-a9fb-1ab1e6f7cdbd,fog,s4,5,0.396301,0.539636,0.628484
42fa20fc-62d6-475d-a7b3-513411baba2a,clean,s5,4,0.679505,0.807055,0.820153
42ff2b59-83cf-4de1-b414-e07e4b6cc5bd,fog,s5,3,0.448630,0.584713,0.702875
430b6581-77a6-4054-a2b4-24d6610ab170,shot_noise,s5,4,0.316218,0.393932,0.623321
430dd5bd-934c-4d83-a034-a75c5f4206e1,clean,s5,5,0.771070,0.870317,0.873989
43330124-421b-48d0-8ceb-2b904aab316e,clean,s4,5,0.740061,0.845048,0.886540
433856e0-c359-4022-8ae4-4dc5d8c643df,clean,s3,0,0.515825,0.632326,0.811844
433a4027-529a-4f34-921e-6a4f8c429ca8,gaussian_blur,s3,4,0.438028,0.573681,0.692538
43595674-e152-431c-a636-864334635fb4,shot_noise,s4,2,0.600792,0.734554,0.811138
436007ce-351e-4f9e-b75f-219047d4c39a,clean,s4,1,0.721693,0.835936,0.853083
436784aa-56ee-4273-8780-77357c4aae57,clean,s3,3,0.513409,0.629101,0.811616
436a0960-2dac-4bfc-9446-8dc5fcf3917c,gaussian_blur,s4,3,0.647077,0.775120,0.832901
437e9e1b-2f5d-431a-876e-84df07fea11d,gaussian_blur,s5,3,0.817320,0.899276,0.901486
4381fdcc-92b3-46f1-b533-30e84adce8c9,fog,s3,3,0.464550,0.598418,0.723976
438b40ba-8ab4-4bab-8ab4-8c7d24500a93,clean,s4,1,0.651235,0.780325,0.827299
4394bb38-d1b1-4889-a794-6c5b8d21ca6e,gaussian_blur,s5,1,0.527922,0.686370,0.705898
439559e4-5199-4e6c-a9f5-250095feca0e,shot_noise,s3,0,0.724357,0.823116,0.936432
43a01b16-e914-4f39-99f7-848a9f91b354,clean,s5,2,0.738263,0.848093,0.858203
43ba427a-81ff-48a0-a7f3-b8c616b853b7,shot_noise,s5,1,0.718501,0.833997,0.849440
43bc49cc-7221-4e4c-95f0-b74dbfc99940,gaussian_blur,s2,2,0.544264,0.614696,0.938955
43c3bc0c-1d20-4b21-b4d5-b9825b1a34cc,gaussian_blur,s5,3,0.418111,0.568621,0.638473
43d1f9cb-fe1b-4332-9b08-c32bbc1b934f,gaussian_blur,s4,5,0.523489,0.664346,0.755382
43d4382a-590d-4c51-899e-b2dba8f03c63,fog,s4,0,0.442606,0.490227,0.855676
43d5462d-c8a2-4f35-8309-33fd057d86f3,shot_noise,s4,2,0.407507,0.450965,0.812336
43d61ee4-713e-4d7d-bdfd-45c1212897d4,fog,s4,0,0.644853,0.768811,0.850160
43da1234-e3bf-46b8-8a16-ea8d5efc3aef,shot_noise,s5,4,0.232347,0.321342,0.459211
43e0f971-7d06-4d86-944f-aecb6cf4888e,fog,s5,4,0.196462,0.328340,0.328501
43ed4811-938e-45b8-b85e-a4c0e92395b9,gaussian_blur,s4,1,0.580628,0.718631,0.791717
43fb9a47-edae-4b13-ae0d-b394066d94a2,clean,s5,2,0.616397,0.757572,0.783753
440398c3-31ec-4012-952a-544eb2e13464,clean,s5,2,0.603385,0.752159,0.754576
4441ca95-25aa-4e0b-af13-71bee1fd6bf2,shot_noise,s3,2,0.599704,0.697876,0.921528
4450939f-980c-4b38-96ab-7bf7883a72dd,shot_noise,s5,5,0.429982,0.564907,0.685211
4459f652-840a-44ea-b7e1-2010b12d500a,fog,s2,1,0.436684,0.486394,0.844491
4467dce2-aa63-47ab-84a6-652f30d49a15,fog,s5,1,0.564026,0.717039,0.736128
4469d26e-3393-45b4-a559-92a0db35b092,gaussian_blur,s5,0,0.655390,0.782906,0.832912
446bacea-0294-421a-ab3e-07498fab748d,shot_noise,s4,4,0.541933,0.692479,0.736901
4470f63a-62f6-4af6-9e1a-9f8277b0027b,shot_noise,s4,3,0.601237,0.729345,0.830848
44713d04-fd88-4380-85db-bfe3cfd83373,shot_noise,s5,4,0.556405,0.704153,0.751611
448199bd-83cc-4adf-af77-28563aaa5012,fog,s4,4,0.436497,0.597115,0.634059
4489d4a3-ebfb-4680-957e-72369c860b78,fog,s4,0,0.480279,0.598736,0.773925
44906c5c-c4ba-4fe1-a06f-8dcec1b5cbff,shot_noise,s4,4,0.742812,0.845635,0.896448
4491e7fe-ff83-4495-9124-4d1f0cafa13c,gaussian_blur,s5,3,0.432266,0.579272,0.661461
449de62f-d7cf-4102-b8fb-3b09971c584e,fog,s5,0,0.752565,0.858476,0.861217
44afb00d-3d45-4d28-8a6c-8bdac77bc5b7,shot_noise,s4,2,0.765407,0.857925,0.931814
44b248ac-7e38-4517-b5f4-2aadefd5f23e,clean,s5,5,0.762449,0.864935,0.867296
44b269cf-5c33-4653-98bc-bace4f16bf59,clean,s5,0,0.732278,0.845427,0.845600
44bb0d47-19c0-4e44-a71b-6fe8ad746c3e,gaussian_blur,s4,5,0.629301,0.753966,0.847728
44cc9852-f421-4c75-a188-8d63c892f8e7,shot_noise,s4,1,0.668364,0.784018,0.880867
44d3e5c7-41df-4c64-b932-9e079f298936,shot_noise,s5,0,0.635053,0.776147,0.779707
44d8b4a6-3ed5-4680-9fe9-d6127ee64f33,shot_noise,s4,4,0.738694,0.843087,0.891924
44dae40a-9d4b-4edb-b86c-d812976296b9,fog,s4,2,0.450323,0.617138,0.631077
44dfa935-6ecc-4afc-b89a-7c872ba85863,gaussian_blur,s5,0,0.616397,0.757572,0.783753
4513abcb-a19a-4072-b2cc-f18ffae6ea35,clean,s4,3,0.310928,0.460577,0.499921
45251c48-91b8-4a42-97bc-8db0f4caf640,fog,s4,0,0.479600,0.640264,0.670576
452661bd-28fc-4394-80c0-caddcf597aad,gaussian_blur,s4,5,0.555406,0.695328,0.775981
453472e0-e702-4e22-a577-1cdda021dea0,fog,s4,2,0.344266,0.489504,0.556656
45355006-676c-441a-8c56-156b2b5752ad,gaussian_blur,s5,3,0.656216,0.789259,0.807464
4549a0a0-dfaf-40d2-9b80-5b41b9ac549d,shot_noise,s4,1,0.844593,0.914116,0.934773
455e0576-4367-43bf-8bd0-87faee60c776,shot_noise,s5,1,0.724477,0.839113,0.847163
4560966b-be87-4645-a985-46ed6f8a9042,clean,s5,0,0.336269,0.410933,0.660090
4560a06f-b3d7-47a9-9317-4912f4e89001,shot_noise,s3,2,0.738530,0.827690,0.976775
4564fa45-1fa3-4e05-8b2e-f4b98f9029de,clean,s5,4,0.500345,0.659794,0.688075
45657e84-8608-4290-8c84-2026bfb6d513,shot_noise,s4,4,0.725196,0.832851,0.887739
456731cc-4634-4537-a2b8-30114ddcee3f,fog,s4,2,0.470361,0.630459,0.665040
456fe5a3-a57b-45f8-8254-73d8cdaf184b,shot_noise,s5,1,0.389091,0.543638,0.596523
4572f15c-1ba8-4975-aedc-b38a17863353,shot_noise,s5,2,0.720444,0.836102,0.846096
4592b976-7acf-41f7-9abf-b9aa57fa23fb,gaussian_blur,s5,4,0.697248,0.818962,0.836312
45972a34-dbf3-4eca-aec4-7a2bf9ce9a68,clean,s3,4,0.425871,0.560371,0.681460
45981f1a-a035-4ae0-afed-24282281f8c6,fog,s2,3,0.649459,0.738375,0.975180
45a55e52-38ee-4c81-933f-5933f7feb236,fog,s4,0,0.756657,0.858407,0.883131
45c20e3f-16f7-44d2-a79d-28966e42b315,fog,s4,5,0.620681,0.734291,0.885102
45ca85c4-7033-4641-b95f-07c53de07ed1,gaussian_blur,s3,2,0.676613,0.782420,0.920633
45d6206d-6cdc-4c4d-95b9-7865648858e2,shot_noise,s5,3,0.764395,0.866130,0.868985
45dbbbad-6d4a-42e8-b181-0fecdd56383d,fog,s5,2,0.643095,0.778528,0.802006
45dfcd39-7933-49a2-bde3-32339fd70642,gaussian_blur,s4,1,0.628734,0.759340,0.824875
45f6a7a2-161d-4484-8ecb-988d8a5aeef4,clean,s4,2,0.755769,0.857011,0.888083
45f8d708-f869-46df-a86d-f758983b4eb5,gaussian_blur,s4,4,0.392179,0.557578,0.576571
460b3a6a-54a6-4da3-b553-dae961996757,fog,s5,2,0.531274,0.669049,0.768981
461b7060-8903-407a-8769-02678fc868ea,shot_noise,s5,3,0.660433,0.793403,0.805621
461effc0-e7b5-4e14-b91c-f04ea6c48416,shot_noise,s5,4,0.425259,0.585157,0.624683
4620108f-9946-4b6a-b6a0-65b5693fcc83,gaussian_blur,s5,0,0.721940,0.838513,0.838560
462144c0-4e94-4812-8ad4-7254bd8033ac,gaussian_blur,s4,2,0.556834,0.655153,0.889880
463df592-6830-49d9-87f0-a6c7fb1845ec,shot_noise,s5,5,0.548127,0.708097,0.708181
46410e05-3e1b-4aed-8560-04847cbe3d2a,shot_noise,s4,0,0.572143,0.701525,0.816053
4645e287-5bc0-4d29-b903-b6b55158b680,gaussian_blur,s5,2,0.368142,0.502416,0.610006
464bd07e-d6f0-4358-aae9-37e77ef67536,gaussian_blur,s5,5,0.488515,0.655016,0.660331
465eac13-b179-4dbc-8718-7f7fa19e435e,clean,s5,3,0.847295,0.916785,0.923957
46675e7c-f7cc-4ea8-8b76-b7f8a0d56926,shot_noise,s4,2,0.677489,0.799040,0.851045
46693622-5500-485b-afac-5f80be1147e7,fog,s4,4,0.734052,0.841198,0.880852
466c52c9-9e4c-4631-84b1-68166a4cab0d,shot_noise,s5,2,0.474443,0.635047,0.666870
46836978-9104-445b-b272-8e2f6ed1ddbd,clean,s5,5,0.616397,0.757572,0.783753
4693f3b5-2ff8-4e5e-812e-e9bc6dcaf802,clean,s4,0,0.754586,0.855207,0.894127
46a1bc83-5760-483b-bde2-7c582960398c,shot_noise,s3,4,0.315585,0.435337,0.558443
46b373e3-dbc7-43d3-a0a0-d79fb8eb197d,fog,s4,3,0.623305,0.762438,0.791131
46ca8ff1-e8c9-4cf0-9283-a080557ca455,shot_noise,s4,4,0.586272,0.730822,0.770240
46e00f3c-62da-41f5-9b4a-4d74695ea618,gaussian_blur,s4,5,0.844064,0.911947,0.955099
46e07935-9760-4214-8d0f-1d57265b2013,clean,s5,1,0.302770,0.449834,0.492030
46e2f0ee-b9c5-4d66-82ad-af44b4021b81,fog,s5,5,0.551415,0.709619,0.715109
46f482cc-6b16-47ef-b016-29a4fb212bfa,clean,s3,1,0.612010,0.734282,0.853514
46f4aa6d-35be-4714-ae4c-57ac4c49e66b,shot_noise,s5,2,0.713287,0.831631,0.838721
46f92ab3-45a4-4a32-8fbf-bd749d922dd7,shot_noise,s4,2,0.817060,0.893860,0.950768
4706f5fc-920c-4540-b91a-dcaf468b8334,shot_noise,s4,4,0.473570,0.640633,0.648649
47149fc7-e147-497d-ba2e-f4e31d8dc915,fog,s4,5,0.472471,0.596107,0.754720
471db2e7-6637-4e99-91ba-54cb588181f0,shot_noise,s5,4,0.720829,0.836881,0.843216
471fca84-b3cf-4b4e-b3bb-78a34cf67182,fog,s5,3,0.645868,0.780955,0.802555
47204eec-c672-4e3a-bd8a-97f66cf8d546,fog,s5,3,0.360991,0.504930,0.582096
472083a7-5918-41e5-9d91-0b3d03720ce3,fog,s3,2,0.555550,0.667060,0.856110
472c0ed4-059b-4427-9e39-7156ba2a752e,gaussian_blur,s5,4,0.739691,0.849625,0.855333
472f0ca6-8ba2-484d-b49a-89c7bb95e93e,clean,s4,3,0.754336,0.852853,0.908320
47487b6c-b382-4700-9bdc-da03aeba40ca,clean,s4,3,0.505435,0.649745,0.733536
47543e37-b05d-4de1-881e-24c452e497ae,gaussian_blur,s4,4,0.487927,0.623781,0.741083
475b7892-f4a1-45eb-902a-8f33a8d6d3ca,shot_noise,s4,4,0.567109,0.717425,0.746198
4764d350-c11a-46fb-bc9c-fa47250abd24,shot_noise,s4,5,0.473950,0.613454,0.719802
4773741e-58d9-4cc3-a48b-a14ad564de45,gaussian_blur,s5,1,0.627084,0.764569,0.797307
4774917e-cc27-4c1c-8c15-5205ae29a59c,gaussian_blur,s4,1,0.493799,0.616340,0.777880
4788b309-c921-491e-bc7a-324c6a6a0ca0,fog,s5,4,0.549277,0.708331,0.711629
478ce6b0-392a-4bc1-a5c7-7e90e4bf7f17,shot_noise,s5,2,0.788653,0.880441,0.893541
479583af-2bf5-46ec-b3c4-bfb8eb4ead14,clean,s5,1,0.329626,0.474270,0.536805
479ceba7-3c3d-4313-b83a-0a2834b62dc5,fog,s4,5,0.442972,0.535981,0.782048
47b49ab1-be1a-4484-9de1-5f1169697cab,fog,s4,3,0.412437,0.580087,0.593346
47b8feb8-6e08-4a70-a510-b375ee9a8c41,fog,s5,4,0.417608,0.489550,0.784338
47c93be4-18c7-47e5-937e-8ee9a9171828,shot_noise,s3,4,0.856283,0.918217,0.975904
47e8642b-cb9c-4d10-bd65-9c305b59e455,shot_noise,s5,4,0.685273,0.813247,0.813259
47f75527-925e-4be5-8e49-4d8c071599e7,fog,s5,4,0.547629,0.703321,0.722464
47fb5b36-bc46-475e-9c07-e0e558a8e961,shot_noise,s4,0,0.593281,0.735522,0.779537
481db846-147e-4f30-9482-03fa803153e8,fog,s4,2,0.831071,0.906365,0.922453
481e1daf-8f28-41ec-a3de-2d8d48ddb77f,fog,s4,5,0.198220,0.325257,0.339157
48278e9d-2382-469a-b3d2-5396d35f8d9b,shot_noise,s5,5,0.202046,0.327323,0.349323
48332fa8-6429-4ca8-85a8-bd819287fee3,shot_noise,s4,5,0.511210,0.674085,0.684144
483711e2-72a9-407c-9a6f-c0680b19518e,fog,s5,1,0.277565,0.375186,0.529488
483ebabb-80aa-4a01-aeab-9c85f7311525,clean,s5,4,0.442360,0.595011,0.658749
485f03bc-0cd9-471c-baba-335b1722c7ce,gaussian_blur,s4,2,0.395377,0.563697,0.573570
4867f20b-da44-4c94-befd-11ee0a19e272,clean,s5,0,0.655956,0.792196,0.792443
486c5153-2cbb-4383-9dbf-9bff5e8582bc,fog,s5,0,0.683985,0.811725,0.815614
486f1d34-f43b-46bd-8e34-05b803940353,shot_noise,s3,2,0.493346,0.627674,0.749495
48729803-e231-4d1d-8669-da307234dfe5,gaussian_blur,s5,2,0.679934,0.805319,0.830836
48779e9e-c88d-4766-8cb5-25d03228d8f1,clean,s3,0,0.128509,0.226159,0.229808
4885ac7e-3ce0-4df4-b86a-17c256355042,fog,s4,3,0.432903,0.573607,0.676055
4894bbcf-f3f6-4a86-953c-51a6f4e9b25e,gaussian_blur,s3,3,0.475223,0.593672,0.768805
489e2f18-b3a1-4d0e-9ff8-b80f4bcb4002,fog,s5,0,0.396942,0.535820,0.638278
48a2b264-5d94-4a31-b8b0-e962f69fb63b,clean,s4,0,0.568145,0.716778,0.752252
48a787d3-4316-40ec-8d94-ae74385ba8cf,shot_noise,s5,1,0.766033,0.867518,0.867520
48b100b1-b656-4272-8518-180b75662d8b,fog,s5,0,0.452843,0.623325,0.623556
48b67331-63b0-469d-9d33-c687778aa6ea,gaussian_blur,s3,4,0.585341,0.672898,0.938818
48be1e65-0da3-4190-a769-2339dea2a543,gaussian_blur,s4,4,0.632618,0.764252,0.820452
48c079a6-7638-4588-9dd9-4e6e48611927,shot_noise,s3,0,0.512842,0.625154,0.818925
48e77d12-4c01-4a74-8659-bea89ef1a8d5,gaussian_blur,s4,1,0.741182,0.842647,0.906692
48e971fd-68bf-432e-83fc-7dedef3dc2d5,shot_noise,s4,5,0.360601,0.500188,0.589831
48eaa024-501f-4e5a-922f-b4337c6cb5a4,gaussian_blur,s5,1,0.319488,0.477521,0.497157
48ec4138-f5a1-4618-aa39-2e900921786a,gaussian_blur,s2,2,0.493328,0.552299,0.902859
48ed4002-272c-47b2-8ccd-fa62c5900b0a,gaussian_blur,s5,1,0.621897,0.757680,0.804827
48fbb516-b83d-4487-aba9-e3535303fa23,gaussian_blur,s4,4,0.767970,0.862033,0.917515
48fd35c1-2e8a-4a5e-83a2-c9def4db2c95,clean,s4,4,0.622042,0.746434,0.848042
4902e7ea-c68a-4795-840f-4f774a6fec2c,gaussian_blur,s3,5,0.597390,0.719966,0.847915
490dfb7a-43c1-4f5a-9494-c08645f12144,clean,s4,2,0.590952,0.723848,0.811850
491963a6-e663-4235-82e3-8fa05f3beed2,gaussian_blur,s3,1,0.675880,0.785452,0.905151
491cc314-2caf-4162-be79-c21148fb55e6,shot_noise,s4,0,0.737550,0.841949,0.893275
491f91ef-1797-4426-845c-d53e04365bf7,shot_noise,s3,4,0.333722,0.469854,0.558125
4928715a-11c8-4f56-965a-1cecaa075a31,clean,s4,5,0.735190,0.845339,0.860639
4929fdc6-bf2c-40d4-a34d-e7c7cd530d8c,gaussian_blur,s3,3,0.706334,0.808028,0.931392
49370f2f-0d5c-4121-93ae-0ca6157d6634,shot_noise,s5,3,0.559770,0.707286,0.753541
493745b3-23a8-4b38-b12c-8f29ef6c9930,fog,s4,5,0.538829,0.698738,0.705532
493c6381-f27d-4fee-9175-1380c97c0357,shot_noise,s4,0,0.593675,0.723822,0.821862
4940dc41-71ae-44de-8cb3-4204157d6774,clean,s5,0,0.562717,0.716911,0.731717
49707af8-77ed-41ab-8ce2-1113982252d3,fog,s4,2,0.377540,0.547920,0.548613
49748c7d-734e-4e26-bf69-838a875f10f9,clean,s4,4,0.768608,0.864341,0.904743
4976b4c0-be68-423a-8c8c-601267a11227,fog,s5,0,0.713622,0.830889,0.844663
498f5732-aae1-4a72-acec-7dd1aa626124,gaussian_blur,s4,0,0.699765,0.818343,0.851024
49950c7a-adcb-49c8-abc2-b2cb60cee4c3,clean,s5,2,0.619423,0.760957,0.781872
499b35d2-9a07-4f2d-930a-680bad7cf9c8,shot_noise,s4,5,0.359817,0.510793,0.566868
499b3fa5-2484-4093-91b4-8dbb20085882,shot_noise,s5,4,0.791882,0.882006,0.899526
49a205cb-c25c-4ec3-9f40-5b15b87dc17c,fog,s4,1,0.754000,0.852922,0.906168
49a4bcbb-7380-4f9c-9acd-263ee7622724,clean,s4,5,0.659573,0.789136,0.822069
49c2e867-bb50-4ea7-86fc-f0e7a5c178b8,fog,s4,4,0.592019,0.730729,0.792032
49c39828-611a-4afb-9bfd-16c932c10c1f,gaussian_blur,s4,2,0.428732,0.587298,0.631317
49d019c0-99b7-4674-9d14-84a48201f4a4,gaussian_blur,s5,1,0.367758,0.537540,0.538216
49dd39f9-649f-434a-9446-1b09e1a2b1f8,clean,s4,2,0.427731,0.582075,0.640096
49e1b138-c1c1-4923-bca6-8fe03065deef,gaussian_blur,s5,1,0.623647,0.759025,0.806299
49e91aa5-75ee-42c6-a299-b4fa1ca1c73f,clean,s4,4,0.365300,0.533484,0.538629
49f7a6f5-d40b-474b-87f9-d9afb241a855,gaussian_blur,s4,2,0.707893,0.823312,0.860970
4a02da1c-3bf9-4f26-9310-aecee6b18af1,gaussian_blur,s4,2,0.658448,0.785025,0.836049
4a04abe8-643a-4b20-94b8-70f57609342a,fog,s4,3,0.518021,0.658974,0.751467
4a10fcd4-e3b3-4b69-a23b-3d4cde983cc1,shot_noise,s5,3,0.657541,0.792150,0.799376
4a182111-bf38-43ce-b048-6cf0ce40ed4b,clean,s5,1,0.683735,0.810023,0.823439
4a2d0fa7-406e-4872-b301-3e88def22858,shot_noise,s4,4,0.517135,0.636483,0.806185
4a30a216-4e3a-44f1-ab42-833d967dc766,gaussian_blur,s4,5,0.640774,0.773350,0.815093
4a395e70-1e22-459c-be21-0e07b2d363df,shot_noise,s4,4,0.583158,0.685353,0.899898
4a4880b6-b5e5-49a3-b1bd-89ab5977706c,shot_noise,s3,1,0.585868,0.666283,0.956347
4a48b484-b564-4aab-b14a-8e7945c003f5,shot_noise,s4,1,0.747552,0.849255,0.897248
4a5e6cdc-b93a-4db5-8744-7f11bbe1b3e5,clean,s4,4,0.735190,0.845339,0.860639
4a60ed31-f798-46d7-a024-3f6e76b0d951,fog,s5,2,0.514433,0.678035,0.683530
4a71a5fb-0e81-4c2c-9b8a-f45a368ad9bb,shot_noise,s3,3,0.155682,0.265394,0.274901
4a757f71-5a87-4bf7-b233-1d6b1316c983,fog,s5,1,0.791855,0.882913,0.891736
4a75cc81-6f29-4edd-81ed-12f79606a52c,clean,s4,4,0.484536,0.596220,0.792847
4a9011a0-dc5d-4404-9ae3-eaf79fe69073,clean,s5,4,0.743934,0.851539,0.864139
4a929d7f-45c1-41fc-ba58-cd3f0b1b5125,fog,s3,4,0.491972,0.569674,0.868213
4a9cd076-c738-4e39-9e67-d37fcce2fedf,clean,s5,1,0.228156,0.316531,0.452032
4a9eaab3-fa2f-4da3-9366-167a53cf375b,clean,s3,0,0.514920,0.586938,0.904608
4aa386c4-793e-45ec-bca6-6c3c6de3b798,shot_noise,s4,2,0.495921,0.641297,0.723622
4aa6fed8-cbfb-42c0-ac0e-fe1676845668,fog,s4,3,0.771354,0.864854,0.915802
4ab59e92-db01-4cbe-97c9-02054b8a7ac9,gaussian_blur,s3,1,0.638072,0.752491,0.886368
4abbf229-1076-4781-a11c-800b411dee21,clean,s5,2,0.488011,0.647181,0.680704
4acc68c4-c03d-4f94-8245-9b43d75475ea,fog,s4,3,0.457947,0.614753,0.663133
4af422cb-9c8e-47e5-825c-416db16360be,fog,s5,4,0.358995,0.489354,0.604640
4af4b7a3-1fb6-441a-9ef7-7c00ba125572,shot_noise,s5,0,0.700340,0.820277,0.843170
4b04bd73-a289-48ca-9cd9-423113ec64ff,gaussian_blur,s4,0,0.730401,0.828440,0.936053
4b07dcf7-b698-48e6-959b-904cf02daad5,shot_noise,s4,2,0.517476,0.673628,0.707743
4b126750-2cee-4a3a-8cf4-bf59e939da1d,fog,s2,0,0.544264,0.614696,0.938955
4b2346ed-bc2d-4d8d-afd3-c9b3172c1b64,gaussian_blur,s4,5,0.457051,0.535073,0.825874
4b27894c-8061-42c8-89ba-25e0f4c6bc59,clean,s5,3,0.346424,0.493849,0.555552
4b2bc33b-e210-4e2d-9c71-4ed21e79e16b,shot_noise,s4,4,0.774473,0.870741,0.889648
4b389410-e23c-4beb-a21a-87b85f3eef10,fog,s5,5,0.436286,0.587789,0.655387
4b40eacb-f48e-48ab-960d-05c6461e180d,gaussian_blur,s5,5,0.547884,0.707908,0.707934
4b44ffc1-6edb-4a36-8d16-ddcb526666c9,gaussian_blur,s5,5,0.402330,0.445879,0.804661
4b4e1aef-da8a-45a9-9db4-0c8efe2befa2,shot_noise,s5,0,0.684507,0.811046,0.821512
4b533b79-a7a0-43f9-8db0-38e8920350f0,clean,s5,0,0.770972,0.870014,0.875772
4b666e22-8541-488b-9fa8-e2c3262b1a7f,shot_noise,s5,4,0.375343,0.533942,0.571296
4b6c7ada-5ad8-488a-9946-572036a72fef,shot_noise,s4,2,0.490076,0.632770,0.725910
4b72db96-8879-48d4-8aa8-4aea14582ece,gaussian_blur,s5,0,0.460707,0.624676,0.647117
4b736061-ca25-426b-b816-c17d5a38bdd3,clean,s4,0,0.605897,0.735042,0.828366
4b80b3db-562f-4d0f-9e89-c820f3f89310,clean,s4,0,0.522365,0.675710,0.718771
4b81d323-3067-490d-9494-cea7526a3efe,shot_noise,s4,0,0.542037,0.696800,0.723509
4b8da586-052c-48e0-9390-70b46bea4da8,gaussian_blur,s4,5,0.522145,0.660779,0.760607
4b976865-a763-4507-821c-8ae305056f7d,clean,s5,4,0.515723,0.655365,0.753424
4b9a3308-141f-4deb-ab4d-2f4a0bcfebb8,clean,s5,2,0.289310,0.368185,0.576348
4baa4374-7730-4127-a2c5-2fe2a53339c3,gaussian_blur,s5,1,0.413056,0.561744,0.636844
4baa8724-07e4-4a87-b3ca-bc15fe5c92a0,clean,s3,1,0.501039,0.607661,0.820336
4baab91a-4df6-4453-a9c7-f1bce37e98a2,shot_noise,s4,1,0.557985,0.691537,0.796539
4bb72794-4e40-4d18-9eff-4310aa2d1913,gaussian_blur,s3,1,0.169254,0.280640,0.301835
4bba22af-2a07-44ee-9db7-5d8c0b09d6ac,gaussian_blur,s4,2,0.628330,0.740731,0.891381
4bc1b1b7-31e2-4903-a9cb-75fa5b13decd,fog,s5,4,0.439662,0.591797,0.657299
4bc265ec-4d69-4fc3-9ae8-a9609a6cd3be,clean,s5,2,0.779980,0.876072,0.878976
4bc77e1a-7c3f-44f7-9891-8417299a988b,gaussian_blur,s1,4,0.256727,0.339259,0.513453
4bc95c76-bbaf-4724-a8d0-e56993711fef,gaussian_blur,s5,1,0.202217,0.323705,0.355189
4be70a13-1c53-4646-9562-55c02f056862,gaussian_blur,s5,5,0.708489,0.829372,0.829393
4bedff3f-a9d7-4909-b159-e44db7b264e4,shot_noise,s5,3,0.610044,0.749228,0.791970
4bee488a-63b4-4cbc-b734-5ada8212baf2,fog,s4,3,0.724823,0.836869,0.862480
4bf0bc6f-323b-4fe2-ac13-9129f318944f,shot_noise,s4,2,0.734578,0.833041,0.930480
4bf47c72-0511-42eb-95fd-275b6e8cc51b,fog,s5,0,0.680827,0.806476,0.828888
4bf846ff-1ccc-4c05-9fbf-9e69414260ff,clean,s5,0,0.492273,0.658116,0.664581
4bfccd0a-824f-4fb8-a323-d8ae59fb9f59,fog,s3,4,0.539754,0.647816,0.852363
4c071370-db7a-4895-afc6-7b3660a64541,clean,s4,2,0.684636,0.789768,0.922357
4c0a6ed8-e1a5-447a-b1ee-042e98daad3e,shot_noise,s5,5,0.331882,0.425348,0.625429
4c114601-f948-463e-b7eb-3ddc0e490703,shot_noise,s5,4,0.513754,0.654147,0.750011
4c2174f9-739f-4541-b7e2-b139a99f657d,shot_noise,s5,3,0.518521,0.680398,0.690848
4c24fba7-5f6b-4824-a4af-3af67f8bc230,gaussian_blur,s5,4,0.693780,0.819187,0.819333
4c2abc36-5a32-4eb1-92db-5165c2b15060,gaussian_blur,s4,0,0.518411,0.672320,0.714916
4c3d402f-e506-4847-825d-cbc4e69bdba6,gaussian_blur,s3,1,0.596267,0.694456,0.919299
4c453ec7-d3c0-4461-93ed-451b90df4036,gaussian_blur,s4,5,0.872578,0.930891,0.947333
4c4822b1-47da-40af-bff5-d05acc70f761,shot_noise,s5,2,0.220500,0.359336,0.364437
4c49a736-2d3d-47a1-aeae-610adc96735c,fog,s5,0,0.589976,0.731691,0.780987
4c54f96b-2a14-4944-be4a-a17d59fc16bc,clean,s4,1,0.441895,0.606232,0.629962
4c564c70-c533-47db-a37c-239c0169668d,fog,s5,3,0.232539,0.367133,0.393451
4c64bf34-223d-4d43-bf83-ed3021f035f8,shot_noise,s5,1,0.480883,0.600612,0.771750
4c650470-f2cb-426e-a92a-b4bdb82e86a8,gaussian_blur,s4,4,0.510817,0.654019,0.740360
4c6da28f-6226-4c66-bcf6-32700b410583,clean,s3,3,0.739784,0.829776,0.971781
4c897966-f994-46eb-b5b9-58349e327946,clean,s5,2,0.720879,0.834647,0.856890
4c8b05ad-05db-49db-8f29-8a7dcba72095,shot_noise,s4,0,0.379547,0.447429,0.736324
4c8c9c58-ea8e-4648-99cd-d5d9604feeaa,clean,s3,1,0.599514,0.712443,0.878907
4c91ea94-c982-43c3-9eaf-6019e92e3f8b,gaussian_blur,s4,0,0.579961,0.699430,0.849648
4c9ca24e-db83-4d7d-bf1c-499ff82bb616,shot_noise,s5,3,0.739123,0.848598,0.859223
4ca2a747-8929-47d0-a835-7efc000f323c,fog,s5,3,0.729266,0.841710,0.854366
4cafaf63-4592-4cd3-a43d-f78cd895003d,clean,s4,4,0.816069,0.895092,0.933307
4cbe151d-8eb3-4b31-86aa-de228c9ea726,fog,s4,1,0.457194,0.624566,0.635311
4cc31373-f915-4c97-abee-f632b3563f1d,fog,s3,3,0.639185,0.751352,0.894619
4ce44200-68af-4857-af34-65aa4ba5a06c,gaussian_blur,s5,1,0.448302,0.613731,0.632901
4cec9485-c793-4586-9255-92d0d10716d0,clean,s5,4,0.520539,0.667694,0.735784
4ced92a5-7cc5-45da-a0a5-f3d0cc4532d2,fog,s4,4,0.569374,0.705941,0.792480
4cf0f1aa-25f8-4e53-ba6a-f159f8864e32,shot_noise,s5,0,0.381715,0.546082,0.566715
4d04a280-7ed7-4a87-af9b-9a6e5061c6e2,shot_noise,s3,3,0.548657,0.665209,0.838043
4d0a70cc-78f8-487a-9f16-44bf6e78c25d,clean,s5,3,0.283024,0.367983,0.557003
4d0e4b2d-4bea-4efd-8bb3-ce78325a1fef,gaussian_blur,s4,0,0.505435,0.649745,0.733536
4d1429ae-972d-4129-b518-88d3ce259047,shot_noise,s4,0,0.797791,0.881434,0.938880
4d29c457-613a-4e64-893f-58dcf599ec4e,fog,s5,1,0.482659,0.624210,0.722555
4d2a0f4b-da31-4f22-bc45-286a9f4c6adc,shot_noise,s5,4,0.466743,0.579952,0.770900
4d2e12eb-16b8-4bb3-ab42-b9e2499caf8e,shot_noise,s4,3,0.678112,0.797429,0.861281
4d3049fa-e168-42e2-9c7e-63cb242922dc,gaussian_blur,s4,4,0.709972,0.820627,0.884823
4d33e1e4-b12d-4f51-8bcc-2761c7035381,shot_noise,s5,4,0.330535,0.488897,0.512396
4d3456de-fdd5-4f2b-99b6-aa60391437f0,clean,s4,5,0.812830,0.892349,0.937660
4d3d6659-5cbb-49ed-b1fb-38cbdc75425f,shot_noise,s5,3,0.299366,0.415381,0.538456
4d4e3a9a-37b3-43d8-a930-47d9860855d0,clean,s4,5,0.671709,0.791763,0.860559
4d6c5b49-77d6-43e8-98ae-30c8060a174a,gaussian_blur,s5,0,0.343736,0.492974,0.548373
4d7c3ff9-8a55-49ba-9ca4-e36050aa5dd7,fog,s5,4,0.585346,0.736859,0.744475
4d82357d-c521-416f-ac3f-2fa6935fe7fd,fog,s4,0,0.659999,0.784541,0.844560
4d9266b8-cd44-4c56-9c0d-00ce39e4fa87,clean,s5,3,0.453939,0.622951,0.628341
4da5e4c9-7d8f-471e-a28d-f7369f6cb1bb,clean,s4,5,0.493106,0.633044,0.735357
4dad9281-6dd7-4006-9117-28c830b17692,gaussian_blur,s5,5,0.498440,0.653055,0.700512
4dae9c84-5718-4fa1-a5fa-85430a76827c,shot_noise,s3,5,0.831082,0.901269,0.973392
4dbd818a-2b3d-4872-afdf-cdeb578d3d19,fog,s5,4,0.657160,0.787411,0.819952
4dbeb651-24e5-4283-be12-fd1aaed744b0,gaussian_blur,s5,3,0.606595,0.745017,0.794800
4dc60fd0-691c-490f-872d-c0b1217f98bf,shot_noise,s5,3,0.713098,0.831531,0.838421
4de7f14f-ab4f-4756-af69-b18efbb1e34b,gaussian_blur,s4,1,0.248444,0.397736,0.398453
4de90b33-b446-40a0-be53-adb3ef62410d,shot_noise,s4,0,0.635950,0.769831,0.810651
4dec3385-3e7e-449f-a9e3-0acee0977c7f,fog,s2,0,0.485171,0.492474,0.970342
4dee5956-f211-44be-ba11-e981cdfdad3e,fog,s5,2,0.733707,0.844486,0.858727
4e02386e-c939-4ee6-bfd6-d89661d9c7e6,clean,s4,4,0.744731,0.848451,0.888271
4e066961-17f9-4419-aecc-616be7b0644a,shot_noise,s5,5,0.731553,0.842030,0.863564
4e0cad4d-e81c-4ba5-8bb6-24eafb5d7004,clean,s2,2,0.487507,0.561010,0.870641
4e1bac70-f82f-4c47-9c2a-ff07aae9fc4f,fog,s4,1,0.483475,0.624325,0.724987
4e20c1d0-c3dd-4822-9cf5-e99ae93cb3fd,fog,s3,0,0.613822,0.697135,0.970603
4e2563fa-ca40-4164-854c-3851292830e0,gaussian_blur,s5,2,0.526212,0.687928,0.694816
4e32c387-8ba1-4233-bb5e-a26da68508bb,gaussian_blur,s5,5,0.742892,0.852196,0.854416
4e38da70-550d-404e-a3ac-073f83763a7f,gaussian_blur,s4,3,0.429156,0.590550,0.625051
4e478af0-8321-4bf3-83eb-5195f4e6e583,fog,s3,3,0.493468,0.587243,0.839131
4e47deed-8eca-42f6-835d-9524ebe02ae5,fog,s5,4,0.721499,0.837344,0.843616
4e55205d-c4b0-4eba-a430-29c9943948f7,shot_noise,s5,0,0.385109,0.475522,0.709648
4e71de25-7a8a-4206-b0d4-2abd96c41b4d,gaussian_blur,s5,3,0.413157,0.583910,0.586697
4e73ad70-59a8-4ea7-a3ee-90b3480196bf,gaussian_blur,s5,4,0.533375,0.695663,0.695771
4e81fced-7627-4c63-961e-2dd3e9937cad,fog,s5,3,0.381006,0.543395,0.570144
4e894455-7718-4132-a653-136e8ade83e2,fog,s3,4,0.439573,0.533218,0.776688
4e90b694-6380-40dc-bcf5-69f7828fffd1,gaussian_blur,s5,4,0.455028,0.624650,0.627605
4e9763ad-414f-4c1a-8262-f16f024208e2,gaussian_blur,s5,2,0.655383,0.790328,0.798939
4e9b381b-e8ee-4f25-99cd-fd1030c26524,gaussian_blur,s3,5,0.703317,0.796472,0.970018
4ea022f5-d06f-40d3-b35b-ce36fa6c6374,clean,s3,1,0.646734,0.744566,0.945627
4ea6ec65-a3ce-4af8-99c5-d8d64d1588b4,clean,s4,2,0.399603,0.499141,0.714540
4eae4936-25ad-4c2b-b8cd-4b5f5f94df0a,shot_noise,s3,4,0.546596,0.652198,0.863936
4ec3694b-507b-44a2-b40f-16139dbf3d88,clean,s4,4,0.587504,0.725444,0.793765
4ec49579-6e50-4e65-8483-c330ab097f85,clean,s4,4,0.775908,0.863661,0.948294
4ec9a7bc-3f38-4756-a0c2-0b9af13f796c,shot_noise,s3,5,0.509785,0.561803,0.934336
4ecb88e7-f9f1-4faf-8273-066a777af7a4,shot_noise,s3,1,0.511832,0.594727,0.880357
4ecfd54b-69eb-47d7-8e3d-83237c3a3dcc,fog,s4,0,0.816069,0.895092,0.933307
4edaaec7-cd35-4fef-92cf-8c3e1b33ea69,shot_noise,s3,0,0.606322,0.724401,0.865653
4ee766f7-2e89-4b12-a51d-036b997f405c,gaussian_blur,s3,3,0.560061,0.656631,0.896721
4ef207e4-2ca1-4da6-87f1-51b3e3ecebcc,shot_noise,s5,5,0.543067,0.696534,0.728085
4efcf63d-2d83-474d-adf3-511746f4a4e2,fog,s3,4,0.492299,0.587998,0.834027
4f0e62c5-819a-4ff2-bb80-18a01f693755,fog,s4,0,0.837843,0.910190,0.929339
4f213e0e-f059-426d-a7b3-ea430970b391,fog,s5,0,0.480202,0.642895,0.665459
4f2d1d4d-3e46-4040-ac1d-2b0082f06e6d,gaussian_blur,s2,0,0.544264,0.614696,0.938955
4f399fd5-09a2-4151-880d-ab035ee74957,clean,s4,3,0.535369,0.692880,0.712037
4f42ce9c-4442-4ddc-a260-7a7a0d674739,clean,s5,4,0.683985,0.811725,0.815614
4f46161d-0e7b-4476-b534-4384422807d4,clean,s3,5,0.511111,0.584589,0.897652
4f6e89fa-f5cb-4733-8940-8c73ca1db539,clean,s4,4,0.582625,0.713299,0.816421
4f831a6c-441b-44d2-b0fb-0f506e6b219a,shot_noise,s3,2,0.820590,0.894495,0.967419
4f83bffd-7818-4e81-b903-650c29391b30,shot_noise,s5,0,0.515723,0.655365,0.753424
4f8dc0c6-48f1-4e85-88c2-1e29cf5be1ba,gaussian_blur,s5,2,0.310540,0.471995,0.477541
4f8e95e4-cb74-496a-afa6-484f8b268157,clean,s3,5,0.673242,0.768070,0.962721
4f95f177-64f3-46bb-b7ed-2671aebb145d,clean,s4,1,0.755553,0.855850,0.894807
4fc8b0ac-54ae-4450-82ab-0cd4f5f16122,shot_noise,s5,0,0.803594,0.890337,0.898091
4fe6aac6-2924-4104-a4e0-8a1a22633d2a,shot_noise,s5,2,0.787690,0.880880,0.884240
4ff8ef4f-3003-4f67-a5b3-3e4c072b9665,shot_noise,s4,2,0.704250,0.804299,0.939723
4ffcda15-eaea-405d-977f-9ae9ef2b92a5,shot_noise,s5,1,0.613803,0.736464,0.852624
4fffda01-9726-41bf-a714-e794ffb88200,fog,s5,5,0.597185,0.746687,0.752178
501c3af5-62c5-4058-80c1-17a056bab36a,clean,s4,0,0.326303,0.487808,0.500331
501cc94c-8748-4101-9a78-b34065185e60,shot_noise,s4,1,0.588956,0.720110,0.817061
5023ba15-bc60-4b21-b134-28696f36e19f,shot_noise,s3,0,0.526447,0.607603,0.899160
502d2f7b-def7-4cb4-a915-52d9c2c016b4,fog,s4,4,0.252111,0.402632,0.402808
50345dc1-fb84-488c-aa1c-6340304b6d61,shot_noise,s4,4,0.725043,0.838613,0.852976
5038be6f-b7e3-4442-8065-ee538eb4cec2,fog,s5,4,0.372072,0.477723,0.666091
5047798e-621b-46ec-9db2-79f460151303,fog,s5,2,0.742312,0.850736,0.861235
5048d306-5c7f-4460-ba52-24fbae5dab0a,shot_noise,s3,0,0.420530,0.556707,0.671858
504bcf05-c014-4866-9390-fe5f5e4a310c,gaussian_blur,s3,3,0.523324,0.632664,0.835224
505680b8-1f35-4aa0-a6ab-12ac2b7778e9,fog,s5,5,0.658406,0.792266,0.802480
50592e9b-25bc-4846-816a-9f1aed1a517d,fog,s4,2,0.550102,0.702179,0.735227
506873f7-c534-4016-8529-8474472de5b3,clean,s5,2,0.670316,0.799264,0.819351
506b8e18-630f-4d20-9e9d-b4ef48aa8f85,gaussian_blur,s5,3,0.641198,0.777048,0.800799
506f95aa-def5-4274-b4a1-bcbf6ce8ff19,fog,s5,0,0.722964,0.838945,0.840852
5079673d-ea71-4b82-a029-848f40f2d64b,fog,s4,5,0.492693,0.633956,0.731670
5084b388-dba0-4964-a123-9ba560b6c6df,clean,s4,3,0.816069,0.895092,0.933307
5085acb8-33c3-48cd-afcb-3bf63c90926a,gaussian_blur,s4,5,0.703334,0.818963,0.863777
508c4781-fa2c-48df-afd5-15652080097c,gaussian_blur,s4,0,0.873206,0.931296,0.947093
5095d2cd-ab4f-4f35-bcee-5a94d309edf9,gaussian_blur,s3,0,0.560557,0.676886,0.846907
50ac6863-d042-4d69-a0f9-e0727b6aa6e4,gaussian_blur,s5,0,0.555805,0.714474,0.714554
50b4ef8d-335b-4db5-82c2-eb472b52c2f1,fog,s3,3,0.510188,0.595774,0.873291
50bbc0a8-5c26-4cdf-b420-fbdff4b36f2a,clean,s5,4,0.840291,0.912784,0.918163
50bff4fb-7805-4701-82a0-6a9c5f87734f,fog,s4,0,0.625361,0.744481,0.867435
50c9012d-cf10-4736-8714-cd72838aaa88,gaussian_blur,s3,5,0.561416,0.636352,0.946693
50c92b21-b2d8-4c4a-b177-23576eb27893,fog,s4,0,0.742037,0.837875,0.938544
50cc795b-d22c-4651-9791-54d0f08f1d98,fog,s5,5,0.497594,0.657246,0.685760
50d5a8af-2e4f-477e-9c9c-d26ac2f1ac6f,gaussian_blur,s4,2,0.669814,0.790863,0.856763
50dbf4ef-f684-4436-9f75-dc4c9e78b281,fog,s2,4,0.641667,0.728186,0.978700
50e3aec4-19fc-4a95-9333-d73408412f5a,clean,s5,0,0.558786,0.715923,0.720565
50e96cdc-7595-49a2-b6de-d5865604d76c,gaussian_blur,s4,1,0.527326,0.647193,0.813333
50f4a96c-cced-4d60-9bb3-bd8d5466973b,clean,s4,0,0.673353,0.785138,0.896281
50f71a14-8525-475a-9a66-afb30320056a,shot_noise,s5,4,0.726945,0.838403,0.863438
50fa49aa-5d17-4085-bb5c-bd49283ccd7b,clean,s5,5,0.706444,0.827930,0.828219
50fb5e94-f430-421f-ae70-5dd7c7672962,clean,s4,5,0.749318,0.850335,0.899205
510494d4-1109-4914-9471-385dd1df16b9,gaussian_blur,s5,3,0.588015,0.733002,0.768895
510a4567-912e-4cf1-9b3f-df80e8dfa6ef,shot_noise,s4,0,0.288164,0.396887,0.531163
5123e152-b904-452e-8d1e-e0b5aebe0d70,gaussian_blur,s3,1,0.513710,0.640105,0.786101
51266971-b5f7-4b32-b973-f886c3e65721,clean,s5,2,0.393456,0.529440,0.639694
512b1e8a-1f31-48e4-a7ac-4822afb688ff,clean,s4,3,0.738502,0.838957,0.915574
513a801b-4f3d-4ce9-a92a-c482cd51577a,clean,s4,4,0.556622,0.650734,0.899646
5141440e-727c-48dd-8bac-4e1de4f59f4c,shot_noise,s4,4,0.798061,0.885720,0.904939
5161a995-4a0b-42ec-83e4-5ab85e3b2772,clean,s4,1,0.570423,0.708812,0.787057
5161f1b9-e795-45b2-93c2-827ae54b614d,clean,s4,5,0.624423,0.748417,0.849788
5169c852-980a-4b83-8bc4-9b1a28f3c09c,fog,s1,4,0.435445,0.465495,0.870891
51720266-4f16-41d6-b56a-e9059fb0bbe7,clean,s4,2,0.598506,0.742414,0.773744
5184a526-0659-4261-a27e-96310362b8cf,clean,s5,0,0.652315,0.787562,0.799065
51965841-89c3-4e0d-ae24-77975af7ecfa,shot_noise,s3,2,0.467687,0.483304,0.935373
5198e182-a85c-4ea6-b1bf-601381572df4,gaussian_blur,s4,0,0.712355,0.825772,0.867867
51a5ebdc-3229-4e87-baf8-ba740c797370,shot_noise,s4,1,0.578184,0.716443,0.790128
51a844a1-da7e-46fa-80d4-f9f5044bc25e,shot_noise,s3,0,0.437715,0.466789,0.875429
51af4e4a-fc40-46d9-9925-e5639b25f02a,fog,s3,3,0.427146,0.568896,0.667508
51b03f06-be44-4cd7-944a-92e4968f3665,fog,s4,3,0.626390,0.761002,0.809115
51b081cd-5a0d-4afb-88f7-b4274cdf47da,gaussian_blur,s3,5,0.466547,0.604178,0.717285
51b1b07b-58a8-49c0-9021-cced7e26f95d,fog,s5,3,0.473591,0.642566,0.643346
51b609c2-9858-47bf-8d03-92926b243d32,clean,s5,1,0.655671,0.791884,0.792736
51b72ca1-cdb4-48a6-b619-dfb1f0884faa,shot_noise,s5,1,0.491854,0.657948,0.663589
51b9131d-dac9-4d4a-ae9d-bf57d7b9e02b,gaussian_blur,s5,0,0.771997,0.871322,0.871393
51bf18c5-a793-485a-9233-306fbdbab89e,gaussian_blur,s5,5,0.521926,0.685768,0.686219
51bf4ebd-ff48-4350-8d06-250ff651a79f,shot_noise,s5,5,0.445134,0.609029,0.633989
51c83166-c82e-4166-9893-87b97d7f0171,clean,s4,0,0.738502,0.838957,0.915574
51e25eb8-3841-4efb-8915-e7fbe5bb6470,fog,s3,3,0.638176,0.733902,0.949099
51eb3326-1b03-4399-8015-a24a188a16c6,clean,s5,0,0.417252,0.586084,0.595424
51fd1249-b58d-4ad3-82b4-58b50551a790,gaussian_blur,s5,0,0.720830,0.837733,0.838000
5217ffe3-11c2-4e8b-a139-fa939ec059ab,fog,s3,2,0.497154,0.538730,0.935994
5222fd1f-aa68-487d-8f47-0925f801f5e0,fog,s5,1,0.737872,0.849050,0.849946
52250d51-7af2-4185-9e79-e736b7987c9a,gaussian_blur,s5,4,0.796935,0.886798,0.888719
52281646-13b8-4774-9c83-09beced3326e,clean,s2,3,0.489360,0.494623,0.978721
52310931-a6a2-41cf-94a0-71b128453727,clean,s4,0,0.644853,0.768811,0.850160
52338829-b4f1-4b35-b6e9-7570b432b0af,gaussian_blur,s5,3,0.482386,0.649217,0.655404
52375b56-39af-4d74-b33f-c3913a6bf07d,shot_noise,s5,1,0.489456,0.656070,0.660595
523da279-12e2-42cc-bd66-7cde9dd44f68,shot_noise,s4,5,0.742031,0.849979,0.864819
524fb903-7086-45f9-aad3-3a1e58f45ff5,gaussian_blur,s4,4,0.583299,0.700899,0.856896
52591efe-5d52-440b-8b2a-f0530a537217,shot_noise,s5,3,0.477747,0.611861,0.736059
52594020-3537-43de-b0f7-b97d9e6497eb,gaussian_blur,s5,5,0.506384,0.648257,0.740720
5267ebde-6d07-40ce-8aee-7c1621d0d21e,fog,s4,4,0.220998,0.351914,0.377552
526bf112-5bf4-4ee8-8029-e48e0472613c,clean,s2,4,0.542518,0.600616,0.960821
5275aa12-1385-46c1-bd83-c6ac6ef35ca1,clean,s4,5,0.642917,0.754126,0.898677
5277dbe1-a22c-41d9-b31d-fc4e9be4791a,clean,s5,4,0.748226,0.855500,0.859324
527ba3f6-b8b3-4282-95e5-4f1b7e1dcd1c,gaussian_blur,s3,1,0.469449,0.565484,0.808010
5285587a-1b31-471c-9022-b28d842b6ebb,fog,s5,5,0.484100,0.644385,0.674871
529bd161-1cfd-465b-92ee-1371f147d5a1,clean,s4,1,0.722969,0.830162,0.892505
529fa72a-d02d-4a1b-88fb-38249fcc5464,clean,s5,5,0.643496,0.777199,0.809488
52a32f5a-0444-49ee-aee4-aacf1e2a3590,clean,s5,2,0.684507,0.811046,0.821512
52a93ee6-b864-4cdc-a4a4-8f8df9529ad6,clean,s3,1,0.703400,0.796548,0.970036
52c60800-bba8-4f16-b771-f611587e0435,fog,s4,5,0.420686,0.580411,0.620395
52ccdd17-1afa-46e1-8911-2c02f079d5a4,shot_noise,s5,1,0.713872,0.832925,0.833808
52d6296f-392d-415e-9760-41608c750e54,gaussian_blur,s5,5,0.544407,0.695179,0.737237
52d6b468-1563-4dbc-8054-45678ea4167d,shot_noise,s5,1,0.648792,0.785225,0.795210
52dd4acb-8e57-476f-ac96-4e7939350015,shot_noise,s2,5,0.679479,0.773557,0.966356
52e0ceb3-ed1f-43ce-b9ef-8d7578760253,shot_noise,s5,5,0.706188,0.823454,0.852390
52e66a71-1ee9-4d35-8bdc-c988711ccc37,fog,s2,1,0.536454,0.601567,0.941088
52e723a1-911f-4831-bf24-04cfaa140682,gaussian_blur,s5,2,0.567005,0.723633,0.723851
52ed5aab-b3c7-4acb-b163-196bd8e7d207,clean,s5,0,0.230507,0.318647,0.456853
52f00f43-00b0-4311-bd51-5997ccaf8b0c,clean,s5,1,0.656513,0.791916,0.796144
52f03bea-0a35-4bdb-91c1-483aa9ee4d3b,shot_noise,s5,3,0.624279,0.765001,0.784357
52f2ad87-5af9-49db-9192-b35be3de0cc2,fog,s5,5,0.619281,0.763888,0.769104
52f6fd33-4250-4116-b6d3-bc7735498d18,gaussian_blur,s5,1,0.612190,0.758994,0.761349
52f7d245-437c-45d3-949b-3a038cb2091a,gaussian_blur,s3,3,0.273477,0.408280,0.465351
52f8a1fb-6ad6-4b52-a7fe-0763cbe2bd02,fog,s5,2,0.444064,0.614967,0.615157
52f91aac-1731-4a79-9bd6-3f152675e383,clean,s3,4,0.559138,0.642841,0.925547
53060760-d7c8-44d0-b22f-ae63adf22a95,clean,s4,5,0.621339,0.752954,0.821088
532167b0-87e6-4221-a12b-bca222d8fd31,clean,s3,5,0.471208,0.485177,0.942416
5327c06e-7dee-4770-ac29-5c6e1d443116,gaussian_blur,s5,5,0.315520,0.458056,0.519605
532f0ad2-17bc-4a39-b7e6-fba6303a612a,shot_noise,s5,2,0.336582,0.451354,0.598955
532f8244-6e81-4f5b-aa9d-6ffccfd91fc8,fog,s4,1,0.493189,0.645594,0.702883
53316542-8c9b-47c4-850f-21a4c882178d,fog,s5,4,0.568562,0.724926,0.725024
5349e5f7-867f-47e2-8b4e-473e9523f423,gaussian_blur,s5,0,0.409442,0.579231,0.585200
5350de03-e637-4eeb-8752-c9eeb85cd560,clean,s5,0,0.691604,0.808997,0.863205
53517a5a-cdcf-43da-92ab-dcb05a2d818a,gaussian_blur,s4,2,0.414051,0.583180,0.591488
536218f7-e7c6-4ba9-b55a-f73dbf14521a,gaussian_blur,s3,2,0.465681,0.575169,0.777331
537f9ee5-70eb-44b6-b37e-d079b30f7607,gaussian_blur,s5,1,0.544103,0.698436,0.725685
5388c9e9-1500-4d76-a930-75e20e6611d9,gaussian_blur,s5,5,0.459829,0.613411,0.672829
539215a3-8476-49c7-82ce-f927d3e43ee8,shot_noise,s3,2,0.165645,0.279094,0.291309
53ab5635-a72a-4b9d-a178-c73962b9cd5f,clean,s5,3,0.700989,0.823776,0.826698
53aefa42-ca20-495f-88ca-b112f428b72d,fog,s5,3,0.564684,0.721220,0.723819
53af043b-4e9b-40b2-ac83-010d68c44517,clean,s4,2,0.699765,0.818343,0.851024
53c635f5-6b2c-4c67-850c-a6bc4b58aa31,fog,s5,2,0.327783,0.487742,0.505417
53c8396e-be36-4871-9125-4c6fbeecef7e,gaussian_blur,s4,1,0.708848,0.824809,0.857088
53c86f2a-4645-4ed6-a6e9-06875addaadc,fog,s5,3,0.581372,0.725208,0.771909
53d84cd3-7b5e-4ecc-926e-74ab81115270,shot_noise,s4,1,0.541687,0.657290,0.835280
53e0dbd8-e8b7-4c30-b951-57cc4f8b002b,fog,s4,2,0.597528,0.744551,0.761826
53ef2160-9cb6-48e6-936a-0f6da564c769,clean,s5,4,0.786737,0.880302,0.883472
53f645ab-ae59-41bf-b045-17d0bd30dbf5,clean,s5,3,0.824960,0.903600,0.909120
53fcee03-e296-4a08-9506-d83e68b2d847,shot_noise,s5,5,0.383686,0.460189,0.729455
54002b8e-5d39-4e9c-8a3b-8973f6209aa0,gaussian_blur,s3,3,0.563933,0.658770,0.904048
540ed95e-32fd-4b26-b531-29bf38f1d27e,gaussian_blur,s5,1,0.773352,0.872180,0.872288
5411d36a-508d-4f8e-9d7f-541df5875d7c,clean,s4,3,0.749029,0.846460,0.921952
54162f8b-29bd-47e2-b448-a4ee1d85d4c1,fog,s5,2,0.701776,0.822005,0.840224
5417a296-386a-4b3b-99cb-3b0093416f6d,gaussian_blur,s3,4,0.600599,0.717122,0.868347
5422c7a7-ce80-472b-b9fe-3534259061a3,gaussian_blur,s4,5,0.797233,0.882861,0.924038
542c207e-eeef-41d4-b863-4828e559b345,clean,s4,2,0.579961,0.699430,0.849648
5438f78b-8c8d-4b19-99c8-872b68c81a24,gaussian_blur,s4,1,0.586730,0.707109,0.850293
543bc74e-ca04-4e2f-a6da-a2b7104f83ed,shot_noise,s5,0,0.553779,0.701291,0.751397
543cadb0-9d19-49eb-a1bd-ab03e630c897,fog,s3,0,0.560557,0.676886,0.846907
5443cfe2-05f5-4f13-b78e-879eb569daf3,gaussian_blur,s3,2,0.778209,0.862876,0.965680
54443016-0701-45f0-95f6-976c4e56392a,clean,s5,1,0.697171,0.821497,0.821970
5448e456-4877-47f4-83e5-a888d6ac55bf,gaussian_blur,s4,2,0.529283,0.643507,0.828779
54501743-3a47-4ab0-a9c6-cab504febeba,clean,s4,3,0.598901,0.714574,0.870245
5453a108-1ce7-4ba8-a568-7f275d1261e3,gaussian_blur,s4,5,0.614331,0.749457,0.807556
546b729b-6c19-4683-b2e5-28359bac7f61,gaussian_blur,s5,5,0.312765,0.457096,0.512235
546d5e00-87a2-418a-ab07-979bdcb159ee,gaussian_blur,s5,0,0.563375,0.720234,0.722443
54773f01-2db8-452c-ad70-a302df4d74fc,clean,s4,0,0.480726,0.646796,0.656432
548ef96a-37e0-406f-a6dc-456129d850f8,clean,s2,5,0.489375,0.494631,0.978751
54a420e9-cc60-4982-b378-d63faf17621f,shot_noise,s5,1,0.467126,0.626752,0.663685
54b3f6a9-897b-4cd4-89b3-2dc6cb8fd10f,gaussian_blur,s4,1,0.479501,0.532731,0.895291
54b903bb-15c5-4215-87a2-afb806d16fad,fog,s5,1,0.539426,0.692721,0.727153
54bdb87a-113a-41e3-b25e-b501994a7597,gaussian_blur,s2,1,0.423726,0.465516,0.837936
54bdca4c-7750-43b4-88e2-bf017d138fbd,gaussian_blur,s4,0,0.648194,0.770645,0.855899
54bef256-aa19-4d1b-9baa-3e2b74f58e5d,clean,s4,3,0.563500,0.698054,0.796210
54bf6180-6e58-44ae-8475-2d25729de7cb,shot_noise,s4,2,0.653961,0.775960,0.856939
54c1ae40-6777-4054-8af2-abd0fc38ab60,fog,s4,3,0.477087,0.613233,0.730661
54c46dfb-1936-4a42-803d-d9c948531001,gaussian_blur,s3,1,0.755268,0.845777,0.956512
54ddebc6-5a07-41a6-9d1a-66228653b6dd,gaussian_blur,s4,5,0.681633,0.805045,0.839583
54f17104-41cf-4d22-97cc-44be53c8c648,fog,s5,1,0.642426,0.778723,0.798406
54fb619c-23dd-4309-97cc-4941f23ec9ca,clean,s5,4,0.467384,0.616221,0.691253
54fc8d9e-cd4e-45a3-8502-69729e20333b,fog,s4,1,0.387820,0.556671,0.563899
54ff170f-a4dd-4e58-b6f0-602554d914b0,shot_noise,s4,0,0.640711,0.763681,0.854372
5508bb83-1487-40ca-bb4a-9fe0899e9718,shot_noise,s5,0,0.507214,0.667898,0.688559
550fac46-907d-44bc-9961-9e187d5916f7,clean,s3,5,0.559966,0.635534,0.943968
5516fb3f-8a46-496b-aa48-cf05792b9d51,gaussian_blur,s4,3,0.841044,0.912171,0.930613
552636ee-9db3-4869-a0c6-ea1f8f4f2e19,clean,s4,5,0.716345,0.832366,0.848853
552ad3f7-cc4d-43eb-b797-c2c71036e1d1,clean,s4,5,0.466380,0.584928,0.759376
5540fea4-d9d2-4a0c-9bb8-dbd3618a7be3,shot_noise,s4,1,0.783281,0.871024,0.936219
5541a5da-5c26-4915-a9d5-27b72a5de92d,clean,s4,1,0.641585,0.769082,0.836158
554c151b-9397-4f36-ba9c-cfec1a6aaacc,clean,s5,2,0.562855,0.705014,0.772080
55505b29-2e9d-4b75-b395-9ad0ad2ee132,gaussian_blur,s5,4,0.580552,0.732709,0.741765
5553efe7-b4f0-45ae-88f8-4ac58d0955b2,clean,s5,2,0.612332,0.755437,0.776422
556717c4-f510-49df-81fd-d3c0fbe438cc,clean,s3,3,0.549088,0.660053,0.852662
557bab87-c03a-4eac-a272-b640f31d4d79,clean,s4,0,0.763397,0.863322,0.884139
558259e7-d18d-49bb-bac3-740ffbf2f998,gaussian_blur,s5,5,0.572557,0.728073,0.728603
55839530-ec6e-4c5c-a7e0-e8ea8b947c8a,fog,s4,4,0.451245,0.579296,0.723075
5583d436-cf7b-453a-a932-70378611c097,gaussian_blur,s5,1,0.224763,0.340726,0.406931
558acefb-8f91-45f1-b1bf-d74683d90ec7,shot_noise,s4,1,0.478314,0.635124,0.679952
55acc5ea-f11d-4869-ab9a-19272cdf42f5,gaussian_blur,s2,5,0.366327,0.423656,0.731531
55ad6f35-3c0d-48c1-8600-94520f505229,shot_noise,s4,5,0.688186,0.797957,0.901116
55afbcae-7e15-4355-ad6e-e56aad7550b7,shot_noise,s4,0,0.536711,0.695653,0.707936
55c269ed-d2a6-4a8c-8c12-0022c6f7f9bf,gaussian_blur,s4,1,0.731832,0.840423,0.874802
55dd41fc-b7ae-4119-ae59-de2c4831c23e,clean,s4,5,0.715460,0.818864,0.918418
55e2bb62-c951-48ae-8943-8c91b5e20418,clean,s3,5,0.399547,0.536840,0.644648
55ebb51b-90d0-41ec-895d-3d08554cab46,clean,s5,3,0.551374,0.681819,0.801968
55f9c2b2-60fa-4995-ab54-ff823ac13475,gaussian_blur,s5,1,0.623004,0.762473,0.789797
55ff8075-e9e5-4d63-abac-f062d2e0efb9,clean,s3,2,0.757341,0.850065,0.940964
560c6be1-c3b8-45c2-9736-37de8db14ead,shot_noise,s5,4,0.627191,0.770083,0.774389
560f56cf-3af6-465e-a4f0-6fb69545a2e0,fog,s4,1,0.681022,0.806849,0.827844
5613e187-72df-434e-98b9-6bf219bf8320,shot_noise,s5,2,0.663095,0.792241,0.822365
561c6c60-741a-4d4f-9d85-75378bdf7d6f,fog,s4,0,0.573494,0.685512,0.867045
5629c870-ff6a-4d75-ab4b-9b6af3d5fa57,clean,s5,3,0.316562,0.432860,0.565584
562c3fb6-28be-4365-aebe-0ed3727b02e5,fog,s4,1,0.733696,0.838260,0.896691
563875bb-b13c-42b2-8e9e-3b28e2e7161e,shot_noise,s5,0,0.445010,0.575261,0.711670
563984f5-7d50-4b84-ac9f-c2e31e4047ee,gaussian_blur,s5,2,0.556656,0.687227,0.804613
563b63bd-99d5-4c0b-9b3d-c5e04c18db12,fog,s4,4,0.503497,0.597256,0.849814
5641c8a4-eb38-4643-ac96-5c92afbee5f5,gaussian_blur,s4,0,0.379547,0.447429,0.736324
566a062f-7d20-4d67-8ca3-8dc8c7879064,gaussian_blur,s3,4,0.260187,0.393324,0.445258
566fbfa5-629b-466d-9013-83fdb6c77a18,fog,s5,2,0.647139,0.781979,0.803179
567c2bca-9c11-4284-a31b-36655130b702,gaussian_blur,s3,4,0.451691,0.576337,0.730779
567e5d1d-27e1-48ee-8e23-2029a1f25a24,clean,s4,0,0.624368,0.751462,0.838318
567f3fd2-6331-4801-826f-0ea098a4e847,clean,s5,1,0.653588,0.789446,0.795557
5684a932-3d5e-438a-80f7-2c5f5bcb03f5,gaussian_blur,s5,4,0.431204,0.595897,0.619099
5688b890-6707-4ef6-a168-036702d480c6,gaussian_blur,s4,4,0.322607,0.466522,0.527787
569d59ec-9d0c-4582-b658-28fbe2ed3f04,clean,s4,3,0.582625,0.713299,0.816421
56a4746f-28fb-4338-b866-022cdf77ab7c,gaussian_blur,s5,0,0.655956,0.792196,0.792443
56a749c9-f3a7-435d-9f93-16ccdcddb5ca,gaussian_blur,s4,3,0.566362,0.669022,0.886715
56b86e3f-7e3b-47ab-ad46-0d177af1e58b,clean,s4,5,0.730457,0.842192,0.857189
56b91921-e920-4bd2-88d5-54cf86cd37f4,gaussian_blur,s4,3,0.714273,0.828590,0.860947
56c23ce4-e051-40be-a16e-309c7d20eaa3,clean,s4,0,0.597461,0.737109,0.789493
56e0d8f9-26ef-47c1-938e-0b98db52ae90,clean,s4,5,0.777076,0.869125,0.916054
56e97151-72f0-4174-a567-a9a30efff416,shot_noise,s4,5,0.530084,0.675777,0.745637
56fad8ea-b293-4bd1-8803-7e09d02ad8b9,gaussian_blur,s4,4,0.401183,0.570443,0.577739
57151adf-f66e-4b31-b6c9-3056498c304d,shot_noise,s5,0,0.810325,0.894957,0.897787
571914a7-ed97-4fd1-8c1d-3a610a59df6d,clean,s5,4,0.845281,0.915071,0.928913
5724feb6-49e3-4eda-bc11-de18e3ba353a,shot_noise,s5,5,0.456238,0.593910,0.707093
572af472-ac15-4db0-b735-f975e188d4b9,gaussian_blur,s2,4,0.302789,0.391909,0.584752
5739e61a-d3f3-4bce-a14c-19bc1a0ba9ed,clean,s5,3,0.498208,0.659621,0.681088
5744dba1-cab1-4dee-9ce5-2cb3eae91aef,shot_noise,s5,1,0.261136,0.379125,0.470505
574de146-f78b-495d-9444-7705eecffdac,gaussian_blur,s4,4,0.481107,0.644286,0.664762
575ab275-1c64-4fb9-91a8-e3ea17425034,clean,s5,3,0.368936,0.512089,0.594192
575c97db-9c29-4086-8200-b7e033869ef4,gaussian_blur,s4,4,0.765584,0.861770,0.906731
5760203f-5e1d-4a08-8b4b-8bd073bd6110,clean,s4,2,0.793171,0.876132,0.953488
5766ca5d-4d23-46ae-bc78-8976802cd8eb,gaussian_blur,s3,2,0.474332,0.550986,0.849387
57733d62-5ea8-4f8f-b8ac-58a88f4e5138,fog,s5,2,0.383145,0.487610,0.683628
5781b51f-d866-48b0-9310-c15f35a14161,fog,s3,1,0.264855,0.399570,0.450805
578424ec-0845-4a9f-9414-03d15f4fa450,fog,s4,0,0.534419,0.678122,0.753904
5784badf-3cd6-4809-ba22-f862978f5031,shot_noise,s3,1,0.606031,0.729289,0.848541
57a0f450-7246-4f2c-af07-a71675cc6b22,clean,s5,0,0.442360,0.595011,0.658749
57ad7e82-21b1-4203-bd1f-ba06698f916f,shot_noise,s4,0,0.613881,0.737663,0.848762
57c9e6d6-8d7f-4d23-aab6-c62c0b34fa10,shot_noise,s5,0,0.755082,0.858226,0.876155
57dc3913-5cb2-4085-9bea-9341ef50ec26,clean,s4,4,0.619437,0.759494,0.787909
57e8c13f-4283-47f4-9ef3-d4449dfd8c6e,shot_noise,s4,5,0.724656,0.831707,0.891696
57ed2a7c-d21c-4cee-a50a-ac9b9926c73a,clean,s4,0,0.536711,0.695653,0.707936
57ed7add-ea5d-4a7f-a807-d041b818e9f3,shot_noise,s5,1,0.687331,0.809947,0.839685
57efc9a7-349d-44ac-aa25-7ecb82642f26,clean,s5,1,0.480449,0.645825,0.658187
57f0ced7-17a1-44b9-a4c1-623d892e1d56,gaussian_blur,s3,3,0.459956,0.584076,0.740741
57f2c131-b6dd-47d5-95c9-4f9338c0e0bc,shot_noise,s4,2,0.823562,0.900451,0.931319
57f399e9-d5a5-4b6a-8ef6-0cc67bea2b85,gaussian_blur,s5,1,0.646086,0.774922,0.829755
582e29ab-50e2-4ec4-8828-16e16dc97d98,gaussian_blur,s5,2,0.499800,0.651744,0.708829
58334c8a-3377-4406-a6a7-00dcf287582e,gaussian_blur,s5,1,0.352351,0.486066,0.589251
58364542-5403-46e5-91d0-9ad2e669c16f,fog,s5,0,0.824971,0.902764,0.917748
584db680-20f3-40fa-9032-000069cdfaf1,shot_noise,s5,1,0.780623,0.876555,0.878763
5858f55a-1b4b-40ce-8c5b-1c9ea2f701d6,shot_noise,s4,4,0.718239,0.825356,0.897067
586475a9-23b4-44b8-91bf-d5c34889baef,shot_noise,s5,0,0.670316,0.799264,0.819351
5865e149-6628-4597-866a-355197e9b223,gaussian_blur,s5,5,0.755187,0.858417,0.875376
586c4fad-79f7-4d45-a92e-64228d642e8e,clean,s4,4,0.698299,0.815632,0.858793
58701527-9ae3-4980-ad0e-3a4597daf5dd,clean,s5,5,0.668034,0.797053,0.820352
587f1d53-742a-4394-a423-34ef20f97794,shot_noise,s4,4,0.696522,0.814193,0.858384
5887953e-4d58-47c5-8beb-6c7f70ea0309,fog,s5,1,0.511639,0.660564,0.725157
5888a9c4-d179-4d98-b28f-874fda734e33,gaussian_blur,s5,4,0.585374,0.730030,0.769725
589b4ebe-125b-4747-ad23-e278c086ab46,shot_noise,s3,3,0.586902,0.704680,0.858208
58a7cd9a-8dc9-44d3-9c4b-42c8fa319cc0,fog,s5,2,0.324023,0.401187,0.636853
58b76200-0168-4722-82c8-4fc39346d35d,shot_noise,s5,3,0.821685,0.901322,0.910150
58c7bcb2-6e74-486a-b379-85089b4bade8,fog,s5,5,0.499534,0.664148,0.672517
58ebbbab-bc8b-4cf5-a0e4-673cef49b8d1,fog,s4,3,0.708294,0.819918,0.881019
58f1911d-559d-4a2d-9bb4-90d19ee7afa2,clean,s5,5,0.377617,0.514996,0.616716
58f313c2-93a3-47ca-b146-5ecce02b96e2,gaussian_blur,s4,3,0.718865,0.826684,0.892739
58f4b5b6-b849-465b-b198-647415404f1b,gaussian_blur,s5,1,0.754558,0.858453,0.871830
58f827c5-bb46-4630-8e42-804c21d42a6f,fog,s3,2,0.497418,0.622850,0.774450
5908f69c-7172-41f3-afbc-0ec721d1b5a3,fog,s3,5,0.345418,0.454645,0.621344
590c76b1-3151-42c3-b2d0-c89b6cf36dcb,clean,s4,0,0.734899,0.836775,0.911035
591375bf-9983-4c07-9956-decc40022ed3,shot_noise,s5,0,0.396942,0.535820,0.638278
591b33e2-1bf7-43f9-a503-4f50ca7da136,fog,s4,3,0.787445,0.874321,0.934897
591d0249-5bf3-46ef-847c-b6dc7c500e32,fog,s4,0,0.656776,0.782840,0.838869
59275d8f-3812-4864-af0c-e39add076839,gaussian_blur,s4,5,0.747475,0.846248,0.915611
59323c6c-c2d9-450a-8cfb-9c0bb6ffe4d1,shot_noise,s3,3,0.643244,0.751902,0.907819
593b2321-30dc-4301-a1c0-cc3d1016333b,fog,s3,3,0.749549,0.844002,0.939198
59433aef-fb83-4ede-a6fa-c16ff14bbf12,fog,s4,0,0.494221,0.634150,0.736294
596fce25-a92f-48b5-b2bf-049cf7fdeae7,fog,s3,3,0.676322,0.773241,0.955397
5976da4a-7b6d-4980-b9e3-c92d6170015f,shot_noise,s4,4,0.679938,0.798222,0.865275
5989ccc7-5d3d-4ba9-89f3-113292f2b5cd,clean,s5,1,0.732278,0.845427,0.845600
59983187-7425-4316-920f-530b6c1d00ff,gaussian_blur,s3,2,0.580607,0.667819,0.935891
5999ac3e-f739-4b27-bdd3-0526348a5c16,clean,s5,4,0.730588,0.838720,0.879067
59b1834d-192b-4729-89d2-c8017239dc4d,clean,s5,0,0.714825,0.832965,0.838101
59bdef5f-d6b3-448f-87fd-4b2d20947ec1,fog,s3,3,0.458883,0.555566,0.794517
59c09893-7ab1-4daa-b1cc-de02cb98f2cd,shot_noise,s5,5,0.798187,0.887549,0.889723
59c3bf33-d880-4b2a-9de0-b399e0703616,clean,s3,1,0.762295,0.850519,0.962773
59c53098-edc0-4530-85ca-ada028c799db,fog,s5,2,0.201688,0.321183,0.357024
59cbca12-e74e-484c-9d23-82ae620df81f,clean,s5,0,0.798078,0.887540,0.889131
59de1f5e-0ecf-463b-8ba0-8f8d926589a2,shot_noise,s4,5,0.604138,0.750335,0.764799
59ec596a-6fb6-4f03-a690-a12c13a02b7c,fog,s5,0,0.656563,0.789143,0.809461
59f2869d-ab69-4c73-aafc-e0b9651abe6b,fog,s5,4,0.627995,0.770881,0.774177
5a025afd-c412-4074-b960-3b77106ac17f,clean,s5,5,0.437143,0.607755,0.609865
5a0ba7e5-22c7-4cb9-976f-a19938705750,gaussian_blur,s4,5,0.721017,0.832649,0.869253
5a124de1-8088-47fa-be2f-e1459cf35cc6,clean,s5,1,0.677660,0.805862,0.818172
5a14c976-eca5-4988-919b-f80cc79df1b3,gaussian_blur,s5,0,0.363705,0.524436,0.552272
5a16cb40-a694-47af-8794-30f258f48682,shot_noise,s4,3,0.756415,0.855407,0.902192
5a1f6b2c-249f-4ed2-b895-535d0101b2e3,gaussian_blur,s4,4,0.558289,0.685538,0.815131
5a2b6c66-f9bf-4831-a8ed-401f09133e9e,gaussian_blur,s5,4,0.494515,0.651093,0.692384
5a336249-0451-4474-918f-477a23c1bccc,clean,s3,2,0.388888,0.505088,0.670949
5a3daee3-9a81-473e-9b6a-ed47b0324c7d,shot_noise,s4,0,0.527234,0.662282,0.773829
5a4548fe-7aa5-4c50-b412-aede2affa4e0,gaussian_blur,s5,4,0.371769,0.501460,0.623402
5a46b221-94df-4cfd-bde9-ec4a174324c2,gaussian_blur,s5,3,0.330097,0.477810,0.531856
5a49d1f4-73f9-4d31-91fd-2c35786d962d,fog,s5,0,0.664841,0.798678,0.798715
5a4dcdd0-c71c-41f5-b9cf-16eca64ad4a9,fog,s3,1,0.709393,0.810870,0.931109
5a6aaf03-c40d-4a4c-a328-a81df0f94d5d,clean,s4,4,0.683068,0.798119,0.878939
5a6aceac-0077-41b7-a925-7712925dc1bc,clean,s4,1,0.744018,0.847522,0.890611
5a6f3489-4b07-4976-a2ce-b0f6dbb2b3f1,gaussian_blur,s5,2,0.631729,0.772114,0.783925
5a6f51cb-0da6-4962-8b38-0c5fe668ff5a,clean,s4,3,0.711505,0.819234,0.898949
5a809cff-9504-46d6-a47c-120e33efea11,fog,s5,5,0.258388,0.408018,0.415135
5a826960-74fb-433a-934a-1bd6c86b993e,shot_noise,s4,2,0.550492,0.647249,0.888224
5a89f9ba-5d28-4b43-8114-c1a666d2e7dd,fog,s3,2,0.774534,0.860098,0.964763
5a8e63f9-baeb-41ee-bc75-3b261305cbd4,gaussian_blur,s5,3,0.710776,0.830511,0.833472
5a9e3404-81af-4c8b-9207-db3ed8c538d0,clean,s4,0,0.648480,0.762953,0.887195
5aa610d1-9da5-466e-a9fb-307d38f74094,shot_noise,s5,4,0.571594,0.723228,0.742507
5ab13048-9e64-4532-b037-e3f658d6adc8,clean,s4,1,0.579522,0.721296,0.778640
5abf9e54-095c-4d04-a3e7-73f022a468da,clean,s3,2,0.692760,0.786355,0.968945
5acbd3b8-840e-426b-a00d-cb90da8f9dfb,fog,s5,3,0.320284,0.452500,0.544853
5ae1603c-ae1a-4a99-a0d0-7b75af1a9a1f,shot_noise,s5,2,0.442654,0.556293,0.742970
5af41a21-91da-4830-8c21-291a599b4105,gaussian_blur,s4,5,0.566842,0.666020,0.895796
5b057139-3caf-4dd5-8110-7054bb6e89d2,fog,s4,0,0.655996,0.782663,0.836459
5b100ce2-4c9e-4265-ad39-d3877716465a,gaussian_blur,s2,1,0.511080,0.578145,0.909459
5b1bc3e0-c6a5-41b5-b6b9-af2c621f225f,fog,s4,3,0.443714,0.535105,0.785861
5b290fce-96e9-4a06-be1e-7f0dc6a30d39,shot_noise,s5,1,0.747906,0.855261,0.859320
5b29772f-ec98-44b9-a9a8-4e9c43a9e607,clean,s5,0,0.669089,0.799833,0.811279
5b2a9708-fc4b-49f7-b6ac-b0f0b30b086b,clean,s3,5,0.605397,0.726236,0.856357
5b2c332e-f11d-4357-a8a4-34839f807cdc,gaussian_blur,s4,0,0.695025,0.811933,0.863377
5b30dcb1-6ca1-41ee-964e-080604ad0722,clean,s5,2,0.713737,0.832472,0.835872
5b38ce25-2799-4b00-9308-759325052636,clean,s4,0,0.353435,0.504613,0.557937
5b3bc2b0-b8b7-443b-891e-1e6b8850b989,shot_noise,s4,1,0.661071,0.776219,0.884163
5b3bdfe0-e3f5-4606-8d91-c0ec623fa945,fog,s5,4,0.542365,0.684780,0.762011
5b410611-a076-4de9-9651-0ef5c7972738,clean,s5,2,0.805172,0.891248,0.899657
5b4167be-de04-4712-bb56-9a49bf87ccbf,clean,s4,0,0.611773,0.737836,0.840354
5b44822c-2f51-4408-944d-71ed8937de60,clean,s2,4,0.471976,0.485584,0.943952
5b488ebd-18c2-472c-8b70-19056c3b6c34,shot_noise,s5,1,0.823082,0.901410,0.918651
5b48dba1-37fb-482a-a497-b9e5af6b8944,shot_noise,s4,0,0.525472,0.680952,0.713936
5b5bcb1a-92a4-4128-be35-f052ce2ebefc,fog,s3,3,0.529841,0.609889,0.904885
5b6b9d83-1495-4640-8a62-fb31526c6990,clean,s3,4,0.762295,0.850519,0.962773
5b738b08-2271-460d-9490-b8940243c161,gaussian_blur,s4,2,0.644897,0.768225,0.852693
5b7c328b-c7a4-4edd-94c6-9e771779a415,shot_noise,s4,0,0.763815,0.861099,0.902060
5b816a26-ca7e-4c0e-843d-c5804bcbe974,fog,s3,2,0.468060,0.483503,0.936120
5b88b276-f1f5-4764-904f-211415a8d335,gaussian_blur,s5,0,0.746180,0.854586,0.855035
5b935221-e4b7-47a3-8320-26e0bd843d09,shot_noise,s5,2,0.412669,0.540177,0.680065
5ba046fa-a3d5-4ab8-9095-d5bc907ec3c7,fog,s2,5,0.425191,0.514893,0.765275
5ba95572-6542-4bc4-b9ea-cdf49075ffcc,shot_noise,s4,5,0.672638,0.795468,0.847388
5baa5f9a-0de0-48c9-850e-7f4bd8dc5d3f,fog,s4,2,0.337817,0.493759,0.527285
5bac81cc-6a7c-40eb-b057-a3738a52d16e,fog,s5,0,0.747790,0.855260,0.858725
5bafa761-5544-4539-9fd6-ffe10ed6abf9,fog,s5,4,0.217861,0.352511,0.365909
5bb09476-b097-4c51-9333-aa86541b4676,clean,s4,3,0.347109,0.492033,0.561221
5bb11c39-ec6f-4817-b8f6-ced802c1d6c6,shot_noise,s3,4,0.695700,0.799493,0.925544
5bb671d4-d7cc-4572-8e1e-2bd838065ed6,clean,s5,2,0.747681,0.854426,0.863875
5bb84148-5a39-4c47-b4c4-0e31b326d202,shot_noise,s4,1,0.491225,0.637346,0.718037
5bda542e-b37d-44f9-8289-f612ef4d1b41,shot_noise,s2,0,0.681447,0.771426,0.981706
5c0236d3-a947-4fd4-9668-28eac852b17a,shot_noise,s5,3,0.763995,0.866166,0.866535
5c165b14-57ce-4efa-8d5f-fbb329f09e9e,gaussian_blur,s5,5,0.670290,0.801466,0.808331
5c2cc1e1-0d19-4801-9140-e3c2ef9193ab,gaussian_blur,s4,0,0.312645,0.472843,0.483029
5c416c3b-a1eb-43ce-9d4a-c3e7f929b5bb,shot_noise,s5,4,0.343897,0.488799,0.556767
5c48ceb4-d4c1-4b85-bd48-25336ddcd78d,fog,s4,3,0.728788,0.833441,0.901233
5c5c5761-f759-49e5-a8a2-435bcdd0b148,shot_noise,s4,2,0.455498,0.514508,0.855339
5c665bc6-67ec-45ca-988e-81dd366ff95a,shot_noise,s5,2,0.381711,0.475282,0.699717
5c68f3db-4566-4c24-aef9-e570f7abbc9b,shot_noise,s4,2,0.626620,0.762774,0.802843
5c7797d8-b057-4951-8b51-7456c3ad4d12,fog,s4,4,0.407307,0.548170,0.646739
5c7dac3e-c5f5-4a7d-8d15-6624c55bcb92,shot_noise,s3,3,0.510527,0.617984,0.827720
5c88036e-726e-437a-9222-7d82b5244302,fog,s5,1,0.589727,0.741908,0.741979
5c919ecc-0f04-4c94-9f41-9f56488a6c5b,clean,s5,2,0.492751,0.652744,0.681640
5c923d61-130e-4e4b-a91d-50b749e5c47a,fog,s5,0,0.318675,0.465368,0.516917
5c9b77fa-95f7-4f58-be1b-b942d8dcee54,fog,s4,5,0.317635,0.474798,0.496085
5c9b7894-6119-4a0c-9d75-fe1f3404042c,clean,s5,4,0.653184,0.788455,0.798523
5caaaaae-733d-47f3-a01e-497cd3933245,clean,s5,0,0.356151,0.510243,0.555856
5cb6e382-b2c4-4cee-a832-4498513b953e,clean,s5,2,0.638214,0.772031,0.810425
5cb818ba-32ff-4956-88d7-1aa7327e3ed8,shot_noise,s2,5,0.528571,0.590699,0.938080
5ccf9406-4305-4180-9d4e-87f47090382b,shot_noise,s5,5,0.538167,0.690338,0.730148
5ce04e7d-57e0-4128-aeca-7a87d0865796,gaussian_blur,s5,3,0.449062,0.617344,0.626208
5cfd8695-0c91-42c5-94e5-c2fbab4fb8c5,fog,s4,5,0.398031,0.540951,0.631429
5d007ba1-4593-4d31-a036-70d355b00899,gaussian_blur,s3,3,0.622004,0.734926,0.887796
5d12f111-2c87-47e3-b9cc-423ace702182,clean,s5,1,0.743190,0.852678,0.852679
5d30255b-63d5-4d65-8238-0012def1dad9,clean,s5,3,0.691475,0.816940,0.821203
5d352353-850b-4762-9729-fcfa57bb2234,clean,s5,0,0.714289,0.832847,0.836261
5d39b62d-beaf-49aa-a358-061fe1f16d41,fog,s5,2,0.642246,0.781406,0.785584
5d3c4b8e-74f4-46d5-b42f-21852c1f0e16,shot_noise,s4,4,0.581417,0.719608,0.791315
5d3d6114-eb91-4eef-ac91-12b47d2834ff,fog,s5,1,0.710572,0.830692,0.831440
5d3fc770-e284-449e-8df9-468d93e2a411,fog,s5,5,0.675881,0.804959,0.815003
5d4a2686-01fe-485b-a667-5eedf0f95a4a,clean,s3,0,0.623928,0.715212,0.955246
5d52f34c-c40d-42cf-a618-64030411db3c,fog,s3,5,0.429632,0.558980,0.696405
5d5459f3-6df4-42f9-84df-11d4b05913d7,clean,s4,0,0.761399,0.856181,0.922651
5d81fe2c-5302-4571-ab83-79ae1ebd0403,shot_noise,s3,1,0.508483,0.629087,0.795696
5d82956a-a856-4ce9-81c1-7c38d9cb25cc,fog,s5,2,0.617505,0.763449,0.763861
5d8971bc-9e5c-4e61-b25c-794ee596a186,shot_noise,s3,2,0.500311,0.560304,0.909471
5d8d5c03-2226-4155-9216-759db95d57f6,clean,s5,0,0.731940,0.844022,0.852938
5d964639-4349-4e78-9a3c-a1cb9f9699bc,fog,s3,1,0.703176,0.804764,0.933077
5d9657af-344f-44db-8398-f8141e756573,shot_noise,s4,4,0.301311,0.420319,0.536869
5d969a70-8f9a-440b-a5b7-d1fb18413d6d,fog,s3,0,0.560004,0.635580,0.943989
5da77713-a9cc-4942-a4b5-1d3cf628f1ee,shot_noise,s3,4,0.477153,0.611022,0.736080
5da8c612-7cf8-4e5d-b1e0-e2a10ceae415,fog,s5,2,0.371563,0.541794,0.541845
5dab1558-c868-4a60-b40d-adefa693e87f,fog,s4,5,0.447060,0.605737,0.648704
5db5d320-c6c2-4991-96f2-42096a6c1fe1,shot_noise,s5,2,0.656937,0.791942,0.797815
5db9567c-5360-40f0-8d15-2010357d1ec6,shot_noise,s4,5,0.597823,0.720413,0.848030
5dc270b0-68bc-420e-be20-12d685dd1d1a,shot_noise,s5,2,0.303574,0.399963,0.575405
5ddd0be5-0cd2-4d79-a770-c2a705ae6af2,clean,s4,4,0.576474,0.708232,0.810565
5ddd782a-4421-49a3-97e6-8dc084a2ccb9,clean,s5,4,0.348623,0.502132,0.546880
5de53b23-dfe6-4a09-b396-e8ee7e5cb5fb,shot_noise,s5,3,0.735341,0.847445,0.847778
5de55d24-ff32-493e-a316-05273a74d68f,clean,s3,1,0.630434,0.726378,0.944939
5de5a35b-07db-4d34-b2f6-1f1d7f958f94,gaussian_blur,s4,5,0.762979,0.856735,0.927129
5deb1def-6b07-4a32-a6ef-5dd712486da1,gaussian_blur,s4,1,0.408146,0.479534,0.772132
5ded5282-3983-4646-bbfd-8780a6bb99ca,gaussian_blur,s4,4,0.513930,0.619194,0.835815
5e022951-1db9-4d67-a623-558b47b6e0af,shot_noise,s5,1,0.638524,0.776344,0.793003
5e029b76-02ee-44e2-9cad-a6625087ae8b,fog,s4,0,0.737550,0.841949,0.893275
5e035b98-26df-4206-883e-c041acc99ac3,shot_noise,s1,2,0.406036,0.461068,0.793718
5e03cc0e-9f5d-4dd6-b7e0-200e08c1a42d,clean,s4,5,0.723844,0.831954,0.886501
5e050b76-4a78-4301-8bbb-69c5e683f031,fog,s4,2,0.244595,0.392850,0.393381
5e067df5-cb0f-4d53-acbd-1813931a363d,gaussian_blur,s4,1,0.730989,0.828572,0.938037
5e06e796-9c2f-44e2-a7ff-7a554ba78b36,fog,s5,0,0.849389,0.918019,0.925184
5e07da9e-2ab3-4a59-a9b9-8d294fdbf58e,fog,s5,2,0.787124,0.880609,0.883184
5e173054-a49d-421c-a317-7551c9d15b81,fog,s4,5,0.675184,0.803268,0.820506
5e1b5fe9-4110-4a19-b22e-5a014b60b76c,gaussian_blur,s4,5,0.450035,0.548447,0.780785
5e23ceab-cf5a-48e9-88f4-af91a812a617,fog,s5,3,0.604653,0.751860,0.760736
5e247776-670c-4ade-bd48-567b1a41530c,gaussian_blur,s4,3,0.512017,0.657153,0.735922
5e33e106-3be3-4aba-8d53-3b68a243fb4c,shot_noise,s3,4,0.246602,0.379688,0.421352
5e375994-cb83-46c5-aefd-053662d98ee6,gaussian_blur,s5,4,0.489298,0.656927,0.657547
5e48e222-b360-4447-a216-7e646a160ea9,shot_noise,s4,5,0.505967,0.650966,0.732069
5e522606-d327-403d-bcf8-a32286726ac7,fog,s5,1,0.566079,0.721957,0.726405
5e67602c-aad0-48a1-8492-62c8689e17a4,fog,s5,2,0.480628,0.648617,0.650942
5e6a8eba-683f-4a99-a9cb-2be4630cfb0a,fog,s5,5,0.705195,0.826715,0.829411
5e71513e-69c5-490c-9626-10377e0001ea,fog,s4,5,0.482375,0.589460,0.800261
5e731fc2-fa91-4f72-9b01-21359d7b1693,shot_noise,s5,5,0.498720,0.624263,0.775350
5e889ff3-4b14-4ff3-9f0c-de87dc980c7e,clean,s5,2,0.716812,0.832188,0.852101
5e8caf8a-1b98-4c55-ac82-3bc2c70491aa,clean,s4,1,0.479768,0.568671,0.833367
5e9fd4b5-955e-4a4a-a9e7-f418037d9726,clean,s4,5,0.525472,0.680952,0.713936
5ea12f82-925e-4e25-947b-b0357c07c0f9,shot_noise,s3,0,0.674077,0.780086,0.920021
5ea9f320-acf4-4c10-9ede-db7d7d3985b5,clean,s4,5,0.704435,0.818227,0.872603
5eabd575-9115-4faf-b558-b2ea5b10d7a4,shot_noise,s5,3,0.596103,0.740305,0.772528
5eacbff5-b0fb-405a-88fa-8106ca006979,clean,s4,0,0.428578,0.593747,0.615413
5ec2afca-da75-46aa-9d07-cc396e580ec0,clean,s4,5,0.737602,0.840575,0.901760
5ed2c056-5f02-4256-9b82-491057462445,clean,s4,1,0.773020,0.869212,0.893157
5ed306b7-bd77-44f4-a824-e80c724a9133,gaussian_blur,s5,1,0.492301,0.634026,0.730181
5ed54c5d-65c0-4506-a2b8-fbc79dd01f9d,clean,s4,4,0.614015,0.750037,0.804128
5eda156b-5053-4da1-81a9-0d4b165dc07d,fog,s3,2,0.489216,0.616085,0.763616
5edbb768-fd98-4d15-ba91-43ce9c1b0e70,gaussian_blur,s4,1,0.452117,0.568224,0.748869
5edd1393-159a-4266-a875-3834a16ca360,clean,s4,2,0.400803,0.486464,0.739291
5edf6a13-08f1-4565-adf9-cfbe0be5aa8f,fog,s4,4,0.519181,0.674406,0.711437
5ee45b72-16d3-4574-b6f2-77508ae3a0f1,shot_noise,s5,1,0.793247,0.884675,0.884967
5ef301a5-32cc-4cf1-b8a7-8b154082242d,clean,s5,3,0.491558,0.642261,0.706246
5ef571df-fd81-4b4a-9947-29386dc3f87a,shot_noise,s5,4,0.717904,0.835128,0.839807
5f02ebee-15f3-4d19-baed-cdd302a67a79,clean,s4,5,0.541144,0.673433,0.790544
5f03af05-5c51-4d7a-8c43-214aca42a4fe,fog,s4,4,0.550357,0.694783,0.759749
5f0a9710-e92c-49e8-bb67-7378d086ec06,shot_noise,s5,3,0.428411,0.562113,0.686006
5f0bf3e2-c0ee-4999-92ab-468e186debc5,clean,s5,0,0.614822,0.759576,0.769365
5f1c3b52-3c6f-4672-bc80-07b95bceb418,gaussian_blur,s4,5,0.434459,0.588840,0.646864
5f25b588-c1d7-4a4a-8b76-53517ca43323,clean,s4,1,0.655146,0.787291,0.812128
5f2c2e27-1907-4e69-8266-16a4ff8978b6,fog,s3,5,0.108784,0.194854,0.197920
5f2facaf-a66e-4bc5-9bbe-a86c1bc95727,shot_noise,s5,5,0.569918,0.720453,0.746060
5f35f35c-8324-48ed-8a3b-dee691879a36,clean,s4,5,0.557762,0.712487,0.728697
5f41e775-795c-459b-89d1-3915bc2fb08e,fog,s5,0,0.485330,0.650459,0.662192
5f47e149-c09b-479b-89e4-371b98e80f20,fog,s4,2,0.751173,0.851375,0.901871
5f4b789e-743c-4410-a23c-46aea5912480,fog,s5,0,0.542556,0.701924,0.708571
5f4c7c26-43b8-4b06-96ba-ff2575696e5d,clean,s2,2,0.524806,0.595373,0.918162
5f4dd5e6-5e23-424e-8971-602984f14763,shot_noise,s4,3,0.276977,0.388937,0.507221
5f5144a1-1b18-42d9-afd9-417accbb912f,shot_noise,s2,0,0.662266,0.758037,0.957123
5f5ff0a7-11fd-4e0e-89c0-d6d86528a501,gaussian_blur,s5,4,0.782758,0.877730,0.881520
5f64388e-c358-47c1-b666-ca8dea905cc0,gaussian_blur,s4,1,0.515051,0.660770,0.736341
5f6ad1ce-01d9-4b3e-91a7-ccaf87a18c4b,gaussian_blur,s4,4,0.461967,0.520352,0.864709
5f7acd7a-10a0-49e9-aed2-00411bffc7b2,fog,s4,3,0.586871,0.735007,0.757211
5f7af9e5-9223-4403-994d-89603a10cd30,clean,s4,1,0.874166,0.932106,0.943951
5f7d7dbe-5147-474e-b70f-4414a92ea631,fog,s4,1,0.683016,0.801982,0.860517
5f822fb6-de40-4346-81f3-4948e87cc1a1,fog,s3,3,0.113799,0.203692,0.205163
5f82f116-0cb7-4355-8448-40ccd1411094,gaussian_blur,s5,4,0.466671,0.624191,0.668768
5fb18093-501f-4b12-95e3-953252b99c8e,gaussian_blur,s4,3,0.795815,0.880236,0.936933
5fb38fa2-0037-41b6-aa41-507a8108dc24,fog,s5,0,0.684903,0.812960,0.813136
5fb65e1f-a976-4720-af3f-8357369dfcac,clean,s5,2,0.747790,0.855260,0.858725
5fd27a02-c9de-4958-97e1-fa699b7e08ad,shot_noise,s5,0,0.665606,0.787730,0.853440
5fd27c23-de54-4f06-b67a-f033ade4311a,shot_noise,s3,5,0.576671,0.701228,0.832841
5fd439cd-cf85-47c6-9dbd-3d59c4a669e4,fog,s5,3,0.335235,0.500609,0.505195
5fd59125-c325-48f5-8318-e3c5b415f5de,clean,s5,0,0.798631,0.888000,0.888423
5fd5f33a-310e-4039-ab1c-318ea9d37322,clean,s3,5,0.372501,0.490225,0.645952
5fe53a61-e5e9-47e7-b977-4d7b8f1fba3a,gaussian_blur,s5,5,0.584747,0.727520,0.776315
5fea6be9-cf98-4ad4-8d05-800c764023c3,fog,s4,4,0.801657,0.887469,0.911605
5feb517c-fd4e-4a7c-9444-1600a9e9456a,fog,s3,3,0.531999,0.636915,0.853160
5ff74b39-65b0-4c3f-87d7-a15632ce8de1,fog,s4,4,0.622684,0.764651,0.779470
6006b46b-03b6-469d-b918-54c025e93155,shot_noise,s5,4,0.454789,0.617557,0.645291
600dc339-80d7-4fe4-bc0e-6fbf2458dcb4,fog,s5,2,0.564356,0.720844,0.723936
6014f325-0554-4075-a828-f5718bb80ee8,shot_noise,s4,4,0.367489,0.536985,0.538501
601aa8a0-396e-4a4e-b40a-ee2f72b4438c,fog,s5,1,0.581474,0.735295,0.735589
601e5e72-cd5e-45f6-a215-71f7829a2593,gaussian_blur,s4,3,0.549556,0.674333,0.816703
60243aa2-2837-4d43-be9f-d77fa72f3ebc,clean,s4,4,0.814871,0.893771,0.937744
60286058-ffed-43d2-bd5b-7db7be4a4801,clean,s4,1,0.652116,0.774589,0.855280
6029bec2-ec64-4e49-9912-cb0215411f70,fog,s4,0,0.584891,0.718743,0.806847
602a4ab6-073a-43b9-95da-95d7fbe82972,clean,s5,2,0.396836,0.565447,0.574512
6033dfc8-4f06-402e-a580-a3a3ff5efadd,shot_noise,s4,5,0.653493,0.769950,0.879502
60379382-3b38-4229-b144-7acb7f7c4b26,clean,s4,3,0.683126,0.804903,0.846752
603c0fe8-aa6a-4cbd-8e90-f1d75964c785,gaussian_blur,s5,1,0.275303,0.404661,0.477237
6053d89e-4996-46bb-ad94-0b250c9549a5,gaussian_blur,s3,2,0.506546,0.627732,0.792608
605651e7-2055-4d03-9c12-77eda7478851,shot_noise,s4,0,0.246012,0.385560,0.410047
60569ae5-eeca-45d0-82cc-ea1b95757cde,clean,s5,5,0.572674,0.723503,0.745557
605b99c5-dc5e-4c9a-bde1-b581f4c4d0bc,clean,s5,2,0.669178,0.797335,0.823861
6063e2f6-8e53-4057-a082-3636e066471f,shot_noise,s4,2,0.661654,0.773586,0.897056
60714333-c759-4f8e-96a1-dbf4899857a4,shot_noise,s4,4,0.585780,0.701270,0.864390
607df255-e409-4735-bf96-e53afa0bb9c4,shot_noise,s2,0,0.485171,0.492474,0.970342
60872464-4db6-4451-bd35-72a45f9eba90,fog,s5,4,0.534842,0.693179,0.709175
60897733-76c5-44a5-97f7-f28b7f246069,gaussian_blur,s4,2,0.281337,0.426826,0.460598
608b401b-8f11-4096-bd2f-0fba6f0c64c4,gaussian_blur,s5,0,0.548903,0.680075,0.798437
60a82326-6db6-4717-8540-dc2859a52c1d,clean,s4,4,0.672748,0.792610,0.861033
60af3505-8e3f-4738-af34-80fc02bbcc22,gaussian_blur,s4,2,0.266777,0.410869,0.438709
60b14f9b-f002-4051-96cd-dd1c797e7fb2,fog,s2,0,0.617515,0.709139,0.950555
60b21a9b-db3e-4013-8a8c-f4bdddd062c2,shot_noise,s4,0,0.793171,0.876132,0.953488
60b4fdc5-99e6-46f5-ac25-eea68e85552c,gaussian_blur,s3,3,0.537868,0.670482,0.787556
60bcde50-474c-4eb3-a605-9b87f8d04501,clean,s1,3,0.409831,0.457520,0.809730
60c6e505-30c1-4dfb-808f-a8f0256ae99c,shot_noise,s4,0,0.718707,0.821397,0.919970
60c6f9c4-8259-4bb2-aaac-0352a491fcb1,gaussian_blur,s4,0,0.691822,0.808571,0.866276
60cd2f89-a57f-4b9a-9a0a-1ad950925d4b,shot_noise,s4,3,0.841336,0.912439,0.929739
60d06c1e-b5e6-464d-929f-9a2641f2af02,clean,s4,2,0.593675,0.723822,0.821862
60e907b2-3bcc-452f-af9f-d9b62ad714d7,gaussian_blur,s5,3,0.230507,0.318647,0.456853
60efd95c-bbbd-4185-b72e-78599298e13f,shot_noise,s4,5,0.717291,0.826994,0.883819
610d4947-ff0c-4566-b5da-8dab4d209e38,clean,s4,5,0.566006,0.702444,0.791499
6115d49d-a591-447f-a99c-b476482925c3,shot_noise,s5,3,0.488634,0.642250,0.696282
61245488-ae48-4ff1-aa1d-c0b0407368ca,clean,s5,5,0.769966,0.868657,0.880523
612a631a-fb51-4184-8a74-983fa21be5b3,shot_noise,s4,1,0.400377,0.496207,0.721888
61327c7b-0737-4073-affd-f01075803b9e,clean,s3,4,0.733951,0.831376,0.936645
61364860-8aff-4c8e-8205-2aa51c4ec74a,shot_noise,s5,1,0.770482,0.869029,0.880560
614a14a0-6058-4820-bb97-a9f9388935ff,shot_noise,s5,1,0.479726,0.643676,0.661652
614a89f3-a685-49f1-bf23-3b2e1917224d,clean,s5,3,0.355885,0.480408,0.610672
614d3800-b975-4bb2-8654-4c7272dbef5a,fog,s5,4,0.318417,0.483002,0.483083
614d8560-51a6-40cc-8996-bd84c638d2f8,gaussian_blur,s3,1,0.625388,0.723514,0.935936
6151dd50-feeb-4b99-a931-4d83ec9b681f,gaussian_blur,s4,1,0.807705,0.888201,0.942139
6160f642-9c47-4566-a927-74805b342fbc,shot_noise,s3,1,0.790668,0.873507,0.958921
616cac5e-670f-40a3-9bd0-10970d1f510a,clean,s3,1,0.381355,0.519416,0.620253
6176fbac-b163-4a31-b638-69bad951d766,shot_noise,s5,1,0.819927,0.900997,0.901638
61770ef8-2380-4807-b88e-bf9d048baa55,fog,s3,0,0.584661,0.707959,0.840427
617b108b-4618-469b-97a0-7ba60d4b164d,fog,s2,3,0.503788,0.543944,0.946485
617dfd2d-f4fd-4add-b0d9-11a67e0fb116,shot_noise,s5,3,0.665741,0.794752,0.821654
6189972f-4bfa-4e39-a80f-d38828a21d9a,clean,s5,5,0.400447,0.552700,0.614775
6189bf9c-9864-4ca3-9fd4-81e1d79f2201,fog,s4,1,0.710499,0.828719,0.842613
619fa164-4a16-40f7-9ca6-eb8cff1de645,gaussian_blur,s4,3,0.581457,0.713477,0.811659
61a79bdd-f877-4311-b664-02ac939cf588,fog,s4,3,0.745692,0.842054,0.932000
61c7e018-cf95-4349-9d26-c0087d780a7d,clean,s4,0,0.875395,0.932818,0.944574
61d1088b-ba08-497d-b721-35f4655a6cd9,shot_noise,s4,2,0.623557,0.750474,0.838923
61d7dcda-94e2-458d-9c2a-2ea9fbcc8415,clean,s5,3,0.535068,0.695464,0.702586
61dbf6ba-360e-4437-83f7-4ca8f8ed858c,fog,s4,5,0.632458,0.766306,0.811430
61e0561b-8c61-4095-888a-1640822737c2,fog,s5,2,0.412761,0.577883,0.599611
61e0fa40-cf0b-447d-a2a6-07254e2c7952,shot_noise,s4,3,0.678368,0.796229,0.867931
61e8cee5-4028-4a78-aebd-12c663f628c1,fog,s4,5,0.400569,0.570595,0.575301
61f2f5c4-b6b1-4c83-b237-446f55e3089d,shot_noise,s5,0,0.716354,0.833938,0.839562
61f5d9e6-befa-40d5-b3f4-fddaa3698113,clean,s4,4,0.653510,0.782898,0.825243
61f7a5e3-a08b-437f-b9b8-fc12c9920a3e,clean,s5,1,0.668034,0.797053,0.820352
620b4610-97ec-4358-aa55-a96b1f28088c,shot_noise,s4,2,0.587085,0.709413,0.844496
621428d0-c221-438d-9413-c563ba7cbbbe,shot_noise,s5,0,0.604676,0.750522,0.766149
6219b61b-09ba-4c16-ab0e-51cab8983c57,shot_noise,s4,0,0.476219,0.643724,0.649296
6233e8cc-6b4f-4565-968f-09f9bc397bbf,fog,s4,0,0.608025,0.735893,0.833273
6238dd5e-cfc8-4290-a1de-4f31b6ba097f,shot_noise,s2,2,0.654646,0.744265,0.975131
624b1576-6564-46c0-acdf-16a42528106e,shot_noise,s4,3,0.433307,0.568132,0.689125
625528b6-5f11-4084-b008-5919875f46e5,gaussian_blur,s4,0,0.685056,0.806018,0.849584
6264ec02-4490-4739-a70b-33dc67688ea1,clean,s5,5,0.738263,0.848093,0.858203
62692213-3b61-4156-aa96-bd1e3c8d5035,clean,s5,3,0.747207,0.855184,0.856229
626a468a-d380-4bd3-b131-29ce50b8fc6a,fog,s3,1,0.480179,0.617188,0.731423
628378d8-2c7c-43ec-b3ea-ba43f4d7a0ac,clean,s5,1,0.631719,0.774202,0.774725
6285b009-7861-469f-8e6b-4d6d883f8fc8,gaussian_blur,s4,3,0.661156,0.789360,0.827634
62899e89-4c57-42ad-b8a2-0b46787510b6,shot_noise,s3,5,0.581602,0.673248,0.925850
628cec71-d7d7-4544-b338-72d344af4164,fog,s5,0,0.528591,0.674606,0.743850
629abec0-3e14-4ade-a1ea-e15ce12d55ab,shot_noise,s4,1,0.346779,0.493547,0.557285
629cd601-0946-4215-a649-bb7414b1f314,shot_noise,s4,1,0.314803,0.460235,0.513365
62ad5187-2724-480f-a391-6be94c431594,clean,s4,5,0.577160,0.722279,0.766534
62b181e5-18ab-4948-a432-5b836d13f601,clean,s4,2,0.856288,0.921631,0.934705
62bb7599-fa09-4592-b674-ca41742d8a35,fog,s4,0,0.691495,0.811237,0.851397
62bc3832-b9ae-4e86-a711-8570de0350df,gaussian_blur,s5,3,0.574966,0.724210,0.751601
62c07067-d9b4-4152-80fd-2823484e55bb,fog,s5,5,0.646686,0.781913,0.801606
62cf5dd9-d28b-45b2-bba0-b358bb857079,fog,s4,2,0.584081,0.726778,0.776453
62d1c1f5-700d-4c18-8b61-7651224d847f,shot_noise,s2,4,0.484099,0.491921,0.968198
62dcad34-567f-4ffd-b342-16c4fc88aa41,clean,s5,1,0.628947,0.768367,0.788817
62e25269-4449-40be-8667-928967c57c52,clean,s4,0,0.737093,0.839347,0.906565
62f3ff1d-093c-4d0d-9fba-a9739100152a,gaussian_blur,s5,4,0.677989,0.807729,0.810011
62fc96e7-20a3-4963-af90-04129efcc76d,gaussian_blur,s4,3,0.727796,0.836077,0.881372
62fda26a-21a3-4019-8509-d6048040e6ff,clean,s5,4,0.411163,0.532490,0.690191
63023d3f-7b44-4d5f-9614-f256f1e73074,fog,s5,2,0.587380,0.729911,0.777648
6307ef51-4e4a-495e-abf6-dc59f7217cce,shot_noise,s5,2,0.789034,0.882059,0.882240
630a0591-51dd-4a14-8330-acf7afefb35c,shot_noise,s5,2,0.667685,0.799970,0.804549
630a349a-d19e-411c-82b9-20c042dadca8,gaussian_blur,s4,1,0.339769,0.496740,0.528000
630b1269-b6f1-4d58-80c8-d3094e51f74d,fog,s4,3,0.513574,0.670784,0.702437
630c558f-94f0-42e9-a32f-91f26906f69d,clean,s5,2,0.701850,0.816981,0.867578
632aacef-99de-4d4f-8347-e8062332fea1,fog,s5,5,0.578049,0.731727,0.735911
63381ade-7782-47ab-90ef-015782f8a5b5,clean,s5,1,0.772369,0.871309,0.873568
63436c79-b0bc-4092-9618-6ed7b5e2da21,clean,s5,5,0.481844,0.645519,0.663904
634edb7e-87d5-4be6-8ea2-fdd0bad5dff1,shot_noise,s3,0,0.682081,0.778531,0.957589
635e1eeb-97a2-4c32-ab28-3a36f8d19d4c,fog,s3,5,0.477410,0.548062,0.863605
635f7713-f1b7-487a-a6ca-eafd708c2ea7,fog,s4,3,0.463224,0.629933,0.641861
637d79bc-8645-4b21-9d2f-b2428ca4865f,clean,s5,2,0.448937,0.619174,0.621000
63811d77-673a-480c-840a-578b4e72edd8,gaussian_blur,s3,5,0.545183,0.661772,0.835399
63977176-8812-4d34-93d5-5a8e2394ea18,fog,s5,1,0.455642,0.624649,0.629728
63aa21ba-5420-42bf-bf88-0a1ee99db2e2,gaussian_blur,s3,2,0.765791,0.854583,0.955248
63b002b9-3c04-4f28-81fa-74b878d3d0c6,shot_noise,s4,4,0.605182,0.747788,0.778805
63b6c3ca-99d2-4afc-8a9a-6e181889c701,clean,s5,4,0.720610,0.836598,0.843888
63b7b5d9-392c-495d-bc26-976edaead7d0,gaussian_blur,s3,2,0.282358,0.419014,0.477137
63c18649-fc3d-4d78-bb0c-c1da5ddf6a73,shot_noise,s5,4,0.335349,0.481290,0.542699
63c64375-3310-4fe0-bd5f-e1a34ceed49b,gaussian_blur,s4,0,0.763815,0.861099,0.902060
63c7f7c4-b780-4008-a711-dd7dd42331f0,shot_noise,s4,3,0.635597,0.768011,0.816837
63d1bc80-c3c6-48b3-a8b0-ffc6217ccd0b,shot_noise,s5,5,0.705446,0.825872,0.835408
63d8e625-cded-4608-ad98-0fce43803382,fog,s5,5,0.716847,0.834529,0.838368
63e4ad58-724b-41da-b91d-11e1c473d922,fog,s4,1,0.334595,0.491960,0.520036
63e53ab3-a735-4169-8ff4-62a44983506d,fog,s5,4,0.652147,0.789369,0.789856
63e9fd35-184a-4838-a1de-af2de0f3ab28,clean,s5,0,0.683985,0.811725,0.815614
63ef3667-bb7b-44a4-9702-b98b2a269660,shot_noise,s5,2,0.449152,0.612386,0.639225
6410e2b7-b93b-4d03-9a9d-da7d91a7db43,shot_noise,s5,5,0.359125,0.528328,0.528757
6415e8c0-9750-4ff4-acce-a88832a8958d,shot_noise,s5,0,0.447185,0.616656,0.621530
6415ec52-ef15-466f-8934-531cee2259d3,fog,s3,5,0.741116,0.835928,0.945072
64199701-0de3-46f3-9298-791699c2b3b9,gaussian_blur,s2,2,0.484099,0.491921,0.968198
642c1e46-feb0-4eee-9f21-ab454ae02dbd,fog,s5,1,0.357732,0.526940,0.526987
64378b15-13bf-49d1-9e59-e9a8bfbfb222,clean,s5,0,0.723086,0.839253,0.839538
643a7b46-0e8d-4a14-9aeb-65853d1d6728,gaussian_blur,s4,4,0.837275,0.909897,0.928453
645a2c82-a614-414b-b5d7-a0deaec8e6fa,shot_noise,s5,2,0.795194,0.884882,0.894886
64680d28-6e81-4ed4-a911-bd0b256c0a93,fog,s5,0,0.497083,0.656948,0.684827
64755a98-ce8a-4c5e-a937-75ef86376ff5,clean,s5,3,0.730768,0.841652,0.862069
647767d4-a248-4c5b-a7c9-e0a6d7b53de2,gaussian_blur,s4,5,0.380640,0.550225,0.554000
64799df9-9c47-4f8e-bd7e-4a09e455bd04,gaussian_blur,s4,3,0.600083,0.739016,0.792400
647f5f0b-443d-41de-a2b2-26594a8f4370,fog,s4,1,0.503242,0.642867,0.744234
64891242-a2f3-4532-b1d4-1c475829c76b,clean,s5,4,0.680827,0.806476,0.828888
6498efda-9a68-47db-816f-4eb1d851265b,gaussian_blur,s5,5,0.787535,0.880225,0.888789
649e8ce0-bcf0-4f78-b81c-3e407fbed984,shot_noise,s5,3,0.677006,0.807190,0.808480
64abb3d5-ad6d-48f7-8632-1e0177d8c3c6,gaussian_blur,s5,2,0.298615,0.446219,0.484597
64b95320-72bd-4994-938f-30dac4869d78,shot_noise,s5,0,0.475732,0.581546,0.795760
64d2d1c5-5cf3-4b12-9532-1f96d29b84b0,clean,s3,2,0.457693,0.477912,0.915387
64d55d95-fb55-4fe5-a500-b9b90b9a8286,fog,s4,0,0.659353,0.788973,0.821904
64dbe3f6-40cf-47f3-80ed-e0832dde9a65,fog,s5,4,0.676858,0.806353,0.812146
64e7f803-bd71-4e5a-8f52-39ee4aeaf45b,clean,s4,1,0.247089,0.386826,0.411659
6508a078-118c-4799-9934-fcfbee1eb996,fog,s4,1,0.707595,0.823779,0.857043
650cc2c8-ea56-4f6b-b2d9-5d6663553824,shot_noise,s5,1,0.651830,0.789193,0.789360
650d6cfa-c622-4789-8a59-d8c6dbeb2ff2,shot_noise,s4,1,0.745018,0.845445,0.908456
650db789-8fe5-48cf-8e40-e9c1d942db99,fog,s4,2,0.427664,0.567577,0.672034
65249404-197f-460a-9978-a8f47f14591d,fog,s3,3,0.543766,0.638164,0.887706
65271447-a0a1-49ab-a7ff-88e40513fb5a,clean,s4,4,0.723844,0.831954,0.886501
652881c0-224a-4ec4-a9d2-4bbb51e884ef,fog,s4,5,0.588226,0.718983,0.818132
65291dc4-5733-47c1-a4d5-804603a24444,fog,s4,5,0.590339,0.733296,0.776564
65332633-ea3c-43c8-9246-1edbcf317167,gaussian_blur,s4,2,0.374922,0.534083,0.569604
6545c2db-970a-42f0-a5c3-69dd0fbc5a65,clean,s5,4,0.414258,0.585591,0.586411
6548d260-04be-42d8-9603-409a812366c1,gaussian_blur,s5,1,0.830625,0.906775,0.915008
654923fd-6d95-426c-b3e0-55ba945f0de3,shot_noise,s3,2,0.691730,0.789167,0.953483
65520a50-d13f-41d6-bda4-6e16b72fe6dd,fog,s5,3,0.511646,0.675959,0.679963
6554c3e8-ecd9-4281-ba5c-c91526fed2e4,fog,s5,3,0.672915,0.803370,0.810135
6557eab1-ce5c-45b2-a8d6-dd448474c51d,gaussian_blur,s4,5,0.472058,0.542027,0.858251
65719154-c147-405a-b401-4ade8cb8cdf8,gaussian_blur,s4,0,0.644853,0.768811,0.850160
659861ad-cf0a-4e2d-a82b-b45524f12208,gaussian_blur,s5,3,0.584064,0.737025,0.738944
659cf9b7-a6ef-4e1a-a42f-78c1c6d18afc,gaussian_blur,s4,4,0.790484,0.877730,0.925952
65a1d4e3-e23e-4b3d-be3b-8c7eea6d6882,shot_noise,s4,4,0.412385,0.582206,0.588144
65b46f21-ee19-4884-88c0-9ff83f3b3e7e,shot_noise,s5,0,0.625546,0.769557,0.770024
65beebba-3145-4a6a-a2d9-985c76e0e978,clean,s4,1,0.687465,0.805306,0.863504
65c48cc9-3136-4de2-904a-43aa2b51b8b5,fog,s4,5,0.334269,0.472813,0.554619
65ce8a8a-57d7-4189-ac6d-d307b8c68f72,shot_noise,s4,5,0.790070,0.875188,0.943109
65d2b25b-ab25-42e6-baf1-fa9cf621f987,clean,s3,3,0.464093,0.481378,0.928186
65ef0f49-ca35-467d-bcc0-667504a3dbd7,clean,s3,1,0.373701,0.494998,0.641269
660241e8-1ce7-44b7-9a11-1659ceb22cb7,gaussian_blur,s4,5,0.398102,0.507528,0.695307
660f91ed-d667-464a-bfef-f8799557223b,shot_noise,s4,0,0.534419,0.678122,0.753904
66177c66-3a7f-4ac2-934c-54217c10c380,fog,s3,1,0.613459,0.733976,0.859856
66286961-78f6-49d5-8f2a-d20b2f9736b6,clean,s5,0,0.657965,0.793570,0.794341
6637cfa4-ef2c-42d6-a13e-f529fba1f846,gaussian_blur,s5,0,0.729783,0.839545,0.870213
663b2904-f269-4759-a8ee-eb6fc6d3f2c0,shot_noise,s4,5,0.577409,0.714977,0.792168
663db797-e983-403e-8b80-b11ea92f0721,fog,s5,3,0.679692,0.791615,0.894197
663dcb8e-9261-4bae-bfc6-fc35b2786185,shot_noise,s4,0,0.637726,0.757296,0.867373
6641c23d-1bdf-493c-9695-e7f6dc0cdf7f,gaussian_blur,s2,3,0.736912,0.824096,0.987443
6644a449-572f-40fd-8904-fe866e04ae26,shot_noise,s4,2,0.354100,0.516703,0.536043
66500d14-c3fd-427f-9ff8-e8e861116c96,gaussian_blur,s5,5,0.654857,0.789712,0.799632
6650f11c-ae66-46ac-acfd-0e257989d047,clean,s4,0,0.671239,0.794202,0.847408
66532041-76b4-4d49-9ceb-3c63b48e1b4b,shot_noise,s4,4,0.467171,0.635653,0.640069
6657992a-38e5-4f79-b852-dcbde31394f8,fog,s5,3,0.530487,0.681375,0.730421
66784eb5-675b-401b-8a75-1b48e74fc4d1,gaussian_blur,s4,1,0.714409,0.816883,0.923707
6680a438-91f3-413a-bc8f-8e7561974085,shot_noise,s4,4,0.421801,0.573532,0.639765
668caefa-9330-487a-8702-e8d8ab9643b4,fog,s4,2,0.545219,0.685872,0.768757
668d09a4-e557-48d5-bca2-4ad5c0a88e95,clean,s2,0,0.662266,0.758037,0.957123
66993953-5265-4f53-9d93-2e7f1d511ac4,gaussian_blur,s4,4,0.722871,0.833192,0.874846
66999ad6-e735-4807-b5c0-3c638838ae93,clean,s3,4,0.512819,0.629898,0.807838
66a1bc49-9056-47e4-8740-62e67a3c5fb9,shot_noise,s4,1,0.741716,0.842226,0.911802
66b12b4d-36d6-475b-b5d3-d24ef523579c,clean,s3,4,0.738530,0.827690,0.976775
66b78d22-d6f7-47e0-8d9d-94110a58baad,gaussian_blur,s4,4,0.496996,0.662630,0.668027
66d1a424-bdf3-48dd-b3ba-4f94e6d30c35,fog,s4,5,0.287381,0.444998,0.449088
66daef1e-0f8d-40f4-84ff-72c018a9e879,shot_noise,s5,0,0.555997,0.714203,0.716213
66e7073d-a5ee-4bdd-8c5c-3d2d261103bf,gaussian_blur,s5,4,0.751881,0.858339,0.858589
66e7b5a9-730a-453a-aa32-ca9edfcd7f6b,shot_noise,s5,0,0.733329,0.843399,0.863725
66f5bac6-9818-4b7d-b6e2-9b6a3fd9beab,fog,s5,1,0.656195,0.792350,0.792715
670791ea-f7fc-4c70-bd0c-988133477618,clean,s4,2,0.534419,0.678122,0.753904
67099968-6d24-438c-883a-3b4038422410,shot_noise,s5,4,0.641929,0.781438,0.784128
670a16d5-8a86-4aa9-9243-b692d8fb2700,gaussian_blur,s4,4,0.496878,0.647445,0.710517
670b0c1e-228b-4390-87ad-acd9adf6c76e,clean,s5,1,0.401572,0.563270,0.595381
67206157-1c57-470d-add1-de842d7fa0f2,fog,s5,3,0.477212,0.628927,0.692373
67222523-9e06-45b8-a274-7ee117a6223a,shot_noise,s4,2,0.474876,0.640235,0.654288
67299f16-a574-411c-9d04-8986750b75cd,shot_noise,s1,0,0.430410,0.471410,0.848474
672ad09b-1e38-487f-9492-870433d9e7ed,clean,s3,5,0.613802,0.697112,0.970597
672b0a7e-b567-4feb-b747-34f2713afd59,clean,s5,0,0.737756,0.848216,0.854848
67473702-e8a0-44a7-bb07-3e4f34f4e2f2,clean,s4,3,0.747575,0.847015,0.911393
6747e01d-d812-4e59-8c4c-1358d912d140,fog,s4,3,0.564857,0.699256,0.797314
6749c563-f5e6-43f3-80ea-8fc2795ec375,shot_noise,s3,4,0.606798,0.701675,0.935003
67506885-95ab-4755-acfd-756d7f482685,clean,s4,2,0.829708,0.902884,0.948582
6754cd01-93d2-4c6c-8cb2-4846e37e7d13,clean,s5,1,0.433101,0.566793,0.691291
675de8c1-e13a-442e-86f7-eb27a2a43bf8,fog,s5,3,0.654870,0.791445,0.791450
676b4f44-e0ad-4435-941e-7caa8ce920dc,fog,s4,2,0.551007,0.684668,0.792482
67716f7b-302f-4c17-95c9-41016be69ca6,fog,s4,0,0.750375,0.851071,0.899803
677d8f07-12b4-457a-bde4-e9cf34d3d93e,gaussian_blur,s4,1,0.273632,0.361108,0.537029
677db542-c1f1-4079-8fdd-bddd03c79bfc,clean,s3,4,0.546931,0.638382,0.897195
67847982-9a1f-4830-9734-17a2859f33f0,gaussian_blur,s4,4,0.809457,0.892928,0.911205
6796c269-ea3b-471a-9547-03b2c4ffeb32,fog,s4,5,0.325132,0.490646,0.490853
67a8a72c-c344-4520-b6db-c3965b6f9b14,gaussian_blur,s4,1,0.544625,0.694802,0.739214
67abb4c3-4d30-4dc2-b530-d17ac50c49f9,clean,s4,5,0.713993,0.828272,0.861447
67b1e104-a977-4264-98db-116e08464abb,gaussian_blur,s4,5,0.620525,0.747667,0.837819
67ca9b4d-4b36-4792-b381-f68dc4aeb1b0,fog,s5,3,0.547717,0.707557,0.708517
67ce41ff-0daa-46c8-97a4-fd99c1c453b8,gaussian_blur,s4,0,0.558854,0.694043,0.792060
67dfda77-ef4e-4a8b-a30e-767ff8434384,clean,s5,5,0.470349,0.635828,0.650629
67e1eb32-d97e-40a8-82d3-5075156f1bfd,clean,s4,4,0.806032,0.886985,0.942277
67eb09e8-2023-4ca7-b1ff-14ae9c77e9e9,clean,s4,1,0.718707,0.821397,0.919970
68065e6f-047e-4dcb-991d-07976851e973,fog,s4,0,0.525472,0.680952,0.713936
680f584e-27da-43d8-870a-a2b19edad096,gaussian_blur,s4,2,0.555783,0.670727,0.847331
68137b6b-df44-46a4-832a-ccfef0f5fc98,clean,s4,3,0.717939,0.831040,0.864071
6818046d-dc50-4035-8bcb-89b7a8a8e1e9,clean,s5,1,0.558175,0.713221,0.727698
6824a498-0e16-48fd-ba8c-9abcafc71c67,shot_noise,s4,0,0.633716,0.762883,0.830260
6826ec70-2fd0-4e5d-806f-41ff82276a88,clean,s4,5,0.508736,0.663975,0.705373
68286f05-4b92-4bea-b77c-e65514c588b8,clean,s3,2,0.574824,0.653197,0.951525
6833088d-1f1f-46af-b2d3-acba0c489feb,fog,s5,0,0.847461,0.916823,0.924773
683c62d0-012e-4a83-b8e3-f53ba47ce420,fog,s4,1,0.464174,0.532190,0.851765
683d3737-060d-4b16-bae8-fa230005a9bc,fog,s3,5,0.448449,0.472823,0.896897
6847f933-e573-4c80-8afd-137ddd385c66,gaussian_blur,s4,3,0.685721,0.805128,0.856853
684eccce-fac7-49b8-8a76-684e3e0680e0,shot_noise,s4,3,0.708860,0.821797,0.873579
68518d55-ea58-437a-8605-f0e146ba1f36,gaussian_blur,s4,2,0.791322,0.876815,0.937829
6856b920-f473-4389-ae89-2fd0f8279e37,shot_noise,s4,3,0.691921,0.809388,0.862629
68608c7e-8ba6-4530-a9b2-bc6805efc7a7,fog,s4,2,0.721219,0.820048,0.937976
6861b633-848b-4513-8619-1b286638190a,gaussian_blur,s3,5,0.508643,0.576701,0.904885
6865679e-1767-4c3e-a18c-ee3853064236,gaussian_blur,s4,3,0.664004,0.788051,0.845397
686d64a6-11ed-4157-8566-4beaf0cd0be8,clean,s5,4,0.626247,0.766324,0.786655
688b5be2-6400-4054-8aac-62d2bbe6d397,gaussian_blur,s5,5,0.714003,0.831448,0.843184
6892461b-9bb7-4ff0-af06-cd8956d58311,fog,s5,4,0.528806,0.691717,0.692027
68ae3775-a208-49ee-85cd-1b8c1a5905cd,fog,s4,5,0.422982,0.573015,0.644819
68beb6f1-dc9d-4831-8ddd-3d129e9705e4,clean,s2,1,0.625102,0.708367,0.978272
68d2c167-5b1e-4048-86b3-5a83a2b3a176,shot_noise,s5,0,0.763189,0.865448,0.867504
68db7ed4-d8e7-4f5c-a5dc-de61a371b7b3,gaussian_blur,s5,2,0.690833,0.812329,0.842848
68e4d528-6f11-4027-89d6-7960d810da9f,gaussian_blur,s4,3,0.524282,0.678419,0.717410
68e60a8d-5464-4278-a8cd-86e7d8d5a99e,gaussian_blur,s4,5,0.751708,0.850857,0.907874
68f68558-4c11-4980-9538-bb58301b97c1,shot_noise,s4,1,0.759805,0.855520,0.918817
68f81177-17f5-4023-9ba5-4c2f71f6b9c6,clean,s5,1,0.389135,0.529151,0.626314
68fe6111-a2f6-4925-977f-ce0c4330798e,shot_noise,s4,4,0.331685,0.479682,0.533627
691031bc-60a9-40d4-9d50-63199b8db310,shot_noise,s5,3,0.295890,0.456615,0.456741
69115ae7-af2d-4b05-90f3-9ace9446cda7,shot_noise,s5,2,0.789348,0.882186,0.883024
6915fb4c-f39a-448c-966b-72f0bb330a4a,clean,s5,3,0.601609,0.744740,0.776784
691a3e87-cce1-4473-bbad-4b9882db87bc,clean,s4,3,0.671714,0.793464,0.852811
691bb64b-a1a3-4b48-9732-09760968d109,clean,s3,3,0.557665,0.674176,0.844475
691f8e89-30f5-4b35-9ef8-e98ff1ab44bb,clean,s3,4,0.391156,0.510190,0.668832
6923a11a-2208-4d38-96ac-f4f779884feb,gaussian_blur,s5,3,0.315466,0.476122,0.486315
69265669-4f82-4d09-8b77-12aa6709df39,clean,s5,1,0.836775,0.909957,0.924216
6928ee25-cdf7-47d2-8a6c-d6676ca63524,clean,s3,4,0.532853,0.652700,0.817742
692bfa84-5b86-474a-a081-b8d86f0579d2,gaussian_blur,s4,1,0.631077,0.752020,0.861712
693973db-2e26-4000-953f-7aa147fb688a,shot_noise,s5,0,0.742147,0.851075,0.858144
69481808-b1cc-4645-b859-06e32898a9f8,fog,s4,0,0.532410,0.655870,0.808186
694bf456-7fb2-4c72-8d73-384a1178fdfc,shot_noise,s3,4,0.808433,0.885041,0.972613
6955f4c7-8d97-4301-8900-f415b286e5dc,shot_noise,s3,3,0.591864,0.684028,0.932181
6956b201-6b0c-4c0c-ae74-3e3178410a47,shot_noise,s5,4,0.610057,0.742115,0.818661
69703d0a-9171-4c08-bd04-8ad655194dfe,gaussian_blur,s5,5,0.641106,0.773209,0.817029
697c5574-2a7c-4d07-94d4-0cac6bc2965c,fog,s5,4,0.738097,0.848188,0.856747
69820141-0acd-476b-80b7-b1f5bafe0197,gaussian_blur,s5,0,0.683202,0.810335,0.819451
698286f4-c7f6-4338-9af1-8c909e5303fa,gaussian_blur,s4,2,0.440712,0.593675,0.656400
698531f2-5272-4f3f-be4b-817812360bd1,clean,s4,1,0.730457,0.842192,0.857189
698603ba-4aad-434f-aef0-99a8a36cbef0,gaussian_blur,s4,0,0.767515,0.863826,0.902556
6994290d-651b-4324-93f5-a75dbe617640,gaussian_blur,s4,5,0.456225,0.608362,0.673120
69bd9b32-97fd-456b-8041-37b2beb55081,shot_noise,s5,1,0.698866,0.822739,0.822773
69bfab58-5f1e-4d26-929c-b50f5ac213de,gaussian_blur,s4,1,0.460087,0.627006,0.638832
69e33201-7bcd-4a2d-830e-ac8fb3fc45cd,clean,s5,3,0.448902,0.595356,0.679669
69eb94a6-e71b-4963-977d-964ca00e13ec,gaussian_blur,s4,1,0.667202,0.796865,0.817717
69f0891f-af05-4397-9f2a-e5db938abb3b,shot_noise,s4,3,0.771599,0.864619,0.918769
69fcabb2-15a8-44cb-a507-35ab2de010d3,shot_noise,s5,1,0.704738,0.826033,0.831203
6a029e86-c9df-4a5d-a773-b72e5dc579fa,gaussian_blur,s4,4,0.223599,0.358587,0.376220
6a0f284c-78d5-4fb7-aafa-bdcfaeff6be2,gaussian_blur,s2,1,0.728699,0.819237,0.974853
6a1868de-6d9c-4485-b3f4-3d026b50ec53,gaussian_blur,s4,4,0.646248,0.773845,0.834955
6a1c136d-f184-4e88-aead-b4e00e6c13cd,gaussian_blur,s3,1,0.557962,0.688301,0.806006
6a312bae-1294-4640-a0a9-fe043aca88cc,shot_noise,s5,0,0.771997,0.871322,0.871393
6a3b8d45-2aee-4fd7-ac54-9e2d856240ef,shot_noise,s4,5,0.740130,0.842943,0.899802
6a3ffe67-9a99-448e-8a28-17bd41f11aee,clean,s4,4,0.649163,0.781268,0.814672
6a48f84c-eac3-405e-8891-5842c8deb6db,fog,s4,3,0.376098,0.545989,0.547995
6a5314d7-e0f8-4a22-b638-429ebe552184,fog,s3,5,0.243255,0.375691,0.416354
6a64a234-1c7f-4770-8d43-6064672af748,fog,s5,4,0.220156,0.308919,0.436032
6a6aba43-0a88-4bdc-a43b-fb3ca5a9a7db,fog,s5,3,0.532705,0.686802,0.721669
6a6ec497-b789-4711-9a74-fc16aa80f006,fog,s4,4,0.350673,0.519156,0.519467
6a714a65-95b0-4b92-9185-1867f70c138e,fog,s4,1,0.601793,0.733151,0.819787
6a74cc35-d709-4e33-be18-d45f80952589,gaussian_blur,s3,4,0.550551,0.638134,0.909111
6a81be9e-4e74-4593-8d7e-1cb879505da1,shot_noise,s4,1,0.747955,0.850998,0.888068
6a8a7581-0daa-4661-84f3-542b7423ba27,shot_noise,s5,1,0.303574,0.399963,0.575405
6a8edbb5-f9e8-4542-a89c-86bfedf788b8,clean,s4,0,0.539029,0.659311,0.821317
6a933a73-4dcd-4982-90cf-b6a8a81d9aa3,clean,s5,1,0.769181,0.869237,0.871796
6a972c09-8790-4542-acf0-bff482269553,fog,s4,0,0.672250,0.791972,0.861856
6a99d99c-4982-4177-afb6-3e225dac0e4f,fog,s4,1,0.507650,0.617087,0.820581
6a9f9a34-f6a5-4669-ba9f-41352347e509,shot_noise,s3,2,0.566682,0.690102,0.830919
6aa8a42d-c231-40db-8795-43aac33a0bd7,shot_noise,s4,3,0.501731,0.659317,0.694288
6abf2351-004f-417c-8332-fe22e52b5f19,shot_noise,s5,0,0.667276,0.792844,0.837099
6ac3cdb0-c0bb-4db5-af13-3b26b04eb34b,fog,s1,4,0.294577,0.376388,0.581303
6aca823e-74cf-4dd3-9bee-88c143d42f86,shot_noise,s5,4,0.362114,0.521978,0.552021
6ad1594e-035a-412e-a532-fc039b6daa65,fog,s3,1,0.693004,0.789921,0.955504
6ad1fb6b-218f-484d-b370-d149915a1f28,shot_noise,s5,2,0.624645,0.765739,0.782718
6ad995c5-3fb3-49e1-b3cc-3428fa19908e,clean,s4,2,0.663608,0.786842,0.849173
6ae37a7c-0e30-4432-b55c-972f3fc70eb5,gaussian_blur,s1,0,0.434835,0.474472,0.856601
6ae57f3a-0677-4a18-83ac-3a95b1609c76,shot_noise,s4,3,0.632218,0.759327,0.838437
6aea693f-824b-4fdf-b9a4-085143d270fb,shot_noise,s3,3,0.487944,0.549209,0.892457
6aeaacf0-eb81-4660-b2e1-dc408ae8ccac,clean,s4,4,0.726680,0.825509,0.934544
6aeda18c-a8b6-48e4-875c-0d632e51e186,shot_noise,s4,2,0.489476,0.635168,0.717760
6aee4640-1062-4cb6-a975-ace9678a8688,fog,s4,0,0.593281,0.735522,0.779537
6af12ed6-c3dc-47b3-902d-c60c3ae300b5,gaussian_blur,s5,5,0.539263,0.671950,0.788245
6afc22fe-71af-48fa-8079-2b64a25b53ee,clean,s5,0,0.380279,0.512923,0.629228
6b0b7ffe-7193-4bb2-af54-5c0ca56546c2,gaussian_blur,s4,4,0.571568,0.670858,0.899129
6b1203b6-c5bc-449a-8744-26961894d7f1,clean,s3,1,0.471208,0.485177,0.942416
6b198410-7269-4df2-a505-f1e190efee27,fog,s5,3,0.468394,0.635038,0.645995
6b2248a6-0be9-4c5b-a76c-7738e6339aca,shot_noise,s4,1,0.598294,0.729006,0.821213
6b2dc9de-dd40-4ea7-872c-70cd12758dfd,gaussian_blur,s5,0,0.291504,0.369964,0.580703
6b3c226a-d603-494f-a650-3e5eb9f6aa8a,shot_noise,s5,4,0.623962,0.767865,0.770937
6b6825fc-8a40-4590-abe3-8c0397045c77,clean,s5,1,0.612608,0.757097,0.770789
6b6caf5f-5901-447f-a848-ee1153c6c04d,clean,s4,0,0.487145,0.605215,0.781605
6b854dfd-6ccd-48a5-87e2-ece8b8749114,shot_noise,s5,4,0.379790,0.506329,0.639988
6b916b59-3317-42bf-91e7-e3a1ea7e61e1,shot_noise,s4,4,0.489492,0.651610,0.673477
6b9d5cd9-940c-4a9b-b5db-f8d23064235a,clean,s5,3,0.639187,0.779883,0.779883
6ba8460e-cd38-4e21-95ed-7d4129414d5f,shot_noise,s4,1,0.678574,0.799173,0.855018
6bb1c703-8771-47eb-9962-5a2043d25df6,fog,s2,2,0.535320,0.625988,0.888114
6bb3961b-6a2d-4930-b275-709f8409df69,clean,s5,3,0.564298,0.704906,0.777605
6bd0d4e3-e57f-4016-8c71-e05196f989b6,gaussian_blur,s5,1,0.548407,0.708310,0.708485
6bd8e4af-acc4-4d93-b49d-e0b29e0f08a5,fog,s4,1,0.632143,0.751896,0.866199
6bde4219-12c5-4638-87aa-988f850a882a,clean,s3,5,0.592572,0.680315,0.943915
6be8f227-d89e-420b-9548-1e47c0366085,gaussian_blur,s5,2,0.659685,0.790103,0.818053
6bfd7a2c-80c6-442e-acb5-91570168a139,clean,s4,1,0.783472,0.872085,0.929461
6bff9672-1d62-40dd-86c7-33b2d1a73469,clean,s5,2,0.624517,0.767236,0.775859
6c09ff4e-6057-46fd-a8b5-cd4acd773174,fog,s3,2,0.644419,0.751749,0.912730
6c0c892a-baf5-4fb5-b854-326a42e10089,shot_noise,s2,1,0.491941,0.549189,0.904080
6c18c165-46ae-4f6f-8f03-b1d56328ce20,gaussian_blur,s4,3,0.618496,0.757058,0.794033
6c1cb70d-02eb-4ae9-a841-a9a23b99c65e,gaussian_blur,s4,0,0.838206,0.910393,0.929723
6c296734-d3e4-4137-88c1-c04fc61b6125,fog,s4,1,0.676304,0.804641,0.818458
6c3c9e43-05ed-4366-a8ca-dd3e27ca6585,clean,s5,5,0.757364,0.861377,0.865935
6c47a79d-8b38-4da0-980e-c9c3613a988b,clean,s3,3,0.782054,0.865564,0.967973
6c4be27d-942d-4483-9772-d2b0da9bdea7,fog,s4,0,0.647857,0.783935,0.797261
6c56977c-169c-41b4-89b6-65e96e7d9dcb,shot_noise,s5,5,0.526233,0.688864,0.691899
6c57192f-8b4e-4160-8694-1873ae4b99f2,fog,s5,0,0.693330,0.818787,0.819495
6c5897a5-f750-4288-b41d-c759ca0084e0,clean,s5,2,0.548903,0.680075,0.798437
6c5de1d7-64b5-49c2-bda5-ef40baebd62a,clean,s5,5,0.783391,0.874599,0.909979
6c7a3fae-3116-42d8-baf7-425c5426450a,gaussian_blur,s4,1,0.535256,0.674946,0.766013
6c7ae3fd-b873-4def-b38f-3cfb440e1eac,shot_noise,s5,0,0.732278,0.845427,0.845600
6c8ee054-b713-4e05-8cd6-c8d17ac95deb,clean,s4,0,0.610775,0.751766,0.784933
6c91b6c0-ee66-4d76-ac9d-153de857c98b,shot_noise,s3,0,0.724463,0.820062,0.952235
6c9d07b7-33b2-407a-b87b-2f3ef972f003,fog,s2,3,0.681447,0.771426,0.981706
6caf7bc3-04bb-4673-8144-bf740aa5eabc,fog,s4,0,0.784189,0.869642,0.951150
6ccbfbf8-c37c-4ca3-a1fb-b26eaeab82aa,clean,s3,5,0.628628,0.744097,0.880901
6cd5627b-0d58-44cd-b8ba-f216da5044d6,clean,s5,3,0.497420,0.657242,0.685163
6ce65dae-ae2e-43c8-ab30-18c246d83823,gaussian_blur,s5,1,0.755437,0.859305,0.870469
6cf9d643-825f-43bf-bbb1-ccfc95714fa2,fog,s3,5,0.529971,0.615050,0.894722
6d0fb1e5-4971-4b20-9595-24494670249a,gaussian_blur,s5,1,0.455553,0.615192,0.653915
6d102bbd-b5ac-4236-a006-b4f0825fd8cb,clean,s5,0,0.585178,0.711094,0.832523
6d22c346-470d-496b-8d89-d8facf2ae33b,gaussian_blur,s5,3,0.690697,0.816591,0.819589
6d27bb7c-d2f2-493a-876c-bcf2dd04b437,clean,s5,2,0.535897,0.696347,0.702712
6d38a3c0-39bb-4bbf-9d57-586892930f11,shot_noise,s4,0,0.581170,0.725528,0.770036
6d3fb512-f8c9-445e-a07b-d846740e4288,clean,s3,5,0.552170,0.663025,0.855281
6d44b176-3430-4011-ab9a-317f489d1e6d,fog,s2,5,0.570243,0.637278,0.971772
6d5cce43-fec0-47ec-bbec-d5c9cf431893,fog,s5,0,0.600627,0.746656,0.765622
6d5cfaa6-85d3-429c-b802-8dfaa5f016d9,gaussian_blur,s4,2,0.712505,0.821628,0.890944
6d690d55-046e-4207-9a51-a3512e8cb972,shot_noise,s5,4,0.398761,0.526741,0.661915
6d757403-0bef-4f21-a147-eecb7d1687b6,shot_noise,s5,5,0.764601,0.865208,0.876922
6d7b9c75-e5ad-4ed0-b339-1b81a100d2d9,clean,s4,0,0.564077,0.697384,0.800288
6d7e0ef7-0a74-4c30-b8f4-07565225bd28,shot_noise,s4,2,0.726696,0.829040,0.915877
6d81062e-b5de-47f9-bf74-8a96991264d1,gaussian_blur,s5,4,0.339467,0.462956,0.588637
6d811135-419e-4fb6-8dee-9b421ae3f92b,fog,s4,3,0.367172,0.535522,0.540581
6d85e249-77ef-4de1-ace5-c93bc14dc2fb,clean,s5,5,0.477141,0.639895,0.663081
6d87d0f8-dbb1-4d88-b397-bc66caf7ede3,gaussian_blur,s5,4,0.603863,0.745262,0.783429
6d8bffbd-d29e-436d-abb5-8f587b867bdb,fog,s4,5,0.562925,0.696136,0.800029
6d9b9a2a-aa1e-4b08-bd11-e6bb0d11a00b,fog,s5,0,0.369784,0.523909,0.573536
6da7e3f8-d6ae-4f71-9d49-5a6b1cd7ac32,fog,s5,5,0.354363,0.513305,0.543808
6da7eb68-4784-473a-b4fb-c8c3c897f6ef,gaussian_blur,s5,5,0.759978,0.863602,0.863772
6da8550c-268f-49cc-a8a0-114f7143cbf2,fog,s2,3,0.552715,0.622132,0.949589
6dae0c15-fc48-4c56-8c63-bd96f29c049f,fog,s4,0,0.682708,0.796493,0.884889
6dbcf020-f736-43a8-b928-2a85f875cebd,gaussian_blur,s3,0,0.471135,0.485139,0.942270
6ddf35d8-086a-4e2e-9236-389b003ce798,fog,s5,4,0.687532,0.814426,0.817053
6df0e079-a534-4508-b3c5-f1b5e3e95f6f,gaussian_blur,s4,2,0.603319,0.725909,0.849921
6e0d1c75-a936-467e-821b-f228bc3faa43,gaussian_blur,s5,5,0.380246,0.536885,0.581424
6e121f4c-88c3-4d4c-8db6-b11e3335925b,gaussian_blur,s4,1,0.737919,0.840622,0.903009
6e216fdc-e72a-42bb-845b-ec1f3b8c2538,clean,s5,2,0.835519,0.909190,0.923604
6e21dba2-4e18-4597-89f4-17a73d7e9124,gaussian_blur,s4,2,0.728517,0.833408,0.900150
6e291706-40ea-4743-9997-09a742ec5eb9,clean,s3,1,0.570809,0.688051,0.850895
6e32446d-76c7-4ffa-91dc-f137ca31c765,fog,s5,5,0.442110,0.592234,0.664421
6e3d5f5f-0f44-46ed-bb7f-11b26e6c1b37,clean,s5,0,0.520683,0.669580,0.730871
6e40f379-b34d-4ed1-9449-33ce78f63625,fog,s5,1,0.368946,0.481165,0.650535
6e4e6d37-5815-4814-8430-4ea95cdc0c05,gaussian_blur,s5,0,0.717313,0.835377,0.835467
6e5755d5-910e-4dad-9fe4-33ec9fd6311e,fog,s3,0,0.128509,0.226159,0.229808
6e5ee00a-3bed-43d2-9ecc-9ba308f69791,gaussian_blur,s3,2,0.489972,0.624607,0.745832
6e6a8823-d7de-46f2-a076-04105c87ec7e,clean,s4,4,0.819492,0.899406,0.914574
6e6e99d5-c9a0-4e26-bcef-360ced0b0af9,fog,s4,1,0.444187,0.582933,0.692354
6e837971-6bd3-44a7-906f-711425668cc4,gaussian_blur,s5,3,0.597676,0.740348,0.778352
6e8e35fb-5618-456a-b2e7-db725e059732,clean,s5,1,0.847461,0.916823,0.924773
6e9926df-982e-451a-8e3a-20df53d285b5,fog,s3,0,0.614316,0.709731,0.938005
6eb474d9-3cd5-4756-8b70-1ef4448ea4af,clean,s4,2,0.400434,0.570522,0.575013
6ebdf27b-02fd-4fbf-a948-84c8bb4e51cc,fog,s5,2,0.568598,0.724003,0.728501
6ec51863-b7ee-48c9-8021-0ebcadddcc80,gaussian_blur,s5,2,0.707810,0.828316,0.832367
6ed83664-47e5-4268-935d-017a1a9214ad,fog,s3,4,0.471135,0.485139,0.942270
6edadbd0-04b2-48b5-84e7-f99054a02e45,shot_noise,s4,5,0.686576,0.792474,0.918688
6ee67bc7-6c26-4d3a-8142-4eadfb095ee7,gaussian_blur,s5,0,0.621198,0.762230,0.783648
6eee57a5-a639-4c24-b5fd-99354268eea5,shot_noise,s4,2,0.499799,0.631799,0.760699
6eff88d4-7325-4e70-8f35-349766ba6081,gaussian_blur,s4,5,0.401807,0.551463,0.621888
6f16cc99-1eee-4e9e-a11d-84ca3ce73b9f,clean,s4,3,0.633810,0.762219,0.833267
6f21c3fb-545c-4c49-ba87-720ea19414ec,clean,s5,2,0.608680,0.756558,0.757509
6f278824-194b-4b77-a2a5-d065d7f75583,clean,s4,2,0.363013,0.517850,0.563385
6f333239-fec5-444e-a02d-38c647ad34bf,fog,s3,5,0.473294,0.568079,0.814795
6f3805eb-dc1c-4da4-a2da-dcecf10beb3b,gaussian_blur,s4,2,0.641317,0.769567,0.833108
6f3df53f-3d84-484e-9936-9d73395a8772,gaussian_blur,s4,2,0.659405,0.781775,0.854198
6f48215d-64fd-4806-8248-d975359c934f,fog,s5,1,0.557260,0.715136,0.717648
6f55c13e-1037-4488-8e66-329fd6055b25,clean,s3,0,0.415944,0.551025,0.668789
6f7c6439-ab3d-4936-832a-d1c9ce5d7dc8,shot_noise,s3,5,0.371313,0.491139,0.640597
6f87e731-4521-4559-81c1-452077bc0b42,fog,s5,3,0.477003,0.617533,0.720091
6f957443-a485-4ae3-9b9c-88ce75e8f91f,clean,s3,4,0.605115,0.725989,0.856149
6fba0e06-2d05-46ca-8d98-1c846c39344e,gaussian_blur,s5,1,0.528462,0.667089,0.764805
6fbc11ef-45d2-4979-953c-98dbc1863665,gaussian_blur,s4,4,0.657413,0.776340,0.869131
6fdcb69c-7f31-4d96-b331-fd1965e64860,clean,s4,2,0.766997,0.861662,0.914939
6fe22e7b-1b7e-4d24-8d33-e98111cc09e7,shot_noise,s3,1,0.159411,0.270563,0.281051
6ff10224-6633-4b41-9af1-e103682f2e8c,clean,s5,0,0.812457,0.894874,0.912229
6ff2b5bc-be15-4faf-9115-4f88aa59e011,clean,s5,5,0.769181,0.869237,0.871796
6fff0795-d409-4022-9b88-e750f719cc0e,gaussian_blur,s3,4,0.493668,0.589413,0.835403
7015d9b9-0cfc-4ff9-b96f-3563e7300e81,gaussian_blur,s5,4,0.736336,0.847917,0.849675
7016b9f1-b8f4-43aa-8611-78736fa32653,gaussian_blur,s5,0,0.666437,0.798088,0.808485
7018233f-2e74-4046-8f89-0dad62826194,fog,s5,0,0.592974,0.740078,0.761445
701828cd-c9e5-46e1-ab09-23a193492b8a,fog,s4,2,0.391637,0.560072,0.569145
7021bd9c-88cc-4592-a27e-aef2ccfa79f9,gaussian_blur,s4,0,0.738502,0.838957,0.915574
7035b0ae-f76a-488c-9841-6dea3f219233,shot_noise,s3,3,0.561433,0.663536,0.884343
7038d8d6-a3b4-445f-a442-30e933be1480,gaussian_blur,s5,5,0.308355,0.468339,0.477051
703f2e90-59d2-4f39-b919-ec3b403a733a,fog,s5,4,0.608652,0.756267,0.758592
70417b0b-bc63-420c-a268-c03f38fcd48b,clean,s5,0,0.723730,0.837202,0.855227
704dad55-6528-42a1-95f3-f1394294088f,shot_noise,s5,5,0.656582,0.789910,0.805952
705a5ff8-556f-4b53-a5a0-852e00220522,shot_noise,s4,4,0.755553,0.855850,0.894807
70725fd5-0ac3-49d9-8316-14d9ad502e2f,shot_noise,s1,0,0.460192,0.479271,0.920384
7076df9f-0372-447d-90d2-990a377f3eb3,fog,s5,2,0.704251,0.825931,0.829527
7082a3cc-f877-41a9-ba9f-1253cd629a65,fog,s4,0,0.466380,0.584928,0.759376
7090893e-02f3-4b54-8321-41895e1fd007,shot_noise,s5,4,0.310849,0.457790,0.504667
709aad61-d812-47e7-8cff-57477343124f,gaussian_blur,s3,4,0.601923,0.713006,0.885632
70a1edf5-db2d-46ce-9f2e-72f1d732db2a,clean,s5,0,0.219108,0.348356,0.376491
70a33bd7-2a10-45ef-a10f-784813d8a13c,fog,s5,0,0.633722,0.773883,0.784288
70a9eadf-4283-4291-bebb-34f290c737ff,fog,s5,2,0.305292,0.409180,0.566954
70bf50c3-db79-41e5-891d-da0a988dcff9,clean,s4,4,0.268086,0.411026,0.442845
70c63734-8edc-4ff5-907f-b3488b0618d6,clean,s5,4,0.732850,0.845828,0.845856
70cc955c-8a8b-4f50-bdd7-e0e87c86cdd3,gaussian_blur,s4,2,0.578889,0.712636,0.805147
70cff4ac-88ff-404c-9bc6-52e31af9a7d2,clean,s4,1,0.645215,0.756150,0.900011
70d5e6cd-2feb-46fd-aeb6-9d210fc159cd,fog,s5,3,0.574401,0.728830,0.732795
70d80810-73c2-49c5-afbd-bcd1b9acdb0d,fog,s4,2,0.791958,0.880557,0.911908
70dc9d7c-1a6c-410f-b1c2-ef2dc75467f5,shot_noise,s4,4,0.758397,0.856746,0.903472
70edf71b-b292-40df-b407-389b54750a3b,shot_noise,s4,5,0.546068,0.686854,0.768800
70f28174-4e3f-48f3-bf92-d755c080196e,gaussian_blur,s4,0,0.593281,0.735522,0.779537
70fd4483-59cd-4818-b082-175d3a6cbe28,shot_noise,s4,3,0.625354,0.757063,0.820688
7107d18b-b173-47a8-af69-89e695717d7b,fog,s4,4,0.502078,0.666815,0.673601
710ff66c-449a-4908-b7d2-6273160ac31d,clean,s5,1,0.610846,0.754326,0.775068
71139110-12d2-4da5-93ff-e09f88c3bb90,fog,s5,5,0.201721,0.289362,0.400955
711a019f-2f11-477c-af38-94aef91c87fc,fog,s5,0,0.635053,0.776147,0.779707
711e0157-7265-4a62-9971-059342c9378d,shot_noise,s4,1,0.840443,0.912048,0.927595
714975aa-fd5b-4340-8c67-6ad9ebfaa502,fog,s4,2,0.644375,0.769178,0.846784
71659a77-6948-4990-a768-0e4bef5d7c65,clean,s4,2,0.814375,0.895681,0.916965
718ea20b-a716-4c7f-8986-f7b11acf82db,gaussian_blur,s4,1,0.741227,0.843414,0.902287
7190c652-e21d-4bac-83b3-9496b388f4db,shot_noise,s5,3,0.566894,0.723532,0.723797
7198cf94-3935-4bd6-acec-7538bf99a2de,gaussian_blur,s3,5,0.385569,0.521352,0.630084
7198fe23-be52-4b55-bf14-79cd150fed40,fog,s4,2,0.741422,0.843507,0.902677
719977f4-6aec-4583-bead-e61464ebaa9e,clean,s4,1,0.624368,0.751462,0.838318
719af435-9e9c-4dd5-b7b0-6aca823f2ad1,fog,s4,3,0.257196,0.400568,0.423488
71a11a84-bd3b-436e-8690-0092f4cac539,fog,s5,5,0.307152,0.469755,0.470336
71a25fb1-33d2-4a31-a18a-11dcbd511403,clean,s5,3,0.376025,0.536845,0.567467
71af2cbf-77ad-43f5-8a55-5e21b4b8425c,clean,s5,1,0.747681,0.854426,0.863875
71b1e5dc-9ea4-405a-ad33-d11abbc8e6ea,shot_noise,s5,4,0.610120,0.744195,0.811264
71b408ba-3cf9-4402-8612-781566e80e81,gaussian_blur,s5,4,0.250639,0.368075,0.452630
71b6f1ca-e05e-4719-88d5-8fd94b1718eb,shot_noise,s5,5,0.454651,0.604002,0.678380
71b78ac5-ce26-4813-b14f-eb41eada68d6,shot_noise,s5,3,0.540548,0.681210,0.766223
71c3d1df-791b-49cd-b86b-1a26f3606b5a,clean,s3,4,0.675139,0.781002,0.920533
71cdee3a-94b2-4623-88b4-9da40868b31d,gaussian_blur,s4,4,0.491281,0.625380,0.748272
71d28406-eff0-4825-94f7-c7c699551cc5,shot_noise,s3,3,0.508716,0.632752,0.787693
71d72ccf-250d-4333-aa84-3a0f2fa35006,gaussian_blur,s4,2,0.712631,0.819556,0.902312
71f48c52-3ab1-41f4-81bb-00e7520747ea,fog,s4,0,0.647314,0.770885,0.851445
71fd3f77-8cc3-4340-b7d6-2c4fd0cc97b9,shot_noise,s5,2,0.540090,0.698590,0.710613
71fe6f34-bcd9-4bda-89a1-24af8a093c9a,clean,s4,4,0.743552,0.843111,0.915419
72061e26-00c6-489e-8a33-0903ffa74d56,clean,s3,3,0.375115,0.491616,0.651717
720ffa17-e5d6-4968-bb92-99a9264013d3,gaussian_blur,s4,0,0.573494,0.685512,0.867045
721422c5-bbfb-4cd1-955d-880a1eea99fd,shot_noise,s4,2,0.474636,0.641445,0.650114
7215a279-a84d-49d5-be41-6c73818b3498,shot_noise,s5,3,0.710137,0.829889,0.834111
7215ba08-9c43-4022-bdde-0ad0be6b5d7f,clean,s5,3,0.511046,0.672514,0.688320
72180ab9-2b84-40d2-bbf5-83e82a4ede0d,fog,s5,1,0.636618,0.773157,0.799177
721a6ec3-9485-4b2c-b460-9169de3720a6,gaussian_blur,s4,2,0.534405,0.662613,0.797189
721fcaec-79fa-47b8-8c01-26c02e4200ac,shot_noise,s4,3,0.484111,0.646980,0.667723
72214252-f06b-4bc7-97d2-f779a9cc7960,fog,s3,0,0.776322,0.863556,0.951198
7222af7c-9124-4b49-b512-e8d0c184eaa8,clean,s4,2,0.633023,0.766888,0.811266
722e8954-dd75-4d4d-9b07-badce0ee02c8,gaussian_blur,s4,4,0.673942,0.798294,0.839531
7231c12b-b16e-4ab2-8683-012741c7e369,fog,s3,0,0.683367,0.777808,0.965363
72328cb2-a57c-4581-9d1f-8edbe5a7b7d5,gaussian_blur,s4,1,0.593279,0.734141,0.784544
723e0c90-38d6-4f74-a8f6-c58ba4896301,gaussian_blur,s3,5,0.228155,0.347523,0.408352
72602ac8-cfea-459e-92e1-1c53ec86e35c,fog,s5,1,0.824488,0.903783,0.904000
72628d6f-06b7-4458-9638-6e60a06fe8b5,fog,s5,0,0.386404,0.530674,0.614405
7264ede7-4e24-4b47-9986-badb4d4d6f98,shot_noise,s4,0,0.784189,0.869642,0.951150
726a230c-a7a6-43e4-bd34-41b66928eecd,clean,s4,0,0.341974,0.486354,0.555029
726ced60-bea4-4e6b-824e-67f1118c6e7c,fog,s3,3,0.460694,0.589559,0.731237
7273a2db-c1ff-461c-9da9-780eb19a8a86,gaussian_blur,s5,2,0.572700,0.725536,0.738378
727c2103-bce1-4d16-9d8c-f0c2fd464376,clean,s2,0,0.496834,0.578138,0.867013
727efb58-7044-475d-9049-25575758043e,gaussian_blur,s5,0,0.406474,0.561763,0.615063
7281a931-cba5-44bf-879c-43ad6dbca203,fog,s5,5,0.298754,0.431005,0.511131
72a324f1-722d-4ff4-b983-f3059d1ecc16,shot_noise,s5,2,0.639312,0.772211,0.814064
72a9f029-a642-4f7a-ab84-c2fd7e35fe08,fog,s4,3,0.479437,0.618463,0.725904
72aebe45-87c4-4185-93e0-30a7e380a849,shot_noise,s5,2,0.348104,0.489086,0.569963
72b307b0-d671-4be8-8b67-8acb359ddbf6,shot_noise,s4,0,0.480524,0.598968,0.774203
72b49748-4589-443f-88cf-4b562ff67d25,fog,s5,0,0.419112,0.590662,0.590683
72bcbc94-6f07-40ec-bf86-832969532daf,gaussian_blur,s5,4,0.586793,0.739025,0.741787
72ccfdfc-6ecc-4ebd-8395-8eb3c1df6526,shot_noise,s4,4,0.278454,0.429692,0.445988
72dbc0d0-c47f-4034-9528-fad02d0ccaa7,fog,s4,3,0.468674,0.565444,0.805717
72e4b629-527e-41e4-af4b-96e698d2fc6c,shot_noise,s5,5,0.425769,0.596730,0.598533
72e8ca62-2b89-47ab-9f09-b793f2f8c3cf,clean,s2,5,0.707138,0.797814,0.979964
72f11b3a-b614-4528-9ef9-2e1bf84193e1,fog,s3,5,0.490040,0.610824,0.778341
72f656ae-c879-4030-9f37-103c3ed1c957,fog,s4,2,0.221095,0.352682,0.376715
72feda10-14d3-4ee8-9f07-7d849b58e59d,gaussian_blur,s4,2,0.640637,0.769279,0.831595
730b1aa2-77fa-459d-9d16-6e611386648f,shot_noise,s4,4,0.807202,0.891860,0.906787
730d4061-3e2e-45c7-8877-85118b3324c1,gaussian_blur,s5,5,0.686498,0.812950,0.820315
730edd3d-8f14-4463-9d65-c2b6e5d24151,shot_noise,s4,2,0.375418,0.518446,0.602901
731231c3-c1a3-4535-b38b-df6f9f0f5058,shot_noise,s4,3,0.653258,0.786379,0.808472
731738d1-6b1d-450e-bbf2-419cd99deb96,gaussian_blur,s5,2,0.360644,0.503355,0.583973
7329112c-796c-41f0-bc65-186d0a0fc820,fog,s4,4,0.804660,0.887712,0.927791
7329cc71-dbe1-4bbd-bad9-e1f1ceaf8dc2,gaussian_blur,s3,4,0.743097,0.833987,0.964837
733418ec-f8b2-417e-a5da-fc530172fe4e,shot_noise,s4,3,0.791702,0.877813,0.932270
7334e730-0276-4f9f-8c92-5aaeb1a5a8cb,gaussian_blur,s5,1,0.717630,0.834717,0.840973
734daffc-9f88-409f-a1f4-2a360fe1da33,fog,s5,3,0.541889,0.701603,0.707204
739d6954-b74d-403c-bd2a-07242175862d,shot_noise,s4,3,0.519962,0.650959,0.779349
73a1f870-6175-4547-b6e5-ecb00bbca70e,clean,s5,4,0.669178,0.797335,0.823861
73a9dea4-26d9-44eb-8f7a-1d22301c1cf5,gaussian_blur,s3,1,0.689212,0.793195,0.926366
73c254ae-9f5a-4ee9-b4c9-bdeed163d27a,fog,s4,3,0.632873,0.760567,0.836133
73c29172-3840-475a-8df3-14bbb82dbeda,gaussian_blur,s4,3,0.635193,0.773478,0.792021
73c413fa-de77-4e7a-af9d-1f764b310328,shot_noise,s4,1,0.775216,0.867011,0.921243
73ca8c22-871f-48d4-a8a3-85f7c29be79a,fog,s5,1,0.289001,0.441834,0.460192
73cf7a57-2fa9-4c9a-a610-1f0f3e8bfc07,gaussian_blur,s5,5,0.842599,0.913912,0.922293
73d2ba10-968e-43f6-95fb-d0809ff31006,clean,s5,2,0.603005,0.749880,0.762193
73d5b0bd-146a-48a5-8a08-a448c0b895f4,clean,s5,1,0.650982,0.780810,0.824139
73df9f6e-29f1-41db-a4c5-085eb88d8461,shot_noise,s4,4,0.613021,0.743265,0.825628
73e1099e-f502-48f9-bd9f-97fc65ed3434,clean,s3,1,0.441957,0.521274,0.804592
73e2358b-195e-4b08-afbb-27da3075f37c,gaussian_blur,s5,3,0.737700,0.848244,0.854386
73ed9ae2-0d7f-4797-9075-19ec020fa151,shot_noise,s5,2,0.530751,0.684625,0.721440
73effd2c-34c7-4fc6-b6bd-bd4bf429be25,fog,s4,4,0.510122,0.649275,0.750673
73f04f16-a12b-41d8-9f7e-2ca510ea2943,shot_noise,s2,3,0.568142,0.630258,0.979776
73f88228-0979-4019-89b6-ca95e57fc0b3,clean,s4,3,0.525472,0.680952,0.713936
73fc8f8f-5282-412c-babb-37438abb3901,gaussian_blur,s5,0,0.303430,0.450541,0.492970
74266a57-aa2a-4520-aaea-9d7905b4c3d4,gaussian_blur,s3,2,0.450965,0.575214,0.730821
74279e99-5903-44ab-b1e1-77bdca48a0cd,shot_noise,s4,1,0.554838,0.703809,0.747060
742afc35-32f1-4812-8499-427602402e08,clean,s4,4,0.822228,0.900761,0.919392
742fe22b-24f9-4902-a829-1c1ca0094f48,fog,s5,3,0.679803,0.809381,0.809399
7442193c-3887-45f3-9d9a-0b028775facb,fog,s5,4,0.329274,0.490279,0.505505
74514fc6-c17b-4c69-884e-2e25195f1671,shot_noise,s2,0,0.546387,0.630999,0.911712
7452566d-868b-4c2f-a095-c3fb4b88a89a,clean,s4,4,0.638121,0.755762,0.874597
745c3116-b0a2-4fdf-bb8e-478b4a4c9597,gaussian_blur,s3,2,0.614054,0.711931,0.930821
74766194-334b-4e54-99e3-d6641467605d,fog,s4,5,0.485166,0.627722,0.722187
748b2cdb-8586-4c3b-8640-91db422b5bdc,fog,s5,0,0.726045,0.839542,0.852120
748f7b59-3969-4326-97fb-dff691e76b38,fog,s5,5,0.592360,0.733353,0.783941
748fa995-ac7b-4836-8755-4541e203653e,fog,s5,0,0.260723,0.410052,0.419637
749257c7-d0c7-4991-bc66-929792b83899,gaussian_blur,s5,5,0.674881,0.803013,0.820464
749505ae-6419-44bc-8c01-6f55d0446bfe,shot_noise,s5,3,0.325951,0.460073,0.550128
7495089e-f4f7-4bd3-a195-b66558ace061,gaussian_blur,s5,4,0.616480,0.759626,0.775712
749bb905-5e94-4300-af89-4bd2d907a725,gaussian_blur,s4,1,0.741684,0.839203,0.929317
74b4f042-218d-432b-96d0-155770720bb8,shot_noise,s5,4,0.567153,0.715878,0.751684
74b83273-e811-49bf-8c9e-d91f3dc271e1,shot_noise,s4,3,0.678779,0.796379,0.868960
74c5c95c-e3d1-4ba0-856e-8d56710fb1e3,gaussian_blur,s4,3,0.412426,0.570661,0.615057
74cddf4f-1ff5-492f-b1d5-3ee0c682cd11,clean,s5,1,0.737009,0.847829,0.853632
74cfe9e3-6a42-420b-9a44-41add5ab6496,clean,s5,3,0.302166,0.449186,0.491170
74d40c5b-1b07-4df5-b43f-5a3d49211269,clean,s4,2,0.631584,0.749809,0.871676
74dd357a-a25f-432b-b01a-711827e45ef5,fog,s3,4,0.640524,0.756085,0.882520
74e4509d-d5f4-497e-8057-92d0e03d4787,gaussian_blur,s4,2,0.493171,0.571651,0.868149
74e55c6e-deca-46ec-a7ff-8c24ccf47d68,gaussian_blur,s4,5,0.709776,0.823237,0.869968
74e85697-7678-4058-bbee-541a2df5f264,fog,s5,2,0.811183,0.893633,0.915643
74f65ccb-7f55-4edd-b114-491ff16b232a,fog,s5,1,0.756615,0.860920,0.865232
74f95af5-c954-4234-a32e-360b79dab021,gaussian_blur,s5,1,0.676862,0.803169,0.828264
75128d23-2b8b-4f51-b2d5-2b228fa8df7d,gaussian_blur,s3,4,0.574044,0.690046,0.856312
75150881-4217-4ddb-89c1-543f6421588d,clean,s4,1,0.373053,0.519291,0.593531
751ce534-82c8-4ee9-b405-fb0e51f0e6a7,clean,s5,2,0.332891,0.408240,0.653724
751e8d59-9322-45c3-8fe3-ac413b46b045,clean,s2,2,0.670185,0.759921,0.980000
7533b0f7-044d-4c19-bc4e-e533a10da5d8,clean,s4,3,0.479600,0.640264,0.670576
754ae1cc-a185-4410-973d-a4478fa9684a,gaussian_blur,s5,0,0.460494,0.622761,0.651381
755d2644-c4fd-43cb-b933-cec1bfdb8bba,gaussian_blur,s4,4,0.390931,0.550004,0.589026
755f385c-0e3a-4b22-a529-b160d9851b85,gaussian_blur,s3,0,0.758149,0.849418,0.948917
757c5ccf-3649-4110-bf08-00867a886898,clean,s5,5,0.485565,0.636682,0.700583
759bba56-f274-4f49-80f3-444547317cea,shot_noise,s5,3,0.351596,0.499175,0.562387
75a77eb1-d94c-4840-92d0-dda1b20552da,fog,s5,0,0.371095,0.510608,0.604050
75b1a380-9397-4516-b90c-89946fdc6de2,clean,s4,5,0.624330,0.752592,0.833925
75b5d103-7429-4ed9-9bb3-8fa741283c48,gaussian_blur,s1,4,0.427253,0.460773,0.854507
75c5aa03-44b3-4b38-8834-4a937a43857e,shot_noise,s4,1,0.430623,0.543485,0.730203
75cc542b-8267-483d-b5f2-291863c66645,fog,s2,0,0.588097,0.669479,0.955906
75d2f8e2-90f1-461b-9559-9fcaf1e1611d,fog,s4,2,0.485342,0.629359,0.718665
75dce9b6-8d00-4023-bfb2-960629394ec6,fog,s3,4,0.686501,0.790382,0.927323
75ea416c-9bc2-47c3-8a16-01fd6b15cf61,fog,s5,1,0.803150,0.890659,0.892395
75eba573-828a-4902-84b1-454e43927708,clean,s4,0,0.790954,0.878874,0.919623
75eeced9-9893-4ed3-8fc9-4caaa4838039,fog,s5,2,0.685749,0.812755,0.818011
75f0adaf-d041-4c67-9547-fab58b5b6c66,clean,s5,4,0.691885,0.815756,0.829452
75fa5761-c4dc-45d5-91e3-fb270a402af3,gaussian_blur,s5,4,0.295684,0.432563,0.498444
75ff4af5-2c8b-43b0-9ce3-e851591e79c1,clean,s4,2,0.735397,0.836253,0.916368
7603512d-5ef1-4d81-934d-87497d8f898c,clean,s3,1,0.513557,0.594949,0.885153
7607f14b-00d0-483e-ae25-f4129a6f3a43,fog,s4,5,0.546305,0.674339,0.805637
76132ba1-3cfe-4d51-be5f-fc61717c6f85,shot_noise,s5,5,0.580182,0.717281,0.794603
7631cf5b-68fa-401e-bda4-4eb8067df832,gaussian_blur,s4,5,0.423715,0.588566,0.611408
763eb62a-eddb-4759-a1ef-6033c3c27e49,clean,s5,4,0.372020,0.516797,0.595067
7648074f-d59f-41bf-b03f-6363c930fc7d,fog,s5,0,0.668754,0.798163,0.818040
76587371-7158-4dc5-92a9-5d5c1f787771,shot_noise,s4,1,0.514300,0.667990,0.713195
765c786a-2664-4c8a-be90-3838ce0318c5,clean,s5,1,0.711760,0.831609,0.831627
765cab57-6966-484f-92c5-138a69fa149a,shot_noise,s4,4,0.588223,0.710881,0.843979
7676fe24-96fc-4ea4-a140-61a3a28bc210,gaussian_blur,s5,4,0.573712,0.728736,0.730533
7685342f-db54-4f28-93c7-11814d481970,clean,s5,2,0.803969,0.890998,0.894411
768d5901-6ba5-4fc1-b457-99786123dcdc,gaussian_blur,s4,5,0.286725,0.428734,0.475307
76909447-5191-4cec-8f3d-bdca0dea761a,fog,s5,0,0.712382,0.824606,0.874398
7695b179-837f-444f-b0e9-f4a3e98af2c9,gaussian_blur,s5,5,0.593107,0.739089,0.765682
76966710-78f3-4d6e-a767-2c0bbcf289e3,fog,s3,3,0.604904,0.693264,0.951237
769c730c-4d23-46b1-b35c-d35da39d39e6,shot_noise,s1,4,0.460021,0.479178,0.920043
76aa208b-d9d9-4a50-89ab-16f3d8eda74c,fog,s4,0,0.343333,0.494367,0.544392
76d19c3d-4926-469b-b3d5-dc107065f5e8,fog,s5,5,0.574037,0.718570,0.767799
76d23af5-98f9-4d77-aeaa-14d571eb0adf,clean,s5,4,0.481311,0.645902,0.660979
76db0d71-9467-4fe0-825b-783c68cc9c2e,clean,s4,0,0.494383,0.565567,0.882837
76dc43e5-972e-4211-929d-2f649bb21c04,shot_noise,s4,3,0.481354,0.648209,0.654645
76e2ab3d-3c5e-417d-83bc-3583279863cf,fog,s4,3,0.589841,0.719944,0.820811
76f6afdd-cfe9-473a-864d-18d1f9964c21,fog,s5,4,0.313037,0.467931,0.493508
771143b6-3fa7-4106-ac3f-4de337884e32,shot_noise,s4,5,0.521232,0.675840,0.714386
77233fe9-118b-4688-afed-3c883b2702a9,shot_noise,s4,2,0.736800,0.839951,0.901604
77298083-df81-4ee5-8250-4312fbe1a1e4,gaussian_blur,s4,0,0.848493,0.916998,0.930566
7731899c-fdbf-4ce0-b0cd-e03ec7d9d36a,shot_noise,s5,5,0.410072,0.569487,0.609845
7731ba77-7c13-41de-af3d-992746b32790,clean,s5,0,0.300184,0.447056,0.488343
7740ef4d-de8d-4484-ac85-0a630d282cb4,shot_noise,s4,4,0.573555,0.702652,0.817579
7745d004-9e4d-4a93-86bf-aa39998390b5,clean,s4,2,0.279379,0.388365,0.515835
774c9279-a250-4ac9-96d0-764a7e1debc0,clean,s4,4,0.447849,0.552611,0.766229
774d6bdc-ae92-43ca-ae8d-277279d056ae,gaussian_blur,s5,1,0.419011,0.588724,0.595051
77504c0d-e3fc-4946-93ba-faeabe20e446,clean,s4,3,0.784302,0.872215,0.933104
77509bb4-7b92-44a4-b401-1c82aeeebabd,fog,s5,3,0.460091,0.621267,0.653867
77517c05-ffa4-4df0-9e71-309deb923a12,shot_noise,s4,0,0.663608,0.786842,0.849173
7751864e-bf16-4716-b541-2c00d2dbb0df,fog,s3,3,0.359959,0.498253,0.591379
775a7ce4-102a-41fb-9983-7d16bdb3a58f,clean,s5,5,0.690360,0.816736,0.817277
775e8882-079d-4613-9066-d3799b8bd9bd,clean,s5,2,0.666437,0.798088,0.808485
7776ca5f-b5a5-456e-b07e-ea1a9c9b7299,fog,s5,4,0.351203,0.518563,0.522485
778c3e40-38e4-45a0-b7be-71dade895c6b,clean,s5,1,0.735178,0.846477,0.853264
77a14f6d-981e-4107-aa84-3bd751f55154,fog,s4,1,0.537921,0.681612,0.755861
77ad6e5f-cb90-4e78-9cb3-a4fe245956b0,gaussian_blur,s5,4,0.513327,0.655573,0.744709
77b55afe-ad25-4122-9a1a-519abaa7a17a,fog,s3,3,0.129888,0.226292,0.234592
77bdeccd-e14c-40a5-bf3e-3438f2017c0b,fog,s4,4,0.287301,0.444462,0.449781
77be0f5f-34e1-40be-af82-b0d1ec12e1ab,fog,s5,3,0.401258,0.472546,0.762614
77be7c95-f605-4310-a206-7119bccd65b0,clean,s5,5,0.326014,0.474352,0.524761
77c57ec6-828e-4847-9a23-f3da38c017ca,clean,s5,0,0.744377,0.852945,0.856951
77ceb5c7-8878-4842-ab2f-7e7cf7b75295,clean,s5,3,0.525537,0.688638,0.690107
77d19652-b8ea-4723-a6fe-e1880dfe530d,shot_noise,s4,4,0.633098,0.750243,0.875795
77dc397e-a9b0-4064-9169-9f1c6e3a5832,clean,s5,1,0.321183,0.470053,0.516683
77ddf2f1-a313-4e84-9555-197dce315d47,gaussian_blur,s3,5,0.757625,0.848256,0.953339
77ec7601-9c58-4a98-9fdb-62f4013cbd34,clean,s5,4,0.396942,0.535820,0.638278
77f14107-af73-4c7a-8b9a-296ba6efc874,gaussian_blur,s2,0,0.481336,0.490491,0.962672
77f1aa03-c7b6-4780-81eb-a4f7d586e49c,gaussian_blur,s5,3,0.813680,0.897168,0.898258
77f8b79b-5adb-45db-812e-271fa7f1ef79,clean,s4,1,0.365300,0.533484,0.538629
78074aad-4bc5-4ea0-a6a2-0465b3434e84,fog,s5,2,0.444182,0.582280,0.693781
78085171-55e7-4809-b309-3986bf9a8373,shot_noise,s3,2,0.691818,0.796737,0.921657
7813e4f0-0bcb-4eba-8c20-bf124753100c,shot_noise,s4,0,0.626605,0.759942,0.814197
781cda8e-73be-4127-853f-3e56ef978dc4,shot_noise,s5,5,0.787632,0.880067,0.890661
78221979-68a0-47ab-91d9-bb2fff77681a,clean,s5,3,0.371095,0.510608,0.604050
78239b8a-ebd8-4ba2-996b-3ec74d7836f9,gaussian_blur,s2,3,0.478739,0.525646,0.904373
7823fa4d-77c1-4c60-b390-971f0e0a76bc,shot_noise,s4,0,0.485682,0.585804,0.818021
78342775-93a2-494c-ae86-1ab854a6d7d0,clean,s4,5,0.640644,0.776421,0.801296
78365c55-8b01-4cd7-8bee-12ab98b7a8e0,fog,s4,2,0.453735,0.613785,0.651286
784284c8-9ba6-476f-ba6b-fe3d87952674,gaussian_blur,s5,3,0.412093,0.583297,0.584539
7845c4c5-4474-4184-a593-0d1864205d03,gaussian_blur,s5,1,0.465257,0.606975,0.706491
784916c8-c286-46af-8745-ae6b3fbc8f61,fog,s4,4,0.255698,0.397987,0.422667
7854e6df-6472-4909-a3c7-a9b776ec4fab,shot_noise,s5,0,0.748977,0.856241,0.858099
7858c239-8bd6-43a7-b5c8-c17fe9846199,shot_noise,s4,1,0.537421,0.696264,0.708523
7867822b-b0f7-4fe7-8f12-3072d482a4cc,gaussian_blur,s4,0,0.626605,0.759942,0.814197
786c1b44-2da7-4c08-850d-4b7e231da508,clean,s5,0,0.655728,0.789654,0.803568
7871b54a-2711-4010-ac74-673dd09e11ab,fog,s5,3,0.757931,0.862159,0.863314
78747032-2450-4fbb-8cf1-cfa3e464fbe8,shot_noise,s5,3,0.344691,0.441129,0.640679
78760652-b62b-4e09-b56b-f184a9a3b2d6,shot_noise,s5,5,0.700257,0.823546,0.824624
7887d38b-88ae-452e-850b-203922555b9a,fog,s5,5,0.683937,0.809598,0.826535
78910cbf-9398-4451-a83f-02e4321ad8fc,shot_noise,s4,0,0.612263,0.717418,0.908453
78a7586e-da21-48a7-bedb-67afd56bc6da,shot_noise,s4,4,0.501997,0.660246,0.692555
78a8dba2-003e-4f2e-aa6a-636518c96146,clean,s5,5,0.534810,0.682540,0.742162
78ac471c-4270-43cb-8de1-791f1f29748c,fog,s5,3,0.376216,0.513018,0.615988
78adb256-e514-4d93-b5ec-7bd9bd9b5933,fog,s4,5,0.492413,0.584606,0.841120
78aee21b-ecdd-43ab-a819-3878981b1f79,fog,s4,5,0.425515,0.472326,0.833267
78b4e323-4d6d-49a1-aa94-be4055f03e54,clean,s4,5,0.411539,0.581023,0.588080
78c0546a-2b58-4ebd-9972-9a2938a4e4b4,gaussian_blur,s5,0,0.520883,0.677494,0.708171
78c83983-16a7-46a6-ab4e-9eab04111272,fog,s5,1,0.352832,0.513322,0.538672
78d006b2-6d12-467f-84c9-73f238a90248,clean,s4,4,0.720776,0.824805,0.911528
78dfbb91-9382-4d94-a4c9-d0477efdc154,shot_noise,s4,4,0.463034,0.631843,0.636059
78e96330-4268-4242-8ca2-aa482fbd0b9b,shot_noise,s4,3,0.717976,0.822104,0.913051
7903116e-5787-4afa-bee8-a31689927f75,gaussian_blur,s4,5,0.537684,0.686454,0.740448
7909ac87-6e32-4117-9b98-505bf51b56f2,gaussian_blur,s4,3,0.741065,0.836110,0.943829
79119083-6149-4657-8acf-b8fa38a02ea9,fog,s4,3,0.405651,0.569990,0.593872
791f57f6-a27b-420e-b622-df8127973614,fog,s4,1,0.669567,0.787380,0.871243
7922ea1c-6838-4670-aa11-2bd676655177,gaussian_blur,s4,0,0.613762,0.754087,0.787387
792a7ffa-886f-47d4-8fd1-3bdd267a07dd,shot_noise,s4,5,0.593466,0.728617,0.804781
792b8546-4960-44b0-b058-a1b431e40bd2,clean,s5,1,0.668840,0.794202,0.837333
792b9100-51e8-4f66-94cc-b1d969b6d6b5,clean,s2,5,0.610775,0.695789,0.964047
7934992a-950e-4088-b16b-351cdc54df0d,shot_noise,s5,3,0.230507,0.318647,0.456853
794b025a-1b3b-4dfb-b2ce-1e0e03a5050e,fog,s5,2,0.376212,0.529241,0.583898
79522054-d908-4c4b-bdf5-c7584a0e52ee,fog,s5,4,0.286705,0.400761,0.520540
7954441f-63ee-4118-a4e2-47a0a58c33bc,fog,s5,0,0.760004,0.863458,0.864960
79554890-6ac2-4f61-b932-d753752c9a09,gaussian_blur,s5,4,0.587866,0.739562,0.743851
7958ac20-e8c8-4250-8356-1f84c8ee4fbb,gaussian_blur,s5,2,0.557641,0.716007,0.716008
795a70fa-448d-4001-a734-f9d6c92d4b0f,fog,s5,3,0.493283,0.597988,0.816589
79647212-3dfe-49ab-9f7c-c1c1d8bec8a7,clean,s5,3,0.230507,0.318647,0.456853
798ce92a-b119-479c-974a-0638e0e4eb98,fog,s5,3,0.388529,0.558376,0.562460
79aca88c-383f-45b7-8fda-ecd2a418776a,clean,s5,2,0.744152,0.853247,0.853749
79b17917-118e-4492-8648-4fd98d3019dc,gaussian_blur,s4,4,0.519909,0.673884,0.715554
79bcd30f-d49a-4040-a83d-7fc51a627288,fog,s4,4,0.498405,0.606161,0.815275
79c648b5-71c7-47b9-b8ed-be4d380f784a,fog,s3,1,0.587469,0.700164,0.873435
79d223bf-5c59-45c0-a194-60d57f9b4ed6,clean,s4,4,0.732553,0.843378,0.860037
79d42f0b-6796-4b49-91ed-b45c430e9fea,clean,s3,5,0.614316,0.709731,0.938005
79f62f80-e3d1-412f-b3ed-4e089f9f9697,gaussian_blur,s4,4,0.474946,0.638527,0.659211
7a06ddb5-c209-4e65-90c2-bed8dde69335,fog,s5,1,0.502000,0.653516,0.711520
7a0a1587-3f61-4f09-9308-e315fdf67f35,shot_noise,s4,1,0.742989,0.847701,0.884357
7a0b0a7a-732f-4be5-bcd7-0cf50ac1f2a4,clean,s5,2,0.260723,0.410052,0.419637
7a146309-4035-4444-8f55-dddb4f645298,fog,s4,0,0.799313,0.886489,0.905872
7a1a3573-75d3-4376-8823-78585720203d,clean,s5,3,0.672136,0.797381,0.836222
7a2fd396-95ac-4abf-bc45-52ca8ea76fac,gaussian_blur,s5,4,0.697465,0.816315,0.851483
7a32566f-1213-4206-a9af-c1fcf013b22f,fog,s5,5,0.515057,0.674754,0.695795
7a3c0c8d-6be1-413a-9218-5df7ea5f5115,shot_noise,s5,1,0.701852,0.821737,0.842048
7a401ce2-c114-4c74-b4d4-facd4a7561fb,fog,s5,0,0.625546,0.769557,0.770024
7a471870-812e-46c7-a4b7-4d7fe6c32f67,clean,s5,0,0.762620,0.862293,0.887344
7a503cc1-3262-4809-98d5-c05e83334f16,fog,s5,4,0.585118,0.737766,0.740165
7a6d2d64-c685-41d0-a0a9-35dcda8e4e8e,gaussian_blur,s4,5,0.554219,0.689496,0.789456
7a6ebe06-f03c-402f-9185-123846744551,shot_noise,s3,4,0.467676,0.590959,0.750597
7a70b056-994e-4714-8479-42362a1a01f9,gaussian_blur,s2,0,0.662266,0.758037,0.957123
7a720244-a591-4292-95f2-695d2a5756c5,clean,s4,0,0.655377,0.769927,0.886955
7a765c0b-95ce-4c76-a0ea-ef76a51ab1a8,shot_noise,s4,0,0.313510,0.458963,0.511371
7a78c8c6-073c-49db-a605-914fa43f2075,clean,s5,0,0.823135,0.902230,0.910747
7a79c980-2928-469e-9607-4544d401726f,clean,s5,0,0.747290,0.855233,0.856320
7a7dc5bc-233b-4b13-995f-2dd21c20cd05,clean,s5,3,0.481311,0.645902,0.660979
7a9cd635-fd7e-4967-bfca-3db621903b9f,gaussian_blur,s5,5,0.632548,0.774030,0.778865
7aa8a820-64b2-48bb-8148-a97ee4b9f3bb,clean,s5,5,0.591342,0.740770,0.752568
7aa90ca4-148d-4797-8434-5a42e9afdcf5,fog,s3,4,0.166792,0.279778,0.294396
7aade787-cfe4-420d-a1ee-3449ba4aa386,clean,s3,4,0.490738,0.510913,0.959904
7aae1554-74ca-4cfd-9922-c03d64566d0c,gaussian_blur,s4,0,0.355943,0.512411,0.550854
7ab1875c-5011-4a88-b2e0-23da41986839,shot_noise,s5,3,0.534553,0.684180,0.736294
7ac18f04-ebe7-46be-8421-a0f09b3082dc,gaussian_blur,s4,4,0.424892,0.524829,0.746973
7acd99c6-9730-4ef8-92be-ba9212cb19a6,gaussian_blur,s4,3,0.568987,0.721697,0.738210
7ad7ecb8-f06a-4637-909b-96aa099793c6,clean,s4,3,0.777076,0.869125,0.916054
7aedcf6c-7630-4cdf-92d5-c607dbe263f8,fog,s5,5,0.239172,0.383468,0.390155
7aee47ca-cd02-474a-b1ef-6657601eff58,shot_noise,s3,3,0.543933,0.670526,0.808048
7aeee6b6-6370-4233-a4fd-2bd73ae25321,fog,s5,1,0.492240,0.651072,0.684555
7af5c4f2-9f31-4cd9-8214-fbbb656e2051,shot_noise,s5,2,0.387150,0.528008,0.622150
7b08299a-8337-4e8e-857a-abec3ca511ef,gaussian_blur,s4,3,0.693781,0.809716,0.869099
7b10d331-5b5b-4223-a499-c05ddd636613,fog,s5,3,0.528891,0.691854,0.691888
7b125d14-64f5-4f92-826f-6eea2528a407,clean,s4,0,0.540719,0.664947,0.812208
7b199647-717b-4032-8d41-fa74207b4cc1,shot_noise,s2,1,0.491021,0.495470,0.982042
7b1d9aa6-709b-407e-9924-ccc812a8f7fe,fog,s5,5,0.326205,0.468980,0.535171
7b497752-579f-450e-a7a0-62dd4694f73b,shot_noise,s5,1,0.791122,0.882539,0.890560
7b502560-4a0a-475e-badb-c5c280bc1573,shot_noise,s5,3,0.448911,0.607173,0.651423
7b51e395-9e1c-4cc9-8bcf-983806bffd05,fog,s5,3,0.561003,0.718767,0.718789
7b596677-bc2b-4624-b8e2-20204291da68,fog,s4,3,0.765620,0.861057,0.911849
7b689ea5-0be1-4c8e-9b09-291d8109cc44,fog,s5,1,0.516484,0.681148,0.681195
7b6a0f8e-aeac-4af9-a7c5-beb3e79ffd1a,fog,s4,4,0.801117,0.887654,0.906699
7b6b3aaa-e166-4042-bc07-b518cc78534c,gaussian_blur,s3,4,0.430948,0.552287,0.714090
7b6d8212-6fca-4112-8f56-50a887651f55,gaussian_blur,s2,5,0.701116,0.793558,0.973221
7b713aec-e447-4dde-91db-337f45baa9d9,gaussian_blur,s4,3,0.685005,0.805085,0.853976
7b7d22ff-8d64-48fb-9e5e-f2b40dc4e258,clean,s4,0,0.569652,0.716162,0.759902
7b7da48f-35e7-4f0e-b919-236cbef4a9f7,fog,s5,1,0.630438,0.769657,0.789307
7b7e5609-0d47-42cf-ae80-d80f60c7bd6c,clean,s4,4,0.373053,0.519291,0.593531
7b90bca2-645c-47ed-8a51-7785dfeeb7f5,gaussian_blur,s5,0,0.795813,0.884638,0.900691
7b96e169-0ec4-4293-8bce-c19b14a8db09,clean,s4,2,0.823467,0.900338,0.931792
7b9962ce-44ac-4040-8859-1294ca22ee24,gaussian_blur,s5,2,0.387479,0.545482,0.587259
7b9ab425-9ace-4d9d-9d18-bff78d847bda,fog,s5,5,0.604108,0.731398,0.834373
7ba7ef87-e3a2-434e-bfc7-a2d03e17acfe,fog,s5,3,0.614197,0.758087,0.773010
7bc9ba5b-2db3-4b36-8a5c-302095060ba1,gaussian_blur,s5,4,0.651667,0.785325,0.806693
7bca940f-f39b-44db-b25c-3227493b5453,shot_noise,s5,0,0.226178,0.360184,0.382560
7bcd7097-5785-4702-90ce-8418dc7e6c9b,shot_noise,s3,0,0.698844,0.792348,0.969033
7bd9a6da-9648-4bd0-85e5-bbaee0e4a98f,clean,s5,1,0.684973,0.812962,0.813438
7be09eda-1a13-48f2-ae1b-0a7bf9277862,shot_noise,s5,5,0.664640,0.795026,0.815677
7be268dd-a08a-4edf-bd5b-1eae558f7874,gaussian_blur,s4,1,0.321707,0.467886,0.522360
7be494ad-54fa-4180-be5c-b215c5de0a4d,fog,s5,4,0.388962,0.548244,0.586265
7be7d288-02e9-44e6-91a2-5b9bce3c9221,gaussian_blur,s4,4,0.565915,0.700016,0.798715
7be8cc3c-1b6f-4fb2-8109-a97ea3910dd8,fog,s5,2,0.633925,0.772962,0.789133
7bec3de4-d703-46b5-a294-447a95d8450b,fog,s4,3,0.572783,0.701263,0.819104
7bedecda-c80c-4864-930b-ec2aa93bbfcd,gaussian_blur,s3,0,0.531272,0.646712,0.827453
7bf000b2-cf93-4651-bcfa-bc5c34796100,clean,s4,5,0.675871,0.795000,0.863129
7c05ee24-2816-4dfa-ad6b-885869ec282b,shot_noise,s3,1,0.336590,0.455364,0.592320
7c10611a-732d-421b-9074-68ed8fff21dd,fog,s3,3,0.497339,0.619931,0.781027
7c2b1fb5-529c-4e8f-a781-ba8cb73d3fa6,shot_noise,s5,5,0.756608,0.861357,0.862054
7c5554e0-c1eb-4d78-9d4d-fbbb3c1054f2,gaussian_blur,s5,3,0.752322,0.857003,0.870222
7c68c82a-06d3-428b-b817-3cd6efc9a415,gaussian_blur,s5,5,0.753561,0.857072,0.876198
7c68d339-4d17-4a6a-b857-bbf4f924e5bf,fog,s4,1,0.292311,0.436133,0.481206
7c68e214-ecf9-44fb-bfcb-4198c1a560b3,fog,s5,1,0.842599,0.913912,0.922293
7c6d1368-6a07-460d-839f-1e45bb992c65,shot_noise,s4,1,0.490764,0.650648,0.680611
7c6d7545-6a45-4e0b-a196-986f4e7997e7,shot_noise,s4,5,0.440585,0.598459,0.644589
7c744e5b-ef97-4f9e-b69e-abe723e926d6,gaussian_blur,s4,3,0.500553,0.659207,0.690491
7c7552d7-97de-4557-9c6e-0114f612a431,fog,s4,2,0.448592,0.616614,0.626482
7c81b83d-3727-4184-b47b-0473c6153e28,fog,s5,1,0.347238,0.488984,0.567333
7c824f23-2748-4c7b-89f6-da1fc3f40c84,shot_noise,s5,4,0.309699,0.401043,0.592955
7c8fe222-c2bf-4254-bd66-04d0c2ed9cdf,gaussian_blur,s4,5,0.698165,0.819221,0.839056
7c98ae54-8429-4c75-bfa0-f3489ce42cab,fog,s5,3,0.402310,0.555766,0.614335
7ca291ee-eca0-4768-89fc-18737b6688b2,clean,s5,4,0.457961,0.598185,0.702973
7caf5b06-3278-492e-b208-6c6002690abb,fog,s3,3,0.239027,0.369755,0.411335
7cbdf3e1-464d-4f0b-8b9e-c6bb1e4c139e,shot_noise,s5,1,0.643662,0.774882,0.820175
7cc6b81f-7322-4c0c-8724-ae22015f3cb7,fog,s4,0,0.539413,0.672507,0.787207
7cd871a4-f0c4-44f1-b355-c40cec284234,clean,s4,2,0.597040,0.712913,0.868795
7cdddb11-8a52-4cde-913c-f023e5344f02,shot_noise,s5,0,0.522602,0.671238,0.732757
7ce73c4c-c0f7-4b3e-a070-1f5e8196a91a,clean,s3,3,0.623928,0.715212,0.955246
7cecba53-0bd9-4d39-b536-9ccffae29eeb,fog,s5,3,0.523778,0.673842,0.729264
7cf70bbb-acdf-4550-9572-926b7f229057,fog,s5,2,0.419303,0.572516,0.633765
7cfb6824-b172-44d6-9053-1bd3f35359f7,clean,s5,4,0.714254,0.829882,0.853472
7cfe5a96-c13a-455f-a2ef-b2e28bd695d3,clean,s1,2,0.479053,0.489303,0.958107
7d0dd857-1806-4d26-8466-77eff0f9c9fd,clean,s5,1,0.768084,0.865072,0.896699
7d12abf2-1bc7-4dc6-add8-2b7c5d14a5c9,fog,s1,5,0.260750,0.342811,0.521423
7d19dab7-2b39-4dcc-8515-f04cc07ffeec,clean,s4,4,0.594430,0.740967,0.763648
7d232e2e-de0f-4dac-8e85-21abc40fcc18,clean,s4,2,0.474271,0.571819,0.810565
7d2511ca-ffd4-4b4f-87f1-e9fa0347ca89,shot_noise,s5,1,0.358109,0.513554,0.555755
7d25f72b-8f00-4faf-b5a8-dde3c94100b7,fog,s4,1,0.636619,0.759239,0.855760
7d3b6e90-e93a-4587-adae-f50dd49e7095,fog,s3,5,0.436732,0.578511,0.677802
7d3dac19-4bb8-448a-b713-5bf469665b44,clean,s5,5,0.446663,0.580850,0.704965
7d45912b-8e6f-4f95-9065-7e96819004bf,fog,s4,1,0.580761,0.700095,0.850463
7d59384b-5d00-4f2f-9228-cc25d84a8b99,shot_noise,s4,2,0.561128,0.696012,0.794084
7d5a5142-831e-4f0f-86da-ee5f9c9e3c2f,clean,s5,5,0.755783,0.860481,0.863957
7d5ad7f7-d249-49d8-b126-2b2a22bdecba,fog,s4,0,0.650065,0.761994,0.896885
7d5d47e9-0b07-4106-b0c6-b7af7d2001ef,clean,s4,3,0.613937,0.728251,0.880549
7d698748-5e66-4507-85ce-ffdc7a32f808,fog,s4,2,0.493531,0.647321,0.699369
7d6b593c-90e8-45ef-bbd8-b232908c6ff4,gaussian_blur,s5,4,0.485868,0.653949,0.654091
7d6e8b69-bf28-463f-8f24-847632d4a909,shot_noise,s5,1,0.444739,0.614566,0.618523
7d827148-75e2-475d-8667-8895169fb400,fog,s4,5,0.555167,0.704687,0.745381
7d9be5a1-e793-44b4-bd1e-fc7c486fa7b5,fog,s5,2,0.576961,0.728231,0.744640
7d9e9633-521b-4ab5-8423-78b06404b78b,shot_noise,s3,1,0.757812,0.850041,0.943446
7db5ae0f-a007-485d-9616-da04430509ed,gaussian_blur,s5,0,0.589976,0.731691,0.780987
7dbdf4f0-5811-45a4-8158-c2bd6172bd8f,clean,s5,3,0.584923,0.731915,0.761216
7dd55e84-69d1-452d-953c-75e4353bafe1,clean,s4,2,0.728486,0.826934,0.935280
7dfe8467-d52b-4c46-bcbb-038bca3ea8ae,shot_noise,s4,5,0.457868,0.623117,0.641445
7dfe912f-65a4-476c-8c77-0802c50ef600,shot_noise,s4,1,0.630273,0.737930,0.907840
7e0766ca-8649-46d9-ba7f-0233df219556,shot_noise,s4,3,0.755057,0.850926,0.924230
7e3ccfd1-0f37-4d1c-8412-ef9001961f2d,fog,s5,0,0.624517,0.767236,0.775859
7e4ef07f-3da4-4635-b73b-ac7e039a7809,clean,s4,2,0.599145,0.735151,0.802874
7e52465b-53af-4ff8-b963-bcfa71788c9d,clean,s4,2,0.626866,0.748634,0.858196
7e593700-09b5-4e4e-b501-d485db1a397f,fog,s5,3,0.591967,0.741261,0.753093
7e629f13-e02b-4f95-a96e-e6c95f443d08,shot_noise,s4,2,0.342510,0.448640,0.622000
7e6796d1-073f-427e-ac9c-7bb444a815f8,fog,s4,3,0.287361,0.429442,0.476217
7e699fe4-5cc1-4f7f-9090-757a1c4449d5,shot_noise,s5,2,0.823573,0.902477,0.911195
7e6c205e-bb73-491e-b132-472c536966d9,gaussian_blur,s4,2,0.702207,0.812542,0.891802
7e6d0885-b0b4-44e0-8353-727074f637f9,fog,s5,2,0.323894,0.465762,0.533375
7e6e3ad1-13ec-4d0c-9b1a-54b45ab0b19f,clean,s5,5,0.624517,0.767236,0.775859
7e70b8de-d595-4ffd-ad9e-beb7db45a5ba,shot_noise,s5,0,0.443567,0.595160,0.662421
7e7ebc43-e6b0-433e-beb0-b435ea628513,gaussian_blur,s3,0,0.696368,0.801533,0.919151
7e807680-6a2d-4a38-877f-6c4cbde0fb02,clean,s4,0,0.379547,0.447429,0.736324
7e89829f-2ee8-4e04-963f-0cc2137df13e,clean,s5,4,0.683523,0.805102,0.847483
7e8a60a9-1742-4e4c-bf0e-0cc6e5316ed8,fog,s5,2,0.582693,0.708285,0.832475
7e9a4c85-8e59-4f6d-bfd1-c8f4eb778b27,gaussian_blur,s5,2,0.749294,0.856457,0.858245
7e9d0f34-9f90-47b1-812e-f171211f6e67,shot_noise,s5,0,0.675505,0.802649,0.824982
7ecd447d-704f-49e2-9539-3067ab45991a,clean,s4,3,0.726076,0.835444,0.876905
7ed4015e-47a1-4d46-a6b0-113919d2306e,fog,s4,0,0.552329,0.701888,0.744233
7eda4986-d420-4081-8aca-006120596476,fog,s4,3,0.296127,0.456604,0.457563
7ede5d57-25f7-4d86-9e28-8071a51e7604,clean,s4,4,0.747575,0.847015,0.911393
7ee45d42-a1e9-40b3-9360-19bf5bd8be8e,gaussian_blur,s4,5,0.417521,0.576033,0.619874
7eeb565a-2fe8-429d-aea9-02ff07e2fa67,shot_noise,s4,5,0.552103,0.680287,0.808821
7eed20d7-56e3-43ab-b9be-faa325aae705,gaussian_blur,s4,5,0.555675,0.675685,0.833712
7eede87e-da16-42c6-a067-2c6bec16e552,gaussian_blur,s5,0,0.675148,0.803943,0.816952
7f0227c6-2f9e-4d15-b942-353aca682667,clean,s3,4,0.550540,0.668114,0.836715
7f1606c7-25db-4f7a-9b51-277a12eb80ff,fog,s5,2,0.734627,0.835601,0.916443
7f20c763-ff84-43c7-a668-92f312aa03c3,gaussian_blur,s4,0,0.594258,0.697507,0.904149
7f21452d-7fb7-47c6-921f-d97f280d1463,fog,s5,4,0.597934,0.746734,0.754901
7f348da5-bb4c-4975-b4d3-91de2104d63e,fog,s4,4,0.663983,0.789714,0.837776
7f349a6b-52df-4281-8d39-6a9a0fc1151a,clean,s4,0,0.704991,0.819475,0.868507
7f3fe248-d1ba-4e9b-93e4-0a68e7f2cc34,gaussian_blur,s5,1,0.280216,0.404932,0.492937
7f416a0d-c5ea-4952-875a-ae1150fb0628,shot_noise,s4,0,0.620878,0.749658,0.831781
7f57dc26-f520-4f4b-8436-b57b31892187,gaussian_blur,s4,0,0.672250,0.791972,0.861856
7f638a19-8fbd-4673-910f-fd5bfedd7515,clean,s4,0,0.543258,0.677692,0.785790
7f65202c-12df-43c8-8577-4822c5dc0756,shot_noise,s3,0,0.670244,0.773351,0.931487
7f6d1e47-eb33-4723-8bb1-1b9be5893954,clean,s4,3,0.570423,0.708812,0.787057
7f71d4a3-043d-45ec-9753-cef532dd7c3e,gaussian_blur,s4,0,0.556622,0.650734,0.899646
7f78e601-8eb9-433c-8545-9264d4d9cf3b,fog,s5,5,0.541719,0.702665,0.703023
7f82aeb0-97cb-4449-ae26-15dda1b93d92,shot_noise,s3,5,0.585345,0.699744,0.867339
7f900036-843e-4a8f-8992-ca143e413358,shot_noise,s5,0,0.316562,0.432860,0.565584
7f90bb13-ec00-4f72-a134-dd5fca2314c9,gaussian_blur,s5,3,0.776864,0.873502,0.881691
7fa6425e-a752-4cc3-bb52-4d242be15f7b,clean,s5,5,0.632363,0.750784,0.871077
7fa97f54-0fa0-4bb8-98fe-4c9dcd9ea6b8,gaussian_blur,s3,1,0.490738,0.510913,0.959904
7fafc08a-8960-4269-9d17-8060de2739cf,clean,s5,5,0.730103,0.841129,0.862066
7fb7fc64-a3e0-4212-8461-fec32a004d9b,clean,s3,5,0.410333,0.545723,0.661519
7fb8ebd0-3e9c-4475-8e39-2adaec267172,shot_noise,s4,1,0.800782,0.884317,0.933062
7fbb1a23-d1b7-469e-9616-c932190e80a2,shot_noise,s4,3,0.812724,0.894362,0.918709
7fc52b17-ba8e-4590-be3b-e5ce1ae613d2,shot_noise,s4,3,0.640257,0.768954,0.831424
7fc6aa38-79c7-4834-be7a-702a09d5d02e,gaussian_blur,s5,2,0.678097,0.808069,0.808720
7fdb5990-5461-4c8c-b51c-ea62b6009b4b,gaussian_blur,s5,5,0.778203,0.873732,0.887440
7fe0576f-be73-40cd-be43-0e9bfb2f5792,shot_noise,s5,2,0.360275,0.520923,0.548048
7fec1930-5306-48c1-8ced-d171c7d85a76,shot_noise,s4,2,0.244500,0.347894,0.461989
7fee75c8-7667-4f2c-9b89-8b45c7c0bb21,clean,s3,4,0.573436,0.692163,0.848224
8009a98d-8d13-481d-b076-c9eeacc21d39,shot_noise,s4,3,0.568929,0.684547,0.854260
80117e22-b332-442e-ad0a-9e2d35b9d189,shot_noise,s4,0,0.544668,0.682632,0.776405
801477c7-ba87-4ada-b53c-e58c4c8927d9,shot_noise,s4,0,0.720776,0.824805,0.911528
801b6efc-1dc6-449c-84bb-87a8940482c4,gaussian_blur,s5,5,0.835460,0.909310,0.921880
801f6f9e-9a68-4c68-85d1-5762f7740c1a,gaussian_blur,s3,1,0.496421,0.582697,0.857056
8020df39-4b1c-4819-b19a-f178809db7f0,shot_noise,s4,4,0.646905,0.771717,0.846421
80241a21-61e9-411c-8b82-f737d841c0d9,fog,s5,4,0.356429,0.486377,0.601790
802a9f4a-87b0-4695-be9e-02b535a79dc4,fog,s4,1,0.293299,0.453564,0.453575
802aa1d9-81e5-4d23-94e2-0a3d5e68e06a,clean,s5,4,0.570726,0.721747,0.744515
802c76c0-6b55-45ad-aa29-ab396c7deec0,fog,s3,2,0.425417,0.567971,0.663868
8045cdab-9e1d-40ae-ab51-5f0e443d09cc,shot_noise,s4,3,0.316694,0.463139,0.514395
8068def7-b200-4c80-8242-824df6c4df76,fog,s4,0,0.489687,0.654755,0.665201
8072cb50-2f67-401b-b7c2-18b93ebf850a,gaussian_blur,s5,3,0.467014,0.627295,0.661886
807762e2-0159-4fa2-b762-decc9e1dda08,fog,s3,5,0.309791,0.452727,0.510155
8078ced7-9b0b-44fa-a25b-d97a138dd43d,fog,s2,1,0.658414,0.749759,0.970937
807ff6a6-9e55-404e-ac01-570777a4ebd0,fog,s4,4,0.425961,0.576883,0.646016
808b64f1-c9dd-4ed6-9e23-c5e62dc76d64,shot_noise,s5,3,0.824524,0.903447,0.907728
808e3fd7-82ee-4fac-adde-baa7ee837a60,gaussian_blur,s4,2,0.702393,0.817756,0.865936
8090a42f-121d-4a47-8dbb-6d0dc419d1ab,shot_noise,s5,3,0.538627,0.695617,0.714997
8091ddff-f1d4-4a02-9871-849973c9f66b,shot_noise,s4,0,0.791012,0.877230,0.932859
80990633-6146-42f9-a97d-b320706c4f8a,clean,s4,4,0.627113,0.733159,0.912000
80a38501-57ec-4832-b0d0-63af23aff874,shot_noise,s5,0,0.560291,0.717522,0.720544
80a4061c-ba61-4ea7-9eb2-705b739a080f,clean,s3,2,0.540783,0.616292,0.925219
80accfe4-a0e9-4aad-b5e5-2c82cf7790f7,shot_noise,s4,1,0.535038,0.683194,0.740997
80bc9e0a-ff1d-4b11-83a4-233d7bb6fc12,shot_noise,s5,4,0.740006,0.848700,0.862994
80d5baad-834d-4df3-bc64-fc14e4e8461f,shot_noise,s2,2,0.565396,0.644378,0.941675
80e0ceb0-0f02-49d8-8155-ae19282ec7f5,gaussian_blur,s4,5,0.482997,0.645470,0.668048
80f7d4df-3254-4ddb-9d42-79ce1352f2f9,clean,s5,2,0.476808,0.645727,0.645730
81026ac1-338c-4c56-8131-8334848ff64b,fog,s2,1,0.660925,0.748226,0.985012
8103caf0-76aa-47d8-9ca5-b496153592cf,clean,s4,4,0.477462,0.596159,0.770555
81102448-a222-4b0f-92ca-73500861abeb,shot_noise,s5,5,0.729365,0.841407,0.856747
81169227-ddff-4d9c-b653-2b73d26d0c6f,clean,s4,4,0.379547,0.447429,0.736324
8120b3cb-4797-432d-a91d-a9124ea4d5d2,fog,s5,1,0.410405,0.452199,0.818859
812afcf0-e10b-4c03-99d6-5f2278673e98,clean,s5,4,0.769000,0.868797,0.874150
812d5cfb-19f4-4a4b-ab67-1e8406c3b664,clean,s5,3,0.672973,0.802777,0.813376
812f3ea4-4595-41e5-92a7-0753ffd60a4a,clean,s5,5,0.406458,0.564526,0.608902
8148566e-5b67-46fd-bebd-c2fe334119ef,fog,s5,1,0.541980,0.702292,0.705232
814b21fc-e8b2-4a6c-9196-589e9289c3a7,shot_noise,s5,3,0.733760,0.844611,0.858191
815e6768-c1f6-4606-a73c-b329ba237dba,shot_noise,s5,4,0.214097,0.349823,0.357088
81647fff-52f8-4c80-9a86-938e9b579b81,gaussian_blur,s5,5,0.462116,0.590210,0.734390
817c438e-0a38-4be8-bdfc-7c87fa3a5439,shot_noise,s5,1,0.601267,0.750845,0.751566
8180fdae-fece-4760-bf67-8a5338f528eb,shot_noise,s5,1,0.726294,0.841010,0.844208
81900f75-71f6-4b20-ade5-9f13a2febe96,shot_noise,s4,2,0.681102,0.788081,0.915168
819aafda-2928-421b-8227-397a00fb4254,gaussian_blur,s4,0,0.652832,0.762805,0.904421
819fa8d4-166d-42cc-8037-e7e2807bbc99,fog,s5,5,0.701244,0.824368,0.824511
81a383eb-717d-4130-bd97-d9dadb9e38ad,gaussian_blur,s4,0,0.809195,0.886995,0.961269
81a92398-7fee-4ac1-a5f4-6f1d6a904d77,clean,s2,1,0.658697,0.750053,0.970996
81aa783d-6a2e-40c4-9577-6eb6edf279e2,fog,s3,4,0.576679,0.700976,0.833627
81aa95eb-8b86-4188-9a32-333c1114f06e,fog,s4,1,0.632448,0.761875,0.829317
81b09cb4-0960-4390-86e9-9642e1ae774f,gaussian_blur,s5,0,0.370977,0.531289,0.562304
81b53160-dee2-4e2f-80b8-c01a56cf54c2,fog,s4,3,0.249880,0.395998,0.406217
81d3841c-3b6a-4609-a2a0-de37334f6f7f,fog,s4,2,0.296469,0.450025,0.470663
81d46cdd-2a9c-48d8-9709-273733c7e4b5,shot_noise,s4,0,0.823467,0.900338,0.931792
81e2ae18-9c0d-4505-a254-fdfb75e70fca,gaussian_blur,s4,4,0.772071,0.868829,0.890803
81fbacb4-2cb4-4706-a68f-e107307f6582,fog,s4,3,0.546271,0.666842,0.825797
82069196-0ed6-4c0d-8a1a-b7c75b8ab318,shot_noise,s5,5,0.560111,0.714332,0.731019
821a7e84-a5cc-4844-88ea-d0e52f66073c,clean,s3,0,0.408630,0.545467,0.656554
82218fb8-024a-4479-b86e-2a0b86fd27ae,shot_noise,s4,5,0.732155,0.834541,0.910807
82250bec-ccba-4907-94e1-d4ac1e105a1c,fog,s3,4,0.260187,0.393324,0.445258
8229f038-d393-4af1-a7e5-dc1f84479732,clean,s3,1,0.546719,0.648434,0.873357
822b82ec-b488-46c4-add4-27baee9a1f5d,shot_noise,s3,1,0.464093,0.481378,0.928186
82378e1d-f6f7-429b-ab91-18b77ba49ecb,fog,s3,0,0.679369,0.787487,0.910669
8237f1c3-bee3-459a-a2fb-5edd4c11f326,fog,s4,5,0.495945,0.649504,0.701706
82436fd3-573a-4391-8cc0-c097e5e23ea2,fog,s5,2,0.745060,0.851226,0.871931
8247e09d-ff97-4ea3-a813-29a496d55283,clean,s5,4,0.333804,0.482448,0.535467
8247e923-2e90-4179-8776-1cc05b0198a5,fog,s5,3,0.775534,0.872285,0.883701
824baac9-8401-4c5f-8a32-3b7907818ab4,clean,s3,0,0.471135,0.485139,0.942270
825179ce-84a4-495e-8e58-2bc8b2805877,clean,s5,0,0.668754,0.798163,0.818040
8262e411-cbc9-41a2-acf3-d45fcef2725d,gaussian_blur,s5,0,0.817065,0.898812,0.904380
826ccc1c-5bdb-4f4f-b0ae-c0b2102267ea,gaussian_blur,s4,0,0.747575,0.847015,0.911393
827fc775-de6d-4b43-b885-9cd99505090b,gaussian_blur,s5,1,0.503573,0.669643,0.670416
82894adf-ae6d-4d54-a30e-07522f3ebdf8,clean,s5,2,0.652508,0.780903,0.829952
828f7272-3c11-45de-864f-bce726335694,clean,s4,0,0.671676,0.792594,0.856643
82927281-5236-4d88-bc97-f08faf51c2d1,fog,s4,5,0.358311,0.515309,0.552907
8294ce26-1fc9-4c7f-aa87-a7bbb1c82fee,clean,s4,2,0.614015,0.750037,0.804128
829661cd-cd7c-4292-a137-330bc53d64ef,clean,s2,0,0.487682,0.493764,0.975363
82af62d6-7644-468d-9db2-ffbce231017d,fog,s4,3,0.685437,0.805521,0.853691
82b20ad9-a35e-4446-8a8a-f25a5ba3e09a,shot_noise,s1,1,0.425576,0.468276,0.839255
82b9c15d-ef13-4886-9235-e75fead15f2d,clean,s3,3,0.384042,0.499801,0.665227
82ba69da-00a9-4fe6-bbcf-46ab61877af2,gaussian_blur,s5,4,0.757419,0.861841,0.862886
82f6bda8-52c3-4263-8034-5ca07cefb23e,clean,s2,2,0.563334,0.633001,0.959600
82fd0673-ab95-488d-83a5-9b5d58cd4015,gaussian_blur,s5,4,0.353455,0.497114,0.572384
8314cd8b-cf95-4b95-b75e-55e69dd83992,fog,s3,2,0.465958,0.517519,0.880657
83197b7c-d800-4124-8289-69b2683b8a85,shot_noise,s5,2,0.633727,0.772593,0.789931
831ce57d-5fe9-4b57-acae-e101704588a5,shot_noise,s2,3,0.765276,0.848898,0.987051
83209fea-c5ca-4c74-bfad-583fe5b98258,gaussian_blur,s4,4,0.493836,0.633154,0.737520
83309915-f029-42b7-8384-abf6895208d4,clean,s4,1,0.290319,0.398960,0.534907
834611eb-831f-4f38-98c8-ab964e0707ca,fog,s3,2,0.533114,0.650246,0.824757
835de4c9-1f65-4c9f-901a-caf39665c32f,fog,s5,3,0.708724,0.828992,0.832720
83717836-a943-4e99-b7df-9eb97b80d9ec,clean,s1,2,0.431888,0.472430,0.851195
83725997-310d-46f7-9486-19f674bc98fa,fog,s4,5,0.342200,0.508824,0.512117
8389a102-2b59-45f4-9482-cd8721dd59a4,clean,s5,1,0.458117,0.628329,0.628474
839ca49a-f564-40f1-bc3b-e0cb189855c4,gaussian_blur,s4,5,0.711210,0.823429,0.875451
83a37c74-4efc-45b5-a5e2-c2beb63422a1,gaussian_blur,s3,2,0.450237,0.572008,0.735186
83c36eb2-3e8f-4252-8792-f3a0ca84866f,shot_noise,s4,0,0.499791,0.639075,0.742414
83c5109e-c4c4-411e-aa6b-31f04f2fe537,clean,s4,5,0.363013,0.517850,0.563385
83cdad43-710b-4436-9e57-7a614c4e6193,fog,s5,3,0.648924,0.783612,0.803151
83d6b9cd-c1a8-4a12-a726-ad3be9b5fded,gaussian_blur,s5,4,0.490792,0.658198,0.659115
83e95e4c-12fa-4440-a941-11101f916624,fog,s5,1,0.586978,0.729708,0.776869
83f26364-9c88-47c4-b147-99d3a9761503,gaussian_blur,s3,4,0.665212,0.770809,0.921744
83f7092f-68b9-4d74-bd88-cbbe9f16b611,gaussian_blur,s4,3,0.437538,0.521504,0.791029
83fa8ef6-7de7-4964-bcba-beb6182bf548,clean,s5,4,0.798631,0.888000,0.888423
8405c802-627d-4888-96fa-b3b4be26e142,shot_noise,s5,4,0.536793,0.662445,0.805664
8412e1f5-5c64-4474-8faa-5b3bb4a3d696,gaussian_blur,s5,1,0.356752,0.507310,0.563605
84188332-01be-4206-aa12-80d8c5712b1b,clean,s4,1,0.710541,0.823180,0.873755
841ec051-5eb0-4534-b23e-3a1e94d469e0,shot_noise,s4,5,0.624115,0.752715,0.832635
8426453e-3aa5-4711-ba6e-12c0a3746152,clean,s4,1,0.559620,0.708967,0.747423
8434b165-c84e-46b2-9583-18256b0effcb,gaussian_blur,s3,4,0.481990,0.615694,0.740937
84366e5d-9588-467a-acf9-606c77ed36ba,gaussian_blur,s5,0,0.226178,0.360184,0.382560
8439644f-a6b0-42d8-9b88-3745b2138097,fog,s3,5,0.520368,0.619230,0.856021
843b5777-c743-4609-9a92-26edc0326440,fog,s5,4,0.467321,0.635245,0.641707
843bcf5b-93a6-44c0-8a29-107e5b295347,gaussian_blur,s2,4,0.410573,0.478389,0.781035
845ba0c1-fa2f-426b-8e33-16a401c23c51,gaussian_blur,s4,2,0.477144,0.531532,0.890459
84629c77-12a7-4215-bc52-fb2479558313,fog,s5,0,0.622790,0.759334,0.801713
846b3c02-ed43-4bf6-9fa1-47b5ad13d39c,gaussian_blur,s4,3,0.261808,0.398763,0.441932
84705224-3f3e-4196-8352-b2ea07fba7db,gaussian_blur,s5,2,0.685062,0.812879,0.814286
8475cc6c-60cc-49cd-9c9c-d7adfd05948c,fog,s5,2,0.374102,0.457530,0.704834
847cc6c5-c495-4c89-9da8-e1361dc1904f,gaussian_blur,s4,2,0.654845,0.772585,0.874282
84838471-2c7a-4d52-8da8-6d073498d5a2,clean,s5,3,0.442360,0.595011,0.658749
8486652e-3896-448e-8e5d-6ad0db5a9981,gaussian_blur,s5,0,0.411163,0.532490,0.690191
84901d22-903e-42d4-b953-5a03b80681e8,clean,s5,0,0.312169,0.449692,0.523259
849f3980-353b-4dfe-8a42-b1948d510a78,clean,s2,2,0.484099,0.491921,0.968198
84a267cf-becf-46ad-868b-2ba5b9297752,shot_noise,s3,5,0.605665,0.695037,0.949100
84aa6bff-0688-45d1-9644-a121dadbc66d,shot_noise,s2,1,0.720259,0.812147,0.971730
84acfeeb-4f0b-44ee-9e89-80b07bd68a3f,gaussian_blur,s5,5,0.497922,0.664597,0.665476
84b6efab-3a1c-4299-b86d-5e0dfdaad257,shot_noise,s4,0,0.417842,0.474305,0.808354
84b7c919-65e1-4b59-b7e4-f2941964c1bc,shot_noise,s5,2,0.820160,0.900615,0.907030
84bad16f-32ab-40a6-af34-c835869b90ee,gaussian_blur,s2,3,0.522782,0.571179,0.955808
84bc2cb2-45ef-4774-86ea-c245c4abd1f1,gaussian_blur,s5,5,0.786521,0.880210,0.882971
84e7cbb6-b957-4a50-90e0-13bde862eaa8,gaussian_blur,s5,5,0.196266,0.307087,0.358501
850809da-4be2-432e-aaf9-c9b404a6b3e0,gaussian_blur,s3,0,0.401382,0.537236,0.649769
851140e9-bced-4d49-966d-4b24525c6a8e,fog,s5,1,0.734712,0.845117,0.859685
851355fa-d5fb-4594-9c65-58f3023d8980,gaussian_blur,s3,1,0.171684,0.286855,0.301748
851a8a7a-6511-4d35-a7c8-fc748c1ed3a8,shot_noise,s4,3,0.698261,0.807789,0.897948
85258bf5-99c4-4090-b9f0-5029f9d39c80,shot_noise,s4,5,0.437748,0.605095,0.618661
8531932b-b09e-4da6-ba64-d30af65a7bdf,clean,s3,2,0.676766,0.773542,0.955979
853d2457-b959-4781-b6d8-2514bd17b553,shot_noise,s2,5,0.466372,0.482601,0.932745
85407607-abe8-4cfd-ae46-4333ffb409e3,clean,s1,4,0.438529,0.477051,0.863327
8544f653-aa3f-4ec7-b803-cd744af38a6f,fog,s4,5,0.764011,0.856659,0.932921
854b02f4-7e31-427f-950d-40789ec7526d,shot_noise,s4,1,0.586146,0.732375,0.764144
8559871b-33d1-4327-9eb0-0f1590f0e1e3,gaussian_blur,s4,1,0.688219,0.804786,0.869279
85600768-61af-49af-94fe-b97730f2c0cf,shot_noise,s4,1,0.808709,0.887490,0.954229
856278a4-0a57-4e76-bfb9-8db83bbb0ed7,fog,s3,1,0.808433,0.885041,0.972613
85709999-0e6c-44ed-9de0-38d40ddf00f9,shot_noise,s5,1,0.363454,0.509058,0.582185
8579aa83-138f-4b66-96bb-4185b1958648,fog,s4,1,0.676037,0.792618,0.874657
857d78e3-d822-46c4-b889-4310595ba4f1,clean,s4,0,0.638144,0.763526,0.844992
85801883-4dc6-424a-bc9c-1e42e7c79da4,fog,s5,0,0.809027,0.893664,0.901670
8580dcb9-8a77-4ac8-a91c-67681a1667f4,clean,s4,3,0.740061,0.845048,0.886540
8584eeef-dab9-49a5-86b9-166e9ccea843,clean,s4,2,0.691822,0.808571,0.866276
8587140b-0e73-4636-8270-9d5309fbbf2a,clean,s5,2,0.732887,0.845581,0.847644
858955bf-5c2f-4dbb-be11-5bed5ec487c1,fog,s4,5,0.737539,0.843673,0.882681
859d1cc5-ed8b-4e65-904b-55c8060e4cc4,shot_noise,s3,3,0.694102,0.792139,0.950747
85b8392d-2c17-47f0-812c-62b7402052b4,clean,s5,2,0.325353,0.433914,0.591756
85bf3e67-8cbe-4f34-8ffc-ad613eb5c31d,gaussian_blur,s4,2,0.617108,0.737144,0.862443
85d1005d-772e-43af-95c3-444e84d6a6f7,fog,s5,5,0.339559,0.505229,0.510491
85d35af3-6976-4929-9adc-6834adf16f28,fog,s5,4,0.602470,0.751203,0.754837
85d6f429-7f4c-4312-b5f9-07ac353c4849,fog,s5,0,0.684507,0.811046,0.821512
85e2d442-bff8-4ebd-986d-d5bb684c7c02,clean,s5,3,0.531002,0.692265,0.698219
85e7ae72-9a54-4986-aa67-9847805778c6,fog,s5,3,0.435176,0.604621,0.611051
85fb1426-5dd7-4aab-8e22-87be4519d58c,clean,s4,0,0.678369,0.787467,0.906704
85fe5380-36fe-4328-9fec-2f58602c2897,gaussian_blur,s4,2,0.445378,0.613211,0.624208
86022e18-bbe7-4252-819f-21a2a7a9edbe,gaussian_blur,s5,4,0.638406,0.779279,0.779403
860c3cf8-22e4-4876-b7d8-00163a83e474,clean,s5,4,0.659435,0.794746,0.794891
860ef36b-77a0-4a60-a4d4-b9fea6606990,fog,s5,5,0.504664,0.669523,0.674665
860f4691-f579-4d11-a9f5-bb2292c307bf,clean,s4,3,0.557762,0.712487,0.728697
861781c4-158f-4e3f-9700-e2d6506e9a61,fog,s4,1,0.386627,0.555790,0.561840
86295d36-2009-4944-b3a6-2b2982406321,shot_noise,s4,1,0.477991,0.626924,0.700119
862d5ccf-4e4a-439c-a998-257189aa3717,shot_noise,s5,3,0.223203,0.361488,0.370368
863cbfcf-effb-405e-af02-763535d25f44,fog,s5,0,0.555245,0.714028,0.714030
865932ed-fc19-4c0e-9f6a-0f6c1661baaa,fog,s2,2,0.293899,0.377458,0.577691
865c1638-b14b-41ad-b768-6192e035e7a2,shot_noise,s4,3,0.627978,0.760583,0.817008
86626a16-6688-43b4-9dff-0886f4749095,shot_noise,s4,4,0.563538,0.657936,0.904773
8670929c-5190-4415-ac75-58b0a7d558da,fog,s5,2,0.326153,0.450273,0.567563
8672175f-0ea7-41b3-9c5d-b1716d7b6514,fog,s5,2,0.448186,0.585473,0.699749
86818f47-3437-4f09-a27f-6f4a7a0eb92b,clean,s3,2,0.751030,0.841615,0.960101
8684a4e6-1cd7-4c43-ac42-7d3d18f2b139,clean,s3,5,0.511575,0.590140,0.888501
8685c813-e7e7-4b7a-a5c1-80aaccb90f3f,fog,s4,2,0.504487,0.657378,0.709360
868742ee-4dd2-4e8c-a924-3bb52e074133,shot_noise,s5,2,0.420907,0.590750,0.596600
868affa5-6309-4cbf-906d-577b686ddff2,gaussian_blur,s4,5,0.426495,0.580151,0.640386
868c84b5-0a98-471f-89cd-31644e7be294,shot_noise,s4,3,0.454877,0.607608,0.670436
869e6f1a-3124-43c4-b6f9-69bdab03cf73,fog,s4,3,0.411572,0.577771,0.595856
86a3dbb8-41a7-4561-a189-776a176fe8a5,shot_noise,s5,1,0.617961,0.763148,0.766949
86b763a9-9953-4566-b22e-71976c6d5f85,clean,s4,3,0.808437,0.892264,0.910859
86bf9987-629b-41e7-b747-5b56c686fdd1,fog,s3,5,0.424607,0.522438,0.750357
86c9f03e-2292-4412-932d-ebb83ed7af83,shot_noise,s3,5,0.592572,0.712115,0.855515
86cba72d-b06f-48c4-9b67-65c6e36c2a88,shot_noise,s5,5,0.555648,0.706207,0.742120
86cf0b5b-f5b8-4b22-a3c7-9bdd4a55aa18,shot_noise,s4,1,0.562951,0.700276,0.787408
86d23dc0-2349-4b1d-83e3-7f196f786198,shot_noise,s4,4,0.728999,0.825531,0.944885
86ef86b2-d724-450f-bf9b-23d7e9885126,fog,s5,3,0.625706,0.765335,0.788643
87287df8-3413-4d75-8c92-4199bfcf67c9,fog,s4,3,0.552253,0.690458,0.779688
872adf5a-9491-4703-a434-4560e1694be1,shot_noise,s4,1,0.609191,0.735740,0.838120
873e6287-0f56-4ad0-a5d7-57eb1bdf65a8,shot_noise,s5,2,0.758575,0.856883,0.903472
874038cb-18ac-41d2-afa2-7df09678ed3d,shot_noise,s5,4,0.200338,0.302829,0.378229
874a5cd1-46c4-4cf2-9287-1e1efaa5513c,fog,s2,2,0.505507,0.552976,0.936781
8765f3d3-4f5e-4485-8fa9-a4f39046fb15,gaussian_blur,s5,2,0.350656,0.516092,0.525739
87683735-a442-4950-a603-f53d61d69202,fog,s5,0,0.466976,0.622049,0.675285
876fec2b-6d73-4a43-b1a5-4ab314eaf0e6,gaussian_blur,s4,4,0.633975,0.773288,0.787916
8784d67b-275b-40b8-9b3e-ad9d3d6e93da,clean,s4,3,0.440919,0.609150,0.619280
87938a9d-9ff1-4b1b-a832-e160a56eb04f,fog,s3,1,0.521118,0.639457,0.811988
8797da65-85ac-4990-ab4e-0c3f89a6aa08,clean,s5,4,0.720403,0.837481,0.837483
879a9c68-96de-44dd-99cf-9362600d364e,shot_noise,s3,5,0.755232,0.841030,0.983333
879ef93e-28f7-4751-a253-e8b73d45add4,gaussian_blur,s4,4,0.485999,0.633989,0.709061
87a58e19-f2c7-4150-bdab-ec05a6fb3b19,clean,s5,1,0.451502,0.598559,0.680800
87bc102e-07a0-4e8d-902d-3853a4a9168c,gaussian_blur,s5,2,0.708485,0.827281,0.841477
87bd394f-88ea-4ce2-9bd1-b7c244fd35af,fog,s4,4,0.651523,0.772862,0.860030
87dde941-83cc-4499-964e-2f9867aa22b7,shot_noise,s5,5,0.576512,0.728945,0.740347
87e04930-c92d-40ff-bcf9-e1577610a950,shot_noise,s3,3,0.595615,0.721268,0.837321
87e0e121-94cc-4c16-850e-70ddc94b0dab,fog,s5,3,0.622370,0.761564,0.791024
87e2177c-9576-41ab-851f-a3c6e7e84131,fog,s2,3,0.692748,0.782508,0.983928
88019ebe-6532-4965-9552-688aa9b9431d,clean,s5,5,0.610786,0.754755,0.773109
88025e10-6706-4bd0-92c8-298bf17cb51e,fog,s3,1,0.571011,0.669404,0.900955
88128287-936e-43aa-8746-3d93e4a8dbfb,fog,s5,5,0.536933,0.640919,0.859640
88142895-382b-427b-81fe-5e459dd23f07,clean,s4,2,0.379319,0.525816,0.601029
8818703a-586c-4577-b1c7-c1eabc3bffd2,gaussian_blur,s3,3,0.607686,0.727791,0.859515
88258ec9-40ca-4f83-8161-ebec4ca8b944,clean,s5,5,0.728963,0.840113,0.862778
8826adc2-f09a-4f5b-8cf5-1595fb29326f,shot_noise,s3,0,0.560121,0.656959,0.896129
88284945-b461-4b1c-929d-c66256008651,clean,s5,4,0.739471,0.849989,0.851797
8829ea17-1828-4065-9025-746dae04f394,clean,s4,1,0.646765,0.776012,0.827845
882fa699-a90c-4096-8186-250c2a405944,clean,s4,5,0.790954,0.878874,0.919623
8833bdc6-2e99-4128-9e30-1a09f1739ad9,fog,s4,2,0.634161,0.774045,0.785357
8835dfc0-d226-48be-b3ae-27c4c787c7e8,shot_noise,s5,3,0.657837,0.789539,0.812944
883da185-e999-4d2f-be6e-a8d7491d678c,gaussian_blur,s5,3,0.595525,0.746030,0.748320
884ff8d6-07af-477a-aac9-4112fb87d422,gaussian_blur,s5,3,0.645229,0.783144,0.789988
885a9fe5-f44e-4a77-b5a9-4b3a234bd063,clean,s5,3,0.723178,0.836151,0.858902
886ffc2b-99e9-4828-a9fa-b488724c1e57,fog,s3,3,0.490738,0.510913,0.959904
8873aa58-f747-49e8-aeea-f0843d7d7118,gaussian_blur,s4,0,0.430897,0.601735,0.603632
8891af86-2598-49cd-a82c-1e2131735246,gaussian_blur,s5,5,0.629405,0.772137,0.774404
88934848-35f0-4d4d-a5bf-8864932036be,fog,s4,0,0.518411,0.672320,0.714916
889d1338-c62c-49a5-b4c8-6fbb36f21d78,gaussian_blur,s4,3,0.307522,0.468057,0.474773
88a04250-97c3-4780-97d5-73a7d807489b,fog,s5,4,0.494906,0.656583,0.678258
88a1d8cd-1776-44ab-b4a0-1afc6769ab30,clean,s5,5,0.690373,0.814797,0.827801
88a435f1-dca0-4af0-99b0-c00e7a24bd90,gaussian_blur,s4,0,0.428578,0.593747,0.615413
88b06e6d-e12c-4f65-8a25-5d422f8d4cd7,gaussian_blur,s3,3,0.490738,0.510913,0.959904
88c2f0fb-cf25-4de5-b25b-8e3de6057f17,shot_noise,s5,1,0.723450,0.837975,0.849179
88d03688-dc20-49d4-925b-51cd98235144,shot_noise,s5,0,0.740672,0.850370,0.855355
88ee649d-73e1-49b9-ba40-b861c729300f,shot_noise,s5,1,0.511552,0.674953,0.682712
890ce4e1-3183-48bd-808a-bc6d2694f6ae,clean,s4,1,0.556622,0.650734,0.899646
8912931a-740d-4f1d-a100-5d74dd0e4c1f,fog,s4,2,0.621325,0.758861,0.797876
89366983-cd5d-416d-a6bd-6f653b29edd0,gaussian_blur,s4,3,0.260728,0.413526,0.413765
893ae946-48a6-41d6-bbf8-51bf68dd563a,gaussian_blur,s4,4,0.528360,0.650517,0.808411
893e159c-b971-4e6d-a0c3-8c2e628a714d,gaussian_blur,s4,0,0.504506,0.668476,0.677248
89496d14-b1d5-4328-bac8-a0eb8f40d4db,clean,s5,5,0.260723,0.410052,0.419637
895b9edc-884b-4a2d-9953-6d4f83658d63,fog,s5,2,0.437406,0.579353,0.678144
895df394-db50-439c-97ea-d1879b5fe8f7,gaussian_blur,s4,1,0.671872,0.794342,0.849412
896e1665-1772-4fa3-841f-f9d48ce38f77,fog,s3,1,0.466502,0.482670,0.933003
89774aec-b209-439d-ba5c-40008bc55503,fog,s5,4,0.611184,0.737361,0.839835
89784d30-9fcd-40a5-9e81-9226cfeb437c,clean,s5,4,0.393456,0.529440,0.639694
8980e2df-e3f5-4b23-a899-f9e6a4838b4b,shot_noise,s3,3,0.562929,0.680693,0.844553
898ca734-5698-4981-8214-97bd31a0513a,fog,s2,4,0.451844,0.532888,0.814160
899a8ae3-7fcb-4c56-a0e3-493abfec54a4,shot_noise,s5,3,0.509890,0.673866,0.680101
89b7ed9c-baeb-47ac-be1e-d84fa861028b,clean,s4,0,0.509311,0.660612,0.716967
89c279fc-783d-4e72-90d8-1453883e0431,gaussian_blur,s5,3,0.397330,0.566577,0.573595
89c4af63-c384-4e90-a426-6d12c7d51d72,clean,s5,2,0.809027,0.893664,0.901670
89c8a01f-f619-4734-80e9-3bb31dac1e8c,gaussian_blur,s5,3,0.694075,0.819401,0.819489
89d18841-f82f-4770-82a7-95fb83c616fa,clean,s5,4,0.687927,0.815035,0.815546
89d66ca6-3adc-4b0e-ab41-11409b1176e2,fog,s5,3,0.544508,0.703468,0.710555
89d6dff1-caa3-4af1-abe6-30a80b3b829a,fog,s5,3,0.439430,0.570741,0.703325
89e14eb5-ee3a-4c41-b448-fe13cc45bc53,clean,s3,0,0.519508,0.625680,0.839011
89fbca82-e1cd-4505-8f0e-b26cd7a94c8d,fog,s5,4,0.496381,0.630867,0.751691
89fd7e93-1cc0-4076-9193-9c7b3b5cb9fa,fog,s5,0,0.305766,0.453040,0.496291
8a07f527-88d8-448b-ab9a-78145204afc9,shot_noise,s5,2,0.533673,0.686242,0.726853
8a146f57-d7f7-49ad-a876-20a0b2c99a64,clean,s4,2,0.702385,0.811769,0.896414
8a18066a-d384-4811-8a69-58267a8b2bfc,gaussian_blur,s5,5,0.607194,0.752477,0.768193
8a2c6ac1-a0d1-42a7-a158-1d534a6540b8,clean,s4,1,0.694336,0.799863,0.918197
8a2e168a-f9a9-470d-b937-50eefe0e8a08,fog,s2,4,0.681447,0.771426,0.981706
8a587ae3-4b8b-4a0b-9fd1-56b7685df59a,shot_noise,s4,5,0.547475,0.649665,0.872864
8a5b594a-3daf-46a3-86a6-483bc3b59c79,clean,s2,4,0.682035,0.772516,0.979980
8a76eb5b-5c8d-4d46-b848-d1bf9ab13809,shot_noise,s5,4,0.826015,0.904028,0.911916
8a7dcb20-45a6-4ec0-8fe0-20f7eee5cdbb,fog,s5,3,0.441972,0.612267,0.614928
8a868bfa-e7b1-444f-bad4-7558188ffae1,clean,s5,3,0.508886,0.649277,0.746491
8a9e2502-a5b0-4a97-bb30-52b547185246,shot_noise,s3,2,0.758741,0.847543,0.963045
8abb55d7-4c7e-4c3b-980d-c2af0b186908,shot_noise,s4,5,0.505968,0.669014,0.680821
8abb77eb-1059-47b3-8e0a-1b6095492b33,shot_noise,s3,5,0.767612,0.853618,0.970396
8abd1750-7269-489d-a4ea-affe8ddfbb43,clean,s5,2,0.668754,0.798163,0.818040
8ac90140-152c-47be-a8c1-32020092be09,fog,s5,2,0.582951,0.733117,0.749349
8acfa2f2-b5de-4a07-9df3-0598ff78cfe7,shot_noise,s5,5,0.701274,0.822426,0.835586
8acfc4e1-e845-48ef-8f1f-6bc17cc76184,clean,s3,3,0.540033,0.658268,0.827328
8ad4e284-ae76-4a67-92dd-05b07eaee048,shot_noise,s3,5,0.500034,0.577991,0.876896
8adba6d7-aa72-46c7-8d42-bec7aef694c5,gaussian_blur,s4,2,0.277504,0.413990,0.469355
8add6be9-c966-46cd-8212-ca4b381deb51,shot_noise,s4,1,0.833753,0.908071,0.923148
8addafe1-632a-4ef9-9849-9533c1ed257a,fog,s2,1,0.641667,0.728186,0.978700
8ae7f173-6d44-412b-83ba-19d62a6cc3a1,fog,s4,5,0.221863,0.356874,0.372923
8b0be8d5-55fb-463f-bb73-21f52f9c9757,clean,s5,1,0.399057,0.552922,0.609706
8b0f4612-4481-43ca-b1b2-c2a8980250f1,clean,s5,2,0.416933,0.573042,0.624709
8b1df0d2-2f8e-412e-b75e-ad0b0b0bce87,clean,s3,1,0.618768,0.702871,0.971883
8b252c57-22f3-4a67-a2af-015047d233de,clean,s5,1,0.677162,0.797610,0.856422
8b26fd00-5a91-463f-a9c5-e6879e303675,fog,s5,1,0.745359,0.852170,0.867189
8b2a2043-ff40-4ef5-a6ff-93eb9b10eb39,fog,s4,4,0.470473,0.626762,0.675077
8b3bade1-757c-4451-b9a9-8e43f567f2e4,gaussian_blur,s4,0,0.398841,0.567551,0.576475
8b53f92a-9b13-4708-95ea-23fd1ae49461,shot_noise,s5,3,0.655257,0.790115,0.799419
8b54b6c8-52d7-497c-8236-57921f566a32,gaussian_blur,s5,4,0.558917,0.699897,0.774241
8b554074-2e7f-46b5-b0b8-95ce83304b83,shot_noise,s4,0,0.466380,0.584928,0.759376
8b57fdce-3b61-4617-beee-62b4f48755d6,clean,s5,4,0.646466,0.781344,0.803264
8b5e68b5-0a5e-4c49-b1de-36f1487ffda7,fog,s5,1,0.683289,0.810215,0.820464
8b6f1bfb-2cf2-42d5-9ad4-ca2eed8e9677,clean,s4,5,0.741665,0.838283,0.934475
8b716a82-874b-473b-9b93-f2cb3bdc8f84,clean,s5,5,0.488324,0.652903,0.665722
8b73747d-e752-4afb-9264-4cf35626c718,fog,s4,5,0.350496,0.514471,0.528517
8b9174ab-561d-425f-a699-a428ec274fa4,clean,s5,2,0.403373,0.565580,0.596229
8b97c5e0-f258-4e01-a98b-fca88aed8db9,clean,s4,5,0.814871,0.893771,0.937744
8ba38638-78fe-4790-a3f9-c771a7596d29,shot_noise,s5,4,0.605381,0.748140,0.778211
8bad2d0b-701f-4c94-9a3c-f3c1bcea68f3,gaussian_blur,s5,4,0.394898,0.564415,0.570309
8bb00cdb-6344-41a2-b1f2-5feb6d782488,shot_noise,s5,2,0.734928,0.847144,0.847680
8bb3d33d-a76e-4aa3-aae9-457dcb5162d4,shot_noise,s5,0,0.499557,0.664514,0.671515
8bc38729-72f3-4174-98c0-4b508ead35b4,shot_noise,s4,4,0.689830,0.800146,0.898025
8bc5c319-5576-4e3b-b98e-36b228cf4a6d,fog,s5,3,0.291134,0.421568,0.501812
8bd111ac-87fb-47c9-bd47-1f657d855341,gaussian_blur,s5,4,0.740652,0.849523,0.860853
8be764af-1e89-4db5-87f4-b4b090b1ace4,clean,s3,3,0.557068,0.629002,0.948779
8bebab9f-11fe-448e-978b-5182305309d0,shot_noise,s3,1,0.773273,0.856364,0.981989
8bf5d26e-d188-4f48-80e6-41d21af17869,clean,s2,4,0.489375,0.494631,0.978751
8bf6fb2c-517f-49a7-b3da-5debc0b4fdf5,fog,s4,0,0.510405,0.652621,0.742725
8bf975b5-3822-4e94-8702-3e4b31d5a464,shot_noise,s4,4,0.577137,0.717189,0.783824
8bfb734d-9964-4f38-a800-fe98ee526305,shot_noise,s2,3,0.570033,0.635712,0.974378
8c0687e3-b9d1-4397-85ae-051dbba6ac9d,gaussian_blur,s4,3,0.583015,0.711749,0.822759
8c16fb27-8ca1-4795-91ea-94bebe6b0ce9,shot_noise,s5,3,0.620887,0.766070,0.766267
8c1db574-2d15-4b23-8972-25d75028c98d,clean,s4,1,0.497881,0.656397,0.689179
8c23edec-3542-4784-9edd-44a14cc831cc,gaussian_blur,s5,3,0.683289,0.810215,0.820464
8c2b628c-ef2e-4b68-91a1-1dfdb253f479,fog,s2,1,0.734917,0.822826,0.984817
8c35560a-cc12-474b-ac50-352317de29a2,shot_noise,s4,4,0.645004,0.767728,0.855105
8c36ade6-1f25-4c30-b340-d6e760cabc74,gaussian_blur,s5,1,0.368452,0.522851,0.571280
8c3b36c6-6f0b-4268-a1c2-d8bedab76409,gaussian_blur,s5,2,0.564678,0.706516,0.773797
8c4514fa-b207-4f29-8083-dadc380cc322,shot_noise,s4,1,0.470957,0.636222,0.651664
8c45c0fb-f5b7-40ca-8881-c529ae27431e,shot_noise,s5,0,0.466761,0.630692,0.652047
8c5432f6-e68e-4e64-bfd3-31451887e542,shot_noise,s3,3,0.856283,0.918217,0.975904
8c58df0c-66ac-4d7e-b211-c0ef895f0a45,shot_noise,s4,2,0.410120,0.580614,0.584224
8c6f5b70-e4ad-4770-95c7-36b0ad0ef49d,gaussian_blur,s4,4,0.562159,0.698704,0.789475
8c702c37-c839-4178-9d2b-262de7bbdb45,clean,s5,5,0.766352,0.866910,0.873829
8c7604a5-4985-4851-8030-84b2299b6d62,clean,s4,2,0.499791,0.639075,0.742414
8c7d43fd-ef02-4ad1-805c-08e2f84ed12b,shot_noise,s4,3,0.393732,0.546845,0.605075
8c919c54-ec71-426b-ab11-927d173fbb04,shot_noise,s4,4,0.719346,0.831368,0.868783
8cb0a4e1-7ce8-4246-bf6e-6f991927a315,shot_noise,s4,1,0.398725,0.567431,0.576357
8cb850de-a0a5-47cd-999e-a63bae8f52ce,shot_noise,s3,4,0.523463,0.638369,0.822234
8cbcc572-9c4b-4ccd-8ea4-1c4f18100254,shot_noise,s5,1,0.739917,0.849983,0.854101
8cc9db5c-9b46-4128-8204-3854bee890b8,clean,s4,1,0.495375,0.566568,0.883973
8ccbb10c-7df9-47ea-bc09-1f36503fa391,fog,s3,4,0.647076,0.756277,0.906560
8cd4445c-8274-4593-85e7-b61d9fc3cda5,gaussian_blur,s4,1,0.589843,0.696630,0.891616
8cd48141-06a8-4df1-9406-5aa501e452b0,fog,s4,3,0.455604,0.616451,0.650896
8ce2abe2-72eb-4d7e-abf1-7896657c666e,gaussian_blur,s4,4,0.679374,0.798293,0.862560
8ce63ab1-e066-4f9f-9ebb-547ca5a9ba92,fog,s4,1,0.708988,0.816632,0.901072
8ce8afb8-3cf1-4302-b7b9-9f7e98535c7c,clean,s4,5,0.743009,0.847326,0.886831
8cf701c6-aee4-455a-b860-aaca497863c2,fog,s4,3,0.404986,0.571607,0.587914
8cfc33ed-6f3c-4559-a95a-9d8d5e78643a,fog,s3,0,0.500011,0.606663,0.819251
8d03a966-698a-43db-a467-0e0d65ad081c,shot_noise,s5,1,0.714673,0.833363,0.834997
8d249368-4014-488a-bdc0-fa452f1c18c5,fog,s5,4,0.413336,0.580185,0.596160
8d32fc18-2668-462f-983b-8c2aabfd0192,fog,s5,5,0.531940,0.682430,0.732368
8d357d38-e523-4268-b411-04d59956809a,shot_noise,s4,0,0.790954,0.878874,0.919623
8d395cfa-1ed7-4345-b995-a0b9bba7a447,gaussian_blur,s4,1,0.617375,0.755048,0.797639
8d43b592-f7d9-47ec-951d-c152a5f7ae43,clean,s5,0,0.478774,0.622184,0.714608
8d5a840f-5c03-4996-9367-5c8237cd137d,clean,s5,5,0.407048,0.577274,0.581685
8d5e5bae-23f2-4f19-b0ed-0c70852ee011,gaussian_blur,s4,4,0.676140,0.794969,0.864400
8d623a3b-7f24-4369-bc61-8ee32f4dce6b,fog,s4,0,0.732599,0.833792,0.917099
8d83b9b1-95b9-4a2f-a029-310f424bdb5a,fog,s5,0,0.453939,0.622951,0.628341
8d83e388-6f4b-4e5b-a40c-9c4beaa1114f,shot_noise,s4,3,0.602699,0.743044,0.787369
8d9adfee-6c9b-4901-a268-e11682455d2c,fog,s5,2,0.525218,0.687438,0.692790
8da13f75-4c3c-499e-879c-ef1e31066b27,gaussian_blur,s4,2,0.526283,0.665001,0.763135
8dbcbe64-f82a-4242-bf7d-5a50d7a83655,shot_noise,s4,4,0.685339,0.796546,0.895622
8dccea92-e059-403f-ba6d-103595a53a45,clean,s4,5,0.436710,0.559269,0.718341
8dd38fb8-83b7-4799-99c8-f5ba2fed2e5f,clean,s5,1,0.417132,0.588502,0.589178
8dd39f6a-467d-4038-af59-abca019671c9,clean,s5,2,0.757429,0.861971,0.862000
8de7c35c-1bd8-4123-93c9-653d3157c993,shot_noise,s3,3,0.376773,0.512047,0.619632
8de8a66d-675e-4df3-8d55-4e289ff2d24e,gaussian_blur,s5,4,0.617351,0.763065,0.764864
8de8b606-ff92-4b0c-8da2-f46546791993,shot_noise,s4,0,0.428578,0.593747,0.615413
8dea022c-2f63-477d-95a9-ecfdb9187422,clean,s3,2,0.491704,0.612903,0.778987
8dec54d9-6d62-4e07-9c37-9d4fe1845457,shot_noise,s3,3,0.711197,0.815223,0.917842
8df19e1e-c4fc-4a85-8b5e-785904fe129a,shot_noise,s4,2,0.678762,0.796275,0.869369
8df47559-8e83-41a6-a5a6-10db7e621d38,gaussian_blur,s4,1,0.301334,0.442054,0.500864
8df6f2ea-7763-4fb4-a468-dd050f963e71,clean,s2,1,0.489207,0.494545,0.978414
8dff3379-cdb0-4325-beb6-b613d86ce7b5,fog,s4,4,0.204312,0.336934,0.342869
8e08e970-07a9-486e-b7b3-4f688e926e4c,shot_noise,s5,4,0.342191,0.491277,0.546507
8e290856-31b2-4bf1-95ea-d987f7129423,gaussian_blur,s4,2,0.634480,0.773284,0.789976
8e2d54e9-30e8-430c-9a04-5accde196388,gaussian_blur,s4,2,0.610595,0.732456,0.854530
8e31b3a9-d114-493a-873f-8436eea2b282,fog,s4,2,0.391446,0.557910,0.573360
8e3530a6-45ee-4469-80a5-0650e8fdaec3,fog,s4,3,0.431869,0.602552,0.604917
8e5021e8-0630-4d2b-9bd4-4cca2d45611a,gaussian_blur,s3,5,0.509153,0.619754,0.819395
8e5548f6-49da-49bf-8e02-348ae1b41578,shot_noise,s4,2,0.825319,0.902391,0.923872
8e6209f6-cebc-4923-bab0-be9d0f3ec460,clean,s3,0,0.527397,0.659732,0.781249
8e6e0d1f-8901-4057-a0a9-146444cc87e3,gaussian_blur,s1,1,0.457291,0.477693,0.914581
8e78084c-05c0-4ff0-ad4e-da03020b8e09,fog,s2,5,0.549645,0.623165,0.938174
8e7e8602-447f-4c54-9e06-f5ff210f7ef9,clean,s4,2,0.508863,0.580345,0.898859
8e8021b3-70b8-474c-9f9a-55aff3fd0cd5,fog,s5,3,0.681872,0.809758,0.816581
8e856329-62ea-411d-99e5-2658b1f89b7e,shot_noise,s5,4,0.687819,0.811546,0.833573
8e8588f6-3d2d-44b0-8b81-73b6ce84bcce,gaussian_blur,s5,1,0.374802,0.502550,0.631075
8e9a67d1-b7e0-4bfe-8e98-ebca3af606b7,fog,s5,5,0.581516,0.733822,0.741285
8ea489e7-26ae-4d4f-9755-c574d84253d3,shot_noise,s5,3,0.648748,0.785653,0.793049
8ea682aa-8dd6-4ac9-abba-0eaa0fbd36f6,gaussian_blur,s5,5,0.615377,0.758895,0.774354
8eb946e3-5aa1-4125-8837-b049fc7a2600,fog,s5,2,0.594261,0.741329,0.761627
8edbc51e-82fe-455d-baab-9d0cff3aa5a9,shot_noise,s4,2,0.755553,0.855850,0.894807
8ee44fc8-d9e1-4548-9209-c9f4f4b9ddc0,shot_noise,s2,0,0.588097,0.669479,0.955906
8ee7b9f8-36ed-4bfe-8eeb-f9827fdb69af,shot_noise,s4,2,0.549639,0.660879,0.852389
8ef2c4df-0092-482d-851e-a7f3ca4c5995,clean,s5,0,0.682196,0.809339,0.820197
8efac93c-858a-402e-a449-0da2f4b4d4cc,gaussian_blur,s4,3,0.788421,0.876844,0.921082
8efcd2a2-848e-4bec-bae0-5fd0addad57f,shot_noise,s4,5,0.736649,0.844587,0.872613
8f00dbd0-ba15-4450-906b-769bf3725f9a,gaussian_blur,s4,1,0.502613,0.642714,0.742517
8f032063-b2db-41d6-89f1-8067288a2682,clean,s5,1,0.766338,0.866829,0.874355
8f05719f-cda9-457f-bb43-4fadb9fc0753,fog,s2,4,0.493129,0.550488,0.905335
8f1cf3b1-80d4-446f-80a5-fc86b9ba5a11,clean,s5,5,0.824556,0.903356,0.908880
8f2c446d-33db-486e-94a9-c748da259be8,gaussian_blur,s5,3,0.430006,0.462369,0.860012
8f2c7e74-519e-4fe8-87aa-9a28219f2811,shot_noise,s3,5,0.722113,0.818585,0.949163
8f2d9cb8-66c7-4fce-bdb9-8f2443485197,gaussian_blur,s5,0,0.664156,0.797429,0.801947
8f363483-50ce-44de-9fdb-06de091a54e8,gaussian_blur,s4,3,0.701784,0.813097,0.887177
8f369a7f-c46c-4695-a997-570a1f8e9209,clean,s4,2,0.679460,0.804948,0.830635
8f413706-1073-4809-b86b-3532e7df4fa1,clean,s4,3,0.644853,0.768811,0.850160
8f5100df-2e9b-4af5-a059-ee806dafe116,clean,s5,0,0.643708,0.775329,0.818443
8f64b239-0526-4b24-b280-7cca1c0da8a7,clean,s5,3,0.379702,0.533717,0.586213
8f73848a-330e-4c2c-b395-30a74f0ab9e7,fog,s5,4,0.496185,0.662887,0.664392
8f7fd041-35a6-41a8-98e1-5bc2c3f302be,fog,s4,5,0.454262,0.621299,0.633797
8f81eaad-9bce-47c3-8d4a-f43aee4693a4,gaussian_blur,s5,3,0.698368,0.822397,0.822408
8f894112-cd98-4086-b436-e33a547eaa30,clean,s5,5,0.327554,0.404137,0.643393
8f8c9bad-3bcb-461a-9af5-9e3eba7357ab,shot_noise,s4,2,0.657251,0.771897,0.886494
8f9d77d2-941b-412d-a8ef-b444347ee525,fog,s5,5,0.558213,0.716153,0.717628
8fa4252e-ce85-4f03-acb6-c204ae92d46b,clean,s5,2,0.549281,0.708168,0.712197
8fae0980-5eb9-46da-9f23-fa98a011bd08,shot_noise,s4,2,0.435540,0.599900,0.624033
8fb67ad2-1a76-4987-adbe-3975aac8d8f7,gaussian_blur,s5,5,0.685592,0.813424,0.813739
8fbebec5-fa37-49b1-be6c-ea9fe7f35b49,shot_noise,s4,2,0.702477,0.809604,0.907372
8fc929a7-a98d-4cdb-b02a-d83a3faa5aa6,gaussian_blur,s4,1,0.451558,0.615823,0.638692
8fc98008-83ee-429b-a865-3b4337ad25a8,clean,s4,5,0.570423,0.708812,0.787057
8fdb5de7-1b9b-4fcb-aac4-8e9c2b61aa50,gaussian_blur,s5,1,0.319130,0.391603,0.635471
8fdc9fde-a26e-47f9-92b4-6c240fab3bfd,gaussian_blur,s4,1,0.811366,0.893943,0.913951
8fe31170-1a16-4012-92bc-2120f0723597,shot_noise,s5,0,0.624517,0.767236,0.775859
8fea2b0f-a167-4f9e-bc12-7342a304b0c3,shot_noise,s5,4,0.686017,0.812049,0.822944
8fef3bd0-88e4-49c0-8217-129150524e4f,clean,s4,0,0.678190,0.801529,0.842053
8ff4921f-1900-4094-a6db-9e1ed4591cec,clean,s5,2,0.547707,0.706830,0.710960
8ff5dc3f-66c9-485e-b745-963afb28e46e,gaussian_blur,s2,2,0.456402,0.477208,0.912805
8ffa6c2a-e583-4aa9-9930-e6948bfb87fe,shot_noise,s3,3,0.631246,0.733480,0.925765
8ffa7e6f-a968-4bbc-a803-fb70d39244fe,fog,s5,0,0.670316,0.799264,0.819351
90071689-78b1-4701-88d1-b11e1af222ca,shot_noise,s3,1,0.549981,0.620861,0.943877
9012c6e8-f18f-40ab-aff3-7230938e09cf,fog,s4,2,0.702676,0.814808,0.882456
90236448-a929-45f7-aa79-6c615c60461c,shot_noise,s4,3,0.641068,0.773060,0.817508
902766cb-c9e9-45cd-87e2-9853a079e51f,gaussian_blur,s2,5,0.587322,0.659372,0.976769
9040f9c8-31c2-4263-bd02-b0294c9851ad,fog,s5,4,0.571088,0.726365,0.729307
9051438a-72e9-403f-87cb-ed2de2a0fd4b,clean,s4,3,0.492515,0.658051,0.665621
9052eafe-799d-4b2b-bc79-b6466bd2f3a1,gaussian_blur,s5,5,0.676895,0.807285,0.807499
9064c9cb-b9ea-4706-9eae-0e8b0589c576,fog,s3,2,0.684404,0.780806,0.957851
906dbe95-604f-4df2-96d1-cfc2a0505407,fog,s4,3,0.625283,0.749453,0.849237
907889e7-e169-482a-b0a9-b8c08356e941,shot_noise,s4,2,0.589297,0.728503,0.789755
90959532-546c-47a0-a2d8-d6a7b4f444c8,clean,s5,1,0.381575,0.472432,0.703910
90a1e82e-d3b2-4f2f-a8a0-b745607d1fbf,gaussian_blur,s5,3,0.780566,0.876097,0.882128
90b7fbe4-08ac-46ba-aa05-f83cb7a6da1e,shot_noise,s4,1,0.491318,0.633757,0.727568
90be99ba-dd37-4d70-9d04-e991a306ba61,gaussian_blur,s5,5,0.782476,0.877758,0.879659
90bf7bc0-dcc1-4ee2-9630-6e2fb3999e06,clean,s5,5,0.655390,0.782906,0.832912
90c4837f-678c-489e-af8b-a70c8c741c60,clean,s3,0,0.632643,0.744562,0.894123
90cbf4e9-4a26-4258-9506-8a6353db2c46,shot_noise,s5,3,0.357666,0.517265,0.546811
90ce5f2f-ca3e-4bc2-a140-334e0e77acd7,fog,s4,5,0.572604,0.708901,0.794607
90e4ab3e-663b-43bc-8812-c09fac0ba53d,fog,s4,5,0.420237,0.586203,0.605270
90e8cff6-f794-44d3-bc05-bf9b6fde4935,gaussian_blur,s5,2,0.570890,0.725889,0.730293
90ebc79e-5c7d-4acd-9204-327a42f6bace,fog,s4,0,0.710376,0.813917,0.920677
910aff8e-34ae-4efd-bc42-845989be7c33,clean,s5,1,0.786297,0.880012,0.883312
910ded51-005d-4d8a-9a34-41396536d2de,clean,s5,5,0.476158,0.604283,0.748360
910e7010-e664-4dbe-aae4-0f074b0ad054,clean,s5,0,0.650692,0.788347,0.788576
91129876-64a6-4ff0-b563-1549f1c9ce7b,clean,s3,1,0.544096,0.626042,0.915200
911500e5-266b-4779-b23d-a784eb577cd0,clean,s4,0,0.364414,0.467316,0.659671
9127d8b3-d9a0-4636-bcdd-b545af00ddae,gaussian_blur,s4,4,0.779999,0.871116,0.917429
91377040-b5d1-4773-8f8b-7191f2428033,fog,s4,1,0.534392,0.682388,0.741147
91392a2d-7af4-4e56-9de4-a69f2259b287,clean,s4,4,0.474709,0.616885,0.714054
913b527e-30ef-4f62-acce-0f0b4578ecfb,fog,s2,4,0.489375,0.494631,0.978751
913cfb68-b6dc-43e9-859f-4c9d184c555b,shot_noise,s4,4,0.357348,0.508906,0.562444
914c5285-9bd2-42c2-bfa3-6cf270da5826,clean,s5,2,0.411163,0.532490,0.690191
914e3022-abeb-432c-89cf-1a3c090b8063,fog,s5,2,0.529655,0.692476,0.692643
9151094c-171a-40d4-bc9f-ad45f4d677e3,clean,s4,4,0.730457,0.842192,0.857189
915fccd0-f351-4e32-a178-c7035d8e24a6,fog,s3,1,0.470237,0.564096,0.813060
9160a99a-3275-4e2c-b9a7-ebc9b78f59a8,clean,s2,0,0.583821,0.662922,0.957682
9165ef24-9dfe-4b5a-84a2-7a6a20795327,fog,s5,1,0.756620,0.859743,0.873624
9174b098-9c7a-4a07-8c34-622d21b00e85,shot_noise,s4,4,0.806020,0.888000,0.933601
917ee487-e1bf-482d-8a75-0c932f6f1cfa,gaussian_blur,s3,0,0.664786,0.771473,0.917541
91851f80-f0d3-4560-8f7b-2c71935ec8c6,clean,s5,3,0.657493,0.784588,0.834069
918d3d43-5311-4263-b777-4ff92e8adbfb,shot_noise,s5,4,0.680944,0.806796,0.827771
918e3b2f-a546-4547-a937-950773eb6978,fog,s5,1,0.550686,0.709590,0.712512
91901f1f-8d46-432c-8a0a-16bfa86714e0,shot_noise,s5,2,0.683573,0.811897,0.812865
91a4979c-5298-4e7e-bb1c-8559c1dab292,fog,s2,4,0.608174,0.695451,0.956330
91a6c8ef-5bda-4c9c-86e4-086f5c42b464,shot_noise,s4,0,0.546838,0.670044,0.819163
91af9559-02a2-49fe-bbf5-5cac8a146952,gaussian_blur,s4,5,0.300606,0.449614,0.485222
91afd64b-53f9-4398-bbd3-563ae8f88ab7,clean,s5,5,0.735689,0.844714,0.867077
91b60b49-dc52-48a0-ae7f-3c8b4833ec7c,shot_noise,s4,5,0.611668,0.741560,0.826725
91b83cd2-408a-4041-9167-adbb2b2a982e,clean,s4,3,0.792682,0.879250,0.926613
91cae4e3-b6ee-49ea-8a2e-dfd16370f0ec,gaussian_blur,s2,3,0.799393,0.876206,0.987940
91ccb6ac-6f36-43e9-8abf-d4f41c95bea9,fog,s5,3,0.523593,0.676293,0.721360
91d7b780-b404-4ee3-bc0e-fb733e180610,gaussian_blur,s4,4,0.532675,0.687226,0.720244
91de47ee-2837-4fde-846b-cc593268c328,shot_noise,s4,1,0.633438,0.765091,0.820277
91df67da-47e0-401e-aa5b-dc0abf389b97,gaussian_blur,s2,4,0.665442,0.760532,0.960246
91e24dd8-ebe9-47c8-9632-512b021a9f9e,clean,s5,5,0.609947,0.751257,0.783717
91fb30ee-24db-4d44-88c4-ced0ea433969,clean,s4,3,0.735792,0.837432,0.911493
9213f3e4-1ad5-4867-8207-4dd6e75c4bfb,gaussian_blur,s5,0,0.462035,0.632018,0.632114
92179633-1ade-44bd-8a3f-0c4a76fd3e52,clean,s2,1,0.654646,0.744265,0.975131
922aa0ea-85f2-4bdd-bb72-e4b5e2157177,fog,s5,0,0.694205,0.816160,0.837701
92371e6e-7725-4be3-8798-eecc84733857,gaussian_blur,s4,1,0.757961,0.854706,0.914710
9245a7e6-3c7b-406d-adeb-0f28a234be7a,shot_noise,s4,1,0.834711,0.905968,0.951830
9258151f-dd54-43bc-915b-d330131d2515,clean,s2,1,0.567461,0.643337,0.950354
925d1856-64a6-4f37-8c88-d990607af01e,shot_noise,s3,4,0.467687,0.483304,0.935373
926bb07b-644d-4c45-98dd-fe5d4c6e4fe1,shot_noise,s3,1,0.579530,0.681741,0.897375
926bca1c-558a-4b83-9f9a-6be59ab91da2,fog,s4,2,0.799248,0.883841,0.927887
926db7cc-e5ac-4885-92f8-fcff74c2b718,gaussian_blur,s4,2,0.620555,0.750464,0.827535
926f66de-bb22-455e-88f6-1c7c4c672c92,shot_noise,s5,3,0.520145,0.651632,0.778213
92793db5-fa24-436b-b1b4-21964c83bda4,shot_noise,s3,5,0.456275,0.582683,0.731947
927c98cb-9b1a-4f8b-b55c-a07fe4133960,gaussian_blur,s5,2,0.276847,0.382412,0.516591
92810b7a-499f-4992-8f96-e376de7aa38e,gaussian_blur,s5,1,0.655349,0.783615,0.829600
9282cf7f-4b6b-4c8f-bf90-96c12dcdaae2,shot_noise,s2,3,0.673396,0.763231,0.980505
9282dd9d-f6c1-4e45-ab5a-f8a7617c5ff9,gaussian_blur,s3,4,0.636587,0.730563,0.953796
929a86a8-a604-497e-bda9-ef319f92b9d4,gaussian_blur,s5,2,0.526370,0.680813,0.717551
929c41f4-76c1-4a62-9048-6c4e2d617ffc,fog,s5,0,0.485483,0.648993,0.666865
92a4844a-62fd-4f9d-bda4-948c0b472323,shot_noise,s3,4,0.557237,0.629206,0.948869
92b22474-4033-4459-80a5-748d30f6a86c,clean,s4,0,0.487927,0.584228,0.828107
92b3df76-e136-4549-87ff-a352263528e9,fog,s5,2,0.618819,0.762474,0.773193
92b6b655-8bca-439d-b104-23a35fbaf0d9,fog,s4,3,0.188026,0.312647,0.322192
92d3459c-205d-40f4-895f-cdb5415c46ba,clean,s3,2,0.397390,0.533438,0.644469
92d51975-5cc3-43c0-b0d4-c4ba7be485aa,gaussian_blur,s4,1,0.763682,0.857757,0.924018
92df199a-6f18-47c6-9813-138849a7d115,clean,s5,5,0.708751,0.827641,0.840656
92e4c51e-4031-4cc4-815f-39df94b42611,shot_noise,s5,5,0.706812,0.827232,0.833971
92e78ce2-0af1-4069-8762-5d2a3862e377,gaussian_blur,s4,0,0.653510,0.770402,0.877777
92e810b2-aeeb-4ec3-8bcc-fca272fe5005,clean,s4,4,0.558498,0.677399,0.838581
92f18a98-63ba-41ed-baa1-da0fc62697fd,shot_noise,s5,4,0.703602,0.824540,0.834432
92f48617-33ae-41cb-bd2a-fff746aab723,gaussian_blur,s4,4,0.574192,0.718586,0.768315
92fead4d-e56b-4714-b41f-cd398bded48f,gaussian_blur,s3,2,0.437505,0.572138,0.694156
930306fc-4c0b-4a03-95cd-ab56c54be8c2,gaussian_blur,s5,3,0.681787,0.810616,0.811701
930995af-1014-4dda-8564-dee640a00d77,shot_noise,s4,2,0.629076,0.763001,0.811589
930eb53e-e4ae-4b9d-bf63-06ca28ccd441,gaussian_blur,s4,0,0.710541,0.823180,0.873755
931614d2-d19b-4577-bb56-2ada5d703c96,shot_noise,s5,2,0.743885,0.853087,0.853467
931b1144-efd9-4aa5-b42f-d286d6b46deb,shot_noise,s5,5,0.768887,0.867264,0.885026
93222ef5-d5bc-4049-a8d0-7a01f93efb10,gaussian_blur,s5,4,0.162220,0.267894,0.294539
932b76cf-3e56-4822-b7d9-565ac29f5001,fog,s4,4,0.442922,0.611041,0.621333
9334c9a5-a5f0-4f55-b6c2-6fdb641d7ff5,clean,s5,1,0.710149,0.830027,0.833360
9346d615-b558-4294-b447-a4c2650fc391,gaussian_blur,s5,2,0.417544,0.561232,0.652645
934cae03-2652-45c5-8654-8adccca8a8a8,shot_noise,s4,1,0.490968,0.585401,0.835117
93748bc1-0963-4816-8308-a405ebe56d13,fog,s3,0,0.695268,0.798847,0.926625
937b1b5c-9ca3-4de6-a343-c6acfd5839b7,clean,s5,1,0.601609,0.744740,0.776784
937d80fc-44f2-4361-bb29-b377ab3129b0,shot_noise,s5,4,0.772114,0.870484,0.878512
93826a0f-3160-42fa-88ca-1bcfa16d6bed,fog,s5,1,0.717788,0.835084,0.839520
93a14797-b2f2-40a2-a81f-0997e2975e53,clean,s5,3,0.763865,0.865382,0.871659
93a15ab2-b09a-4704-ad0f-1005bdf5a7a8,fog,s5,3,0.619176,0.761647,0.778048
93b2b504-f7a9-47eb-b96e-a33911e7b62d,fog,s3,1,0.686171,0.792128,0.918528
93cc5a02-04e4-4bff-8cb3-63c3a508472a,fog,s5,4,0.539203,0.687968,0.741195
93cf8a9e-744b-45f5-b792-b0280930da8e,shot_noise,s5,1,0.776918,0.873657,0.880779
93de7fc8-0e48-43aa-b249-009f5927ac4e,shot_noise,s5,4,0.675828,0.806257,0.808123
93e11571-29e9-4e9a-a52d-c6d72439ac90,fog,s5,2,0.212204,0.299687,0.422117
93e960ad-76bb-4b0e-9c53-141bbe50fe50,fog,s5,1,0.449853,0.611137,0.644757
93f7c425-75a7-4ba0-9103-22afc0514424,shot_noise,s5,1,0.539614,0.700095,0.703899
93f94a78-d16e-4905-8580-4597dbee6449,clean,s4,4,0.585657,0.697211,0.875694
93fb7fb8-a802-4a73-a25c-b4f5b7f08646,shot_noise,s5,1,0.803113,0.890806,0.890817
940eddaa-3652-4115-ba67-6fa0659e50c2,clean,s4,1,0.375005,0.446339,0.724486
9412cf6f-7f77-4175-9972-b89f26edcb1d,gaussian_blur,s5,0,0.475732,0.581546,0.795760
9414098e-e806-4d10-a4e6-8061debec03d,clean,s4,3,0.730401,0.828440,0.936053
941508f4-89e0-441a-a8cb-8b74c6878760,fog,s3,3,0.682435,0.788078,0.920576
942920bf-05dc-4d74-9a8d-fb3d43b2ea06,fog,s2,0,0.484099,0.491921,0.968198
9435f8be-0ece-4343-972c-e73f5db3d441,shot_noise,s5,3,0.656421,0.792380,0.793532
945806a8-8e73-49fb-869e-428d71e87725,fog,s5,0,0.668034,0.797053,0.820352
9470e1d2-7cc4-4256-87cd-b2b0e9e875c8,shot_noise,s5,5,0.700888,0.823130,0.829872
94711432-2544-4c9a-aec4-bc5a89d89049,shot_noise,s3,1,0.738530,0.827690,0.976775
948465db-45b2-4a32-9897-081102f60589,gaussian_blur,s4,5,0.600031,0.720590,0.855367
948722cc-0a95-4cd6-b524-8f186d4d4baa,fog,s5,1,0.509737,0.658837,0.723420
949014cd-1506-4fe8-807b-4b2d32b8ebf1,shot_noise,s5,3,0.577153,0.727571,0.747755
94abe66a-57b8-492e-8a32-7a7eadb0dc08,clean,s4,3,0.620513,0.754040,0.813729
94b2ae47-be3b-4331-b12c-1a8b1953b9fc,clean,s3,2,0.515825,0.632326,0.811844
94b5ea64-5737-40bd-8c07-4eeafee36530,gaussian_blur,s4,1,0.677617,0.797355,0.859541
94be7f7c-702d-4ead-b9c3-a8c447d17304,clean,s5,1,0.462409,0.627427,0.645724
94c0630f-6532-4966-a099-3490b6f120e1,clean,s4,1,0.738502,0.838957,0.915574
94c38b7a-4102-4d65-94e6-f90e83eeb25a,fog,s4,5,0.473371,0.641340,0.645995
94d0794c-074f-43a3-805d-de05d3a63a3a,shot_noise,s5,0,0.604207,0.753208,0.753563
94d26d7c-8f6c-4681-98d3-e760fc91da0d,clean,s3,0,0.565146,0.690568,0.824272
94d4cad1-f312-464a-af2e-bf0279606867,fog,s4,5,0.420093,0.588494,0.599291
94da7f24-7636-4e36-99cc-b9a362889878,clean,s5,3,0.724374,0.839270,0.845691
94e5b37b-ab30-4ef5-961b-3a1826bbaabf,fog,s4,3,0.568265,0.716179,0.754745
94f5bc62-23d7-412f-9341-7966190f9f09,shot_noise,s4,1,0.561499,0.673335,0.859520
94fcef5b-7215-44bb-9efa-7e0f5589a763,shot_noise,s4,3,0.809330,0.890493,0.932293
9508c305-6032-46ee-be00-ad5428490b19,clean,s4,4,0.652116,0.774589,0.855280
950c59ef-a168-40ae-8e19-6eaf1924b9ef,fog,s4,2,0.611079,0.731995,0.857851
950f6de8-7ce2-49cc-96cc-7b8ea02b0804,gaussian_blur,s5,2,0.763209,0.863168,0.884245
9512958f-81ff-43a3-a1ce-439c0c474e20,fog,s4,1,0.459605,0.619825,0.655916
951ed9f2-bd1c-4c04-b56d-f0827716519f,gaussian_blur,s4,1,0.548136,0.685484,0.780108
951fd07f-735b-48ac-94d2-c8baf8be8e09,gaussian_blur,s4,1,0.583491,0.713290,0.819552
9523e594-eef9-4e10-bdf4-81c7a7e78ba1,fog,s4,2,0.579814,0.726398,0.761915
95242459-62bc-4278-960f-e85db53af467,shot_noise,s5,5,0.763749,0.865653,0.869021
955c41f0-4381-4cc3-a2ab-608fac1171d1,gaussian_blur,s3,0,0.534136,0.615981,0.905578
956c9a49-30e8-402f-a24e-09e8f35f8b67,clean,s5,3,0.845281,0.915071,0.928913
956ebdba-d4f5-47f5-8f83-c43651e8e62e,gaussian_blur,s5,4,0.688181,0.813794,0.823339
95700e06-718d-4673-92ee-6d61a7ef4d3a,shot_noise,s5,2,0.518750,0.658377,0.755579
95728162-5028-4e6b-8019-920648c6af4b,fog,s4,4,0.388588,0.550385,0.580380
9579be36-e4a8-40f5-a5e4-b888919897d3,gaussian_blur,s4,4,0.626309,0.760808,0.809579
957a0c5d-21b1-468b-afd6-8db6e1d7f7fb,gaussian_blur,s4,0,0.440919,0.609150,0.619280
9583d89c-e767-4c2f-b17d-91d2fc91ee8e,shot_noise,s5,5,0.678983,0.808795,0.808843
95841499-eb6f-4b94-9913-4a815adc3efb,gaussian_blur,s5,2,0.592679,0.734264,0.781851
9586018e-98c8-4a1d-94e7-8b60fac0a0fd,gaussian_blur,s5,3,0.308230,0.470001,0.473509
959aeca4-e9a3-43d5-9b0b-da35e13e6c5d,gaussian_blur,s5,1,0.610560,0.754400,0.773649
959f5c85-4db2-4466-976e-2a775f92ec1c,gaussian_blur,s4,1,0.490394,0.656788,0.661819
95a580e7-1e13-45b7-9b33-b112258a1e64,shot_noise,s2,4,0.653443,0.740389,0.983051
95b11d05-8914-4e8c-92ec-d6367be38706,gaussian_blur,s3,2,0.437978,0.533734,0.770919
95b4f1d3-802b-4603-a84a-4f93b8ece28e,gaussian_blur,s5,0,0.805375,0.891466,0.898934
95b9f10c-9f5f-43ee-9ec7-74c7ccd330d7,clean,s4,2,0.683445,0.790996,0.912261
95bc402d-06ed-4154-9fea-e58fbfc23668,gaussian_blur,s4,5,0.608562,0.744657,0.803636
95d4db0c-68ca-4467-88fc-d3cad33f1922,clean,s5,1,0.531002,0.692265,0.698219
95e09eb0-803c-4dad-b605-c30a9e13102d,clean,s5,2,0.404557,0.576022,0.576160
95e5d39d-df47-4025-af73-f82412fbf780,fog,s5,1,0.406958,0.578360,0.578807
95ed5d59-f7ce-4d74-aadb-788c42c85bb5,gaussian_blur,s4,2,0.435754,0.606513,0.608251
95eddcc4-0542-4242-86f6-5f7ecef95ed7,gaussian_blur,s2,4,0.582443,0.671237,0.933520
95f156d6-e942-4ce3-9acf-7bf82acf34c4,clean,s4,1,0.487927,0.584228,0.828107
95fd0a68-7808-40dd-a757-de0c41fd441c,shot_noise,s5,2,0.676254,0.806566,0.808405
9600b1ae-f51d-4d62-8127-0c1dcb001e6d,shot_noise,s5,3,0.541227,0.702331,0.702337
9601a8a6-7238-4010-a601-925c42c47aab,fog,s2,4,0.407117,0.466062,0.789525
962f8645-740c-442d-90b2-9b755ba732ad,fog,s5,1,0.651170,0.787591,0.794139
96346f4b-55de-4518-8e0b-64dc8a211b33,shot_noise,s5,5,0.412379,0.558542,0.641503
963e8fb3-eac0-4fdb-9b30-08647ec7bcd9,fog,s5,2,0.505438,0.660277,0.704469
96413f5f-0cc3-48a3-856e-163758f84473,shot_noise,s4,0,0.756657,0.858407,0.883131
965454a8-b852-4604-af1e-7bd2b1ecd476,shot_noise,s4,2,0.484954,0.596719,0.793103
965eda2e-2818-4373-a01c-b9ad632ee24c,fog,s4,2,0.627434,0.764398,0.799395
96665e36-547b-4772-a03c-5c92d4453fcd,clean,s4,1,0.429710,0.598880,0.606688
966fd6dc-c8ee-4176-8262-6f3cb25ccc4b,fog,s4,4,0.828603,0.901836,0.951430
967b60d7-e42a-4957-b71d-fbfa54a14dcf,shot_noise,s4,5,0.726408,0.831362,0.901792
967efbfb-6d79-48e5-9a06-b545b38d262f,fog,s3,5,0.682471,0.784813,0.934229
9682cfcf-875c-48df-9f19-886df7e86a2d,gaussian_blur,s5,1,0.464815,0.610107,0.697562
96895ea5-c20c-44f0-9984-2e9440ccaea4,clean,s5,2,0.625968,0.763033,0.799211
968ac379-92b6-45b1-9c4f-aa4f0d4ee785,fog,s5,5,0.259034,0.410572,0.413021
968b6a24-9015-42a3-a873-209473b01dfd,fog,s3,4,0.347325,0.486958,0.571361
968d798a-6d2b-4326-8d35-10216bcc13a7,clean,s4,2,0.652832,0.762805,0.904421
968f13fe-bd2f-450c-95cc-35e1e2c46d77,gaussian_blur,s4,2,0.664884,0.775945,0.900341
968f9eff-5de2-43d0-a5dd-334bf2a9c179,fog,s5,2,0.638107,0.776358,0.791244
969f10b2-92f9-4a10-9e5e-142760773d77,gaussian_blur,s5,0,0.230507,0.318647,0.456853
96ad167c-b426-40f6-9311-ea1d39a38d66,fog,s4,0,0.481818,0.578243,0.821173
96adb847-ba2c-4e7d-8c9d-1472e01c054d,fog,s4,3,0.574721,0.718276,0.771312
96af3005-3a7c-455d-b999-c6d2d702b752,shot_noise,s5,0,0.727823,0.835545,0.884603
96af5d17-4a1b-40a1-a42c-c9095b19b131,fog,s5,3,0.437064,0.600845,0.626885
96af5e3f-e223-47c4-bf68-a2953ae755da,gaussian_blur,s4,1,0.851379,0.918359,0.936448
96c58d88-4600-436f-8636-7e9b86641e1f,fog,s5,1,0.704309,0.825494,0.832289
96ce96ab-be93-4a06-aacd-3fb57b2841ad,gaussian_blur,s4,3,0.723257,0.831577,0.885898
96d711de-f079-47ab-bfa4-e21d3a29d6fa,gaussian_blur,s3,3,0.250512,0.383646,0.428249
96ee849b-9adb-4bfc-8089-c8d719475572,shot_noise,s5,0,0.639910,0.769289,0.828672
96ef2efb-ee5a-4836-aaf5-f32a26baf628,gaussian_blur,s5,2,0.702663,0.825364,0.825397
96f1eda6-d09a-49a0-90d2-98fed0fe3f63,fog,s4,5,0.608092,0.737693,0.827189
970ab42e-6688-4fda-8b53-1e81a26988e4,clean,s4,0,0.499222,0.625158,0.774865
97125242-89aa-46c1-af93-453e0fbb63fd,gaussian_blur,s4,0,0.791012,0.877230,0.932859
971c3f3f-412a-49b7-b440-6fc93dcd98cc,gaussian_blur,s5,0,0.741462,0.850713,0.857075
971e9ba4-e962-4fb0-9340-5cf65064a1a6,clean,s5,1,0.427496,0.596810,0.604240
972769b7-6778-4742-9be8-d75f172cab21,fog,s4,5,0.311229,0.458122,0.505333
9743c19f-3053-4725-9706-91e9d2197da7,gaussian_blur,s4,0,0.654558,0.779898,0.842645
9748d8e2-5ed0-4d9e-af95-2d56450322cb,gaussian_blur,s4,0,0.710226,0.823192,0.872261
974e1715-4b52-4800-bd15-530f1f0c58fd,clean,s4,3,0.713289,0.816228,0.922043
976b4485-e7c2-48dd-995e-61bc7989fc2a,gaussian_blur,s4,0,0.624368,0.751462,0.838318
97748b54-58ed-4285-b5f4-a1b96dff6452,gaussian_blur,s3,4,0.471135,0.485139,0.942270
97888c5d-3862-477a-aee1-3da1625c2907,shot_noise,s5,1,0.725937,0.839583,0.851344
978bd7a5-2ef6-46d5-8c08-88ccfcca7fbc,clean,s4,3,0.578215,0.697841,0.848261
97954247-84fe-4482-a39e-879011132635,fog,s4,0,0.747575,0.847015,0.911393
97a140a2-99ff-4d7a-b89d-6410b9c4f0c1,shot_noise,s4,5,0.718916,0.829970,0.874741
97a5a31d-dec1-4ad6-9c10-aa7b797bef84,gaussian_blur,s5,1,0.495737,0.628706,0.754870
97a9a3b2-f6db-4a78-91a1-2bab7e6fb396,fog,s5,0,0.609947,0.751257,0.783717
97b68aa2-fcaf-46ed-98cb-754649b27a16,shot_noise,s4,0,0.518411,0.672320,0.714916
97ba0c55-b712-484a-9ac8-0a06a1c7ac23,fog,s1,0,0.460192,0.479271,0.920384
97c08add-3876-4500-a7a6-35901057e8dd,gaussian_blur,s4,3,0.388715,0.543918,0.594687
97c9ad40-96bf-43e9-ad3e-bfe962a11b74,gaussian_blur,s5,0,0.635053,0.776147,0.779707
97c9cd6b-bdc5-4b8d-9512-69d03a71171f,shot_noise,s4,4,0.617332,0.761404,0.771742
97d77b8a-1ff6-4cdd-a385-cbd5ca2afac5,clean,s4,3,0.847889,0.916637,0.930242
97e259b7-b39e-432a-aa29-94852cdff6f5,fog,s3,1,0.643725,0.752233,0.908443
97e458a4-680f-499b-8287-5de354600930,fog,s4,5,0.765824,0.865012,0.884960
97f4bb9d-a2f0-4cba-8a77-afee1929b09a,gaussian_blur,s4,5,0.640031,0.770534,0.823989
97f8359d-80e2-4550-b107-3da9938507bc,clean,s5,4,0.838984,0.911850,0.919168
980ac335-b1fa-4b2c-8545-51e1e3f3c6e0,clean,s4,2,0.489687,0.654755,0.665201
980f7275-659c-46d7-aa45-61a4ea440a39,clean,s3,3,0.151959,0.260184,0.268751
981c96bb-2263-4a4c-a6c1-3a3504dc75dc,shot_noise,s4,2,0.608730,0.742542,0.812096
981e31e2-cc1f-4cb4-8f95-5a3523669912,clean,s3,0,0.601094,0.709076,0.894461
9824bbd6-1bc6-49e8-ae1c-f8294596dadf,fog,s4,1,0.651667,0.783426,0.815312
982fde49-231c-4b0d-b736-c708cd8892aa,fog,s4,5,0.419130,0.475691,0.810011
98302433-7860-457b-9a99-f81ac8deebd8,fog,s2,3,0.587290,0.679108,0.929723
984a0bd4-bb23-421c-9985-7463c7e2322a,shot_noise,s5,0,0.387825,0.531121,0.618133
9852face-8cc5-4b48-adc3-ce8a03eb7164,gaussian_blur,s5,3,0.475982,0.641524,0.654583
985b5970-15ae-4263-9269-5de7717e44d6,gaussian_blur,s4,2,0.411999,0.562432,0.631874
986b4afa-e46b-4b49-9f32-6d3aa0d45e0d,shot_noise,s5,0,0.629589,0.767937,0.793205
987ce3be-ed02-43db-a2c6-a269b381bf6c,shot_noise,s3,1,0.486566,0.551320,0.884842
989094a7-1cf0-48a3-8f90-425042cb0c99,gaussian_blur,s4,0,0.399603,0.499141,0.714540
98960b5d-254c-49b7-9307-12f53ebed06e,gaussian_blur,s5,5,0.414112,0.561247,0.641383
989fe631-d016-4371-bfa6-5f0089150ef7,gaussian_blur,s4,4,0.717025,0.831642,0.856293
989feafa-305f-45a7-9fd9-185ea5ce61b7,shot_noise,s5,5,0.364574,0.525003,0.554000
98b2a930-2a44-4e81-971d-2edb165d299a,shot_noise,s4,5,0.574885,0.704912,0.815307
98ccb76c-9d76-4818-9b9f-b991e9a96cec,shot_noise,s4,3,0.640676,0.773522,0.813968
98d72f0f-1578-482a-bb51-8fb08dface5b,fog,s5,2,0.833922,0.909296,0.911045
98da5b4c-8bdf-4211-83fd-f2881a53129f,clean,s4,2,0.522071,0.660559,0.760955
98daff8a-cc56-4b2c-8e73-4bdef247c1a9,shot_noise,s4,5,0.412718,0.578260,0.598587
98ea101c-4eb9-4cff-bfd4-7eea32a7d414,fog,s4,4,0.559770,0.693167,0.797909
98fe6fad-4a1b-438a-8ca5-d20591640b69,shot_noise,s2,0,0.542518,0.600616,0.960821
9907dd2f-1ec7-45fb-a44c-d023d95bddb1,shot_noise,s5,3,0.692109,0.817805,0.819349
99195ce5-ebe5-4917-8dc7-abb592284b01,clean,s5,2,0.747006,0.854685,0.858622
991df34b-f3cf-442b-9387-015fa6ba6d52,gaussian_blur,s5,0,0.680827,0.806476,0.828888
99217df8-f19b-42bf-8466-3928d70cac9c,clean,s5,1,0.226647,0.358790,0.386304
9921dc7d-c1f7-4852-bd62-75ef93e90898,shot_noise,s3,4,0.643317,0.740871,0.945333
9924dcd2-95b8-45b4-b5ef-ae4001d141c4,fog,s5,1,0.705962,0.827639,0.827652
992f3b3f-fe49-439d-b9a8-b3ebbfa4dda8,fog,s5,4,0.436817,0.607946,0.608261
993132c5-a933-498f-a45e-0d548c13b6c8,gaussian_blur,s5,4,0.772839,0.869511,0.889915
99365817-ff74-4510-b259-79889d572afd,clean,s3,0,0.521586,0.586753,0.924736
994015b2-e5a6-407d-adc4-4bdfe758f23c,gaussian_blur,s5,5,0.572925,0.717966,0.765776
99411ef9-260a-425f-a044-e115d9f79fe4,clean,s5,2,0.623284,0.767653,0.769120
994125ba-70ea-4555-bdec-6e5ff2dce733,clean,s5,0,0.372020,0.516797,0.595067
9941e6b4-6127-4067-b2fb-013eea6737b8,gaussian_blur,s5,5,0.782662,0.876771,0.888721
994f7db5-198b-4b88-8326-d4cf06d1aa37,clean,s5,2,0.707767,0.826862,0.840536
99697ad4-4840-4f5f-8b76-17a65069d1b3,gaussian_blur,s3,0,0.511575,0.590140,0.888501
99805eaa-c587-4c42-a2e1-a31c3f4eaac1,shot_noise,s5,0,0.739471,0.849989,0.851797
9988d6dc-3718-44bd-9cb5-f0f6ac7d65d3,clean,s4,3,0.573494,0.685512,0.867045
9996aacc-bee2-4352-9b3b-7e8bed126139,fog,s4,4,0.338468,0.481201,0.553083
999c7a4e-41be-44bf-a3c1-21c3e18bfaae,shot_noise,s5,4,0.489938,0.647706,0.685922
999c9f7f-bfb8-471c-a334-16e2bb4f18d6,gaussian_blur,s5,3,0.506219,0.671301,0.674821
99a71fa6-e434-4c39-9c0e-355763492630,gaussian_blur,s4,1,0.753221,0.853355,0.899392
99b133c7-2dd2-4e64-880a-9339e4f02019,clean,s5,2,0.729783,0.839545,0.870213
99b93f28-6fc1-4d9c-ab0c-f914ca8a6f4e,clean,s4,2,0.792807,0.879877,0.922341
99bbbc0e-64fe-4479-bb9a-95099bf8b806,shot_noise,s5,3,0.608432,0.750251,0.781787
99c115b4-ca1a-4b35-a0cd-14500f8f8ed4,gaussian_blur,s4,5,0.685143,0.810398,0.827711
99c44ecb-6eb6-4441-92bb-61bd3f6766f5,fog,s4,4,0.594337,0.712378,0.860928
99c80f38-0cde-4b03-9708-49f3a9eb5798,shot_noise,s5,1,0.564535,0.721261,0.723115
99cd0669-d490-46b1-913c-3abf9f26c5bc,shot_noise,s5,4,0.710963,0.830960,0.831707
99cff5e2-d7a8-48dc-b2bf-6a3c3c7dbc07,clean,s4,0,0.569857,0.703524,0.801802
99ecc95f-600e-4e7e-b9c8-8bd6bcca552b,clean,s4,2,0.743552,0.843111,0.915419
99f0a143-07fe-4dc5-be31-ae13f2dda00e,shot_noise,s4,5,0.772101,0.860556,0.949131
99f1435c-f06f-4d36-ba91-58fdcdcfedf9,clean,s4,1,0.816069,0.895092,0.933307
99faebe4-5e7b-49a6-b57d-9ce7b0003104,gaussian_blur,s3,2,0.472567,0.611727,0.719351
9a193657-1291-4d94-a367-ab18f71f0cb9,clean,s5,4,0.668264,0.797193,0.820656
9a1b383c-3975-4458-bea1-d60ea9dc1069,fog,s5,1,0.631512,0.773957,0.774965
9a399e12-4477-4bf2-96a9-2595695f4344,gaussian_blur,s5,1,0.708275,0.826277,0.846218
9a3c0eee-6422-4341-a310-237d0944ab48,clean,s5,5,0.735486,0.847506,0.848101
9a4640d6-1fa5-439e-9657-82d78197c60b,shot_noise,s3,2,0.730080,0.819318,0.980501
9a4d6129-f562-4e32-b354-b183f3f258b5,gaussian_blur,s4,5,0.810083,0.890637,0.935694
9a563aaa-3f34-4ea4-86af-7f005e4dd6a0,gaussian_blur,s4,4,0.840084,0.909700,0.950667
9a582558-0d49-49e0-9598-11090f400020,fog,s4,3,0.471869,0.626562,0.680336
9a5c4fb3-8599-4924-be55-e51d7ff195c8,fog,s4,1,0.622562,0.757468,0.808256
9a6cb846-b32a-4e21-a1d3-c2eae7f428ea,shot_noise,s3,1,0.448147,0.570258,0.732171
9a72d48a-009e-4a92-94a7-7976d641b2b9,clean,s4,1,0.743552,0.843111,0.915419
9a7f1eaa-7ba1-4e65-b54c-773fa0e8f54a,gaussian_blur,s5,2,0.610290,0.753035,0.778043
9a99f7bb-b70e-47fc-8d34-92d5c49e8bea,shot_noise,s5,5,0.595094,0.745589,0.748383
9aa1750a-f1c4-4aab-89f2-b955b4567b0c,gaussian_blur,s5,4,0.532767,0.695016,0.695675
9aac3111-6ad5-4d4b-ba0f-c7fd34fd1378,shot_noise,s4,0,0.712355,0.825772,0.867867
9ab2fc49-eb8b-4c23-bc78-2c1b53c6a590,shot_noise,s4,1,0.579810,0.713286,0.806357
9ac181e2-aee5-4360-81fd-79c589aed166,gaussian_blur,s4,2,0.421685,0.590931,0.598811
9ac9bd74-91c5-45a1-8fae-c3a19cc8a657,shot_noise,s3,0,0.597221,0.710316,0.877307
9ad8effe-b06c-4675-a8ac-67acf3d54d40,gaussian_blur,s3,1,0.535179,0.654972,0.819669
9ae5d78e-fa61-4cde-b71d-10b2990150ea,shot_noise,s4,3,0.473928,0.634526,0.666491
9ae6b8ac-af43-419e-bf93-a98d0cab2dd5,fog,s4,5,0.609063,0.733622,0.844955
9ae93933-5028-4ea3-b986-bcb18d998d4e,shot_noise,s5,1,0.681311,0.809119,0.817435
9af04e2f-0406-4d76-a3ee-ccf7d05d8124,clean,s4,3,0.606322,0.747294,0.785093
9af7d6ae-7e4a-4113-8a3a-95c5a7a1886e,gaussian_blur,s3,4,0.684453,0.789698,0.921907
9afebc96-abf7-4a11-be3e-2a5e504c5fdf,clean,s5,3,0.632639,0.773101,0.783312
9b0e7459-afd6-4e88-bbeb-de2b33efcb1f,shot_noise,s5,3,0.682220,0.808309,0.825627
9b20c06a-22d0-4d53-87b5-e2ccc12ac1a2,fog,s5,5,0.429396,0.600804,0.600817
9b232257-f0ae-49d7-b46b-f8fc4ee77a32,clean,s4,3,0.784189,0.869642,0.951150
9b2e9b59-28af-4923-88e4-45786b6f3fc2,clean,s2,0,0.565172,0.642430,0.945232
9b2f6fb8-f15c-4b16-84d0-205efe3095af,shot_noise,s4,0,0.383853,0.473567,0.708992
9b369342-daca-4ee2-b7bd-6bac59f311e2,clean,s4,5,0.761070,0.854746,0.930288
9b394a14-3fa2-48eb-b541-835843e9a013,fog,s3,1,0.556464,0.645088,0.912123
9b4a8ee3-fab1-47aa-9008-0318f5126a5e,gaussian_blur,s4,3,0.576347,0.701384,0.831236
9b5b1753-b15f-4ed7-8f62-9931fc998977,fog,s4,5,0.459036,0.623823,0.643611
9b6404d1-af54-422a-ae94-837cf970f027,shot_noise,s4,4,0.841098,0.910211,0.952461
9b6a1c7a-7c85-4b08-b3cf-bf32fcdffb8d,gaussian_blur,s5,5,0.442077,0.612782,0.613964
9b6a1fa9-c166-44a6-bef0-b0d787ce7d44,clean,s5,0,0.817065,0.898812,0.904380
9b7809c4-65e9-4360-8114-b2e7ac069789,fog,s5,2,0.271302,0.359759,0.531537
9b7c65be-11d5-4137-9e8b-6c4e22f7761c,clean,s5,5,0.665136,0.795134,0.817266
9b8a1d9c-d924-4230-ad62-c6324564d3d4,gaussian_blur,s5,0,0.663501,0.790529,0.832030
9b8adec2-873f-4012-a239-3641f3a39fdc,fog,s3,4,0.535783,0.660880,0.806406
9b9064d3-7068-46e9-bb44-f6d129003e7f,clean,s3,5,0.623928,0.715212,0.955246
9b9358f2-326d-4872-95db-9f31257c23d3,shot_noise,s5,0,0.548903,0.680075,0.798437
9b9591fc-06cf-4ed3-a272-4ca034521d0b,clean,s3,1,0.730423,0.828616,0.935223
9b997899-0624-4c4f-89dd-20057b58a9b3,clean,s5,4,0.757364,0.861377,0.865935
9ba21174-df0f-4a73-9379-ae2b83ee5dd1,clean,s5,4,0.651909,0.777156,0.843685
9babf654-0d44-4126-ab46-1a036d0a7ae6,fog,s5,2,0.341774,0.491234,0.545213
9baff1e7-500f-410c-848f-61256e69f484,gaussian_blur,s5,4,0.374102,0.457530,0.704834
9bb20083-9adb-41c7-bef0-577c899da6be,shot_noise,s5,3,0.635870,0.768808,0.814613
9bc19748-ceda-4663-8d12-ce4512fed7af,clean,s4,2,0.715086,0.824129,0.889309
9bc26696-6f4a-4287-8e93-b1967bc9fe81,clean,s5,2,0.364570,0.511099,0.581867
9bc9f49d-8394-4e25-a2fc-939d51721e2d,clean,s5,1,0.359797,0.498413,0.590555
9bcbae74-1348-47ed-b083-24127fb0278d,clean,s3,2,0.349485,0.467361,0.612939
9bccaa09-d938-4f53-b25a-48137019dfa0,clean,s3,1,0.674399,0.777677,0.930875
9bcfdb96-a1ef-4cf1-a5c7-edc884cf073f,shot_noise,s5,1,0.678320,0.805075,0.825040
9bd7e1c5-fa91-4cff-b09b-23a8128ea00d,clean,s5,3,0.380709,0.528496,0.600192
9be1885f-9b0b-44d0-9e8c-75a1a071ecc5,shot_noise,s5,1,0.659340,0.790911,0.812827
9bf2993e-63f0-4c47-b1dd-151a6995ea33,clean,s5,3,0.370827,0.540122,0.542992
9bf71981-e8e6-4bbd-a883-b649d7ead77b,fog,s4,4,0.627970,0.757301,0.829880
9bffff7a-6bb7-4dd9-81af-86ea4d2cd197,fog,s5,5,0.551915,0.710536,0.713803
9c0032a6-d3d3-4893-aae3-cc349775bf7d,gaussian_blur,s4,0,0.784189,0.869642,0.951150
9c09a28b-43a4-4d7a-a862-ccf552f2fcd3,gaussian_blur,s5,5,0.726542,0.840049,0.851405
9c0ca460-3786-4757-8bed-7646a5acd9ad,shot_noise,s3,1,0.595911,0.710505,0.872160
9c0f3684-6c96-4614-b891-061547c62c86,fog,s4,3,0.543711,0.674486,0.796384
9c135476-bad3-4785-841c-2598ffb19a93,gaussian_blur,s4,0,0.793171,0.876132,0.953488
9c18be26-263f-4101-b185-4103a7025bcf,gaussian_blur,s5,5,0.564881,0.713172,0.752544
9c25cc6a-8f74-4e51-b232-a9b01e8ab560,clean,s3,3,0.738530,0.827690,0.976775
9c310daa-6535-431e-89a1-820f7dd0d677,fog,s5,2,0.556153,0.714730,0.714955
9c40ebed-ce2e-4ba7-a4ec-b1ea00a3543d,fog,s5,4,0.620186,0.753856,0.813177
9c46c7d3-89fd-49f5-8b1a-13fa24692e39,gaussian_blur,s4,3,0.606754,0.742502,0.804779
9c4a2ab4-aaac-45d0-adb0-e2cc7ba798c7,clean,s5,0,0.616897,0.759618,0.777393
9c4c3e28-cfa8-45e9-a2e9-281a64ce58d4,gaussian_blur,s4,0,0.534419,0.678122,0.753904
9c4cb7c2-e046-440f-86d8-4c4572fa0a6b,clean,s4,3,0.530163,0.664873,0.776727
9c525c2b-fef7-49a4-9d0d-81bdb2bfd6e9,clean,s5,2,0.419912,0.496086,0.780733
9c62830c-b620-43a8-9893-3e64488ae985,clean,s3,4,0.686949,0.789862,0.931333
9c6e72ee-8d96-42ba-af2e-bd9c58722da8,gaussian_blur,s4,4,0.436206,0.606952,0.608688
9c7ec519-895b-4c6e-9dff-b1a012537fc7,fog,s5,0,0.623585,0.765585,0.779132
9c86b1b8-e101-431f-a842-6166fa8add16,clean,s4,1,0.530801,0.651647,0.813621
9c8e73c8-05a3-4c33-998a-5f104bb4354a,shot_noise,s4,4,0.691182,0.805521,0.878453
9c98e9f5-cb11-4b20-8c1e-fef6be8bdc51,fog,s4,4,0.557681,0.706775,0.747637
9c9cf216-5f2d-4323-a78b-540a5cb7f145,fog,s4,5,0.357550,0.523638,0.533307
9caa0cbb-eb16-44e5-a4cd-5525edbdfdcc,fog,s4,5,0.422625,0.589539,0.605380
9cb2f04c-ef94-474a-98b7-d644a4a6e9eb,fog,s4,3,0.370592,0.519634,0.584789
9cb71336-dc85-4722-8e4d-465cabd058d2,clean,s3,0,0.456400,0.590195,0.715952
9cb71860-535c-41be-bff1-4d1946c5dabe,clean,s4,1,0.663608,0.786842,0.849173
9ce24059-2c0f-4974-9a9b-9fff342302dc,clean,s4,2,0.640711,0.763681,0.854372
9ce5de28-1fff-46b8-a1c4-394239305a82,gaussian_blur,s3,1,0.591463,0.683067,0.933328
9ce76764-a79e-419b-aec3-8772a44a3cd1,shot_noise,s5,0,0.514032,0.667845,0.712679
9ce971c9-a997-4b95-9ab1-cfe698154f2c,clean,s5,4,0.684507,0.811046,0.821512
9d0fd33c-1e14-4c99-ae20-6cad65ba3e4d,fog,s5,3,0.674296,0.804486,0.810494
9d12cb10-1c2e-4805-b692-2e940f05c0e9,fog,s4,4,0.551608,0.670468,0.834057
9d220db9-3e98-4c94-8de4-414e857f9869,shot_noise,s3,1,0.603571,0.718204,0.875495
9d2f94ec-7125-4274-878e-7d5ec810af2f,shot_noise,s4,1,0.684287,0.801420,0.868619
9d32b501-7193-441b-940b-e2a533ff35e9,clean,s4,5,0.412634,0.454178,0.822426
9d379239-3894-4978-9878-2fa118a9194c,gaussian_blur,s5,1,0.625030,0.764922,0.787681
9d4e75d7-b6d0-4c3b-9fee-8cb74161198b,shot_noise,s4,2,0.569060,0.717685,0.752509
9d65efb7-4e12-4bc8-978d-d54b3eff5d76,gaussian_blur,s4,2,0.555399,0.670835,0.845765
9d695d70-9d2e-4918-9718-d0467b5687e5,gaussian_blur,s5,2,0.610737,0.751002,0.787771
9d6b0587-cfee-453d-9c15-0e09e78e2b9c,fog,s5,5,0.455125,0.624203,0.629125
9d720c40-c3ac-4c0e-aa74-81e6b5438f68,clean,s5,2,0.751000,0.856827,0.864559
9d72fe47-75af-418f-bafe-eee1f06330c4,clean,s5,2,0.346960,0.498572,0.548288
9d7cce0e-5989-407e-8428-a992fffd2b78,shot_noise,s5,2,0.693320,0.818094,0.823256
9d815eb9-a5cb-4886-9a03-0bf6354affbe,fog,s4,4,0.289412,0.431287,0.479884
9d8226f5-e4f6-464e-b1fd-09788212e13c,fog,s4,4,0.264662,0.407438,0.437302
9d826001-beb1-4dac-86db-ea1df9783403,clean,s3,3,0.458976,0.478611,0.917952
9d87a98d-b012-4cee-acbd-602815390e03,gaussian_blur,s4,5,0.728640,0.838592,0.870464
9d89161c-98b0-491d-a5cd-0ab33059b801,shot_noise,s5,0,0.698652,0.822540,0.822907
9d8b6e15-fe8f-4afa-90d1-66a1566c9d20,shot_noise,s3,4,0.513206,0.646361,0.768625
9d93b064-99b3-48b3-9d43-519f7fd65e20,shot_noise,s3,5,0.507374,0.628160,0.794288
9d9b42ea-d33d-4ad1-8aa3-d01299c38ed0,clean,s5,5,0.749230,0.855736,0.862907
9d9da7f5-095d-407c-9a99-84f4547349e7,clean,s5,3,0.327554,0.404137,0.643393
9dae0914-2b1b-4270-b010-cac0761bfe86,gaussian_blur,s5,2,0.424006,0.554553,0.687460
9dc6c225-3214-4855-8ced-659d68a7f2ce,clean,s4,5,0.652832,0.762805,0.904421
9ddbccfe-507a-4370-a85f-463c4a7ca447,shot_noise,s4,5,0.416272,0.564110,0.642288
9ddfca23-ecff-4327-93e4-6adea6299bcb,clean,s3,2,0.579810,0.678939,0.905599
9de2ad6f-1d9f-458e-82c7-9ff3962b7950,gaussian_blur,s4,5,0.236451,0.321068,0.472901
9de379a5-ed1f-4d12-ba60-6c0059e808bc,clean,s4,5,0.799368,0.886524,0.905899
9dee0754-e740-420d-a8f5-ff258f12e916,clean,s4,3,0.772248,0.863019,0.933328
9dfecbef-49fb-4186-8c01-2194885135de,clean,s4,5,0.311620,0.471702,0.481728
9e02656d-1c1f-486e-8208-a7e06eb98cbc,fog,s5,0,0.655390,0.782906,0.832912
9e16e1df-0099-48e5-9840-e01016652467,clean,s5,4,0.322394,0.429741,0.589036
9e1f7aef-abb2-472b-8440-6a2e12178a9b,shot_noise,s4,3,0.429873,0.599106,0.606683
9e3036e7-45ef-4021-8c78-1542931e9470,shot_noise,s5,3,0.728946,0.842958,0.844931
9e385bd3-8b5d-4ab5-8b44-731d38ed7359,clean,s4,4,0.765897,0.855907,0.947403
9e385eb2-ae96-4e3c-a2b3-2f21bb8a1179,clean,s5,0,0.601609,0.744740,0.776784
9e58bce4-7994-4dd3-9d06-1e5ab990f03a,clean,s5,0,0.771997,0.871322,0.871393
9e596956-8cd8-41d2-871b-3f646c31f7ec,shot_noise,s5,3,0.769121,0.867151,0.887141
9e5e6206-0d0c-4c12-8e02-2c16cbe0b171,fog,s5,0,0.720830,0.837733,0.838000
9e6770ab-f768-404a-a567-768d3fd7118a,gaussian_blur,s5,3,0.502625,0.668673,0.669973
9e690b48-e0fc-469f-85cb-41534cc538cb,shot_noise,s5,4,0.624453,0.767699,0.773628
9e70c2b3-7a3d-4b70-aeeb-48d39f2d5b54,gaussian_blur,s1,2,0.259802,0.341934,0.519604
9e70eb25-1d22-4eae-9f7a-ff4d2df7c06f,shot_noise,s3,3,0.366084,0.489680,0.626651
9e70fac4-6f09-4d70-8a12-40c335e7ea6a,shot_noise,s4,3,0.748731,0.854485,0.868880
9e75dde5-cb62-4d26-95ec-73df064f3841,fog,s4,5,0.392982,0.521388,0.653748
9e818441-4ea2-4a43-82ce-dd54050fb2a4,fog,s5,1,0.305030,0.435556,0.524004
9e853a40-c2af-4a54-b981-52a9966aa4bc,gaussian_blur,s4,1,0.774916,0.865750,0.928571
9e884e83-a473-4387-b0fb-a850ab07e2c8,clean,s4,5,0.576938,0.696717,0.847129
9e91ebd7-be16-4109-a529-168eb4a76845,fog,s3,3,0.258239,0.392502,0.440066
9e933750-405d-4d03-9112-755ee0d4621d,fog,s5,5,0.423061,0.464780,0.837093
9e983605-bfea-4716-b730-a2ce7ec4d669,fog,s4,5,0.501739,0.657744,0.698794
9ea2beab-b888-40b7-bf87-31e51785d94c,shot_noise,s5,4,0.412707,0.584187,0.584496
9eac576c-199b-46f8-817e-5da93a84404d,shot_noise,s5,4,0.652848,0.788844,0.795288
9ead7de3-e445-4044-96e3-c3d93c0e73e9,shot_noise,s2,2,0.495015,0.555857,0.901701
9eb35a9c-df04-4a7c-831f-b586c81f20ce,shot_noise,s2,1,0.489375,0.494631,0.978751
9eb76ee3-1b4b-47d0-bfeb-531bf8305061,clean,s4,3,0.687904,0.806983,0.857147
9ec1adeb-6955-4d3f-9195-33912ee738ea,shot_noise,s4,5,0.690850,0.799673,0.904469
9ec4eb8d-4e57-4f58-b7e9-36cce32bf016,clean,s5,4,0.453939,0.622951,0.628341
9eccf1d2-4b99-4870-aaef-de0f99e54777,shot_noise,s3,4,0.706443,0.808744,0.928505
9ed9d307-434a-4107-b60a-8a9cbce26d3a,clean,s4,2,0.654541,0.783418,0.827162
9ee19cf6-a901-4352-bf88-b63c60155545,gaussian_blur,s4,4,0.544911,0.674676,0.799952
9ee4e080-20ad-47d3-b7db-ea97d28e8ac1,fog,s3,0,0.693815,0.794147,0.941097
9ef612d1-37c1-426d-afbb-2779d38f57a6,shot_noise,s4,4,0.735983,0.840731,0.893021
9ef77b41-1a6c-4303-adc5-25127aff236f,gaussian_blur,s5,5,0.741441,0.851485,0.851797
9eff7650-4263-4383-b682-295c8b9af470,clean,s5,0,0.560291,0.717522,0.720544
9f07be4b-a564-4c0e-b0c7-a56e95fb0e4f,shot_noise,s4,3,0.540977,0.698584,0.713862
9f0f8ac1-2915-4ed5-973c-101d1b29a8d3,fog,s4,2,0.747341,0.847340,0.908226
9f10873d-4813-4bbc-aba1-9b1c65fc0f6f,gaussian_blur,s4,2,0.259901,0.401744,0.430677
9f13bf05-bbcf-4848-bc67-a05607195d4e,fog,s5,5,0.678635,0.805914,0.822164
9f1c2b29-9841-4787-93ae-3c343f295bde,clean,s5,4,0.668754,0.798163,0.818040
9f1d3576-18ad-41e2-bffb-86a9cd84becd,shot_noise,s5,5,0.477520,0.641314,0.660505
9f204aa4-2a1b-44aa-b231-2114ba13eafb,shot_noise,s4,2,0.808397,0.889905,0.931682
9f211649-f8a1-4bca-8389-fe1b44c5781b,fog,s5,2,0.583888,0.725890,0.778853
9f26aa57-8aba-48b4-9fc5-7d370d3b5eba,clean,s4,1,0.607336,0.738715,0.820731
9f2a3142-0d75-436a-836c-a630f6285665,shot_noise,s2,5,0.673396,0.763231,0.980505
9f3631e7-c5f2-4488-af8c-123e00aada87,shot_noise,s5,3,0.760665,0.863573,0.867675
9f39d1db-7fab-464c-871f-f17778787c6a,gaussian_blur,s5,0,0.712812,0.824923,0.874633
9f40e103-57e1-45c3-8439-ad580db19dc1,clean,s4,5,0.713911,0.826314,0.872024
9f4ab8d2-34f1-465b-8a8d-318f32ed54c2,gaussian_blur,s5,2,0.784216,0.878902,0.880360
9f4dc4e3-c423-4eeb-bf5a-3aada3d794b1,gaussian_blur,s5,4,0.430502,0.601041,0.604016
9f63ba08-2763-4645-b732-06c25ccc1bea,fog,s4,5,0.281754,0.432873,0.451568
9f7f0ec2-8624-4e3c-b182-1f633a7e1d39,shot_noise,s3,3,0.587448,0.668147,0.956987
9f81bbe5-91d4-449c-b50c-d2dfff1939b5,clean,s4,1,0.338040,0.484203,0.546133
9f863d5b-8fb9-44b3-a2a8-f74a4d961d87,clean,s3,0,0.586454,0.669264,0.951165
9f885e23-27ea-42b5-969c-bddab0a297f2,shot_noise,s3,2,0.734112,0.832026,0.933862
9f8d4e70-be7c-4f64-bf47-2ffebb0e2550,fog,s4,2,0.757917,0.857873,0.893364
9f95e338-60d4-4f27-9f05-ab39286e57d9,fog,s4,0,0.641068,0.773060,0.817508
9f9904f1-6812-4036-96fa-c6b3bd96d80b,gaussian_blur,s5,2,0.743076,0.851722,0.858545
9f9a846d-46fa-4410-bc13-94dacd650fa0,gaussian_blur,s4,3,0.523634,0.684928,0.695029
9f9e0667-89bb-46ae-9a2e-483155f02176,shot_noise,s5,3,0.777606,0.872547,0.893285
9fbc81d7-4a9f-4a43-818f-3beb818667e7,gaussian_blur,s4,5,0.844123,0.912619,0.948144
9fbee6a7-a3ad-46d5-b390-b8395a359fb8,shot_noise,s4,1,0.512221,0.669025,0.702875
9fc0ac50-d768-462e-ab60-d56e4207d98d,clean,s5,5,0.316562,0.432860,0.565584
9fc2938f-8470-4e32-bec2-2143d9fcf977,gaussian_blur,s5,5,0.560424,0.716036,0.726258
9fd31600-d515-4173-94f5-6498684a4040,fog,s4,4,0.535722,0.681253,0.749221
9fda10e1-a5be-483d-8996-0d5231700a18,clean,s5,2,0.312128,0.453799,0.515963
9ff5df71-2659-4cdd-9315-ddfa1f2306f4,clean,s4,3,0.791012,0.877230,0.932859
9ff64ab1-96f3-4757-bd9f-60cb3cf47a63,fog,s5,3,0.584721,0.706130,0.846220
9ffe0f93-7cd7-4eb8-bce3-036901a0ca05,fog,s4,2,0.270439,0.363856,0.523024
a001ada2-9e85-4f98-b0ea-f3241a5d8fbf,clean,s5,1,0.719897,0.834273,0.854437
a00cecc8-617f-48b7-ad59-b046596cc237,shot_noise,s4,2,0.653863,0.772685,0.870006
a00dee76-d654-4062-baa2-6d9e8802a0a6,gaussian_blur,s4,0,0.583738,0.729376,0.765946
a0104ef9-3144-4a35-89bc-2c31f6342848,fog,s4,3,0.619319,0.762047,0.776955
a014e772-ee9d-4f65-a3f1-7e79f21c6f75,clean,s5,1,0.704670,0.825472,0.834085
a021164f-be89-45a7-8105-eab905a56909,gaussian_blur,s5,4,0.313617,0.416540,0.581943
a025c78a-6f78-459d-93d9-6fb658fe2459,gaussian_blur,s5,3,0.328035,0.455992,0.563909
a0309368-7507-4e08-9a02-d31e43228752,gaussian_blur,s5,3,0.739202,0.850037,0.850117
a038e035-9847-44bf-aa84-d908c9306f1d,shot_noise,s4,3,0.371962,0.517953,0.592603
a03da1f0-891f-42da-ab62-1a28a0dc8a17,gaussian_blur,s5,0,0.747790,0.855260,0.858725
a0466ed0-da33-4cc1-823e-9a3b6418e73b,fog,s4,2,0.468455,0.606569,0.717973
a047bee7-5ec7-4c0e-bb37-3929864bce22,fog,s4,5,0.286952,0.439315,0.457759
a04c6e6d-8b8e-4496-8da6-155b42fb85bb,clean,s1,3,0.460192,0.479271,0.920384
a0544a6b-5fed-4f6d-9bff-795f62712335,gaussian_blur,s4,5,0.633381,0.764892,0.820859
a059a819-3cef-426a-996c-4c286d09dff9,clean,s5,1,0.668042,0.799029,0.810747
a064c536-8a58-45f7-9a46-cef106b7fe10,shot_noise,s4,0,0.825876,0.901335,0.938085
a06c7f5a-45c1-4a6d-9d80-b1d2b1ac462c,gaussian_blur,s3,5,0.551694,0.676880,0.816949
a07d1457-a8c5-451b-bc63-6bea1ce7e89e,shot_noise,s3,4,0.781592,0.864744,0.971045
a07dba6f-eb1c-4b43-a9bf-26427634056e,shot_noise,s5,3,0.408557,0.570037,0.603528
a080d599-d9b5-4932-aa64-246c960fc96c,shot_noise,s4,4,0.611196,0.746701,0.806000
a0932809-0a79-4572-87ff-b734f161f085,fog,s4,5,0.755428,0.853808,0.907659
a097edec-3ad4-44de-9076-dbe961a49893,fog,s5,0,0.683202,0.810335,0.819451
a09903e5-3e76-442d-aa2e-945326da5a96,clean,s4,5,0.430488,0.601416,0.603029
a09adfdc-5850-4ecf-89e8-029de886cf50,clean,s4,1,0.749171,0.851504,0.890928
a0a05bff-bba4-4426-95ce-b8a7efde681a,fog,s4,1,0.584862,0.716594,0.813808
a0b6b8dd-8405-47b3-91ad-f735bf2f17ae,shot_noise,s5,4,0.692210,0.817868,0.819461
a0bad8f7-f248-42f6-b563-0786f79774e8,clean,s3,1,0.559121,0.669725,0.861046
a0c03bc1-6026-4184-a5ab-96abeb9bec4a,gaussian_blur,s4,1,0.469515,0.628259,0.667916
a0c3bbfa-ec90-4f47-986f-039a8a49995c,fog,s4,2,0.677405,0.795676,0.866438
a0cae3c9-db1f-4fae-a240-44f9feb8d617,gaussian_blur,s4,3,0.811125,0.893693,0.914725
a0cd2c1a-2593-47af-9a0e-15ea4ab5fa26,clean,s4,4,0.697524,0.809511,0.886400
a0dee9a3-b3fb-4f9f-9e35-6bc3ceb6a077,clean,s5,4,0.798078,0.887540,0.889131
a0e6df04-6a25-4c47-8263-86b36bab7040,clean,s3,3,0.553246,0.673565,0.831264
a0e9172e-9ec7-4adf-a365-96492d6e5ef0,fog,s5,3,0.600987,0.745407,0.771835
a0e95753-058d-41e4-a0ed-322d918a2863,gaussian_blur,s5,2,0.296892,0.374294,0.591393
a0ec7cbb-a479-4f1a-9213-2ab4e5898858,gaussian_blur,s3,2,0.601035,0.693243,0.938464
a1065069-7161-436a-b96a-8541aa400147,gaussian_blur,s3,0,0.699217,0.798818,0.943123
a10b431d-360e-48e8-99b0-9e44b17390ab,clean,s3,2,0.678123,0.786166,0.911199
a1102450-e8ce-4196-93e3-cdfe2d80dac2,clean,s4,1,0.577491,0.722548,0.766824
a1145ff9-f507-4d91-a251-23ebe1b2ca7e,fog,s4,1,0.629926,0.757469,0.836784
a1176e2c-d981-477b-8b7f-df01a2da5ec1,shot_noise,s4,3,0.504131,0.656038,0.711877
a1197bdb-bd76-42aa-bc8f-8e5e4f1a2255,gaussian_blur,s3,3,0.309330,0.437389,0.534912
a11a7e45-f908-4f83-9a50-574b0fdd35fd,gaussian_blur,s4,0,0.586446,0.726972,0.784547
a126c895-aa7f-4920-99fe-efc2d63b50d2,clean,s4,4,0.406658,0.576696,0.581723
a129907b-8b57-48f8-a994-f10162943968,fog,s3,1,0.494473,0.603278,0.809089
a12d1840-ee7b-46b2-80e0-92439613690c,clean,s5,3,0.525973,0.688097,0.693413
a12e35d9-fa04-47a8-a0b7-ccd5cc20bceb,shot_noise,s4,5,0.661447,0.769989,0.910315
a12e50ef-7f64-48be-8a43-f4524161ee0e,fog,s4,2,0.517091,0.624496,0.833993
a13797a2-304b-4f50-bcfc-c26d0945d706,fog,s3,0,0.384768,0.500478,0.666293
a13c6039-ba92-46f1-a756-afb94932bb1a,gaussian_blur,s5,4,0.672286,0.800283,0.822806
a14dffc7-de45-4f64-a886-19cf419e362e,clean,s4,1,0.711505,0.819234,0.898949
a15490f9-2c94-4299-ac70-a3dd9a57f286,gaussian_blur,s5,0,0.640880,0.779913,0.786725
a15eecec-0707-4d9c-a020-51e8f0fe1a4f,fog,s5,1,0.518673,0.683046,0.683108
a179d6e7-b981-4fd5-8989-2827527b725e,shot_noise,s5,1,0.447623,0.600781,0.662621
a17afa97-fd4b-4164-b2b1-690e1c2afee0,clean,s4,0,0.422125,0.591548,0.598811
a189ac87-449d-4885-8942-6040f43dabe2,gaussian_blur,s5,5,0.503140,0.668695,0.671739
a1991ed4-7926-46b6-ad4a-abbe0b7b415c,fog,s5,4,0.572123,0.726860,0.731405
a1994f29-e436-4f91-bcde-a01722d58c2a,shot_noise,s5,4,0.603259,0.744949,0.782308
a1a3efe9-6757-484e-a7ad-b0f3788f24e4,fog,s4,0,0.613881,0.737663,0.848762
a1a49766-80cd-4164-a993-65528085f773,fog,s4,0,0.650140,0.783504,0.808667
a1a59472-9c2b-4666-9d99-b527179b3808,fog,s5,2,0.368142,0.502416,0.610006
a1ab8e9f-74e8-4fe7-9ed0-fda2090196e9,gaussian_blur,s5,0,0.420375,0.591747,0.592347
a1b61c80-ad07-475f-b7f8-1c5437159085,shot_noise,s3,4,0.701535,0.795235,0.967955
a1b7e2d5-7f9f-44fe-a774-61e5f43738a2,fog,s4,2,0.422446,0.570250,0.649168
a1ba10fc-eb16-44a6-b96a-9b715d5dd6ea,clean,s4,0,0.526114,0.640300,0.826212
a1c64d0d-c46c-47ce-856a-c576f585ab09,shot_noise,s4,1,0.717276,0.820858,0.916343
a1d594cb-fd1d-4e57-ab79-b3474eed173f,clean,s5,5,0.419657,0.576935,0.624949
a1e32a36-d0b9-4191-a3e0-422c21bb0176,clean,s5,0,0.694060,0.819314,0.819900
a1e76e55-8a6e-414c-970f-0b9b99c1f434,gaussian_blur,s3,2,0.556582,0.646035,0.910347
a1ee808e-188c-45a8-84f6-b8437782c5d7,gaussian_blur,s2,0,0.707138,0.797814,0.979964
a1f0f03d-4557-4bfb-ae9d-00ac75a6cd81,fog,s5,5,0.683702,0.810373,0.821467
a1f33f5e-639d-4b55-b79a-4003916df879,clean,s3,2,0.456400,0.590195,0.715952
a1f3e623-a7cb-4e16-8098-7e9a6a09ab39,shot_noise,s5,3,0.708130,0.825893,0.847713
a217ad81-27ba-42ea-82da-3dad7b4972cc,shot_noise,s3,0,0.482004,0.613890,0.745231
a21cfb44-bc23-45d1-9c83-5ff068d9c00c,shot_noise,s4,5,0.524232,0.665711,0.754133
a22efc32-c408-4c48-93e3-dd052e4b67a3,fog,s4,5,0.617851,0.760460,0.777701
a23a3279-f06a-4d76-89bf-739e1c228b3c,clean,s4,1,0.777076,0.869125,0.916054
a23e1fc2-16a6-40d3-a2b0-6b867defee45,shot_noise,s3,2,0.631719,0.740502,0.904539
a2412ae0-5225-4126-b8cc-0472d8a4e99d,fog,s5,0,0.823287,0.903063,0.903253
a27944a6-db63-4a1b-a071-b7d956979ab5,shot_noise,s5,2,0.472643,0.635555,0.659301
a28645e9-dd8e-4188-9ee9-4f22c79096c0,clean,s5,2,0.762146,0.863474,0.876347
a28d685f-60e8-41e2-9d30-c5d8b6dd07fa,clean,s5,0,0.741462,0.850713,0.857075
a2901436-7594-4387-9ad1-c0c42765baca,gaussian_blur,s5,0,0.779980,0.876072,0.878976
a2920f4f-1024-4bfc-9e44-aa622b608cd6,gaussian_blur,s4,0,0.632704,0.745077,0.892571
a2ab1ba8-917f-4915-8047-bdcb143a56d1,fog,s5,4,0.620863,0.761299,0.786160
a2ace20d-4fba-4464-9fa1-ffcdf7e06d2a,gaussian_blur,s4,4,0.542030,0.691074,0.741640
a2b0f8ed-baf8-4a00-88b4-f730fbb4adde,clean,s4,1,0.714165,0.828445,0.861264
a2c24114-d893-4a55-982e-2927ec4845a9,clean,s4,2,0.350407,0.517754,0.521477
a2c7ed5c-2a8f-49e4-a656-a8896efe24a1,fog,s4,1,0.444995,0.602861,0.648775
a2d18d16-437f-4f25-9149-7e6f359cdd19,shot_noise,s5,2,0.539819,0.697474,0.713285
a2e3d2d9-6890-482e-b3b8-18dfa84ec3a0,gaussian_blur,s5,4,0.737200,0.847065,0.859557
a2e82323-c899-4597-a6a3-ed622e98c18f,gaussian_blur,s4,4,0.803393,0.885989,0.934751
a2fb91f3-21cf-4d9d-84c3-68d33e15a0f3,fog,s5,1,0.726990,0.841883,0.842123
a2fd77a6-d15a-49a3-8cf6-a1714ecc663e,gaussian_blur,s4,1,0.663066,0.783906,0.859856
a305534d-f4a9-4431-a68c-1d6b902b8fb6,gaussian_blur,s3,5,0.245249,0.376570,0.421685
a30ce862-9c2e-4b6d-a5a1-371ef8b327b6,gaussian_blur,s5,5,0.351672,0.468985,0.617084
a310f198-2573-44ed-ab8e-01697e308433,clean,s5,0,0.445010,0.575261,0.711670
a31ce6c9-2271-4446-b7de-d11c5f1b1043,gaussian_blur,s3,1,0.594852,0.704154,0.887292
a31fafab-73d4-4f11-88d3-58b11c58b3da,fog,s4,0,0.703907,0.821202,0.854331
a321aab3-260d-47bc-ad7e-e49a56501fb3,shot_noise,s5,3,0.428653,0.579536,0.648940
a328175f-c12f-418e-91a6-65da2ff3781e,gaussian_blur,s5,1,0.535334,0.697068,0.698288
a32b641d-5220-4374-ab13-02375d40ef74,clean,s4,1,0.738313,0.842017,0.896565
a32c2dd2-80f6-4774-82e6-1a77a5809fd9,fog,s3,0,0.526447,0.607603,0.899160
a35eb15f-18eb-4b9d-918c-1d8bc64f7ea4,shot_noise,s4,1,0.691245,0.797174,0.917355
a371b60e-ceaa-49e7-a2ee-add0a5cd12bc,gaussian_blur,s3,0,0.739784,0.829776,0.971781
a373208e-301d-4ccb-a846-2f2f1305e3c8,clean,s4,0,0.287015,0.395778,0.529163
a37fe28d-f826-440b-a83a-86d5c7af53f2,shot_noise,s5,3,0.811548,0.895226,0.903088
a38217d4-5a41-4e6f-a261-78ef1e122ada,gaussian_blur,s5,0,0.613466,0.756383,0.777056
a3855fbc-6aea-44c5-95b8-b1b03c60fd97,gaussian_blur,s5,1,0.766383,0.866073,0.880210
a38820d5-8dc8-4fad-8736-bfdeba429913,shot_noise,s5,2,0.406791,0.556957,0.626555
a392c4d5-7d85-4a75-8932-f5b7f6acb227,fog,s5,3,0.568767,0.712869,0.767760
a39a42c8-97c6-4fa2-9ff8-e13cb27e1b33,clean,s4,1,0.348142,0.492340,0.564021
a39d4306-2395-4539-a110-2eb4c01d1c9c,gaussian_blur,s5,2,0.495275,0.662310,0.662877
a3ba493f-aa4f-4eb8-9ed6-7fccbdc575e8,clean,s5,5,0.798631,0.888000,0.888423
a3ce8c9d-1018-4b8d-a933-9c656f65475b,fog,s4,4,0.737575,0.846244,0.866704
a3d0abaf-f027-4464-b37d-877dca822e60,gaussian_blur,s4,3,0.504107,0.648184,0.733189
a3e183b2-2c90-47b2-b723-0a762410044e,shot_noise,s5,5,0.488005,0.654617,0.659685
a3e2285d-f39a-48b3-b53b-262f92e83869,shot_noise,s4,4,0.509573,0.661823,0.714446
a3e41df1-cabd-4352-858b-7734f78b7c1f,gaussian_blur,s4,3,0.622223,0.733913,0.891936
a3f38b7d-9318-43e5-846d-a9b43a0ee7f5,shot_noise,s5,0,0.651015,0.783750,0.811163
a405a03a-5945-460e-ac3b-c3b0bb11d16d,clean,s4,3,0.618301,0.746411,0.834032
a405b297-33ce-40e3-b7fa-8b33daf2ab7a,shot_noise,s4,4,0.468325,0.556701,0.821081
a40bb039-9071-42ee-bbd1-332302e6ac96,gaussian_blur,s5,1,0.679675,0.809022,0.810717
a41312a5-7075-4509-ad2b-17a807357123,clean,s4,5,0.530163,0.664873,0.776727
a4148982-1d34-41cc-96b5-e26b42cd56f3,gaussian_blur,s3,0,0.782054,0.865564,0.967973
a41f217a-e453-4fad-ba30-d7bd54415bad,clean,s4,1,0.684430,0.806075,0.846587
a427430a-c030-42de-aff1-a8a8ca31a73e,shot_noise,s4,0,0.735190,0.845339,0.860639
a42bcd54-95b5-4661-b257-53db8ed2a44f,shot_noise,s4,5,0.797577,0.885138,0.907008
a432e64f-4240-4c40-bdb4-535ee9d73529,fog,s5,4,0.488594,0.653312,0.665504
a442f204-92fc-4920-858a-e75fd3112382,shot_noise,s5,0,0.732887,0.845581,0.847644
a4431b1e-9f32-4430-802d-d252fe804c3c,shot_noise,s4,2,0.722740,0.830242,0.890997
a45204a0-03c6-42f8-9e23-bb3abb647d16,shot_noise,s5,0,0.720830,0.837733,0.838000
a45b51b9-9fa8-4056-ac05-75625131ff34,clean,s4,5,0.556622,0.650734,0.899646
a45c9c04-9b59-4d46-a2e5-5c4c2d0827ec,gaussian_blur,s3,3,0.454458,0.587683,0.715223
a47841d4-1d52-4dfb-9044-d5806aca5065,gaussian_blur,s3,1,0.661320,0.770720,0.906997
a479ae53-1f36-4a68-be8f-b8cc0efe8c0b,clean,s3,2,0.606244,0.726977,0.856981
a48585ac-0477-4f01-a3d5-fc6146966b3f,fog,s3,4,0.438062,0.533582,0.771449
a491fa48-e9b6-4d7a-8d29-4b2ca9a3e795,gaussian_blur,s5,5,0.718746,0.833781,0.851883
a495e998-1eab-4d0f-a885-b181c5043119,shot_noise,s4,4,0.826699,0.902540,0.931696
a49f57ec-1998-4ba7-8ad2-1e4d76d22838,shot_noise,s5,0,0.683985,0.811725,0.815614
a4aefd7c-e2e3-4b82-b09e-b9e280b412e6,fog,s3,1,0.250538,0.382867,0.429567
a4b12be2-a126-463a-b06d-96e92e6a25e8,clean,s4,1,0.499887,0.658940,0.688928
a4b56a43-c160-4aac-ad46-0bb6bfe38987,gaussian_blur,s4,0,0.496072,0.655608,0.685115
a4cb0103-e7f5-4c21-92b9-de5ca2e64792,fog,s5,1,0.746027,0.854161,0.857161
a4e344d0-8092-48cf-a04c-624a3b511dc8,fog,s3,3,0.695508,0.797842,0.932060
a4e434d6-ad69-481f-9290-2dbdab873da7,clean,s4,1,0.792682,0.879250,0.926613
a4e81bd4-2372-44e5-8e51-3442b8e425e6,fog,s5,0,0.716812,0.832188,0.852101
a4eb5af4-2aff-411e-a560-964468478111,gaussian_blur,s5,5,0.296456,0.378808,0.583742
a4ec1842-6eb6-41cc-bc89-bee407eaf219,fog,s4,1,0.565391,0.699015,0.799941
a4ecbcfd-be02-4f95-9e7b-2741f483b5f8,shot_noise,s5,0,0.698291,0.819517,0.838016
a4ee0fd2-3463-4d9c-9b84-61789edeb669,shot_noise,s3,2,0.504953,0.621070,0.802967
a50aa2d6-e2d6-40a0-89ab-ec60f6739e73,gaussian_blur,s4,4,0.674396,0.790589,0.876931
a51f5715-9218-4c5a-91e1-c4f95e85bb9a,fog,s4,4,0.573208,0.703550,0.813591
a533dc2e-d2b3-42c1-905f-d8b769177832,gaussian_blur,s4,1,0.744273,0.845273,0.905856
a539d366-c32a-48f7-8fc6-bf4182f7c3dc,clean,s4,4,0.637889,0.772892,0.805440
a53c38d2-c0c4-4748-95a8-0f112cb2ca24,clean,s4,4,0.534419,0.678122,0.753904
a54faeb4-e580-48c1-afad-77d16c46382b,clean,s4,5,0.729831,0.837194,0.884501
a5690009-953f-4e4b-90cb-f9864a03d9d3,gaussian_blur,s3,0,0.620742,0.728684,0.903525
a56d7679-e0a2-4dda-ab08-17622f12c7e1,gaussian_blur,s4,1,0.551580,0.687772,0.785358
a570acdb-be62-4829-897f-bf95412b7bd8,fog,s4,3,0.345616,0.504604,0.532037
a57217b5-aef1-4645-8d79-a55c4d846213,gaussian_blur,s5,4,0.617604,0.758968,0.782837
a59c6848-e839-4189-a61d-fa19d2a9e44c,fog,s4,1,0.286564,0.445363,0.445669
a5aa28ef-043a-4873-a5c6-29ea30357e40,clean,s5,2,0.735689,0.844714,0.867077
a5bc056f-35f8-441b-833b-9bc5cdb23017,fog,s4,3,0.600642,0.721615,0.854265
a5c717cd-c82c-4617-8541-48e28dfa5c82,clean,s5,3,0.741462,0.850713,0.857075
a5cb88c9-d2d1-4f54-8f82-ea234c43375d,fog,s4,0,0.584807,0.696407,0.875076
a5dd597e-bf43-432e-a1e2-9d111edbf1b2,shot_noise,s4,1,0.797891,0.882808,0.928354
a5e42877-fb28-4f85-9e68-21810cf429aa,gaussian_blur,s4,3,0.399101,0.566025,0.580848
a5f370fa-ea7b-4956-ac49-1a73beac1f89,shot_noise,s5,1,0.489890,0.654454,0.666779
a5f65052-34d5-4a23-a0e0-fe03f798139b,fog,s5,1,0.620171,0.760230,0.787803
a5fac3df-cbef-4123-9af2-8ba2efab2572,shot_noise,s5,5,0.589292,0.728626,0.789307
a5fefb9e-4e83-482f-8f1e-37832d1f9cbb,clean,s5,3,0.395852,0.559215,0.585259
a603869c-5d8d-41db-a71e-349a792e3a0b,fog,s4,1,0.777509,0.871158,0.903331
a61050a4-f234-408b-bcf6-e6b4cee9d482,gaussian_blur,s5,4,0.590633,0.732877,0.779184
a6121294-abd0-4b2b-b5b8-b01771955122,gaussian_blur,s4,3,0.550889,0.682795,0.797499
a61f776c-dd6f-4ac7-b376-a5dd6099fd99,fog,s5,0,0.613150,0.755080,0.781052
a621590d-2509-47a3-82b9-60c772079554,shot_noise,s4,3,0.580085,0.679660,0.904643
a6270bfc-db4d-4dba-9e6e-adda6d2a32a0,shot_noise,s2,5,0.488496,0.494181,0.976992
a6311a88-838d-45c9-b490-dd027c029bc1,fog,s3,1,0.464093,0.481378,0.928186
a6317849-b10c-43e0-9ab3-1fcc2664f352,clean,s4,3,0.363013,0.517850,0.563385
a6397700-512e-4d6f-9111-6fc29e68278f,gaussian_blur,s3,1,0.491530,0.570624,0.865141
a64375cc-90e0-426c-829d-ed4807992b86,fog,s4,5,0.392656,0.551785,0.590912
a6450af0-f472-49b4-9025-a65f5b1bc899,clean,s4,0,0.659083,0.783865,0.843790
a64a702d-cf5e-4bcb-8027-71c50417cffc,gaussian_blur,s4,1,0.374681,0.442958,0.728512
a6511fe0-69f6-4855-a58e-2ea3bf45bc7a,clean,s3,0,0.371986,0.488531,0.647307
a652dfdc-a671-4e1a-845a-b72690bd8364,fog,s3,1,0.529841,0.609889,0.904885
a6557be9-6d27-4985-a0c5-ba90184679ca,fog,s4,3,0.483275,0.639695,0.684763
a66b8d0f-3e6b-440a-960a-5f118364ee19,clean,s3,1,0.606322,0.724401,0.865653
a67708ad-8838-4d40-80d4-2ff3a5ff353d,gaussian_blur,s5,2,0.722170,0.838589,0.839205
a678cf7f-fabd-406f-8c9a-dc0ee89dc690,shot_noise,s5,3,0.717907,0.828439,0.878656
a6830c89-ee51-4770-bd9e-bca14c4b0160,gaussian_blur,s5,0,0.445010,0.575261,0.711670
a68a975e-1dab-4311-84ba-0de92dbee1a8,fog,s5,2,0.426271,0.590602,0.615182
a68be542-a9f7-4d64-8bea-ee02ce0de60b,fog,s5,5,0.632788,0.774896,0.776011
a691f73d-8413-40a4-a09d-6acefa0ced05,shot_noise,s5,2,0.847262,0.916262,0.929910
a6925057-b949-40ad-9988-f0b6dccecb28,clean,s5,3,0.789107,0.880790,0.893307
a6a04be5-7d26-4528-884a-f17cd258941a,shot_noise,s5,5,0.579126,0.733454,0.733563
a6a714c3-fe9a-4516-a93d-8eda16d9bf64,clean,s5,4,0.656513,0.791916,0.796144
a6af0b4e-df67-44b9-9439-e6e16fd391e8,clean,s4,4,0.663608,0.786842,0.849173
a6b881c8-6a87-4697-94fa-88f6f63efe5f,fog,s3,0,0.592572,0.680315,0.943915
a6bb34d6-e523-4060-9f22-ffa4fe88f219,clean,s4,4,0.504439,0.648861,0.732512
a6c2d02d-5d96-45d7-8985-c7cc24de5a6e,shot_noise,s4,2,0.842045,0.912617,0.932944
a6c3e4d2-e98b-4071-8625-4d028e1b47f6,clean,s4,5,0.837088,0.909730,0.928944
a6ca3af8-cb15-46de-9104-6fb8d5466338,gaussian_blur,s4,2,0.526001,0.649951,0.802036
a6ccf843-07a4-4cbb-987d-d31c7fa24697,fog,s5,0,0.655956,0.792196,0.792443
a6e4f3da-4477-4499-9731-10b7d41971ba,shot_noise,s4,5,0.606692,0.750672,0.773394
a6e4f8f7-95cf-4892-b4fe-35d672fcda83,shot_noise,s4,0,0.756311,0.848739,0.943957
a6f0e93b-81df-4b23-9cfd-0da00b6b6fee,shot_noise,s5,5,0.565470,0.721867,0.724448
a6fe8c06-93ca-4f6a-b114-0a41201e7204,gaussian_blur,s5,5,0.598898,0.737402,0.793832
a6ffa544-e359-4c2e-83d6-c97352a7afad,shot_noise,s4,4,0.828600,0.902971,0.940240
a7117119-e869-43cf-906b-f7b0a3ed2a73,clean,s5,5,0.789107,0.880790,0.893307
a714beee-b94b-4deb-822d-947148c8aecf,shot_noise,s4,4,0.423904,0.571485,0.651243
a72189dc-0433-49e3-8c1c-2a4add86d4a4,fog,s5,3,0.616918,0.752746,0.804870
a72c7d26-c46c-4f15-b849-070e4e144b40,fog,s3,5,0.417320,0.454934,0.834640
a7380bac-ef83-45b0-956c-71a2941e9f7e,shot_noise,s5,4,0.733633,0.846343,0.846421
a745fca2-bc27-46f5-a005-5982fafab4b8,gaussian_blur,s4,1,0.380321,0.536049,0.583421
a75048db-8aa3-496f-b231-77049350e9cc,gaussian_blur,s3,5,0.534911,0.631125,0.875556
a763cbde-2e05-46a2-8808-b825ec4ee118,gaussian_blur,s3,3,0.573204,0.663270,0.923045
a779a0a5-023d-437c-a6b1-c83935f88992,fog,s3,2,0.648701,0.761252,0.894452
a77d4c72-4fd4-4dff-a3d5-803b30a9c51e,shot_noise,s5,5,0.645074,0.782913,0.790406
a7a19449-02a7-49c7-b9ec-a741bc1c4eab,fog,s5,3,0.691839,0.817855,0.817856
a7ad519c-22a5-4c8a-978f-6f29bd07f2b7,gaussian_blur,s4,3,0.425659,0.520387,0.757171
a7b3af99-bca8-4c7c-8f6e-65b43520ae64,fog,s5,2,0.734207,0.843554,0.867067
a7bf36d0-0e07-4056-984e-e060341d6b5e,gaussian_blur,s5,5,0.671369,0.802995,0.805312
a7bf37ca-e100-4a9f-a7b6-f704002be8ba,clean,s5,5,0.847461,0.916823,0.924773
a7c9182a-7fb4-4c79-81ad-7cc0b018f2db,shot_noise,s3,3,0.517371,0.596343,0.893963
a7d9ac02-e36e-4511-ae46-c7c7c6a08313,shot_noise,s4,4,0.599347,0.742866,0.775249
a7e28b31-dc79-4448-ad6d-2f0810df1660,gaussian_blur,s4,3,0.653209,0.782021,0.827899
a7e6b387-489b-45a3-b373-c9333c0b12be,shot_noise,s3,3,0.701441,0.796071,0.964058
a80952be-08d3-4099-bdec-ff765e5d6379,clean,s4,3,0.329615,0.475593,0.534347
a8246db0-3a87-4e72-a62f-432185432a6d,clean,s5,3,0.451532,0.614089,0.643021
a83521a8-bab9-4bc4-93ca-1749476e3de9,shot_noise,s3,2,0.592572,0.712115,0.855515
a83e6a79-e1f1-4f6d-a1a0-83e1f666c543,gaussian_blur,s5,5,0.487867,0.647126,0.680359
a83f57b2-2d25-45e9-a878-395a027becda,fog,s4,5,0.528762,0.682729,0.720192
a84334be-78d4-4d6e-ad2e-33d76cd0e739,clean,s5,0,0.790241,0.882592,0.884875
a8458b6f-4325-4ac9-b46b-2972b7dc0a31,clean,s5,1,0.635229,0.772516,0.796331
a84be7dc-77fe-4f88-b880-167eb6bcfa65,gaussian_blur,s4,5,0.655683,0.767597,0.897211
a86006d4-c831-407a-929d-8a2d46c25a89,gaussian_blur,s5,3,0.608805,0.744025,0.806912
a870b7f5-9b7e-49e7-906a-565f1af8184a,shot_noise,s1,1,0.462752,0.480655,0.925504
a870be5d-1599-44d8-8966-db329d7e9d57,gaussian_blur,s4,4,0.592304,0.730655,0.793349
a880a0f8-fe65-48d1-b018-5f6e102f7354,gaussian_blur,s5,4,0.642470,0.778747,0.798475
a880cd7b-57a1-4f8c-96a1-7a704f4f5d47,shot_noise,s3,0,0.757341,0.850065,0.940964
a88c5925-511b-4ff5-8360-27bf71df8738,fog,s4,4,0.443450,0.581080,0.694043
a890d960-4b2a-467f-b19b-abf8aa3b908b,clean,s5,1,0.773268,0.872131,0.872203
a899a58c-d32d-46ed-bc33-bc4067aaad57,shot_noise,s5,4,0.575086,0.730112,0.730659
a89a6d8b-1f0a-448d-abf1-448d568059e2,fog,s5,5,0.425686,0.564641,0.671877
a8a58901-a029-4e22-abf6-00ee27c455ce,clean,s4,3,0.582040,0.693786,0.873044
a8a70fce-9276-4f97-8dfd-459ede37acda,fog,s5,2,0.272205,0.414017,0.451664
a8af605e-2d36-4724-8b5c-9c672f00a692,shot_noise,s3,2,0.665663,0.766688,0.938955
a8b92113-f882-4a8e-8643-61c8334ef914,clean,s5,4,0.585178,0.711094,0.832523
a8c6bd57-59f8-4ee0-8cb3-c5e28dfffaba,gaussian_blur,s5,1,0.700813,0.822607,0.832462
a8cc1c91-4055-4b00-80ea-391e9a610666,gaussian_blur,s5,5,0.268295,0.422961,0.423285
a8dd221f-405b-4b64-80af-ccb30ade6302,fog,s5,4,0.424522,0.572615,0.650784
a8fe21ec-d54d-43f5-a7ac-69cd45c27431,gaussian_blur,s4,2,0.724972,0.829647,0.904627
a906b7fb-1ce4-485b-b14d-7157fbf1d752,gaussian_blur,s4,5,0.416160,0.557143,0.656799
a910d430-c198-47ec-82bd-75a35ec6a3f1,gaussian_blur,s5,5,0.667158,0.797183,0.815984
a9131f79-8322-4588-9b7a-1d05a2776652,clean,s3,1,0.422931,0.557607,0.677733
a9189ea1-ca90-40d3-a591-f03712411272,gaussian_blur,s4,2,0.410566,0.560436,0.631483
a91c359e-f0be-42d8-bd1d-750f60686f4b,shot_noise,s4,5,0.243162,0.387870,0.396639
a91c7406-5829-4b06-85e7-83130799dfe8,clean,s4,0,0.576474,0.708232,0.810565
a924bd07-8a07-40e7-8c5b-b8c5825d8555,shot_noise,s4,3,0.611055,0.750180,0.792192
a9265d93-1822-4f5d-a966-a83561832180,gaussian_blur,s5,2,0.674368,0.801520,0.825669
a92e236f-91bc-4ad8-be10-335a1ff4b521,fog,s4,1,0.698143,0.811751,0.877976
a9343151-cc9d-438b-8d2b-b1e4c5d4d85b,gaussian_blur,s5,5,0.709516,0.829467,0.833659
a9355dd0-07db-4064-8447-9d66e4862ee0,fog,s5,1,0.592943,0.740316,0.760427
a945e929-d61d-4f4d-a6c7-69e96858c71a,fog,s4,3,0.271591,0.411363,0.454016
a94f51db-f7ed-4817-b15d-67d4211e583f,shot_noise,s4,0,0.659825,0.785577,0.839248
a953dcf1-2caf-4bb1-90e9-abecf4bc1749,fog,s4,1,0.376502,0.507149,0.627984
a96083ea-1909-470d-bd70-1d3cf9f0a60b,clean,s5,0,0.593667,0.734306,0.785407
a964d038-ffbd-42d9-93c1-5af73086c5f0,fog,s4,0,0.691822,0.808571,0.866276
a9681ba7-dc6f-4f75-9735-26a3560a625a,gaussian_blur,s3,0,0.592572,0.680315,0.943915
a96c1ddb-99cc-43cb-b978-d4aac7feb43a,shot_noise,s5,4,0.579728,0.731104,0.744576
a96fb555-437d-4b9b-8eeb-40d6c4ea5fbe,gaussian_blur,s4,3,0.417202,0.583800,0.600707
a980110d-3fa1-4501-b5be-01d525300a14,clean,s5,4,0.726045,0.839542,0.852120
a9845928-a429-4b24-a479-710d08040108,gaussian_blur,s4,4,0.521754,0.658366,0.765819
a9872e13-738d-4d4d-9d48-1cdbaa657185,fog,s4,0,0.759388,0.861190,0.878021
a9964b1e-25e8-40a1-80a0-030a9a64c05e,clean,s5,1,0.844241,0.915126,0.920458
a9b30632-fd09-4bbf-bde0-8a09d2a748d6,clean,s4,4,0.624368,0.751462,0.838318
a9ba7ea8-25c3-4213-845b-d5756503c50f,fog,s5,5,0.515055,0.659742,0.739205
a9bb9b08-ab15-436f-84b4-e146aa49e055,shot_noise,s4,3,0.736390,0.845819,0.863531
a9c0ba04-109f-4f5b-bd86-78d8d22197cc,clean,s3,1,0.493901,0.614964,0.781365
a9cc57ec-e4c3-4fa3-90d3-efe0cfbfc3d3,gaussian_blur,s4,2,0.486525,0.644096,0.684040
a9d744aa-e054-4156-bc62-bd126d75bc88,fog,s4,2,0.659389,0.777575,0.871899
a9f4f4be-d006-48aa-971c-29f7b082e586,gaussian_blur,s4,3,0.755133,0.852672,0.913516
a9f76ba4-ad74-4817-bf62-57ec0e52fae4,clean,s5,3,0.677660,0.805862,0.818172
aa0483eb-b8a9-4a4e-9294-2e6d237ca1e4,clean,s3,4,0.599704,0.697876,0.921528
aa1146b2-bac1-493d-9517-53fa4a1814cb,gaussian_blur,s5,4,0.408216,0.579673,0.579979
aa2059b1-1980-46d1-8a20-4aef0340bbc0,fog,s5,4,0.527273,0.646593,0.814650
aa25a9ac-c14f-40e5-86a3-6feecc95b67c,clean,s4,2,0.843085,0.913503,0.930592
aa276f6f-74c0-4253-a7a0-0f85151c932d,shot_noise,s5,0,0.809027,0.893664,0.901670
aa2b95a9-0ffb-40b3-a92e-32a3e0882173,shot_noise,s5,0,0.390097,0.543884,0.599328
aa2ee933-e9bf-4936-a83e-2a3090304fbf,clean,s5,1,0.774097,0.872537,0.873675
aa2feb83-2d47-402e-93cc-c513aef59f92,fog,s4,2,0.731000,0.831299,0.923435
aa31cffa-e2fb-46b0-8ecf-b1faf58a4187,shot_noise,s5,1,0.311048,0.421085,0.566775
aa3d3836-96f6-4cfd-a8c1-35dcb6d3f2ac,clean,s2,5,0.653443,0.740389,0.983051
aa3eea32-8a09-4c9e-8dac-1a93eb686d70,gaussian_blur,s4,2,0.256063,0.392403,0.432937
aa41622d-c3da-4293-bed1-5dd438b2db98,fog,s3,2,0.588067,0.708288,0.851399
aa486d3e-ae0d-4403-8f90-c065971e10da,gaussian_blur,s4,3,0.759810,0.861007,0.881547
aa5825f4-34e4-4175-b575-c6e19093a06b,shot_noise,s5,1,0.484089,0.623000,0.730283
aa5b37a2-382a-46df-844d-103e4fbb6ee1,gaussian_blur,s4,4,0.385797,0.507201,0.657409
aa6d4914-45a6-49fb-8d6e-ba9e2c7c797c,shot_noise,s5,2,0.697440,0.819501,0.834245
aa71013d-d2c2-49ac-b506-69ad6efd6213,gaussian_blur,s4,5,0.440125,0.601737,0.635072
aa7afc25-7879-4528-a20e-820dbb26020f,shot_noise,s4,4,0.685983,0.801769,0.874180
aa87bb4b-27fc-40c0-83a7-ffa5b786c526,clean,s5,4,0.771595,0.870757,0.873525
aa8cfbac-6aab-4408-bd25-f500fca9c0ea,fog,s4,1,0.433125,0.600427,0.614513
aa909fd8-be95-4306-9109-5d9c47d1af63,gaussian_blur,s5,2,0.742068,0.850611,0.860829
aa949716-6467-4ef9-901a-57b646664170,gaussian_blur,s5,1,0.378662,0.519906,0.610581
aa981565-01cb-4443-bc0f-b1a45b039d96,shot_noise,s3,0,0.574824,0.653197,0.951525
aaa728f4-3306-40db-bdbc-2539fe498dac,clean,s5,4,0.445010,0.575261,0.711670
aaad0ebe-0f6c-4b22-9028-3f47150014b0,gaussian_blur,s5,0,0.680422,0.805911,0.829979
aab4ecc8-cb5e-415b-b511-43f5dcb8d7b4,clean,s5,5,0.367869,0.514277,0.586448
aabaa635-0b82-4838-9422-fee6c0709b66,shot_noise,s4,4,0.642700,0.753412,0.900421
aabc8c48-5301-4c5e-b34a-4005639d52da,gaussian_blur,s4,1,0.537213,0.646399,0.847544
aaddf0e0-1755-4ce4-bb61-d57177271d00,shot_noise,s4,2,0.504473,0.652449,0.722943
aade8650-7f0d-4448-968b-e2eaf105a5e8,shot_noise,s5,5,0.228160,0.343558,0.414188
aadf3ddf-3642-4a04-9b3f-cb822bc232c7,gaussian_blur,s5,5,0.310170,0.419929,0.565800
aae07125-3055-4a57-8b18-2aca86177232,clean,s4,4,0.593281,0.735522,0.779537
aae10b63-0a09-407e-8c9c-8b7438779b50,gaussian_blur,s4,3,0.340790,0.486073,0.551672
aae9516b-bff1-4247-912b-bfb0bcfe3572,clean,s5,0,0.764718,0.865728,0.873728
aaeae99a-fcbb-4ec5-872b-b2d74c09f6d7,gaussian_blur,s4,2,0.710652,0.828031,0.847280
aaed45a3-5288-47ff-b8fb-0e55624c64b8,gaussian_blur,s3,1,0.474211,0.570674,0.812603
aaf1b9f4-f216-4967-8691-9ab9ad30c3e4,clean,s3,1,0.563580,0.683099,0.840117
ab059847-af42-4557-8fa9-01eb60eeaa4c,fog,s4,4,0.501522,0.656869,0.700509
ab1b4f05-f9da-4592-8682-0c19910e0486,gaussian_blur,s5,1,0.585047,0.715187,0.819035
ab215ec7-efc0-4d32-8a44-26611a24039e,clean,s4,3,0.572143,0.701525,0.816053
ab26853c-326a-4998-b12b-483bd5293223,fog,s5,0,0.681777,0.810778,0.810800
ab27172f-ec66-45f0-92b7-00b8e3fa4f6b,gaussian_blur,s4,2,0.605919,0.745998,0.788501
ab317e1f-7794-4ca4-92aa-2e71b5efaa72,fog,s4,2,0.706826,0.818557,0.881568
ab31a458-b541-451d-8b6b-cff2f042832f,shot_noise,s4,4,0.709369,0.819854,0.886174
ab31aa76-d785-4fd5-8803-253ecbdcf654,fog,s5,1,0.636609,0.777841,0.778501
ab325663-10b4-4e00-a598-e6c3c6dbeb9a,clean,s5,0,0.657871,0.782291,0.845733
ab38944a-25ea-4b8d-afe3-b3f5b4bef9c3,shot_noise,s4,3,0.263761,0.405017,0.438272
ab4705ab-8721-47c1-ace5-19628a37082c,fog,s4,4,0.601255,0.741491,0.787684
ab5835ce-b390-40ab-9262-61e669f3e28d,gaussian_blur,s4,2,0.441726,0.594293,0.658325
ab79e6a3-10b7-495f-97b0-ab2e3d511f58,fog,s5,0,0.810325,0.894957,0.897787
ab7a0fe6-516b-4a94-9e44-5cd263b2b8a9,clean,s2,1,0.692748,0.782508,0.983928
ab9cd387-8c11-4044-ae1c-18e39c94969d,clean,s5,4,0.670316,0.799264,0.819351
aba7ced3-6156-4fec-9073-cace3c3750ce,clean,s4,3,0.329469,0.491229,0.504309
aba91b3a-a34f-4af3-9f72-aab7c2f732bf,shot_noise,s4,3,0.671227,0.783846,0.893160
abaa9e5c-7895-4e5a-b832-f59550d217f4,gaussian_blur,s5,5,0.257183,0.395989,0.430917
abaea784-7fe6-47d8-be57-75031671c841,shot_noise,s3,1,0.582693,0.703149,0.848112
abd9f2d9-14b6-47f8-bef8-d640ea7297db,fog,s4,4,0.667906,0.778608,0.901547
abdbfff9-3335-43b8-921d-3367af8f0498,shot_noise,s3,3,0.490738,0.510913,0.959904
abdd6ce1-5df1-4f28-a3ce-9f0c79e2bd7a,gaussian_blur,s5,1,0.271637,0.382786,0.499222
abe24bb3-a570-44c5-ab26-100d82c0e404,gaussian_blur,s5,0,0.655728,0.789654,0.803568
abe3a272-51ad-4985-bb1e-75478c80fc0d,shot_noise,s5,5,0.618681,0.759572,0.784613
abe85ffc-1473-4959-8418-653d8926afff,fog,s5,0,0.694143,0.817355,0.830997
abf58be7-a26d-4334-8ea2-3010c837a1ab,shot_noise,s4,1,0.380256,0.550542,0.552000
ac05d94b-1d39-4149-8da5-dc30c8274ee6,clean,s5,3,0.764220,0.865443,0.873127
ac08ba6e-85cd-4dcd-a527-a4bd512218fc,clean,s5,5,0.694143,0.817355,0.830997
ac08f791-a765-4cf2-b68e-772c1ef98056,shot_noise,s5,5,0.597010,0.743425,0.764165
ac0c032a-f833-4117-82ae-61b04599741d,gaussian_blur,s5,0,0.707067,0.828364,0.828607
ac119615-c048-4ed1-8370-497f88f028a4,shot_noise,s4,1,0.647612,0.774771,0.836521
ac224c24-f2a1-4b59-8b39-fbef15a5de95,gaussian_blur,s4,2,0.650844,0.776832,0.840779
ac230393-521b-4217-b6b0-f81a08395bbd,fog,s4,1,0.468873,0.515209,0.892549
ac2ef875-c014-4d6d-bc90-60f82b13ecd0,clean,s5,5,0.318675,0.465368,0.516917
ac425ea0-e1e7-43a5-bbad-64764bfb338b,shot_noise,s5,5,0.347839,0.496929,0.554336
ac5197ca-450b-4c54-a574-0379593f2966,clean,s5,5,0.601709,0.747920,0.764877
ac55f8be-19fc-4a88-be01-057faaf805fb,clean,s4,3,0.835064,0.908476,0.928080
ac747843-bffc-4876-9ae4-93031641bb00,fog,s5,1,0.630860,0.771816,0.781706
ac7dd02d-c470-4ce2-854a-83e40375032c,shot_noise,s3,4,0.539897,0.652927,0.840331
ac7f9b27-6e7f-4b4f-b128-fe26de82ccc7,gaussian_blur,s5,1,0.735186,0.844074,0.868624
ac88d6eb-0fdc-4688-bce8-0328970bc5d1,clean,s4,1,0.423885,0.521321,0.750135
ac8acfa6-c08b-44d4-99fb-0575eeac29a6,fog,s5,3,0.307080,0.469730,0.470138
ac91bf0e-2ac4-4adc-bbd0-b75c9a688fc5,gaussian_blur,s4,4,0.591563,0.723994,0.813589
aca22bf6-8156-44b9-8990-a874b3b9f874,fog,s5,3,0.376623,0.546478,0.548693
acb0e71b-0857-4bfc-8eeb-a687a0411ab0,clean,s4,0,0.347109,0.492033,0.561221
acb25a6f-e2e8-4180-a6c6-61a6584932ae,fog,s5,3,0.842461,0.913781,0.922773
acb42eee-4ae1-47b7-96c0-5f85aab4db5c,gaussian_blur,s5,3,0.735305,0.844854,0.864297
acbb70cb-cdbe-4882-8af9-622fdaac2582,fog,s4,2,0.579891,0.720812,0.781648
accdee63-72ca-4a17-a2c3-3c1ff3a17647,clean,s4,3,0.666053,0.790647,0.842123
acce12d1-87f3-4449-8f2a-cc9e377f8e11,fog,s2,0,0.653443,0.740389,0.983051
acd17ac1-697e-454e-9022-8c68ae648f60,fog,s5,3,0.593412,0.744018,0.748010
acdb57c2-538e-4383-a4fd-1d784829c338,fog,s5,3,0.706756,0.825214,0.845194
ace23359-e3e8-4fa4-9656-254dd087a0a3,shot_noise,s5,3,0.486705,0.647986,0.673941
acfab005-935f-4e8d-905b-6928e073857a,clean,s4,5,0.633618,0.762805,0.830186
acffb96e-d66e-4ded-b5ba-78ee5c6ba16c,fog,s5,2,0.705692,0.826952,0.830363
ad09f284-cc8e-42ab-a9c4-b5be76309c49,shot_noise,s5,2,0.369634,0.529632,0.561280
ad0efb44-03f1-4384-b5ca-67a375794f2a,gaussian_blur,s4,5,0.630972,0.761025,0.826933
ad14e93a-64b4-4d9f-93a5-c43a24c8580a,gaussian_blur,s5,3,0.703578,0.824059,0.837035
ad162ede-b3df-4e2f-8056-a447e50c0f6e,clean,s3,2,0.758149,0.849418,0.948917
ad2ab94d-c6c1-4622-95ce-02fa24197245,clean,s4,0,0.642086,0.770366,0.832859
ad370d0a-2dd0-498d-9253-468e752fc76a,clean,s4,4,0.473033,0.625224,0.687707
ad40cd36-1b18-4c37-9bd0-e480472a282d,fog,s4,0,0.519234,0.651377,0.775824
ad41e574-fb72-4293-81f1-eea25eb0e27a,shot_noise,s5,1,0.346896,0.491460,0.561600
ad448327-6b51-494e-ad06-cf5b9b48cced,gaussian_blur,s5,3,0.561162,0.717218,0.724864
ad4af8fc-59b4-417c-8f73-b1a1a8c15d3c,shot_noise,s3,5,0.360776,0.500595,0.589632
ad5910f5-4868-4f65-b4c2-d426b3f5c975,shot_noise,s5,2,0.615216,0.748878,0.813136
ad5d96b6-519b-4fdd-95e8-8fe308b6f59e,fog,s4,1,0.580743,0.711537,0.815323
ad623a37-0322-41c2-8067-7d6198c5e261,gaussian_blur,s5,2,0.490315,0.653387,0.671317
ad62b98e-4fac-4759-8842-991019a46925,clean,s5,0,0.526560,0.689860,0.689880
ad72eed4-2002-4b9c-ba1f-f530e4c7090f,shot_noise,s4,1,0.548195,0.679383,0.797968
ad741827-ba47-4a8a-a47a-943f2eb58127,shot_noise,s3,4,0.502188,0.580237,0.879136
ad7d06fe-3243-48de-99cb-fe598cd7491d,shot_noise,s5,2,0.582719,0.725348,0.776414
ad80935e-2143-4ee3-900d-ab324d8d3f80,clean,s5,5,0.552859,0.712052,0.712054
ad8a1856-e929-4e78-a46f-50ff1d385f56,clean,s4,4,0.399603,0.499141,0.714540
ad9027da-e85c-4d81-9f0b-de428d842216,shot_noise,s5,4,0.719584,0.836501,0.839536
ada1723b-a30f-41f1-8519-0aed19b64878,clean,s5,5,0.779252,0.875917,0.876060
ada7e55a-1ef0-4d10-acc2-b585a61ca10a,fog,s4,0,0.568212,0.708014,0.781680
adba20c5-943e-4387-9c6c-bc55318b808d,gaussian_blur,s3,3,0.464093,0.481378,0.928186
adc4877c-a619-45ac-a2a3-1c2a09f6de17,clean,s5,2,0.589976,0.731691,0.780987
ade03b8a-f5ee-43c1-8317-05d1eafc4a00,clean,s4,1,0.861403,0.924391,0.940757
adf3a250-a85c-428b-8a01-2fdd56d278f6,fog,s4,0,0.326359,0.471562,0.531003
adfa9530-e4f7-40de-9dfa-3a2064039a8d,shot_noise,s5,5,0.429368,0.598101,0.607445
ae0ae088-02d3-4d0d-93dc-43142c7a6f89,clean,s5,1,0.779593,0.875989,0.877424
ae0e3234-885f-473d-ab63-5eafb7a5ae1a,shot_noise,s5,2,0.748176,0.853436,0.873110
ae1be2e1-d532-4ef8-acf2-216fc6c3b391,fog,s4,1,0.694311,0.796726,0.932006
ae27fe84-1b3b-4b45-8b9b-7b3b53d7a17f,fog,s3,0,0.716954,0.814404,0.946907
ae34a47f-51f6-4df0-9209-dd6efd72f2c7,gaussian_blur,s5,3,0.563499,0.720789,0.720922
ae3ef4ca-05ee-415c-b837-42f72a7ecb0b,clean,s4,0,0.747814,0.850406,0.891192
ae4475b4-f058-4fdc-bd51-0a99291366a4,gaussian_blur,s3,5,0.590486,0.683498,0.929013
ae46963a-0712-4629-9906-4aa5d01a5152,fog,s5,4,0.773453,0.871860,0.875355
ae4bfd79-59ba-4876-b3af-7cffb4cf1641,clean,s4,4,0.509622,0.659973,0.719844
ae4e80f2-6d0c-4c1e-8eb1-1de5cbbb0516,shot_noise,s5,4,0.597003,0.739115,0.780384
ae514356-d9fa-4fae-882c-0380527c7d94,clean,s4,3,0.813628,0.892870,0.938011
ae51e9b9-1d8d-4249-a70d-d85dabf46aa0,shot_noise,s4,1,0.506503,0.670490,0.678288
ae6ad178-5bd1-4eec-91c2-18e696d39048,clean,s3,3,0.801705,0.882099,0.956449
ae6bedd2-d24d-4437-9c01-32767230acb6,clean,s4,3,0.717899,0.830111,0.869200
ae6d6aa4-5ed4-40fc-9eb4-99fa1490bb07,gaussian_blur,s5,3,0.441652,0.612541,0.613120
ae70b87c-f588-41ea-8b1d-0711f775eafe,shot_noise,s4,2,0.324035,0.472168,0.522238
ae7ca037-0e27-4224-8956-ae3227adfbf3,fog,s5,1,0.507107,0.672579,0.674099
ae7f33ba-8595-4f86-8250-0a84f1ac74db,clean,s5,0,0.760004,0.863458,0.864960
ae8ff386-f032-45bc-8e8f-050d2f8b114c,shot_noise,s5,4,0.686867,0.810213,0.836275
ae9a5e96-219b-44b6-b48f-91ee9113007a,clean,s4,0,0.697524,0.809511,0.886400
ae9e1055-db6e-40ba-b264-b51a9b99911c,shot_noise,s4,5,0.338850,0.501541,0.515488
ae9f99b6-453b-4347-b043-5004256924fc,gaussian_blur,s4,3,0.442277,0.591030,0.667769
aea0456c-b526-4102-8025-5ad7a3d3cf1d,gaussian_blur,s4,4,0.279007,0.434966,0.438624
aea91fd0-0d6b-441a-b592-997d01e17517,gaussian_blur,s5,1,0.776251,0.873126,0.881183
aec15e79-1016-4236-a4be-51a0390a716b,fog,s5,2,0.603581,0.741515,0.796416
aec4c689-3dc9-436a-ba65-b716e0d32481,gaussian_blur,s5,0,0.643877,0.783348,0.783438
aecc052a-76ac-4638-9618-a7dc955e0d74,gaussian_blur,s5,4,0.617306,0.761314,0.772011
aed7c764-98dc-4f52-b04d-376f6249c0ae,gaussian_blur,s5,0,0.683058,0.808824,0.826663
aed874bf-72e2-4835-b6e2-fc98cf948d6f,gaussian_blur,s4,0,0.717899,0.830111,0.869200
aedada22-a5ad-4342-b8e7-f153c34ea50c,gaussian_blur,s4,4,0.678604,0.798641,0.857664
aee32d8d-aa94-422c-95c2-705e281e7517,fog,s4,1,0.426146,0.568194,0.665764
aeebef46-dda9-4aa1-a45d-464d1e717210,gaussian_blur,s2,3,0.602598,0.693316,0.943461
aef6704a-984f-4907-a15c-63ec9e8ffa9c,fog,s5,5,0.842830,0.913593,0.927676
af075781-1203-4d9c-9d61-f1796c67efc0,shot_noise,s5,0,0.810632,0.894581,0.903307
af1925d9-5fb2-4abb-ad90-0c13b3d1e527,gaussian_blur,s4,0,0.487927,0.584228,0.828107
af373601-62fd-47d4-b945-dc0ede5900db,fog,s3,5,0.333467,0.473814,0.550202
af3f6b63-c4d1-42c4-9add-adb09b378e72,gaussian_blur,s4,3,0.383754,0.531490,0.604105
af40f59b-3ac0-4309-b817-a624d72f15ba,fog,s4,5,0.339824,0.496207,0.529219
af4115c5-2eb7-4759-a41f-98fb4446ab4d,gaussian_blur,s3,5,0.579005,0.679221,0.902214
af43ae93-48d0-4242-97f2-118caa8e8925,fog,s5,3,0.281812,0.429974,0.456787
af4b86b3-db3b-4e62-a552-ba838348062a,gaussian_blur,s4,3,0.519786,0.661806,0.749723
af559798-4aae-4cb6-9402-68f4c93129b4,clean,s4,5,0.598299,0.737507,0.791195
af5a5d16-50e3-41a4-a205-a4b2af62b4f8,shot_noise,s4,0,0.584807,0.696407,0.875076
af622393-007f-45d5-a6f1-60c5aa41292d,shot_noise,s5,2,0.643722,0.779379,0.800789
af73a1ff-77ea-40a5-aa80-1f69b00e9c9c,shot_noise,s4,1,0.700456,0.808553,0.903718
af89b753-1ccf-4871-94fb-5d6638f47a50,shot_noise,s5,3,0.764333,0.864233,0.882589
af8e39e8-ec63-4d29-ad73-1be6b17a934e,clean,s2,0,0.544264,0.614696,0.938955
af8f2bb4-cabc-479c-8d96-148639fae5bf,fog,s5,3,0.427536,0.594027,0.611195
af95f375-fd4a-4ccb-b583-85a9bad867b2,shot_noise,s2,1,0.681447,0.771426,0.981706
af9af3d8-b9fd-4faa-a674-bec6dd5f93d0,gaussian_blur,s4,0,0.843085,0.913503,0.930592
af9d8e1a-686d-4302-a94a-5d67a8278e80,shot_noise,s4,3,0.787385,0.875791,0.923365
afbdaaed-3c6f-48d5-b144-2af7db736187,gaussian_blur,s4,5,0.664233,0.772628,0.910912
afc74fe7-e2a9-4623-ba05-c5f6e3b9a54f,fog,s5,1,0.463984,0.606346,0.703771
afc85a79-d455-4e10-88ce-786bc90c7835,shot_noise,s4,5,0.271488,0.414391,0.448640
afd5b157-c979-459c-a539-dfe14cb85a60,clean,s4,5,0.579038,0.690941,0.870809
afd66e0c-cb10-4a8c-ade7-085e1e2080e0,gaussian_blur,s4,0,0.563219,0.715752,0.737605
afe22e9d-0e7e-4e8d-b56e-4b476b75f042,clean,s4,0,0.329615,0.475593,0.534347
afe6ddf6-2873-4a20-b6b2-881384c375e1,fog,s5,0,0.445010,0.575261,0.711670
b007c212-d7f4-43d3-9ffe-06c44bca8e90,gaussian_blur,s5,1,0.629076,0.771076,0.777701
b0153768-56bb-471c-aa08-2efe3f82ae2d,fog,s3,0,0.401382,0.537236,0.649769
b01b99a8-3dee-4f09-b879-c4e14ffe2a9d,fog,s3,4,0.137310,0.237024,0.247285
b01c055e-3f60-4913-8899-ef5788647757,fog,s5,5,0.805024,0.891945,0.892320
b01f9755-7288-4e55-9f1e-f1c767457599,fog,s5,2,0.654122,0.786866,0.809826
b0251265-4692-4ba4-b096-0ed6629e2783,clean,s4,5,0.806032,0.886985,0.942277
b026af43-0fcc-49f1-b974-e93fa34b5277,gaussian_blur,s5,3,0.277050,0.411781,0.471477
b027771a-d4e3-4878-bbad-0d75684c25ce,gaussian_blur,s4,2,0.437744,0.521693,0.791323
b043f136-f6f9-4ef2-83b1-01d8bcb576ba,clean,s4,3,0.508989,0.580482,0.898981
b04ef5ee-d975-4486-8b81-090582122e12,gaussian_blur,s5,0,0.731894,0.844063,0.852455
b06d518c-1115-4e57-8502-7fdff98b7343,shot_noise,s5,5,0.619974,0.758290,0.794880
b07876e5-6358-4da1-9a6a-8740af2d731c,shot_noise,s4,5,0.718686,0.825281,0.899502
b07d52a2-34c0-4dfb-a351-a56cfec0715b,fog,s5,5,0.585999,0.737263,0.745445
b085f2f9-e599-4012-b69b-f59d2053f093,gaussian_blur,s5,1,0.495848,0.658629,0.675669
b0964d03-200b-447c-92a4-69385b40ef1a,gaussian_blur,s5,4,0.562684,0.709646,0.756331
b0a2bed0-07fb-4430-850f-a6f516fab7b4,fog,s4,4,0.779512,0.871917,0.908725
b0ae9b78-39f6-4617-a558-37bc245455d7,fog,s5,2,0.488658,0.656049,0.657843
b0b64bc9-9bff-49ef-8d7a-f8cbe9ceaf92,fog,s5,5,0.521157,0.685063,0.685685
b0b7306f-01d0-448e-8adb-ff83c708f362,shot_noise,s5,2,0.341230,0.489627,0.546459
b0b87127-99fd-4d92-ab48-8dc8c252c4d4,clean,s4,3,0.487927,0.584228,0.828107
b0c0e37a-1f1c-48ac-be15-f1da90dbb233,fog,s4,1,0.500211,0.621747,0.786107
b0dbf582-ce53-4ad2-9d19-d4c2e712231d,gaussian_blur,s5,2,0.790346,0.880629,0.901904
b0e85270-d98f-46d8-982a-f1a782235fff,clean,s5,1,0.557231,0.715630,0.715807
b0eeda31-6edc-43f6-b88a-ff018a1e12f2,shot_noise,s4,5,0.582195,0.723554,0.780715
b0f3b673-7ea6-407d-8da4-2ba5e8c6d325,clean,s4,0,0.466380,0.584928,0.759376
b1012392-bf46-467b-b180-d4a7e3106319,shot_noise,s4,2,0.799828,0.887157,0.903195
b1066d54-8041-4b46-873d-b6783e834c48,gaussian_blur,s5,2,0.534873,0.692755,0.710649
b1108083-f7c7-419f-ab35-38e24afcd861,gaussian_blur,s5,5,0.464763,0.631201,0.643784
b117ab57-bead-4f7f-98f6-5b882a237454,fog,s4,4,0.363992,0.522195,0.557829
b11ca156-bfd9-4907-80e7-8e67c6d0eb99,gaussian_blur,s5,1,0.534966,0.695589,0.701803
b128d378-76d5-4b69-a18a-0c712ce7e34b,clean,s4,2,0.720776,0.824805,0.911528
b1293b1d-b515-4b14-9213-438659c948b0,clean,s5,4,0.571116,0.712186,0.778560
b12bfa2b-fdec-48c8-bfae-d239432b4d97,gaussian_blur,s5,3,0.704199,0.826378,0.826720
b130fa7e-0ba5-4fd2-a847-0c45aef2c6df,clean,s4,3,0.749171,0.851504,0.890928
b1405cc4-9493-4a30-81bf-d8d444cbdd66,clean,s4,0,0.721894,0.829769,0.889707
b14c4386-7d4b-4df1-a9b2-d531d53dd750,shot_noise,s2,2,0.505507,0.552976,0.936781
b14d98bb-a883-4306-aa6e-727a6787202e,clean,s3,2,0.532853,0.652700,0.817742
b1538bfc-5da2-4f39-ab07-36433a8bb275,clean,s5,0,0.586034,0.733962,0.757907
b155400d-7929-489b-b35e-c8ae59f60b76,gaussian_blur,s5,4,0.366354,0.429618,0.723201
b16ee1e1-d5cb-42e4-8cdc-c897c54bdbe3,gaussian_blur,s5,1,0.586719,0.737560,0.747075
b17047f2-f2ce-4542-b430-bf2ce44670f3,fog,s4,0,0.744250,0.848120,0.887982
b173ce66-b88d-46e0-aa54-17316015dd59,shot_noise,s4,5,0.409151,0.574287,0.595781
b1785aa7-b06f-4bb1-b484-829ffd8adfc9,clean,s4,5,0.375005,0.446339,0.724486
b18150d3-fdc7-4956-897b-17b59f45f861,clean,s2,4,0.567218,0.643046,0.950234
b1844567-5f36-43bf-9890-e4826c48082a,clean,s3,4,0.492141,0.612571,0.781147
b192b8cb-e937-4c57-aa45-7e1068001359,gaussian_blur,s5,1,0.597428,0.747719,0.749051
b194099f-e862-4aed-a706-24fbba8a0420,shot_noise,s4,2,0.681389,0.805076,0.838370
b1a37435-5d38-4c7a-ab63-8ad32e1259a5,shot_noise,s3,5,0.326186,0.459253,0.552320
b1a56f92-793c-45dd-9fd0-39a0b8c3e448,fog,s4,2,0.606679,0.744484,0.797122
b1a8edc2-6aaf-458e-9bdf-f37fbec0c4ab,clean,s5,2,0.673862,0.803157,0.815324
b1c38ece-329a-4c80-9432-1e2f5390b2d9,shot_noise,s1,3,0.460192,0.479271,0.920384
b1c6fa56-c100-40e8-bb5f-2ee9c672ae02,clean,s3,4,0.739784,0.829776,0.971781
b1db5ed1-1dfc-4e70-9a96-7c53f6a8f637,gaussian_blur,s5,3,0.266294,0.420571,0.420619
b1f7ed0c-2c22-48d7-9824-c31e49755113,fog,s5,1,0.318070,0.464534,0.516427
b1f9a98e-d38d-488c-a79f-c76c8c7d4b7b,clean,s4,2,0.568212,0.708014,0.781680
b1fa004f-0162-4fdc-80a2-2fca6c0aedf0,fog,s4,3,0.267179,0.421667,0.421733
b2047057-c4c1-4883-9bc5-613f9b4eb454,shot_noise,s3,0,0.532853,0.652700,0.817742
b221b13a-e7a1-42c8-b445-8b23a1089f4a,clean,s5,3,0.697171,0.821497,0.821970
b23ba45b-06bc-451b-813e-feb2a5b9a11e,fog,s5,1,0.385187,0.555891,0.556739
b244ded5-d1ff-4e41-9b4b-dd2ba9018996,clean,s3,3,0.567677,0.692833,0.826432
b24ad329-06d1-4979-bd23-ab0bc08cce2e,fog,s4,5,0.614889,0.718439,0.914550
b24e26c8-df42-4087-9e43-f6da7138e0fa,gaussian_blur,s5,2,0.661387,0.794809,0.802899
b254a2a0-e4c3-40c3-8e87-2f6122f219d7,shot_noise,s5,1,0.311841,0.391818,0.612895
b25e7250-10b6-462b-a4c7-15d4911eeaf4,clean,s4,4,0.513162,0.627947,0.813507
b266b323-1094-43b0-a731-1c7cabae4830,clean,s5,2,0.726045,0.839542,0.852120
b266c97e-3eda-4c2f-ab08-95aa750d0c9b,shot_noise,s4,3,0.509581,0.672377,0.683531
b27c1880-c258-4a66-9ec3-f799d5e6ca92,gaussian_blur,s5,3,0.556740,0.699245,0.768528
b287be0f-b8b2-40fa-8136-9032e29c9c6d,fog,s4,1,0.295535,0.436230,0.491723
b289c8b1-4f53-417b-bcd4-9c4ac6d5fd76,fog,s4,2,0.613797,0.729733,0.875217
b28b3b08-3f7c-41aa-8f60-b3384abd495f,clean,s5,1,0.475732,0.581546,0.795760
b296cc52-cf20-43a7-b8ac-ab3aed82296c,shot_noise,s5,4,0.730018,0.843649,0.845822
b298e842-447a-4027-b844-00f13c6acb6f,clean,s5,0,0.685537,0.805409,0.854677
b2994656-d008-4ca6-830e-6776e568b356,shot_noise,s5,4,0.621381,0.763321,0.779844
b29b2df8-0c40-489a-a9b1-6b6f5e459fc6,clean,s3,3,0.699217,0.798818,0.943123
b2afd746-b72e-4b86-a52c-47ec252f0afd,clean,s4,5,0.600998,0.729997,0.827748
b2b49728-7228-4a31-9453-7699b1e8ed6c,shot_noise,s1,4,0.376695,0.439687,0.739207
b2bce2e8-4a83-42d2-bd05-d95a07813d22,clean,s4,4,0.651235,0.780325,0.827299
b2be2171-e6f3-4276-ba2e-db0e80e8e88d,clean,s5,4,0.809027,0.893664,0.901670
b2c37cad-ef08-4702-9d8b-bc99b0c7073a,shot_noise,s5,4,0.374130,0.449849,0.716641
b2c73c0d-ff8e-4862-b74a-df039cff6d95,gaussian_blur,s4,3,0.277078,0.415826,0.464907
b2d24c90-9297-4dd3-a011-f0f239b25b2c,gaussian_blur,s4,3,0.524176,0.664823,0.756414
b2d3ed60-bb56-4e76-84a8-3d601b87c238,clean,s5,5,0.670316,0.799264,0.819351
b2e04641-2905-4949-96e4-42cb8d026aa9,shot_noise,s3,4,0.158172,0.268851,0.279009
b2e065ef-9ee7-49ce-b9c1-b988a430036f,fog,s5,4,0.740264,0.849373,0.859886
b2f77003-601e-48f5-a530-e94a4caa6ced,clean,s5,0,0.672712,0.803464,0.808779
b301b1be-af63-4f83-a870-aa52a2c34662,gaussian_blur,s4,0,0.433366,0.466997,0.863003
b30d1ac4-2311-44a3-bf70-2befc7307ae6,gaussian_blur,s3,2,0.344464,0.450431,0.625211
b310ad54-e3f2-45c9-8b51-d1a8ee446ba1,fog,s3,4,0.581150,0.697184,0.860304
b313e60a-dd81-41ab-9b7f-20f704e48803,fog,s4,2,0.376513,0.540782,0.560709
b319fb43-7bb3-4af8-8ab3-02f145d3f833,fog,s5,2,0.819376,0.899440,0.913471
b31cf69e-2ba1-4234-8414-ba2ee18e5f79,shot_noise,s4,2,0.555499,0.670304,0.847499
b31ffc64-e556-4de6-b4c8-ebba7429480a,gaussian_blur,s5,3,0.804373,0.889612,0.909424
b336f04f-4f0d-437d-ad87-2aec24fd6ca7,clean,s5,4,0.668034,0.797053,0.820352
b33ca347-78d6-4180-9b77-8dbf3cceccea,clean,s4,1,0.530163,0.664873,0.776727
b345f5d8-ad99-4b15-8751-0b172ad0c3bc,shot_noise,s2,4,0.544264,0.614696,0.938955
b34691ca-f726-45e8-bc15-f0c9905853ee,shot_noise,s5,5,0.716295,0.834535,0.835691
b346e630-0a2a-4b33-bb56-b07ed795215c,fog,s4,5,0.621852,0.751159,0.829868
b34a88ea-ebdc-43e6-bed3-2287b715c6b4,gaussian_blur,s5,0,0.675312,0.805727,0.808587
b356f985-0061-49ac-8de0-fab218bba1a4,gaussian_blur,s5,5,0.681682,0.810696,0.810811
b36a8e6d-2d2b-4150-9567-02496f86731c,gaussian_blur,s5,5,0.687937,0.811134,0.836233
b36adf58-bed7-4c22-b231-f82819759545,clean,s4,1,0.518087,0.643988,0.790875
b37553a3-e19b-4b9f-a882-73bec62ee904,fog,s5,3,0.467923,0.634072,0.646982
b37db925-b667-425e-9632-8f191fc93755,clean,s4,2,0.803906,0.889120,0.910912
b391554f-dc14-47b8-9fa4-8b2d3b3dae7e,clean,s2,1,0.491021,0.495470,0.982042
b39cb136-58ac-45d1-adc3-626ec0aef777,fog,s3,5,0.629151,0.728986,0.932437
b3a5cf8d-b340-4ea9-a0be-6c8e03ba61a0,gaussian_blur,s3,0,0.510830,0.640372,0.775916
b3b8bb82-0e8d-4019-a94d-819ce27698ac,fog,s5,1,0.384733,0.480750,0.699979
b3bd6da5-2482-4dc6-a766-4b6f35cba978,gaussian_blur,s4,0,0.792114,0.878045,0.932824
b3c17106-a4d2-4921-af8d-f60cb4055901,clean,s5,4,0.693330,0.818787,0.819495
b3d9c418-9dfe-41b6-b938-2078c24fac94,fog,s4,5,0.375717,0.497888,0.642456
b3df2cf2-49b0-4dd8-bbb6-48202e4abda6,clean,s5,1,0.568661,0.724043,0.728594
b3df604a-ca6b-4324-9473-edfd868c2af3,shot_noise,s4,3,0.711155,0.819025,0.898468
b3e6b1a2-578e-473f-a55d-2bfe5d26e150,gaussian_blur,s5,2,0.739202,0.850037,0.850117
b3e915c1-2e38-4154-96d2-019639cfda59,shot_noise,s5,1,0.392032,0.561837,0.566481
b3f407db-cc75-43e3-8b96-640a2da5fcc2,shot_noise,s5,2,0.684151,0.810154,0.824592
b4064088-3e73-44b2-901a-0c8d11570cab,fog,s2,4,0.513993,0.575083,0.923525
b4091706-3a09-43cf-9730-7dc14cfa8a75,fog,s5,5,0.530078,0.690302,0.701189
b420e32e-7ae2-4ffd-936f-83bdef30d54a,fog,s4,3,0.596648,0.727299,0.820997
b42d3915-2b03-4089-abc4-3eb4e405a3c0,gaussian_blur,s5,2,0.271213,0.403709,0.465257
b42d880f-54e1-4ffa-8530-be2a1e94955c,gaussian_blur,s5,3,0.486807,0.654817,0.654889
b4334636-eb72-4b24-ba7c-83de5085e344,shot_noise,s5,1,0.803693,0.890283,0.899189
b4369254-6ea6-4009-a212-78897c2e2e90,gaussian_blur,s5,5,0.563030,0.713799,0.743617
b436980f-66f8-46ec-ac32-4e301c3a1dea,fog,s4,3,0.276748,0.370219,0.534032
b43bab62-37e9-4d6a-afc0-1be1344f5254,clean,s4,2,0.800719,0.887266,0.907669
b44024dd-9854-406c-bdb1-ec333ea10337,gaussian_blur,s5,1,0.769611,0.869784,0.869994
b446de8c-efb3-4680-825c-60bb0b1c0112,gaussian_blur,s3,1,0.481975,0.593670,0.790185
b46ddce3-574f-48dc-979a-4acff095270d,shot_noise,s5,4,0.636625,0.776863,0.782944
b470108b-490f-412b-ae3c-94cd3155e9cb,clean,s2,1,0.506180,0.555558,0.934443
b4775466-3040-4e57-8724-45732121e237,shot_noise,s5,5,0.695292,0.817060,0.837765
b4780039-8d11-4552-a8ba-0678c24ceb04,shot_noise,s4,2,0.688523,0.796170,0.910525
b49a5637-5169-422e-aa2f-82a9aca0db94,fog,s5,3,0.614487,0.760673,0.763488
b4bb88f0-eb0d-466a-ad93-36261dff46ad,gaussian_blur,s5,5,0.718957,0.828934,0.880752
b4bc3a82-7552-46e5-af6b-9f7a31fe2a2f,gaussian_blur,s4,4,0.608659,0.743235,0.809279
b4c93132-2615-4bc8-a1cb-2455cb96c19f,clean,s3,5,0.151959,0.260184,0.268751
b4d1b6d7-8ca4-48df-a698-852f823b91ec,gaussian_blur,s5,0,0.726045,0.839542,0.852120
b4d4ad42-477e-48d5-816a-4c62ba7c43f5,gaussian_blur,s4,1,0.418871,0.584018,0.605840
b4d932dc-0094-4732-a856-b2efdbad4b61,shot_noise,s3,1,0.710075,0.809653,0.939771
b4e6f56a-2718-4fa1-a8e9-06d6056ea04a,fog,s4,1,0.267471,0.413158,0.437216
b4eb215e-c2b2-4975-bc72-a386d00a9682,clean,s5,1,0.628765,0.756773,0.834992
b4ece668-8d65-44e8-b66f-0a51a0ae0614,gaussian_blur,s4,5,0.413007,0.572871,0.611990
b4f3457f-eb6e-4e15-b814-fb4f52908726,fog,s5,3,0.473169,0.635561,0.661099
b50084d0-a002-4806-ad9b-687ca29dacf1,shot_noise,s5,1,0.219848,0.308449,0.435648
b5008ba2-07d9-4276-a347-34cbee01f14e,shot_noise,s5,5,0.364945,0.522180,0.561024
b5018a54-98f1-4c97-8197-4d51eb60287c,gaussian_blur,s5,5,0.495387,0.660655,0.668149
b50b042b-fd8e-4ea0-9432-11fb1c610615,fog,s3,0,0.674077,0.780086,0.920021
b51df883-970e-4f54-9c4b-ba3a10cf3188,shot_noise,s2,2,0.627512,0.711165,0.978741
b51fabb5-9ed5-4ce3-86e3-6da8f8973e54,clean,s5,0,0.624517,0.767236,0.775859
b5230300-d367-4c62-a469-4d85ca1328af,fog,s5,5,0.736905,0.848301,0.850011
b5271e34-81e4-44f6-806c-442eaf949d67,clean,s4,1,0.504439,0.648861,0.732512
b53a3467-815c-49d5-98a1-c086988e8a74,clean,s5,4,0.557410,0.714598,0.720085
b53aec0c-6faa-476b-b728-c5746bb76d03,clean,s5,3,0.391240,0.478556,0.723290
b55121d4-b217-4423-93e9-fb11a431eb6e,fog,s5,4,0.653830,0.788649,0.800320
b55ee91c-d5ac-4c3e-9041-4ea9ac9837e6,gaussian_blur,s3,0,0.365948,0.482871,0.638197
b5618b1c-bb36-418c-b803-714d7cb29ec6,gaussian_blur,s5,5,0.642491,0.776509,0.808416
b57746be-c7ce-4951-9be8-1ed00fd890de,gaussian_blur,s4,0,0.539413,0.672507,0.787207
b5814518-2238-4424-8dae-51fa8dbea376,clean,s5,2,0.775370,0.870980,0.892805
b58be71e-96a3-4a27-865b-bce4066b53c2,clean,s4,0,0.637926,0.765172,0.837592
b594df25-5476-4b24-9cc4-7d0986371c35,fog,s4,3,0.789269,0.876287,0.930228
b59a7870-f6a8-4004-9c13-19f8d931cd5c,shot_noise,s5,1,0.805235,0.891468,0.898030
b5a951f8-7c11-4065-bf15-9c7f92bff9ab,shot_noise,s5,5,0.749332,0.854097,0.874591
b5b9aee5-3cac-485f-953e-2a0db1179fb0,fog,s5,2,0.706461,0.826467,0.836721
b5d1fcb6-6d69-4d55-ace8-da9610615a4a,shot_noise,s4,5,0.534780,0.657184,0.812679
b5df141a-4dc7-4270-bd07-03f522e98be5,fog,s5,5,0.647538,0.785069,0.790715
b5f05794-2153-413e-9da4-43121225dd45,fog,s5,2,0.486952,0.633109,0.714542
b5f205b4-c977-42cd-b267-4bab5943de44,clean,s4,4,0.571484,0.709125,0.789861
b5fe7049-17a2-4e4d-9d44-b6f03add06f3,clean,s4,3,0.651235,0.780325,0.827299
b6209978-3809-4c0b-934d-ed4a5a000d78,shot_noise,s4,5,0.549475,0.695327,0.754907
b6222043-abf5-4b7a-b609-c76f35c97b29,clean,s4,1,0.461128,0.630107,0.634133
b631bacb-01d1-4d28-bed5-5e25b5252dff,fog,s4,2,0.585097,0.710594,0.833803
b637d428-a1f1-4138-bdd8-958338ad89c6,shot_noise,s4,0,0.729831,0.837194,0.884501
b64acdb2-1661-41bf-89de-93d37d7e541d,clean,s4,5,0.322573,0.466371,0.527947
b65f9951-109f-48d4-865a-98dd5bd34649,shot_noise,s5,4,0.566014,0.717969,0.740256
b66316ed-46ae-4232-8730-f5fc98907884,shot_noise,s4,0,0.598220,0.740911,0.778318
b66519b4-bc2b-4f18-8c5f-3db2393cc89d,shot_noise,s5,2,0.540360,0.699558,0.708406
b665592b-6da5-4c4e-9116-8fb4c640081e,gaussian_blur,s5,2,0.564533,0.721597,0.721904
b67b9d58-a516-4176-8aff-0aefb335ac46,clean,s5,5,0.757429,0.861971,0.862000
b67f3b74-1db0-482a-bda2-d7445d279b9f,fog,s5,3,0.674235,0.803050,0.817477
b68320fb-1f34-4bbb-a29b-27cfc43bcd2d,clean,s5,2,0.788027,0.881432,0.881589
b6838393-a484-4db8-ad5e-e2e36e4d72ee,gaussian_blur,s4,4,0.491194,0.656317,0.665994
b6842441-508a-4ea3-8e80-a6035d77f116,gaussian_blur,s5,2,0.577768,0.717748,0.784251
b69258ba-9fd9-44f4-9831-c47848b94f66,clean,s4,2,0.767515,0.863826,0.902556
b69f5928-f93a-4e49-9d0b-c41437815779,clean,s2,0,0.476650,0.488046,0.953299
b6a4e726-c496-485b-9c6c-6885323b6d9d,clean,s5,1,0.773783,0.871038,0.883544
b6a5d011-1423-47aa-ba65-106bc37e72ea,shot_noise,s5,4,0.783711,0.878403,0.881531
b6a8da35-2f10-4f54-a29a-175a6d503f2d,shot_noise,s5,1,0.619159,0.752749,0.813493
b6aa73cb-605e-403b-861b-f9033124f795,shot_noise,s4,0,0.723455,0.837447,0.852420
b6ac7af8-2133-4ff0-91ef-117e11bf5b8e,shot_noise,s5,2,0.762010,0.862359,0.883632
b6af2b5a-63fc-4cc6-b1f0-c724e2f25df6,clean,s4,3,0.792114,0.878045,0.932824
b6c5c801-56b2-4b9d-a452-6f6c89e518bd,clean,s5,5,0.445389,0.608715,0.635648
b6df3d1a-291d-4b9b-893e-a566916dafd2,shot_noise,s5,1,0.564859,0.715846,0.743339
b6e2eaec-36a3-4430-851f-96bdac91fc9e,fog,s3,3,0.453346,0.547937,0.791823
b6e9baa3-a1b2-480c-8ba0-cf12625bba09,gaussian_blur,s4,3,0.460794,0.624274,0.648468
b6f3f3dd-6988-4d40-9e3d-03d92dcbfec1,shot_noise,s5,0,0.511340,0.676606,0.676871
b70f4193-7efd-4fd2-ae93-784d0d8d057c,gaussian_blur,s5,2,0.214652,0.301952,0.427195
b7148bf8-6dc4-4fce-b92f-9479eca43a58,clean,s4,2,0.566006,0.702444,0.791499
b721500b-2654-4251-8d4c-cd9bc68a1601,shot_noise,s5,4,0.479880,0.618811,0.726529
b723271f-1f4f-4b98-9024-17fae81b60fa,fog,s5,1,0.541278,0.699045,0.713441
b723718a-4483-4b2d-8fb1-81137738941d,clean,s3,3,0.739476,0.834652,0.944431
b726cd50-f242-4b24-9a36-7a0d13c4264d,shot_noise,s5,0,0.393456,0.529440,0.639694
b730a947-2a92-4b50-9522-dce6ee6e27da,fog,s5,2,0.419110,0.586619,0.600459
b7342909-b658-452a-a733-51a6768ee74c,shot_noise,s5,4,0.610321,0.751729,0.783315
b7450a2f-5020-4d62-b194-8ac38e6d93d9,fog,s3,3,0.517636,0.641612,0.795303
b7490ba4-5266-49cc-ba9b-ae3a422d9195,gaussian_blur,s5,2,0.743662,0.852139,0.858736
b74c9724-74ea-4115-a19d-a12baebe23c3,shot_noise,s4,4,0.488174,0.611438,0.770937
b74f90bc-2151-48ed-b738-fae6b98e5867,clean,s4,4,0.495375,0.566568,0.883973
b75550c9-57ce-485b-8571-00eaad0c7a39,gaussian_blur,s3,4,0.467687,0.483304,0.935373
b76de448-5b67-40f2-96e6-20b4373f6364,shot_noise,s4,3,0.706086,0.813167,0.905650
b770b766-f44a-453f-806e-bb70e3671371,gaussian_blur,s4,1,0.834727,0.908529,0.925120
b78df818-b118-4d9f-ad04-9f91a999999c,shot_noise,s3,5,0.522698,0.655779,0.775910
b7916981-150a-46f3-900f-9895e6b7caec,shot_noise,s3,3,0.518045,0.569275,0.945424
b79bb3c7-f34e-45f0-9bec-f20060524c68,shot_noise,s4,0,0.744250,0.848120,0.887982
b7aa7979-9f04-4c50-bb8e-1718f87fb09e,shot_noise,s4,1,0.540977,0.698584,0.713862
b7b0afe9-9077-4e2b-a8a3-135afb25b248,clean,s4,0,0.617188,0.757764,0.786080
b7bb8535-22de-4cbb-b79b-40d3c3e886cc,clean,s4,5,0.634452,0.749295,0.884256
b7be1b2b-c230-4709-89a3-520b4ba456b6,shot_noise,s5,3,0.388265,0.543020,0.595092
b7dc66e9-1fc7-4df0-a4c5-6b6095e201c0,shot_noise,s4,1,0.331381,0.479309,0.533312
b7eafd51-3627-4bc1-927d-6c6ec20c43d9,gaussian_blur,s4,4,0.629637,0.742446,0.890325
b7f9a116-2039-477b-accc-6fd7a68c4c49,fog,s5,1,0.337783,0.405476,0.672372
b7fbf8aa-af97-4cb2-b264-cc98f3b94ab7,shot_noise,s4,3,0.716421,0.820815,0.912747
b7fe42fd-3dd7-4a2d-b84a-f7a1d927c909,shot_noise,s4,5,0.830781,0.906303,0.921090
b800b2bd-f56e-4ea1-84bb-afc2189f5fb7,shot_noise,s5,2,0.270719,0.387789,0.488647
b80e6dac-8b4b-4d91-b1eb-06f3bd30f74c,clean,s4,4,0.700854,0.816849,0.863819
b80ea29e-ed76-4fd1-9ed4-7ece72e22721,clean,s4,1,0.576938,0.696717,0.847129
b8189040-f7f2-4b43-a891-aa311b3473c5,clean,s4,2,0.775908,0.863661,0.948294
b82b9fb6-2f54-4e13-bfab-bf2813d63060,gaussian_blur,s4,3,0.429455,0.571145,0.670168
b82fbafe-3552-4a71-bbac-55962726ba54,fog,s5,2,0.614667,0.759283,0.769957
b8308271-939b-40f6-950f-c96ebb39628d,clean,s4,5,0.229466,0.365765,0.385123
b83203f5-7baa-4063-a9da-8c288550b94b,fog,s5,3,0.318845,0.397049,0.626937
b83dd64f-7628-4d1a-b464-9a1977fe0ce0,clean,s5,4,0.691605,0.814297,0.835964
b84180c8-a7e7-44fe-9c41-f6b3cdef7cbe,fog,s4,3,0.562871,0.699694,0.788933
b84f806b-1ab2-4398-b76a-b36f39f25da0,clean,s5,5,0.670745,0.801927,0.807989
b860a9e2-7861-4a41-ba1d-2c8c1ec0c2b6,clean,s5,0,0.443032,0.613179,0.616227
b8683a95-5c1c-4c09-b9b5-daa1af42e473,gaussian_blur,s5,1,0.611689,0.755410,0.774012
b86cf7b1-a313-472e-8414-b6d1624609c9,clean,s3,0,0.548016,0.637027,0.903622
b870b913-c8fd-49fa-bd46-c7114208613b,shot_noise,s4,1,0.738353,0.834051,0.942496
b87881ef-0fe0-406b-b53f-0b0cfc67d88d,clean,s5,1,0.504782,0.663650,0.692469
b885d3ac-a9b8-4ced-9907-29f7e5cf05ce,shot_noise,s5,3,0.656857,0.784238,0.833019
b88634da-9144-48d5-90b4-3bfc42f4e84e,gaussian_blur,s5,4,0.303787,0.448756,0.497301
b8935b02-69eb-4ec1-8053-95a945b128c0,shot_noise,s4,4,0.556558,0.700465,0.764016
b893e080-d41c-47e7-ae58-61059ff913e4,gaussian_blur,s4,0,0.508989,0.580482,0.898981
b8972607-ee45-426e-a0e2-354b0727a11d,gaussian_blur,s5,4,0.516077,0.656080,0.752699
b8cc0c04-a89a-43e2-9743-591a49a09498,shot_noise,s5,5,0.268716,0.405498,0.454059
b8d23a8d-4a1e-46a8-8fad-526e954babbd,clean,s5,3,0.773783,0.871038,0.883544
b8d6793e-4c5a-4087-b1e3-805e6608a769,gaussian_blur,s3,0,0.484813,0.492290,0.969627
b8d99304-02d5-4292-a74d-f28784209784,shot_noise,s5,4,0.797069,0.886858,0.889008
b8dca226-8bbd-4c00-a48e-c1d1a45eb7b4,gaussian_blur,s5,5,0.638989,0.778506,0.785285
b8e2a090-60ee-41d1-a9eb-7ddc55d1d896,clean,s5,5,0.466976,0.622049,0.675285
b8efa039-a2f7-414f-a1d7-0b69c9347512,gaussian_blur,s5,1,0.532606,0.695015,0.695093
b8f44780-589f-4ee5-8f67-2eb9bafbd905,clean,s5,4,0.778200,0.874452,0.881760
b8f559b7-e301-4a3c-b00d-15dcb81a34fb,gaussian_blur,s5,3,0.704591,0.823388,0.845440
b8fd978a-dd41-488e-8e71-87e99f7c8bde,fog,s5,5,0.337390,0.452794,0.599131
b913efb1-18d3-40cb-a8a7-54f48728ef04,fog,s5,5,0.574109,0.724890,0.745979
b91e0e96-7a33-4a82-88fe-df22f8c95fcd,shot_noise,s4,2,0.758538,0.854287,0.920368
b91ea022-7958-4d70-842d-75229e890521,clean,s5,3,0.683202,0.810335,0.819451
b920e42c-9f2b-4db9-bc3d-e9d9b6468a27,fog,s4,4,0.421591,0.544004,0.700848
b92906c6-6379-43f6-b91b-a5df86486b56,fog,s4,5,0.699553,0.817004,0.857189
b9509f7b-4e92-4cc4-97b6-9d3ab9afb58d,gaussian_blur,s5,3,0.628741,0.767314,0.792444
b983b78c-6231-41a6-bda7-e13e76628dab,shot_noise,s4,3,0.574833,0.722017,0.758829
b98c1154-4840-4051-8e88-993e39337806,gaussian_blur,s4,4,0.444513,0.586152,0.686246
b99552c7-0d35-43f9-8a15-04743fd6f6d8,fog,s4,2,0.550095,0.683660,0.792252
b99cedbf-2345-4277-9c94-f76ecea120a6,fog,s2,2,0.428604,0.488009,0.818832
b9b3223a-a6d0-405e-8d50-86f1ad75ae84,clean,s5,4,0.228156,0.316531,0.452032
b9b38275-2369-40e4-995c-8a3dc71b31a6,gaussian_blur,s5,3,0.662422,0.791927,0.821009
b9b54f6a-023d-40a7-8626-fd0c6ce31769,shot_noise,s4,3,0.613480,0.740118,0.838655
b9b79333-dd55-441e-be16-065db95c2ac0,fog,s4,2,0.410857,0.466021,0.800408
b9b9461f-2c02-4310-a4f7-6713347c4ebb,gaussian_blur,s4,3,0.395466,0.564444,0.572165
b9c3c5b7-4204-41eb-8b1f-b9924dfda751,gaussian_blur,s3,0,0.621379,0.715631,0.945303
b9d1c8ac-a7aa-42c0-901d-73ac0c334829,shot_noise,s4,0,0.798513,0.882906,0.931218
b9df50e0-cb80-481c-a5d6-c94d51c1007a,gaussian_blur,s5,2,0.640258,0.780610,0.780997
b9f57c7d-5d77-4a91-a51e-67b91f33d8fa,shot_noise,s4,3,0.562934,0.707238,0.765163
ba05caa2-c6bd-45e5-9d02-a6ff4a0597ac,shot_noise,s5,2,0.648457,0.780917,0.813341
ba1100de-ea67-4d1c-9bbe-4063ca8eca2d,fog,s3,5,0.538762,0.663496,0.809488
ba12b7dc-76a5-49b6-abc5-14d45491e4fa,clean,s3,2,0.511575,0.590140,0.888501
ba148bcc-531c-4ca8-8aa3-af935da93f7b,shot_noise,s5,4,0.551971,0.700950,0.745979
ba22f0f9-5da3-47d9-b47b-3656d25b3a6f,fog,s4,3,0.688051,0.809132,0.847003
ba243456-4936-4cd5-8809-cfc502f0a64f,gaussian_blur,s5,5,0.715498,0.833367,0.838903
ba24731f-13ff-4c1e-adf6-8d191ad58ddb,shot_noise,s5,2,0.338827,0.412500,0.665568
ba276513-85b8-46f0-94a2-ab741cd43734,gaussian_blur,s5,0,0.601609,0.744740,0.776784
ba285dd3-2d3e-4cd4-82a0-a5a0577a515d,gaussian_blur,s4,3,0.715496,0.822608,0.899254
ba595dc3-b585-4f18-b5f8-e493d5ed42ee,fog,s4,2,0.479696,0.625290,0.709967
ba6ac94f-01d5-425e-9e0f-cd4e2acaf646,clean,s4,2,0.726577,0.839265,0.856411
ba6f7ed2-d82e-4900-98a6-5fd6df339d7d,gaussian_blur,s2,2,0.446874,0.497418,0.857056
ba9dc6a8-80a6-4c19-9d67-5e7530206db6,clean,s3,4,0.556664,0.685882,0.808541
baa7d366-ab02-46b4-ab85-341854584fd7,gaussian_blur,s4,2,0.422011,0.522075,0.743075
baae7d85-283c-480f-ba3b-e80304b56d6a,shot_noise,s3,2,0.553786,0.614665,0.967552
bab20a0c-da19-4ea8-bdcd-4f30fdafe8a9,shot_noise,s4,4,0.598930,0.728539,0.825141
bab773fb-9a4d-4e37-98a2-13abe5859ff5,fog,s3,2,0.457196,0.534471,0.827339
bac57dda-3265-427d-a1d0-0a378475092b,shot_noise,s5,4,0.621964,0.762810,0.784283
bac692e5-b80b-414e-a8c2-a68b23dea4b7,gaussian_blur,s4,0,0.608598,0.740315,0.819707
bacfdf0c-e4ef-42c7-9e5a-31023dbb8a43,clean,s4,5,0.279379,0.388365,0.515835
bad0d2ed-f1fa-4647-822d-000612fdb882,gaussian_blur,s5,5,0.276002,0.388874,0.504161
bae7667a-6195-4752-ac1a-962716849bdb,fog,s3,1,0.719404,0.816764,0.946187
bae984a2-b6c6-4b7e-a2a0-6c0a5079d38f,clean,s5,2,0.728555,0.842883,0.843483
baf4f009-8435-4707-85a5-da4f20d05f8a,gaussian_blur,s3,4,0.588402,0.710320,0.846343
bb0c460b-65a6-4692-b1f2-9e8744e0478d,shot_noise,s5,2,0.662007,0.793144,0.813515
bb126486-a76d-4bc6-a22c-9a6d280947a5,gaussian_blur,s4,3,0.670875,0.786099,0.882138
bb272199-11f1-4135-a987-a6857aa59449,gaussian_blur,s4,5,0.497140,0.602562,0.819004
bb2b4ffe-a98c-4bf9-82f9-69f734bf2501,shot_noise,s3,0,0.686933,0.793771,0.914524
bb32c063-d654-42b7-8cfc-611a77961939,shot_noise,s4,5,0.534188,0.664028,0.792669
bb44b583-7416-469d-b8c7-95de42ea3734,clean,s5,4,0.622314,0.767147,0.767389
bb455d65-9234-4c78-b77a-cd2f91b9f9cb,fog,s4,2,0.607968,0.735897,0.833045
bb471b2e-88aa-4a85-aa56-09f7dc924ec1,gaussian_blur,s5,3,0.316424,0.468038,0.504597
bb4e5f5f-ef92-4dde-8a4e-da46ccd6868d,shot_noise,s5,0,0.616397,0.757572,0.783753
bb53df5a-5f62-4aea-aa0b-2c6241041ef4,clean,s4,5,0.703907,0.821202,0.854331
bb578f2d-7679-4fb3-af11-afeaad420299,shot_noise,s5,0,0.623585,0.765585,0.779132
bb623d3f-d356-42fc-b50d-c674d0694d33,shot_noise,s4,2,0.763092,0.856409,0.929844
bb64e6ee-a1ed-4024-893b-35fa05e7d53a,clean,s5,4,0.698799,0.822276,0.825072
bb682b78-302b-4cbf-95ce-0b7e07eeb0ad,clean,s5,3,0.720830,0.837733,0.838000
bb8179c8-c91c-4b79-a69a-daa894cfd7da,shot_noise,s5,2,0.780138,0.876481,0.876577
bb8f8119-53d3-42de-8d6e-d2eb260ed0d3,fog,s5,2,0.528294,0.690676,0.693536
bba4fab6-64ca-4c92-bbc7-2b66db9d9817,shot_noise,s5,5,0.467703,0.629806,0.657643
bbab2a7f-e834-4a54-a7f0-3bac64361751,fog,s5,3,0.671953,0.801233,0.816679
bbada087-065c-41b2-af80-d11ab8ddc595,shot_noise,s4,0,0.644853,0.768811,0.850160
bbb064ce-b4d1-4b06-82f4-ab6b94fa61ea,clean,s4,0,0.496072,0.655608,0.685115
bbba01ae-b7b9-4e6c-9b85-9511979899a8,shot_noise,s3,2,0.801180,0.879600,0.972812
bbbf2433-86db-43d8-b411-763557cfecf0,clean,s3,3,0.510830,0.640372,0.775916
bbf054a9-fe82-45d9-bbec-e772102fb4be,fog,s5,3,0.695548,0.816412,0.842384
bc011c95-dc5f-4755-9526-81130c5f1b9b,fog,s2,5,0.609165,0.687219,0.980601
bc0b8758-4921-44b2-82f8-2fd4ac7ff5e7,gaussian_blur,s4,4,0.676653,0.795482,0.864186
bc0d2d6d-9c1a-4ba1-8bdf-c2bd487879ac,shot_noise,s4,1,0.508742,0.617688,0.822713
bc1fcc52-0bc3-443a-8c89-5f024b6608e4,clean,s5,1,0.664770,0.796361,0.809792
bc232a3a-7d30-4024-82a7-0d8a3ec5ac61,shot_noise,s4,4,0.765229,0.859391,0.921135
bc2cae2b-82ce-4b17-a331-cb9cf9223dcb,clean,s5,1,0.363320,0.517457,0.565189
bc396c52-68c5-418e-928f-24e12bc5f88f,clean,s5,3,0.728710,0.839891,0.862912
bc480a7e-42f1-41a5-9660-93eca2ad02df,shot_noise,s5,5,0.622117,0.758868,0.800944
bc5eb42b-8fb5-418d-bd35-dee8041b8531,fog,s4,5,0.547871,0.701254,0.730158
bc69c620-aecd-41b9-9897-6625b66c9fdf,gaussian_blur,s5,4,0.665714,0.791873,0.835061
bc6c62e5-9cbc-4512-b4c8-a989654ef713,gaussian_blur,s5,2,0.421139,0.592050,0.594219
bc733f1d-df41-4d69-8300-95889f061e20,fog,s3,3,0.352464,0.497100,0.569173
bc864672-4e87-4294-89e4-b2e295cc0a4f,clean,s5,5,0.656563,0.789143,0.809461
bc9557c7-b9bd-4c04-ade4-b21aa4ee5e65,fog,s4,3,0.492321,0.634191,0.729829
bc956ff3-e478-4ccb-8b3e-302f9615cf31,shot_noise,s4,5,0.527072,0.639162,0.832037
bc9c8cb2-7507-4b39-9132-f841237d9881,clean,s3,0,0.695268,0.798847,0.926625
bca5433e-7ba0-436d-9556-6f041e7c4145,clean,s4,2,0.464536,0.633152,0.637728
bcbf22c5-4219-4414-be2f-0bddddd2f42e,fog,s3,2,0.758520,0.848114,0.958581
bcc4a86b-fb8f-4388-9620-775ae70f7f8a,fog,s4,0,0.347109,0.492033,0.561221
bcd33d58-7401-415a-a6d7-521504c875d0,fog,s5,1,0.535319,0.673484,0.770400
bcdbad7b-0d97-4afe-8889-891368e6ffb6,gaussian_blur,s5,3,0.536068,0.696529,0.702736
bceb2029-6dfb-4000-98df-f661915ded5f,clean,s4,2,0.622020,0.750503,0.832971
bcf24152-4c40-4ae8-a5f5-411b46d7c294,clean,s5,5,0.630437,0.764059,0.812653
bcf4e3c7-a99f-4842-aed1-11624d8a7068,shot_noise,s4,1,0.595656,0.736658,0.784337
bcfa22c3-6267-4f8e-bf16-17ad0b5eb273,clean,s5,1,0.491872,0.654184,0.674492
bd00c335-a89d-43d2-834f-b58a3763401d,shot_noise,s4,5,0.571637,0.670172,0.901075
bd06d4e5-75bf-472b-9ebb-a6f60f0aa0d6,clean,s5,4,0.723730,0.837202,0.855227
bd120fa5-6992-4a38-b31d-f3bcebb50992,shot_noise,s5,5,0.774395,0.872740,0.873765
bd134e4c-a73a-45b3-86a6-5d8d77e1a394,shot_noise,s4,4,0.590314,0.730290,0.787236
bd145718-1b12-4135-a1cc-9f103e13f621,clean,s5,0,0.444373,0.584187,0.690180
bd1516d0-8bf1-4262-a0f9-54949a45e5f5,gaussian_blur,s5,4,0.262962,0.414883,0.419051
bd152749-3ef2-421c-8a93-6cc36611a99e,fog,s4,5,0.420384,0.558367,0.667928
bd1b5784-f0c1-42bd-821f-414528602b60,shot_noise,s4,2,0.389733,0.455246,0.754775
bd1f9ace-a8a2-46bb-8da7-0dd508283494,clean,s4,2,0.360590,0.511798,0.567434
bd26172b-12b5-4db1-800f-37530f261a49,clean,s4,0,0.366266,0.459907,0.677333
bd48797a-6cd1-4c7d-a3c4-9833c20a8c7c,clean,s5,4,0.632772,0.775033,0.775339
bd4eb3b2-094b-49ab-bf82-547dc961ca8a,shot_noise,s5,3,0.555038,0.712452,0.718747
bd6c712f-7d94-482c-b32e-edc49a765b68,fog,s5,4,0.429379,0.584351,0.640344
bd8947bd-b904-4f49-80c0-8944027112e6,gaussian_blur,s4,4,0.432167,0.600666,0.610651
bd960e87-af3a-488e-ba85-712000aef822,shot_noise,s4,1,0.606677,0.744258,0.797958
bda51b47-4474-41fe-8257-979dfe915f3d,shot_noise,s4,2,0.664399,0.779355,0.884522
bda64df8-13bc-48b3-85c8-90523f7ca7e0,fog,s5,4,0.648069,0.782805,0.803278
bdc19218-7357-4389-97d4-e125868ca7b6,shot_noise,s4,3,0.900100,0.946724,0.960560
bdc3aca5-f9e6-4387-b43d-ad7e3f069e85,gaussian_blur,s4,2,0.662966,0.785678,0.851694
bdca353a-79de-4270-9af6-df6cc0fac592,shot_noise,s5,2,0.722750,0.835045,0.863438
bddb4f21-5dee-41fc-aeaf-90438a1d172d,gaussian_blur,s3,5,0.483669,0.605851,0.769051
bdea7746-129e-4007-a05d-84448d2b5532,fog,s5,1,0.290209,0.435679,0.474997
bdf054c4-e7be-4b0c-b236-9b2d6ab16709,shot_noise,s5,4,0.703359,0.823407,0.839680
bdf6f3d4-a9f2-4d0d-b5c3-cd99d6486f4f,fog,s4,2,0.486253,0.636563,0.703232
be0d48d1-fc46-4952-bd02-2d2d736b0977,fog,s4,1,0.703850,0.810373,0.909589
be0f2f46-26ab-4c9f-820f-c56d10b981c9,fog,s5,4,0.484121,0.650570,0.657643
be1bbca0-e303-497f-bc36-e9529b00bbaa,shot_noise,s5,4,0.267931,0.414845,0.435925
be1c4fd0-ca52-419e-be2c-8fd54becbe45,fog,s4,0,0.399603,0.499141,0.714540
be29eb72-f596-48d1-8bcc-85e7a8c3fd5c,fog,s5,1,0.546370,0.693372,0.749946
be2c6fb9-c378-4912-b331-349d7405572a,clean,s2,3,0.453120,0.502713,0.866848
be30a9a1-fc8d-412e-8c60-4ab5dc525c0f,fog,s4,5,0.468091,0.615287,0.695910
be329464-c819-407f-a435-2daa7b82fada,shot_noise,s4,3,0.540711,0.627473,0.901680
be388cda-1c55-44d6-99d8-704bcef9c1b0,clean,s5,4,0.692814,0.816341,0.830485
be3cc078-62fe-4194-808d-8b3ad5bac1be,fog,s3,0,0.471208,0.485177,0.942416
be3cc82b-68ca-4713-976b-9ab7f3bc42e1,fog,s5,5,0.560384,0.716280,0.725255
be402d2b-9bf0-478b-be4f-cfb903ff32cf,shot_noise,s5,1,0.733828,0.846421,0.846891
be45f5d5-34bf-416c-bbfc-3478e1dcff1c,clean,s5,1,0.460707,0.624676,0.647117
be60d882-b765-464a-ace6-b7626d117172,shot_noise,s3,5,0.521216,0.573171,0.947877
be772734-1933-44a1-88b2-86d635c38afb,gaussian_blur,s4,3,0.608082,0.736266,0.832181
be79ad5b-3a63-4623-89fc-80f042115666,fog,s4,4,0.569448,0.697640,0.818363
be8204e9-7d02-44f0-b6dc-a60808a80a2c,shot_noise,s5,3,0.322501,0.475007,0.511917
be83e27b-cbd5-44eb-8dc4-183e34cfa174,gaussian_blur,s4,3,0.648953,0.762808,0.889563
be83f70e-b0df-47f0-9908-283681ab8b38,fog,s4,5,0.468278,0.550286,0.832592
be8f56c1-f41f-4f94-a024-1d7b916c9d19,fog,s5,2,0.669109,0.801687,0.802102
be908125-13f1-4f5e-87ba-08fd76f33f79,shot_noise,s4,4,0.709334,0.817259,0.899420
be93437a-b65a-4d88-a0d4-43d49aba37d6,shot_noise,s5,5,0.712894,0.832377,0.832437
bea76ec6-2573-4a79-8476-1e361113236b,fog,s5,0,0.741462,0.850713,0.857075
beac3c1e-aaa5-44fc-84dc-d6151ba0cbcf,gaussian_blur,s5,5,0.666487,0.799559,0.801424
beb0a416-d0b4-49d2-af74-e4039afbd5e4,gaussian_blur,s4,0,0.263250,0.405533,0.435706
bebb7307-a384-40e8-afc6-6512f79fbbf4,clean,s4,5,0.450238,0.524097,0.824357
bec35ed9-679e-46dd-a500-c2bc4c314ec9,clean,s5,5,0.371095,0.510608,0.604050
becaefcd-58b1-4e09-9965-60b0943708e2,shot_noise,s4,2,0.519983,0.633035,0.823610
bede8322-7bb3-4b70-ae37-ed0c99e8bb4f,fog,s5,3,0.326372,0.469187,0.535345
bee4ea58-aa76-4a99-9dda-00c25f51f1df,fog,s4,3,0.732434,0.841057,0.873855
bf0328c6-ec9c-4e07-b02e-601333a18544,shot_noise,s4,2,0.542979,0.682613,0.770581
bf0e725e-91b3-4344-ae33-9c13268d8396,clean,s5,0,0.731297,0.842430,0.859814
bf1a2117-dade-4b3d-bc79-26f6741f6559,shot_noise,s4,3,0.853846,0.920199,0.933230
bf26aceb-2ad4-412b-ad43-984038e08bf1,shot_noise,s2,0,0.653443,0.740389,0.983051
bf6402a7-4dec-492a-bd6f-f4492dd2d6bc,fog,s5,4,0.450340,0.612563,0.642821
bf67ef8d-cf6a-4007-bb7b-aa3e4365c3bf,clean,s5,3,0.736033,0.847046,0.853845
bf6c7e1b-6611-4acf-94e9-9a54cf9c9746,fog,s4,0,0.747496,0.848255,0.903285
bf6f10e8-14ea-442c-81b1-61111cb5c8c5,gaussian_blur,s5,1,0.637161,0.774825,0.794128
bf7d06c0-d014-468a-9316-364f25f81d7f,shot_noise,s5,0,0.691090,0.816455,0.822107
bf897c1c-e3c6-4e94-9308-7a4b71576fde,gaussian_blur,s4,0,0.674343,0.785648,0.898120
bf8b6762-3333-45af-b4ea-cd4c22686e67,gaussian_blur,s4,0,0.738143,0.838645,0.915670
bf93e239-5b10-4ee7-bc64-2cc3d766f43e,clean,s5,3,0.666968,0.799206,0.805248
bfa0016b-60ef-485c-8ab0-9cfbce48cc5f,gaussian_blur,s4,4,0.642936,0.765219,0.856981
bfb2338b-7ec5-4191-a4df-9c5b3d61a150,clean,s1,5,0.479053,0.489303,0.958107
bfbda40c-ea9c-4d28-8125-f6642a746175,fog,s4,1,0.589395,0.721405,0.814362
bfbea634-80cd-4d36-8a3d-e1aacb2356d3,shot_noise,s4,1,0.735328,0.841386,0.885900
bfbfb43d-c592-49f2-a844-45c2b2531fd6,gaussian_blur,s5,2,0.749314,0.856692,0.856715
bfc0c477-e745-4375-90eb-fc0f30da1f05,gaussian_blur,s4,3,0.672265,0.786517,0.885995
bfc20444-be09-4150-bf7f-ac0ee430993b,gaussian_blur,s5,0,0.698576,0.820644,0.833131
bfd546d2-f64e-40a1-93b1-9c5c97897e17,shot_noise,s4,4,0.331811,0.479825,0.533774
bfdc42ff-7491-4ed0-80a2-863afa74ff27,gaussian_blur,s5,1,0.782230,0.877491,0.880420
bfe2048a-a803-4ef8-bad6-50111e30b030,fog,s4,1,0.281006,0.378478,0.535664
bfe747fe-248d-442e-980e-b210790201a0,clean,s5,2,0.840291,0.912784,0.918163
bfec611e-e618-45c9-92e7-b2bf4285ee3f,shot_noise,s5,1,0.542944,0.697264,0.725291
bfecfd23-d200-4030-956e-249743f6d462,shot_noise,s5,1,0.665797,0.799369,0.799392
bff2ccac-ccd7-4290-a277-015ab03a497a,fog,s5,4,0.605627,0.752594,0.761605
bff6dc1c-5922-475a-8d05-2bc0ab227cb3,gaussian_blur,s5,0,0.795438,0.885149,0.894053
c002e266-11cf-480f-ba7c-84b080c6e259,clean,s2,5,0.673396,0.763231,0.980505
c015a3d2-b4d3-47d4-9b58-6597257abe1f,shot_noise,s4,3,0.435068,0.582300,0.663886
c01ec85d-c096-4b8c-aee4-fdbf00f5d809,clean,s4,2,0.672250,0.791972,0.861856
c01f7d18-917e-4e98-9500-5c8afa749ba8,shot_noise,s3,4,0.476643,0.504757,0.929920
c035ef06-2f0c-4b5d-a2d2-38ea7f3781ac,gaussian_blur,s5,2,0.599027,0.745670,0.763277
c03d33bd-11cc-41fa-84df-405e2b4d7a7d,gaussian_blur,s4,0,0.489032,0.629360,0.731003
c03e0184-60cc-4fbd-b673-18969c0de642,clean,s3,0,0.740191,0.832938,0.957029
c049e68b-0502-4955-b920-ab34da9c0dc0,gaussian_blur,s4,5,0.513653,0.654443,0.748871
c050d352-b4cf-4f01-b5c4-eee6231fd553,fog,s4,4,0.547136,0.659734,0.847045
c05dfede-3a05-4c70-b376-ca79c93360a1,fog,s5,0,0.780535,0.874823,0.892075
c05f8f0e-b725-457c-aba4-e6495498df83,shot_noise,s2,2,0.567218,0.643046,0.950234
c0621301-8fd2-493a-bb33-2eee60e01243,shot_noise,s5,5,0.692510,0.818199,0.819003
c062174b-fad4-4dc5-9258-21c7b152d0f0,clean,s4,2,0.605594,0.740962,0.806059
c066a67a-5728-466c-8359-31f6388deba1,clean,s4,1,0.735190,0.845339,0.860639
c06b06c2-0b1e-4f2b-b61d-aed18b865d2e,clean,s4,4,0.738502,0.838957,0.915574
c06dc675-d9c4-49a4-b961-0464338659b4,fog,s4,3,0.590142,0.715259,0.837045
c06e9638-4d17-4462-b821-a1087a7fc723,shot_noise,s5,5,0.696997,0.817105,0.845191
c07cb5ba-4edf-461a-9a00-35227b6d7d99,shot_noise,s4,5,0.705750,0.817086,0.884402
c08681a1-3950-4e6c-afe3-c1a096073397,gaussian_blur,s5,2,0.765253,0.865698,0.876843
c09d7403-45a4-4e4d-b389-1334146f019c,gaussian_blur,s4,1,0.802666,0.888376,0.909851
c0ba0b63-69d4-4200-9d7b-00e0b62c2ad5,shot_noise,s5,1,0.624355,0.768268,0.770789
c0bb5f47-96ca-4cad-8a37-1958fc6c5ee9,gaussian_blur,s5,2,0.512986,0.677276,0.680697
c0c3208b-50ae-4ddb-8a4a-85bbec197cf5,shot_noise,s5,4,0.680098,0.807195,0.822032
c0d3e2c3-c2bd-4238-afc3-4d867e804ca8,gaussian_blur,s4,1,0.659583,0.769535,0.904843
c0d977b8-9058-4f66-9ed3-d91026b9bf1b,fog,s4,5,0.628426,0.766593,0.794216
c0dc6d10-c6ad-4dd3-8c7b-79fd558d4e72,fog,s5,4,0.465774,0.626933,0.658586
c10f02a9-64f4-4b50-b6d1-f6771f4f0c5b,gaussian_blur,s3,0,0.389106,0.503782,0.673973
c11649e7-05e3-470c-b80c-922718ef5604,gaussian_blur,s3,0,0.532998,0.644540,0.838356
c116b956-3fbc-4032-a321-c238825e8cb8,gaussian_blur,s4,5,0.831739,0.904353,0.947745
c117efe6-2f9d-4089-9d95-3bafb8c8d25f,clean,s5,0,0.642701,0.778307,0.801376
c127aaa5-ca0d-4b5b-9827-46b82d4c69df,gaussian_blur,s5,3,0.730178,0.842547,0.853596
c1385971-3eb2-4194-8961-615e055fe75a,shot_noise,s4,3,0.637125,0.744239,0.911701
c14b1bd3-546b-48eb-8404-b42dd195e85b,fog,s3,3,0.498132,0.575046,0.876693
c14f9368-f960-49ef-9d9d-174e0c22fccf,gaussian_blur,s5,4,0.603539,0.748424,0.769989
c157c3bb-6757-41b6-b7e9-b1ae159418b9,shot_noise,s4,5,0.485249,0.643094,0.682368
c1632ffe-2396-47de-a9c5-f727d3f2b014,fog,s3,2,0.612107,0.725529,0.882747
c16e8631-9ac4-4eb9-a684-b4628b422793,fog,s5,1,0.585913,0.730938,0.768477
c179a463-bf67-4f40-86e0-3ef2e896b668,fog,s4,2,0.225471,0.361326,0.378384
c17b344e-1ffe-4acf-8ab4-5d50bb224b62,clean,s5,2,0.739471,0.849989,0.851797
c19d11eb-6c26-4bf7-8f83-f6823f36b43a,gaussian_blur,s4,3,0.461675,0.628457,0.640453
c1a2381d-6abc-4b2d-a6f5-39ef78af7965,fog,s4,3,0.514091,0.622817,0.828228
c1a91bb1-0239-4385-ac0b-4fb5bc48611f,gaussian_blur,s4,1,0.615797,0.752982,0.799622
c1b4f744-f7d1-4351-9f6d-defaa4b80209,shot_noise,s5,5,0.496571,0.635969,0.739547
c1beba08-58f3-4a63-9ca3-4d4f41155883,clean,s3,0,0.582988,0.697062,0.866971
c1c0e48f-45c1-4767-9b9f-789f3dd8a3af,clean,s4,3,0.697524,0.809511,0.886400
c1c8c430-41ff-49e4-bf6c-5a724d3d8aca,clean,s3,1,0.539156,0.614429,0.924042
c1cab4eb-fa50-47c4-bae3-5433ba03f77b,fog,s5,0,0.385109,0.475522,0.709648
c1cd3375-686e-449b-b507-7650bb9d6eca,shot_noise,s4,0,0.329615,0.475593,0.534347
c1cf93a9-cb73-4d10-95ce-48c439aeab6d,shot_noise,s5,2,0.456581,0.626867,0.627067
c1e2f765-acf4-4499-82d8-19efec1964ef,clean,s3,5,0.555249,0.675414,0.833008
c1e3e0df-ba96-483d-bd52-6366c520f184,fog,s5,2,0.641763,0.780474,0.787823
c1e68b97-8e55-4bfb-a52f-47fba25bbe32,clean,s3,3,0.630434,0.726378,0.944939
c1f73874-4ac6-468e-8ffa-ede50b0c6d2b,fog,s4,2,0.446911,0.587929,0.690102
c2147cc3-8dba-4e00-90b3-7725c3e38a2a,shot_noise,s4,5,0.312150,0.459184,0.506478
c222f06f-b004-42d1-bfe6-942185de3767,fog,s4,0,0.536711,0.695653,0.707936
c2276a35-023c-4d5b-9573-bd5a7bbf0fe2,shot_noise,s4,3,0.726418,0.834216,0.885660
c2412428-9967-407d-916a-c89d3846419b,fog,s5,0,0.469447,0.630166,0.662677
c24262fd-ea23-41b7-a4b7-0486f6eee118,fog,s2,3,0.555279,0.641365,0.916747
c2491ec7-2810-4c5a-9b50-11b19f6c505b,fog,s4,5,0.489305,0.648487,0.681573
c25df23d-97a7-498c-be3b-c168fa750692,clean,s4,1,0.663238,0.781316,0.871653
c27dd6c8-d119-41de-8ba2-c83aa8b80aa0,shot_noise,s5,5,0.400234,0.548672,0.622616
c2883e80-2780-496b-a097-3bb31ab17636,gaussian_blur,s5,5,0.417898,0.543615,0.689915
c2899878-6d91-4b43-a6bd-054dd11432f5,clean,s4,5,0.749171,0.851504,0.890928
c28fa92e-8729-4183-ab3b-f485da60101d,gaussian_blur,s5,1,0.580440,0.733228,0.739410
c2a25b2c-3612-4eee-83cf-5730dd8372b1,gaussian_blur,s3,1,0.552261,0.645834,0.897129
c2a2ea10-be25-43f2-b077-71dbac33fbf4,clean,s5,4,0.227735,0.358697,0.390144
c2a68a3a-02fa-476f-b5ec-7e2374a48eb7,clean,s4,1,0.427731,0.582075,0.640096
c2ac3745-4bd3-48f5-9caf-876870dd5cea,gaussian_blur,s4,1,0.828603,0.901836,0.951430
c2b1a6b4-53e8-4e88-8a2a-37abc50bd292,fog,s5,0,0.798631,0.888000,0.888423
c2c9417b-2163-4312-a0f1-f43f7147b3f7,clean,s5,1,0.329545,0.405697,0.647213
c2e49740-7b04-42e9-905f-a13dac1427e1,clean,s5,3,0.602085,0.751469,0.752261
c2e7ef97-f8c6-4d2c-a656-1772ede349d2,fog,s3,5,0.545426,0.658133,0.845461
c2ecc03f-9d53-4dec-96b3-e3697a539fd1,fog,s4,2,0.482714,0.610109,0.756312
c30ad1dc-d074-49f2-b3e7-847d7b9ab517,fog,s5,2,0.422295,0.588335,0.607152
c30d4f63-240a-47b2-99c5-c9b25500c50d,shot_noise,s4,2,0.604757,0.745457,0.786112
c31a0ecc-b491-4315-a049-1780ef0bd6ff,clean,s5,3,0.443053,0.584855,0.684372
c31a8c90-622f-4a9b-817a-4b0d446db983,gaussian_blur,s4,4,0.644872,0.765640,0.862865
c3204ad3-0cea-49bf-8998-8f85e3716de7,clean,s4,4,0.633716,0.762883,0.830260
c32bab24-f547-49ad-a0ec-cb284712c083,shot_noise,s4,2,0.623680,0.761297,0.797275
c33c0310-44d4-444e-bc8d-7e3c99de2c04,gaussian_blur,s4,3,0.255199,0.341343,0.505744
c33cb021-6e2b-4729-a09e-25a1410bd352,clean,s4,0,0.505435,0.649745,0.733536
c341d230-a7cd-4ed1-a49c-d960c9be4aa6,clean,s4,1,0.616857,0.739704,0.852657
c3552fa9-7184-4bb8-8eca-f6c9f149b225,fog,s4,0,0.288600,0.397306,0.531920
c35f408f-2356-4d32-bf73-d143ede7a0be,clean,s5,2,0.316562,0.432860,0.565584
c369bc18-99b3-4311-97a3-8fb0c8c701f8,gaussian_blur,s5,3,0.274327,0.387556,0.500735
c3750786-f1f5-40d3-8958-faaa1d8db7ce,shot_noise,s4,4,0.735162,0.836767,0.912325
c377c78c-6f02-4968-881e-28cc47a77324,fog,s5,2,0.584987,0.732381,0.759753
c3786552-80f7-403b-9218-3916f33c7090,clean,s3,1,0.464093,0.481378,0.928186
c3949dd5-889f-4e5a-bd20-5d9bc7efd3fa,gaussian_blur,s2,2,0.665442,0.760532,0.960246
c397a8b4-d4b8-4a15-a330-ab98ff0ba068,fog,s5,4,0.492852,0.659735,0.661892
c3996525-6e17-46ae-9dc3-767f4041bcb6,gaussian_blur,s4,0,0.640483,0.760020,0.867630
c3b74c8e-1f23-4edc-9043-303cd3c53b7e,shot_noise,s4,5,0.393283,0.468391,0.745408
c3c46891-a4c6-482d-a969-bcb421f5562e,gaussian_blur,s3,3,0.483249,0.560194,0.859460
c3cfa8b3-6271-4633-9bae-45bdb921c6ac,fog,s4,4,0.460637,0.595812,0.717135
c3d0895e-2f17-421f-926d-0e26807be251,clean,s4,3,0.556622,0.650734,0.899646
c3d5de70-2b36-42ec-b343-e9eee95171ef,clean,s4,5,0.651235,0.780325,0.827299
c3e6a86e-8ffd-47b2-8925-e6ebec7952ab,shot_noise,s4,0,0.790245,0.877493,0.926437
c3ecf65d-7a3b-4c0f-b5f1-45fe48757119,shot_noise,s2,5,0.488835,0.494354,0.977669
c3f70871-139f-40cf-9dad-a9b44e54c42c,fog,s4,3,0.705421,0.824195,0.844757
c3f88def-5514-4137-8c9f-5b05abb9d3be,gaussian_blur,s4,2,0.822953,0.898838,0.942832
c40e26a1-e49b-4f38-9fd4-f273067dd57c,gaussian_blur,s4,2,0.378274,0.539439,0.569475
c41b8426-6daf-488d-984c-dedb271228c6,gaussian_blur,s5,3,0.401386,0.563097,0.595145
c41c1fd4-7596-48af-8cae-22d5e714c0fc,clean,s5,1,0.384807,0.545060,0.579264
c4258f28-f7e8-4798-9d1a-2ba2c7c5a4b2,shot_noise,s4,3,0.486530,0.593131,0.805628
c42dd0aa-76a3-4859-91e0-383dba86bdf8,shot_noise,s4,0,0.767515,0.863826,0.902556
c436ce8d-6dbf-4d84-a89a-399e1ae56b96,clean,s5,0,0.732887,0.845581,0.847644
c43e48af-1239-4086-964f-249eae0fa13a,fog,s5,2,0.734104,0.846412,0.848325
c4402ae5-c583-4ef0-b8bc-6b3ed28930dd,shot_noise,s4,4,0.755316,0.857292,0.883813
c461f18c-27f2-4aec-b457-0d2f63614cae,fog,s4,4,0.426183,0.556272,0.690919
c46c1c5d-7453-409f-ac70-8748e2441fd2,shot_noise,s5,0,0.610287,0.757800,0.758752
c472996d-3cca-4c88-908c-3b3cbca29082,clean,s4,2,0.498004,0.655108,0.693253
c48062cd-b0d6-4f7f-a2b6-29954ee641b7,clean,s4,3,0.714165,0.828445,0.861264
c49d8995-6cc3-437f-926d-31d258ad7593,gaussian_blur,s2,5,0.466372,0.482601,0.932745
c4b51326-6153-4833-974b-9228d061c33d,fog,s5,0,0.672136,0.797381,0.836222
c4b6a977-0699-45be-8608-bef41194f1ad,fog,s5,0,0.541804,0.701941,0.705760
c4e3ea09-2636-452b-8f89-22aa7b298ed3,clean,s4,4,0.494324,0.654076,0.683360
c4e75ff9-db4a-403e-93b4-5da3db0486d4,gaussian_blur,s3,3,0.510920,0.642173,0.771688
c4edd074-bacf-4f78-b439-7eb095cb756f,shot_noise,s4,5,0.696267,0.810072,0.878168
c4f0bb7f-8510-4ce3-a43f-568e81721624,clean,s4,5,0.315795,0.462239,0.513045
c4f5f046-dce5-4c5b-aeab-be5f12e2920e,shot_noise,s4,3,0.602796,0.716937,0.876691
c4f6380d-97de-4f72-843a-202988fd50dc,shot_noise,s3,4,0.645372,0.748795,0.926480
c4fdfc98-1375-4e6f-b24b-6b80405a0141,clean,s5,4,0.566040,0.712242,0.759909
c50dbc20-7109-4a3c-ae61-0fe15d8c7b70,clean,s5,3,0.710184,0.830533,0.830549
c5202d37-de32-4347-8c9b-4c42e4f859ae,fog,s5,0,0.316562,0.432860,0.565584
c52472e7-3007-4030-b6cc-a1e6e1e34c10,gaussian_blur,s4,2,0.756227,0.853462,0.913964
c53c0fce-eddb-4aab-bc85-dfee447a4486,fog,s2,3,0.658414,0.749759,0.970937
c53c3280-81e8-4bef-9d5b-b791aa583da1,clean,s5,1,0.755783,0.860481,0.863957
c54372b8-d3a7-49e2-b1a3-9aa3a2ed9ad7,fog,s4,0,0.720776,0.824805,0.911528
c55a2d5d-fe3a-4330-b2bd-a66a900b1560,fog,s5,2,0.586848,0.735724,0.754459
c55ef37a-77de-4960-afd9-fe9b62b5a399,shot_noise,s5,5,0.764898,0.866751,0.867083
c564a104-bafe-4a0d-846f-812cdb6a9e4e,fog,s4,0,0.500352,0.653388,0.706192
c570e98c-02d9-46d9-b14a-d70bcbdbfb0a,fog,s5,0,0.419689,0.576965,0.624987
c5743776-47e3-4aba-a19a-8c0ad2c8e936,shot_noise,s5,0,0.664156,0.797429,0.801947
c57ef5d6-89eb-4907-8648-6d378e322331,shot_noise,s4,1,0.699211,0.812885,0.876949
c582cbf1-8aa5-4ad4-9af5-545ea1810a34,clean,s5,4,0.408661,0.577286,0.587136
c584dfc1-0ae3-4a5f-b0d2-710b37ea7526,shot_noise,s2,0,0.522592,0.598274,0.905943
c58951c1-af11-4865-8992-9e12a357105c,fog,s4,4,0.763869,0.859850,0.910927
c59df8db-32a9-44ba-9616-5bd7e9946ed0,clean,s4,5,0.790055,0.876580,0.932432
c5af3880-fddb-4cb8-a5d9-b84917708304,fog,s1,3,0.446539,0.471760,0.893077
c5b7f143-77d0-4cde-8055-0a9ad297c6be,fog,s5,0,0.626720,0.745967,0.867232
c5bdeae4-b1ff-4f0b-880b-0a381b18d916,fog,s4,4,0.657541,0.780389,0.852607
c5c36b2f-b9d1-42be-a029-d92e538cb876,shot_noise,s4,3,0.648125,0.759207,0.899845
c5c80f2b-9f77-47b0-b7a9-ca7bb6986d7a,shot_noise,s5,0,0.668754,0.798163,0.818040
c5e67cbb-ccee-4965-8e46-57d04d9b4435,fog,s5,2,0.577227,0.731940,0.731995
c5fbf186-d0cb-4448-bd69-0bec5f9a7ad8,fog,s4,2,0.828603,0.901836,0.951430
c603024c-31ec-47a0-bd83-132290fdfa25,clean,s5,1,0.638214,0.772031,0.810425
c6043ca8-a8f6-499a-8716-0cdce42d6db9,shot_noise,s5,5,0.560716,0.718400,0.719024
c60552cb-541c-429b-9f58-9dc237e79407,shot_noise,s4,0,0.367315,0.518498,0.576286
c614e181-de47-4274-bba9-8fe07519f4b7,gaussian_blur,s4,5,0.551756,0.689761,0.780041
c61ceb32-ebde-47f4-92b1-fc8a177c0dd4,shot_noise,s5,0,0.597593,0.736734,0.791355
c61ddaa2-9569-48db-86a2-e9fcecae47cf,gaussian_blur,s5,3,0.636531,0.773355,0.797968
c62f8d55-5648-4990-a956-13269bc7eb24,shot_noise,s5,0,0.624311,0.768454,0.769808
c636eabb-351d-4162-82cb-2e34b8401955,gaussian_blur,s4,5,0.507467,0.650518,0.738375
c638966a-bc38-44ec-a7a5-02491a2c513c,clean,s2,5,0.617515,0.709139,0.950555
c64a2e92-78f2-4a6f-ba63-27b38d9bdacf,gaussian_blur,s5,1,0.666483,0.799013,0.804123
c6552ad5-ad7b-4485-9483-5bdf9b07ba1d,gaussian_blur,s5,2,0.856562,0.922250,0.929045
c66bf97e-1b74-4940-af73-08e0542a4abb,shot_noise,s4,0,0.679460,0.804948,0.830635
c66f0a1e-d42c-4317-8315-5cfda9b34709,gaussian_blur,s4,0,0.731684,0.833490,0.914507
c6746e55-dd18-430f-a9e6-84c61459e001,shot_noise,s5,4,0.727590,0.842283,0.842539
c6902e14-ef65-49e1-926a-2e9d258e3623,fog,s5,5,0.577670,0.727888,0.748551
c6934389-27e0-4858-8ea6-328cb28c1c5d,clean,s3,5,0.612010,0.734282,0.853514
c6937e4c-191a-4b5b-99fe-83c1524907a6,shot_noise,s5,2,0.641069,0.779746,0.788256
c694d5d0-0b46-4d78-8d9d-9308636b5eb0,gaussian_blur,s4,4,0.831537,0.904099,0.948923
c69a2484-1442-4723-b0d7-eccf587b537a,shot_noise,s5,4,0.710869,0.829836,0.837865
c6abe071-2fc2-44c2-90a2-765c995639ba,clean,s4,1,0.513162,0.627947,0.813507
c6b074c1-e165-4566-a8b3-0f60e69e1694,clean,s5,4,0.385109,0.475522,0.709648
c6b2b65d-f88b-4e8e-974c-f0a202aefa5c,clean,s5,5,0.716812,0.832188,0.852101
c6c78626-5a4a-4826-89c3-2638d964e33a,shot_noise,s4,4,0.678389,0.796947,0.864691
c6c8fdb9-025d-49c2-90a2-9517fbc148a7,clean,s4,4,0.530065,0.654704,0.803387
c6d917cb-07f8-49a7-b24a-9e2a24010c35,shot_noise,s4,5,0.523252,0.666533,0.748453
c6d9327e-c529-4013-a48b-33b62b5114d1,clean,s3,5,0.621652,0.731492,0.897776
c6e4a3c5-c113-4f7f-9345-7581265bdf95,gaussian_blur,s3,5,0.126858,0.222660,0.228363
c6f063cc-7cc1-4879-863f-b36396adf8d2,clean,s4,0,0.683696,0.802489,0.860987
c6f1b358-3695-4fed-90aa-3c1ae9e1df8d,clean,s4,1,0.433366,0.466997,0.863003
c7047118-2e32-41d0-9eee-689c404121a8,clean,s5,0,0.342115,0.469211,0.586313
c709af8c-7ce1-4c6d-b475-1ad104ca93a1,fog,s4,1,0.604347,0.731753,0.834036
c70b1231-0783-4ff2-a769-3aba7aacd8c3,clean,s4,3,0.873206,0.931296,0.947093
c70ba815-b16a-4719-bfff-b7d9196d9abf,gaussian_blur,s3,3,0.692760,0.786355,0.968945
c70f6561-e393-4baf-9f22-37f3b54927e3,fog,s3,5,0.615624,0.701905,0.963981
c711f456-3916-4d62-b107-ffe8974c8158,shot_noise,s4,3,0.345968,0.512997,0.516304
c713760f-4fbc-4910-ad94-0a86cc9ef8eb,fog,s2,0,0.501814,0.550576,0.930171
c71fb83c-3289-480a-b7f0-490c2ca5d586,fog,s5,0,0.514205,0.674963,0.692133
c722d638-abd6-4396-bdd0-c770d95cd119,fog,s3,0,0.467687,0.483304,0.935373
c72c331f-b08c-4f24-96cb-9150bae891de,clean,s4,5,0.702684,0.813743,0.887883
c72eee59-49cc-4131-ad4e-01e08be54431,fog,s3,3,0.651162,0.760448,0.906800
c732027c-8574-476e-90b5-18dbc274543f,gaussian_blur,s3,3,0.546547,0.641006,0.890059
c74beb46-be33-4e8e-9ea2-81c22fd3a07e,gaussian_blur,s5,4,0.817685,0.899564,0.901045
c74dc639-a48e-447b-a7d1-62e4653c1e40,clean,s4,5,0.610263,0.716215,0.905093
c75c98b8-5da2-4210-9ddc-ebd16acb2ed4,gaussian_blur,s5,5,0.453000,0.610413,0.657227
c768afbc-dd8f-4346-8359-165eb6470ecb,shot_noise,s5,2,0.713400,0.831931,0.837488
c76a0d6c-9bd9-4441-a0dc-28cc30a8585d,fog,s5,3,0.463567,0.607207,0.700352
c77052b0-e43d-41fc-bd2a-e578c814bb78,shot_noise,s5,2,0.727164,0.839834,0.855753
c7721f2b-27df-4985-974f-8d41029fae2d,clean,s5,5,0.549281,0.708168,0.712197
c774e69f-b4e1-4a29-b42a-4a4d0941bd21,gaussian_blur,s4,5,0.436612,0.607528,0.608619
c7a0927b-deb1-46c4-8f08-4290859ac54e,shot_noise,s4,3,0.835816,0.908784,0.930112
c7ae8455-8909-415b-952b-0601319417e6,gaussian_blur,s5,2,0.629183,0.770640,0.780021
c7b019ef-debc-47b7-91f4-58c0abec4b99,gaussian_blur,s4,3,0.482430,0.634567,0.695459
c7b2a06d-fc74-482e-8a6b-1c90804938b9,fog,s4,1,0.345515,0.493929,0.552409
c7baf44e-78aa-450f-be1c-62ec54010a95,clean,s4,2,0.747496,0.848255,0.903285
c7c3e924-ab57-491a-b69f-714db5c76bac,clean,s5,3,0.667132,0.798937,0.807285
c7d4c03c-81db-4b92-a52f-cb6e714c3643,shot_noise,s4,4,0.357797,0.519448,0.542795
c7e2f1c2-c553-45fb-9e88-94df984c9051,fog,s5,4,0.373021,0.486139,0.654709
c7e7a4bd-5c40-49c8-be56-5937b88d0243,fog,s5,3,0.497599,0.664462,0.664727
c7ea7bf6-1c54-42e6-9e3c-d58607af7618,gaussian_blur,s4,5,0.658059,0.781312,0.850741
c7f000fb-ff7c-4b23-8f9d-5b9d58f72ca7,gaussian_blur,s5,5,0.464088,0.633726,0.634605
c7f77ba4-5340-49d0-8fa2-200d57eaadeb,gaussian_blur,s5,4,0.500515,0.666280,0.669653
c7fbdfa6-5edd-4097-8184-ef3486d2777d,shot_noise,s4,0,0.544853,0.680977,0.781867
c8029a1f-1373-4638-b105-8ae48e7a61ad,fog,s4,3,0.481061,0.552648,0.866379
c80ab96a-0f4c-4abe-8db5-fc6513696ba9,shot_noise,s4,2,0.834711,0.905968,0.951830
c80d956e-c37f-4ee2-8ddc-e8ef7af11809,gaussian_blur,s5,2,0.758914,0.862115,0.868880
c81dea63-5ee8-4633-9086-0c04f9a6a788,shot_noise,s4,3,0.401467,0.473520,0.761733
c82931d1-7bde-4dd6-a6e8-926f8315a383,fog,s5,4,0.556603,0.704000,0.752821
c839a09a-dfc2-4e6c-8421-b0cf7a543ad8,fog,s5,4,0.590349,0.739614,0.753172
c83b52ea-e173-4a57-82ba-3f0dc5995182,clean,s5,5,0.779980,0.876072,0.878976
c84da634-56e7-48c0-8cac-9ad3e07199da,gaussian_blur,s5,5,0.687597,0.814876,0.814919
c857b71c-1596-4fd4-b9a0-17378448eac7,gaussian_blur,s3,3,0.664832,0.774834,0.904571
c8690ce7-d89e-4d89-9f4d-c05813b6c1e1,fog,s2,2,0.621956,0.707477,0.970132
c869614c-b392-4ab4-bf77-7aae87f5915a,clean,s4,4,0.718602,0.829209,0.877568
c86a0e29-1006-4e12-bc68-8eeb0269bf67,fog,s5,0,0.629589,0.767937,0.793205
c86f7c91-f90e-4c71-a9f8-368c1964908a,fog,s2,5,0.422041,0.457966,0.843749
c876d194-afc6-46c7-b179-7069406fb0f6,shot_noise,s5,2,0.631728,0.774289,0.774379
c877846f-1868-41f9-b059-a23704469d65,clean,s3,0,0.559208,0.669810,0.861117
c87b76c1-96f2-42a6-846c-a9942aae5fa4,clean,s4,3,0.522151,0.654282,0.778016
c87c7007-9f13-462e-9bd1-16dda59b9ee5,gaussian_blur,s4,0,0.735190,0.845339,0.860639
c87c8793-8fee-430c-91ac-19cc37e557e3,gaussian_blur,s5,0,0.803969,0.890998,0.894411
c8877006-6a00-486d-ad34-630dfaa95820,shot_noise,s2,4,0.489101,0.494491,0.978203
c89eb311-1a81-42aa-bcd1-1bbd4803a4d0,shot_noise,s5,1,0.394038,0.554961,0.588592
c8a1ff02-22d1-476a-a4ed-0d4f283f7f89,shot_noise,s4,3,0.269838,0.413128,0.445218
c8b14cbf-8a47-4da4-8ddb-bf9c4f2b6120,fog,s5,2,0.594706,0.736859,0.780016
c8b4c687-f141-4a98-89d1-8705a23b8967,gaussian_blur,s3,2,0.636153,0.744380,0.907659
c8b6e591-2209-4c74-ad43-e96ad58f1423,fog,s3,0,0.486265,0.617817,0.749922
c8b7f604-20f1-45d9-a08e-91d00e44bf8e,gaussian_blur,s5,5,0.499205,0.663579,0.673036
c8b91ac1-ff49-4e24-acde-ee586dad3227,fog,s4,2,0.607711,0.739136,0.820624
c8b96be5-5d3f-4bb8-953f-f08472a05221,gaussian_blur,s5,2,0.394768,0.554144,0.592818
c8bfb2ca-ef92-49eb-acb5-cab29be71a47,shot_noise,s5,3,0.595846,0.735104,0.790693
c8c10393-33d0-4718-99c4-ff275012fbf3,gaussian_blur,s3,5,0.251102,0.384686,0.428588
c8c979a9-cd13-4ea5-bb85-153f0e5ecb02,gaussian_blur,s5,4,0.378818,0.547236,0.554443
c8cc7ffe-d536-4dc1-9154-159d37611509,fog,s4,2,0.520289,0.666637,0.737928
c8ccf5f6-0c8c-4172-a768-75ba72461834,shot_noise,s5,3,0.607715,0.755732,0.757088
c8ce7ef7-3e01-4729-b08a-40b19f6e48b4,shot_noise,s5,5,0.608330,0.751098,0.778076
c8ceb5d0-2254-4253-8065-a9e117175540,shot_noise,s5,2,0.638716,0.773628,0.805616
c8e42d34-3f6b-4c0e-8e13-be630749b1f2,clean,s3,2,0.651659,0.739715,0.978816
c8f438d6-a219-4d7a-b7e3-e8413b94a81c,clean,s5,0,0.396942,0.535820,0.638278
c9223f50-d407-417d-919c-f09a76af1f67,clean,s4,2,0.730457,0.842192,0.857189
c9249f82-4fa8-4707-af93-f610da769e07,shot_noise,s3,4,0.415975,0.540917,0.689115
c92ae796-0fcc-46cf-8912-a1519b2cd063,shot_noise,s5,1,0.675463,0.803809,0.818997
c92c058b-e984-4e3f-95c2-a0bc9e3a9bdb,gaussian_blur,s5,0,0.655914,0.792079,0.792827
c934dfe4-3794-4db5-95a2-969b8cbb8deb,clean,s4,0,0.724087,0.827381,0.912871
c9385d4a-c096-44e9-813b-18064a3e7c84,clean,s5,4,0.749539,0.856156,0.861605
c93955cd-adcb-4de7-9821-700bf97100b3,clean,s5,4,0.623224,0.765325,0.778790
c94907e9-2632-40a6-a6d5-f8ebb0dac7f1,fog,s4,0,0.718707,0.821397,0.919970
c95fea48-e0bd-4dae-9b7d-7227d0ef51b5,fog,s5,5,0.739790,0.847572,0.869227
c963b8db-3bd5-4a19-a72a-3530b4ae32d3,clean,s5,0,0.809027,0.893664,0.901670
c971e39c-8380-4dfd-9bcb-1b183fa3b20a,shot_noise,s3,5,0.557075,0.641354,0.922390
c987254b-dac9-40ef-9bcd-a01d365a535a,shot_noise,s3,4,0.540263,0.661354,0.820128
c98bd856-bbb5-4ca1-823f-80f6fd7b14db,fog,s5,1,0.519169,0.669798,0.724960
c99f8501-18ac-4a01-86b1-aaa7366a4fff,clean,s5,5,0.291559,0.375216,0.573556
c9a43a26-1143-4811-afbf-11e5ee957fbe,gaussian_blur,s5,0,0.638214,0.772031,0.810425
c9a7d45f-3eb4-4745-997f-9a174e5b396f,fog,s4,4,0.566083,0.715037,0.750619
c9b34556-509f-43f4-a84c-9fe8000edd2e,clean,s5,4,0.638214,0.772031,0.810425
c9b34b49-d4f5-4f52-8cb1-784a317c5a94,shot_noise,s4,3,0.742411,0.842742,0.912090
c9bad328-da14-428a-97f0-9af44aaf4fb0,shot_noise,s4,5,0.400259,0.538997,0.642616
c9bca5b2-8469-4e64-b5d9-d8198942eb9c,shot_noise,s4,4,0.654296,0.777582,0.851473
c9bd8840-1295-4ad7-88f1-1ef554ef94a6,clean,s5,0,0.700018,0.823487,0.823856
c9cae7bc-c5fe-4705-ad4c-52eea85adc93,gaussian_blur,s3,1,0.293817,0.430904,0.495098
c9cbf8c3-a620-4b3b-af47-0db8b88f9e87,clean,s5,1,0.723178,0.836151,0.858902
c9d11bf2-386a-4f1d-a788-6352569e70b7,shot_noise,s5,1,0.675598,0.806343,0.806672
c9e6c624-bd6a-4c8c-9c23-11101f3dad92,gaussian_blur,s4,1,0.735189,0.841179,0.886482
c9e74561-bce5-495c-9b26-f783dde1991f,clean,s5,0,0.425368,0.552187,0.696598
c9ef6dbf-b66b-4cbb-9438-1aca1e6ae83e,clean,s4,0,0.794296,0.879521,0.933794
c9f7165f-a6b3-4e1d-8883-a8c829c69519,shot_noise,s1,5,0.363760,0.425673,0.721153
c9fb5e65-8d52-40c3-a0b3-31c70a528422,fog,s4,5,0.675611,0.797861,0.848677
ca0d177a-4eec-4516-b52f-cc2c1062d597,shot_noise,s4,5,0.732273,0.836801,0.898432
ca21d732-a6ab-4a11-9c4c-3d457d5c9f39,fog,s4,0,0.814871,0.893771,0.937744
ca3adeca-32af-4185-ac1b-ba6c1a3a6cf8,clean,s4,2,0.428578,0.593747,0.615413
ca3bc165-1a9a-4524-8b46-141acad0d8f0,clean,s4,1,0.737602,0.840575,0.901760
ca492e29-19f8-4e28-a9c7-32e81baadee6,fog,s4,0,0.626605,0.759942,0.814197
ca4eed75-0e04-41d1-86c4-2943859b075a,gaussian_blur,s4,0,0.720776,0.824805,0.911528
ca6b7792-b0c7-4d5a-bfae-16d3746f2398,clean,s4,1,0.825876,0.901335,0.938085
ca6c9dca-6b08-4a1b-ac0b-b9bc03f123bc,shot_noise,s4,2,0.482146,0.645909,0.663867
ca6de165-35f4-4f93-baa4-c1403c9f668e,clean,s5,2,0.331164,0.479681,0.531909
ca8b3b1a-57c0-47e4-9297-2b43f4e2446f,shot_noise,s5,2,0.455025,0.624248,0.628661
ca8e9537-19c0-4a71-a2a2-f434b0aa4461,gaussian_blur,s4,4,0.262187,0.405712,0.431835
ca907ccd-aa6e-425a-84fe-d284bc71a0b8,fog,s4,3,0.427814,0.582215,0.640048
caa09e83-fcbc-464f-8670-ddc9bfe99b4d,clean,s3,5,0.604823,0.702246,0.926752
cab7065c-48b7-4bb7-b56b-a64f4ff57d56,clean,s5,3,0.599071,0.739155,0.788066
cac13aab-cfc1-48fb-a60c-8ba736b20683,gaussian_blur,s5,3,0.696151,0.818863,0.831883
cacdf464-a342-4a08-822e-279efd70cf4c,gaussian_blur,s3,0,0.630434,0.726378,0.944939
caddb5ad-fa3e-4c5f-b80a-9c10d7c71136,shot_noise,s3,1,0.735388,0.831951,0.940163
cae2691c-b0d3-48cf-afd8-92d7221ef268,clean,s5,5,0.312128,0.453799,0.515963
cae86050-b421-482c-9f1a-8f6cf0c48ce8,fog,s3,5,0.685270,0.786201,0.939749
cae9e35c-f5ea-4193-98bd-4e9fe5b37281,shot_noise,s5,1,0.726820,0.841212,0.845516
cb0a3db0-3a99-4d31-8208-4fc9ad014084,clean,s5,1,0.316562,0.432860,0.565584
cb1784ad-2c12-4da7-b458-0c62a684c4d8,clean,s2,1,0.477539,0.488511,0.955077
cb17d6e5-cfe1-4875-9eb2-03cb1fdc59fe,clean,s4,3,0.400618,0.486303,0.738997
cb1c70c6-c7ae-4cb9-9494-8fdc3dcab6f1,gaussian_blur,s5,4,0.376836,0.515554,0.613118
cb21c9dc-0c76-47c1-8144-bc0f1c964db8,shot_noise,s5,3,0.474717,0.643555,0.644517
cb276d9a-0190-4de3-84aa-ca32141a0b3d,fog,s5,4,0.779418,0.874502,0.888264
cb2b3668-66c5-43ee-8196-f276e53c0d22,clean,s3,1,0.608742,0.729162,0.858811
cb3234c1-0496-4564-b80d-6532c3ad9b5d,shot_noise,s4,0,0.734201,0.839402,0.892368
cb3b2a55-f895-4986-bca4-a3dded4e6cbe,clean,s5,1,0.774753,0.872940,0.874208
cb41c938-4d4f-4d58-84bc-068e2c15f7ab,gaussian_blur,s4,4,0.612208,0.729713,0.869541
cb42ab98-c0e8-4607-8ef2-ebf358c6f5ea,shot_noise,s5,0,0.615330,0.756226,0.784987
cb48e10f-5bed-4f65-a0f4-f9b9497549c5,gaussian_blur,s5,0,0.496257,0.658024,0.678848
cb4d6985-c59c-4e7b-a49a-7751d5ae64a2,gaussian_blur,s4,4,0.750410,0.849901,0.907441
cb5215e0-f9f3-4cf8-9f7c-dd4088d55ee8,fog,s5,4,0.307212,0.469017,0.471928
cb5cc553-39b9-4f63-b345-fb771dedb2b3,clean,s4,0,0.847349,0.916034,0.933248
cb65cb1e-6e4d-430f-a78b-3ad1400b64c8,gaussian_blur,s5,3,0.487263,0.640544,0.696154
cb6d011c-1c71-4555-b09c-60be4b609bde,clean,s5,2,0.506000,0.666450,0.688555
cb6f2bd8-6fa0-4316-903b-a65b12708b56,gaussian_blur,s4,1,0.705131,0.815695,0.888784
cb73acbe-0689-4865-af74-b86081a27285,shot_noise,s4,4,0.615723,0.735556,0.862781
cb7d41f3-ccf9-4959-9bd6-97593574a9b1,gaussian_blur,s4,5,0.549165,0.698841,0.742657
cb8b74da-51f7-4021-aa74-d8f153a3b549,clean,s5,4,0.712812,0.824923,0.874633
cb8f62c4-56e0-43a2-a48f-dc02b984286e,clean,s4,5,0.611940,0.751693,0.789730
cba66c58-bf4e-4b08-8fe7-965b3ddda6d0,fog,s4,5,0.795295,0.883752,0.905120
cbad18d9-3e9d-495c-bb3d-b69591418f57,shot_noise,s4,2,0.680107,0.794832,0.881580
cbb61768-e680-47d9-b97d-0c67cd4a486f,gaussian_blur,s2,1,0.653090,0.745123,0.966784
cbbf7942-dc04-43c8-8989-36de8c4c2b3d,gaussian_blur,s5,4,0.329411,0.438309,0.597526
cbc21c3e-1d84-4dd4-b430-f5b8423a1f9e,clean,s5,5,0.562855,0.705014,0.772080
cbdd08d9-19da-4f83-8fff-7c910be29694,gaussian_blur,s4,4,0.627067,0.764782,0.796353
cbdded01-d2d3-4e8d-a683-50ec39053e45,shot_noise,s4,0,0.630213,0.748638,0.870751
cbe273d4-ce64-4fc0-8570-611e178fd898,gaussian_blur,s4,1,0.571860,0.713917,0.775525
cbe56e62-73a3-4a7a-9682-6c192c3ccf78,shot_noise,s4,0,0.747496,0.848255,0.903285
cbec771f-19cc-41c4-860a-cc66f2e50d95,fog,s3,5,0.676012,0.782889,0.916319
cbf5b114-2c88-4212-9879-1b9e195e193f,gaussian_blur,s4,1,0.521232,0.661087,0.756649
cbf5ee78-dbe7-4b38-b578-ee1ef09f58c5,clean,s4,2,0.798513,0.882906,0.931218
cbf726d5-2d05-462f-95e4-95cd6a2d0a32,gaussian_blur,s4,2,0.512255,0.667980,0.706060
cbfa1ba6-b304-4f3a-983c-b3220f97333a,fog,s4,2,0.334243,0.489541,0.523516
cc0878f9-22df-42d9-9685-48893f019e81,shot_noise,s4,5,0.480585,0.614327,0.739557
cc0bb4fb-b76e-475e-be67-b08dbef0f7be,gaussian_blur,s5,1,0.592986,0.744496,0.744496
cc11a0be-3d37-4b06-9f0b-eee81ca0763b,shot_noise,s5,1,0.506610,0.667625,0.687232
cc2382a9-3ffd-4128-ad30-b08ecca02443,clean,s5,3,0.443867,0.534230,0.787880
cc2fa1df-2588-40a5-8c71-f045c8bcc5a0,gaussian_blur,s3,3,0.476988,0.488223,0.953976
cc36dee7-6514-40f2-8083-45a1835bc43f,gaussian_blur,s5,5,0.574165,0.728798,0.732016
cc46a00f-92d8-4fec-bcea-f7f213d54eb9,shot_noise,s5,5,0.360069,0.514149,0.561056
cc4c248c-9db6-44ac-b459-10d53e26c195,gaussian_blur,s4,2,0.400131,0.564565,0.587632
cc9062c1-647e-449b-abc3-0538d42bebd3,shot_noise,s5,0,0.374451,0.544063,0.546651
cca0c16a-af1b-4ca8-8c92-52ebb2df4377,gaussian_blur,s5,3,0.824323,0.903152,0.909398
cca6e989-9d5d-417d-9a27-92b53d6fa46d,shot_noise,s4,5,0.428179,0.566463,0.676085
ccc2a827-8e6d-42db-9c3d-edf50ed3e7a4,shot_noise,s4,5,0.860068,0.922505,0.954011
ccc87b52-97a6-4d89-9e7b-b7ca4d08f68e,shot_noise,s5,5,0.474493,0.632093,0.674880
ccd1ecc2-87a7-493c-b38b-42758a688038,fog,s4,4,0.535033,0.687474,0.727886
ccd9c849-b8cd-4df0-93b4-dcbab9c174c1,fog,s5,0,0.624311,0.768454,0.769808
cced5c15-336b-4dd2-bb4d-7896ff10ec31,gaussian_blur,s5,0,0.623585,0.765585,0.779132
ccee63f3-3c82-4c33-8e44-aec814825410,gaussian_blur,s5,5,0.484923,0.581052,0.825171
ccf45579-51a7-4bdb-b22d-54f7bd13803b,fog,s5,0,0.722964,0.836003,0.858758
ccf727ce-d76e-44ab-befd-72fc2e48fce6,gaussian_blur,s3,5,0.672447,0.768730,0.957291
ccfa4559-8513-4310-8daf-c6982867cdb2,clean,s2,3,0.707138,0.797814,0.979964
cd01570b-21f2-4ff9-9381-a18217eb51f8,shot_noise,s5,3,0.424925,0.586632,0.620090
cd0b54f3-c3ed-4b8e-a57d-aacf508ebc74,clean,s3,2,0.420530,0.556707,0.671858
cd0bbe6b-6a62-45e6-b509-51a46e93d8bf,fog,s4,3,0.404019,0.548763,0.634811
cd15c310-0be0-4a53-84bb-ea22464732ba,clean,s5,5,0.689488,0.815499,0.820059
cd1c7be3-1f07-48e3-b56d-ae8ca17be6e0,clean,s5,1,0.594466,0.743272,0.754971
cd2b2a38-6cb5-4ef7-bbc5-c27cf7187247,gaussian_blur,s5,4,0.354703,0.517531,0.536368
cd4fef42-2ebd-4cb2-ae15-52f5115eac07,shot_noise,s4,1,0.732499,0.838372,0.890304
cd59e81b-bcd2-4ef0-803d-019dff994042,clean,s2,0,0.542518,0.600616,0.960821
cd64f2dc-bc0c-4206-8237-77e23b2a7aea,fog,s3,0,0.420530,0.556707,0.671858
cd839002-9722-42e8-9464-711291daac69,gaussian_blur,s5,2,0.724728,0.839235,0.847620
cd867e69-cc80-431a-bc78-95455886af09,shot_noise,s3,5,0.490738,0.510913,0.959904
cd923eca-5b64-496b-9302-1cf0e3040e68,gaussian_blur,s5,1,0.705142,0.827075,0.827093
cd947b70-8a98-4644-a163-c2162ad13bfe,clean,s4,4,0.483364,0.650134,0.656229
cda2e175-ee37-49f3-8b45-7dda08eb6c01,clean,s5,1,0.659384,0.794715,0.794821
cda2eba5-ae8f-4d5e-a535-6a6defba2ef5,clean,s3,4,0.456945,0.535231,0.825285
cda4e681-abc0-4e68-8811-36885a7c8aea,gaussian_blur,s4,5,0.510360,0.638532,0.778949
cda54299-047d-43f1-ab34-059b84d0190e,gaussian_blur,s3,4,0.271022,0.393939,0.480128
cdac5d52-e518-4973-978c-df2b0d360e2a,fog,s4,4,0.469739,0.533505,0.865819
cdae9064-8843-4746-bb85-74654acd5968,clean,s4,5,0.513267,0.655159,0.745627
cdb71824-1ec3-489d-b74e-1cbe0f67ba03,clean,s4,5,0.479768,0.568671,0.833367
cdb8c2e7-9104-45fb-adb1-e2f7545f0018,clean,s4,2,0.525472,0.680952,0.713936
cdbd8fb4-93ef-43be-9173-d17d56caeddf,gaussian_blur,s3,3,0.544101,0.640392,0.883710
cdc06e3d-ed66-49e5-9d0a-c43b662a16e2,gaussian_blur,s5,1,0.635622,0.775893,0.783163
cddde75e-6abc-4dbb-a995-360bbf3a39e8,fog,s5,5,0.725562,0.839203,0.851868
cde0b150-5437-4285-8e24-fabb907f0112,shot_noise,s5,2,0.719133,0.836142,0.839561
cde5f1d9-0c58-4641-b5f2-04fa1e7110b5,gaussian_blur,s5,2,0.242352,0.365410,0.429136
cdf49569-9fca-44a3-9399-467478daa674,fog,s5,1,0.379223,0.535711,0.580485
cdf74208-40c6-4a3b-90e3-6f94f5705c99,clean,s4,3,0.443614,0.494824,0.851664
ce06d8f6-43e4-4c43-befd-fb68e202c18f,clean,s5,3,0.622711,0.763696,0.783568
ce083355-8606-47a0-8189-1b2d1f046a52,gaussian_blur,s4,1,0.608335,0.726441,0.866277
ce153e28-8d7e-44af-a968-5941a44b51e7,clean,s4,2,0.515653,0.666166,0.723183
ce1598f8-41ed-4987-ba64-c837d0e7c911,gaussian_blur,s5,4,0.747901,0.854155,0.866849
ce1c3d85-4840-49fe-808c-1471d7d5e44a,shot_noise,s5,2,0.501741,0.649321,0.722084
ce359f4e-fcbb-44ec-864d-8848b2812c9e,clean,s4,3,0.809195,0.886995,0.961269
ce37221e-e47b-4426-9094-678c67acd43c,clean,s5,0,0.690725,0.813713,0.835128
ce3b5eca-b86b-41f3-9548-b8f5ae971fec,clean,s3,1,0.561099,0.636881,0.944592
ce405fac-06a6-435b-9414-f31bf56a7674,shot_noise,s4,3,0.728611,0.825219,0.944747
ce41f6e4-7af1-4455-99af-c780753208ae,fog,s5,1,0.704207,0.823586,0.842576
ce4b56a7-1b7b-451f-b654-97e1cb2596df,gaussian_blur,s3,0,0.589504,0.688183,0.913522
ce5a06fe-4a26-4d64-9385-7075b6ccd4b0,shot_noise,s5,0,0.505273,0.665761,0.688021
ce705afe-d2d0-43fc-a076-d4f8a95b1943,gaussian_blur,s5,3,0.665290,0.793808,0.824228
ce758f8c-0b46-464e-b0e5-c9fa8023dd88,shot_noise,s5,2,0.471386,0.638552,0.646784
ce83923f-546a-47f5-b61e-c633200b9566,shot_noise,s5,2,0.564137,0.691889,0.816923
ce8ba391-65eb-4671-a42b-ab39fa007ba8,clean,s4,5,0.843209,0.913834,0.927721
ce93ba9d-978b-4b77-9604-aa5b1ad646d8,shot_noise,s4,3,0.317580,0.477702,0.490421
ce9bd37a-7f77-4777-9a45-228b15585943,shot_noise,s5,2,0.399370,0.570783,0.570789
ce9fd70f-5f82-4b88-b062-4cbd0968b4ae,fog,s4,2,0.387437,0.453318,0.750880
cea190df-23c6-4660-bb9f-2734e06928b2,fog,s5,1,0.494056,0.656681,0.674997
cea9fa16-4211-4162-b34a-675d1caf57b1,gaussian_blur,s4,0,0.508333,0.650769,0.740645
ceaa2ba7-94bd-4379-8cbb-bbfa59b499e4,shot_noise,s5,4,0.336931,0.498280,0.515509
cec20b21-a76e-4c04-986c-9873d77cebd5,fog,s4,4,0.628088,0.763230,0.806768
cec279c2-430b-4235-8e92-52704f31cffd,clean,s4,0,0.873206,0.931296,0.947093
cec40129-93e2-4b17-825e-19ad0b5028f1,gaussian_blur,s4,5,0.737798,0.842172,0.893126
cecff89b-68ff-43de-9954-b17b5434caf4,fog,s5,5,0.341711,0.489331,0.548601
ced05932-d1a0-4b36-a580-1f4ee21dadb6,gaussian_blur,s5,0,0.760004,0.863458,0.864960
ced26e90-8824-49a8-878d-fe07644502e8,clean,s5,4,0.624517,0.767236,0.775859
ceff3433-2930-4a72-8b34-984acc88ef1a,gaussian_blur,s3,5,0.717698,0.816823,0.938440
cf075b84-d914-4693-afbb-e896828e01dc,clean,s2,2,0.662266,0.758037,0.957123
cf1d2ae1-c8f1-4351-a5e1-21d6385f0668,shot_noise,s5,1,0.680778,0.810032,0.810300
cf3b53cb-a044-475d-a4f9-cf6b2e541bd2,shot_noise,s4,2,0.265942,0.408989,0.439029
cf3f60b2-be08-4299-9b16-363c9c685c37,shot_noise,s5,4,0.290742,0.411618,0.516591
cf4e5b71-469a-4b12-818f-d844cae4823d,gaussian_blur,s4,0,0.671960,0.793651,0.852981
cf582394-421a-42aa-980f-66159044b666,fog,s4,0,0.479768,0.568671,0.833367
cf5ad047-195b-4957-b793-0c3d50aa82e0,fog,s3,2,0.605756,0.699138,0.938426
cf69626e-360d-471d-a018-6294f2640dbc,gaussian_blur,s4,2,0.719908,0.828839,0.885685
cf6c3a1c-5d7c-48db-a1e4-6319fdbba086,gaussian_blur,s5,5,0.714328,0.833356,0.833399
cf714976-864a-4c79-99bc-6f88c2c9a913,fog,s5,4,0.653864,0.788738,0.800048
cf7726c4-496d-4b09-9669-e2a82581bdb8,gaussian_blur,s4,5,0.498564,0.633476,0.752459
cf773e4f-f80c-479f-9f60-5be418d10179,clean,s4,5,0.716156,0.828700,0.869072
cf849a27-3477-4601-91a6-62b06bcc28c3,shot_noise,s4,1,0.723500,0.830121,0.895200
cf9841f3-fa6c-4910-b782-9dae3f6e15bd,gaussian_blur,s5,1,0.614492,0.748531,0.811680
cfa1661e-cd6b-4e2c-a403-3b9bf8dca625,gaussian_blur,s4,3,0.611216,0.734461,0.849987
cfa60d89-0240-46ee-b9a0-429048715ce1,shot_noise,s4,0,0.832154,0.906713,0.926347
cfa6cc41-6697-4010-ad2b-3fdaf1331c64,clean,s4,2,0.722969,0.830162,0.892505
cfa9f95d-bb89-4b62-b762-8f376f98efdb,clean,s4,3,0.492874,0.632835,0.735111
cfb179e6-c805-4872-a9a6-402c8c5ff414,clean,s5,4,0.431476,0.595832,0.620181
cfb1a3a9-a822-4357-91c8-4787953d4cc2,clean,s4,5,0.761960,0.859127,0.905887
cfbd4d03-2d56-45d8-8339-974c50d6f0a9,fog,s5,0,0.711539,0.831428,0.831653
cfbe5013-d291-4408-b91f-eaec00245bc8,clean,s5,3,0.729527,0.843461,0.844597
cfc97728-908e-4c25-af16-803551d7ed27,fog,s5,1,0.643252,0.779233,0.799515
cfca5a45-6c25-4f10-9764-5afd361136b4,shot_noise,s4,5,0.857677,0.922268,0.937781
cfd6f4c0-70b3-4d7c-af87-63adc48f4cb3,clean,s4,1,0.500257,0.664708,0.673419
cfe53615-369b-4848-ab4a-242ea589d646,shot_noise,s4,4,0.419693,0.585565,0.604950
cfe711b4-7985-4203-96ee-8b954118ef4f,shot_noise,s4,0,0.499681,0.570518,0.889595
cfeec2c5-bf1e-4910-9773-a8499a99c44f,shot_noise,s4,1,0.691666,0.809582,0.860544
cffeb257-9452-466f-9723-3be8f7d505c4,clean,s5,4,0.650982,0.780810,0.824139
cffeb820-3519-4913-93a4-94d05ca8a8b7,clean,s5,4,0.420825,0.575136,0.632925
d010f3aa-9063-4a12-80d8-0b51d8db0f84,gaussian_blur,s5,4,0.508355,0.646278,0.752571
d0185725-677e-4358-85cb-67419465cf9c,shot_noise,s2,3,0.629821,0.715073,0.975722
d01b9c65-37f3-450c-a2f1-673aed1db92c,fog,s4,2,0.481427,0.640192,0.677072
d02be26d-8601-4bea-a016-e2dff6888d05,gaussian_blur,s4,2,0.248198,0.388765,0.412293
d03d2ada-ca10-47ed-ae71-443a9acebfdc,gaussian_blur,s5,3,0.648915,0.786671,0.789003
d03d8cde-54df-43a8-bb90-89f67b4e92f4,gaussian_blur,s4,1,0.465643,0.627392,0.656933
d0576325-58e6-478b-912e-b6da1b60f6d0,shot_noise,s5,5,0.567603,0.708065,0.779323
d060103e-f23a-486b-a589-bd7f2065a409,fog,s3,2,0.600599,0.717122,0.868347
d06936cb-0dbf-4ceb-a305-eab59ce35c80,fog,s5,3,0.295238,0.442117,0.480555
d06b6d1a-bfdd-4e0f-b4bf-f49679f2ddf6,gaussian_blur,s3,0,0.420530,0.556707,0.671858
d07e2bd9-d9d2-4e29-9852-f754cdc418da,fog,s4,5,0.578776,0.723647,0.767749
d083b4e7-8d51-4acf-836b-3bbf567c1734,gaussian_blur,s5,3,0.464354,0.610960,0.693973
d09645d8-c253-4f85-b874-847efc645d37,gaussian_blur,s5,2,0.321175,0.433859,0.578641
d09d136e-30ec-440f-af4b-c352f9898bb4,fog,s4,2,0.538742,0.675568,0.776272
d0b12753-d690-4758-b994-b24871b214b2,gaussian_blur,s5,0,0.396942,0.535820,0.638278
d0b43778-64e8-48d3-8f88-0dc5fa6573da,clean,s5,1,0.311685,0.438144,0.541275
d0d9c100-71fa-4aa5-9e4c-556b972921c7,fog,s1,2,0.232126,0.317058,0.464252
d0e8604d-7c25-4b87-b515-76c58186ff40,shot_noise,s5,3,0.751708,0.858137,0.859104
d0ef5d7c-6a25-473b-b63a-a86975b3a498,gaussian_blur,s4,5,0.741537,0.842766,0.907701
d0f6ac8a-b98e-4fa4-84bc-a12f40a71878,gaussian_blur,s3,5,0.559076,0.665734,0.871125
d0fa0dc2-3b07-435c-8006-05788e535cf9,gaussian_blur,s5,2,0.775533,0.873570,0.873640
d107cf09-98cb-4f63-b4f9-be804182b5a9,clean,s4,2,0.593281,0.735522,0.779537
d10c70f8-b0a8-4991-9039-97c9852ab0df,clean,s4,1,0.720832,0.833062,0.865980
d11699b9-f3ef-4761-955a-6229d64766dd,clean,s5,0,0.285967,0.369907,0.563532
d1173c1f-78f3-4595-aaa7-4577dc008ba2,shot_noise,s5,3,0.480085,0.642148,0.667111
d118168c-9ac1-4778-a346-85dd4c2c707d,fog,s5,4,0.738997,0.849770,0.850859
d125a30d-f012-4425-b3ff-9c68e662d621,gaussian_blur,s4,5,0.571665,0.701239,0.815243
d1312698-71cf-42dc-acb2-7c226addd74d,clean,s4,1,0.759308,0.851570,0.941467
d13455b0-c75b-4c5e-8a2d-049b1ba7d152,shot_noise,s5,2,0.745011,0.852987,0.859920
d141ec2e-1e71-4ebb-a15d-661795327cb6,shot_noise,s3,0,0.471135,0.485139,0.942270
d150cd2f-1be7-402f-934a-0c20892da1e2,fog,s4,1,0.590650,0.734695,0.772644
d1644b46-a057-457d-a025-ff686d957e2b,gaussian_blur,s5,4,0.548675,0.697364,0.745611
d16d70b9-00b1-4791-9a08-9e7d0a5bfb16,gaussian_blur,s4,0,0.489687,0.654755,0.665201
d17915a4-ea13-4540-90a4-c2ea40a7e8cd,clean,s5,5,0.621195,0.766197,0.766964
d1987402-aa04-46c4-919b-38a68625c84b,gaussian_blur,s5,2,0.560423,0.717098,0.722529
d199ed48-35ab-4d37-8669-e71624543dc0,fog,s4,5,0.614709,0.731122,0.873947
d1ade366-84ad-4b66-9a5d-42035e4dbc92,fog,s4,3,0.646652,0.759927,0.891579
d1b5f02a-bfe6-47fb-8273-38d970e3a8b0,fog,s4,5,0.373416,0.510219,0.612293
d1b9079b-063f-46ae-9531-c6571112165e,fog,s4,0,0.571207,0.700707,0.815253
d1bb775c-f9e2-490b-a2d3-ad1a4a4b573d,fog,s5,3,0.615364,0.750988,0.805664
d1cf4af4-1b20-4c6b-bc09-99ba9d008f40,clean,s4,2,0.643997,0.774513,0.823099
d1d61610-4d14-4546-8d47-3baa1429803d,clean,s2,4,0.522592,0.598274,0.905943
d1e9e370-8eb0-4b82-9a42-c7f2f38f143c,fog,s5,0,0.506740,0.659749,0.710492
d1f8d110-7fb4-4c92-a7ee-7ffaffc164de,shot_noise,s4,3,0.530819,0.658857,0.795088
d1fe7052-ddd8-44a9-a1e8-6531a910e482,fog,s5,3,0.486021,0.651296,0.662235
d2038a46-9b87-4c32-8010-1e532fc6468f,gaussian_blur,s5,5,0.831864,0.908206,0.908325
d204a931-84f4-4c57-9461-56209c66e54c,clean,s4,4,0.761070,0.854746,0.930288
d20d1798-9b10-4927-a1b5-1286c9eef424,shot_noise,s4,4,0.618941,0.756613,0.797541
d211a1d9-b406-4e5c-8c5d-f1159b9092f3,shot_noise,s5,4,0.494087,0.647869,0.699787
d226dcc2-25f4-4a7d-a200-39a50d9d6107,gaussian_blur,s5,3,0.724629,0.839837,0.843413
d234dce1-662c-4bcc-8bd1-5dfdaaf919db,shot_noise,s5,0,0.661263,0.796058,0.796285
d23c250c-1482-4734-87e4-09d2a7d4c60d,gaussian_blur,s4,2,0.243505,0.331785,0.481221
d24b0b2b-1ed9-48a3-952f-b92a1409bb77,clean,s5,5,0.725893,0.841161,0.841296
d24e8a81-d77f-4980-9671-1dbb364f1a0b,clean,s2,1,0.720259,0.812147,0.971730
d2655458-06a3-40a3-91c1-7d22152a6df0,clean,s3,4,0.471135,0.485139,0.942270
d267e491-a228-42bc-9fac-02e4a7755ccb,shot_noise,s5,1,0.741980,0.851782,0.852549
d2687ee8-8f7b-4c17-9364-dd4ab5f5502a,gaussian_blur,s4,4,0.453961,0.621441,0.632389
d2695041-3ecc-46d5-85ed-f4781fa7bd54,fog,s2,4,0.448431,0.531554,0.806285
d26a7fa8-fb8c-4405-9796-7de46842e608,shot_noise,s3,4,0.719058,0.818342,0.936926
d26cd87a-940d-43cf-9520-baa105c0b118,clean,s5,2,0.728109,0.842103,0.846229
d26de319-7088-446f-81c1-67f5598dcd19,clean,s5,1,0.720281,0.837059,0.839488
d2708326-34b9-4599-bd76-8a2178c4e3c9,clean,s3,0,0.576839,0.667105,0.925498
d27493b1-c920-46a6-af00-bfca58a09a52,shot_noise,s5,0,0.731894,0.844063,0.852455
d2764e8d-210f-40ea-86bc-db26b48a9fbe,fog,s4,3,0.551947,0.691948,0.774101
d27e653e-8f4d-4aea-a097-d84ec0e098d5,clean,s4,4,0.599320,0.742819,0.775323
d2a242c0-6f8d-4635-bbd7-d0a2ac2b9e6a,shot_noise,s3,0,0.401382,0.537236,0.649769
d2a4eb46-c20b-422b-8e66-63d857b3fa21,gaussian_blur,s4,2,0.704350,0.820596,0.859619
d2ade54b-ef01-41a4-8a37-e992845ef6bc,gaussian_blur,s5,0,0.753520,0.858949,0.862896
d2b95bf6-b51e-4580-8842-9f275e78a21f,fog,s5,3,0.725001,0.840006,0.844171
d2bb2477-94df-4b58-a261-68b5940b67bc,gaussian_blur,s4,2,0.618301,0.746102,0.835163
d2c478e5-b469-48a8-849f-f5c892734b2f,clean,s4,1,0.523045,0.663794,0.755392
d2c9431e-a4b9-47c2-8b92-ab67dc0de275,gaussian_blur,s5,3,0.537881,0.698717,0.702139
d2d94d0e-0e3a-4065-b7b5-ff134f8d6c64,fog,s2,0,0.662559,0.751967,0.978739
d2e52ed6-6720-4714-af91-4651be577d26,gaussian_blur,s4,1,0.272066,0.417344,0.445621
d2f37e72-15c3-42a3-89ff-1ec418115111,shot_noise,s5,5,0.693889,0.818568,0.823239
d30abc8e-252c-4e0a-9c37-9277da9f4b72,gaussian_blur,s5,3,0.506675,0.670905,0.677647
d310e220-47af-4da9-a3f4-fbc40b6d55d6,clean,s3,3,0.574893,0.680295,0.885770
d3187d34-0fd2-455e-92f8-b03d52b56e90,clean,s5,2,0.629627,0.772723,0.772736
d31fb091-a585-4ba6-b19a-22ddc3cc288c,gaussian_blur,s4,2,0.628589,0.746154,0.873536
d3285aa0-833d-466d-ae42-38985c43fde8,gaussian_blur,s3,4,0.581823,0.688061,0.888149
d329169d-8225-4338-90a4-21abe80dfe96,gaussian_blur,s4,0,0.703876,0.816113,0.881093
d334a895-4952-41ae-9c85-6a5b4d236168,shot_noise,s5,4,0.748018,0.855831,0.855958
d3357473-1113-4815-aeb0-017e9feb475d,clean,s4,0,0.599145,0.735151,0.802874
d3452d2e-49fb-41ed-a213-2af5698d17c0,shot_noise,s5,2,0.700168,0.817248,0.858651
d34e970f-78e8-4428-aa46-5e8845890e68,gaussian_blur,s5,1,0.596295,0.733717,0.797351
d357887b-9d9e-4cd4-9caf-86bef117f7da,gaussian_blur,s4,3,0.453361,0.486661,0.891184
d366635d-cf38-46aa-8f65-299786a9822b,gaussian_blur,s5,2,0.699610,0.823232,0.823413
d36b8ae7-c27a-4834-a27f-a428243e105f,gaussian_blur,s5,1,0.834672,0.909738,0.911541
d38196ad-ff46-444e-81d2-b026ed688f18,fog,s5,0,0.812300,0.895749,0.902960
d38f8b19-400c-468f-b8e5-238bdd768540,clean,s5,4,0.356151,0.510243,0.555856
d3a8f8f8-c7d4-4e6c-8171-781178afaf8e,clean,s4,3,0.676455,0.786009,0.905131
d3ab2669-8c94-4124-9620-46dbc8202792,fog,s3,4,0.334055,0.477753,0.544965
d3ae779e-d52f-4af1-9df6-b071ae016b91,shot_noise,s5,4,0.722504,0.838743,0.839869
d3bff267-8b66-4179-8994-658bf12deb14,shot_noise,s4,0,0.489687,0.654755,0.665201
d3c2ec9d-2ca6-45d2-962e-f00fbdedfb9c,clean,s5,0,0.488350,0.640786,0.699225
d3d9ad09-5294-4a1d-b9a7-6d4b232157e5,fog,s5,0,0.389752,0.551833,0.581115
d3de324a-b4ce-4ee6-a747-a1f54e758f7c,clean,s5,4,0.747007,0.854928,0.856952
d3e0780e-9aab-45d0-bb05-2724c81be2c9,clean,s5,3,0.241031,0.380359,0.401472
d3e1e12b-b0b1-444c-941e-31cfc1f0aaea,shot_noise,s5,0,0.762022,0.864000,0.871849
d3ed7d19-3fc9-4d6e-9d07-06cb89ce7411,shot_noise,s5,0,0.442465,0.607717,0.628187
d3ffb8ca-975a-4434-8bc0-2b220af31420,clean,s2,0,0.570356,0.641798,0.962597
d4070fa6-cb3a-4b1e-bf62-ec5832defd95,shot_noise,s3,1,0.532946,0.605816,0.922390
d40a9fa5-2761-4d10-8386-9c7d5e2c7fa7,shot_noise,s3,2,0.528863,0.615320,0.890753
d40cb822-c8f0-4777-90d6-0b729b56b224,clean,s5,4,0.460707,0.624676,0.647117
d40ddb29-4d5f-49a9-af2c-387c250c4950,fog,s4,3,0.719901,0.834919,0.850614
d427e661-4305-47cd-9b20-004669dc7d57,clean,s3,5,0.739476,0.834652,0.944431
d436a884-dff0-4e24-b2b0-3b9457176b8f,gaussian_blur,s4,0,0.760703,0.855687,0.922320
d4377dd9-0df6-497d-91a9-ae0d043e3805,shot_noise,s5,3,0.715974,0.834450,0.834668
d440a868-f978-47f5-adf4-886a583bb852,shot_noise,s4,1,0.552946,0.694230,0.770649
d440b72a-fb76-487c-9ca6-98939edbfe8d,shot_noise,s5,1,0.519199,0.679667,0.695536
d4482308-bdaa-4cdd-a0c0-72f962d60c03,shot_noise,s3,4,0.475237,0.527499,0.891453
d44f107a-d25d-4766-8452-aef269eb0240,gaussian_blur,s4,2,0.525535,0.676858,0.726512
d4563459-5616-4d82-b744-8b348c8697e4,fog,s4,0,0.579961,0.699430,0.849648
d45797b3-b43a-42a5-9788-694ee8fd4eee,fog,s3,2,0.293026,0.415917,0.517141
d470a361-67fa-4c5c-a7fa-d937de7b4565,shot_noise,s5,5,0.300127,0.380803,0.592318
d474b491-6551-4da1-81c9-58907ddf795f,clean,s5,3,0.667574,0.797706,0.815221
d47a94c2-0e5a-4341-bee7-1e1b2bbb5d65,clean,s5,4,0.659384,0.794715,0.794821
d4808eea-83c8-4732-b4eb-f97f938a1d92,shot_noise,s5,1,0.769773,0.868693,0.879187
d491fa57-3d60-4fa6-8d74-e71c81b8817f,fog,s4,2,0.662966,0.785678,0.851694
d4b4b534-6f6f-4351-a904-260974fac63a,shot_noise,s5,1,0.513714,0.678056,0.680891
d4bc80dd-4445-4ff2-b3bb-151f09c8e9b8,fog,s5,2,0.332522,0.472323,0.549807
d4c3d4a6-f84e-4009-b921-7662abbb495f,shot_noise,s5,4,0.466534,0.630798,0.650982
d4c424cc-6387-4ce2-a457-c38c03d8c561,shot_noise,s5,0,0.290866,0.369447,0.579435
d4cf7008-5ef2-43fc-8af1-4fe021e9631c,clean,s4,2,0.551434,0.683346,0.797792
d4dbd87b-58a9-46ba-aaa9-1a6569b8fb03,clean,s4,4,0.361924,0.513131,0.569196
d4e834e3-b206-4a80-a25e-6c5eb3e99c24,shot_noise,s4,3,0.571164,0.715131,0.768928
d4f30779-8b99-4801-be48-60664bf6c749,shot_noise,s3,2,0.425295,0.549630,0.701477
d5114c87-ea48-41bd-8355-128948f144b7,clean,s5,0,0.762525,0.864002,0.874548
d5124a7f-bfe1-4a80-b075-f3b0bdd2f6f1,shot_noise,s4,5,0.809415,0.890334,0.934216
d5156e52-fa4c-4f61-b836-10046763af8d,gaussian_blur,s3,4,0.549057,0.673074,0.818453
d51b4d47-d119-41b4-abb4-3593b6e98be5,clean,s4,4,0.747496,0.848255,0.903285
d51ca272-17d0-4b09-b319-eac24fe0e0ce,gaussian_blur,s5,3,0.461469,0.618346,0.666016
d51f8438-7399-44e8-ba98-d680a1c5b58f,fog,s5,4,0.338299,0.487848,0.540160
d52e1441-fc98-49e9-87df-4b979f5f0917,fog,s4,1,0.837345,0.907592,0.953467
d534d4ff-d2ba-49c3-8ac4-25337c34ab35,gaussian_blur,s4,3,0.566013,0.710893,0.764304
d5457afe-a340-4bdd-814a-23b309bbf032,shot_noise,s4,3,0.600017,0.720671,0.855057
d54e8854-a7dd-4601-84c7-81bcc643162b,shot_noise,s3,2,0.385986,0.511955,0.649248
d54f05ce-5443-42e3-b2ef-58df7d5eb2b8,fog,s4,1,0.350527,0.519076,0.519141
d54fd9fa-10ca-4ce9-a277-d53edd6ef775,clean,s3,0,0.678123,0.786166,0.911199
d55ab049-f937-43ec-835b-a7b87eff93df,gaussian_blur,s4,2,0.656246,0.770629,0.887584
d5669ff9-af9a-4951-aa2f-3b2f1d9ad7e5,fog,s5,4,0.603839,0.752992,0.752992
d56be056-8893-477c-928c-2c50b92c8af8,clean,s4,1,0.494376,0.644314,0.710384
d582c004-062e-4345-907d-36e7e04cc236,shot_noise,s5,3,0.820275,0.901098,0.902949
d58deb45-a6cc-49d8-a717-df9cb3547447,shot_noise,s5,1,0.803399,0.889620,0.903333
d58e0ec6-f65d-40df-8f61-d2d1118ed256,fog,s4,2,0.602969,0.740053,0.799488
d593c7bb-6e1a-4799-ab8a-d546e7231631,shot_noise,s4,5,0.587855,0.731574,0.773467
d5956363-e284-4dd9-bb60-8ca952333fa0,gaussian_blur,s3,1,0.769418,0.856561,0.961179
d59ca633-9560-4d81-beae-f8909b0aa1fe,clean,s2,0,0.481336,0.490491,0.962672
d59d3a77-7935-4ef8-9236-237e597dc14a,shot_noise,s5,1,0.601468,0.747423,0.765886
d59d707e-d037-4f08-8655-3ec9f4f288e7,clean,s3,5,0.675139,0.781002,0.920533
d5a2d09b-bb5a-4efc-9a7f-6603cb5cc40c,gaussian_blur,s4,5,0.370280,0.526052,0.570812
d5a418b1-19ce-4163-b187-f06c9c2c0c37,gaussian_blur,s5,2,0.510102,0.674485,0.678971
d5b299d6-7b42-46b6-9601-d7d7c4f79e06,shot_noise,s5,3,0.519483,0.682343,0.688235
d5c8abc3-9900-48c5-a928-5cb5496322e6,fog,s5,3,0.580991,0.734276,0.737584
d5e68fd7-1d0a-47b8-aef4-2d18c80a95ca,gaussian_blur,s4,3,0.726293,0.827486,0.922384
d6007541-60be-4e04-b9c4-0d1fb539bd1f,gaussian_blur,s5,1,0.726970,0.838420,0.863451
d60d912c-dbe9-4ed5-a454-65fb3fec2c21,clean,s3,5,0.733951,0.831376,0.936645
d61d5945-6948-4e35-95a2-ef39531c4a14,clean,s3,2,0.675139,0.781002,0.920533
d6266538-f043-4e39-b98e-c1b0edf9a936,fog,s4,2,0.568108,0.701560,0.801702
d62d4da9-95e6-43c1-81ac-9ee76d8efda2,fog,s4,4,0.692951,0.806991,0.878937
d637cbbe-0c9b-4d6a-a406-d926eb9bff22,shot_noise,s3,2,0.471135,0.485139,0.942270
d6380945-6915-4fa0-af84-a3ecbc5dcd3c,fog,s4,2,0.582848,0.690785,0.884149
d63cad87-fda9-429d-843a-4772736d79fe,gaussian_blur,s5,3,0.414013,0.564833,0.633275
d63cf83c-6c42-41c6-8bfd-29c5a1a25daf,fog,s2,2,0.657918,0.752017,0.961628
d642aba6-d43f-41f0-925b-c2119cf02291,gaussian_blur,s2,4,0.484099,0.491921,0.968198
d649409d-f9e6-48b3-b4de-78558eeeb01f,gaussian_blur,s5,5,0.342905,0.499740,0.532581
d64aa9a4-8655-4015-b3e9-6946017a6e02,gaussian_blur,s2,5,0.596960,0.674722,0.971733
d64c4dc2-7c7b-473f-8665-cb8add45a6f9,shot_noise,s5,2,0.798503,0.887857,0.888914
d650d36e-f612-46e9-8b1e-f46e79b98a0c,gaussian_blur,s3,0,0.556664,0.685882,0.808541
d65753cc-313c-4005-97fd-3db67cb1de15,fog,s4,4,0.644139,0.763328,0.869035
d65ad8bc-4837-4df6-bb1b-3a8aaf6e2e1b,shot_noise,s4,2,0.462489,0.614170,0.679893
d66606cf-c884-46e5-bdc1-e2a34cd5eee7,gaussian_blur,s5,1,0.469570,0.634517,0.651483
d6685bfc-264f-4f4d-9712-f46a0ead6aa9,shot_noise,s3,2,0.500011,0.606663,0.819251
d6856261-cf1e-46ba-a618-270ba431545a,gaussian_blur,s5,4,0.720895,0.837792,0.837952
d6944873-46aa-4448-8abe-9812e50a6d89,fog,s5,5,0.810505,0.894255,0.905557
d6945bb0-021f-4172-bd1a-cda729d75837,gaussian_blur,s5,1,0.638309,0.778190,0.783913
d6a167eb-932a-4691-84b2-f8b432ead382,gaussian_blur,s4,0,0.816069,0.895092,0.933307
d6ac5e46-1de8-4485-bbba-ee1b5ad026d5,shot_noise,s3,1,0.460351,0.479357,0.920703
d6ba3302-5f45-4dd3-9aaf-48762b57076e,fog,s4,2,0.522905,0.676616,0.717968
d6d3ac67-76ac-45a8-9c83-1fc1f6d88b69,shot_noise,s5,1,0.610648,0.750348,0.789971
d6e54bf4-208b-4fea-924b-8a849aa77a13,gaussian_blur,s5,5,0.581756,0.725201,0.773360
d6eae399-69bc-4df0-a5fd-c5f3c904d9d9,clean,s5,5,0.382034,0.542774,0.574912
d6eb2e2f-32e8-4431-a461-e6200a1450b8,fog,s4,3,0.581230,0.706099,0.834048
d6f2a726-9567-4e17-a3e8-fff2506021f0,fog,s4,5,0.533559,0.673911,0.763105
d6f737c1-fb83-4506-b0a2-0db543ddccbe,gaussian_blur,s5,1,0.320229,0.460780,0.530234
d6fb8766-bfa4-4920-a1c1-1bafcb148227,shot_noise,s3,0,0.519598,0.595331,0.902639
d70d1a0d-03b8-48b0-ae7b-5770c8df8090,shot_noise,s4,4,0.592056,0.724208,0.814667
d724163c-0389-4b9c-a542-9369052df115,clean,s2,1,0.519507,0.601866,0.889536
d728beb2-dd0b-4d16-b193-dace51f8dc19,fog,s5,5,0.630342,0.764835,0.809104
d7353389-55ec-4d7f-9743-8b3eab6578e0,clean,s3,0,0.452699,0.531234,0.819552
d73698f2-ce96-4b81-b209-8bff05d5341d,clean,s3,2,0.490738,0.510913,0.959904
d73a8fb5-8ebb-4d35-9815-14356274b1d8,clean,s4,4,0.640711,0.763681,0.854372
d75773a6-74c8-4f26-ab98-725f4baac589,fog,s5,0,0.344009,0.416898,0.674865
d7577a38-70ff-4a81-bfdb-a8b0f0c34029,gaussian_blur,s4,2,0.632529,0.760812,0.833835
d75dc27a-bd09-4439-951d-fdbca141ca99,fog,s5,2,0.510655,0.670217,0.693820
d766ade2-1a02-48a2-9488-286fc4195977,clean,s3,4,0.606322,0.724401,0.865653
d7680a04-cb98-43de-bd4c-c238da0e7371,gaussian_blur,s5,5,0.381792,0.530168,0.600357
d76ef134-6c7a-4264-9d38-e370be1426ad,gaussian_blur,s5,1,0.636209,0.777561,0.778117
d776fd34-1383-4add-98e7-455578312927,shot_noise,s4,2,0.566247,0.709284,0.770459
d777a13c-b290-4bb5-9faf-ae05e45bf506,shot_noise,s4,1,0.754434,0.853862,0.902245
d7880187-ec1b-4bf5-abed-c32f3d6328ae,fog,s5,3,0.524573,0.667238,0.751024
d78a6f92-6431-417b-a913-f73e58e92cf7,gaussian_blur,s5,5,0.214652,0.301952,0.427195
d78ce4c1-9a78-4f63-a95e-676dfd447314,shot_noise,s4,3,0.428111,0.480743,0.828348
d78e06a8-061b-4107-a6a9-89750109fd47,clean,s4,4,0.358851,0.514052,0.557218
d78fef04-4023-475d-b5b4-ee2d890bf57b,shot_noise,s3,2,0.748668,0.837032,0.974334
d79a164b-5b5d-4fd8-a15c-d98069b0d334,shot_noise,s4,5,0.529133,0.647186,0.819285
d7a0b9f7-44ae-4543-a3ae-7dd479338c11,clean,s5,5,0.720266,0.836288,0.844114
d7afaff1-3df2-4463-bdb3-94cb92b8ff74,gaussian_blur,s5,3,0.818002,0.899891,0.899893
d7bbfee0-1f0b-4e7d-a528-38cd3f8fdad7,gaussian_blur,s3,5,0.391486,0.530449,0.631345
d7bccab4-8753-4de0-b868-a7e56e6cf8ed,fog,s4,1,0.401947,0.568710,0.584315
d7bf98ef-c2dd-4584-aa11-a965b49b1050,shot_noise,s5,5,0.481778,0.644055,0.667732
d7c52a72-e6f1-463a-b51f-142c2efc2d8e,shot_noise,s3,1,0.385603,0.520528,0.631786
d7cb9f81-cc1f-4908-8f8e-9475dcf752a9,fog,s5,4,0.529215,0.683285,0.720096
d7cc3b4a-6279-4535-854e-7e6696f2039a,shot_noise,s4,2,0.862261,0.925131,0.938139
d7ec0717-4ebb-4624-b1ef-8b141ca3f3c5,shot_noise,s5,5,0.283562,0.411789,0.492917
d7ef59b5-ee1f-4cf4-ad8e-bdd67889f3c6,gaussian_blur,s5,4,0.292604,0.421117,0.507357
d7fcc99e-8630-4430-a6d9-62ec369f4194,gaussian_blur,s4,3,0.633000,0.758562,0.844421
d80c3e2e-fe5d-40be-83df-ad3b1157b651,fog,s4,1,0.681281,0.804335,0.841584
d82192dc-f192-4ea6-903d-fa62af3f997c,shot_noise,s2,1,0.474595,0.486966,0.949189
d8300b78-0e2e-44a0-a279-9423330ef808,gaussian_blur,s5,1,0.551738,0.710474,0.713365
d833eb29-987c-43aa-9b25-9e63316ca7bc,clean,s4,0,0.846639,0.915504,0.934075
d841e428-c9b6-415e-832e-b9add53b07f7,fog,s4,3,0.723259,0.834453,0.869344
d843aa11-f1f8-4e76-8550-2ba800f4ceb1,shot_noise,s5,0,0.669237,0.799892,0.811621
d846fee3-0cf5-4a51-b569-ce34ced8d87b,fog,s3,4,0.634711,0.742591,0.908437
d852044b-a43e-4c17-bb09-35b17ec4cd05,gaussian_blur,s5,2,0.700323,0.820631,0.841159
d8525e71-345e-4efe-bbfb-b10b2040d881,clean,s5,4,0.767823,0.867823,0.875033
d854c530-7ba1-414f-86aa-ce775275a5e4,fog,s4,1,0.630493,0.764377,0.811573
d865d373-7870-47f0-835e-798f3b1a19a6,shot_noise,s3,4,0.589068,0.712441,0.842107
d86defe6-0691-4099-bf03-0e90a7972ad9,clean,s5,2,0.816408,0.897460,0.913227
d878f4ad-9d91-48b7-ab56-7bcaf5d544fa,clean,s4,3,0.345838,0.491317,0.558405
d87ff2af-91eb-4910-8ecf-7dd73548f591,clean,s5,5,0.650819,0.775425,0.846614
d88b0a09-59e6-4571-b76b-3cfaccad1d73,clean,s4,0,0.360786,0.528738,0.533493
d88be6c4-935b-4c80-b16d-b9c0083f351c,clean,s2,0,0.501773,0.575801,0.886157
d8b28bbf-bfb4-40ab-809e-e87d4536de10,shot_noise,s4,3,0.573058,0.718183,0.765525
d8b6a12f-adff-41fd-8c8d-6651b1efbc98,gaussian_blur,s5,0,0.624517,0.767236,0.775859
d8c780ae-80a0-4636-8641-9c1f692b0c10,fog,s4,5,0.582224,0.720105,0.792592
d8c7d26c-0d8a-4d7d-8af6-e297e7b5d497,shot_noise,s5,5,0.337924,0.486093,0.542224
d8d80491-3c31-4bc4-8520-1d4590b043fa,shot_noise,s3,5,0.240477,0.372659,0.411721
d8e351b0-ff48-4d44-bd4f-29d349864f0b,clean,s4,1,0.687703,0.806694,0.857701
d8ebfbdf-b875-49f1-9f92-35dd044fe5f4,fog,s5,5,0.569981,0.715816,0.762283
d8f38253-ddc2-494e-a2b1-1ad2c7ddc28c,clean,s3,2,0.560360,0.680131,0.837397
d8f472cb-09af-4ec8-97bd-23bc58e5b46c,fog,s4,1,0.493292,0.649549,0.692432
d8fb34ed-057f-44dd-9da3-7767d1400e07,shot_noise,s3,0,0.558978,0.685039,0.818928
d900abbc-5253-4b44-ab0c-da8c497c81c1,fog,s2,0,0.707138,0.797814,0.979964
d90a28c1-0a80-4596-be6a-b8c315573c7f,shot_noise,s3,2,0.677003,0.782677,0.921141
d918b00d-e2cb-4bdd-8b96-ef766fc41920,fog,s5,5,0.409503,0.556364,0.636728
d920909b-8355-42ef-b441-5747cb977a58,fog,s5,1,0.585801,0.737621,0.743331
d9365238-332d-4820-a20e-1218bceea286,shot_noise,s5,0,0.407386,0.577258,0.582869
d9458d38-4855-4784-85cb-a2e9befebb1c,fog,s4,1,0.567714,0.714634,0.757979
d945a0f1-42d9-4c3c-8033-f57eafceb84b,fog,s5,5,0.312275,0.443635,0.533976
d94eb852-7c75-4f6b-8751-b0031b200d7a,fog,s5,4,0.568189,0.718297,0.747173
d95b557c-f97f-4b10-ac1f-cfa5bf4fe856,gaussian_blur,s3,5,0.490738,0.510913,0.959904
d95e2cbe-fcfc-4417-ab4c-23515b15d13b,clean,s5,0,0.755218,0.856398,0.889387
d973401e-7831-460c-99dd-c45c16e0e227,shot_noise,s4,2,0.666349,0.797482,0.811075
d977c60e-7cc1-4739-9ee6-ab46b85a6a34,fog,s4,3,0.818191,0.898091,0.918795
d983ef8a-cc86-414f-aab8-db372dafec41,fog,s3,1,0.490738,0.510913,0.959904
d986ecf2-0fe0-4154-8c4d-66ab2823e599,gaussian_blur,s5,2,0.842033,0.913274,0.925411
d98d7fdb-fd33-4187-a134-253985071f24,fog,s4,3,0.591809,0.724326,0.813365
d99594c3-e459-48e7-8195-b0a1eb16ccd5,fog,s4,0,0.624330,0.752592,0.833925
d9980f3b-d0ec-48d2-a1a6-dfac4a3df9e8,gaussian_blur,s5,5,0.442389,0.583833,0.684485
d9a1026b-50e0-48a3-90f2-446ad866963d,clean,s5,5,0.495278,0.637091,0.732352
d9a255ce-2a16-4ba2-8e9a-3bf6f658ab30,shot_noise,s4,0,0.539413,0.672507,0.787207
d9ae9411-5da8-4dc4-8e79-9556de0bc3da,shot_noise,s5,0,0.481844,0.645519,0.663904
d9af7ae7-a062-46e2-b8d7-73e768bceb0e,shot_noise,s3,1,0.425865,0.527562,0.745045
d9ba64d9-5c57-41ac-b50c-f614b9c94f99,fog,s4,4,0.435630,0.602728,0.617344
d9bd5cb9-4d27-4a55-9d59-892ca606583a,clean,s4,0,0.479600,0.640264,0.670576
d9cfa75a-4f04-4c5f-9ebf-f2ca1beef375,clean,s5,3,0.686409,0.811898,0.825476
d9d7e5ba-9a4d-4659-a12f-78c9d476c1a8,clean,s5,1,0.483012,0.648846,0.658645
d9d9357b-6603-45d0-a567-77228d927749,shot_noise,s2,5,0.707922,0.799079,0.977838
d9e6f677-c06e-4709-8f61-0bd0126c4601,fog,s5,4,0.551423,0.707337,0.722901
d9f28492-1e22-4030-9091-75a9b8cf74c4,fog,s4,0,0.629097,0.741861,0.890341
da24b224-934b-4b37-a9c6-9da754498149,clean,s5,5,0.730768,0.841652,0.862069
da299ae9-a8f0-45c0-bde7-c23105826ca9,shot_noise,s5,3,0.570458,0.726293,0.727192
da2fab81-459d-4cec-82a2-9a7246245c6f,shot_noise,s3,0,0.384768,0.500478,0.666293
da3c5f75-42fb-4b32-a3b7-b2e68fa921e4,fog,s4,0,0.506241,0.577664,0.896011
da439d90-6b07-4ef9-8a22-4e97f41550f5,shot_noise,s4,1,0.769435,0.867558,0.885840
da450ee7-8b7c-485c-a0bd-b833b408e4ec,gaussian_blur,s5,2,0.594179,0.741551,0.760467
da4c8e1b-9a70-4757-8d0e-30906dfe7651,shot_noise,s4,5,0.537184,0.691699,0.722341
da4d4dbe-f1d8-44ec-a9b5-f5ab8cd11198,gaussian_blur,s4,4,0.618710,0.751762,0.815552
da5ecabf-0fad-456c-9cf2-f5952393cbbe,gaussian_blur,s5,3,0.716901,0.835098,0.835184
da674b2e-d7e4-450d-8e7c-45c86fb622eb,shot_noise,s5,3,0.809895,0.894960,0.894995
da754713-704e-41a6-893f-bd2a0a837361,shot_noise,s4,5,0.782430,0.867628,0.955808
da7a163f-5a68-4b51-9c15-cbfffb1e9ea6,shot_noise,s4,3,0.587457,0.720536,0.810214
da90008d-09fa-4b79-b648-507435d61edf,fog,s4,0,0.790954,0.878874,0.919623
da962739-1ded-47fd-beb3-28fbedaa6391,fog,s4,4,0.350072,0.506722,0.542673
da985f6b-505f-4630-86ef-dd8a2cf2c6cf,shot_noise,s5,3,0.712964,0.831706,0.836752
daae56b3-591f-48bd-98ed-d31b1d10b1ce,fog,s5,0,0.735663,0.842601,0.880112
dab1292b-2eda-4c9d-899e-dbffbcf259de,gaussian_blur,s5,0,0.668754,0.798163,0.818040
dabb007c-c237-40e5-863f-64c2801f949a,clean,s5,3,0.460849,0.594198,0.721457
dacf4230-d9b5-44cf-a96d-e2edfaf1c70c,clean,s5,2,0.647392,0.785934,0.786080
dae2ca0d-74a2-431b-bf1e-67eb5f46fcb8,fog,s4,5,0.543574,0.683199,0.770932
daf90242-5e33-4416-96ea-f51d7541a7f3,clean,s5,0,0.632964,0.772082,0.789056
db032c4a-a10d-488e-ac1d-12533ebfd253,shot_noise,s5,2,0.381020,0.540280,0.576843
db1bd784-8b55-46a6-b489-9994a359d0cc,shot_noise,s4,5,0.656687,0.772708,0.881044
db1c4f5e-1fd3-451c-9b09-2ed80c5dd97b,gaussian_blur,s5,2,0.184673,0.304556,0.322144
db2f14c6-3a1c-4295-b502-7a22992241db,shot_noise,s4,0,0.440919,0.609150,0.619280
db3020e0-8631-42e8-bacb-7efeb3522031,clean,s4,1,0.363013,0.517850,0.563385
db3e66b3-d34f-4b5a-84e6-2dbcc3de2b07,gaussian_blur,s5,1,0.694315,0.817217,0.832521
db5a095b-5a84-480c-a625-f4de32eaf840,clean,s5,4,0.555805,0.714474,0.714554
db6943f3-3aea-4002-af1e-0b8ef050a722,fog,s4,2,0.689070,0.813662,0.828012
db6d4a37-2eba-4629-93b0-8ba13a7a221c,shot_noise,s3,4,0.621379,0.715631,0.945303
db7ca002-8010-4cbe-af8d-1a18e108643f,fog,s4,5,0.308507,0.456436,0.499328
db841cc8-8874-4ed6-bf4e-dc49768ec803,gaussian_blur,s4,1,0.554050,0.697795,0.763488
dba37ad7-c55c-4a86-821d-ae30fcc747f6,fog,s4,4,0.445585,0.530176,0.800165
dbacb4e2-dd85-4a67-a164-74356cfbdb6e,fog,s4,4,0.657569,0.791163,0.804192
dbaf32c9-5b7f-4a39-922e-cc18c50b3af0,clean,s5,4,0.847461,0.916823,0.924773
dbb4cd3a-c9a8-4bd4-a726-e5175c5edafc,shot_noise,s5,3,0.650709,0.788151,0.789573
dbb9d223-cab5-4358-b557-c9e8ae493352,fog,s4,1,0.680296,0.796371,0.875355
dbc02bf4-99ed-4fa8-aaf8-11f2c64d672e,fog,s4,1,0.323146,0.485826,0.493557
dbcae2f6-7d26-489e-9246-5d3245acb474,gaussian_blur,s4,3,0.605114,0.721522,0.870548
dbce27bd-3965-4b7a-be14-6ec561c47b3d,clean,s4,3,0.689600,0.799646,0.899349
dbd848c3-eba7-44ac-8072-fc9da4536fbe,gaussian_blur,s3,2,0.609172,0.727234,0.866711
dbe1d085-6338-4bc3-a8e9-b2fd41ab7442,fog,s4,0,0.652832,0.762805,0.904421
dbf5908b-9083-4670-b7a0-65158dcc13f0,clean,s5,5,0.459326,0.555426,0.796132
dbfa9718-f1a3-42bb-8bf4-348b9868ee75,clean,s5,4,0.774097,0.872537,0.873675
dc0844f1-bccf-48b4-982d-a035af7d64cb,fog,s5,1,0.174654,0.295670,0.299787
dc092838-9a55-46ff-8749-e5455cb61668,gaussian_blur,s4,1,0.506399,0.624249,0.800293
dc140c53-fef9-48c5-8740-5d5272448642,clean,s4,1,0.552862,0.687994,0.789173
dc1f7801-80de-4855-93a7-584befcaa0ef,gaussian_blur,s4,4,0.593680,0.712894,0.857018
dc2b876c-d0d0-46db-ade8-d6eed5417d1a,shot_noise,s3,0,0.467687,0.483304,0.935373
dc2c0227-b26d-4bf2-bc33-4cec3d6557a7,gaussian_blur,s3,0,0.504951,0.576077,0.895096
dc2c9b94-ce16-4cdc-9fd5-a203cef606cd,shot_noise,s5,1,0.265044,0.396622,0.456161
dc2cd458-20a2-4498-936d-e8f6798cb7fe,shot_noise,s4,0,0.724647,0.830436,0.898769
dc31bab4-ac8d-43a1-8194-8d029a37761c,clean,s4,1,0.466380,0.584928,0.759376
dc425960-63e5-450c-b78f-1b83d7488d5b,gaussian_blur,s4,2,0.749169,0.842825,0.944239
dc4d67ff-5b50-4b39-888a-723cea9f35b4,fog,s5,2,0.190134,0.317148,0.322987
dc5ea5f6-8d9e-4237-85f0-069dd2efb24a,shot_noise,s5,2,0.699010,0.821032,0.832971
dc62f926-fa10-4c18-b3c2-2abe8e1f95f5,gaussian_blur,s4,5,0.544856,0.669489,0.813976
dc64cb7c-45aa-4acf-9365-05597fb6e481,fog,s5,2,0.598313,0.742123,0.774108
dc6fa3c0-9a0d-488a-975f-80b4e048f4cc,clean,s4,5,0.379319,0.525816,0.601029
dc7e33c7-5e3b-4eff-a98f-eca57feaed41,gaussian_blur,s5,1,0.767013,0.868099,0.868510
dc82cd41-129d-4713-9ec4-0266c43920b2,clean,s5,3,0.536123,0.683232,0.744709
dca80217-63aa-4988-b561-4aece6554c49,shot_noise,s5,4,0.362373,0.502012,0.592139
dcb16cbf-8b82-4b58-a6ac-19aef2dc116a,shot_noise,s4,2,0.490731,0.650153,0.681883
dcb5814c-2112-4e0d-b018-efb4aee656a1,clean,s5,3,0.676409,0.804273,0.820773
dcb97696-ee13-4cde-ba2f-7d9c411bda65,fog,s4,3,0.302244,0.448945,0.491853
dcbf4446-4449-4c04-b1b1-de480a6fafc5,shot_noise,s4,5,0.615208,0.747383,0.818719
dcca13dd-7de9-46c6-95d2-d962d3c3f8d0,fog,s4,3,0.586850,0.726627,0.787247
dcca811e-3756-4d9f-b59e-6cc39c98e812,gaussian_blur,s5,1,0.590978,0.741503,0.748357
dccc8a68-f586-4527-b52c-142a42f3076b,clean,s3,0,0.642884,0.740762,0.944128
dcccbbda-33cf-47f7-bab8-99bf84ad2122,shot_noise,s4,3,0.615712,0.726616,0.892155
dcdad39b-b489-429f-ae21-13067d87c284,gaussian_blur,s5,1,0.306940,0.445636,0.513131
dcebc5a1-39ca-411b-8d08-c599e290ece0,shot_noise,s4,5,0.724888,0.834029,0.879517
dcf20027-2b5b-4687-94f7-d10caaf7cbdd,gaussian_blur,s4,5,0.611031,0.747271,0.803225
dcfa1c61-dfaa-4f7c-a243-cc6fe978bb68,shot_noise,s4,4,0.581936,0.715619,0.806432
dcfa1d11-cac3-449b-8506-150534470f98,gaussian_blur,s3,4,0.279486,0.415922,0.472742
dcfbb084-a8ff-423a-b7f6-d553da5ffb44,fog,s4,3,0.749169,0.842825,0.944239
dd0011af-66f2-4eab-b69e-730961f44fbd,gaussian_blur,s4,2,0.734180,0.839613,0.891013
dd0a32a0-18d2-4f04-a53b-ea0645146400,clean,s5,3,0.452396,0.614898,0.643915
dd21af88-bea7-4766-86f5-c79049871eaf,gaussian_blur,s5,2,0.352286,0.502985,0.557315
dd2457e4-381e-4397-bd97-e9bfe02f3f5f,gaussian_blur,s4,1,0.701136,0.821022,0.842715
dd250766-a70b-4410-a612-aaae6de362b7,clean,s4,3,0.734201,0.839402,0.892368
dd259534-b201-43ac-84aa-823d47d8fed0,shot_noise,s4,2,0.431146,0.520699,0.773227
dd290679-787c-452a-9969-fce097dbee9c,gaussian_blur,s3,2,0.683367,0.777808,0.965363
dd30ebc6-b43f-4f30-a56d-5ff00d0cf3e6,gaussian_blur,s4,0,0.400803,0.486464,0.739291
dd4ceeb8-3347-40cd-8669-69102a03bf8b,shot_noise,s5,1,0.413499,0.574461,0.610005
dd4fe3bd-5330-4a54-93bd-f2f0c4c9e04f,clean,s4,4,0.617665,0.751782,0.811463
dd5176d3-2400-4e84-8d07-19930b8a3da5,shot_noise,s5,2,0.643375,0.781768,0.788607
dd604d15-7bc8-4828-8016-48337e9c8937,gaussian_blur,s5,4,0.499472,0.647463,0.719337
dd770d06-877e-41e0-bcef-89836962fd8e,clean,s3,4,0.471208,0.485177,0.942416
dd9259da-45df-4d12-9599-f89d8612ecd0,fog,s4,5,0.580135,0.699374,0.850415
dda1d535-b207-400d-b958-752e3c206a39,clean,s5,0,0.739471,0.849989,0.851797
ddbdad8d-f4ac-4c8f-9ff4-84ef74781e60,gaussian_blur,s5,1,0.719914,0.836064,0.843781
ddc289b8-3d62-430c-a2ec-3bdb0dcda7c9,shot_noise,s5,4,0.606456,0.755014,0.755060
ddc3adb6-266a-4ea8-b3c3-494d04ee920d,shot_noise,s5,1,0.633836,0.767196,0.813216
dde7723c-a133-4725-85e6-0e66e4d5a7ae,gaussian_blur,s5,1,0.403582,0.566411,0.595055
dde8b5af-ce9f-4d7b-be73-369a56e3dc8d,fog,s4,4,0.625551,0.754035,0.833125
ddeb56ee-3a36-45b3-9277-dd753e152c54,shot_noise,s5,2,0.810263,0.895188,0.895189
de0b02c3-ac92-45e3-816a-b953eada4241,shot_noise,s4,5,0.700797,0.815762,0.869230
de1ecffd-8d89-4ac0-bc21-bd2082bd5ca3,gaussian_blur,s5,5,0.780982,0.876284,0.883006
de294043-7d25-4437-8eb7-79448cc6e195,clean,s4,1,0.726680,0.825509,0.934544
de3f3c92-f9ad-427e-b53d-eb31ded455c1,clean,s3,5,0.458175,0.478642,0.915711
de440a9f-ed15-4016-b285-a5d5a51956f5,gaussian_blur,s3,1,0.552339,0.668443,0.841851
de4ebe76-b757-45f7-87f4-1a982e27a977,fog,s4,0,0.620024,0.744749,0.846552
de54d3ee-1c4f-492a-862b-5c916a33c1ea,gaussian_blur,s5,2,0.691835,0.817700,0.818683
de8da33b-6222-4eab-9b75-45d8c4f9d5d9,fog,s5,1,0.637725,0.778775,0.778880
de8e1265-c675-4e04-be38-ad49e7fd0622,gaussian_blur,s4,0,0.679460,0.804948,0.830635
dea4c73d-1ab3-4cd2-910d-4f29a5e87a62,fog,s4,5,0.475336,0.635945,0.667536
dea70b65-b3d0-4c6b-9b7d-dcbff5ef4b27,clean,s3,3,0.425871,0.560371,0.681460
dea7b47f-11ff-443a-a92f-c411dbd960f7,clean,s4,4,0.532410,0.655870,0.808186
deac5041-5dc8-44d2-ba28-cf7cdb084b17,gaussian_blur,s3,2,0.504602,0.621743,0.800292
deb106b0-49d1-47fd-afaf-357bd3ebec49,gaussian_blur,s5,2,0.759412,0.862625,0.867854
deb28d4c-c944-4e79-81ba-ef27687b01e0,fog,s4,0,0.734201,0.839402,0.892368
deb4860e-23af-4aeb-b1e0-4e460fb1544e,fog,s4,1,0.684903,0.805214,0.852896
deb52bb8-9195-4066-9c61-c543fc82137a,clean,s5,1,0.461075,0.622705,0.653515
dec30f43-bb83-44cd-b15b-b8425d333c0d,clean,s5,2,0.395310,0.558041,0.586053
dec8c326-c7a3-41e3-a9bc-3a6e1ec0e5bf,shot_noise,s4,1,0.585561,0.695621,0.879874
ded053b8-fddb-46ed-86bf-f31ca3724582,gaussian_blur,s4,5,0.409860,0.500781,0.742949
ded657c8-1a1b-46df-b5a7-fbeef7422f74,gaussian_blur,s3,1,0.526854,0.640951,0.827051
ded6a922-2c11-4a2b-9488-95e50da4474a,gaussian_blur,s3,4,0.605723,0.694343,0.951120
ded8dce1-92e3-415a-83e7-3a53e1e76bb4,clean,s4,2,0.722896,0.837186,0.851307
deddc0ed-ec3a-441e-9ead-872fe46d83d1,clean,s3,0,0.630434,0.726378,0.944939
dee0f9e0-772d-4cf9-97dc-af8500e1738f,fog,s5,5,0.414177,0.584339,0.589145
dee73e29-0421-4881-b76d-6a36917a32eb,gaussian_blur,s4,4,0.673702,0.792146,0.867099
def1225d-0657-4ff2-a6ac-0492f2a6387b,gaussian_blur,s4,0,0.572143,0.701525,0.816053
df05e5d7-6fbb-40c9-86a8-eb6d20f01c98,gaussian_blur,s5,1,0.294274,0.441163,0.479013
df0f7463-7fbc-4166-84d3-92401f6ee423,clean,s2,5,0.491021,0.495470,0.982042
df10c9e8-83b6-42b8-a369-4f12ecc223e6,clean,s5,3,0.732887,0.845581,0.847644
df1319e0-6061-4fe9-a59f-b6324e3d26e2,clean,s5,3,0.680422,0.805911,0.829979
df18f7e3-24ae-455a-b04c-7e00ef80cad0,gaussian_blur,s4,0,0.665882,0.793625,0.827587
df1f8f03-74b3-4e86-9dfd-677bdf213416,gaussian_blur,s2,2,0.637188,0.730260,0.956837
df22bc9d-0130-4842-96a6-d14e04be25b6,shot_noise,s3,5,0.489826,0.517246,0.948219
df24f5f2-b096-4434-b71f-24ed571a3b69,clean,s3,2,0.556664,0.685882,0.808541
df28075e-c030-4d87-b715-4fe112abb1fc,fog,s5,5,0.240047,0.386035,0.388987
df2d6564-0dc8-4464-9503-ea08b0376b1f,shot_noise,s5,2,0.385792,0.521136,0.631221
df420f7e-14e5-4c6a-8f0b-52d24ad3648d,clean,s5,2,0.512288,0.675497,0.683675
df42dbe4-bf98-4c63-8969-fdd3d8941ba0,shot_noise,s5,3,0.454234,0.624344,0.625670
df5908b1-53bf-4542-8248-8d51892e0a65,fog,s5,1,0.595230,0.745875,0.747787
df5d4569-e995-4325-a0ce-2be5d755abfc,gaussian_blur,s4,5,0.753992,0.852012,0.911988
df91e536-0351-49be-957b-0e3a434e7be0,fog,s4,1,0.387566,0.555777,0.565045
dfac383e-a24d-4fcd-80da-fdc8916ceeab,gaussian_blur,s4,4,0.464174,0.532190,0.851765
dfaeb5cd-1fd3-455f-bd2f-58c54803bf98,fog,s5,4,0.747557,0.855503,0.855838
dfb6bff1-b6f1-49e2-ad60-0dba0c95dc0c,gaussian_blur,s4,3,0.749169,0.842825,0.944239
dfc50387-9093-4f1e-a333-bf6e25c515a3,gaussian_blur,s5,3,0.646140,0.783182,0.793594
dfe1f2dd-9046-4fa5-9eb3-c2f9d124363e,fog,s4,0,0.640711,0.763681,0.854372
dffb90b3-283a-49e9-b552-82b7355114a8,shot_noise,s4,2,0.806917,0.889197,0.928746
e01e0b09-af55-4d1c-b6d9-f71b9cfc65db,fog,s4,2,0.665674,0.791507,0.836592
e02da075-8054-46f7-8f0b-5764898aef2e,gaussian_blur,s2,0,0.622580,0.708187,0.970294
e031a591-2479-4cd0-b2a4-f85af40f3a6a,clean,s4,4,0.489687,0.654755,0.665201
e03724ce-8447-4dd2-b1d7-e618a8b54dc9,clean,s5,2,0.616436,0.759584,0.775712
e0520068-9de0-413a-bc5f-8f731d6600d8,shot_noise,s5,0,0.680422,0.805911,0.829979
e052046e-9d10-4008-b4b0-4a80831f2033,clean,s5,5,0.691475,0.816940,0.821203
e058460b-7e54-451a-96f5-05ae7154c7ed,gaussian_blur,s5,5,0.435384,0.580446,0.669087
e06c7905-f4f0-4fa3-a35e-040e840f2d9f,fog,s4,3,0.414111,0.488314,0.775976
e075f688-293c-4e03-9280-0a14ea0d54c4,clean,s5,0,0.752951,0.858806,0.860912
e07a2eba-19bb-4b1b-9ffa-ef05a34ba40f,shot_noise,s4,4,0.440317,0.486536,0.854631
e08a956a-8692-4e4e-9c36-29f279ee68ec,shot_noise,s5,0,0.800094,0.887315,0.903435
e0945a4f-d440-4d41-9a64-d21a0384c12e,fog,s5,0,0.322790,0.429314,0.590956
e0a50b3c-5c4d-4396-8a8a-c13899b4d15f,clean,s3,3,0.586454,0.669264,0.951165
e0b129df-56f8-4ca1-afef-6add58b022a6,clean,s4,0,0.599344,0.737367,0.795637
e0bd7159-236c-4590-aea7-b5d526de8586,fog,s5,1,0.548313,0.687918,0.773488
e0d1b0ae-a55c-44db-82ce-0c957cec4654,clean,s5,2,0.736832,0.845940,0.864949
e0d1d64d-3483-4739-aed8-3c936ef33e3e,gaussian_blur,s4,1,0.503799,0.667450,0.677808
e0f13b47-76b9-45ec-be1c-809ae490f7ec,fog,s4,1,0.760933,0.860843,0.888639
e0f41567-5a9b-4ce8-a2d7-7214afcaf077,clean,s4,1,0.747575,0.847015,0.911393
e0f8d1e2-09b6-4925-a2ed-0f529563717d,shot_noise,s4,3,0.675609,0.791768,0.876691
e0fe3844-ffa5-4c19-a4a8-e2c5dc86352b,gaussian_blur,s3,1,0.545022,0.649108,0.866288
e101e80a-79bc-47fa-ba11-df9dad769519,shot_noise,s2,5,0.765276,0.848898,0.987051
e10844f3-08d2-44da-a1fc-0d9bdd7c0129,fog,s4,2,0.546350,0.642206,0.886697
e1181d38-58ce-4b03-b4ce-f92f973942a6,clean,s5,1,0.849389,0.918019,0.925184
e11cb82f-aa28-42df-a409-20369b40f06d,shot_noise,s4,5,0.628209,0.756271,0.834779
e11d3929-2916-4504-a276-e8d094a0da87,clean,s5,5,0.706658,0.827799,0.829979
e145088f-de1b-4ccb-860c-284a68440560,shot_noise,s4,1,0.678349,0.802937,0.835831
e14d7b5a-39f5-434e-8ab2-4f28746ce627,fog,s5,0,0.716407,0.827955,0.874416
e152407a-4b62-483a-adc4-af197441a7db,shot_noise,s4,5,0.842303,0.910843,0.954327
e1598af6-150a-434d-88dc-29c77b204dda,gaussian_blur,s3,0,0.695268,0.798847,0.926625
e1671b30-5c3b-4458-96cb-47c83ad83592,shot_noise,s3,3,0.615768,0.724330,0.899568
e17f75a0-c729-4e0b-b320-42c81c7b0fa2,gaussian_blur,s2,5,0.668873,0.761531,0.969556
e18968f0-325b-497c-8541-1c472cbacb07,gaussian_blur,s4,5,0.704835,0.815466,0.888645
e1a4a1fb-af3e-4c79-a581-4f167970d4fb,gaussian_blur,s5,5,0.366932,0.516543,0.578913
e1acb64c-9636-4fdf-8516-98d8da5e267b,fog,s4,3,0.732333,0.838011,0.891642
e1b11df3-ab5e-4ecb-b054-8dc167d11304,gaussian_blur,s3,3,0.601462,0.696470,0.931259
e1b2a7e4-701d-4da8-b371-7bba41efa68a,gaussian_blur,s2,3,0.499397,0.565436,0.897843
e1bcc4aa-5333-46bd-b097-cc3107f70e40,fog,s5,0,0.403450,0.573519,0.578272
e1c16bf4-225d-4bf2-8a3a-38c8b8aacda1,fog,s5,0,0.686348,0.813420,0.817141
e1c64344-fdd7-4466-bc4e-0770bfee7c37,gaussian_blur,s5,5,0.379683,0.509416,0.633915
e20a222b-aed3-4287-a856-cea07573379f,clean,s3,0,0.455509,0.476719,0.911019
e20a4ddb-572b-429f-8e4a-45ebe9c2cc12,shot_noise,s5,0,0.764809,0.862233,0.899397
e2173eaf-ea60-492f-9d22-50b9d6e7e271,gaussian_blur,s2,1,0.489315,0.494600,0.978631
e218aa8e-35f3-4441-8431-3c77aca73b1b,gaussian_blur,s5,1,0.427589,0.598137,0.601275
e219ec75-e7fe-4aca-b2a4-d3368a1e7b4a,gaussian_blur,s4,2,0.534858,0.674316,0.766439
e2361733-e1a6-4b4e-9cf5-bb25f32ac3c3,gaussian_blur,s4,1,0.669497,0.782385,0.892328
e248a3ac-54c5-4be5-85ff-0a38c7e06081,clean,s4,1,0.806032,0.886985,0.942277
e2556732-12a1-48de-a524-b72ce9e1a041,fog,s5,5,0.601297,0.737718,0.801700
e25adf1e-a6c1-4903-8961-8ce050bf83e8,clean,s4,5,0.427731,0.582075,0.640096
e25dd29f-f39d-44e2-9eb2-932d395471ae,fog,s5,1,0.409953,0.550982,0.649509
e26a296e-ef06-4604-bf39-e7147038f59c,gaussian_blur,s5,4,0.434886,0.606153,0.606180
e27901a0-aef6-4941-9194-ded7d8fcf312,fog,s4,5,0.615977,0.743274,0.836699
e2820243-4036-41c7-b812-b2c5b61ad850,fog,s4,5,0.444755,0.604203,0.644684
e29af4c3-2987-421e-992a-a43e3b9e0f5a,fog,s4,4,0.594726,0.727265,0.814069
e2a599a4-6707-4bdd-a534-91037eef3498,gaussian_blur,s4,2,0.795164,0.883759,0.904277
e2b2d238-0afe-4ca0-8622-d228759fafa3,gaussian_blur,s5,3,0.451902,0.614725,0.642667
e2d71ef8-4466-417d-9cbf-5e03dc79185e,gaussian_blur,s4,2,0.643116,0.764812,0.859285
e2d784d9-b4e5-416d-8ddd-d2764ebfa2b5,shot_noise,s5,5,0.822488,0.902588,0.902713
e2da6e11-7069-4174-9acd-a2bf2b8e904f,shot_noise,s5,2,0.587207,0.739775,0.740501
e2db2b1f-7f01-43d1-b1ed-3ded324bb8e7,clean,s5,3,0.841166,0.913083,0.921200
e2e1dadd-6858-479d-af31-4057e0769841,gaussian_blur,s4,1,0.518468,0.671136,0.718603
e2ece6ed-39a1-41d8-86e1-2354299bc04c,clean,s5,5,0.793810,0.884226,0.892213
e2eda6a8-0e98-477d-8bc5-463cba1f5a58,gaussian_blur,s1,3,0.301015,0.375792,0.602030
e2fbdd8e-3206-4950-9c4f-4c4cf34a9fcb,fog,s5,4,0.304160,0.458508,0.481106
e2fc1d25-e55e-4ce9-a02c-9abb9ef67680,gaussian_blur,s4,0,0.770352,0.868349,0.884955
e3147fe5-340b-403d-9ac6-2841cdca8969,gaussian_blur,s5,5,0.289434,0.422334,0.494976
e31a11fc-839e-4fae-952a-f272aaf00315,gaussian_blur,s4,1,0.506885,0.658843,0.713550
e31a8d04-8356-4a34-a66c-1a74ea4481bb,fog,s4,1,0.638638,0.767301,0.831787
e32598aa-7502-4ade-bbb4-ebb5520639ca,clean,s2,4,0.544393,0.628812,0.910229
e331ea25-8a51-45f4-85aa-4322b00a203d,gaussian_blur,s5,1,0.563876,0.716683,0.736811
e33ac5f7-30e1-474f-b78d-9387730bcf6c,clean,s4,4,0.539413,0.672507,0.787207
e33c6a55-5c79-47a5-a2d0-21fbd9b3665a,gaussian_blur,s2,0,0.615334,0.696893,0.976224
e3470dfa-ff82-4059-a9aa-eb2837d99d49,shot_noise,s3,5,0.337243,0.457384,0.591008
e35175a0-b7b4-422c-b5ec-ab473dedfe61,gaussian_blur,s4,3,0.779019,0.870716,0.914992
e359fd62-76a5-44f6-bf8f-f6c3747e568f,fog,s5,1,0.217848,0.347832,0.372981
e35c7667-228e-4591-9415-3c1fbfe2c953,fog,s5,2,0.568323,0.715952,0.755736
e361044e-184a-4a68-9df2-8662242f5426,fog,s4,0,0.611940,0.751693,0.789730
e3655d38-34b6-422f-856e-2aeeba4bb1cb,clean,s5,1,0.577101,0.725800,0.753915
e3659141-0535-4f8f-90c4-a1aa815285c4,clean,s4,1,0.722608,0.831307,0.884395
e3677a72-4788-487f-99e4-8b24077200aa,shot_noise,s5,3,0.538746,0.689818,0.733840
e3806ad5-f1cc-4d03-9304-e2eb2739b70a,clean,s3,2,0.471135,0.485139,0.942270
e38ae138-fee4-43a5-968f-97b4e55907d3,clean,s4,2,0.801152,0.883706,0.940277
e390b72c-e61b-44b5-82d2-e1182b726919,gaussian_blur,s4,3,0.526066,0.646193,0.811675
e3a297a3-9fa1-441b-b11e-fc6237680ad9,clean,s4,2,0.716156,0.828700,0.869072
e3bb8506-c24b-465e-9122-6fcd7dd24719,fog,s3,2,0.356951,0.488676,0.599312
e3c500da-b634-40ee-8dbe-4ba57253c287,fog,s4,4,0.419864,0.501456,0.771856
e3c90f83-380b-4d78-8d50-87f65d355f3b,gaussian_blur,s4,0,0.483669,0.634778,0.699120
e3d17f87-d4cc-4031-a768-4052fe5cd9f9,gaussian_blur,s3,0,0.574824,0.653197,0.951525
e3e36ca6-6183-4480-a036-fb11dd8713d9,clean,s4,5,0.723478,0.828313,0.905040
e3e69fab-b8c4-4175-ac13-ecc8a3c7f533,shot_noise,s5,3,0.779261,0.874545,0.887045
e3eff50a-b36d-4668-9b7e-2c7e3d7df37c,gaussian_blur,s3,3,0.735514,0.831265,0.944431
e3f4ccda-ab53-4084-ba20-c26a68df7a8f,fog,s3,0,0.504951,0.576077,0.895096
e40c946c-2a68-4816-8447-74c845b1711c,gaussian_blur,s5,0,0.528384,0.674385,0.743772
e410cc64-fc2d-4e53-8032-b0d33d426f58,clean,s2,3,0.587571,0.676495,0.937179
e4182a39-aee5-4e4f-af17-47b34bcf9b07,fog,s5,4,0.813458,0.896933,0.899091
e422db35-2a76-46e9-aa46-22a21c519329,shot_noise,s5,0,0.769000,0.868797,0.874150
e423b143-7dfc-445b-93ee-495a9131f96c,shot_noise,s5,4,0.743502,0.851633,0.861309
e428f05e-c5b3-4544-838a-110da8639ed7,clean,s4,5,0.665158,0.784121,0.867429
e42b3d24-9c89-4ed9-92af-717a925237eb,clean,s5,0,0.572674,0.723503,0.745557
e42c122b-2813-47de-bc5c-c472b3ffa9f3,fog,s4,3,0.734542,0.844150,0.864976
e43c2eca-1274-45e5-833a-a028b889d18e,clean,s4,5,0.829708,0.902884,0.948582
e44888c8-edd2-4823-8509-a369e2248e20,gaussian_blur,s5,3,0.540407,0.701224,0.703041
e44b371f-ab6e-4472-8a0c-614b11c862f4,fog,s4,1,0.444924,0.601795,0.651125
e45b3271-6c07-41e0-8bd5-65a8ac150937,fog,s4,5,0.572658,0.697932,0.828693
e469592b-36e4-4773-8d99-eb785ca0ea3f,gaussian_blur,s3,1,0.505559,0.636100,0.769117
e4701f34-b522-446d-bfa8-6f2245a37845,shot_noise,s5,2,0.587931,0.719838,0.814247
e4714fb8-5661-4fad-ae9d-fa40e66c7334,fog,s4,4,0.465643,0.632015,0.644640
e487e730-6709-4ebc-bbf2-5fb36be3b745,gaussian_blur,s5,1,0.371520,0.452795,0.704352
e48e7ae8-f23a-40c7-8bbd-8f7718ad4b23,shot_noise,s5,0,0.305932,0.442219,0.515691
e49760c8-8948-4e1b-801d-f1feb252e2b1,clean,s5,4,0.771997,0.871322,0.871393
e4982f07-046d-4871-9c28-eddcb15acf5f,clean,s4,1,0.761070,0.854746,0.930288
e4a1d1d1-3892-4b93-8575-5c0a6095024b,shot_noise,s5,3,0.554080,0.711926,0.717019
e4a5bddb-ef78-435e-a616-51431f57556f,shot_noise,s5,3,0.367883,0.536814,0.540203
e4b42ae9-fca6-4d76-9ea0-77df0ddc1cc2,shot_noise,s5,5,0.509392,0.661083,0.715920
e4c61b8b-789b-4994-ab88-526a5f27a74f,shot_noise,s4,2,0.804729,0.886968,0.934555
e4cee81e-cee7-412a-8cf3-9d65e74a00d6,shot_noise,s4,0,0.347109,0.492033,0.561221
e4d36c4b-7bfd-449b-afbb-257be151a7fc,gaussian_blur,s5,0,0.809950,0.894997,0.894997
e4d37733-5ccc-46c9-83ae-00a0d65abe8f,clean,s5,0,0.288519,0.379844,0.557458
e4d9aa60-02f5-4e18-8196-f6e23525c65a,fog,s5,5,0.347141,0.504607,0.537111
e4de7b2b-dd0e-411e-9d77-0bf28025b800,fog,s4,5,0.458359,0.613912,0.666627
e50291a6-fa51-4dc9-afca-06c551ccf466,fog,s5,4,0.292178,0.424434,0.500511
e503d02d-6889-4dee-998f-a8dc237685c0,shot_noise,s3,1,0.573047,0.640076,0.974485
e5058f86-6397-4c90-ab52-ab1dd3893e04,clean,s5,3,0.694060,0.819314,0.819900
e51195c5-1b2c-4dda-bdaf-de184e6feb1b,fog,s5,5,0.506732,0.661241,0.706227
e51811c4-e7cf-4f56-b7e3-8c1635602e61,gaussian_blur,s4,2,0.766649,0.862922,0.904325
e522e075-f1cb-40f3-bbf9-a57cda4aa01e,gaussian_blur,s4,2,0.601688,0.729499,0.831979
e534a032-b75f-491d-b22b-6364de255b30,fog,s5,2,0.419319,0.457687,0.836462
e53604c1-84fb-4609-bce6-e1396ab2a572,fog,s3,0,0.608869,0.706406,0.928843
e54546fb-7335-4b0f-843a-f8889767220b,shot_noise,s4,0,0.609125,0.723866,0.877403
e557013f-f2b4-4112-8be9-d922d66c93a1,fog,s5,1,0.708604,0.826503,0.846458
e559f12a-5458-41df-aec1-9b6cec5d33eb,shot_noise,s4,1,0.729119,0.838173,0.875283
e563fff7-e08f-4375-982e-69cb04aa73ee,shot_noise,s5,3,0.654854,0.791434,0.791435
e56d0d7d-c561-40b9-9d09-84e70f4d32bd,shot_noise,s5,1,0.708081,0.826411,0.844561
e57a558b-9396-4b25-99cc-558f097442b2,clean,s5,0,0.736002,0.847648,0.849764
e580d494-2e09-49e7-ae2f-f8d6e7f41206,fog,s5,2,0.756970,0.860284,0.871643
e592d7b2-2164-48bc-93a2-9e54fc73a14b,fog,s4,1,0.484444,0.612347,0.756775
e5a96163-7b4f-482c-85e2-7047576cfcdb,gaussian_blur,s3,2,0.508668,0.588586,0.882733
e5aa1747-6717-424a-8d6d-059b3817430b,gaussian_blur,s4,2,0.726942,0.835912,0.878277
e5b63a2d-905c-4b35-9358-4662997d5811,shot_noise,s5,0,0.384807,0.545060,0.579264
e5c194b6-5950-4615-a4e7-ec2ded9f84c9,fog,s5,2,0.368500,0.516135,0.584864
e5c63eb6-1061-41aa-ab62-4e6425053e03,gaussian_blur,s5,4,0.744416,0.851325,0.868005
e5d69370-79a1-4923-ac71-6e8804f54ccc,gaussian_blur,s5,3,0.352808,0.459533,0.636421
e5d74e7b-19cb-496d-a3c4-40ad385b77dc,clean,s4,3,0.594258,0.697507,0.904149
e603b6e3-c1ee-4e4c-90f3-75a17083bdcc,shot_noise,s5,0,0.806378,0.892627,0.894533
e612f93b-5634-4d49-9184-95a900acf9d3,clean,s5,1,0.668264,0.797193,0.820656
e61f7520-a22d-42a6-b3eb-04fd5246524d,shot_noise,s4,2,0.452400,0.588002,0.707839
e62572d6-ecda-4110-a370-29fe9b566ce6,clean,s4,0,0.734197,0.842327,0.874643
e64bdebd-3e77-45f7-be7a-ed28c72c24df,gaussian_blur,s5,4,0.556614,0.706065,0.746103
e64c2fc3-f0e9-4ffe-b5e7-9c7bc8ee5f57,fog,s2,5,0.380874,0.458416,0.723778
e64e18bd-57fa-4c4d-8a96-3362ab08dbfa,shot_noise,s4,3,0.535119,0.690405,0.719019
e6527c38-3a2b-4c03-9bde-494db97935e6,clean,s5,1,0.721575,0.836883,0.846800
e655f929-ea09-46e8-a463-2f46cc5d3dd6,fog,s4,2,0.337398,0.504141,0.505403
e656cd0b-602e-4689-8dfa-f91be92a8855,fog,s5,3,0.720993,0.836372,0.847099
e6591421-c345-4741-af61-67e8831ade12,shot_noise,s2,5,0.477381,0.488429,0.954763
e66077a3-4879-4946-b0ab-edaf3cee620b,shot_noise,s3,2,0.557075,0.641354,0.922390
e66efe06-2b57-4af9-aa83-64c1879cf199,fog,s4,5,0.770439,0.864173,0.915714
e6799407-5034-4080-a74b-af2ddf75c298,clean,s4,0,0.734201,0.839402,0.892368
e687a1fc-6723-4761-84a9-2ba8a4145837,fog,s5,3,0.558329,0.714194,0.724901
e6b80d83-5959-4925-bdd6-a52f6f4faa03,clean,s5,4,0.665942,0.798446,0.804597
e6be0f3b-9045-43ea-bac8-04f8383183ec,fog,s4,2,0.604111,0.736601,0.816235
e6be879a-f5b2-4fb0-ac41-877ed21cf4d8,fog,s5,1,0.477923,0.646559,0.647286
e6cb1924-605c-4bb0-ac24-0adaf73acc15,gaussian_blur,s5,2,0.460866,0.544942,0.819952
e6cc454c-5e51-4933-86d4-e43cd079f835,fog,s5,2,0.774921,0.872997,0.874703
e6cd5266-1e61-41ff-bab8-d82a9dff939e,shot_noise,s5,2,0.456943,0.621883,0.641489
e6d34317-7f9e-4706-bc67-8d12920099cd,gaussian_blur,s5,0,0.809027,0.893664,0.901670
e6d53526-6222-4b89-893a-06089ff78fa3,fog,s5,5,0.642028,0.781979,0.782066
e6d64bb3-00a0-4941-b55c-dd01941d1d0c,clean,s4,4,0.343744,0.488053,0.557659
e6d927b8-be35-4500-9472-5f713e1fdf1c,clean,s4,5,0.570871,0.700414,0.814965
e6e0ed90-1803-4ecd-b9d0-7687d8d47ea3,shot_noise,s5,5,0.800885,0.889306,0.890600
e6e1ae02-ec25-48c9-8e73-36651048c229,gaussian_blur,s5,5,0.769018,0.868789,0.874309
e6e3d85b-6822-4710-beaf-9c193269497b,fog,s4,3,0.436795,0.595076,0.639963
e71517d9-e669-4483-99d5-0513a610f7a3,gaussian_blur,s2,5,0.491021,0.495470,0.982042
e71f85b5-9346-4ce2-8930-78b6bb7b7937,gaussian_blur,s4,0,0.823467,0.900338,0.931792
e72135de-b5f0-48a0-91d6-9d9673051eb4,fog,s4,4,0.220313,0.354747,0.370885
e721cf87-e417-4305-89ea-c57a5b9f6e71,gaussian_blur,s4,2,0.482266,0.631652,0.702464
e726d588-1105-483b-a077-e1d92bf2e5d7,gaussian_blur,s5,0,0.322790,0.429314,0.590956
e72a0b72-9355-4c0d-935a-a292d981fc6f,shot_noise,s5,4,0.866629,0.928550,0.928550
e7359231-e90c-47ea-91cd-877b1e9bf2e3,fog,s4,3,0.477584,0.630883,0.688583
e7448174-b420-4521-810a-7f4811239f8b,shot_noise,s4,0,0.740761,0.839877,0.921027
e74627a7-4579-4538-9423-73c61691cfe3,gaussian_blur,s5,4,0.747538,0.855359,0.856733
e76be8c3-cd32-4583-b5f7-76dc1378d02d,clean,s5,2,0.661348,0.787503,0.836891
e76f7fd5-c818-413c-acbc-68c5be812415,clean,s5,4,0.632425,0.774827,0.774837
e77a3aa0-ebc2-43aa-a8ba-70f3be5e6ee5,shot_noise,s5,2,0.745156,0.853890,0.854528
e7820f68-1826-407c-b08b-a7b469d6af27,shot_noise,s4,3,0.529667,0.686758,0.710939
e78b9fdb-8f6a-455b-9d4a-9c26b50a0d64,shot_noise,s4,3,0.405410,0.519941,0.695637
e78f3669-a259-4655-ac19-71cecd1478f8,shot_noise,s5,0,0.712272,0.829962,0.843717
e79857ee-837f-4e3a-9f4a-f9865e36014f,shot_noise,s4,5,0.573629,0.721821,0.755046
e79b4857-acf7-4126-b9dc-6d0e00fe1f81,gaussian_blur,s5,0,0.353841,0.500438,0.567328
e79cc012-b7ef-4715-b47c-91db6cc3f13f,clean,s5,1,0.321702,0.428307,0.589116
e79f14db-cdff-4045-b916-9cb6a60a98f4,shot_noise,s5,1,0.556853,0.707024,0.743803
e7ac8ff9-4fa7-4767-9ca1-7357c3fc1a06,fog,s4,2,0.601739,0.729528,0.832066
e7df7004-5916-4ce5-b203-8932e2a09965,fog,s3,1,0.512913,0.630978,0.805598
e7e03e53-3121-46e9-b0d5-13509d511d68,gaussian_blur,s4,2,0.525375,0.665140,0.759644
e7fa2ce2-0160-44a3-a179-7fc6f1875f9a,fog,s5,3,0.214272,0.348594,0.359568
e80821cd-88b1-482e-8b63-cd968ea8c11a,fog,s4,2,0.774697,0.870954,0.889269
e80fa00c-a503-4650-9c97-d3bf90acd70a,fog,s5,2,0.645518,0.783419,0.789925
e819b2c9-7d19-4811-9c29-7f1dcefc9b09,gaussian_blur,s4,4,0.302584,0.456955,0.478651
e821c432-7768-4d3a-a906-9df5cc5472e4,shot_noise,s4,1,0.508989,0.580482,0.898981
e82a9108-82e4-49c6-ac80-e63598353c5d,shot_noise,s4,3,0.614052,0.741975,0.834160
e835ed85-4465-4e66-ae05-4ad054f20ac6,clean,s4,4,0.665882,0.793625,0.827587
e83b4095-2142-497c-ab63-5841bf12777b,gaussian_blur,s2,0,0.489375,0.494631,0.978751
e846b542-9e88-4463-ab4c-834ce7b624e2,fog,s4,3,0.650963,0.775870,0.845321
e8611bcf-c451-4c36-bc0b-d4a2ff99c4ca,shot_noise,s4,0,0.695618,0.806551,0.892541
e8662098-4f12-4b93-8947-2f6c13f9b611,shot_noise,s4,4,0.523811,0.663289,0.759408
e87156fc-daa7-4924-9d98-01341ccd9440,shot_noise,s5,1,0.401282,0.527383,0.668697
e87e4a08-135d-4cd6-a700-634c3a241473,fog,s5,4,0.467280,0.612963,0.698867
e87fd422-c1a2-47c7-84b5-cc2795f487ac,fog,s5,2,0.441014,0.598343,0.646309
e885989b-4a67-4c61-b1a5-397647a9d2a6,gaussian_blur,s3,1,0.438652,0.563676,0.715541
e8867a7f-7789-4383-a290-5262f90b4e03,shot_noise,s4,5,0.445173,0.612118,0.626304
e88ca77f-7c5e-4ee8-b275-47ef9f194b37,shot_noise,s4,2,0.770692,0.863540,0.921488
e89f2939-8573-49d7-b680-ecd180abe48a,gaussian_blur,s5,4,0.734289,0.845834,0.852987
e8ba62bc-e88b-42de-b7d5-ed1e6ec6cc90,clean,s5,5,0.786183,0.879415,0.887586
e8ca6e2a-80da-4e35-ab43-7f8b798591bc,fog,s4,5,0.737919,0.840622,0.903009
e8dc4ed9-0b8f-4ddf-a7e8-e01aef2fdaaf,fog,s5,5,0.414657,0.547210,0.672407
e8e0f2f2-fdf0-4b22-b5ab-df66bda7f8a4,clean,s4,4,0.552155,0.689126,0.783339
e8e419d2-8fd7-4543-b5e3-56ab73394b04,shot_noise,s1,5,0.479053,0.489303,0.958107
e8e79eae-c2a4-42bd-a089-304077ea061c,gaussian_blur,s4,1,0.461686,0.618159,0.667225
e8ee2a67-0d22-4d75-9f4f-183212daad73,fog,s4,3,0.508759,0.665335,0.701514
e91234bf-711d-4642-9cf1-d9fde7392bd7,fog,s5,1,0.755865,0.860371,0.865179
e912c288-e4f5-4b63-9154-9273549cfb2c,shot_noise,s5,4,0.584557,0.737715,0.738208
e9181e34-1a32-492a-a8c5-ba3cc7d5531b,shot_noise,s4,3,0.425285,0.578152,0.640912
e91fab0d-633f-46b0-bddb-6bb893158b26,fog,s4,3,0.829352,0.903118,0.943867
e927db81-0d2c-4a62-b96e-6fb42dbfa621,gaussian_blur,s3,5,0.327517,0.434834,0.597104
e9280d74-2872-41d1-bac7-0b0604c876ac,gaussian_blur,s5,2,0.436577,0.607618,0.608270
e92c54ee-adfc-4ae2-831e-f7892e60bb4a,gaussian_blur,s4,3,0.594267,0.738760,0.771321
e9345517-7bf0-413e-b35d-75d0fb7a538e,clean,s4,5,0.646259,0.770071,0.850592
e93f0d89-d717-45f9-a269-d798e48705f3,clean,s1,0,0.422650,0.466091,0.834066
e943e1a0-c248-4e10-9534-ef61ac4f8c7c,gaussian_blur,s4,0,0.697524,0.809511,0.886400
e951b24a-c4b2-44af-a024-3098f95bf8b0,fog,s5,5,0.408767,0.574925,0.593008
e9547bb4-68cc-42c8-baa8-caca584d53e1,shot_noise,s5,5,0.516793,0.680844,0.683259
e9639d31-4035-4cdc-9b44-2a68321fb077,clean,s4,4,0.829708,0.902884,0.948582
e98e9065-6e0f-4d22-85b0-61b1d2a041df,gaussian_blur,s5,0,0.688868,0.811359,0.839184
e9a51d68-21d4-4b48-b53e-fa092f1a9dd0,shot_noise,s5,4,0.328940,0.444115,0.586655
e9b0ee7b-45e7-479f-a6a7-8dde2d472ef2,clean,s5,1,0.720403,0.837481,0.837483
e9b671be-0a47-4782-a119-5d70b9c184a0,gaussian_blur,s3,5,0.511068,0.627866,0.806942
e9c443f4-b703-4735-80dd-fc3ce498a95b,clean,s4,2,0.718707,0.821397,0.919970
e9e3dff5-ba88-45af-b2a4-ded38ed29f0d,clean,s5,3,0.574431,0.725979,0.743279
e9e9cd0c-df26-416e-826a-0efb2b2691a8,shot_noise,s5,2,0.625426,0.755863,0.825628
e9fdff99-2a22-45f5-9ba0-c5f1a991e48e,gaussian_blur,s5,0,0.312128,0.453799,0.515963
e9fefc24-2325-4022-93a0-d2887dede861,fog,s4,2,0.414128,0.567368,0.628075
ea01fb06-cfa0-49d2-b7d6-e041f3de593c,shot_noise,s5,2,0.755565,0.859802,0.867637
ea0793a4-74fa-46f5-8888-44d0cb0b5f6f,clean,s4,3,0.672627,0.800044,0.825445
ea225274-f2fc-4878-95da-fdf9b91b6be2,gaussian_blur,s4,0,0.569047,0.715668,0.759363
ea2a5e44-f5a4-4b48-a5ee-0984c8875372,gaussian_blur,s5,3,0.524577,0.687844,0.689173
ea304d62-d1f9-467e-a975-814ecf5ef38c,gaussian_blur,s5,0,0.390097,0.543884,0.599328
ea311654-7b31-4485-ab45-57ed391dd451,fog,s2,2,0.626607,0.711158,0.975710
ea3bcd71-564f-4da1-90fa-2aff2be5ad78,shot_noise,s5,5,0.628555,0.771818,0.772352
ea51354e-954a-42c6-ae2f-5bafb5d5a2ac,shot_noise,s4,1,0.718554,0.828776,0.879771
ea6e2d21-f9eb-457b-b28c-72722512e61e,fog,s5,1,0.303660,0.441088,0.510176
ea852047-fef4-46dc-a205-efa507f66c23,fog,s5,4,0.340288,0.455831,0.603253
ea85ba01-8d0d-4ceb-9679-6bfe9452423d,gaussian_blur,s5,3,0.786501,0.879331,0.890126
ea8839a0-b2c4-49e8-aa81-5842acdfb5a9,clean,s5,1,0.371095,0.510608,0.604050
ea8c5ffc-2a88-43ec-b07b-7e96d15a2f90,shot_noise,s3,2,0.532239,0.654478,0.811189
ea97174b-3fea-4403-8b69-d2a01b95165d,gaussian_blur,s4,5,0.239985,0.378909,0.400229
ea9bf260-5099-4d2c-810f-2bf023593a90,shot_noise,s5,2,0.590988,0.735043,0.772645
eaa437b9-aa6c-446f-8e01-e9986657dff4,clean,s4,3,0.577822,0.722816,0.767114
eab70d7b-8dd8-4ff1-a0c6-c98430aac88d,clean,s5,3,0.720149,0.829727,0.881843
eadf74da-a834-494c-893c-1fc7104f64da,fog,s4,1,0.715153,0.827166,0.873018
eaf58b62-363d-4af2-95d1-b51964ef0019,clean,s2,3,0.483640,0.491684,0.967280
eb05d301-a4aa-46bd-a4c5-d6f7f9fef7bb,clean,s4,1,0.351017,0.502172,0.554709
eb063072-2fda-47e6-9697-529ef134f725,shot_noise,s4,5,0.519757,0.622992,0.845822
eb075368-6bb1-47f8-97a4-7189a702274b,clean,s5,3,0.664156,0.797429,0.801947
eb0a3d6e-a067-4fab-9005-ddd7d6ec7bf6,shot_noise,s5,3,0.357726,0.469984,0.634426
eb1b3f12-850d-4d3b-91a1-18dda1ee4ad5,gaussian_blur,s3,1,0.463426,0.481019,0.926853
eb2820e6-fd6f-4dba-9904-15462514fe38,fog,s5,5,0.678814,0.805855,0.823248
eb339948-af1e-43fc-bfa6-cb64ca517a47,clean,s3,5,0.464093,0.481378,0.928186
eb35cd78-c64a-49f9-869a-422d9b97e789,gaussian_blur,s4,1,0.538385,0.639599,0.867349
eb419191-f47b-4f80-be9f-2dc390ce85c9,shot_noise,s3,2,0.565684,0.639863,0.952347
eb52adbc-d1f2-4d89-a861-e0a7f54b9168,gaussian_blur,s5,3,0.699408,0.818007,0.851211
eb65d0cf-ed56-45c1-be19-56d0476b2415,shot_noise,s5,4,0.732073,0.843185,0.858891
eb73bb07-1c27-45cb-a9e4-a680d8259686,gaussian_blur,s4,4,0.675421,0.796432,0.854601
eb97f7d9-1fcb-49ef-80e7-d9de7724d577,shot_noise,s5,5,0.589029,0.731365,0.778613
ebb17722-edd1-4e58-9922-46dc287b470b,fog,s5,5,0.526017,0.688956,0.690821
ebbe5be1-e1fc-40d0-9a55-c920f612c1b6,gaussian_blur,s3,4,0.496446,0.582007,0.858462
ebc16a8a-0507-4450-963b-466eff65c02c,gaussian_blur,s3,2,0.472742,0.603559,0.738928
ebc44461-adfa-4348-9562-2bf671cf191b,clean,s5,0,0.683202,0.810335,0.819451
ebc94d99-2a26-4721-8578-737af8778604,gaussian_blur,s4,5,0.514338,0.656333,0.746095
ebd8ee81-1e92-4438-9f03-5f7df3a1a7fc,fog,s4,4,0.255961,0.407546,0.407675
ebdc0b10-f6f6-4ad8-aa88-d9d420683d40,gaussian_blur,s3,3,0.565323,0.646479,0.936805
ebe462d2-b397-4781-b6d4-f2704616b653,clean,s4,4,0.684430,0.806075,0.846587
ebe866e9-f910-4241-b9c1-5b03857f4abb,shot_noise,s5,1,0.462902,0.606888,0.698910
ebf02ce3-eb7a-4d9a-8c69-ae9a28ba4938,gaussian_blur,s4,2,0.565391,0.707747,0.772378
ebf1d6d1-aa12-4045-aab4-5e62ab47744b,fog,s3,0,0.471135,0.485139,0.942270
ebf40619-9234-4689-80cb-32925376fdce,clean,s5,0,0.400645,0.565072,0.588213
ec040a97-4bc3-4633-bb54-8040af248ebc,clean,s5,0,0.595251,0.735930,0.785467
ec0614f5-c0b2-44cb-b7a5-6dbd54e3c7ef,clean,s5,5,0.654083,0.787509,0.806693
ec08f963-ee74-4fc2-9a5d-74675d32fa52,clean,s5,3,0.730103,0.841129,0.862066
ec0b46f4-8e76-4e25-b64e-72dbe78d524b,gaussian_blur,s4,0,0.289091,0.397779,0.532773
ec0fc80f-e6ed-44c6-808d-fece973ecab5,fog,s5,2,0.363370,0.525699,0.548539
ec33bcb5-f1e6-46f3-8150-30b6be2faa48,clean,s5,3,0.624517,0.767236,0.775859
ec3d286f-ea67-4aa2-b500-1577f97222c6,fog,s5,1,0.659585,0.794279,0.797797
ec4aae4c-6526-4357-afde-09b327e41b22,fog,s4,5,0.555948,0.693935,0.782162
ec50f664-536d-4349-aec9-01f1a6db6078,gaussian_blur,s4,0,0.729986,0.833149,0.908485
ec5d9100-9168-4b1f-a6cb-77dd8e79b27c,fog,s5,5,0.785392,0.878971,0.886633
ec6fd645-0a66-4793-a534-babe3399ca4c,clean,s4,1,0.582625,0.713299,0.816421
ec71b6b0-8124-4823-923d-b5cfa32d51b8,shot_noise,s5,1,0.546598,0.692830,0.752444
ec741b79-5ab1-49ef-871b-6fc3fc4d3db5,clean,s5,5,0.458117,0.628329,0.628474
ec78dacc-a4ed-4e7f-b5a9-708245f5a3fd,gaussian_blur,s3,5,0.535880,0.618827,0.905039
ec7c6dab-608e-4fe1-94aa-5e72e9c68075,gaussian_blur,s4,0,0.726076,0.835444,0.876905
ecbbc39d-0691-49f5-829d-091d45be7bcc,fog,s4,2,0.518620,0.643860,0.792955
ecc52eb3-9721-42e8-b6c8-c8f5813b2c5c,shot_noise,s5,5,0.527205,0.690364,0.690592
ecd19a1b-6908-4d0c-9f04-9e32e3c20f58,fog,s5,1,0.303542,0.437508,0.515874
ecd1d42d-4337-40dd-8404-609673a500b1,shot_noise,s5,3,0.305207,0.386253,0.600342
ecf59237-ae41-44af-a05b-8e4f1cbe2ac4,shot_noise,s5,3,0.699045,0.820039,0.838590
ed026945-d288-4d65-ad14-4da4324c1df6,gaussian_blur,s4,0,0.535017,0.665515,0.791461
ed181097-10f8-42e7-993b-02127a3e5f29,gaussian_blur,s3,2,0.543533,0.637905,0.887557
ed1e5dbd-3d65-4745-b41b-b8c1c994bd94,clean,s2,4,0.544264,0.614696,0.938955
ed1eeeef-d76d-4c9b-a219-b9cd0268e9be,fog,s4,5,0.536994,0.674681,0.772773
ed2fcc0e-219e-404e-98fd-a901e777a5b8,fog,s4,2,0.614915,0.753393,0.794599
ed2fcf92-796a-4c25-9118-4fcc49b72e81,gaussian_blur,s5,4,0.467427,0.634264,0.644741
ed369bd0-7e93-40f0-ac45-2abc4a171fa5,gaussian_blur,s5,3,0.702111,0.824719,0.826528
ed3e83e6-aec1-422e-9601-65012ee43b33,shot_noise,s2,2,0.575760,0.658639,0.942078
ed400e05-359d-4a4f-99fb-8f4962a961f4,shot_noise,s2,3,0.617515,0.709139,0.950555
ed447a3e-8c62-49ee-a1fc-2e238d309033,gaussian_blur,s4,3,0.630235,0.756492,0.841728
ed47d328-beac-40e9-a0c0-b0ea353bce3a,shot_noise,s2,0,0.483640,0.491684,0.967280
ed492d9f-112f-4168-9d4f-337da751825a,fog,s3,1,0.761023,0.847549,0.974154
ed4e786a-5678-47db-aefa-5ecad47d16c2,gaussian_blur,s4,3,0.586261,0.717335,0.816431
ed565740-90d6-4c6e-a9a6-9c2c67214b32,shot_noise,s3,0,0.550893,0.664771,0.846595
ed56d939-7251-4156-aee1-5783e7779d18,clean,s4,5,0.704440,0.809936,0.914240
ed5d3415-393a-4b7a-aa25-0d11d1e74502,shot_noise,s5,4,0.684224,0.811551,0.817600
ed6be7c4-505f-4a95-bb22-8708774e9637,gaussian_blur,s3,2,0.740662,0.834856,0.948837
ed6c5a67-923a-4092-a319-e89839db781c,fog,s5,1,0.714351,0.831574,0.844090
ed711971-e8fa-4d84-a8ad-4b1c2643f200,clean,s3,1,0.458175,0.478642,0.915711
ed736cd7-50a4-451a-8e7c-22ff9143f511,gaussian_blur,s4,1,0.648925,0.780065,0.819024
ed76dad6-e67f-4700-8a06-89434671e31e,fog,s4,0,0.651235,0.780325,0.827299
ed7dd57e-bcb0-445a-825d-9369fad556b1,shot_noise,s4,5,0.807470,0.891162,0.914789
ed801146-1b99-48a8-b5ef-ab94d4361b7b,gaussian_blur,s5,0,0.761436,0.863738,0.870619
ed8318ba-5507-464a-87a3-11fe50ed1823,fog,s5,0,0.457141,0.556101,0.788180
ed863f6e-5d79-4d61-b19a-594dbd5ef7ff,gaussian_blur,s2,5,0.692748,0.782508,0.983928
ed8a5acb-5aeb-4b16-8e26-fc85ddb438c3,fog,s3,5,0.493141,0.554433,0.898685
ed91b5ef-f213-4df6-a4f9-7513c12b5c9f,fog,s3,5,0.105503,0.190548,0.191266
ed95d556-8425-4a5b-9ebf-457f26ba3ace,fog,s2,3,0.428421,0.461451,0.856843
ed99ab27-cce3-43ab-b37f-e6e6a19ac8ab,fog,s5,0,0.442360,0.595011,0.658749
eda35d12-3139-4077-966b-e5dcbc310e04,shot_noise,s5,1,0.814678,0.897666,0.899931
eda6b752-5e3d-4f21-bf3d-66d1f9fcdd48,clean,s4,4,0.380037,0.468438,0.705637
edb27c36-4f6d-4f6b-9613-1a190b8b214c,clean,s2,2,0.489375,0.494631,0.978751
edb481e6-f318-4c86-bcbd-f1896a19bf6c,shot_noise,s5,3,0.553992,0.710231,0.722523
edc27ceb-12ad-4b0a-b120-76cf86b4b4e9,shot_noise,s3,5,0.575242,0.691255,0.856992
edce4e9e-0108-40bc-9d61-2e5c6da020d4,clean,s4,0,0.770352,0.868349,0.884955
edda59c7-cb5b-47d5-9b8f-11a796bd3c0d,fog,s5,2,0.590659,0.740299,0.751749
eddfe265-4981-4ec4-bb44-46a029f79462,clean,s3,4,0.565706,0.642358,0.947045
ede55617-71ca-4d35-9e38-81ceb9eb483e,clean,s4,1,0.621111,0.754648,0.813680
edefe0e6-3908-47b0-b4e5-ce09a5188c35,clean,s5,1,0.531580,0.693511,0.696272
ee004294-c9d1-42b7-9b8e-1f7770530c82,fog,s5,2,0.630512,0.764281,0.812042
ee09e5ef-de9e-412d-a30e-eefae41e5d9a,fog,s4,2,0.704647,0.820198,0.863102
ee0c575e-aefd-4f58-aeea-b6681e85f923,clean,s3,0,0.512235,0.558548,0.946807
ee2b9f92-7082-410f-9447-530741bfd49e,clean,s5,2,0.689726,0.812773,0.835624
ee3ee720-c982-41fe-995b-f7e8ec6cbb27,gaussian_blur,s5,4,0.329543,0.495033,0.497093
ee4a7b4e-a926-4cb8-9e21-aa2da0f22bcd,fog,s3,0,0.556664,0.685882,0.808541
ee4a89d4-f2b7-449f-abf5-23467c39c975,clean,s4,3,0.520815,0.672444,0.722991
ee55fa82-7a23-4466-b601-8feb04f81b98,fog,s2,5,0.580325,0.648109,0.979764
ee6d28ed-9559-41d9-9e32-fde6925e1ed4,clean,s4,3,0.375005,0.446339,0.724486
ee6ff627-1543-4ec3-9754-5df84e5cdaf8,clean,s5,2,0.656563,0.789143,0.809461
ee8f645d-bcd5-4f44-a9b5-db3e620f399d,shot_noise,s5,5,0.344293,0.458619,0.611255
eec344a7-ef1f-4bd7-aa3d-423fa05c89fc,gaussian_blur,s2,4,0.595626,0.684639,0.942967
eec844b7-3c7f-40cc-85e1-6e5cebd816c9,fog,s4,0,0.559621,0.712762,0.734608
eecae53f-7e0c-4cc0-b7c6-885c87ce981f,fog,s4,2,0.476741,0.605061,0.748480
eecbdd85-fef1-4616-8a40-5af7d4a827f1,clean,s4,3,0.479768,0.568671,0.833367
eee04c20-47ff-42e8-bcc6-51f1c917dfab,gaussian_blur,s5,3,0.547804,0.707521,0.708961
eee72b4a-276a-4ac1-9219-bb70140ecdef,fog,s4,0,0.407038,0.576609,0.583216
eee95650-623f-41f3-a006-d0b40a76a206,shot_noise,s5,3,0.576395,0.731016,0.732272
eeed029a-839e-4303-a9c9-df52d2fae7b4,gaussian_blur,s5,3,0.583983,0.724350,0.784560
eefb23b9-4459-4b7a-a941-188a04ee3e07,shot_noise,s5,1,0.743451,0.852166,0.857477
ef0734bb-e81a-4f1c-9a97-0311e375b8cd,shot_noise,s5,5,0.752162,0.856159,0.875195
ef2450d0-2ac6-4bb9-a33a-63e945036ebd,shot_noise,s5,4,0.695107,0.819211,0.825234
ef31655d-3313-4d4c-aa5c-88fdfddcaf97,fog,s5,4,0.792393,0.881814,0.904133
ef322a5d-cc54-41d0-86ce-8b1b8b6149f6,shot_noise,s3,4,0.564909,0.686125,0.836175
ef3bbe7f-4bde-4a39-8da5-96b77fbe8b78,shot_noise,s4,4,0.437086,0.526204,0.781557
ef4e60b5-d581-435e-9975-54f22b609454,gaussian_blur,s5,2,0.610157,0.757649,0.758859
ef4e74a5-0bca-4a9a-8208-ac300803b38a,gaussian_blur,s5,5,0.590917,0.742566,0.744021
ef4f1031-cb1e-425a-85d2-5b2a277439b7,fog,s4,2,0.668765,0.798505,0.816416
ef5e8631-1ac1-4653-aa1c-096394058c52,fog,s5,1,0.573046,0.724611,0.742997
ef609cda-08fd-492d-98cb-04a5fb0cf125,gaussian_blur,s5,3,0.551833,0.710877,0.712323
ef612783-db5e-4dc0-bb90-d04db48c0681,gaussian_blur,s5,0,0.454885,0.594706,0.700859
ef8b1fc2-fbcd-4d64-b74e-5617c28fb7c7,gaussian_blur,s5,4,0.671519,0.801955,0.811199
ef90225d-4200-46f2-a125-04dddeb9020c,gaussian_blur,s4,5,0.806805,0.891206,0.910238
ef9d25d8-a479-42cc-bcde-54f763536892,clean,s4,3,0.494966,0.638846,0.726779
efa0af31-f3f7-469a-9790-4415626304dc,fog,s2,0,0.662266,0.758037,0.957123
efabfdb5-6c45-4149-b58d-df89d7d4b81a,clean,s3,2,0.706259,0.799165,0.970649
efaee243-6b11-4a90-87cd-1725644c07b4,shot_noise,s5,0,0.816138,0.898762,0.898763
efb8559e-6b09-452a-8393-ec434582fa09,gaussian_blur,s4,0,0.481640,0.600020,0.775461
efc26f34-96d7-4cb2-bb76-61c0616cb747,fog,s4,1,0.791829,0.881420,0.904080
efc8b335-1dab-4a89-b1d0-b9c3592036d3,clean,s4,2,0.241953,0.380762,0.403958
efd9c465-7f45-4887-9e9b-b9bb4786cd24,shot_noise,s5,4,0.730725,0.841776,0.861093
efd9e80b-69b9-42ee-a22d-0423df00c548,clean,s3,0,0.497507,0.575851,0.873328
efde7707-22ee-4674-9243-c41dd57fd1e2,shot_noise,s5,1,0.227488,0.370428,0.371019
efe5e5bf-356a-43a1-866e-34077a40c2aa,shot_noise,s3,2,0.590712,0.678241,0.943040
efeaaa24-aa58-4ae4-b95f-965179a14fa5,clean,s4,4,0.673517,0.780711,0.915275
eff8b762-23ee-433d-b71b-827b954641e6,clean,s5,0,0.400447,0.552700,0.614775
f021c28c-6b76-4a21-aa8a-cc89bf98ec47,shot_noise,s5,1,0.665600,0.793506,0.826958
f0281a24-f598-4a26-a725-fee367ed5f9f,clean,s3,4,0.636184,0.730403,0.952868
f02b5ca6-1b2f-40c8-bf37-a487eb03b9f3,clean,s3,0,0.498299,0.618359,0.787765
f0383669-cfa4-42a3-8638-33aa505e9b6c,shot_noise,s4,4,0.521152,0.679312,0.703589
f03bd85f-6be7-4263-9b15-9888a1d3f025,fog,s4,3,0.509984,0.593425,0.877309
f0507d95-7b4b-4246-8b71-0d329be16110,gaussian_blur,s4,0,0.670818,0.780311,0.906176
f057bd2c-3a05-47f1-9642-cdcb116311c5,clean,s4,0,0.687703,0.806694,0.857701
f059a1ed-246c-4278-9a68-0ec66e54619d,shot_noise,s5,1,0.636374,0.768158,0.819309
f05f2f8f-67c4-44c2-91f6-550a850b4ee4,shot_noise,s4,0,0.715665,0.817995,0.923696
f05f60c3-7a8a-495e-a31b-cee3491405e5,clean,s3,1,0.707117,0.811256,0.919446
f06aefda-0a3e-42ae-953f-efd133b969f5,clean,s5,3,0.556250,0.714859,0.714861
f072e982-21cc-4d5a-8f6c-aa891f1e594c,shot_noise,s4,2,0.606550,0.735149,0.830411
f07c9c4f-5721-4ed8-b99b-3b72edffa761,gaussian_blur,s3,0,0.128509,0.226159,0.229808
f07ec876-7af1-4e1f-8bb9-37e928f8af46,shot_noise,s5,4,0.597167,0.731963,0.806805
f08dbabb-3a53-457b-a30a-057a7a41039d,shot_noise,s5,3,0.743848,0.850158,0.872821
f09574d4-0eeb-44c5-9cee-4a6088af44b9,clean,s4,2,0.482412,0.627570,0.713349
f0a32b6e-25b4-4e25-9f1f-ab569bd3d274,shot_noise,s5,4,0.802940,0.890065,0.896488
f0a855b2-d17e-4b53-b101-ee3f07f3d829,gaussian_blur,s5,3,0.590903,0.742851,0.742859
f0ad3ea9-f7d3-40b8-93a2-f1ca162716a2,gaussian_blur,s3,2,0.626654,0.738372,0.893213
f0aea778-a4e9-4a0e-80e1-24a5a19568f8,clean,s5,4,0.302770,0.449834,0.492030
f0c1b92a-03bf-4772-854b-2239fddc0b93,fog,s3,0,0.534983,0.646452,0.840178
f0c5c195-15d4-4617-92be-c4062bfcf49c,shot_noise,s4,4,0.388691,0.557403,0.565200
f0c720ed-dada-4178-af27-aec4fe10baf9,shot_noise,s4,4,0.447467,0.603514,0.655508
f0c9b42a-d4ea-4702-8c0a-453850e2f3ea,shot_noise,s5,0,0.720403,0.837481,0.837483
f0ca87f1-f1fd-4b3b-890a-3ab08464a13d,clean,s4,0,0.539413,0.672507,0.787207
f0db252c-4b7e-4942-85b6-ccb4d39e8e60,gaussian_blur,s4,3,0.737240,0.838043,0.914853
f0e0de25-4ea0-4012-9714-d3e2b688587a,gaussian_blur,s5,1,0.592216,0.736157,0.773192
f0e9d56f-689c-48c8-b9ee-12a155ba85da,clean,s5,2,0.728922,0.841439,0.854373
f0efe9e6-3c79-4813-bdc2-abb7f443af53,shot_noise,s3,1,0.801180,0.879600,0.972812
f0f12429-d71a-4aae-92a5-f4034463265a,clean,s4,2,0.430518,0.554271,0.708773
f0f26279-ca56-464f-8e41-db6b456408f3,clean,s4,2,0.655485,0.778453,0.852565
f0f9cd11-4fe7-4150-bce6-dbafd001ff1d,fog,s4,2,0.616603,0.755675,0.792155
f101645e-18a0-4ae6-8373-812e2405f6be,gaussian_blur,s5,1,0.451794,0.604071,0.668673
f107cefb-714b-4327-8baf-d67835ef2694,shot_noise,s4,5,0.462065,0.625507,0.649600
f124ae84-508e-466b-aa15-683724dc3f90,gaussian_blur,s4,2,0.572655,0.717550,0.766203
f1265a6c-02c8-488f-8279-965b135d616f,clean,s5,3,0.389135,0.529151,0.626314
f12d4199-7ba5-44e2-86ea-7642c49f2c5a,shot_noise,s5,1,0.512980,0.674959,0.687784
f13e24b6-6fa8-4861-8138-c186fb993478,gaussian_blur,s3,0,0.757341,0.850065,0.940964
f1442b5d-e58d-4e88-8590-bc2d093d7964,clean,s5,1,0.515723,0.655365,0.753424
f147625b-e904-4589-9761-ba0930c04b5f,fog,s4,3,0.683273,0.798919,0.876090
f15497dd-ce0f-4dfb-8ca0-5170dfd502b4,clean,s4,4,0.611940,0.751693,0.789730
f1582af7-9632-45c7-806b-491be0a7e3fa,clean,s5,4,0.803969,0.890998,0.894411
f15bfea6-1220-4ae2-83ab-97bd8f8bc200,clean,s5,4,0.766352,0.866910,0.873829
f172f0d9-d4c0-4d5c-a962-02fbeaeddc8f,shot_noise,s5,5,0.650270,0.782971,0.811604
f174442a-caf4-4bf7-b32a-cf698d9791f8,clean,s3,1,0.694791,0.798449,0.926411
f17690db-a486-4738-8937-bb67cf07c9b2,fog,s4,1,0.742244,0.844958,0.897829
f17c96b9-86f0-473a-b399-f30db74103ef,shot_noise,s5,4,0.768160,0.866885,0.883872
f194ff14-f019-450d-ab5f-548b05d1d289,shot_noise,s4,1,0.698729,0.815560,0.861088
f1a59711-0fc3-4ea8-92d1-9bc712992f6b,shot_noise,s5,0,0.421195,0.578512,0.626474
f1b3026e-1bc0-4a8c-a415-039c2c32af02,gaussian_blur,s4,2,0.372041,0.516520,0.595676
f1b5867f-b12c-41f3-a962-1c6217f2c2df,fog,s3,2,0.563568,0.652799,0.916944
f1ba2555-c750-4a7a-83ba-c2816b14dcb8,gaussian_blur,s5,3,0.760137,0.863724,0.863736
f1c547b8-8940-4321-a3d4-b9010a332423,shot_noise,s5,1,0.747314,0.855035,0.857803
f1d945fc-7ff5-46fa-9f33-b991c8191155,clean,s5,5,0.684623,0.812763,0.812939
f1e3f314-403e-4da9-b9ed-6ca7f441fc80,gaussian_blur,s4,4,0.519047,0.661212,0.748832
f1ed2a32-254a-4bc9-9d5f-92e588f16ce6,clean,s5,5,0.737867,0.847408,0.860669
f1f6cf82-2b35-433e-9af2-824366653c77,fog,s5,4,0.463755,0.602012,0.713147
f1fc1931-7b48-4304-aa2c-875156beff06,clean,s5,2,0.445010,0.575261,0.711670
f20025e8-e419-47fa-a749-d0e8df0ac293,fog,s3,0,0.510176,0.626692,0.806799
f201d9db-a471-4343-9b90-cad54772e6b3,fog,s4,1,0.630050,0.758550,0.833072
f2085e1a-8c9c-49af-813c-bef9c0259755,shot_noise,s3,4,0.633666,0.725980,0.957424
f20ef1a5-6b27-4257-a06c-de4dc86b1282,shot_noise,s5,5,0.696353,0.820978,0.821123
f214054e-1e94-4878-8598-5068af44da62,clean,s5,2,0.717628,0.835599,0.835632
f215dc8d-b281-442c-bbb2-70a5751d46da,gaussian_blur,s5,3,0.411785,0.560227,0.635940
f2162c30-909b-4b2c-bceb-6e023df2e219,shot_noise,s4,2,0.480262,0.632591,0.693243
f219a21e-c0f5-44ed-8988-e20670a3a6fa,gaussian_blur,s5,4,0.441583,0.572213,0.707130
f2285cf6-355c-444d-b806-a25b6cfa63c0,fog,s5,0,0.446160,0.584294,0.695769
f22e5fcd-1d08-48c5-bb61-d3b60c8bd4a6,clean,s5,3,0.633380,0.772958,0.786942
f23b03f2-d082-45ef-8ed9-61ad45389367,shot_noise,s4,2,0.830613,0.904935,0.934138
f2428aa5-36f5-4dbb-a22c-8ce10c37d1c4,gaussian_blur,s4,1,0.538275,0.664519,0.805136
f254f813-0ada-4474-b498-7a77d4090e13,clean,s3,4,0.674399,0.777677,0.930875
f262eabc-58ed-4898-90a0-9c8c41a2c052,gaussian_blur,s4,1,0.658714,0.785445,0.835269
f26c0cd6-af82-4099-b078-de0e229f2fab,clean,s5,3,0.746753,0.854265,0.860192
f282b002-a6c9-4065-8c49-eef74b733519,shot_noise,s2,4,0.489375,0.494631,0.978751
f282b704-1173-4c24-8381-85663f5e930e,shot_noise,s5,4,0.361196,0.513785,0.565502
f28adebb-40c9-485b-8e38-daacdc103610,fog,s5,3,0.473357,0.629396,0.678066
f2913662-74c2-48e1-8144-81efb9b46fe2,shot_noise,s4,1,0.699042,0.809880,0.891173
f29ae1b0-5c94-4144-92b2-d07ebe88c361,fog,s4,2,0.557460,0.677350,0.835205
f29ee25c-f10e-430d-b69b-62a36fdfb881,shot_noise,s4,5,0.719018,0.830781,0.870608
f2ab3f35-deca-4754-b326-7993a3944a85,gaussian_blur,s3,1,0.580295,0.698647,0.853099
f2adefa4-5e79-4e3b-8dfc-de4678ab0b10,shot_noise,s5,2,0.539110,0.700460,0.700843
f2b016ea-f31d-415b-b560-1117b2bfd298,gaussian_blur,s5,3,0.774539,0.871214,0.886396
f2b48a8a-1770-482a-a154-e589a95945e1,shot_noise,s3,5,0.724676,0.823057,0.938165
f2ba2aca-0c37-4cd5-b2a5-017af0765c05,fog,s4,2,0.685967,0.803906,0.863874
f2bc74b9-26de-4886-9fe8-9bd0e9cc78c0,gaussian_blur,s4,0,0.651235,0.780325,0.827299
f2d848ba-ab5a-4c3f-806b-561a0b65906e,fog,s3,3,0.474059,0.512963,0.910613
f2d8a513-3304-4a89-928a-ff0de14387ef,shot_noise,s5,3,0.378576,0.460491,0.713703
f2e297ed-6a66-4aaf-ae00-9dd1ed66f807,shot_noise,s5,2,0.661174,0.793716,0.807264
f2eb2d75-a472-4b9e-a745-284d70357d4b,clean,s5,2,0.352350,0.501683,0.560043
f2efe574-928d-4fa0-8f60-c877cd7bf7da,fog,s3,3,0.569726,0.695529,0.825616
f2f3c681-cf66-4382-9983-5c7c6dc9751a,gaussian_blur,s5,3,0.249089,0.372823,0.440304
f2f83e8b-de2e-4af0-9e7c-e3787d6cc738,gaussian_blur,s4,2,0.473365,0.552824,0.843243
f303d449-e52a-4250-89de-095ef051652f,fog,s5,1,0.698089,0.821782,0.824580
f312e451-63de-4c0b-b0e0-cc3ecd3ebf4e,shot_noise,s3,0,0.695268,0.798847,0.926625
f3134309-fc15-47ef-b4ad-d6ff8b4a75c4,clean,s4,0,0.662624,0.791394,0.824352
f32eb817-d944-4489-9504-8abdca09b80e,gaussian_blur,s5,1,0.565614,0.720781,0.728869
f33bc25b-48e9-4024-89cd-dbd9aeec38af,clean,s4,4,0.700009,0.805626,0.915675
f33edcba-e21f-4d94-9a41-7ceeba41e15b,shot_noise,s4,0,0.816069,0.895092,0.933307
f3402e70-c46a-4c1c-b7e6-f895633a4e58,gaussian_blur,s5,4,0.843478,0.914512,0.921909
f3439b9a-c9e7-456c-a42e-a8f8917d457a,shot_noise,s3,0,0.500011,0.606663,0.819251
f35c6266-eaff-4199-8686-501a38a2e9e0,fog,s5,2,0.794796,0.884838,0.892861
f36ed699-7a43-469b-b023-f31b25c62012,fog,s3,1,0.260121,0.382380,0.462187
f3819213-553e-4849-baf8-1a6086fc8ca3,clean,s5,3,0.729783,0.839545,0.870213
f38239be-2828-4a63-b26d-683404bd6f60,shot_noise,s5,5,0.672252,0.798761,0.830084
f386cc92-2c01-4b53-ab77-037a799c1fad,gaussian_blur,s4,4,0.391053,0.438866,0.782107
f38cac31-de6f-4a52-b72a-b784a22e1124,clean,s1,0,0.460192,0.479271,0.920384
f393a337-53f9-4f46-8cc3-39360aa784ef,gaussian_blur,s5,2,0.649517,0.787393,0.788138
f399e00a-efc0-4717-9cbf-95d25efde895,shot_noise,s5,0,0.826358,0.903379,0.920923
f3a3d26f-35a3-4157-b518-f30fb94e74f8,gaussian_blur,s2,2,0.484114,0.491929,0.968228
f3a704da-c387-410f-9207-df139748d710,shot_noise,s3,2,0.554611,0.671635,0.841013
f3aa3c0d-db04-4d0c-aac1-952989754285,clean,s4,1,0.499791,0.639075,0.742414
f3aa45eb-f2c7-4d30-b88a-f0f6ccec4a62,fog,s5,5,0.337638,0.500068,0.514348
f3abe9ce-be01-48f7-8328-95eda44bfb24,fog,s3,1,0.475452,0.544665,0.863701
f3ae6261-7f72-4006-aee0-26f0b1db3ad6,shot_noise,s5,4,0.526892,0.681357,0.717744
f3ae81fc-3674-4f1f-96d0-ce950fa7db8b,fog,s4,2,0.538570,0.674928,0.777502
f3ba44f3-2f59-439b-bf41-aa18687aa886,shot_noise,s5,4,0.448896,0.619497,0.620012
f3cac26f-3af6-4c00-8125-70c8ac01a8ad,clean,s5,5,0.514279,0.675027,0.692203
f3d23f28-760a-44da-b2a7-8a81ebd04aa5,shot_noise,s5,1,0.703878,0.824081,0.838293
f3d3faef-7b3d-45a1-9b24-6fee8ee782a1,gaussian_blur,s5,2,0.640023,0.778606,0.789079
f3de1d8d-917e-45a5-b3e8-1b9c986d3eb6,fog,s5,3,0.481054,0.645354,0.661611
f3e40cd1-3666-4081-b0ad-3a74c54a8ff0,gaussian_blur,s5,2,0.749693,0.854872,0.871211
f4045562-50cd-4b22-a6a4-db885263df9c,fog,s4,4,0.360588,0.528687,0.532933
f4072d40-df6b-4776-b4e3-62d0fe3ee33f,gaussian_blur,s5,4,0.625569,0.761744,0.802896
f40d02c6-4e99-4529-90f5-71671a5000d0,gaussian_blur,s5,1,0.711355,0.830801,0.834496
f412e788-f9e5-4a58-a3a0-b0eea3122ace,gaussian_blur,s4,2,0.706684,0.826057,0.840096
f41b95c7-2779-43f8-9136-1ec9b1082b69,shot_noise,s4,1,0.590442,0.732839,0.778607
f41d133d-3a78-45f7-91dd-4d2a683d6f62,shot_noise,s4,0,0.385368,0.541458,0.588795
f42afdfa-a450-403f-b113-32062da802bf,shot_noise,s4,5,0.587185,0.688582,0.904720
f42e3304-67a7-4120-9d41-829153f4f6a1,clean,s5,2,0.572674,0.723503,0.745557
f439c541-537a-4f65-a8cb-796c3b81169d,fog,s4,2,0.707008,0.820092,0.874315
f43c8f56-d965-4d53-ade4-bfd896927682,fog,s3,4,0.382164,0.517723,0.626126
f4511ce0-786a-431f-9902-9eb5f87b0ce7,gaussian_blur,s3,0,0.586454,0.669264,0.951165
f4521cbb-a966-4e43-ad68-220448810c77,clean,s4,1,0.627097,0.750640,0.851731
f45d6376-88b4-488f-afbf-070de86430c8,clean,s5,3,0.409795,0.578093,0.589083
f45e8a1f-7809-4d62-a664-0baa0920c28f,gaussian_blur,s4,3,0.311127,0.454402,0.511605
f46779af-eecc-4fea-8053-0f314d5a3685,shot_noise,s5,4,0.525111,0.688002,0.690603
f47153f9-354c-417e-b0dc-df5803954978,shot_noise,s5,4,0.757518,0.861081,0.868875
f47605f1-3d43-45f8-9d04-6fb5eae3c8cd,gaussian_blur,s4,1,0.728776,0.835797,0.887659
f479fa7b-e5e5-4f08-9f40-b8b344b2948f,gaussian_blur,s5,2,0.516265,0.679988,0.684036
f47e263d-3af8-477e-8171-d37b459dea71,shot_noise,s5,4,0.606390,0.746856,0.787033
f48992e1-756e-4278-b6dc-9f881056b85a,fog,s4,2,0.377315,0.524105,0.597898
f491b60a-6b7a-4008-b976-2e6013f114c4,gaussian_blur,s4,5,0.661174,0.782371,0.858805
f4a94791-0709-4725-be29-f19860e5dc08,shot_noise,s3,0,0.651659,0.739715,0.978816
f4a94f2f-7556-4e64-ad3e-9b17139af729,clean,s5,4,0.488343,0.656218,0.656240
f4b8070c-acc4-4be8-a0e9-e2b945cec553,gaussian_blur,s2,1,0.697256,0.786423,0.986458
f4c299e5-9346-44b4-b968-1580de5b8988,shot_noise,s5,0,0.694143,0.817355,0.830997
f4c4b7a8-aa99-4fb3-a515-cd091dfb09a0,clean,s4,3,0.723604,0.837548,0.852523
f4c8d1e6-5b6b-465b-9e86-9779a37ec57f,clean,s5,2,0.209151,0.296472,0.416272
f4d49962-b470-47ff-b1d4-e6c55cc2163e,clean,s4,1,0.784189,0.869642,0.951150
f4d9282d-d9b0-4a0b-82b0-01318b8eb460,gaussian_blur,s5,4,0.607510,0.755147,0.758669
f4dac46e-0cb4-4101-b23b-6c16ab3a34fb,gaussian_blur,s3,4,0.369833,0.506558,0.607676
f4f9a2ff-fc6b-4b20-a770-ca26aaa36a53,clean,s4,4,0.290319,0.398960,0.534907
f5015ed8-6400-49f8-a7f7-1f64699c196d,clean,s5,5,0.708182,0.829163,0.829173
f502be1a-f3ad-427a-9787-8e1fe17ca758,fog,s5,2,0.765191,0.865769,0.875989
f513cb8f-e6bf-49bd-996c-9821ebb8a693,clean,s4,1,0.619437,0.759494,0.787909
f51c0b74-f87d-40a4-8727-19ce7d7b8321,gaussian_blur,s3,1,0.521216,0.573171,0.947877
f523a5a9-4cca-4544-a713-5d947f79b603,shot_noise,s2,4,0.665442,0.760532,0.960246
f54b2b9e-c240-44ae-ae22-1ea2e13cb335,shot_noise,s5,4,0.397444,0.564961,0.577677
f55a2aa4-a150-459b-8d3a-2fd1d84801ea,gaussian_blur,s5,2,0.388771,0.526707,0.629964
f5743ae1-96c8-4d27-9ad8-c89c18ca3702,shot_noise,s5,1,0.416111,0.587513,0.588091
f58e9be7-992e-4467-8c0b-e33f57a8d256,shot_noise,s5,3,0.534428,0.684743,0.734139
f5a584d1-d9f0-48ff-abde-3e0a290e6c3d,gaussian_blur,s5,5,0.560633,0.717273,0.722699
f5a66afe-9efa-4e25-9203-9829ba4bb06f,gaussian_blur,s4,1,0.795146,0.883645,0.905131
f5b1cb92-e9d1-4aab-8ef6-cbc56ed1144d,fog,s4,0,0.428578,0.593747,0.615413
f5b79322-5aeb-4bdf-ba1e-b655f03bac78,clean,s4,5,0.509622,0.659973,0.719844
f5b9e4b8-2684-4572-9a8f-5959a30e594b,fog,s4,0,0.528517,0.623531,0.872198
f5c0928d-6c67-4aa9-861c-d40b6dbd2307,fog,s5,5,0.425596,0.594757,0.602805
f5cafb96-9694-4b23-a73b-1d875b82ecd6,shot_noise,s5,5,0.567118,0.723637,0.724261
f5d288c5-530c-4266-8208-d485eb659f8f,gaussian_blur,s5,4,0.683289,0.810215,0.820464
f5d93645-0847-4df0-b277-876733b0b287,fog,s5,0,0.643708,0.775329,0.818443
f6006257-8a03-4809-bfb7-0948163e63db,shot_noise,s5,4,0.709685,0.830077,0.830885
f604b474-ca38-449d-b3de-1038720b6f4c,fog,s5,1,0.607530,0.752589,0.769054
f609bc06-f33d-4f71-b10a-268495824f06,clean,s4,5,0.649060,0.775969,0.837263
f61ae40e-abb6-42f2-ba68-e7bc3abaeeb2,gaussian_blur,s3,4,0.623871,0.737045,0.887520
f63a04dd-4087-4303-b1a8-c833c44c039e,clean,s4,0,0.751335,0.847984,0.923989
f63f225d-af6c-4a6f-a244-1202cb61c261,fog,s3,5,0.227054,0.355705,0.392392
f647e6f9-ca4d-46b0-9205-b04997f399a5,clean,s2,3,0.720259,0.812147,0.971730
f6489e8c-7847-4a8a-8959-943ad330c25d,shot_noise,s5,0,0.817065,0.898812,0.904380
f64c6cc1-da04-458e-9868-fa45dd0bcfe2,clean,s5,5,0.507214,0.667898,0.688559
f652456d-6177-4dfe-9868-5aa9464b1000,fog,s3,5,0.407005,0.539321,0.663676
f6614f0a-61b7-4ed9-a4ba-83d22b74242b,clean,s4,0,0.652422,0.776879,0.846919
f666a1f2-df1f-40d6-a1ac-32df22e54a53,fog,s4,2,0.450557,0.610027,0.649920
f66ad048-b33b-4818-9c74-fdd3b758966a,gaussian_blur,s4,4,0.794220,0.882303,0.910855
f6766c87-5d0d-4581-87ad-0902f2750da2,shot_noise,s5,4,0.773615,0.871765,0.876997
f67cf0c2-bea9-4518-bb1b-8c3834c9797c,shot_noise,s4,3,0.758538,0.854287,0.920368
f6808573-dba7-4816-b1df-2f284f3ecffb,gaussian_blur,s4,1,0.697036,0.812836,0.867632
f68b7172-df4f-445a-8e57-cefb4f35e827,shot_noise,s3,3,0.484809,0.584538,0.817872
f68cb600-706c-4696-9c8d-96186dc8d13e,fog,s4,2,0.793664,0.882591,0.905179
f6a09dd4-7d32-4c00-8544-3c8eb981813b,gaussian_blur,s4,0,0.479600,0.640264,0.670576
f6a09de1-e555-4d57-baf3-39dddf289e09,fog,s2,4,0.575760,0.658639,0.942078
f6a4e6e9-a322-4027-8341-121a8207e94d,clean,s3,3,0.511690,0.587582,0.893735
f6ad231c-2226-44ac-97ad-d10856fb44d7,shot_noise,s4,3,0.745405,0.849115,0.887401
f6becfb2-e4e2-4406-91c9-bdd843e73af7,shot_noise,s4,4,0.767505,0.865357,0.891515
f6c0d092-90b5-4190-9cc3-d90ede2a135d,gaussian_blur,s4,4,0.426776,0.530002,0.743423
f6c20c92-b600-446c-a12f-3ab085b6b788,shot_noise,s4,2,0.759083,0.858748,0.893458
f6c3dc1d-fd10-47fb-a4ea-4d59656b267d,clean,s5,0,0.612332,0.755437,0.776422
f6ddcc45-3736-42ab-aceb-ac92b3851dc3,gaussian_blur,s4,5,0.383493,0.455376,0.736176
f71afad9-4962-4d6e-b33a-ae178f6c94d6,gaussian_blur,s4,5,0.496600,0.640681,0.727526
f7207eca-a554-4bcf-af66-58fe32029847,fog,s3,4,0.708044,0.810873,0.925283
f72f5aa7-f99b-48fb-8161-fffc185b1c52,shot_noise,s3,5,0.609256,0.730555,0.856037
f738c44e-3799-4299-8934-53c3b30cbe84,shot_noise,s5,3,0.635839,0.776766,0.780165
f73b07f7-29e2-47de-aef2-eac616027d7e,gaussian_blur,s3,4,0.489238,0.599782,0.800078
f744fef9-e01f-4842-9e57-64d70e982e5e,fog,s1,0,0.430935,0.471772,0.849441
f74b3586-4b76-462c-a020-24ac1991e36f,gaussian_blur,s5,3,0.483521,0.628066,0.715819
f75c7b80-c685-4964-bc9a-e114593e6f62,shot_noise,s5,0,0.732647,0.845144,0.849267
f7744356-ec75-44f0-9886-ab00fff7853c,gaussian_blur,s3,0,0.549132,0.669761,0.827637
f779c70f-2d0f-4daa-8222-10e00473b88a,gaussian_blur,s3,0,0.621376,0.733972,0.888677
f77cd822-0551-47a8-a8ec-3c5bb6176fbd,fog,s5,5,0.563126,0.720381,0.720981
f78b2877-88e6-4160-81e3-36ab268ce77e,shot_noise,s5,5,0.785953,0.879134,0.888549
f78df423-385d-4928-8df4-a72599aa04b4,clean,s3,2,0.628628,0.744097,0.880901
f79e4300-14df-4913-b8ee-ebbb778ecb06,fog,s4,4,0.574006,0.705683,0.809792
f7c0d6e6-5a4e-4842-83bb-044ddfb896c3,fog,s3,0,0.547385,0.668145,0.826080
f7ce30ff-8860-4cc8-b998-6a565e653748,shot_noise,s5,2,0.312520,0.456959,0.511669
f7d31396-63f3-47f3-84b6-230492b2c8aa,shot_noise,s5,3,0.520617,0.684682,0.684944
f7d8306e-e9d3-4bb5-aafd-f5337854f561,shot_noise,s5,2,0.707181,0.828203,0.830081
f7db957f-d879-421a-b4f8-d0ca7ad3a4e9,clean,s4,1,0.668387,0.792186,0.844792
f7eb50ae-4f02-44c5-a4bd-867f17fdb4da,clean,s5,1,0.749141,0.856382,0.857973
f7ee1958-10ec-4f9c-9d1b-efd9adf4f846,clean,s5,0,0.621195,0.766197,0.766964
f7f9ab81-47bd-4a77-bc0d-be6c54383710,clean,s5,5,0.698652,0.822540,0.822907
f7fb442d-eb9f-4ae5-ad89-77bc7c7d17ec,fog,s3,3,0.666573,0.771748,0.923413
f80b8894-857e-40f5-b6a2-3d24e1f7c305,fog,s4,4,0.523437,0.664092,0.755910
f8180fbd-72a8-4632-b959-2bcd67b912d9,gaussian_blur,s3,5,0.547404,0.661434,0.843611
f819c0c5-25fd-43c6-8e09-0e4050e29407,gaussian_blur,s4,4,0.549086,0.665965,0.837499
f81a4ac2-5156-4765-ba92-4f8e5a27124f,fog,s5,0,0.769000,0.868797,0.874150
f831dcb3-5834-4bda-bf75-a7e2a67cc6ce,fog,s5,1,0.651546,0.788986,0.789143
f84de33e-514f-41bc-9211-851f9762d432,clean,s4,2,0.699135,0.814529,0.868229
f85d952e-979d-4edd-b772-7102d2dac955,fog,s4,4,0.544943,0.654015,0.854128
f864f21b-e493-4b5a-a049-4ccb577add37,gaussian_blur,s4,2,0.531328,0.659388,0.795397
f89bc27f-95d0-4a15-bce0-bbd1389464fc,gaussian_blur,s5,0,0.657493,0.784588,0.834069
f8a1ec9f-1022-4dde-b00f-161737731e2a,shot_noise,s1,2,0.479053,0.489303,0.958107
f8abdd2c-f272-4c2b-b40d-8c3eb1b2b3b6,shot_noise,s5,3,0.682017,0.805930,0.836827
f8b018a0-820c-42e1-98ee-1e513f1a5c75,gaussian_blur,s5,3,0.309817,0.384461,0.617021
f8b9fd58-2cef-4892-bff7-99ac11799c8b,shot_noise,s4,0,0.688973,0.802080,0.885413
f8c757ab-0797-4f56-aebf-eb5dc118d74c,gaussian_blur,s5,4,0.730344,0.843810,0.846405
f8d0713c-772d-43d0-ad4f-0603ef855387,gaussian_blur,s5,1,0.696180,0.816655,0.843920
f8d904d7-5913-4896-a2fa-2551838209b5,gaussian_blur,s4,1,0.508530,0.649784,0.743941
f8db5f3e-eab9-4ea0-bc07-822ed4890f9a,fog,s5,1,0.560866,0.713918,0.735237
f8e39022-2d9c-4d9e-96fe-735215e6912b,clean,s5,0,0.669491,0.798779,0.818187
f8e3fff2-e5f1-4ed1-bf43-1dd8faa9cdc6,fog,s5,1,0.405734,0.557938,0.620955
f8e7303a-d15b-471e-8fe6-e5f29202bdb2,gaussian_blur,s5,4,0.651356,0.788838,0.789045
f8f22d82-e014-4fcb-bf67-1a44e62c537f,shot_noise,s5,2,0.764145,0.865449,0.872683
f8f6c575-c154-4a93-9791-9b2adaae80c0,gaussian_blur,s4,1,0.781322,0.870730,0.927586
f8fe5f0c-b753-46dd-a448-315948b50eaa,gaussian_blur,s5,4,0.636551,0.776155,0.785792
f9043afc-20a6-49bb-9592-5614b90025fd,shot_noise,s4,3,0.677415,0.787492,0.902728
f905acc5-69b6-434a-83bf-81bcf75834ab,fog,s3,0,0.376065,0.497340,0.644539
f911eab0-8b49-44d3-91be-dae6d31a70d4,gaussian_blur,s5,2,0.442130,0.601647,0.642069
f914d274-3999-4e37-9a15-a343b3ff6c99,shot_noise,s5,0,0.459712,0.598401,0.708216
f91685d2-015e-42fa-932f-47ccea4a5941,fog,s5,5,0.506466,0.671718,0.674432
f928a60b-22ec-451b-affc-a09240deada6,gaussian_blur,s5,2,0.588132,0.737860,0.751337
f93df4f1-8ad0-4ce9-8402-5c86d0f17344,clean,s5,4,0.402242,0.565080,0.593563
f947209a-5b67-4297-b3dd-afac3dd19564,shot_noise,s4,5,0.737085,0.839625,0.904895
f949c9d7-ca62-47ad-b664-3a53c9879ba7,gaussian_blur,s5,4,0.730074,0.841890,0.857201
f95ec00b-0076-4c47-8ceb-fa8c0d22cdd0,gaussian_blur,s5,4,0.375357,0.536251,0.566491
f9624487-657e-4590-8e18-4aaaa58c706a,fog,s5,1,0.404464,0.573337,0.582139
f963b32d-d49b-480f-a032-42c3a2770c1d,fog,s5,1,0.437367,0.584066,0.667472
f9679e32-be29-4509-8b67-674ea5fe5446,gaussian_blur,s4,1,0.660377,0.771940,0.898560
f96ed82e-5c7a-49be-8d87-818a6b32e257,shot_noise,s5,3,0.697235,0.820763,0.826352
f97030ca-4be1-4468-8f75-c523aac0795a,clean,s5,0,0.664156,0.797429,0.801947
f9704d0a-729d-4b9f-acd1-680132cd6991,gaussian_blur,s3,4,0.511895,0.592680,0.884555
f979c7da-3a9f-4381-9bf3-db7f7ea9de56,shot_noise,s3,3,0.548879,0.621608,0.939021
f98f9f63-d08d-474e-8802-f48b34c026ae,clean,s3,2,0.722161,0.818624,0.949179
f996da3c-7ebf-4a01-87a2-ec7cdbf41ea5,fog,s3,4,0.437904,0.485880,0.848731
f996fd17-a18a-4baf-9309-49c11cd6495d,shot_noise,s5,3,0.675326,0.803954,0.817669
f9a380df-2a04-44f9-a4d3-14ea2bcb06fc,clean,s5,4,0.539809,0.700350,0.703765
f9a5b3df-7d82-4498-98da-6c0f647dbdd1,fog,s5,3,0.407296,0.450267,0.812709
f9a96372-4d4e-47ab-986d-8e5f986b473d,clean,s3,5,0.527378,0.646393,0.815488
f9a9c401-ffad-4df9-91fe-fbdcad0257c3,fog,s3,2,0.153947,0.263052,0.271927
f9af6ff3-b39c-49b1-8861-4d6e1a146cb0,gaussian_blur,s5,2,0.595322,0.745064,0.751317
f9b89a18-c1b1-4fa1-b9d6-e03aa15b9800,fog,s4,3,0.394047,0.548544,0.602506
f9ca23b1-23a5-4ecf-876d-57c614e6f4d1,clean,s5,5,0.333956,0.479825,0.540832
f9e29691-f407-4dfb-9ed9-a8e5b6ffe07e,shot_noise,s5,4,0.509284,0.665547,0.702741
f9f808b9-075e-4b71-b73b-15ba26088f13,gaussian_blur,s5,3,0.598872,0.732963,0.809616
fa047e08-34ec-48d3-a435-2488fc8b3ca0,fog,s2,1,0.543906,0.625071,0.916662
fa0cf7fc-3609-4f80-be6a-2b96d309d111,gaussian_blur,s3,2,0.276537,0.397779,0.492181
fa191f42-9a66-4b94-ad62-c72496aea1e0,clean,s5,2,0.676149,0.805943,0.811147
fa1ab66a-450d-4ef4-9534-a341ecf17f48,clean,s3,2,0.500011,0.606663,0.819251
fa27b17e-77c6-44c8-b072-66410b9debc6,shot_noise,s3,3,0.565696,0.650974,0.927866
fa333724-973b-448c-9049-70c77a58fe13,fog,s4,1,0.488416,0.617235,0.758324
fa348400-d800-4f75-a822-6f034d18ccf7,clean,s1,1,0.462752,0.480655,0.925504
fa4bea51-5fff-457b-bc6d-142215c066c7,shot_noise,s4,1,0.728811,0.841053,0.856241
fa5b1894-2866-4c65-b897-6c0afed986da,fog,s4,0,0.400803,0.486464,0.739291
fa60cc5d-5d9a-406a-bae8-47d8c8e17c35,fog,s5,1,0.653846,0.787511,0.805691
fa651e07-7e0c-42cf-b648-9c2939423c2a,clean,s5,3,0.671474,0.803441,0.803504
fa65d0e4-424b-4fa9-9adb-a83b04f13b12,fog,s4,3,0.742297,0.847679,0.881051
fa662ecd-cac3-43ff-ab44-bbaae6e22716,clean,s5,1,0.654539,0.789210,0.800661
fa6d87c1-94aa-4957-b6b8-79be5fb0a7a3,clean,s5,3,0.752565,0.858476,0.861217
fa79fae8-0083-433f-a0f9-04a6a5be4836,fog,s3,2,0.450271,0.590737,0.694763
fa854747-29bf-40e7-ba5e-7a1bbba09296,fog,s5,5,0.551196,0.658925,0.862390
fa91f316-c1f0-4d01-a30f-641813ff6298,clean,s5,3,0.798631,0.888000,0.888423
fa990ffa-c8fd-4509-ad5e-32b5a8bd062a,fog,s5,4,0.467722,0.635662,0.641963
fa999cc6-91b7-4ce3-8ded-2fada26f8009,clean,s3,4,0.500011,0.606663,0.819251
fab4f077-52b9-45d2-b397-bf983f468b84,fog,s4,0,0.688973,0.802080,0.885413
fab7a475-90e5-421f-aced-42473e9f9670,shot_noise,s1,3,0.374372,0.428161,0.748745
fab8c501-a736-4114-945b-2727cd1741f8,fog,s5,0,0.731894,0.844063,0.852455
fad86cb0-b253-4d5f-a174-ec414ecc84c7,fog,s4,4,0.622540,0.749134,0.840036
fad9824c-7e9d-475f-9e30-92ac22fcd64d,clean,s5,4,0.505273,0.665761,0.688021
fadfed1e-df09-4106-989f-d546873b884a,fog,s4,0,0.505435,0.649745,0.733536
fae3389e-a258-400d-8329-23317a453373,gaussian_blur,s4,3,0.613306,0.754689,0.783221
fae67d69-eebe-4558-879a-aee6ba9d5e70,shot_noise,s5,1,0.441434,0.599280,0.645465
faf07d93-d35f-4863-ac72-4b177d1b98da,clean,s5,3,0.655956,0.792196,0.792443
fafd464e-297d-4b8e-85dc-aae79fd04e7e,gaussian_blur,s5,2,0.749406,0.856342,0.859625
fafd9394-cd4e-46f3-8671-7daa8638c2e9,gaussian_blur,s5,0,0.724535,0.839216,0.846805
fb07660b-8516-4051-b0e5-96f2d2eb3678,shot_noise,s4,0,0.483168,0.634330,0.698587
fb0e3e7d-4b12-41dc-bed0-72287b75d246,fog,s3,1,0.580295,0.698647,0.853099
fb1c3365-e7ec-4874-9dcd-7467b7c61083,shot_noise,s5,3,0.450713,0.615410,0.636859
fb20392f-4489-48bb-9134-d9a8f9b86ddb,shot_noise,s4,1,0.718974,0.821610,0.920066
fb386a68-18bb-4a7f-81f2-27fc63cecd61,shot_noise,s2,1,0.480928,0.490279,0.961856
fb3c6735-7c28-47dc-a459-9b300989ca61,fog,s4,5,0.290713,0.440267,0.468693
fb41095c-4623-40f7-b9f0-309d8a36f1e8,gaussian_blur,s4,2,0.786291,0.874146,0.929749
fb4f2214-dab0-44e2-8645-dabfc7358c44,fog,s5,5,0.356238,0.517386,0.541797
fb5ad918-46b5-4685-9264-b7374c731636,shot_noise,s5,4,0.463636,0.624335,0.658042
fb65f049-9ac7-4a62-97f5-74b420041da4,fog,s4,0,0.385368,0.541458,0.588795
fb6920d8-e7b6-405c-b527-047a9747454c,shot_noise,s4,0,0.712095,0.826990,0.859877
fb6d9fd6-9bd5-47cf-8638-5c9ac31f7bdc,clean,s4,4,0.523650,0.684666,0.695915
fb715739-b7d0-48b3-857c-87c5802a9ff5,fog,s5,4,0.356720,0.518270,0.541605
fb786e44-72d3-4602-b541-1edd01a84626,fog,s5,2,0.551204,0.709803,0.713696
fb803efa-4678-4072-a41e-787de479ac38,gaussian_blur,s4,5,0.432824,0.581959,0.657249
fb81e3d0-d4db-4ec8-96a9-438f956ca1e0,fog,s5,4,0.432306,0.584231,0.650357
fb838110-c317-4211-bccb-57c9f5527236,shot_noise,s5,1,0.740334,0.850401,0.853429
fb8523a9-c343-4db2-a9b4-fdfa7616cdef,fog,s5,5,0.540257,0.695740,0.720496
fb89353f-b7be-45cf-8467-0674b0188fe9,fog,s5,2,0.478484,0.644376,0.655381
fb8a54de-d03e-4fce-b0b3-d36c12f91b19,fog,s4,5,0.685788,0.805070,0.857429
fb959b74-b4b0-4d47-a648-bed4f816ec92,shot_noise,s3,2,0.388852,0.525528,0.632534
fbab447d-7f67-4a08-95cd-3a4eaea7a4cf,shot_noise,s4,2,0.464076,0.601204,0.716064
fbacd626-7ef6-495b-96ec-900d23c43097,shot_noise,s5,0,0.442360,0.595011,0.658749
fbc7c8f9-e6cd-4412-a23f-a1e0da0d2655,shot_noise,s3,1,0.634620,0.737316,0.925541
fbc857b6-6b1e-4701-a662-fed03ea88885,fog,s5,2,0.490015,0.649930,0.680018
fbdcae68-c7c9-417f-a7ab-3c3124e1c6a6,clean,s5,4,0.774864,0.871704,0.884448
fbdfd3ba-55e9-4524-8776-bce1413ae661,fog,s4,5,0.589801,0.722035,0.813739
fbe15082-9d40-4bd1-8652-8e7b7b3ece95,clean,s5,0,0.431476,0.595832,0.620181
fbe8b2ad-db33-4e42-853f-96afc4469f6a,clean,s5,1,0.699829,0.821706,0.832976
fbf048ea-a64f-4889-b458-19e3fbb4230e,clean,s5,0,0.502270,0.663209,0.684931
fbf22d97-6892-4515-9bb1-92c6ee6d7d45,gaussian_blur,s4,3,0.484332,0.605320,0.772368
fbf27740-eb12-4d4d-b1df-efe461add244,clean,s4,3,0.385368,0.541458,0.588795
fbfa4953-08c8-41c3-83c6-890e3e01c699,gaussian_blur,s5,3,0.335450,0.442416,0.609916
fbfd902e-a048-454b-8365-43e96ea17ef7,shot_noise,s4,3,0.643754,0.759123,0.883530
fc083266-9d5b-4d62-b950-3b96172739a7,fog,s2,5,0.668873,0.761531,0.969556
fc16b2d7-2764-410f-86e6-5755c641edb3,fog,s5,5,0.716716,0.833148,0.845995
fc2118a7-f93c-4b51-8af0-0049afe72259,fog,s5,3,0.430553,0.574743,0.665893
fc252168-5dc2-47cb-81ca-f70d2659dd4c,fog,s4,0,0.806032,0.886985,0.942277
fc3121db-a597-466e-a543-84857444d86c,fog,s3,2,0.101855,0.184325,0.185557
fc343a8c-fdce-4b30-8278-c1c568845797,clean,s5,5,0.764883,0.864466,0.883856
fc4e0cdf-45b7-42cf-977d-d04bb20478ed,clean,s5,3,0.769181,0.869237,0.871796
fc584a5f-5962-48e8-94fe-278bd4b6ae9a,shot_noise,s5,2,0.647020,0.779103,0.815483
fc5cd92c-3328-4186-bbde-007ae4cd4df2,fog,s4,5,0.325782,0.488532,0.497173
fc6c2076-6932-487d-855d-a3fcfc461220,clean,s4,5,0.588770,0.707673,0.855733
fc7015c8-6be7-4c4c-9402-cb9e07d37af3,gaussian_blur,s5,1,0.633337,0.768717,0.804896
fc7cfb43-f14f-4330-aa25-12e28a7c6751,gaussian_blur,s3,1,0.526546,0.655626,0.789243
fc7e2c25-1875-4a8b-bc58-b15f2c704f78,shot_noise,s5,5,0.703801,0.824700,0.834453
fc83657d-4591-40c3-97cc-dea2cba38512,clean,s4,0,0.735190,0.845339,0.860639
fc8400fb-c1bb-4a3b-a647-2d215f1c50d9,shot_noise,s5,0,0.683202,0.810335,0.819451
fc8dcec1-b9a6-4715-bc32-7a442da84627,fog,s4,0,0.629133,0.760598,0.821458
fc9ef28f-3e20-4df0-a7bc-daee0fa676f6,shot_noise,s4,4,0.665297,0.774377,0.908203
fca1f18a-5cca-41eb-ba09-06e67186cd0b,fog,s5,3,0.716990,0.834438,0.839600
fca6742b-9daa-4cb4-a567-9c03b602b80d,fog,s5,5,0.731102,0.844542,0.845465
fcad1ded-ba41-45a1-bd50-7496f8fa39ad,shot_noise,s3,1,0.490738,0.510913,0.959904
fcb31827-1c3e-43f0-b7a5-7a1b29670fae,fog,s3,1,0.561677,0.682804,0.834463
fcb6747f-a322-42be-bd20-cc94e1b96492,clean,s5,0,0.728109,0.842103,0.846229
fcc194b0-46fd-4378-8481-a7d403ab53f4,shot_noise,s3,0,0.344714,0.466383,0.599483
fcc383c1-6761-432a-ac29-28592439a170,shot_noise,s4,3,0.379773,0.519685,0.614613
fcce5352-a542-4361-80e9-5d74ffbaa71b,fog,s5,3,0.320421,0.479784,0.495995
fccf7c1b-43de-4ddd-856a-57222653c3d7,fog,s4,4,0.322534,0.451570,0.553724
fccfe96d-ce3a-49f8-bd17-3b6c9c0158d5,gaussian_blur,s5,0,0.665543,0.797278,0.808621
fcd2c128-ff47-4a90-bd3d-e81baf1b5e96,clean,s5,1,0.443053,0.584855,0.684372
fcead04e-a6df-4e92-948f-07a0e85ce982,fog,s5,1,0.823928,0.903305,0.905125
fcee88f3-7aee-431b-b686-1e227e623009,fog,s4,3,0.418815,0.584572,0.604336
fd0cd275-9e71-4ac5-8a57-38e590e9f63a,gaussian_blur,s4,1,0.392612,0.560609,0.571227
fd2a3fac-1e21-482a-9cbe-30ffa64670d5,clean,s3,3,0.620742,0.728684,0.903525
fd3d7f29-3eea-43aa-8e00-e74bd82b6e6c,gaussian_blur,s5,5,0.402719,0.574139,0.574336
fd45c460-e96f-4384-8f2d-2e0e2ee67c8d,fog,s4,1,0.560776,0.700221,0.779851
fd5222ba-42f2-45e9-85f0-4645611dca8a,shot_noise,s5,3,0.847801,0.917056,0.924576
fd55c07a-39ac-4cd8-a924-abf6f63d001b,shot_noise,s5,0,0.488482,0.652864,0.666389
fd5718e8-5196-4d60-9184-c25d29bedb1f,shot_noise,s4,0,0.659999,0.784541,0.844560
fd5d3b6b-179d-446c-899e-6f5f6e3ae54d,gaussian_blur,s5,1,0.716797,0.834421,0.838779
fd5f884f-035e-46b9-823f-23a8c3667d56,shot_noise,s5,1,0.589140,0.727203,0.793712
fd63c0dc-6727-484a-ae3e-902a5ce4b487,shot_noise,s4,2,0.586336,0.723546,0.795976
fd64f4b4-b169-4dad-bb4a-def509cd869f,clean,s4,2,0.790954,0.878874,0.919623
fd67ae47-d744-4719-b084-d8f391cd4c5f,fog,s3,2,0.412645,0.555221,0.649405
fd74ffe9-e277-4c7e-b83f-b14136813899,clean,s5,1,0.779252,0.875917,0.876060
fd7ef6b0-6819-4f76-8019-e47264b371c4,clean,s5,1,0.664583,0.794733,0.816840
fd9af3dd-6cf4-46c7-a075-711c52938439,shot_noise,s5,4,0.484382,0.651080,0.657104
fd9cba07-62c0-425c-aecf-6e73ffb21e2f,clean,s5,5,0.442360,0.595011,0.658749
fda1795a-f0e2-4e10-b758-f471f47d8288,gaussian_blur,s5,0,0.385109,0.475522,0.709648
fda220a3-7b7d-4dce-8dab-17c8635a95f9,fog,s5,2,0.350527,0.501344,0.554699
fda24cd4-4b5d-4442-be00-9a4ec6b418cf,shot_noise,s4,0,0.647928,0.770939,0.853653
fda566b4-2192-41f6-8c06-474457b95d32,gaussian_blur,s2,1,0.692748,0.782508,0.983928
fda6f9d1-0ffb-49d8-9fb6-05a609386699,gaussian_blur,s4,0,0.679267,0.806686,0.820997
fda7bbb5-d4a3-4939-83f0-24b4c78a39f0,fog,s3,4,0.730589,0.821129,0.974000
fdb0b849-058b-4d83-a50a-a3d17bf89370,shot_noise,s4,3,0.675379,0.800662,0.834222
fdb7eaf5-c491-4a36-a1bc-21028b9f37f5,shot_noise,s4,0,0.843085,0.913503,0.930592
fdc78107-5e00-42c9-8894-199056f060c0,gaussian_blur,s4,1,0.382640,0.552118,0.556560
fdcc53a4-a1f7-4616-9fde-1ee98e8c8c12,clean,s5,4,0.460494,0.622761,0.651381
fdd198a7-78a3-4a95-ab1a-c3e0a8fbd592,gaussian_blur,s4,5,0.551654,0.668495,0.839429
fdd28b20-6444-440e-a394-60ae18d4a81a,gaussian_blur,s5,1,0.798156,0.887690,0.888276
fddccd1d-2d8f-461e-a469-2d79550986e0,shot_noise,s3,4,0.486003,0.620959,0.741562
fde22246-45d2-414f-a151-31d9a5d132b3,clean,s4,1,0.605365,0.747544,0.780453
fdf96aea-c8fd-4c42-a812-ff5a3a294d83,clean,s5,1,0.707937,0.825956,0.846470
fdffc2e3-8454-438f-98ad-e131ce75c355,shot_noise,s5,1,0.628765,0.770640,0.778336
fdffca3c-6bae-4f6f-9f46-221fca4c9a29,clean,s4,3,0.591622,0.734236,0.777977
fe040bf2-06f5-4f5f-8324-ca81484bc3ab,fog,s4,1,0.579640,0.723574,0.771203
fe07c996-4ccb-4768-a208-ce0a800dd362,shot_noise,s4,2,0.826707,0.903549,0.921557
fe2334b7-3ed5-4b68-8368-a18bc5795fd7,fog,s4,3,0.337977,0.427042,0.641628
fe248d88-9c37-4471-8c65-469a474c5e44,clean,s4,5,0.656078,0.782320,0.838299
fe289ed8-601e-4bcb-a184-0686fdeeb838,gaussian_blur,s4,2,0.561881,0.711487,0.747238
fe29422c-46f9-4846-b7f9-693de8c560c8,shot_noise,s5,5,0.657669,0.793256,0.794601
fe3da561-844d-4431-a956-97cb754ebeeb,fog,s4,5,0.509652,0.653990,0.736464
fe68b9e5-4768-45ef-ad3e-7d68e4994b4c,fog,s5,4,0.681283,0.805306,0.836763
fe84f09e-6e7e-4a8b-9767-7871ab031c1e,fog,s5,2,0.549556,0.708616,0.711684
fe907908-ab3f-49cb-bc7e-b11237ade08a,gaussian_blur,s3,3,0.631305,0.746518,0.882355
feb1bd82-995c-4617-8a11-bafbcc375e04,shot_noise,s5,3,0.630837,0.767118,0.801627
feb5a1fb-0d0a-4afa-b108-8b5d80d7516e,clean,s4,5,0.533954,0.647786,0.833580
feb6b9d5-cdc0-47d4-8687-3bccc03d7fa8,fog,s3,4,0.109058,0.196229,0.197215
feb85d11-53ef-4543-82ec-f5cae3a4167b,fog,s5,3,0.812998,0.896854,0.896864
fec7a3e0-f13c-4b7c-822a-d203d311f520,fog,s4,4,0.350604,0.518582,0.520427
fec8718f-2ce0-4edd-a8d8-d4e10f2b7e92,clean,s5,1,0.607650,0.750813,0.776559
fed117d2-cce7-4d09-9da5-3ca006338e19,shot_noise,s4,1,0.620319,0.758015,0.797332
fed1a1a8-1d10-4b80-9f7f-046297032723,shot_noise,s5,3,0.423022,0.582700,0.622912
fed4e1a7-dd12-4497-8c96-8ba494e83edb,clean,s3,1,0.377034,0.493254,0.654853
fed54030-f638-4ef0-b761-384e8431a3cd,shot_noise,s5,2,0.482361,0.641119,0.677778
feda0c62-0753-434c-bc55-9f8be5c2d76a,shot_noise,s5,5,0.674310,0.805274,0.806523
fee4b775-25f6-4431-9e2e-d3bd335fc37f,clean,s5,4,0.682196,0.809339,0.820197
fee7669d-da42-4e1b-bb0d-2e3f33f7c83c,fog,s5,1,0.386694,0.525891,0.624856
feee48eb-7beb-4597-b55d-be4603bf2caa,fog,s3,2,0.673218,0.767785,0.963659
feef10c2-83f6-4953-81d4-64b71f5345ef,fog,s4,5,0.732004,0.834655,0.909459
fefa42f7-eeb8-4e81-9503-e0401f3345a1,gaussian_blur,s2,3,0.485171,0.492474,0.970342
ff01011d-fde2-4a72-aa98-c768b1c64f0b,shot_noise,s4,0,0.651235,0.780325,0.827299
ff091272-d002-46e9-a80e-60ecb1dbf3b7,gaussian_blur,s4,0,0.329615,0.475593,0.534347
ff198456-c048-47b6-be8c-a3007349ffa4,fog,s5,0,0.549281,0.708168,0.712197
ff1cc3a8-6d50-420e-b04c-7f7f750f8a9d,fog,s4,4,0.709381,0.823508,0.866693
ff1dac5e-8a49-468c-9361-135baef3f93d,gaussian_blur,s3,2,0.136451,0.235795,0.245813
ff256553-267e-40d1-8fd5-d53526e13f6d,fog,s4,2,0.453604,0.620804,0.632827
ff260dcd-6170-4c39-8d31-b0ef98e6bb02,clean,s5,5,0.370827,0.540122,0.542992
ff2c21c4-c04c-4a64-b9a5-ca91ccda182b,gaussian_blur,s5,3,0.588157,0.736920,0.754965
ff5b89da-6a73-4fde-ace2-e87d942a10ae,fog,s5,0,0.395786,0.560416,0.582357
ff5bda6d-d00f-4cdb-9f7b-78041df08568,shot_noise,s5,4,0.553847,0.686819,0.796060
ff5f2b96-9e9b-418a-930c-f43f1b78ca4a,shot_noise,s5,0,0.444531,0.608404,0.633504
ff6d6e66-1b41-4893-9769-89bed44ac100,clean,s5,4,0.425001,0.590536,0.611040
ff74b786-c846-4503-8c3f-2abca46fc743,shot_noise,s5,5,0.706271,0.827181,0.831744
ff79cab5-b323-4c8e-a8d1-1a799b0eb3f3,clean,s4,5,0.751214,0.854772,0.879717
ff8a8190-8415-4779-a4e8-c63d0dff3a04,clean,s4,5,0.564144,0.716426,0.738693
ff8bfb2b-b8e1-4139-98b8-b0c3af107c27,gaussian_blur,s3,0,0.776322,0.863556,0.951198
ff9615d7-f6e2-485b-a3e2-16f7ee35ad32,shot_noise,s4,0,0.712774,0.814421,0.928667
ff9e9775-9560-4799-a9ee-e85ca4e19588,clean,s5,4,0.721575,0.836883,0.846800
ffb992eb-a1de-414d-bc7d-e4eea56fd70b,gaussian_blur,s3,5,0.630706,0.743298,0.891339
ffbddf76-d89b-476c-9fb0-7e77525903be,shot_noise,s5,4,0.620228,0.765538,0.765893
ffc23686-dae6-42dc-a78e-166b0c2312f4,fog,s5,3,0.283212,0.400190,0.510136
ffc8f653-ad85-4155-9c72-aa25dbee5d7e,shot_noise,s5,5,0.559674,0.717518,0.718257
ffca1a0e-7277-49b5-913b-1fe109fab257,gaussian_blur,s4,1,0.583709,0.717918,0.805291
ffda2853-526c-48dc-b5a2-fda4f2df27b1,gaussian_blur,s5,0,0.488243,0.646776,0.682624
ffea8b83-342a-4a62-a2fe-a21e1a935e1f,shot_noise,s4,1,0.581277,0.728470,0.759984
fff0a319-cea9-4ee6-ac3d-8bca2cfe5b7b,fog,s4,5,0.466599,0.631404,0.649584
fff163fd-4b10-461b-a965-c06626b3f1db,shot_noise,s5,5,0.457915,0.623469,0.640683
fff208ee-402f-47ab-94d8-1b8a20da4f73,clean,s3,2,0.594569,0.688999,0.928197
fff31348-8f8a-491d-869c-57ba23d9c6b3,gaussian_blur,s4,2,0.534086,0.688077,0.722629
fffc4ac3-10f5-450b-b1da-8313147d6404,gaussian_blur,s3,3,0.257772,0.378196,0.460853
