uuid,corruption,scale_bin,severity,miou,dice,accuracy
000b8ee0-796c-41bd-864a-2d32be2aa29d,clean,s5,0,0.779429,0.874593,0.887616
0010b078-94be-4745-a911-a2c6bf57e476,clean,s2,5,0.606244,0.687075,0.971472
001a3b3a-96db-4b7b-b924-75f565356817,clean,s5,5,0.968174,0.983830,0.983840
00204d2c-3a52-469f-996e-09a865e389a3,fog,s4,5,0.972722,0.986059,0.994321
00280944-9c71-433c-bc18-d314f9a70f25,shot_noise,s5,1,0.936644,0.967151,0.971392
002ea5c6-26ee-4cd2-8f1d-89d896b31278,fog,s4,5,0.880007,0.934997,0.954283
0036dc2c-3c32-4c47-b093-218c51c060bb,shot_noise,s4,4,0.485362,0.624709,0.730314
0038a333-05e8-4b2e-92bb-55e13a118d0c,clean,s4,5,0.453030,0.521700,0.836540
003f9589-7da6-4d7f-b26e-fb9fe91fab89,clean,s5,4,0.968174,0.983830,0.983840
0044d54b-8e46-4422-9d6b-5132d85c7138,fog,s4,4,0.828924,0.902092,0.951083
0059da17-a6ec-4ee5-bb27-2235dad4fd86,shot_noise,s4,5,0.761960,0.856954,0.920456
005e39e7-8638-4e61-aedf-94b2674539d2,gaussian_blur,s5,0,0.816687,0.899084,0.899203
005e6e0b-2da7-4219-83ef-e0033f04bbd3,shot_noise,s4,3,0.765547,0.858008,0.931988
006e7e42-b0e8-469d-b4f9-01a55c7d7689,gaussian_blur,s4,4,0.912041,0.953408,0.966645
00799982-3ec6-4233-be4f-33a8a3402bfe,clean,s5,3,0.987224,0.993570,0.993781
007bdf12-7966-4e80-aae0-8d9d56714789,clean,s5,1,0.913124,0.954582,0.954757
0096cccc-61b0-432b-a251-b0275027f3a2,gaussian_blur,s5,1,0.976655,0.988180,0.989006
00a423ac-9aa4-4f3d-b22e-d84db19fa955,clean,s5,1,0.938744,0.968384,0.969032
00b8d6cc-7f27-49d4-a565-3d2363962706,clean,s4,3,0.971871,0.985647,0.991813
00c3cd49-d4fc-42c1-9a99-8ce3e6d4dc57,shot_noise,s5,1,0.628796,0.740938,0.892386
00c5279b-ed86-411f-928b-376547f92899,clean,s5,2,0.834908,0.910005,0.910264
00e91a7e-b49d-4525-86be-cb27b4cd8266,fog,s3,2,0.857491,0.917697,0.991096
00ec32af-2b68-45a2-af2c-f969f8f519c5,gaussian_blur,s5,2,0.772159,0.870025,0.882267
00f41446-11cf-4ee8-a303-63a845146980,fog,s4,4,0.785394,0.874613,0.921163
0103c48b-4a58-4453-aa0e-1c8c32740484,shot_noise,s4,5,0.722585,0.830437,0.889184
010670c8-29c2-439d-b070-d070b5b8692a,clean,s4,4,0.750416,0.848748,0.914715
010ba6bd-92b5-4fb7-bc54-b6611ea96058,shot_noise,s4,0,0.962842,0.980945,0.987600
010dd0f7-1dd1-4826-b162-ed395e7857de,fog,s4,0,0.879878,0.934160,0.965584
010e7705-b296-43e8-b9bb-c2ef8431c8a9,fog,s5,2,0.615829,0.759887,0.772064
0113443f-a072-420e-8705-fa1ac6ff9583,fog,s4,0,0.639178,0.755664,0.878971
01158113-c747-4cf4-b015-adc6433c8bd8,clean,s4,1,0.813698,0.891551,0.950117
011b5c7c-21bb-4158-aa16-830da74494e7,gaussian_blur,s5,4,0.925054,0.961066,0.961106
012701d0-ba6f-4d58-a2e4-fe539fa3168e,clean,s5,4,0.722171,0.838426,0.840216
012a5ed9-6809-4a18-9d49-7f9bfa73b333,shot_noise,s5,4,0.780367,0.874580,0.893029
01358af6-316a-48f8-b5e3-732b2720f9a0,shot_noise,s5,0,0.775599,0.873195,0.876965
014561e2-07e2-46ed-845b-3632d0eaffe8,clean,s3,0,0.976688,0.988106,0.996635
016beaea-6c6d-415c-a8f0-3f8e70f56ca2,fog,s5,3,0.840950,0.913088,0.919552
016e6085-52df-458c-ab2c-583f97043283,shot_noise,s2,5,0.861357,0.919946,0.995084
017068ea-1671-411f-8836-af1976d213aa,gaussian_blur,s5,0,0.450288,0.619277,0.625393
0193b06f-813c-4962-9879-92f3bd087aec,gaussian_blur,s4,2,0.974337,0.986971,0.989361
01a18f2d-d865-49bc-a80d-a5e6e3475469,clean,s4,2,0.361702,0.459950,0.663275
01ad6e63-55aa-4038-a5e4-138fbd37609e,shot_noise,s5,0,0.612065,0.753181,0.784372
01b499a4-06a8-4116-b302-147430250af8,shot_noise,s5,2,0.961011,0.980053,0.983371
01ba9ebd-14fc-4e25-a9f6-b2939e7ec6f4,shot_noise,s5,5,0.962263,0.980768,0.980784
01c88850-4216-401d-9bf1-8e265f394a4f,clean,s2,3,0.956446,0.977288,0.997556
01ccda67-e96f-4465-b956-f50604348448,fog,s3,5,0.392265,0.521926,0.650437
01d5e123-4f7f-415f-8f15-05ee1e87787a,clean,s5,3,0.907385,0.951298,0.954444
01faf3bf-7a2b-40a0-b5a8-209cfb19f5e4,clean,s3,2,0.564895,0.687961,0.830913
02000cc7-4085-4fab-8005-a016057f9b61,fog,s5,0,0.649609,0.783833,0.804976
0209f5da-dc6b-406f-b1f2-dafa5fbedd19,shot_noise,s5,5,0.949655,0.974151,0.975215
020bca46-b827-4498-8c53-ee7dd7f05eab,shot_noise,s3,1,0.591948,0.715834,0.841664
0213541c-e721-49ff-922e-c58cb12cd64d,fog,s5,1,0.903364,0.948801,0.957580
02169a0c-b8b1-4098-861a-b4aed5ede797,shot_noise,s4,2,0.934399,0.965840,0.973333
021b3228-c584-40f0-a787-aa72d4c50b25,clean,s4,3,0.902930,0.948070,0.966691
021e053b-e693-4acf-8c94-3b606b37f9e2,gaussian_blur,s4,5,0.882822,0.936675,0.954976
022cce85-10fb-4dc8-9573-fc8df1a1d9f0,clean,s4,1,0.757840,0.851813,0.932606
022fb6bc-4364-4e26-b51a-1c889f828919,fog,s5,2,0.357346,0.509562,0.561147
02359003-8c93-453d-9987-70d1ddfd480e,gaussian_blur,s3,4,0.982368,0.991047,0.997584
02392539-b1d7-40dc-9f7b-9d84bb37bdc4,gaussian_blur,s5,4,0.696325,0.815418,0.851117
023b7e1e-8476-408a-a6e6-d86acc3f4f29,fog,s4,5,0.600099,0.723731,0.845442
0243b680-c98c-4e9c-b7bb-003b17eb4ea9,fog,s5,0,0.938744,0.968384,0.969032
0247305e-8f68-4a54-a7e0-4162120aecb4,gaussian_blur,s5,1,0.870063,0.930306,0.933554
02477fcf-dbe7-4262-b395-2bf18e5cbce9,clean,s5,3,0.926152,0.961491,0.966066
024b0068-30c3-4952-82bb-aad65547a14b,gaussian_blur,s3,4,0.425116,0.532897,0.732997
02547695-886b-4f60-ac81-51c783b87104,fog,s4,0,0.879337,0.934670,0.953005
0262074e-063b-4b35-8291-73071d7dfaa9,shot_noise,s4,3,0.713626,0.822676,0.890452
02638a42-0acb-4622-8c15-d61597ab8621,fog,s4,3,0.869036,0.929091,0.941751
02665c2d-83c0-41b8-92d2-007789381a99,gaussian_blur,s5,0,0.953596,0.976188,0.978720
026fda7d-4a1d-40bb-ad90-5e821d52a149,shot_noise,s5,2,0.388036,0.529938,0.621184
0271cac0-4127-4564-aa49-0449fe174c18,fog,s4,4,0.922505,0.958833,0.980523
0273c9f1-f83b-4e5b-8137-fd399d8c17a6,fog,s4,5,0.398259,0.481143,0.740229
0274d8fd-2a5c-4e9f-8e99-c1acfc4d5b9e,clean,s3,5,0.845765,0.911529,0.971928
027726ea-181a-4f1d-a74c-301756c78cd1,gaussian_blur,s5,3,0.888510,0.940531,0.948251
027855f5-c344-4acc-b053-77804419983e,fog,s4,1,0.970237,0.984796,0.991349
02a30e5c-706a-4f8a-a46b-d70f0e524139,gaussian_blur,s4,0,0.370157,0.521319,0.579995
02a4dcca-cb84-424c-9676-413ba8825cff,shot_noise,s3,0,0.665778,0.760256,0.962468
02a67027-15cd-429f-8f8f-2a05a4f56921,clean,s4,2,0.724916,0.827847,0.914157
02b74ab1-e282-4f85-9457-52c1d93a21ee,fog,s4,1,0.734348,0.834794,0.919676
02bebd9b-b504-4b2b-a078-5ba54f820c59,fog,s4,3,0.660981,0.771200,0.903813
02bf5717-1339-49ed-914b-79ae2d320fcc,gaussian_blur,s5,4,0.969122,0.984319,0.984325
02d04b02-33bc-4b8d-a91e-75c8de74dc04,gaussian_blur,s5,4,0.683311,0.811460,0.814018
02dee81d-ead9-4aa9-866f-6ee79e024460,clean,s5,5,0.655362,0.789945,0.800656
02e115b0-ba8e-47df-92d8-17941265f05b,shot_noise,s4,5,0.967001,0.983105,0.990240
02e82a9c-259a-4e79-a20d-daa7a4d669fe,gaussian_blur,s4,4,0.979040,0.989387,0.991483
02e8bc07-04f6-4aa9-8515-5711d3a2d4cc,shot_noise,s5,0,0.860861,0.925001,0.928265
02fcc270-71aa-42d5-95cd-3aee247b1026,clean,s4,1,0.750416,0.848748,0.914715
0300bb48-b761-4eaf-a320-80fd4aa2874c,clean,s4,4,0.292052,0.451446,0.453222
030c0d31-bf18-4340-a290-2c9d6a08f721,clean,s5,4,0.890595,0.942117,0.942394
0314b4ba-30ce-477c-a3f7-ea1d65786172,fog,s5,0,0.967115,0.983236,0.986069
03172348-f910-4230-9acb-eb51689ccca0,fog,s5,4,0.338613,0.419935,0.654144
03198eff-7c53-4212-b38f-f88d919d1675,shot_noise,s4,4,0.822609,0.897663,0.951616
03375fe2-aae4-491f-9e85-8dc32a66a00a,clean,s4,1,0.958889,0.978749,0.991435
0337d12e-4020-4963-b11b-d9acf73a6905,shot_noise,s5,4,0.907020,0.951219,0.951744
0345cc6a-34e3-4471-8fdf-7d79c30bfe76,gaussian_blur,s5,3,0.784246,0.876769,0.897815
03689ae1-0636-453b-ab75-b14396ed0575,clean,s5,5,0.459315,0.624557,0.642645
03690dba-a043-4819-ab39-3b64fa61e7ca,clean,s5,3,0.975313,0.987478,0.989408
036d69f0-6bc4-44b8-bb90-ed5d51c1aea5,gaussian_blur,s3,3,0.857535,0.917928,0.988816
036f0081-8b8d-440f-88c7-69dab37e0f01,shot_noise,s3,3,0.741729,0.836263,0.946091
0373c477-e009-46e8-8f3e-6aeddb2de2ef,fog,s4,4,0.727947,0.829796,0.917532
0375b987-cda5-4c6b-905c-8b0c43de63d6,gaussian_blur,s4,1,0.720005,0.827389,0.894128
03814b14-e056-47dc-94d4-9effb082622b,gaussian_blur,s5,0,0.971108,0.985325,0.986544
03a02397-9dd9-43e0-b7d7-5004a98d2632,clean,s4,1,0.380868,0.546119,0.563792
03a8d7fb-023f-4f8b-bdaf-1005e0a9b77e,shot_noise,s5,5,0.345987,0.432419,0.658016
03abec35-3ce1-4f40-80e6-31645800925a,clean,s4,3,0.201372,0.332785,0.338912
03ae97c1-f82a-443a-87e0-349d743aad5e,shot_noise,s5,5,0.814283,0.896228,0.911211
03af138a-bf66-4271-a186-ccb136bb746e,shot_noise,s4,3,0.596433,0.702817,0.896576
03ba0cdc-9b80-47a0-89dd-bc59ece90692,shot_noise,s3,2,0.755651,0.843047,0.974064
03c05fb6-6947-4c97-98e0-87975d1dcdbb,gaussian_blur,s4,0,0.574098,0.707297,0.805049
03c1c5e8-158a-4a0f-8522-b6192fea83cf,gaussian_blur,s3,2,0.788099,0.870922,0.963395
03c290c0-232d-46ff-872c-55224a6fa5ea,shot_noise,s5,3,0.665785,0.794846,0.821392
03e44187-8f1b-45d3-96b2-da4a6536968a,shot_noise,s5,0,0.351146,0.440836,0.660949
03eacf09-8167-4dba-999f-2fb9255e97d8,shot_noise,s4,2,0.950048,0.974146,0.983616
03ed1dfd-2abe-4f5d-a65b-850d71e10d36,clean,s5,5,0.882655,0.937521,0.940066
03fecec5-8825-45e5-b4c5-1d57b5cdfdf7,clean,s4,3,0.797129,0.883379,0.919141
04043aaf-614e-47ef-9a64-e49012dd0337,shot_noise,s4,5,0.965527,0.982350,0.988793
04078d74-c0e8-47d7-9545-a184213aec84,gaussian_blur,s3,0,0.811442,0.885911,0.983520
0408913b-d974-40ec-9f19-fde06f632c9d,gaussian_blur,s3,0,0.873658,0.929318,0.978570
040b45e8-e778-4864-8708-96ae7961e4a8,shot_noise,s5,3,0.896898,0.945228,0.953301
0413b77d-0031-490b-b0be-b55ac96d31b4,clean,s4,2,0.898588,0.945810,0.960907
04160057-f86a-4a93-8d02-549e4c0078ab,gaussian_blur,s2,4,0.907439,0.949205,0.996126
041e0e40-5cdc-412b-a61d-ebb95e335e4b,clean,s4,0,0.466100,0.533629,0.854991
04204afc-83f9-4259-ac80-cd790aedf41a,shot_noise,s5,2,0.545754,0.698067,0.732845
042e7900-9897-43d8-9312-71f805d960cd,gaussian_blur,s4,1,0.645095,0.771705,0.839280
0433db78-62e7-4eb5-aca0-acb18ee69bdc,clean,s4,0,0.787592,0.873470,0.942078
0442255d-7201-4a90-9c46-d74b4cafc995,shot_noise,s5,3,0.935141,0.966459,0.967208
04508e0c-f677-4dc5-99b1-44ef9112e805,fog,s4,0,0.901916,0.947645,0.963404
0450e553-177b-4bd9-87f5-13621bc5f023,clean,s4,0,0.977314,0.988476,0.992901
0456d21d-94e4-4592-be0a-fff3ef4ea78e,clean,s5,1,0.533448,0.686986,0.723749
045fd43e-195c-4ed6-a70a-38b5ffc77708,clean,s5,3,0.649609,0.783833,0.804976
04620cc1-da31-4a47-a4f8-1bef99194c61,fog,s5,2,0.885038,0.938997,0.939278
04646a88-e5f3-4466-86eb-3c2737244af3,gaussian_blur,s5,3,0.764450,0.866481,0.866667
0469af70-8865-47dd-ae1a-582eece32f73,fog,s4,5,0.638262,0.739873,0.930354
046a65a5-4a42-4325-99cb-5aa5b42a6269,gaussian_blur,s5,2,0.461577,0.629689,0.636817
046c7630-ea87-4578-9c9a-f7273bd08cb2,clean,s5,1,0.977773,0.988756,0.989269
046d2d4b-a732-429b-886e-f45201f8ccd2,clean,s4,4,0.380868,0.546119,0.563792
0477d56e-2c08-4329-ac40-2f18ca99d1dc,shot_noise,s4,2,0.901757,0.947396,0.966312
047b12dd-1d9a-481a-887a-8932afab5ebd,fog,s5,0,0.938237,0.968060,0.970453
048c85dd-db00-462b-b9aa-a2f761cc89cb,clean,s4,5,0.904298,0.948448,0.974895
0496c97a-cce3-4a6b-9a74-a6a101619678,fog,s3,4,0.686817,0.785045,0.950597
04a0c05b-4c90-483e-b3fb-42bed524fe96,shot_noise,s4,1,0.958254,0.978410,0.991307
04acf88f-a8cb-4e2b-84b2-8e155f7c8fd8,fog,s4,1,0.864219,0.924290,0.965135
04adb8df-79ac-4812-938f-3a1c7bd891dd,fog,s4,1,0.891391,0.941967,0.953093
04b26315-588a-4d4f-85ce-f8c5a56358ff,gaussian_blur,s3,5,0.949739,0.973793,0.990564
04d3211f-cd6e-4ac0-b895-400e0c54038e,gaussian_blur,s1,1,0.329378,0.397139,0.658757
04d49295-b557-440b-9a4e-b5daaa8ec2c5,clean,s4,3,0.936170,0.966471,0.983773
04db5854-fade-4d6e-838b-cd719459c67a,fog,s3,0,0.659679,0.763048,0.929573
04f23911-94f7-4487-9316-6ea274acd165,gaussian_blur,s5,2,0.717097,0.834644,0.838869
0508374c-0bec-46e1-8a3b-60a8ff6eec2b,clean,s3,3,0.857231,0.917532,0.990982
050e0a43-15d7-4de9-88e5-76ba66680834,clean,s4,0,0.621295,0.733291,0.890627
0511152b-8ce4-4eb9-b881-2b7bf1439b4d,gaussian_blur,s5,1,0.813486,0.896556,0.902912
05122eec-e8aa-463f-b3f8-ef0388a847db,fog,s4,1,0.703793,0.818439,0.868613
05137f69-e021-45f7-b5f8-e58b82e5f94a,gaussian_blur,s4,0,0.904298,0.948448,0.974895
0517dc03-d5e9-486a-93d2-26e936a7761e,shot_noise,s4,3,0.865048,0.926004,0.949776
05194810-f05e-48c7-8116-85efb142f3b2,gaussian_blur,s3,4,0.907427,0.949463,0.991119
051a4abc-28c1-4d7c-ac73-e4409bfc022c,gaussian_blur,s5,1,0.688555,0.815535,0.815664
051bfe37-54b7-4f33-8361-90dc75ee5688,gaussian_blur,s5,5,0.303506,0.412399,0.556347
0520ec46-724b-4a1c-8e78-c1692e4434d4,fog,s3,0,0.939485,0.968130,0.989771
05243c85-46e2-40fd-a9c5-57011492cca4,gaussian_blur,s5,0,0.305168,0.413841,0.559397
05294395-03a9-4ca1-9882-011ec148510d,fog,s4,1,0.684969,0.792776,0.910795
053086a2-6adc-44c8-bf3e-56a6bfd9f275,gaussian_blur,s3,4,0.922190,0.958399,0.986459
0536ccef-5722-4a99-9204-3e2a4ea27a94,clean,s4,4,0.466100,0.533629,0.854991
0538343d-e6fd-4737-9a86-bc031d4c136b,gaussian_blur,s5,2,0.892878,0.943282,0.945622
053f874e-7f0c-4af1-a24a-e12af9fbf109,fog,s4,1,0.964222,0.981665,0.988318
0546308f-76f7-42bb-b4ad-4db2b8fc3866,fog,s4,0,0.977902,0.988805,0.990852
054cca96-1c04-4c8d-9750-bf4caf1b5757,fog,s5,2,0.737269,0.848617,0.849768
054f670d-dcd8-4a26-9eb0-e748505aae67,fog,s5,2,0.969968,0.984755,0.984763
0571a460-109b-4b76-841b-417efe79964e,shot_noise,s5,1,0.453425,0.617818,0.639957
0571d5bc-e128-472c-b3d6-603ddc90cccc,gaussian_blur,s5,0,0.901453,0.947752,0.956234
05720fd8-9b7e-47d7-aa54-5a247d8ff0e2,clean,s5,4,0.938237,0.968060,0.970453
05793d70-6cfe-465b-9943-b57c7201976b,shot_noise,s4,2,0.713643,0.825781,0.873733
057e598b-eb47-4be2-a46a-707314e4c522,fog,s5,0,0.543683,0.688520,0.755371
057f5b67-3279-47f9-9f31-540ae6fef368,fog,s4,2,0.217299,0.350994,0.366299
0593ec7b-ef96-45ed-b4a6-731aa2d7b0a2,shot_noise,s5,0,0.876985,0.934443,0.934741
059b8925-2884-4fc0-a28d-9af8c74453a5,fog,s5,5,0.452299,0.583283,0.717877
059bce0d-d3db-4ebd-985a-d403e2b1ccca,fog,s4,3,0.417092,0.581925,0.604768
059c19b5-ac5c-4dbb-8e81-06fc1a925de2,fog,s3,2,0.977128,0.988335,0.996693
059f8501-396e-47cf-8587-1a9d3056180c,shot_noise,s5,2,0.366800,0.524816,0.561797
05a465df-da44-426d-b231-47a24ac64d08,fog,s2,5,0.654868,0.741827,0.983632
05ab2371-55d3-49a9-a4f2-55c2fa7cc84e,clean,s4,2,0.926468,0.961207,0.977893
05af121d-38ad-40d5-b28b-509023f5eac1,clean,s5,3,0.492729,0.655163,0.674699
05b18998-2662-4982-ac4a-531b410f061e,gaussian_blur,s5,4,0.272968,0.423257,0.438597
05b287b3-ae06-404c-9d2c-eb59d1d1eaa0,gaussian_blur,s2,5,0.704462,0.798968,0.964107
05b2b84d-4997-4d7b-bfd9-a20236e24b65,shot_noise,s4,1,0.901982,0.947518,0.966517
05c4c4ff-75ee-4f8d-8ccf-5a6fe146a67d,clean,s4,3,0.503959,0.663415,0.690263
05dd9ab0-e3e5-4e70-99d7-03e8e2b75c2e,fog,s5,4,0.977323,0.988522,0.989319
05e1615f-f749-4626-b820-d0abe58631c6,clean,s3,3,0.534804,0.611250,0.917229
05e3a48f-2a26-4b2c-9b2f-1066ef712601,gaussian_blur,s5,3,0.697114,0.821178,0.823489
05e6dd6c-025d-4282-ace4-66ea441d4411,gaussian_blur,s5,2,0.939231,0.968649,0.969120
05e9e9b3-fca7-49f8-a2d5-5be209435ce3,shot_noise,s5,5,0.693946,0.817456,0.829563
05eb4ec7-d7cd-437c-a643-1d701fe3605c,fog,s3,1,0.671330,0.783332,0.895730
0604e910-2446-4e15-80d6-b15e8b81e66b,clean,s4,1,0.928955,0.962552,0.979648
060824c9-0f62-4972-84b3-83494edfa646,shot_noise,s4,4,0.933569,0.965346,0.974235
0614330e-35ed-40cc-a8fa-b5606e34c7cd,clean,s5,1,0.383867,0.512878,0.640784
061964cd-cdd2-427f-8c81-ebc683bab4cb,shot_noise,s4,2,0.367003,0.428377,0.726875
063303c0-1444-4f67-a47a-d74bcfa43d3a,shot_noise,s3,0,0.866658,0.925406,0.970939
0636971d-ba70-484b-b2ac-25925f4f7ff5,clean,s4,2,0.941312,0.969416,0.981307
0648ba6a-da68-4069-bcd4-f4a395a3ff0f,fog,s5,4,0.800175,0.888133,0.896720
064a626c-5dd8-4a36-b846-14f9c004dfad,shot_noise,s4,1,0.860752,0.922469,0.959952
064f9662-0fea-4501-ab73-2c922a2315c4,fog,s3,0,0.665778,0.760256,0.962468
0651d771-f2c5-468a-a4c9-2b6c1bc2ac9a,shot_noise,s3,4,0.942043,0.969396,0.995021
06547683-d2f4-4ebf-9129-f9f712d7f8fb,gaussian_blur,s5,0,0.798131,0.885807,0.904612
0656db81-5ae3-48da-9364-776664b3301d,shot_noise,s4,5,0.758809,0.854353,0.921323
065e4ce3-31c5-4d2e-a051-42ddf4073674,fog,s4,3,0.867833,0.927518,0.953003
06785778-4a50-4256-983c-f8237d92b872,gaussian_blur,s5,2,0.880652,0.935978,0.945301
06798966-000d-4632-9007-0f283e546532,shot_noise,s5,4,0.557231,0.706636,0.746458
06991936-9fe7-4f25-8f1f-f75a51500b3e,gaussian_blur,s5,1,0.883693,0.938214,0.938933
06af522f-76d4-416b-8a35-44c6749581b9,clean,s5,1,0.611499,0.758005,0.762699
06b33e77-8f24-440a-a201-9add5a39c817,gaussian_blur,s4,5,0.372158,0.471475,0.676715
06b4915a-302d-4703-935b-26e2a8ae47dc,gaussian_blur,s4,3,0.431813,0.471451,0.852378
06b76a9c-9944-4a44-9021-49ea85b0c53e,gaussian_blur,s2,2,0.646122,0.734232,0.976133
06bbd750-a516-41e4-a38c-bef98dc01b5b,gaussian_blur,s4,2,0.197820,0.327575,0.334352
06c341bf-2813-40e7-89ef-bbfe2039d17f,clean,s5,4,0.501022,0.635809,0.754796
06c5b628-a67b-4ef1-802e-e475ffce021c,gaussian_blur,s4,3,0.713808,0.818155,0.914688
06c8c8a6-1951-44da-88ac-578de17cead3,fog,s3,5,0.672834,0.774130,0.938544
06ca8a56-eb5a-488c-8ea8-817930f3e3bf,clean,s4,3,0.783326,0.873017,0.921682
06e22d2c-e950-495e-893e-4721258609ca,gaussian_blur,s4,4,0.351288,0.412655,0.702576
06e3979e-d061-4edd-9a62-19f249e9fb3f,clean,s4,2,0.508218,0.665570,0.698933
06e3d859-0bbc-4f83-b220-59fb3c554a47,shot_noise,s5,2,0.449773,0.615870,0.632459
06ed0afa-9948-41b7-8ed5-f139f4d96805,gaussian_blur,s5,4,0.212083,0.302613,0.417824
06f3a7a5-6835-43ac-a081-67dd1f85b156,fog,s5,4,0.774712,0.872483,0.877552
072698d6-f5ab-4f82-b544-2344102ba19d,fog,s5,4,0.551330,0.695135,0.762112
0730382e-020a-48c1-ba6e-7ffdb6957dba,shot_noise,s3,3,0.976192,0.987825,0.998438
07355b0a-aba4-4c76-bc70-0bf9da3ba35e,fog,s3,3,0.532475,0.608069,0.916523
07431347-1ddf-4462-b6a1-ca3c3dbe820a,gaussian_blur,s4,5,0.824597,0.900440,0.938293
074f3e55-5e2d-441f-a5b0-277f584b3105,fog,s5,2,0.898252,0.946368,0.946981
075701bf-8512-4e0f-b602-833d91b38d9b,fog,s3,1,0.392473,0.503504,0.684960
075774d7-e2d4-495d-a890-e65261c0c0f8,gaussian_blur,s4,2,0.970523,0.984939,0.991788
07595d48-e756-4df2-8018-98371a021f47,fog,s4,5,0.528588,0.684050,0.715509
0761990a-77b9-42b3-a9d1-85fe781ade31,gaussian_blur,s4,2,0.961587,0.980289,0.986943
0766bd8d-5784-441c-94d3-4575ec96c358,fog,s5,0,0.514731,0.663495,0.727595
076b2e82-cc35-43ef-976b-e1c99c56acce,shot_noise,s5,1,0.472081,0.635960,0.656264
0785e4a8-a906-477e-8f5a-29d0db202c03,fog,s4,3,0.733432,0.836125,0.907819
078d4239-94d0-4b4b-8bc3-8ace4d352bec,shot_noise,s3,1,0.928977,0.962037,0.993331
0794ad8e-1536-4b4d-b930-57240a4a50b3,shot_noise,s2,3,0.784773,0.864049,0.992395
07c5c126-bb65-46be-a6f7-df73987155a0,clean,s5,3,0.968174,0.983830,0.983840
07d11adc-75d4-4061-8805-fa2b5782193e,fog,s2,4,0.725149,0.813423,0.986768
07d4fbe0-2287-48b4-9e27-1530937da930,gaussian_blur,s2,3,0.975878,0.987659,0.998541
07d95c7a-6d5b-4515-94c6-9cff1a58e853,clean,s4,4,0.879337,0.934670,0.953005
07dcff5f-5eb2-44a1-b8f0-c0e2aaacb741,fog,s3,1,0.543197,0.661201,0.830283
07e2b820-c76d-4159-81dd-ec06de430413,clean,s4,3,0.292052,0.451446,0.453222
07f56833-6352-44d3-bbdd-d232cb4771c5,shot_noise,s5,2,0.797201,0.885205,0.904171
07ff53b4-1169-4817-ab19-91608ace75ff,gaussian_blur,s5,4,0.453817,0.622517,0.629063
0805b37b-625b-49db-b56f-4e7d3441ef32,clean,s4,4,0.971871,0.985647,0.991813
080ceb12-9793-41d1-bde9-6b3ecbbd4fc5,gaussian_blur,s5,2,0.931708,0.964335,0.973397
08117b2f-6a4b-43d3-9958-d070bace951f,shot_noise,s5,2,0.469977,0.622987,0.683061
081983f7-c721-4e09-b19f-7453a025bff7,fog,s5,3,0.429862,0.553521,0.708193
0823b843-be37-4311-bc58-2d526239a3f2,clean,s4,5,0.830865,0.903917,0.946165
0828a0be-d76f-412a-8017-f3d80633ff5e,fog,s5,3,0.191312,0.285211,0.371499
082be248-fb0f-487a-991e-5afc7a2bda4d,gaussian_blur,s3,4,0.590796,0.707082,0.864597
083f24d2-c710-4481-84e4-8c8f046df177,clean,s4,0,0.399835,0.444342,0.799669
084dcd79-6ef7-4b1f-ac71-42c16ceb8c23,shot_noise,s5,0,0.820536,0.901361,0.902052
084e163c-355b-42ee-9b5b-d60a9878912e,gaussian_blur,s4,1,0.699050,0.814365,0.868693
085635e9-b5cb-4181-9447-fe2aba00748c,gaussian_blur,s4,1,0.249525,0.389835,0.415055
085ae6dd-df19-436d-a540-c72cb9713e2c,clean,s1,4,0.496405,0.498196,0.992811
086dc3fe-0ebb-4e86-9e72-b9318f9e6475,gaussian_blur,s2,4,0.941739,0.969136,0.997852
087690b0-8cc2-4648-bf83-475e0344d726,shot_noise,s5,0,0.386394,0.526655,0.622380
088020de-8cba-435b-a62a-c36f65d8c814,fog,s4,0,0.940990,0.969341,0.977989
088b2ec2-2f58-46cc-9c83-711f6e90ef8d,gaussian_blur,s4,2,0.532542,0.672086,0.764793
088d225a-10d2-465a-a916-c5757def7f1f,fog,s4,0,0.284307,0.426547,0.470976
088d3532-75df-4ecc-b789-9329566b459d,clean,s4,2,0.957133,0.977946,0.984928
088f3108-1ad2-4566-adef-6bc46109835a,gaussian_blur,s4,3,0.935254,0.966138,0.978517
0892929b-bcbc-41fc-a263-ceeff022f7da,gaussian_blur,s3,2,0.960511,0.979520,0.996360
089a7356-1962-4268-8337-95f40145c277,gaussian_blur,s4,5,0.871364,0.928959,0.963666
08a3d83f-85eb-4faa-b5bb-764cae85837e,gaussian_blur,s5,1,0.780144,0.876095,0.879728
08a96917-f385-462a-9b88-534c1b8aff04,fog,s3,5,0.924847,0.959904,0.987210
08ad26e6-6d26-4235-935b-b96f1ff2f17b,shot_noise,s4,4,0.604268,0.723850,0.860064
08b44a2f-1617-45dd-a4d6-d1fd7d827e31,fog,s5,1,0.482275,0.636443,0.690000
08bf1130-fc4b-4a10-8876-0ea9aefbab67,fog,s5,1,0.705240,0.815426,0.890635
08c3a7b9-9201-46f6-b8e6-af676aa9f09a,fog,s5,5,0.890562,0.942082,0.942656
08c4c1a5-d1c3-4009-8e43-d79941a7eb5c,gaussian_blur,s5,4,0.850883,0.918438,0.931651
08c8d503-fbe5-451b-a437-1f5d76d1a5db,gaussian_blur,s5,2,0.791790,0.883467,0.886639
08d03566-881c-4528-b2d3-d924a87222b3,clean,s4,2,0.948754,0.973297,0.988920
08e20a87-cebf-49ec-935d-185688c8eb78,fog,s4,2,0.943930,0.970756,0.984864
08e39404-9e9d-4433-b38f-9a0704912c29,shot_noise,s4,2,0.961829,0.980473,0.984140
08ece534-95eb-4b26-a1b1-055137e9f9af,shot_noise,s4,0,0.621295,0.733291,0.890627
08ffe009-f391-4dea-a89a-48c2991b459d,shot_noise,s4,3,0.949165,0.973593,0.986272
090d693b-ce42-4f62-a93c-3f94dcc6c698,gaussian_blur,s3,3,0.921093,0.957740,0.987003
0917999d-72d5-4812-8b97-684843fe0f4c,clean,s3,5,0.873658,0.929318,0.978570
091e9d8f-83e7-4b95-8976-7a5af76be070,fog,s3,4,0.553206,0.637059,0.919763
0929b732-4201-4d1d-836d-5759d78da316,gaussian_blur,s5,0,0.408506,0.578970,0.582635
092a2b64-c397-414c-a068-222b9e80139e,clean,s1,1,0.373532,0.427611,0.747063
0938c27a-7278-421c-ae6b-42da4ceb4851,shot_noise,s5,3,0.385706,0.526321,0.620812
0938d1f4-ebb2-4d13-b119-e777aee54889,clean,s4,5,0.771392,0.864227,0.920416
0941b62b-443a-47d5-b911-af66bb12d0a4,gaussian_blur,s5,2,0.433329,0.597215,0.623099
09421b79-5160-4197-b068-a81cd031dacf,gaussian_blur,s3,5,0.911902,0.952417,0.985531
094280e4-5cc3-4cfd-a3c8-73e1ff2a4d58,clean,s2,3,0.912998,0.952524,0.996566
0943a74b-b4fa-46bb-b6e1-f5bbda8e06c3,shot_noise,s4,3,0.932320,0.964600,0.975560
09484d89-52fd-4ac9-94b4-5c72532dd01d,gaussian_blur,s5,0,0.824825,0.903333,0.910949
0951e184-8add-4e5e-bc5a-0fdc2c67cae1,fog,s4,3,0.430902,0.546844,0.724613
095b9e4c-49c1-49c7-89de-ef11317a8e3e,fog,s5,5,0.837723,0.911455,0.914432
0965954c-8ef5-4ec9-8568-4a9a76c8e194,shot_noise,s4,1,0.687188,0.804915,0.864216
097439b3-31a7-4976-a039-2ee707521ab7,fog,s3,1,0.528622,0.602513,0.915838
09883375-58c9-48d8-b0b2-0c89c60df03c,fog,s4,4,0.922722,0.959349,0.971088
0988a817-099e-4c36-a86f-e3ac5bf942b8,gaussian_blur,s4,0,0.767859,0.858880,0.938187
098c4e36-6fb2-4ac0-88dc-27c013ffd496,shot_noise,s5,2,0.962959,0.981120,0.981659
098e16ac-70a7-4d2e-b4a5-badb3e4d0d3c,gaussian_blur,s5,5,0.342433,0.446570,0.625083
09c89435-ad74-4f3c-a04c-61dbd20c5ffa,gaussian_blur,s5,3,0.965688,0.982494,0.985461
09dc374e-d782-4599-8059-160ee21b58d9,shot_noise,s5,4,0.747610,0.854170,0.865247
09dc6b5e-a0a2-4dd4-baa6-e48fd63c6b6e,shot_noise,s5,2,0.719977,0.833365,0.860171
09eb3eaf-31ac-44d5-a800-2795edd46e8c,shot_noise,s4,4,0.399835,0.444342,0.799669
09f3bc0b-043d-4cca-b9aa-add3b32a7522,clean,s4,2,0.940507,0.968745,0.988434
09f71bc8-b7e4-4d0a-9094-ae15cada857a,shot_noise,s4,2,0.972297,0.985869,0.991941
09fe7e8e-ea81-46cf-b932-c754e76f66c8,clean,s5,5,0.854762,0.921549,0.923547
0a070943-a956-4a61-a6b0-406af6343b76,shot_noise,s4,4,0.785371,0.873323,0.930789
0a0addc8-1de1-4f2c-ad05-e6b0fc1ba76c,clean,s5,4,0.649609,0.783833,0.804976
0a0fea65-2cf4-44cd-a7a5-78efd316a964,gaussian_blur,s4,2,0.823639,0.899832,0.937835
0a10820c-f843-490f-add0-a29605d722f7,clean,s4,3,0.453030,0.521700,0.836540
0a19d346-fb6a-45cb-9468-c8edf696a77e,clean,s5,5,0.527970,0.681608,0.720804
0a1a763a-e14b-49c6-bd88-783ad408f1aa,fog,s5,3,0.790992,0.883007,0.885808
0a2800b5-cdbe-47ff-ad01-32ba02dff9c3,shot_noise,s3,0,0.716648,0.811812,0.957829
0a2cd127-90bc-4149-8852-a47ece989a4b,clean,s4,1,0.963272,0.981175,0.987532
0a2f86d8-cbe5-49bf-93ba-8ad5302b4fca,clean,s5,0,0.816687,0.899084,0.899203
0a31b059-0c4e-4c1b-af93-764062cb0099,gaussian_blur,s5,0,0.934769,0.966272,0.966683
0a33023e-b4ae-4b3f-a95e-15fe1472847e,clean,s5,2,0.902726,0.948859,0.949211
0a3eff2d-c6ee-4f6f-9af8-6bee74c6d70e,fog,s5,3,0.266762,0.358418,0.518981
0a632476-fa65-40c9-8bfa-47942d8548c7,gaussian_blur,s3,1,0.527688,0.657640,0.787784
0a8829fc-7fa5-477f-94dc-be4f2eaac6eb,gaussian_blur,s5,0,0.351146,0.440836,0.660949
0a95f644-822f-41d0-ba0f-9a5c8663f77d,shot_noise,s5,1,0.965848,0.982627,0.982640
0a9e53d3-c01d-4456-8dda-f08f3acf3093,clean,s4,2,0.596361,0.716639,0.854827
0abc80c3-931d-47d4-adf1-a8e3547b3afe,shot_noise,s4,4,0.876284,0.931970,0.964837
0abe9874-e44e-4412-bbbd-80684dc998be,shot_noise,s5,2,0.759249,0.862870,0.865205
0ac281c7-f1cd-4362-b27d-b9c6e5a433b5,clean,s5,2,0.909416,0.952518,0.953435
0ac3c4dd-d182-4b6f-9ad1-56412a11f58b,shot_noise,s4,0,0.495712,0.633600,0.742658
0ad4823f-53aa-44ee-be72-32b31a8a2caa,shot_noise,s3,5,0.713343,0.808849,0.957424
0ad913c5-46cf-4583-b5d1-0376e48a967f,gaussian_blur,s3,4,0.790876,0.873144,0.962721
0adac8e7-2bf2-45ab-ba9a-f567ca4e74bb,shot_noise,s5,0,0.269934,0.419168,0.435355
0ae15cb1-d3b9-4333-809a-2ea4328cc44f,fog,s5,3,0.402344,0.572900,0.575963
0ae1e874-598f-410c-b7be-333fa1268d7d,fog,s5,1,0.198358,0.291969,0.386245
0af098f9-4087-46f9-a54c-2a12b95225ac,shot_noise,s3,0,0.564895,0.687961,0.830913
0af4501a-3639-4937-aff7-84c2be2289ee,clean,s5,3,0.925474,0.960805,0.973781
0af66a82-6077-405c-9aac-a11539d27439,gaussian_blur,s1,5,0.350682,0.412236,0.701363
0b041214-048d-44fe-8a50-57cee5e7d3ed,fog,s4,5,0.553680,0.706758,0.733115
0b132720-d0a6-437b-8cf2-8d5293a5164a,fog,s5,0,0.913124,0.954582,0.954757
0b134397-323f-434d-8598-a3e10c0a28da,gaussian_blur,s4,2,0.873566,0.931290,0.950382
0b20ac79-abd5-4e6b-b371-3997f90e14ec,gaussian_blur,s3,5,0.960339,0.979427,0.996342
0b2d8483-2cf1-446c-818b-360e95e1ab85,clean,s5,1,0.775599,0.873195,0.876965
0b457c8d-89af-4628-873f-f0cfb25f4097,shot_noise,s3,4,0.459223,0.478745,0.918447
0b48d694-6fa4-4527-a6d8-309eb617857f,gaussian_blur,s3,3,0.938470,0.967397,0.994690
0b4c6fda-2e86-467c-a3e1-d25c7c3b5885,clean,s4,1,0.399835,0.444342,0.799669
0b635e15-39e2-44fc-8ca1-ae9b8607c446,shot_noise,s3,2,0.557203,0.662884,0.872155
0b662792-4aca-4dd2-b45c-eb0282141bb5,fog,s4,0,0.937774,0.967667,0.974709
0b7c9323-7a71-4b9c-8cb9-617683f13098,shot_noise,s4,0,0.901624,0.947775,0.957701
0b7e875e-ec73-4b4d-b767-6fa798cbeb85,clean,s3,2,0.696776,0.799880,0.928299
0b7f83c6-b597-4d61-886a-42d7d44b5148,fog,s4,0,0.973655,0.986571,0.992667
0b81e2a5-5523-495e-a65a-e961e4e74036,fog,s4,4,0.934514,0.965488,0.985302
0b95deb4-9119-41c0-a684-6d33e62795aa,clean,s3,3,0.968420,0.983790,0.994257
0b966351-ae20-4cdf-a529-4c3733589670,fog,s4,3,0.845260,0.914139,0.939472
0b9e4720-b488-48d3-8f15-e98fbcb90d70,fog,s5,5,0.260229,0.409024,0.419691
0ba5b046-fac7-47f4-8015-0721119a38fe,shot_noise,s5,4,0.731418,0.844854,0.845024
0baea7ba-d0ab-4f93-a9f8-d874c0f08f59,clean,s5,1,0.790848,0.881375,0.898683
0bb2f974-03e8-4d38-b4c5-52d7488e337f,gaussian_blur,s5,1,0.893801,0.943468,0.951957
0bcc64cf-ecd0-4d62-8375-df588a7126f1,gaussian_blur,s3,5,0.926144,0.960462,0.991872
0bcf8686-be16-4ec3-84b8-36debbc07b9f,gaussian_blur,s5,1,0.207345,0.297707,0.408640
0bd15643-e850-4072-a318-41eba4250f50,gaussian_blur,s5,4,0.577121,0.730253,0.737850
0be9a61e-01ea-4369-894e-5187bb56861d,gaussian_blur,s3,3,0.778419,0.863164,0.964869
0bea6a05-aea6-4a4f-9441-cd13e4d876a7,gaussian_blur,s5,1,0.975588,0.987636,0.988208
0bf714b2-320d-47b2-9b57-79a2b0849c9d,shot_noise,s4,1,0.364238,0.464333,0.664000
0c025a7c-d293-46fb-a6d6-e146f36919e9,clean,s5,0,0.775599,0.873195,0.876965
0c0a5e71-8167-46fd-825d-e5ff2acf44ec,shot_noise,s5,1,0.972784,0.986198,0.986652
0c0f7dce-1f9b-49e5-b841-c91fa9b2f8e4,shot_noise,s5,0,0.275350,0.369339,0.530848
0c10c8f1-f806-411b-be87-55220637e6b7,gaussian_blur,s4,0,0.870309,0.928996,0.954064
0c21258c-1cf7-4db8-9daa-6fc974908b24,fog,s4,0,0.856646,0.922011,0.932763
0c22cbad-aa45-4256-961e-ec97174420ae,clean,s4,3,0.949731,0.973976,0.983509
0c44cba1-d58e-4bb6-aba7-b224ab42f05d,shot_noise,s4,1,0.958054,0.978307,0.991071
0c573c1c-74b9-4803-ba4f-57d1223078fc,clean,s5,3,0.854762,0.921549,0.923547
0c62012e-415d-40cf-aa9e-93a8a1878b39,fog,s4,2,0.861596,0.923036,0.959659
0c6551d9-c207-42a4-aa31-657031010bd5,clean,s5,2,0.805104,0.891349,0.898304
0c669f9c-673f-4a9c-87dc-399838062bdd,clean,s5,4,0.938392,0.968090,0.972196
0c770540-d558-4f7d-9814-8cfd47851ced,gaussian_blur,s3,1,0.563979,0.669912,0.876619
0c818aaa-1abd-4f46-a09f-c0010ea40f5e,fog,s4,2,0.846272,0.914778,0.939712
0c8b240e-544e-4756-964b-8ace8663a011,clean,s4,0,0.574098,0.707297,0.805049
0c8bf908-182a-4875-9c42-69fb673c0f75,clean,s5,0,0.938237,0.968060,0.970453
0c964212-1709-46af-ad2e-2839644aeff3,fog,s4,4,0.689843,0.807848,0.861267
0c9a6de8-6c46-495b-8e5a-d66bca19ea8d,gaussian_blur,s4,5,0.952412,0.975462,0.982341
0c9c869a-e10c-4a25-aba7-586bc13ce319,clean,s5,2,0.770739,0.870444,0.871179
0ca45831-6473-446a-aa18-5ffa3738e452,fog,s3,5,0.915721,0.954429,0.990640
0caa7df1-b602-41f2-8774-695e98949b0d,shot_noise,s2,2,0.777813,0.858738,0.990299
0caff180-e9bb-4835-994d-ddb7b9b137cd,fog,s4,2,0.686251,0.804436,0.862517
0cb551c0-48b8-4b3f-b3f4-f3c91c78d535,fog,s4,3,0.953864,0.976209,0.983886
0cd49427-bd49-4eb0-8796-c19830622edb,fog,s4,3,0.634570,0.759198,0.848024
0cdb3e7e-32a5-4cda-bdcd-c19240f3dea4,fog,s4,1,0.819894,0.897889,0.931845
0ce9c6fa-87f8-4f0f-8d8c-f901a5d454f6,shot_noise,s2,2,0.720832,0.809591,0.985771
0cea882f-9d65-44b5-931c-25d10e34d4ae,shot_noise,s3,3,0.640311,0.738855,0.941029
0ceafbde-ac87-403b-b807-09ddcaca8b97,fog,s4,3,0.812294,0.892096,0.936559
0ceb2d64-c3a9-4778-ad68-f8d41b5a8526,shot_noise,s5,5,0.465793,0.633226,0.641888
0cee0a34-fda2-4554-a3be-c68f16d90a1f,fog,s3,2,0.820101,0.893701,0.971335
0cf0834b-482a-4066-bf73-f6b14d7d5e0b,clean,s5,3,0.834908,0.910005,0.910264
0d0f04d9-baac-4da2-8f7a-98f676f2d306,gaussian_blur,s5,1,0.701610,0.819589,0.852652
0d0f06d8-6f42-4391-8ede-991adff5918a,clean,s4,2,0.503959,0.663415,0.690263
0d13553b-2c53-4a24-8894-341b3ee44104,fog,s4,0,0.621295,0.733291,0.890627
0d1efd8c-c4e5-4d22-925f-2e61a9e24b92,gaussian_blur,s4,4,0.765583,0.858085,0.931664
0d29d085-10de-499b-a006-fb34d1efab5b,clean,s4,3,0.488015,0.614317,0.763813
0d2fca8f-4c09-4810-9319-4d36bca6a3c8,fog,s5,2,0.848674,0.916972,0.932257
0d30f4b3-7e5b-4f8b-8940-b44e79120e8a,gaussian_blur,s5,4,0.336081,0.444467,0.608601
0d311e79-186c-480d-9ae4-73a0a46b65e1,gaussian_blur,s5,0,0.867043,0.928154,0.937611
0d32a7eb-325c-42fe-ab77-cdf0985b0317,gaussian_blur,s4,4,0.891747,0.940842,0.975474
0d42801e-0185-4c89-960b-f1b2e40125bf,clean,s5,0,0.907385,0.951298,0.954444
0d4daba6-c298-46cb-9867-7b15b20ef493,gaussian_blur,s4,5,0.787885,0.874700,0.934512
0d54fc11-87fb-45b3-8e11-1fa6c95d3403,shot_noise,s2,4,0.723143,0.815417,0.968885
0d555006-eba4-4e3b-972d-0dc764885b8a,gaussian_blur,s5,5,0.847370,0.916189,0.931589
0d560dbc-1128-4c5d-9f6f-11a37293e294,gaussian_blur,s5,0,0.925712,0.961407,0.961838
0d5c12cc-f0a5-42ed-ade0-c74fed59a0db,clean,s4,3,0.757840,0.851813,0.932606
0d6273f9-a7ac-4e4f-8fb2-38d3d9065acf,gaussian_blur,s5,5,0.884508,0.938701,0.938933
0d635ce0-4c17-43b7-af97-8a5c5e3eb239,clean,s4,4,0.362597,0.420599,0.724853
0d819b17-0155-43bf-b9cc-a7da303a4961,clean,s5,5,0.770739,0.870444,0.871179
0d89552e-bc72-4457-bf0f-7c575485f70b,fog,s4,5,0.974834,0.987194,0.992143
0d8d9442-b091-4561-af99-82f51de9760a,gaussian_blur,s5,2,0.833403,0.908505,0.915989
0d8fcce9-bba7-4cb1-9adf-ff6a330b79b6,clean,s4,4,0.912992,0.954041,0.964881
0dc17562-a81a-49d0-94d4-ab412afc38a8,fog,s5,1,0.955098,0.976948,0.980752
0dc182b3-2ac5-4b45-b8e1-4d9a69323ae9,shot_noise,s3,3,0.936381,0.966403,0.989254
0dc29ff6-051e-4624-9328-6eb5d9fe4746,fog,s5,5,0.365924,0.525079,0.558341
0dc9d0ab-0589-4f4e-9bb2-191b5003b85b,shot_noise,s5,2,0.423027,0.594345,0.595040
0df14b3f-7fea-4c5a-b95d-7db5ae467f3d,gaussian_blur,s5,5,0.886928,0.939281,0.953184
0df303c3-4ff2-46b2-a9a6-545b9118590a,clean,s4,1,0.948770,0.973533,0.980469
0e0d7fc2-50c6-42d2-beb5-8f7c3461a204,fog,s4,4,0.415758,0.468131,0.811441
0e239b6a-89bc-43e3-aeb4-703d2de38c31,fog,s4,4,0.536730,0.648120,0.841808
0e2caad6-cbd3-4723-be51-e12ef6b412b9,gaussian_blur,s3,0,0.681456,0.791088,0.903739
0e31366d-42ff-4c01-a345-25a34f22ebf2,shot_noise,s3,1,0.716183,0.811415,0.957691
0e336702-5961-4100-98a5-5544cf5c5239,gaussian_blur,s5,0,0.722171,0.838426,0.840216
0e37a97e-8e74-4558-bbb6-0183a5b09829,gaussian_blur,s5,3,0.827430,0.905495,0.906325
0e4202f6-6902-4568-b1d5-24b4a6f9b290,fog,s5,1,0.787039,0.879909,0.888501
0e462e5f-06cb-474c-a306-22c4c0d78f25,shot_noise,s5,3,0.963425,0.981362,0.981892
0e49d8a8-ff4c-4a69-9072-d1ac8195dc4a,fog,s5,4,0.643028,0.778852,0.800293
0e4e70cc-a235-482f-82cd-ab6113299874,shot_noise,s4,2,0.496204,0.656598,0.682754
0e507420-8c19-42c7-a7d8-079b4b888119,gaussian_blur,s1,2,0.496405,0.498196,0.992811
0e62d7ad-654a-4800-84eb-0a97c88e4f38,gaussian_blur,s4,3,0.521412,0.636482,0.820087
0e64901d-42f1-4173-9e5b-93b29ca0ea14,shot_noise,s5,0,0.933315,0.965417,0.968117
0e6becc7-1aa5-4160-a288-9a7d08cad27f,clean,s4,1,0.901916,0.947645,0.963404
0e783f65-a3d4-45a3-a5c6-3ea999537dcc,fog,s4,0,0.755815,0.856615,0.891008
0e7afa6d-6b7c-42e9-8296-85699f67cf13,clean,s3,5,0.696776,0.799880,0.928299
0e83a1ce-ba20-4ec4-92db-41e31add2d94,shot_noise,s4,4,0.833704,0.906625,0.938085
0e845669-5545-4598-98ce-adbab9dd853d,gaussian_blur,s3,1,0.367177,0.505119,0.601820
0e8605de-242d-4e2a-8978-b7c77c8842b4,clean,s5,3,0.963798,0.981556,0.982080
0e9b4b76-ecc7-4806-9734-80cce054bfc3,gaussian_blur,s3,2,0.857556,0.917746,0.991036
0e9f621c-7791-4b9a-81d2-5b7ec87402a4,fog,s5,3,0.965807,0.982560,0.985269
0ead4c1a-5efa-4480-a2a5-4a9eb918379e,gaussian_blur,s5,2,0.362200,0.480259,0.630928
0ebb0288-c896-4faf-a3e5-b2d06385cd4d,gaussian_blur,s4,4,0.768467,0.863940,0.906832
0ec3d3cf-98f7-49dd-b555-f622963e3670,clean,s3,3,0.976688,0.988106,0.996635
0ec9d590-4e58-48ab-b396-33053c485007,shot_noise,s2,1,0.890916,0.939198,0.993520
0ecbaabb-67f6-4ef1-91ac-e8722d7d0ea5,gaussian_blur,s4,4,0.956035,0.977363,0.984620
0ecedd7a-e986-4b69-a12b-de1102529bd3,gaussian_blur,s2,0,0.894593,0.941320,0.996251
0ed429ea-b195-42ab-8956-bcaf0478046c,shot_noise,s5,1,0.928529,0.962922,0.963435
0ed44e36-6e5b-446e-9d0a-d75eb9210286,shot_noise,s5,2,0.930434,0.963951,0.964312
0eda59b7-a700-45ca-ba3d-75db90338218,gaussian_blur,s5,1,0.257955,0.346048,0.508090
0eed421f-0826-49d4-867c-af1e355d39fa,shot_noise,s5,1,0.899410,0.946864,0.950385
0ef0cb80-57f1-488b-bec9-6ed53b4665ec,fog,s5,5,0.827995,0.904721,0.918336
0ef7cd1e-90ec-4eef-8118-89e9df6b0a96,fog,s5,5,0.739278,0.849800,0.852080
0f01d3ca-ab3e-446e-ab6a-143bd805210f,shot_noise,s4,5,0.909173,0.951766,0.966108
0f04cfe1-3644-455f-a942-200e8ff29bcf,shot_noise,s4,3,0.585966,0.707426,0.846645
0f06016c-0672-45fe-8873-f4a84a166566,gaussian_blur,s5,0,0.792863,0.884453,0.884581
0f09e528-349c-434b-aca9-9686ea6a3592,clean,s5,0,0.478576,0.643054,0.659376
0f124763-f277-412c-bd80-d6b93e0ddbb5,shot_noise,s4,0,0.948754,0.973297,0.988920
0f1a74b4-e30c-49e8-bef0-bb9c9a450d1a,fog,s5,0,0.538596,0.697732,0.707994
0f244581-733f-4ec3-83d7-0e972d0ea80d,clean,s4,2,0.946687,0.972224,0.986643
0f2604f5-24ca-4cbc-9dbb-11210e62ed9b,clean,s3,0,0.534804,0.611250,0.917229
0f2e1fbf-a977-47d7-9d25-e844c6b000e6,clean,s3,1,0.564895,0.687961,0.830913
0f2f4f47-ae08-4ac6-bb23-e4c3acd42cb5,shot_noise,s5,3,0.887015,0.940110,0.940381
0f31e73b-7ad8-4b13-be0a-6f046ca9a858,gaussian_blur,s4,5,0.917158,0.955805,0.979063
0f40e88c-79d5-4939-9e6a-946453fc53c0,gaussian_blur,s4,3,0.930176,0.963467,0.973627
0f5b88b8-ab1c-4f94-bec5-4ba78dfe60ef,shot_noise,s4,5,0.872325,0.930331,0.953035
0f5dbe14-1ae1-408b-8907-b90ca5cd059f,gaussian_blur,s3,5,0.458387,0.478290,0.916774
0f5fa9fa-0719-41e5-973f-3fdc62babc72,gaussian_blur,s5,1,0.665145,0.798545,0.800683
0f637590-d539-480e-8274-465fc1d0848b,shot_noise,s5,2,0.865535,0.927531,0.933303
0f63eeb5-9020-4aa4-819e-4dfe288b6410,gaussian_blur,s5,2,0.812892,0.895890,0.905435
0f649294-ba31-488c-a0ec-40d5500bb20e,shot_noise,s4,1,0.694569,0.808364,0.879223
0f74d13b-b0dd-434a-8de2-bf29fbf8d4a9,clean,s5,0,0.611499,0.758005,0.762699
0f76b52c-df8b-463a-8ed5-717e7a500207,shot_noise,s5,1,0.781132,0.875660,0.888848
0fa00824-06f6-4e19-a4dc-ed632d5b4654,clean,s5,0,0.792863,0.884453,0.884581
0fba04fb-af6f-4b14-a0de-2e880634044b,gaussian_blur,s4,0,0.959857,0.979368,0.986747
0fbbd840-55ea-4630-bc2c-da75ec2dc8f5,clean,s4,5,0.730022,0.836558,0.889147
0fc56c65-42ef-4898-82a6-f39ccd18a5f5,gaussian_blur,s3,4,0.526861,0.600021,0.915391
0fd2098a-5011-4ccd-b90c-119e1d3046aa,clean,s3,3,0.760272,0.849229,0.960539
0fd94493-db3a-44b9-b1c0-0bd3b3b77590,fog,s4,1,0.678687,0.782118,0.930102
0fe1526a-6547-4e9c-87e8-b44bde33c5bb,gaussian_blur,s5,3,0.826987,0.904545,0.913232
0ff4665d-cada-45ef-8133-f788a8df4ed8,gaussian_blur,s3,1,0.958808,0.978602,0.996192
10088dee-16c4-46f8-839c-a9c34030e891,shot_noise,s5,4,0.967293,0.983374,0.983387
10180c24-cd1e-431b-8255-5ab177e8920e,shot_noise,s4,0,0.963089,0.981069,0.987964
101cd664-34a2-4083-b7f5-030f5ef73fc7,fog,s4,2,0.852587,0.918491,0.944192
101ee047-c06c-41d4-af1e-cfae7696de10,fog,s5,1,0.307956,0.419964,0.558704
102c56a6-1287-48f1-9914-294ed241090b,shot_noise,s2,3,0.709607,0.799145,0.984459
102d9a6a-8a6b-4f4f-b2fb-369f70b9723a,gaussian_blur,s5,1,0.896523,0.945358,0.946909
10302da0-0d3c-4d92-b8b8-9da8a7bd4eaa,clean,s4,0,0.958889,0.978749,0.991435
10326b4b-0520-44b3-93f8-82ad82c86422,fog,s4,4,0.893295,0.941760,0.975933
1036ccfa-fb3e-4941-a9c3-c52e3481badf,clean,s3,5,0.976688,0.988106,0.996635
1040ce47-e096-4696-bef8-986cd8f35c0e,shot_noise,s2,2,0.621439,0.706672,0.970587
105234bc-9987-41e5-852c-1ae5580d937d,gaussian_blur,s5,5,0.970813,0.985183,0.985666
106cd11e-fcf3-4840-9f00-1d0ec5282277,fog,s4,4,0.727943,0.835614,0.884773
10713302-7a5e-4c87-9a73-847eee7512d9,fog,s5,1,0.774342,0.870481,0.890889
107e6d51-3a31-43c7-a3af-55fc05b837fc,clean,s5,5,0.305168,0.413841,0.559397
108335f8-395b-4e0b-864f-9cac19383460,gaussian_blur,s5,5,0.890732,0.941980,0.946144
108434b2-cdc2-43bc-8ff7-c63ba5c6ccb6,gaussian_blur,s2,1,0.718670,0.811526,0.967803
10ba48bc-5396-45a4-acd6-c972e51603e6,fog,s4,4,0.729511,0.836025,0.889825
10bbcf8d-3ad8-4db6-8054-3322c4cde424,fog,s2,2,0.882391,0.933859,0.992895
10bfed42-b34d-45bf-a9df-94cf9f05f08e,gaussian_blur,s5,5,0.975233,0.987437,0.989376
10c276a8-758d-42cf-a33e-8bf9be89cf49,gaussian_blur,s5,2,0.831423,0.907803,0.909586
10c6008e-2364-4add-aabc-e9b46eb98b92,shot_noise,s5,1,0.482126,0.621686,0.726981
10c74a73-4f4f-433c-a58f-264186047d58,shot_noise,s5,5,0.911671,0.953442,0.961363
10d5699b-fd6c-40d2-a031-b82e17eddffe,fog,s5,1,0.966154,0.982740,0.985435
10dbeb5a-ca73-4671-ba40-13aa62f52080,gaussian_blur,s4,0,0.898130,0.944888,0.972517
10df3ecf-33cd-45f0-9540-23d8760ca7f9,clean,s3,5,0.703141,0.805497,0.929565
10e1738e-3d5a-43bc-ab75-2fd7c9134184,clean,s4,5,0.783326,0.873017,0.921682
10e2b3ba-fc3e-4417-972a-7a92e3ce74a3,clean,s5,5,0.762324,0.865106,0.865349
10eeb376-e836-4f45-9135-85c02d830312,clean,s4,3,0.940990,0.969341,0.977989
10f56b57-1088-4d6a-9ee4-0af5d204e4d9,clean,s5,2,0.912528,0.954260,0.954348
11113914-ebef-4312-bc4a-97c9f37d6f61,clean,s5,1,0.748112,0.855600,0.858043
1148f069-c97c-445b-bb17-d42659c8aa79,shot_noise,s4,1,0.962720,0.980881,0.987554
1154cb7f-6cfc-4aa3-b39c-70c1cf68ec78,clean,s5,2,0.785039,0.878727,0.886581
115f8c1b-c08b-4e86-b268-e6b072acc91b,clean,s3,4,0.760272,0.849229,0.960539
116b9b31-39d4-44b1-bb08-61f34e57c5e7,shot_noise,s5,4,0.530946,0.684748,0.721754
11758822-7eb0-4acf-9a24-e191fb3aa323,shot_noise,s5,4,0.360251,0.494789,0.598752
1184bbd6-c9a4-4fec-ae9f-7fd1db7a9166,fog,s5,4,0.862545,0.926023,0.928598
1186cbe7-b51a-47c4-bd77-4efd8a89a5d3,fog,s4,2,0.809725,0.891178,0.928693
119655a9-c285-4635-98f8-db111fde25af,clean,s4,5,0.370157,0.521319,0.579995
11a00126-7378-4b7a-a786-ae4967627d0d,clean,s4,3,0.813698,0.891551,0.950117
11a54f70-7ff4-4079-8bc3-8f6f43367f90,fog,s5,3,0.898326,0.946432,0.946592
11a69bc1-e227-41ad-82de-4def8523a123,gaussian_blur,s5,0,0.975313,0.987478,0.989408
11a73e11-938c-4f75-a48e-482ddc713b33,shot_noise,s5,4,0.970457,0.984972,0.987307
11a74048-1d9d-4100-b6d8-972d7f9c450b,gaussian_blur,s4,3,0.854130,0.918367,0.957589
11bbeb39-205a-4995-bdfe-46527289135f,clean,s3,1,0.942037,0.969393,0.995000
11c95152-e56d-47a0-a56a-f9e6046f2466,shot_noise,s4,3,0.924180,0.959644,0.984196
11d9f74c-7dd2-41c3-ad8d-a72150041189,clean,s4,1,0.879337,0.934670,0.953005
11dee028-650e-4818-9e33-252a2d1b6bd4,shot_noise,s3,5,0.871041,0.927681,0.978032
11f60d0b-e50f-4950-a0d3-e6ebc9e4fff8,gaussian_blur,s4,3,0.828970,0.903716,0.935285
11f7cb19-6d8d-4cb3-b96c-ecd02fd7a881,gaussian_blur,s4,4,0.711331,0.822167,0.882784
11fd8a51-05a8-4e82-84ce-529d56de3c20,fog,s4,1,0.680180,0.791570,0.896400
11ff2d3c-284b-440c-b275-99aab8a32e6a,clean,s4,2,0.574098,0.707297,0.805049
1204f9d2-5045-4edc-b099-d71eb862e0cd,fog,s3,2,0.458584,0.478398,0.917169
12060611-cf6b-4137-b90c-0fd3b3bdaf67,fog,s5,2,0.826567,0.903608,0.920005
12070fc5-6cf5-4dac-9cca-e2d79ef9cc98,shot_noise,s5,1,0.749158,0.856285,0.858736
120ea193-4d31-4838-ac29-160c398ca350,gaussian_blur,s5,1,0.904985,0.950095,0.950688
12149065-f50e-4cfa-a487-620f83fb4ec0,clean,s4,4,0.399835,0.444342,0.799669
122f6510-78a3-48fe-b7f9-298c05cdae73,clean,s3,1,0.929783,0.962497,0.993402
12369161-def6-4eb8-8371-89919e207543,shot_noise,s4,0,0.973655,0.986571,0.992667
123836bc-5508-443b-83cf-07671ec0fe89,shot_noise,s4,3,0.680056,0.799231,0.861027
1255c5e9-1ced-41af-bb47-7986b1839473,fog,s3,0,0.845765,0.911529,0.971928
12575a79-bc27-4cef-a2ea-d07f88cb044f,clean,s4,2,0.466100,0.533629,0.854991
127000c9-7658-489e-9671-a71e46ab0808,shot_noise,s4,2,0.964374,0.981753,0.987958
12886fc3-912b-4faf-b646-64b039e11834,gaussian_blur,s4,5,0.824809,0.901143,0.932848
128ed3b9-470e-403f-9eec-b5b29d81566e,fog,s4,5,0.891524,0.942045,0.953109
1296302f-87ed-4fdd-839b-9ab2c05f2a2a,fog,s5,0,0.983097,0.991474,0.991819
129bf50b-153b-4aa5-a33f-381a3a8e6f86,clean,s5,5,0.790848,0.881375,0.898683
129ec7ba-ea86-4708-8710-6c981f3b0a5e,shot_noise,s5,3,0.748278,0.854553,0.866081
12a6677c-8c06-4728-b329-3a02ae93a503,gaussian_blur,s5,5,0.977326,0.988524,0.989325
12aa6722-25d6-4c7a-ac01-7e8eaf8b6d63,shot_noise,s5,1,0.391321,0.532454,0.626816
12ab660d-f292-4142-9f31-1566a7197a45,shot_noise,s5,1,0.771307,0.870443,0.874347
12bffa3a-3284-460d-b21b-123b36778697,clean,s5,3,0.861309,0.924660,0.936472
12c38492-b690-4c25-bee2-0e775089e628,gaussian_blur,s4,5,0.674358,0.795483,0.854549
12cedcb3-a9e2-4468-961f-0464928a682e,gaussian_blur,s5,4,0.959925,0.979509,0.981694
12d55152-c3f9-4c1f-a6c4-377e7d2f77ab,clean,s5,1,0.912528,0.954260,0.954348
12e2a0e1-51a5-4fcd-b8ec-97e4ebb85ac8,shot_noise,s4,1,0.877465,0.933536,0.952763
12e7b3b6-0545-491d-b169-da4c550435bc,fog,s4,3,0.739291,0.841433,0.904799
12f4796a-4955-4bc5-afaa-6bec7a12fb0c,fog,s5,2,0.420994,0.558701,0.669204
130d23ed-f196-410d-a181-0ff4ca7ba494,clean,s4,5,0.757840,0.851813,0.932606
131215fd-6d69-4aae-a424-6654d67dd17a,shot_noise,s4,0,0.862194,0.924250,0.949077
1319ec77-8fea-4f7d-8fe2-cd24bd63086d,clean,s4,1,0.901624,0.947775,0.957701
132c52c3-08fb-44ce-a3a8-676dccfffb49,shot_noise,s5,5,0.516078,0.680736,0.681029
132cdf10-435a-4b0f-8d48-8e7d46bfa48e,gaussian_blur,s4,2,0.603540,0.722444,0.861984
132f08a8-d885-472f-8e79-e64bde875124,clean,s5,2,0.907385,0.951298,0.954444
13329307-f3e9-4aad-8cef-4914563ff577,gaussian_blur,s5,4,0.826605,0.904270,0.913461
133aef60-813d-4f50-8455-42923e25f2bc,clean,s4,0,0.724916,0.827847,0.914157
13411ca7-dd64-494b-9668-2aa0c2f7e020,gaussian_blur,s5,1,0.529572,0.609288,0.905279
134b9872-144f-4658-80d2-e06a52613115,shot_noise,s5,0,0.766929,0.867842,0.869984
134c76ee-8ba2-4dc3-a839-828bfa3dfe7c,gaussian_blur,s4,2,0.930823,0.963872,0.972474
136469fa-0bc4-4d1e-8580-eb98891802b0,clean,s5,2,0.538596,0.697732,0.707994
136b8b4c-1f39-46ac-a5d9-922f49bb5be8,fog,s3,5,0.556163,0.673693,0.840727
1378e60b-f3bc-4b5c-a2d5-fab0c78bb916,fog,s4,5,0.649802,0.775864,0.840689
137adbee-3c1c-41bd-9fe3-b5be2a8bb0d0,clean,s4,4,0.927860,0.961977,0.978464
137d59b3-caa9-4c5d-bbf8-d741e82e25c4,clean,s3,3,0.857353,0.919283,0.971706
1393aedc-1421-46e1-b026-9eea1b73a75d,gaussian_blur,s5,4,0.985675,0.992784,0.993019
13b358a9-d105-45c2-8bd6-2d040655055d,gaussian_blur,s5,4,0.795031,0.883995,0.901488
13b4bfaa-0f6f-4459-91d2-a379d3d035cb,shot_noise,s4,0,0.791190,0.877537,0.931493
13b7f187-f949-45fd-8334-8fbe0bd1d2f1,shot_noise,s4,5,0.822122,0.897833,0.946871
13be9dcc-b311-4271-a6dd-8bdc4a09b63e,fog,s5,4,0.369408,0.539402,0.539760
13bf5e9e-46e2-43a3-b0f4-1f9786e32a20,fog,s4,1,0.512611,0.648419,0.761304
13c4f69c-08c1-42cd-ab70-4f040648e497,shot_noise,s4,2,0.689216,0.804306,0.875873
13c79a38-ed34-4993-9fc9-00a5090bad5e,fog,s5,2,0.896686,0.945451,0.946950
13d7d2c6-d3c1-4c26-bb8c-afcf7f753cc7,shot_noise,s4,1,0.831867,0.905143,0.940629
13f0a741-3f32-45b0-aee9-751742a1ce9c,fog,s4,4,0.853086,0.918718,0.945339
13f4a497-83a4-4114-92cf-6601ce40ec37,fog,s5,4,0.607783,0.755532,0.758174
13f7d3c0-9f87-4ea6-a912-0c326371a90c,shot_noise,s5,2,0.717576,0.835302,0.837183
13f7fcd4-b2d3-4216-b7b8-2f2d302f263d,clean,s4,0,0.817748,0.894434,0.949979
14065fd3-ffc4-485d-a5ac-c8eec27a5031,gaussian_blur,s4,1,0.515351,0.614113,0.851367
1409f1c7-bae9-41ba-b759-06e524c4a053,gaussian_blur,s5,3,0.486244,0.649708,0.667508
140af06d-4d59-41d7-8728-20f9366a4e6a,shot_noise,s5,3,0.521959,0.655354,0.774546
14104340-56af-4ef9-937e-93304613f769,fog,s5,5,0.417822,0.554380,0.667940
1412133c-0311-4fb9-ba54-12674ef8fb76,clean,s5,5,0.434736,0.559523,0.711565
14199b00-cb1a-40c0-8f69-78af8b54ebf2,clean,s5,2,0.863801,0.926852,0.927910
142b3818-2c2e-485f-84ae-29ef621a0b8e,fog,s3,2,0.667710,0.779450,0.897333
14320a44-4443-47f9-a230-4a8d55cc2eb2,clean,s5,5,0.768254,0.866537,0.886950
143a3d7f-d8e4-467d-a370-a13319a50be1,gaussian_blur,s3,3,0.978441,0.989016,0.997029
143ac69e-c90a-4db3-9f66-ff92e2b340f4,shot_noise,s4,1,0.977146,0.988416,0.990583
14419ea2-9d65-4594-bbab-8686eeb95ba2,clean,s5,2,0.655362,0.789945,0.800656
14455bb0-d23d-4bd5-980e-7f7e36108178,clean,s4,0,0.977553,0.988625,0.990745
1445eea4-d8a2-4909-8976-fb398efe30ed,gaussian_blur,s3,5,0.981529,0.990614,0.997467
145250ed-2322-4e1d-9210-c116dfab681b,fog,s5,5,0.916568,0.955997,0.967163
145aa97d-114b-4bf5-92f1-dad271edbdcb,clean,s4,4,0.344564,0.492340,0.552299
1470841f-8d33-42da-bce0-3c2770149daa,shot_noise,s5,1,0.261350,0.410324,0.421307
1472ef1f-cacb-4911-b6ab-2770dd19960c,clean,s5,0,0.746387,0.854247,0.858428
148861a6-4e12-497e-a980-dc7997d78b57,gaussian_blur,s4,3,0.883870,0.937467,0.952560
14964156-e748-4746-9208-fe60724c62b5,gaussian_blur,s5,5,0.913182,0.954537,0.956469
1496d2e9-9de9-4350-9f25-9afce43566c9,shot_noise,s5,4,0.483169,0.651273,0.652288
14a15fd6-7222-4ae8-b44a-a84d592d2d23,fog,s5,5,0.868452,0.929030,0.937569
14b0725c-5fad-4fa3-9184-76e2ca9701ac,shot_noise,s4,4,0.595030,0.733475,0.793491
14b7c7f2-cfe8-42c3-9787-3664c2ffff59,shot_noise,s3,5,0.558960,0.675371,0.845616
14c2ca9f-3717-4141-8caa-749df63ebbc5,gaussian_blur,s4,5,0.865147,0.926058,0.949883
14d5b0cf-08c4-4b8b-a69c-381ae30e535d,gaussian_blur,s3,1,0.883887,0.935810,0.978171
14d63566-3391-42e3-ae77-d38e5ee3c0bd,fog,s3,1,0.301384,0.439119,0.506064
14d64f1b-0486-4b16-aaba-95003a0c4168,clean,s5,3,0.816687,0.899084,0.899203
14da7e4a-2698-433f-bf83-02fcc07af428,gaussian_blur,s5,1,0.940136,0.968996,0.973920
14daee1a-4d86-4cc5-b681-0e853e091be6,fog,s5,5,0.455769,0.621372,0.638789
14dd1676-e494-41a4-8448-30965f261626,clean,s5,0,0.449576,0.620286,0.620288
14e719d5-1d06-4c2a-baca-672fbed10cf8,gaussian_blur,s5,3,0.976203,0.987952,0.988501
14ed0ccd-ee4a-4d48-b04a-ccee9da766c0,clean,s4,1,0.672046,0.794951,0.847309
14f57299-3d43-4c15-8293-6d807c32d9b3,shot_noise,s4,1,0.876412,0.932233,0.962224
1509e76c-2035-4d02-a2b6-b320beaf2faf,clean,s2,5,0.974545,0.986961,0.998456
150add89-c6cf-41d1-b0e5-83f66338cfb0,shot_noise,s4,5,0.780098,0.867628,0.943237
150eaffd-2560-4cc9-aa3c-bae6aafb0e42,gaussian_blur,s5,4,0.869515,0.929608,0.938667
1519041a-5821-45e4-888d-78d4e2876b86,clean,s4,2,0.747602,0.844700,0.925598
152e3bfc-dc17-4530-8c55-cbc72b6d7166,clean,s4,1,0.574098,0.707297,0.805049
1530b00c-b6c8-4f7d-bf76-6ef1c988dc3c,shot_noise,s5,2,0.975197,0.987436,0.988000
1533943e-bd50-412c-925d-df6013cb0795,fog,s4,0,0.963002,0.981087,0.984623
154f512c-cc78-4209-a850-26e6d083f6d3,fog,s1,1,0.496405,0.498196,0.992811
1554e576-e8a7-4bca-b606-39ea4a7f4665,shot_noise,s4,4,0.836073,0.906629,0.954518
156bbe51-faf7-424a-aaf9-847144fdf33e,gaussian_blur,s4,4,0.764173,0.856039,0.937771
156cb0a8-8b70-41e0-a140-135cc5ff6260,gaussian_blur,s5,4,0.890926,0.942225,0.943912
15773b21-55ad-48f7-a226-99f88ef48e57,gaussian_blur,s5,2,0.774591,0.870626,0.891177
1586bbc9-460e-4c50-9e8b-83582a79e241,clean,s4,4,0.964984,0.982047,0.989605
158e130c-028c-471e-9960-7fddfa9a8aaa,clean,s3,3,0.613432,0.713442,0.924299
158e1d30-8a82-4f96-929f-ba617d5c4679,clean,s5,4,0.223472,0.313817,0.440348
158fdef7-07e0-4dab-a039-c7368a6d461b,clean,s4,0,0.791190,0.877537,0.931493
159303fc-633b-4c6b-a59b-9633f8246e69,fog,s5,5,0.901434,0.947783,0.955422
159a4eb9-3c97-4d33-94bd-c194d9c86bd1,gaussian_blur,s4,2,0.929558,0.963213,0.971099
15a76658-e655-4108-be0e-41719564efe3,fog,s4,4,0.933572,0.965441,0.971552
15b22a00-49c0-4512-b22e-f3a8473cad19,fog,s2,5,0.902116,0.946013,0.995333
15cd3195-9a19-4fdd-80c0-01f92ea3b0a0,clean,s2,4,0.909917,0.950725,0.995627
15d376f0-5898-493a-9893-eee3108f82a1,clean,s4,3,0.856646,0.922011,0.932763
15d6c4d3-c1e5-4740-ae40-2d042cc0d966,shot_noise,s4,1,0.394899,0.560070,0.580149
15e5afba-acc8-4745-99f0-c150c5722767,fog,s5,4,0.260606,0.371894,0.479640
15e6b761-b89d-44db-a7bf-3992374033a6,clean,s5,2,0.434736,0.559523,0.711565
15ee7eec-79c1-4a9d-8387-17f86ab87cba,gaussian_blur,s4,3,0.764194,0.858329,0.922869
15f5f537-1cf5-43f2-9e2c-79d0995bb50c,clean,s3,2,0.703141,0.805497,0.929565
16025622-1621-423d-a9aa-6f5232bece2c,fog,s3,2,0.677612,0.776081,0.949616
1605c35a-e05b-4597-a9c2-1608616943af,clean,s4,0,0.898588,0.945810,0.960907
160b8b5f-39e5-48b8-aad8-606e6271f658,gaussian_blur,s5,0,0.501022,0.635809,0.754796
160f179c-aa98-46be-8de6-482f06165787,gaussian_blur,s4,5,0.889716,0.941004,0.952416
16117757-640a-4f68-9677-06c26ee88db5,clean,s4,4,0.744048,0.846529,0.896988
16136bf3-2fe1-47f2-b259-3eb327a7f54c,fog,s5,1,0.716002,0.834480,0.834619
161875b5-9001-4ea4-9955-dcb6a4277e6e,gaussian_blur,s5,0,0.912528,0.954260,0.954348
16315d7f-3630-422f-b496-e48f8ca1fefa,shot_noise,s3,5,0.855261,0.916390,0.988896
1633a0d6-01b5-4232-b4d3-a8a330245a56,shot_noise,s4,5,0.956153,0.977414,0.985159
163764b7-4cfa-4e89-804e-267daeb5120c,gaussian_blur,s4,1,0.961195,0.980082,0.986805
16421609-1da6-48cf-9c23-cfe97391a341,shot_noise,s3,3,0.983858,0.991815,0.997792
1645d381-ef54-4641-b46f-8f6da22a8f49,fog,s4,4,0.642442,0.762849,0.864325
164ab259-842f-477c-88e4-dc3649c367c7,clean,s5,3,0.478576,0.643054,0.659376
166b9769-1f83-48df-957c-0ba564e0a899,shot_noise,s4,5,0.602226,0.732388,0.824037
16735630-27f8-4275-a668-b19dba517ae4,gaussian_blur,s5,5,0.345049,0.430813,0.657573
16766e42-aaa3-48c0-a13d-ec44b803133b,fog,s3,1,0.624492,0.737047,0.889776
1678d4d0-7849-47fa-b442-ee192a74f19f,gaussian_blur,s5,5,0.956463,0.977734,0.978341
167910e7-3356-4aee-acd5-cb15692f0abf,gaussian_blur,s5,1,0.767490,0.867789,0.873461
1681782c-9ecb-4c6b-a2a5-1231c42a2b8c,gaussian_blur,s3,2,0.662886,0.757247,0.962150
16859544-0cb1-41dc-b5bb-5cc108d5dbc5,clean,s3,5,0.857353,0.919283,0.971706
168da1d2-7122-429f-8d56-c1bc88b6133e,gaussian_blur,s5,1,0.925028,0.960947,0.963802
1696aba6-8fd4-41ef-9411-0fdd90de297e,gaussian_blur,s5,5,0.757174,0.861798,0.861892
169d1052-24ae-41f9-8ccd-0e3f0c69f0d2,fog,s3,1,0.868529,0.926140,0.977011
16a386ca-c508-454a-83a0-91e4a85645bc,gaussian_blur,s5,5,0.747617,0.855287,0.857643
16a54808-ee2f-4f73-9cfa-ac7dd6665d7a,fog,s5,5,0.691334,0.816030,0.825496
16c08c53-c0e9-4459-8511-35178f2d7d0b,fog,s4,2,0.967165,0.983191,0.990267
16d71ad2-c088-46fc-aaa8-90a511111b0a,shot_noise,s5,0,0.223472,0.313817,0.440348
16dac331-bf47-4ebd-ba62-8f4ec3a21b3c,gaussian_blur,s4,2,0.504764,0.664051,0.691240
16dc001c-b332-40a6-89bb-dd0ad7c71f07,gaussian_blur,s5,1,0.658612,0.794169,0.794189
16dc0f09-c962-4553-9b4e-5700d1143610,shot_noise,s5,3,0.967699,0.983584,0.983595
16f31a13-b3ea-4e36-b3c5-487871ab4af8,shot_noise,s4,3,0.669622,0.793165,0.845441
16f7760b-8ed6-4e0d-a967-2e3da2b441a1,shot_noise,s5,0,0.735920,0.846789,0.854949
16f965cb-038e-4105-939a-13dc0de6629b,fog,s5,4,0.886874,0.939545,0.948331
1708d8cd-7d8a-4f0b-a84c-f400099ef853,clean,s4,5,0.201372,0.332785,0.338912
171cd8f2-57a9-4f52-9cbe-a5bb35153e29,fog,s3,2,0.875382,0.930429,0.978409
171f1b0e-fc1d-4e7c-969e-dff7272ab65f,clean,s5,2,0.454656,0.589668,0.711467
17229b3f-b5ce-4383-9ab8-1776f01c3593,clean,s5,5,0.868100,0.929078,0.933845
172a5872-ed06-4ea0-81c3-5a710eaa2864,shot_noise,s5,5,0.934514,0.966035,0.969483
1731830e-5126-4318-8431-1881d2d4cbc9,fog,s4,1,0.465705,0.611989,0.695983
173ef891-32b1-4a70-8664-e40630bf020f,fog,s4,1,0.859767,0.922780,0.948113
1741af5a-dfc1-4a16-8c70-babe08867c3d,clean,s4,0,0.729948,0.836531,0.888946
17461eea-7536-4a7a-a46f-1bb3b56eeb92,clean,s3,5,0.760272,0.849229,0.960539
17539b66-4f00-4412-84d6-caf72e9c9849,fog,s2,1,0.728616,0.820155,0.970059
17561f6a-bc3d-4346-a17d-95d87ad50ee5,fog,s3,3,0.563234,0.681593,0.843110
175d0bae-32cf-4a37-b9a8-b89a46b1da0c,fog,s4,4,0.892861,0.942448,0.959920
1765bc44-66b4-4a6b-83ff-b5bd4295f35f,gaussian_blur,s3,4,0.786217,0.867151,0.979408
1766efaa-04c7-4adb-be62-d96e75c907c7,clean,s2,4,0.974545,0.986961,0.998456
177716e2-ee58-4cc2-9cd4-88dfb4352d6d,gaussian_blur,s5,1,0.959834,0.979471,0.981211
17840f9a-6eb9-44d0-b0cb-0daa386d1bf6,fog,s4,4,0.950470,0.974485,0.979344
1784937f-0600-464b-8af3-7c529bae824b,clean,s3,2,0.942037,0.969393,0.995000
17a1d2b4-4a97-4eed-b078-25dbcb65db77,clean,s4,4,0.935862,0.966191,0.986907
17a5285f-4edf-4070-9527-6ec786e08802,fog,s4,3,0.959058,0.979020,0.982981
17aaec31-00ac-4ac1-9134-05b64ae14fcf,clean,s2,5,0.891521,0.939573,0.993562
17b96c88-aa22-47c0-b0c1-2cdf61d6ec73,gaussian_blur,s5,2,0.966178,0.982767,0.984619
17cc4509-ee4f-48ac-86ef-5b26757f433a,shot_noise,s4,3,0.964915,0.982029,0.988577
17ce02db-fbcd-47bd-b13b-b5a103050c82,shot_noise,s4,0,0.898130,0.944888,0.972517
17d36426-69f4-44b6-8433-6af622b342d1,clean,s5,1,0.271251,0.375823,0.508330
17d97072-78e3-4666-b9e7-33e51811712f,gaussian_blur,s5,4,0.891856,0.942821,0.943111
17e32f88-22f1-4550-8eb9-505fab51bb22,fog,s4,4,0.704761,0.815965,0.885771
17e6da98-99d0-447f-ab34-8d3a597472e3,clean,s4,3,0.963002,0.981087,0.984623
17ef2601-a9a8-4242-ab6d-4c3992124cf8,clean,s5,3,0.891202,0.942408,0.943568
17f0cbd9-b01f-43b3-94c4-b29562deaf6a,fog,s5,4,0.876694,0.933666,0.943797
17f58316-30f5-4662-96a0-4a8dc271bfd9,shot_noise,s3,3,0.871891,0.927176,0.991781
18023d56-a8e4-4cca-8ab5-0f5b70865f98,fog,s5,4,0.705353,0.826089,0.833739
1843d2bc-5620-4d8f-b8df-31d953ff6ac1,shot_noise,s3,0,0.929783,0.962497,0.993402
184c2796-8e34-4967-9672-9ca8bfcd4c86,gaussian_blur,s5,0,0.449576,0.620286,0.620288
1854d1b2-f5fb-4dd2-a175-1ad5aa50ec9e,fog,s5,1,0.925016,0.961036,0.961339
1857070a-df0e-48d5-81ee-455b274f1b49,shot_noise,s4,1,0.617740,0.753335,0.805760
186bf7a8-dade-4fad-8fd1-fcfeb0ce311a,fog,s5,0,0.814177,0.897558,0.897707
186f3c4d-fefd-4caf-8874-20ddb5940d52,fog,s5,2,0.619055,0.759031,0.788286
1870dd56-31a6-448f-a2a9-b8cd98623eb8,shot_noise,s5,1,0.959804,0.979420,0.982865
187b8372-ff70-41d8-a569-a86210a123ca,fog,s4,5,0.525115,0.659905,0.773067
188adbed-9b17-4806-bcfb-09bb46cd0e3c,gaussian_blur,s5,2,0.795180,0.885617,0.888432
188d305e-bf1a-499c-9362-30ce28cc893a,clean,s3,0,0.845765,0.911529,0.971928
188ec991-d877-48a3-b226-87c6a397f7af,gaussian_blur,s4,0,0.927860,0.961977,0.978464
1896efde-752a-4449-93c8-29b28a53f24c,gaussian_blur,s2,3,0.925469,0.959852,0.997158
18b22ec9-2ddd-4f07-9fa7-a57e919b29c2,fog,s4,1,0.976375,0.987991,0.992603
18cc6325-f71c-4914-b928-36651ca16788,fog,s5,2,0.919816,0.958204,0.958944
18da7057-09b9-46a8-a5b2-f1ee50082cd7,fog,s5,5,0.242290,0.349823,0.451970
18dfb756-43df-4a4f-8d8b-1c094c98bc5c,fog,s5,3,0.470689,0.622825,0.685877
18f0ef43-b470-4c7a-9fbc-f1e6516d64b8,gaussian_blur,s4,3,0.772838,0.864279,0.927760
18f2542b-fbf8-41da-850f-ea5cf3742fd1,shot_noise,s5,0,0.797107,0.887061,0.887447
18f9e9fc-91fb-417d-a43b-48b793c0da96,clean,s5,2,0.980354,0.990068,0.991171
19015d03-130e-44ac-9069-37855de33eaa,shot_noise,s4,2,0.967495,0.983364,0.990379
19083f47-9b1d-421c-b634-5381b20114b5,clean,s5,2,0.816687,0.899084,0.899203
1908d80f-f69c-4a47-a7b2-7f88f1345557,shot_noise,s4,3,0.768197,0.861023,0.925616
190f26f4-41d0-40ff-a584-b37b9e0e8f6c,gaussian_blur,s4,1,0.748542,0.845488,0.925453
19102377-8fbf-46a3-b75e-e659e7d8019c,fog,s3,3,0.705495,0.801956,0.955392
191340fb-e2f7-4ec0-9f7f-b55d542aa773,gaussian_blur,s2,1,0.688177,0.777573,0.984864
192392a4-e14c-4c1f-bb91-03dde15c85a1,shot_noise,s2,3,0.974847,0.987119,0.998474
192a0b22-b022-4e83-9dac-7b08a531efe0,gaussian_blur,s5,4,0.440482,0.604597,0.629227
192e3689-7df2-405a-854b-cb91394525eb,gaussian_blur,s5,1,0.930333,0.963908,0.963952
195d5adf-1af0-42d8-afae-f051f915d8f7,gaussian_blur,s4,4,0.846261,0.914632,0.941301
196a39ce-f33c-46bd-8369-365396af7625,clean,s4,0,0.767316,0.856004,0.954012
199bd781-a21f-4047-aa7a-4a197f44006e,clean,s5,2,0.631751,0.743572,0.894241
19a591c9-2423-4a6d-a462-cce13e2823db,shot_noise,s4,4,0.368737,0.469131,0.670032
19a94197-254c-40fc-b1ec-45e6bbbf3d14,clean,s4,0,0.284307,0.426547,0.470976
19b60990-6331-41f8-9004-398897bd6e6c,fog,s4,2,0.472730,0.530437,0.879520
19bbf219-47e0-4642-b981-7714bfd80b1f,fog,s4,4,0.945468,0.971595,0.985168
19c53726-c508-4463-b369-9256d8aaa98e,fog,s3,4,0.851818,0.913897,0.990627
19c5d52e-62ef-4691-a8f1-d98efea7f9ec,fog,s3,5,0.940382,0.968666,0.988713
19cba7f5-63fd-497a-91dc-9d668a0dc1f2,clean,s2,3,0.891521,0.939573,0.993562
19d4c583-9d91-4fb3-906f-3519ae5c69d4,shot_noise,s4,0,0.955677,0.977090,0.988085
19d6c312-cc17-44be-a3c1-86baefe76cdc,gaussian_blur,s5,4,0.932599,0.964823,0.973685
19e0ddfd-1cdf-46fb-83e1-12e40faa532a,shot_noise,s3,1,0.871047,0.927683,0.978051
19e2ac2b-b22d-43b4-a2fd-a2cf5f47c03c,clean,s4,0,0.948770,0.973533,0.980469
19f16b29-5971-48e8-a283-88eda12271ce,gaussian_blur,s4,2,0.966253,0.982756,0.987568
19fe6998-f2e5-41d2-83d4-097ecf798823,clean,s3,0,0.761960,0.848150,0.975211
1a0b959e-b75c-4a9d-bfda-94303299c145,clean,s5,0,0.938392,0.968090,0.972196
1a0ff1fd-70b5-4d2d-bcd9-4374f652fe59,gaussian_blur,s5,3,0.901718,0.947884,0.956685
1a1a9c56-990b-45fa-9eca-cb8311ae7fd6,shot_noise,s5,5,0.724643,0.839232,0.847227
1a1fdf42-e296-4721-b9cf-91b70897358c,shot_noise,s5,5,0.913722,0.954908,0.955081
1a326deb-4863-4367-8532-50e5b082f3f1,clean,s2,2,0.891521,0.939573,0.993562
1a66520e-8ec2-4ce1-b9e9-bd5da89ef5cd,fog,s5,3,0.509122,0.671233,0.685351
1a67856c-57e4-4938-8c73-0a8afe5e2287,fog,s5,4,0.968458,0.983976,0.983984
1a791abe-6f88-4aa2-b2b7-1034aa5c7e78,gaussian_blur,s5,3,0.755935,0.852587,0.918117
1a90abd4-06bd-4e79-ac2d-fedf1d5802bb,clean,s5,5,0.958936,0.978965,0.982492
1a96fb99-1391-46db-b9d3-68ed8aebdf6d,shot_noise,s4,4,0.899384,0.946510,0.956688
1aac4b63-7f0b-4971-b10e-de4d7854289b,gaussian_blur,s3,2,0.546227,0.661720,0.838991
1aafb297-471b-437e-b55d-a7f529379c5f,gaussian_blur,s4,5,0.960674,0.979805,0.986774
1abda521-de1b-41ab-9ee1-176d782ef008,gaussian_blur,s4,5,0.684208,0.804037,0.855676
1abfd079-f396-4257-9c94-2d48e30694f9,clean,s3,4,0.702019,0.799749,0.950648
1accc953-6781-4bab-a749-caac3dca1214,clean,s3,4,0.942037,0.969393,0.995000
1ad59573-5c23-483a-860c-9299eff7366a,clean,s4,3,0.898130,0.944888,0.972517
1addcf16-aede-47b3-bfdd-4d259fe7ee19,clean,s4,5,0.713490,0.825838,0.872720
1ae6c735-d416-43cf-b562-f71b9a0f294c,clean,s4,0,0.971871,0.985647,0.991813
1af23efd-91e3-466c-9fa7-1053526c8357,fog,s5,2,0.668716,0.794536,0.835242
1b07028a-585c-46af-a742-c8bbb4a0fb83,clean,s4,3,0.831421,0.904875,0.940293
1b242eb8-5eef-4b4d-a38f-f0f6ed90a705,clean,s1,5,0.373532,0.427611,0.747063
1b2a7b44-2b15-4f61-8dfe-03f5e6017733,fog,s3,4,0.458556,0.478382,0.917112
1b2ca679-07d9-49c3-ae43-2e723273deb5,fog,s5,3,0.570914,0.723495,0.739008
1b3adb25-629d-4ab1-9cf7-bd0626653b4c,fog,s5,4,0.820214,0.899865,0.914837
1b3c7d12-d1fe-48dd-b67b-4eeb37648185,fog,s4,1,0.607593,0.737090,0.827461
1b52cb1f-0c23-4478-aba7-74b9d1002215,clean,s5,1,0.755666,0.852416,0.917851
1b5a9bc0-1fb9-47d8-9f43-08d64596813c,fog,s5,5,0.931714,0.964565,0.967068
1b6624f2-dd4c-4401-9989-43f8fc4df0f0,shot_noise,s5,5,0.666823,0.797961,0.810763
1b75a35d-65ca-43e2-b146-7a189d197d5b,shot_noise,s4,2,0.752712,0.854474,0.889403
1b76928e-db6a-4072-9306-b2994935dca2,shot_noise,s5,2,0.865058,0.927510,0.929547
1b79415c-6b06-44e8-b9f0-4dbaaf950dbc,shot_noise,s2,3,0.905610,0.948093,0.996202
1b98eb28-b32c-41cf-806b-e6ea3dd269f1,clean,s5,1,0.896095,0.944965,0.949488
1ba81231-edfd-40a2-9f0f-ce3d1bf7f292,shot_noise,s5,0,0.492729,0.655163,0.674699
1ba92549-c940-4850-be51-68824fb2ce52,clean,s5,0,0.805104,0.891349,0.898304
1bac59d7-31f2-425e-b630-575922446c94,fog,s5,0,0.987224,0.993570,0.993781
1baf12c1-789c-45c1-8030-4f910822c8fa,gaussian_blur,s5,1,0.738977,0.848432,0.859570
1bbdd2b7-ef94-4ed9-81c4-fdf7dd9547de,gaussian_blur,s4,1,0.543553,0.683080,0.771207
1bc060da-edcf-4602-97bf-36ba1a71a8e0,clean,s3,4,0.665778,0.760256,0.962468
1bc65a9a-f58e-4da0-8e11-996e79e36549,fog,s3,3,0.899599,0.944765,0.990257
1c0d6f4d-5a59-4bdc-a85e-973a45569467,clean,s4,0,0.870309,0.928996,0.954064
1c2ce2dc-7758-4908-aecd-0ac884f1db4c,shot_noise,s4,5,0.952992,0.975655,0.987259
1c2e898c-5eff-4bbb-8863-81e4521c43bf,clean,s2,2,0.721386,0.813896,0.968448
1c311e3a-fb66-423d-b69a-8ab43684183c,fog,s5,1,0.913632,0.954859,0.955045
1c3a15dc-6036-4b7b-9ba5-10fd97e8c3e9,shot_noise,s3,3,0.351662,0.490179,0.579502
1c4523e3-0c18-4c8b-9f4e-6cc8b4fc2e8a,fog,s4,4,0.599626,0.705691,0.899266
1c4d534a-ef6a-4245-8767-2e9a3529082c,gaussian_blur,s4,1,0.975295,0.987464,0.989802
1c4fa51d-1663-4cde-b50b-727dae0d7b5c,fog,s3,4,0.652388,0.745996,0.961417
1c50a81c-b058-4a5f-ad00-320def7aa9b6,clean,s5,5,0.975313,0.987478,0.989408
1c524e71-e010-4d07-88f4-cd6a7243e8bc,clean,s4,4,0.700933,0.813174,0.883060
1c653dfe-96e8-4d8b-a4a9-ee6c76782a0d,shot_noise,s5,3,0.460270,0.630350,0.630500
1c68ea3a-6206-41b2-b340-66026e9686f7,gaussian_blur,s4,0,0.700933,0.813174,0.883060
1c6e18f5-2113-44b0-b9b0-85b9a4007c84,gaussian_blur,s4,5,0.892724,0.942168,0.963273
1c6eda9e-caab-4abb-bd8e-eaf5b7d6dbbf,shot_noise,s5,5,0.702835,0.825088,0.827778
1c7c7fcf-39b2-4dff-86ff-e7e70da2fdaf,shot_noise,s4,0,0.905685,0.950063,0.959440
1c89dc63-5ff8-463b-93f6-051f286e9928,clean,s4,0,0.962842,0.980945,0.987600
1c8b9ffa-193f-4df6-95ad-4777e4c018b0,shot_noise,s5,2,0.908228,0.951883,0.952411
1ca38009-8b09-4b7f-94ee-b6289695c2a1,gaussian_blur,s3,0,0.857353,0.919283,0.971706
1ca91543-2f05-4cdd-a207-ee618c1fb977,fog,s4,1,0.741524,0.842062,0.911845
1cb60860-68b5-46ee-8837-b209984143e3,gaussian_blur,s4,4,0.357828,0.508956,0.563926
1cbd3448-51a8-457d-859d-82696aae4411,fog,s4,3,0.929968,0.963432,0.971419
1cc5506a-4d5d-4f69-b6e6-3594f27870ee,shot_noise,s2,4,0.743581,0.829929,0.988208
1cc88b60-0436-4207-9538-d57a0cd11e9b,clean,s5,1,0.882655,0.937521,0.940066
1cd06184-36dc-4603-a879-8d1f72a9c230,gaussian_blur,s5,1,0.921019,0.958884,0.958923
1cd7b71c-f452-4f16-8b79-d4138155cbf8,gaussian_blur,s5,0,0.967115,0.983236,0.986069
1ce3483b-7171-4fee-92ec-c1cb040549f6,fog,s5,0,0.964260,0.981802,0.981951
1cf36da4-6429-489e-8e79-7d86339f7363,clean,s5,3,0.816031,0.897825,0.907237
1d177f99-138c-4d67-b1c4-03da72fb4f48,shot_noise,s4,5,0.439235,0.496410,0.836673
1d2f2621-d55a-4029-8a7e-eea352cbcac3,fog,s5,3,0.920034,0.958349,0.958405
1d3219e8-2887-4e5b-ac6a-56a0a3ad8662,gaussian_blur,s5,4,0.581002,0.729483,0.755297
1d3d0d1c-a02e-4b48-822c-a38550b3b190,shot_noise,s4,4,0.689750,0.797363,0.910306
1d405fcc-282a-4bfd-a205-3582edbdc4b8,shot_noise,s5,1,0.844139,0.914080,0.931813
1d40f9ab-49c0-49d6-ad27-81b142a473ec,fog,s5,4,0.468249,0.635729,0.643610
1d447d26-059e-4ae8-ad51-bd59a8678225,fog,s5,0,0.762324,0.865106,0.865349
1d4aa427-6423-4789-be0d-e6cc9b96bd71,shot_noise,s4,3,0.638429,0.762448,0.850336
1d4c17ff-ca61-4113-812f-b6f94018f058,clean,s4,5,0.940507,0.968745,0.988434
1d4f1969-0f8a-472e-9530-e2a820da27b5,fog,s4,4,0.806936,0.889542,0.925856
1d56226d-e033-4f27-92f9-25ec5f10e25b,shot_noise,s5,2,0.614008,0.759936,0.764653
1d592157-263e-4eab-86c7-0060bf929ca7,clean,s4,3,0.733272,0.836733,0.903568
1d622a1c-8111-4085-839e-a7604a0cfdb5,clean,s4,3,0.675434,0.796166,0.855893
1d645aa2-43ab-4117-a5f6-55b2d54fbbb5,fog,s4,2,0.715275,0.826917,0.874965
1d6906da-1336-4cd1-91ea-fa5a5bb70dfc,shot_noise,s4,5,0.858381,0.920994,0.959232
1d732bd7-a198-47f8-92c8-7e707ca849af,gaussian_blur,s5,3,0.438705,0.564635,0.713740
1d7a7850-91d7-47c5-a5a4-5d927529c353,shot_noise,s4,5,0.927172,0.961771,0.973686
1d80b751-1beb-4b55-bcc2-1c31a9f01fd1,fog,s5,4,0.365860,0.519483,0.569515
1d8de60f-7d10-4450-bc50-4ead460d3849,shot_noise,s5,5,0.898148,0.946331,0.946528
1dab3f36-9862-45a9-b54f-0a322748cf4e,clean,s2,2,0.716078,0.805183,0.985301
1daee464-fa78-4fa0-aeb3-518bd424ee94,fog,s5,5,0.767111,0.868193,0.868331
1db81718-58cb-47ec-b491-5e293e38d9b1,shot_noise,s4,5,0.937469,0.967181,0.984306
1db85f68-523a-4bff-8686-c39a53dd7849,clean,s5,4,0.492729,0.655163,0.674699
1db980fc-6517-4df8-9804-f433727b2656,gaussian_blur,s5,2,0.269600,0.419507,0.433648
1dbcbd0f-13fd-4857-ac94-0cc050574d00,gaussian_blur,s4,1,0.856463,0.920857,0.945744
1dbd2e76-a8c2-4f8b-851d-1a01ae4aeec0,gaussian_blur,s4,3,0.826353,0.901083,0.943723
1dc172d1-8627-4209-af82-60ca5ce6b0ae,shot_noise,s3,0,0.659679,0.763048,0.929573
1dc23bd2-601e-46d3-9223-0be5d3712e69,gaussian_blur,s5,2,0.884621,0.937949,0.952144
1dc5ef37-fde8-408d-846f-6c01a33d24df,fog,s5,5,0.655418,0.791171,0.795082
1dc62ae2-5df7-4c9f-9209-1abdaae0c66d,fog,s5,0,0.269934,0.419168,0.435355
1dc644d3-8949-4fd5-8340-24a45e437b9f,shot_noise,s4,5,0.878020,0.933850,0.953168
1dc6b0ed-b88f-498e-8017-a7cd4439c53d,fog,s5,4,0.638094,0.776284,0.791518
1dd72304-52e4-4c49-8eee-714ccaeb73a7,gaussian_blur,s5,1,0.453436,0.623485,0.625187
1de2f512-90b2-4422-82d7-03365dc509e1,gaussian_blur,s1,0,0.496405,0.498196,0.992811
1de66a5d-6c94-4848-ba91-bf7a0ba67b35,fog,s5,1,0.935781,0.966748,0.969152
1e0721f8-bd0f-4042-a5ff-26deef86f146,fog,s3,4,0.913702,0.953496,0.985214
1e07ad2f-7b42-45af-a11e-0d5ed76d2dd4,shot_noise,s5,4,0.963945,0.981636,0.981952
1e16c51f-78da-4bca-b1dd-f51727369ec5,gaussian_blur,s4,5,0.246357,0.386091,0.410362
1e1c930c-7f57-4dfd-9fb3-6d09781e9408,clean,s2,3,0.894593,0.941320,0.996251
1e2121f6-1a7f-42b8-8f68-21ac60bafa9e,fog,s3,1,0.837100,0.904107,0.986624
1e2c9641-4395-4d48-bb17-2e72f76d2834,gaussian_blur,s4,1,0.773106,0.863172,0.936822
1e3705a7-766f-4a1a-b730-e2133336af00,clean,s5,2,0.953596,0.976188,0.978720
1e52c130-693b-49b7-8e2c-13e73408f99b,clean,s3,4,0.564895,0.687961,0.830913
1e58d941-65cf-45fc-b542-57d5a209c892,clean,s5,0,0.797107,0.887061,0.887447
1e7c6dfe-3364-4228-9ab6-663ccc6f43f5,fog,s4,2,0.400429,0.449409,0.794277
1e80a796-4a9f-44fd-a91b-000baf01fa20,clean,s3,0,0.866658,0.925406,0.970939
1e915e5d-5e2e-4d14-ad14-4498fa6fe87c,shot_noise,s3,3,0.629911,0.742195,0.892192
1e919c31-b504-4a58-bdd9-074f931be5fc,fog,s4,0,0.940507,0.968745,0.988434
1e94d095-121e-49be-b8c1-48c59068a093,fog,s5,4,0.305137,0.459019,0.483445
1eadab8a-8427-4824-9902-1f1cc4d42935,fog,s3,4,0.597375,0.701283,0.904155
1ebe1355-faaa-402e-8d83-fdeedd3935bf,gaussian_blur,s4,2,0.417516,0.582263,0.605403
1ecef167-8e93-4533-8ccd-fe022a020db0,gaussian_blur,s4,0,0.898588,0.945810,0.960907
1ef3b549-c270-4d84-8096-50952d3600a4,shot_noise,s5,4,0.529755,0.678376,0.736832
1f02cd6c-954f-49df-bcbd-7af25dab8d75,gaussian_blur,s4,4,0.801903,0.883726,0.944560
1f076b37-4b1f-4b84-8093-065782a4864a,clean,s5,0,0.492729,0.655163,0.674699
1f0a4088-5f51-4805-9b9a-e827643a0cd9,gaussian_blur,s5,4,0.796789,0.886777,0.888018
1f14c720-ddfb-453b-b9e8-8cbd157e949e,shot_noise,s4,5,0.981297,0.990543,0.992405
1f1b9b66-6ec1-40d9-9038-8d6ec3f6a82d,gaussian_blur,s4,0,0.724916,0.827847,0.914157
1f25f23f-059c-46ba-920b-57974eea4607,clean,s4,5,0.508218,0.665570,0.698933
1f279b84-b4c4-4b1d-838e-bd644e27338f,fog,s4,1,0.766919,0.861629,0.914751
1f2c1221-b569-4569-8aea-b0b186d6c992,shot_noise,s4,4,0.610517,0.718428,0.899278
1f37c706-d045-4e67-8871-2b0c6b7b76d3,gaussian_blur,s4,0,0.963002,0.981087,0.984623
1f3bb765-d34d-458e-94ae-c5566475c82a,gaussian_blur,s4,5,0.826033,0.901073,0.941696
1f43b03b-dfd8-499d-ab7f-0d37dd1d1710,clean,s4,2,0.791190,0.877537,0.931493
1f44913d-3f69-4756-8f5a-7436f0d179f5,fog,s5,3,0.792299,0.883977,0.885297
1f45e192-1ffb-4103-8692-d262426bb7d8,shot_noise,s5,4,0.859513,0.924016,0.930150
1f4d1b86-9030-4e7b-ad93-9694decc533c,shot_noise,s4,3,0.814558,0.892281,0.949072
1f4f7f32-db4d-4d4b-9604-83895bc5fde4,gaussian_blur,s5,4,0.944319,0.971273,0.974475
1f5ac98d-55d7-4563-9b18-675b761aaa9a,gaussian_blur,s2,3,0.701440,0.790909,0.985296
1f65e19b-ae61-4dba-946e-2fd7d3a54799,shot_noise,s4,1,0.938952,0.968302,0.975237
1f6a348d-30f7-4958-9b7a-5b4e5559a0bc,shot_noise,s3,5,0.739547,0.836039,0.937102
1f72debe-af73-43d1-a159-cd8e21c07efe,clean,s4,5,0.962842,0.980945,0.987600
1f762e9f-4b80-4dfe-baeb-148c4fa93af3,shot_noise,s4,2,0.745579,0.847592,0.897922
1f772907-87f3-461a-a785-b812dfbd4674,shot_noise,s5,3,0.963321,0.981315,0.981465
1f921297-e4e0-4e2b-990c-910b622deaab,shot_noise,s4,1,0.815136,0.895094,0.927323
1fa51814-e32b-4e9d-bfbc-c459162f3d77,clean,s5,5,0.227774,0.321097,0.444592
1fa9b2ae-baea-41ce-a32f-1214a5c9a92e,gaussian_blur,s3,3,0.913550,0.953153,0.990453
1fbdb2f8-33c2-4c9f-beb5-51e835fac883,gaussian_blur,s4,3,0.487240,0.625864,0.733711
1fbf124a-f211-4a12-b3e7-7c624a6be17d,fog,s3,0,0.929783,0.962497,0.993402
1fc01943-89fc-4960-8e8e-749996e50d65,shot_noise,s4,5,0.231239,0.374816,0.376907
1fd6fe43-9bcd-482b-acb4-fdfa826e8694,shot_noise,s5,0,0.919919,0.958141,0.961832
1feefdbb-bdc4-46b3-a2d8-8387d0b35be6,gaussian_blur,s5,0,0.533448,0.686986,0.723749
1ffd251e-d0d4-4c88-8da7-f38b822a2ebe,gaussian_blur,s4,2,0.912479,0.953350,0.973251
1fff9f35-ac7c-4c85-bf2f-ff3eda4c0a95,clean,s3,2,0.459164,0.478713,0.918327
200d6264-8d06-46a3-9a39-dafa763bf364,clean,s4,4,0.959857,0.979368,0.986747
201b9932-531a-4873-bb40-5124a8a2e9a3,gaussian_blur,s5,3,0.892407,0.942676,0.951323
202297b0-a208-4a0b-aa7f-90039dd7fa9a,shot_noise,s2,3,0.618137,0.702191,0.971595
202aea58-725f-4d37-8972-d071e6852a45,shot_noise,s4,3,0.875869,0.931721,0.964672
202e8af9-8d1b-4cb5-91fb-c935f41fe8ea,shot_noise,s4,5,0.879465,0.935026,0.948823
20407e87-e79c-4669-a44b-358005d8b1ca,gaussian_blur,s4,3,0.959994,0.979415,0.988011
20464108-b293-406a-9a44-1d4821be8fc9,gaussian_blur,s5,3,0.925765,0.961428,0.962075
20483f75-c857-4fa4-8800-d8ced50409f4,fog,s5,5,0.770517,0.869332,0.878453
2048598b-1627-4ee9-83b8-023bc10356fe,shot_noise,s4,1,0.959349,0.979099,0.986576
2049822f-1c6c-4d70-b496-586fd76fc36b,shot_noise,s5,5,0.752920,0.856182,0.878963
20508714-0b94-4c87-a52b-d3fb40d72155,fog,s4,4,0.855705,0.920630,0.942556
205d6b49-ea21-4bd2-880c-bf67d7466691,clean,s4,2,0.804266,0.888130,0.921781
205de878-3f99-4b20-b6ed-e95d3853dc0b,clean,s5,1,0.816687,0.899084,0.899203
207517b2-c034-4386-bb25-9363317ae31f,gaussian_blur,s5,4,0.690039,0.810968,0.846366
20887eaf-d4f2-4159-9733-b00470a234c6,clean,s5,0,0.538596,0.697732,0.707994
208ab44f-79aa-43fa-8d91-7eae5aab1a4e,fog,s5,4,0.794482,0.885452,0.885652
2090d37f-50b8-42fd-88ce-b0a25c5b8872,shot_noise,s4,5,0.351269,0.412642,0.702539
209167e5-5447-4018-81cf-5922d997f9ae,shot_noise,s3,3,0.562605,0.668726,0.875125
2094c098-a7b5-4d35-a5e0-d72f02bd30bb,fog,s5,5,0.973311,0.986456,0.987862
209910da-d803-47bc-915d-67e011b98d43,fog,s4,4,0.583265,0.710620,0.827216
20acf2a5-5c35-4dc6-a627-a3163f8427bc,clean,s4,1,0.973655,0.986571,0.992667
20b7bebd-ed31-4c30-b720-fe16edc09de9,shot_noise,s4,5,0.574013,0.697833,0.833707
20b8ca30-991a-4668-a965-18072a823a34,gaussian_blur,s3,2,0.513099,0.640984,0.781898
20c4b67d-314a-45e8-b391-33305593a141,clean,s5,5,0.937190,0.967315,0.975595
20cfdc7c-fbc8-4574-82ac-4fb6ae85ac8d,fog,s5,5,0.628596,0.763328,0.808373
20d6e8f8-095a-4eb6-8d76-b7a9968163e7,gaussian_blur,s5,2,0.443589,0.613896,0.616293
20e80c5f-2941-4e1c-8279-036e0583d26c,clean,s5,3,0.768254,0.866537,0.886950
20f0b9b3-6f8e-4a08-8e84-12ab49bcfe56,shot_noise,s4,1,0.374751,0.525792,0.586101
20f399ce-fe8c-413e-b5f5-0185f39b2edd,gaussian_blur,s4,5,0.943317,0.970331,0.987723
20f6c63a-01c7-4a61-a30c-e3fcbe0fb169,gaussian_blur,s4,4,0.917105,0.955775,0.979039
21028483-c5a5-480e-83d1-1a7eba7a125d,shot_noise,s5,2,0.388125,0.518156,0.644405
210b5c5e-a4b6-4b84-aeee-f75abc6a6df7,gaussian_blur,s5,0,0.861309,0.924660,0.936472
21298904-c116-47b4-a1ca-699304f7e8f1,clean,s5,2,0.450288,0.619277,0.625393
21346b63-09c4-4a4d-ac3e-47ae285c8a15,fog,s1,2,0.496405,0.498196,0.992811
213a56f1-d5c6-405a-ab2a-3039ec5a0117,fog,s5,1,0.925675,0.961299,0.964111
214c6def-c5ed-4f9c-8d18-285c461efa4d,fog,s4,5,0.803934,0.887649,0.923909
214d5919-63a9-4bb1-9397-8f9d5d0d8e47,clean,s5,5,0.766929,0.867842,0.869984
214eeef2-8d56-4e54-b8c2-6a3f1d288163,fog,s3,2,0.780474,0.862722,0.978555
215d1805-9742-404a-bb16-a130cbb3022b,fog,s5,3,0.930500,0.963979,0.964555
2176c14e-287a-4b9c-a18e-9add4d708688,shot_noise,s3,1,0.983861,0.991816,0.997792
21772625-10d9-4135-ab8f-2fe47e1e7a03,clean,s5,1,0.826471,0.903687,0.918537
2179a481-665e-48e9-a6b5-8b9e931cdd3a,shot_noise,s5,3,0.938349,0.968068,0.972149
21804444-1f75-41f8-80ee-d86b89a6b204,fog,s3,4,0.358483,0.487911,0.605605
218431a1-cbf0-43f1-957b-e1b53bb51649,shot_noise,s5,3,0.257672,0.407215,0.414053
21861168-a4e5-4a4b-b50b-b4435312b7ef,shot_noise,s5,1,0.758908,0.862645,0.865008
2189a55b-3e3d-49d9-93dd-0fefcb1fc6e4,fog,s5,1,0.821796,0.901334,0.910784
219b9050-0a79-40c4-a2d3-4e45d5f60de6,fog,s3,0,0.534804,0.611250,0.917229
219c0ed9-d29f-4f58-bf43-3a5e3d5f0b20,clean,s5,5,0.878609,0.935333,0.936160
21ad78e5-eeb8-4579-b051-f9d2b7d1339f,gaussian_blur,s4,1,0.907396,0.951055,0.959518
21b814f0-16e3-47a7-9c6e-cd130a8e12a8,gaussian_blur,s4,0,0.873132,0.930810,0.953365
21bf8043-7abb-4327-97e6-7859054f0341,clean,s4,5,0.937774,0.967667,0.974709
21c435c8-c806-43ac-b65c-4b0e68a2eee6,shot_noise,s3,2,0.933973,0.965058,0.988786
21c624be-d6f1-46f9-a230-4ed1f4ca7f5a,fog,s3,4,0.912573,0.952581,0.990283
21c6d880-50d7-4bce-b5a7-43e81fe5be89,fog,s3,5,0.868092,0.926134,0.973447
21c730db-6364-47be-bdfd-0f37827212a7,gaussian_blur,s5,4,0.612004,0.753115,0.784392
21d462a5-f0a3-4daf-a677-860692500b2a,clean,s4,2,0.734995,0.833077,0.932219
21da810c-6132-4b71-a998-979bbf83cacd,shot_noise,s3,5,0.650227,0.744418,0.958745
21dabaf4-eeee-44ec-ae69-6342ecc20b72,shot_noise,s5,3,0.489203,0.656995,0.657013
21dd8015-683b-471e-93c3-811f3451234b,shot_noise,s4,1,0.504662,0.587692,0.872360
21e18ac4-5d39-4a43-92ba-fc614c187c0f,gaussian_blur,s4,2,0.847856,0.914389,0.955931
21ebdc40-c2ca-49f4-a585-96a0f0e88d3b,clean,s5,4,0.913124,0.954582,0.954757
21f376c4-7634-4799-874f-a4258798993b,clean,s4,4,0.757840,0.851813,0.932606
22023198-4167-4b26-a12d-7a88500006a7,clean,s5,4,0.937190,0.967315,0.975595
22099a9e-2ac3-4f86-89c1-122653c860a8,fog,s5,4,0.920341,0.958372,0.962042
220c0b7a-72f1-472e-a49c-bbf67b513c41,gaussian_blur,s4,3,0.849286,0.916487,0.942624
220e9689-c3a1-410c-8901-3e767267deca,shot_noise,s4,4,0.872862,0.930107,0.960859
22136ff0-de35-480b-b2d3-5573947d029f,gaussian_blur,s2,4,0.955109,0.976560,0.997477
22277052-0209-4ba0-97f1-fb81ba1c3909,clean,s5,4,0.768254,0.866537,0.886950
2228bc1b-a9a1-48ea-b893-d55b8d6d46b8,gaussian_blur,s5,3,0.790950,0.882885,0.886597
222a11af-045f-4817-a394-8c90d6a108f7,clean,s4,4,0.870309,0.928996,0.954064
2233d577-1f15-45ea-8dfb-807605f89038,fog,s5,4,0.895362,0.944784,0.944955
223dee39-46d5-47ea-9621-e66b8bcdc2e0,shot_noise,s4,4,0.713949,0.827582,0.865131
224faf40-204e-4fca-9e29-012e6515d4f7,gaussian_blur,s5,3,0.426254,0.589506,0.617749
225ba5eb-cefc-47fe-a91e-5919445bc35f,gaussian_blur,s4,1,0.961134,0.980039,0.987321
225bb491-952e-4670-ac45-8ca9c4cf6f24,fog,s4,0,0.902228,0.947741,0.965063
2269cd62-e09a-4ac2-b21d-a71e7d7384e4,fog,s5,1,0.801167,0.889234,0.892996
226c1aea-8cf9-43bc-a8b1-3bab22bd9053,fog,s5,1,0.437877,0.563771,0.712882
2271af8c-6714-4388-affa-86dbdfe8540f,clean,s5,2,0.580700,0.733195,0.740521
2280e0cb-126e-4ccf-9ab2-aea9e277bc24,gaussian_blur,s2,0,0.912998,0.952524,0.996566
22937f67-50ff-41df-afbd-4ba3275a61a7,fog,s4,3,0.690120,0.808186,0.860789
22b72ad5-186f-4997-91f2-3087f51efccc,clean,s5,0,0.904261,0.949364,0.956819
22c4abaf-5e11-442c-b8c1-e38ed619bc00,clean,s5,3,0.580700,0.733195,0.740521
22c63de6-4a8c-4e17-b1d9-c4457f698fcd,shot_noise,s5,2,0.583007,0.725716,0.776196
22d5d524-8b71-4550-81d2-03c00dca1f59,fog,s3,3,0.583674,0.687610,0.895584
22e654cc-9d3d-4b0e-b57c-e083a0505258,gaussian_blur,s3,5,0.863010,0.922562,0.976915
22e6d286-99cc-4dc1-89f8-d7ec8a4a4a0d,gaussian_blur,s4,4,0.482998,0.644566,0.670551
22ebac32-20e8-47d2-8a80-13cecbeeba06,clean,s5,3,0.867043,0.928154,0.937611
22ee024c-8615-4ecc-a14e-2d6aecf5e07b,shot_noise,s5,3,0.441802,0.608227,0.624640
22fbfa0e-d82f-4161-8b7d-c05453b54a26,clean,s4,3,0.935862,0.966191,0.986907
230364d3-26c7-4f0e-a3c7-e9a0c7ab0f69,fog,s4,0,0.955677,0.977090,0.988085
230842df-af0b-47ab-93f0-8ce012b88bca,fog,s4,3,0.960783,0.979861,0.986846
2308e619-9431-4ebb-a291-0c84b7487636,clean,s4,1,0.935862,0.966191,0.986907
2309d698-bc1b-4c4c-8550-07908e08d9ca,shot_noise,s4,1,0.781746,0.869383,0.939694
230d0b1b-e5a9-49ad-adc1-568b03dcdc15,shot_noise,s5,2,0.927613,0.961988,0.974533
2315d305-3f7f-43d5-b495-818990a7a74e,clean,s4,5,0.675434,0.796166,0.855893
231b3f8b-47fe-49ae-bf85-18f06bfeadc7,shot_noise,s5,0,0.901453,0.947752,0.956234
2323c265-3b32-4bd0-a735-130b193388ee,clean,s3,1,0.696776,0.799880,0.928299
2326a1d6-af01-4dd5-a4fc-f34330cbfa5b,clean,s5,5,0.980354,0.990068,0.991171
232b0ec3-afa2-49d7-a5c4-d3833f3248fa,fog,s5,5,0.784032,0.878046,0.886304
23351501-c7b3-46f2-b3f5-35018320c047,gaussian_blur,s5,1,0.853958,0.921102,0.922805
233d6f76-ffa6-478b-b5f9-2119c75ad398,gaussian_blur,s4,5,0.975772,0.987709,0.990006
234b7900-4294-4222-b9a9-bb4a5843818e,fog,s5,4,0.970001,0.984765,0.985260
234f324a-4353-423f-9c48-a33fe07a648f,fog,s5,2,0.817466,0.899531,0.899922
23522f22-c6e2-4b5e-893a-af3c55dfe3e3,gaussian_blur,s4,3,0.829303,0.903956,0.935125
2356ae69-316d-4b6f-90ef-d2f92192982a,fog,s3,0,0.760272,0.849229,0.960539
235a867f-c5cb-44df-a3d0-e67d137f8efc,gaussian_blur,s4,0,0.937774,0.967667,0.974709
235bea6c-06ef-48d7-acc5-561b891138fe,clean,s3,3,0.366589,0.504797,0.600528
236850e1-d7c2-40c8-b7e9-9842f7d6b51d,gaussian_blur,s5,1,0.396109,0.536217,0.634784
236c1d1c-03ee-487a-9470-2fe3fb10283f,fog,s4,1,0.480039,0.640788,0.670667
236cd505-2d21-4ce6-944b-e7d8bd0b18c1,shot_noise,s4,1,0.632786,0.749774,0.876309
2381ab0c-a9a8-4c9b-a52d-b481355db81f,fog,s5,5,0.962997,0.981112,0.983177
2388d596-845c-4321-989b-83d95fc80bf0,clean,s5,0,0.269934,0.419168,0.435355
23a62fed-acb7-4e2c-a26c-ec495532f2e1,clean,s4,2,0.964984,0.982047,0.989605
23baccac-0031-42d4-8183-d5ac0dc9e04a,gaussian_blur,s4,3,0.942266,0.969937,0.981531
23bf983a-ead6-45fa-b4b4-1c1dead4c915,clean,s3,4,0.366589,0.504797,0.600528
23c34cac-8562-4e38-87c1-4381bdaeab62,shot_noise,s4,4,0.855780,0.920351,0.946581
23c4b283-d5f3-4b6b-baf9-bed9e8f0745b,shot_noise,s4,4,0.925317,0.960897,0.969211
23c4e478-b6ac-40c5-befe-371855d6d0e7,clean,s5,2,0.824825,0.903333,0.910949
23c595b5-a5df-47a6-b911-b543f750777c,gaussian_blur,s4,4,0.406934,0.557237,0.626423
23dd4828-62a8-43e4-a1ed-9f9c9b19b35a,gaussian_blur,s2,0,0.721386,0.813896,0.968448
23e891b0-1838-4f9d-b591-ca24d2594ca6,gaussian_blur,s5,5,0.890654,0.942072,0.943771
23e8e500-f373-48fd-b538-79b7cbeaa78b,clean,s4,5,0.879878,0.934160,0.965584
23f525d6-969c-44a1-8049-9f6917bd15a1,gaussian_blur,s5,2,0.970364,0.984940,0.986213
23f54cd4-9755-451f-8d95-171e3f2bfaca,gaussian_blur,s4,4,0.571782,0.693593,0.838412
24015f91-4861-4818-b3ec-5f50be9d5e57,fog,s4,0,0.488015,0.614317,0.763813
240ef5b4-2c83-4daf-9013-5ebbc7230675,gaussian_blur,s5,0,0.890595,0.942117,0.942394
24147aae-453e-4613-a35a-755b0e70ecc7,gaussian_blur,s5,0,0.938392,0.968090,0.972196
241c1ed6-74dc-4a66-aaae-024348cace40,shot_noise,s4,4,0.352076,0.414321,0.702587
24279383-7e78-457e-a22c-02a8edf9a8a8,clean,s4,2,0.344564,0.492340,0.552299
243befe7-10f0-4ff2-82a6-51a6d7ea5380,clean,s4,2,0.380868,0.546119,0.563792
243d3cc6-9819-412d-b7f2-4900c3d99675,clean,s3,5,0.567082,0.683521,0.850835
2455f2a4-1104-422d-9e6f-d43243732e51,fog,s4,4,0.897831,0.944848,0.970048
24702ba6-f01c-40df-953d-192e00217160,fog,s4,1,0.924875,0.960648,0.969195
24799e31-b7c0-46fb-a61d-9ff490691c2f,fog,s5,1,0.609459,0.755512,0.764848
24808096-e405-46f9-a080-6fb42c9497de,gaussian_blur,s4,4,0.961228,0.980067,0.988411
248166d8-2583-447e-9f36-c39ee1eab139,shot_noise,s5,2,0.970700,0.985114,0.986363
24838010-869b-4856-8dd1-53875bfd00bc,fog,s3,4,0.690162,0.798972,0.904775
248c323c-81f8-4e68-a440-1a3a246609d6,gaussian_blur,s4,5,0.693849,0.804227,0.896032
249a28d5-ce6e-4c1b-9fac-0391cc3a6412,clean,s5,2,0.933832,0.965661,0.969360
24b2c5f2-2443-401b-88a4-04831903913e,clean,s3,5,0.929783,0.962497,0.993402
24b691db-acdc-4e37-abef-f4666754bba4,clean,s4,0,0.675434,0.796166,0.855893
24ba3894-3d38-4731-910d-fae5e872ee62,shot_noise,s3,2,0.679808,0.780119,0.942498
24c6396d-4899-4fae-8ffa-8aa3d77a5c95,clean,s3,2,0.702019,0.799749,0.950648
24cae9c5-8fb4-4efd-838d-3fc4cf8f4674,clean,s5,1,0.765235,0.866969,0.867288
24cd10ee-d856-4dfc-903f-93848f348f03,shot_noise,s3,2,0.682993,0.792319,0.904677
24d2c97c-3420-4517-b494-e5afd55f7d53,clean,s3,0,0.642238,0.753444,0.898576
24d8132e-a888-40f3-8fb1-bf15fce919da,fog,s4,1,0.592054,0.715588,0.842816
24e3b6c2-a1fc-4fe6-8908-ebae14a7f67c,gaussian_blur,s5,5,0.738472,0.848488,0.856667
24eb04bb-e5f5-4350-974a-91e2c37b0c42,gaussian_blur,s4,5,0.805078,0.887318,0.933691
24ef75e7-e4a9-4ee9-8a63-2c58b4b330ad,clean,s4,3,0.930964,0.963859,0.975013
24f3bfd6-c915-42ee-8ff9-5a25e23ffbdc,clean,s4,4,0.977207,0.988445,0.990869
24f6d3d0-3cf6-458a-8171-44d1465beea4,shot_noise,s3,0,0.642238,0.753444,0.898576
24f94b63-0b68-49ab-b8c6-cb1f9ca65c90,shot_noise,s5,1,0.569288,0.715402,0.761150
25006091-db89-4fd5-b2a3-d31a3c3db1dd,shot_noise,s4,0,0.767316,0.856004,0.954012
250ba797-3e22-49c2-841c-70dd2f9ad133,clean,s4,1,0.797129,0.883379,0.919141
250c062a-4685-4290-86b0-40a18fb580ef,clean,s4,2,0.959857,0.979368,0.986747
2510bb54-cefc-4de7-a5ff-4025c6cffe5c,fog,s5,2,0.756774,0.858585,0.882512
25116ba4-dca1-443f-a737-477a9f9261fc,fog,s3,4,0.621061,0.733550,0.888928
251f9380-2af7-49aa-a559-48f5cb0198ad,fog,s4,1,0.848508,0.914766,0.956533
252a507d-d41d-4d25-83dc-a64be6add345,fog,s4,0,0.791190,0.877537,0.931493
252cc8c9-3501-459f-b716-725806090ddc,fog,s3,5,0.667950,0.762910,0.961255
25374d75-263f-4611-9d10-b5d6d497da99,gaussian_blur,s1,5,0.496405,0.498196,0.992811
2539f63c-5184-47db-bf82-a950d260955e,shot_noise,s4,2,0.765643,0.860743,0.914126
253d485e-2c5b-4080-a82d-d2ec3a389126,clean,s5,0,0.631751,0.743572,0.894241
254a1330-0bb6-488f-9cfe-70572356f279,clean,s4,3,0.880852,0.935526,0.954123
2556438e-58b2-4371-b814-6a993454bbe3,shot_noise,s5,0,0.779429,0.874593,0.887616
255a37c5-47dd-49b6-a5a8-11dafb7bcb3a,shot_noise,s5,5,0.977917,0.988827,0.989602
255c98fd-17ed-4074-91d5-e6cffe5a3986,clean,s4,4,0.901916,0.947645,0.963404
255fa542-db80-40e1-b556-35b0dd429501,fog,s3,4,0.602212,0.699898,0.924427
256100d5-057c-4875-8bf8-e82b70a2a879,shot_noise,s3,2,0.659188,0.762105,0.931147
256bedb1-334e-499c-902e-2e22a6a31ed9,clean,s2,3,0.909917,0.950725,0.995627
256e8313-8ac8-4994-b5c0-e851960e7962,fog,s5,5,0.958675,0.978890,0.979455
259289d6-0902-4cdb-a885-6e52a22ba34f,clean,s4,4,0.902930,0.948070,0.966691
25ac0a73-f6ee-42bc-a3f8-fe6dffbe7f1d,fog,s5,3,0.900017,0.947360,0.947724
25ad4f00-9910-4c70-9f4e-c02899383f3d,fog,s5,2,0.903310,0.948782,0.957333
25b16cda-f8c2-495d-b810-92718583d0c6,shot_noise,s4,2,0.869049,0.928245,0.953520
25bd894f-6847-41db-8c1d-03bc4ab78f9c,clean,s4,1,0.791190,0.877537,0.931493
25c13273-1bae-4c3f-baf0-6e46408fd19c,fog,s4,1,0.958926,0.978886,0.985970
25d61f22-2dc6-4539-ac56-9e207c0760c6,fog,s4,4,0.633506,0.760291,0.839670
25d7d62f-6280-4799-aed2-2af895059798,gaussian_blur,s5,3,0.343156,0.483484,0.564181
25db5e79-fb69-46b3-8ec8-6c199cf68280,gaussian_blur,s3,3,0.831881,0.902232,0.969537
25edb7ff-2056-4517-a2d8-28db2630b776,gaussian_blur,s5,1,0.694044,0.819064,0.821213
25f3b5d0-1665-473a-9794-4ae1c952b482,shot_noise,s4,3,0.869728,0.928655,0.953744
26079070-50cd-4f7e-ab64-c94a13ff4480,clean,s3,0,0.939485,0.968130,0.989771
262a8baa-d16a-427b-bd63-82f4b6f8af6f,fog,s2,2,0.726367,0.818190,0.969696
262ab923-23a1-4d87-a583-ca6215c57716,gaussian_blur,s2,4,0.724145,0.816365,0.968733
263495c6-f90f-46fc-a167-d871872256e3,fog,s5,3,0.946770,0.972628,0.973715
2644fb31-5545-4434-bbc0-7e2d30f81d3a,fog,s5,2,0.977469,0.988603,0.988829
264560c1-1804-4337-a7ef-1787f3a68fe6,shot_noise,s5,4,0.893555,0.943395,0.950693
2648e290-8433-4baa-9471-b8005c85194d,gaussian_blur,s4,1,0.714912,0.824917,0.884263
264bcd89-1307-4e41-8f60-e4a576860eae,shot_noise,s5,3,0.641844,0.777276,0.802427
266390b3-5544-40a7-887c-da8e18b2d1cc,clean,s5,0,0.953596,0.976188,0.978720
26713b89-594d-46d1-9aa3-f270062e0833,shot_noise,s4,3,0.978840,0.989286,0.991291
2673288d-bb49-4396-ba40-c496b21ec8fe,shot_noise,s4,0,0.977902,0.988805,0.990852
267b5cab-7412-4957-9630-7f0e83534ac7,clean,s5,0,0.517671,0.591824,0.903586
26810e77-da39-4871-85eb-9e498099f95b,clean,s4,5,0.813698,0.891551,0.950117
268812f3-1bc2-408a-957c-90fa558dafb1,fog,s5,1,0.979328,0.989552,0.989970
26977f15-c93a-4bdc-aa5b-00176e3c3267,fog,s5,3,0.352623,0.443130,0.661931
2699febd-192b-4e37-adcb-333cf65cc35b,gaussian_blur,s4,0,0.672046,0.794951,0.847309
26a69296-d447-411f-b122-40e41d2c91dd,gaussian_blur,s5,0,0.938237,0.968060,0.970453
26ae4fd7-4215-40dc-afc2-0a756494e7b7,shot_noise,s5,1,0.918860,0.957562,0.961321
26b0018d-ef00-4d62-b886-469cd8534756,gaussian_blur,s4,5,0.674673,0.793729,0.863952
26b611ef-bbbf-4365-aff0-6c29de7cb766,fog,s4,5,0.960266,0.979589,0.986675
26b674d9-daa1-418f-a78b-e7f7f3b8073f,fog,s5,5,0.634190,0.745809,0.895524
26c048e2-249d-4b8e-8d8f-26f046716f83,gaussian_blur,s5,0,0.765235,0.866969,0.867288
26c7cd91-a0f3-45c2-8fdc-564f5b7ca031,fog,s5,3,0.951459,0.975022,0.979267
26c9225f-5078-4f68-a305-5a165d2297ad,fog,s5,4,0.965516,0.982424,0.984252
26d1a784-8945-4a97-8333-19dc082bf2ab,clean,s4,2,0.495712,0.633600,0.742658
26d54d48-c8e8-48b0-a263-c8c9e2218cdf,shot_noise,s3,4,0.838881,0.907348,0.966715
26d89914-d43d-416b-b6c7-dd961ae679cc,fog,s4,5,0.696010,0.809992,0.877440
26db5b6a-14a8-4842-b4a5-07373ffd4040,fog,s3,3,0.980123,0.989888,0.997269
26df458e-f073-4170-97dd-0f6decd551e4,shot_noise,s4,2,0.920963,0.957819,0.983419
26e149d6-2a25-4384-93a7-fb8cd502a2c6,clean,s3,2,0.760272,0.849229,0.960539
26ea49d4-3b06-484c-90e5-44571c7f85bc,gaussian_blur,s4,4,0.743682,0.839425,0.937557
26ee776e-401a-4408-8ac0-49a0e2fbbae3,fog,s5,1,0.337156,0.417300,0.653573
26f52933-946d-425e-b032-ae2797d9d0ef,gaussian_blur,s3,5,0.917540,0.955426,0.992244
26f5ee92-ef05-44ec-bc74-0186d2c1f7e0,shot_noise,s5,0,0.971108,0.985325,0.986544
26f776e0-0712-4547-a0d0-993477cfca7f,shot_noise,s3,5,0.445200,0.578715,0.704871
26fdcfe6-84f0-4d1e-b346-809bacc75ed1,fog,s5,2,0.854346,0.921030,0.926811
2705440b-23ac-40f8-97d8-590dec80ad0e,clean,s4,0,0.940507,0.968745,0.988434
27110044-ec92-4742-9a72-6e902b6434fc,shot_noise,s5,0,0.913124,0.954582,0.954757
2713b869-ce0a-4e31-9887-69b80c80aca5,gaussian_blur,s4,3,0.636155,0.752720,0.878325
27162c24-c63d-4407-86f6-a0acffa25139,shot_noise,s4,3,0.972659,0.986058,0.992059
271ee9ff-efeb-4e2e-a144-c93d9520e3b8,clean,s5,5,0.792863,0.884453,0.884581
272019ad-5d88-48ed-b0b0-0657b682842b,clean,s3,5,0.577047,0.701980,0.831892
272116d1-a4a9-4266-8c46-406501bb502d,fog,s4,0,0.927860,0.961977,0.978464
2728894b-271c-4914-971a-e34c8a708e52,clean,s4,2,0.963272,0.981175,0.987532
272aa832-d25e-4227-9d59-4e6b919a6f66,clean,s5,2,0.775599,0.873195,0.876965
272e0517-f8a5-4f6f-ad70-7d8d8e61fb64,gaussian_blur,s5,4,0.903273,0.949129,0.950160
2739817e-19fa-4a93-bc99-ff823a74e423,shot_noise,s2,0,0.891521,0.939573,0.993562
274a37b5-d622-46b0-a2c3-020a93f141b1,shot_noise,s4,2,0.706525,0.809629,0.924677
274bff77-5cff-4ae8-9786-f97cfb47b2f4,fog,s5,1,0.598914,0.747982,0.753790
276b0956-6cbd-4c44-9be4-a588e23293aa,fog,s5,0,0.909416,0.952518,0.953435
276ddcec-6ff7-484d-9efe-7cbee2579f0c,shot_noise,s4,4,0.921372,0.958049,0.983584
277568c7-cc6e-43e7-b46e-6e90c5634586,shot_noise,s5,3,0.458388,0.622901,0.643797
2786f63b-21f8-4981-9cf8-bb07fdee63e4,shot_noise,s3,1,0.375992,0.513895,0.613584
27933e30-8fda-4497-b759-335c0d694d32,gaussian_blur,s4,4,0.975626,0.987634,0.989946
27a5eaee-9d50-49de-ac9f-720ba6080c2f,clean,s4,4,0.940507,0.968745,0.988434
27ad7d76-6cdb-41b2-8da4-6781413812d1,shot_noise,s5,2,0.734551,0.845877,0.854016
27b634a6-9783-4aad-9c33-f78ee9b0e8dd,gaussian_blur,s4,4,0.949022,0.973558,0.984683
27d74eda-f361-4cf1-bae1-5c8a4bfa0cad,gaussian_blur,s5,5,0.893633,0.943380,0.951765
27d753e3-9022-4960-b023-1372ceab9c93,shot_noise,s5,2,0.903784,0.949412,0.950427
27d81a2e-08dc-48f0-a0ea-87dd219938e8,clean,s3,0,0.428720,0.535144,0.739979
27db4b87-1d51-4e68-8dc1-e2ed84136311,gaussian_blur,s5,0,0.805104,0.891349,0.898304
27e1d9da-3d99-4d28-8782-b5cbdc8cd122,gaussian_blur,s4,3,0.901636,0.947333,0.966144
27f2f68d-a41a-4670-a572-fba882d0a381,fog,s3,5,0.656078,0.753772,0.948912
27fa4a06-5c2e-45e4-a95a-8bbbfe589c03,clean,s4,5,0.488015,0.614317,0.763813
27fe68e8-8f13-4bfe-84cc-6425514b7351,shot_noise,s3,4,0.427035,0.534094,0.736715
27fed9cf-9071-47a1-adf9-40104138085d,fog,s5,2,0.974977,0.987313,0.988637
280b68a6-6a4c-4516-975c-371773c5d56a,fog,s5,2,0.922515,0.959485,0.964896
28124356-7249-4e90-8823-319f7ef1f5fc,fog,s4,1,0.394520,0.441041,0.789040
2814b0ea-feb8-4aa2-8fdf-9cc26ee7c8f3,gaussian_blur,s5,5,0.702176,0.820170,0.852075
2815093e-b642-4469-95fe-30e0e92c21dc,clean,s5,4,0.271251,0.375823,0.508330
282458d5-391c-452a-8e16-9e77e12e309f,fog,s5,3,0.700978,0.824186,0.824315
2824a8d1-796b-410f-96e7-01d92c237a2a,clean,s4,3,0.744048,0.846529,0.896988
2828aefe-abf3-4c13-8ade-1d7377b38ceb,clean,s4,3,0.284307,0.426547,0.470976
282de828-11ee-4724-b232-a1f0e3ec3c3a,gaussian_blur,s4,4,0.705720,0.810974,0.914769
28304134-4cf9-4687-8f67-152942d19215,gaussian_blur,s5,0,0.580700,0.733195,0.740521
283292dc-e30b-43f6-8f09-02cf48de3bd8,fog,s4,1,0.617740,0.725957,0.901461
2839f0aa-0b11-486d-95ed-c1997fa9d848,fog,s5,3,0.734425,0.842810,0.872776
284e76cc-6f1d-44b8-8541-d026da903442,gaussian_blur,s4,4,0.199911,0.330653,0.337029
2858242f-b3e4-44c9-94de-7a67c6cb6600,fog,s4,4,0.967166,0.983189,0.990427
28599978-838d-4ea9-b399-4d23f0f5b7e7,clean,s4,0,0.503959,0.663415,0.690263
285a11ec-aa70-4b70-8a76-195d1cdc64e4,shot_noise,s4,2,0.261660,0.401571,0.436871
285c3d5e-098b-43c1-901c-a7855aca461f,clean,s2,5,0.716078,0.805183,0.985301
286027c4-bbd8-4ff4-8c9e-7eeb3c1f444f,clean,s3,3,0.659679,0.763048,0.929573
286a7ad4-cfff-4de8-9d91-6055a3267ed0,clean,s5,0,0.854762,0.921549,0.923547
286da615-19a6-4063-84c2-9dcd16382c5b,fog,s5,0,0.951176,0.974952,0.975969
28749332-8055-4ba4-bbb4-499be0094f22,gaussian_blur,s4,1,0.760423,0.854905,0.925964
287e9cae-2599-451e-b34b-d054499f65ce,shot_noise,s4,1,0.935426,0.966341,0.975392
28819377-939e-4287-ae3a-312804e6adcd,gaussian_blur,s1,3,0.496405,0.498196,0.992811
2884d0ab-4f8d-4d0c-8887-47caef23bd14,gaussian_blur,s3,5,0.793979,0.875483,0.962874
2889851b-3369-48f8-9d01-a9f01fd0e2ff,clean,s5,0,0.275350,0.369339,0.530848
288f831c-c888-47bc-85b4-d7e12d264485,fog,s4,0,0.734995,0.833077,0.932219
288fbe40-fc9e-44c8-a7f7-c9f1171de9c1,clean,s3,3,0.761960,0.848150,0.975211
28ba4deb-6f8b-4266-9228-a465199e0c4c,fog,s5,1,0.848988,0.917781,0.924976
28c09dd9-ef52-40c5-94d3-62b87f1cd5f3,gaussian_blur,s5,5,0.566082,0.715770,0.748109
28c11604-e66c-4710-92a2-ccec134e856d,shot_noise,s4,0,0.902930,0.948070,0.966691
28cc4859-64b6-40e3-b732-7a68ee31e66c,gaussian_blur,s4,1,0.760063,0.850012,0.954787
28e11cd2-fe2e-4864-8067-aadfe406da46,gaussian_blur,s5,1,0.586682,0.738919,0.741765
291aa7f1-e986-452e-89f1-cc7bb4142454,shot_noise,s4,1,0.941624,0.969585,0.981413
2926547c-5c97-445b-9760-cb387998c4fc,shot_noise,s4,0,0.902228,0.947741,0.965063
2928f1b2-f266-4009-ba4d-81644a319ca7,clean,s5,5,0.735280,0.843777,0.870949
29372a53-d25d-4580-88e8-920ea3fc3ebd,shot_noise,s5,1,0.449069,0.618092,0.624282
293a0e40-006e-422a-a487-6a3d8bfb6cde,shot_noise,s5,1,0.432496,0.556626,0.710314
293d1ad9-272f-4995-80ef-03da936e2ef8,gaussian_blur,s5,2,0.413866,0.584634,0.587376
2945fbac-4937-4a5c-8dee-e23df5617c66,clean,s4,0,0.856646,0.922011,0.932763
294d56e4-b3c4-4008-bf69-cfe53af1927e,fog,s5,5,0.352260,0.520980,0.521024
295ce4a0-6c52-4315-beaf-dd05423b4147,gaussian_blur,s5,3,0.451887,0.620528,0.627631
29618760-c877-4590-b6fe-5968c43ca168,clean,s4,0,0.813698,0.891551,0.950117
29653e0f-3124-4dad-b77d-73b882770ec1,clean,s4,1,0.873132,0.930810,0.953365
2968961c-4b7f-4ef7-92b1-e9298b1cc3b2,clean,s5,4,0.514731,0.663495,0.727595
296a253c-a40a-45bc-ba96-21a3eb8a3835,fog,s4,5,0.878393,0.934097,0.952907
296e0a95-7286-4b5d-aacd-df047169319a,shot_noise,s4,5,0.961228,0.980090,0.987296
29974d1c-4920-449d-9e6d-d671aceba0ae,shot_noise,s5,3,0.476067,0.639853,0.659471
29986215-073c-4fbf-9d76-a3b5e9dac585,fog,s5,3,0.658679,0.793850,0.796024
29a47f9d-b4e5-4801-9f26-26605aa7f9f9,shot_noise,s3,1,0.976431,0.987972,0.996597
29a5ee8c-b348-4757-b4ba-6bfc5c148bc8,clean,s5,3,0.655265,0.774026,0.870100
29b75e0a-f39a-460c-a5f6-05b97aa82901,clean,s4,2,0.977314,0.988476,0.992901
29b765ed-b9e0-4ec1-a1bf-abd296abc3a3,clean,s4,5,0.870309,0.928996,0.954064
29cd5c53-e6fd-4d45-a222-b98ebaf702c1,shot_noise,s4,2,0.954916,0.976684,0.987856
29d4646f-a4cd-419a-ac8a-700b6033bf7b,gaussian_blur,s3,5,0.679348,0.785226,0.920042
29de1259-caf2-4e22-b48f-80cdf4b1ded6,clean,s4,2,0.362597,0.420599,0.724853
29e5c282-f130-4911-aea5-2cb7f4baf5dd,gaussian_blur,s5,5,0.569729,0.721459,0.741819
29e71e62-8bfa-4e17-ab94-d01c784ad39c,gaussian_blur,s4,1,0.902299,0.947428,0.971718
29f183ea-ee6e-4281-bd36-8576dbb26a34,fog,s5,5,0.870386,0.930588,0.932347
29f54f42-ba34-4078-a212-35e2a833ec79,gaussian_blur,s4,5,0.897182,0.944055,0.977083
2a09d7c0-2715-47ea-a01d-f5d4cf545e63,shot_noise,s5,5,0.691098,0.804723,0.881931
2a12e230-cbef-4b5c-b926-7105f0e53a0d,fog,s3,5,0.851963,0.914009,0.990494
2a1b0699-7ade-4066-8b3f-e998d16af1ac,clean,s3,3,0.921872,0.958186,0.987141
2a1e6d1f-c2b7-40a0-9740-dfc5cfdd1d96,gaussian_blur,s3,0,0.925907,0.960327,0.991792
2a2163d1-b09f-438a-a15f-fec7717e2d2d,fog,s4,2,0.364073,0.423217,0.725531
2a238cf5-2f5d-4084-a305-d78d967d5360,shot_noise,s5,1,0.717774,0.835448,0.837249
2a265e52-7b26-4437-af69-8776c1c208c6,fog,s5,5,0.889248,0.941364,0.941611
2a28947e-b7e5-47c7-8579-33667cea772b,clean,s5,4,0.454656,0.589668,0.711467
2a2e0e78-668e-4716-aef6-765350f02e12,clean,s4,2,0.898130,0.944888,0.972517
2a301dc8-51b9-4219-98a3-b8cbed92ad97,clean,s5,5,0.876985,0.934443,0.934741
2a322ff4-0aec-45a9-8ca4-3c47edcb5aae,fog,s4,4,0.471597,0.633314,0.661707
2a5a38b2-9434-45c4-adf0-ec8974b65672,shot_noise,s4,3,0.716680,0.821273,0.911544
2a5d0395-6c78-4769-b819-c7a7ab32920f,clean,s5,2,0.925712,0.961407,0.961838
2a66e056-985d-4460-a824-a90dc31dc0d3,gaussian_blur,s4,1,0.893878,0.942099,0.976208
2a7087ff-542e-4c84-b6d4-07f3bac28ede,shot_noise,s4,5,0.958381,0.978606,0.985416
2a7f5614-7c3c-4e8d-9a07-1fd6b580d051,gaussian_blur,s4,4,0.895265,0.944174,0.954848
2a8254d6-cb8b-4a22-b33a-bfae6642d7ae,fog,s3,0,0.642238,0.753444,0.898576
2aacb2e0-258f-4e0a-8edd-35ec0ea47b71,gaussian_blur,s5,0,0.543683,0.688520,0.755371
2aad85ca-1789-464a-97d0-f978c74aec18,gaussian_blur,s4,1,0.793120,0.880704,0.917499
2ab1f092-2f96-4855-875b-b839a747e3ee,shot_noise,s4,0,0.201372,0.332785,0.338912
2aba0877-def1-4410-84ac-ac74e1a3f2e3,fog,s5,4,0.747558,0.853910,0.866745
2abba00d-7f24-47a9-9e08-9638fcf56c03,fog,s5,5,0.767984,0.865959,0.889730
2abcdc54-d50d-44ea-a51d-b0724fcc7713,gaussian_blur,s5,2,0.278467,0.364146,0.548042
2ac11712-6635-4069-b284-80a879975fc2,gaussian_blur,s4,3,0.864455,0.925645,0.949568
2ac33262-720c-43e0-8a17-18636f5688ef,shot_noise,s4,1,0.361634,0.432313,0.705328
2ac99fe0-c03b-4ec1-a899-42694a177100,shot_noise,s3,0,0.696776,0.799880,0.928299
2ad763d6-d577-4ffb-97ae-fa17e5562a0e,shot_noise,s4,0,0.783326,0.873017,0.921682
2adecb30-e0b4-4509-8938-62234f81915d,clean,s5,0,0.568285,0.714437,0.760736
2ae6db77-6194-4c96-9c44-802e090f46c9,shot_noise,s5,3,0.784673,0.877563,0.893915
2ae70b6c-1455-450c-b031-d6944096f945,shot_noise,s5,0,0.987224,0.993570,0.993781
2af496e0-33e5-470b-96e7-b5d7d52dcbf7,gaussian_blur,s3,3,0.347686,0.485721,0.574803
2afe5479-5f51-4bcd-ae11-eb1f3c3f960d,shot_noise,s4,3,0.280734,0.438033,0.439041
2b00ea77-6693-41a7-b51a-f5839fed7298,fog,s4,2,0.641918,0.752202,0.901808
2b0168f7-eeb1-483c-81b1-7d4bd7e4aa7c,shot_noise,s5,2,0.809360,0.894549,0.895465
2b12b7e5-91b1-42b5-b571-efb151dd001f,gaussian_blur,s4,1,0.903867,0.948673,0.965740
2b1bde48-8e1a-48c3-8e3f-53eb20392385,clean,s2,4,0.894593,0.941320,0.996251
2b1c8efd-0af9-4933-b7fd-803bf0d0c282,fog,s5,2,0.818878,0.900347,0.901157
2b1efbb3-1ecd-4adf-95dd-65cff3e21041,clean,s5,1,0.766929,0.867842,0.869984
2b25c669-6094-4830-aa4b-c22e5620fb24,shot_noise,s5,5,0.820121,0.901101,0.901892
2b2d6b5e-f961-432a-9d94-10774f0c6a82,clean,s4,3,0.917279,0.956553,0.963807
2b32ef2a-250b-43b2-a7ac-68a5c0c5a0a3,fog,s5,4,0.785997,0.878745,0.891988
2b3e1794-47fc-4521-a7d6-1324761c3bb0,shot_noise,s3,5,0.983917,0.991845,0.997803
2b42504b-370b-4288-ae96-e5f0fe9bb010,clean,s4,4,0.963089,0.981069,0.987964
2b42e69e-174f-43d3-8592-8ab7b835646a,gaussian_blur,s5,5,0.817095,0.898475,0.907877
2b485611-457b-48b4-89c9-891b7f8b0c5b,gaussian_blur,s4,5,0.384127,0.549520,0.567312
2b4b19e0-c710-4b2f-9bac-fd9d5f783a77,gaussian_blur,s5,3,0.265782,0.354812,0.520907
2b50de13-1a18-4eb4-972e-5fc2d69193f0,gaussian_blur,s4,4,0.584774,0.689953,0.892925
2b585afc-4eb7-4138-8763-59008b08c6ae,clean,s5,3,0.964260,0.981802,0.981951
2b5effce-4bf1-4150-bd81-a266e914d32e,gaussian_blur,s5,0,0.492729,0.655163,0.674699
2b786271-41a9-44f9-98a8-59af6e80fc53,shot_noise,s4,2,0.825447,0.901604,0.932576
2b7d4ae7-dc52-443a-9c4c-5bfc6f604908,clean,s3,4,0.459164,0.478713,0.918327
2b8ddea9-0f8e-4cc9-916a-7323f4845a40,fog,s5,0,0.472474,0.625557,0.684965
2b944a8d-cc22-4b81-b073-134c69f891ef,fog,s1,5,0.496405,0.498196,0.992811
2ba4e3da-baa7-4b7f-b6af-d57b4fd17732,shot_noise,s3,1,0.567519,0.683960,0.851105
2bb1ee3c-9121-41b5-82fa-82f912349a3d,gaussian_blur,s5,2,0.346035,0.432311,0.658325
2bbc10d5-4314-4cee-afd6-1de70fafa113,gaussian_blur,s2,2,0.710646,0.804504,0.965623
2bbef4f2-4bf2-4500-bc3e-76ece8c36fac,fog,s4,3,0.875823,0.932497,0.953116
2bc10a99-3843-419f-935c-5ab316543970,fog,s5,3,0.852360,0.919174,0.934188
2bc74f99-ae01-4a08-9ca3-588244f70269,fog,s4,4,0.959961,0.979493,0.983393
2bd07e10-0d6b-45aa-92c6-deae16a3c58d,shot_noise,s4,1,0.768029,0.856775,0.952733
2bd81767-b412-43ba-89c7-04b7fffab4a4,gaussian_blur,s4,1,0.594855,0.733064,0.794309
2bd9c747-db34-41aa-9995-ab23e2c79ef9,fog,s5,4,0.917767,0.956951,0.961051
2be71ffb-ff6b-4639-9e04-203758dc290b,shot_noise,s5,4,0.676640,0.807130,0.807179
2be7f1b2-cd24-4d2b-8d34-381c0095ad69,gaussian_blur,s3,3,0.582962,0.699863,0.858766
2bed21a2-0d4e-44ed-8f02-504aa94cf37f,fog,s5,0,0.775599,0.873195,0.876965
2bee03aa-7b28-4026-bdb0-a8900af9bfc2,gaussian_blur,s4,4,0.417995,0.583566,0.603947
2bf49459-cf63-4fc0-a355-6baaf0702dba,gaussian_blur,s4,2,0.828139,0.903280,0.934021
2bf5d783-1868-43d3-8d3d-40084696fc8d,shot_noise,s5,5,0.916570,0.956306,0.960210
2bfaa923-04a5-4283-96ef-98780bb7ad49,clean,s5,2,0.533448,0.686986,0.723749
2bfb4d88-8a11-4996-bd58-c4e5f50f564d,gaussian_blur,s3,1,0.918008,0.955699,0.992289
2c0cea2f-af71-4bf1-a09c-7e9761d96bde,gaussian_blur,s4,1,0.599132,0.718847,0.857712
2c1e0c6e-6f7b-4022-b929-e9c5c14c7651,gaussian_blur,s5,3,0.973765,0.986690,0.988054
2c4eafab-4dcf-4aed-a200-993d51813a62,fog,s5,1,0.386707,0.557435,0.558411
2c516ca1-6d51-4059-bbeb-b4d207823346,fog,s4,1,0.797253,0.882891,0.923904
2c5bb0bf-ccb0-4f17-84e1-d83bd661d96a,clean,s3,1,0.983981,0.991878,0.997808
2c5f56a3-cf1f-46fc-938f-02d5b21a24cb,clean,s5,0,0.828777,0.905718,0.913317
2c5f61e0-d99e-47fb-a7ad-1dfb4e6b46b2,clean,s3,4,0.577047,0.701980,0.831892
2c6361eb-035d-4435-a733-4abe449b168a,shot_noise,s4,3,0.912095,0.953054,0.974745
2c6a594c-75b8-4814-b30d-1cf24335a69c,shot_noise,s4,0,0.937774,0.967667,0.974709
2c6d9834-f458-44c7-9d9b-a19c6d852e49,gaussian_blur,s4,2,0.869696,0.928628,0.953835
2c713da0-3b63-4d61-9dc3-ed76773c0b78,fog,s5,0,0.454656,0.589668,0.711467
2c77fe8c-ee97-42aa-8677-a776ba59c826,shot_noise,s4,5,0.824034,0.899548,0.943163
2c7a6f6d-8027-4202-9a09-44ab7ff92e35,fog,s3,4,0.593356,0.709326,0.866786
2c930221-795f-47dd-84d8-247b3c7a0840,shot_noise,s3,5,0.532924,0.608576,0.916876
2cc3f9bd-8fc6-47e6-bb8b-3f1479593d4a,fog,s5,4,0.709402,0.826179,0.851979
2cc8fa27-610e-4112-87ce-9b05260afb7e,gaussian_blur,s5,2,0.962961,0.981115,0.981984
2cd2610c-530c-40a0-90ed-4de556b64393,clean,s5,3,0.785039,0.878727,0.886581
2cd27107-b94a-47a1-8580-0a76725054df,fog,s3,1,0.748046,0.841801,0.944765
2cd65b6c-c095-467c-9546-4244cf993b59,fog,s4,0,0.747602,0.844700,0.925598
2cd9474b-ce86-4ec1-af27-fa69fdb7493c,shot_noise,s4,4,0.391751,0.537535,0.617941
2cdce8ab-4608-4002-8b35-4b080c5fddcf,shot_noise,s2,1,0.922452,0.958097,0.997010
2cf3ce21-e899-4ee5-8db6-c4e4c243b775,gaussian_blur,s5,4,0.959572,0.979362,0.979718
2cfaca16-3246-4702-8eff-7eacb8c689f3,fog,s3,2,0.673826,0.775062,0.938816
2d01b9b7-87a3-4255-b7a2-6226ca38b3ae,fog,s4,2,0.959422,0.979211,0.983160
2d02171e-5243-4531-853c-3ff0006127f7,shot_noise,s4,3,0.955868,0.977276,0.984494
2d0302df-1a63-489f-a6b0-f7ac524c272d,gaussian_blur,s5,2,0.786435,0.880434,0.880597
2d03e290-56d1-4712-8e07-101f8d99dad2,gaussian_blur,s5,4,0.911442,0.953510,0.957106
2d053ad3-e5da-4008-9550-22bd76046006,gaussian_blur,s4,3,0.765449,0.865485,0.879472
2d146996-7b6d-46fe-b665-9193f02c1e64,clean,s4,0,0.924323,0.959723,0.984257
2d231b1b-4202-49de-a033-67c6c88b112d,clean,s3,4,0.548330,0.654108,0.864917
2d26c610-d168-4668-b7e6-9ecffb061200,gaussian_blur,s5,1,0.825195,0.903511,0.911643
2d30493a-3af3-4370-8005-32e0b6f1cb97,shot_noise,s4,1,0.937016,0.966831,0.987171
2d449fc0-9ebb-40da-9f85-c4e6326e8f82,gaussian_blur,s5,4,0.853933,0.920818,0.926192
2d44cdf5-3c0a-4162-bc1e-3f1a9317486f,clean,s5,0,0.383867,0.512878,0.640784
2d4cf26e-0e85-4d19-9dee-58ae048f170c,shot_noise,s4,4,0.867675,0.927419,0.953003
2d500690-0bae-47b7-a528-135f3caed6ed,shot_noise,s3,4,0.537376,0.614938,0.917603
2d560387-9055-46a4-820f-a3da6b32c8d4,shot_noise,s4,1,0.399835,0.444342,0.799669
2d6822e7-5115-4d8f-a087-aa0e57162910,fog,s4,0,0.380868,0.546119,0.563792
2d700eb0-6546-424f-9fe2-fe7e4a7c7096,gaussian_blur,s3,2,0.718679,0.813625,0.958064
2d7e28f2-f56d-4f6e-a5d7-1e27a6cdf81e,gaussian_blur,s4,1,0.898681,0.946113,0.956363
2d84ee7a-ef9c-4f07-8799-c1758759cded,shot_noise,s4,2,0.622249,0.730927,0.901743
2da3ba49-881c-4bb9-b2d2-05eb13624f60,gaussian_blur,s4,2,0.977659,0.988677,0.991045
2da47870-213c-4ba3-b731-c5655715d504,fog,s5,4,0.911778,0.953587,0.959588
2dbc9964-ee15-41dc-b94b-6febc66c65ca,clean,s5,4,0.909416,0.952518,0.953435
2dc5b85e-65d0-4e81-9d2b-cd807449e256,clean,s5,2,0.722171,0.838426,0.840216
2dca99ef-47d0-4e3f-a25d-e0330b4ebc48,fog,s4,1,0.798190,0.882686,0.931109
2ddbd651-c0fa-40af-b37e-b941f9f9c552,fog,s4,3,0.578884,0.682126,0.894215
2de05c42-39f4-4d3d-a124-504ada8233e0,gaussian_blur,s3,2,0.683136,0.792414,0.904848
2de569a7-e965-46bb-bc96-681f3bb1ef8e,shot_noise,s4,5,0.944329,0.971071,0.981616
2debb32f-356e-4e2a-a896-0d5b449a95ff,gaussian_blur,s4,3,0.628249,0.738928,0.897164
2dfe4fe1-cdba-4524-b25f-372384769a59,clean,s5,5,0.631751,0.743572,0.894241
2e0691fb-75d5-4d4a-a1ab-7bd4160f96ce,fog,s4,1,0.907113,0.950061,0.975982
2e08cc4e-4279-47d3-b7ae-753271cfaf1b,shot_noise,s3,2,0.338492,0.477038,0.560742
2e1b8b11-eac3-4084-b899-b8f5bb9cad0c,gaussian_blur,s5,0,0.913124,0.954582,0.954757
2e3410ee-4e7e-4d1c-8247-cf5620ccab7f,clean,s4,1,0.977207,0.988445,0.990869
2e3ab09d-8b62-4265-96a4-97d4c9ad806c,gaussian_blur,s2,1,0.876105,0.929625,0.995587
2e45d537-9913-49cd-9b3e-b42d02d7bc9b,clean,s3,1,0.921872,0.958186,0.987141
2e516c1c-b2a8-42d8-b47c-ef158f493986,clean,s4,4,0.734995,0.833077,0.932219
2e5f894e-69e4-4109-af13-139a7028ccce,fog,s1,1,0.334889,0.401118,0.669778
2e749326-260a-4541-87ca-03aa015ccb87,shot_noise,s5,4,0.910690,0.953218,0.954107
2e791647-c27c-402a-90d5-92b2de393b0b,fog,s5,5,0.519533,0.675546,0.709265
2e7f92a3-ad82-49bc-85d3-b72a84b82361,clean,s5,2,0.896095,0.944965,0.949488
2e8351fa-b444-4e6e-a5ab-ad619e45c9c1,shot_noise,s4,1,0.858783,0.922284,0.946459
2e8bdfe2-c86b-465d-867b-54448e1e95a8,fog,s5,5,0.460267,0.628435,0.635640
2e8c6798-d13f-4598-8b58-6d6214728daf,fog,s3,3,0.443460,0.568568,0.720768
2e8fcec0-79c5-487e-8dc2-7b0f181d5ff7,shot_noise,s4,3,0.649483,0.775138,0.842469
2e92bab0-b52d-448b-96c8-8160b2dc5d13,clean,s5,3,0.408506,0.578970,0.582635
2e97df1f-bef0-4094-910d-72bc5ec3b5c6,shot_noise,s4,3,0.965875,0.982515,0.989877
2eafe6f1-4878-42cb-ab77-97a7e3f41275,gaussian_blur,s4,0,0.361702,0.459950,0.663275
2eb75e7e-be67-458e-bf93-428f25504840,fog,s2,1,0.773674,0.855454,0.989611
2ecfa9a5-d4d7-4ec4-b855-a53f0b27b5c7,gaussian_blur,s4,1,0.787694,0.875141,0.930096
2ed078d4-6f42-4666-970c-d28d12497c29,gaussian_blur,s4,4,0.444330,0.489439,0.861742
2ed1e446-88d9-47e6-9b3c-2176ef116843,fog,s5,1,0.620310,0.744739,0.847660
2ed52e66-1c78-46ff-b9e9-7ca12f28fd91,gaussian_blur,s4,3,0.640690,0.771902,0.820889
2ee1fcd5-04bc-43ff-8464-87bc5bbb3387,clean,s3,4,0.811442,0.885911,0.983520
2ee288fc-02dd-4c3b-8625-65855b20ed56,clean,s5,2,0.977773,0.988756,0.989269
2ee5349e-d8c7-4a64-8bf1-02287be0a589,gaussian_blur,s5,4,0.963558,0.981425,0.982283
2ef162b1-2cd3-47c5-a39e-ee6d599aa253,clean,s4,1,0.744048,0.846529,0.896988
2ef21449-f636-4aa5-804c-bcd51845be77,clean,s5,3,0.538596,0.697732,0.707994
2ef24a25-a1d2-425d-b7d9-391934dabb17,shot_noise,s5,3,0.863276,0.925826,0.937353
2f060b3d-686b-49b8-bb87-6da334d83989,shot_noise,s5,5,0.813292,0.896932,0.898022
2f0ba6ad-5330-49f2-86de-e56fd96efa4d,gaussian_blur,s5,4,0.546112,0.699153,0.730629
2f10539f-ddc3-41b9-8614-87eaf4f48d6d,shot_noise,s4,3,0.939097,0.968160,0.982156
2f2d8a26-05a4-4d59-966e-7e5fce0e4610,shot_noise,s4,2,0.930242,0.963364,0.977419
2f352c13-2105-4819-9349-c423b3fa7a3f,fog,s4,3,0.793488,0.880115,0.924389
2f3fcaef-b5e2-4bf8-b88e-ba3d3ffdb45c,clean,s4,4,0.945967,0.972027,0.979616
2f4d401d-6eba-4efb-aa51-15ef5dc8b7a3,fog,s5,5,0.977343,0.988532,0.989337
2f4eb3b4-54ce-482f-9cfd-7511cf4fd60d,shot_noise,s4,1,0.777193,0.866685,0.934228
2f4f2c69-5ddc-42fc-a072-19bbccb69a97,clean,s4,3,0.937774,0.967667,0.974709
2f56fcee-50fe-4cfe-844e-85a47a5ed5f7,gaussian_blur,s5,3,0.526114,0.687575,0.695584
2f605db1-3338-4a8e-87fc-468a680a05f2,fog,s4,2,0.409529,0.501571,0.740619
2f69dc5b-f02e-4bca-9a46-af64c557b119,gaussian_blur,s3,2,0.527357,0.600864,0.915246
2f6cffaa-bdb1-4cfa-9a6c-508ad6017f57,gaussian_blur,s4,5,0.470741,0.594568,0.752549
2f6e7f0a-38ab-49cf-93d3-5b5774c5ac87,fog,s4,2,0.772963,0.863523,0.933658
2f6eac90-26bf-47c5-a9a9-838ab899e76c,fog,s5,2,0.891436,0.942500,0.944389
2f7f21db-1042-40e3-b86d-04b1a7f1cd4a,fog,s2,3,0.752380,0.837555,0.988832
2f80ac96-3685-4ed8-818b-dcb3b99b8880,clean,s3,5,0.534804,0.611250,0.917229
2f818ef0-7f32-4b35-b375-8904f19cf014,fog,s4,3,0.400174,0.445139,0.799531
2f896a9d-96de-4007-84aa-14a7476ecb28,gaussian_blur,s2,3,0.944637,0.970791,0.996829
2f8e24be-128e-4621-9e4a-7efb382b6763,fog,s4,5,0.676204,0.787299,0.898641
2f95db9c-8475-40e1-b915-944026580560,fog,s5,2,0.638300,0.757287,0.869600
2f9744a6-9174-4baa-be42-79dc13a7c16a,fog,s2,1,0.944055,0.970465,0.996871
2f9dd0b9-a63c-4049-85cb-9ec2e05429ea,clean,s3,3,0.722633,0.822819,0.930235
2fa26906-bc35-472c-b50c-137314400084,clean,s2,2,0.606244,0.687075,0.971472
2fabf59f-7d2d-4ba2-8315-aad662fc22aa,gaussian_blur,s5,5,0.922141,0.959491,0.959547
2fb0919a-6520-42ec-a67d-33e34420f587,shot_noise,s5,4,0.853002,0.919556,0.934525
2fb5871a-ca36-4bf3-a951-ada5e301d6b0,fog,s4,0,0.917279,0.956553,0.963807
2fbce74a-311b-4013-8429-c4c4391ce9e8,gaussian_blur,s5,0,0.527970,0.681608,0.720804
2fbf347c-d483-4633-88b1-0c3d128ab0e3,fog,s5,0,0.735920,0.846789,0.854949
2fbf8f14-581f-4df0-8165-3917ed84401e,fog,s5,3,0.912568,0.954270,0.954624
2fd1e049-f710-41a4-8f09-9f38a3555d97,fog,s5,4,0.836077,0.910619,0.911862
2fe58f6f-d7bb-4076-b18c-b21872fb5007,gaussian_blur,s5,2,0.970697,0.985124,0.985622
2fe7ce29-c526-470d-83e3-35a179362996,clean,s4,5,0.924323,0.959723,0.984257
2fef073f-1e8e-4b6b-9eb9-652f3c19e97a,fog,s3,0,0.857353,0.919283,0.971706
2ffb1743-017e-4786-b255-e6cbf384adbb,fog,s4,2,0.425469,0.589808,0.614373
2ffdca52-1411-4e70-a913-3089f4a338f1,clean,s3,1,0.976688,0.988106,0.996635
3001ff54-4929-4239-a3fc-c862fed3b715,clean,s3,0,0.968420,0.983790,0.994257
30261c22-d864-42a2-bcc0-837545d80fbb,gaussian_blur,s5,4,0.642727,0.781629,0.786554
302948fb-081d-4190-92d0-5f6ca2b48046,gaussian_blur,s4,5,0.925953,0.960923,0.977691
3046f08a-110d-4f92-81ef-bbdd862f4db4,gaussian_blur,s3,3,0.861228,0.922010,0.969429
305ac015-869c-4e87-9356-85496acd4b47,fog,s5,0,0.828777,0.905718,0.913317
306a0706-d49f-4708-9630-5c9428c7f885,fog,s3,1,0.705375,0.801964,0.954859
306fbf56-dfb2-49d8-9d7f-3d21d70babaf,gaussian_blur,s3,4,0.667212,0.779449,0.895355
308117e9-a9ba-4936-9436-e29a9d441b2e,fog,s4,4,0.403319,0.452266,0.798533
308343ac-7f2d-406f-a5fe-e86b5bafe7ea,fog,s5,5,0.431941,0.595176,0.623349
308fb94f-004f-4090-8a97-526f50befaf2,shot_noise,s3,0,0.720789,0.823223,0.919874
309312de-d0d8-421e-802e-ff52a7308484,clean,s4,2,0.912992,0.954041,0.964881
30a871a8-74a6-4eb2-8c4a-930cd13dbf10,fog,s5,4,0.509284,0.578528,0.903447
30b1b798-e545-46e8-bbbc-8f0344da890e,clean,s4,3,0.901624,0.947775,0.957701
30be14da-2296-4012-993d-7a0d3488b00f,fog,s4,1,0.978652,0.989188,0.991317
30bf58ca-1a4f-4180-8e7f-3c19ca6286f3,shot_noise,s4,2,0.912613,0.953830,0.964715
30c08aff-7bfe-4687-a2a3-69176a8dd8ba,fog,s5,4,0.886510,0.939543,0.944773
30c4ae2a-a41c-4b23-bde3-40a8891f7258,fog,s4,3,0.921153,0.958069,0.980168
30d11290-0add-4791-8254-207588c3e0ed,fog,s4,1,0.943590,0.970486,0.987580
30db9255-1918-434f-96aa-9e63ccd811b4,gaussian_blur,s3,5,0.618294,0.731512,0.885621
30e36c60-02f7-492a-833b-cdc05d20796f,clean,s4,5,0.942251,0.969903,0.982360
30fd5fff-b567-44bc-a967-c42de93ee9f9,gaussian_blur,s5,0,0.762324,0.865106,0.865349
30fe18d9-bcdf-4c42-aaa1-b9cf037d3d2e,gaussian_blur,s5,5,0.431681,0.594562,0.623952
3108885f-4d09-465e-8570-6b872477fa7a,gaussian_blur,s4,3,0.977465,0.988577,0.990971
311f7af4-33b4-4348-b74c-9abe3adf4b80,fog,s5,5,0.808078,0.893577,0.896444
3129473c-7b0c-483c-933f-dbcc03b1e609,gaussian_blur,s4,5,0.680893,0.788644,0.911936
312fabcd-1dac-49fd-9e7c-4fbb95916197,gaussian_blur,s4,3,0.903231,0.948717,0.957705
3139d768-cf81-43fb-96fb-447ac85c322e,clean,s5,2,0.748112,0.855600,0.858043
3157c939-259e-4054-9bef-e38709419d28,gaussian_blur,s5,4,0.386293,0.526145,0.623060
315fe3ce-2c6d-4446-9c2b-3e2fd90360a0,gaussian_blur,s5,2,0.956455,0.977691,0.980069
3162ad3e-c817-424c-8ab0-0b0d1ba1bdda,fog,s4,1,0.876839,0.932640,0.960183
316456b0-e868-44f5-9422-cbcd43be7174,gaussian_blur,s5,3,0.835691,0.909966,0.916331
316800bf-014f-458d-b290-3e5ee1c67dd2,shot_noise,s4,2,0.825560,0.903376,0.915515
31710fa0-7bf4-4f1e-a885-287371a0065f,fog,s5,3,0.944467,0.971365,0.974084
31785500-535a-4d00-841c-f44d0feb22c1,fog,s5,5,0.768895,0.868822,0.873379
317a049d-d6ca-4ab9-9b3f-2aa3229681a6,clean,s3,5,0.548330,0.654108,0.864917
317cfb2d-2ef9-4aaf-82cb-5c4ad06fff16,clean,s5,4,0.748112,0.855600,0.858043
317d5efc-f49f-407e-bf46-3c5ff706d55e,shot_noise,s4,4,0.603808,0.721306,0.866576
317e6cac-c463-480e-aac6-041c8c0cd9e8,clean,s5,3,0.902726,0.948859,0.949211
31894c2f-9cae-4ff3-8584-8fe4fbcb6040,shot_noise,s5,5,0.810713,0.893988,0.909376
318bb777-5bc0-4331-b70e-3c952355d0d5,clean,s3,1,0.577047,0.701980,0.831892
318f0a8c-5f84-4a13-a9ff-6c680c6a3fd3,shot_noise,s5,0,0.748112,0.855600,0.858043
31a24148-a3d4-4b85-a627-a5fe4a1f7388,gaussian_blur,s4,2,0.493779,0.631806,0.740713
31b5ba5d-8b25-4bf9-8f23-1d90cff5b7e8,fog,s4,1,0.977294,0.988489,0.990896
31bb3af8-4654-4f8a-a5f8-33e41c78086d,fog,s4,5,0.734398,0.835669,0.914976
31bdd551-0d15-408b-b06d-4f326a785b07,fog,s5,5,0.463709,0.628207,0.648133
31c8dc1a-ebd5-44b6-ae00-31479e7dca87,fog,s5,4,0.400460,0.570785,0.574491
31cf4be6-fa56-41ee-a5e1-a5a3c02405b9,gaussian_blur,s5,4,0.509255,0.674537,0.675783
31dc8bb5-36e2-40e9-9b64-79f562c9f334,fog,s5,5,0.561803,0.712154,0.744704
31dcc9c1-8479-4379-819e-961beab44c08,shot_noise,s4,5,0.903443,0.948437,0.965477
31f9f9a3-4e21-4792-b125-d62b7751d69b,gaussian_blur,s4,4,0.869494,0.928506,0.953776
31fe583e-9f72-4cd9-ac3f-72e32ec0649d,shot_noise,s5,0,0.882655,0.937521,0.940066
32008a2c-48c6-448b-8776-4f558d70a936,clean,s5,2,0.459315,0.624557,0.642645
3215a501-fde4-4037-b309-519df6243637,gaussian_blur,s4,3,0.897725,0.945573,0.955915
322973d8-f75b-455a-b525-872834180416,gaussian_blur,s4,3,0.601018,0.738728,0.796983
322f98db-8c0e-4d09-9262-ae58ebc23745,clean,s5,2,0.951176,0.974952,0.975969
3237c208-cf40-4f04-8633-62800c5525c9,shot_noise,s3,5,0.737554,0.832988,0.944571
3245196e-8b6b-4bf9-9fd4-4bab90f398b7,gaussian_blur,s3,2,0.759153,0.850822,0.945319
324f3a72-7287-4877-9eb4-987eb2b052f4,gaussian_blur,s5,3,0.883311,0.938006,0.938597
327ce4a5-c2c1-4f32-bc9b-876660d9ef89,fog,s5,0,0.271251,0.375823,0.508330
328d8630-4f81-440b-a403-05dd088afcbb,clean,s5,3,0.351146,0.440836,0.660949
328ddd9d-cd05-4aaa-bda9-56fd41804a8a,gaussian_blur,s5,0,0.223472,0.313817,0.440348
32999c94-c797-4f9e-b285-34e3815e426b,clean,s5,1,0.975313,0.987478,0.989408
329d04f4-232d-4394-9d91-a6167f29f846,shot_noise,s4,1,0.557085,0.693192,0.788416
329e4f88-c696-4072-aba8-e27155241d28,gaussian_blur,s5,3,0.811554,0.895797,0.897691
329f453c-fe5f-476b-ae8e-666177516e31,fog,s3,0,0.976688,0.988106,0.996635
32baf78b-25c5-4907-babc-2c4f3ef53463,fog,s3,2,0.560181,0.656739,0.896848
32c377cf-80a5-4b5c-8a4d-325e8c6925e8,gaussian_blur,s4,4,0.848891,0.916196,0.943024
32c3da91-874a-428b-af05-e7bbe2bc6d8f,gaussian_blur,s5,5,0.454959,0.606359,0.673739
32cdcc54-97ba-4552-bf1a-079cb904e7a3,clean,s4,3,0.948754,0.973297,0.988920
32d5be5a-8b24-4ac4-a441-c9eb04e45b2f,shot_noise,s4,0,0.724916,0.827847,0.914157
32d7469f-0766-48cd-826d-884692c509ae,clean,s5,1,0.926152,0.961491,0.966066
32d842d3-c57c-4420-b72b-9f90d581dabf,clean,s5,5,0.912528,0.954260,0.954348
32e0e34c-f4b8-4bb0-bdfc-ca655f059144,fog,s5,3,0.847640,0.917526,0.917688
32e699ea-fcff-4687-b712-ea959df1d226,fog,s5,2,0.719449,0.835271,0.846341
32ebfdc0-fd36-4e73-ab23-4ed39cd563e9,fog,s5,2,0.895607,0.944894,0.945563
32fd0476-6eb8-416d-a9c6-90e206e84e9d,gaussian_blur,s5,2,0.756516,0.861371,0.861459
330abecc-9e9a-4b6c-8d8f-e3d070dbd96d,clean,s5,5,0.890595,0.942117,0.942394
330e5ae4-ae22-404d-b0ba-e1352459d0ec,gaussian_blur,s4,2,0.925177,0.960448,0.978480
331697e2-8c3c-4fb9-ae9a-3534e90ee7de,gaussian_blur,s4,3,0.750028,0.846730,0.925219
331d3eef-d099-4ef8-a611-843cec3315b1,gaussian_blur,s5,3,0.423865,0.586365,0.617147
3320dfc8-5ad7-4e84-8684-5381e1ad0776,fog,s4,3,0.916148,0.955479,0.973307
333699d4-3cf7-4558-81c6-bed618be7f97,clean,s4,5,0.841669,0.911704,0.940363
33459d3d-f254-481e-b57c-59bc97b88771,gaussian_blur,s3,4,0.699322,0.804334,0.918763
334e1554-3b9b-4c4f-9538-201ca70e4255,clean,s3,5,0.939485,0.968130,0.989771
334f84ac-6fec-4a6b-8d2b-571525de5ed5,shot_noise,s5,2,0.211307,0.303614,0.413909
33531a47-bf52-4d70-8bf4-3a15ba048dc3,fog,s4,3,0.540799,0.630966,0.894384
335d441c-3a30-48bf-a615-b58ec032c865,shot_noise,s5,1,0.854846,0.920978,0.931424
337fab34-bc57-4828-b5e1-4f1e925af117,shot_noise,s5,1,0.599412,0.748402,0.754066
3397623d-a71b-4911-842e-1d7412bfa054,clean,s5,0,0.655362,0.789945,0.800656
339ca2ab-1a6a-4f54-aba3-e118494da556,gaussian_blur,s5,1,0.923663,0.960186,0.963605
339d309e-e73b-499d-bb11-ff4b243e9cae,fog,s3,4,0.967986,0.983499,0.997868
33a9fa6b-839d-4ad8-85bd-9480de8548a1,clean,s4,5,0.935862,0.966191,0.986907
33ca19ff-b5bf-49c2-b227-fbd3a969a471,clean,s5,3,0.269934,0.419168,0.435355
33e20b6c-3f25-41fc-bf3f-0164273a3515,clean,s3,4,0.976688,0.988106,0.996635
33e9f2fd-9982-47ef-ba11-0736849791a1,clean,s4,0,0.810709,0.892822,0.920075
33ed564a-18a0-48b5-a5d3-5f473db47bb1,shot_noise,s5,1,0.803389,0.889353,0.905653
33fa8c75-95b5-46a5-9dd8-816f7bd5f0f5,fog,s2,1,0.907827,0.949439,0.996138
34085748-ad17-46c9-8772-ccfb609d53b6,clean,s4,2,0.767316,0.856004,0.954012
3411c661-3076-4975-99f6-d6fe9638da48,shot_noise,s5,0,0.869065,0.929367,0.938150
3411dac4-77e0-430d-aa2b-8f1b1b5f30a4,fog,s5,3,0.946093,0.972107,0.979189
34141496-73a9-4788-bafe-bd7f1156ddcc,shot_noise,s5,0,0.785039,0.878727,0.886581
3425c2df-76ed-409e-acf2-c35c14a2a662,gaussian_blur,s5,4,0.912520,0.954079,0.958192
34377b91-d213-4a38-b367-e78a9278a7a5,shot_noise,s2,4,0.956117,0.977109,0.997544
3445f146-d68e-4d1f-b7d9-b0111576660a,clean,s5,0,0.735280,0.843777,0.870949
3447dd45-6955-45bc-a6cf-cc03e589c7c9,gaussian_blur,s5,5,0.958959,0.979015,0.980704
344bc53c-c85b-4984-937c-2a57cd21da7d,gaussian_blur,s5,5,0.477195,0.641905,0.657749
345204f4-8474-47dd-bec7-311586b496af,fog,s4,3,0.868074,0.927914,0.949691
34800567-398e-447a-903f-19b6963572be,clean,s4,0,0.927860,0.961977,0.978464
3487116d-2774-406a-9bbe-8c13becd394f,shot_noise,s3,5,0.685552,0.784717,0.946890
348d8529-b42e-4a04-b202-56ecedf298b4,fog,s4,3,0.765533,0.857589,0.934670
3492b871-ccc9-4c48-ab5f-4051d3a2de5f,fog,s4,4,0.867544,0.927336,0.953003
3496c103-8f55-4219-b493-d8b4e8925312,shot_noise,s5,5,0.838632,0.911162,0.924313
34b4be62-8de4-4ace-9c5a-7504902b7106,gaussian_blur,s4,3,0.683971,0.793920,0.901673
34b6dd84-b07b-4a17-9d70-34a90e834c29,fog,s5,0,0.980154,0.989971,0.990669
34b9ae15-5b06-4fb4-98ab-cb49c14248a1,gaussian_blur,s5,2,0.514931,0.677983,0.685477
34bafd4b-917a-4e06-b380-dae2b66503a6,fog,s5,2,0.950400,0.974518,0.976581
34d8bd48-9d14-4313-9e51-ef16e3799fdd,fog,s5,1,0.603901,0.750657,0.762597
34da19f6-3ef5-4929-8a9c-a1db47713cbc,shot_noise,s4,0,0.817748,0.894434,0.949979
34e0a670-52db-4dab-b570-88d09adec150,clean,s4,5,0.595732,0.734031,0.794126
34e364dc-dba0-4ed2-a33a-eb7431d41132,fog,s3,4,0.549457,0.665164,0.840817
34f152c0-2f87-417a-a0e9-a552ad38e8ec,fog,s5,1,0.878525,0.934763,0.944097
3503dbc8-f402-4b7d-9520-01d9703688dc,fog,s3,1,0.942391,0.969592,0.994995
3503fcf2-5efe-4e55-8ad2-ae0196ceca8b,shot_noise,s3,0,0.613432,0.713442,0.924299
35161531-99ee-4817-af8c-e8d2585af14f,fog,s4,0,0.964984,0.982047,0.989605
351e6780-5e9b-41c1-95e9-e876e13540ba,fog,s4,5,0.597814,0.708549,0.884645
352d30ec-b1e7-4f6c-86a3-785ab220bfbd,clean,s5,2,0.765235,0.866969,0.867288
3535dd34-0a97-47bb-b0b4-e6e61344d207,fog,s2,2,0.902626,0.946328,0.995275
353647c7-0d54-489a-badb-13620d05b05d,fog,s3,2,0.907002,0.949615,0.983360
353e7534-69de-4cc6-8f76-f70477ac3da3,clean,s3,4,0.934580,0.965398,0.988907
3553ddb0-b317-4739-980f-a1a41c5ec2b0,shot_noise,s4,0,0.672046,0.794951,0.847309
35542b07-418a-4156-ba4c-072d3d4ae198,fog,s2,5,0.675521,0.772241,0.956064
355796ff-dc36-4fa5-b2c4-bff7cbc375d5,clean,s5,1,0.937190,0.967315,0.975595
3559c936-dc09-42d5-bc94-eff397ca60e8,clean,s5,1,0.655265,0.774026,0.870100
35620191-1af9-4b8d-a456-6a5723ba1663,gaussian_blur,s5,1,0.798001,0.887644,0.887739
35633944-fa07-44bf-8804-f561bcea2b6c,clean,s5,3,0.973462,0.986547,0.986992
3564b25b-98fa-4f0b-a301-0b1cf6c7ca2c,fog,s5,5,0.614585,0.754954,0.787157
3571b37c-60e6-4dbb-b7e1-c14f3fdb54f9,clean,s5,5,0.824825,0.903333,0.910949
3572b525-6a7d-428f-bddf-def4b76acbae,shot_noise,s3,1,0.935621,0.965979,0.989093
3576fc19-cecd-4b16-8717-226ab178bef4,gaussian_blur,s4,3,0.912931,0.954007,0.964860
357fc9e6-1014-4232-bd9f-8415f90f9b56,shot_noise,s4,4,0.902755,0.947965,0.966709
35845b0a-2f37-44af-a34e-a54978bd5bee,fog,s4,0,0.344564,0.492340,0.552299
3584805e-8122-4a13-8550-aa7475eeee87,fog,s5,4,0.811805,0.895774,0.899525
358d91b6-468e-4ee7-86da-7e2f6b60ade0,fog,s5,3,0.686898,0.814356,0.814589
358f3f25-0220-4af9-adfe-53337ad92c08,shot_noise,s5,0,0.765235,0.866969,0.867288
358fa687-f9cf-48ee-9189-de91925c8c5c,fog,s4,0,0.503959,0.663415,0.690263
35918135-c1f1-46be-9f8a-6c5ff7aaf1d8,shot_noise,s5,3,0.862401,0.925944,0.928468
359aa0a1-2cac-472c-a1e4-f1516267ea4e,gaussian_blur,s5,5,0.911713,0.953779,0.954656
35af1352-d67b-436c-ad9c-acd1ad9ce895,gaussian_blur,s4,5,0.977438,0.988563,0.990960
35af8a1e-397f-4b45-b191-4baaaabc67db,fog,s5,0,0.792863,0.884453,0.884581
35ba8b63-a5b2-48ad-a20d-8cbd6127caac,gaussian_blur,s5,2,0.659012,0.790653,0.812663
35c7528e-1b08-4a15-b21b-ca384bec66de,shot_noise,s5,2,0.759607,0.863337,0.863712
35f6476a-267d-4149-8fad-26f5166d2d3f,clean,s4,0,0.856359,0.920812,0.945483
360a38ed-26ff-4573-aebb-68e31ac43feb,gaussian_blur,s5,0,0.779429,0.874593,0.887616
360f3337-e665-4bc6-9f8a-095b417d7b85,gaussian_blur,s4,4,0.390542,0.441427,0.777056
36202411-af90-4e13-9b9c-34020810b794,clean,s3,2,0.613432,0.713442,0.924299
36284710-b06c-4484-9a3b-3e56e2da4bc5,fog,s5,0,0.450288,0.619277,0.625393
362be742-5ae7-4c3a-a1f6-8976322827bb,clean,s5,0,0.987224,0.993570,0.993781
3632253d-ec94-4dc7-914b-869ce4fa4491,clean,s4,0,0.595732,0.734031,0.794126
3635cf44-f14b-4927-88ba-20ca7b33e9ee,gaussian_blur,s4,4,0.652302,0.779309,0.836053
36451e51-6616-4232-a315-dfe104374b58,clean,s4,4,0.508218,0.665570,0.698933
364d3021-414b-4384-aa1b-83949cf47593,shot_noise,s5,3,0.669268,0.785035,0.880185
364d58ac-281a-49c8-9f81-0a92159849a5,fog,s5,5,0.597743,0.746755,0.754072
365e04f6-4339-478b-9bd9-debafde78fb6,clean,s4,5,0.635610,0.767949,0.817141
366f1bbd-f22a-46dc-9b77-dde858c7f489,shot_noise,s5,3,0.299223,0.404315,0.555136
3671b700-c081-40f5-a30e-cea2973c9ad3,gaussian_blur,s5,0,0.775599,0.873195,0.876965
3674872f-acaf-44ce-a8bd-762024441c67,fog,s3,2,0.937251,0.966852,0.990462
3675e5f2-b095-4f10-95b2-d5fe7c0196dd,gaussian_blur,s4,1,0.871159,0.929642,0.952491
3678cd0e-edca-401c-b3d5-4bf6f2b3b8e3,fog,s3,3,0.738052,0.833877,0.942048
3679df1e-ed07-4181-9367-a063cd7399bc,shot_noise,s4,4,0.514208,0.655915,0.746785
367b2ce4-3f32-462d-a9ad-627b5f9ac754,fog,s5,2,0.588336,0.739125,0.747317
36826b42-7e80-4083-8ac4-c631473a17af,clean,s5,5,0.938237,0.968060,0.970453
3682d18b-d7b0-40fd-926a-202286542b99,fog,s4,5,0.938310,0.967756,0.981105
368c3d8a-b2cd-4977-930d-a62d51e0ae93,clean,s4,0,0.639178,0.755664,0.878971
3697292f-44e2-4f84-b237-9e4226e83b66,gaussian_blur,s4,5,0.929980,0.963153,0.979116
369a72ca-e9c3-4fea-b002-13a3dd29661a,shot_noise,s3,5,0.595601,0.695248,0.914907
369dde4f-15a6-47d2-b198-16e99b5a7a8b,shot_noise,s3,5,0.459249,0.478759,0.918499
36c51dc9-fac3-4711-a2ef-5e15af0b3149,fog,s5,1,0.808284,0.892127,0.911152
36c64326-a06b-4315-a42e-4bfd214560fc,gaussian_blur,s5,2,0.581822,0.731404,0.751386
36cf708a-9ea6-468f-9a43-ee0f53cab8b5,fog,s5,0,0.980354,0.990068,0.991171
36d78cf5-5729-4d6c-aed4-0bb46fb902e0,fog,s4,3,0.539947,0.693671,0.726006
36dcad48-2f04-4bea-be24-bfc51e6e7498,gaussian_blur,s4,1,0.894917,0.943272,0.966992
36e7c280-5a35-4b50-a3b8-9da392267238,fog,s4,4,0.956804,0.977764,0.985165
36f144ac-0bc6-4dcf-9ddd-e74ce68545f9,fog,s5,4,0.606042,0.751889,0.766043
370c067a-0c6e-4aa0-862b-e7177b7de2cb,gaussian_blur,s4,1,0.870271,0.928207,0.964468
371c87ab-becd-493c-8bf9-2c6ad3f9ccb8,clean,s4,5,0.940990,0.969341,0.977989
371cba02-2ac8-4ea2-ae02-f680bade62df,clean,s4,0,0.700933,0.813174,0.883060
37285a0a-b296-40dc-a6bb-120f858b2e3f,clean,s4,1,0.639178,0.755664,0.878971
372ffd98-84c1-4c43-a4d3-78cfb8c53053,clean,s5,4,0.449576,0.620286,0.620288
373320db-cf58-4a6b-9cd5-30d128ce8d75,shot_noise,s3,1,0.923619,0.959184,0.987456
3752298f-c2d3-4959-badf-c47455fffa6c,shot_noise,s5,3,0.979206,0.989486,0.990217
375f5d24-daa9-495e-ac04-ed9fc735b547,shot_noise,s4,0,0.917307,0.956016,0.976294
376d3820-2d73-4b4d-acd7-6799e01f6958,gaussian_blur,s3,3,0.676426,0.787179,0.900053
3780b2e4-2f4d-472a-bdfd-57379841812f,shot_noise,s5,5,0.572883,0.723885,0.744982
37a56a39-56ed-4c93-9c72-a912ce8ae982,gaussian_blur,s3,1,0.932808,0.964406,0.988556
37b5a60d-c5a7-4283-88a2-17d232bb1290,gaussian_blur,s5,1,0.977328,0.988529,0.988988
37b7ca68-f95d-44cf-9c29-2f10c3cac30d,clean,s4,2,0.672813,0.793377,0.857802
37bfd8b5-8cfb-480f-9d7c-d7e684a9a751,gaussian_blur,s4,2,0.926499,0.961450,0.972165
37c11dde-b21a-481e-b301-285773f70111,shot_noise,s4,3,0.835488,0.907430,0.942144
37c98a36-15a0-4235-bb90-3fbc3cfc502a,fog,s2,2,0.698719,0.787657,0.987401
37d33538-a809-454d-b969-4fdd0e712411,shot_noise,s5,2,0.487142,0.651262,0.666256
37f10198-70e6-4e70-bf64-2a26c2055b58,shot_noise,s2,4,0.927481,0.961018,0.997226
37f5a90e-e43b-4993-8eed-6439d4ef0b24,fog,s4,1,0.956762,0.977748,0.984892
37fcb6d4-57b9-42e0-8326-956e49b5d612,shot_noise,s4,3,0.909554,0.951981,0.966252
3807d98b-8b08-41d7-b9c4-b76083ab11b2,shot_noise,s4,2,0.611058,0.748022,0.800480
380dc532-0b89-41a4-b2a1-898cbfb36619,shot_noise,s5,1,0.723419,0.836872,0.855723
3810321f-ce20-4e4d-9bf6-49ce50e0224a,shot_noise,s4,2,0.738539,0.841500,0.900768
3810cbc7-b941-4a9e-b3f7-2512de21b0a2,shot_noise,s4,4,0.932371,0.964372,0.982681
38114922-50b6-4e59-94c8-f3eb55a31327,shot_noise,s4,2,0.915778,0.955724,0.963127
3811ad12-02b0-4ab6-b07b-1fda792c9bcd,clean,s3,5,0.665778,0.760256,0.962468
381c9a91-3d01-4051-80e7-51026b0c4b18,shot_noise,s3,3,0.596976,0.720549,0.844553
381fdd97-5d84-4e9d-baf5-112faaba6435,fog,s4,5,0.608975,0.716256,0.900472
38255adf-0984-482b-a77b-d5c47c2e783b,gaussian_blur,s4,3,0.704305,0.808477,0.920613
382fca55-4e7b-4480-9478-49ad92c385cf,shot_noise,s3,3,0.664471,0.759316,0.960877
3847b5ff-f513-436b-8f8b-72fe38ffb76a,shot_noise,s5,0,0.824825,0.903333,0.910949
385ba51b-4a91-4602-bb86-e14b099d3b4c,gaussian_blur,s5,0,0.896095,0.944965,0.949488
38711d48-d0ba-4904-8cdd-fbae6b5beb6d,fog,s5,0,0.934769,0.966272,0.966683
387b3168-1d14-4e9c-9fdb-7e0954a095c1,fog,s5,2,0.891381,0.942282,0.947595
388dbf5d-7d9b-499a-946a-1c70d27fa38f,shot_noise,s3,4,0.830880,0.899832,0.985467
38a4bf79-707f-4abd-83d2-ae481a20537c,fog,s5,4,0.898973,0.946767,0.947408
38a6477f-6fd7-45f2-aea4-bc7a76e08f1e,shot_noise,s5,5,0.676191,0.806794,0.806946
38aa818c-35c1-49d5-82c5-8c31e7b272fb,fog,s5,4,0.314130,0.393812,0.617093
38ac662d-f595-45f0-8399-fc1145a7f720,clean,s5,4,0.408506,0.578970,0.582635
38b767a9-504e-49f8-b798-757d597f889a,clean,s5,4,0.517671,0.591824,0.903586
38d12d7d-9661-486e-a20a-87820cace8cc,gaussian_blur,s5,2,0.443019,0.609519,0.625536
38dd5f00-662e-4f27-9394-9db9678535c6,shot_noise,s5,5,0.785867,0.879627,0.883989
38e61612-99ee-4fa8-8ac2-3433ac2bb5d9,shot_noise,s4,5,0.893566,0.942759,0.961835
38efb439-7c9d-43b7-82ab-8d6053aa66a7,shot_noise,s4,4,0.924375,0.959986,0.978571
38f59754-ae9b-4608-8a1b-94ea9d970ac8,shot_noise,s5,2,0.484823,0.648366,0.666324
38fa15d5-725c-40de-b402-b4ff8a978fa9,shot_noise,s4,0,0.600010,0.721969,0.850856
3909fea7-c79c-4d1b-b4ce-949a2ca1c8df,shot_noise,s2,1,0.683461,0.779702,0.958448
390e6c8c-c431-4257-a6ff-8e8b60a5bcf1,gaussian_blur,s4,2,0.815212,0.894825,0.930299
3913af59-78ad-41c9-af24-b25999838c84,gaussian_blur,s4,5,0.901151,0.947415,0.959237
39165a97-b360-4a3e-b6de-868a06922a5a,clean,s4,2,0.841669,0.911704,0.940363
391ae2fe-616e-44b2-9c95-82f2724c9bb3,fog,s4,4,0.939942,0.968881,0.974197
391b2ef5-92a4-4b85-b346-cb59b0ac5b61,fog,s3,4,0.623216,0.744460,0.859520
3923a4c2-68dc-4083-84b2-798851d9f227,fog,s3,1,0.977131,0.988316,0.998498
39262b50-7bb1-483d-a7f9-df337205ee4f,fog,s5,4,0.688653,0.815223,0.817794
39374c60-e99a-4697-875a-2c306e01e047,gaussian_blur,s5,5,0.940573,0.969273,0.972741
395d2d56-7127-405a-8205-2bc0d0554f5b,clean,s5,0,0.748112,0.855600,0.858043
39603673-e68f-4a10-913c-d3641421f9cf,clean,s5,2,0.543683,0.688520,0.755371
396a3807-c99b-45d9-ba18-86b490efeada,clean,s4,4,0.930964,0.963859,0.975013
3974d425-1a6c-47d4-b387-8176ec21df24,clean,s4,3,0.905685,0.950063,0.959440
398993b4-9180-4445-8dc9-ba61a405fd5c,gaussian_blur,s3,5,0.974597,0.987016,0.996331
398f7151-f234-4a68-81f6-0276375df953,gaussian_blur,s5,2,0.881928,0.937217,0.937947
39a464bc-ac25-4180-9f91-e612f5846ff3,fog,s5,2,0.530583,0.683561,0.724112
39a93ae1-49e8-4ba5-a0e9-99eb6adb6e95,gaussian_blur,s2,0,0.716078,0.805183,0.985301
39b5c13a-af72-4607-9a4d-14a40c3564f3,clean,s5,1,0.762324,0.865106,0.865349
39b5c456-7f63-4432-87a7-82445f26c0d9,gaussian_blur,s5,0,0.711057,0.831073,0.831481
39bcdb89-c524-43e4-9dee-e7a74d83e630,gaussian_blur,s4,3,0.972782,0.986121,0.992101
39c83ad2-b1ff-4377-82c0-b153c1063ed8,shot_noise,s4,2,0.891908,0.941898,0.959536
39c9c169-f205-44ee-9b1d-595b91000306,clean,s3,3,0.929783,0.962497,0.993402
39ccaa8f-11b7-4419-9cb7-e1b1c035a69f,clean,s4,5,0.955677,0.977090,0.988085
39d0806b-f8b1-4277-acb8-465f962fd498,fog,s4,5,0.599958,0.723582,0.845424
39e08af4-9b8d-42cc-b9a9-d4355ae84ebb,shot_noise,s3,0,0.939485,0.968130,0.989771
39fe648e-e615-4ddd-88b9-004e1839a2d1,gaussian_blur,s4,0,0.362597,0.420599,0.724853
3a02b977-6817-4608-9dad-022f07fbcc00,shot_noise,s3,4,0.958566,0.978472,0.996162
3a151644-d36b-4c75-97c8-c3fdafbd4ad3,clean,s3,1,0.567082,0.683521,0.850835
3a170ca4-7e8d-459a-b2b5-411348f07ad5,gaussian_blur,s5,4,0.881135,0.936665,0.939141
3a1b85ba-7bd8-4bc8-9723-1b6e43970f33,shot_noise,s3,4,0.864113,0.923275,0.977007
3a1d8ca9-a020-49bd-ad23-c5ba733b47b6,shot_noise,s2,4,0.681542,0.777906,0.957893
3a20686f-761b-4be7-8362-ed10cd011dba,fog,s5,4,0.852099,0.919023,0.933980
3a4210a2-dabd-4fe4-bb4c-16bd44729a76,gaussian_blur,s5,3,0.393739,0.533903,0.631752
3a44a688-27b3-4936-b199-961367bb1ecf,fog,s5,4,0.822658,0.901984,0.910021
3a48cca8-6c91-42c5-8204-1db992233079,shot_noise,s4,1,0.924695,0.959933,0.984379
3a5fc36c-b456-4ffa-a37d-ccc3f7639dbd,fog,s4,2,0.908502,0.950865,0.976330
3a65d07a-e006-4570-adc5-46d2906c2fef,fog,s5,5,0.534959,0.680478,0.748848
3a6ea90a-3f37-4a85-aa11-a0b7ae7498c2,gaussian_blur,s4,2,0.951488,0.974775,0.989643
3a789570-8f79-4c12-ae61-58531a938ed3,fog,s4,4,0.373239,0.539743,0.551947
3a80d06a-3c16-4a61-ad87-c369e934fd3a,fog,s5,4,0.558168,0.716118,0.717578
3a84aaf8-feec-4ce6-84ec-93b26f4878d3,clean,s3,3,0.720789,0.823223,0.919874
3a9db620-3a69-4642-bdb0-6f7250ca041c,clean,s5,0,0.914209,0.955177,0.955303
3aaf3694-e010-49bb-bb1a-7bf31ef2f2d5,gaussian_blur,s4,0,0.879878,0.934160,0.965584
3ae14830-f7b9-45fc-ab9c-47722e1e4c4f,shot_noise,s5,3,0.788780,0.881631,0.884357
3aef2c0d-8977-4c0f-b12d-b4ff96781a8c,clean,s4,0,0.833588,0.903652,0.967269
3b00ffc1-f3ba-4d3f-8021-f9e0495764c3,clean,s5,4,0.963798,0.981556,0.982080
3b0b403b-3b14-422b-9824-4a29a784e4a3,gaussian_blur,s3,0,0.642238,0.753444,0.898576
3b14b8ea-a409-4d17-ab6a-8b5c37c31461,shot_noise,s4,1,0.880151,0.934318,0.965755
3b1a78c3-7cf6-4569-beea-da4a2cc77d19,gaussian_blur,s4,4,0.945308,0.971424,0.988028
3b1f5d5c-3e38-43f7-a166-5b9ea0f821ac,clean,s5,1,0.863929,0.926600,0.932408
3b3935ca-a340-463f-a962-7f9f9b2d0c1c,gaussian_blur,s4,0,0.936170,0.966471,0.983773
3b3cc3f5-2c6b-4f4b-80a5-67c149623a40,fog,s4,2,0.876877,0.932161,0.967399
3b4a478e-4d70-4926-8672-de7bff994db8,fog,s1,3,0.332823,0.399632,0.665646
3b51a2a0-3a12-4657-a701-e2bb35939311,clean,s5,3,0.454656,0.589668,0.711467
3b95ce7f-a1ff-4d56-b4b9-5b702ff91b9f,gaussian_blur,s5,2,0.978017,0.988882,0.989325
3b9e236d-e3dd-41f9-ba87-133099cb3c2e,gaussian_blur,s4,5,0.863522,0.924469,0.957147
3b9f711e-169b-418e-ba55-d1b55ad84362,gaussian_blur,s5,0,0.868100,0.929078,0.933845
3ba8fe1c-ead9-477b-8e5f-bee09f05d873,fog,s4,1,0.817021,0.897076,0.920885
3bb92bad-c270-4705-b54e-1da6ead0d723,fog,s4,2,0.716630,0.826532,0.883323
3bbc5f68-c770-4498-9c35-d2451a01d6c8,gaussian_blur,s5,3,0.889970,0.941764,0.942091
3bc7b796-e444-455f-a67d-e053c9bbfb34,clean,s5,2,0.860861,0.925001,0.928265
3bd2d095-c35b-4f86-8476-69dfc9f848c7,gaussian_blur,s4,0,0.948754,0.973297,0.988920
3bdc9cfc-e805-4ff0-ac14-b11772db204f,gaussian_blur,s4,5,0.943499,0.970580,0.982763
3bdd15fe-4980-4ddd-9d58-048970f3d0b7,shot_noise,s4,0,0.948770,0.973533,0.980469
3be26d0d-b7e7-40a9-a911-397d7ee3c1f0,clean,s5,1,0.904261,0.949364,0.956819
3be98026-686e-475e-8af0-9a3d29bdb3d6,fog,s5,1,0.888434,0.940889,0.941461
3befbd95-d763-4050-9959-8f912905c4ce,fog,s4,2,0.917018,0.956320,0.965701
3bf58df8-fdb1-4504-9d58-0bb7929dac90,shot_noise,s5,1,0.851151,0.918453,0.933550
3bfda9cf-26d2-4c29-914d-b637a4048cd1,gaussian_blur,s4,4,0.840148,0.909446,0.953820
3c009a26-cd9b-4f86-b6ff-17e687eb4379,shot_noise,s3,3,0.899741,0.945464,0.979515
3c113f25-1740-4ca7-92fb-7bd7a6573596,shot_noise,s5,2,0.842078,0.914004,0.917361
3c1392ea-1007-48f8-bd2c-6cc3502c4997,shot_noise,s5,2,0.951209,0.974970,0.975985
3c25ea40-60a5-411f-a505-f1ad33b33b1d,gaussian_blur,s5,4,0.592703,0.742553,0.750955
3c40ac3c-071d-444b-9e66-675ecd4a338b,clean,s4,1,0.899895,0.946706,0.958655
3c4deb2c-1f1e-4851-9cd2-05b8ba58e394,fog,s5,3,0.310938,0.465226,0.491483
3c5a0f3a-10f6-4fd4-9975-2a290fd62f02,fog,s4,1,0.460088,0.516726,0.865063
3c67e1f6-b2a8-4281-9708-87993eaccf31,fog,s5,2,0.958525,0.978803,0.979765
3c6d5bf5-9474-4301-bf72-67c2105c3379,fog,s3,4,0.979557,0.989594,0.997195
3c7321a2-c86d-4e1a-abe7-46641e2b0c50,gaussian_blur,s4,5,0.586194,0.733048,0.761867
3c73d2ca-07fb-4fe1-a8a4-d3420f2d05d0,clean,s4,2,0.755815,0.856615,0.891008
3c7ee91b-513f-466a-9795-678b09800f70,fog,s3,5,0.767616,0.855474,0.958888
3c815b22-08eb-4030-ab7a-5f15f8b5fdcd,fog,s4,1,0.712444,0.821651,0.890548
3c898e82-9755-4742-ab88-5ac247588c98,clean,s3,0,0.857353,0.919283,0.971706
3c909ea2-a21a-4085-ae13-9b8cb49667e9,gaussian_blur,s3,1,0.531523,0.606838,0.916087
3c97fcc0-b9ac-4240-a6ff-3f6d1d357883,fog,s5,5,0.587233,0.734824,0.759257
3cabb73e-c147-4716-be9c-3fcd1b7c7a18,gaussian_blur,s4,3,0.765554,0.860690,0.914024
3cb70231-800b-48fb-8415-e1cecaa07ea2,fog,s4,1,0.923051,0.959531,0.971216
3cdb7d95-4220-4059-8be3-48405a9d2696,gaussian_blur,s4,5,0.941757,0.969661,0.981349
3cde00d4-c347-4c8b-8228-fc06b0180526,fog,s4,1,0.863424,0.924408,0.957120
3ce07b4e-b3d8-49dd-8ec3-326898fac4fa,clean,s4,2,0.713490,0.825838,0.872720
3ce4bbd4-aa20-4ab3-bc28-38f21b5fc013,clean,s4,2,0.600010,0.721969,0.850856
3d06e993-acea-4e1e-9c15-9ff7c135b27a,shot_noise,s4,5,0.595729,0.701827,0.896997
3d0af0d9-08e4-4544-adc5-9cfa22f7b192,fog,s5,3,0.360400,0.469917,0.642896
3d267bd1-fa1f-46de-b712-b63a909688f3,gaussian_blur,s5,3,0.459836,0.596218,0.713605
3d2bca24-fa7a-40c8-b4ed-5de4b3006f2e,shot_noise,s4,1,0.751185,0.853411,0.888651
3d33cdae-5727-4d87-b391-2d5470b7844d,clean,s4,1,0.927860,0.961977,0.978464
3d440dd4-45c0-4474-864f-9a7c2ef7f451,fog,s4,4,0.735309,0.832888,0.934709
3d5e96d8-a209-41c4-82fd-8b9d10c88e70,shot_noise,s4,4,0.699344,0.802011,0.929467
3d7ad3b6-9b34-4f3f-ba6c-01e5e42e1bdf,shot_noise,s5,4,0.896895,0.945226,0.953301
3d86647c-24f2-4908-b40c-608aaeb7bc7d,gaussian_blur,s2,5,0.639740,0.731014,0.963502
3d86d0a6-6d20-40a9-97a9-ffffa7cb48d5,clean,s5,0,0.971108,0.985325,0.986544
3d914eb8-1c05-428f-8c26-1322cc458da3,fog,s4,1,0.602956,0.739700,0.800731
3d9eead9-5909-41f2-9488-4b4a24488b82,fog,s3,5,0.975861,0.987675,0.996512
3d9fd9aa-ee7f-46ab-bd42-7502869a824f,shot_noise,s5,5,0.972551,0.986055,0.988208
3da00aaa-a20b-4e8e-b98a-87c874224878,clean,s4,3,0.362597,0.420599,0.724853
3db95305-0eb2-48d8-be2b-32e08a6553d2,shot_noise,s3,2,0.687748,0.795965,0.908228
3db95e8c-7c8e-4d7d-bf88-34204cf0289b,gaussian_blur,s5,2,0.822149,0.901853,0.907909
3dc39cbe-fc5a-4c78-b15d-bde7e7169800,shot_noise,s5,2,0.920897,0.958676,0.962300
3dd5b190-5857-4552-befa-2647402ceaee,fog,s4,0,0.948770,0.973533,0.980469
3dd7bb6d-bda8-442c-a886-4feaa5964be3,clean,s5,2,0.863929,0.926600,0.932408
3de48075-cfed-4a28-a347-7986afe32063,gaussian_blur,s5,4,0.881952,0.936736,0.945771
3de7f062-c3b5-4ea3-b507-7a6fbe7237c8,shot_noise,s5,4,0.807566,0.892610,0.902197
3df23730-6ea1-4b2b-91b7-871414faf35f,fog,s5,1,0.437203,0.603343,0.621179
3df31885-c11c-42ed-b617-516089361547,gaussian_blur,s5,0,0.896991,0.945281,0.953333
3df4e570-5086-4dba-aebc-3b4afec97add,shot_noise,s5,2,0.845847,0.916472,0.916655
3df852ea-7eeb-453a-a5ff-fdcfdc21b824,fog,s4,5,0.768978,0.858379,0.947253
3df8cc61-0de9-4e66-91d2-e748e36d010a,clean,s3,2,0.934580,0.965398,0.988907
3dfb4e07-f2d1-445e-b86f-d9f9dbd8f6ad,fog,s5,3,0.960157,0.979662,0.980239
3dfc2f37-4e66-40ed-b18c-8d05b873455f,gaussian_blur,s5,2,0.445810,0.609369,0.635440
3e03242c-a595-4d17-a46d-faa1c6cc5e29,shot_noise,s4,4,0.977740,0.988719,0.991083
3e04b477-c4fb-49c7-9a60-510bf31a0906,gaussian_blur,s2,1,0.956932,0.977552,0.997574
3e062517-16ce-4238-a480-bcf7ce45bc91,shot_noise,s4,2,0.199622,0.330224,0.336667
3e06df9a-ffbb-442a-bb20-98da2013ff65,clean,s5,2,0.925474,0.960805,0.973781
3e0725dc-1d8c-42a6-91c7-f701519ab12f,clean,s4,1,0.981722,0.990760,0.992581
3e0db052-588b-48e3-b578-33a12ca180a0,shot_noise,s5,4,0.706166,0.827715,0.828168
3e1f2c6e-39ef-4a68-b7b3-4e93eb7fdb59,fog,s3,2,0.941890,0.969313,0.994925
3e227db4-bf8e-4020-b2bc-c7cd95f7eb57,fog,s4,2,0.556191,0.677622,0.830169
3e234f0b-3554-49a8-9d80-7bf75d3d3fa5,shot_noise,s4,2,0.823200,0.896678,0.964485
3e2b1f4f-ea19-4314-91c0-a0843f97c19e,clean,s4,4,0.955677,0.977090,0.988085
3e33c186-4309-41d6-9719-4531504302ba,fog,s5,0,0.227774,0.321097,0.444592
3e39e595-cc35-4da8-ab84-b41fb03f6ab6,fog,s2,3,0.908619,0.949916,0.996168
3e45779e-d86d-40b5-bb4d-efd3950dc6f0,gaussian_blur,s4,1,0.934993,0.965708,0.986709
3e5861e1-92c6-4ae6-b332-eaa5d8ce05e4,shot_noise,s4,5,0.885657,0.938668,0.950667
3e62f1f5-4ebf-4c02-862c-1e04ff0c6246,fog,s5,1,0.792649,0.883687,0.889883
3e6a04d6-133d-4116-a949-bc50ed698503,gaussian_blur,s5,1,0.951238,0.974944,0.977637
3e83090a-db0b-4a38-829a-e504e5858380,shot_noise,s5,1,0.537253,0.690573,0.726144
3e8cb32b-fb48-497f-a323-b57175165512,fog,s5,4,0.781372,0.876849,0.880683
3e901aa2-124d-45a3-8732-e99d6e483c4d,gaussian_blur,s5,3,0.862741,0.926116,0.928985
3e9be224-285c-45cc-afcf-6459e61c053b,gaussian_blur,s5,2,0.438538,0.564571,0.713341
3e9fb663-3828-4a92-9a32-9c6b303819bf,fog,s3,1,0.915643,0.954731,0.983211
3ea23da6-232a-4baf-abb0-ab13e87638a8,shot_noise,s2,5,0.977344,0.988425,0.998637
3ea5a3e4-a893-464f-b8e8-6fe34edca4a2,shot_noise,s4,4,0.968495,0.983887,0.990704
3eafc240-3a96-4c29-8428-ddc837bce76c,shot_noise,s5,5,0.201308,0.295657,0.391216
3ecf3095-5d96-4822-aa5f-fccc2ccb96f5,fog,s5,2,0.658354,0.793698,0.795375
3ee99352-7e84-4f58-9faa-6fc9d3a36772,shot_noise,s4,1,0.583405,0.705197,0.844439
3ef11232-6449-45dd-b5f1-5d577e4903eb,shot_noise,s5,5,0.840872,0.913353,0.915922
3ef11826-f91f-4366-83c1-fac49d95b22a,gaussian_blur,s4,3,0.821362,0.899303,0.927915
3ef7e56a-db2c-45fc-b5a6-2ee89197dadd,shot_noise,s4,0,0.508218,0.665570,0.698933
3efa53dc-cc3d-4030-9040-1442d595927a,fog,s2,0,0.606244,0.687075,0.971472
3f022a15-a121-4bfd-bb7d-a616903628c4,gaussian_blur,s4,0,0.971871,0.985647,0.991813
3f0a0218-d32d-4f33-8b22-ec7c9691031e,fog,s5,0,0.977773,0.988756,0.989269
3f128124-2650-45ab-bbe2-c3963e6a5bab,fog,s4,4,0.932029,0.964374,0.977312
3f2168ac-510a-4832-9f44-55fce93eb90f,fog,s4,3,0.883979,0.936500,0.968613
3f2910ae-021f-4826-b48d-cc4246f43462,gaussian_blur,s4,2,0.638375,0.764449,0.842234
3f33d22b-1a4d-409e-a9fa-72f20b6638e8,shot_noise,s2,0,0.894593,0.941320,0.996251
3f3d765b-1a5a-4095-ae9c-7d4b15e8260e,gaussian_blur,s4,5,0.399655,0.444268,0.799259
3f3dc09d-ff7b-434e-9485-29572d893f4f,fog,s4,0,0.201372,0.332785,0.338912
3f4106fd-7f30-4774-a8be-20697787ca79,shot_noise,s5,3,0.821538,0.902004,0.902261
3f59ebe8-6d9a-4e9c-86a1-d7f2f4d8eb3f,fog,s3,3,0.784720,0.868663,0.960945
3f5fc48b-b4db-45b8-91b6-21f750154a7e,fog,s5,3,0.840125,0.912975,0.914751
3f6157c7-7e96-4ef0-8615-43e377413ee6,shot_noise,s4,2,0.926918,0.961419,0.979035
3f62264a-60af-47d1-adcd-a40d3d54dd23,shot_noise,s3,3,0.567579,0.684055,0.851045
3f6a0363-b6b7-4214-b474-fb91c87d2c02,gaussian_blur,s5,1,0.589679,0.739705,0.750256
3f71c545-a5a1-446c-9156-5bb3bb88ebee,shot_noise,s5,3,0.933132,0.965403,0.965584
3f72a909-48c6-4818-b6d9-0ac83a4b9513,clean,s5,4,0.816687,0.899084,0.899203
3f7f144a-5549-4f3e-b50a-187d9679bfb4,shot_noise,s4,0,0.453030,0.521700,0.836540
3f7f3c9a-ec32-418d-b16c-9ce937e78f28,fog,s3,5,0.971264,0.985236,0.998090
3fbf4874-b79a-4490-9d2c-fe4e443b646e,gaussian_blur,s2,4,0.907209,0.949103,0.995445
3fc32e4f-1c0b-46ad-90b2-7a128dbad4e4,fog,s4,3,0.888100,0.939911,0.954421
400d5c99-5348-4d6f-b8e6-e3efaea00510,gaussian_blur,s4,5,0.928479,0.962618,0.970805
400dbd1f-c151-4de1-bd06-1e44d952a239,gaussian_blur,s4,1,0.741277,0.839150,0.927685
400e4534-be50-4dcc-9e8d-d8075675f1ef,gaussian_blur,s4,2,0.770302,0.861107,0.936070
40136bc9-0b70-400d-86fb-ee6d1a75e3d9,shot_noise,s3,1,0.715426,0.811404,0.954498
403d0c36-1542-4c44-bc3b-1d32f4bc6cad,fog,s4,2,0.700521,0.813876,0.877695
4046b6ce-3d1f-443c-9a4e-68550a4465de,gaussian_blur,s3,2,0.974883,0.987165,0.996373
40517237-6505-4d18-a085-b416375efd0b,clean,s4,0,0.879337,0.934670,0.953005
4058ecc2-f414-41e1-aefa-16776862fb1b,clean,s4,0,0.867557,0.926879,0.959219
405bcce4-3f43-4deb-aa6d-ccce8e19de30,shot_noise,s3,1,0.659680,0.763039,0.929611
405fbb93-d2bc-4f0b-a5cd-129da7a52825,fog,s4,4,0.905596,0.949933,0.960979
4065245d-60d0-4f6d-abe6-2351cb49310a,gaussian_blur,s4,0,0.948770,0.973533,0.980469
40678fa0-ccc7-4b81-b777-036158898d0b,gaussian_blur,s3,4,0.672078,0.773697,0.937275
4067b1d8-e0de-41a8-8eaa-e6833a747b00,fog,s5,3,0.978208,0.988979,0.989422
406af487-cc44-46e2-a2da-4f58ce794956,gaussian_blur,s3,4,0.628540,0.740807,0.891888
406e1d60-1b4b-493d-a41e-c7050cf46c60,fog,s4,2,0.650819,0.776237,0.843195
4081e9be-6411-4047-9596-dc49d7f38e63,gaussian_blur,s3,3,0.623943,0.736586,0.889317
40933d2a-f1d1-49e5-b7b1-f7a93c8a2a29,shot_noise,s2,2,0.976162,0.987808,0.998559
40998b6f-12b9-45ee-bde7-dd9cb1c07478,fog,s5,0,0.933315,0.965417,0.968117
40ac9205-1f8a-405d-9c7d-cbad0c533e37,clean,s5,5,0.919919,0.958141,0.961832
40bd93da-e2b0-424e-9a87-71e341e38712,fog,s4,4,0.743213,0.845008,0.902282
40c3f868-8576-4ed8-9dcd-39848df758f6,shot_noise,s4,4,0.597245,0.728326,0.819685
40c599be-aa79-4977-b6a7-651356b4f3b7,shot_noise,s4,2,0.743435,0.840805,0.928432
40cc29ac-4fd8-4965-a13a-4257f571718c,gaussian_blur,s4,0,0.942251,0.969903,0.982360
40de704a-d9f1-448e-b6d7-3a8037fe5c58,gaussian_blur,s5,2,0.709814,0.826070,0.854496
40ee7fa4-a24e-4c88-ac14-ef3145cacd22,gaussian_blur,s5,2,0.875222,0.933235,0.936827
40f76eb4-3619-4ad4-9a27-7023a75f4466,gaussian_blur,s5,3,0.732731,0.841946,0.869838
40ff6f96-a9bf-408e-ae5c-30eae97dbe47,clean,s5,1,0.722171,0.838426,0.840216
41019022-6f1c-4ba4-bac2-803668c06684,clean,s5,4,0.459315,0.624557,0.642645
41089e51-ddbf-4825-935c-6f15b460a0ba,shot_noise,s3,5,0.831894,0.902246,0.969480
410c8df5-aedd-4c4f-a855-7c7c83b05d85,fog,s5,4,0.292610,0.411545,0.522752
41101439-d9a7-458c-ae11-541f068c1e85,clean,s5,1,0.792863,0.884453,0.884581
411084e8-46f7-4527-bd57-2c212db7ace0,gaussian_blur,s4,5,0.410035,0.498948,0.746544
4113f520-a67b-490f-b4fd-5f1c9580dea3,fog,s5,3,0.881020,0.936194,0.945413
4114c4ab-3fd6-4b1e-9df6-411a7bfe42f0,fog,s3,2,0.708163,0.804537,0.955083
41163c0b-a4e0-4203-95dc-a071cc8b27bd,gaussian_blur,s4,3,0.904281,0.948909,0.965910
41362aae-09bf-4120-a4af-4811dd986d16,gaussian_blur,s4,2,0.399835,0.444342,0.799669
413bc3ba-df16-4bd4-877a-e0096bae8a82,fog,s5,0,0.829522,0.906762,0.907423
414c5cf8-38f6-4a59-a6c8-2522b0b53adb,fog,s4,4,0.788906,0.878532,0.910539
414dfd9b-3064-4799-8218-4de48b7d0f93,shot_noise,s5,5,0.540273,0.688415,0.743616
41551459-145e-4675-b2ea-add01b6a5fad,shot_noise,s5,1,0.878769,0.935316,0.937898
41557035-5d3f-4f28-bbed-d00e39deca61,fog,s5,4,0.809468,0.893781,0.903381
4159c0d8-5b76-4b82-8b80-7ff6257c0fc0,fog,s5,1,0.455113,0.594309,0.702510
415e5dda-dd29-48b5-b482-c906b121f24d,gaussian_blur,s4,2,0.923705,0.959893,0.971467
416351b7-d0c6-4819-9cce-137160c11bd8,clean,s4,0,0.679022,0.786869,0.911874
41692040-497c-4d83-8a09-2c01b1896407,gaussian_blur,s4,3,0.842869,0.911221,0.954320
416d1db6-405c-401c-a468-5e10a8275779,shot_noise,s5,4,0.644439,0.779416,0.803563
417ca124-dbd3-470d-beb7-913b78616844,clean,s5,0,0.933315,0.965417,0.968117
417ee550-690a-4782-b0c2-e6edfdd238df,shot_noise,s5,0,0.454656,0.589668,0.711467
41820428-8ea1-4344-a49c-1cdc6f3d5077,gaussian_blur,s4,3,0.916669,0.955527,0.978925
4187de9f-9a50-4106-9bf0-34b9886d41bb,shot_noise,s4,0,0.804266,0.888130,0.921781
4189e926-7746-4d57-be78-cc94d9d92fad,gaussian_blur,s2,2,0.720456,0.810436,0.980377
4190f7fd-d281-4e87-9821-6e7a70971a25,gaussian_blur,s5,5,0.752477,0.855385,0.882085
419c9dd4-83ac-4a01-93a3-a6a82e64ab5f,gaussian_blur,s2,5,0.724555,0.812742,0.987344
41ab3c49-76b2-4912-98e4-40eca6dcf7ce,gaussian_blur,s5,3,0.620464,0.745857,0.844200
41c352fe-137b-4b90-b233-c09de7180e51,fog,s4,1,0.457164,0.590018,0.718821
41c39871-6ece-417a-ba96-d5ce631e030e,gaussian_blur,s4,4,0.813432,0.892371,0.941230
41f4ae3b-e57d-4abc-8db4-0f0c1bb70b57,clean,s5,2,0.865135,0.926928,0.938144
42134fbf-7490-4fc0-b024-1106081505a6,clean,s4,3,0.879337,0.934670,0.953005
42155037-c43e-4cb2-9964-c7542a14aac1,fog,s5,5,0.840334,0.912660,0.919883
42178cf1-bf0f-4903-a5b3-7e9f04612be0,gaussian_blur,s3,0,0.929783,0.962497,0.993402
4218da1a-02db-49d3-afb5-381d07377add,shot_noise,s2,1,0.908002,0.949578,0.995525
421c3734-4b55-4db7-a971-dde635516a66,fog,s5,5,0.798522,0.886364,0.902160
42275494-c66b-4dc7-a1a0-547989491020,shot_noise,s4,2,0.512135,0.654564,0.743379
4235e76e-5b18-4b40-a6e4-db1f5b93364e,fog,s5,0,0.834908,0.910005,0.910264
423abd6a-140e-4709-b7d1-15ff3f555446,shot_noise,s4,0,0.380868,0.546119,0.563792
424f87e5-cfb2-4e32-900e-e09326462dfd,clean,s5,3,0.914209,0.955177,0.955303
427013d2-465b-48a7-8595-6a10ef9baa22,gaussian_blur,s4,4,0.701798,0.817572,0.864245
427153dc-4978-4d02-ac56-6d2af96c4ef0,gaussian_blur,s5,0,0.269934,0.419168,0.435355
427adadb-fd14-49f9-9a23-c5002c2cb3a3,clean,s3,4,0.845765,0.911529,0.971928
4284ee4e-2d37-430a-b8a4-274be787c8f7,clean,s5,1,0.454656,0.589668,0.711467
42858d6e-f26e-43b3-8335-28d1abab32a2,shot_noise,s5,2,0.705848,0.825129,0.841477
4287c169-381b-431e-8a98-53fb105b6915,gaussian_blur,s5,0,0.964260,0.981802,0.981951
429fcf59-681e-4fcc-8dff-9d7231985468,clean,s4,3,0.350559,0.414540,0.697781
42a7eef2-3f06-4019-ab2e-b857cf0d83ca,clean,s5,3,0.568285,0.714437,0.760736
42af12f9-2353-49ac-8ad2-e63c32dd7d92,clean,s4,5,0.292052,0.451446,0.453222
42b0c983-42ae-4fa7-a3d8-67ec32b04d56,shot_noise,s5,4,0.466800,0.634433,0.642108
42b2412c-d1e5-4ad8-8580-955b85132682,fog,s5,3,0.893937,0.943537,0.952175
42b59d0d-ec43-4cda-8426-865ecab1518b,clean,s4,1,0.771392,0.864227,0.920416
42c2a9fb-cecb-4b1e-b430-e0e31461dd80,shot_noise,s5,0,0.227774,0.321097,0.444592
42d7e020-b513-4843-a7d9-96bd04f5f78c,fog,s4,5,0.863509,0.925723,0.940655
42d8414e-cb1b-432f-941d-d576d12fde3d,fog,s4,0,0.917307,0.956016,0.976294
42d90959-0f26-4f7e-a2d5-5ca6101ae6a2,clean,s4,4,0.937774,0.967667,0.974709
42eec907-b68f-453f-a9fb-1ab1e6f7cdbd,fog,s4,5,0.457276,0.599028,0.698773
42fa20fc-62d6-475d-a7b3-513411baba2a,clean,s5,4,0.568285,0.714437,0.760736
42ff2b59-83cf-4de1-b414-e07e4b6cc5bd,fog,s5,3,0.547433,0.691976,0.758053
430b6581-77a6-4054-a2b4-24d6610ab170,shot_noise,s5,4,0.253616,0.342260,0.499417
430dd5bd-934c-4d83-a034-a75c5f4206e1,clean,s5,5,0.902726,0.948859,0.949211
43330124-421b-48d0-8ceb-2b904aab316e,clean,s4,5,0.901916,0.947645,0.963404
433856e0-c359-4022-8ae4-4dc5d8c643df,clean,s3,0,0.567082,0.683521,0.850835
433a4027-529a-4f34-921e-6a4f8c429ca8,gaussian_blur,s3,4,0.871541,0.928011,0.977908
43595674-e152-431c-a636-864334635fb4,shot_noise,s4,2,0.637279,0.758998,0.859220
436007ce-351e-4f9e-b75f-219047d4c39a,clean,s4,1,0.905685,0.950063,0.959440
436784aa-56ee-4273-8780-77357c4aae57,clean,s3,3,0.567082,0.683521,0.850835
436a0960-2dac-4bfc-9446-8dc5fcf3917c,gaussian_blur,s4,3,0.950464,0.974386,0.983063
437e9e1b-2f5d-431a-876e-84df07fea11d,gaussian_blur,s5,3,0.963830,0.981579,0.981730
4381fdcc-92b3-46f1-b533-30e84adce8c9,fog,s3,3,0.691589,0.800027,0.905952
438b40ba-8ab4-4bab-8ab4-8c7d24500a93,clean,s4,1,0.729948,0.836531,0.888946
4394bb38-d1b1-4889-a794-6c5b8d21ca6e,gaussian_blur,s5,1,0.806901,0.893034,0.894054
439559e4-5199-4e6c-a9f5-250095feca0e,shot_noise,s3,0,0.976688,0.988106,0.996635
43a01b16-e914-4f39-99f7-848a9f91b354,clean,s5,2,0.908927,0.952009,0.958181
43ba427a-81ff-48a0-a7f3-b8c616b853b7,shot_noise,s5,1,0.899634,0.946766,0.954681
43bc49cc-7221-4e4c-95f0-b74dbfc99940,gaussian_blur,s2,2,0.884167,0.934979,0.993027
43c3bc0c-1d20-4b21-b4d5-b9825b1a34cc,gaussian_blur,s5,3,0.541718,0.694565,0.729533
43d1f9cb-fe1b-4332-9b08-c32bbc1b934f,gaussian_blur,s4,5,0.972030,0.985697,0.994175
43d4382a-590d-4c51-899e-b2dba8f03c63,fog,s4,0,0.466100,0.533629,0.854991
43d5462d-c8a2-4f35-8309-33fd057d86f3,shot_noise,s4,2,0.468566,0.544896,0.842985
43d61ee4-713e-4d7d-bdfd-45c1212897d4,fog,s4,0,0.941312,0.969416,0.981307
43da1234-e3bf-46b8-8a16-ea8d5efc3aef,shot_noise,s5,4,0.191057,0.284992,0.370928
43e0f971-7d06-4d86-944f-aecb6cf4888e,fog,s5,4,0.260714,0.344074,0.519589
43ed4811-938e-45b8-b85e-a4c0e92395b9,gaussian_blur,s4,1,0.944868,0.971314,0.983435
43fb9a47-edae-4b13-ae0d-b394066d94a2,clean,s5,2,0.973462,0.986547,0.986992
440398c3-31ec-4012-952a-544eb2e13464,clean,s5,2,0.854762,0.921549,0.923547
4441ca95-25aa-4e0b-af13-71bee1fd6bf2,shot_noise,s3,2,0.540958,0.620046,0.918081
4450939f-980c-4b38-96ab-7bf7883a72dd,shot_noise,s5,5,0.589720,0.734518,0.769784
4459f652-840a-44ea-b7e1-2010b12d500a,fog,s2,1,0.757535,0.841561,0.991317
4467dce2-aa63-47ab-84a6-652f30d49a15,fog,s5,1,0.349569,0.459903,0.625696
4469d26e-3393-45b4-a559-92a0db35b092,gaussian_blur,s5,0,0.925474,0.960805,0.973781
446bacea-0294-421a-ab3e-07498fab748d,shot_noise,s4,4,0.801218,0.886642,0.916085
4470f63a-62f6-4af6-9e1a-9f8277b0027b,shot_noise,s4,3,0.399835,0.444342,0.799669
44713d04-fd88-4380-85db-bfe3cfd83373,shot_noise,s5,4,0.835582,0.909806,0.917323
448199bd-83cc-4adf-af77-28563aaa5012,fog,s4,4,0.825307,0.902088,0.926821
4489d4a3-ebfb-4680-957e-72369c860b78,fog,s4,0,0.797129,0.883379,0.919141
44906c5c-c4ba-4fe1-a06f-8dcec1b5cbff,shot_noise,s4,4,0.873792,0.931200,0.953653
4491e7fe-ff83-4495-9124-4d1f0cafa13c,gaussian_blur,s5,3,0.842996,0.914048,0.923685
449de62f-d7cf-4102-b8fb-3b09971c584e,fog,s5,0,0.912528,0.954260,0.954348
44afb00d-3d45-4d28-8a6c-8bdac77bc5b7,shot_noise,s4,2,0.940309,0.968743,0.985027
44b248ac-7e38-4517-b5f4-2aadefd5f23e,clean,s5,5,0.785039,0.878727,0.886581
44b269cf-5c33-4653-98bc-bace4f16bf59,clean,s5,0,0.891202,0.942408,0.943568
44bb0d47-19c0-4e44-a71b-6fe8ad746c3e,gaussian_blur,s4,5,0.776212,0.866768,0.928347
44cc9852-f421-4c75-a188-8d63c892f8e7,shot_noise,s4,1,0.760599,0.853897,0.933328
44d3e5c7-41df-4c64-b932-9e079f298936,shot_noise,s5,0,0.854762,0.921549,0.923547
44d8b4a6-3ed5-4680-9fe9-d6127ee64f33,shot_noise,s4,4,0.906241,0.950106,0.965020
44dae40a-9d4b-4edb-b86c-d812976296b9,fog,s4,2,0.816072,0.895536,0.929221
44dfa935-6ecc-4afc-b89a-7c872ba85863,gaussian_blur,s5,0,0.973462,0.986547,0.986992
4513abcb-a19a-4072-b2cc-f18ffae6ea35,clean,s4,3,0.370157,0.521319,0.579995
45251c48-91b8-4a42-97bc-8db0f4caf640,fog,s4,0,0.508218,0.665570,0.698933
452661bd-28fc-4394-80c0-caddcf597aad,gaussian_blur,s4,5,0.963787,0.981497,0.984953
453472e0-e702-4e22-a577-1cdda021dea0,fog,s4,2,0.340514,0.491642,0.540280
45355006-676c-441a-8c56-156b2b5752ad,gaussian_blur,s5,3,0.902996,0.948655,0.956253
4549a0a0-dfaf-40d2-9b80-5b41b9ac549d,shot_noise,s4,1,0.977263,0.988473,0.990891
455e0576-4367-43bf-8bd0-87faee60c776,shot_noise,s5,1,0.935630,0.966631,0.970160
4560966b-be87-4645-a985-46ed6f8a9042,clean,s5,0,0.223472,0.313817,0.440348
4560a06f-b3d7-47a9-9317-4912f4e89001,shot_noise,s3,2,0.973579,0.986455,0.998252
4564fa45-1fa3-4e05-8b2e-f4b98f9029de,clean,s5,4,0.655362,0.789945,0.800656
45657e84-8608-4290-8c84-2026bfb6d513,shot_noise,s4,4,0.949802,0.974014,0.983536
456731cc-4634-4537-a2b8-30114ddcee3f,fog,s4,2,0.917545,0.956480,0.968939
456fe5a3-a57b-45f8-8254-73d8cdaf184b,shot_noise,s5,1,0.722147,0.834965,0.861040
4572f15c-1ba8-4975-aedc-b38a17863353,shot_noise,s5,2,0.907063,0.950969,0.957355
4592b976-7acf-41f7-9abf-b9aa57fa23fb,gaussian_blur,s5,4,0.882069,0.937062,0.941754
45972a34-dbf3-4eca-aec4-7a2bf9ce9a68,clean,s3,4,0.677765,0.782565,0.924629
45981f1a-a035-4ae0-afed-24282281f8c6,fog,s2,3,0.641210,0.727180,0.980078
45a55e52-38ee-4c81-933f-5933f7feb236,fog,s4,0,0.945967,0.972027,0.979616
45c20e3f-16f7-44d2-a79d-28966e42b315,fog,s4,5,0.936905,0.966752,0.987651
45ca85c4-7033-4641-b95f-07c53de07ed1,gaussian_blur,s3,2,0.931762,0.963819,0.988355
45d6206d-6cdc-4c4d-95b9-7865648858e2,shot_noise,s5,3,0.927235,0.962231,0.962571
45dbbbad-6d4a-42e8-b181-0fecdd56383d,fog,s5,2,0.790947,0.880879,0.903367
45dfcd39-7933-49a2-bde3-32339fd70642,gaussian_blur,s4,1,0.887312,0.939292,0.956763
45f6a7a2-161d-4484-8ecb-988d8a5aeef4,clean,s4,2,0.902228,0.947741,0.965063
45f8d708-f869-46df-a86d-f758983b4eb5,gaussian_blur,s4,4,0.809356,0.891255,0.925707
460b3a6a-54a6-4da3-b553-dae961996757,fog,s5,2,0.928437,0.962439,0.974933
461b7060-8903-407a-8769-02678fc868ea,shot_noise,s5,3,0.827252,0.904808,0.912309
461effc0-e7b5-4e14-b91c-f04ea6c48416,shot_noise,s5,4,0.802248,0.889594,0.896443
4620108f-9946-4b6a-b6a0-65b5693fcc83,gaussian_blur,s5,0,0.940397,0.969282,0.969312
462144c0-4e94-4812-8ad4-7254bd8033ac,gaussian_blur,s4,2,0.743321,0.836693,0.951177
463df592-6830-49d9-87f0-a6c7fb1845ec,shot_noise,s5,5,0.763966,0.865851,0.868729
46410e05-3e1b-4aed-8560-04847cbe3d2a,shot_noise,s4,0,0.399835,0.444342,0.799669
4645e287-5bc0-4d29-b903-b6b55158b680,gaussian_blur,s5,2,0.572668,0.722051,0.750671
464bd07e-d6f0-4358-aae9-37e77ef67536,gaussian_blur,s5,5,0.640038,0.778599,0.789173
465eac13-b179-4dbc-8718-7f7fa19e435e,clean,s5,3,0.933832,0.965661,0.969360
46675e7c-f7cc-4ea8-8b76-b7f8a0d56926,shot_noise,s4,2,0.959947,0.979415,0.986784
46693622-5500-485b-afac-5f80be1147e7,fog,s4,4,0.961825,0.980410,0.987207
466c52c9-9e4c-4631-84b1-68166a4cab0d,shot_noise,s5,2,0.752893,0.856129,0.879186
46836978-9104-445b-b272-8e2f6ed1ddbd,clean,s5,5,0.973462,0.986547,0.986992
4693f3b5-2ff8-4e5e-812e-e9bc6dcaf802,clean,s4,0,0.957133,0.977946,0.984928
46a1bc83-5760-483b-bde2-7c582960398c,shot_noise,s3,4,0.559555,0.665031,0.874469
46b373e3-dbc7-43d3-a0a0-d79fb8eb197d,fog,s4,3,0.881542,0.936308,0.948565
46ca8ff1-e8c9-4cf0-9283-a080557ca455,shot_noise,s4,4,0.963432,0.981259,0.987598
46e00f3c-62da-41f5-9b4a-4d74695ea618,gaussian_blur,s4,5,0.955791,0.977151,0.988123
46e07935-9760-4214-8d0f-1d57265b2013,clean,s5,1,0.820536,0.901361,0.902052
46e2f0ee-b9c5-4d66-82ad-af44b4021b81,fog,s5,5,0.860964,0.924577,0.934725
46f482cc-6b16-47ef-b016-29a4fb212bfa,clean,s3,1,0.720789,0.823223,0.919874
46f4aa6d-35be-4714-ae4c-57ac4c49e66b,shot_noise,s5,2,0.937739,0.967847,0.968540
46f92ab3-45a4-4a32-8fbf-bd749d922dd7,shot_noise,s4,2,0.872407,0.929826,0.960789
4706f5fc-920c-4540-b91a-dcaf468b8334,shot_noise,s4,4,0.907194,0.950821,0.961868
47149fc7-e147-497d-ba2e-f4e31d8dc915,fog,s4,5,0.621708,0.729637,0.903936
471db2e7-6637-4e99-91ba-54cb588181f0,shot_noise,s5,4,0.959950,0.979554,0.980153
471fca84-b3cf-4b4e-b3bb-78a34cf67182,fog,s5,3,0.836471,0.909790,0.923867
47204eec-c672-4e3a-bd8a-97f66cf8d546,fog,s5,3,0.491776,0.655498,0.670399
472083a7-5918-41e5-9d91-0b3d03720ce3,fog,s3,2,0.571820,0.689600,0.849981
472c0ed4-059b-4427-9e39-7156ba2a752e,gaussian_blur,s5,4,0.756600,0.860824,0.865845
472f0ca6-8ba2-484d-b49a-89c7bb95e93e,clean,s4,3,0.873132,0.930810,0.953365
47487b6c-b382-4700-9bdc-da03aeba40ca,clean,s4,3,0.862194,0.924250,0.949077
47543e37-b05d-4de1-881e-24c452e497ae,gaussian_blur,s4,4,0.489197,0.627466,0.736259
475b7892-f4a1-45eb-902a-8f33a8d6d3ca,shot_noise,s4,4,0.690677,0.806312,0.872437
4764d350-c11a-46fb-bc9c-fa47250abd24,shot_noise,s4,5,0.656023,0.765713,0.905712
4773741e-58d9-4cc3-a48b-a14ad564de45,gaussian_blur,s5,1,0.834131,0.908934,0.916501
4774917e-cc27-4c1c-8c15-5205ae29a59c,gaussian_blur,s4,1,0.866675,0.925828,0.965634
4788b309-c921-491e-bc7a-324c6a6a0ca0,fog,s5,4,0.632663,0.774323,0.778042
478ce6b0-392a-4bc1-a5c7-7e90e4bf7f17,shot_noise,s5,2,0.844565,0.914648,0.928453
479583af-2bf5-46ec-b3c4-bfb8eb4ead14,clean,s5,1,0.269934,0.419168,0.435355
479ceba7-3c3d-4313-b83a-0a2834b62dc5,fog,s4,5,0.532474,0.642299,0.842032
47b49ab1-be1a-4484-9de1-5f1169697cab,fog,s4,3,0.900428,0.946700,0.964593
47b8feb8-6e08-4a70-a510-b375ee9a8c41,fog,s5,4,0.572660,0.689647,0.852717
47c93be4-18c7-47e5-937e-8ee9a9171828,shot_noise,s3,4,0.976618,0.988070,0.996624
47e8642b-cb9c-4d10-bd65-9c305b59e455,shot_noise,s5,4,0.484840,0.648100,0.667131
47f75527-925e-4be5-8e49-4d8c071599e7,fog,s5,4,0.341688,0.443644,0.627424
47fb5b36-bc46-475e-9c07-e0e558a8e961,shot_noise,s4,0,0.595732,0.734031,0.794126
481db846-147e-4f30-9482-03fa803153e8,fog,s4,2,0.977639,0.988667,0.991035
481e1daf-8f28-41ec-a3de-2d8d48ddb77f,fog,s4,5,0.344899,0.426568,0.663451
48278e9d-2382-469a-b3d2-5396d35f8d9b,shot_noise,s5,5,0.569043,0.720848,0.741419
48332fa8-6429-4ca8-85a8-bd819287fee3,shot_noise,s4,5,0.773692,0.870855,0.884443
483711e2-72a9-407c-9a6f-c0680b19518e,fog,s5,1,0.762055,0.861941,0.886840
483ebabb-80aa-4a01-aeab-9c85f7311525,clean,s5,4,0.533448,0.686986,0.723749
485f03bc-0cd9-471c-baba-335b1722c7ce,gaussian_blur,s4,2,0.904142,0.948822,0.965994
4867f20b-da44-4c94-befd-11ee0a19e272,clean,s5,0,0.876985,0.934443,0.934741
486c5153-2cbb-4383-9dbf-9bff5e8582bc,fog,s5,0,0.896095,0.944965,0.949488
486f1d34-f43b-46bd-8e34-05b803940353,shot_noise,s3,2,0.569410,0.695945,0.823285
48729803-e231-4d1d-8669-da307234dfe5,gaussian_blur,s5,2,0.830640,0.906202,0.921176
48779e9e-c88d-4766-8cb5-25d03228d8f1,clean,s3,0,0.564895,0.687961,0.830913
4885ac7e-3ce0-4df4-b86a-17c256355042,fog,s4,3,0.486057,0.625389,0.730951
4894bbcf-f3f6-4a86-953c-51a6f4e9b25e,gaussian_blur,s3,3,0.541808,0.656826,0.836853
489e2f18-b3a1-4d0e-9ff8-b80f4bcb4002,fog,s5,0,0.434736,0.559523,0.711565
48a2b264-5d94-4a31-b8b0-e962f69fb63b,clean,s4,0,0.963272,0.981175,0.987532
48a787d3-4316-40ec-8d94-ae74385ba8cf,shot_noise,s5,1,0.829733,0.906919,0.907219
48b100b1-b656-4272-8518-180b75662d8b,fog,s5,0,0.914209,0.955177,0.955303
48b67331-63b0-469d-9d33-c687778aa6ea,gaussian_blur,s3,4,0.938039,0.967155,0.994642
48be1e65-0da3-4190-a769-2339dea2a543,gaussian_blur,s4,4,0.883984,0.937306,0.956188
48c079a6-7638-4588-9dd9-4e6e48611927,shot_noise,s3,0,0.702019,0.799749,0.950648
48e77d12-4c01-4a74-8659-bea89ef1a8d5,gaussian_blur,s4,1,0.860251,0.923055,0.948547
48e971fd-68bf-432e-83fc-7dedef3dc2d5,shot_noise,s4,5,0.562594,0.685051,0.831291
48eaa024-501f-4e5a-922f-b4337c6cb5a4,gaussian_blur,s5,1,0.405151,0.565666,0.601989
48ec4138-f5a1-4618-aa39-2e900921786a,gaussian_blur,s2,2,0.898414,0.943758,0.995051
48ed4002-272c-47b2-8ccd-fa62c5900b0a,gaussian_blur,s5,1,0.810286,0.893690,0.909424
48fbb516-b83d-4487-aba9-e3535303fa23,gaussian_blur,s4,4,0.971839,0.985631,0.991819
48fd35c1-2e8a-4a5e-83a2-c9def4db2c95,clean,s4,4,0.948754,0.973297,0.988920
4902e7ea-c68a-4795-840f-4f774a6fec2c,gaussian_blur,s3,5,0.674011,0.785031,0.899392
490dfb7a-43c1-4f5a-9494-c08645f12144,clean,s4,2,0.783326,0.873017,0.921682
491963a6-e663-4235-82e3-8fa05f3beed2,gaussian_blur,s3,1,0.760135,0.851226,0.947729
491cc314-2caf-4162-be79-c21148fb55e6,shot_noise,s4,0,0.870309,0.928996,0.954064
491f91ef-1797-4426-845c-d53e04365bf7,shot_noise,s3,4,0.659090,0.766225,0.915555
4928715a-11c8-4f56-965a-1cecaa075a31,clean,s4,5,0.917279,0.956553,0.963807
4929fdc6-bf2c-40d4-a34d-e7c7cd530d8c,gaussian_blur,s3,3,0.974781,0.987112,0.996357
49370f2f-0d5c-4121-93ae-0ca6157d6634,shot_noise,s5,3,0.440552,0.591123,0.661829
493745b3-23a8-4b38-b12c-8f29ef6c9930,fog,s4,5,0.972484,0.986014,0.988625
493c6381-f27d-4fee-9175-1380c97c0357,shot_noise,s4,0,0.750416,0.848748,0.914715
4940dc41-71ae-44de-8cb3-4204157d6774,clean,s5,0,0.861309,0.924660,0.936472
49707af8-77ed-41ab-8ce2-1113982252d3,fog,s4,2,0.773506,0.870716,0.884464
49748c7d-734e-4e26-bf69-838a875f10f9,clean,s4,4,0.503959,0.663415,0.690263
4976b4c0-be68-423a-8c8c-601267a11227,fog,s5,0,0.904261,0.949364,0.956819
498f5732-aae1-4a72-acec-7dd1aa626124,gaussian_blur,s4,0,0.901624,0.947775,0.957701
49950c7a-adcb-49c8-abc2-b2cb60cee4c3,clean,s5,2,0.514731,0.663495,0.727595
499b35d2-9a07-4f2d-930a-680bad7cf9c8,shot_noise,s4,5,0.343223,0.494193,0.544360
499b3fa5-2484-4093-91b4-8dbb20085882,shot_noise,s5,4,0.956460,0.977663,0.981423
49a205cb-c25c-4ec3-9f40-5b15b87dc17c,fog,s4,1,0.940905,0.969170,0.981964
49a4bcbb-7380-4f9c-9acd-263ee7622724,clean,s4,5,0.901624,0.947775,0.957701
49c2e867-bb50-4ea7-86fc-f0e7a5c178b8,fog,s4,4,0.857124,0.921294,0.945584
49c39828-611a-4afb-9bfd-16c932c10c1f,gaussian_blur,s4,2,0.859715,0.922831,0.947051
49d019c0-99b7-4674-9d14-84a48201f4a4,gaussian_blur,s5,1,0.905440,0.950368,0.950486
49dd39f9-649f-434a-9446-1b09e1a2b1f8,clean,s4,2,0.700933,0.813174,0.883060
49e1b138-c1c1-4923-bca6-8fe03065deef,gaussian_blur,s5,1,0.812328,0.895015,0.910085
49e91aa5-75ee-42c6-a299-b4fa1ca1c73f,clean,s4,4,0.201372,0.332785,0.338912
49f7a6f5-d40b-474b-87f9-d9afb241a855,gaussian_blur,s4,2,0.962513,0.980773,0.987403
4a02da1c-3bf9-4f26-9310-aecee6b18af1,gaussian_blur,s4,2,0.559457,0.680143,0.834304
4a04abe8-643a-4b20-94b8-70f57609342a,fog,s4,3,0.942336,0.969800,0.987278
4a10fcd4-e3b3-4b69-a23b-3d4cde983cc1,shot_noise,s5,3,0.898441,0.946153,0.953013
4a182111-bf38-43ce-b048-6cf0ce40ed4b,clean,s5,1,0.568285,0.714437,0.760736
4a2d0fa7-406e-4872-b301-3e88def22858,shot_noise,s4,4,0.638568,0.752969,0.886505
4a30a216-4e3a-44f1-ab42-833d967dc766,gaussian_blur,s4,5,0.912775,0.953920,0.964777
4a395e70-1e22-459c-be21-0e07b2d363df,shot_noise,s4,4,0.715901,0.813898,0.944769
4a4880b6-b5e5-49a3-b1bd-89ab5977706c,shot_noise,s3,1,0.758823,0.845622,0.974640
4a48b484-b564-4aab-b14a-8e7945c003f5,shot_noise,s4,1,0.972048,0.985740,0.991867
4a5e6cdc-b93a-4db5-8744-7f11bbe1b3e5,clean,s4,4,0.917279,0.956553,0.963807
4a60ed31-f798-46d7-a024-3f6e76b0d951,fog,s5,2,0.685106,0.813104,0.813276
4a71a5fb-0e81-4c2c-9b8a-f45a368ad9bb,shot_noise,s3,3,0.542571,0.667664,0.811183
4a757f71-5a87-4bf7-b233-1d6b1316c983,fog,s5,1,0.917109,0.956605,0.960384
4a75cc81-6f29-4edd-81ed-12f79606a52c,clean,s4,4,0.724916,0.827847,0.914157
4a9011a0-dc5d-4404-9ae3-eaf79fe69073,clean,s5,4,0.983097,0.991474,0.991819
4a929d7f-45c1-41fc-ba58-cd3f0b1b5125,fog,s3,4,0.660182,0.762851,0.932197
4a9cd076-c738-4e39-9e67-d37fcce2fedf,clean,s5,1,0.227774,0.321097,0.444592
4a9eaab3-fa2f-4da3-9366-167a53cf375b,clean,s3,0,0.459164,0.478713,0.918327
4aa386c4-793e-45ec-bca6-6c3c6de3b798,shot_noise,s4,2,0.672204,0.780725,0.910000
4aa6fed8-cbfb-42c0-ac0e-fe1676845668,fog,s4,3,0.943228,0.970434,0.982637
4ab59e92-db01-4cbe-97c9-02054b8a7ac9,gaussian_blur,s3,1,0.838800,0.906893,0.970768
4abbf229-1076-4781-a11c-800b411dee21,clean,s5,2,0.713857,0.829016,0.856587
4acc68c4-c03d-4f94-8245-9b43d75475ea,fog,s4,3,0.733392,0.838723,0.892512
4af422cb-9c8e-47e5-825c-416db16360be,fog,s5,4,0.344228,0.502709,0.531157
4af4b7a3-1fb6-441a-9ef7-7c00ba125572,shot_noise,s5,0,0.938392,0.968090,0.972196
4b04bd73-a289-48ca-9cd9-423113ec64ff,gaussian_blur,s4,0,0.833588,0.903652,0.967269
4b07dcf7-b698-48e6-959b-904cf02daad5,shot_noise,s4,2,0.595297,0.733826,0.793234
4b126750-2cee-4a3a-8cf4-bf59e939da1d,fog,s2,0,0.891521,0.939573,0.993562
4b2346ed-bc2d-4d8d-afd3-c9b3172c1b64,gaussian_blur,s4,5,0.420311,0.459749,0.836390
4b27894c-8061-42c8-89ba-25e0f4c6bc59,clean,s5,3,0.275350,0.369339,0.530848
4b2bc33b-e210-4e2d-9c71-4ed21e79e16b,shot_noise,s4,4,0.915479,0.955527,0.963696
4b389410-e23c-4beb-a21a-87b85f3eef10,fog,s5,5,0.907782,0.950922,0.966752
4b40eacb-f48e-48ab-960d-05c6461e180d,gaussian_blur,s5,5,0.858462,0.923605,0.926940
4b44ffc1-6edb-4a36-8d16-ddcb526666c9,gaussian_blur,s5,5,0.270279,0.357010,0.532126
4b4e1aef-da8a-45a9-9db4-0c8efe2befa2,shot_noise,s5,0,0.527970,0.681608,0.720804
4b533b79-a7a0-43f9-8db0-38e8920350f0,clean,s5,0,0.925712,0.961407,0.961838
4b666e22-8541-488b-9fa8-e2c3262b1a7f,shot_noise,s5,4,0.856906,0.922935,0.923008
4b6c7ada-5ad8-488a-9946-572036a72fef,shot_noise,s4,2,0.780807,0.868676,0.939640
4b72db96-8879-48d4-8aa8-4aea14582ece,gaussian_blur,s5,0,0.538596,0.697732,0.707994
4b736061-ca25-426b-b816-c17d5a38bdd3,clean,s4,0,0.904298,0.948448,0.974895
4b80b3db-562f-4d0f-9e89-c820f3f89310,clean,s4,0,0.744048,0.846529,0.896988
4b81d323-3067-490d-9494-cea7526a3efe,shot_noise,s4,0,0.940990,0.969341,0.977989
4b8da586-052c-48e0-9390-70b46bea4da8,gaussian_blur,s4,5,0.787208,0.874509,0.932150
4b976865-a763-4507-821c-8ae305056f7d,clean,s5,4,0.543683,0.688520,0.755371
4b9a3308-141f-4deb-ab4d-2f4a0bcfebb8,clean,s5,2,0.271251,0.375823,0.508330
4baa4374-7730-4127-a2c5-2fe2a53339c3,gaussian_blur,s5,1,0.544511,0.697157,0.731293
4baa8724-07e4-4a87-b3ca-bc15fe5c92a0,clean,s3,1,0.873658,0.929318,0.978570
4baab91a-4df6-4453-a9c7-f1bce37e98a2,shot_noise,s4,1,0.785533,0.875613,0.914240
4bb72794-4e40-4d18-9eff-4310aa2d1913,gaussian_blur,s3,1,0.460643,0.566569,0.778795
4bba22af-2a07-44ee-9db7-5d8c0b09d6ac,gaussian_blur,s4,2,0.612153,0.720106,0.899893
4bc1b1b7-31e2-4903-a9cb-75fa5b13decd,fog,s5,4,0.832105,0.907286,0.919934
4bc265ec-4d69-4fc3-9ae8-a9609a6cd3be,clean,s5,2,0.472474,0.625557,0.684965
4bc77e1a-7c3f-44f7-9891-8417299a988b,gaussian_blur,s1,4,0.323652,0.392947,0.647303
4bc95c76-bbaf-4724-a8d0-e56993711fef,gaussian_blur,s5,1,0.689766,0.815597,0.820784
4be70a13-1c53-4646-9562-55c02f056862,gaussian_blur,s5,5,0.815940,0.898401,0.901009
4bedff3f-a9d7-4909-b159-e44db7b264e4,shot_noise,s5,3,0.874600,0.932587,0.940802
4bee488a-63b4-4cbc-b734-5ada8212baf2,fog,s4,3,0.903622,0.948622,0.963941
4bf0bc6f-323b-4fe2-ac13-9129f318944f,shot_noise,s4,2,0.933969,0.965139,0.986468
4bf47c72-0511-42eb-95fd-275b6e8cc51b,fog,s5,0,0.907385,0.951298,0.954444
4bf846ff-1ccc-4c05-9fbf-9e69414260ff,clean,s5,0,0.408506,0.578970,0.582635
4bfccd0a-824f-4fb8-a323-d8ae59fb9f59,fog,s3,4,0.641360,0.745163,0.924078
4c071370-db7a-4895-afc6-7b3660a64541,clean,s4,2,0.639178,0.755664,0.878971
4c0a6ed8-e1a5-447a-b1ee-042e98daad3e,shot_noise,s5,5,0.270796,0.378553,0.502829
4c114601-f948-463e-b7eb-3ddc0e490703,shot_noise,s5,4,0.542998,0.688122,0.754160
4c2174f9-739f-4541-b7e2-b139a99f657d,shot_noise,s5,3,0.394091,0.525703,0.649013
4c24fba7-5f6b-4824-a4af-3af67f8bc230,gaussian_blur,s5,4,0.931658,0.964619,0.964661
4c2abc36-5a32-4eb1-92db-5165c2b15060,gaussian_blur,s4,0,0.744048,0.846529,0.896988
4c3d402f-e506-4847-825d-cbc4e69bdba6,gaussian_blur,s3,1,0.942038,0.969395,0.994968
4c453ec7-d3c0-4461-93ed-451b90df4036,gaussian_blur,s4,5,0.943206,0.970544,0.978560
4c4822b1-47da-40af-bff5-d05acc70f761,shot_noise,s5,2,0.677968,0.806189,0.817851
4c49a736-2d3d-47a1-aeae-610adc96735c,fog,s5,0,0.790848,0.881375,0.898683
4c54f96b-2a14-4944-be4a-a17d59fc16bc,clean,s4,1,0.292052,0.451446,0.453222
4c564c70-c533-47db-a37c-239c0169668d,fog,s5,3,0.758733,0.862261,0.866859
4c64bf34-223d-4d43-bf83-ed3021f035f8,shot_noise,s5,1,0.662629,0.780024,0.874650
4c650470-f2cb-426e-a92a-b4bdb82e86a8,gaussian_blur,s4,4,0.690853,0.808188,0.863964
4c6da28f-6226-4c66-bcf6-32700b410583,clean,s3,3,0.601819,0.699927,0.923019
4c897966-f994-46eb-b5b9-58349e327946,clean,s5,2,0.826471,0.903687,0.918537
4c8b05ad-05db-49db-8f29-8a7dcba72095,shot_noise,s4,0,0.747602,0.844700,0.925598
4c8c9c58-ea8e-4648-99cd-d5d9604feeaa,clean,s3,1,0.760272,0.849229,0.960539
4c91ea94-c982-43c3-9eaf-6019e92e3f8b,gaussian_blur,s4,0,0.730022,0.836558,0.889147
4c9ca24e-db83-4d7d-bf1c-499ff82bb616,shot_noise,s5,3,0.983827,0.991845,0.992175
4ca2a747-8929-47d0-a835-7efc000f323c,fog,s5,3,0.922686,0.959580,0.964954
4cafaf63-4592-4cd3-a43d-f78cd895003d,clean,s4,4,0.977314,0.988476,0.992901
4cbe151d-8eb3-4b31-86aa-de228c9ea726,fog,s4,1,0.841895,0.912795,0.929834
4cc31373-f915-4c97-abee-f632b3563f1d,fog,s3,3,0.889072,0.938942,0.979563
4ce44200-68af-4857-af34-65aa4ba5a06c,gaussian_blur,s5,1,0.741931,0.851551,0.853856
4cec9485-c793-4586-9255-92d0d10716d0,clean,s5,4,0.863929,0.926600,0.932408
4ced92a5-7cc5-45da-a0a5-f3d0cc4532d2,fog,s4,4,0.887732,0.938983,0.965845
4cf0f1aa-25f8-4e53-ba6a-f159f8864e32,shot_noise,s5,0,0.305168,0.413841,0.559397
4d04a280-7ed7-4a87-af9b-9a6e5061c6e2,shot_noise,s3,3,0.687931,0.789080,0.938565
4d0a70cc-78f8-487a-9f16-44bf6e78c25d,clean,s5,3,0.271251,0.375823,0.508330
4d0e4b2d-4bea-4efd-8bb3-ce78325a1fef,gaussian_blur,s4,0,0.862194,0.924250,0.949077
4d1429ae-972d-4129-b518-88d3ce259047,shot_noise,s4,0,0.876333,0.932183,0.962229
4d29c457-613a-4e64-893f-58dcf599ec4e,fog,s5,1,0.552841,0.696523,0.763163
4d2a0f4b-da31-4f22-bc45-286a9f4c6adc,shot_noise,s5,4,0.662254,0.778158,0.880910
4d2e12eb-16b8-4bb3-ab42-b9e2499caf8e,shot_noise,s4,3,0.500929,0.660685,0.687551
4d3049fa-e168-42e2-9c7e-63cb242922dc,gaussian_blur,s4,4,0.961963,0.980476,0.987592
4d33e1e4-b12d-4f51-8bcc-2761c7035381,shot_noise,s5,4,0.826920,0.905216,0.905743
4d3456de-fdd5-4f2b-99b6-aa60391437f0,clean,s4,5,0.927860,0.961977,0.978464
4d3d6659-5cbb-49ed-b1fb-38cbdc75425f,shot_noise,s5,3,0.838702,0.911203,0.924370
4d4e3a9a-37b3-43d8-a930-47d9860855d0,clean,s4,5,0.867557,0.926879,0.959219
4d6c5b49-77d6-43e8-98ae-30c8060a174a,gaussian_blur,s5,0,0.275350,0.369339,0.530848
4d7c3ff9-8a55-49ba-9ca4-e36050aa5dd7,fog,s5,4,0.834402,0.908738,0.920555
4d82357d-c521-416f-ac3f-2fa6935fe7fd,fog,s4,0,0.926468,0.961207,0.977893
4d9266b8-cd44-4c56-9c0d-00ce39e4fa87,clean,s5,3,0.711057,0.831073,0.831481
4da5e4c9-7d8f-471e-a28d-f7369f6cb1bb,clean,s4,5,0.787592,0.873470,0.942078
4dad9281-6dd7-4006-9117-28c830b17692,gaussian_blur,s5,5,0.812641,0.896033,0.902453
4dae9c84-5718-4fa1-a5fa-85430a76827c,shot_noise,s3,5,0.976618,0.988070,0.996624
4dbd818a-2b3d-4872-afdf-cdeb578d3d19,fog,s5,4,0.960232,0.979670,0.981808
4dbeb651-24e5-4283-be12-fd1aaed744b0,gaussian_blur,s5,3,0.449992,0.598068,0.676944
4dc60fd0-691c-490f-872d-c0b1217f98bf,shot_noise,s5,3,0.480155,0.633736,0.689893
4de7f14f-ab4f-4756-af69-b18efbb1e34b,gaussian_blur,s4,1,0.403091,0.568113,0.589541
4de90b33-b446-40a0-be53-adb3ef62410d,shot_noise,s4,0,0.841669,0.911704,0.940363
4dec3385-3e7e-449f-a9e3-0acee0977c7f,fog,s2,0,0.911909,0.951886,0.996318
4dee5956-f211-44be-ba11-e981cdfdad3e,fog,s5,2,0.916687,0.956284,0.962216
4e02386e-c939-4ee6-bfd6-d89661d9c7e6,clean,s4,4,0.957133,0.977946,0.984928
4e066961-17f9-4419-aecc-616be7b0644a,shot_noise,s5,5,0.850763,0.918219,0.933366
4e0cad4d-e81c-4ba5-8bb6-24eafb5d7004,clean,s2,2,0.700064,0.794986,0.963018
4e1bac70-f82f-4c47-9c2a-ff07aae9fc4f,fog,s4,1,0.701510,0.810459,0.899040
4e20c1d0-c3dd-4822-9cf5-e99ae93cb3fd,fog,s3,0,0.811442,0.885911,0.983520
4e2563fa-ca40-4164-854c-3851292830e0,gaussian_blur,s5,2,0.633865,0.773972,0.784475
4e32c387-8ba1-4233-bb5e-a26da68508bb,gaussian_blur,s5,5,0.882415,0.937516,0.937835
4e38da70-550d-404e-a3ac-073f83763a7f,gaussian_blur,s4,3,0.407908,0.573846,0.592608
4e478af0-8321-4bf3-83eb-5195f4e6e583,fog,s3,3,0.570841,0.667889,0.904171
4e47deed-8eca-42f6-835d-9524ebe02ae5,fog,s5,4,0.495286,0.648172,0.703083
4e55205d-c4b0-4eba-a430-29c9943948f7,shot_noise,s5,0,0.631751,0.743572,0.894241
4e71de25-7a8a-4206-b0d4-2abd96c41b4d,gaussian_blur,s5,3,0.673198,0.804663,0.804795
4e73ad70-59a8-4ea7-a3ee-90b3480196bf,gaussian_blur,s5,4,0.514455,0.677198,0.686192
4e81fced-7627-4c63-961e-2dd3e9937cad,fog,s5,3,0.271367,0.377780,0.505819
4e894455-7718-4132-a653-136e8ade83e2,fog,s3,4,0.513786,0.609727,0.855819
4e90b694-6380-40dc-bcf5-69f7828fffd1,gaussian_blur,s5,4,0.310780,0.423204,0.562587
4e9763ad-414f-4c1a-8262-f16f024208e2,gaussian_blur,s5,2,0.903740,0.949113,0.955797
4e9b381b-e8ee-4f25-99cd-fd1030c26524,gaussian_blur,s3,5,0.976115,0.987785,0.998426
4ea022f5-d06f-40d3-b35b-ce36fa6c6374,clean,s3,1,0.601819,0.699927,0.923019
4ea6ec65-a3ce-4af8-99c5-d8d64d1588b4,clean,s4,2,0.453030,0.521700,0.836540
4eae4936-25ad-4c2b-b8cd-4b5f5f94df0a,shot_noise,s3,4,0.669837,0.771022,0.938783
4ec3694b-507b-44a2-b40f-16139dbf3d88,clean,s4,4,0.733272,0.836733,0.903568
4ec49579-6e50-4e65-8483-c330ab097f85,clean,s4,4,0.924323,0.959723,0.984257
4ec9a7bc-3f38-4756-a0c2-0b9af13f796c,shot_noise,s3,5,0.960567,0.979550,0.996354
4ecb88e7-f9f1-4faf-8273-066a777af7a4,shot_noise,s3,1,0.614304,0.714406,0.924491
4ecfd54b-69eb-47d7-8e3d-83237c3a3dcc,fog,s4,0,0.977314,0.988476,0.992901
4edaaec7-cd35-4fef-92cf-8c3e1b33ea69,shot_noise,s3,0,0.968420,0.983790,0.994257
4ee766f7-2e89-4b12-a51d-036b997f405c,gaussian_blur,s3,3,0.974804,0.987098,0.998336
4ef207e4-2ca1-4da6-87f1-51b3e3ecebcc,shot_noise,s5,5,0.815368,0.897412,0.906901
4efcf63d-2d83-474d-adf3-511746f4a4e2,fog,s3,4,0.850696,0.913366,0.988112
4f0e62c5-819a-4ff2-bb80-18a01f693755,fog,s4,0,0.977207,0.988445,0.990869
4f213e0e-f059-426d-a7b3-ea430970b391,fog,s5,0,0.797107,0.887061,0.887447
4f2d1d4d-3e46-4040-ac1d-2b0082f06e6d,gaussian_blur,s2,0,0.891521,0.939573,0.993562
4f399fd5-09a2-4151-880d-ab035ee74957,clean,s4,3,0.804266,0.888130,0.921781
4f42ce9c-4442-4ddc-a260-7a7a0d674739,clean,s5,4,0.896095,0.944965,0.949488
4f46161d-0e7b-4476-b534-4384422807d4,clean,s3,5,0.459164,0.478713,0.918327
4f6e89fa-f5cb-4733-8940-8c73ca1db539,clean,s4,4,0.879878,0.934160,0.965584
4f831a6c-441b-44d2-b0fb-0f506e6b219a,shot_noise,s3,2,0.976505,0.988011,0.996608
4f83bffd-7818-4e81-b903-650c29391b30,shot_noise,s5,0,0.543683,0.688520,0.755371
4f8dc0c6-48f1-4e85-88c2-1e29cf5be1ba,gaussian_blur,s5,2,0.609449,0.754709,0.768059
4f8e95e4-cb74-496a-afa6-484f8b268157,clean,s3,5,0.976805,0.988145,0.998474
4f95f177-64f3-46bb-b7ed-2671aebb145d,clean,s4,1,0.962842,0.980945,0.987600
4fc8b0ac-54ae-4450-82ab-0cd4f5f16122,shot_noise,s5,0,0.933832,0.965661,0.969360
4fe6aac6-2924-4104-a4e0-8a1a22633d2a,shot_noise,s5,2,0.834794,0.909946,0.910107
4ff8ef4f-3003-4f67-a5b3-3e4c072b9665,shot_noise,s4,2,0.960874,0.979808,0.991845
4ffcda15-eaea-405d-977f-9ae9ef2b92a5,shot_noise,s5,1,0.740824,0.841744,0.910357
4fffda01-9726-41bf-a714-e794ffb88200,fog,s5,5,0.680170,0.809619,0.809778
501c3af5-62c5-4058-80c1-17a056bab36a,clean,s4,0,0.380868,0.546119,0.563792
501cc94c-8748-4101-9a78-b34065185e60,shot_noise,s4,1,0.730447,0.836926,0.889013
5023ba15-bc60-4b21-b134-28696f36e19f,shot_noise,s3,0,0.942037,0.969393,0.995000
502d2f7b-def7-4cb4-a915-52d9c2c016b4,fog,s4,4,0.718754,0.828181,0.884006
50345dc1-fb84-488c-aa1c-6340304b6d61,shot_noise,s4,4,0.908190,0.951505,0.959747
5038be6f-b7e3-4442-8065-ee538eb4cec2,fog,s5,4,0.416947,0.564031,0.644672
5047798e-621b-46ec-9db2-79f460151303,fog,s5,2,0.977019,0.988367,0.989187
5048d306-5c7f-4460-ba52-24fbae5dab0a,shot_noise,s3,0,0.366589,0.504797,0.600528
504bcf05-c014-4866-9390-fe5f5e4a310c,gaussian_blur,s3,3,0.675206,0.773688,0.949409
505680b8-1f35-4aa0-a6ab-12ac2b7778e9,fog,s5,5,0.883395,0.938040,0.938869
50592e9b-25bc-4846-816a-9f1aed1a517d,fog,s4,2,0.422188,0.552417,0.685989
506873f7-c534-4016-8529-8474472de5b3,clean,s5,2,0.861309,0.924660,0.936472
506b8e18-630f-4d20-9e9d-b4ef48aa8f85,gaussian_blur,s5,3,0.878236,0.934870,0.939796
506f95aa-def5-4274-b4a1-bcbf6ce8ff19,fog,s5,0,0.890595,0.942117,0.942394
5079673d-ea71-4b82-a029-848f40f2d64b,fog,s4,5,0.756592,0.854187,0.911117
5084b388-dba0-4964-a123-9ba560b6c6df,clean,s4,3,0.977314,0.988476,0.992901
5085acb8-33c3-48cd-afcb-3bf63c90926a,gaussian_blur,s4,5,0.955935,0.977310,0.984584
508c4781-fa2c-48df-afd5-15652080097c,gaussian_blur,s4,0,0.977207,0.988445,0.990869
5095d2cd-ab4f-4f35-bcee-5a94d309edf9,gaussian_blur,s3,0,0.696776,0.799880,0.928299
50ac6863-d042-4d69-a0f9-e0727b6aa6e4,gaussian_blur,s5,0,0.860861,0.925001,0.928265
50b4ef8d-335b-4db5-82c2-eb472b52c2f1,fog,s3,3,0.735219,0.826064,0.970117
50bbc0a8-5c26-4cdf-b420-fbdff4b36f2a,clean,s5,4,0.980154,0.989971,0.990669
50bff4fb-7805-4701-82a0-6a9c5f87734f,fog,s4,0,0.935862,0.966191,0.986907
50c9012d-cf10-4736-8714-cd72838aaa88,gaussian_blur,s3,5,0.763130,0.849102,0.975344
50c92b21-b2d8-4c4a-b177-23576eb27893,fog,s4,0,0.958889,0.978749,0.991435
50cc795b-d22c-4651-9791-54d0f08f1d98,fog,s5,5,0.901473,0.948172,0.948421
50d5a8af-2e4f-477e-9c9c-d26ac2f1ac6f,gaussian_blur,s4,2,0.964506,0.981814,0.988444
50dbf4ef-f684-4436-9f75-dc4c9e78b281,fog,s2,4,0.944159,0.970490,0.997946
50e3aec4-19fc-4a95-9333-d73408412f5a,clean,s5,0,0.459315,0.624557,0.642645
50e96cdc-7595-49a2-b6de-d5865604d76c,gaussian_blur,s4,1,0.825649,0.900657,0.943179
50f4a96c-cced-4d60-9bb3-bd8d5466973b,clean,s4,0,0.936170,0.966471,0.983773
50f71a14-8525-475a-9a66-afb30320056a,shot_noise,s5,4,0.934052,0.965753,0.970247
50fa49aa-5d17-4085-bb5c-bd49283ccd7b,clean,s5,5,0.492729,0.655163,0.674699
50fb5e94-f430-421f-ae70-5dd7c7672962,clean,s4,5,0.971871,0.985647,0.991813
510494d4-1109-4914-9471-385dd1df16b9,gaussian_blur,s5,3,0.928997,0.963075,0.966348
510a4567-912e-4cf1-9b3f-df80e8dfa6ef,shot_noise,s4,0,0.350559,0.414540,0.697781
5123e152-b904-452e-8d1e-e0b5aebe0d70,gaussian_blur,s3,1,0.864574,0.924106,0.970363
51266971-b5f7-4b32-b973-f886c3e65721,clean,s5,2,0.798131,0.885807,0.904612
512b1e8a-1f31-48e4-a7ac-4822afb688ff,clean,s4,3,0.635610,0.767949,0.817141
513a801b-4f3d-4ce9-a92a-c482cd51577a,clean,s4,4,0.767316,0.856004,0.954012
5141440e-727c-48dd-8bac-4e1de4f59f4c,shot_noise,s4,4,0.981357,0.990573,0.992432
5161a995-4a0b-42ec-83e4-5ab85e3b2772,clean,s4,1,0.679022,0.786869,0.911874
5161f1b9-e795-45b2-93c2-827ae54b614d,clean,s4,5,0.948754,0.973297,0.988920
5169c852-980a-4b83-8bc4-9b1a28f3c09c,fog,s1,4,0.496405,0.498196,0.992811
51720266-4f16-41d6-b56a-e9059fb0bbe7,clean,s4,2,0.940990,0.969341,0.977989
5184a526-0659-4261-a27e-96310362b8cf,clean,s5,0,0.527970,0.681608,0.720804
51965841-89c3-4e0d-ae24-77975af7ecfa,shot_noise,s3,2,0.857709,0.917849,0.991036
5198e182-a85c-4ea6-b1bf-601381572df4,gaussian_blur,s4,0,0.488015,0.614317,0.763813
51a5ebdc-3229-4e87-baf8-ba740c797370,shot_noise,s4,1,0.744815,0.845351,0.908032
51a844a1-da7e-46fa-80d4-f9f5044bc25e,shot_noise,s3,0,0.925907,0.960327,0.991792
51af4e4a-fc40-46d9-9925-e5639b25f02a,fog,s3,3,0.782412,0.868867,0.947003
51b03f06-be44-4cd7-944a-92e4968f3665,fog,s4,3,0.957671,0.978209,0.986117
51b081cd-5a0d-4afb-88f7-b4274cdf47da,gaussian_blur,s3,5,0.683542,0.793627,0.901195
51b1b07b-58a8-49c0-9021-cced7e26f95d,fog,s5,3,0.772142,0.871187,0.873251
51b609c2-9858-47bf-8d03-92926b243d32,clean,s5,1,0.492729,0.655163,0.674699
51b72ca1-cdb4-48a6-b619-dfb1f0884faa,shot_noise,s5,1,0.976482,0.988089,0.989093
51b9131d-dac9-4d4a-ae9d-bf57d7b9e02b,gaussian_blur,s5,0,0.834908,0.910005,0.910264
51bf18c5-a793-485a-9233-306fbdbab89e,gaussian_blur,s5,5,0.441541,0.608228,0.623744
51bf4ebd-ff48-4350-8d06-250ff651a79f,shot_noise,s5,5,0.768814,0.869237,0.869773
51c83166-c82e-4166-9893-87b97d7f0171,clean,s4,0,0.635610,0.767949,0.817141
51e25eb8-3841-4efb-8915-e7fbe5bb6470,fog,s3,3,0.975747,0.987592,0.998402
51eb3326-1b03-4399-8015-a24a188a16c6,clean,s5,0,0.650540,0.788229,0.788496
51fd1249-b58d-4ad3-82b4-58b50551a790,gaussian_blur,s5,0,0.951849,0.975321,0.975706
5217ffe3-11c2-4e8b-a139-fa939ec059ab,fog,s3,2,0.657159,0.752284,0.957946
5222fd1f-aa68-487d-8f47-0925f801f5e0,fog,s5,1,0.844359,0.915598,0.915784
52250d51-7af2-4185-9e79-e736b7987c9a,gaussian_blur,s5,4,0.961005,0.980112,0.980259
52281646-13b8-4774-9c83-09beced3326e,clean,s2,3,0.911909,0.951886,0.996318
52310931-a6a2-41cf-94a0-71b128453727,clean,s4,0,0.941312,0.969416,0.981307
52338829-b4f1-4b35-b6e9-7570b432b0af,gaussian_blur,s5,3,0.733286,0.842516,0.869025
52375b56-39af-4d74-b33f-c3913a6bf07d,shot_noise,s5,1,0.911570,0.953733,0.953874
523da279-12e2-42cc-bd66-7cde9dd44f68,shot_noise,s4,5,0.912963,0.954162,0.961910
524fb903-7086-45f9-aad3-3a1e58f45ff5,gaussian_blur,s4,4,0.834469,0.906290,0.946859
52591efe-5d52-440b-8b2a-f0530a537217,shot_noise,s5,3,0.542787,0.687839,0.754277
52594020-3537-43de-b0f7-b97d9e6497eb,gaussian_blur,s5,5,0.931004,0.963851,0.975835
5267ebde-6d07-40ce-8aee-7c1621d0d21e,fog,s4,4,0.371987,0.469365,0.679632
526bf112-5bf4-4ee8-8029-e48e0472613c,clean,s2,4,0.716078,0.805183,0.985301
5275aa12-1385-46c1-bd83-c6ac6ef35ca1,clean,s4,5,0.817748,0.894434,0.949979
5277dbe1-a22c-41d9-b31d-fc4e9be4791a,clean,s5,4,0.964260,0.981802,0.981951
527ba3f6-b8b3-4282-95e5-4f1b7e1dcd1c,gaussian_blur,s3,1,0.457961,0.478058,0.915922
5285587a-1b31-471c-9022-b28d842b6ebb,fog,s5,5,0.796186,0.886405,0.887628
529bd161-1cfd-465b-92ee-1371f147d5a1,clean,s4,1,0.917307,0.956016,0.976294
529fa72a-d02d-4a1b-88fb-38249fcc5464,clean,s5,5,0.779429,0.874593,0.887616
52a32f5a-0444-49ee-aee4-aacf1e2a3590,clean,s5,2,0.527970,0.681608,0.720804
52a93ee6-b864-4cdc-a4a4-8f8df9529ad6,clean,s3,1,0.976805,0.988145,0.998474
52c60800-bba8-4f16-b771-f611587e0435,fog,s4,5,0.899877,0.946163,0.968416
52ccdd17-1afa-46e1-8911-2c02f079d5a4,shot_noise,s5,1,0.949934,0.974298,0.975354
52d6296f-392d-415e-9760-41608c750e54,gaussian_blur,s5,5,0.482792,0.636921,0.690502
52d6b468-1563-4dbc-8054-45678ea4167d,shot_noise,s5,1,0.757886,0.861872,0.865148
52dd4acb-8e57-476f-ac96-4e7939350015,shot_noise,s2,5,0.689733,0.785535,0.960206
52e0ceb3-ed1f-43ce-b9ef-8d7578760253,shot_noise,s5,5,0.960816,0.979951,0.983291
52e66a71-1ee9-4d35-8bdc-c988711ccc37,fog,s2,1,0.900306,0.944913,0.995189
52e723a1-911f-4831-bf24-04cfaa140682,gaussian_blur,s5,2,0.832319,0.907914,0.914709
52ed5aab-b3c7-4acb-b163-196bd8e7d207,clean,s5,0,0.227774,0.321097,0.444592
52f00f43-00b0-4311-bd51-5997ccaf8b0c,clean,s5,1,0.854762,0.921549,0.923547
52f03bea-0a35-4bdb-91c1-483aa9ee4d3b,shot_noise,s5,3,0.546512,0.698811,0.733182
52f2ad87-5af9-49db-9192-b35be3de0cc2,fog,s5,5,0.733508,0.845882,0.848789
52f6fd33-4250-4116-b6d3-bc7735498d18,gaussian_blur,s5,1,0.874159,0.932734,0.934656
52f7d245-437c-45d3-949b-3a038cb2091a,gaussian_blur,s3,3,0.850214,0.914489,0.972306
52f8a1fb-6ad6-4b52-a7fe-0763cbe2bd02,fog,s5,2,0.811652,0.895209,0.903915
52f91aac-1731-4a79-9bd6-3f152675e383,clean,s3,4,0.613432,0.713442,0.924299
53060760-d7c8-44d0-b22f-ae63adf22a95,clean,s4,5,0.733272,0.836733,0.903568
532167b0-87e6-4221-a12b-bca222d8fd31,clean,s3,5,0.925907,0.960327,0.991792
5327c06e-7dee-4770-ac29-5c6e1d443116,gaussian_blur,s5,5,0.268796,0.418164,0.433221
532f0ad2-17bc-4a39-b7e6-fba6303a612a,shot_noise,s5,2,0.503735,0.570967,0.900757
532f8244-6e81-4f5b-aa9d-6ffccfd91fc8,fog,s4,1,0.667728,0.791727,0.844150
53316542-8c9b-47c4-850f-21a4c882178d,fog,s5,4,0.452224,0.616089,0.640288
5349e5f7-867f-47e2-8b4e-473e9523f423,gaussian_blur,s5,0,0.650540,0.788229,0.788496
5350de03-e637-4eeb-8752-c9eeb85cd560,clean,s5,0,0.574061,0.725132,0.744934
53517a5a-cdcf-43da-92ab-dcb05a2d818a,gaussian_blur,s4,2,0.653592,0.778585,0.844379
536218f7-e7c6-4ba9-b55a-f73dbf14521a,gaussian_blur,s3,2,0.684914,0.782993,0.951253
537f9ee5-70eb-44b6-b37e-d079b30f7607,gaussian_blur,s5,1,0.818902,0.899580,0.908955
5388c9e9-1500-4d76-a930-75e20e6611d9,gaussian_blur,s5,5,0.634575,0.771516,0.797990
539215a3-8476-49c7-82ce-f927d3e43ee8,shot_noise,s3,2,0.482109,0.612486,0.748853
53ab5635-a72a-4b9d-a178-c73962b9cd5f,clean,s5,3,0.938744,0.968384,0.969032
53aefa42-ca20-495f-88ca-b112f428b72d,fog,s5,3,0.807761,0.892858,0.901131
53af043b-4e9b-40b2-ac83-010d68c44517,clean,s4,2,0.901624,0.947775,0.957701
53c635f5-6b2c-4c67-850c-a6bc4b58aa31,fog,s5,2,0.865117,0.927657,0.928012
53c8396e-be36-4871-9125-4c6fbeecef7e,gaussian_blur,s4,1,0.954009,0.976360,0.980833
53c86f2a-4645-4ed6-a6e9-06875addaadc,fog,s5,3,0.786160,0.878257,0.896896
53d84cd3-7b5e-4ecc-926e-74ab81115270,shot_noise,s4,1,0.739812,0.836899,0.933536
53e0dbd8-e8b7-4c30-b951-57cc4f8b002b,fog,s4,2,0.907366,0.950909,0.962114
53ef2160-9cb6-48e6-936a-0f6da564c769,clean,s5,4,0.902726,0.948859,0.949211
53f645ab-ae59-41bf-b045-17d0bd30dbf5,clean,s5,3,0.980154,0.989971,0.990669
53fcee03-e296-4a08-9506-d83e68b2d847,shot_noise,s5,5,0.617641,0.730857,0.885407
54002b8e-5d39-4e9c-8a3b-8973f6209aa0,gaussian_blur,s3,3,0.533744,0.629690,0.875072
540ed95e-32fd-4b26-b531-29bf38f1d27e,gaussian_blur,s5,1,0.969896,0.984718,0.984725
5411d36a-508d-4f8e-9d7f-541df5875d7c,clean,s4,3,0.946687,0.972224,0.986643
54162f8b-29bd-47e2-b448-a4ee1d85d4c1,fog,s5,2,0.886778,0.939488,0.948315
5417a296-386a-4b3b-99cb-3b0093416f6d,gaussian_blur,s3,4,0.953862,0.976026,0.991406
5422c7a7-ce80-472b-b9fe-3534259061a3,gaussian_blur,s4,5,0.902401,0.947859,0.964767
542c207e-eeef-41d4-b863-4828e559b345,clean,s4,2,0.730022,0.836558,0.889147
5438f78b-8c8d-4b19-99c8-872b68c81a24,gaussian_blur,s4,1,0.765191,0.858907,0.924181
543bc74e-ca04-4e2f-a6da-a2b7104f83ed,shot_noise,s5,0,0.445268,0.595820,0.666533
543cadb0-9d19-49eb-a1bd-ab03e630c897,fog,s3,0,0.696776,0.799880,0.928299
5443cfe2-05f5-4f13-b78e-879eb569daf3,gaussian_blur,s3,2,0.981374,0.990535,0.997445
54443016-0701-45f0-95f6-976c4e56392a,clean,s5,1,0.863801,0.926852,0.927910
5448e456-4877-47f4-83e5-a888d6ac55bf,gaussian_blur,s4,2,0.798665,0.883021,0.931179
54501743-3a47-4ab0-a9c6-cab504febeba,clean,s4,3,0.730823,0.829529,0.932187
5453a108-1ce7-4ba8-a568-7f275d1261e3,gaussian_blur,s4,5,0.943371,0.970578,0.980468
546b729b-6c19-4683-b2e5-28359bac7f61,gaussian_blur,s5,5,0.339363,0.497625,0.524923
546d5e00-87a2-418a-ab07-979bdcb159ee,gaussian_blur,s5,0,0.459315,0.624557,0.642645
54773f01-2db8-452c-ad70-a302df4d74fc,clean,s4,0,0.899895,0.946706,0.958655
548ef96a-37e0-406f-a6dc-456129d850f8,clean,s2,5,0.911909,0.951886,0.996318
54a420e9-cc60-4982-b378-d63faf17621f,shot_noise,s5,1,0.801291,0.888969,0.896133
54b3f6a9-897b-4cd4-89b3-2dc6cb8fd10f,gaussian_blur,s4,1,0.686889,0.793335,0.916245
54b903bb-15c5-4215-87a2-afb806d16fad,fog,s5,1,0.956990,0.977972,0.980300
54bdb87a-113a-41e3-b25e-b501994a7597,gaussian_blur,s2,1,0.693609,0.783491,0.983509
54bdca4c-7750-43b4-88e2-bf017d138fbd,gaussian_blur,s4,0,0.791190,0.877537,0.931493
54bef256-aa19-4d1b-9baa-3e2b74f58e5d,clean,s4,3,0.750416,0.848748,0.914715
54bf6180-6e58-44ae-8475-2d25729de7cb,shot_noise,s4,2,0.782798,0.871639,0.929029
54c1ae40-6777-4054-8af2-abd0fc38ab60,fog,s4,3,0.776532,0.866831,0.929627
54c46dfb-1936-4a42-803d-d9c948531001,gaussian_blur,s3,1,0.915561,0.954547,0.986128
54ddebc6-5a07-41a6-9d1a-66228653b6dd,gaussian_blur,s4,5,0.904616,0.949102,0.965975
54f17104-41cf-4d22-97cc-44be53c8c648,fog,s5,1,0.851041,0.918383,0.933545
54fb619c-23dd-4309-97cc-4941f23ec9ca,clean,s5,4,0.805104,0.891349,0.898304
54fc8d9e-cd4e-45a3-8502-69729e20333b,fog,s4,1,0.966190,0.982722,0.987557
54ff170f-a4dd-4e58-b6f0-602554d914b0,shot_noise,s4,0,0.904298,0.948448,0.974895
5508bb83-1487-40ca-bb4a-9fe0899e9718,shot_noise,s5,0,0.450288,0.619277,0.625393
550fac46-907d-44bc-9961-9e187d5916f7,clean,s3,5,0.761960,0.848150,0.975211
5516fb3f-8a46-496b-aa48-cf05792b9d51,gaussian_blur,s4,3,0.938581,0.968100,0.975115
552636ee-9db3-4869-a0c6-ea1f8f4f2e19,clean,s4,5,0.905685,0.950063,0.959440
552ad3f7-cc4d-43eb-b797-c2c71036e1d1,clean,s4,5,0.362597,0.420599,0.724853
5540fea4-d9d2-4a0c-9bb8-dbd3618a7be3,shot_noise,s4,1,0.955111,0.976788,0.987915
5541a5da-5c26-4915-a9d5-27b72a5de92d,clean,s4,1,0.963002,0.981087,0.984623
554c151b-9397-4f36-ba9c-cfec1a6aaacc,clean,s5,2,0.351146,0.440836,0.660949
55505b29-2e9d-4b75-b395-9ad0ad2ee132,gaussian_blur,s5,4,0.373578,0.499871,0.632080
5553efe7-b4f0-45ae-88f8-4ac58d0955b2,clean,s5,2,0.768254,0.866537,0.886950
556717c4-f510-49df-81fd-d3c0fbe438cc,clean,s3,3,0.702019,0.799749,0.950648
557bab87-c03a-4eac-a272-b640f31d4d79,clean,s4,0,0.981722,0.990760,0.992581
558259e7-d18d-49bb-bac3-740ffbf2f998,gaussian_blur,s5,5,0.909677,0.952627,0.954299
55839530-ec6e-4c5c-a7e0-e8ea8b947c8a,fog,s4,4,0.452732,0.568669,0.749904
5583d436-cf7b-453a-a932-70378611c097,gaussian_blur,s5,1,0.361912,0.505771,0.583487
558acefb-8f91-45f1-b1bf-d74683d90ec7,shot_noise,s4,1,0.900593,0.947192,0.957248
55acc5ea-f11d-4869-ab9a-19272cdf42f5,gaussian_blur,s2,5,0.718117,0.806791,0.986779
55ad6f35-3c0d-48c1-8600-94520f505229,shot_noise,s4,5,0.877778,0.932834,0.965851
55afbcae-7e15-4355-ad6e-e56aad7550b7,shot_noise,s4,0,0.713490,0.825838,0.872720
55c269ed-d2a6-4a8c-8c12-0022c6f7f9bf,gaussian_blur,s4,1,0.876530,0.933027,0.951763
55dd41fc-b7ae-4119-ae59-de2c4831c23e,clean,s4,5,0.936170,0.966471,0.983773
55e2bb62-c951-48ae-8943-8c91b5e20418,clean,s3,5,0.366589,0.504797,0.600528
55ebb51b-90d0-41ec-895d-3d08554cab46,clean,s5,3,0.755666,0.852416,0.917851
55f9c2b2-60fa-4995-ab54-ff823ac13475,gaussian_blur,s5,1,0.469099,0.607417,0.718107
55ff8075-e9e5-4d63-abac-f062d2e0efb9,clean,s3,2,0.845765,0.911529,0.971928
560c6be1-c3b8-45c2-9736-37de8db14ead,shot_noise,s5,4,0.873585,0.932397,0.934464
560f56cf-3af6-465e-a4f0-6fb69545a2e0,fog,s4,1,0.905784,0.950026,0.961315
5613e187-72df-434e-98b9-6bf219bf8320,shot_noise,s5,2,0.873395,0.931888,0.940228
561c6c60-741a-4d4f-9d85-75378bdf7d6f,fog,s4,0,0.495712,0.633600,0.742658
5629c870-ff6a-4d75-ab4b-9b6af3d5fa57,clean,s5,3,0.501022,0.635809,0.754796
562c3fb6-28be-4365-aebe-0ed3727b02e5,fog,s4,1,0.900171,0.946484,0.965754
563875bb-b13c-42b2-8e9e-3b28e2e7161e,shot_noise,s5,0,0.655265,0.774026,0.870100
563984f5-7d50-4b84-ac9f-c2e31e4047ee,gaussian_blur,s5,2,0.732516,0.835684,0.906011
563b63bd-99d5-4c0b-9b3d-c5e04c18db12,fog,s4,4,0.673630,0.776146,0.933856
5641c8a4-eb38-4643-ac96-5c92afbee5f5,gaussian_blur,s4,0,0.747602,0.844700,0.925598
566a062f-7d20-4d67-8ca3-8dc8c7879064,gaussian_blur,s3,4,0.797712,0.877901,0.965881
566fbfa5-629b-466d-9013-83fdb6c77a18,fog,s5,2,0.831311,0.906666,0.920965
567c2bca-9c11-4284-a31b-36655130b702,gaussian_blur,s3,4,0.577007,0.692748,0.858795
567e5d1d-27e1-48ee-8e23-2029a1f25a24,clean,s4,0,0.783326,0.873017,0.921682
567f3fd2-6331-4801-826f-0ea098a4e847,clean,s5,1,0.909416,0.952518,0.953435
5684a932-3d5e-438a-80f7-2c5f5bcb03f5,gaussian_blur,s5,4,0.902743,0.948458,0.957195
5688b890-6707-4ef6-a168-036702d480c6,gaussian_blur,s4,4,0.439022,0.573568,0.695995
569d59ec-9d0c-4582-b658-28fbe2ed3f04,clean,s4,3,0.879878,0.934160,0.965584
56a4746f-28fb-4338-b866-022cdf77ab7c,gaussian_blur,s5,0,0.876985,0.934443,0.934741
56a749c9-f3a7-435d-9f93-16ccdcddb5ca,gaussian_blur,s4,3,0.693094,0.793724,0.939958
56b86e3f-7e3b-47ab-ad46-0d177af1e58b,clean,s4,5,0.977553,0.988625,0.990745
56b91921-e920-4bd2-88d5-54cf86cd37f4,gaussian_blur,s4,3,0.865536,0.926539,0.946749
56c23ce4-e051-40be-a16e-309c7d20eaa3,clean,s4,0,0.733272,0.836733,0.903568
56e0d8f9-26ef-47c1-938e-0b98db52ae90,clean,s4,5,0.963089,0.981069,0.987964
56e97151-72f0-4174-a567-a9a30efff416,shot_noise,s4,5,0.467458,0.593460,0.744443
56fad8ea-b293-4bd1-8803-7e09d02ad8b9,gaussian_blur,s4,4,0.966524,0.982897,0.987637
57151adf-f66e-4b31-b6c9-3056498c304d,shot_noise,s5,0,0.902726,0.948859,0.949211
571914a7-ed97-4fd1-8c1d-3a610a59df6d,clean,s5,4,0.958936,0.978965,0.982492
5724feb6-49e3-4eda-bc11-de18e3ba353a,shot_noise,s5,5,0.964308,0.981797,0.983634
572af472-ac15-4db0-b735-f975e188d4b9,gaussian_blur,s2,4,0.757791,0.842190,0.989061
5739e61a-d3f3-4bce-a14c-19bc1a0ba9ed,clean,s5,3,0.383867,0.512878,0.640784
5744dba1-cab1-4dee-9ce5-2cb3eae91aef,shot_noise,s5,1,0.533467,0.665644,0.785856
574de146-f78b-495d-9444-7705eecffdac,gaussian_blur,s4,4,0.904213,0.948869,0.965905
575ab275-1c64-4fb9-91a8-e3ea17425034,clean,s5,3,0.381574,0.539025,0.581339
575c97db-9c29-4086-8200-b7e033869ef4,gaussian_blur,s4,4,0.962701,0.980867,0.987749
5760203f-5e1d-4a08-8b4b-8bd073bd6110,clean,s4,2,0.781438,0.870261,0.931659
5766ca5d-4d23-46ae-bc78-8976802cd8eb,gaussian_blur,s3,2,0.592743,0.691540,0.915365
57733d62-5ea8-4f8f-b8ac-58a88f4e5138,fog,s5,2,0.505467,0.573081,0.902060
5781b51f-d866-48b0-9310-c15f35a14161,fog,s3,1,0.913951,0.953580,0.986529
578424ec-0845-4a9f-9414-03d15f4fa450,fog,s4,0,0.679022,0.786869,0.911874
5784badf-3cd6-4809-ba22-f862978f5031,shot_noise,s3,1,0.688438,0.797752,0.903093
57a0f450-7246-4f2c-af07-a71675cc6b22,clean,s5,0,0.533448,0.686986,0.723749
57ad7e82-21b1-4203-bd1f-ba06698f916f,shot_noise,s4,0,0.757840,0.851813,0.932606
57c9e6d6-8d7f-4d23-aab6-c62c0b34fa10,shot_noise,s5,0,0.975313,0.987478,0.989408
57dc3913-5cb2-4085-9bea-9341ef50ec26,clean,s4,4,0.804266,0.888130,0.921781
57e8c13f-4283-47f4-9ef3-d4449dfd8c6e,shot_noise,s4,5,0.925638,0.960744,0.977653
57ed2a7c-d21c-4cee-a50a-ac9b9926c73a,clean,s4,0,0.713490,0.825838,0.872720
57ed7add-ea5d-4a7f-a807-d041b818e9f3,shot_noise,s5,1,0.823431,0.902341,0.911616
57efc9a7-349d-44ac-aa25-7ecb82642f26,clean,s5,1,0.449576,0.620286,0.620288
57f0ced7-17a1-44b9-a4c1-623d892e1d56,gaussian_blur,s3,3,0.559507,0.676686,0.843915
57f2c131-b6dd-47d5-95c9-4f9338c0e0bc,shot_noise,s4,2,0.875035,0.932136,0.951295
57f399e9-d5a5-4b6a-8ef6-0cc67bea2b85,gaussian_blur,s5,1,0.860023,0.923578,0.940011
582e29ab-50e2-4ec4-8828-16e16dc97d98,gaussian_blur,s5,2,0.721620,0.838032,0.839976
58334c8a-3377-4406-a6a7-00dcf287582e,gaussian_blur,s5,1,0.438432,0.564398,0.713360
58364542-5403-46e5-91d0-9ad2e669c16f,fog,s5,0,0.958936,0.978965,0.982492
584db680-20f3-40fa-9032-000069cdfaf1,shot_noise,s5,1,0.928337,0.962824,0.963189
5858f55a-1b4b-40ce-8c5b-1c9ea2f701d6,shot_noise,s4,4,0.927138,0.961541,0.979093
586475a9-23b4-44b8-91bf-d5c34889baef,shot_noise,s5,0,0.861309,0.924660,0.936472
5865e149-6628-4597-866a-355197e9b223,gaussian_blur,s5,5,0.936116,0.966867,0.971155
586c4fad-79f7-4d45-a92e-64228d642e8e,clean,s4,4,0.962842,0.980945,0.987600
58701527-9ae3-4980-ad0e-3a4597daf5dd,clean,s5,5,0.816031,0.897825,0.907237
587f1d53-742a-4394-a423-34ef20f97794,shot_noise,s4,4,0.928956,0.962754,0.974321
5887953e-4d58-47c5-8beb-6c7f70ea0309,fog,s5,1,0.445405,0.595017,0.668869
5888a9c4-d179-4d98-b28f-874fda734e33,gaussian_blur,s5,4,0.861479,0.924920,0.934449
589b4ebe-125b-4747-ad23-e278c086ab46,shot_noise,s3,3,0.967171,0.983131,0.994020
58a7cd9a-8dc9-44d3-9c4b-42c8fa319cc0,fog,s5,2,0.218286,0.327623,0.404048
58b76200-0168-4722-82c8-4fc39346d35d,shot_noise,s5,3,0.920027,0.958199,0.961898
58c7bcb2-6e74-486a-b379-85089b4bade8,fog,s5,5,0.693966,0.819313,0.819483
58ebbbab-bc8b-4cf5-a0e4-673cef49b8d1,fog,s4,3,0.940838,0.969181,0.980432
58f1911d-559d-4a2d-9bb4-90d19ee7afa2,clean,s5,5,0.386394,0.526655,0.622380
58f313c2-93a3-47ca-b146-5ecce02b96e2,gaussian_blur,s4,3,0.907307,0.950321,0.973135
58f4b5b6-b849-465b-b198-647415404f1b,gaussian_blur,s5,1,0.932223,0.964765,0.969381
58f827c5-bb46-4630-8e42-804c21d42a6f,fog,s3,2,0.900584,0.945839,0.981904
5908f69c-7172-41f3-afbc-0ec721d1b5a3,fog,s3,5,0.558754,0.662216,0.878885
590c76b1-3151-42c3-b2d0-c89b6cf36dcb,clean,s4,0,0.861726,0.923073,0.960240
591375bf-9983-4c07-9956-decc40022ed3,shot_noise,s5,0,0.434736,0.559523,0.711565
591b33e2-1bf7-43f9-a503-4f50ca7da136,fog,s4,3,0.971765,0.985587,0.992127
591d0249-5bf3-46ef-847c-b6dc7c500e32,fog,s4,0,0.880852,0.935526,0.954123
59275d8f-3812-4864-af0c-e39add076839,gaussian_blur,s4,5,0.960616,0.979744,0.988208
59323c6c-c2d9-450a-8cfb-9c0bb6ffe4d1,shot_noise,s3,3,0.922230,0.958390,0.987216
593b2321-30dc-4301-a1c0-cc3d1016333b,fog,s3,3,0.949015,0.973400,0.990406
59433aef-fb83-4ede-a6fa-c16ff14bbf12,fog,s4,0,0.787592,0.873470,0.942078
596fce25-a92f-48b5-b2bf-049cf7fdeae7,fog,s3,3,0.918992,0.956335,0.991013
5976da4a-7b6d-4980-b9e3-c92d6170015f,shot_noise,s4,4,0.944877,0.971347,0.982480
5989ccc7-5d3d-4ba9-89f3-113292f2b5cd,clean,s5,1,0.891202,0.942408,0.943568
59983187-7425-4316-920f-530b6c1d00ff,gaussian_blur,s3,2,0.920440,0.957116,0.992514
5999ac3e-f739-4b27-bdd3-0526348a5c16,clean,s5,4,0.888530,0.940197,0.953979
59b1834d-192b-4729-89d2-c8017239dc4d,clean,s5,0,0.878609,0.935333,0.936160
59bdef5f-d6b3-448f-87fd-4b2d20947ec1,fog,s3,3,0.790936,0.870694,0.980485
59c09893-7ab1-4daa-b1cc-de02cb98f2cd,shot_noise,s5,5,0.983498,0.991678,0.991957
59c3bf33-d880-4b2a-9de0-b399e0703616,clean,s3,1,0.703141,0.805497,0.929565
59c53098-edc0-4530-85ca-ada028c799db,fog,s5,2,0.585723,0.736375,0.747739
59cbca12-e74e-484c-9d23-82ae620df81f,clean,s5,0,0.814177,0.897558,0.897707
59de1f5e-0ecf-463b-8ba0-8f8d926589a2,shot_noise,s4,5,0.977398,0.988545,0.990691
59ec596a-6fb6-4f03-a690-a12c13a02b7c,fog,s5,0,0.867043,0.928154,0.937611
59f2869d-ab69-4c73-aafc-e0b9651abe6b,fog,s5,4,0.946589,0.972533,0.973600
5a025afd-c412-4074-b960-3b77106ac17f,clean,s5,5,0.711057,0.831073,0.831481
5a0ba7e5-22c7-4cb9-976f-a19938705750,gaussian_blur,s4,5,0.818719,0.897116,0.931515
5a124de1-8088-47fa-be2f-e1459cf35cc6,clean,s5,1,0.527970,0.681608,0.720804
5a14c976-eca5-4988-919b-f80cc79df1b3,gaussian_blur,s5,0,0.748112,0.855600,0.858043
5a16cb40-a694-47af-8794-30f258f48682,shot_noise,s4,3,0.959449,0.979152,0.986619
5a1f6b2c-249f-4ed2-b895-535d0101b2e3,gaussian_blur,s4,4,0.876780,0.932282,0.964805
5a2b6c66-f9bf-4831-a8ed-401f09133e9e,gaussian_blur,s5,4,0.816117,0.898178,0.904363
5a336249-0451-4474-918f-477a23c1bccc,clean,s3,2,0.428720,0.535144,0.739979
5a3daee3-9a81-473e-9b6a-ed47b0324c7d,shot_noise,s4,0,0.596361,0.716639,0.854827
5a4548fe-7aa5-4c50-b412-aede2affa4e0,gaussian_blur,s5,4,0.438137,0.564029,0.713178
5a46b221-94df-4cfd-bde9-ec4a174324c2,gaussian_blur,s5,3,0.256808,0.404677,0.415371
5a49d1f4-73f9-4d31-91fd-2c35786d962d,fog,s5,0,0.891202,0.942408,0.943568
5a4dcdd0-c71c-41f5-b9cf-16eca64ad4a9,fog,s3,1,0.904387,0.948081,0.982779
5a6aaf03-c40d-4a4c-a328-a81df0f94d5d,clean,s4,4,0.791190,0.877537,0.931493
5a6aceac-0077-41b7-a925-7712925dc1bc,clean,s4,1,0.503959,0.663415,0.690263
5a6f3489-4b07-4976-a2ce-b0f6dbb2b3f1,gaussian_blur,s5,2,0.513261,0.662718,0.724699
5a6f51cb-0da6-4962-8b38-0c5fe668ff5a,clean,s4,3,0.904298,0.948448,0.974895
5a809cff-9504-46d6-a47c-120e33efea11,fog,s5,5,0.870652,0.930111,0.941483
5a826960-74fb-433a-934a-1bd6c86b993e,shot_noise,s4,2,0.658544,0.773447,0.885387
5a89f9ba-5d28-4b43-8114-c1a666d2e7dd,fog,s3,2,0.980827,0.990252,0.997365
5a8e63f9-baeb-41ee-bc75-3b261305cbd4,gaussian_blur,s5,3,0.775151,0.872359,0.880981
5a9e3404-81af-4c8b-9207-db3ed8c538d0,clean,s4,0,0.781438,0.870261,0.931659
5aa610d1-9da5-466e-a9fb-307d38f74094,shot_noise,s5,4,0.804475,0.891014,0.897429
5ab13048-9e64-4532-b037-e3f658d6adc8,clean,s4,1,0.600010,0.721969,0.850856
5abf9e54-095c-4d04-a3e7-73f022a468da,clean,s3,2,0.929783,0.962497,0.993402
5acbd3b8-840e-426b-a00d-cb90da8f9dfb,fog,s5,3,0.336975,0.495204,0.521680
5ae1603c-ae1a-4a99-a0d0-7b75af1a9a1f,shot_noise,s5,2,0.664916,0.782164,0.874825
5af41a21-91da-4830-8c21-291a599b4105,gaussian_blur,s4,5,0.769665,0.857492,0.956505
5b057139-3caf-4dd5-8110-7054bb6e89d2,fog,s4,0,0.949731,0.973976,0.983509
5b100ce2-4c9e-4265-ad39-d3877716465a,gaussian_blur,s2,1,0.724277,0.816476,0.968783
5b1bc3e0-c6a5-41b5-b6b9-af2c621f225f,fog,s4,3,0.394520,0.441041,0.789040
5b290fce-96e9-4a06-be1e-7f0dc6a30d39,shot_noise,s5,1,0.938400,0.968201,0.968868
5b29772f-ec98-44b9-a9a8-4e9c43a9e607,clean,s5,0,0.919919,0.958141,0.961832
5b2a9708-fc4b-49f7-b6ac-b0f0b30b086b,clean,s3,5,0.681456,0.791088,0.903739
5b2c332e-f11d-4357-a8a4-34839f807cdc,gaussian_blur,s4,0,0.930964,0.963859,0.975013
5b30dcb1-6ca1-41ee-964e-080604ad0722,clean,s5,2,0.868100,0.929078,0.933845
5b38ce25-2799-4b00-9308-759325052636,clean,s4,0,0.370157,0.521319,0.579995
5b3bc2b0-b8b7-443b-891e-1e6b8850b989,shot_noise,s4,1,0.939442,0.968156,0.988223
5b3bdfe0-e3f5-4606-8d91-c0ec623fa945,fog,s5,4,0.797124,0.885280,0.903067
5b410611-a076-4de9-9651-0ef5c7972738,clean,s5,2,0.983097,0.991474,0.991819
5b4167be-de04-4712-bb56-9a49bf87ccbf,clean,s4,0,0.948754,0.973297,0.988920
5b44822c-2f51-4408-944d-71ed8937de60,clean,s2,4,0.606244,0.687075,0.971472
5b488ebd-18c2-472c-8b70-19056c3b6c34,shot_noise,s5,1,0.972971,0.986272,0.988395
5b48dba1-37fb-482a-a497-b9e5af6b8944,shot_noise,s4,0,0.807648,0.891323,0.914448
5b5bcb1a-92a4-4128-be35-f052ce2ebefc,fog,s3,3,0.667027,0.768980,0.935653
5b6b9d83-1495-4640-8a62-fb31526c6990,clean,s3,4,0.703141,0.805497,0.929565
5b738b08-2271-460d-9490-b8940243c161,gaussian_blur,s4,2,0.847732,0.914351,0.955429
5b7c328b-c7a4-4edd-94c6-9e771779a415,shot_noise,s4,0,0.503959,0.663415,0.690263
5b816a26-ca7e-4c0e-843d-c5804bcbe974,fog,s3,2,0.958258,0.978305,0.996138
5b88b276-f1f5-4764-904f-211415a8d335,gaussian_blur,s5,0,0.814177,0.897558,0.897707
5b935221-e4b7-47a3-8320-26e0bd843d09,shot_noise,s5,2,0.606239,0.748357,0.780678
5ba046fa-a3d5-4ab8-9095-d5bc907ec3c7,fog,s2,5,0.713319,0.806472,0.968075
5ba95572-6542-4bc4-b9ea-cdf49075ffcc,shot_noise,s4,5,0.635468,0.758787,0.853062
5baa5f9a-0de0-48c9-850e-7f4bd8dc5d3f,fog,s4,2,0.558214,0.687756,0.808469
5bac81cc-6a7c-40eb-b057-a3738a52d16e,fog,s5,0,0.878609,0.935333,0.936160
5bafa761-5544-4539-9fd6-ffe10ed6abf9,fog,s5,4,0.598904,0.746409,0.759925
5bb09476-b097-4c51-9333-aa86541b4676,clean,s4,3,0.767859,0.858880,0.938187
5bb11c39-ec6f-4817-b8f6-ced802c1d6c6,shot_noise,s3,4,0.937112,0.966810,0.989399
5bb671d4-d7cc-4572-8e1e-2bd838065ed6,clean,s5,2,0.963798,0.981556,0.982080
5bb84148-5a39-4c47-b4c4-0e31b326d202,shot_noise,s4,1,0.861151,0.923633,0.948485
5bda542e-b37d-44f9-8289-f612ef4d1b41,shot_noise,s2,0,0.956446,0.977288,0.997556
5c0236d3-a947-4fd4-9668-28eac852b17a,shot_noise,s5,3,0.829662,0.906876,0.907177
5c165b14-57ce-4efa-8d5f-fbb329f09e9e,gaussian_blur,s5,5,0.895071,0.944618,0.944861
5c2cc1e1-0d19-4801-9140-e3c2ef9193ab,gaussian_blur,s4,0,0.380868,0.546119,0.563792
5c416c3b-a1eb-43ce-9d4a-c3e7f929b5bb,shot_noise,s5,4,0.432728,0.556949,0.710399
5c48ceb4-d4c1-4b85-bd48-25336ddcd78d,fog,s4,3,0.873814,0.931233,0.953384
5c5c5761-f759-49e5-a8a2-435bcdd0b148,shot_noise,s4,2,0.749988,0.842908,0.947700
5c665bc6-67ec-45ca-988e-81dd366ff95a,shot_noise,s5,2,0.621348,0.734203,0.887814
5c68f3db-4566-4c24-aef9-e570f7abbc9b,shot_noise,s4,2,0.848841,0.916090,0.943883
5c7797d8-b057-4951-8b51-7456c3ad4d12,fog,s4,4,0.468750,0.609387,0.712314
5c7dac3e-c5f5-4a7d-8d15-6624c55bcb92,shot_noise,s3,3,0.868807,0.926264,0.977729
5c88036e-726e-437a-9222-7d82b5244302,fog,s5,1,0.836776,0.910594,0.917195
5c919ecc-0f04-4c94-9f41-9f56488a6c5b,clean,s5,2,0.797107,0.887061,0.887447
5c923d61-130e-4e4b-a91d-50b749e5c47a,fog,s5,0,0.275350,0.369339,0.530848
5c9b77fa-95f7-4f58-be1b-b942d8dcee54,fog,s4,5,0.959233,0.979012,0.987787
5c9b7894-6119-4a0c-9d75-fe1f3404042c,clean,s5,4,0.824825,0.903333,0.910949
5caaaaae-733d-47f3-a01e-497cd3933245,clean,s5,0,0.770739,0.870444,0.871179
5cb6e382-b2c4-4cee-a832-4498513b953e,clean,s5,2,0.869065,0.929367,0.938150
5cb818ba-32ff-4956-88d7-1aa7327e3ed8,shot_noise,s2,5,0.721276,0.813783,0.968501
5ccf9406-4305-4180-9d4e-87f47090382b,shot_noise,s5,5,0.882723,0.937454,0.941787
5ce04e7d-57e0-4128-aeca-7a87d0865796,gaussian_blur,s5,3,0.413023,0.583773,0.586571
5cfd8695-0c91-42c5-94e5-c2fbab4fb8c5,fog,s4,5,0.333137,0.484258,0.529873
5d007ba1-4593-4d31-a036-70d355b00899,gaussian_blur,s3,3,0.908713,0.950618,0.983676
5d12f111-2c87-47e3-b9cc-423ace702182,clean,s5,1,0.951849,0.975321,0.975706
5d30255b-63d5-4d65-8238-0012def1dad9,clean,s5,3,0.896095,0.944965,0.949488
5d352353-850b-4762-9729-fcfa57bb2234,clean,s5,0,0.868100,0.929078,0.933845
5d39b62d-beaf-49aa-a358-061fe1f16d41,fog,s5,2,0.882070,0.937333,0.937456
5d3c4b8e-74f4-46d5-b42f-21852c1f0e16,shot_noise,s4,4,0.687272,0.805020,0.864072
5d3d6114-eb91-4eef-ac91-12b47d2834ff,fog,s5,1,0.786292,0.880358,0.880400
5d3fc770-e284-449e-8df9-468d93e2a411,fog,s5,5,0.695655,0.819381,0.826795
5d4a2686-01fe-485b-a667-5eedf0f95a4a,clean,s3,0,0.942037,0.969393,0.995000
5d52f34c-c40d-42cf-a618-64030411db3c,fog,s3,5,0.640055,0.750634,0.900411
5d5459f3-6df4-42f9-84df-11d4b05913d7,clean,s4,0,0.876333,0.932183,0.962229
5d81fe2c-5302-4571-ab83-79ae1ebd0403,shot_noise,s3,1,0.640614,0.751851,0.898187
5d82956a-a856-4ce9-81c1-7c38d9cb25cc,fog,s5,2,0.919003,0.957789,0.957856
5d8971bc-9e5c-4e61-b25c-794ee596a186,shot_noise,s3,2,0.657551,0.752110,0.959970
5d8d5c03-2226-4155-9216-759db95d57f6,clean,s5,0,0.963798,0.981556,0.982080
5d964639-4349-4e78-9a3c-a1cb9f9699bc,fog,s3,1,0.918528,0.956287,0.986069
5d9657af-344f-44db-8398-f8141e756573,shot_noise,s4,4,0.566860,0.684331,0.847840
5d969a70-8f9a-440b-a5b7-d1fb18413d6d,fog,s3,0,0.761960,0.848150,0.975211
5da77713-a9cc-4942-a4b5-1d3cf628f1ee,shot_noise,s3,4,0.855445,0.918361,0.967781
5da8c612-7cf8-4e5d-b1e0-e2a10ceae415,fog,s5,2,0.696306,0.820728,0.822304
5dab1558-c868-4a60-b40d-adefa693e87f,fog,s4,5,0.670336,0.790098,0.862368
5db5d320-c6c2-4991-96f2-42096a6c1fe1,shot_noise,s5,2,0.747976,0.855358,0.859008
5db9567c-5360-40f0-8d15-2010357d1ec6,shot_noise,s4,5,0.934206,0.965270,0.986553
5dc270b0-68bc-420e-be20-12d685dd1d1a,shot_noise,s5,2,0.320265,0.423181,0.592589
5ddd0be5-0cd2-4d79-a770-c2a705ae6af2,clean,s4,4,0.596361,0.716639,0.854827
5ddd782a-4421-49a3-97e6-8dc084a2ccb9,clean,s5,4,0.269934,0.419168,0.435355
5de53b23-dfe6-4a09-b396-e8ee7e5cb5fb,shot_noise,s5,3,0.952154,0.975482,0.975862
5de55d24-ff32-493e-a316-05273a74d68f,clean,s3,1,0.716648,0.811812,0.957829
5de5a35b-07db-4d34-b2f6-1f1d7f958f94,gaussian_blur,s4,5,0.910766,0.952166,0.976991
5deb1def-6b07-4a32-a6ef-5dd712486da1,gaussian_blur,s4,1,0.426133,0.484223,0.817435
5ded5282-3983-4646-bbfd-8780a6bb99ca,gaussian_blur,s4,4,0.695930,0.804104,0.905452
5e022951-1db9-4d67-a623-558b47b6e0af,shot_noise,s5,1,0.512545,0.666838,0.710405
5e029b76-02ee-44e2-9cad-a6625087ae8b,fog,s4,0,0.870309,0.928996,0.954064
5e035b98-26df-4206-883e-c041acc99ac3,shot_noise,s1,2,0.378538,0.430872,0.757075
5e03cc0e-9f5d-4dd6-b7e0-200e08c1a42d,clean,s4,5,0.926468,0.961207,0.977893
5e050b76-4a78-4301-8bbb-69c5e683f031,fog,s4,2,0.540995,0.695956,0.722469
5e067df5-cb0f-4d53-acbd-1813931a363d,gaussian_blur,s4,1,0.942835,0.970067,0.987611
5e06e796-9c2f-44e2-a7ff-7a554ba78b36,fog,s5,0,0.933832,0.965661,0.969360
5e07da9e-2ab3-4a59-a9b9-8d294fdbf58e,fog,s5,2,0.958456,0.978784,0.978935
5e173054-a49d-421c-a317-7551c9d15b81,fog,s4,5,0.893522,0.943223,0.953349
5e1b5fe9-4110-4a19-b22e-5a014b60b76c,gaussian_blur,s4,5,0.477147,0.559479,0.842532
5e23ceab-cf5a-48e9-88f4-af91a812a617,fog,s5,3,0.787696,0.881212,0.881490
5e247776-670c-4ade-bd48-567b1a41530c,gaussian_blur,s4,3,0.691506,0.808579,0.864865
5e33e106-3be3-4aba-8d53-3b68a243fb4c,shot_noise,s3,4,0.345970,0.484510,0.571451
5e375994-cb83-46c5-aefd-053662d98ee6,gaussian_blur,s5,4,0.784275,0.878501,0.884000
5e48e222-b360-4447-a216-7e646a160ea9,shot_noise,s4,5,0.926563,0.961515,0.971413
5e522606-d327-403d-bcf8-a32286726ac7,fog,s5,1,0.877516,0.934757,0.934859
5e67602c-aad0-48a1-8492-62c8689e17a4,fog,s5,2,0.788896,0.881728,0.884226
5e6a8eba-683f-4a99-a9cb-2be4630cfb0a,fog,s5,5,0.957999,0.978546,0.978697
5e71513e-69c5-490c-9626-10377e0001ea,fog,s4,5,0.395434,0.442688,0.789371
5e731fc2-fa91-4f72-9b01-21359d7b1693,shot_noise,s5,5,0.639395,0.759442,0.865655
5e889ff3-4b14-4ff3-9f0c-de87dc980c7e,clean,s5,2,0.896991,0.945281,0.953333
5e8caf8a-1b98-4c55-ac82-3bc2c70491aa,clean,s4,1,0.724916,0.827847,0.914157
5e9fd4b5-955e-4a4a-a9e7-f418037d9726,clean,s4,5,0.807648,0.891323,0.914448
5ea12f82-925e-4e25-947b-b0357c07c0f9,shot_noise,s3,0,0.921872,0.958186,0.987141
5ea9f320-acf4-4c10-9ede-db7d7d3985b5,clean,s4,5,0.959857,0.979368,0.986747
5eabd575-9115-4faf-b558-b2ea5b10d7a4,shot_noise,s5,3,0.803678,0.889646,0.904832
5eacbff5-b0fb-405a-88fa-8106ca006979,clean,s4,0,0.292052,0.451446,0.453222
5ec2afca-da75-46aa-9d07-cc396e580ec0,clean,s4,5,0.902930,0.948070,0.966691
5ed2c056-5f02-4256-9b82-491057462445,clean,s4,1,0.945967,0.972027,0.979616
5ed306b7-bd77-44f4-a824-e80c724a9133,gaussian_blur,s5,1,0.588998,0.736749,0.758807
5ed54c5d-65c0-4506-a2b8-fbc79dd01f9d,clean,s4,4,0.949731,0.973976,0.983509
5eda156b-5053-4da1-81a9-0d4b165dc07d,fog,s3,2,0.633837,0.745644,0.894789
5edbb768-fd98-4d15-ba91-43ce9c1b0e70,gaussian_blur,s4,1,0.366561,0.427602,0.726672
5edd1393-159a-4266-a875-3834a16ca360,clean,s4,2,0.771392,0.864227,0.920416
5edf6a13-08f1-4565-adf9-cfbe0be5aa8f,fog,s4,4,0.550685,0.702391,0.736647
5ee45b72-16d3-4574-b6f2-77508ae3a0f1,shot_noise,s5,1,0.953640,0.976262,0.976631
5ef301a5-32cc-4cf1-b8a7-8b154082242d,clean,s5,3,0.722171,0.838426,0.840216
5ef571df-fd81-4b4a-9947-29386dc3f87a,shot_noise,s5,4,0.896203,0.945025,0.949546
5f02ebee-15f3-4d19-baed-cdd302a67a79,clean,s4,5,0.596361,0.716639,0.854827
5f03af05-5c51-4d7a-8c43-214aca42a4fe,fog,s4,4,0.490657,0.616449,0.767451
5f0a9710-e92c-49e8-bb67-7378d086ec06,shot_noise,s5,3,0.976074,0.987877,0.989159
5f0bf3e2-c0ee-4999-92ab-468e186debc5,clean,s5,0,0.824825,0.903333,0.910949
5f1c3b52-3c6f-4672-bc80-07b95bceb418,gaussian_blur,s4,5,0.863499,0.925151,0.948112
5f25b588-c1d7-4a4a-8b76-53517ca43323,clean,s4,1,0.810709,0.892822,0.920075
5f2c2e27-1907-4e69-8266-16a4ff8978b6,fog,s3,5,0.379017,0.491954,0.663339
5f2facaf-a66e-4bc5-9bbe-a86c1bc95727,shot_noise,s5,5,0.806488,0.890945,0.910617
5f35f35c-8324-48ed-8a3b-dee691879a36,clean,s4,5,0.899895,0.946706,0.958655
5f41e775-795c-459b-89d1-3915bc2fb08e,fog,s5,0,0.408506,0.578970,0.582635
5f47e149-c09b-479b-89e4-371b98e80f20,fog,s4,2,0.887589,0.938995,0.964253
5f4b789e-743c-4410-a23c-46aea5912480,fog,s5,0,0.449576,0.620286,0.620288
5f4c7c26-43b8-4b06-96ba-ff2575696e5d,clean,s2,2,0.912998,0.952524,0.996566
5f4dd5e6-5e23-424e-8971-602984f14763,shot_noise,s4,3,0.349345,0.412444,0.697109
5f5144a1-1b18-42d9-afd9-417accbb912f,shot_noise,s2,0,0.974545,0.986961,0.998456
5f5ff0a7-11fd-4e0e-89c0-d6d86528a501,gaussian_blur,s5,4,0.882919,0.937801,0.938117
5f64388e-c358-47c1-b666-ca8dea905cc0,gaussian_blur,s4,1,0.394741,0.443008,0.786933
5f6ad1ce-01d9-4b3e-91a7-ccaf87a18c4b,gaussian_blur,s4,4,0.688844,0.794634,0.918619
5f7acd7a-10a0-49e9-aed2-00411bffc7b2,fog,s4,3,0.452183,0.588526,0.705968
5f7af9e5-9223-4403-994d-89603a10cd30,clean,s4,1,0.977902,0.988805,0.990852
5f7d7dbe-5147-474e-b70f-4414a92ea631,fog,s4,1,0.926976,0.961536,0.976885
5f822fb6-de40-4346-81f3-4948e87cc1a1,fog,s3,3,0.316342,0.454599,0.528382
5f82f116-0cb7-4355-8448-40ccd1411094,gaussian_blur,s5,4,0.918104,0.957296,0.957472
5fb18093-501f-4b12-95e3-953252b99c8e,gaussian_blur,s4,3,0.970831,0.985100,0.991873
5fb38fa2-0037-41b6-aa41-507a8108dc24,fog,s5,0,0.912510,0.954233,0.954699
5fb65e1f-a976-4720-af3f-8357369dfcac,clean,s5,2,0.878609,0.935333,0.936160
5fd27a02-c9de-4958-97e1-fa699b7e08ad,shot_noise,s5,0,0.574061,0.725132,0.744934
5fd27c23-de54-4f06-b67a-f033ade4311a,shot_noise,s3,5,0.679852,0.790637,0.899129
5fd439cd-cf85-47c6-9dbd-3d59c4a669e4,fog,s5,3,0.737595,0.848950,0.849211
5fd59125-c325-48f5-8318-e3c5b415f5de,clean,s5,0,0.765235,0.866969,0.867288
5fd5f33a-310e-4039-ab1c-318ea9d37322,clean,s3,5,0.428720,0.535144,0.739979
5fe53a61-e5e9-47e7-b977-4d7b8f1fba3a,gaussian_blur,s5,5,0.801610,0.888187,0.905045
5fea6be9-cf98-4ad4-8d05-800c764023c3,fog,s4,4,0.977276,0.988480,0.990891
5feb517c-fd4e-4a7c-9444-1600a9e9456a,fog,s3,3,0.688941,0.788182,0.946335
5ff74b39-65b0-4c3f-87d7-a15632ce8de1,fog,s4,4,0.911527,0.953330,0.961994
6006b46b-03b6-469d-b918-54c025e93155,shot_noise,s5,4,0.761329,0.864335,0.865664
600dc339-80d7-4fe4-bc0e-6fbf2458dcb4,fog,s5,2,0.728219,0.841726,0.849141
6014f325-0554-4075-a828-f5718bb80ee8,shot_noise,s4,4,0.611117,0.739726,0.831237
601aa8a0-396e-4a4e-b40a-ee2f72b4438c,fog,s5,1,0.851542,0.919672,0.921659
601e5e72-cd5e-45f6-a215-71f7829a2593,gaussian_blur,s4,3,0.872421,0.929400,0.966763
60243aa2-2837-4d43-be9f-d77fa72f3ebc,clean,s4,4,0.873132,0.930810,0.953365
60286058-ffed-43d2-bd5b-7db7be4a4801,clean,s4,1,0.941312,0.969416,0.981307
6029bec2-ec64-4e49-9912-cb0215411f70,fog,s4,0,0.783326,0.873017,0.921682
602a4ab6-073a-43b9-95da-95d7fbe82972,clean,s5,2,0.650540,0.788229,0.788496
6033dfc8-4f06-402e-a580-a3a3ff5efadd,shot_noise,s4,5,0.829012,0.901988,0.952686
60379382-3b38-4229-b144-7acb7f7c4b26,clean,s4,3,0.948770,0.973533,0.980469
603c0fe8-aa6a-4cbd-8e90-f1d75964c785,gaussian_blur,s5,1,0.273572,0.367842,0.527328
6053d89e-4996-46bb-ad94-0b250c9549a5,gaussian_blur,s3,2,0.637755,0.749283,0.896608
605651e7-2055-4d03-9c12-77eda7478851,shot_noise,s4,0,0.284307,0.426547,0.470976
60569ae5-eeca-45d0-82cc-ea1b95757cde,clean,s5,5,0.913124,0.954582,0.954757
605b99c5-dc5e-4c9a-bde1-b581f4c4d0bc,clean,s5,2,0.779429,0.874593,0.887616
6063e2f6-8e53-4057-a082-3636e066471f,shot_noise,s4,2,0.792161,0.877101,0.940400
60714333-c759-4f8e-96a1-dbf4899857a4,shot_noise,s4,4,0.609733,0.746529,0.801069
607df255-e409-4735-bf96-e53afa0bb9c4,shot_noise,s2,0,0.911909,0.951886,0.996318
60872464-4db6-4451-bd35-72a45f9eba90,fog,s5,4,0.895010,0.944146,0.952675
60897733-76c5-44a5-97f7-f28b7f246069,gaussian_blur,s4,2,0.347016,0.498076,0.549429
608b401b-8f11-4096-bd2f-0fba6f0c64c4,gaussian_blur,s5,0,0.755666,0.852416,0.917851
60a82326-6db6-4717-8540-dc2859a52c1d,clean,s4,4,0.917307,0.956016,0.976294
60af3505-8e3f-4738-af34-80fc02bbcc22,gaussian_blur,s4,2,0.370733,0.471538,0.672229
60b14f9b-f002-4051-96cd-dd1c797e7fb2,fog,s2,0,0.721386,0.813896,0.968448
60b21a9b-db3e-4013-8a8c-f4bdddd062c2,shot_noise,s4,0,0.781438,0.870261,0.931659
60b4fdc5-99e6-46f5-ac25-eea68e85552c,gaussian_blur,s3,3,0.722137,0.824191,0.920907
60bcde50-474c-4eb3-a605-9b87f8d04501,clean,s1,3,0.373532,0.427611,0.747063
60c6e505-30c1-4dfb-808f-a8f0256ae99c,shot_noise,s4,0,0.936170,0.966471,0.983773
60c6f9c4-8259-4bb2-aaac-0352a491fcb1,gaussian_blur,s4,0,0.963089,0.981069,0.987964
60cd2f89-a57f-4b9a-9a0a-1ad950925d4b,shot_noise,s4,3,0.981987,0.990895,0.992688
60d06c1e-b5e6-464d-929f-9a2641f2af02,clean,s4,2,0.750416,0.848748,0.914715
60e907b2-3bcc-452f-af9f-d9b62ad714d7,gaussian_blur,s5,3,0.217778,0.308067,0.429344
60efd95c-bbbd-4185-b72e-78599298e13f,shot_noise,s4,5,0.870079,0.928864,0.953899
610d4947-ff0c-4566-b5da-8dab4d209e38,clean,s4,5,0.862194,0.924250,0.949077
6115d49d-a591-447f-a99c-b476482925c3,shot_noise,s5,3,0.715120,0.833650,0.835405
61245488-ae48-4ff1-aa1d-c0b0407368ca,clean,s5,5,0.735920,0.846789,0.854949
612a631a-fb51-4184-8a74-983fa21be5b3,shot_noise,s4,1,0.716463,0.823529,0.898757
61327c7b-0737-4073-affd-f01075803b9e,clean,s3,4,0.722633,0.822819,0.930235
61364860-8aff-4c8e-8205-2aa51c4ec74a,shot_noise,s5,1,0.933068,0.965287,0.967925
614a14a0-6058-4820-bb97-a9f9388935ff,shot_noise,s5,1,0.746249,0.854623,0.855135
614a89f3-a685-49f1-bf23-3b2e1917224d,clean,s5,3,0.386394,0.526655,0.622380
614d3800-b975-4bb2-8654-4c7272dbef5a,fog,s5,4,0.716360,0.834676,0.835152
614d8560-51a6-40cc-8996-bd84c638d2f8,gaussian_blur,s3,1,0.898543,0.943963,0.992912
6151dd50-feeb-4b99-a931-4d83ec9b681f,gaussian_blur,s4,1,0.954981,0.976718,0.987904
6160f642-9c47-4566-a927-74805b342fbc,shot_noise,s3,1,0.967489,0.983299,0.994089
616cac5e-670f-40a3-9bd0-10970d1f510a,clean,s3,1,0.366589,0.504797,0.600528
6176fbac-b163-4a31-b638-69bad951d766,shot_noise,s5,1,0.962591,0.980936,0.981086
61770ef8-2380-4807-b88e-bf9d048baa55,fog,s3,0,0.681456,0.791088,0.903739
617b108b-4618-469b-97a0-7ba60d4b164d,fog,s2,3,0.905675,0.948175,0.995429
617dfd2d-f4fd-4add-b0d9-11a67e0fb116,shot_noise,s5,3,0.842949,0.913666,0.927719
6189972f-4bfa-4e39-a80f-d38828a21d9a,clean,s5,5,0.829522,0.906762,0.907423
6189bf9c-9864-4ca3-9fd4-81e1d79f2201,fog,s4,1,0.976192,0.987925,0.990192
619fa164-4a16-40f7-9ca6-eb8cff1de645,gaussian_blur,s4,3,0.811649,0.892047,0.932955
61a79bdd-f877-4311-b664-02ac939cf588,fog,s4,3,0.947316,0.972515,0.988619
61c7e018-cf95-4349-9d26-c0087d780a7d,clean,s4,0,0.977902,0.988805,0.990852
61d1088b-ba08-497d-b721-35f4655a6cd9,shot_noise,s4,2,0.876942,0.933217,0.952704
61d7dcda-94e2-458d-9c2a-2ea9fbcc8415,clean,s5,3,0.449576,0.620286,0.620288
61dbf6ba-360e-4437-83f7-4ca8f8ed858c,fog,s4,5,0.847938,0.915958,0.938589
61e0561b-8c61-4095-888a-1640822737c2,fog,s5,2,0.745910,0.854166,0.856517
61e0fa40-cf0b-447d-a2a6-07254e2c7952,shot_noise,s4,3,0.937360,0.967267,0.979904
61e8cee5-4028-4a78-aebd-12c663f628c1,fog,s4,5,0.686817,0.812155,0.825936
61f2f5c4-b6b1-4c83-b237-446f55e3089d,shot_noise,s5,0,0.964260,0.981802,0.981951
61f5d9e6-befa-40d5-b3f4-fddaa3698113,clean,s4,4,0.948770,0.973533,0.980469
61f7a5e3-a08b-437f-b9b8-fc12c9920a3e,clean,s5,1,0.816031,0.897825,0.907237
620b4610-97ec-4358-aa55-a96b1f28088c,shot_noise,s4,2,0.730850,0.837297,0.888757
621428d0-c221-438d-9413-c563ba7cbbbe,shot_noise,s5,0,0.514731,0.663495,0.727595
6219b61b-09ba-4c16-ab0e-51cab8983c57,shot_noise,s4,0,0.856646,0.922011,0.932763
6233e8cc-6b4f-4565-968f-09f9bc397bbf,fog,s4,0,0.750416,0.848748,0.914715
6238dd5e-cfc8-4290-a1de-4f31b6ba097f,shot_noise,s2,2,0.919114,0.956142,0.996855
624b1576-6564-46c0-acdf-16a42528106e,shot_noise,s4,3,0.491502,0.630085,0.737427
625528b6-5f11-4084-b008-5919875f46e5,gaussian_blur,s4,0,0.957133,0.977946,0.984928
6264ec02-4490-4739-a70b-33dc67688ea1,clean,s5,5,0.908927,0.952009,0.958181
62692213-3b61-4156-aa96-bd1e3c8d5035,clean,s5,3,0.814177,0.897558,0.897707
626a468a-d380-4bd3-b131-29ce50b8fc6a,fog,s3,1,0.750087,0.845319,0.934006
628378d8-2c7c-43ec-b3ea-ba43f4d7a0ac,clean,s5,1,0.580700,0.733195,0.740521
6285b009-7861-469f-8e6b-4d6d883f8fc8,gaussian_blur,s4,3,0.973997,0.986795,0.989255
62899e89-4c57-42ad-b8a2-0b46787510b6,shot_noise,s3,5,0.972288,0.985776,0.998162
628cec71-d7d7-4544-b338-72d344af4164,fog,s5,0,0.863929,0.926600,0.932408
629abec0-3e14-4ade-a1ea-e15ce12d55ab,shot_noise,s4,1,0.760680,0.853486,0.936352
629cd601-0946-4215-a649-bb7414b1f314,shot_noise,s4,1,0.373233,0.520975,0.590779
62ad5187-2724-480f-a391-6be94c431594,clean,s4,5,0.912992,0.954041,0.964881
62b181e5-18ab-4948-a432-5b836d13f601,clean,s4,2,0.977902,0.988805,0.990852
62bb7599-fa09-4592-b674-ca41742d8a35,fog,s4,0,0.841669,0.911704,0.940363
62bc3832-b9ae-4e86-a711-8570de0350df,gaussian_blur,s5,3,0.508961,0.663294,0.708117
62c07067-d9b4-4152-80fd-2823484e55bb,fog,s5,5,0.795577,0.883887,0.905660
62cf5dd9-d28b-45b2-bba0-b358bb857079,fog,s4,2,0.868382,0.927845,0.953259
62d1c1f5-700d-4c18-8b61-7651224d847f,shot_noise,s2,4,0.764612,0.847837,0.989952
62dcad34-567f-4ffd-b342-16c4fc88aa41,clean,s5,1,0.901453,0.947752,0.956234
62e25269-4449-40be-8667-928967c57c52,clean,s4,0,0.964984,0.982047,0.989605
62f3ff1d-093c-4d0d-9fba-a9739100152a,gaussian_blur,s5,4,0.772058,0.871145,0.873104
62fc96e7-20a3-4963-af90-04129efcc76d,gaussian_blur,s4,3,0.892095,0.942000,0.959700
62fda26a-21a3-4019-8509-d6048040e6ff,clean,s5,4,0.612065,0.753181,0.784372
63023d3f-7b44-4d5f-9614-f256f1e73074,fog,s5,2,0.528757,0.672129,0.751584
6307ef51-4e4a-495e-abf6-dc59f7217cce,shot_noise,s5,2,0.956908,0.977972,0.978324
630a0591-51dd-4a14-8330-acf7afefb35c,shot_noise,s5,2,0.909804,0.952620,0.955979
630a349a-d19e-411c-82b9-20c042dadca8,gaussian_blur,s4,1,0.726570,0.832127,0.898265
630b1269-b6f1-4d58-80c8-d3094e51f74d,fog,s4,3,0.624248,0.752234,0.834960
630c558f-94f0-42e9-a32f-91f26906f69d,clean,s5,2,0.574061,0.725132,0.744934
632aacef-99de-4d4f-8347-e8062332fea1,fog,s5,5,0.869363,0.929489,0.939022
63381ade-7782-47ab-90ef-015782f8a5b5,clean,s5,1,0.472474,0.625557,0.684965
63436c79-b0bc-4092-9618-6ed7b5e2da21,clean,s5,5,0.538596,0.697732,0.707994
634edb7e-87d5-4be6-8ea2-fdd0bad5dff1,shot_noise,s3,0,0.601819,0.699927,0.923019
635e1eeb-97a2-4c32-ab28-3a36f8d19d4c,fog,s3,5,0.572833,0.672470,0.899200
635f7713-f1b7-487a-a6ca-eafd708c2ea7,fog,s4,3,0.825821,0.902641,0.924747
637d79bc-8645-4b21-9d2f-b2428ca4865f,clean,s5,2,0.711057,0.831073,0.831481
63811d77-673a-480c-840a-578b4e72edd8,gaussian_blur,s3,5,0.563847,0.680579,0.847970
63977176-8812-4d34-93d5-5a8e2394ea18,fog,s5,1,0.781766,0.876609,0.884880
63aa21ba-5420-42bf-bf88-0a1ee99db2e2,gaussian_blur,s3,2,0.926200,0.960681,0.987253
63b002b9-3c04-4f28-81fa-74b878d3d0c6,shot_noise,s4,4,0.905853,0.949801,0.966540
63b6c3ca-99d2-4afc-8a9a-6e181889c701,clean,s5,4,0.775599,0.873195,0.876965
63b7b5d9-392c-495d-bc26-976edaead7d0,gaussian_blur,s3,2,0.332963,0.471367,0.552957
63c18649-fc3d-4d78-bb0c-c1da5ddf6a73,shot_noise,s5,4,0.362867,0.520668,0.557200
63c64375-3310-4fe0-bd5f-e1a34ceed49b,gaussian_blur,s4,0,0.503959,0.663415,0.690263
63c7f7c4-b780-4008-a711-dd7dd42331f0,shot_noise,s4,3,0.469569,0.592608,0.753072
63d1bc80-c3c6-48b3-a8b0-ffc6217ccd0b,shot_noise,s5,5,0.887067,0.940108,0.940923
63d8e625-cded-4608-ad98-0fce43803382,fog,s5,5,0.558673,0.708742,0.744720
63e4ad58-724b-41da-b91d-11e1c473d922,fog,s4,1,0.477462,0.544604,0.869701
63e53ab3-a735-4169-8ff4-62a44983506d,fog,s5,4,0.976657,0.988188,0.988408
63e9fd35-184a-4838-a1de-af2de0f3ab28,clean,s5,0,0.896095,0.944965,0.949488
63ef3667-bb7b-44a4-9702-b98b2a269660,shot_noise,s5,2,0.766801,0.867915,0.868739
6410e2b7-b93b-4d03-9a9d-da7d91a7db43,shot_noise,s5,5,0.274853,0.370812,0.527157
6415e8c0-9750-4ff4-acce-a88832a8958d,shot_noise,s5,0,0.711057,0.831073,0.831481
6415ec52-ef15-466f-8934-531cee2259d3,fog,s3,5,0.889683,0.939309,0.979723
64199701-0de3-46f3-9298-791699c2b3b9,gaussian_blur,s2,2,0.882655,0.933821,0.995832
642c1e46-feb0-4eee-9f21-ab454ae02dbd,fog,s5,1,0.743767,0.853005,0.853413
64378b15-13bf-49d1-9e59-e9a8bfbfb222,clean,s5,0,0.951849,0.975321,0.975706
643a7b46-0e8d-4a14-9aeb-65853d1d6728,gaussian_blur,s4,4,0.933594,0.965405,0.972923
645a2c82-a614-414b-b5d7-a0deaec8e6fa,shot_noise,s5,2,0.983540,0.991699,0.992036
64680d28-6e81-4ed4-a911-bd0b256c0a93,fog,s5,0,0.655362,0.789945,0.800656
64755a98-ce8a-4c5e-a937-75ef86376ff5,clean,s5,3,0.852819,0.919447,0.934421
647767d4-a248-4c5b-a7c9-e0a6d7b53de2,gaussian_blur,s4,5,0.824313,0.901617,0.924837
64799df9-9c47-4f8e-bd7e-4a09e455bd04,gaussian_blur,s4,3,0.916300,0.955787,0.968427
647f5f0b-443d-41de-a2b2-26594a8f4370,fog,s4,1,0.757075,0.854334,0.912625
64891242-a2f3-4532-b1d4-1c475829c76b,clean,s5,4,0.907385,0.951298,0.954444
6498efda-9a68-47db-816f-4eb1d851265b,gaussian_blur,s5,5,0.851926,0.919094,0.931776
649e8ce0-bcf0-4f78-b81c-3e407fbed984,shot_noise,s5,3,0.926255,0.961696,0.962235
64abb3d5-ad6d-48f7-8632-1e0177d8c3c6,gaussian_blur,s5,2,0.353151,0.511301,0.543797
64b95320-72bd-4994-938f-30dac4869d78,shot_noise,s5,0,0.517671,0.591824,0.903586
64d2d1c5-5cf3-4b12-9532-1f96d29b84b0,clean,s3,2,0.925907,0.960327,0.991792
64d55d95-fb55-4fe5-a500-b9b90b9a8286,fog,s4,0,0.901624,0.947775,0.957701
64dbe3f6-40cf-47f3-80ed-e0832dde9a65,fog,s5,4,0.957364,0.978214,0.978368
64e7f803-bd71-4e5a-8f52-39ee4aeaf45b,clean,s4,1,0.284307,0.426547,0.470976
6508a078-118c-4799-9934-fcfbee1eb996,fog,s4,1,0.870887,0.929703,0.949271
650cc2c8-ea56-4f6b-b2d9-5d6663553824,shot_noise,s5,1,0.876458,0.934143,0.934443
650d6cfa-c622-4789-8a59-d8c6dbeb2ff2,shot_noise,s4,1,0.912866,0.953493,0.974991
650db789-8fe5-48cf-8e40-e9c1d942db99,fog,s4,2,0.477812,0.616699,0.724781
65249404-197f-460a-9978-a8f47f14591d,fog,s3,3,0.934287,0.965042,0.994209
65271447-a0a1-49ab-a7ff-88e40513fb5a,clean,s4,4,0.926468,0.961207,0.977893
652881c0-224a-4ec4-a9d2-4bbb51e884ef,fog,s4,5,0.716954,0.824268,0.897051
65291dc4-5733-47c1-a4d5-804603a24444,fog,s4,5,0.875667,0.932431,0.952684
65332633-ea3c-43c8-9246-1edbcf317167,gaussian_blur,s4,2,0.675789,0.783932,0.911129
6545c2db-970a-42f0-a5c3-69dd0fbc5a65,clean,s5,4,0.611499,0.758005,0.762699
6548d260-04be-42d8-9603-409a812366c1,gaussian_blur,s5,1,0.926964,0.961959,0.965760
654923fd-6d95-426c-b3e0-55ba945f0de3,shot_noise,s3,2,0.717713,0.812748,0.958027
65520a50-d13f-41d6-bda4-6e16b72fe6dd,fog,s5,3,0.894925,0.944356,0.948027
6554c3e8-ecd9-4281-ba5c-c91526fed2e4,fog,s5,3,0.889896,0.941653,0.943238
6557eab1-ce5c-45b2-a8d6-dd448474c51d,gaussian_blur,s4,5,0.492633,0.591861,0.827248
65719154-c147-405a-b401-4ade8cb8cdf8,gaussian_blur,s4,0,0.941312,0.969416,0.981307
659861ad-cf0a-4e2d-a82b-b45524f12208,gaussian_blur,s5,3,0.903109,0.949060,0.949632
659cf9b7-a6ef-4e1a-a42f-78c1c6d18afc,gaussian_blur,s4,4,0.977230,0.988433,0.992878
65a1d4e3-e23e-4b3d-be3b-8c7eea6d6882,shot_noise,s4,4,0.831053,0.905141,0.935056
65b46f21-ee19-4884-88c0-9ff83f3b3e7e,shot_noise,s5,0,0.580700,0.733195,0.740521
65beebba-3145-4a6a-a2d9-985c76e0e978,clean,s4,1,0.926468,0.961207,0.977893
65c48cc9-3136-4de2-904a-43aa2b51b8b5,fog,s4,5,0.733705,0.834224,0.919856
65ce8a8a-57d7-4189-ac6d-d307b8c68f72,shot_noise,s4,5,0.873085,0.930229,0.961115
65d2b25b-ab25-42e6-baf1-fa9cf621f987,clean,s3,3,0.958667,0.978526,0.996174
65ef0f49-ca35-467d-bcc0-667504a3dbd7,clean,s3,1,0.428720,0.535144,0.739979
660241e8-1ce7-44b7-9a11-1659ceb22cb7,gaussian_blur,s4,5,0.900649,0.947222,0.957301
660f91ed-d667-464a-bfef-f8799557223b,shot_noise,s4,0,0.679022,0.786869,0.911874
66177c66-3a7f-4ac2-934c-54217c10c380,fog,s3,1,0.663872,0.776592,0.893739
66286961-78f6-49d5-8f2a-d20b2f9736b6,clean,s5,0,0.912510,0.954233,0.954699
6637cfa4-ef2c-42d6-a13e-f529fba1f846,gaussian_blur,s5,0,0.888530,0.940197,0.953979
663b2904-f269-4759-a8ee-eb6fc6d3f2c0,shot_noise,s4,5,0.776499,0.868268,0.919147
663db797-e983-403e-8b80-b11ea92f0721,fog,s5,3,0.711470,0.820066,0.894480
663dcb8e-9261-4bae-bfc6-fc35b2786185,shot_noise,s4,0,0.940507,0.968745,0.988434
6641c23d-1bdf-493c-9695-e7f6dc0cdf7f,gaussian_blur,s2,3,0.778306,0.858852,0.992108
6644a449-572f-40fd-8904-fe866e04ae26,shot_noise,s4,2,0.401132,0.566245,0.587195
66500d14-c3fd-427f-9ff8-e8e861116c96,gaussian_blur,s5,5,0.504245,0.655037,0.715051
6650f11c-ae66-46ac-acfd-0e257989d047,clean,s4,0,0.949731,0.973976,0.983509
66532041-76b4-4d49-9ceb-3c63b48e1b4b,shot_noise,s4,4,0.710001,0.823161,0.871403
6657992a-38e5-4f79-b852-dcbde31394f8,fog,s5,3,0.724691,0.836194,0.865877
66784eb5-675b-401b-8a75-1b48e74fc4d1,gaussian_blur,s4,1,0.743605,0.839352,0.937605
6680a438-91f3-413a-bc8f-8e7561974085,shot_noise,s4,4,0.879231,0.934424,0.955728
668caefa-9330-487a-8702-e8d8ab9643b4,fog,s4,2,0.951494,0.974937,0.983429
668d09a4-e557-48d5-bca2-4ad5c0a88e95,clean,s2,0,0.974545,0.986961,0.998456
66993953-5265-4f53-9d93-2e7f1d511ac4,gaussian_blur,s4,4,0.962195,0.980605,0.987364
66999ad6-e735-4807-b5c0-3c638838ae93,clean,s3,4,0.567082,0.683521,0.850835
66a1bc49-9056-47e4-8740-62e67a3c5fb9,shot_noise,s4,1,0.906731,0.949855,0.975604
66b12b4d-36d6-475b-b5d3-d24ef523579c,clean,s3,4,0.976805,0.988145,0.998474
66b78d22-d6f7-47e0-8d9d-94110a58baad,gaussian_blur,s4,4,0.648373,0.774042,0.842624
66d1a424-bdf3-48dd-b3ba-4f94e6d30c35,fog,s4,5,0.418120,0.582914,0.605909
66daef1e-0f8d-40f4-84ff-72c018a9e879,shot_noise,s5,0,0.459315,0.624557,0.642645
66e7073d-a5ee-4bdd-8c5c-3d2d261103bf,gaussian_blur,s5,4,0.834053,0.909497,0.909760
66e7b5a9-730a-453a-aa32-ca9edfcd7f6b,shot_noise,s5,0,0.826471,0.903687,0.918537
66f5bac6-9818-4b7d-b6e2-9b6a3fd9beab,fog,s5,1,0.978615,0.989190,0.989393
670791ea-f7fc-4c70-bd0c-988133477618,clean,s4,2,0.679022,0.786869,0.911874
67099968-6d24-438c-883a-3b4038422410,shot_noise,s5,4,0.884664,0.938583,0.942384
670a16d5-8a86-4aa9-9243-b692d8fb2700,gaussian_blur,s4,4,0.782783,0.874336,0.908581
670b0c1e-228b-4390-87ad-acd9adf6c76e,clean,s5,1,0.305168,0.413841,0.559397
67206157-1c57-470d-add1-de842d7fa0f2,fog,s5,3,0.835944,0.910052,0.917207
67222523-9e06-45b8-a274-7ee117a6223a,shot_noise,s4,2,0.809369,0.892395,0.915531
67299f16-a574-411c-9d04-8986750b75cd,shot_noise,s1,0,0.373532,0.427611,0.747063
672ad09b-1e38-487f-9492-870433d9e7ed,clean,s3,5,0.811442,0.885911,0.983520
672b0a7e-b567-4feb-b747-34f2713afd59,clean,s5,0,0.977773,0.988756,0.989269
67473702-e8a0-44a7-bb07-3e4f34f4e2f2,clean,s4,3,0.867557,0.926879,0.959219
6747e01d-d812-4e59-8c4c-1358d912d140,fog,s4,3,0.833088,0.904967,0.950809
6749c563-f5e6-43f3-80ea-8fc2795ec375,shot_noise,s3,4,0.596170,0.695591,0.915883
67506885-95ab-4755-acfd-756d7f482685,clean,s4,2,0.973655,0.986571,0.992667
6754cd01-93d2-4c6c-8cb2-4846e37e7d13,clean,s5,1,0.612065,0.753181,0.784372
675de8c1-e13a-442e-86f7-eb27a2a43bf8,fog,s5,3,0.888190,0.940772,0.940997
676b4f44-e0ad-4435-941e-7caa8ce920dc,fog,s4,2,0.763859,0.856343,0.934198
67716f7b-302f-4c17-95c9-41016be69ca6,fog,s4,0,0.971871,0.985647,0.991813
677d8f07-12b4-457a-bde4-e9cf34d3d93e,gaussian_blur,s4,1,0.352459,0.414727,0.703152
677db542-c1f1-4079-8fdd-bddd03c79bfc,clean,s3,4,0.716648,0.811812,0.957829
67847982-9a1f-4830-9734-17a2859f33f0,gaussian_blur,s4,4,0.975999,0.987823,0.990363
6796c269-ea3b-471a-9547-03b2c4ffeb32,fog,s4,5,0.841484,0.912308,0.932293
67a8a72c-c344-4520-b6db-c3965b6f9b14,gaussian_blur,s4,1,0.491389,0.597942,0.810753
67abb4c3-4d30-4dc2-b530-d17ac50c49f9,clean,s4,5,0.902228,0.947741,0.965063
67b1e104-a977-4264-98db-116e08464abb,gaussian_blur,s4,5,0.625603,0.757748,0.818971
67ca9b4d-4b36-4792-b381-f68dc4aeb1b0,fog,s5,3,0.891709,0.942472,0.947669
67ce41ff-0daa-46c8-97a4-fd99c1c453b8,gaussian_blur,s4,0,0.750416,0.848748,0.914715
67dfda77-ef4e-4a8b-a30e-767ff8434384,clean,s5,5,0.408506,0.578970,0.582635
67e1eb32-d97e-40a8-82d3-5075156f1bfd,clean,s4,4,0.876333,0.932183,0.962229
67eb09e8-2023-4ca7-b1ff-14ae9c77e9e9,clean,s4,1,0.936170,0.966471,0.983773
68065e6f-047e-4dcb-991d-07976851e973,fog,s4,0,0.807648,0.891323,0.914448
680f584e-27da-43d8-870a-a2b19edad096,gaussian_blur,s4,2,0.690156,0.799359,0.902989
68137b6b-df44-46a4-832a-ccfef0f5fc98,clean,s4,3,0.902228,0.947741,0.965063
6818046d-dc50-4035-8bcb-89b7a8a8e1e9,clean,s5,1,0.861309,0.924660,0.936472
6824a498-0e16-48fd-ba8c-9abcafc71c67,shot_noise,s4,0,0.963002,0.981087,0.984623
6826ec70-2fd0-4e5d-806f-41ff82276a88,clean,s4,5,0.744048,0.846529,0.896988
68286f05-4b92-4bea-b77c-e65514c588b8,clean,s3,2,0.761960,0.848150,0.975211
6833088d-1f1f-46af-b2d3-acba0c489feb,fog,s5,0,0.865135,0.926928,0.938144
683c62d0-012e-4a83-b8e3-f53ba47ce420,fog,s4,1,0.450548,0.531655,0.812427
683d3737-060d-4b16-bae8-fa230005a9bc,fog,s3,5,0.525474,0.597860,0.915402
6847f933-e573-4c80-8afd-137ddd385c66,gaussian_blur,s4,3,0.869381,0.928438,0.953728
684eccce-fac7-49b8-8a76-684e3e0680e0,shot_noise,s4,3,0.725065,0.835304,0.872923
68518d55-ea58-437a-8605-f0e146ba1f36,gaussian_blur,s4,2,0.955548,0.977020,0.988075
6856b920-f473-4389-ae89-2fd0f8279e37,shot_noise,s4,3,0.946927,0.972470,0.982549
68608c7e-8ba6-4530-a9b2-bc6805efc7a7,fog,s4,2,0.899601,0.945486,0.977621
6861b633-848b-4513-8619-1b286638190a,gaussian_blur,s3,5,0.659456,0.762928,0.929163
6865679e-1767-4c3e-a18c-ee3853064236,gaussian_blur,s4,3,0.751564,0.853514,0.889899
686d64a6-11ed-4157-8566-4beaf0cd0be8,clean,s5,4,0.901453,0.947752,0.956234
688b5be2-6400-4054-8aac-62d2bbe6d397,gaussian_blur,s5,5,0.754432,0.859452,0.864144
6892461b-9bb7-4ff0-af06-cd8956d58311,fog,s5,4,0.824655,0.903696,0.906048
68ae3775-a208-49ee-85cd-1b8c1a5905cd,fog,s4,5,0.539252,0.671639,0.789073
68beb6f1-dc9d-4831-8ddd-3d129e9705e4,clean,s2,1,0.909917,0.950725,0.995627
68d2c167-5b1e-4048-86b3-5a83a2b3a176,shot_noise,s5,0,0.472474,0.625557,0.684965
68db7ed4-d8e7-4f5c-a5dc-de61a371b7b3,gaussian_blur,s5,2,0.650330,0.779480,0.827307
68e4d528-6f11-4027-89d6-7960d810da9f,gaussian_blur,s4,3,0.729663,0.836004,0.890663
68e60a8d-5464-4278-a8cd-86e7d8d5a99e,gaussian_blur,s4,5,0.633014,0.765390,0.817387
68f68558-4c11-4980-9538-bb58301b97c1,shot_noise,s4,1,0.832873,0.905353,0.945417
68f81177-17f5-4023-9ba5-4c2f71f6b9c6,clean,s5,1,0.434736,0.559523,0.711565
68fe6111-a2f6-4925-977f-ce0c4330798e,shot_noise,s4,4,0.764214,0.856055,0.937877
691031bc-60a9-40d4-9d50-63199b8db310,shot_noise,s5,3,0.634413,0.776319,0.776319
69115ae7-af2d-4b05-90f3-9ace9446cda7,shot_noise,s5,2,0.908283,0.951921,0.952272
6915fb4c-f39a-448c-966b-72f0bb330a4a,clean,s5,3,0.445268,0.595820,0.666533
691a3e87-cce1-4473-bbad-4b9882db87bc,clean,s4,3,0.926468,0.961207,0.977893
691bb64b-a1a3-4b48-9732-09760968d109,clean,s3,3,0.696776,0.799880,0.928299
691f8e89-30f5-4b35-9ef8-e98ff1ab44bb,clean,s3,4,0.428720,0.535144,0.739979
6923a11a-2208-4d38-96ac-f4f779884feb,gaussian_blur,s5,3,0.810130,0.894461,0.901227
69265669-4f82-4d09-8b77-12aa6709df39,clean,s5,1,0.958936,0.978965,0.982492
6928ee25-cdf7-47d2-8a6c-d6676ca63524,clean,s3,4,0.857353,0.919283,0.971706
692bfa84-5b86-474a-a081-b8d86f0579d2,gaussian_blur,s4,1,0.916148,0.955227,0.978841
693973db-2e26-4000-953f-7aa147fb688a,shot_noise,s5,0,0.953596,0.976188,0.978720
69481808-b1cc-4645-b859-06e32898a9f8,fog,s4,0,0.898130,0.944888,0.972517
694bf456-7fb2-4c72-8d73-384a1178fdfc,shot_noise,s3,4,0.983436,0.991598,0.997733
6955f4c7-8d97-4301-8900-f415b286e5dc,shot_noise,s3,3,0.599321,0.698511,0.918491
6956b201-6b0c-4c0c-ae74-3e3178410a47,shot_noise,s5,4,0.925783,0.960976,0.973888
69703d0a-9171-4c08-bd04-8ad655194dfe,gaussian_blur,s5,5,0.840018,0.912385,0.920699
697c5574-2a7c-4d07-94d4-0cac6bc2965c,fog,s5,4,0.889815,0.941657,0.942341
69820141-0acd-476b-80b7-b1f5bafe0197,gaussian_blur,s5,0,0.908927,0.952009,0.958181
698286f4-c7f6-4338-9af1-8c909e5303fa,gaussian_blur,s4,2,0.520689,0.609072,0.878537
698531f2-5272-4f3f-be4b-817812360bd1,clean,s4,1,0.977553,0.988625,0.990745
698603ba-4aad-434f-aef0-99a8a36cbef0,gaussian_blur,s4,0,0.901916,0.947645,0.963404
6994290d-651b-4324-93f5-a75dbe617640,gaussian_blur,s4,5,0.588240,0.710279,0.845899
69bd9b32-97fd-456b-8041-37b2beb55081,shot_noise,s5,1,0.885143,0.939003,0.940208
69bfab58-5f1e-4d26-929c-b50f5ac213de,gaussian_blur,s4,1,0.808406,0.891500,0.917584
69e33201-7bcd-4a2d-830e-ac8fb3fc45cd,clean,s5,3,0.805104,0.891349,0.898304
69eb94a6-e71b-4963-977d-964ca00e13ec,gaussian_blur,s4,1,0.882337,0.936759,0.949061
69f0891f-af05-4397-9f2a-e5db938abb3b,shot_noise,s4,3,0.943783,0.970735,0.982823
69fcabb2-15a8-44cb-a507-35ab2de010d3,shot_noise,s5,1,0.893528,0.943519,0.948217
6a029e86-c9df-4a5d-a773-b72e5dc579fa,gaussian_blur,s4,4,0.263709,0.405679,0.437008
6a0f284c-78d5-4fb7-aafa-bdcfaeff6be2,gaussian_blur,s2,1,0.972838,0.986063,0.998348
6a1868de-6d9c-4485-b3f4-3d026b50ec53,gaussian_blur,s4,4,0.960787,0.979867,0.986661
6a1c136d-f184-4e88-aead-b4e00e6c13cd,gaussian_blur,s3,1,0.714978,0.818494,0.918156
6a312bae-1294-4640-a0a9-fe043aca88cc,shot_noise,s5,0,0.834908,0.910005,0.910264
6a3b8d45-2aee-4fd7-ac54-9e2d856240ef,shot_noise,s4,5,0.945936,0.971900,0.983520
6a3ffe67-9a99-448e-8a28-17bd41f11aee,clean,s4,4,0.898588,0.945810,0.960907
6a48f84c-eac3-405e-8891-5842c8deb6db,fog,s4,3,0.692510,0.816154,0.830123
6a5314d7-e0f8-4a22-b638-429ebe552184,fog,s3,5,0.905508,0.948591,0.985826
6a64a234-1c7f-4770-8d43-6064672af748,fog,s5,4,0.171648,0.262881,0.333867
6a6aba43-0a88-4bdc-a43b-fb3ca5a9a7db,fog,s5,3,0.962472,0.980860,0.981755
6a6ec497-b789-4711-9a74-fc16aa80f006,fog,s4,4,0.760766,0.862419,0.876571
6a714a65-95b0-4b92-9185-1867f70c138e,fog,s4,1,0.849677,0.915985,0.951403
6a74cc35-d709-4e33-be18-d45f80952589,gaussian_blur,s3,4,0.659200,0.754069,0.959405
6a81be9e-4e74-4593-8d7e-1cb879505da1,shot_noise,s4,1,0.879574,0.934808,0.953130
6a8a7581-0daa-4661-84f3-542b7423ba27,shot_noise,s5,1,0.284292,0.390759,0.528012
6a8edbb5-f9e8-4542-a89c-86bfedf788b8,clean,s4,0,0.730823,0.829529,0.932187
6a933a73-4dcd-4982-90cf-b6a8a81d9aa3,clean,s5,1,0.925712,0.961407,0.961838
6a972c09-8790-4542-acf0-bff482269553,fog,s4,0,0.902930,0.948070,0.966691
6a99d99c-4982-4177-afb6-3e225dac0e4f,fog,s4,1,0.506505,0.582709,0.887419
6a9f9a34-f6a5-4669-ba9f-41352347e509,shot_noise,s3,2,0.704070,0.810181,0.911465
6aa8a42d-c231-40db-8795-43aac33a0bd7,shot_noise,s4,3,0.900647,0.947223,0.957264
6abf2351-004f-417c-8332-fe22e52b5f19,shot_noise,s5,0,0.735280,0.843777,0.870949
6ac3cdb0-c0bb-4db5-af13-3b26b04eb34b,fog,s1,4,0.315739,0.387059,0.631477
6aca823e-74cf-4dd3-9bee-88c143d42f86,shot_noise,s5,4,0.740096,0.850334,0.852667
6ad1594e-035a-412e-a532-fc039b6daa65,fog,s3,1,0.919878,0.956849,0.991125
6ad1fb6b-218f-484d-b370-d149915a1f28,shot_noise,s5,2,0.971599,0.985588,0.986055
6ad995c5-3fb3-49e1-b3cc-3428fa19908e,clean,s4,2,0.880852,0.935526,0.954123
6ae37a7c-0e30-4432-b55c-972f3fc70eb5,gaussian_blur,s1,0,0.373532,0.427611,0.747063
6ae57f3a-0677-4a18-83ac-3a95b1609c76,shot_noise,s4,3,0.783774,0.872273,0.929739
6aea693f-824b-4fdf-b9a4-085143d270fb,shot_noise,s3,3,0.459145,0.478703,0.918291
6aeaacf0-eb81-4660-b2e1-dc408ae8ccac,clean,s4,4,0.833588,0.903652,0.967269
6aeda18c-a8b6-48e4-875c-0d632e51e186,shot_noise,s4,2,0.592420,0.713401,0.850992
6aee4640-1062-4cb6-a975-ace9678a8688,fog,s4,0,0.595732,0.734031,0.794126
6af12ed6-c3dc-47b3-902d-c60c3ae300b5,gaussian_blur,s5,5,0.745546,0.845145,0.912875
6afc22fe-71af-48fa-8079-2b64a25b53ee,clean,s5,0,0.386394,0.526655,0.622380
6b0b7ffe-7193-4bb2-af54-5c0ca56546c2,gaussian_blur,s4,4,0.762974,0.852284,0.955381
6b1203b6-c5bc-449a-8744-26961894d7f1,clean,s3,1,0.925907,0.960327,0.991792
6b198410-7269-4df2-a505-f1e190efee27,fog,s5,3,0.412625,0.580590,0.592795
6b2248a6-0be9-4c5b-a76c-7738e6339aca,shot_noise,s4,1,0.785646,0.874545,0.923099
6b2dc9de-dd40-4ea7-872c-70cd12758dfd,gaussian_blur,s5,0,0.271251,0.375823,0.508330
6b3c226a-d603-494f-a650-3e5eb9f6aa8a,shot_noise,s5,4,0.845963,0.916434,0.917994
6b6825fc-8a40-4590-abe3-8c0397045c77,clean,s5,1,0.514731,0.663495,0.727595
6b6caf5f-5901-447f-a848-ee1153c6c04d,clean,s4,0,0.797129,0.883379,0.919141
6b854dfd-6ccd-48a5-87e2-ece8b8749114,shot_noise,s5,4,0.387122,0.527595,0.622880
6b916b59-3317-42bf-91e7-e3a1ea7e61e1,shot_noise,s4,4,0.797827,0.884969,0.909947
6b9d5cd9-940c-4a9b-b5db-f8d23064235a,clean,s5,3,0.792863,0.884453,0.884581
6ba8460e-cd38-4e21-95ed-7d4129414d5f,shot_noise,s4,1,0.505108,0.664351,0.691575
6bb1c703-8771-47eb-9962-5a2043d25df6,fog,s2,2,0.687278,0.783272,0.959480
6bb3961b-6a2d-4930-b275-709f8409df69,clean,s5,3,0.790848,0.881375,0.898683
6bd0d4e3-e57f-4016-8c71-e05196f989b6,gaussian_blur,s5,1,0.937005,0.967438,0.968700
6bd8e4af-acc4-4d93-b49d-e0b29e0f08a5,fog,s4,1,0.932626,0.964367,0.986795
6bde4219-12c5-4638-87aa-988f850a882a,clean,s3,5,0.613432,0.713442,0.924299
6be8f227-d89e-420b-9548-1e47c0366085,gaussian_blur,s5,2,0.451116,0.600996,0.673765
6bfd7a2c-80c6-442e-acb5-91570168a139,clean,s4,1,0.964984,0.982047,0.989605
6bff9672-1d62-40dd-86c7-33b2d1a73469,clean,s5,2,0.739600,0.848868,0.859857
6c09ff4e-6057-46fd-a8b5-cd4acd773174,fog,s3,2,0.920486,0.957412,0.986415
6c0c892a-baf5-4fb5-b854-326a42e10089,shot_noise,s2,1,0.720367,0.813001,0.968240
6c18c165-46ae-4f6f-8f03-b1d56328ce20,gaussian_blur,s4,3,0.958970,0.978905,0.986177
6c1cb70d-02eb-4ae9-a841-a9a23b99c65e,gaussian_blur,s4,0,0.945967,0.972027,0.979616
6c296734-d3e4-4137-88c1-c04fc61b6125,fog,s4,1,0.904624,0.949509,0.958133
6c3c9e43-05ed-4366-a8ca-dd3e27ca6585,clean,s5,5,0.938744,0.968384,0.969032
6c47a79d-8b38-4da0-980e-c9c3613a988b,clean,s3,3,0.983981,0.991878,0.997808
6c4be27d-942d-4483-9772-d2b0da9bdea7,fog,s4,0,0.977553,0.988625,0.990745
6c56977c-169c-41b4-89b6-65e96e7d9dcb,shot_noise,s5,5,0.812434,0.896305,0.898501
6c57192f-8b4e-4160-8694-1873ae4b99f2,fog,s5,0,0.863801,0.926852,0.927910
6c5897a5-f750-4288-b41d-c759ca0084e0,clean,s5,2,0.755666,0.852416,0.917851
6c5de1d7-64b5-49c2-bda5-ef40baebd62a,clean,s5,5,0.888530,0.940197,0.953979
6c7a3fae-3116-42d8-baf7-425c5426450a,gaussian_blur,s4,1,0.812860,0.891977,0.941146
6c7ae3fd-b873-4def-b38f-3cfb440e1eac,shot_noise,s5,0,0.891202,0.942408,0.943568
6c8ee054-b713-4e05-8cd6-c8d17ac95deb,clean,s4,0,0.940990,0.969341,0.977989
6c91b6c0-ee66-4d76-ac9d-153de857c98b,shot_noise,s3,0,0.983981,0.991878,0.997808
6c9d07b7-33b2-407a-b87b-2f3ef972f003,fog,s2,3,0.942645,0.969679,0.996739
6caf7bc3-04bb-4673-8144-bf740aa5eabc,fog,s4,0,0.924323,0.959723,0.984257
6ccbfbf8-c37c-4ca3-a1fb-b26eaeab82aa,clean,s3,5,0.968420,0.983790,0.994257
6cd5627b-0d58-44cd-b8ba-f216da5044d6,clean,s5,3,0.655362,0.789945,0.800656
6ce65dae-ae2e-43c8-ab30-18c246d83823,gaussian_blur,s5,1,0.743147,0.851589,0.859803
6cf9d643-825f-43bf-bbb1-ccfc95714fa2,fog,s3,5,0.940038,0.968279,0.994722
6d0fb1e5-4971-4b20-9595-24494670249a,gaussian_blur,s5,1,0.929485,0.963446,0.963685
6d102bbd-b5ac-4236-a006-b4f0825fd8cb,clean,s5,0,0.755666,0.852416,0.917851
6d22c346-470d-496b-8d89-d8facf2ae33b,gaussian_blur,s5,3,0.925419,0.961160,0.963957
6d27bb7c-d2f2-493a-876c-bcf2dd04b437,clean,s5,2,0.449576,0.620286,0.620288
6d38a3c0-39bb-4bbf-9d57-586892930f11,shot_noise,s4,0,0.912992,0.954041,0.964881
6d3fb512-f8c9-445e-a07b-d846740e4288,clean,s3,5,0.702019,0.799749,0.950648
6d44b176-3430-4011-ab9a-317f489d1e6d,fog,s2,5,0.930882,0.963023,0.996144
6d5cce43-fec0-47ec-bbec-d5c9cf431893,fog,s5,0,0.901453,0.947752,0.956234
6d5cfaa6-85d3-429c-b802-8dfaa5f016d9,gaussian_blur,s4,2,0.943658,0.970669,0.982715
6d690d55-046e-4207-9a51-a3512e8cb972,shot_noise,s5,4,0.702820,0.823053,0.839184
6d757403-0bef-4f21-a147-eecb7d1687b6,shot_noise,s5,5,0.982877,0.991361,0.991711
6d7b9c75-e5ad-4ed0-b339-1b81a100d2d9,clean,s4,0,0.879878,0.934160,0.965584
6d7e0ef7-0a74-4c30-b8f4-07565225bd28,shot_noise,s4,2,0.765173,0.858890,0.924203
6d81062e-b5de-47f9-bf74-8a96991264d1,gaussian_blur,s5,4,0.483279,0.620223,0.734351
6d811135-419e-4fb6-8dee-9b421ae3f92b,fog,s4,3,0.968533,0.983944,0.988416
6d85e249-77ef-4de1-ace5-c93bc14dc2fb,clean,s5,5,0.797107,0.887061,0.887447
6d87d0f8-dbb1-4d88-b397-bc66caf7ede3,gaussian_blur,s5,4,0.449614,0.600199,0.670656
6d8bffbd-d29e-436d-abb5-8f587b867bdb,fog,s4,5,0.766864,0.858566,0.935112
6d9b9a2a-aa1e-4b08-bd11-e6bb0d11a00b,fog,s5,0,0.770739,0.870444,0.871179
6da7e3f8-d6ae-4f71-9d49-5a6b1cd7ac32,fog,s5,5,0.338550,0.477285,0.560485
6da7eb68-4784-473a-b4fb-c8c3c897f6ef,gaussian_blur,s5,5,0.933465,0.965577,0.965880
6da8550c-268f-49cc-a8a0-114f7143cbf2,fog,s2,3,0.942429,0.969523,0.997872
6dae0c15-fc48-4c56-8c63-bd96f29c049f,fog,s4,0,0.635610,0.767949,0.817141
6dbcf020-f736-43a8-b928-2a85f875cebd,gaussian_blur,s3,0,0.958667,0.978526,0.996174
6ddf35d8-086a-4e2e-9236-389b003ce798,fog,s5,4,0.936339,0.967051,0.969314
6df0e079-a534-4508-b3c5-f1b5e3e95f6f,gaussian_blur,s4,2,0.478752,0.625200,0.707028
6e0d1c75-a936-467e-821b-f228bc3faa43,gaussian_blur,s5,5,0.365138,0.512122,0.581728
6e121f4c-88c3-4d4c-8db6-b11e3335925b,gaussian_blur,s4,1,0.901927,0.947501,0.966234
6e216fdc-e72a-42bb-845b-ec1f3b8c2538,clean,s5,2,0.958936,0.978965,0.982492
6e21dba2-4e18-4597-89f4-17a73d7e9124,gaussian_blur,s4,2,0.940879,0.969154,0.982030
6e291706-40ea-4743-9997-09a742ec5eb9,clean,s3,1,0.857353,0.919283,0.971706
6e32446d-76c7-4ffa-91dc-f137ca31c765,fog,s5,5,0.598945,0.747126,0.757280
6e3d5f5f-0f44-46ed-bb7f-11b26e6c1b37,clean,s5,0,0.863929,0.926600,0.932408
6e40f379-b34d-4ed1-9449-33ce78f63625,fog,s5,1,0.531312,0.611662,0.905778
6e4e6d37-5815-4814-8430-4ea95cdc0c05,gaussian_blur,s5,0,0.891202,0.942408,0.943568
6e5755d5-910e-4dad-9fe4-33ec9fd6311e,fog,s3,0,0.564895,0.687961,0.830913
6e5ee00a-3bed-43d2-9ecc-9ba308f69791,gaussian_blur,s3,2,0.939276,0.968059,0.988366
6e6a8823-d7de-46f2-a076-04105c87ec7e,clean,s4,4,0.977902,0.988805,0.990852
6e6e99d5-c9a0-4e26-bcef-360ced0b0af9,fog,s4,1,0.919434,0.956946,0.983117
6e837971-6bd3-44a7-906f-711425668cc4,gaussian_blur,s5,3,0.819889,0.899239,0.918827
6e8e35fb-5618-456a-b2e7-db725e059732,clean,s5,1,0.865135,0.926928,0.938144
6e9926df-982e-451a-8e3a-20df53d285b5,fog,s3,0,0.716648,0.811812,0.957829
6eb474d9-3cd5-4756-8b70-1ef4448ea4af,clean,s4,2,0.660697,0.783908,0.850192
6ebdf27b-02fd-4fbf-a948-84c8bb4e51cc,fog,s5,2,0.850597,0.919179,0.920363
6ec51863-b7ee-48c9-8021-0ebcadddcc80,gaussian_blur,s5,2,0.907866,0.951536,0.955271
6ed83664-47e5-4268-935d-017a1a9214ad,fog,s3,4,0.957842,0.978081,0.996090
6edadbd0-04b2-48b5-84e7-f99054a02e45,shot_noise,s4,5,0.725389,0.825303,0.929787
6ee67bc7-6c26-4d3a-8142-4eadfb095ee7,gaussian_blur,s5,0,0.514731,0.663495,0.727595
6eee57a5-a639-4c24-b5fd-99354268eea5,shot_noise,s4,2,0.782201,0.873287,0.913349
6eff88d4-7325-4e70-8f35-349766ba6081,gaussian_blur,s4,5,0.835680,0.908590,0.931227
6f16cc99-1eee-4e9e-a11d-84ca3ce73b9f,clean,s4,3,0.917307,0.956016,0.976294
6f21c3fb-545c-4c49-ba87-720ea19414ec,clean,s5,2,0.492729,0.655163,0.674699
6f278824-194b-4b77-a2a5-d065d7f75583,clean,s4,2,0.621295,0.733291,0.890627
6f333239-fec5-444e-a02d-38c647ad34bf,fog,s3,5,0.471051,0.501606,0.918966
6f3805eb-dc1c-4da4-a2da-dcecf10beb3b,gaussian_blur,s4,2,0.882815,0.936619,0.955768
6f3df53f-3d84-484e-9936-9d73395a8772,gaussian_blur,s4,2,0.903568,0.948171,0.971922
6f48215d-64fd-4806-8248-d975359c934f,fog,s5,1,0.909454,0.952540,0.953440
6f55c13e-1037-4488-8e66-329fd6055b25,clean,s3,0,0.677765,0.782565,0.924629
6f7c6439-ab3d-4936-832a-d1c9ce5d7dc8,shot_noise,s3,5,0.419165,0.526939,0.725547
6f87e731-4521-4559-81c1-452077bc0b42,fog,s5,3,0.438364,0.588287,0.661131
6f957443-a485-4ae3-9b9c-88ce75e8f91f,clean,s3,4,0.681456,0.791088,0.903739
6fba0e06-2d05-46ca-8d98-1c846c39344e,gaussian_blur,s5,1,0.923930,0.959950,0.973237
6fbc11ef-45d2-4979-953c-98dbc1863665,gaussian_blur,s4,4,0.860235,0.922165,0.959573
6fdcb69c-7f31-4d96-b331-fd1965e64860,clean,s4,2,0.873132,0.930810,0.953365
6fe22e7b-1b7e-4d24-8d33-e98111cc09e7,shot_noise,s3,1,0.695531,0.801099,0.917610
6ff10224-6633-4b41-9af1-e103682f2e8c,clean,s5,0,0.967115,0.983236,0.986069
6ff2b5bc-be15-4faf-9115-4f88aa59e011,clean,s5,5,0.925712,0.961407,0.961838
6fff0795-d409-4022-9b88-e750f719cc0e,gaussian_blur,s3,4,0.538707,0.634722,0.879483
7015d9b9-0cfc-4ff9-b96f-3563e7300e81,gaussian_blur,s5,4,0.800809,0.889381,0.889451
7016b9f1-b8f4-43aa-8611-78736fa32653,gaussian_blur,s5,0,0.735920,0.846789,0.854949
7018233f-2e74-4046-8f89-0dad62826194,fog,s5,0,0.779429,0.874593,0.887616
701828cd-c9e5-46e1-ab09-23a193492b8a,fog,s4,2,0.904401,0.948964,0.966201
7021bd9c-88cc-4592-a27e-aef2ccfa79f9,gaussian_blur,s4,0,0.635610,0.767949,0.817141
7035b0ae-f76a-488c-9841-6dea3f219233,shot_noise,s3,3,0.534665,0.611128,0.917053
7038d8d6-a3b4-445f-a442-30e933be1480,gaussian_blur,s5,5,0.634244,0.772902,0.790683
703f2e90-59d2-4f39-b919-ec3b403a733a,fog,s5,4,0.847642,0.917460,0.918501
70417b0b-bc63-420c-a268-c03f38fcd48b,clean,s5,0,0.975313,0.987478,0.989408
704dad55-6528-42a1-95f3-f1394294088f,shot_noise,s5,5,0.897315,0.945457,0.953616
705a5ff8-556f-4b53-a5a0-852e00220522,shot_noise,s4,4,0.961967,0.980484,0.987298
70725fd5-0ac3-49d9-8316-14d9ad502e2f,shot_noise,s1,0,0.496405,0.498196,0.992811
7076df9f-0372-447d-90d2-990a377f3eb3,fog,s5,2,0.934200,0.965902,0.968285
7082a3cc-f877-41a9-ba9f-1253cd629a65,fog,s4,0,0.362597,0.420599,0.724853
7090893e-02f3-4b54-8321-41895e1fd007,shot_noise,s5,4,0.476407,0.640122,0.659915
709aad61-d812-47e7-8cff-57477343124f,gaussian_blur,s3,4,0.770071,0.856769,0.963189
70a1edf5-db2d-46ce-9f2e-72f1d732db2a,clean,s5,0,0.654255,0.790489,0.793419
70a33bd7-2a10-45ef-a10f-784813d8a13c,fog,s5,0,0.824825,0.903333,0.910949
70a9eadf-4283-4291-bebb-34f290c737ff,fog,s5,2,0.715534,0.829171,0.863516
70bf50c3-db79-41e5-891d-da0a988dcff9,clean,s4,4,0.284307,0.426547,0.470976
70c63734-8edc-4ff5-907f-b3488b0618d6,clean,s5,4,0.951849,0.975321,0.975706
70cc955c-8a8b-4f50-bdd7-e0e87c86cdd3,gaussian_blur,s4,2,0.898340,0.945772,0.958907
70cff4ac-88ff-404c-9bc6-52e31af9a7d2,clean,s4,1,0.817748,0.894434,0.949979
70d5e6cd-2feb-46fd-aeb6-9d210fc159cd,fog,s5,3,0.872254,0.931192,0.940160
70d80810-73c2-49c5-afbd-bcd1b9acdb0d,fog,s4,2,0.864992,0.926219,0.946459
70dc9d7c-1a6c-410f-b1c2-ef2dc75467f5,shot_noise,s4,4,0.959081,0.978957,0.986507
70edf71b-b292-40df-b407-389b54750a3b,shot_noise,s4,5,0.870672,0.928555,0.963211
70f28174-4e3f-48f3-bf92-d755c080196e,gaussian_blur,s4,0,0.595732,0.734031,0.794126
70fd4483-59cd-4818-b082-175d3a6cbe28,shot_noise,s4,3,0.364933,0.424737,0.725925
7107d18b-b173-47a8-af69-89e695717d7b,fog,s4,4,0.909512,0.952204,0.961145
710ff66c-449a-4908-b7d2-6273160ac31d,clean,s5,1,0.768254,0.866537,0.886950
71139110-12d2-4da5-93ff-e09f88c3bb90,fog,s5,5,0.219081,0.314569,0.424853
711a019f-2f11-477c-af38-94aef91c87fc,fog,s5,0,0.854762,0.921549,0.923547
711e0157-7265-4a62-9971-059342c9378d,shot_noise,s4,1,0.980933,0.990357,0.992256
714975aa-fd5b-4340-8c67-6ad9ebfaa502,fog,s4,2,0.849210,0.916357,0.943563
71659a77-6948-4990-a768-0e4bef5d7c65,clean,s4,2,0.945967,0.972027,0.979616
718ea20b-a716-4c7f-8986-f7b11acf82db,gaussian_blur,s4,1,0.514573,0.672410,0.701126
7190c652-e21d-4bac-83b3-9496b388f4db,shot_noise,s5,3,0.688772,0.815413,0.817307
7198cf94-3935-4bd6-acec-7538bf99a2de,gaussian_blur,s3,5,0.933575,0.964797,0.989778
7198fe23-be52-4b55-bf14-79cd150fed40,fog,s4,2,0.970307,0.984832,0.991360
719977f4-6aec-4583-bead-e61464ebaa9e,clean,s4,1,0.783326,0.873017,0.921682
719af435-9e9c-4dd5-b7b0-6aca823f2ad1,fog,s4,3,0.448350,0.536669,0.797067
71a11a84-bd3b-436e-8690-0092f4cac539,fog,s5,5,0.757854,0.862245,0.862277
71a25fb1-33d2-4a31-a18a-11dcbd511403,clean,s5,3,0.748112,0.855600,0.858043
71af2cbf-77ad-43f5-8a55-5e21b4b8425c,clean,s5,1,0.963798,0.981556,0.982080
71b1e5dc-9ea4-405a-ad33-d11abbc8e6ea,shot_noise,s5,4,0.952641,0.975601,0.981685
71b408ba-3cf9-4402-8612-781566e80e81,gaussian_blur,s5,4,0.854422,0.921401,0.922722
71b6f1ca-e05e-4719-88d5-8fd94b1718eb,shot_noise,s5,5,0.394540,0.537819,0.626452
71b78ac5-ce26-4813-b14f-eb41eada68d6,shot_noise,s5,3,0.574393,0.725154,0.746096
71c3d1df-791b-49cd-b86b-1a26f3606b5a,clean,s3,4,0.921872,0.958186,0.987141
71cdee3a-94b2-4623-88b4-9da40868b31d,gaussian_blur,s4,4,0.374822,0.441913,0.730459
71d28406-eff0-4825-94f7-c7c699551cc5,shot_noise,s3,3,0.741659,0.837649,0.938030
71d72ccf-250d-4333-aa84-3a0f2fa35006,gaussian_blur,s4,2,0.922049,0.958575,0.980432
71f48c52-3ab1-41f4-81bb-00e7520747ea,fog,s4,0,0.928955,0.962552,0.979648
71fd3f77-8cc3-4340-b7d6-2c4fd0cc97b9,shot_noise,s5,2,0.650980,0.786714,0.797435
71fe6f34-bcd9-4bda-89a1-24af8a093c9a,clean,s4,4,0.861726,0.923073,0.960240
72061e26-00c6-489e-8a33-0903ffa74d56,clean,s3,3,0.428720,0.535144,0.739979
720ffa17-e5d6-4968-bb92-99a9264013d3,gaussian_blur,s4,0,0.495712,0.633600,0.742658
721422c5-bbfb-4cd1-955d-880a1eea99fd,shot_noise,s4,2,0.888655,0.940317,0.953255
7215a279-a84d-49d5-be41-6c73818b3498,shot_noise,s5,3,0.901675,0.948089,0.952280
7215ba08-9c43-4022-bdde-0ad0be6b5d7f,clean,s5,3,0.913124,0.954582,0.954757
72180ab9-2b84-40d2-bbf5-83e82a4ede0d,fog,s5,1,0.780356,0.875145,0.888511
721a6ec3-9485-4b2c-b460-9169de3720a6,gaussian_blur,s4,2,0.797461,0.883592,0.919344
721fcaec-79fa-47b8-8c01-26c02e4200ac,shot_noise,s4,3,0.956442,0.977601,0.983776
72214252-f06b-4bc7-97d2-f779a9cc7960,fog,s3,0,0.968420,0.983790,0.994257
7222af7c-9124-4b49-b512-e8d0c184eaa8,clean,s4,2,0.962842,0.980945,0.987600
722e8954-dd75-4d4d-9b07-badce0ee02c8,gaussian_blur,s4,4,0.828480,0.903415,0.934981
7231c12b-b16e-4ab2-8683-012741c7e369,fog,s3,0,0.976805,0.988145,0.998474
72328cb2-a57c-4581-9d1f-8edbe5a7b7d5,gaussian_blur,s4,1,0.460218,0.585366,0.738811
723e0c90-38d6-4f74-a8f6-c58ba4896301,gaussian_blur,s3,5,0.572487,0.677763,0.884432
72602ac8-cfea-459e-92e1-1c53ec86e35c,fog,s5,1,0.969546,0.984538,0.984544
72628d6f-06b7-4458-9638-6e60a06fe8b5,fog,s5,0,0.381574,0.539025,0.581339
7264ede7-4e24-4b47-9986-badb4d4d6f98,shot_noise,s4,0,0.924323,0.959723,0.984257
726a230c-a7a6-43e4-bd34-41b66928eecd,clean,s4,0,0.361702,0.459950,0.663275
726ced60-bea4-4e6b-824e-67f1118c6e7c,fog,s3,3,0.638801,0.749884,0.898389
7273a2db-c1ff-461c-9da9-780eb19a8a86,gaussian_blur,s5,2,0.913393,0.954402,0.962072
727c2103-bce1-4d16-9d8c-f0c2fd464376,clean,s2,0,0.721386,0.813896,0.968448
727efb58-7044-475d-9049-25575758043e,gaussian_blur,s5,0,0.829522,0.906762,0.907423
7281a931-cba5-44bf-879c-43ad6dbca203,fog,s5,5,0.607809,0.754720,0.761579
72a324f1-722d-4ff4-b983-f3059d1ecc16,shot_noise,s5,2,0.832418,0.907910,0.915451
72a9f029-a642-4f7a-ab84-c2fd7e35fe08,fog,s4,3,0.911158,0.952199,0.981021
72aebe45-87c4-4185-93e0-30a7e380a849,shot_noise,s5,2,0.808791,0.893656,0.900245
72b307b0-d671-4be8-8b67-8acb359ddbf6,shot_noise,s4,0,0.797129,0.883379,0.919141
72b49748-4589-443f-88cf-4b562ff67d25,fog,s5,0,0.611499,0.758005,0.762699
72bcbc94-6f07-40ec-bf86-832969532daf,gaussian_blur,s5,4,0.907750,0.951618,0.952187
72ccfdfc-6ecc-4ebd-8395-8eb3c1df6526,shot_noise,s4,4,0.717303,0.825358,0.892789
72dbc0d0-c47f-4034-9528-fad02d0ccaa7,fog,s4,3,0.850627,0.916570,0.951824
72e4b629-527e-41e4-af4b-96e698d2fc6c,shot_noise,s5,5,0.959651,0.979378,0.980997
72e8ca62-2b89-47ab-9f09-b793f2f8c3cf,clean,s2,5,0.700064,0.794986,0.963018
72f11b3a-b614-4528-9ef9-2e1bf84193e1,fog,s3,5,0.727802,0.824015,0.947269
72f656ae-c879-4030-9f37-103c3ed1c957,fog,s4,2,0.422525,0.567084,0.656336
72feda10-14d3-4ee8-9f07-7d849b58e59d,gaussian_blur,s4,2,0.740602,0.842510,0.904704
730b1aa2-77fa-459d-9d16-6e611386648f,shot_noise,s4,4,0.976787,0.988232,0.990385
730d4061-3e2e-45c7-8877-85118b3324c1,gaussian_blur,s5,5,0.884898,0.938898,0.939541
730edd3d-8f14-4463-9d65-c2b6e5d24151,shot_noise,s4,2,0.364036,0.467008,0.659008
731231c3-c1a3-4535-b38b-df6f9f0f5058,shot_noise,s4,3,0.912912,0.953997,0.964839
731738d1-6b1d-450e-bbf2-419cd99deb96,gaussian_blur,s5,2,0.596940,0.745653,0.755280
7329112c-796c-41f0-bc65-186d0a0fc820,fog,s4,4,0.974405,0.986972,0.991970
7329cc71-dbe1-4bbd-bad9-e1f1ceaf8dc2,gaussian_blur,s3,4,0.914000,0.953417,0.990512
733418ec-f8b2-417e-a5da-fc530172fe4e,shot_noise,s4,3,0.838867,0.909143,0.947928
7334e730-0276-4f9f-8c92-5aaeb1a5a8cb,gaussian_blur,s5,1,0.915478,0.955715,0.959471
734daffc-9f88-409f-a1f4-2a360fe1da33,fog,s5,3,0.655089,0.791146,0.793808
739d6954-b74d-403c-bd2a-07242175862d,shot_noise,s4,3,0.787576,0.876996,0.915072
73a1f870-6175-4547-b6e5-ecb00bbca70e,clean,s5,4,0.779429,0.874593,0.887616
73a9dea4-26d9-44eb-8f7a-1d22301c1cf5,gaussian_blur,s3,1,0.944449,0.970869,0.990739
73c254ae-9f5a-4ee9-b4c9-bdeed163d27a,fog,s4,3,0.933728,0.965164,0.981931
73c29172-3840-475a-8df3-14bbb82dbeda,gaussian_blur,s4,3,0.914108,0.954772,0.962987
73c413fa-de77-4e7a-af9d-1f764b310328,shot_noise,s4,1,0.943696,0.970688,0.982787
73ca8c22-871f-48d4-a8a3-85f7c29be79a,fog,s5,1,0.405043,0.566066,0.600731
73cf7a57-2fa9-4c9a-a610-1f0f3e8bfc07,gaussian_blur,s5,5,0.923342,0.959991,0.963952
73d2ba10-968e-43f6-95fb-d0809ff31006,clean,s5,2,0.746387,0.854247,0.858428
73d5b0bd-146a-48a5-8a08-a448c0b895f4,clean,s5,1,0.351146,0.440836,0.660949
73df9f6e-29f1-41db-a4c5-085eb88d8461,shot_noise,s4,4,0.961200,0.980144,0.983865
73e1099e-f502-48f9-bd9f-97fc65ed3434,clean,s3,1,0.659679,0.763048,0.929573
73e2358b-195e-4b08-afbb-27da3075f37c,gaussian_blur,s5,3,0.963409,0.981354,0.981881
73ed9ae2-0d7f-4797-9075-19ec020fa151,shot_noise,s5,2,0.861169,0.924737,0.934304
73effd2c-34c7-4fc6-b6bd-bd4bf429be25,fog,s4,4,0.732788,0.837124,0.899003
73f04f16-a12b-41d8-9f7e-2ca510ea2943,shot_noise,s2,3,0.910835,0.951274,0.995664
73f88228-0979-4019-89b6-ca95e57fc0b3,clean,s4,3,0.807648,0.891323,0.914448
73fc8f8f-5282-412c-babb-37438abb3901,gaussian_blur,s5,0,0.820536,0.901361,0.902052
74266a57-aa2a-4520-aaea-9d7905b4c3d4,gaussian_blur,s3,2,0.562937,0.680330,0.845573
74279e99-5903-44ab-b1e1-77bdca48a0cd,shot_noise,s4,1,0.736084,0.840822,0.892964
742afc35-32f1-4812-8499-427602402e08,clean,s4,4,0.981722,0.990760,0.992581
742fe22b-24f9-4902-a829-1c1ca0094f48,fog,s5,3,0.978708,0.989237,0.989441
7442193c-3887-45f3-9d9a-0b028775facb,fog,s5,4,0.383535,0.488810,0.682792
74514fc6-c17b-4c69-884e-2e25195f1671,shot_noise,s2,0,0.721386,0.813896,0.968448
7452566d-868b-4c2f-a095-c3fb4b88a89a,clean,s4,4,0.936170,0.966471,0.983773
745c3116-b0a2-4fdf-bb8e-478b4a4c9597,gaussian_blur,s3,2,0.920772,0.957366,0.991264
74766194-334b-4e54-99e3-d6641467605d,fog,s4,5,0.799201,0.883371,0.931477
748b2cdb-8586-4c3b-8640-91db422b5bdc,fog,s5,0,0.919919,0.958141,0.961832
748f7b59-3969-4326-97fb-dff691e76b38,fog,s5,5,0.785098,0.877547,0.896485
748fa995-ac7b-4836-8755-4541e203653e,fog,s5,0,0.654255,0.790489,0.793419
749257c7-d0c7-4991-bc66-929792b83899,gaussian_blur,s5,5,0.790257,0.881251,0.896240
749505ae-6419-44bc-8c01-6f55d0446bfe,shot_noise,s5,3,0.373088,0.530961,0.570011
7495089e-f4f7-4bd3-a195-b66558ace061,gaussian_blur,s5,4,0.930250,0.963667,0.969301
749bb905-5e94-4300-af89-4bd2d907a725,gaussian_blur,s4,1,0.873074,0.930232,0.960965
74b4f042-218d-432b-96d0-155770720bb8,shot_noise,s5,4,0.496484,0.651027,0.699375
74b83273-e811-49bf-8c9e-d91f3dc271e1,shot_noise,s4,3,0.927740,0.961876,0.979301
74c5c95c-e3d1-4ba0-856e-8d56710fb1e3,gaussian_blur,s4,3,0.681884,0.789394,0.912769
74cddf4f-1ff5-492f-b1d5-3ee0c682cd11,clean,s5,1,0.938237,0.968060,0.970453
74cfe9e3-6a42-420b-9a44-41add5ab6496,clean,s5,3,0.820536,0.901361,0.902052
74d40c5b-1b07-4df5-b43f-5a3d49211269,clean,s4,2,0.935862,0.966191,0.986907
74dd357a-a25f-432b-b01a-711827e45ef5,fog,s3,4,0.792275,0.874238,0.962520
74e4509d-d5f4-497e-8057-92d0e03d4787,gaussian_blur,s4,2,0.516338,0.622625,0.835808
74e55c6e-deca-46ec-a7ff-8c24ccf47d68,gaussian_blur,s4,5,0.961946,0.980469,0.987531
74e85697-7678-4058-bbee-541a2df5f264,fog,s5,2,0.957766,0.978351,0.981952
74f65ccb-7f55-4edd-b114-491ff16b232a,fog,s5,1,0.905802,0.950557,0.950907
74f95af5-c954-4234-a32e-360b79dab021,gaussian_blur,s5,1,0.866551,0.928126,0.933772
75128d23-2b8b-4f51-b2d5-2b228fa8df7d,gaussian_blur,s3,4,0.847721,0.913114,0.969057
75150881-4217-4ddb-89c1-543f6421588d,clean,s4,1,0.767859,0.858880,0.938187
751ce534-82c8-4ee9-b405-fb0e51f0e6a7,clean,s5,2,0.223472,0.313817,0.440348
751e8d59-9322-45c3-8fe3-ac413b46b045,clean,s2,2,0.956446,0.977288,0.997556
7533b0f7-044d-4c19-bc4e-e533a10da5d8,clean,s4,3,0.508218,0.665570,0.698933
754ae1cc-a185-4410-973d-a4478fa9684a,gaussian_blur,s5,0,0.797107,0.887061,0.887447
755d2644-c4fd-43cb-b933-cec1bfdb8bba,gaussian_blur,s4,4,0.305175,0.466621,0.469547
755f385c-0e3a-4b22-a529-b160d9851b85,gaussian_blur,s3,0,0.976688,0.988106,0.996635
757c5ccf-3649-4110-bf08-00867a886898,clean,s5,5,0.722171,0.838426,0.840216
759bba56-f274-4f49-80f3-444547317cea,shot_noise,s5,3,0.430979,0.554681,0.709414
75a77eb1-d94c-4840-92d0-dda1b20552da,fog,s5,0,0.798131,0.885807,0.904612
75b1a380-9397-4516-b90c-89946fdc6de2,clean,s4,5,0.831421,0.904875,0.940293
75b5d103-7429-4ed9-9bb3-8fa741283c48,gaussian_blur,s1,4,0.496283,0.498134,0.992565
75c5aa03-44b3-4b38-8834-4a937a43857e,shot_noise,s4,1,0.496202,0.588894,0.844228
75cc542b-8267-483d-b5f2-291863c66645,fog,s2,0,0.912998,0.952524,0.996566
75d2f8e2-90f1-461b-9559-9fcaf1e1611d,fog,s4,2,0.469637,0.615254,0.701151
75dce9b6-8d00-4023-bfb2-960629394ec6,fog,s3,4,0.892039,0.940732,0.980176
75ea416c-9bc2-47c3-8a16-01fd6b15cf61,fog,s5,1,0.960772,0.979991,0.980141
75eba573-828a-4902-84b1-454e43927708,clean,s4,0,0.930964,0.963859,0.975013
75eeced9-9893-4ed3-8fc9-4caaa4838039,fog,s5,2,0.787640,0.880629,0.886048
75f0adaf-d041-4c67-9547-fab58b5b6c66,clean,s5,4,0.904261,0.949364,0.956819
75fa5761-c4dc-45d5-91e3-fb270a402af3,gaussian_blur,s5,4,0.754273,0.859918,0.859988
75ff4af5-2c8b-43b0-9ce3-e851591e79c1,clean,s4,2,0.955677,0.977090,0.988085
7603512d-5ef1-4d81-934d-87497d8f898c,clean,s3,1,0.459164,0.478713,0.918327
7607f14b-00d0-483e-ae25-f4129a6f3a43,fog,s4,5,0.727545,0.835864,0.881424
76132ba1-3cfe-4d51-be5f-fc61717c6f85,shot_noise,s5,5,0.928225,0.962449,0.971493
7631cf5b-68fa-401e-bda4-4eb8067df832,gaussian_blur,s4,5,0.508576,0.665816,0.699472
763eb62a-eddb-4759-a1ef-6033c3c27e49,clean,s5,4,0.381574,0.539025,0.581339
7648074f-d59f-41bf-b03f-6363c930fc7d,fog,s5,0,0.852819,0.919447,0.934421
76587371-7158-4dc5-92a9-5d5c1f787771,shot_noise,s4,1,0.793363,0.881526,0.912219
765c786a-2664-4c8a-be90-3838ce0318c5,clean,s5,1,0.940397,0.969282,0.969312
765cab57-6966-484f-92c5-138a69fa149a,shot_noise,s4,4,0.818175,0.895792,0.940336
7676fe24-96fc-4ea4-a140-61a3a28bc210,gaussian_blur,s5,4,0.706515,0.827987,0.828219
7685342f-db54-4f28-93c7-11814d481970,clean,s5,2,0.987224,0.993570,0.993781
768d5901-6ba5-4fc1-b457-99786123dcdc,gaussian_blur,s4,5,0.428939,0.566164,0.679184
76909447-5191-4cec-8f3d-bdca0dea761a,fog,s5,0,0.574061,0.725132,0.744934
7695b179-837f-444f-b0e9-f4a3e98af2c9,gaussian_blur,s5,5,0.952505,0.975618,0.978018
76966710-78f3-4d6e-a767-2c0bbcf289e3,fog,s3,3,0.655329,0.749765,0.959688
769c730c-4d23-46b1-b35c-d35da39d39e6,shot_noise,s1,4,0.496405,0.498196,0.992811
76aa208b-d9d9-4a50-89ab-16f3d8eda74c,fog,s4,0,0.370157,0.521319,0.579995
76d19c3d-4926-469b-b3d5-dc107065f5e8,fog,s5,5,0.645239,0.776085,0.821380
76d23af5-98f9-4d77-aeaa-14d571eb0adf,clean,s5,4,0.450288,0.619277,0.625393
76db0d71-9467-4fe0-825b-783c68cc9c2e,clean,s4,0,0.708301,0.810918,0.926176
76dc43e5-972e-4211-929d-2f649bb21c04,shot_noise,s4,3,0.824937,0.902992,0.915200
76e2ab3d-3c5e-417d-83bc-3583279863cf,fog,s4,3,0.756194,0.852843,0.917784
76f6afdd-cfe9-473a-864d-18d1f9964c21,fog,s5,4,0.894135,0.944101,0.944246
771143b6-3fa7-4106-ac3f-4de337884e32,shot_noise,s4,5,0.734635,0.839859,0.891735
77233fe9-118b-4688-afed-3c883b2702a9,shot_noise,s4,2,0.942987,0.970303,0.982583
77298083-df81-4ee5-8250-4312fbe1a1e4,gaussian_blur,s4,0,0.977902,0.988805,0.990852
7731899c-fdbf-4ce0-b0cd-e03ec7d9d36a,shot_noise,s5,5,0.796010,0.885660,0.893067
7731ba77-7c13-41de-af3d-992746b32790,clean,s5,0,0.820536,0.901361,0.902052
7740ef4d-de8d-4484-ac85-0a630d282cb4,shot_noise,s4,4,0.777457,0.867500,0.929867
7745d004-9e4d-4a93-86bf-aa39998390b5,clean,s4,2,0.350559,0.414540,0.697781
774c9279-a250-4ac9-96d0-764a7e1debc0,clean,s4,4,0.830865,0.903917,0.946165
774d6bdc-ae92-43ca-ae8d-277279d056ae,gaussian_blur,s5,1,0.300051,0.406081,0.555077
77504c0d-e3fc-4946-93ba-faeabe20e446,clean,s4,3,0.876333,0.932183,0.962229
77509bb4-7b92-44a4-b401-1c82aeeebabd,fog,s5,3,0.804524,0.890930,0.898501
77517c05-ffa4-4df0-9e71-309deb923a12,shot_noise,s4,0,0.880852,0.935526,0.954123
7751864e-bf16-4716-b541-2c00d2dbb0df,fog,s3,3,0.878227,0.932190,0.979053
775a7ce4-102a-41fb-9983-7d16bdb3a58f,clean,s5,5,0.951176,0.974952,0.975969
775e8882-079d-4613-9066-d3799b8bd9bd,clean,s5,2,0.735920,0.846789,0.854949
7776ca5f-b5a5-456e-b07e-ea1a9c9b7299,fog,s5,4,0.600568,0.748865,0.756731
778c3e40-38e4-45a0-b7be-71dade895c6b,clean,s5,1,0.953596,0.976188,0.978720
77a14f6d-981e-4107-aa84-3bd751f55154,fog,s4,1,0.399466,0.445130,0.797520
77ad6e5f-cb90-4e78-9cb3-a4fe245956b0,gaussian_blur,s5,4,0.925305,0.960709,0.973803
77b55afe-ad25-4122-9a1a-519abaa7a17a,fog,s3,3,0.386322,0.497324,0.676715
77bdeccd-e14c-40a5-bf3e-3438f2017c0b,fog,s4,4,0.412565,0.577552,0.599723
77be0f5f-34e1-40be-af82-b0d1ec12e1ab,fog,s5,3,0.639173,0.750234,0.898538
77be7c95-f605-4310-a206-7119bccd65b0,clean,s5,5,0.820536,0.901361,0.902052
77c57ec6-828e-4847-9a23-f3da38c017ca,clean,s5,0,0.964260,0.981802,0.981951
77ceb5c7-8878-4842-ab2f-7e7cf7b75295,clean,s5,3,0.971108,0.985325,0.986544
77d19652-b8ea-4723-a6fe-e1880dfe530d,shot_noise,s4,4,0.931249,0.963593,0.986596
77dc397e-a9b0-4064-9169-9f1c6e3a5832,clean,s5,1,0.275350,0.369339,0.530848
77ddf2f1-a313-4e84-9555-197dce315d47,gaussian_blur,s3,5,0.933312,0.964690,0.988619
77ec7601-9c58-4a98-9fdb-62f4013cbd34,clean,s5,4,0.434736,0.559523,0.711565
77f14107-af73-4c7a-8b9a-296ba6efc874,gaussian_blur,s2,0,0.606244,0.687075,0.971472
77f1aa03-c7b6-4780-81eb-a4f7d586e49c,gaussian_blur,s5,3,0.925999,0.961561,0.962012
77f8b79b-5adb-45db-812e-271fa7f1ef79,clean,s4,1,0.201372,0.332785,0.338912
78074aad-4bc5-4ea0-a6a2-0465b3434e84,fog,s5,2,0.440588,0.591682,0.660651
78085171-55e7-4809-b309-3986bf9a8373,shot_noise,s3,2,0.726085,0.825593,0.931416
7813e4f0-0bcb-4eba-8c20-bf124753100c,shot_noise,s4,0,0.733272,0.836733,0.903568
781cda8e-73be-4127-853f-3e56ef978dc4,shot_noise,s5,5,0.978020,0.988875,0.990036
78221979-68a0-47ab-91d9-bb2fff77681a,clean,s5,3,0.798131,0.885807,0.904612
78239b8a-ebd8-4ba2-996b-3ec74d7836f9,gaussian_blur,s2,3,0.734289,0.821717,0.987424
7823fa4d-77c1-4c60-b390-971f0e0a76bc,shot_noise,s4,0,0.830865,0.903917,0.946165
78342775-93a2-494c-ae86-1ab854a6d7d0,clean,s4,5,0.810709,0.892822,0.920075
78365c55-8b01-4cd7-8bee-12ab98b7a8e0,fog,s4,2,0.604857,0.741495,0.801320
784284c8-9ba6-476f-ba6b-fe3d87952674,gaussian_blur,s5,3,0.639457,0.779417,0.783104
7845c4c5-4474-4184-a593-0d1864205d03,gaussian_blur,s5,1,0.548670,0.692986,0.759328
784916c8-c286-46af-8745-ae6b3fbc8f61,fog,s4,4,0.384727,0.437371,0.765936
7854e6df-6472-4909-a3c7-a9b776ec4fab,shot_noise,s5,0,0.912528,0.954260,0.954348
7858c239-8bd6-43a7-b5c8-c17fe9846199,shot_noise,s4,1,0.714730,0.826532,0.874587
7867822b-b0f7-4fe7-8f12-3072d482a4cc,gaussian_blur,s4,0,0.733272,0.836733,0.903568
786c1b44-2da7-4c08-850d-4b7e231da508,clean,s5,0,0.454656,0.589668,0.711467
7871b54a-2711-4010-ac74-673dd09e11ab,fog,s5,3,0.958223,0.978663,0.978816
78747032-2450-4fbb-8cf1-cfa3e464fbe8,shot_noise,s5,3,0.285779,0.390799,0.532709
78760652-b62b-4e09-b56b-f184a9a3b2d6,shot_noise,s5,5,0.873683,0.932563,0.932891
7887d38b-88ae-452e-850b-203922555b9a,fog,s5,5,0.851504,0.918657,0.933817
78910cbf-9398-4451-a83f-02e4321ad8fc,shot_noise,s4,0,0.639178,0.755664,0.878971
78a7586e-da21-48a7-bedb-67afd56bc6da,shot_noise,s4,4,0.470760,0.632517,0.660955
78a8dba2-003e-4f2e-aa6a-636518c96146,clean,s5,5,0.863929,0.926600,0.932408
78ac471c-4270-43cb-8de1-791f1f29748c,fog,s5,3,0.544180,0.696700,0.731569
78adb256-e514-4d93-b5ec-7bd9bd9b5933,fog,s4,5,0.926469,0.961250,0.976843
78aee21b-ecdd-43ab-a819-3878981b1f79,fog,s4,5,0.414253,0.469853,0.804583
78b4e323-4d6d-49a1-aa94-be4055f03e54,clean,s4,5,0.660697,0.783908,0.850192
78c0546a-2b58-4ebd-9972-9a2938a4e4b4,gaussian_blur,s5,0,0.655362,0.789945,0.800656
78c83983-16a7-46a6-ab4e-9eab04111272,fog,s5,1,0.410404,0.581323,0.583504
78d006b2-6d12-467f-84c9-73f238a90248,clean,s4,4,0.813698,0.891551,0.950117
78dfbb91-9382-4d94-a4c9-d0477efdc154,shot_noise,s4,4,0.823891,0.902359,0.914549
78e96330-4268-4242-8ca2-aa482fbd0b9b,shot_noise,s4,3,0.931267,0.963745,0.982775
7903116e-5787-4afa-bee8-a31689927f75,gaussian_blur,s4,5,0.625523,0.754297,0.832016
7909ac87-6e32-4117-9b98-505bf51b56f2,gaussian_blur,s4,3,0.953633,0.975932,0.990149
79119083-6149-4657-8acf-b8fa38a02ea9,fog,s4,3,0.480413,0.641027,0.671307
791f57f6-a27b-420e-b622-df8127973614,fog,s4,1,0.951345,0.974771,0.986763
7922ea1c-6838-4670-aa11-2bd676655177,gaussian_blur,s4,0,0.940990,0.969341,0.977989
792a7ffa-886f-47d4-8fd1-3bdd267a07dd,shot_noise,s4,5,0.964805,0.982028,0.985405
792b8546-4960-44b0-b058-a1b431e40bd2,clean,s5,1,0.735280,0.843777,0.870949
792b9100-51e8-4f66-94cc-b1d969b6d6b5,clean,s2,5,0.912998,0.952524,0.996566
7934992a-950e-4088-b16b-351cdc54df0d,shot_noise,s5,3,0.201841,0.296319,0.392117
794b025a-1b3b-4dfb-b2ce-1e0e03a5050e,fog,s5,2,0.748097,0.855893,0.855940
79522054-d908-4c4b-bdf5-c7584a0e52ee,fog,s5,4,0.428989,0.599414,0.602894
7954441f-63ee-4118-a4e2-47a0a58c33bc,fog,s5,0,0.785039,0.878727,0.886581
79554890-6ac2-4f61-b932-d753752c9a09,gaussian_blur,s5,4,0.807983,0.893527,0.896309
7958ac20-e8c8-4250-8356-1f84c8ee4fbb,gaussian_blur,s5,2,0.937278,0.967584,0.968838
795a70fa-448d-4001-a734-f9d6c92d4b0f,fog,s5,3,0.531097,0.611813,0.904817
79647212-3dfe-49ab-9f7c-c1c1d8bec8a7,clean,s5,3,0.227774,0.321097,0.444592
798ce92a-b119-479c-974a-0638e0e4eb98,fog,s5,3,0.677802,0.801666,0.839720
79aca88c-383f-45b7-8fda-ecd2a418776a,clean,s5,2,0.814177,0.897558,0.897707
79b17917-118e-4492-8648-4fd98d3019dc,gaussian_blur,s4,4,0.730967,0.836911,0.891578
79bcd30f-d49a-4040-a83d-7fc51a627288,fog,s4,4,0.394520,0.441041,0.789040
79c648b5-71c7-47b9-b8ed-be4d380f784a,fog,s3,1,0.592928,0.709013,0.866234
79d223bf-5c59-45c0-a194-60d57f9b4ed6,clean,s4,4,0.905685,0.950063,0.959440
79d42f0b-6796-4b49-91ed-b45c430e9fea,clean,s3,5,0.716648,0.811812,0.957829
79f62f80-e3d1-412f-b3ed-4e089f9f9697,gaussian_blur,s4,4,0.784114,0.875558,0.906619
7a06ddb5-c209-4e65-90c2-bed8dde69335,fog,s5,1,0.644490,0.783312,0.786150
7a0a1587-3f61-4f09-9308-e315fdf67f35,shot_noise,s4,1,0.842636,0.912305,0.940747
7a0b0a7a-732f-4be5-bcd7-0cf50ac1f2a4,clean,s5,2,0.654255,0.790489,0.793419
7a146309-4035-4444-8f55-dddb4f645298,fog,s4,0,0.981722,0.990760,0.992581
7a1a3573-75d3-4376-8823-78585720203d,clean,s5,3,0.735280,0.843777,0.870949
7a2fd396-95ac-4abf-bc45-52ca8ea76fac,gaussian_blur,s5,4,0.947001,0.972657,0.977249
7a32566f-1213-4206-a9af-c1fcf013b22f,fog,s5,5,0.753677,0.859431,0.860305
7a3c0c8d-6be1-413a-9218-5df7ea5f5115,shot_noise,s5,1,0.896653,0.945091,0.953163
7a401ce2-c114-4c74-b4d4-facd4a7561fb,fog,s5,0,0.580700,0.733195,0.740521
7a471870-812e-46c7-a4b7-4d7fe6c32f67,clean,s5,0,0.816031,0.897825,0.907237
7a503cc1-3262-4809-98d5-c05e83334f16,fog,s5,4,0.946968,0.972707,0.974768
7a6d2d64-c685-41d0-a0a9-35dcda8e4e8e,gaussian_blur,s4,5,0.901205,0.947395,0.960213
7a6ebe06-f03c-402f-9185-123846744551,shot_noise,s3,4,0.752910,0.843319,0.959381
7a70b056-994e-4714-8479-42362a1a01f9,gaussian_blur,s2,0,0.974545,0.986961,0.998456
7a720244-a591-4292-95f2-695d2a5756c5,clean,s4,0,0.935862,0.966191,0.986907
7a765c0b-95ce-4c76-a0ea-ef76a51ab1a8,shot_noise,s4,0,0.361702,0.459950,0.663275
7a78c8c6-073c-49db-a605-914fa43f2075,clean,s5,0,0.865135,0.926928,0.938144
7a79c980-2928-469e-9607-4544d401726f,clean,s5,0,0.968174,0.983830,0.983840
7a7dc5bc-233b-4b13-995f-2dd21c20cd05,clean,s5,3,0.450288,0.619277,0.625393
7a9cd635-fd7e-4967-bfca-3db621903b9f,gaussian_blur,s5,5,0.886033,0.939435,0.941856
7aa8a820-64b2-48bb-8148-a97ee4b9f3bb,clean,s5,5,0.746387,0.854247,0.858428
7aa90ca4-148d-4797-8434-5a42e9afdcf5,fog,s3,4,0.904083,0.947809,0.984444
7aade787-cfe4-420d-a1ee-3449ba4aa386,clean,s3,4,0.857231,0.917532,0.990982
7aae1554-74ca-4cfd-9922-c03d64566d0c,gaussian_blur,s4,0,0.621295,0.733291,0.890627
7ab1875c-5011-4a88-b2e0-23da41986839,shot_noise,s5,3,0.912191,0.953946,0.956973
7ac18f04-ebe7-46be-8421-a0f09b3082dc,gaussian_blur,s4,4,0.846570,0.913105,0.960709
7acd99c6-9730-4ef8-92be-ba9212cb19a6,gaussian_blur,s4,3,0.904819,0.949480,0.960949
7ad7ecb8-f06a-4637-909b-96aa099793c6,clean,s4,3,0.963089,0.981069,0.987964
7aedcf6c-7630-4cdf-92d5-c607dbe263f8,fog,s5,5,0.258424,0.340738,0.516848
7aee47ca-cd02-474a-b1ef-6657601eff58,shot_noise,s3,3,0.683356,0.792664,0.904661
7aeee6b6-6370-4233-a4fd-2bd73ae25321,fog,s5,1,0.808090,0.893217,0.899883
7af5c4f2-9f31-4cd9-8214-fbbb656e2051,shot_noise,s5,2,0.545714,0.698270,0.732048
7b08299a-8337-4e8e-857a-abec3ca511ef,gaussian_blur,s4,3,0.943306,0.970481,0.982523
7b10d331-5b5b-4223-a499-c05ddd636613,fog,s5,3,0.896592,0.945376,0.947312
7b125d14-64f5-4f92-826f-6eea2528a407,clean,s4,0,0.730022,0.836558,0.889147
7b199647-717b-4032-8d41-fa74207b4cc1,shot_noise,s2,1,0.813944,0.886540,0.993413
7b1d9aa6-709b-407e-9924-ccc812a8f7fe,fog,s5,5,0.434275,0.597325,0.626036
7b497752-579f-450e-a7a0-62dd4694f73b,shot_noise,s5,1,0.953640,0.976211,0.978736
7b502560-4a0a-475e-badb-c5c280bc1573,shot_noise,s5,3,0.831639,0.908029,0.908661
7b51e395-9e1c-4cc9-8bcf-983806bffd05,fog,s5,3,0.450658,0.614864,0.638064
7b596677-bc2b-4624-b8e2-20204291da68,fog,s4,3,0.870465,0.928820,0.957827
7b689ea5-0be1-4c8e-9b09-291d8109cc44,fog,s5,1,0.859130,0.924038,0.926727
7b6a0f8e-aeac-4af9-a7c5-beb3e79ffd1a,fog,s4,4,0.979671,0.989711,0.991733
7b6b3aaa-e166-4042-bc07-b518cc78534c,gaussian_blur,s3,4,0.541880,0.656938,0.836805
7b6d8212-6fca-4112-8f56-50a887651f55,gaussian_blur,s2,5,0.720429,0.813076,0.968160
7b713aec-e447-4dde-91db-337f45baa9d9,gaussian_blur,s4,3,0.959883,0.979398,0.985976
7b7d22ff-8d64-48fb-9e5e-f2b40dc4e258,clean,s4,0,0.912992,0.954041,0.964881
7b7da48f-35e7-4f0e-b919-236cbef4a9f7,fog,s5,1,0.962762,0.981011,0.981893
7b7e5609-0d47-42cf-ae80-d80f60c7bd6c,clean,s4,4,0.767859,0.858880,0.938187
7b90bca2-645c-47ed-8a51-7785dfeeb7f5,gaussian_blur,s5,0,0.958936,0.978965,0.982492
7b96e169-0ec4-4293-8bce-c19b14a8db09,clean,s4,2,0.879337,0.934670,0.953005
7b9962ce-44ac-4040-8859-1294ca22ee24,gaussian_blur,s5,2,0.402126,0.557086,0.610869
7b9ab425-9ace-4d9d-9d18-bff78d847bda,fog,s5,5,0.707292,0.816926,0.892069
7ba7ef87-e3a2-434e-bfc7-a2d03e17acfe,fog,s5,3,0.891085,0.942405,0.942431
7bc9ba5b-2db3-4b36-8a5c-302095060ba1,gaussian_blur,s5,4,0.773710,0.871066,0.882923
7bca940f-f39b-44db-b25c-3227493b5453,shot_noise,s5,0,0.654255,0.790489,0.793419
7bcd7097-5785-4702-90ce-8418dc7e6c9b,shot_noise,s3,0,0.976805,0.988145,0.998474
7bd9a6da-9648-4bd0-85e5-bbaee0e4a98f,clean,s5,1,0.951176,0.974952,0.975969
7be09eda-1a13-48f2-ae1b-0a7bf9277862,shot_noise,s5,5,0.969609,0.984563,0.985058
7be268dd-a08a-4edf-bd5b-1eae558f7874,gaussian_blur,s4,1,0.382072,0.532937,0.595635
7be494ad-54fa-4180-be5c-b215c5de0a4d,fog,s5,4,0.719116,0.835301,0.844570
7be7d288-02e9-44e6-91a2-5b9bce3c9221,gaussian_blur,s4,4,0.780784,0.871224,0.920973
7be8cc3c-1b6f-4fb2-8109-a97ea3910dd8,fog,s5,2,0.901778,0.947975,0.955608
7bec3de4-d703-46b5-a294-447a95d8450b,fog,s4,3,0.795659,0.881004,0.929888
7bedecda-c80c-4864-930b-ec2aa93bbfcd,gaussian_blur,s3,0,0.567082,0.683521,0.850835
7bf000b2-cf93-4651-bcfa-bc5c34796100,clean,s4,5,0.917307,0.956016,0.976294
7c05ee24-2816-4dfa-ad6b-885869ec282b,shot_noise,s3,1,0.558966,0.664590,0.873648
7c10611a-732d-421b-9074-68ed8fff21dd,fog,s3,3,0.551642,0.668114,0.840390
7c2b1fb5-529c-4e8f-a781-ba8cb73d3fa6,shot_noise,s5,5,0.839825,0.912922,0.913147
7c5554e0-c1eb-4d78-9d4d-fbbb3c1054f2,gaussian_blur,s5,3,0.930497,0.963833,0.968536
7c68c82a-06d3-428b-b817-3cd6efc9a415,gaussian_blur,s5,5,0.762943,0.864186,0.875456
7c68d339-4d17-4a6a-b857-bbf4f924e5bf,fog,s4,1,0.351732,0.502885,0.555683
7c68e214-ecf9-44fb-bfcb-4198c1a560b3,fog,s5,1,0.924313,0.960518,0.964475
7c6d1368-6a07-460d-839f-1e45bb992c65,shot_noise,s4,1,0.322947,0.486652,0.491284
7c6d7545-6a45-4e0b-a196-986f4e7997e7,shot_noise,s4,5,0.678519,0.799854,0.851538
7c744e5b-ef97-4f9e-b69e-abe723e926d6,gaussian_blur,s4,3,0.631912,0.759991,0.834661
7c7552d7-97de-4557-9c6e-0114f612a431,fog,s4,2,0.894019,0.943321,0.956808
7c81b83d-3727-4184-b47b-0473c6153e28,fog,s5,1,0.766822,0.868006,0.868162
7c824f23-2748-4c7b-89f6-da1fc3f40c84,shot_noise,s5,4,0.288649,0.393901,0.537225
7c8fe222-c2bf-4254-bd66-04d0c2ed9cdf,gaussian_blur,s4,5,0.977693,0.988696,0.990917
7c98ae54-8429-4c75-bfa0-f3489ce42cab,fog,s5,3,0.835688,0.910334,0.912239
7ca291ee-eca0-4768-89fc-18737b6688b2,clean,s5,4,0.980354,0.990068,0.991171
7caf5b06-3278-492e-b208-6c6002690abb,fog,s3,3,0.797408,0.877675,0.965864
7cbdf3e1-464d-4f0b-8b9e-c6bb1e4c139e,shot_noise,s5,1,0.571341,0.722952,0.742542
7cc6b81f-7322-4c0c-8724-ae22015f3cb7,fog,s4,0,0.672813,0.793377,0.857802
7cd871a4-f0c4-44f1-b355-c40cec284234,clean,s4,2,0.817748,0.894434,0.949979
7cdddb11-8a52-4cde-913c-f023e5344f02,shot_noise,s5,0,0.863929,0.926600,0.932408
7ce73c4c-c0f7-4b3e-a070-1f5e8196a91a,clean,s3,3,0.942037,0.969393,0.995000
7cecba53-0bd9-4d39-b536-9ccffae29eeb,fog,s5,3,0.832225,0.907600,0.917419
7cf70bbb-acdf-4550-9572-926b7f229057,fog,s5,2,0.796723,0.886103,0.893531
7cfb6824-b172-44d6-9053-1bd3f35359f7,clean,s5,4,0.967115,0.983236,0.986069
7cfe5a96-c13a-455f-a2ef-b2e28bd695d3,clean,s1,2,0.496405,0.498196,0.992811
7d0dd857-1806-4d26-8466-77eff0f9c9fd,clean,s5,1,0.888530,0.940197,0.953979
7d12abf2-1bc7-4dc6-add8-2b7c5d14a5c9,fog,s1,5,0.321354,0.391249,0.642709
7d19dab7-2b39-4dcc-8515-f04cc07ffeec,clean,s4,4,0.810709,0.892822,0.920075
7d232e2e-de0f-4dac-8e85-21abc40fcc18,clean,s4,2,0.830865,0.903917,0.946165
7d2511ca-ffd4-4b4f-87f1-e9fa0347ca89,shot_noise,s5,1,0.277138,0.372377,0.532181
7d25f72b-8f00-4faf-b5a8-dde3c94100b7,fog,s4,1,0.824735,0.899529,0.947958
7d3b6e90-e93a-4587-adae-f50dd49e7095,fog,s3,5,0.677480,0.788143,0.900216
7d3dac19-4bb8-448a-b713-5bf469665b44,clean,s5,5,0.612065,0.753181,0.784372
7d45912b-8e6f-4f95-9065-7e96819004bf,fog,s4,1,0.673453,0.784910,0.897644
7d59384b-5d00-4f2f-9228-cc25d84a8b99,shot_noise,s4,2,0.783098,0.872737,0.922517
7d5a5142-831e-4f0f-86da-ee5f9c9e3c2f,clean,s5,5,0.964260,0.981802,0.981951
7d5ad7f7-d249-49d8-b126-2b2a22bdecba,fog,s4,0,0.833588,0.903652,0.967269
7d5d47e9-0b07-4106-b0c6-b7af7d2001ef,clean,s4,3,0.817748,0.894434,0.949979
7d698748-5e66-4507-85ce-ffdc7a32f808,fog,s4,2,0.681988,0.802335,0.854420
7d6b593c-90e8-45ef-bbd8-b232908c6ff4,gaussian_blur,s5,4,0.432260,0.599187,0.614629
7d6e8b69-bf28-463f-8f24-847632d4a909,shot_noise,s5,1,0.643673,0.783157,0.783472
7d827148-75e2-475d-8667-8895169fb400,fog,s4,5,0.610749,0.741126,0.824843
7d9be5a1-e793-44b4-bd1e-fc7c486fa7b5,fog,s5,2,0.443847,0.596675,0.659781
7d9e9633-521b-4ab5-8423-78b06404b78b,shot_noise,s3,1,0.834391,0.903937,0.969914
7db5ae0f-a007-485d-9616-da04430509ed,gaussian_blur,s5,0,0.790848,0.881375,0.898683
7dbdf4f0-5811-45a4-8158-c2bd6172bd8f,clean,s5,3,0.779429,0.874593,0.887616
7dd55e84-69d1-452d-953c-75e4353bafe1,clean,s4,2,0.833588,0.903652,0.967269
7dfe8467-d52b-4c46-bcbb-038bca3ea8ae,shot_noise,s4,5,0.966727,0.983003,0.987733
7dfe912f-65a4-476c-8c77-0802c50ef600,shot_noise,s4,1,0.814699,0.892397,0.948928
7e0766ca-8649-46d9-ba7f-0233df219556,shot_noise,s4,3,0.972178,0.985803,0.992242
7e3ccfd1-0f37-4d1c-8412-ef9001961f2d,fog,s5,0,0.739600,0.848868,0.859857
7e4ef07f-3da4-4635-b73b-ac7e039a7809,clean,s4,2,0.963002,0.981087,0.984623
7e52465b-53af-4ff8-b963-bcfa71788c9d,clean,s4,2,0.757840,0.851813,0.932606
7e593700-09b5-4e4e-b501-d485db1a397f,fog,s5,3,0.945971,0.972158,0.975029
7e629f13-e02b-4f95-a96e-e6c95f443d08,shot_noise,s4,2,0.482151,0.570641,0.836861
7e6796d1-073f-427e-ac9c-7bb444a815f8,fog,s4,3,0.373426,0.524480,0.584392
7e699fe4-5cc1-4f7f-9090-757a1c4449d5,shot_noise,s5,2,0.961611,0.980389,0.982511
7e6c205e-bb73-491e-b132-472c536966d9,gaussian_blur,s4,2,0.914975,0.954574,0.978192
7e6d0885-b0b4-44e0-8353-727074f637f9,fog,s5,2,0.465328,0.629242,0.650967
7e6e3ad1-13ec-4d0c-9b1a-54b45ab0b19f,clean,s5,5,0.739600,0.848868,0.859857
7e70b8de-d595-4ffd-ad9e-beb7db45a5ba,shot_noise,s5,0,0.805104,0.891349,0.898304
7e7ebc43-e6b0-433e-beb0-b435ea628513,gaussian_blur,s3,0,0.722633,0.822819,0.930235
7e807680-6a2d-4a38-877f-6c4cbde0fb02,clean,s4,0,0.747602,0.844700,0.925598
7e89829f-2ee8-4e04-963f-0cc2137df13e,clean,s5,4,0.735280,0.843777,0.870949
7e8a60a9-1742-4e4c-bf0e-0cc6e5316ed8,fog,s5,2,0.970837,0.985148,0.988885
7e9a4c85-8e59-4f6d-bfd1-c8f4eb778b27,gaussian_blur,s5,2,0.886926,0.940057,0.940379
7e9d0f34-9f90-47b1-812e-f171211f6e67,shot_noise,s5,0,0.907385,0.951298,0.954444
7ecd447d-704f-49e2-9539-3067ab45991a,clean,s4,3,0.962842,0.980945,0.987600
7ed4015e-47a1-4d46-a6b0-113919d2306e,fog,s4,0,0.912992,0.954041,0.964881
7eda4986-d420-4081-8aca-006120596476,fog,s4,3,0.685938,0.803208,0.867114
7ede5d57-25f7-4d86-9e28-8071a51e7604,clean,s4,4,0.867557,0.926879,0.959219
7ee45d42-a1e9-40b3-9360-19bf5bd8be8e,gaussian_blur,s4,5,0.719518,0.822399,0.918438
7eeb565a-2fe8-429d-aea9-02ff07e2fa67,shot_noise,s4,5,0.399835,0.444342,0.799669
7eed20d7-56e3-43ab-b9be-faa325aae705,gaussian_blur,s4,5,0.880892,0.934764,0.965963
7eede87e-da16-42c6-a067-2c6bec16e552,gaussian_blur,s5,0,0.904261,0.949364,0.956819
7f0227c6-2f9e-4d15-b942-353aca682667,clean,s3,4,0.642238,0.753444,0.898576
7f1606c7-25db-4f7a-9b51-277a12eb80ff,fog,s5,2,0.753334,0.850729,0.916843
7f20c763-ff84-43c7-a668-92f312aa03c3,gaussian_blur,s4,0,0.639178,0.755664,0.878971
7f21452d-7fb7-47c6-921f-d97f280d1463,fog,s5,4,0.772920,0.869157,0.893015
7f348da5-bb4c-4975-b4d3-91de2104d63e,fog,s4,4,0.859774,0.922836,0.947461
7f349a6b-52df-4281-8d39-6a9a0fc1151a,clean,s4,0,0.755815,0.856615,0.891008
7f3fe248-d1ba-4e9b-93e4-0a68e7f2cc34,gaussian_blur,s5,1,0.760027,0.863634,0.863802
7f416a0d-c5ea-4952-875a-ae1150fb0628,shot_noise,s4,0,0.831421,0.904875,0.940293
7f57dc26-f520-4f4b-8436-b57b31892187,gaussian_blur,s4,0,0.902930,0.948070,0.966691
7f638a19-8fbd-4673-910f-fd5bfedd7515,clean,s4,0,0.757840,0.851813,0.932606
7f65202c-12df-43c8-8577-4822c5dc0756,shot_noise,s3,0,0.703141,0.805497,0.929565
7f6d1e47-eb33-4723-8bb1-1b9be5893954,clean,s4,3,0.679022,0.786869,0.911874
7f71d4a3-043d-45ec-9753-cef532dd7c3e,gaussian_blur,s4,0,0.767316,0.856004,0.954012
7f78e601-8eb9-433c-8545-9264d4d9cf3b,fog,s5,5,0.939123,0.968569,0.969769
7f82aeb0-97cb-4449-ae26-15dda1b93d92,shot_noise,s3,5,0.688869,0.796968,0.908408
7f900036-843e-4a8f-8992-ca143e413358,shot_noise,s5,0,0.501022,0.635809,0.754796
7f90bb13-ec00-4f72-a134-dd5fca2314c9,gaussian_blur,s5,3,0.936393,0.967044,0.970432
7fa6425e-a752-4cc3-bb52-4d242be15f7b,clean,s5,5,0.755666,0.852416,0.917851
7fa97f54-0fa0-4bb8-98fe-4c9dcd9ea6b8,gaussian_blur,s3,1,0.856404,0.916974,0.990988
7fafc08a-8960-4269-9d17-8060de2739cf,clean,s5,5,0.826471,0.903687,0.918537
7fb7fc64-a3e0-4212-8461-fec32a004d9b,clean,s3,5,0.677765,0.782565,0.924629
7fb8ebd0-3e9c-4475-8e39-2adaec267172,shot_noise,s4,1,0.931606,0.964049,0.979698
7fbb1a23-d1b7-469e-9616-c932190e80a2,shot_noise,s4,3,0.939187,0.968429,0.975317
7fc52b17-ba8e-4590-be3b-e5ce1ae613d2,shot_noise,s4,3,0.873705,0.931279,0.951765
7fc6aa38-79c7-4834-be7a-702a09d5d02e,gaussian_blur,s5,2,0.761015,0.864009,0.866363
7fdb5990-5461-4c8c-b51c-ea62b6009b4b,gaussian_blur,s5,5,0.930813,0.964066,0.966971
7fe0576f-be73-40cd-be43-0e9bfb2f5792,shot_noise,s5,2,0.750577,0.857214,0.859659
7fec1930-5306-48c1-8ced-d171c7d85a76,shot_noise,s4,2,0.351300,0.413595,0.701301
7fee75c8-7667-4f2c-9b89-8b45c7c0bb21,clean,s3,4,0.866658,0.925406,0.970939
8009a98d-8d13-481d-b076-c9eeacc21d39,shot_noise,s4,3,0.497951,0.641840,0.729066
80117e22-b332-442e-ad0a-9e2d35b9d189,shot_noise,s4,0,0.856359,0.920812,0.945483
801477c7-ba87-4ada-b53c-e58c4c8927d9,shot_noise,s4,0,0.813698,0.891551,0.950117
801b6efc-1dc6-449c-84bb-87a8940482c4,gaussian_blur,s5,5,0.959112,0.979058,0.982511
801f6f9e-9a68-4c68-85d1-5762f7740c1a,gaussian_blur,s3,1,0.659571,0.763000,0.929339
8020df39-4b1c-4819-b19a-f178809db7f0,shot_noise,s4,4,0.871002,0.929690,0.950453
80241a21-61e9-411c-8b82-f737d841c0d9,fog,s5,4,0.547284,0.699425,0.733988
802a9f4a-87b0-4695-be9e-02b535a79dc4,fog,s4,1,0.701405,0.814805,0.876856
802aa1d9-81e5-4d23-94e2-0a3d5e68e06a,clean,s5,4,0.973462,0.986547,0.986992
802c76c0-6b55-45ad-aa29-ab396c7deec0,fog,s3,2,0.671422,0.783226,0.896547
8045cdab-9e1d-40ae-ab51-5f0e443d09cc,shot_noise,s4,3,0.754062,0.848631,0.933504
8068def7-b200-4c80-8242-824df6c4df76,fog,s4,0,0.899895,0.946706,0.958655
8072cb50-2f67-401b-b7c2-18b93ebf850a,gaussian_blur,s5,3,0.825319,0.904238,0.904955
807762e2-0159-4fa2-b762-decc9e1dda08,fog,s3,5,0.665223,0.779737,0.886235
8078ced7-9b0b-44fa-a25b-d97a138dd43d,fog,s2,1,0.971804,0.985518,0.998282
807ff6a6-9e55-404e-ac01-570777a4ebd0,fog,s4,4,0.443895,0.587467,0.681256
808b64f1-c9dd-4ed6-9e23-c5e62dc76d64,shot_noise,s5,3,0.986675,0.993291,0.993509
808e3fd7-82ee-4fac-adde-baa7ee837a60,gaussian_blur,s4,2,0.962863,0.980952,0.987808
8090a42f-121d-4a47-8dbb-6d0dc419d1ab,shot_noise,s5,3,0.772979,0.870954,0.879712
8091ddff-f1d4-4a02-9871-849973c9f66b,shot_noise,s4,0,0.964984,0.982047,0.989605
80990633-6146-42f9-a97d-b320706c4f8a,clean,s4,4,0.639178,0.755664,0.878971
80a38501-57ec-4832-b0d0-63af23aff874,shot_noise,s5,0,0.762324,0.865106,0.865349
80a4061c-ba61-4ea7-9eb2-705b739a080f,clean,s3,2,0.665778,0.760256,0.962468
80accfe4-a0e9-4aad-b5e5-2c82cf7790f7,shot_noise,s4,1,0.668318,0.792144,0.844697
80bc9e0a-ff1d-4b11-83a4-233d7bb6fc12,shot_noise,s5,4,0.982817,0.991331,0.991681
80d5baad-834d-4df3-bc64-fc14e4e8461f,shot_noise,s2,2,0.723249,0.815527,0.968827
80e0ceb0-0f02-49d8-8155-ae19282ec7f5,gaussian_blur,s4,5,0.612190,0.741078,0.830411
80f7d4df-3254-4ddb-9d42-79ce1352f2f9,clean,s5,2,0.914209,0.955177,0.955303
81026ac1-338c-4c56-8131-8334848ff64b,fog,s2,1,0.744387,0.830610,0.988395
8103caf0-76aa-47d8-9ca5-b496153592cf,clean,s4,4,0.797129,0.883379,0.919141
81102448-a222-4b0f-92ca-73500861abeb,shot_noise,s5,5,0.822210,0.901771,0.909152
81169227-ddff-4d9c-b653-2b73d26d0c6f,clean,s4,4,0.747602,0.844700,0.925598
8120b3cb-4797-432d-a91d-a9124ea4d5d2,fog,s5,1,0.308431,0.389116,0.606234
812afcf0-e10b-4c03-99d6-5f2278673e98,clean,s5,4,0.925712,0.961407,0.961838
812d5cfb-19f4-4a4b-ab67-1e8406c3b664,clean,s5,3,0.735920,0.846789,0.854949
812f3ea4-4595-41e5-92a7-0753ffd60a4a,clean,s5,5,0.816687,0.899084,0.899203
8148566e-5b67-46fd-bebd-c2fe334119ef,fog,s5,1,0.895722,0.944734,0.949685
814b21fc-e8b2-4a6c-9196-589e9289c3a7,shot_noise,s5,3,0.568624,0.714940,0.760278
815e6768-c1f6-4606-a73c-b329ba237dba,shot_noise,s5,4,0.590612,0.740236,0.751808
81647fff-52f8-4c80-9a86-938e9b579b81,gaussian_blur,s5,5,0.654482,0.773463,0.869290
817c438e-0a38-4be8-bdfc-7c87fa3a5439,shot_noise,s5,1,0.832290,0.908188,0.911542
8180fdae-fece-4760-bf67-8a5338f528eb,shot_noise,s5,1,0.872004,0.931329,0.935947
81900f75-71f6-4b20-ade5-9f13a2febe96,shot_noise,s4,2,0.733482,0.831890,0.931691
819aafda-2928-421b-8227-397a00fb4254,gaussian_blur,s4,0,0.730823,0.829529,0.932187
819fa8d4-166d-42cc-8037-e7e2807bbc99,fog,s5,5,0.977417,0.988577,0.988793
81a383eb-717d-4130-bd97-d9dadb9e38ad,gaussian_blur,s4,0,0.958889,0.978749,0.991435
81a92398-7fee-4ac1-a5f4-6f1d6a904d77,clean,s2,1,0.700064,0.794986,0.963018
81aa783d-6a2e-40c4-9577-6eb6edf279e2,fog,s3,4,0.649796,0.764426,0.886651
81aa95eb-8b86-4188-9a32-333c1114f06e,fog,s4,1,0.618992,0.752722,0.812955
81b09cb4-0960-4390-86e9-9642e1ae774f,gaussian_blur,s5,0,0.478576,0.643054,0.659376
81b53160-dee2-4e2f-80b8-c01a56cf54c2,fog,s4,3,0.710197,0.820046,0.888880
81d3841c-3b6a-4609-a2a0-de37334f6f7f,fog,s4,2,0.688503,0.803755,0.875464
81d46cdd-2a9c-48d8-9709-273733c7e4b5,shot_noise,s4,0,0.879337,0.934670,0.953005
81e2ae18-9c0d-4505-a254-fdfb75e70fca,gaussian_blur,s4,4,0.961671,0.980389,0.984111
81fbacb4-2cb4-4706-a68f-e107307f6582,fog,s4,3,0.963864,0.981458,0.989248
82069196-0ed6-4c0d-8a1a-b7c75b8ab318,shot_noise,s5,5,0.397322,0.530247,0.650528
821a7e84-a5cc-4844-88ea-d0e52f66073c,clean,s3,0,0.366589,0.504797,0.600528
82218fb8-024a-4479-b86e-2a0b86fd27ae,shot_noise,s4,5,0.932258,0.964229,0.984858
82250bec-ccba-4907-94e1-d4ac1e105a1c,fog,s3,4,0.827162,0.898567,0.972831
8229f038-d393-4af1-a7e5-dc1f84479732,clean,s3,1,0.534804,0.611250,0.917229
822b82ec-b488-46c4-add4-27baee9a1f5d,shot_noise,s3,1,0.956877,0.977559,0.995994
82378e1d-f6f7-429b-ab91-18b77ba49ecb,fog,s3,0,0.722633,0.822819,0.930235
8237f1c3-bee3-459a-a2fb-5edd4c11f326,fog,s4,5,0.649135,0.777755,0.829934
82436fd3-573a-4391-8cc0-c097e5e23ea2,fog,s5,2,0.350102,0.438846,0.660811
8247e09d-ff97-4ea3-a813-29a496d55283,clean,s5,4,0.275350,0.369339,0.530848
8247e923-2e90-4179-8776-1cc05b0198a5,fog,s5,3,0.707745,0.827732,0.835440
824baac9-8401-4c5f-8a32-3b7907818ab4,clean,s3,0,0.958667,0.978526,0.996174
825179ce-84a4-495e-8e58-2bc8b2805877,clean,s5,0,0.852819,0.919447,0.934421
8262e411-cbc9-41a2-acf3-d45fcef2725d,gaussian_blur,s5,0,0.980154,0.989971,0.990669
826ccc1c-5bdb-4f4f-b0ae-c0b2102267ea,gaussian_blur,s4,0,0.867557,0.926879,0.959219
827fc775-de6d-4b43-b885-9cd99505090b,gaussian_blur,s5,1,0.441410,0.608077,0.623680
82894adf-ae6d-4d54-a30e-07522f3ebdf8,clean,s5,2,0.735280,0.843777,0.870949
828f7272-3c11-45de-864f-bce726335694,clean,s4,0,0.942251,0.969903,0.982360
82927281-5236-4d88-bc97-f08faf51c2d1,fog,s4,5,0.778777,0.867990,0.933526
8294ce26-1fc9-4c7f-aa87-a7bbb1c82fee,clean,s4,2,0.949731,0.973976,0.983509
829661cd-cd7c-4292-a137-330bc53d64ef,clean,s2,0,0.911909,0.951886,0.996318
82af62d6-7644-468d-9db2-ffbce231017d,fog,s4,3,0.864165,0.925476,0.949376
82b20ad9-a35e-4446-8a8a-f25a5ba3e09a,shot_noise,s1,1,0.381171,0.432573,0.762342
82b9c15d-ef13-4886-9235-e75fead15f2d,clean,s3,3,0.548330,0.654108,0.864917
82ba69da-00a9-4fe6-bbcf-46ab61877af2,gaussian_blur,s5,4,0.773087,0.871962,0.872512
82f6bda8-52c3-4263-8034-5ca07cefb23e,clean,s2,2,0.909917,0.950725,0.995627
82fd0673-ab95-488d-83a5-9b5d58cd4015,gaussian_blur,s5,4,0.447861,0.607831,0.646245
8314cd8b-cf95-4b95-b75e-55e69dd83992,fog,s3,2,0.526461,0.599379,0.915433
83197b7c-d800-4124-8289-69b2683b8a85,shot_noise,s5,2,0.897199,0.945406,0.953296
831ce57d-5fe9-4b57-acae-e101704588a5,shot_noise,s2,3,0.891258,0.939410,0.993544
83209fea-c5ca-4c74-bfad-583fe5b98258,gaussian_blur,s4,4,0.899754,0.946718,0.956875
83309915-f029-42b7-8384-abf6895208d4,clean,s4,1,0.350559,0.414540,0.697781
834611eb-831f-4f38-98c8-ab964e0707ca,fog,s3,2,0.554310,0.670746,0.842366
835de4c9-1f65-4c9f-901a-caf39665c32f,fog,s5,3,0.936303,0.967031,0.969309
83717836-a943-4e99-b7df-9eb97b80d9ec,clean,s1,2,0.373532,0.427611,0.747063
83725997-310d-46f7-9486-19f674bc98fa,fog,s4,5,0.956417,0.977584,0.983936
8389a102-2b59-45f4-9482-cd8721dd59a4,clean,s5,1,0.914209,0.955177,0.955303
839ca49a-f564-40f1-bc3b-e0cb189855c4,gaussian_blur,s4,5,0.870701,0.929229,0.954235
83a37c74-4efc-45b5-a5e2-c2beb63422a1,gaussian_blur,s3,2,0.866714,0.924933,0.977430
83c36eb2-3e8f-4252-8792-f3a0ca84866f,shot_noise,s4,0,0.787592,0.873470,0.942078
83c5109e-c4c4-411e-aa6b-31f04f2fe537,clean,s4,5,0.621295,0.733291,0.890627
83cdad43-710b-4436-9e57-7a614c4e6193,fog,s5,3,0.970988,0.985274,0.985748
83d6b9cd-c1a8-4a12-a726-ad3be9b5fded,gaussian_blur,s5,4,0.595284,0.744541,0.753205
83e95e4c-12fa-4440-a941-11101f916624,fog,s5,1,0.798340,0.886042,0.903845
83f26364-9c88-47c4-b147-99d3a9761503,gaussian_blur,s3,4,0.923424,0.959073,0.987424
83f7092f-68b9-4d74-bd88-cbbe9f16b611,gaussian_blur,s4,3,0.394520,0.441041,0.789040
83fa8ef6-7de7-4964-bcba-beb6182bf548,clean,s5,4,0.765235,0.866969,0.867288
8405c802-627d-4888-96fa-b3b4be26e142,shot_noise,s5,4,0.699447,0.811073,0.887051
8412e1f5-5c64-4474-8faa-5b3bb4a3d696,gaussian_blur,s5,1,0.275118,0.426104,0.440949
84188332-01be-4206-aa12-80d8c5712b1b,clean,s4,1,0.949731,0.973976,0.983509
841ec051-5eb0-4534-b23e-3a1e94d469e0,shot_noise,s4,5,0.709020,0.824025,0.862203
8426453e-3aa5-4711-ba6e-12c0a3746152,clean,s4,1,0.595732,0.734031,0.794126
8434b165-c84e-46b2-9583-18256b0effcb,gaussian_blur,s3,4,0.540346,0.669277,0.799297
84366e5d-9588-467a-acf9-606c77ed36ba,gaussian_blur,s5,0,0.654255,0.790489,0.793419
8439644f-a6b0-42d8-9b88-3745b2138097,fog,s3,5,0.617462,0.720052,0.918676
843b5777-c743-4609-9a92-26edc0326440,fog,s5,4,0.946142,0.972251,0.975040
843bcf5b-93a6-44c0-8a29-107e5b295347,gaussian_blur,s2,4,0.607351,0.688953,0.970357
845ba0c1-fa2f-426b-8e33-16a401c23c51,gaussian_blur,s4,2,0.698784,0.802919,0.922992
84629c77-12a7-4215-bc52-fb2479558313,fog,s5,0,0.869065,0.929367,0.938150
846b3c02-ed43-4bf6-9fa1-47b5ad13d39c,gaussian_blur,s4,3,0.450515,0.601258,0.671139
84705224-3f3e-4196-8352-b2ea07fba7db,gaussian_blur,s5,2,0.891535,0.942644,0.942900
8475cc6c-60cc-49cd-9c9c-d7adfd05948c,fog,s5,2,0.618351,0.731516,0.885814
847cc6c5-c495-4c89-9da8-e1361dc1904f,gaussian_blur,s4,2,0.852279,0.917099,0.958240
84838471-2c7a-4d52-8da8-6d073498d5a2,clean,s5,3,0.533448,0.686986,0.723749
8486652e-3896-448e-8e5d-6ad0db5a9981,gaussian_blur,s5,0,0.612065,0.753181,0.784372
84901d22-903e-42d4-b953-5a03b80681e8,clean,s5,0,0.649609,0.783833,0.804976
849f3980-353b-4dfe-8a42-b1948d510a78,clean,s2,2,0.894593,0.941320,0.996251
84a267cf-becf-46ad-868b-2ba5b9297752,shot_noise,s3,5,0.927677,0.961292,0.993209
84aa6bff-0688-45d1-9644-a121dadbc66d,shot_noise,s2,1,0.974550,0.986963,0.998456
84acfeeb-4f0b-44ee-9e89-80b07bd68a3f,gaussian_blur,s5,5,0.574127,0.729272,0.730130
84b6efab-3a1c-4299-b86d-5e0dfdaad257,shot_noise,s4,0,0.466100,0.533629,0.854991
84b7c919-65e1-4b59-b7e4-f2941964c1bc,shot_noise,s5,2,0.979483,0.989628,0.990349
84bad16f-32ab-40a6-af34-c835869b90ee,gaussian_blur,s2,3,0.907145,0.949064,0.995435
84bc2cb2-45ef-4774-86ea-c245c4abd1f1,gaussian_blur,s5,5,0.796240,0.886555,0.886635
84e7cbb6-b957-4a50-90e0-13bde862eaa8,gaussian_blur,s5,5,0.550633,0.680921,0.801977
850809da-4be2-432e-aaf9-c9b404a6b3e0,gaussian_blur,s3,0,0.677765,0.782565,0.924629
851140e9-bced-4d49-966d-4b24525c6a8e,fog,s5,1,0.951199,0.974925,0.977547
851355fa-d5fb-4594-9c65-58f3023d8980,gaussian_blur,s3,1,0.777785,0.864718,0.951045
851a8a7a-6511-4d35-a7c8-fc748c1ed3a8,shot_noise,s4,3,0.941521,0.969348,0.987222
85258bf5-99c4-4090-b9f0-5029f9d39c80,shot_noise,s4,5,0.819412,0.897797,0.929573
8531932b-b09e-4da6-ba64-d30af65a7bdf,clean,s3,2,0.601819,0.699927,0.923019
853d2457-b959-4781-b6d8-2514bd17b553,shot_noise,s2,5,0.909779,0.950611,0.996228
85407607-abe8-4cfd-ae46-4333ffb409e3,clean,s1,4,0.373532,0.427611,0.747063
8544f653-aa3f-4ec7-b803-cd744af38a6f,fog,s4,5,0.970891,0.985132,0.991873
854b02f4-7e31-427f-950d-40789ec7526d,shot_noise,s4,1,0.903243,0.948453,0.962907
8559871b-33d1-4327-9eb0-0f1590f0e1e3,gaussian_blur,s4,1,0.873591,0.930522,0.961441
85600768-61af-49af-94fe-b97730f2c0cf,shot_noise,s4,1,0.783643,0.871788,0.932608
856278a4-0a57-4e76-bfb9-8db83bbb0ed7,fog,s3,1,0.979146,0.989382,0.997136
85709999-0e6c-44ed-9de0-38d40ddf00f9,shot_noise,s5,1,0.802320,0.888495,0.906683
8579aa83-138f-4b66-96bb-4185b1958648,fog,s4,1,0.878578,0.933302,0.966293
857d78e3-d822-46c4-b889-4310595ba4f1,clean,s4,0,0.831421,0.904875,0.940293
85801883-4dc6-424a-bc9c-1e42e7c79da4,fog,s5,0,0.926152,0.961491,0.966066
8580dcb9-8a77-4ac8-a91c-67681a1667f4,clean,s4,3,0.901916,0.947645,0.963404
8584eeef-dab9-49a5-86b9-166e9ccea843,clean,s4,2,0.963089,0.981069,0.987964
8587140b-0e73-4636-8270-9d5309fbbf2a,clean,s5,2,0.890595,0.942117,0.942394
858955bf-5c2f-4dbb-be11-5bed5ec487c1,fog,s4,5,0.955058,0.976843,0.984319
859d1cc5-ed8b-4e65-904b-55c8060e4cc4,shot_noise,s3,3,0.670825,0.778293,0.914364
85b8392d-2c17-47f0-812c-62b7402052b4,clean,s5,2,0.386394,0.526655,0.622380
85bf3e67-8cbe-4f34-8ffc-ad613eb5c31d,gaussian_blur,s4,2,0.769837,0.862174,0.926389
85d1005d-772e-43af-95c3-444e84d6a6f7,fog,s5,5,0.758057,0.860926,0.872843
85d35af3-6976-4929-9adc-6834adf16f28,fog,s5,4,0.921649,0.959225,0.959280
85d6f429-7f4c-4312-b5f9-07ac353c4849,fog,s5,0,0.527970,0.681608,0.720804
85e2d442-bff8-4ebd-986d-d5bb684c7c02,clean,s5,3,0.459315,0.624557,0.642645
85e7ae72-9a54-4986-aa67-9847805778c6,fog,s5,3,0.499150,0.656962,0.691995
85fb1426-5dd7-4aab-8e22-87be4519d58c,clean,s4,0,0.734995,0.833077,0.932219
85fe5380-36fe-4328-9fec-2f58602c2897,gaussian_blur,s4,2,0.803776,0.888749,0.913381
86022e18-bbe7-4252-819f-21a2a7a9edbe,gaussian_blur,s5,4,0.882219,0.937410,0.937653
860c3cf8-22e4-4876-b7d8-00163a83e474,clean,s5,4,0.940397,0.969282,0.969312
860ef36b-77a0-4a60-a4d4-b9fea6606990,fog,s5,5,0.744426,0.853446,0.853802
860f4691-f579-4d11-a9f5-bb2292c307bf,clean,s4,3,0.899895,0.946706,0.958655
861781c4-158f-4e3f-9700-e2d6506e9a61,fog,s4,1,0.816661,0.895917,0.929461
86295d36-2009-4944-b3a6-2b2982406321,shot_noise,s4,1,0.612154,0.720283,0.899355
862d5ccf-4e4a-439c-a998-257189aa3717,shot_noise,s5,3,0.605696,0.749576,0.773835
863cbfcf-effb-405e-af02-763535d25f44,fog,s5,0,0.860861,0.925001,0.928265
865932ed-fc19-4c0e-9f6a-0f6c1661baaa,fog,s2,2,0.738947,0.825812,0.988043
865c1638-b14b-41ad-b768-6192e035e7a2,shot_noise,s4,3,0.932496,0.964761,0.973797
86626a16-6688-43b4-9dff-0886f4749095,shot_noise,s4,4,0.705906,0.809377,0.923216
8670929c-5190-4415-ac75-58b0a7d558da,fog,s5,2,0.365381,0.523790,0.559184
8672175f-0ea7-41b3-9c5d-b1716d7b6514,fog,s5,2,0.544480,0.689443,0.755371
86818f47-3437-4f09-a27f-6f4a7a0eb92b,clean,s3,2,0.983981,0.991878,0.997808
8684a4e6-1cd7-4c43-ac42-7d3d18f2b139,clean,s3,5,0.659679,0.763048,0.929573
8685c813-e7e7-4b7a-a5c1-80aaccb90f3f,fog,s4,2,0.953095,0.975743,0.985909
868742ee-4dd2-4e8c-a924-3bb52e074133,shot_noise,s5,2,0.671363,0.803359,0.803438
868affa5-6309-4cbf-906d-577b686ddff2,gaussian_blur,s4,5,0.725830,0.831646,0.897512
868c84b5-0a98-471f-89cd-31644e7be294,shot_noise,s4,3,0.617167,0.726885,0.896490
869e6f1a-3124-43c4-b6f9-69bdab03cf73,fog,s4,3,0.923019,0.959513,0.971221
86a3dbb8-41a7-4561-a189-776a176fe8a5,shot_noise,s5,1,0.911020,0.953399,0.954283
86b763a9-9953-4566-b22e-71976c6d5f85,clean,s4,3,0.981722,0.990760,0.992581
86bf9987-629b-41e7-b747-5b56c686fdd1,fog,s3,5,0.892375,0.940162,0.992688
86c9f03e-2292-4412-932d-ebb83ed7af83,shot_noise,s3,5,0.965906,0.982462,0.993782
86cba72d-b06f-48c4-9b67-65c6e36c2a88,shot_noise,s5,5,0.466167,0.633841,0.641520
86cf0b5b-f5b8-4b22-a3c7-9bdd4a55aa18,shot_noise,s4,1,0.364294,0.423608,0.725632
86d23dc0-2349-4b1d-83e3-7f196f786198,shot_noise,s4,4,0.957796,0.978164,0.991216
86ef86b2-d724-450f-bf9b-23d7e9885126,fog,s5,3,0.811784,0.895148,0.905345
87287df8-3413-4d75-8c92-4199bfcf67c9,fog,s4,3,0.957767,0.978272,0.985592
872adf5a-9491-4703-a434-4560e1694be1,shot_noise,s4,1,0.807839,0.888425,0.941045
873e6287-0f56-4ad0-a5d7-57eb1bdf65a8,shot_noise,s5,2,0.939186,0.968406,0.976032
874038cb-18ac-41d2-afa2-7df09678ed3d,shot_noise,s5,4,0.540880,0.672260,0.792906
874a5cd1-46c4-4cf2-9287-1e1efaa5513c,fog,s2,2,0.906537,0.948662,0.996084
8765f3d3-4f5e-4485-8fa9-a4f39046fb15,gaussian_blur,s5,2,0.704753,0.822087,0.853354
87683735-a442-4950-a603-f53d61d69202,fog,s5,0,0.805104,0.891349,0.898304
876fec2b-6d73-4a43-b1a5-4ab314eaf0e6,gaussian_blur,s4,4,0.899185,0.946437,0.955867
8784d67b-275b-40b8-9b3e-ad9d3d6e93da,clean,s4,3,0.660697,0.783908,0.850192
87938a9d-9ff1-4b1b-a832-e160a56eb04f,fog,s3,1,0.888710,0.938734,0.979309
8797da65-85ac-4990-ab4e-0c3f89a6aa08,clean,s5,4,0.912510,0.954233,0.954699
879a9c68-96de-44dd-99cf-9362600d364e,shot_noise,s3,5,0.593152,0.691114,0.917872
879ef93e-28f7-4751-a253-e8b73d45add4,gaussian_blur,s4,4,0.839926,0.909882,0.947595
87a58e19-f2c7-4150-bdab-ec05a6fb3b19,clean,s5,1,0.805104,0.891349,0.898304
87bc102e-07a0-4e8d-902d-3853a4a9168c,gaussian_blur,s5,2,0.966943,0.983164,0.984949
87bd394f-88ea-4ce2-9bd1-b7c244fd35af,fog,s4,4,0.915499,0.954860,0.978619
87dde941-83cc-4499-964e-2f9867aa22b7,shot_noise,s5,5,0.469248,0.622202,0.682587
87e04930-c92d-40ff-bcf9-e1577610a950,shot_noise,s3,3,0.707666,0.812431,0.916138
87e0e121-94cc-4c16-850e-70ddc94b0dab,fog,s5,3,0.528240,0.670882,0.753360
87e2177c-9576-41ab-851f-a3c6e7e84131,fog,s2,3,0.883859,0.934784,0.993015
88019ebe-6532-4965-9552-688aa9b9431d,clean,s5,5,0.514731,0.663495,0.727595
88025e10-6706-4bd0-92c8-298bf17cb51e,fog,s3,1,0.535887,0.631858,0.876997
88128287-936e-43aa-8746-3d93e4a8dbfb,fog,s5,5,0.494257,0.555043,0.900889
88142895-382b-427b-81fe-5e459dd23f07,clean,s4,2,0.767859,0.858880,0.938187
8818703a-586c-4577-b1c7-c1eabc3bffd2,gaussian_blur,s3,3,0.957757,0.978122,0.992198
88258ec9-40ca-4f83-8161-ebec4ca8b944,clean,s5,5,0.938392,0.968090,0.972196
8826adc2-f09a-4f5b-8cf5-1595fb29326f,shot_noise,s3,0,0.534804,0.611250,0.917229
88284945-b461-4b1c-929d-c66256008651,clean,s5,4,0.934769,0.966272,0.966683
8829ea17-1828-4065-9025-746dae04f394,clean,s4,1,0.755815,0.856615,0.891008
882fa699-a90c-4096-8186-250c2a405944,clean,s4,5,0.930964,0.963859,0.975013
8833bdc6-2e99-4128-9e30-1a09f1739ad9,fog,s4,2,0.976674,0.988173,0.990396
8835dfc0-d226-48be-b3ae-27c4c787c7e8,shot_noise,s5,3,0.935894,0.966801,0.969419
883da185-e999-4d2f-be6e-a8d7491d678c,gaussian_blur,s5,3,0.843997,0.915308,0.916475
884ff8d6-07af-477a-aac9-4112fb87d422,gaussian_blur,s5,3,0.878965,0.935562,0.935930
885a9fe5-f44e-4a77-b5a9-4b3a234bd063,clean,s5,3,0.938392,0.968090,0.972196
886ffc2b-99e9-4828-a9fa-b488724c1e57,fog,s3,3,0.854388,0.915628,0.990807
8873aa58-f747-49e8-aeea-f0843d7d7118,gaussian_blur,s4,0,0.856646,0.922011,0.932763
8891af86-2598-49cd-a82c-1e2131735246,gaussian_blur,s5,5,0.893576,0.943783,0.944043
88934848-35f0-4d4d-a5bf-8864932036be,fog,s4,0,0.744048,0.846529,0.896988
889d1338-c62c-49a5-b4c8-6fbb36f21d78,gaussian_blur,s4,3,0.412761,0.577554,0.600379
88a04250-97c3-4780-97d5-73a7d807489b,fog,s5,4,0.807629,0.893480,0.894498
88a1d8cd-1776-44ab-b4a0-1afc6769ab30,clean,s5,5,0.904261,0.949364,0.956819
88a435f1-dca0-4af0-99b0-c00e7a24bd90,gaussian_blur,s4,0,0.292052,0.451446,0.453222
88b06e6d-e12c-4f65-8a25-5d422f8d4cd7,gaussian_blur,s3,3,0.854025,0.915384,0.990771
88c2f0fb-cf25-4de5-b25b-8e3de6057f17,shot_noise,s5,1,0.904237,0.949399,0.955877
88d03688-dc20-49d4-925b-51cd98235144,shot_noise,s5,0,0.878609,0.935333,0.936160
88ee649d-73e1-49b9-ba40-b861c729300f,shot_noise,s5,1,0.459066,0.629244,0.629303
890ce4e1-3183-48bd-808a-bc6d2694f6ae,clean,s4,1,0.767316,0.856004,0.954012
8912931a-740d-4f1d-a100-5d74dd0e4c1f,fog,s4,2,0.878195,0.933890,0.954184
89366983-cd5d-416d-a6bd-6f653b29edd0,gaussian_blur,s4,3,0.193499,0.321260,0.328667
893ae946-48a6-41d6-bbf8-51bf68dd563a,gaussian_blur,s4,4,0.859505,0.922009,0.955685
893e159c-b971-4e6d-a0c3-8c2e628a714d,gaussian_blur,s4,0,0.713490,0.825838,0.872720
89496d14-b1d5-4328-bac8-a0eb8f40d4db,clean,s5,5,0.654255,0.790489,0.793419
895b9edc-884b-4a2d-9953-6d4f83658d63,fog,s5,2,0.609407,0.755361,0.765259
895df394-db50-439c-97ea-d1879b5fe8f7,gaussian_blur,s4,1,0.892689,0.942342,0.959960
896e1665-1772-4fa3-841f-f9d48ce38f77,fog,s3,1,0.660083,0.754829,0.960072
89774aec-b209-439d-ba5c-40008bc55503,fog,s5,4,0.742465,0.842897,0.911419
89784d30-9fcd-40a5-9e81-9226cfeb437c,clean,s5,4,0.798131,0.885807,0.904612
8980e2df-e3f5-4b23-a899-f9e6a4838b4b,shot_noise,s3,3,0.860147,0.921058,0.972420
898ca734-5698-4981-8214-97bd31a0513a,fog,s2,4,0.726627,0.818162,0.970965
899a8ae3-7fcb-4c56-a0e3-493abfec54a4,shot_noise,s5,3,0.394223,0.564559,0.567691
89b7ed9c-baeb-47ac-be1e-d84fa861028b,clean,s4,0,0.672046,0.794951,0.847309
89c279fc-783d-4e72-90d8-1453883e0431,gaussian_blur,s5,3,0.742712,0.852068,0.854363
89c4af63-c384-4e90-a426-6d12c7d51d72,clean,s5,2,0.926152,0.961491,0.966066
89c8a01f-f619-4734-80e9-3bb31dac1e8c,gaussian_blur,s5,3,0.953522,0.976199,0.976583
89d18841-f82f-4770-82a7-95fb83c616fa,clean,s5,4,0.951176,0.974952,0.975969
89d66ca6-3adc-4b0e-ab41-11409b1176e2,fog,s5,3,0.893702,0.943860,0.944000
89d6dff1-caa3-4af1-abe6-30a80b3b829a,fog,s5,3,0.555720,0.710096,0.729343
89e14eb5-ee3a-4c41-b448-fe13cc45bc53,clean,s3,0,0.873658,0.929318,0.978570
89fbca82-e1cd-4505-8f0e-b26cd7a94c8d,fog,s5,4,0.930615,0.963762,0.972315
89fd7e93-1cc0-4076-9193-9c7b3b5cb9fa,fog,s5,0,0.820536,0.901361,0.902052
8a07f527-88d8-448b-ab9a-78145204afc9,shot_noise,s5,2,0.444779,0.596188,0.664037
8a146f57-d7f7-49ad-a876-20a0b2c99a64,clean,s4,2,0.635610,0.767949,0.817141
8a18066a-d384-4811-8a69-58267a8b2bfc,gaussian_blur,s5,5,0.902742,0.948514,0.956096
8a2c6ac1-a0d1-42a7-a158-1d534a6540b8,clean,s4,1,0.734995,0.833077,0.932219
8a2e168a-f9a9-470d-b937-50eefe0e8a08,fog,s2,4,0.939541,0.967938,0.996577
8a587ae3-4b8b-4a0b-9fd1-56b7685df59a,shot_noise,s4,5,0.637038,0.753717,0.878021
8a5b594a-3daf-46a3-86a6-483bc3b59c79,clean,s2,4,0.912998,0.952524,0.996566
8a76eb5b-5c8d-4d46-b848-d1bf9ab13809,shot_noise,s5,4,0.945066,0.971669,0.974883
8a7dcb20-45a6-4ec0-8fe0-20f7eee5cdbb,fog,s5,3,0.734913,0.846874,0.849361
8a868bfa-e7b1-444f-bad4-7558188ffae1,clean,s5,3,0.543683,0.688520,0.755371
8a9e2502-a5b0-4a97-bb30-52b547185246,shot_noise,s3,2,0.983507,0.991634,0.997744
8abb55d7-4c7e-4c3b-980d-c2af0b186908,shot_noise,s4,5,0.713595,0.825810,0.873355
8abb77eb-1059-47b3-8e0a-1b6095492b33,shot_noise,s3,5,0.677752,0.784189,0.917929
8abd1750-7269-489d-a4ea-affe8ddfbb43,clean,s5,2,0.852819,0.919447,0.934421
8ac90140-152c-47be-a8c1-32020092be09,fog,s5,2,0.333906,0.430613,0.623637
8acfa2f2-b5de-4a07-9df3-0598ff78cfe7,shot_noise,s5,5,0.549238,0.699535,0.740687
8acfc4e1-e845-48ef-8f1f-6bc17cc76184,clean,s3,3,0.642238,0.753444,0.898576
8ad4e284-ae76-4a67-92dd-05b07eaee048,shot_noise,s3,5,0.660969,0.763428,0.933077
8adba6d7-aa72-46c7-8d42-bec7aef694c5,gaussian_blur,s4,2,0.394781,0.538851,0.625136
8add6be9-c966-46cd-8212-ca4b381deb51,shot_noise,s4,1,0.977226,0.988458,0.990566
8addafe1-632a-4ef9-9849-9533c1ed257a,fog,s2,1,0.953002,0.975384,0.998316
8ae7f173-6d44-412b-83ba-19d62a6cc3a1,fog,s4,5,0.362931,0.510603,0.577467
8b0be8d5-55fb-463f-bb73-21f52f9c9757,clean,s5,1,0.829522,0.906762,0.907423
8b0f4612-4481-43ca-b1b2-c2a8980250f1,clean,s5,2,0.829522,0.906762,0.907423
8b1df0d2-2f8e-412e-b75e-ad0b0b0bce87,clean,s3,1,0.811442,0.885911,0.983520
8b252c57-22f3-4a67-a2af-015047d233de,clean,s5,1,0.574061,0.725132,0.744934
8b26fd00-5a91-463f-a9c5-e6879e303675,fog,s5,1,0.953882,0.976305,0.980240
8b2a2043-ff40-4ef5-a6ff-93eb9b10eb39,fog,s4,4,0.675910,0.796532,0.856192
8b3bade1-757c-4451-b9a9-8e43f567f2e4,gaussian_blur,s4,0,0.201372,0.332785,0.338912
8b53f92a-9b13-4708-95ea-23fd1ae49461,shot_noise,s5,3,0.732982,0.844828,0.852955
8b54b6c8-52d7-497c-8236-57921f566a32,gaussian_blur,s5,4,0.585002,0.733922,0.754145
8b554074-2e7f-46b5-b0b8-95ce83304b83,shot_noise,s4,0,0.362597,0.420599,0.724853
8b57fdce-3b61-4617-beee-62b4f48755d6,clean,s5,4,0.867043,0.928154,0.937611
8b5e68b5-0a5e-4c49-b1de-36f1487ffda7,fog,s5,1,0.695798,0.819480,0.826896
8b6f1bfb-2cf2-42d5-9ad4-ca2eed8e9677,clean,s4,5,0.781438,0.870261,0.931659
8b716a82-874b-473b-9b93-f2cb3bdc8f84,clean,s5,5,0.449576,0.620286,0.620288
8b73747d-e752-4afb-9264-4cf35626c718,fog,s4,5,0.439831,0.604311,0.627723
8b9174ab-561d-425f-a699-a428ec274fa4,clean,s5,2,0.305168,0.413841,0.559397
8b97c5e0-f258-4e01-a98b-fca88aed8db9,clean,s4,5,0.873132,0.930810,0.953365
8ba38638-78fe-4790-a3f9-c771a7596d29,shot_noise,s5,4,0.893423,0.943254,0.951783
8bad2d0b-701f-4c94-9a3c-f3c1bcea68f3,gaussian_blur,s5,4,0.743767,0.852760,0.855083
8bb00cdb-6344-41a2-b1f2-5feb6d782488,shot_noise,s5,2,0.891750,0.942715,0.943877
8bb3d33d-a76e-4aa3-aae9-457dcb5162d4,shot_noise,s5,0,0.408506,0.578970,0.582635
8bc38729-72f3-4174-98c0-4b508ead35b4,shot_noise,s4,4,0.757144,0.851291,0.932385
8bc5c319-5576-4e3b-b98e-36b228cf4a6d,fog,s5,3,0.416233,0.555084,0.661344
8bd111ac-87fb-47c9-bd47-1f657d855341,gaussian_blur,s5,4,0.957137,0.978047,0.980450
8be764af-1e89-4db5-87f4-b4b090b1ace4,clean,s3,3,0.811442,0.885911,0.983520
8bebab9f-11fe-448e-978b-5182305309d0,shot_noise,s3,1,0.607921,0.706143,0.926357
8bf5d26e-d188-4f48-80e6-41d21af17869,clean,s2,4,0.911909,0.951886,0.996318
8bf6fb2c-517f-49a7-b3da-5debc0b4fdf5,fog,s4,0,0.856359,0.920812,0.945483
8bf975b5-3822-4e94-8702-3e4b31d5a464,shot_noise,s4,4,0.693763,0.810128,0.866960
8bfb734d-9964-4f38-a800-fe98ee526305,shot_noise,s2,3,0.910181,0.950852,0.996252
8c0687e3-b9d1-4397-85ae-051dbba6ac9d,gaussian_blur,s4,3,0.760704,0.853985,0.933299
8c16fb27-8ca1-4795-91ea-94bebe6b0ce9,shot_noise,s5,3,0.872308,0.931778,0.932128
8c1db574-2d15-4b23-8972-25d75028c98d,clean,s4,1,0.508218,0.665570,0.698933
8c23edec-3542-4784-9edd-44a14cc831cc,gaussian_blur,s5,3,0.704877,0.825758,0.833419
8c2b628c-ef2e-4b68-91a1-1dfdb253f479,fog,s2,1,0.883038,0.934270,0.992913
8c35560a-cc12-474b-ac50-352317de29a2,shot_noise,s4,4,0.917217,0.955853,0.978769
8c36ade6-1f25-4c30-b340-d6e760cabc74,gaussian_blur,s5,1,0.453127,0.613356,0.650304
8c3b36c6-6f0b-4268-a1c2-d8bedab76409,gaussian_blur,s5,2,0.550305,0.694372,0.760843
8c4514fa-b207-4f29-8083-dadc380cc322,shot_noise,s4,1,0.805373,0.889852,0.913472
8c45c0fb-f5b7-40ca-8881-c529ae27431e,shot_noise,s5,0,0.816687,0.899084,0.899203
8c5432f6-e68e-4e64-bfd3-31451887e542,shot_noise,s3,3,0.975578,0.987528,0.996475
8c58df0c-66ac-4d7e-b211-c0ef895f0a45,shot_noise,s4,2,0.664117,0.786740,0.851717
8c6f5b70-e4ad-4770-95c7-36b0ad0ef49d,gaussian_blur,s4,4,0.761297,0.854430,0.933461
8c702c37-c839-4178-9d2b-262de7bbdb45,clean,s5,5,0.977773,0.988756,0.989269
8c7604a5-4985-4851-8030-84b2299b6d62,clean,s4,2,0.787592,0.873470,0.942078
8c7d43fd-ef02-4ad1-805c-08e2f84ed12b,shot_noise,s4,3,0.664410,0.773539,0.908036
8c919c54-ec71-426b-ab11-927d173fbb04,shot_noise,s4,4,0.962443,0.980747,0.986831
8cb0a4e1-7ce8-4246-bf6e-6f991927a315,shot_noise,s4,1,0.203423,0.335772,0.341541
8cb850de-a0a5-47cd-999e-a63bae8f52ce,shot_noise,s3,4,0.568908,0.685327,0.852030
8cbcc572-9c4b-4ccd-8ea4-1c4f18100254,shot_noise,s5,1,0.478951,0.632490,0.689051
8cc9db5c-9b46-4128-8204-3854bee890b8,clean,s4,1,0.708301,0.810918,0.926176
8ccbb10c-7df9-47ea-bc09-1f36503fa391,fog,s3,4,0.974481,0.986955,0.996309
8cd4445c-8274-4593-85e7-b61d9fc3cda5,gaussian_blur,s4,1,0.715466,0.817228,0.926645
8cd48141-06a8-4df1-9406-5aa501e452b0,fog,s4,3,0.901184,0.947528,0.957477
8ce2abe2-72eb-4d7e-abf1-7896657c666e,gaussian_blur,s4,4,0.883274,0.936776,0.957686
8ce63ab1-e066-4f9f-9ebb-547ca5a9ba92,fog,s4,1,0.952151,0.975242,0.985477
8ce8afb8-3cf1-4302-b7b9-9f7e98535c7c,clean,s4,5,0.879337,0.934670,0.953005
8cf701c6-aee4-455a-b860-aaca497863c2,fog,s4,3,0.409507,0.574141,0.597322
8cfc33ed-6f3c-4559-a95a-9d8d5e78643a,fog,s3,0,0.873658,0.929318,0.978570
8d03a966-698a-43db-a467-0e0d65ad081c,shot_noise,s5,1,0.889220,0.941346,0.941633
8d249368-4014-488a-bdc0-fa452f1c18c5,fog,s5,4,0.405396,0.573456,0.585019
8d32fc18-2668-462f-983b-8c2aabfd0192,fog,s5,5,0.853097,0.919779,0.932533
8d357d38-e523-4268-b411-04d59956809a,shot_noise,s4,0,0.930964,0.963859,0.975013
8d395cfa-1ed7-4345-b995-a0b9bba7a447,gaussian_blur,s4,1,0.961697,0.980342,0.987193
8d43b592-f7d9-47ec-951d-c152a5f7ae43,clean,s5,0,0.543683,0.688520,0.755371
8d5a840f-5c03-4996-9367-5c8237cd137d,clean,s5,5,0.650540,0.788229,0.788496
8d5e5bae-23f2-4f19-b0ed-0c70852ee011,gaussian_blur,s4,4,0.942758,0.970203,0.981707
8d623a3b-7f24-4369-bc61-8ee32f4dce6b,fog,s4,0,0.946687,0.972224,0.986643
8d83b9b1-95b9-4a2f-a029-310f424bdb5a,fog,s5,0,0.711057,0.831073,0.831481
8d83e388-6f4b-4e5b-a40c-9c4beaa1114f,shot_noise,s4,3,0.962518,0.980778,0.987297
8d9adfee-6c9b-4901-a268-e11682455d2c,fog,s5,2,0.657177,0.792688,0.795251
8da13f75-4c3c-499e-879c-ef1e31066b27,gaussian_blur,s4,2,0.779120,0.870151,0.919730
8dbcbe64-f82a-4242-bf7d-5a50d7a83655,shot_noise,s4,4,0.943270,0.970363,0.985796
8dccea92-e059-403f-ba6d-103595a53a45,clean,s4,5,0.797129,0.883379,0.919141
8dd38fb8-83b7-4799-99c8-f5ba2fed2e5f,clean,s5,1,0.711057,0.831073,0.831481
8dd39f6a-467d-4038-af59-abca019671c9,clean,s5,2,0.951849,0.975321,0.975706
8de7c35c-1bd8-4123-93c9-653d3157c993,shot_noise,s3,3,0.671319,0.776968,0.921585
8de8a66d-675e-4df3-8d55-4e289ff2d24e,gaussian_blur,s5,4,0.882073,0.937232,0.939099
8de8b606-ff92-4b0c-8da2-f46546791993,shot_noise,s4,0,0.292052,0.451446,0.453222
8dea022c-2f63-477d-95a9-ecfdb9187422,clean,s3,2,0.642238,0.753444,0.898576
8dec54d9-6d62-4e07-9c37-9d4fe1845457,shot_noise,s3,3,0.794630,0.875964,0.962959
8df19e1e-c4fc-4a85-8b5e-785904fe129a,shot_noise,s4,2,0.914194,0.954250,0.975369
8df47559-8e83-41a6-a5a6-10db7e621d38,gaussian_blur,s4,1,0.383399,0.528993,0.607984
8df6f2ea-7763-4fb4-a468-dd050f963e71,clean,s2,1,0.911909,0.951886,0.996318
8dff3379-cdb0-4325-beb6-b613d86ce7b5,fog,s4,4,0.705067,0.814157,0.896272
8e08e970-07a9-486e-b7b3-4f688e926e4c,shot_noise,s5,4,0.718132,0.832728,0.855179
8e290856-31b2-4bf1-95ea-d987f7129423,gaussian_blur,s4,2,0.902727,0.948426,0.957627
8e2d54e9-30e8-430c-9a04-5accde196388,gaussian_blur,s4,2,0.927016,0.961213,0.985663
8e31b3a9-d114-493a-873f-8436eea2b282,fog,s4,2,0.388493,0.554029,0.572057
8e3530a6-45ee-4469-80a5-0650e8fdaec3,fog,s4,3,0.635219,0.762958,0.835829
8e5021e8-0630-4d2b-9bd4-4cca2d45611a,gaussian_blur,s3,5,0.702479,0.800203,0.950569
8e5548f6-49da-49bf-8e02-348ae1b41578,shot_noise,s4,2,0.977541,0.988616,0.991003
8e6209f6-cebc-4923-bab0-be9d0f3ec460,clean,s3,0,0.720789,0.823223,0.919874
8e6e0d1f-8901-4057-a0a9-146444cc87e3,gaussian_blur,s1,1,0.496405,0.498196,0.992811
8e78084c-05c0-4ff0-ad4e-da03020b8e09,fog,s2,5,0.915600,0.954081,0.996444
8e7e8602-447f-4c54-9e06-f5ff210f7ef9,clean,s4,2,0.708301,0.810918,0.926176
8e8021b3-70b8-474c-9f9a-55aff3fd0cd5,fog,s5,3,0.821497,0.901426,0.907845
8e856329-62ea-411d-99e5-2658b1f89b7e,shot_noise,s5,4,0.965691,0.982495,0.985456
8e8588f6-3d2d-44b0-8b81-73b6ce84bcce,gaussian_blur,s5,1,0.766830,0.865172,0.889217
8e9a67d1-b7e0-4bfe-8e98-ebca3af606b7,fog,s5,5,0.753641,0.859233,0.861525
8ea489e7-26ae-4d4f-9755-c574d84253d3,shot_noise,s5,3,0.754240,0.859401,0.863494
8ea682aa-8dd6-4ac9-abba-0eaa0fbd36f6,gaussian_blur,s5,5,0.910384,0.952736,0.960583
8eb946e3-5aa1-4125-8837-b049fc7a2600,fog,s5,2,0.980158,0.989976,0.990320
8edbc51e-82fe-455d-baab-9d0cff3aa5a9,shot_noise,s4,2,0.961201,0.980081,0.987043
8ee44fc8-d9e1-4548-9209-c9f4f4b9ddc0,shot_noise,s2,0,0.912998,0.952524,0.996566
8ee7b9f8-36ed-4bfe-8eeb-f9827fdb69af,shot_noise,s4,2,0.718564,0.818981,0.931568
8ef2c4df-0092-482d-851e-a7f3ca4c5995,clean,s5,0,0.735920,0.846789,0.854949
8efac93c-858a-402e-a449-0da2f4b4d4cc,gaussian_blur,s4,3,0.896500,0.944470,0.962642
8efcd2a2-848e-4bec-bae0-5fd0addad57f,shot_noise,s4,5,0.364503,0.423978,0.725728
8f00dbd0-ba15-4450-906b-769bf3725f9a,gaussian_blur,s4,1,0.629042,0.756300,0.837874
8f032063-b2db-41d6-89f1-8067288a2682,clean,s5,1,0.983097,0.991474,0.991819
8f05719f-cda9-457f-bb43-4fadb9fc0753,fog,s2,4,0.642545,0.728232,0.981611
8f1cf3b1-80d4-446f-80a5-fc86b9ba5a11,clean,s5,5,0.980154,0.989971,0.990669
8f2c446d-33db-486e-94a9-c748da259be8,gaussian_blur,s5,3,0.329125,0.405523,0.646186
8f2c7e74-519e-4fe8-87aa-9a28219f2811,shot_noise,s3,5,0.942138,0.969597,0.990272
8f2d9cb8-66c7-4fce-bdb9-8f2443485197,gaussian_blur,s5,0,0.909416,0.952518,0.953435
8f363483-50ce-44de-9fdb-06de091a54e8,gaussian_blur,s4,3,0.965557,0.982366,0.988787
8f369a7f-c46c-4695-a997-570a1f8e9209,clean,s4,2,0.810709,0.892822,0.920075
8f413706-1073-4809-b86b-3532e7df4fa1,clean,s4,3,0.941312,0.969416,0.981307
8f5100df-2e9b-4af5-a059-ee806dafe116,clean,s5,0,0.351146,0.440836,0.660949
8f64b239-0526-4b24-b280-7cca1c0da8a7,clean,s5,3,0.770739,0.870444,0.871179
8f73848a-330e-4c2c-b395-30a74f0ab9e7,fog,s5,4,0.647354,0.783413,0.797564
8f7fd041-35a6-41a8-98e1-5bc2c3f302be,fog,s4,5,0.801212,0.886135,0.920384
8f81eaad-9bce-47c3-8d4a-f43aee4693a4,gaussian_blur,s5,3,0.820561,0.901229,0.903550
8f894112-cd98-4086-b436-e33a547eaa30,clean,s5,5,0.223472,0.313817,0.440348
8f8c9bad-3bcb-461a-9af5-9e3eba7357ab,shot_noise,s4,2,0.937143,0.966882,0.987753
8f9d77d2-941b-412d-a8ef-b444347ee525,fog,s5,5,0.861383,0.925495,0.926000
8fa4252e-ce85-4f03-acb6-c204ae92d46b,clean,s5,2,0.971108,0.985325,0.986544
8fae0980-5eb9-46da-9f23-fa98a011bd08,shot_noise,s4,2,0.284544,0.442567,0.443852
8fb67ad2-1a76-4987-adbe-3975aac8d8f7,gaussian_blur,s5,5,0.906981,0.951195,0.951760
8fbebec5-fa37-49b1-be6c-ea9fe7f35b49,shot_noise,s4,2,0.804330,0.884843,0.949845
8fc929a7-a98d-4cdb-b02a-d83a3faa5aa6,gaussian_blur,s4,1,0.308513,0.470451,0.473618
8fc98008-83ee-429b-a865-3b4337ad25a8,clean,s4,5,0.679022,0.786869,0.911874
8fdb5de7-1b9b-4fcb-aac4-8e9c2b61aa50,gaussian_blur,s5,1,0.235460,0.346402,0.434366
8fdc9fde-a26e-47f9-92b4-6c240fab3bfd,gaussian_blur,s4,1,0.975892,0.987772,0.990012
8fe31170-1a16-4012-92bc-2120f0723597,shot_noise,s5,0,0.739600,0.848868,0.859857
8fea2b0f-a167-4f9e-bc12-7342a304b0c3,shot_noise,s5,4,0.727957,0.841463,0.849509
8fef3bd0-88e4-49c0-8217-129150524e4f,clean,s4,0,0.841669,0.911704,0.940363
8ff4921f-1900-4094-a6db-9e1ed4591cec,clean,s5,2,0.762324,0.865106,0.865349
8ff5dc3f-66c9-485e-b745-963afb28e46e,gaussian_blur,s2,2,0.918886,0.956019,0.996601
8ffa6c2a-e583-4aa9-9930-e6948bfb87fe,shot_noise,s3,3,0.713308,0.808858,0.957232
8ffa7e6f-a968-4bbc-a803-fb70d39244fe,fog,s5,0,0.861309,0.924660,0.936472
90071689-78b1-4701-88d1-b11e1af222ca,shot_noise,s3,1,0.925133,0.959884,0.991701
9012c6e8-f18f-40ab-aff3-7230938e09cf,fog,s4,2,0.964336,0.981725,0.988378
90236448-a929-45f7-aa79-6c615c60461c,shot_noise,s4,3,0.962885,0.980967,0.987620
902766cb-c9e9-45cd-87e2-9853a079e51f,gaussian_blur,s2,5,0.942765,0.969746,0.996751
9040f9c8-31c2-4263-bd02-b0294c9851ad,fog,s5,4,0.858089,0.923609,0.923840
9051438a-72e9-403f-87cb-ed2de2a0fd4b,clean,s4,3,0.713490,0.825838,0.872720
9052eafe-799d-4b2b-bc79-b6466bd2f3a1,gaussian_blur,s5,5,0.811065,0.895382,0.898501
9064c9cb-b9ea-4706-9eae-0e8b0589c576,fog,s3,2,0.917049,0.955205,0.990768
906dbe95-604f-4df2-96d1-cfc2a0505407,fog,s4,3,0.860722,0.922494,0.959392
907889e7-e169-482a-b0a9-b8c08356e941,shot_noise,s4,2,0.646535,0.771995,0.843808
90959532-546c-47a0-a2d8-d6a7b4f444c8,clean,s5,1,0.631751,0.743572,0.894241
90a1e82e-d3b2-4f2f-a8a0-b745607d1fbf,gaussian_blur,s5,3,0.940176,0.969098,0.971360
90b7fbe4-08ac-46ba-aa05-f83cb7a6da1e,shot_noise,s4,1,0.652587,0.777561,0.844693
90be99ba-dd37-4d70-9d04-e991a306ba61,gaussian_blur,s5,5,0.961268,0.980249,0.980400
90bf7bc0-dcc1-4ee2-9630-6e2fb3999e06,clean,s5,5,0.925474,0.960805,0.973781
90c4837f-678c-489e-af8b-a70c8c741c60,clean,s3,0,0.921872,0.958186,0.987141
90cbf4e9-4a26-4258-9506-8a6353db2c46,shot_noise,s5,3,0.749766,0.856680,0.859152
90ce5f2f-ca3e-4bc2-a140-334e0e77acd7,fog,s4,5,0.903153,0.947942,0.971580
90e4ab3e-663b-43bc-8812-c09fac0ba53d,fog,s4,5,0.377422,0.543244,0.558453
90e8cff6-f794-44d3-bc05-bf9b6fde4935,gaussian_blur,s5,2,0.759939,0.862374,0.872485
90ebc79e-5c7d-4acd-9204-327a42f6bace,fog,s4,0,0.781438,0.870261,0.931659
910aff8e-34ae-4efd-bc42-845989be7c33,clean,s5,1,0.987224,0.993570,0.993781
910ded51-005d-4d8a-9a34-41396536d2de,clean,s5,5,0.655265,0.774026,0.870100
910e7010-e664-4dbe-aae4-0f074b0ad054,clean,s5,0,0.940397,0.969282,0.969312
91129876-64a6-4ff0-b563-1549f1c9ce7b,clean,s3,1,0.613432,0.713442,0.924299
911500e5-266b-4779-b23d-a784eb577cd0,clean,s4,0,0.453030,0.521700,0.836540
9127d8b3-d9a0-4636-bcdd-b545af00ddae,gaussian_blur,s4,4,0.893026,0.942172,0.966302
91377040-b5d1-4773-8f8b-7191f2428033,fog,s4,1,0.683079,0.802031,0.860553
91392a2d-7af4-4e56-9de4-a69f2259b287,clean,s4,4,0.787592,0.873470,0.942078
913b527e-30ef-4f62-acce-0f0b4578ecfb,fog,s2,4,0.907383,0.949173,0.996096
913cfb68-b6dc-43e9-859f-4c9d184c555b,shot_noise,s4,4,0.357861,0.509052,0.563847
914c5285-9bd2-42c2-bfa3-6cf270da5826,clean,s5,2,0.612065,0.753181,0.784372
914e3022-abeb-432c-89cf-1a3c090b8063,fog,s5,2,0.858465,0.923658,0.926264
9151094c-171a-40d4-bc9f-ad45f4d677e3,clean,s4,4,0.977553,0.988625,0.990745
915fccd0-f351-4e32-a178-c7035d8e24a6,fog,s3,1,0.458343,0.478266,0.916686
9160a99a-3275-4e2c-b9a7-ebc9b78f59a8,clean,s2,0,0.956446,0.977288,0.997556
9165ef24-9dfe-4b5a-84a2-7a6a20795327,fog,s5,1,0.919997,0.958105,0.963747
9174b098-9c7a-4a07-8c34-622d21b00e85,shot_noise,s4,4,0.923134,0.959343,0.976943
917ee487-e1bf-482d-8a75-0c932f6f1cfa,gaussian_blur,s3,0,0.760272,0.849229,0.960539
91851f80-f0d3-4560-8f7b-2c71935ec8c6,clean,s5,3,0.937190,0.967315,0.975595
918d3d43-5311-4263-b777-4ff92e8adbfb,shot_noise,s5,4,0.935255,0.966462,0.969008
918e3b2f-a546-4547-a937-950773eb6978,fog,s5,1,0.565908,0.718341,0.738567
91901f1f-8d46-432c-8a0a-16bfa86714e0,shot_noise,s5,2,0.856085,0.922372,0.923640
91a4979c-5298-4e7e-bb1c-8559c1dab292,fog,s2,4,0.974389,0.986879,0.998450
91a6c8ef-5bda-4c9c-86e4-086f5c42b464,shot_noise,s4,0,0.730022,0.836558,0.889147
91af9559-02a2-49fe-bbf5-5cac8a146952,gaussian_blur,s4,5,0.354451,0.505575,0.559413
91afd64b-53f9-4398-bbd3-563ae8f88ab7,clean,s5,5,0.828777,0.905718,0.913317
91b60b49-dc52-48a0-ae7f-3c8b4833ec7c,shot_noise,s4,5,0.716134,0.826380,0.881877
91b83cd2-408a-4041-9167-adbb2b2a982e,clean,s4,3,0.942251,0.969903,0.982360
91cae4e3-b6ee-49ea-8a2e-dfd16370f0ec,gaussian_blur,s2,3,0.865949,0.923305,0.991459
91ccb6ac-6f36-43e9-8abf-d4f41c95bea9,fog,s5,3,0.386333,0.557017,0.558085
91d7b780-b404-4ee3-bc0e-fb733e180610,gaussian_blur,s4,4,0.913344,0.954237,0.965036
91de47ee-2837-4fde-846b-cc593268c328,shot_noise,s4,1,0.951771,0.975131,0.981685
91df67da-47e0-401e-aa5b-dc0abf389b97,gaussian_blur,s2,4,0.977122,0.988309,0.998619
91e24dd8-ebe9-47c8-9632-512b021a9f9e,clean,s5,5,0.445268,0.595820,0.666533
91fb30ee-24db-4d44-88c4-ced0ea433969,clean,s4,3,0.861726,0.923073,0.960240
9213f3e4-1ad5-4867-8207-4dd6e75c4bfb,gaussian_blur,s5,0,0.914209,0.955177,0.955303
92179633-1ade-44bd-8a3f-0c4a76fd3e52,clean,s2,1,0.912998,0.952524,0.996566
922aa0ea-85f2-4bdd-bb72-e4b5e2157177,fog,s5,0,0.826471,0.903687,0.918537
92371e6e-7725-4be3-8798-eecc84733857,gaussian_blur,s4,1,0.973781,0.986649,0.991773
9245a7e6-3c7b-406d-adeb-0f28a234be7a,shot_noise,s4,1,0.973439,0.986459,0.992606
9258151f-dd54-43bc-915b-d330131d2515,clean,s2,1,0.956446,0.977288,0.997556
925d1856-64a6-4f37-8c88-d990607af01e,shot_noise,s3,4,0.857390,0.917638,0.991000
926bb07b-644d-4c45-98dd-fe5d4c6e4fe1,shot_noise,s3,1,0.534198,0.610395,0.917105
926bca1c-558a-4b83-9f9a-6be59ab91da2,fog,s4,2,0.976222,0.987913,0.992561
926db7cc-e5ac-4885-92f8-fcff74c2b718,gaussian_blur,s4,2,0.852799,0.918522,0.945472
926f66de-bb22-455e-88f6-1c7c4c672c92,shot_noise,s5,3,0.684696,0.799798,0.877995
92793db5-fa24-436b-b1b4-21964c83bda4,shot_noise,s3,5,0.636147,0.747916,0.895435
927c98cb-9b1a-4f8b-b55c-a07fe4133960,gaussian_blur,s5,2,0.771320,0.868192,0.891431
92810b7a-499f-4992-8f96-e376de7aa38e,gaussian_blur,s5,1,0.345459,0.431186,0.658261
9282cf7f-4b6b-4c8f-bf90-96c12dcdaae2,shot_noise,s2,3,0.955706,0.976885,0.997514
9282dd9d-f6c1-4e45-ab5a-f8a7617c5ff9,gaussian_blur,s3,4,0.975407,0.987414,0.998378
929a86a8-a604-497e-bda9-ef319f92b9d4,gaussian_blur,s5,2,0.862205,0.925373,0.934461
929c41f4-76c1-4a62-9048-6c4e2d617ffc,fog,s5,0,0.816687,0.899084,0.899203
92a4844a-62fd-4f9d-bda4-948c0b472323,shot_noise,s3,4,0.879086,0.931860,0.991323
92b22474-4033-4459-80a5-748d30f6a86c,clean,s4,0,0.830865,0.903917,0.946165
92b3df76-e136-4549-87ff-a352263528e9,fog,s5,2,0.905543,0.950430,0.950431
92b6b655-8bca-439d-b104-23a35fbaf0d9,fog,s4,3,0.359772,0.508058,0.572069
92d3459c-205d-40f4-895f-cdb5415c46ba,clean,s3,2,0.677765,0.782565,0.924629
92d51975-5cc3-43c0-b0d4-c4ba7be485aa,gaussian_blur,s4,1,0.911756,0.952733,0.977291
92df199a-6f18-47c6-9813-138849a7d115,clean,s5,5,0.775599,0.873195,0.876965
92e4c51e-4031-4cc4-815f-39df94b42611,shot_noise,s5,5,0.937101,0.967507,0.968223
92e78ce2-0af1-4069-8762-5d2a3862e377,gaussian_blur,s4,0,0.940507,0.968745,0.988434
92e810b2-aeeb-4ec3-8bcc-fca272fe5005,clean,s4,4,0.730823,0.829529,0.932187
92f18a98-63ba-41ed-baa1-da0fc62697fd,shot_noise,s5,4,0.873283,0.932296,0.933237
92f48617-33ae-41cb-bd2a-fff746aab723,gaussian_blur,s4,4,0.699798,0.815425,0.866544
92fead4d-e56b-4714-b41f-cd398bded48f,gaussian_blur,s3,2,0.742076,0.839318,0.930529
930306fc-4c0b-4a03-95cd-ab56c54be8c2,gaussian_blur,s5,3,0.771445,0.870754,0.872715
930995af-1014-4dda-8564-dee640a00d77,shot_noise,s4,2,0.924124,0.960180,0.970245
930eb53e-e4ae-4b9d-bf63-06ca28ccd441,gaussian_blur,s4,0,0.949731,0.973976,0.983509
931614d2-d19b-4577-bb56-2ada5d703c96,shot_noise,s5,2,0.868373,0.929525,0.929904
931b1144-efd9-4aa5-b42f-d286d6b46deb,shot_noise,s5,5,0.762084,0.863662,0.874648
93222ef5-d5bc-4049-a8d0-7a01f93efb10,gaussian_blur,s5,4,0.267309,0.356942,0.522795
932b76cf-3e56-4822-b7d9-565ac29f5001,fog,s4,4,0.688144,0.807079,0.857712
9334c9a5-a5f0-4f55-b6c2-6fdb641d7ff5,clean,s5,1,0.868100,0.929078,0.933845
9346d615-b558-4294-b447-a4c2650fc391,gaussian_blur,s5,2,0.912767,0.954274,0.957030
934cae03-2652-45c5-8654-8adccca8a8a8,shot_noise,s4,1,0.712933,0.818247,0.910349
93748bc1-0963-4816-8308-a405ebe56d13,fog,s3,0,0.934580,0.965398,0.988907
937b1b5c-9ca3-4de6-a343-c6acfd5839b7,clean,s5,1,0.445268,0.595820,0.666533
937d80fc-44f2-4361-bb29-b377ab3129b0,shot_noise,s5,4,0.935464,0.966545,0.969989
93826a0f-3160-42fa-88ca-1bcfa16d6bed,fog,s5,1,0.494543,0.648184,0.700496
93a14797-b2f2-40a2-a81f-0997e2975e53,clean,s5,3,0.878609,0.935333,0.936160
93a15ab2-b09a-4704-ad0f-1005bdf5a7a8,fog,s5,3,0.496434,0.650413,0.700896
93b2b504-f7a9-47eb-b96e-a33911e7b62d,fog,s3,1,0.976360,0.987935,0.996587
93cc5a02-04e4-4bff-8cb3-63c3a508472a,fog,s5,4,0.857841,0.923085,0.928639
93cf8a9e-744b-45f5-b792-b0280930da8e,shot_noise,s5,1,0.987456,0.993687,0.993893
93de7fc8-0e48-43aa-b249-009f5927ac4e,shot_noise,s5,4,0.867934,0.928993,0.933605
93e11571-29e9-4e9a-a52d-c6d72439ac90,fog,s5,2,0.210921,0.302784,0.413739
93e960ad-76bb-4b0e-9c53-141bbe50fe50,fog,s5,1,0.364207,0.510942,0.580987
93f7c425-75a7-4ba0-9103-22afc0514424,shot_noise,s5,1,0.477978,0.641547,0.661456
93f94a78-d16e-4905-8580-4597dbee6449,clean,s4,4,0.574098,0.707297,0.805049
93fb7fb8-a802-4a73-a25c-b4f5b7f08646,shot_noise,s5,1,0.762010,0.864883,0.865305
940eddaa-3652-4115-ba67-6fa0659e50c2,clean,s4,1,0.747602,0.844700,0.925598
9412cf6f-7f77-4175-9972-b89f26edcb1d,gaussian_blur,s5,0,0.517671,0.591824,0.903586
9414098e-e806-4d10-a4e6-8061debec03d,clean,s4,3,0.833588,0.903652,0.967269
941508f4-89e0-441a-a8cb-8b74c6878760,fog,s3,3,0.974985,0.987218,0.996384
942920bf-05dc-4d74-9a8d-fb3d43b2ea06,fog,s2,0,0.894593,0.941320,0.996251
9435f8be-0ece-4343-972c-e73f5db3d441,shot_noise,s5,3,0.856244,0.922463,0.923748
945806a8-8e73-49fb-869e-428d71e87725,fog,s5,0,0.816031,0.897825,0.907237
9470e1d2-7cc4-4256-87cd-b2b0e9e875c8,shot_noise,s5,5,0.968666,0.984072,0.984816
94711432-2544-4c9a-aec4-bc5a89d89049,shot_noise,s3,1,0.975204,0.987308,0.998366
948465db-45b2-4a32-9897-081102f60589,gaussian_blur,s4,5,0.932449,0.964267,0.986789
948722cc-0a95-4cd6-b524-8f186d4d4baa,fog,s5,1,0.858021,0.923189,0.928757
949014cd-1506-4fe8-807b-4b2d32b8ebf1,shot_noise,s5,3,0.868489,0.929006,0.938213
94abe66a-57b8-492e-8a32-7a7eadb0dc08,clean,s4,3,0.600010,0.721969,0.850856
94b2ae47-be3b-4331-b12c-1a8b1953b9fc,clean,s3,2,0.567082,0.683521,0.850835
94b5ea64-5737-40bd-8c07-4eeafee36530,gaussian_blur,s4,1,0.710950,0.824552,0.868144
94be7f7c-702d-4ead-b9c3-a8c447d17304,clean,s5,1,0.450288,0.619277,0.625393
94c0630f-6532-4966-a099-3490b6f120e1,clean,s4,1,0.635610,0.767949,0.817141
94c38b7a-4102-4d65-94e6-f90e83eeb25a,fog,s4,5,0.842161,0.912958,0.929953
94d0794c-074f-43a3-805d-de05d3a63a3a,shot_noise,s5,0,0.792863,0.884453,0.884581
94d26d7c-8f6c-4681-98d3-e760fc91da0d,clean,s3,0,0.681456,0.791088,0.903739
94d4cad1-f312-464a-af2e-bf0279606867,fog,s4,5,0.685041,0.804141,0.858752
94da7f24-7636-4e36-99cc-b9a362889878,clean,s5,3,0.977773,0.988756,0.989269
94e5b37b-ab30-4ef5-961b-3a1826bbaabf,fog,s4,3,0.687251,0.805221,0.862997
94f5bc62-23d7-412f-9341-7966190f9f09,shot_noise,s4,1,0.817119,0.894985,0.940981
94fcef5b-7215-44bb-9efa-7e0f5589a763,shot_noise,s4,3,0.873053,0.930765,0.953312
9508c305-6032-46ee-be00-ad5428490b19,clean,s4,4,0.941312,0.969416,0.981307
950c59ef-a168-40ae-8e19-6eaf1924b9ef,fog,s4,2,0.793071,0.875806,0.955365
950f6de8-7ce2-49cc-96cc-7b8ea02b0804,gaussian_blur,s5,2,0.753854,0.857193,0.876888
9512958f-81ff-43a3-a1ce-439c0c474e20,fog,s4,1,0.732699,0.838174,0.892434
951ed9f2-bd1c-4c04-b56d-f0827716519f,gaussian_blur,s4,1,0.958743,0.978674,0.991245
951fd07f-735b-48ac-94d2-c8baf8be8e09,gaussian_blur,s4,1,0.819768,0.897290,0.936677
9523e594-eef9-4e10-bdf4-81c7a7e78ba1,fog,s4,2,0.690016,0.807897,0.861776
95242459-62bc-4278-960f-e85db53af467,shot_noise,s5,5,0.931528,0.964539,0.964883
955c41f0-4381-4cc3-a2ab-608fac1171d1,gaussian_blur,s3,0,0.942037,0.969393,0.995000
956c9a49-30e8-402f-a24e-09e8f35f8b67,clean,s5,3,0.958936,0.978965,0.982492
956ebdba-d4f5-47f5-8f83-c43651e8e62e,gaussian_blur,s5,4,0.857210,0.922855,0.926496
95700e06-718d-4673-92ee-6d61a7ef4d3a,shot_noise,s5,2,0.547093,0.691499,0.758320
95728162-5028-4e6b-8019-920648c6af4b,fog,s4,4,0.597385,0.717184,0.856751
9579be36-e4a8-40f5-a5e4-b888919897d3,gaussian_blur,s4,4,0.474497,0.600154,0.752277
957a0c5d-21b1-468b-afd6-8db6e1d7f7fb,gaussian_blur,s4,0,0.660697,0.783908,0.850192
9583d89c-e767-4c2f-b17d-91d2fc91ee8e,shot_noise,s5,5,0.840951,0.913469,0.915173
95841499-eb6f-4b94-9913-4a815adc3efb,gaussian_blur,s5,2,0.791830,0.881947,0.899712
9586018e-98c8-4a1d-94e7-8b60fac0a0fd,gaussian_blur,s5,3,0.630455,0.770385,0.786256
959aeca4-e9a3-43d5-9b0b-da35e13e6c5d,gaussian_blur,s5,1,0.480238,0.634191,0.688983
959f5c85-4db2-4466-976e-2a775f92ec1c,gaussian_blur,s4,1,0.847595,0.916642,0.927947
95a580e7-1e13-45b7-9b33-b112258a1e64,shot_noise,s2,4,0.908014,0.949589,0.995456
95b11d05-8914-4e8c-92ec-d6367be38706,gaussian_blur,s3,2,0.458104,0.478136,0.916208
95b4f1d3-802b-4603-a84a-4f93b8ece28e,gaussian_blur,s5,0,0.983097,0.991474,0.991819
95b9f10c-9f5f-43ee-9ec7-74c7ccd330d7,clean,s4,2,0.958889,0.978749,0.991435
95bc402d-06ed-4154-9fea-e58fbfc23668,gaussian_blur,s4,5,0.883198,0.936840,0.955980
95d4db0c-68ca-4467-88fc-d3cad33f1922,clean,s5,1,0.459315,0.624557,0.642645
95e09eb0-803c-4dad-b605-c30a9e13102d,clean,s5,2,0.611499,0.758005,0.762699
95e5d39d-df47-4025-af73-f82412fbf780,fog,s5,1,0.713723,0.828493,0.858938
95ed5d59-f7ce-4d74-aadb-788c42c85bb5,gaussian_blur,s4,2,0.801634,0.888573,0.901771
95eddcc4-0542-4242-86f6-5f7ecef95ed7,gaussian_blur,s2,4,0.728006,0.819637,0.969893
95f156d6-e942-4ce3-9acf-7bf82acf34c4,clean,s4,1,0.830865,0.903917,0.946165
95fd0a68-7808-40dd-a757-de0c41fd441c,shot_noise,s5,2,0.867370,0.928650,0.933531
9600b1ae-f51d-4d62-8127-0c1dcb001e6d,shot_noise,s5,3,0.801283,0.889353,0.892639
9601a8a6-7238-4010-a601-925c42c47aab,fog,s2,4,0.777555,0.858090,0.993029
962f8645-740c-442d-90b2-9b755ba732ad,fog,s5,1,0.856050,0.921712,0.931776
96346f4b-55de-4518-8e0b-64dc8a211b33,shot_noise,s5,5,0.514256,0.668706,0.710952
963e8fb3-eac0-4fdb-9b30-08647ec7bcd9,fog,s5,2,0.815567,0.897536,0.907003
96413f5f-0cc3-48a3-856e-163758f84473,shot_noise,s4,0,0.945967,0.972027,0.979616
965454a8-b852-4604-af1e-7bd2b1ecd476,shot_noise,s4,2,0.717151,0.821660,0.911651
965eda2e-2818-4373-a01c-b9ad632ee24c,fog,s4,2,0.962782,0.980972,0.984526
96665e36-547b-4772-a03c-5c92d4453fcd,clean,s4,1,0.660697,0.783908,0.850192
966fd6dc-c8ee-4176-8262-6f3cb25ccc4b,fog,s4,4,0.969371,0.984338,0.991418
967b60d7-e42a-4957-b71d-fbfa54a14dcf,shot_noise,s4,5,0.927939,0.961988,0.979312
967efbfb-6d79-48e5-9a06-b545b38d262f,fog,s3,5,0.914083,0.953692,0.985797
9682cfcf-875c-48df-9f19-886df7e86a2d,gaussian_blur,s5,1,0.897516,0.945818,0.949166
96895ea5-c20c-44f0-9984-2e9440ccaea4,clean,s5,2,0.445268,0.595820,0.666533
968ac379-92b6-45b1-9c4f-aa4f0d4ee785,fog,s5,5,0.414035,0.532057,0.700048
968b6a24-9015-42a3-a873-209473b01dfd,fog,s3,4,0.871158,0.927797,0.977490
968d798a-6d2b-4326-8d35-10216bcc13a7,clean,s4,2,0.730823,0.829529,0.932187
968f13fe-bd2f-450c-95cc-35e1e2c46d77,gaussian_blur,s4,2,0.796552,0.880050,0.942661
968f9eff-5de2-43d0-a5dd-334bf2a9c179,fog,s5,2,0.967436,0.983440,0.983962
969f10b2-92f9-4a10-9e5e-142760773d77,gaussian_blur,s5,0,0.227774,0.321097,0.444592
96ad167c-b426-40f6-9311-ea1d39a38d66,fog,s4,0,0.830865,0.903917,0.946165
96adb847-ba2c-4e7d-8c9d-1472e01c054d,fog,s4,3,0.571567,0.713676,0.775264
96af3005-3a7c-455d-b999-c6d2d702b752,shot_noise,s5,0,0.937190,0.967315,0.975595
96af5d17-4a1b-40a1-a42c-c9095b19b131,fog,s5,3,0.455069,0.620584,0.638437
96af5e3f-e223-47c4-bf68-a2953ae755da,gaussian_blur,s4,1,0.915357,0.955404,0.964885
96c58d88-4600-436f-8636-7e9b86641e1f,fog,s5,1,0.977696,0.988713,0.989506
96ce96ab-be93-4a06-aacd-3fb57b2841ad,gaussian_blur,s4,3,0.916009,0.955346,0.974464
96d711de-f079-47ab-bfa4-e21d3a29d6fa,gaussian_blur,s3,3,0.760510,0.850231,0.955674
96ee849b-9adb-4bfc-8089-c8d719475572,shot_noise,s5,0,0.925474,0.960805,0.973781
96ef2efb-ee5a-4836-aaf5-f32a26baf628,gaussian_blur,s5,2,0.905206,0.950219,0.950757
96f1eda6-d09a-49a0-90d2-98fed0fe3f63,fog,s4,5,0.912451,0.953050,0.979189
970ab42e-6688-4fda-8b53-1e81a26988e4,clean,s4,0,0.898130,0.944888,0.972517
97125242-89aa-46c1-af93-453e0fbb63fd,gaussian_blur,s4,0,0.964984,0.982047,0.989605
971c3f3f-412a-49b7-b440-6fc93dcd98cc,gaussian_blur,s5,0,0.882655,0.937521,0.940066
971e9ba4-e962-4fb0-9340-5cf65064a1a6,clean,s5,1,0.650540,0.788229,0.788496
972769b7-6778-4742-9be8-d75f172cab21,fog,s4,5,0.218459,0.352439,0.368068
9743c19f-3053-4725-9706-91e9d2197da7,gaussian_blur,s4,0,0.880852,0.935526,0.954123
9748d8e2-5ed0-4d9e-af95-2d56450322cb,gaussian_blur,s4,0,0.755815,0.856615,0.891008
974e1715-4b52-4800-bd15-530f1f0c58fd,clean,s4,3,0.781438,0.870261,0.931659
976b4485-e7c2-48dd-995e-61bc7989fc2a,gaussian_blur,s4,0,0.783326,0.873017,0.921682
97748b54-58ed-4285-b5f4-a1b96dff6452,gaussian_blur,s3,4,0.960404,0.979462,0.996354
97888c5d-3862-477a-aee1-3da1625c2907,shot_noise,s5,1,0.736819,0.847388,0.855557
978bd7a5-2ef6-46d5-8c08-88ccfcca7fbc,clean,s4,3,0.730022,0.836558,0.889147
97954247-84fe-4482-a39e-879011132635,fog,s4,0,0.867557,0.926879,0.959219
97a140a2-99ff-4d7a-b89d-6410b9c4f0c1,shot_noise,s4,5,0.961092,0.980023,0.987016
97a5a31d-dec1-4ad6-9c10-aa7b797bef84,gaussian_blur,s5,1,0.654690,0.773466,0.870105
97a9a3b2-f6db-4a78-91a1-2bab7e6fb396,fog,s5,0,0.445268,0.595820,0.666533
97b68aa2-fcaf-46ed-98cb-754649b27a16,shot_noise,s4,0,0.744048,0.846529,0.896988
97ba0c55-b712-484a-9ac8-0a06a1c7ac23,fog,s1,0,0.496405,0.498196,0.992811
97c08add-3876-4500-a7a6-35901057e8dd,gaussian_blur,s4,3,0.729723,0.834459,0.899843
97c9ad40-96bf-43e9-ad3e-bfe962a11b74,gaussian_blur,s5,0,0.854762,0.921549,0.923547
97c9cd6b-bdc5-4b8d-9512-69d03a71171f,shot_noise,s4,4,0.977525,0.988611,0.990739
97d77b8a-1ff6-4cdd-a385-cbd5ca2afac5,clean,s4,3,0.977902,0.988805,0.990852
97e259b7-b39e-432a-aa29-94852cdff6f5,fog,s3,1,0.736974,0.830583,0.954752
97e458a4-680f-499b-8287-5de354600930,fog,s4,5,0.978822,0.989275,0.991381
97f4bb9d-a2f0-4cba-8a77-afee1929b09a,gaussian_blur,s4,5,0.951142,0.974731,0.984000
97f8359d-80e2-4550-b107-3da9938507bc,clean,s5,4,0.933832,0.965661,0.969360
980ac335-b1fa-4b2c-8545-51e1e3f3c6e0,clean,s4,2,0.899895,0.946706,0.958655
980f7275-659c-46d7-aa45-61a4ea440a39,clean,s3,3,0.564895,0.687961,0.830913
981c96bb-2263-4a4c-a6c1-3a3504dc75dc,shot_noise,s4,2,0.853682,0.919057,0.945893
981e31e2-cc1f-4cb4-8f95-5a3523669912,clean,s3,0,0.703141,0.805497,0.929565
9824bbd6-1bc6-49e8-ae1c-f8294596dadf,fog,s4,1,0.957076,0.977977,0.982149
982fde49-231c-4b0d-b736-c708cd8892aa,fog,s4,5,0.597000,0.699469,0.907979
98302433-7860-457b-9a99-f81ac8deebd8,fog,s2,3,0.721932,0.814377,0.968544
984a0bd4-bb23-421c-9985-7463c7e2322a,shot_noise,s5,0,0.381574,0.539025,0.581339
9852face-8cc5-4b48-adc3-ce8a03eb7164,gaussian_blur,s5,3,0.461638,0.629731,0.636913
985b5970-15ae-4263-9269-5de7717e44d6,gaussian_blur,s4,2,0.751069,0.847546,0.925363
986b4afa-e46b-4b49-9f32-6d3aa0d45e0d,shot_noise,s5,0,0.768254,0.866537,0.886950
987ce3be-ed02-43db-a2c6-a269b381bf6c,shot_noise,s3,1,0.459182,0.478722,0.918364
989094a7-1cf0-48a3-8f90-425042cb0c99,gaussian_blur,s4,0,0.453030,0.521700,0.836540
98960b5d-254c-49b7-9307-12f53ebed06e,gaussian_blur,s5,5,0.597239,0.743027,0.766563
989fe631-d016-4371-bfa6-5f0089150ef7,gaussian_blur,s4,4,0.918457,0.957004,0.968939
989feafa-305f-45a7-9fd9-185ea5ce61b7,shot_noise,s5,5,0.740886,0.850855,0.853205
98b2a930-2a44-4e81-971d-2edb165d299a,shot_noise,s4,5,0.932379,0.964225,0.986855
98ccb76c-9d76-4818-9b9f-b991e9a96cec,shot_noise,s4,3,0.843663,0.912893,0.941717
98d72f0f-1578-482a-bb51-8fb08dface5b,fog,s5,2,0.961769,0.980502,0.981045
98da5b4c-8bdf-4211-83fd-f2881a53129f,clean,s4,2,0.879878,0.934160,0.965584
98daff8a-cc56-4b2c-8e73-4bdef247c1a9,shot_noise,s4,5,0.267081,0.421436,0.421800
98ea101c-4eb9-4cff-bfd4-7eea32a7d414,fog,s4,4,0.816344,0.894118,0.943922
98fe6fad-4a1b-438a-8ca5-d20591640b69,shot_noise,s2,0,0.716078,0.805183,0.985301
9907dd2f-1ec7-45fb-a44c-d023d95bddb1,shot_noise,s5,3,0.756954,0.861371,0.863792
99195ce5-ebe5-4917-8dc7-abb592284b01,clean,s5,2,0.964260,0.981802,0.981951
991df34b-f3cf-442b-9387-015fa6ba6d52,gaussian_blur,s5,0,0.907385,0.951298,0.954444
99217df8-f19b-42bf-8466-3928d70cac9c,clean,s5,1,0.654255,0.790489,0.793419
9921dc7d-c1f7-4852-bd62-75ef93e90898,shot_noise,s3,4,0.715187,0.810527,0.957552
9924dcd2-95b8-45b4-b5ef-ae4001d141c4,fog,s5,1,0.813773,0.897079,0.899730
992f3b3f-fe49-439d-b9a8-b3ebbfa4dda8,fog,s5,4,0.892407,0.943084,0.944213
993132c5-a933-498f-a45e-0d548c13b6c8,gaussian_blur,s5,4,0.973226,0.986403,0.988501
99365817-ff74-4510-b259-79889d572afd,clean,s3,0,0.811442,0.885911,0.983520
994015b2-e5a6-407d-adc4-4bdfe758f23c,gaussian_blur,s5,5,0.562537,0.704871,0.771397
99411ef9-260a-425f-a044-e115d9f79fe4,clean,s5,2,0.912510,0.954233,0.954699
994125ba-70ea-4555-bdec-6e5ff2dce733,clean,s5,0,0.381574,0.539025,0.581339
9941e6b4-6127-4067-b2fb-013eea6737b8,gaussian_blur,s5,5,0.920383,0.958395,0.962054
994f7db5-198b-4b88-8326-d4cf06d1aa37,clean,s5,2,0.904261,0.949364,0.956819
99697ad4-4840-4f5f-8b76-17a65069d1b3,gaussian_blur,s3,0,0.659679,0.763048,0.929573
99805eaa-c587-4c42-a2e1-a31c3f4eaac1,shot_noise,s5,0,0.934769,0.966272,0.966683
9988d6dc-3718-44bd-9cb5-f0f6ac7d65d3,clean,s4,3,0.495712,0.633600,0.742658
9996aacc-bee2-4352-9b3b-7e8bed126139,fog,s4,4,0.783210,0.870294,0.941131
999c7a4e-41be-44bf-a3c1-21c3e18bfaae,shot_noise,s5,4,0.711721,0.831220,0.833754
999c9f7f-bfb8-471c-a334-16e2bb4f18d6,gaussian_blur,s5,3,0.458823,0.624279,0.641680
99a71fa6-e434-4c39-9c0e-355763492630,gaussian_blur,s4,1,0.961557,0.980264,0.987381
99b133c7-2dd2-4e64-880a-9339e4f02019,clean,s5,2,0.888530,0.940197,0.953979
99b93f28-6fc1-4d9c-ab0c-f914ca8a6f4e,clean,s4,2,0.971871,0.985647,0.991813
99bbbc0e-64fe-4479-bb9a-95099bf8b806,shot_noise,s5,3,0.562827,0.704859,0.772475
99c115b4-ca1a-4b35-a0cd-14500f8f8ed4,gaussian_blur,s4,5,0.903590,0.948922,0.957801
99c44ecb-6eb6-4441-92bb-61bd3f6766f5,fog,s4,4,0.924738,0.959921,0.985277
99c80f38-0cde-4b03-9708-49f3a9eb5798,shot_noise,s5,1,0.458598,0.623970,0.641717
99cd0669-d490-46b1-913c-3abf9f26c5bc,shot_noise,s5,4,0.805934,0.892536,0.892571
99cff5e2-d7a8-48dc-b2bf-6a3c3c7dbc07,clean,s4,0,0.750416,0.848748,0.914715
99ecc95f-600e-4e7e-b9c8-8bd6bcca552b,clean,s4,2,0.861726,0.923073,0.960240
99f0a143-07fe-4dc5-be31-ae13f2dda00e,shot_noise,s4,5,0.924350,0.959738,0.984287
99f1435c-f06f-4d36-ba91-58fdcdcfedf9,clean,s4,1,0.977314,0.988476,0.992901
99faebe4-5e7b-49a6-b57d-9ce7b0003104,gaussian_blur,s3,2,0.703593,0.809667,0.911880
9a193657-1291-4d94-a367-ab18f71f0cb9,clean,s5,4,0.828777,0.905718,0.913317
9a1b383c-3975-4458-bea1-d60ea9dc1069,fog,s5,1,0.809051,0.894173,0.897045
9a399e12-4477-4bf2-96a9-2595695f4344,gaussian_blur,s5,1,0.850802,0.918241,0.933406
9a3c0eee-6422-4341-a310-237d0944ab48,clean,s5,5,0.814177,0.897558,0.897707
9a4640d6-1fa5-439e-9657-82d78197c60b,shot_noise,s3,2,0.599931,0.697997,0.921963
9a4d6129-f562-4e32-b354-b183f3f258b5,gaussian_blur,s4,5,0.963098,0.981074,0.987982
9a563aaa-3f34-4ea4-86af-7f005e4dd6a0,gaussian_blur,s4,4,0.974003,0.986752,0.992764
9a582558-0d49-49e0-9598-11090f400020,fog,s4,3,0.682695,0.802799,0.855201
9a5c4fb3-8599-4924-be55-e51d7ff195c8,fog,s4,1,0.869340,0.928409,0.953776
9a6cb846-b32a-4e21-a1d3-c2eae7f428ea,shot_noise,s3,1,0.714270,0.814305,0.935739
9a72d48a-009e-4a92-94a7-7976d641b2b9,clean,s4,1,0.861726,0.923073,0.960240
9a7f1eaa-7ba1-4e65-b54c-773fa0e8f54a,gaussian_blur,s5,2,0.869372,0.929429,0.939947
9a99f7bb-b70e-47fc-8d34-92d5c49e8bea,shot_noise,s5,5,0.749846,0.856642,0.859835
9aa1750a-f1c4-4aab-89f2-b955b4567b0c,gaussian_blur,s5,4,0.812045,0.895966,0.899241
9aac3111-6ad5-4d4b-ba0f-c7fd34fd1378,shot_noise,s4,0,0.488015,0.614317,0.763813
9ab2fc49-eb8b-4c23-bc78-2c1b53c6a590,shot_noise,s4,1,0.777437,0.867944,0.926581
9ac181e2-aee5-4360-81fd-79c589aed166,gaussian_blur,s4,2,0.645229,0.771715,0.839771
9ac9bd74-91c5-45a1-8fae-c3a19cc8a657,shot_noise,s3,0,0.760272,0.849229,0.960539
9ad8effe-b06c-4675-a8ac-67acf3d54d40,gaussian_blur,s3,1,0.641163,0.752537,0.897792
9ae5d78e-fa61-4cde-b71d-10b2990150ea,shot_noise,s4,3,0.494503,0.653575,0.685397
9ae6b8ac-af43-419e-bf93-a98d0cab2dd5,fog,s4,5,0.856340,0.919782,0.957888
9ae93933-5028-4ea3-b986-bcb18d998d4e,shot_noise,s5,1,0.978331,0.989041,0.989541
9af04e2f-0406-4d76-a3ee-ccf7d05d8124,clean,s4,3,0.963272,0.981175,0.987532
9af7d6ae-7e4a-4113-8a3a-95c5a7a1886e,gaussian_blur,s3,4,0.929934,0.962791,0.988000
9afebc96-abf7-4a11-be3e-2a5e504c5fdf,clean,s5,3,0.824825,0.903333,0.910949
9b0e7459-afd6-4e88-bbeb-de2b33efcb1f,shot_noise,s5,3,0.972320,0.985959,0.986416
9b20c06a-22d0-4d53-87b5-e2ccc12ac1a2,fog,s5,5,0.594631,0.740108,0.767657
9b232257-f0ae-49d7-b46b-f8fc4ee77a32,clean,s4,3,0.924323,0.959723,0.984257
9b2e9b59-28af-4923-88e4-45786b6f3fc2,clean,s2,0,0.912998,0.952524,0.996566
9b2f6fb8-f15c-4b16-84d0-205efe3095af,shot_noise,s4,0,0.771392,0.864227,0.920416
9b369342-daca-4ee2-b7bd-6bac59f311e2,clean,s4,5,0.946687,0.972224,0.986643
9b394a14-3fa2-48eb-b541-835843e9a013,fog,s3,1,0.782621,0.864372,0.978955
9b4a8ee3-fab1-47aa-9008-0318f5126a5e,gaussian_blur,s4,3,0.458327,0.606450,0.684760
9b5b1753-b15f-4ed7-8f62-9931fc998977,fog,s4,5,0.427549,0.555844,0.696155
9b6404d1-af54-422a-ae94-837cf970f027,shot_noise,s4,4,0.972361,0.985897,0.992309
9b6a1c7a-7c85-4b08-b3cf-bf32fcdffb8d,gaussian_blur,s5,5,0.914033,0.955083,0.955141
9b6a1fa9-c166-44a6-bef0-b0d787ce7d44,clean,s5,0,0.980154,0.989971,0.990669
9b7809c4-65e9-4360-8114-b2e7ac069789,fog,s5,2,0.395050,0.537855,0.628039
9b7c65be-11d5-4137-9e8b-6c4e22f7761c,clean,s5,5,0.907385,0.951298,0.954444
9b8a1d9c-d924-4230-ad62-c6324564d3d4,gaussian_blur,s5,0,0.735280,0.843777,0.870949
9b8adec2-873f-4012-a239-3641f3a39fdc,fog,s3,4,0.940992,0.969004,0.988812
9b9064d3-7068-46e9-bb44-f6d129003e7f,clean,s3,5,0.942037,0.969393,0.995000
9b9358f2-326d-4872-95db-9f31257c23d3,shot_noise,s5,0,0.755666,0.852416,0.917851
9b9591fc-06cf-4ed3-a272-4ca034521d0b,clean,s3,1,0.722633,0.822819,0.930235
9b997899-0624-4c4f-89dd-20057b58a9b3,clean,s5,4,0.938744,0.968384,0.969032
9ba21174-df0f-4a73-9379-ae2b83ee5dd1,clean,s5,4,0.925474,0.960805,0.973781
9babf654-0d44-4126-ab46-1a036d0a7ae6,fog,s5,2,0.837874,0.911655,0.913270
9baff1e7-500f-410c-848f-61256e69f484,gaussian_blur,s5,4,0.635603,0.747004,0.896600
9bb20083-9adb-41c7-bef0-577c899da6be,shot_noise,s5,3,0.727489,0.838253,0.866961
9bc19748-ceda-4663-8d12-ce4512fed7af,clean,s4,2,0.867557,0.926879,0.959219
9bc26696-6f4a-4287-8e93-b1967bc9fe81,clean,s5,2,0.381574,0.539025,0.581339
9bc9f49d-8394-4e25-a2fc-939d51721e2d,clean,s5,1,0.381574,0.539025,0.581339
9bcbae74-1348-47ed-b083-24127fb0278d,clean,s3,2,0.548330,0.654108,0.864917
9bccaa09-d938-4f53-b25a-48137019dfa0,clean,s3,1,0.939485,0.968130,0.989771
9bcfdb96-a1ef-4cf1-a5c7-edc884cf073f,shot_noise,s5,1,0.965189,0.982234,0.985227
9bd7e1c5-fa91-4cff-b09b-23a8128ea00d,clean,s5,3,0.829522,0.906762,0.907423
9be1885f-9b0b-44d0-9e8c-75a1a071ecc5,shot_noise,s5,1,0.829651,0.906246,0.913829
9bf2993e-63f0-4c47-b1dd-151a6995ea33,clean,s5,3,0.611499,0.758005,0.762699
9bf71981-e8e6-4bbd-a883-b649d7ead77b,fog,s4,4,0.935675,0.966321,0.980060
9bffff7a-6bb7-4dd9-81af-86ea4d2cd197,fog,s5,5,0.925958,0.961554,0.961600
9c0032a6-d3d3-4893-aae3-cc349775bf7d,gaussian_blur,s4,0,0.924323,0.959723,0.984257
9c09a28b-43a4-4d7a-a862-ccf552f2fcd3,gaussian_blur,s5,5,0.959820,0.979453,0.981688
9c0ca460-3786-4757-8bed-7646a5acd9ad,shot_noise,s3,1,0.877092,0.931848,0.973755
9c0f3684-6c96-4614-b891-061547c62c86,fog,s4,3,0.754591,0.853717,0.904000
9c135476-bad3-4785-841c-2598ffb19a93,gaussian_blur,s4,0,0.781438,0.870261,0.931659
9c18be26-263f-4101-b185-4103a7025bcf,gaussian_blur,s5,5,0.867443,0.928425,0.937296
9c25cc6a-8f74-4e51-b232-a9b01e8ab560,clean,s3,3,0.976805,0.988145,0.998474
9c310daa-6535-431e-89a1-820f7dd0d677,fog,s5,2,0.854713,0.921238,0.927099
9c40ebed-ce2e-4ba7-a4ec-b1ea00a3543d,fog,s5,4,0.772031,0.868818,0.890667
9c46c7d3-89fd-49f5-8b1a-13fa24692e39,gaussian_blur,s4,3,0.761634,0.858034,0.911579
9c4a2ab4-aaac-45d0-adb0-e2cc7ba798c7,clean,s5,0,0.901453,0.947752,0.956234
9c4c3e28-cfa8-45e9-a2e9-281a64ce58d4,gaussian_blur,s4,0,0.679022,0.786869,0.911874
9c4cb7c2-e046-440f-86d8-4c4572fa0a6b,clean,s4,3,0.672813,0.793377,0.857802
9c525c2b-fef7-49a4-9d0d-81bdb2bfd6e9,clean,s5,2,0.517671,0.591824,0.903586
9c62830c-b620-43a8-9893-3e64488ae985,clean,s3,4,0.983981,0.991878,0.997808
9c6e72ee-8d96-42ba-af2e-bd9c58722da8,gaussian_blur,s4,4,0.785518,0.878390,0.892107
9c7ec519-895b-4c6e-9dff-b1a012537fc7,fog,s5,0,0.746387,0.854247,0.858428
9c86b1b8-e101-431f-a842-6166fa8add16,clean,s4,1,0.730823,0.829529,0.932187
9c8e73c8-05a3-4c33-998a-5f104bb4354a,shot_noise,s4,4,0.944544,0.971140,0.983301
9c98e9f5-cb11-4b20-8c1e-fef6be8bdc51,fog,s4,4,0.448989,0.579749,0.714859
9c9cf216-5f2d-4323-a78b-540a5cb7f145,fog,s4,5,0.930666,0.963716,0.974331
9caa0cbb-eb16-44e5-a4cd-5525edbdfdcc,fog,s4,5,0.893223,0.942545,0.961973
9cb2f04c-ef94-474a-98b7-d644a4a6e9eb,fog,s4,3,0.746596,0.843386,0.928533
9cb71336-dc85-4722-8e4d-465cabd058d2,clean,s3,0,0.577047,0.701980,0.831892
9cb71860-535c-41be-bff1-4d1946c5dabe,clean,s4,1,0.880852,0.935526,0.954123
9ce24059-2c0f-4974-9a9b-9fff342302dc,clean,s4,2,0.904298,0.948448,0.974895
9ce5de28-1fff-46b8-a1c4-394239305a82,gaussian_blur,s3,1,0.776362,0.859541,0.977781
9ce76764-a79e-419b-aec3-8772a44a3cd1,shot_noise,s5,0,0.722171,0.838426,0.840216
9ce971c9-a997-4b95-9ab1-cfe698154f2c,clean,s5,4,0.527970,0.681608,0.720804
9d0fd33c-1e14-4c99-ae20-6cad65ba3e4d,fog,s5,3,0.974006,0.986820,0.987729
9d12cb10-1c2e-4805-b692-2e940f05c0e9,fog,s4,4,0.612715,0.727621,0.878199
9d220db9-3e98-4c94-8de4-414e857f9869,shot_noise,s3,1,0.846191,0.912110,0.968787
9d2f94ec-7125-4274-878e-7d5ec810af2f,shot_noise,s4,1,0.937408,0.967251,0.981205
9d32b501-7193-441b-940b-e2a533ff35e9,clean,s4,5,0.466100,0.533629,0.854991
9d379239-3894-4978-9878-2fa118a9194c,gaussian_blur,s5,1,0.905787,0.950219,0.957506
9d4e75d7-b6d0-4c3b-9fee-8cb74161198b,shot_noise,s4,2,0.717109,0.827000,0.882946
9d65efb7-4e12-4bc8-978d-d54b3eff5d76,gaussian_blur,s4,2,0.599354,0.702198,0.908315
9d695d70-9d2e-4918-9718-d0467b5687e5,gaussian_blur,s5,2,0.408160,0.530517,0.684480
9d6b0587-cfee-453d-9c15-0e09e78e2b9c,fog,s5,5,0.946401,0.972388,0.975163
9d720c40-c3ac-4c0e-aa74-81e6b5438f68,clean,s5,2,0.882655,0.937521,0.940066
9d72fe47-75af-418f-bafe-eee1f06330c4,clean,s5,2,0.269934,0.419168,0.435355
9d7cce0e-5989-407e-8428-a992fffd2b78,shot_noise,s5,2,0.896402,0.945137,0.949647
9d815eb9-a5cb-4886-9a03-0bf6354affbe,fog,s4,4,0.349961,0.501150,0.553206
9d8226f5-e4f6-464e-b1fd-09788212e13c,fog,s4,4,0.218518,0.352521,0.368147
9d826001-beb1-4dac-86db-ea1df9783403,clean,s3,3,0.925907,0.960327,0.991792
9d87a98d-b012-4cee-acbd-602815390e03,gaussian_blur,s4,5,0.868259,0.928151,0.948043
9d89161c-98b0-491d-a5cd-0ab33059b801,shot_noise,s5,0,0.863801,0.926852,0.927910
9d8b6e15-fe8f-4afa-90d1-66a1566c9d20,shot_noise,s3,4,0.688866,0.798009,0.903718
9d93b064-99b3-48b3-9d43-519f7fd65e20,shot_noise,s3,5,0.772626,0.858725,0.963792
9d9b42ea-d33d-4ad1-8aa3-d01299c38ed0,clean,s5,5,0.953596,0.976188,0.978720
9d9da7f5-095d-407c-9a99-84f4547349e7,clean,s5,3,0.223472,0.313817,0.440348
9dae0914-2b1b-4270-b010-cac0761bfe86,gaussian_blur,s5,2,0.610326,0.737871,0.834865
9dc6c225-3214-4855-8ced-659d68a7f2ce,clean,s4,5,0.730823,0.829529,0.932187
9ddbccfe-507a-4370-a85f-463c4a7ca447,shot_noise,s4,5,0.760663,0.854313,0.930997
9ddfca23-ecff-4327-93e4-6adea6299bcb,clean,s3,2,0.534804,0.611250,0.917229
9de2ad6f-1d9f-458e-82c7-9ff3962b7950,gaussian_blur,s4,5,0.351386,0.412828,0.702624
9de379a5-ed1f-4d12-ba60-6c0059e808bc,clean,s4,5,0.981722,0.990760,0.992581
9dee0754-e740-420d-a8f5-ff258f12e916,clean,s4,3,0.955677,0.977090,0.988085
9dfecbef-49fb-4186-8c01-2194885135de,clean,s4,5,0.380868,0.546119,0.563792
9e02656d-1c1f-486e-8208-a7e06eb98cbc,fog,s5,0,0.925474,0.960805,0.973781
9e16e1df-0099-48e5-9840-e01016652467,clean,s5,4,0.386394,0.526655,0.622380
9e1f7aef-abb2-472b-8440-6a2e12178a9b,shot_noise,s4,3,0.824911,0.901258,0.932395
9e3036e7-45ef-4021-8c78-1542931e9470,shot_noise,s5,3,0.949865,0.974261,0.975315
9e385bd3-8b5d-4ab5-8b44-731d38ed7359,clean,s4,4,0.958889,0.978749,0.991435
9e385eb2-ae96-4e3c-a2b3-2f21bb8a1179,clean,s5,0,0.445268,0.595820,0.666533
9e58bce4-7994-4dd3-9d06-1e5ab990f03a,clean,s5,0,0.834908,0.910005,0.910264
9e596956-8cd8-41d2-871b-3f646c31f7ec,shot_noise,s5,3,0.974893,0.987262,0.989243
9e5e6206-0d0c-4c12-8e02-2c16cbe0b171,fog,s5,0,0.951849,0.975321,0.975706
9e6770ab-f768-404a-a567-768d3fd7118a,gaussian_blur,s5,3,0.595517,0.744757,0.753269
9e690b48-e0fc-469f-85cb-41534cc538cb,shot_noise,s5,4,0.870834,0.930801,0.933219
9e70c2b3-7a3d-4b70-aeeb-48d39f2d5b54,gaussian_blur,s1,2,0.325805,0.394530,0.651610
9e70eb25-1d22-4eae-9f7a-ff4d2df7c06f,shot_noise,s3,3,0.417452,0.524798,0.724160
9e70fac4-6f09-4d70-8a12-40c335e7ea6a,shot_noise,s4,3,0.918199,0.957063,0.964163
9e75dde5-cb62-4d26-95ec-73df064f3841,fog,s4,5,0.615057,0.724514,0.896468
9e818441-4ea2-4a43-82ce-dd54050fb2a4,fog,s5,1,0.407924,0.547569,0.649976
9e853a40-c2af-4a54-b981-52a9966aa4bc,gaussian_blur,s4,1,0.964947,0.982027,0.989579
9e884e83-a473-4387-b0fb-a850ab07e2c8,clean,s4,5,0.898130,0.944888,0.972517
9e91ebd7-be16-4109-a529-168eb4a76845,fog,s3,3,0.895342,0.942521,0.984114
9e933750-405d-4d03-9112-755ee0d4621d,fog,s5,5,0.225280,0.315885,0.443489
9e983605-bfea-4716-b730-a2ce7ec4d669,fog,s4,5,0.612543,0.747097,0.809646
9ea2beab-b888-40b7-bf87-31e51785d94c,shot_noise,s5,4,0.954912,0.976896,0.978688
9eac576c-199b-46f8-817e-5da93a84404d,shot_noise,s5,4,0.748101,0.855489,0.858753
9ead7de3-e445-4044-96e3-c3d93c0e73e9,shot_noise,s2,2,0.698504,0.793563,0.962633
9eb35a9c-df04-4a7c-831f-b586c81f20ce,shot_noise,s2,1,0.911335,0.951542,0.996294
9eb76ee3-1b4b-47d0-bfeb-531bf8305061,clean,s4,3,0.755815,0.856615,0.891008
9ec1adeb-6955-4d3f-9195-33912ee738ea,shot_noise,s4,5,0.817532,0.894264,0.950133
9ec4eb8d-4e57-4f58-b7e9-36cce32bf016,clean,s5,4,0.711057,0.831073,0.831481
9eccf1d2-4b99-4870-aaef-de0f99e54777,shot_noise,s3,4,0.964079,0.981495,0.993416
9ed9d307-434a-4107-b60a-8a9cbce26d3a,clean,s4,2,0.729948,0.836531,0.888946
9ee19cf6-a901-4352-bf88-b63c60155545,gaussian_blur,s4,4,0.944753,0.971117,0.988043
9ee4e080-20ad-47d3-b7db-ea97d28e8ac1,fog,s3,0,0.703141,0.805497,0.929565
9ef612d1-37c1-426d-afbb-2779d38f57a6,shot_noise,s4,4,0.977484,0.988564,0.992961
9ef77b41-1a6c-4303-adc5-25127aff236f,gaussian_blur,s5,5,0.968862,0.984185,0.984192
9eff7650-4263-4383-b682-295c8b9af470,clean,s5,0,0.762324,0.865106,0.865349
9f07be4b-a564-4c0e-b0c7-a56e95fb0e4f,shot_noise,s4,3,0.896304,0.944675,0.956919
9f0f8ac1-2915-4ed5-973c-101d1b29a8d3,fog,s4,2,0.868341,0.927953,0.951440
9f10873d-4813-4bbc-aba1-9b1c65fc0f6f,gaussian_blur,s4,2,0.248517,0.388651,0.413554
9f13bf05-bbcf-4848-bc67-a05607195d4e,fog,s5,5,0.960143,0.979654,0.980263
9f1c2b29-9841-4787-93ae-3c343f295bde,clean,s5,4,0.852819,0.919447,0.934421
9f1d3576-18ad-41e2-bffb-86a9cd84becd,shot_noise,s5,5,0.741397,0.851391,0.852210
9f204aa4-2a1b-44aa-b231-2114ba13eafb,shot_noise,s4,2,0.930120,0.963229,0.979191
9f211649-f8a1-4bca-8389-fe1b44c5781b,fog,s5,2,0.845709,0.915854,0.922960
9f26aa57-8aba-48b4-9fc5-7d370d3b5eba,clean,s4,1,0.831421,0.904875,0.940293
9f2a3142-0d75-436a-836c-a630f6285665,shot_noise,s2,5,0.950760,0.974178,0.997249
9f3631e7-c5f2-4488-af8c-123e00aada87,shot_noise,s5,3,0.976165,0.987932,0.988480
9f39d1db-7fab-464c-871f-f17778787c6a,gaussian_blur,s5,0,0.574061,0.725132,0.744934
9f40e103-57e1-45c3-8439-ad580db19dc1,clean,s4,5,0.503959,0.663415,0.690263
9f4ab8d2-34f1-465b-8a8d-318f32ed54c2,gaussian_blur,s5,2,0.934421,0.966089,0.966396
9f4dc4e3-c423-4eeb-bf5a-3aada3d794b1,gaussian_blur,s5,4,0.700295,0.823693,0.823962
9f63ba08-2763-4645-b732-06c25ccc1bea,fog,s4,5,0.512507,0.613087,0.844667
9f7f0ec2-8624-4e3c-b182-1f633a7e1d39,shot_noise,s3,3,0.768972,0.853749,0.976416
9f81bbe5-91d4-449c-b50c-d2dfff1939b5,clean,s4,1,0.344564,0.492340,0.552299
9f863d5b-8fb9-44b3-a2a8-f74a4d961d87,clean,s3,0,0.665778,0.760256,0.962468
9f885e23-27ea-42b5-969c-bddab0a297f2,shot_noise,s3,2,0.811710,0.888257,0.966000
9f8d4e70-be7c-4f64-bf47-2ffebb0e2550,fog,s4,2,0.961717,0.980354,0.987161
9f95e338-60d4-4f27-9f05-ab39286e57d9,fog,s4,0,0.962842,0.980945,0.987600
9f9904f1-6812-4036-96fa-c6b3bd96d80b,gaussian_blur,s5,2,0.962927,0.981104,0.981642
9f9a846d-46fa-4410-bc13-94dacd650fa0,gaussian_blur,s4,3,0.648930,0.774547,0.842736
9f9e0667-89bb-46ae-9a2e-483155f02176,shot_noise,s5,3,0.962603,0.980885,0.984080
9fbc81d7-4a9f-4a43-818f-3beb818667e7,gaussian_blur,s4,5,0.973525,0.986507,0.992320
9fbee6a7-a3ad-46d5-b390-b8395a359fb8,shot_noise,s4,1,0.480198,0.640953,0.670768
9fc0ac50-d768-462e-ab60-d56e4207d98d,clean,s5,5,0.501022,0.635809,0.754796
9fc2938f-8470-4e32-bec2-2143d9fcf977,gaussian_blur,s5,5,0.807689,0.893518,0.894523
9fd31600-d515-4173-94f5-6498684a4040,fog,s4,4,0.911922,0.953084,0.972005
9fda10e1-a5be-483d-8996-0d5231700a18,clean,s5,2,0.649609,0.783833,0.804976
9ff5df71-2659-4cdd-9315-ddfa1f2306f4,clean,s4,3,0.964984,0.982047,0.989605
9ff64ab1-96f3-4757-bd9f-60cb3cf47a63,fog,s5,3,0.627858,0.749961,0.857100
9ffe0f93-7cd7-4eb8-bce3-036901a0ca05,fog,s4,2,0.351288,0.412655,0.702576
a001ada2-9e85-4f98-b0ea-f3241a5d8fbf,clean,s5,1,0.967115,0.983236,0.986069
a00cecc8-617f-48b7-ad59-b046596cc237,shot_noise,s4,2,0.792865,0.878354,0.934715
a00dee76-d654-4062-baa2-6d9e8802a0a6,gaussian_blur,s4,0,0.963272,0.981175,0.987532
a0104ef9-3144-4a35-89bc-2c31f6342848,fog,s4,3,0.960430,0.979738,0.983658
a014e772-ee9d-4f65-a3f1-7e79f21c6f75,clean,s5,1,0.878609,0.935333,0.936160
a021164f-be89-45a7-8105-eab905a56909,gaussian_blur,s5,4,0.756078,0.857865,0.883851
a025c78a-6f78-459d-93d9-6fb658fe2459,gaussian_blur,s5,3,0.592554,0.742453,0.750768
a0309368-7507-4e08-9a02-d31e43228752,gaussian_blur,s5,3,0.792968,0.884518,0.884645
a038e035-9847-44bf-aa84-d908c9306f1d,shot_noise,s4,3,0.354882,0.506140,0.559730
a03da1f0-891f-42da-ab62-1a28a0dc8a17,gaussian_blur,s5,0,0.878609,0.935333,0.936160
a0466ed0-da33-4cc1-823e-9a3b6418e73b,fog,s4,2,0.769923,0.861472,0.931621
a047bee7-5ec7-4c0e-bb37-3929864bce22,fog,s4,5,0.676834,0.794741,0.868349
a04c6e6d-8b8e-4496-8da6-155b42fb85bb,clean,s1,3,0.496405,0.498196,0.992811
a0544a6b-5fed-4f6d-9bff-795f62712335,gaussian_blur,s4,5,0.915754,0.955483,0.968197
a059a819-3cef-426a-996c-4c286d09dff9,clean,s5,1,0.933315,0.965417,0.968117
a064c536-8a58-45f7-9a46-cef106b7fe10,shot_noise,s4,0,0.971871,0.985647,0.991813
a06c7f5a-45c1-4a6d-9d80-b1d2b1ac462c,gaussian_blur,s3,5,0.780377,0.867924,0.942651
a07d1457-a8c5-451b-bc63-6bea1ce7e89e,shot_noise,s3,4,0.673554,0.780666,0.915604
a07dba6f-eb1c-4b43-a9bf-26427634056e,shot_noise,s5,3,0.748287,0.852959,0.876863
a080d599-d9b5-4932-aa64-246c960fc96c,shot_noise,s4,4,0.455108,0.574944,0.744544
a0932809-0a79-4572-87ff-b734f161f085,fog,s4,5,0.972321,0.985882,0.991947
a097edec-3ad4-44de-9076-dbe961a49893,fog,s5,0,0.908927,0.952009,0.958181
a09903e5-3e76-442d-aa2e-945326da5a96,clean,s4,5,0.856646,0.922011,0.932763
a09adfdc-5850-4ecf-89e8-029de886cf50,clean,s4,1,0.957133,0.977946,0.984928
a0a05bff-bba4-4426-95ce-b8a7efde681a,fog,s4,1,0.826102,0.901502,0.937957
a0b6b8dd-8405-47b3-91ad-f735bf2f17ae,shot_noise,s5,4,0.883114,0.937910,0.938237
a0bad8f7-f248-42f6-b563-0786f79774e8,clean,s3,1,0.702019,0.799749,0.950648
a0c03bc1-6026-4184-a5ab-96abeb9bec4a,gaussian_blur,s4,1,0.732092,0.837803,0.891711
a0c3bbfa-ec90-4f47-986f-039a8a49995c,fog,s4,2,0.905379,0.949216,0.972462
a0cae3c9-db1f-4fae-a240-44f9feb8d617,gaussian_blur,s4,3,0.974628,0.987121,0.989484
a0cd2c1a-2593-47af-9a0e-15ea4ab5fa26,clean,s4,4,0.928955,0.962552,0.979648
a0dee9a3-b3fb-4f9f-9e35-6bc3ceb6a077,clean,s5,4,0.814177,0.897558,0.897707
a0e6df04-6a25-4c47-8263-86b36bab7040,clean,s3,3,0.866658,0.925406,0.970939
a0e9172e-9ec7-4adf-a365-96492d6e5ef0,fog,s5,3,0.477967,0.632199,0.686460
a0e95753-058d-41e4-a0ed-322d918a2863,gaussian_blur,s5,2,0.226784,0.336425,0.419898
a0ec7cbb-a479-4f1a-9213-2ab4e5898858,gaussian_blur,s3,2,0.767125,0.852274,0.976149
a1065069-7161-436a-b96a-8541aa400147,gaussian_blur,s3,0,0.703141,0.805497,0.929565
a10b431d-360e-48e8-99b0-9e44b17390ab,clean,s3,2,0.722633,0.822819,0.930235
a1102450-e8ce-4196-93e3-cdfe2d80dac2,clean,s4,1,0.912992,0.954041,0.964881
a1145ff9-f507-4d91-a251-23ebe1b2ca7e,fog,s4,1,0.719967,0.830473,0.876795
a1176e2c-d981-477b-8b7f-df01a2da5ec1,shot_noise,s4,3,0.598975,0.730099,0.819963
a1197bdb-bd76-42aa-bc8f-8e5e4f1a2255,gaussian_blur,s3,3,0.425171,0.532096,0.734645
a11a7e45-f908-4f83-9a50-574b0fdd35fd,gaussian_blur,s4,0,0.600010,0.721969,0.850856
a126c895-aa7f-4920-99fe-efc2d63b50d2,clean,s4,4,0.660697,0.783908,0.850192
a129907b-8b57-48f8-a994-f10162943968,fog,s3,1,0.673729,0.772221,0.949253
a12d1840-ee7b-46b2-80e0-92439613690c,clean,s5,3,0.762324,0.865106,0.865349
a12e35d9-fa04-47a8-a0b7-ccd5cc20bceb,shot_noise,s4,5,0.824055,0.897265,0.964640
a12e50ef-7f64-48be-8a43-f4524161ee0e,fog,s4,2,0.671929,0.783559,0.897189
a13797a2-304b-4f50-bcfc-c26d0945d706,fog,s3,0,0.548330,0.654108,0.864917
a13c6039-ba92-46f1-a756-afb94932bb1a,gaussian_blur,s5,4,0.758906,0.859261,0.888997
a14dffc7-de45-4f64-a886-19cf419e362e,clean,s4,1,0.904298,0.948448,0.974895
a15490f9-2c94-4299-ac70-a3dd9a57f286,gaussian_blur,s5,0,0.766929,0.867842,0.869984
a15eecec-0707-4d9c-a020-51e8f0fe1a4f,fog,s5,1,0.860670,0.924888,0.928181
a179d6e7-b981-4fd5-8989-2827527b725e,shot_noise,s5,1,0.751628,0.855262,0.878534
a17afa97-fd4b-4164-b2b1-690e1c2afee0,clean,s4,0,0.660697,0.783908,0.850192
a189ac87-449d-4885-8942-6040f43dabe2,gaussian_blur,s5,5,0.547327,0.706094,0.712053
a1991ed4-7926-46b6-ad4a-abbe0b7b415c,fog,s5,4,0.819129,0.900325,0.903057
a1994f29-e436-4f91-bcde-a01722d58c2a,shot_noise,s5,4,0.882288,0.937198,0.941692
a1a3efe9-6757-484e-a7ad-b0f3788f24e4,fog,s4,0,0.757840,0.851813,0.932606
a1a49766-80cd-4164-a993-65528085f773,fog,s4,0,0.810709,0.892822,0.920075
a1a59472-9c2b-4666-9d99-b527179b3808,fog,s5,2,0.545134,0.697320,0.733018
a1ab8e9f-74e8-4fe7-9ed0-fda2090196e9,gaussian_blur,s5,0,0.611499,0.758005,0.762699
a1b61c80-ad07-475f-b7f8-1c5437159085,shot_noise,s3,4,0.921779,0.957893,0.992656
a1b7e2d5-7f9f-44fe-a774-61e5f43738a2,fog,s4,2,0.892136,0.942404,0.953232
a1ba10fc-eb16-44a6-b96a-9b715d5dd6ea,clean,s4,0,0.495712,0.633600,0.742658
a1c64d0d-c46c-47ce-856a-c576f585ab09,shot_noise,s4,1,0.824909,0.899392,0.950401
a1d594cb-fd1d-4e57-ab79-b3474eed173f,clean,s5,5,0.748112,0.855600,0.858043
a1e32a36-d0b9-4191-a3e0-422c21bb0176,clean,s5,0,0.951176,0.974952,0.975969
a1e76e55-8a6e-414c-970f-0b9b99c1f434,gaussian_blur,s3,2,0.670552,0.771964,0.937973
a1ee808e-188c-45a8-84f6-b8437782c5d7,gaussian_blur,s2,0,0.700064,0.794986,0.963018
a1f0f03d-4557-4bfb-ae9d-00ac75a6cd81,fog,s5,5,0.968751,0.984118,0.984704
a1f33f5e-639d-4b55-b79a-4003916df879,clean,s3,2,0.577047,0.701980,0.831892
a1f3e623-a7cb-4e16-8098-7e9a6a09ab39,shot_noise,s5,3,0.852129,0.919033,0.934104
a217ad81-27ba-42ea-82da-3dad7b4972cc,shot_noise,s3,0,0.577047,0.701980,0.831892
a21cfb44-bc23-45d1-9c83-5ff068d9c00c,shot_noise,s4,5,0.862902,0.924712,0.948901
a22efc32-c408-4c48-93e3-dd052e4b67a3,fog,s4,5,0.375360,0.444737,0.727909
a23a3279-f06a-4d76-89bf-739e1c228b3c,clean,s4,1,0.963089,0.981069,0.987964
a23e1fc2-16a6-40d3-a2b0-6b867defee45,shot_noise,s3,2,0.744831,0.837105,0.955984
a2412ae0-5225-4126-b8cc-0472d8a4e99d,fog,s5,0,0.968174,0.983830,0.983840
a27944a6-db63-4a1b-a071-b7d956979ab5,shot_noise,s5,2,0.932645,0.965143,0.965328
a28645e9-dd8e-4188-9ee9-4f22c79096c0,clean,s5,2,0.933315,0.965417,0.968117
a28d685f-60e8-41e2-9d30-c5d8b6dd07fa,clean,s5,0,0.882655,0.937521,0.940066
a2901436-7594-4387-9ad1-c0c42765baca,gaussian_blur,s5,0,0.472474,0.625557,0.684965
a2920f4f-1024-4bfc-9e44-aa622b608cd6,gaussian_blur,s4,0,0.817748,0.894434,0.949979
a2ab1ba8-917f-4915-8047-bdcb143a56d1,fog,s5,4,0.499348,0.641021,0.735915
a2ace20d-4fba-4464-9fa1-ffcdf7e06d2a,gaussian_blur,s4,4,0.601155,0.738176,0.799503
a2b0f8ed-baf8-4a00-88b4-f730fbb4adde,clean,s4,1,0.898588,0.945810,0.960907
a2c24114-d893-4a55-982e-2927ec4845a9,clean,s4,2,0.201372,0.332785,0.338912
a2c7ed5c-2a8f-49e4-a656-a8896efe24a1,fog,s4,1,0.665962,0.775961,0.904529
a2d18d16-437f-4f25-9149-7e6f359cdd19,shot_noise,s5,2,0.905121,0.949796,0.958204
a2e3d2d9-6890-482e-b3b8-18dfa84ec3a0,gaussian_blur,s5,4,0.744998,0.852432,0.863594
a2e82323-c899-4597-a6a3-ed622e98c18f,gaussian_blur,s4,4,0.640942,0.771990,0.821526
a2fb91f3-21cf-4d9d-84c3-68d33e15a0f3,fog,s5,1,0.915917,0.956110,0.956181
a2fd77a6-d15a-49a3-8cf6-a1714ecc663e,gaussian_blur,s4,1,0.938744,0.968024,0.980315
a305534d-f4a9-4431-a68c-1d6b902b8fb6,gaussian_blur,s3,5,0.795848,0.876552,0.965442
a30ce862-9c2e-4b6d-a5a1-371ef8b327b6,gaussian_blur,s5,5,0.391615,0.532015,0.628648
a310f198-2573-44ed-ab8e-01697e308433,clean,s5,0,0.655265,0.774026,0.870100
a31ce6c9-2271-4446-b7de-d11c5f1b1043,gaussian_blur,s3,1,0.581527,0.698615,0.857448
a31fafab-73d4-4f11-88d3-58b11c58b3da,fog,s4,0,0.898588,0.945810,0.960907
a321aab3-260d-47bc-ad7e-e49a56501fb3,shot_noise,s5,3,0.556034,0.707729,0.738467
a328175f-c12f-418e-91a6-65da2ff3781e,gaussian_blur,s5,1,0.435985,0.599685,0.626069
a32b641d-5220-4374-ab13-02375d40ef74,clean,s4,1,0.959857,0.979368,0.986747
a32c2dd2-80f6-4774-82e6-1a77a5809fd9,fog,s3,0,0.942037,0.969393,0.995000
a35eb15f-18eb-4b9d-918c-1d8bc64f7ea4,shot_noise,s4,1,0.716663,0.818112,0.927520
a371b60e-ceaa-49e7-a2ee-add0a5cd12bc,gaussian_blur,s3,0,0.601819,0.699927,0.923019
a373208e-301d-4ccb-a846-2f2f1305e3c8,clean,s4,0,0.350559,0.414540,0.697781
a37fe28d-f826-440b-a83a-86d5c7af53f2,shot_noise,s5,3,0.951567,0.975119,0.977749
a38217d4-5a41-4e6f-a261-78ef1e122ada,gaussian_blur,s5,0,0.768254,0.866537,0.886950
a3855fbc-6aea-44c5-95b8-b1b03c60fd97,gaussian_blur,s5,1,0.961020,0.980058,0.983345
a38820d5-8dc8-4fad-8736-bfdeba429913,shot_noise,s5,2,0.270804,0.421097,0.434997
a392c4d5-7d85-4a75-8932-f5b7f6acb227,fog,s5,3,0.806036,0.891655,0.901349
a39a42c8-97c6-4fa2-9ff8-e13cb27e1b33,clean,s4,1,0.361702,0.459950,0.663275
a39d4306-2395-4539-a110-2eb4c01d1c9c,gaussian_blur,s5,2,0.784170,0.878552,0.882975
a3ba493f-aa4f-4eb8-9ed6-7fccbdc575e8,clean,s5,5,0.765235,0.866969,0.867288
a3ce8c9d-1018-4b8d-a933-9c656f65475b,fog,s4,4,0.362376,0.420206,0.724752
a3d0abaf-f027-4464-b37d-877dca822e60,gaussian_blur,s4,3,0.902628,0.947687,0.970512
a3e183b2-2c90-47b2-b723-0a762410044e,shot_noise,s5,5,0.404534,0.574967,0.578565
a3e2285d-f39a-48b3-b53b-262f92e83869,shot_noise,s4,4,0.736098,0.840885,0.892657
a3e41df1-cabd-4352-858b-7734f78b7c1f,gaussian_blur,s4,3,0.762562,0.856094,0.929179
a3f38b7d-9318-43e5-846d-a9b43a0ee7f5,shot_noise,s5,0,0.816031,0.897825,0.907237
a405a03a-5945-460e-ac3b-c3b0bb11d16d,clean,s4,3,0.791190,0.877537,0.931493
a405b297-33ce-40e3-b7fa-8b33daf2ab7a,shot_noise,s4,4,0.806418,0.887133,0.943375
a40bb039-9071-42ee-bbd1-332302e6ac96,gaussian_blur,s5,1,0.893154,0.943549,0.943790
a41312a5-7075-4509-ad2b-17a807357123,clean,s4,5,0.672813,0.793377,0.857802
a4148982-1d34-41cc-96b5-e26b42cd56f3,gaussian_blur,s3,0,0.983981,0.991878,0.997808
a41f217a-e453-4fad-ba30-d7bd54415bad,clean,s4,1,0.841669,0.911704,0.940363
a427430a-c030-42de-aff1-a8a8ca31a73e,shot_noise,s4,0,0.917279,0.956553,0.963807
a42bcd54-95b5-4661-b257-53db8ed2a44f,shot_noise,s4,5,0.936603,0.967035,0.974224
a432e64f-4240-4c40-bdb4-535ee9d73529,fog,s5,4,0.704090,0.826345,0.826400
a442f204-92fc-4920-858a-e75fd3112382,shot_noise,s5,0,0.890595,0.942117,0.942394
a4431b1e-9f32-4430-802d-d252fe804c3c,shot_noise,s4,2,0.964837,0.981987,0.988559
a45204a0-03c6-42f8-9e23-bb3abb647d16,shot_noise,s5,0,0.951849,0.975321,0.975706
a45b51b9-9fa8-4056-ac05-75625131ff34,clean,s4,5,0.767316,0.856004,0.954012
a45c9c04-9b59-4d46-a2e5-5c4c2d0827ec,gaussian_blur,s3,3,0.875462,0.930452,0.978805
a47841d4-1d52-4dfb-9044-d5806aca5065,gaussian_blur,s3,1,0.975834,0.987661,0.996512
a479ae53-1f36-4a68-be8f-b8cc0efe8c0b,clean,s3,2,0.681456,0.791088,0.903739
a48585ac-0477-4f01-a3d5-fc6146966b3f,fog,s3,4,0.933555,0.964631,0.994043
a491fa48-e9b6-4d7a-8d29-4b2ca9a3e795,gaussian_blur,s5,5,0.837737,0.910467,0.925534
a495e998-1eab-4d0f-a885-b181c5043119,shot_noise,s4,4,0.876399,0.932944,0.951792
a49f57ec-1998-4ba7-8ad2-1e4d76d22838,shot_noise,s5,0,0.896095,0.944965,0.949488
a4aefd7c-e2e3-4b82-b09e-b9e280b412e6,fog,s3,1,0.780216,0.865108,0.961294
a4b12be2-a126-463a-b06d-96e92e6a25e8,clean,s4,1,0.807648,0.891323,0.914448
a4b56a43-c160-4aac-ad46-0bb6bfe38987,gaussian_blur,s4,0,0.807648,0.891323,0.914448
a4cb0103-e7f5-4c21-92b9-de5ca2e64792,fog,s5,1,0.906106,0.950679,0.951988
a4e344d0-8092-48cf-a04c-624a3b511dc8,fog,s3,3,0.903727,0.947669,0.983060
a4e434d6-ad69-481f-9290-2dbdab873da7,clean,s4,1,0.942251,0.969903,0.982360
a4e81bd4-2372-44e5-8e51-3442b8e425e6,fog,s5,0,0.896991,0.945281,0.953333
a4eb5af4-2aff-411e-a560-964468478111,gaussian_blur,s5,5,0.236256,0.347130,0.435946
a4ec1842-6eb6-41cc-bc89-bee407eaf219,fog,s4,1,0.764419,0.856753,0.934404
a4ecbcfd-be02-4f95-9e7b-2741f483b5f8,shot_noise,s5,0,0.896991,0.945281,0.953333
a4ee0fd2-3463-4d9c-9b84-61789edeb669,shot_noise,s3,2,0.568184,0.684588,0.851622
a50aa2d6-e2d6-40a0-89ab-ec60f6739e73,gaussian_blur,s4,4,0.870078,0.928192,0.963033
a51f5715-9218-4c5a-91e1-c4f95e85bb9a,fog,s4,4,0.762307,0.855190,0.933726
a533dc2e-d2b3-42c1-905f-d8b769177832,gaussian_blur,s4,1,0.971130,0.985262,0.991605
a539d366-c32a-48f7-8fc6-bf4182f7c3dc,clean,s4,4,0.901624,0.947775,0.957701
a53c38d2-c0c4-4748-95a8-0f112cb2ca24,clean,s4,4,0.679022,0.786869,0.911874
a54faeb4-e580-48c1-afad-77d16c46382b,clean,s4,5,0.755815,0.856615,0.891008
a5690009-953f-4e4b-90cb-f9864a03d9d3,gaussian_blur,s3,0,0.939485,0.968130,0.989771
a56d7679-e0a2-4dda-ab08-17622f12c7e1,gaussian_blur,s4,1,0.385787,0.537030,0.599428
a570acdb-be62-4829-897f-bf95412b7bd8,fog,s4,3,0.538018,0.670255,0.788693
a57217b5-aef1-4645-8d79-a55c4d846213,gaussian_blur,s5,4,0.903219,0.948780,0.956355
a59c6848-e839-4189-a61d-fa19d2a9e44c,fog,s4,1,0.537967,0.693632,0.719003
a5aa28ef-043a-4873-a5c6-29ea30357e40,clean,s5,2,0.828777,0.905718,0.913317
a5bc056f-35f8-441b-833b-9bc5cdb23017,fog,s4,3,0.931144,0.963534,0.986560
a5c717cd-c82c-4617-8541-48e28dfa5c82,clean,s5,3,0.882655,0.937521,0.940066
a5cb88c9-d2d1-4f54-8f82-ea234c43375d,fog,s4,0,0.574098,0.707297,0.805049
a5dd597e-bf43-432e-a1e2-9d111edbf1b2,shot_noise,s4,1,0.965444,0.982306,0.988757
a5e42877-fb28-4f85-9e68-21810cf429aa,gaussian_blur,s4,3,0.822142,0.899445,0.931685
a5f370fa-ea7b-4956-ac49-1a73beac1f89,shot_noise,s5,1,0.755575,0.860745,0.860971
a5f65052-34d5-4a23-a0e0-fe03f798139b,fog,s5,1,0.526189,0.669396,0.750496
a5fac3df-cbef-4123-9af2-8ba2efab2572,shot_noise,s5,5,0.780568,0.874746,0.892869
a5fefb9e-4e83-482f-8f1e-37832d1f9cbb,clean,s5,3,0.305168,0.413841,0.559397
a603869c-5d8d-41db-a71e-349a792e3a0b,fog,s4,1,0.961200,0.980081,0.986984
a61050a4-f234-408b-bcf6-e6b4cee9d482,gaussian_blur,s5,4,0.401503,0.521223,0.681024
a6121294-abd0-4b2b-b5b8-b01771955122,gaussian_blur,s4,3,0.411897,0.501797,0.747392
a61f776c-dd6f-4ac7-b376-a5dd6099fd99,fog,s5,0,0.973462,0.986547,0.986992
a621590d-2509-47a3-82b9-60c772079554,shot_noise,s4,3,0.764415,0.853988,0.952030
a6270bfc-db4d-4dba-9e6e-adda6d2a32a0,shot_noise,s2,5,0.774769,0.856189,0.990635
a6311a88-838d-45c9-b490-dd027c029bc1,fog,s3,1,0.957429,0.977857,0.996054
a6317849-b10c-43e0-9ab3-1fcc2664f352,clean,s4,3,0.621295,0.733291,0.890627
a6397700-512e-4d6f-9111-6fc29e68278f,gaussian_blur,s3,1,0.593003,0.692388,0.913947
a64375cc-90e0-426c-829d-ed4807992b86,fog,s4,5,0.399835,0.444342,0.799669
a6450af0-f472-49b4-9025-a65f5b1bc899,clean,s4,0,0.963089,0.981069,0.987964
a64a702d-cf5e-4bcb-8027-71c50417cffc,gaussian_blur,s4,1,0.443243,0.522335,0.806619
a6511fe0-69f6-4855-a58e-2ea3bf45bc7a,clean,s3,0,0.548330,0.654108,0.864917
a652dfdc-a671-4e1a-845a-b72690bd8364,fog,s3,1,0.656861,0.759944,0.930176
a6557be9-6d27-4985-a0c5-ba90184679ca,fog,s4,3,0.923381,0.959488,0.976864
a66b8d0f-3e6b-440a-960a-5f118364ee19,clean,s3,1,0.968420,0.983790,0.994257
a67708ad-8838-4d40-80d4-2ff3a5ff353d,gaussian_blur,s5,2,0.890699,0.942179,0.942373
a678cf7f-fabd-406f-8c9a-dc0ee89dc690,shot_noise,s5,3,0.932998,0.965044,0.973755
a6830c89-ee51-4770-bd9e-bca14c4b0160,gaussian_blur,s5,0,0.655265,0.774026,0.870100
a68a975e-1dab-4311-84ba-0de92dbee1a8,fog,s5,2,0.725288,0.840596,0.841889
a68be542-a9f7-4d64-8bea-ee02ce0de60b,fog,s5,5,0.851624,0.919772,0.921045
a691f73d-8413-40a4-a09d-6acefa0ced05,shot_noise,s5,2,0.957930,0.978437,0.982036
a6925057-b949-40ad-9988-f0b6dccecb28,clean,s5,3,0.933315,0.965417,0.968117
a6a04be5-7d26-4528-884a-f17cd258941a,shot_noise,s5,5,0.611753,0.758697,0.760848
a6a714c3-fe9a-4516-a93d-8eda16d9bf64,clean,s5,4,0.854762,0.921549,0.923547
a6af0b4e-df67-44b9-9439-e6e16fd391e8,clean,s4,4,0.880852,0.935526,0.954123
a6b881c8-6a87-4697-94fa-88f6f63efe5f,fog,s3,0,0.613432,0.713442,0.924299
a6bb34d6-e523-4060-9f22-ffa4fe88f219,clean,s4,4,0.862194,0.924250,0.949077
a6c2d02d-5d96-45d7-8985-c7cc24de5a6e,shot_noise,s4,2,0.941390,0.969568,0.977765
a6c3e4d2-e98b-4071-8625-4d028e1b47f6,clean,s4,5,0.977207,0.988445,0.990869
a6ca3af8-cb15-46de-9104-6fb8d5466338,gaussian_blur,s4,2,0.895129,0.943081,0.972444
a6ccf843-07a4-4cbb-987d-d31c7fa24697,fog,s5,0,0.876985,0.934443,0.934741
a6e4f3da-4477-4499-9731-10b7d41971ba,shot_noise,s4,5,0.910804,0.952819,0.963953
a6e4f8f7-95cf-4892-b4fe-35d672fcda83,shot_noise,s4,0,0.958889,0.978749,0.991435
a6f0e93b-81df-4b23-9cfd-0da00b6b6fee,shot_noise,s5,5,0.411467,0.579382,0.591717
a6fe8c06-93ca-4f6a-b114-0a41201e7204,gaussian_blur,s5,5,0.762212,0.862337,0.884859
a6ffa544-e359-4c2e-83d6-c97352a7afad,shot_noise,s4,4,0.971468,0.985438,0.991691
a7117119-e869-43cf-906b-f7b0a3ed2a73,clean,s5,5,0.933315,0.965417,0.968117
a714beee-b94b-4deb-822d-947148c8aecf,shot_noise,s4,4,0.772222,0.862621,0.935910
a72189dc-0433-49e3-8c1c-2a4add86d4a4,fog,s5,3,0.720743,0.835709,0.849896
a72c7d26-c46c-4f15-b849-070e4e144b40,fog,s3,5,0.740982,0.830643,0.972741
a7380bac-ef83-45b0-956c-71a2941e9f7e,shot_noise,s5,4,0.939182,0.968636,0.968667
a745fca2-bc27-46f5-a005-5982fafab4b8,gaussian_blur,s4,1,0.580438,0.684432,0.893278
a75048db-8aa3-496f-b231-77049350e9cc,gaussian_blur,s3,5,0.942552,0.969683,0.994957
a763cbde-2e05-46a2-8808-b825ec4ee118,gaussian_blur,s3,3,0.784220,0.865616,0.979120
a779a0a5-023d-437c-a6b1-c83935f88992,fog,s3,2,0.744845,0.839155,0.944608
a77d4c72-4fd4-4dff-a3d5-803b30a9c51e,shot_noise,s5,5,0.896804,0.945582,0.945822
a7a19449-02a7-49c7-b9ec-a741bc1c4eab,fog,s5,3,0.892435,0.943125,0.943776
a7ad519c-22a5-4c8a-978f-6f29bd07f2b7,gaussian_blur,s4,3,0.672090,0.782051,0.904102
a7b3af99-bca8-4c7c-8f6e-65b43520ae64,fog,s5,2,0.964089,0.981665,0.984496
a7bf36d0-0e07-4056-984e-e060341d6b5e,gaussian_blur,s5,5,0.850116,0.918577,0.924021
a7bf37ca-e100-4a9f-a7b6-f704002be8ba,clean,s5,5,0.865135,0.926928,0.938144
a7c9182a-7fb4-4c79-81ad-7cc0b018f2db,shot_noise,s3,3,0.658464,0.761295,0.931344
a7d9ac02-e36e-4511-ae46-c7c7c6a08313,shot_noise,s4,4,0.911707,0.953324,0.964332
a7e28b31-dc79-4448-ad6d-2f0810df1660,gaussian_blur,s4,3,0.479507,0.606634,0.753861
a7e6b387-489b-45a3-b373-c9333c0b12be,shot_noise,s3,3,0.929765,0.962487,0.993402
a80952be-08d3-4099-bdec-ff765e5d6379,clean,s4,3,0.344564,0.492340,0.552299
a8246db0-3a87-4e72-a62f-432185432a6d,clean,s5,3,0.797107,0.887061,0.887447
a83521a8-bab9-4bc4-93ca-1749476e3de9,shot_noise,s3,2,0.966942,0.983010,0.993970
a83e6a79-e1f1-4f6d-a1a0-83e1f666c543,gaussian_blur,s5,5,0.450365,0.619231,0.625778
a83f57b2-2d25-45e9-a878-395a027becda,fog,s4,5,0.867262,0.927161,0.952971
a84334be-78d4-4d6e-ad2e-33d76cd0e739,clean,s5,0,0.472474,0.625557,0.684965
a8458b6f-4325-4ac9-b46b-2972b7dc0a31,clean,s5,1,0.867043,0.928154,0.937611
a84be7dc-77fe-4f88-b880-167eb6bcfa65,gaussian_blur,s4,5,0.738518,0.835813,0.933536
a86006d4-c831-407a-929d-8a2d46c25a89,gaussian_blur,s5,3,0.933523,0.965325,0.974075
a870b7f5-9b7e-49e7-906a-565f1af8184a,shot_noise,s1,1,0.496405,0.498196,0.992811
a870be5d-1599-44d8-8966-db329d7e9d57,gaussian_blur,s4,4,0.740208,0.842281,0.904165
a880a0f8-fe65-48d1-b018-5f6e102f7354,gaussian_blur,s5,4,0.852229,0.919095,0.934124
a880cd7b-57a1-4f8c-96a1-7a704f4f5d47,shot_noise,s3,0,0.845765,0.911529,0.971928
a88c5925-511b-4ff5-8360-27bf71df8738,fog,s4,4,0.351288,0.412655,0.702576
a890d960-4b2a-467f-b19b-abf8aa3b908b,clean,s5,1,0.968174,0.983830,0.983840
a899a58c-d32d-46ed-bc33-bc4067aaad57,shot_noise,s5,4,0.710210,0.830422,0.831323
a89a6d8b-1f0a-448d-abf1-448d568059e2,fog,s5,5,0.428577,0.575478,0.657781
a8a58901-a029-4e22-abf6-00ee27c455ce,clean,s4,3,0.574098,0.707297,0.805049
a8a70fce-9276-4f97-8dfd-459ede37acda,fog,s5,2,0.708175,0.824863,0.853696
a8af605e-2d36-4724-8b5c-9c672f00a692,shot_noise,s3,2,0.938892,0.967802,0.989643
a8b92113-f882-4a8e-8643-61c8334ef914,clean,s5,4,0.755666,0.852416,0.917851
a8c6bd57-59f8-4ee0-8cb3-c5e28dfffaba,gaussian_blur,s5,1,0.970299,0.984902,0.986492
a8cc1c91-4055-4b00-80ea-391e9a610666,gaussian_blur,s5,5,0.660721,0.791320,0.816709
a8dd221f-405b-4b64-80af-ccb30ade6302,fog,s5,4,0.704012,0.821144,0.855120
a8fe21ec-d54d-43f5-a7ac-69cd45c27431,gaussian_blur,s4,2,0.873315,0.930144,0.964293
a906b7fb-1ce4-485b-b14d-7157fbf1d752,gaussian_blur,s4,5,0.885629,0.937136,0.974505
a910d430-c198-47ec-82bd-75a35ec6a3f1,gaussian_blur,s5,5,0.970007,0.984765,0.985456
a9131f79-8322-4588-9b7a-1d05a2776652,clean,s3,1,0.677765,0.782565,0.924629
a9189ea1-ca90-40d3-a591-f03712411272,gaussian_blur,s4,2,0.794104,0.881825,0.914112
a91c359e-f0be-42d8-bd1d-750f60686f4b,shot_noise,s4,5,0.714145,0.823085,0.890627
a91c7406-5829-4b06-85e7-83130799dfe8,clean,s4,0,0.596361,0.716639,0.854827
a924bd07-8a07-40e7-8c5b-b8c5825d8555,shot_noise,s4,3,0.727062,0.834379,0.887760
a9265d93-1822-4f5d-a966-a83561832180,gaussian_blur,s5,2,0.962412,0.980785,0.984016
a92e236f-91bc-4ad8-be10-335a1ff4b521,fog,s4,1,0.901300,0.946865,0.971111
a9343151-cc9d-438b-8d2b-b1e4c5d4d85b,gaussian_blur,s5,5,0.888586,0.940815,0.944251
a9355dd0-07db-4064-8447-9d66e4862ee0,fog,s5,1,0.453326,0.606445,0.668064
a945e929-d61d-4f4d-a6c7-69e96858c71a,fog,s4,3,0.398987,0.524946,0.666064
a94f51db-f7ed-4817-b15d-67d4211e583f,shot_noise,s4,0,0.949731,0.973976,0.983509
a953dcf1-2caf-4bb1-90e9-abecf4bc1749,fog,s4,1,0.894417,0.943696,0.954395
a96083ea-1909-470d-bd70-1d3cf9f0a60b,clean,s5,0,0.869065,0.929367,0.938150
a964d038-ffbd-42d9-93c1-5af73086c5f0,fog,s4,0,0.963089,0.981069,0.987964
a9681ba7-dc6f-4f75-9735-26a3560a625a,gaussian_blur,s3,0,0.613432,0.713442,0.924299
a96c1ddb-99cc-43cb-b978-d4aac7feb43a,shot_noise,s5,4,0.397997,0.530557,0.652085
a96fb555-437d-4b9b-8eeb-40d6c4ea5fbe,gaussian_blur,s4,3,0.683385,0.800370,0.869766
a980110d-3fa1-4501-b5be-01d525300a14,clean,s5,4,0.919919,0.958141,0.961832
a9845928-a429-4b24-a479-710d08040108,gaussian_blur,s4,4,0.902399,0.948072,0.960720
a9872e13-738d-4d4d-9d48-1cdbaa657185,fog,s4,0,0.905685,0.950063,0.959440
a9964b1e-25e8-40a1-80a0-030a9a64c05e,clean,s5,1,0.980154,0.989971,0.990669
a9b30632-fd09-4bbf-bde0-8a09d2a748d6,clean,s4,4,0.783326,0.873017,0.921682
a9ba7ea8-25c3-4213-845b-d5756503c50f,fog,s5,5,0.828425,0.905281,0.915461
a9bb9b08-ab15-436f-84b4-e146aa49e055,shot_noise,s4,3,0.900107,0.946915,0.957077
a9c0ba04-109f-4f5b-bd86-78d8d22197cc,clean,s3,1,0.642238,0.753444,0.898576
a9cc57ec-e4c3-4fa3-90d3-efe0cfbfc3d3,gaussian_blur,s4,2,0.601789,0.739369,0.797543
a9d744aa-e054-4156-bc62-bd126d75bc88,fog,s4,2,0.875423,0.931396,0.965319
a9f4f4be-d006-48aa-971c-29f7b082e586,gaussian_blur,s4,3,0.975916,0.987754,0.992472
a9f76ba4-ad74-4817-bf62-57ec0e52fae4,clean,s5,3,0.527970,0.681608,0.720804
aa0483eb-b8a9-4a4e-9294-2e6d237ca1e4,clean,s3,4,0.534804,0.611250,0.917229
aa1146b2-bac1-493d-9517-53fa4a1814cb,gaussian_blur,s5,4,0.675051,0.805676,0.807707
aa2059b1-1980-46d1-8a20-4aef0340bbc0,fog,s5,4,0.675063,0.788703,0.887950
aa25a9ac-c14f-40e5-86a3-6feecc95b67c,clean,s4,2,0.981722,0.990760,0.992581
aa276f6f-74c0-4253-a7a0-0f85151c932d,shot_noise,s5,0,0.926152,0.961491,0.966066
aa2b95a9-0ffb-40b3-a92e-32a3e0882173,shot_noise,s5,0,0.770739,0.870444,0.871179
aa2ee933-e9bf-4936-a83e-2a3090304fbf,clean,s5,1,0.785039,0.878727,0.886581
aa2feb83-2d47-402e-93cc-c513aef59f92,fog,s4,2,0.948759,0.973298,0.988976
aa31cffa-e2fb-46b0-8ecf-b1faf58a4187,shot_noise,s5,1,0.513862,0.586281,0.902685
aa3d3836-96f6-4cfd-a8c1-35dcb6d3f2ac,clean,s2,5,0.909917,0.950725,0.995627
aa3eea32-8a09-4c9e-8dac-1a93eb686d70,gaussian_blur,s4,2,0.463685,0.615513,0.680591
aa41622d-c3da-4293-bed1-5dd438b2db98,fog,s3,2,0.782658,0.867080,0.960835
aa486d3e-ae0d-4403-8f90-c065971e10da,gaussian_blur,s4,3,0.978428,0.989073,0.991221
aa5825f4-34e4-4175-b575-c6e19093a06b,shot_noise,s5,1,0.544087,0.688914,0.755595
aa5b37a2-382a-46df-844d-103e4fbb6ee1,gaussian_blur,s4,4,0.534016,0.645084,0.840346
aa6d4914-45a6-49fb-8d6e-ba9e2c7c797c,shot_noise,s5,2,0.740662,0.849580,0.860534
aa71013d-d2c2-49ac-b506-69ad6efd6213,gaussian_blur,s4,5,0.739360,0.843017,0.895602
aa7afc25-7879-4528-a20e-820dbb26020f,shot_noise,s4,4,0.966278,0.982743,0.989039
aa87bb4b-27fc-40c0-83a7-ffa5b786c526,clean,s5,4,0.472474,0.625557,0.684965
aa8cfbac-6aab-4408-bd25-f500fca9c0ea,fog,s4,1,0.907151,0.950528,0.967245
aa909fd8-be95-4306-9109-5d9c47d1af63,gaussian_blur,s5,2,0.917611,0.956878,0.960697
aa949716-6467-4ef9-901a-57b646664170,gaussian_blur,s5,1,0.595381,0.744368,0.754256
aa981565-01cb-4443-bc0f-b1a45b039d96,shot_noise,s3,0,0.761960,0.848150,0.975211
aaa728f4-3306-40db-bdbc-2539fe498dac,clean,s5,4,0.655265,0.774026,0.870100
aaad0ebe-0f6c-4b22-9028-3f47150014b0,gaussian_blur,s5,0,0.828777,0.905718,0.913317
aab4ecc8-cb5e-415b-b511-43f5dcb8d7b4,clean,s5,5,0.381574,0.539025,0.581339
aabaa635-0b82-4838-9422-fee6c0709b66,shot_noise,s4,4,0.592520,0.698458,0.895584
aabc8c48-5301-4c5e-b34a-4005639d52da,gaussian_blur,s4,1,0.686392,0.796157,0.901744
aaddf0e0-1755-4ce4-bb61-d57177271d00,shot_noise,s4,2,0.682947,0.803072,0.854955
aade8650-7f0d-4448-968b-e2eaf105a5e8,shot_noise,s5,5,0.513155,0.647302,0.766029
aadf3ddf-3642-4a04-9b3f-cb822bc232c7,gaussian_blur,s5,5,0.570795,0.687784,0.851593
aae07125-3055-4a57-8b18-2aca86177232,clean,s4,4,0.595732,0.734031,0.794126
aae10b63-0a09-407e-8c9c-8b7438779b50,gaussian_blur,s4,3,0.419070,0.568420,0.642079
aae9516b-bff1-4247-912b-bfb0bcfe3572,clean,s5,0,0.933832,0.965661,0.969360
aaeae99a-fcbb-4ec5-872b-b2d74c09f6d7,gaussian_blur,s4,2,0.887387,0.939664,0.951435
aaed45a3-5288-47ff-b8fb-0e55624c64b8,gaussian_blur,s3,1,0.525370,0.621269,0.867264
aaf1b9f4-f216-4967-8691-9ab9ad30c3e4,clean,s3,1,0.866658,0.925406,0.970939
ab059847-af42-4557-8fa9-01eb60eeaa4c,fog,s4,4,0.606536,0.742465,0.804091
ab1b4f05-f9da-4592-8682-0c19910e0486,gaussian_blur,s5,1,0.739644,0.840880,0.909792
ab215ec7-efc0-4d32-8a44-26611a24039e,clean,s4,3,0.399835,0.444342,0.799669
ab26853c-326a-4998-b12b-483bd5293223,fog,s5,0,0.940397,0.969282,0.969312
ab27172f-ec66-45f0-92b7-00b8e3fa4f6b,gaussian_blur,s4,2,0.901431,0.947665,0.957627
ab317e1f-7794-4ca4-92aa-2e71b5efaa72,fog,s4,2,0.936157,0.966634,0.978784
ab31a458-b541-451d-8b6b-cff2f042832f,shot_noise,s4,4,0.904479,0.948698,0.972186
ab31aa76-d785-4fd5-8803-253ecbdcf654,fog,s5,1,0.902914,0.948952,0.949531
ab325663-10b4-4e00-a598-e6c3c6dbeb9a,clean,s5,0,0.925474,0.960805,0.973781
ab38944a-25ea-4b8d-afe3-b3f5b4bef9c3,shot_noise,s4,3,0.399332,0.544465,0.628443
ab4705ab-8721-47c1-ace5-19628a37082c,fog,s4,4,0.868131,0.927940,0.949836
ab5835ce-b390-40ab-9262-61e669f3e28d,gaussian_blur,s4,2,0.731805,0.835978,0.900970
ab79e6a3-10b7-495f-97b0-ab2e3d511f58,fog,s5,0,0.902726,0.948859,0.949211
ab7a0fe6-516b-4a94-9e44-5cd263b2b8a9,clean,s2,1,0.891521,0.939573,0.993562
ab9cd387-8c11-4044-ae1c-18e39c94969d,clean,s5,4,0.861309,0.924660,0.936472
aba7ced3-6156-4fec-9073-cace3c3750ce,clean,s4,3,0.380868,0.546119,0.563792
aba91b3a-a34f-4af3-9f72-aab7c2f732bf,shot_noise,s4,3,0.752114,0.847464,0.931014
abaa9e5c-7895-4e5a-b832-f59550d217f4,gaussian_blur,s5,5,0.709758,0.826019,0.854528
abaea784-7fe6-47d8-be57-75031671c841,shot_noise,s3,1,0.680077,0.789837,0.903515
abd9f2d9-14b6-47f8-bef8-d640ea7297db,fog,s4,4,0.944238,0.970836,0.987899
abdbfff9-3335-43b8-921d-3367af8f0498,shot_noise,s3,3,0.859709,0.919172,0.991265
abdd6ce1-5df1-4f28-a3ce-9f0c79e2bd7a,gaussian_blur,s5,1,0.843909,0.915215,0.916913
abe24bb3-a570-44c5-ab26-100d82c0e404,gaussian_blur,s5,0,0.454656,0.589668,0.711467
abe3a272-51ad-4985-bb1e-75478c80fc0d,shot_noise,s5,5,0.668857,0.795834,0.829696
abe85ffc-1473-4959-8418-653d8926afff,fog,s5,0,0.568285,0.714437,0.760736
abf58be7-a26d-4334-8ea2-3010c837a1ab,shot_noise,s4,1,0.633064,0.761178,0.834475
ac05d94b-1d39-4149-8da5-dc30c8274ee6,clean,s5,3,0.983097,0.991474,0.991819
ac08ba6e-85cd-4dcd-a527-a4bd512218fc,clean,s5,5,0.568285,0.714437,0.760736
ac08f791-a765-4cf2-b68e-772c1ef98056,shot_noise,s5,5,0.930118,0.963697,0.966448
ac0c032a-f833-4117-82ae-61b04599741d,gaussian_blur,s5,0,0.863801,0.926852,0.927910
ac119615-c048-4ed1-8370-497f88f028a4,shot_noise,s4,1,0.961558,0.980331,0.984019
ac224c24-f2a1-4b59-8b39-fbef15a5de95,gaussian_blur,s4,2,0.877651,0.933612,0.953323
ac230393-521b-4217-b6b0-f81a08395bbd,fog,s4,1,0.682582,0.789591,0.914768
ac2ef875-c014-4d6d-bc90-60f82b13ecd0,clean,s5,5,0.275350,0.369339,0.530848
ac425ea0-e1e7-43a5-bbad-64764bfb338b,shot_noise,s5,5,0.475379,0.639183,0.658919
ac5197ca-450b-4c54-a574-0379593f2966,clean,s5,5,0.901453,0.947752,0.956234
ac55f8be-19fc-4a88-be01-057faaf805fb,clean,s4,3,0.945967,0.972027,0.979616
ac747843-bffc-4876-9ae4-93031641bb00,fog,s5,1,0.901202,0.948031,0.948095
ac7dd02d-c470-4ce2-854a-83e40375032c,shot_noise,s3,4,0.922350,0.958459,0.987243
ac7f9b27-6e7f-4b4f-b128-fe26de82ccc7,gaussian_blur,s5,1,0.776827,0.873121,0.884464
ac88d6eb-0fdc-4688-bce8-0328970bc5d1,clean,s4,1,0.453030,0.521700,0.836540
ac8acfa6-c08b-44d4-99fb-0575eeac29a6,fog,s5,3,0.878240,0.934534,0.944937
ac91bf0e-2ac4-4adc-bbd0-b75c9a688fc5,gaussian_blur,s4,4,0.789794,0.876538,0.931275
aca22bf6-8156-44b9-8990-a874b3b9f874,fog,s5,3,0.582253,0.734914,0.740000
acb0e71b-0857-4bfc-8eeb-a687a0411ab0,clean,s4,0,0.767859,0.858880,0.938187
acb25a6f-e2e8-4180-a6c6-61a6584932ae,fog,s5,3,0.918200,0.957182,0.961419
acb42eee-4ae1-47b7-96c0-5f85aab4db5c,gaussian_blur,s5,3,0.851899,0.918897,0.933965
acbb70cb-cdbe-4882-8af9-622fdaac2582,fog,s4,2,0.632358,0.763093,0.824107
accdee63-72ca-4a17-a2c3-3c1ff3a17647,clean,s4,3,0.870309,0.928996,0.954064
acce12d1-87f3-4449-8f2a-cc9e377f8e11,fog,s2,0,0.909917,0.950725,0.995627
acd17ac1-697e-454e-9022-8c68ae648f60,fog,s5,3,0.890820,0.941840,0.949439
acdb57c2-538e-4383-a4fd-1d784829c338,fog,s5,3,0.805763,0.890544,0.909713
ace23359-e3e8-4fa4-9656-254dd087a0a3,shot_noise,s5,3,0.803544,0.890406,0.897157
acfab005-935f-4e8d-905b-6928e073857a,clean,s4,5,0.963002,0.981087,0.984623
acffb96e-d66e-4ded-b5ba-78ee5c6ba16c,fog,s5,2,0.835571,0.910105,0.913931
ad09f284-cc8e-42ab-a9c4-b5be76309c49,shot_noise,s5,2,0.284628,0.380449,0.544299
ad0efb44-03f1-4384-b5ca-67a375794f2a,gaussian_blur,s4,5,0.702538,0.813857,0.886667
ad14e93a-64b4-4d9f-93a5-c43a24c8580a,gaussian_blur,s5,3,0.930699,0.964006,0.966885
ad162ede-b3df-4e2f-8056-a447e50c0f6e,clean,s3,2,0.976688,0.988106,0.996635
ad2ab94d-c6c1-4622-95ce-02fa24197245,clean,s4,0,0.880852,0.935526,0.954123
ad370d0a-2dd0-498d-9253-468e752fc76a,clean,s4,4,0.675434,0.796166,0.855893
ad40cd36-1b18-4c37-9bd0-e480472a282d,fog,s4,0,0.596361,0.716639,0.854827
ad41e574-fb72-4293-81f1-eea25eb0e27a,shot_noise,s5,1,0.371377,0.529082,0.568219
ad448327-6b51-494e-ad06-cf5b9b48cced,gaussian_blur,s5,3,0.377213,0.505064,0.634123
ad4af8fc-59b4-417c-8f73-b1a1a8c15d3c,shot_noise,s3,5,0.889575,0.939409,0.977077
ad5910f5-4868-4f65-b4c2-d426b3f5c975,shot_noise,s5,2,0.794186,0.883502,0.900619
ad5d96b6-519b-4fdd-95e8-8fe308b6f59e,fog,s4,1,0.778432,0.870752,0.911483
ad623a37-0322-41c2-8067-7d6198c5e261,gaussian_blur,s5,2,0.748424,0.855814,0.858181
ad62b98e-4fac-4759-8842-991019a46925,clean,s5,0,0.860861,0.925001,0.928265
ad72eed4-2002-4b9c-ba1f-f530e4c7090f,shot_noise,s4,1,0.599659,0.719653,0.857029
ad741827-ba47-4a8a-a47a-943f2eb58127,shot_noise,s3,4,0.661554,0.764008,0.933173
ad7d06fe-3243-48de-99cb-fe598cd7491d,shot_noise,s5,2,0.890117,0.941643,0.945657
ad80935e-2143-4ee3-900d-ab324d8d3f80,clean,s5,5,0.860861,0.925001,0.928265
ad8a1856-e929-4e78-a46f-50ff1d385f56,clean,s4,4,0.453030,0.521700,0.836540
ad9027da-e85c-4d81-9f0b-de428d842216,shot_noise,s5,4,0.773969,0.872378,0.874208
ada1723b-a30f-41f1-8519-0aed19b64878,clean,s5,5,0.834908,0.910005,0.910264
ada7e55a-1ef0-4d10-acc2-b585a61ca10a,fog,s4,0,0.675434,0.796166,0.855893
adba20c5-943e-4387-9c6c-bc55318b808d,gaussian_blur,s3,3,0.960181,0.979342,0.996330
adc4877c-a619-45ac-a2a3-1c2a09f6de17,clean,s5,2,0.790848,0.881375,0.898683
ade03b8a-f5ee-43c1-8317-05d1eafc4a00,clean,s4,1,0.937774,0.967667,0.974709
adf3a250-a85c-428b-8a01-2fdd56d278f6,fog,s4,0,0.361702,0.459950,0.663275
adfa9530-e4f7-40de-9dfa-3a2064039a8d,shot_noise,s5,5,0.270620,0.356581,0.533803
ae0ae088-02d3-4d0d-93dc-43142c7a6f89,clean,s5,1,0.902726,0.948859,0.949211
ae0e3234-885f-473d-ab63-5eafb7a5ae1a,shot_noise,s5,2,0.826570,0.903727,0.918812
ae1be2e1-d532-4ef8-acf2-216fc6c3b391,fog,s4,1,0.895027,0.942787,0.976404
ae27fe84-1b3b-4b45-8b9b-7b3b53d7a17f,fog,s3,0,0.983981,0.991878,0.997808
ae34a47f-51f6-4df0-9209-dd6efd72f2c7,gaussian_blur,s5,3,0.772536,0.871327,0.874361
ae3ef4ca-05ee-415c-b837-42f72a7ecb0b,clean,s4,0,0.901916,0.947645,0.963404
ae4475b4-f058-4fdc-bd51-0a99291366a4,gaussian_blur,s3,5,0.590798,0.690391,0.911947
ae46963a-0712-4629-9906-4aa5d01a5152,fog,s5,4,0.908382,0.951975,0.952336
ae4bfd79-59ba-4876-b3af-7cffb4cf1641,clean,s4,4,0.672046,0.794951,0.847309
ae4e80f2-6d0c-4c1e-8eb1-1de5cbbb0516,shot_noise,s5,4,0.807135,0.891791,0.907003
ae514356-d9fa-4fae-882c-0380527c7d94,clean,s4,3,0.927860,0.961977,0.978464
ae51e9b9-1d8d-4249-a70d-d85dabf46aa0,shot_noise,s4,1,0.867012,0.928081,0.938347
ae6ad178-5bd1-4eec-91c2-18e696d39048,clean,s3,3,0.845765,0.911529,0.971928
ae6bedd2-d24d-4437-9c01-32767230acb6,clean,s4,3,0.841669,0.911704,0.940363
ae6d6aa4-5ed4-40fc-9eb4-99fa1490bb07,gaussian_blur,s5,3,0.303661,0.412855,0.556133
ae70b87c-f588-41ea-8b1d-0711f775eafe,shot_noise,s4,2,0.360551,0.511738,0.567423
ae7ca037-0e27-4224-8956-ae3227adfbf3,fog,s5,1,0.782350,0.877363,0.882148
ae7f33ba-8595-4f86-8250-0a84f1ac74db,clean,s5,0,0.785039,0.878727,0.886581
ae8ff386-f032-45bc-8e8f-050d2f8b114c,shot_noise,s5,4,0.869199,0.929450,0.938150
ae9a5e96-219b-44b6-b48f-91ee9113007a,clean,s4,0,0.928955,0.962552,0.979648
ae9e1055-db6e-40ba-b264-b51a9b99911c,shot_noise,s4,5,0.408472,0.573483,0.595349
ae9f99b6-453b-4347-b043-5004256924fc,gaussian_blur,s4,3,0.948167,0.972980,0.988703
aea0456c-b526-4102-8025-5ad7a3d3cf1d,gaussian_blur,s4,4,0.383592,0.549130,0.566368
aea91fd0-0d6b-441a-b592-997d01e17517,gaussian_blur,s5,1,0.885587,0.939178,0.941694
aec15e79-1016-4236-a4be-51a0390a716b,fog,s5,2,0.795914,0.884533,0.902187
aec4c689-3dc9-436a-ba65-b716e0d32481,gaussian_blur,s5,0,0.951176,0.974952,0.975969
aecc052a-76ac-4638-9618-a7dc955e0d74,gaussian_blur,s5,4,0.448023,0.598627,0.669083
aed7c764-98dc-4f52-b04d-376f6249c0ae,gaussian_blur,s5,0,0.826471,0.903687,0.918537
aed874bf-72e2-4835-b6e2-fc98cf948d6f,gaussian_blur,s4,0,0.841669,0.911704,0.940363
aedada22-a5ad-4342-b8e7-f153c34ea50c,gaussian_blur,s4,4,0.946014,0.971979,0.982240
aee32d8d-aa94-422c-95c2-705e281e7517,fog,s4,1,0.567171,0.691138,0.829612
aeebef46-dda9-4aa1-a45d-464d1e717210,gaussian_blur,s2,3,0.724417,0.816534,0.969115
aef6704a-984f-4907-a15c-63ec9e8ffa9c,fog,s5,5,0.961225,0.980166,0.983381
af075781-1203-4d9c-9d61-f1796c67efc0,shot_noise,s5,0,0.865135,0.926928,0.938144
af1925d9-5fb2-4abb-ad90-0c13b3d1e527,gaussian_blur,s4,0,0.830865,0.903917,0.946165
af373601-62fd-47d4-b945-dc0ede5900db,fog,s3,5,0.855494,0.917841,0.974202
af3f6b63-c4d1-42c4-9add-adb09b378e72,gaussian_blur,s4,3,0.222962,0.358029,0.374903
af40f59b-3ac0-4309-b817-a624d72f15ba,fog,s4,5,0.730177,0.835722,0.894739
af4115c5-2eb7-4759-a41f-98fb4446ab4d,gaussian_blur,s3,5,0.528391,0.602178,0.915796
af43ae93-48d0-4242-97f2-118caa8e8925,fog,s5,3,0.873340,0.932371,0.932643
af4b86b3-db3b-4e62-a552-ba838348062a,gaussian_blur,s4,3,0.597114,0.716815,0.856949
af559798-4aae-4cb6-9402-68f4c93129b4,clean,s4,5,0.949731,0.973976,0.983509
af5a5d16-50e3-41a4-a205-a4b2af62b4f8,shot_noise,s4,0,0.574098,0.707297,0.805049
af622393-007f-45d5-a6f1-60c5aa41292d,shot_noise,s5,2,0.829874,0.906240,0.915435
af73a1ff-77ea-40a5-aa80-1f69b00e9c9c,shot_noise,s4,1,0.944405,0.970982,0.986072
af89b753-1ccf-4871-94fb-5d6638f47a50,shot_noise,s5,3,0.956672,0.977775,0.981520
af8e39e8-ec63-4d29-ad73-1be6b17a934e,clean,s2,0,0.891521,0.939573,0.993562
af8f2bb4-cabc-479c-8d96-148639fae5bf,fog,s5,3,0.739262,0.849792,0.852053
af95f375-fd4a-4ccb-b583-85a9bad867b2,shot_noise,s2,1,0.954068,0.975992,0.997417
af9af3d8-b9fd-4faa-a674-bec6dd5f93d0,gaussian_blur,s4,0,0.981722,0.990760,0.992581
af9d8e1a-686d-4302-a94a-5d67a8278e80,shot_noise,s4,3,0.932204,0.964388,0.979643
afbdaaed-3c6f-48d5-b144-2af7db736187,gaussian_blur,s4,5,0.728506,0.827838,0.930603
afc74fe7-e2a9-4623-ba05-c5f6e3b9a54f,fog,s5,1,0.576087,0.726656,0.747054
afc85a79-d455-4e10-88ce-786bc90c7835,shot_noise,s4,5,0.414027,0.557557,0.648981
afd5b157-c979-459c-a539-dfe14cb85a60,clean,s4,5,0.574098,0.707297,0.805049
afd66e0c-cb10-4a8c-ade7-085e1e2080e0,gaussian_blur,s4,0,0.804266,0.888130,0.921781
afe22e9d-0e7e-4e8d-b56e-4b476b75f042,clean,s4,0,0.344564,0.492340,0.552299
afe6ddf6-2873-4a20-b6b2-881384c375e1,fog,s5,0,0.655265,0.774026,0.870100
b007c212-d7f4-43d3-9ffe-06c44bca8e90,gaussian_blur,s5,1,0.900150,0.947102,0.954048
b0153768-56bb-471c-aa08-2efe3f82ae2d,fog,s3,0,0.677765,0.782565,0.924629
b01b99a8-3dee-4f09-b879-c4e14ffe2a9d,fog,s3,4,0.381476,0.493571,0.668187
b01c055e-3f60-4913-8899-ef5788647757,fog,s5,5,0.970609,0.985085,0.985093
b01f9755-7288-4e55-9f1e-f1c767457599,fog,s5,2,0.688865,0.811495,0.838468
b0251265-4692-4ba4-b096-0ed6629e2783,clean,s4,5,0.876333,0.932183,0.962229
b026af43-0fcc-49f1-b974-e93fa34b5277,gaussian_blur,s5,3,0.711509,0.827236,0.855776
b027771a-d4e3-4878-bbad-0d75684c25ce,gaussian_blur,s4,2,0.394520,0.441041,0.789040
b043f136-f6f9-4ef2-83b1-01d8bcb576ba,clean,s4,3,0.708301,0.810918,0.926176
b04ef5ee-d975-4486-8b81-090582122e12,gaussian_blur,s5,0,0.963798,0.981556,0.982080
b06d518c-1115-4e57-8502-7fdff98b7343,shot_noise,s5,5,0.899306,0.946582,0.954500
b07876e5-6358-4da1-9a6a-8740af2d731c,shot_noise,s4,5,0.920451,0.957684,0.979700
b07d52a2-34c0-4dfb-a351-a56cfec0715b,fog,s5,5,0.840895,0.913550,0.913829
b085f2f9-e599-4012-b69b-f59d2053f093,gaussian_blur,s5,1,0.636004,0.775614,0.785957
b0964d03-200b-447c-92a4-69385b40ef1a,gaussian_blur,s5,4,0.831777,0.907520,0.915125
b0a2bed0-07fb-4430-850f-a6f516fab7b4,fog,s4,4,0.936458,0.966951,0.974315
b0ae9b78-39f6-4617-a558-37bc245455d7,fog,s5,2,0.755720,0.860523,0.863325
b0b64bc9-9bff-49ef-8d7a-f8cbe9ceaf92,fog,s5,5,0.828046,0.905237,0.913312
b0b7306f-01d0-448e-8adb-ff83c708f362,shot_noise,s5,2,0.431978,0.555944,0.710042
b0b87127-99fd-4d92-ab48-8dc8c252c4d4,clean,s4,3,0.830865,0.903917,0.946165
b0c0e37a-1f1c-48ac-be15-f1da90dbb233,fog,s4,1,0.765613,0.859005,0.925717
b0dbf582-ce53-4ad2-9d19-d4c2e712231d,gaussian_blur,s5,2,0.975346,0.987495,0.989424
b0e85270-d98f-46d8-982a-f1a782235fff,clean,s5,1,0.860861,0.925001,0.928265
b0eeda31-6edc-43f6-b88a-ff018a1e12f2,shot_noise,s4,5,0.698028,0.813501,0.868607
b0f3b673-7ea6-407d-8da4-2ba5e8c6d325,clean,s4,0,0.362597,0.420599,0.724853
b1012392-bf46-467b-b180-d4a7e3106319,shot_noise,s4,2,0.886845,0.939341,0.951387
b1066d54-8041-4b46-873d-b6783e834c48,gaussian_blur,s5,2,0.804091,0.891304,0.892372
b1108083-f7c7-419f-ab35-38e24afcd861,gaussian_blur,s5,5,0.454139,0.622841,0.629321
b117ab57-bead-4f7f-98f6-5b882a237454,fog,s4,4,0.907837,0.950676,0.972299
b11ca156-bfd9-4907-80e7-8e67c6d0eb99,gaussian_blur,s5,1,0.852793,0.920464,0.921611
b128d378-76d5-4b69-a18a-0c712ce7e34b,clean,s4,2,0.813698,0.891551,0.950117
b1293b1d-b515-4b14-9213-438659c948b0,clean,s5,4,0.790848,0.881375,0.898683
b12bfa2b-fdec-48c8-bfae-d239432b4d97,gaussian_blur,s5,3,0.913832,0.954973,0.955051
b130fa7e-0ba5-4fd2-a847-0c45aef2c6df,clean,s4,3,0.957133,0.977946,0.984928
b1405cc4-9493-4a30-81bf-d8d444cbdd66,clean,s4,0,0.873132,0.930810,0.953365
b14c4386-7d4b-4df1-a9b2-d531d53dd750,shot_noise,s2,2,0.909417,0.950394,0.996216
b14d98bb-a883-4306-aa6e-727a6787202e,clean,s3,2,0.857353,0.919283,0.971706
b1538bfc-5da2-4f39-ab07-36433a8bb275,clean,s5,0,0.973462,0.986547,0.986992
b155400d-7929-489b-b35e-c8ae59f60b76,gaussian_blur,s5,4,0.268973,0.355874,0.529568
b16ee1e1-d5cb-42e4-8cdc-c897c54bdbe3,gaussian_blur,s5,1,0.911555,0.953381,0.961255
b17047f2-f2ce-4542-b430-bf2ce44670f3,fog,s4,0,0.957133,0.977946,0.984928
b173ce66-b88d-46e0-aa54-17316015dd59,shot_noise,s4,5,0.534233,0.687661,0.724453
b1785aa7-b06f-4bb1-b484-829ffd8adfc9,clean,s4,5,0.747602,0.844700,0.925598
b18150d3-fdc7-4956-897b-17b59f45f861,clean,s2,4,0.956446,0.977288,0.997556
b1844567-5f36-43bf-9890-e4826c48082a,clean,s3,4,0.696776,0.799880,0.928299
b192b8cb-e937-4c57-aa45-7e1068001359,gaussian_blur,s5,1,0.964190,0.981763,0.982084
b194099f-e862-4aed-a706-24fbba8a0420,shot_noise,s4,2,0.900872,0.946968,0.964499
b1a37435-5d38-4c7a-ab63-8ad32e1259a5,shot_noise,s3,5,0.644528,0.753230,0.907911
b1a56f92-793c-45dd-9fd0-39a0b8c3e448,fog,s4,2,0.464530,0.561546,0.800477
b1a8edc2-6aaf-458e-9bdf-f37fbec0c4ab,clean,s5,2,0.568285,0.714437,0.760736
b1c38ece-329a-4c80-9432-1e2f5390b2d9,shot_noise,s1,3,0.496405,0.498196,0.992811
b1c6fa56-c100-40e8-bb5f-2ee9c672ae02,clean,s3,4,0.601819,0.699927,0.923019
b1db5ed1-1dfc-4e70-9a96-7c53f6a8f637,gaussian_blur,s5,3,0.650464,0.783142,0.811632
b1f7ed0c-2c22-48d7-9824-c31e49755113,fog,s5,1,0.359265,0.517236,0.552192
b1f9a98e-d38d-488c-a79f-c76c8c7d4b7b,clean,s4,2,0.675434,0.796166,0.855893
b1fa004f-0162-4fdc-80a2-2fca6c0aedf0,fog,s4,3,0.570592,0.720273,0.749195
b2047057-c4c1-4883-9bc5-613f9b4eb454,shot_noise,s3,0,0.857353,0.919283,0.971706
b221b13a-e7a1-42c8-b445-8b23a1089f4a,clean,s5,3,0.863801,0.926852,0.927910
b23ba45b-06bc-451b-813e-feb2a5b9a11e,fog,s5,1,0.910653,0.953233,0.953333
b244ded5-d1ff-4e41-9b4b-dd2ba9018996,clean,s3,3,0.681456,0.791088,0.903739
b24ad329-06d1-4979-bd23-ab0bc08cce2e,fog,s4,5,0.901205,0.946432,0.977969
b24e26c8-df42-4087-9e43-f6da7138e0fa,gaussian_blur,s5,2,0.897898,0.946194,0.946369
b254a2a0-e4c3-40c3-8e87-2f6122f219d7,shot_noise,s5,1,0.228799,0.319113,0.450649
b25e7250-10b6-462b-a4c7-15d4911eeaf4,clean,s4,4,0.495712,0.633600,0.742658
b266b323-1094-43b0-a731-1c7cabae4830,clean,s5,2,0.919919,0.958141,0.961832
b266c97e-3eda-4c2f-ab08-95aa750d0c9b,shot_noise,s4,3,0.720017,0.830440,0.877211
b27c1880-c258-4a66-9ec3-f799d5e6ca92,gaussian_blur,s5,3,0.787230,0.878827,0.898475
b287be0f-b8b2-40fa-8136-9032e29c9c6d,fog,s4,1,0.445978,0.585319,0.692896
b289c8b1-4f53-417b-bcd4-9c4ac6d5fd76,fog,s4,2,0.935656,0.966055,0.987488
b28b3b08-3f7c-41aa-8f60-b3384abd495f,clean,s5,1,0.517671,0.591824,0.903586
b296cc52-cf20-43a7-b8ac-ab3aed82296c,shot_noise,s5,4,0.962780,0.981034,0.981184
b298e842-447a-4027-b844-00f13c6acb6f,clean,s5,0,0.937190,0.967315,0.975595
b2994656-d008-4ca6-830e-6776e568b356,shot_noise,s5,4,0.908902,0.951901,0.960102
b29b2df8-0c40-489a-a9b1-6b6f5e459fc6,clean,s3,3,0.703141,0.805497,0.929565
b2afd746-b72e-4b86-a52c-47ec252f0afd,clean,s4,5,0.750416,0.848748,0.914715
b2b49728-7228-4a31-9453-7699b1e8ed6c,shot_noise,s1,4,0.384847,0.434930,0.769694
b2bce2e8-4a83-42d2-bd05-d95a07813d22,clean,s4,4,0.729948,0.836531,0.888946
b2be2171-e6f3-4276-ba2e-db0e80e8e88d,clean,s5,4,0.926152,0.961491,0.966066
b2c37cad-ef08-4702-9d8b-bc99b0c7073a,shot_noise,s5,4,0.610847,0.724665,0.881000
b2c73c0d-ff8e-4862-b74a-df039cff6d95,gaussian_blur,s4,3,0.405652,0.499048,0.733125
b2d24c90-9297-4dd3-a011-f0f239b25b2c,gaussian_blur,s4,3,0.748409,0.848192,0.908216
b2d3ed60-bb56-4e76-84a8-3d601b87c238,clean,s5,5,0.861309,0.924660,0.936472
b2e04641-2905-4949-96e4-42cb8d026aa9,shot_noise,s3,4,0.509667,0.637902,0.778222
b2e065ef-9ee7-49ce-b9c1-b988a430036f,fog,s5,4,0.977926,0.988835,0.989283
b2f77003-601e-48f5-a530-e94a4caa6ced,clean,s5,0,0.766929,0.867842,0.869984
b301b1be-af63-4f83-a870-aa52a2c34662,gaussian_blur,s4,0,0.466100,0.533629,0.854991
b30d1ac4-2311-44a3-bf70-2befc7307ae6,gaussian_blur,s3,2,0.757341,0.844415,0.974405
b310ad54-e3f2-45c9-8b51-d1a8ee446ba1,fog,s3,4,0.816582,0.890514,0.976827
b313e60a-dd81-41ab-9b7f-20f704e48803,fog,s4,2,0.521031,0.676508,0.711669
b319fb43-7bb3-4af8-8ab3-02f145d3f833,fog,s5,2,0.954349,0.976551,0.980492
b31cf69e-2ba1-4234-8414-ba2ee18e5f79,shot_noise,s4,2,0.828289,0.902273,0.945045
b31ffc64-e556-4de6-b4c8-ebba7429480a,gaussian_blur,s5,3,0.974625,0.987124,0.989109
b336f04f-4f0d-437d-ad87-2aec24fd6ca7,clean,s5,4,0.816031,0.897825,0.907237
b33ca347-78d6-4180-9b77-8dbf3cceccea,clean,s4,1,0.672813,0.793377,0.857802
b345f5d8-ad99-4b15-8751-0b172ad0c3bc,shot_noise,s2,4,0.891594,0.939617,0.993592
b34691ca-f726-45e8-bc15-f0c9905853ee,shot_noise,s5,5,0.884127,0.938429,0.939664
b346e630-0a2a-4b33-bb56-b07ed795215c,fog,s4,5,0.930737,0.963453,0.982541
b34a88ea-ebdc-43e6-bed3-2287b715c6b4,gaussian_blur,s5,0,0.938744,0.968384,0.969032
b356f985-0061-49ac-8de0-fab218bba1a4,gaussian_blur,s5,5,0.483765,0.647733,0.664411
b36a8e6d-2d2b-4150-9567-02496f86731c,gaussian_blur,s5,5,0.835923,0.909400,0.924203
b36adf58-bed7-4c22-b231-f82819759545,clean,s4,1,0.730022,0.836558,0.889147
b37553a3-e19b-4b9f-a882-73bec62ee904,fog,s5,3,0.729136,0.843183,0.844438
b37db925-b667-425e-9632-8f191fc93755,clean,s4,2,0.977207,0.988445,0.990869
b391554f-dc14-47b8-9fa4-8b2d3b3dae7e,clean,s2,1,0.894593,0.941320,0.996251
b39cb136-58ac-45d1-adc3-626ec0aef777,fog,s3,5,0.697374,0.794436,0.954384
b3a5cf8d-b340-4ea9-a0be-6c8e03ba61a0,gaussian_blur,s3,0,0.577047,0.701980,0.831892
b3b8bb82-0e8d-4019-a94d-819ce27698ac,fog,s5,1,0.549401,0.667943,0.833359
b3bd6da5-2482-4dc6-a766-4b6f35cba978,gaussian_blur,s4,0,0.973655,0.986571,0.992667
b3c17106-a4d2-4921-af8d-f60cb4055901,clean,s5,4,0.863801,0.926852,0.927910
b3d9c418-9dfe-41b6-b938-2078c24fac94,fog,s4,5,0.607922,0.720412,0.884012
b3df2cf2-49b0-4dd8-bbb6-48202e4abda6,clean,s5,1,0.739600,0.848868,0.859857
b3df604a-ca6b-4324-9473-edfd868c2af3,shot_noise,s4,3,0.902939,0.948063,0.966925
b3e6b1a2-578e-473f-a55d-2bfe5d26e150,gaussian_blur,s5,2,0.800401,0.889128,0.889209
b3e915c1-2e38-4154-96d2-019639cfda59,shot_noise,s5,1,0.692137,0.818021,0.818292
b3f407db-cc75-43e3-8b96-640a2da5fcc2,shot_noise,s5,2,0.936190,0.966961,0.969525
b4064088-3e73-44b2-901a-0c8d11570cab,fog,s2,4,0.895463,0.941941,0.994939
b4091706-3a09-43cf-9730-7dc14cfa8a75,fog,s5,5,0.872567,0.931564,0.937552
b420e32e-7ae2-4ffd-936f-83bdef30d54a,fog,s4,3,0.879923,0.934116,0.966645
b42d3915-2b03-4089-abc4-3eb4e405a3c0,gaussian_blur,s5,2,0.823560,0.903170,0.904004
b42d880f-54e1-4ffa-8530-be2a1e94955c,gaussian_blur,s5,3,0.919550,0.958087,0.958150
b4334636-eb72-4b24-ba7c-83de5085e344,shot_noise,s5,1,0.935567,0.966585,0.970474
b4369254-6ea6-4009-a212-78897c2e2e90,gaussian_blur,s5,5,0.862750,0.925678,0.934934
b436980f-66f8-46ec-ac32-4e301c3a1dea,fog,s4,3,0.350347,0.412005,0.700693
b43bab62-37e9-4d6a-afc0-1be1344f5254,clean,s4,2,0.937774,0.967667,0.974709
b44024dd-9854-406c-bdb1-ec333ea10337,gaussian_blur,s5,1,0.836894,0.911186,0.911429
b446de8c-efb3-4680-825c-60bb0b1c0112,gaussian_blur,s3,1,0.719723,0.815174,0.955231
b46ddce3-574f-48dc-979a-4acff095270d,shot_noise,s5,4,0.466478,0.619100,0.681051
b470108b-490f-412b-ae3c-94cd3155e9cb,clean,s2,1,0.716078,0.805183,0.985301
b4775466-3040-4e57-8724-45732121e237,shot_noise,s5,5,0.950164,0.974341,0.978491
b4780039-8d11-4552-a8ba-0678c24ceb04,shot_noise,s4,2,0.909622,0.951546,0.975922
b49a5637-5169-422e-aa2f-82a9aca0db94,fog,s5,3,0.779994,0.876214,0.877909
b4bb88f0-eb0d-466a-ad93-36261dff46ad,gaussian_blur,s5,5,0.935664,0.966485,0.975056
b4bc3a82-7552-46e5-af6b-9f7a31fe2a2f,gaussian_blur,s4,4,0.682404,0.802647,0.854691
b4c93132-2615-4bc8-a1cb-2455cb96c19f,clean,s3,5,0.564895,0.687961,0.830913
b4d1b6d7-8ca4-48df-a698-852f823b91ec,gaussian_blur,s5,0,0.919919,0.958141,0.961832
b4d4ad42-477e-48d5-816a-4c62ba7c43f5,gaussian_blur,s4,1,0.810212,0.891813,0.926069
b4d932dc-0094-4732-a856-b2efdbad4b61,shot_noise,s3,1,0.738838,0.832200,0.954731
b4e6f56a-2718-4fa1-a8e9-06d6056ea04a,fog,s4,1,0.423529,0.519663,0.751968
b4eb215e-c2b2-4975-bc72-a386d00a9682,clean,s5,1,0.925474,0.960805,0.973781
b4ece668-8d65-44e8-b66f-0a51a0ae0614,gaussian_blur,s4,5,0.335435,0.500291,0.506501
b4f3457f-eb6e-4e15-b814-fb4f52908726,fog,s5,3,0.470766,0.638052,0.646000
b50084d0-a002-4806-ad9b-687ca29dacf1,shot_noise,s5,1,0.218569,0.311261,0.427653
b5008ba2-07d9-4276-a347-34cbee01f14e,shot_noise,s5,5,0.443620,0.606614,0.634880
b5018a54-98f1-4c97-8197-4d51eb60287c,gaussian_blur,s5,5,0.761433,0.863347,0.873445
b50b042b-fd8e-4ea0-9432-11fb1c610615,fog,s3,0,0.921872,0.958186,0.987141
b51df883-970e-4f54-9c4b-ba3a10cf3188,shot_noise,s2,2,0.908970,0.950159,0.995573
b51fabb5-9ed5-4ce3-86e3-6da8f8973e54,clean,s5,0,0.739600,0.848868,0.859857
b5230300-d367-4c62-a469-4d85ca1328af,fog,s5,5,0.912225,0.954083,0.954437
b5271e34-81e4-44f6-806c-442eaf949d67,clean,s4,1,0.862194,0.924250,0.949077
b53a3467-815c-49d5-98a1-c086988e8a74,clean,s5,4,0.762324,0.865106,0.865349
b53aec0c-6faa-476b-b728-c5746bb76d03,clean,s5,3,0.631751,0.743572,0.894241
b55121d4-b217-4423-93e9-fb11a431eb6e,fog,s5,4,0.806868,0.892493,0.898869
b55ee91c-d5ac-4c3e-9041-4ea9ac9837e6,gaussian_blur,s3,0,0.548330,0.654108,0.864917
b5618b1c-bb36-418c-b803-714d7cb29ec6,gaussian_blur,s5,5,0.950524,0.974531,0.978688
b57746be-c7ce-4951-9be8-1ed00fd890de,gaussian_blur,s4,0,0.672813,0.793377,0.857802
b5814518-2238-4424-8dae-51fa8dbea376,clean,s5,2,0.816031,0.897825,0.907237
b58be71e-96a3-4a27-865b-bce4066b53c2,clean,s4,0,0.902930,0.948070,0.966691
b594df25-5476-4b24-9cc4-7d0986371c35,fog,s4,3,0.962790,0.980913,0.987844
b59a7870-f6a8-4004-9c13-19f8d931cd5c,shot_noise,s5,1,0.979874,0.989828,0.990536
b5a951f8-7c11-4065-bf15-9c7f92bff9ab,shot_noise,s5,5,0.828528,0.904672,0.922507
b5b9aee5-3cac-485f-953e-2a0db1179fb0,fog,s5,2,0.920064,0.958228,0.961718
b5d1fcb6-6d69-4d55-ace8-da9610615a4a,shot_noise,s4,5,0.894443,0.942625,0.973141
b5df141a-4dc7-4270-bd07-03f522e98be5,fog,s5,5,0.800178,0.888319,0.895088
b5f05794-2153-413e-9da4-43121225dd45,fog,s5,2,0.567784,0.719236,0.742404
b5f205b4-c977-42cd-b267-4bab5943de44,clean,s4,4,0.831421,0.904875,0.940293
b5fe7049-17a2-4e4d-9d44-b6f03add06f3,clean,s4,3,0.729948,0.836531,0.888946
b6209978-3809-4c0b-934d-ed4a5a000d78,shot_noise,s4,5,0.619440,0.748622,0.830181
b6222043-abf5-4b7a-b609-c76f35c97b29,clean,s4,1,0.856646,0.922011,0.932763
b631bacb-01d1-4d28-bed5-5e25b5252dff,fog,s4,2,0.760971,0.857410,0.912320
b637d428-a1f1-4138-bdd8-958338ad89c6,shot_noise,s4,0,0.755815,0.856615,0.891008
b64acdb2-1661-41bf-89de-93d37d7e541d,clean,s4,5,0.361702,0.459950,0.663275
b65f9951-109f-48d4-865a-98dd5bd34649,shot_noise,s5,4,0.669961,0.800412,0.812165
b66316ed-46ae-4232-8730-f5fc98907884,shot_noise,s4,0,0.963272,0.981175,0.987532
b66519b4-bc2b-4f18-8c5f-3db2393cc89d,shot_noise,s5,2,0.771029,0.870654,0.871166
b665592b-6da5-4c4e-9116-8fb4c640081e,gaussian_blur,s5,2,0.884553,0.938633,0.940501
b67b9d58-a516-4176-8aff-0aefb335ac46,clean,s5,5,0.951849,0.975321,0.975706
b67f3b74-1db0-482a-bda2-d7445d279b9f,fog,s5,3,0.985939,0.992918,0.993152
b68320fb-1f34-4bbb-a29b-27cfc43bcd2d,clean,s5,2,0.968174,0.983830,0.983840
b6838393-a484-4db8-ad5e-e2e36e4d72ee,gaussian_blur,s4,4,0.904750,0.949441,0.960907
b6842441-508a-4ea3-8e80-a6035d77f116,gaussian_blur,s5,2,0.927314,0.961822,0.974443
b69258ba-9fd9-44f4-9831-c47848b94f66,clean,s4,2,0.901916,0.947645,0.963404
b69f5928-f93a-4e49-9d0b-c41437815779,clean,s2,0,0.894593,0.941320,0.996251
b6a4e726-c496-485b-9c6c-6885323b6d9d,clean,s5,1,0.919919,0.958141,0.961832
b6a5d011-1423-47aa-ba65-106bc37e72ea,shot_noise,s5,4,0.986676,0.993292,0.993509
b6a8da35-2f10-4f54-a29a-175a6d503f2d,shot_noise,s5,1,0.943060,0.970489,0.977691
b6aa73cb-605e-403b-861b-f9033124f795,shot_noise,s4,0,0.977553,0.988625,0.990745
b6ac7af8-2133-4ff0-91ef-117e11bf5b8e,shot_noise,s5,2,0.973440,0.986513,0.988613
b6af2b5a-63fc-4cc6-b1f0-c724e2f25df6,clean,s4,3,0.973655,0.986571,0.992667
b6c5c801-56b2-4b9d-a452-6f6c89e518bd,clean,s5,5,0.713857,0.829016,0.856587
b6df3d1a-291d-4b9b-893e-a566916dafd2,shot_noise,s5,1,0.513748,0.662478,0.727061
b6e2eaec-36a3-4430-851f-96bdac91fc9e,fog,s3,3,0.458301,0.478243,0.916603
b6e9baa3-a1b2-480c-8ba0-cf12625bba09,gaussian_blur,s4,3,0.313835,0.476476,0.480153
b6f3f3dd-6988-4d40-9e3d-03d92dcbfec1,shot_noise,s5,0,0.914209,0.955177,0.955303
b70f4193-7efd-4fd2-ae93-784d0d8d057c,gaussian_blur,s5,2,0.198676,0.291774,0.387573
b7148bf8-6dc4-4fce-b92f-9479eca43a58,clean,s4,2,0.862194,0.924250,0.949077
b721500b-2654-4251-8d4c-cd9bc68a1601,shot_noise,s5,4,0.957172,0.978070,0.980282
b723271f-1f4f-4b98-9024-17fae81b60fa,fog,s5,1,0.798963,0.888130,0.889309
b723718a-4483-4b2d-8fb1-81137738941d,clean,s3,3,0.934580,0.965398,0.988907
b726cd50-f242-4b24-9a36-7a0d13c4264d,shot_noise,s5,0,0.798131,0.885807,0.904612
b730a947-2a92-4b50-9522-dce6ee6e27da,fog,s5,2,0.315259,0.431545,0.563547
b7342909-b658-452a-a733-51a6768ee74c,shot_noise,s5,4,0.972170,0.985882,0.986345
b7450a2f-5020-4d62-b194-8ac38e6d93d9,fog,s3,3,0.870931,0.927846,0.974913
b7490ba4-5266-49cc-ba9b-ae3a422d9195,gaussian_blur,s5,2,0.761868,0.864322,0.868672
b74c9724-74ea-4115-a19d-a12baebe23c3,shot_noise,s4,4,0.907536,0.950322,0.975784
b74f90bc-2151-48ed-b738-fae6b98e5867,clean,s4,4,0.708301,0.810918,0.926176
b75550c9-57ce-485b-8571-00eaad0c7a39,gaussian_blur,s3,4,0.853424,0.914977,0.990771
b76de448-5b67-40f2-96e6-20b4373f6364,shot_noise,s4,3,0.826700,0.900365,0.952945
b770b766-f44a-453f-806e-bb70e3671371,gaussian_blur,s4,1,0.979764,0.989758,0.991776
b78df818-b118-4d9f-ad04-9f91a999999c,shot_noise,s3,5,0.545816,0.674613,0.803213
b7916981-150a-46f3-900f-9895e6b7caec,shot_noise,s3,3,0.926503,0.960669,0.991872
b79bb3c7-f34e-45f0-9bec-f20060524c68,shot_noise,s4,0,0.957133,0.977946,0.984928
b7aa7979-9f04-4c50-bb8e-1718f87fb09e,shot_noise,s4,1,0.884447,0.937898,0.951285
b7b0afe9-9077-4e2b-a8a3-135afb25b248,clean,s4,0,0.804266,0.888130,0.921781
b7bb8535-22de-4cbb-b79b-40d3c3e886cc,clean,s4,5,0.958889,0.978749,0.991435
b7be1b2b-c230-4709-89a3-520b4ba456b6,shot_noise,s5,3,0.790976,0.883261,0.883541
b7dc66e9-1fc7-4df0-a4c5-6b6095e201c0,shot_noise,s4,1,0.280037,0.421700,0.464945
b7eafd51-3627-4bc1-927d-6c6ec20c43d9,gaussian_blur,s4,4,0.727955,0.827403,0.930395
b7f9a116-2039-477b-accc-6fd7a68c4c49,fog,s5,1,0.214766,0.324545,0.396595
b7fbf8aa-af97-4cb2-b264-cc98f3b94ab7,shot_noise,s4,3,0.870982,0.928959,0.960368
b7fe42fd-3dd7-4a2d-b84a-f7a1d927c909,shot_noise,s4,5,0.976674,0.988174,0.990348
b800b2bd-f56e-4ea1-84bb-afc2189f5fb7,shot_noise,s5,2,0.502388,0.637664,0.754677
b80e6dac-8b4b-4d91-b1eb-06f3bd30f74c,clean,s4,4,0.488015,0.614317,0.763813
b80ea29e-ed76-4fd1-9ed4-7ece72e22721,clean,s4,1,0.898130,0.944888,0.972517
b8189040-f7f2-4b43-a891-aa311b3473c5,clean,s4,2,0.924323,0.959723,0.984257
b82b9fb6-2f54-4e13-bfab-bf2813d63060,gaussian_blur,s4,3,0.829499,0.901818,0.957598
b82fbafe-3552-4a71-bbac-55962726ba54,fog,s5,2,0.955459,0.977169,0.979557
b8308271-939b-40f6-950f-c96ebb39628d,clean,s4,5,0.284307,0.426547,0.470976
b83203f5-7baa-4063-a9da-8c288550b94b,fog,s5,3,0.250564,0.364075,0.458348
b83dd64f-7628-4d1a-b464-9a1977fe0ce0,clean,s5,4,0.826471,0.903687,0.918537
b84180c8-a7e7-44fe-9c41-f6b3cdef7cbe,fog,s4,3,0.843468,0.911563,0.954949
b84f806b-1ab2-4398-b76a-b36f39f25da0,clean,s5,5,0.909416,0.952518,0.953435
b860a9e2-7861-4a41-ba1d-2c8c1ec0c2b6,clean,s5,0,0.711057,0.831073,0.831481
b8683a95-5c1c-4c09-b9b5-daa1af42e473,gaussian_blur,s5,1,0.951970,0.975335,0.977808
b86cf7b1-a313-472e-8414-b6d1624609c9,clean,s3,0,0.976805,0.988145,0.998474
b870b913-c8fd-49fa-bd46-c7114208613b,shot_noise,s4,1,0.829154,0.900692,0.966075
b87881ef-0fe0-406b-b53f-0b0cfc67d88d,clean,s5,1,0.655362,0.789945,0.800656
b885d3ac-a9b8-4ced-9907-29f7e5cf05ce,shot_noise,s5,3,0.668404,0.797242,0.821013
b88634da-9144-48d5-90b4-3bfc42f4e84e,gaussian_blur,s5,4,0.348783,0.506800,0.538229
b8935b02-69eb-4ec1-8053-95a945b128c0,shot_noise,s4,4,0.758286,0.855496,0.911200
b893e080-d41c-47e7-ae58-61059ff913e4,gaussian_blur,s4,0,0.708301,0.810918,0.926176
b8972607-ee45-426e-a0e2-354b0727a11d,gaussian_blur,s5,4,0.544275,0.689143,0.755563
b8cc0c04-a89a-43e2-9743-591a49a09498,shot_noise,s5,5,0.726970,0.838486,0.863051
b8d23a8d-4a1e-46a8-8fad-526e954babbd,clean,s5,3,0.919919,0.958141,0.961832
b8d6793e-4c5a-4087-b1e3-805e6608a769,gaussian_blur,s3,0,0.857231,0.917532,0.990982
b8d99304-02d5-4292-a74d-f28784209784,shot_noise,s5,4,0.896318,0.945307,0.945643
b8dca226-8bbd-4c00-a48e-c1d1a45eb7b4,gaussian_blur,s5,5,0.854334,0.920551,0.932715
b8e2a090-60ee-41d1-a9eb-7ddc55d1d896,clean,s5,5,0.805104,0.891349,0.898304
b8efa039-a2f7-414f-a1d7-0b69c9347512,gaussian_blur,s5,1,0.611364,0.757687,0.763472
b8f44780-589f-4ee5-8f67-2eb9bafbd905,clean,s5,4,0.953596,0.976188,0.978720
b8f559b7-e301-4a3c-b00d-15dcb81a34fb,gaussian_blur,s5,3,0.780777,0.875297,0.889707
b8fd978a-dd41-488e-8e71-87e99f7c8bde,fog,s5,5,0.522370,0.655565,0.775372
b913efb1-18d3-40cb-a8a7-54f48728ef04,fog,s5,5,0.329402,0.424264,0.619408
b91e0e96-7a33-4a82-88fe-df22f8c95fcd,shot_noise,s4,2,0.860003,0.921992,0.959867
b91ea022-7958-4d70-842d-75229e890521,clean,s5,3,0.908927,0.952009,0.958181
b920e42c-9f2b-4db9-bc3d-e9d9b6468a27,fog,s4,4,0.810943,0.891225,0.935851
b92906c6-6379-43f6-b91b-a5df86486b56,fog,s4,5,0.960007,0.979518,0.983402
b9509f7b-4e92-4cc4-97b6-9d3ab9afb58d,gaussian_blur,s5,3,0.971693,0.985637,0.986115
b983b78c-6231-41a6-bda7-e13e76628dab,shot_noise,s4,3,0.599681,0.737471,0.796526
b98c1154-4840-4051-8e88-993e39337806,gaussian_blur,s4,4,0.913997,0.953832,0.981796
b99552c7-0d35-43f9-8a15-04743fd6f6d8,fog,s4,2,0.758993,0.856038,0.911249
b99cedbf-2345-4277-9c94-f76ecea120a6,fog,s2,2,0.634331,0.720736,0.975072
b9b3223a-a6d0-405e-8d50-86f1ad75ae84,clean,s5,4,0.227774,0.321097,0.444592
b9b38275-2369-40e4-995c-8a3dc71b31a6,gaussian_blur,s5,3,0.794975,0.883559,0.904842
b9b54f6a-023d-40a7-8626-fd0c6ce31769,shot_noise,s4,3,0.783098,0.872769,0.922276
b9b79333-dd55-441e-be16-065db95c2ac0,fog,s4,2,0.443021,0.487587,0.860757
b9b9461f-2c02-4310-a4f7-6713347c4ebb,gaussian_blur,s4,3,0.964079,0.981619,0.986741
b9c3c5b7-4204-41eb-8b1f-b9924dfda751,gaussian_blur,s3,0,0.976805,0.988145,0.998474
b9d1c8ac-a7aa-42c0-901d-73ac0c334829,shot_noise,s4,0,0.927860,0.961977,0.978464
b9df50e0-cb80-481c-a5d6-c94d51c1007a,gaussian_blur,s5,2,0.845078,0.915941,0.917157
b9f57c7d-5d77-4a91-a51e-67b91f33d8fa,shot_noise,s4,3,0.777369,0.870774,0.905445
ba05caa2-c6bd-45e5-9d02-a6ff4a0597ac,shot_noise,s5,2,0.872457,0.931207,0.941733
ba1100de-ea67-4d1c-9bbe-4063ca8eca2d,fog,s3,5,0.662245,0.774612,0.895285
ba12b7dc-76a5-49b6-abc5-14d45491e4fa,clean,s3,2,0.659679,0.763048,0.929573
ba148bcc-531c-4ca8-8aa3-af935da93f7b,shot_noise,s5,4,0.547120,0.703639,0.719547
ba22f0f9-5da3-47d9-b47b-3656d25b3a6f,fog,s4,3,0.802298,0.886458,0.924187
ba243456-4936-4cd5-8809-cfc502f0a64f,gaussian_blur,s5,5,0.907438,0.951294,0.955155
ba24731f-13ff-4c1e-adf6-8d191ad58ddb,shot_noise,s5,2,0.267138,0.354279,0.525958
ba276513-85b8-46f0-94a2-ab741cd43734,gaussian_blur,s5,0,0.445268,0.595820,0.666533
ba285dd3-2d3e-4cd4-82a0-a5a0577a515d,gaussian_blur,s4,3,0.872363,0.929569,0.963958
ba595dc3-b585-4f18-b5f8-e493d5ed42ee,fog,s4,2,0.939226,0.968091,0.986509
ba6ac94f-01d5-425e-9e0f-cd4e2acaf646,clean,s4,2,0.905685,0.950063,0.959440
ba6f7ed2-d82e-4900-98a6-5fd6df339d7d,gaussian_blur,s2,2,0.759909,0.843879,0.989749
ba9dc6a8-80a6-4c19-9d67-5e7530206db6,clean,s3,4,0.720789,0.823223,0.919874
baa7d366-ab02-46b4-ab85-341854584fd7,gaussian_blur,s4,2,0.759748,0.854654,0.924150
baae7d85-283c-480f-ba3b-e80304b56d6a,shot_noise,s3,2,0.763539,0.849330,0.976005
bab20a0c-da19-4ea8-bdcd-4f30fdafe8a9,shot_noise,s4,4,0.717489,0.824706,0.897141
bab773fb-9a4d-4e37-98a2-13abe5859ff5,fog,s3,2,0.595631,0.694488,0.917077
bac57dda-3265-427d-a1d0-0a378475092b,shot_noise,s5,4,0.575595,0.716992,0.778859
bac692e5-b80b-414e-a8c2-a68b23dea4b7,gaussian_blur,s4,0,0.831421,0.904875,0.940293
bacfdf0c-e4ef-42c7-9e5a-31023dbb8a43,clean,s4,5,0.350559,0.414540,0.697781
bad0d2ed-f1fa-4647-822d-000612fdb882,gaussian_blur,s5,5,0.831042,0.907530,0.909843
bae7667a-6195-4752-ac1a-962716849bdb,fog,s3,1,0.920636,0.957474,0.986992
bae984a2-b6c6-4b7e-a2a0-6c0a5079d38f,clean,s5,2,0.876985,0.934443,0.934741
baf4f009-8435-4707-85a5-da4f20d05f8a,gaussian_blur,s3,4,0.696014,0.800250,0.923464
bb0c460b-65a6-4692-b1f2-9e8744e0478d,shot_noise,s5,2,0.853398,0.919791,0.934738
bb126486-a76d-4bc6-a22c-9a6d280947a5,gaussian_blur,s4,3,0.845953,0.913125,0.955958
bb272199-11f1-4135-a987-a6857aa59449,gaussian_blur,s4,5,0.692393,0.801122,0.904320
bb2b4ffe-a98c-4bf9-82f9-69f734bf2501,shot_noise,s3,0,0.722633,0.822819,0.930235
bb32c063-d654-42b7-8cfc-611a77961939,shot_noise,s4,5,0.498956,0.642779,0.730007
bb44b583-7416-469d-b8c7-95de42ea3734,clean,s5,4,0.580700,0.733195,0.740521
bb455d65-9234-4c78-b77a-cd2f91b9f9cb,fog,s4,2,0.799348,0.882735,0.937532
bb471b2e-88aa-4a85-aa56-09f7dc924ec1,gaussian_blur,s5,3,0.369895,0.527920,0.565696
bb4e5f5f-ef92-4dde-8a4e-da46ccd6868d,shot_noise,s5,0,0.973462,0.986547,0.986992
bb53df5a-5f62-4aea-aa0b-2c6241041ef4,clean,s4,5,0.898588,0.945810,0.960907
bb578f2d-7679-4fb3-af11-afeaad420299,shot_noise,s5,0,0.746387,0.854247,0.858428
bb623d3f-d356-42fc-b50d-c674d0694d33,shot_noise,s4,2,0.945164,0.971344,0.988057
bb64e6ee-a1ed-4024-893b-35fa05e7d53a,clean,s5,4,0.868100,0.929078,0.933845
bb682b78-302b-4cbf-95ce-0b7e07eeb0ad,clean,s5,3,0.951849,0.975321,0.975706
bb8179c8-c91c-4b79-a69a-daa894cfd7da,shot_noise,s5,2,0.756253,0.861162,0.861577
bb8f8119-53d3-42de-8d6e-d2eb260ed0d3,fog,s5,2,0.406592,0.573510,0.588939
bba4fab6-64ca-4c92-bbc7-2b66db9d9817,shot_noise,s5,5,0.758865,0.861673,0.871797
bbab2a7f-e834-4a54-a7f0-3bac64361751,fog,s5,3,0.975291,0.987475,0.988793
bbada087-065c-41b2-af80-d11ab8ddc595,shot_noise,s4,0,0.941312,0.969416,0.981307
bbb064ce-b4d1-4b06-82f4-ab6b94fa61ea,clean,s4,0,0.807648,0.891323,0.914448
bbba01ae-b7b9-4e6c-9b85-9511979899a8,shot_noise,s3,2,0.673547,0.780617,0.915773
bbbf2433-86db-43d8-b411-763557cfecf0,clean,s3,3,0.577047,0.701980,0.831892
bbf054a9-fe82-45d9-bbec-e772102fb4be,fog,s5,3,0.949415,0.973943,0.978197
bc011c95-dc5f-4755-9526-81130c5f1b9b,fog,s2,5,0.896739,0.942790,0.993946
bc0b8758-4921-44b2-82f8-2fd4ac7ff5e7,gaussian_blur,s4,4,0.900434,0.946644,0.965688
bc0d2d6d-9c1a-4ba1-8bdf-c2bd487879ac,shot_noise,s4,1,0.496120,0.633940,0.743163
bc1fcc52-0bc3-443a-8c89-5f024b6608e4,clean,s5,1,0.896991,0.945281,0.953333
bc232a3a-7d30-4024-82a7-0d8a3ec5ac61,shot_noise,s4,4,0.783462,0.872937,0.923039
bc2cae2b-82ce-4b17-a331-cb9cf9223dcb,clean,s5,1,0.770739,0.870444,0.871179
bc396c52-68c5-418e-928f-24e12bc5f88f,clean,s5,3,0.967115,0.983236,0.986069
bc480a7e-42f1-41a5-9660-93eca2ad02df,shot_noise,s5,5,0.825468,0.903681,0.911755
bc5eb42b-8fb5-418d-bd35-dee8041b8531,fog,s4,5,0.952309,0.975463,0.980037
bc69c620-aecd-41b9-9897-6625b66c9fdf,gaussian_blur,s5,4,0.348361,0.436165,0.659584
bc6c62e5-9cbc-4512-b4c8-a989654ef713,gaussian_blur,s5,2,0.352833,0.487304,0.588555
bc733f1d-df41-4d69-8300-95889f061e20,fog,s3,3,0.862722,0.922963,0.969659
bc864672-4e87-4294-89e4-b2e295cc0a4f,clean,s5,5,0.867043,0.928154,0.937611
bc9557c7-b9bd-4c04-ade4-b21aa4ee5e65,fog,s4,3,0.461056,0.608102,0.689882
bc956ff3-e478-4ccb-8b3e-302f9615cf31,shot_noise,s4,5,0.542947,0.634070,0.894277
bc9c8cb2-7507-4b39-9132-f841237d9881,clean,s3,0,0.934580,0.965398,0.988907
bca5433e-7ba0-436d-9556-6f041e7c4145,clean,s4,2,0.856646,0.922011,0.932763
bcbf22c5-4219-4414-be2f-0bddddd2f42e,fog,s3,2,0.912635,0.952846,0.985632
bcc4a86b-fb8f-4388-9620-775ae70f7f8a,fog,s4,0,0.767859,0.858880,0.938187
bcd33d58-7401-415a-a6d7-521504c875d0,fog,s5,1,0.940563,0.969137,0.976955
bcdbad7b-0d97-4afe-8889-891368e6ffb6,gaussian_blur,s5,3,0.729579,0.843573,0.844139
bceb2029-6dfb-4000-98df-f661915ded5f,clean,s4,2,0.831421,0.904875,0.940293
bcf24152-4c40-4ae8-a5f5-411b46d7c294,clean,s5,5,0.869065,0.929367,0.938150
bcf4e3c7-a99f-4842-aed1-11624d8a7068,shot_noise,s4,1,0.597837,0.735744,0.795851
bcfa22c3-6267-4f8e-bf16-17ad0b5eb273,clean,s5,1,0.797107,0.887061,0.887447
bd00c335-a89d-43d2-834f-b58a3763401d,shot_noise,s4,5,0.695090,0.795084,0.942306
bd06d4e5-75bf-472b-9ebb-a6f60f0aa0d6,clean,s5,4,0.975313,0.987478,0.989408
bd120fa5-6992-4a38-b31d-f3bcebb50992,shot_noise,s5,5,0.896728,0.945535,0.945872
bd134e4c-a73a-45b3-86a6-5d8d77e1a394,shot_noise,s4,4,0.646015,0.770986,0.845892
bd145718-1b12-4135-a1cc-9f103e13f621,clean,s5,0,0.980354,0.990068,0.991171
bd1516d0-8bf1-4262-a0f9-54949a45e5f5,gaussian_blur,s5,4,0.654824,0.787064,0.811835
bd152749-3ef2-421c-8a93-6cc36611a99e,fog,s4,5,0.810321,0.889039,0.950955
bd1b5784-f0c1-42bd-821f-414528602b60,shot_noise,s4,2,0.768908,0.860717,0.931405
bd1f9ace-a8a2-46bb-8da7-0dd508283494,clean,s4,2,0.370157,0.521319,0.579995
bd26172b-12b5-4db1-800f-37530f261a49,clean,s4,0,0.771392,0.864227,0.920416
bd48797a-6cd1-4c7d-a3c4-9833c20a8c7c,clean,s5,4,0.891202,0.942408,0.943568
bd4eb3b2-094b-49ab-bf82-547dc961ca8a,shot_noise,s5,3,0.864416,0.927136,0.929232
bd6c712f-7d94-482c-b32e-edc49a765b68,fog,s5,4,0.397341,0.537646,0.635896
bd8947bd-b904-4f49-80c0-8944027112e6,gaussian_blur,s4,4,0.585475,0.716402,0.816640
bd960e87-af3a-488e-ba85-712000aef822,shot_noise,s4,1,0.729266,0.836183,0.887737
bda51b47-4474-41fe-8257-979dfe915f3d,shot_noise,s4,2,0.758277,0.852143,0.932724
bda64df8-13bc-48b3-85c8-90523f7ca7e0,fog,s5,4,0.809610,0.892909,0.912346
bdc19218-7357-4389-97d4-e125868ca7b6,shot_noise,s4,3,0.933345,0.965206,0.974656
bdc3aca5-f9e6-4387-b43d-ad7e3f069e85,gaussian_blur,s4,2,0.901046,0.946989,0.966024
bdca353a-79de-4270-9af6-df6cc0fac592,shot_noise,s5,2,0.936937,0.967308,0.971526
bddb4f21-5dee-41fc-aeaf-90438a1d172d,gaussian_blur,s3,5,0.573223,0.689280,0.855669
bdea7746-129e-4007-a05d-84448d2b5532,fog,s5,1,0.719883,0.833350,0.859813
bdf054c4-e7be-4b0c-b236-9b2d6ab16709,shot_noise,s5,4,0.868919,0.929165,0.939707
bdf6f3d4-a9f2-4d0d-b5c3-cd99d6486f4f,fog,s4,2,0.399073,0.444614,0.797115
be0d48d1-fc46-4952-bd02-2d2d736b0977,fog,s4,1,0.943120,0.970222,0.987685
be0f2f46-26ab-4c9f-820f-c56d10b981c9,fog,s5,4,0.745201,0.852486,0.864267
be1bbca0-e303-497f-bc36-e9529b00bbaa,shot_noise,s5,4,0.492944,0.660353,0.660400
be1c4fd0-ca52-419e-be2c-8fd54becbe45,fog,s4,0,0.453030,0.521700,0.836540
be29eb72-f596-48d1-8bcc-85e7a8c3fd5c,fog,s5,1,0.874075,0.932281,0.940575
be2c6fb9-c378-4912-b331-349d7405572a,clean,s2,3,0.716078,0.805183,0.985301
be30a9a1-fc8d-412e-8c60-4ab5dc525c0f,fog,s4,5,0.866592,0.926042,0.962149
be329464-c819-407f-a435-2daa7b82fada,shot_noise,s4,3,0.706742,0.809863,0.924496
be388cda-1c55-44d6-99d8-704bcef9c1b0,clean,s5,4,0.896991,0.945281,0.953333
be3cc078-62fe-4194-808d-8b3ad5bac1be,fog,s3,0,0.925907,0.960327,0.991792
be3cc82b-68ca-4713-976b-9ab7f3bc42e1,fog,s5,5,0.690713,0.813130,0.838138
be402d2b-9bf0-478b-be4f-cfb903ff32cf,shot_noise,s5,1,0.941173,0.969694,0.969723
be45f5d5-34bf-416c-bbfc-3478e1dcff1c,clean,s5,1,0.538596,0.697732,0.707994
be60d882-b765-464a-ace6-b7626d117172,shot_noise,s3,5,0.925418,0.960047,0.991728
be772734-1933-44a1-88b2-86d635c38afb,gaussian_blur,s4,3,0.399751,0.444327,0.799451
be79ad5b-3a63-4623-89fc-80f042115666,fog,s4,4,0.761460,0.856185,0.922939
be8204e9-7d02-44f0-b6dc-a60808a80a2c,shot_noise,s5,3,0.848259,0.917831,0.918743
be83e27b-cbd5-44eb-8dc4-183e34cfa174,gaussian_blur,s4,3,0.722606,0.823033,0.929013
be83f70e-b0df-47f0-9908-283681ab8b38,fog,s4,5,0.859377,0.921939,0.955525
be8f56c1-f41f-4f94-a024-1d7b916c9d19,fog,s5,2,0.785998,0.879768,0.883586
be908125-13f1-4f5e-87ba-08fd76f33f79,shot_noise,s4,4,0.929696,0.962798,0.984245
be93437a-b65a-4d88-a0d4-43d49aba37d6,shot_noise,s5,5,0.907775,0.951633,0.952176
bea76ec6-2573-4a79-8476-1e361113236b,fog,s5,0,0.882655,0.937521,0.940066
beac3c1e-aaa5-44fc-84dc-d6151ba0cbcf,gaussian_blur,s5,5,0.771235,0.870619,0.872587
beb0a416-d0b4-49d2-af74-e4039afbd5e4,gaussian_blur,s4,0,0.284307,0.426547,0.470976
bebb7307-a384-40e8-afc6-6512f79fbbf4,clean,s4,5,0.708301,0.810918,0.926176
bec35ed9-679e-46dd-a500-c2bc4c314ec9,clean,s5,5,0.798131,0.885807,0.904612
becaefcd-58b1-4e09-9965-60b0943708e2,shot_noise,s4,2,0.893025,0.941894,0.970949
bede8322-7bb3-4b70-ae37-ed0c99e8bb4f,fog,s5,3,0.758215,0.862408,0.863027
bee4ea58-aa76-4a99-9dda-00c25f51f1df,fog,s4,3,0.861901,0.924357,0.945295
bf0328c6-ec9c-4e07-b02e-601333a18544,shot_noise,s4,2,0.880842,0.934733,0.965973
bf0e725e-91b3-4344-ae33-9c13268d8396,clean,s5,0,0.958936,0.978965,0.982492
bf1a2117-dade-4b3d-bc79-26f6741f6559,shot_noise,s4,3,0.977908,0.988808,0.990857
bf26aceb-2ad4-412b-ad43-984038e08bf1,shot_noise,s2,0,0.909917,0.950725,0.995627
bf6402a7-4dec-492a-bd6f-f4492dd2d6bc,fog,s5,4,0.766377,0.867735,0.867765
bf67ef8d-cf6a-4007-bb7b-aa3e4365c3bf,clean,s5,3,0.953596,0.976188,0.978720
bf6c7e1b-6611-4acf-94e9-9a54cf9c9746,fog,s4,0,0.942251,0.969903,0.982360
bf6f10e8-14ea-442c-81b1-61111cb5c8c5,gaussian_blur,s5,1,0.872499,0.931262,0.941312
bf7d06c0-d014-468a-9316-364f25f81d7f,shot_noise,s5,0,0.977773,0.988756,0.989269
bf897c1c-e3c6-4e94-9308-7a4b71576fde,gaussian_blur,s4,0,0.935862,0.966191,0.986907
bf8b6762-3333-45af-b4ea-cd4c22686e67,gaussian_blur,s4,0,0.946687,0.972224,0.986643
bf93e239-5b10-4ee7-bc64-2cc3d766f43e,clean,s5,3,0.766929,0.867842,0.869984
bfa0016b-60ef-485c-8ab0-9cfbce48cc5f,gaussian_blur,s4,4,0.818531,0.896774,0.933509
bfb2338b-7ec5-4191-a4df-9c5b3d61a150,clean,s1,5,0.496405,0.498196,0.992811
bfbda40c-ea9c-4d28-8125-f6642a746175,fog,s4,1,0.857630,0.920412,0.960388
bfbea634-80cd-4d36-8a3d-e1aacb2356d3,shot_noise,s4,1,0.902626,0.948049,0.963684
bfbfb43d-c592-49f2-a844-45c2b2531fd6,gaussian_blur,s5,2,0.968853,0.984180,0.984187
bfc0c477-e745-4375-90eb-fc0f30da1f05,gaussian_blur,s4,3,0.954433,0.976425,0.987733
bfc20444-be09-4150-bf7f-ac0ee430993b,gaussian_blur,s5,0,0.933315,0.965417,0.968117
bfd546d2-f64e-40a1-93b1-9c5c97897e17,shot_noise,s4,4,0.244132,0.381942,0.409459
bfdc42ff-7491-4ed0-80a2-863afa74ff27,gaussian_blur,s5,1,0.962068,0.980657,0.981205
bfe2048a-a803-4ef8-bad6-50111e30b030,fog,s4,1,0.351288,0.412655,0.702576
bfe747fe-248d-442e-980e-b210790201a0,clean,s5,2,0.980154,0.989971,0.990669
bfec611e-e618-45c9-92e7-b2bf4285ee3f,shot_noise,s5,1,0.910682,0.953246,0.953403
bfecfd23-d200-4030-956e-249743f6d462,shot_noise,s5,1,0.797183,0.887136,0.887243
bff2ccac-ccd7-4290-a277-015ab03a497a,fog,s5,4,0.840808,0.913485,0.913925
bff6dc1c-5922-475a-8d05-2bc0ab227cb3,gaussian_blur,s5,0,0.865135,0.926928,0.938144
c002e266-11cf-480f-ba7c-84b080c6e259,clean,s2,5,0.956446,0.977288,0.997556
c015a3d2-b4d3-47d4-9b58-6597257abe1f,shot_noise,s4,3,0.778494,0.866988,0.939093
c01ec85d-c096-4b8c-aee4-fdbf00f5d809,clean,s4,2,0.902930,0.948070,0.966691
c01f7d18-917e-4e98-9500-5c8afa749ba8,shot_noise,s3,4,0.767033,0.852187,0.976213
c035ef06-2f0c-4b5d-a2d2-38ea7f3781ac,gaussian_blur,s5,2,0.850374,0.917984,0.933198
c03d33bd-11cc-41fa-84df-405e2b4d7a7d,gaussian_blur,s4,0,0.787592,0.873470,0.942078
c03e0184-60cc-4fbd-b673-18969c0de642,clean,s3,0,0.983981,0.991878,0.997808
c049e68b-0502-4955-b920-ab34da9c0dc0,gaussian_blur,s4,5,0.776385,0.868234,0.918775
c050d352-b4cf-4f01-b5c4-eee6231fd553,fog,s4,4,0.584343,0.691473,0.887307
c05dfede-3a05-4c70-b376-ca79c93360a1,fog,s5,0,0.975313,0.987478,0.989408
c05f8f0e-b725-457c-aba4-e6495498df83,shot_noise,s2,2,0.953242,0.975540,0.997369
c0621301-8fd2-493a-bb33-2eee60e01243,shot_noise,s5,5,0.826829,0.905199,0.905285
c062174b-fad4-4dc5-9258-21c7b152d0f0,clean,s4,2,0.733272,0.836733,0.903568
c066a67a-5728-466c-8359-31f6388deba1,clean,s4,1,0.917279,0.956553,0.963807
c06b06c2-0b1e-4f2b-b61d-aed18b865d2e,clean,s4,4,0.635610,0.767949,0.817141
c06dc675-d9c4-49a4-b961-0464338659b4,fog,s4,3,0.805022,0.884202,0.959152
c06e9638-4d17-4462-b821-a1087a7fc723,shot_noise,s5,5,0.932474,0.964901,0.969515
c07cb5ba-4edf-461a-9a00-35227b6d7d99,shot_noise,s4,5,0.805515,0.887660,0.933435
c08681a1-3950-4e6c-afe3-c1a096073397,gaussian_blur,s5,2,0.743786,0.852011,0.860229
c09d7403-45a4-4e4d-b389-1334146f019c,gaussian_blur,s4,1,0.928712,0.962665,0.973029
c0ba0b63-69d4-4200-9d7b-00e0b62c2ad5,shot_noise,s5,1,0.858581,0.923764,0.925835
c0bb5f47-96ca-4cad-8a37-1958fc6c5ee9,gaussian_blur,s5,2,0.612012,0.759290,0.759416
c0c3208b-50ae-4ddb-8a4a-85bbec197cf5,shot_noise,s5,4,0.781546,0.877046,0.880091
c0d3e2c3-c2bd-4238-afc3-4d867e804ca8,gaussian_blur,s4,1,0.676033,0.782089,0.919675
c0d977b8-9058-4f66-9ed3-d91026b9bf1b,fog,s4,5,0.685931,0.804320,0.861712
c0dc6d10-c6ad-4dd3-8c7b-79fd558d4e72,fog,s5,4,0.742468,0.852114,0.852798
c10f02a9-64f4-4b50-b6d1-f6771f4f0c5b,gaussian_blur,s3,0,0.428720,0.535144,0.739979
c11649e7-05e3-470c-b80c-922718ef5604,gaussian_blur,s3,0,0.702019,0.799749,0.950648
c116b956-3fbc-4032-a321-c238825e8cb8,gaussian_blur,s4,5,0.973781,0.986636,0.992703
c117efe6-2f9d-4089-9d95-3bafb8c8d25f,clean,s5,0,0.867043,0.928154,0.937611
c127aaa5-ca0d-4b5b-9827-46b82d4c69df,gaussian_blur,s5,3,0.979893,0.989840,0.990247
c1385971-3eb2-4194-8961-615e055fe75a,shot_noise,s4,3,0.644665,0.760754,0.880891
c14b1bd3-546b-48eb-8404-b42dd195e85b,fog,s3,3,0.553193,0.652285,0.885013
c14f9368-f960-49ef-9d9d-174e0c22fccf,gaussian_blur,s5,4,0.871217,0.930501,0.940901
c157c3bb-6757-41b6-b7e9-b1ae159418b9,shot_noise,s4,5,0.790079,0.879133,0.912501
c1632ffe-2396-47de-a9c5-f727d3f2b014,fog,s3,2,0.704994,0.803791,0.945136
c16e8631-9ac4-4eb9-a684-b4628b422793,fog,s5,1,0.970755,0.985153,0.985633
c179a463-bf67-4f40-86e0-3ef2e896b668,fog,s4,2,0.594738,0.720355,0.837136
c17b344e-1ffe-4acf-8ab4-5d50bb224b62,clean,s5,2,0.934769,0.966272,0.966683
c19d11eb-6c26-4bf7-8f83-f6823f36b43a,gaussian_blur,s4,3,0.823137,0.900907,0.924005
c1a2381d-6abc-4b2d-a6f5-39ef78af7965,fog,s4,3,0.671523,0.783203,0.897046
c1a91bb1-0239-4385-ac0b-4fb5bc48611f,gaussian_blur,s4,1,0.912594,0.953819,0.964699
c1b4f744-f7d1-4351-9f6d-defaa4b80209,shot_noise,s5,5,0.548316,0.692550,0.759419
c1beba08-58f3-4a63-9ca3-4d4f41155883,clean,s3,0,0.760272,0.849229,0.960539
c1c0e48f-45c1-4767-9b9f-789f3dd8a3af,clean,s4,3,0.928955,0.962552,0.979648
c1c8c430-41ff-49e4-bf6c-5a724d3d8aca,clean,s3,1,0.665778,0.760256,0.962468
c1cab4eb-fa50-47c4-bae3-5433ba03f77b,fog,s5,0,0.631751,0.743572,0.894241
c1cd3375-686e-449b-b507-7650bb9d6eca,shot_noise,s4,0,0.344564,0.492340,0.552299
c1cf93a9-cb73-4d10-95ce-48c439aeab6d,shot_noise,s5,2,0.670844,0.802980,0.803104
c1e2f765-acf4-4499-82d8-19efec1964ef,clean,s3,5,0.866658,0.925406,0.970939
c1e3e0df-ba96-483d-bd52-6366c520f184,fog,s5,2,0.944670,0.971517,0.972638
c1e68b97-8e55-4bfb-a52f-47fba25bbe32,clean,s3,3,0.716648,0.811812,0.957829
c1f73874-4ac6-468e-8ffa-ede50b0c6d2b,fog,s4,2,0.905826,0.949103,0.979730
c2147cc3-8dba-4e00-90b3-7725c3e38a2a,shot_noise,s4,5,0.251156,0.390434,0.419596
c222f06f-b004-42d1-bfe6-942185de3767,fog,s4,0,0.713490,0.825838,0.872720
c2276a35-023c-4d5b-9573-bd5a7bbf0fe2,shot_noise,s4,3,0.977917,0.988788,0.993099
c2412428-9967-407d-916a-c89d3846419b,fog,s5,0,0.713857,0.829016,0.856587
c24262fd-ea23-41b7-a4b7-0486f6eee118,fog,s2,3,0.692560,0.788140,0.960989
c2491ec7-2810-4c5a-9b50-11b19f6c505b,fog,s4,5,0.694278,0.810608,0.866805
c25df23d-97a7-498c-be3b-c168fa750692,clean,s4,1,0.955677,0.977090,0.988085
c27dd6c8-d119-41de-8ba2-c83aa8b80aa0,shot_noise,s5,5,0.434229,0.558918,0.711184
c2883e80-2780-496b-a097-3bb31ab17636,gaussian_blur,s5,5,0.542650,0.687850,0.753760
c2899878-6d91-4b43-a6bd-054dd11432f5,clean,s4,5,0.957133,0.977946,0.984928
c28fa92e-8729-4183-ab3b-f485da60101d,gaussian_blur,s5,1,0.719415,0.831588,0.867842
c2a25b2c-3612-4eee-83cf-5730dd8372b1,gaussian_blur,s3,1,0.975572,0.987501,0.998390
c2a2ea10-be25-43f2-b077-71dbac33fbf4,clean,s5,4,0.654255,0.790489,0.793419
c2a68a3a-02fa-476f-b5ec-7e2374a48eb7,clean,s4,1,0.700933,0.813174,0.883060
c2ac3745-4bd3-48f5-9caf-876870dd5cea,gaussian_blur,s4,1,0.972408,0.985922,0.992315
c2b1a6b4-53e8-4e88-8a2a-37abc50bd292,fog,s5,0,0.765235,0.866969,0.867288
c2c9417b-2163-4312-a0f1-f43f7147b3f7,clean,s5,1,0.223472,0.313817,0.440348
c2e49740-7b04-42e9-905f-a13dac1427e1,clean,s5,3,0.868100,0.929078,0.933845
c2e7ef97-f8c6-4d2c-a656-1772ede349d2,fog,s3,5,0.617681,0.731530,0.883351
c2ecc03f-9d53-4dec-96b3-e3697a539fd1,fog,s4,2,0.696796,0.807420,0.893423
c30ad1dc-d074-49f2-b3e7-847d7b9ab517,fog,s5,2,0.370500,0.518881,0.585984
c30d4f63-240a-47b2-99c5-c9b25500c50d,shot_noise,s4,2,0.775813,0.869699,0.904880
c31a0ecc-b491-4315-a049-1780ef0bd6ff,clean,s5,3,0.980354,0.990068,0.991171
c31a8c90-622f-4a9b-817a-4b0d446db983,gaussian_blur,s4,4,0.911872,0.952808,0.977135
c3204ad3-0cea-49bf-8998-8f85e3716de7,clean,s4,4,0.963002,0.981087,0.984623
c32bab24-f547-49ad-a0ec-cb284712c083,shot_noise,s4,2,0.908176,0.951239,0.965008
c33c0310-44d4-444e-bc8d-7e3c99de2c04,gaussian_blur,s4,3,0.353811,0.417115,0.703813
c33cb021-6e2b-4729-a09e-25a1410bd352,clean,s4,0,0.862194,0.924250,0.949077
c341d230-a7cd-4ed1-a49c-d960c9be4aa6,clean,s4,1,0.940507,0.968745,0.988434
c3552fa9-7184-4bb8-8eca-f6c9f149b225,fog,s4,0,0.350559,0.414540,0.697781
c35f408f-2356-4d32-bf73-d143ede7a0be,clean,s5,2,0.501022,0.635809,0.754796
c369bc18-99b3-4311-97a3-8fb0c8c701f8,gaussian_blur,s5,3,0.840102,0.912955,0.914809
c3750786-f1f5-40d3-8958-faaa1d8db7ce,shot_noise,s4,4,0.860469,0.922293,0.959872
c377c78c-6f02-4968-881e-28cc47a77324,fog,s5,2,0.479731,0.633795,0.688296
c3786552-80f7-403b-9218-3916f33c7090,clean,s3,1,0.958667,0.978526,0.996174
c3949dd5-889f-4e5a-bd20-5d9bc7efd3fa,gaussian_blur,s2,2,0.975211,0.987310,0.998498
c397a8b4-d4b8-4a15-a330-ab98ff0ba068,fog,s5,4,0.741561,0.851268,0.853873
c3996525-6e17-46ae-9dc3-767f4041bcb6,gaussian_blur,s4,0,0.757840,0.851813,0.932606
c3b74c8e-1f23-4edc-9043-303cd3c53b7e,shot_noise,s4,5,0.774710,0.866336,0.923328
c3c46891-a4c6-482d-a969-bcb421f5562e,gaussian_blur,s3,3,0.459356,0.478817,0.918712
c3cfa8b3-6271-4633-9bae-45bdb921c6ac,fog,s4,4,0.916237,0.955122,0.982270
c3d0895e-2f17-421f-926d-0e26807be251,clean,s4,3,0.767316,0.856004,0.954012
c3d5de70-2b36-42ec-b343-e9eee95171ef,clean,s4,5,0.729948,0.836531,0.888946
c3e6a86e-8ffd-47b2-8925-e6ebec7952ab,shot_noise,s4,0,0.873132,0.930810,0.953365
c3ecf65d-7a3b-4c0f-b5f1-45fe48757119,shot_noise,s2,5,0.909280,0.950345,0.995589
c3f70871-139f-40cf-9dad-a9b44e54c42c,fog,s4,3,0.888067,0.939987,0.952853
c3f88def-5514-4137-8c9f-5b05abb9d3be,gaussian_blur,s4,2,0.970523,0.984945,0.991419
c40e26a1-e49b-4f38-9fd4-f273067dd57c,gaussian_blur,s4,2,0.328001,0.492196,0.497484
c41b8426-6daf-488d-984c-dedb271228c6,gaussian_blur,s5,3,0.765744,0.867262,0.867868
c41c1fd4-7596-48af-8cae-22d5e714c0fc,clean,s5,1,0.478576,0.643054,0.659376
c4258f28-f7e8-4798-9d1a-2ba2c7c5a4b2,shot_noise,s4,3,0.908382,0.950808,0.976054
c42dd0aa-76a3-4859-91e0-383dba86bdf8,shot_noise,s4,0,0.901916,0.947645,0.963404
c436ce8d-6dbf-4d84-a89a-399e1ae56b96,clean,s5,0,0.890595,0.942117,0.942394
c43e48af-1239-4086-964f-249eae0fa13a,fog,s5,2,0.898813,0.946693,0.947035
c4402ae5-c583-4ef0-b8bc-6b3ed28930dd,shot_noise,s4,4,0.935382,0.966312,0.975525
c461f18c-27f2-4aec-b457-0d2f63614cae,fog,s4,4,0.725591,0.828054,0.916132
c46c1c5d-7453-409f-ac70-8748e2441fd2,shot_noise,s5,0,0.940397,0.969282,0.969312
c472996d-3cca-4c88-908c-3b3cbca29082,clean,s4,2,0.744048,0.846529,0.896988
c48062cd-b0d6-4f7f-a2b6-29954ee641b7,clean,s4,3,0.898588,0.945810,0.960907
c49d8995-6cc3-437f-926d-31d258ad7593,gaussian_blur,s2,5,0.910190,0.950858,0.996240
c4b51326-6153-4833-974b-9228d061c33d,fog,s5,0,0.735280,0.843777,0.870949
c4b6a977-0699-45be-8608-bef41194f1ad,fog,s5,0,0.459315,0.624557,0.642645
c4e3ea09-2636-452b-8f89-22aa7b298ed3,clean,s4,4,0.807648,0.891323,0.914448
c4e75ff9-db4a-403e-93b4-5da3db0486d4,gaussian_blur,s3,3,0.531386,0.661166,0.790877
c4edd074-bacf-4f78-b439-7eb095cb756f,shot_noise,s4,5,0.908863,0.951209,0.973700
c4f0bb7f-8510-4ce3-a43f-568e81721624,clean,s4,5,0.344564,0.492340,0.552299
c4f5f046-dce5-4c5b-aeab-be5f12e2920e,shot_noise,s4,3,0.615388,0.751786,0.802685
c4f6380d-97de-4f72-843a-202988fd50dc,shot_noise,s3,4,0.943429,0.970309,0.990512
c4fdfc98-1375-4e6f-b24b-6b80405a0141,clean,s5,4,0.445268,0.595820,0.666533
c50dbc20-7109-4a3c-ae61-0fe15d8c7b70,clean,s5,3,0.912510,0.954233,0.954699
c5202d37-de32-4347-8c9b-4c42e4f859ae,fog,s5,0,0.501022,0.635809,0.754796
c52472e7-3007-4030-b6cc-a1e6e1e34c10,gaussian_blur,s4,2,0.894462,0.942887,0.968877
c53c0fce-eddb-4aab-bc85-dfee447a4486,fog,s2,3,0.971939,0.985589,0.998288
c53c3280-81e8-4bef-9d5b-b791aa583da1,clean,s5,1,0.964260,0.981802,0.981951
c54372b8-d3a7-49e2-b1a3-9aa3a2ed9ad7,fog,s4,0,0.813698,0.891551,0.950117
c55a2d5d-fe3a-4330-b2bd-a66a900b1560,fog,s5,2,0.776902,0.874440,0.874491
c55ef37a-77de-4960-afd9-fe9b62b5a399,shot_noise,s5,5,0.938788,0.968427,0.968459
c564a104-bafe-4a0d-846f-812cdb6a9e4e,fog,s4,0,0.672046,0.794951,0.847309
c570e98c-02d9-46d9-b14a-d70bcbdbfb0a,fog,s5,0,0.748103,0.855595,0.858037
c5743776-47e3-4aba-a19a-8c0ad2c8e936,shot_noise,s5,0,0.909416,0.952518,0.953435
c57ef5d6-89eb-4907-8648-6d378e322331,shot_noise,s4,1,0.874223,0.931456,0.953835
c582cbf1-8aa5-4ad4-9af5-545ea1810a34,clean,s5,4,0.650540,0.788229,0.788496
c584dfc1-0ae3-4a5f-b0d2-710b37ea7526,shot_noise,s2,0,0.700064,0.794986,0.963018
c58951c1-af11-4865-8992-9e12a357105c,fog,s4,4,0.894628,0.943107,0.966819
c59df8db-32a9-44ba-9616-5bd7e9946ed0,clean,s4,5,0.964984,0.982047,0.989605
c5af3880-fddb-4cb8-a5d9-b84917708304,fog,s1,3,0.496405,0.498196,0.992811
c5b7f143-77d0-4cde-8055-0a9ad297c6be,fog,s5,0,0.755666,0.852416,0.917851
c5bdeae4-b1ff-4f0b-880b-0a381b18d916,fog,s4,4,0.886654,0.938634,0.960925
c5c36b2f-b9d1-42be-a029-d92e538cb876,shot_noise,s4,3,0.806251,0.885058,0.959520
c5c80f2b-9f77-47b0-b7a9-ca7bb6986d7a,shot_noise,s5,0,0.852819,0.919447,0.934421
c5e67cbb-ccee-4965-8e46-57d04d9b4435,fog,s5,2,0.440656,0.604696,0.629573
c5fbf186-d0cb-4448-bd69-0bec5f9a7ad8,fog,s4,2,0.971651,0.985528,0.992097
c603024c-31ec-47a0-bd83-132290fdfa25,clean,s5,1,0.869065,0.929367,0.938150
c6043ca8-a8f6-499a-8716-0cdce42d6db9,shot_noise,s5,5,0.492475,0.654826,0.674773
c60552cb-541c-429b-9f58-9dc237e79407,shot_noise,s4,0,0.370157,0.521319,0.579995
c614e181-de47-4274-bba9-8fe07519f4b7,gaussian_blur,s4,5,0.765342,0.857445,0.934626
c61ceb32-ebde-47f4-92b1-fc8a177c0dd4,shot_noise,s5,0,0.790848,0.881375,0.898683
c61ddaa2-9569-48db-86a2-e9fcecae47cf,gaussian_blur,s5,3,0.872711,0.931379,0.941520
c62f8d55-5648-4990-a956-13269bc7eb24,shot_noise,s5,0,0.868100,0.929078,0.933845
c636eabb-351d-4162-82cb-2e34b8401955,gaussian_blur,s4,5,0.801255,0.884297,0.936039
c638966a-bc38-44ec-a7a5-02491a2c513c,clean,s2,5,0.721386,0.813896,0.968448
c64a2e92-78f2-4a6f-ba63-27b38d9bdacf,gaussian_blur,s5,1,0.934571,0.966162,0.966693
c6552ad5-ad7b-4485-9483-5bdf9b07ba1d,gaussian_blur,s5,2,0.933761,0.965629,0.969141
c66bf97e-1b74-4940-af73-08e0542a4abb,shot_noise,s4,0,0.810709,0.892822,0.920075
c66f0a1e-d42c-4317-8315-5cfda9b34709,gaussian_blur,s4,0,0.955677,0.977090,0.988085
c6746e55-dd18-430f-a9e6-84c61459e001,shot_noise,s5,4,0.893714,0.943823,0.944795
c6902e14-ef65-49e1-926a-2e9d258e3623,fog,s5,5,0.860100,0.924597,0.927331
c6934389-27e0-4858-8ea6-328cb28c1c5d,clean,s3,5,0.720789,0.823223,0.919874
c6937e4c-191a-4b5b-99fe-83c1524907a6,shot_noise,s5,2,0.514915,0.663645,0.727803
c694d5d0-0b46-4d78-8d9d-9308636b5eb0,gaussian_blur,s4,4,0.955384,0.976933,0.988011
c69a2484-1442-4723-b0d7-eccf587b537a,shot_noise,s5,4,0.928327,0.962800,0.963677
c6abe071-2fc2-44c2-90a2-765c995639ba,clean,s4,1,0.495712,0.633600,0.742658
c6b074c1-e165-4566-a8b3-0f60e69e1694,clean,s5,4,0.631751,0.743572,0.894241
c6b2b65d-f88b-4e8e-974c-f0a202aefa5c,clean,s5,5,0.896991,0.945281,0.953333
c6c78626-5a4a-4826-89c3-2638d964e33a,shot_noise,s4,4,0.943812,0.970750,0.982841
c6c8fdb9-025d-49c2-90a2-9517fbc148a7,clean,s4,4,0.730022,0.836558,0.889147
c6d917cb-07f8-49a7-b24a-9e2a24010c35,shot_noise,s4,5,0.849449,0.916163,0.947632
c6d9327e-c529-4013-a48b-33b62b5114d1,clean,s3,5,0.983981,0.991878,0.997808
c6e4a3c5-c113-4f7f-9345-7581265bdf95,gaussian_blur,s3,5,0.338868,0.457305,0.596299
c6f063cc-7cc1-4879-863f-b36396adf8d2,clean,s4,0,0.926468,0.961207,0.977893
c6f1b358-3695-4fed-90aa-3c1ae9e1df8d,clean,s4,1,0.466100,0.533629,0.854991
c7047118-2e32-41d0-9eee-689c404121a8,clean,s5,0,0.798131,0.885807,0.904612
c709af8c-7ce1-4c6d-b475-1ad104ca93a1,fog,s4,1,0.918682,0.956668,0.979538
c70b1231-0783-4ff2-a769-3aba7aacd8c3,clean,s4,3,0.977207,0.988445,0.990869
c70ba815-b16a-4719-bfff-b7d9196d9abf,gaussian_blur,s3,3,0.925783,0.960205,0.993023
c70f6561-e393-4baf-9f22-37f3b54927e3,fog,s3,5,0.900659,0.945390,0.990656
c711f456-3916-4d62-b107-ffe8974c8158,shot_noise,s4,3,0.204727,0.337662,0.343211
c713760f-4fbc-4910-ad94-0a86cc9ef8eb,fog,s2,0,0.716078,0.805183,0.985301
c71fb83c-3289-480a-b7f0-490c2ca5d586,fog,s5,0,0.383867,0.512878,0.640784
c722d638-abd6-4396-bdd0-c770d95cd119,fog,s3,0,0.857231,0.917532,0.990982
c72c331f-b08c-4f24-96cb-9150bae891de,clean,s4,5,0.941312,0.969416,0.981307
c72eee59-49cc-4131-ad4e-01e08be54431,fog,s3,3,0.755067,0.845226,0.958757
c732027c-8574-476e-90b5-18dbc274543f,gaussian_blur,s3,3,0.659557,0.762996,0.929301
c74beb46-be33-4e8e-9ea2-81c22fd3a07e,gaussian_blur,s5,4,0.961585,0.980406,0.980943
c74dc639-a48e-447b-a7d1-62e4653c1e40,clean,s4,5,0.639178,0.755664,0.878971
c75c98b8-5da2-4210-9ddc-ebd16acb2ed4,gaussian_blur,s5,5,0.925890,0.961512,0.961696
c768afbc-dd8f-4346-8359-165eb6470ecb,shot_noise,s5,2,0.987619,0.993770,0.993973
c76a0d6c-9bd9-4441-a0dc-28cc30a8585d,fog,s5,3,0.618569,0.758587,0.788176
c77052b0-e43d-41fc-bd2a-e578c814bb78,shot_noise,s5,2,0.901550,0.947844,0.955572
c7721f2b-27df-4985-974f-8d41029fae2d,clean,s5,5,0.971108,0.985325,0.986544
c774e69f-b4e1-4a29-b42a-4a4d0941bd21,gaussian_blur,s4,5,0.855503,0.921331,0.932229
c7a0927b-deb1-46c4-8f08-4290859ac54e,shot_noise,s4,3,0.977726,0.988711,0.991077
c7ae8455-8909-415b-952b-0601319417e6,gaussian_blur,s5,2,0.509327,0.662946,0.710389
c7b019ef-debc-47b7-91f4-58c0abec4b99,gaussian_blur,s4,3,0.681865,0.802276,0.854174
c7b2a06d-fc74-482e-8a6b-1c90804938b9,fog,s4,1,0.220074,0.354455,0.370514
c7baf44e-78aa-450f-be1c-62ec54010a95,clean,s4,2,0.942251,0.969903,0.982360
c7c3e924-ab57-491a-b69f-714db5c76bac,clean,s5,3,0.934769,0.966272,0.966683
c7d4c03c-81db-4b92-a52f-cb6e714c3643,shot_noise,s4,4,0.413091,0.577970,0.600523
c7e2f1c2-c553-45fb-9e88-94df984c9051,fog,s5,4,0.501181,0.636470,0.753666
c7e7a4bd-5c40-49c8-be56-5937b88d0243,fog,s5,3,0.839655,0.912623,0.915321
c7ea7bf6-1c54-42e6-9e3c-d58607af7618,gaussian_blur,s4,5,0.862441,0.924469,0.948277
c7f000fb-ff7c-4b23-8f9d-5b9d58f72ca7,gaussian_blur,s5,5,0.785449,0.879352,0.883827
c7f77ba4-5340-49d0-8fa2-200d57eaadeb,gaussian_blur,s5,4,0.761335,0.863287,0.873355
c7fbdfa6-5edd-4097-8184-ef3486d2777d,shot_noise,s4,0,0.879878,0.934160,0.965584
c8029a1f-1373-4638-b105-8ae48e7a61ad,fog,s4,3,0.504163,0.607159,0.831232
c80ab96a-0f4c-4abe-8db5-fc6513696ba9,shot_noise,s4,2,0.972929,0.986193,0.992467
c80d956e-c37f-4ee2-8ddc-e8ef7af11809,gaussian_blur,s5,2,0.986967,0.993439,0.993653
c81dea63-5ee8-4633-9086-0c04f9a6a788,shot_noise,s4,3,0.764649,0.859301,0.918720
c82931d1-7bde-4dd6-a6e8-926f8315a383,fog,s5,4,0.803855,0.890088,0.901957
c839a09a-dfc2-4e6c-8421-b0cf7a543ad8,fog,s5,4,0.904476,0.949837,0.949963
c83b52ea-e173-4a57-82ba-3f0dc5995182,clean,s5,5,0.472474,0.625557,0.684965
c84da634-56e7-48c0-8cac-9ad3e07199da,gaussian_blur,s5,5,0.837509,0.911554,0.911742
c857b71c-1596-4fd4-b9a0-17378448eac7,gaussian_blur,s3,3,0.901216,0.946208,0.982133
c8690ce7-d89e-4d89-9f4d-c05813b6c1e1,fog,s2,2,0.939692,0.968023,0.996619
c869614c-b392-4ab4-bf77-7aae87f5915a,clean,s4,4,0.755815,0.856615,0.891008
c86a0e29-1006-4e12-bc68-8eeb0269bf67,fog,s5,0,0.768254,0.866537,0.886950
c86f7c91-f90e-4c71-a9f8-368c1964908a,fog,s2,5,0.638713,0.724695,0.978709
c876d194-afc6-46c7-b179-7069406fb0f6,shot_noise,s5,2,0.942052,0.970161,0.970187
c877846f-1868-41f9-b059-a23704469d65,clean,s3,0,0.702019,0.799749,0.950648
c87b76c1-96f2-42a6-846c-a9942aae5fa4,clean,s4,3,0.596361,0.716639,0.854827
c87c7007-9f13-462e-9bd1-16dda59b9ee5,gaussian_blur,s4,0,0.917279,0.956553,0.963807
c87c8793-8fee-430c-91ac-19cc37e557e3,gaussian_blur,s5,0,0.987224,0.993570,0.993781
c8877006-6a00-486d-ad34-630dfaa95820,shot_noise,s2,4,0.643532,0.731007,0.976800
c89eb311-1a81-42aa-bcd1-1bbd4803a4d0,shot_noise,s5,1,0.803213,0.890828,0.891243
c8a1ff02-22d1-476a-a4ed-0d4f283f7f89,shot_noise,s4,3,0.254101,0.393151,0.425139
c8b14cbf-8a47-4da4-8ddb-bf9c4f2b6120,fog,s5,2,0.410509,0.581410,0.583653
c8b4c687-f141-4a98-89d1-8705a23b8967,gaussian_blur,s3,2,0.920480,0.957387,0.986912
c8b6e591-2209-4c74-ad43-e96ad58f1423,fog,s3,0,0.577047,0.701980,0.831892
c8b7f604-20f1-45d9-a08e-91d00e44bf8e,gaussian_blur,s5,5,0.765120,0.866912,0.867090
c8b91ac1-ff49-4e24-acde-ee586dad3227,fog,s4,2,0.758802,0.857070,0.903387
c8b96be5-5d3f-4bb8-953f-f08472a05221,gaussian_blur,s5,2,0.782745,0.878096,0.878449
c8bfb2ca-ef92-49eb-acb5-cab29be71a47,shot_noise,s5,3,0.926208,0.961209,0.974107
c8c10393-33d0-4718-99c4-ff275012fbf3,gaussian_blur,s3,5,0.344644,0.482962,0.569974
c8c979a9-cd13-4ea5-bb85-153f0e5ecb02,gaussian_blur,s5,4,0.456801,0.620840,0.643717
c8cc7ffe-d536-4dc1-9154-159d37611509,fog,s4,2,0.790222,0.877486,0.926360
c8ccf5f6-0c8c-4172-a768-75ba72461834,shot_noise,s5,3,0.907797,0.951645,0.952187
c8ce7ef7-3e01-4729-b08a-40b19f6e48b4,shot_noise,s5,5,0.498457,0.652970,0.700804
c8ceb5d0-2254-4253-8065-a9e117175540,shot_noise,s5,2,0.777468,0.873139,0.887925
c8e42d34-3f6b-4c0e-8e13-be630749b1f2,clean,s3,2,0.811442,0.885911,0.983520
c8f438d6-a219-4d7a-b7e3-e8413b94a81c,clean,s5,0,0.434736,0.559523,0.711565
c9223f50-d407-417d-919c-f09a76af1f67,clean,s4,2,0.977553,0.988625,0.990745
c9249f82-4fa8-4707-af93-f610da769e07,shot_noise,s3,4,0.708030,0.809195,0.933173
c92ae796-0fcc-46cf-8912-a1519b2cd063,shot_noise,s5,1,0.817796,0.899076,0.906608
c92c058b-e984-4e3f-95c2-a0bc9e3a9bdb,gaussian_blur,s5,0,0.912510,0.954233,0.954699
c934dfe4-3794-4db5-95a2-969b8cbb8deb,clean,s4,0,0.946687,0.972224,0.986643
c9385d4a-c096-44e9-813b-18064a3e7c84,clean,s5,4,0.878609,0.935333,0.936160
c93955cd-adcb-4de7-9821-700bf97100b3,clean,s5,4,0.746387,0.854247,0.858428
c94907e9-2632-40a6-a6d5-f8ebb0dac7f1,fog,s4,0,0.936170,0.966471,0.983773
c95fea48-e0bd-4dae-9b7d-7227d0ef51b5,fog,s5,5,0.942414,0.970216,0.974960
c963b8db-3bd5-4a19-a72a-3530b4ae32d3,clean,s5,0,0.926152,0.961491,0.966066
c971e39c-8380-4dfd-9bcb-1b183fa3b20a,shot_noise,s3,5,0.941788,0.969254,0.994989
c987254b-dac9-40ef-9bcd-a01d365a535a,shot_noise,s3,4,0.634778,0.746682,0.894667
c98bd856-bbb5-4ca1-823f-80f6fd7b14db,fog,s5,1,0.799172,0.886700,0.903179
c99f8501-18ac-4a01-86b1-aaa7366a4fff,clean,s5,5,0.271251,0.375823,0.508330
c9a43a26-1143-4811-afbf-11e5ee957fbe,gaussian_blur,s5,0,0.869065,0.929367,0.938150
c9a7d45f-3eb4-4745-997f-9a174e5b396f,fog,s4,4,0.694358,0.809903,0.870688
c9b34556-509f-43f4-a84c-9fe8000edd2e,clean,s5,4,0.869065,0.929367,0.938150
c9b34b49-d4f5-4f52-8cb1-784a317c5a94,shot_noise,s4,3,0.907311,0.950189,0.975778
c9bad328-da14-428a-97f0-9af44aaf4fb0,shot_noise,s4,5,0.499993,0.637628,0.746777
c9bca5b2-8469-4e64-b5d9-d8198942eb9c,shot_noise,s4,4,0.500376,0.660182,0.687066
c9bd8840-1295-4ad7-88f1-1ef554ef94a6,clean,s5,0,0.863801,0.926852,0.927910
c9cae7bc-c5fe-4705-ad4c-52eea85adc93,gaussian_blur,s3,1,0.725401,0.822538,0.944036
c9cbf8c3-a620-4b3b-af47-0db8b88f9e87,clean,s5,1,0.938392,0.968090,0.972196
c9d11bf2-386a-4f1d-a788-6352569e70b7,shot_noise,s5,1,0.912300,0.954118,0.954597
c9e6c624-bd6a-4c8c-9c23-11101f3dad92,gaussian_blur,s4,1,0.957930,0.978366,0.985283
c9e74561-bce5-495c-9b26-f783dde1991f,clean,s5,0,0.612065,0.753181,0.784372
c9ef6dbf-b66b-4cbb-9438-1aca1e6ae83e,clean,s4,0,0.973655,0.986571,0.992667
c9f7165f-a6b3-4e1d-8883-a8c829c69519,shot_noise,s1,5,0.392532,0.439796,0.785063
c9fb5e65-8d52-40c3-a0b3-31c70a528422,fog,s4,5,0.833204,0.906582,0.935045
ca0d177a-4eec-4516-b52f-cc2c1062d597,shot_noise,s4,5,0.940683,0.969076,0.981056
ca21d732-a6ab-4a11-9c4c-3d457d5c9f39,fog,s4,0,0.873132,0.930810,0.953365
ca3adeca-32af-4185-ac1b-ba6c1a3a6cf8,clean,s4,2,0.292052,0.451446,0.453222
ca3bc165-1a9a-4524-8b46-141acad0d8f0,clean,s4,1,0.902930,0.948070,0.966691
ca492e29-19f8-4e28-a9c7-32e81baadee6,fog,s4,0,0.733272,0.836733,0.903568
ca4eed75-0e04-41d1-86c4-2943859b075a,gaussian_blur,s4,0,0.813698,0.891551,0.950117
ca6b7792-b0c7-4d5a-bfae-16d3746f2398,clean,s4,1,0.971871,0.985647,0.991813
ca6c9dca-6b08-4a1b-ac0b-b9bc03f123bc,shot_noise,s4,2,0.942299,0.970047,0.978496
ca6de165-35f4-4f93-baa4-c1403c9f668e,clean,s5,2,0.820536,0.901361,0.902052
ca8b3b1a-57c0-47e4-9297-2b43f4e2446f,shot_noise,s5,2,0.915041,0.955630,0.955760
ca8e9537-19c0-4a71-a2a2-f434b0aa4461,gaussian_blur,s4,4,0.392116,0.490262,0.706699
ca907ccd-aa6e-425a-84fe-d284bc71a0b8,fog,s4,3,0.544719,0.674348,0.800208
caa09e83-fcbc-464f-8670-ddc9bfe99b4d,clean,s3,5,0.601819,0.699927,0.923019
cab7065c-48b7-4bb7-b56b-a64f4ff57d56,clean,s5,3,0.869065,0.929367,0.938150
cac13aab-cfc1-48fb-a60c-8ba736b20683,gaussian_blur,s5,3,0.951385,0.975023,0.977637
cacdf464-a342-4a08-822e-279efd70cf4c,gaussian_blur,s3,0,0.716648,0.811812,0.957829
caddb5ad-fa3e-4c5f-b80a-9c10d7c71136,shot_noise,s3,1,0.722893,0.823021,0.930367
cae2691c-b0d3-48cf-afd8-92d7221ef268,clean,s5,5,0.649609,0.783833,0.804976
cae86050-b421-482c-9f1a-8f6cf0c48ce8,fog,s3,5,0.979326,0.989475,0.997157
cae9e35c-f5ea-4193-98bd-4e9fe5b37281,shot_noise,s5,1,0.911444,0.953664,0.953801
cb0a3db0-3a99-4d31-8208-4fc9ad014084,clean,s5,1,0.501022,0.635809,0.754796
cb1784ad-2c12-4da7-b458-0c62a684c4d8,clean,s2,1,0.606244,0.687075,0.971472
cb17d6e5-cfe1-4875-9eb2-03cb1fdc59fe,clean,s4,3,0.771392,0.864227,0.920416
cb1c70c6-c7ae-4cb9-9494-8fdc3dcab6f1,gaussian_blur,s5,4,0.971031,0.985296,0.985770
cb21c9dc-0c76-47c1-8144-bc0f1c964db8,shot_noise,s5,3,0.964682,0.981997,0.983493
cb276d9a-0190-4de3-84aa-ca32141a0b3d,fog,s5,4,0.959826,0.979433,0.982805
cb2b3668-66c5-43ee-8196-f276e53c0d22,clean,s3,1,0.681456,0.791088,0.903739
cb3234c1-0496-4564-b80d-6532c3ad9b5d,shot_noise,s4,0,0.959857,0.979368,0.986747
cb3b2a55-f895-4986-bca4-a3dded4e6cbe,clean,s5,1,0.814177,0.897558,0.897707
cb41c938-4d4f-4d58-84bc-068e2c15f7ab,gaussian_blur,s4,4,0.776515,0.866845,0.929440
cb42ab98-c0e8-4607-8ef2-ebf358c6f5ea,shot_noise,s5,0,0.867043,0.928154,0.937611
cb48e10f-5bed-4f65-a0f4-f9b9497549c5,gaussian_blur,s5,0,0.383867,0.512878,0.640784
cb4d6985-c59c-4e7b-a49a-7751d5ae64a2,gaussian_blur,s4,4,0.847053,0.914273,0.951261
cb5215e0-f9f3-4cf8-9f7c-dd4088d55ee8,fog,s5,4,0.891812,0.942289,0.951874
cb5cc553-39b9-4f63-b345-fb771dedb2b3,clean,s4,0,0.937774,0.967667,0.974709
cb65cb1e-6e4d-430f-a78b-3ad1400b64c8,gaussian_blur,s5,3,0.846832,0.916581,0.922858
cb6d011c-1c71-4555-b09c-60be4b609bde,clean,s5,2,0.383867,0.512878,0.640784
cb6f2bd8-6fa0-4316-903b-a65b12708b56,gaussian_blur,s4,1,0.857149,0.920281,0.958192
cb73acbe-0689-4865-af74-b86081a27285,shot_noise,s4,4,0.932977,0.964585,0.986252
cb7d41f3-ccf9-4959-9bd6-97593574a9b1,gaussian_blur,s4,5,0.594742,0.732993,0.794137
cb8b74da-51f7-4021-aa74-d8f153a3b549,clean,s5,4,0.574061,0.725132,0.744934
cb8f62c4-56e0-43a2-a48f-dc02b984286e,clean,s4,5,0.963272,0.981175,0.987532
cba66c58-bf4e-4b08-8fe7-965b3ddda6d0,fog,s4,5,0.976593,0.988129,0.990619
cbad18d9-3e9d-495c-bb3d-b69591418f57,shot_noise,s4,2,0.906123,0.949500,0.975502
cbb61768-e680-47d9-b97d-0c67cd4a486f,gaussian_blur,s2,1,0.902225,0.946085,0.995237
cbbf7942-dc04-43c8-8989-36de8c4c2b3d,gaussian_blur,s5,4,0.564841,0.656861,0.911502
cbc21c3e-1d84-4dd4-b430-f5b8423a1f9e,clean,s5,5,0.351146,0.440836,0.660949
cbdd08d9-19da-4f83-8fff-7c910be29694,gaussian_blur,s4,4,0.957652,0.978281,0.982377
cbdded01-d2d3-4e8d-a683-50ec39053e45,shot_noise,s4,0,0.935862,0.966191,0.986907
cbe273d4-ce64-4fc0-8570-611e178fd898,gaussian_blur,s4,1,0.643135,0.769333,0.841264
cbe56e62-73a3-4a7a-9682-6c192c3ccf78,shot_noise,s4,0,0.942251,0.969903,0.982360
cbec771f-19cc-41c4-860a-cc66f2e50d95,fog,s3,5,0.746099,0.840848,0.940928
cbf5b114-2c88-4212-9879-1b9e195e193f,gaussian_blur,s4,1,0.773565,0.866170,0.918342
cbf5ee78-dbe7-4b38-b578-ee1ef09f58c5,clean,s4,2,0.927860,0.961977,0.978464
cbf726d5-2d05-462f-95e4-95cd6a2d0a32,gaussian_blur,s4,2,0.730388,0.836522,0.891096
cbfa1ba6-b304-4f3a-983c-b3220f97333a,fog,s4,2,0.556582,0.655067,0.889272
cc0878f9-22df-42d9-9685-48893f019e81,shot_noise,s4,5,0.744403,0.846642,0.898043
cc0bb4fb-b76e-475e-be67-b08dbef0f7be,gaussian_blur,s5,1,0.822132,0.901784,0.908501
cc11a0be-3d37-4b06-9f0b-eee81ca0763b,shot_noise,s5,1,0.707372,0.826801,0.839045
cc2382a9-3ffd-4128-ad30-b08ecca02443,clean,s5,3,0.517671,0.591824,0.903586
cc2fa1df-2588-40a5-8c71-f045c8bcc5a0,gaussian_blur,s3,3,0.661821,0.756357,0.961267
cc36dee7-6514-40f2-8083-45a1835bc43f,gaussian_blur,s5,5,0.819394,0.899997,0.908096
cc46a00f-92d8-4fec-bcea-f7f213d54eb9,shot_noise,s5,5,0.266127,0.416530,0.426976
cc4c248c-9db6-44ac-b459-10d53e26c195,gaussian_blur,s4,2,0.483258,0.643619,0.674059
cc9062c1-647e-449b-abc3-0538d42bebd3,shot_noise,s5,0,0.611499,0.758005,0.762699
cca0c16a-af1b-4ca8-8c92-52ebb2df4377,gaussian_blur,s5,3,0.980714,0.990256,0.990940
cca6e989-9d5d-417d-9a27-92b53d6fa46d,shot_noise,s4,5,0.370849,0.471115,0.673280
ccc2a827-8e6d-42db-9c3d-edf50ed3e7a4,shot_noise,s4,5,0.970678,0.985026,0.991467
ccc87b52-97a6-4d89-9e7b-b7ca4d08f68e,shot_noise,s5,5,0.897251,0.945834,0.946011
ccd1ecc2-87a7-493c-b38b-42758a688038,fog,s4,4,0.628115,0.750345,0.856667
ccd9c849-b8cd-4df0-93b4-dcbab9c174c1,fog,s5,0,0.868100,0.929078,0.933845
cced5c15-336b-4dd2-bb4d-7896ff10ec31,gaussian_blur,s5,0,0.746387,0.854247,0.858428
ccee63f3-3c82-4c33-8e44-aec814825410,gaussian_blur,s5,5,0.536463,0.618693,0.907105
ccf45579-51a7-4bdb-b22d-54f7bd13803b,fog,s5,0,0.938392,0.968090,0.972196
ccf727ce-d76e-44ab-befd-72fc2e48fce6,gaussian_blur,s3,5,0.601991,0.699972,0.923477
ccfa4559-8513-4310-8daf-c6982867cdb2,clean,s2,3,0.700064,0.794986,0.963018
cd01570b-21f2-4ff9-9381-a18217eb51f8,shot_noise,s5,3,0.769748,0.869847,0.870270
cd0b54f3-c3ed-4b8e-a57d-aacf508ebc74,clean,s3,2,0.366589,0.504797,0.600528
cd0bbe6b-6a62-45e6-b509-51a46e93d8bf,fog,s4,3,0.745628,0.843317,0.924258
cd15c310-0be0-4a53-84bb-ea22464732ba,clean,s5,5,0.934769,0.966272,0.966683
cd1c7be3-1f07-48e3-b56d-ae8ca17be6e0,clean,s5,1,0.746387,0.854247,0.858428
cd2b2a38-6cb5-4ef7-bbc5-c27cf7187247,gaussian_blur,s5,4,0.406028,0.576933,0.579019
cd4fef42-2ebd-4cb2-ae15-52f5115eac07,shot_noise,s4,1,0.869848,0.928721,0.953877
cd59e81b-bcd2-4ef0-803d-019dff994042,clean,s2,0,0.716078,0.805183,0.985301
cd64f2dc-bc0c-4206-8237-77e23b2a7aea,fog,s3,0,0.366589,0.504797,0.600528
cd839002-9722-42e8-9464-711291daac69,gaussian_blur,s5,2,0.977715,0.988723,0.989512
cd867e69-cc80-431a-bc78-95455886af09,shot_noise,s3,5,0.856365,0.916957,0.990892
cd923eca-5b64-496b-9302-1cf0e3040e68,gaussian_blur,s5,1,0.837867,0.911640,0.913387
cd947b70-8a98-4644-a163-c2162ad13bfe,clean,s4,4,0.856646,0.922011,0.932763
cda2e175-ee37-49f3-8b45-7dda08eb6c01,clean,s5,1,0.876985,0.934443,0.934741
cda2eba5-ae8f-4d5e-a535-6a6defba2ef5,clean,s3,4,0.659679,0.763048,0.929573
cda4e681-abc0-4e68-8811-36885a7c8aea,gaussian_blur,s4,5,0.797451,0.883577,0.919408
cda54299-047d-43f1-ab34-059b84d0190e,gaussian_blur,s3,4,0.552340,0.657877,0.868715
cdac5d52-e518-4973-978c-df2b0d360e2a,fog,s4,4,0.656912,0.765595,0.909573
cdae9064-8843-4746-bb85-74654acd5968,clean,s4,5,0.856359,0.920812,0.945483
cdb71824-1ec3-489d-b74e-1cbe0f67ba03,clean,s4,5,0.724916,0.827847,0.914157
cdb8c2e7-9104-45fb-adb1-e2f7545f0018,clean,s4,2,0.807648,0.891323,0.914448
cdbd8fb4-93ef-43be-9173-d17d56caeddf,gaussian_blur,s3,3,0.533544,0.609502,0.916907
cdc06e3d-ed66-49e5-9d0a-c43b662a16e2,gaussian_blur,s5,1,0.767208,0.868026,0.870133
cddde75e-6abc-4dbb-a995-360bbf3a39e8,fog,s5,5,0.919378,0.957852,0.961399
cde0b150-5437-4285-8e24-fabb907f0112,shot_noise,s5,2,0.894742,0.944434,0.944683
cde5f1d9-0c58-4641-b5f2-04fa1e7110b5,gaussian_blur,s5,2,0.391549,0.534383,0.623683
cdf49569-9fca-44a3-9399-467478daa674,fog,s5,1,0.745609,0.854150,0.855077
cdf74208-40c6-4a3b-90e3-6f94f5705c99,clean,s4,3,0.466100,0.533629,0.854991
ce06d8f6-43e4-4c43-befd-fb68e202c18f,clean,s5,3,0.514731,0.663495,0.727595
ce083355-8606-47a0-8189-1b2d1f046a52,gaussian_blur,s4,1,0.939278,0.968065,0.988217
ce153e28-8d7e-44af-a968-5941a44b51e7,clean,s4,2,0.672046,0.794951,0.847309
ce1598f8-41ed-4987-ba64-c837d0e7c911,gaussian_blur,s5,4,0.979378,0.989577,0.989994
ce1c3d85-4840-49fe-808c-1471d7d5e44a,shot_noise,s5,2,0.971366,0.985453,0.986997
ce359f4e-fcbb-44ec-864d-8848b2812c9e,clean,s4,3,0.958889,0.978749,0.991435
ce37221e-e47b-4426-9094-678c67acd43c,clean,s5,0,0.826471,0.903687,0.918537
ce3b5eca-b86b-41f3-9548-b8f5ae971fec,clean,s3,1,0.761960,0.848150,0.975211
ce405fac-06a6-435b-9414-f31bf56a7674,shot_noise,s4,3,0.957888,0.978215,0.991157
ce41f6e4-7af1-4455-99af-c780753208ae,fog,s5,1,0.878567,0.934783,0.944181
ce4b56a7-1b7b-451f-b654-97e1cb2596df,gaussian_blur,s3,0,0.534804,0.611250,0.917229
ce5a06fe-4a26-4d64-9385-7075b6ccd4b0,shot_noise,s5,0,0.383867,0.512878,0.640784
ce705afe-d2d0-43fc-a076-d4f8a95b1943,gaussian_blur,s5,3,0.867347,0.928365,0.937293
ce758f8c-0b46-464e-b0e5-c9fa8023dd88,shot_noise,s5,2,0.405260,0.575750,0.579195
ce83923f-546a-47f5-b61e-c633200b9566,shot_noise,s5,2,0.720689,0.826983,0.899472
ce8ba391-65eb-4671-a42b-ab39fa007ba8,clean,s4,5,0.977902,0.988805,0.990852
ce93ba9d-978b-4b77-9604-aa5b1ad646d8,shot_noise,s4,3,0.390059,0.555288,0.574533
ce9bd37a-7f77-4777-9a45-228b15585943,shot_noise,s5,2,0.620881,0.765132,0.770240
ce9fd70f-5f82-4b88-b062-4cbd0968b4ae,fog,s4,2,0.396437,0.444488,0.789733
cea190df-23c6-4660-bb9f-2734e06928b2,fog,s5,1,0.468751,0.636225,0.644000
cea9fa16-4211-4162-b34a-675d1caf57b1,gaussian_blur,s4,0,0.856359,0.920812,0.945483
ceaa2ba7-94bd-4379-8cbb-bbfa59b499e4,shot_noise,s5,4,0.274885,0.369573,0.529035
cec20b21-a76e-4c04-986c-9873d77cebd5,fog,s4,4,0.948802,0.973478,0.983173
cec279c2-430b-4235-8e92-52704f31cffd,clean,s4,0,0.977207,0.988445,0.990869
cec40129-93e2-4b17-825e-19ad0b5028f1,gaussian_blur,s4,5,0.518198,0.675557,0.704509
cecff89b-68ff-43de-9954-b17b5434caf4,fog,s5,5,0.413088,0.579606,0.596682
ced05932-d1a0-4b36-a580-1f4ee21dadb6,gaussian_blur,s5,0,0.785039,0.878727,0.886581
ced26e90-8824-49a8-878d-fe07644502e8,clean,s5,4,0.739600,0.848868,0.859857
ceff3433-2930-4a72-8b34-984acc88ef1a,gaussian_blur,s3,5,0.932051,0.963981,0.988411
cf075b84-d914-4693-afbb-e896828e01dc,clean,s2,2,0.974545,0.986961,0.998456
cf1d2ae1-c8f1-4351-a5e1-21d6385f0668,shot_noise,s5,1,0.856888,0.922841,0.924072
cf3b53cb-a044-475d-a4f9-cf6b2e541bd2,shot_noise,s4,2,0.381558,0.528114,0.603739
cf3f60b2-be08-4299-9b16-363c9c685c37,shot_noise,s5,4,0.830364,0.906099,0.920335
cf4e5b71-469a-4b12-818f-d844cae4823d,gaussian_blur,s4,0,0.926468,0.961207,0.977893
cf582394-421a-42aa-980f-66159044b666,fog,s4,0,0.724916,0.827847,0.914157
cf5ad047-195b-4957-b793-0c3d50aa82e0,fog,s3,2,0.973198,0.986255,0.998228
cf69626e-360d-471d-a018-6294f2640dbc,gaussian_blur,s4,2,0.921488,0.958472,0.975232
cf6c3a1c-5d7c-48db-a1e4-6319fdbba086,gaussian_blur,s5,5,0.975492,0.987591,0.987826
cf714976-864a-4c79-99bc-6f88c2c9a913,fog,s5,4,0.986477,0.993191,0.993419
cf7726c4-496d-4b09-9669-e2a82581bdb8,gaussian_blur,s4,5,0.486179,0.624990,0.732340
cf773e4f-f80c-479f-9f60-5be418d10179,clean,s4,5,0.948770,0.973533,0.980469
cf849a27-3477-4601-91a6-62b06bcc28c3,shot_noise,s4,1,0.929771,0.963007,0.979856
cf9841f3-fa6c-4910-b782-9dae3f6e15bd,gaussian_blur,s5,1,0.935713,0.966513,0.975029
cfa1661e-cd6b-4e2c-a403-3b9bf8dca625,gaussian_blur,s4,3,0.786918,0.872395,0.946265
cfa60d89-0240-46ee-b9a0-429048715ce1,shot_noise,s4,0,0.977207,0.988445,0.990869
cfa6cc41-6697-4010-ad2b-3fdaf1331c64,clean,s4,2,0.917307,0.956016,0.976294
cfa9f95d-bb89-4b62-b762-8f376f98efdb,clean,s4,3,0.787592,0.873470,0.942078
cfb179e6-c805-4872-a9a6-402c8c5ff414,clean,s5,4,0.713857,0.829016,0.856587
cfb1a3a9-a822-4357-91c8-4787953d4cc2,clean,s4,5,0.977314,0.988476,0.992901
cfbd4d03-2d56-45d8-8339-974c50d6f0a9,fog,s5,0,0.492729,0.655163,0.674699
cfbe5013-d291-4408-b91f-eaec00245bc8,clean,s5,3,0.472474,0.625557,0.684965
cfc97728-908e-4c25-af16-803551d7ed27,fog,s5,1,0.836357,0.909706,0.923968
cfca5a45-6c25-4f10-9764-5afd361136b4,shot_noise,s4,5,0.978486,0.989102,0.991381
cfd6f4c0-70b3-4d7c-af87-63adc48f4cb3,clean,s4,1,0.713490,0.825838,0.872720
cfe53615-369b-4848-ab4a-242ea589d646,shot_noise,s4,4,0.281729,0.439219,0.440301
cfe711b4-7985-4203-96ee-8b954118ef4f,shot_noise,s4,0,0.708301,0.810918,0.926176
cfeec2c5-bf1e-4910-9773-a8499a99c44f,shot_noise,s4,1,0.468318,0.590928,0.752715
cffeb257-9452-466f-9723-3be8f7d505c4,clean,s5,4,0.351146,0.440836,0.660949
cffeb820-3519-4913-93a4-94d05ca8a8b7,clean,s5,4,0.829522,0.906762,0.907423
d010f3aa-9063-4a12-80d8-0b51d8db0f84,gaussian_blur,s5,4,0.738609,0.840140,0.909173
d0185725-677e-4358-85cb-67419465cf9c,shot_noise,s2,3,0.682035,0.778372,0.958021
d01b9c65-37f3-450c-a2f1-673aed1db92c,fog,s4,2,0.745159,0.847130,0.898735
d02be26d-8601-4bea-a016-e2dff6888d05,gaussian_blur,s4,2,0.770700,0.860792,0.940261
d03d2ada-ca10-47ed-ae71-443a9acebfdc,gaussian_blur,s5,3,0.886265,0.939687,0.939973
d03d8cde-54df-43a8-bb90-89f67b4e92f4,gaussian_blur,s4,1,0.521393,0.676803,0.712064
d0576325-58e6-478b-912e-b6da1b60f6d0,shot_noise,s5,5,0.919023,0.957226,0.971280
d060103e-f23a-486b-a589-bd7f2065a409,fog,s3,2,0.944440,0.970900,0.989495
d06936cb-0dbf-4ceb-a305-eab59ce35c80,fog,s5,3,0.702742,0.821081,0.849696
d06b6d1a-bfdd-4e0f-b4bf-f49679f2ddf6,gaussian_blur,s3,0,0.366589,0.504797,0.600528
d07e2bd9-d9d2-4e29-9852-f754cdc418da,fog,s4,5,0.947377,0.972713,0.982677
d083b4e7-8d51-4acf-836b-3bbf567c1734,gaussian_blur,s5,3,0.818752,0.899788,0.905899
d09645d8-c253-4f85-b874-847efc645d37,gaussian_blur,s5,2,0.587775,0.703462,0.864855
d09d136e-30ec-440f-af4b-c352f9898bb4,fog,s4,2,0.848711,0.914927,0.956229
d0b12753-d690-4758-b994-b24871b214b2,gaussian_blur,s5,0,0.434736,0.559523,0.711565
d0b43778-64e8-48d3-8f88-0dc5fa6573da,clean,s5,1,0.649609,0.783833,0.804976
d0d9c100-71fa-4aa5-9e4c-556b972921c7,fog,s1,2,0.332231,0.399205,0.664462
d0e8604d-7c25-4b87-b515-76c58186ff40,shot_noise,s5,3,0.879889,0.936024,0.937413
d0ef5d7c-6a25-473b-b63a-a86975b3a498,gaussian_blur,s4,5,0.975601,0.987591,0.992370
d0f6ac8a-b98e-4fa4-84bc-a12f40a71878,gaussian_blur,s3,5,0.709554,0.805803,0.955243
d0fa0dc2-3b07-435c-8006-05788e535cf9,gaussian_blur,s5,2,0.847249,0.917295,0.917471
d107cf09-98cb-4f63-b4f9-be804182b5a9,clean,s4,2,0.595732,0.734031,0.794126
d10c70f8-b0a8-4991-9039-97c9852ab0df,clean,s4,1,0.902228,0.947741,0.965063
d11699b9-f3ef-4761-955a-6229d64766dd,clean,s5,0,0.271251,0.375823,0.508330
d1173c1f-78f3-4595-aaa7-4577dc008ba2,shot_noise,s5,3,0.470784,0.638038,0.646102
d118168c-9ac1-4778-a346-85dd4c2c707d,fog,s5,4,0.909146,0.952397,0.952697
d125a30d-f012-4425-b3ff-9c68e662d621,gaussian_blur,s4,5,0.709646,0.823131,0.869947
d1312698-71cf-42dc-acb2-7c226addd74d,clean,s4,1,0.781438,0.870261,0.931659
d13455b0-c75b-4c5e-8a2d-049b1ba7d152,shot_noise,s5,2,0.878507,0.935271,0.936155
d141ec2e-1e71-4ebb-a15d-661795327cb6,shot_noise,s3,0,0.958667,0.978526,0.996174
d150cd2f-1be7-402f-934a-0c20892da1e2,fog,s4,1,0.875116,0.932101,0.952528
d1644b46-a057-457d-a025-ff686d957e2b,gaussian_blur,s5,4,0.867503,0.928491,0.936885
d16d70b9-00b1-4791-9a08-9e7d0a5bfb16,gaussian_blur,s4,0,0.899895,0.946706,0.958655
d17915a4-ea13-4540-90a4-c2ea40a7e8cd,clean,s5,5,0.580700,0.733195,0.740521
d1987402-aa04-46c4-919b-38a68625c84b,gaussian_blur,s5,2,0.736552,0.844141,0.874933
d199ed48-35ab-4d37-8669-e71624543dc0,fog,s4,5,0.931374,0.963732,0.984768
d1ade366-84ad-4b66-9a5d-42035e4dbc92,fog,s4,3,0.602471,0.709572,0.897765
d1b5f02a-bfe6-47fb-8273-38d970e3a8b0,fog,s4,5,0.351288,0.412655,0.702576
d1b9079b-063f-46ae-9531-c6571112165e,fog,s4,0,0.399835,0.444342,0.799669
d1bb775c-f9e2-490b-a2d3-ad1a4a4b573d,fog,s5,3,0.772120,0.868974,0.889988
d1cf4af4-1b20-4c6b-bc09-99ba9d008f40,clean,s4,2,0.488015,0.614317,0.763813
d1d61610-4d14-4546-8d47-3baa1429803d,clean,s2,4,0.700064,0.794986,0.963018
d1e9e370-8eb0-4b82-9a42-c7f2f38f143c,fog,s5,0,0.722171,0.838426,0.840216
d1f8d110-7fb4-4c92-a7ee-7ffaffc164de,shot_noise,s4,3,0.826632,0.901241,0.944053
d1fe7052-ddd8-44a9-a1e8-6531a910e482,fog,s5,3,0.806768,0.891133,0.910667
d2038a46-9b87-4c32-8010-1e532fc6468f,gaussian_blur,s5,5,0.776036,0.873862,0.874171
d204a931-84f4-4c57-9461-56209c66e54c,clean,s4,4,0.946687,0.972224,0.986643
d20d1798-9b10-4927-a1b5-1286c9eef424,shot_noise,s4,4,0.912787,0.953825,0.966981
d211a1d9-b406-4e5c-8c5d-f1159b9092f3,shot_noise,s5,4,0.810950,0.894160,0.909280
d226dcc2-25f4-4a7d-a200-39a50d9d6107,gaussian_blur,s5,3,0.917289,0.956817,0.957859
d234dce1-662c-4bcc-8bd1-5dfdaaf919db,shot_noise,s5,0,0.951176,0.974952,0.975969
d23c250c-1482-4734-87e4-09d2a7d4c60d,gaussian_blur,s4,2,0.354091,0.418757,0.702331
d24b0b2b-1ed9-48a3-952f-b92a1409bb77,clean,s5,5,0.891202,0.942408,0.943568
d24e8a81-d77f-4980-9671-1dbb364f1a0b,clean,s2,1,0.974545,0.986961,0.998456
d2655458-06a3-40a3-91c1-7d22152a6df0,clean,s3,4,0.958667,0.978526,0.996174
d267e491-a228-42bc-9fac-02e4a7755ccb,shot_noise,s5,1,0.826015,0.904706,0.904848
d2687ee8-8f7b-4c17-9364-dd4ab5f5502a,gaussian_blur,s4,4,0.813769,0.894932,0.920091
d2695041-3ecc-46d5-85ed-f4781fa7bd54,fog,s2,4,0.680688,0.777128,0.957552
d26a7fa8-fb8c-4405-9796-7de46842e608,shot_noise,s3,4,0.823011,0.896176,0.967814
d26cd87a-940d-43cf-9520-baa105c0b118,clean,s5,2,0.938744,0.968384,0.969032
d26de319-7088-446f-81c1-67f5598dcd19,clean,s5,1,0.934769,0.966272,0.966683
d2708326-34b9-4599-bd76-8a2178c4e3c9,clean,s3,0,0.929783,0.962497,0.993402
d27493b1-c920-46a6-af00-bfca58a09a52,shot_noise,s5,0,0.963798,0.981556,0.982080
d2764e8d-210f-40ea-86bc-db26b48a9fbe,fog,s4,3,0.851134,0.917617,0.943419
d27e653e-8f4d-4aea-a097-d84ec0e098d5,clean,s4,4,0.940990,0.969341,0.977989
d2a242c0-6f8d-4635-bbd7-d0a2ac2b9e6a,shot_noise,s3,0,0.677765,0.782565,0.924629
d2a4eb46-c20b-422b-8e66-63d857b3fa21,gaussian_blur,s4,2,0.959969,0.979498,0.983367
d2ade54b-ef01-41a4-8a37-e992845ef6bc,gaussian_blur,s5,0,0.902726,0.948859,0.949211
d2b95bf6-b51e-4580-8842-9f275e78a21f,fog,s5,3,0.752490,0.858356,0.861664
d2bb2477-94df-4b58-a261-68b5940b67bc,gaussian_blur,s4,2,0.626148,0.758544,0.817957
d2c478e5-b469-48a8-849f-f5c892734b2f,clean,s4,1,0.856359,0.920812,0.945483
d2c9431e-a4b9-47c2-8b92-ab67dc0de275,gaussian_blur,s5,3,0.971703,0.985631,0.986859
d2d94d0e-0e3a-4065-b7b5-ff134f8d6c64,fog,s2,0,0.956446,0.977288,0.997556
d2e52ed6-6720-4714-af91-4651be577d26,gaussian_blur,s4,1,0.399614,0.494678,0.722139
d2f37e72-15c3-42a3-89ff-1ec418115111,shot_noise,s5,5,0.959803,0.979477,0.980074
d30abc8e-252c-4e0a-9c37-9277da9f4b72,gaussian_blur,s5,3,0.716196,0.834525,0.835275
d310e220-47af-4da9-a3f4-fbc40b6d55d6,clean,s3,3,0.873658,0.929318,0.978570
d3187d34-0fd2-455e-92f8-b03d52b56e90,clean,s5,2,0.792863,0.884453,0.884581
d31fb091-a585-4ba6-b19a-22ddc3cc288c,gaussian_blur,s4,2,0.866396,0.926212,0.958283
d3285aa0-833d-466d-ae42-38985c43fde8,gaussian_blur,s3,4,0.714639,0.810247,0.956507
d329169d-8225-4338-90a4-21abe80dfe96,gaussian_blur,s4,0,0.917307,0.956016,0.976294
d334a895-4952-41ae-9c85-6a5b4d236168,shot_noise,s5,4,0.831005,0.907679,0.907970
d3357473-1113-4815-aeb0-017e9feb475d,clean,s4,0,0.963002,0.981087,0.984623
d3452d2e-49fb-41ed-a213-2af5698d17c0,shot_noise,s5,2,0.798744,0.885981,0.906811
d34e970f-78e8-4428-aa46-5e8845890e68,gaussian_blur,s5,1,0.771765,0.868749,0.889718
d357887b-9d9e-4cd4-9caf-86bef117f7da,gaussian_blur,s4,3,0.679356,0.787351,0.911189
d366635d-cf38-46aa-8f65-299786a9822b,gaussian_blur,s5,2,0.920835,0.958784,0.958843
d36b8ae7-c27a-4834-a27f-a428243e105f,gaussian_blur,s5,1,0.964566,0.981961,0.982108
d38196ad-ff46-444e-81d2-b026ed688f18,fog,s5,0,0.953596,0.976188,0.978720
d38f8b19-400c-468f-b8e5-238bdd768540,clean,s5,4,0.770739,0.870444,0.871179
d3a8f8f8-c7d4-4e6c-8171-781178afaf8e,clean,s4,3,0.734995,0.833077,0.932219
d3ab2669-8c94-4124-9620-46dbc8202792,fog,s3,4,0.758828,0.852429,0.933696
d3ae779e-d52f-4af1-9df6-b071ae016b91,shot_noise,s5,4,0.949236,0.973930,0.974992
d3bff267-8b66-4179-8994-658bf12deb14,shot_noise,s4,0,0.899895,0.946706,0.958655
d3c2ec9d-2ca6-45d2-962e-f00fbdedfb9c,clean,s5,0,0.722171,0.838426,0.840216
d3d9ad09-5294-4a1d-b9a7-6d4b232157e5,fog,s5,0,0.478576,0.643054,0.659376
d3de324a-b4ce-4ee6-a747-a1f54e758f7c,clean,s5,4,0.912528,0.954260,0.954348
d3e0780e-9aab-45d0-bb05-2724c81be2c9,clean,s5,3,0.654255,0.790489,0.793419
d3e1e12b-b0b1-444c-941e-31cfc1f0aaea,shot_noise,s5,0,0.983097,0.991474,0.991819
d3ed7d19-3fc9-4d6e-9d07-06cb89ce7411,shot_noise,s5,0,0.655362,0.789945,0.800656
d3ffb8ca-975a-4434-8bc0-2b220af31420,clean,s2,0,0.909917,0.950725,0.995627
d4070fa6-cb3a-4b1e-bf62-ec5832defd95,shot_noise,s3,1,0.941800,0.969261,0.994973
d40a9fa5-2761-4d10-8386-9c7d5e2c7fa7,shot_noise,s3,2,0.459247,0.478758,0.918494
d40cb822-c8f0-4777-90d6-0b729b56b224,clean,s5,4,0.538596,0.697732,0.707994
d40ddb29-4d5f-49a9-af2c-387c250c4950,fog,s4,3,0.904866,0.949616,0.958819
d427e661-4305-47cd-9b20-004669dc7d57,clean,s3,5,0.934580,0.965398,0.988907
d436a884-dff0-4e24-b2b0-3b9457176b8f,gaussian_blur,s4,0,0.876333,0.932183,0.962229
d4377dd9-0df6-497d-91a9-ae0d043e3805,shot_noise,s5,3,0.895081,0.944623,0.944868
d440a868-f978-47f5-adf4-886a583bb852,shot_noise,s4,1,0.680911,0.788552,0.912402
d440b72a-fb76-487c-9ca6-98939edbfe8d,shot_noise,s5,1,0.380128,0.507277,0.639312
d4482308-bdaa-4cdd-a0c0-72f962d60c03,shot_noise,s3,4,0.660748,0.754894,0.962300
d44f107a-d25d-4766-8452-aef269eb0240,gaussian_blur,s4,2,0.605082,0.735708,0.823008
d4563459-5616-4d82-b744-8b348c8697e4,fog,s4,0,0.730022,0.836558,0.889147
d45797b3-b43a-42a5-9788-694ee8fd4eee,fog,s3,2,0.549431,0.653571,0.869792
d470a361-67fa-4c5c-a7fa-d937de7b4565,shot_noise,s5,5,0.281617,0.366844,0.554180
d474b491-6551-4da1-81c9-58907ddf795f,clean,s5,3,0.775599,0.873195,0.876965
d47a94c2-0e5a-4341-bee7-1e1b2bbb5d65,clean,s5,4,0.876985,0.934443,0.934741
d4808eea-83c8-4732-b4eb-f97f938a1d92,shot_noise,s5,1,0.983503,0.991680,0.992018
d491fa57-3d60-4fa6-8d74-e71c81b8817f,fog,s4,2,0.897047,0.944683,0.964661
d4b4b534-6f6f-4351-a904-260974fac63a,shot_noise,s5,1,0.406761,0.577249,0.580768
d4bc80dd-4445-4ff2-b3bb-151f09c8e9b8,fog,s5,2,0.429567,0.553054,0.708193
d4c3d4a6-f84e-4009-b921-7662abbb495f,shot_noise,s5,4,0.762111,0.864923,0.865551
d4c424cc-6387-4ce2-a457-c38c03d8c561,shot_noise,s5,0,0.271251,0.375823,0.508330
d4cf7008-5ef2-43fc-8af1-4fe021e9631c,clean,s4,2,0.399835,0.444342,0.799669
d4dbd87b-58a9-46ba-aaa9-1a6569b8fb03,clean,s4,4,0.370157,0.521319,0.579995
d4e834e3-b206-4a80-a25e-6c5eb3e99c24,shot_noise,s4,3,0.742166,0.845112,0.896494
d4f30779-8b99-4801-be48-60664bf6c749,shot_noise,s3,2,0.718260,0.817498,0.937589
d5114c87-ea48-41bd-8355-128948f144b7,clean,s5,0,0.983097,0.991474,0.991819
d5124a7f-bfe1-4a80-b075-f3b0bdd2f6f1,shot_noise,s4,5,0.934442,0.965612,0.980609
d5156e52-fa4c-4f61-b836-10046763af8d,gaussian_blur,s3,4,0.862644,0.922898,0.969829
d51b4d47-d119-41b4-abb4-3593b6e98be5,clean,s4,4,0.942251,0.969903,0.982360
d51ca272-17d0-4b09-b319-eac24fe0e0ce,gaussian_blur,s5,3,0.937786,0.967888,0.968080
d51f8438-7399-44e8-ba98-d680a1c5b58f,fog,s5,4,0.794340,0.884598,0.892192
d52e1441-fc98-49e9-87df-4b979f5f0917,fog,s4,1,0.970853,0.985112,0.991879
d534d4ff-d2ba-49c3-8ac4-25337c34ab35,gaussian_blur,s4,3,0.690661,0.808117,0.863483
d5457afe-a340-4bdd-814a-23b309bbf032,shot_noise,s4,3,0.931608,0.963821,0.985940
d54e8854-a7dd-4601-84c7-81bcc643162b,shot_noise,s3,2,0.435039,0.539847,0.750747
d54f05ce-5443-42e3-b2ef-58df7d5eb2b8,fog,s4,1,0.755074,0.858687,0.872901
d54fd9fa-10ca-4ce9-a277-d53edd6ef775,clean,s3,0,0.722633,0.822819,0.930235
d55ab049-f937-43ec-835b-a7b87eff93df,gaussian_blur,s4,2,0.786082,0.870791,0.953285
d5669ff9-af9a-4951-aa2f-3b2f1d9ad7e5,fog,s5,4,0.887544,0.940404,0.940717
d56be056-8893-477c-928c-2c50b92c8af8,clean,s4,1,0.675434,0.796166,0.855893
d582c004-062e-4345-907d-36e7e04cc236,shot_noise,s5,3,0.892043,0.942924,0.943253
d58deb45-a6cc-49d8-a717-df9cb3547447,shot_noise,s5,1,0.744918,0.852409,0.863333
d58e0ec6-f65d-40df-8f61-d2d1118ed256,fog,s4,2,0.846617,0.914828,0.941712
d593c7bb-6e1a-4799-ab8a-d546e7231631,shot_noise,s4,5,0.916016,0.955628,0.968331
d5956363-e284-4dd9-bb60-8ca952333fa0,gaussian_blur,s3,1,0.979248,0.989435,0.997147
d59ca633-9560-4d81-beae-f8909b0aa1fe,clean,s2,0,0.606244,0.687075,0.971472
d59d3a77-7935-4ef8-9236-237e597dc14a,shot_noise,s5,1,0.909029,0.951977,0.960060
d59d707e-d037-4f08-8655-3ec9f4f288e7,clean,s3,5,0.921872,0.958186,0.987141
d5a2d09b-bb5a-4efc-9a7f-6603cb5cc40c,gaussian_blur,s4,5,0.580899,0.685328,0.892424
d5a418b1-19ce-4163-b187-f06c9c2c0c37,gaussian_blur,s5,2,0.901175,0.947800,0.952208
d5b299d6-7b42-46b6-9601-d7d7c4f79e06,shot_noise,s5,3,0.748100,0.855867,0.856133
d5c8abc3-9900-48c5-a928-5cb5496322e6,fog,s5,3,0.854905,0.921704,0.922720
d5e68fd7-1d0a-47b8-aef4-2d18c80a95ca,gaussian_blur,s4,3,0.871289,0.929158,0.960304
d6007541-60be-4e04-b9c4-0d1fb539bd1f,gaussian_blur,s5,1,0.804080,0.889457,0.908997
d60d912c-dbe9-4ed5-a454-65fb3fec2c21,clean,s3,5,0.722633,0.822819,0.930235
d61d5945-6948-4e35-95a2-ef39531c4a14,clean,s3,2,0.921872,0.958186,0.987141
d6266538-f043-4e39-b98e-c1b0edf9a936,fog,s4,2,0.846573,0.913503,0.956324
d62d4da9-95e6-43c1-81ac-9ee76d8efda2,fog,s4,4,0.966938,0.983089,0.989231
d637cbbe-0c9b-4d6a-a406-d926eb9bff22,shot_noise,s3,2,0.958432,0.978399,0.996150
d6380945-6915-4fa0-af84-a3ecbc5dcd3c,fog,s4,2,0.573301,0.679814,0.881739
d63cad87-fda9-429d-843a-4772736d79fe,gaussian_blur,s5,3,0.984927,0.992404,0.992651
d63cf83c-6c42-41c6-8bfd-29c5a1a25daf,fog,s2,2,0.973381,0.986349,0.998384
d642aba6-d43f-41f0-925b-c2119cf02291,gaussian_blur,s2,4,0.887908,0.937146,0.996006
d649409d-f9e6-48b3-b4de-78558eeeb01f,gaussian_blur,s5,5,0.406524,0.577408,0.579584
d64aa9a4-8655-4015-b3e9-6946017a6e02,gaussian_blur,s2,5,0.906436,0.948635,0.995445
d64c4dc2-7c7b-473f-8665-cb8add45a6f9,shot_noise,s5,2,0.964488,0.981920,0.982065
d650d36e-f612-46e9-8b1e-f46e79b98a0c,gaussian_blur,s3,0,0.720789,0.823223,0.919874
d65753cc-313c-4005-97fd-3db67cb1de15,fog,s4,4,0.855336,0.919198,0.957051
d65ad8bc-4837-4df6-bb1b-3a8aaf6e2e1b,shot_noise,s4,2,0.893617,0.942807,0.961531
d66606cf-c884-46e5-bdc1-e2a34cd5eee7,gaussian_blur,s5,1,0.420718,0.591109,0.595081
d6685bfc-264f-4f4d-9712-f46a0ead6aa9,shot_noise,s3,2,0.876336,0.930988,0.979085
d6856261-cf1e-46ba-a618-270ba431545a,gaussian_blur,s5,4,0.854052,0.921187,0.922474
d6944873-46aa-4448-8abe-9812e50a6d89,fog,s5,5,0.920761,0.958589,0.962544
d6945bb0-021f-4172-bd1a-cda729d75837,gaussian_blur,s5,1,0.600600,0.744518,0.773760
d6a167eb-932a-4691-84b2-f8b432ead382,gaussian_blur,s4,0,0.977314,0.988476,0.992901
d6ac5e46-1de8-4485-bbba-ee1b5ad026d5,shot_noise,s3,1,0.671736,0.766407,0.963027
d6ba3302-5f45-4dd3-9aaf-48762b57076e,fog,s4,2,0.621001,0.749005,0.834677
d6d3ac67-76ac-45a8-9c83-1fc1f6d88b69,shot_noise,s5,1,0.843273,0.913846,0.928058
d6e54bf4-208b-4fea-924b-8a849aa77a13,gaussian_blur,s5,5,0.449047,0.598462,0.672880
d6eae399-69bc-4df0-a5fd-c5f3c904d9d9,clean,s5,5,0.478576,0.643054,0.659376
d6eb2e2f-32e8-4431-a461-e6200a1450b8,fog,s4,3,0.800301,0.884356,0.929877
d6f2a726-9567-4e17-a3e8-fff2506021f0,fog,s4,5,0.603779,0.721453,0.866006
d6f737c1-fb83-4506-b0a2-0db543ddccbe,gaussian_blur,s5,1,0.492821,0.655984,0.672667
d6fb8766-bfa4-4920-a1c1-1bafcb148227,shot_noise,s3,0,0.459164,0.478713,0.918327
d70d1a0d-03b8-48b0-ae7b-5770c8df8090,shot_noise,s4,4,0.779894,0.870425,0.921970
d724163c-0389-4b9c-a542-9369052df115,clean,s2,1,0.721386,0.813896,0.968448
d728beb2-dd0b-4d16-b193-dace51f8dc19,fog,s5,5,0.961730,0.980427,0.983771
d7353389-55ec-4d7f-9743-8b3eab6578e0,clean,s3,0,0.659679,0.763048,0.929573
d73698f2-ce96-4b81-b209-8bff05d5341d,clean,s3,2,0.857231,0.917532,0.990982
d73a8fb5-8ebb-4d35-9815-14356274b1d8,clean,s4,4,0.904298,0.948448,0.974895
d75773a6-74c8-4f26-ab98-725f4baac589,fog,s5,0,0.223472,0.313817,0.440348
d7577a38-70ff-4a81-bfdb-a8b0f0c34029,gaussian_blur,s4,2,0.851636,0.917888,0.944059
d75dc27a-bd09-4439-951d-fdbca141ca99,fog,s5,2,0.812319,0.896355,0.897273
d766ade2-1a02-48a2-9488-286fc4195977,clean,s3,4,0.968420,0.983790,0.994257
d7680a04-cb98-43de-bd4c-c238da0e7371,gaussian_blur,s5,5,0.576303,0.729440,0.737744
d76ef134-6c7a-4264-9d38-e370be1426ad,gaussian_blur,s5,1,0.887123,0.940174,0.940379
d776fd34-1383-4add-98e7-455578312927,shot_noise,s4,2,0.469758,0.595289,0.747808
d777a13c-b290-4bb5-9faf-ae05e45bf506,shot_noise,s4,1,0.977693,0.988672,0.993027
d7880187-ec1b-4bf5-abed-c32f3d6328ae,fog,s5,3,0.902416,0.947872,0.964693
d78a6f92-6431-417b-a913-f73e58e92cf7,gaussian_blur,s5,5,0.208459,0.298929,0.410715
d78ce4c1-9a78-4f63-a95e-676dfd447314,shot_noise,s4,3,0.456837,0.522517,0.846324
d78e06a8-061b-4107-a6a9-89750109fd47,clean,s4,4,0.621295,0.733291,0.890627
d78fef04-4023-475d-b5b4-ee2d890bf57b,shot_noise,s3,2,0.927552,0.961221,0.993190
d79a164b-5b5d-4fd8-a15c-d98069b0d334,shot_noise,s4,5,0.603869,0.741727,0.796721
d7a0b9f7-44ae-4543-a3ae-7dd479338c11,clean,s5,5,0.963798,0.981556,0.982080
d7afaff1-3df2-4463-bdb3-94cb92b8ff74,gaussian_blur,s5,3,0.970838,0.985203,0.985211
d7bbfee0-1f0b-4e7d-a528-38cd3f8fdad7,gaussian_blur,s3,5,0.661000,0.774972,0.888937
d7bccab4-8753-4de0-b868-a7e56e6cf8ed,fog,s4,1,0.371965,0.537881,0.551661
d7bf98ef-c2dd-4584-aa11-a965b49b1050,shot_noise,s5,5,0.558205,0.715717,0.719126
d7c52a72-e6f1-463a-b51f-142c2efc2d8e,shot_noise,s3,1,0.668915,0.774864,0.920445
d7cb9f81-cc1f-4908-8f8e-9475dcf752a9,fog,s5,4,0.480803,0.635136,0.688426
d7cc3b4a-6279-4535-854e-7e6696f2039a,shot_noise,s4,2,0.977289,0.988490,0.990594
d7ec0717-4ebb-4624-b1ef-8b141ca3f3c5,shot_noise,s5,5,0.360724,0.518837,0.553797
d7ef59b5-ee1f-4cf4-ad8e-bdd67889f3c6,gaussian_blur,s5,4,0.429369,0.592094,0.622078
d7fcc99e-8630-4430-a6d9-62ec369f4194,gaussian_blur,s4,3,0.610465,0.746082,0.805541
d80c3e2e-fe5d-40be-83df-ad3b1157b651,fog,s4,1,0.893883,0.943225,0.957067
d82192dc-f192-4ea6-903d-fa62af3f997c,shot_noise,s2,1,0.613386,0.696438,0.970981
d8300b78-0e2e-44a0-a279-9423330ef808,gaussian_blur,s5,1,0.762880,0.864314,0.874181
d833eb29-987c-43aa-9b25-9e63316ca7bc,clean,s4,0,0.945967,0.972027,0.979616
d841e428-c9b6-415e-832e-b9add53b07f7,fog,s4,3,0.961431,0.980264,0.983996
d843aa11-f1f8-4e76-8550-2ba800f4ceb1,shot_noise,s5,0,0.938237,0.968060,0.970453
d846fee3-0cf5-4a51-b569-ce34ced8d87b,fog,s3,4,0.914944,0.954191,0.985979
d852044b-a43e-4c17-bb09-35b17ec4cd05,gaussian_blur,s5,2,0.896007,0.944949,0.948829
d8525e71-345e-4efe-bbfb-b10b2040d881,clean,s5,4,0.882655,0.937521,0.940066
d854c530-7ba1-414f-86aa-ce775275a5e4,fog,s4,1,0.860782,0.923445,0.947893
d865d373-7870-47f0-835e-798f3b1a19a6,shot_noise,s3,4,0.683517,0.792688,0.905216
d86defe6-0691-4099-bf03-0e90a7972ad9,clean,s5,2,0.975313,0.987478,0.989408
d878f4ad-9d91-48b7-ab56-7bcaf5d544fa,clean,s4,3,0.361702,0.459950,0.663275
d87ff2af-91eb-4910-8ecf-7dd73548f591,clean,s5,5,0.574061,0.725132,0.744934
d88b0a09-59e6-4571-b76b-3cfaccad1d73,clean,s4,0,0.201372,0.332785,0.338912
d88be6c4-935b-4c80-b16d-b9c0083f351c,clean,s2,0,0.700064,0.794986,0.963018
d8b28bbf-bfb4-40ab-809e-e87d4536de10,shot_noise,s4,3,0.730493,0.836836,0.889760
d8b6a12f-adff-41fd-8c8d-6651b1efbc98,gaussian_blur,s5,0,0.739600,0.848868,0.859857
d8c780ae-80a0-4636-8641-9c1f692b0c10,fog,s4,5,0.931908,0.964177,0.980875
d8c7d26c-0d8a-4d7d-8af6-e297e7b5d497,shot_noise,s5,5,0.745613,0.854111,0.855371
d8d80491-3c31-4bc4-8520-1d4590b043fa,shot_noise,s3,5,0.347199,0.485624,0.573399
d8e351b0-ff48-4d44-bd4f-29d349864f0b,clean,s4,1,0.488015,0.614317,0.763813
d8ebfbdf-b875-49f1-9f92-35dd044fe5f4,fog,s5,5,0.806496,0.891935,0.901664
d8f38253-ddc2-494e-a2b1-1ad2c7ddc28c,clean,s3,2,0.866658,0.925406,0.970939
d8f472cb-09af-4ec8-97bd-23bc58e5b46c,fog,s4,1,0.931666,0.964093,0.979419
d8fb34ed-057f-44dd-9da3-7767d1400e07,shot_noise,s3,0,0.681456,0.791088,0.903739
d900abbc-5253-4b44-ab0c-da8c497c81c1,fog,s2,0,0.700064,0.794986,0.963018
d90a28c1-0a80-4596-be6a-b8c315573c7f,shot_noise,s3,2,0.922310,0.958436,0.987232
d918b00d-e2cb-4bdd-8b96-ef766fc41920,fog,s5,5,0.874595,0.932821,0.937296
d920909b-8355-42ef-b441-5747cb977a58,fog,s5,1,0.940579,0.969345,0.970515
d9365238-332d-4820-a20e-1218bceea286,shot_noise,s5,0,0.650540,0.788229,0.788496
d9458d38-4855-4784-85cb-a2e9befebb1c,fog,s4,1,0.614070,0.744239,0.826027
d945a0f1-42d9-4c3c-8033-f57eafceb84b,fog,s5,5,0.728817,0.842963,0.844264
d94eb852-7c75-4f6b-8751-b0031b200d7a,fog,s5,4,0.960535,0.979852,0.980779
d95b557c-f97f-4b10-ac1f-cfa5bf4fe856,gaussian_blur,s3,5,0.853311,0.914901,0.990759
d95e2cbe-fcfc-4417-ab4c-23515b15d13b,clean,s5,0,0.888530,0.940197,0.953979
d973401e-7831-460c-99dd-c45c16e0e227,shot_noise,s4,2,0.976841,0.988259,0.990462
d977c60e-7cc1-4739-9ee6-ab46b85a6a34,fog,s4,3,0.977809,0.988754,0.991104
d983ef8a-cc86-414f-aab8-db372dafec41,fog,s3,1,0.854640,0.915797,0.990813
d986ecf2-0fe0-4154-8c4d-66ab2823e599,gaussian_blur,s5,2,0.959088,0.979045,0.982553
d98d7fdb-fd33-4187-a134-253985071f24,fog,s4,3,0.837842,0.908604,0.946379
d99594c3-e459-48e7-8195-b0a1eb16ccd5,fog,s4,0,0.831421,0.904875,0.940293
d9980f3b-d0ec-48d2-a1a6-dfac4a3df9e8,gaussian_blur,s5,5,0.895663,0.944777,0.948278
d9a1026b-50e0-48a3-90f2-446ad866963d,clean,s5,5,0.543683,0.688520,0.755371
d9a255ce-2a16-4ba2-8e9a-3bf6f658ab30,shot_noise,s4,0,0.672813,0.793377,0.857802
d9ae9411-5da8-4dc4-8e79-9556de0bc3da,shot_noise,s5,0,0.538596,0.697732,0.707994
d9af7ae7-a062-46e2-b8d7-73e768bceb0e,shot_noise,s3,1,0.419226,0.526486,0.726565
d9ba64d9-5c57-41ac-b50c-f614b9c94f99,fog,s4,4,0.901949,0.947565,0.965265
d9bd5cb9-4d27-4a55-9d59-892ca606583a,clean,s4,0,0.508218,0.665570,0.698933
d9cfa75a-4f04-4c5f-9ebf-f2ca1beef375,clean,s5,3,0.904261,0.949364,0.956819
d9d7e5ba-9a4d-4659-a12f-78c9d476c1a8,clean,s5,1,0.408506,0.578970,0.582635
d9d9357b-6603-45d0-a567-77228d927749,shot_noise,s2,5,0.909164,0.950232,0.996411
d9e6f677-c06e-4709-8f61-0bd0126c4601,fog,s5,4,0.482877,0.636399,0.692171
d9f28492-1e22-4030-9091-75a9b8cf74c4,fog,s4,0,0.817748,0.894434,0.949979
da24b224-934b-4b37-a9c6-9da754498149,clean,s5,5,0.852819,0.919447,0.934421
da299ae9-a8f0-45c0-bde7-c23105826ca9,shot_noise,s5,3,0.711137,0.831060,0.831934
da2fab81-459d-4cec-82a2-9a7246245c6f,shot_noise,s3,0,0.548330,0.654108,0.864917
da3c5f75-42fb-4b32-a3b7-b2e68fa921e4,fog,s4,0,0.708301,0.810918,0.926176
da439d90-6b07-4ef9-8a22-4e97f41550f5,shot_noise,s4,1,0.906092,0.950297,0.959493
da450ee7-8b7c-485c-a0bd-b833b408e4ec,gaussian_blur,s5,2,0.479280,0.633042,0.688729
da4c8e1b-9a70-4757-8d0e-30906dfe7651,shot_noise,s4,5,0.740635,0.844158,0.894856
da4d4dbe-f1d8-44ec-a9b5-f5ab8cd11198,gaussian_blur,s4,4,0.872283,0.930414,0.951493
da5ecabf-0fad-456c-9cf2-f5952393cbbe,gaussian_blur,s5,3,0.794312,0.885357,0.885456
da674b2e-d7e4-450d-8e7c-45c86fb622eb,shot_noise,s5,3,0.740272,0.850648,0.851464
da754713-704e-41a6-893f-bd2a0a837361,shot_noise,s4,5,0.955686,0.977032,0.990789
da7a163f-5a68-4b51-9c15-cbfffb1e9ea6,shot_noise,s4,3,0.960606,0.979832,0.983633
da90008d-09fa-4b79-b648-507435d61edf,fog,s4,0,0.930964,0.963859,0.975013
da962739-1ded-47fd-beb3-28fbedaa6391,fog,s4,4,0.682739,0.791530,0.907069
da985f6b-505f-4630-86ef-dd8a2cf2c6cf,shot_noise,s5,3,0.864689,0.927134,0.931573
daae56b3-591f-48bd-98ed-d31b1d10b1ce,fog,s5,0,0.888530,0.940197,0.953979
dab1292b-2eda-4c9d-899e-dbffbcf259de,gaussian_blur,s5,0,0.852819,0.919447,0.934421
dabb007c-c237-40e5-863f-64c2801f949a,clean,s5,3,0.612065,0.753181,0.784372
dacf4230-d9b5-44cf-a96d-e2edfaf1c70c,clean,s5,2,0.891202,0.942408,0.943568
dae2ca0d-74a2-431b-bf1e-67eb5f46fcb8,fog,s4,5,0.834308,0.905355,0.955269
daf90242-5e33-4416-96ea-f51d7541a7f3,clean,s5,0,0.514731,0.663495,0.727595
db032c4a-a10d-488e-ac1d-12533ebfd253,shot_noise,s5,2,0.807012,0.893162,0.893563
db1bd784-8b55-46a6-b489-9994a359d0cc,shot_noise,s4,5,0.754907,0.849591,0.931795
db1c4f5e-1fd3-451c-9b09-2ed80c5dd97b,gaussian_blur,s5,2,0.270350,0.360879,0.526944
db2f14c6-3a1c-4295-b502-7a22992241db,shot_noise,s4,0,0.660697,0.783908,0.850192
db3020e0-8631-42e8-bacb-7efeb3522031,clean,s4,1,0.621295,0.733291,0.890627
db3e66b3-d34f-4b5a-84e6-2dbcc3de2b07,gaussian_blur,s5,1,0.972456,0.986029,0.986493
db5a095b-5a84-480c-a625-f4de32eaf840,clean,s5,4,0.860861,0.925001,0.928265
db6943f3-3aea-4002-af1e-0b8ef050a722,fog,s4,2,0.899059,0.946376,0.955614
db6d4a37-2eba-4629-93b0-8ba13a7a221c,shot_noise,s3,4,0.978009,0.988773,0.998559
db7ca002-8010-4cbe-af8d-1a18e108643f,fog,s4,5,0.792062,0.876500,0.944432
db841cc8-8874-4ed6-bf4e-dc49768ec803,gaussian_blur,s4,1,0.866208,0.926705,0.950187
dba37ad7-c55c-4a86-821d-ae30fcc747f6,fog,s4,4,0.851208,0.916900,0.952411
dbacb4e2-dd85-4a67-a164-74356cfbdb6e,fog,s4,4,0.974466,0.987037,0.989459
dbaf32c9-5b7f-4a39-922e-cc18c50b3af0,clean,s5,4,0.865135,0.926928,0.938144
dbb4cd3a-c9a8-4bd4-a726-e5175c5edafc,shot_noise,s5,3,0.874064,0.932518,0.936987
dbb9d223-cab5-4358-b557-c9e8ae493352,fog,s4,1,0.851875,0.916957,0.956816
dbc02bf4-99ed-4fa8-aaf8-11f2c64d672e,fog,s4,1,0.423459,0.587903,0.612123
dbcae2f6-7d26-489e-9246-5d3245acb474,gaussian_blur,s4,3,0.936680,0.966624,0.987705
dbce27bd-3965-4b7a-be14-6ec561c47b3d,clean,s4,3,0.940507,0.968745,0.988434
dbd848c3-eba7-44ac-8072-fc9da4536fbe,gaussian_blur,s3,2,0.821712,0.895271,0.967637
dbe1d085-6338-4bc3-a8e9-b2fd41ab7442,fog,s4,0,0.730823,0.829529,0.932187
dbf5908b-9083-4670-b7a0-65158dcc13f0,clean,s5,5,0.517671,0.591824,0.903586
dbfa9718-f1a3-42bb-8bf4-348b9868ee75,clean,s5,4,0.785039,0.878727,0.886581
dc0844f1-bccf-48b4-982d-a035af7d64cb,fog,s5,1,0.265254,0.352856,0.521947
dc092838-9a55-46ff-8749-e5455cb61668,gaussian_blur,s4,1,0.477758,0.617398,0.722921
dc140c53-fef9-48c5-8740-5d5272448642,clean,s4,1,0.596361,0.716639,0.854827
dc1f7801-80de-4855-93a7-584befcaa0ef,gaussian_blur,s4,4,0.936321,0.966425,0.987633
dc2b876c-d0d0-46db-ade8-d6eed5417d1a,shot_noise,s3,0,0.857231,0.917532,0.990982
dc2c0227-b26d-4bf2-bc33-4cec3d6557a7,gaussian_blur,s3,0,0.459164,0.478713,0.918327
dc2c9b94-ce16-4cdc-9fd5-a203cef606cd,shot_noise,s5,1,0.798592,0.887958,0.888561
dc2cd458-20a2-4498-936d-e8f6798cb7fe,shot_noise,s4,0,0.867557,0.926879,0.959219
dc31bab4-ac8d-43a1-8194-8d029a37761c,clean,s4,1,0.362597,0.420599,0.724853
dc425960-63e5-450c-b78f-1b83d7488d5b,gaussian_blur,s4,2,0.902033,0.946914,0.978239
dc4d67ff-5b50-4b39-888a-723cea9f35b4,fog,s5,2,0.261867,0.356280,0.506341
dc5ea5f6-8d9e-4237-85f0-069dd2efb24a,shot_noise,s5,2,0.780741,0.876513,0.879776
dc62f926-fa10-4c18-b3c2-2abe8e1f95f5,gaussian_blur,s4,5,0.859568,0.921378,0.963952
dc64cb7c-45aa-4acf-9365-05597fb6e481,fog,s5,2,0.871580,0.930834,0.939335
dc6fa3c0-9a0d-488a-975f-80b4e048f4cc,clean,s4,5,0.767859,0.858880,0.938187
dc7e33c7-5e3b-4eff-a98f-eca57feaed41,gaussian_blur,s5,1,0.763573,0.865858,0.866539
dc82cd41-129d-4713-9ec4-0266c43920b2,clean,s5,3,0.863929,0.926600,0.932408
dca80217-63aa-4988-b561-4aece6554c49,shot_noise,s5,4,0.264625,0.415381,0.423845
dcb16cbf-8b82-4b58-a6ac-19aef2dc116a,shot_noise,s4,2,0.512100,0.668894,0.702832
dcb5814c-2112-4e0d-b018-efb4aee656a1,clean,s5,3,0.896991,0.945281,0.953333
dcb97696-ee13-4cde-ba2f-7d9c411bda65,fog,s4,3,0.220973,0.355571,0.371879
dcbf4446-4449-4c04-b1b1-de480a6fafc5,shot_noise,s4,5,0.499524,0.659209,0.686886
dcca13dd-7de9-46c6-95d2-d962d3c3f8d0,fog,s4,3,0.503326,0.613170,0.815539
dcca811e-3756-4d9f-b59e-6cc39c98e812,gaussian_blur,s5,1,0.987324,0.993620,0.993829
dccc8a68-f586-4527-b52c-142a42f3076b,clean,s3,0,0.601819,0.699927,0.923019
dcccbbda-33cf-47f7-bab8-99bf84ad2122,shot_noise,s4,3,0.740507,0.836525,0.938901
dcdad39b-b489-429f-ae21-13067d87c284,gaussian_blur,s5,1,0.364169,0.522201,0.558405
dcebc5a1-39ca-411b-8d08-c599e290ece0,shot_noise,s4,5,0.877737,0.933724,0.952444
dcf20027-2b5b-4687-94f7-d10caaf7cbdd,gaussian_blur,s4,5,0.516920,0.630711,0.819176
dcfa1c61-dfaa-4f7c-a243-cc6fe978bb68,shot_noise,s4,4,0.833940,0.906417,0.941888
dcfa1d11-cac3-449b-8506-150534470f98,gaussian_blur,s3,4,0.318705,0.456933,0.532026
dcfbb084-a8ff-423a-b7f6-d553da5ffb44,fog,s4,3,0.898299,0.944717,0.977321
dd0011af-66f2-4eab-b69e-730961f44fbd,gaussian_blur,s4,2,0.933042,0.964931,0.977632
dd0a32a0-18d2-4f04-a53b-ea0645146400,clean,s5,3,0.713857,0.829016,0.856587
dd21af88-bea7-4766-86f5-c79049871eaf,gaussian_blur,s5,2,0.497748,0.660645,0.676498
dd2457e4-381e-4397-bd97-e9bfe02f3f5f,gaussian_blur,s4,1,0.914331,0.954798,0.965207
dd250766-a70b-4410-a612-aaae6de362b7,clean,s4,3,0.959857,0.979368,0.986747
dd259534-b201-43ac-84aa-823d47d8fed0,shot_noise,s4,2,0.701709,0.813486,0.884896
dd290679-787c-452a-9969-fce097dbee9c,gaussian_blur,s3,2,0.976377,0.987922,0.998444
dd30ebc6-b43f-4f30-a56d-5ff00d0cf3e6,gaussian_blur,s4,0,0.771392,0.864227,0.920416
dd4ceeb8-3347-40cd-8669-69102a03bf8b,shot_noise,s5,1,0.311179,0.423539,0.563328
dd4fe3bd-5330-4a54-93bd-f2f0c4c9e04f,clean,s4,4,0.600010,0.721969,0.850856
dd5176d3-2400-4e84-8d07-19930b8a3da5,shot_noise,s5,2,0.854917,0.921600,0.924144
dd604d15-7bc8-4828-8016-48337e9c8937,gaussian_blur,s5,4,0.869438,0.929844,0.934663
dd770d06-877e-41e0-bcef-89836962fd8e,clean,s3,4,0.925907,0.960327,0.991792
dd9259da-45df-4d12-9599-f89d8612ecd0,fog,s4,5,0.860915,0.923428,0.949182
dda1d535-b207-400d-b958-752e3c206a39,clean,s5,0,0.934769,0.966272,0.966683
ddbdad8d-f4ac-4c8f-9ff4-84ef74781e60,gaussian_blur,s5,1,0.884461,0.938670,0.938992
ddc289b8-3d62-430c-a2ec-3bdb0dcda7c9,shot_noise,s5,4,0.791726,0.883421,0.886645
ddc3adb6-266a-4ea8-b3c3-494d04ee920d,shot_noise,s5,1,0.343292,0.427792,0.656747
dde7723c-a133-4725-85e6-0e66e4d5a7ae,gaussian_blur,s5,1,0.794799,0.885642,0.885910
dde8b5af-ce9f-4d7b-be73-369a56e3dc8d,fog,s4,4,0.769905,0.865100,0.906293
ddeb56ee-3a36-45b3-9277-dd753e152c54,shot_noise,s5,2,0.967202,0.983327,0.983339
de0b02c3-ac92-45e3-816a-b953eada4241,shot_noise,s4,5,0.978269,0.988969,0.993212
de1ecffd-8d89-4ac0-bc21-bd2082bd5ca3,gaussian_blur,s5,5,0.977506,0.988620,0.989078
de294043-7d25-4437-8eb7-79448cc6e195,clean,s4,1,0.833588,0.903652,0.967269
de3f3c92-f9ad-427e-b53d-eb31ded455c1,clean,s3,5,0.857231,0.917532,0.990982
de440a9f-ed15-4016-b285-a5d5a51956f5,gaussian_blur,s3,1,0.770881,0.857459,0.962939
de4ebe76-b757-45f7-87f4-1a982e27a977,fog,s4,0,0.948754,0.973297,0.988920
de54d3ee-1c4f-492a-862b-5c916a33c1ea,gaussian_blur,s5,2,0.803566,0.891080,0.891136
de8da33b-6222-4eab-9b75-45d8c4f9d5d9,fog,s5,1,0.441401,0.605464,0.630197
de8e1265-c675-4e04-be38-ad49e7fd0622,gaussian_blur,s4,0,0.810709,0.892822,0.920075
dea4c73d-1ab3-4cd2-910d-4f29a5e87a62,fog,s4,5,0.793710,0.880953,0.918928
dea70b65-b3d0-4c6b-9b7d-dcbff5ef4b27,clean,s3,3,0.677765,0.782565,0.924629
dea7b47f-11ff-443a-a92f-c411dbd960f7,clean,s4,4,0.898130,0.944888,0.972517
deac5041-5dc8-44d2-ba28-cf7cdb084b17,gaussian_blur,s3,2,0.575675,0.693166,0.853039
deb106b0-49d1-47fd-afaf-357bd3ebec49,gaussian_blur,s5,2,0.963643,0.981482,0.981632
deb28d4c-c944-4e79-81ba-ef27687b01e0,fog,s4,0,0.959857,0.979368,0.986747
deb4860e-23af-4aeb-b1e0-4e460fb1544e,fog,s4,1,0.959673,0.979269,0.986784
deb52bb8-9195-4066-9c61-c543fc82137a,clean,s5,1,0.713857,0.829016,0.856587
dec30f43-bb83-44cd-b15b-b8425d333c0d,clean,s5,2,0.478576,0.643054,0.659376
dec8c326-c7a3-41e3-a9bc-3a6e1ec0e5bf,shot_noise,s4,1,0.912839,0.953355,0.977556
ded053b8-fddb-46ed-86bf-f31ca3724582,gaussian_blur,s4,5,0.686661,0.794801,0.908889
ded657c8-1a1b-46df-b5a7-fbeef7422f74,gaussian_blur,s3,1,0.563765,0.680499,0.847910
ded6a922-2c11-4a2b-9488-95e50da4474a,gaussian_blur,s3,4,0.755640,0.843043,0.974037
ded8dce1-92e3-415a-83e7-3a53e1e76bb4,clean,s4,2,0.917279,0.956553,0.963807
deddc0ed-ec3a-441e-9ead-872fe46d83d1,clean,s3,0,0.716648,0.811812,0.957829
dee0f9e0-772d-4cf9-97dc-af8500e1738f,fog,s5,5,0.770281,0.869895,0.872855
dee73e29-0421-4881-b76d-6a36917a32eb,gaussian_blur,s4,4,0.906309,0.949749,0.972817
def1225d-0657-4ff2-a6ac-0492f2a6387b,gaussian_blur,s4,0,0.399835,0.444342,0.799669
df05e5d7-6fbb-40c9-86a8-eb6d20f01c98,gaussian_blur,s5,1,0.704320,0.821969,0.852027
df0f7463-7fbc-4166-84d3-92401f6ee423,clean,s2,5,0.894593,0.941320,0.996251
df10c9e8-83b6-42b8-a369-4f12ecc223e6,clean,s5,3,0.890595,0.942117,0.942394
df1319e0-6061-4fe9-a59f-b6324e3d26e2,clean,s5,3,0.828777,0.905718,0.913317
df18f7e3-24ae-455a-b04c-7e00ef80cad0,gaussian_blur,s4,0,0.902228,0.947741,0.965063
df1f8f03-74b3-4e86-9dfd-677bdf213416,gaussian_blur,s2,2,0.720151,0.812821,0.968149
df22bc9d-0130-4842-96a6-d14e04be25b6,shot_noise,s3,5,0.770790,0.855175,0.976795
df24f5f2-b096-4434-b71f-24ed571a3b69,clean,s3,2,0.720789,0.823223,0.919874
df28075e-c030-4d87-b715-4fe112abb1fc,fog,s5,5,0.634253,0.769337,0.805952
df2d6564-0dc8-4464-9503-ea08b0376b1f,shot_noise,s5,2,0.709070,0.826269,0.849941
df420f7e-14e5-4c6a-8f0b-52d24ad3648d,clean,s5,2,0.408506,0.578970,0.582635
df42dbe4-bf98-4c63-8969-fdd3d8941ba0,shot_noise,s5,3,0.914907,0.955556,0.955718
df5908b1-53bf-4542-8248-8d51892e0a65,fog,s5,1,0.847992,0.917660,0.918763
df5d4569-e995-4325-a0ce-2be5d755abfc,gaussian_blur,s4,5,0.910020,0.951876,0.973970
df91e536-0351-49be-957b-0e3a434e7be0,fog,s4,1,0.807144,0.890341,0.920096
dfac383e-a24d-4fcd-80da-fdc8916ceeab,gaussian_blur,s4,4,0.513535,0.619165,0.834629
dfaeb5cd-1fd3-455f-bd2f-58c54803bf98,fog,s5,4,0.850845,0.919402,0.919550
dfb6bff1-b6f1-49e2-ad60-0dba0c95dc0c,gaussian_blur,s4,3,0.899840,0.945629,0.977639
dfc50387-9093-4f1e-a333-bf6e25c515a3,gaussian_blur,s5,3,0.757572,0.860689,0.871953
dfe1f2dd-9046-4fa5-9eb3-c2f9d124363e,fog,s4,0,0.904298,0.948448,0.974895
dffb90b3-283a-49e9-b552-82b7355114a8,shot_noise,s4,2,0.978386,0.989029,0.993248
e01e0b09-af55-4d1c-b6d9-f71b9cfc65db,fog,s4,2,0.953809,0.976157,0.984821
e02da075-8054-46f7-8f0b-5764898aef2e,gaussian_blur,s2,0,0.956446,0.977288,0.997556
e031a591-2479-4cd0-b2a4-f85af40f3a6a,clean,s4,4,0.899895,0.946706,0.958655
e03724ce-8447-4dd2-b1d7-e618a8b54dc9,clean,s5,2,0.901453,0.947752,0.956234
e0520068-9de0-413a-bc5f-8f731d6600d8,shot_noise,s5,0,0.828777,0.905718,0.913317
e052046e-9d10-4008-b4b0-4a80831f2033,clean,s5,5,0.896095,0.944965,0.949488
e058460b-7e54-451a-96f5-05ae7154c7ed,gaussian_blur,s5,5,0.644566,0.783022,0.787802
e06c7905-f4f0-4fa3-a35e-040e840f2d9f,fog,s4,3,0.429969,0.468806,0.850925
e075f688-293c-4e03-9280-0a14ea0d54c4,clean,s5,0,0.902726,0.948859,0.949211
e07a2eba-19bb-4b1b-9ffa-ef05a34ba40f,shot_noise,s4,4,0.434920,0.486876,0.838727
e08a956a-8692-4e4e-9c36-29f279ee68ec,shot_noise,s5,0,0.958936,0.978965,0.982492
e0945a4f-d440-4d41-9a64-d21a0384c12e,fog,s5,0,0.386394,0.526655,0.622380
e0a50b3c-5c4d-4396-8a8a-c13899b4d15f,clean,s3,3,0.665778,0.760256,0.962468
e0b129df-56f8-4ca1-afef-6add58b022a6,clean,s4,0,0.600010,0.721969,0.850856
e0bd7159-236c-4590-aea7-b5d526de8586,fog,s5,1,0.926507,0.961375,0.974181
e0d1b0ae-a55c-44db-82ce-0c957cec4654,clean,s5,2,0.967115,0.983236,0.986069
e0d1d64d-3483-4739-aed8-3c936ef33e3e,gaussian_blur,s4,1,0.646418,0.772199,0.842496
e0f13b47-76b9-45ec-be1c-809ae490f7ec,fog,s4,1,0.959114,0.979049,0.983020
e0f41567-5a9b-4ce8-a2d7-7214afcaf077,clean,s4,1,0.867557,0.926879,0.959219
e0f8d1e2-09b6-4925-a2ed-0f529563717d,shot_noise,s4,3,0.732121,0.835503,0.905183
e0fe3844-ffa5-4c19-a4a8-e2c5dc86352b,gaussian_blur,s3,1,0.705961,0.802584,0.954560
e101e80a-79bc-47fa-ba11-df9dad769519,shot_noise,s2,5,0.888511,0.937700,0.993375
e10844f3-08d2-44da-a1fc-0d9bdd7c0129,fog,s4,2,0.716940,0.815034,0.943820
e1181d38-58ce-4b03-b4ce-f92f973942a6,clean,s5,1,0.933832,0.965661,0.969360
e11cb82f-aa28-42df-a409-20369b40f06d,shot_noise,s4,5,0.782621,0.871458,0.929392
e11d3929-2916-4504-a276-e8d094a0da87,clean,s5,5,0.987224,0.993570,0.993781
e145088f-de1b-4ccb-860c-284a68440560,shot_noise,s4,1,0.898855,0.945810,0.963774
e14d7b5a-39f5-434e-8ab2-4f28746ce627,fog,s5,0,0.937190,0.967315,0.975595
e152407a-4b62-483a-adc4-af197441a7db,shot_noise,s4,5,0.972595,0.986019,0.992370
e1598af6-150a-434d-88dc-29c77b204dda,gaussian_blur,s3,0,0.934580,0.965398,0.988907
e1671b30-5c3b-4458-96cb-47c83ad83592,shot_noise,s3,3,0.940053,0.968445,0.989872
e17f75a0-c729-4e0b-b320-42c81c7b0fa2,gaussian_blur,s2,5,0.973381,0.986349,0.998384
e18968f0-325b-497c-8541-1c472cbacb07,gaussian_blur,s4,5,0.852563,0.917385,0.957088
e1a4a1fb-af3e-4c79-a581-4f167970d4fb,gaussian_blur,s5,5,0.800854,0.889394,0.889615
e1acb64c-9636-4fdf-8516-98d8da5e267b,fog,s4,3,0.976457,0.988034,0.992621
e1b11df3-ab5e-4ecb-b054-8dc167d11304,gaussian_blur,s3,3,0.719092,0.813987,0.958133
e1b2a7e4-701d-4da8-b371-7bba41efa68a,gaussian_blur,s2,3,0.722647,0.815062,0.968413
e1bcc4aa-5333-46bd-b097-cc3107f70e40,fog,s5,0,0.650540,0.788229,0.788496
e1c16bf4-225d-4bf2-8a3a-38c8b8aacda1,fog,s5,0,0.766929,0.867842,0.869984
e1c64344-fdd7-4466-bc4e-0770bfee7c37,gaussian_blur,s5,5,0.433055,0.557573,0.710175
e20a222b-aed3-4287-a856-cea07573379f,clean,s3,0,0.925907,0.960327,0.991792
e20a4ddb-572b-429f-8e4a-45ebe9c2cc12,shot_noise,s5,0,0.888530,0.940197,0.953979
e2173eaf-ea60-492f-9d22-50b9d6e7e271,gaussian_blur,s2,1,0.910210,0.950870,0.996246
e218aa8e-35f3-4441-8431-3c77aca73b1b,gaussian_blur,s5,1,0.412389,0.583109,0.586000
e219ec75-e7fe-4aca-b2a4-d3368a1e7b4a,gaussian_blur,s4,2,0.955461,0.976917,0.990495
e2361733-e1a6-4b4e-9cf5-bb25f32ac3c3,gaussian_blur,s4,1,0.897588,0.944559,0.972567
e248a3ac-54c5-4be5-85ff-0a38c7e06081,clean,s4,1,0.876333,0.932183,0.962229
e2556732-12a1-48de-a524-b72ce9e1a041,fog,s5,5,0.763340,0.863141,0.885135
e25adf1e-a6c1-4903-8961-8ce050bf83e8,clean,s4,5,0.700933,0.813174,0.883060
e25dd29f-f39d-44e2-9eb2-932d395471ae,fog,s5,1,0.561333,0.717453,0.724672
e26a296e-ef06-4604-bf39-e7147038f59c,gaussian_blur,s5,4,0.914341,0.955250,0.955339
e27901a0-aef6-4941-9194-ded7d8fcf312,fog,s4,5,0.932721,0.964750,0.977643
e2820243-4036-41c7-b812-b2c5b61ad850,fog,s4,5,0.491539,0.625331,0.749241
e29af4c3-2987-421e-992a-a43e3b9e0f5a,fog,s4,4,0.737284,0.843080,0.885088
e2a599a4-6707-4bdd-a534-91037eef3498,gaussian_blur,s4,2,0.979234,0.989486,0.991563
e2b2d238-0afe-4ca0-8622-d228759fafa3,gaussian_blur,s5,3,0.829487,0.906008,0.915200
e2d71ef8-4466-417d-9cbf-5e03dc79185e,gaussian_blur,s4,2,0.783199,0.871849,0.929696
e2d784d9-b4e5-416d-8ddd-d2764ebfa2b5,shot_noise,s5,5,0.799023,0.888270,0.888423
e2da6e11-7069-4174-9acd-a2bf2b8e904f,shot_noise,s5,2,0.483600,0.647450,0.664629
e2db2b1f-7f01-43d1-b1ed-3ded324bb8e7,clean,s5,3,0.865135,0.926928,0.938144
e2e1dadd-6858-479d-af31-4057e0769841,gaussian_blur,s4,1,0.796152,0.883256,0.914368
e2ece6ed-39a1-41d8-86e1-2354299bc04c,clean,s5,5,0.933832,0.965661,0.969360
e2eda6a8-0e98-477d-8bc5-463cba1f5a58,gaussian_blur,s1,3,0.353168,0.413949,0.706336
e2fbdd8e-3206-4950-9c4f-4c4cf34a9fcb,fog,s5,4,0.746632,0.852076,0.874292
e2fc1d25-e55e-4ce9-a02c-9abb9ef67680,gaussian_blur,s4,0,0.905685,0.950063,0.959440
e3147fe5-340b-403d-9ac6-2841cdca8969,gaussian_blur,s5,5,0.270123,0.361113,0.525893
e31a11fc-839e-4fae-952a-f272aaf00315,gaussian_blur,s4,1,0.667659,0.791649,0.844222
e31a8d04-8356-4a34-a66c-1a74ea4481bb,fog,s4,1,0.868093,0.927924,0.949728
e32598aa-7502-4ade-bbb4-ebb5520639ca,clean,s2,4,0.721386,0.813896,0.968448
e331ea25-8a51-45f4-85aa-4322b00a203d,gaussian_blur,s5,1,0.490211,0.643921,0.697189
e33ac5f7-30e1-474f-b78d-9387730bcf6c,clean,s4,4,0.672813,0.793377,0.857802
e33c6a55-5c79-47a5-a2d0-21fbd9b3665a,gaussian_blur,s2,0,0.909917,0.950725,0.995627
e3470dfa-ff82-4059-a9aa-eb2837d99d49,shot_noise,s3,5,0.585047,0.690096,0.893456
e35175a0-b7b4-422c-b5ec-ab473dedfe61,gaussian_blur,s4,3,0.962211,0.980609,0.987563
e359fd62-76a5-44f6-bf8f-f6c3747e568f,fog,s5,1,0.715063,0.832642,0.841152
e35c7667-228e-4591-9415-3c1fbfe2c953,fog,s5,2,0.958697,0.978868,0.981021
e361044e-184a-4a68-9df2-8662242f5426,fog,s4,0,0.963272,0.981175,0.987532
e3655d38-34b6-422f-856e-2aeeba4bb1cb,clean,s5,1,0.779429,0.874593,0.887616
e3659141-0535-4f8f-90c4-a1aa815285c4,clean,s4,1,0.870309,0.928996,0.954064
e3677a72-4788-487f-99e4-8b24077200aa,shot_noise,s5,3,0.914204,0.955061,0.957817
e3806ad5-f1cc-4d03-9304-e2eb2739b70a,clean,s3,2,0.958667,0.978526,0.996174
e38ae138-fee4-43a5-968f-97b4e55907d3,clean,s4,2,0.876333,0.932183,0.962229
e390b72c-e61b-44b5-82d2-e1182b726919,gaussian_blur,s4,3,0.472550,0.530186,0.879408
e3a297a3-9fa1-441b-b11e-fc6237680ad9,clean,s4,2,0.948770,0.973533,0.980469
e3bb8506-c24b-465e-9122-6fcd7dd24719,fog,s3,2,0.560805,0.677255,0.846747
e3c500da-b634-40ee-8dbe-4ba57253c287,fog,s4,4,0.501872,0.576923,0.884379
e3c90f83-380b-4d78-8d50-87f65d355f3b,gaussian_blur,s4,0,0.675434,0.796166,0.855893
e3d17f87-d4cc-4031-a768-4052fe5cd9f9,gaussian_blur,s3,0,0.761960,0.848150,0.975211
e3e36ca6-6183-4480-a036-fb11dd8713d9,clean,s4,5,0.861726,0.923073,0.960240
e3e69fab-b8c4-4175-ac13-ecc8a3c7f533,shot_noise,s5,3,0.975693,0.987682,0.988955
e3eff50a-b36d-4668-9b7e-2c7e3d7df37c,gaussian_blur,s3,3,0.928850,0.962180,0.987778
e3f4ccda-ab53-4084-ba20-c26a68df7a8f,fog,s3,0,0.459164,0.478713,0.918327
e40c946c-2a68-4816-8447-74c845b1711c,gaussian_blur,s5,0,0.863929,0.926600,0.932408
e410cc64-fc2d-4e53-8032-b0d33d426f58,clean,s2,3,0.721386,0.813896,0.968448
e4182a39-aee5-4e4f-af17-47b34bcf9b07,fog,s5,4,0.965390,0.982382,0.982858
e422db35-2a76-46e9-aa46-22a21c519329,shot_noise,s5,0,0.925712,0.961407,0.961838
e423b143-7dfc-445b-93ee-495a9131f96c,shot_noise,s5,4,0.915683,0.955819,0.959766
e428f05e-c5b3-4544-838a-110da8639ed7,clean,s4,5,0.791190,0.877537,0.931493
e42b3d24-9c89-4ed9-92af-717a925237eb,clean,s5,0,0.913124,0.954582,0.954757
e42c122b-2813-47de-bc5c-c472b3ffa9f3,fog,s4,3,0.978359,0.989038,0.991189
e43c2eca-1274-45e5-833a-a028b889d18e,clean,s4,5,0.973655,0.986571,0.992667
e44888c8-edd2-4823-8509-a369e2248e20,gaussian_blur,s5,3,0.612931,0.757664,0.769749
e44b371f-ab6e-4472-8a0c-614b11c862f4,fog,s4,1,0.781911,0.873587,0.909429
e45b3271-6c07-41e0-8bd5-65a8ac150937,fog,s4,5,0.836530,0.908165,0.941755
e469592b-36e4-4773-8d99-eb785ca0ea3f,gaussian_blur,s3,1,0.873625,0.929307,0.978428
e4701f34-b522-446d-bfa8-6f2245a37845,shot_noise,s5,2,0.569762,0.721580,0.741512
e4714fb8-5661-4fad-ae9d-fa40e66c7334,fog,s4,4,0.832407,0.906285,0.932597
e487e730-6709-4ebc-bbf2-5fb36be3b745,gaussian_blur,s5,1,0.617702,0.730907,0.885462
e48e7ae8-f23a-40c7-8bbd-8f7718ad4b23,shot_noise,s5,0,0.649609,0.783833,0.804976
e49760c8-8948-4e1b-801d-f1feb252e2b1,clean,s5,4,0.834908,0.910005,0.910264
e4982f07-046d-4871-9c28-eddcb15acf5f,clean,s4,1,0.946687,0.972224,0.986643
e4a1d1d1-3892-4b93-8575-5c0a6095024b,shot_noise,s5,3,0.912620,0.954276,0.955131
e4a5bddb-ef78-435e-a616-51431f57556f,shot_noise,s5,3,0.276441,0.372464,0.529840
e4b42ae9-fca6-4d76-9ea0-77df0ddc1cc2,shot_noise,s5,5,0.439799,0.590559,0.660640
e4c61b8b-789b-4994-ab88-526a5f27a74f,shot_noise,s4,2,0.866143,0.926656,0.950293
e4cee81e-cee7-412a-8cf3-9d65e74a00d6,shot_noise,s4,0,0.767859,0.858880,0.938187
e4d36c4b-7bfd-449b-afbb-257be151a7fc,gaussian_blur,s5,0,0.968174,0.983830,0.983840
e4d37733-5ccc-46c9-83ae-00a0d65abe8f,clean,s5,0,0.501022,0.635809,0.754796
e4d9aa60-02f5-4e18-8196-f6e23525c65a,fog,s5,5,0.888100,0.940720,0.940961
e4de7b2b-dd0e-411e-9d77-0bf28025b800,fog,s4,5,0.729444,0.835847,0.890536
e50291a6-fa51-4dc9-afca-06c551ccf466,fog,s5,4,0.451032,0.614791,0.639532
e503d02d-6889-4dee-998f-a8dc237685c0,shot_noise,s3,1,0.831511,0.900218,0.986048
e5058f86-6397-4c90-ab52-ab1dd3893e04,clean,s5,3,0.951176,0.974952,0.975969
e51195c5-1b2c-4dda-bdaf-de184e6feb1b,fog,s5,5,0.486280,0.640433,0.693086
e51811c4-e7cf-4f56-b7e3-8c1635602e61,gaussian_blur,s4,2,0.863335,0.924974,0.949077
e522e075-f1cb-40f3-bbf9-a57cda4aa01e,gaussian_blur,s4,2,0.682643,0.803330,0.852395
e534a032-b75f-491d-b22b-6364de255b30,fog,s5,2,0.300291,0.382439,0.590523
e53604c1-84fb-4609-bce6-e1396ab2a572,fog,s3,0,0.601819,0.699927,0.923019
e54546fb-7335-4b0f-843a-f8889767220b,shot_noise,s4,0,0.730823,0.829529,0.932187
e557013f-f2b4-4112-8be9-d922d66c93a1,fog,s5,1,0.742502,0.850791,0.861836
e559f12a-5458-41df-aec1-9b6cec5d33eb,shot_noise,s4,1,0.955104,0.976871,0.984211
e563fff7-e08f-4375-982e-69cb04aa73ee,shot_noise,s5,3,0.943140,0.970737,0.970763
e56d0d7d-c561-40b9-9d09-84e70f4d32bd,shot_noise,s5,1,0.831356,0.906643,0.921522
e57a558b-9396-4b25-99cc-558f097442b2,clean,s5,0,0.912528,0.954260,0.954348
e580d494-2e09-49e7-ae2f-f8d6e7f41206,fog,s5,2,0.689427,0.815032,0.822304
e592d7b2-2164-48bc-93a2-9e54fc73a14b,fog,s4,1,0.704170,0.810172,0.911940
e5a96163-7b4f-482c-85e2-7047576cfcdb,gaussian_blur,s3,2,0.938725,0.967540,0.994711
e5aa1747-6717-424a-8d6d-059b3817430b,gaussian_blur,s4,2,0.958652,0.978749,0.985536
e5b63a2d-905c-4b35-9358-4662997d5811,shot_noise,s5,0,0.478576,0.643054,0.659376
e5c194b6-5950-4615-a4e7-ec2ded9f84c9,fog,s5,2,0.386594,0.553105,0.567712
e5c63eb6-1061-41aa-ab62-4e6425053e03,gaussian_blur,s5,4,0.928916,0.963042,0.966021
e5d69370-79a1-4923-ac71-6e8804f54ccc,gaussian_blur,s5,3,0.577754,0.694229,0.857131
e5d74e7b-19cb-496d-a3c4-40ad385b77dc,clean,s4,3,0.639178,0.755664,0.878971
e603b6e3-c1ee-4e4c-90f3-75a17083bdcc,shot_noise,s5,0,0.814177,0.897558,0.897707
e612f93b-5634-4d49-9184-95a900acf9d3,clean,s5,1,0.828777,0.905718,0.913317
e61f7520-a22d-42a6-b3eb-04fd5246524d,shot_noise,s4,2,0.489404,0.628153,0.735244
e62572d6-ecda-4110-a370-29fe9b566ce6,clean,s4,0,0.902228,0.947741,0.965063
e64bdebd-3e77-45f7-be7a-ed28c72c24df,gaussian_blur,s5,4,0.480874,0.635040,0.688921
e64c2fc3-f0e9-4ffe-b5e7-9c7bc8ee5f57,fog,s2,5,0.706983,0.795570,0.988653
e64e18bd-57fa-4c4d-8a96-3362ab08dbfa,shot_noise,s4,3,0.906874,0.950505,0.964459
e6527c38-3a2b-4c03-9bde-494db97935e6,clean,s5,1,0.908927,0.952009,0.958181
e655f929-ea09-46e8-a463-2f46cc5d3dd6,fog,s4,2,0.946768,0.972444,0.980363
e656cd0b-602e-4689-8dfa-f91be92a8855,fog,s5,3,0.912382,0.954007,0.958030
e6591421-c345-4741-af61-67e8831ade12,shot_noise,s2,5,0.626540,0.712867,0.970752
e66077a3-4879-4946-b0ab-edaf3cee620b,shot_noise,s3,2,0.941398,0.969036,0.994963
e66efe06-2b57-4af9-aa83-64c1879cf199,fog,s4,5,0.868267,0.927378,0.958561
e6799407-5034-4080-a74b-af2ddf75c298,clean,s4,0,0.959857,0.979368,0.986747
e687a1fc-6723-4761-84a9-2ba8a4145837,fog,s5,3,0.769498,0.869715,0.869899
e6b80d83-5959-4925-bdd6-a52f6f4faa03,clean,s5,4,0.766929,0.867842,0.869984
e6be0f3b-9045-43ea-bac8-04f8383183ec,fog,s4,2,0.897813,0.944874,0.969408
e6be879a-f5b2-4fb0-ac41-877ed21cf4d8,fog,s5,1,0.643768,0.783282,0.783286
e6cb1924-605c-4bb0-ac24-0adaf73acc15,gaussian_blur,s5,2,0.524681,0.601992,0.904973
e6cc454c-5e51-4933-86d4-e43cd079f835,fog,s5,2,0.920347,0.958510,0.958805
e6cd5266-1e61-41ff-bab8-d82a9dff939e,shot_noise,s5,2,0.493864,0.658655,0.668619
e6d34317-7f9e-4706-bc67-8d12920099cd,gaussian_blur,s5,0,0.926152,0.961491,0.966066
e6d53526-6222-4b89-893a-06089ff78fa3,fog,s5,5,0.909349,0.952509,0.952817
e6d64bb3-00a0-4941-b55c-dd01941d1d0c,clean,s4,4,0.361702,0.459950,0.663275
e6d927b8-be35-4500-9472-5f713e1fdf1c,clean,s4,5,0.399835,0.444342,0.799669
e6e0ed90-1803-4ecd-b9d0-7687d8d47ea3,shot_noise,s5,5,0.960692,0.979949,0.980103
e6e1ae02-ec25-48c9-8e73-36651048c229,gaussian_blur,s5,5,0.986760,0.993334,0.993552
e6e3d85b-6822-4710-beaf-9c193269497b,fog,s4,3,0.769474,0.865000,0.904683
e71517d9-e669-4483-99d5-0513a610f7a3,gaussian_blur,s2,5,0.875487,0.929225,0.995575
e71f85b5-9346-4ce2-8930-78b6bb7b7937,gaussian_blur,s4,0,0.879337,0.934670,0.953005
e72135de-b5f0-48a0-91d6-9d9673051eb4,fog,s4,4,0.352154,0.499105,0.564347
e721cf87-e417-4305-89ea-c57a5b9f6e71,gaussian_blur,s4,2,0.910153,0.952010,0.972843
e726d588-1105-483b-a077-e1d92bf2e5d7,gaussian_blur,s5,0,0.386394,0.526655,0.622380
e72a0b72-9355-4c0d-935a-a292d981fc6f,shot_noise,s5,4,0.736740,0.848311,0.849120
e7359231-e90c-47ea-91cd-877b1e9bf2e3,fog,s4,3,0.697598,0.804161,0.912264
e7448174-b420-4521-810a-7f4811239f8b,shot_noise,s4,0,0.946687,0.972224,0.986643
e74627a7-4579-4538-9423-73c61691cfe3,gaussian_blur,s5,4,0.928440,0.962878,0.963267
e76be8c3-cd32-4583-b5f7-76dc1378d02d,clean,s5,2,0.937190,0.967315,0.975595
e76f7fd5-c818-413c-acbc-68c5be812415,clean,s5,4,0.792863,0.884453,0.884581
e77a3aa0-ebc2-43aa-a8ba-70f3be5e6ee5,shot_noise,s5,2,0.892453,0.943114,0.944165
e7820f68-1826-407c-b08b-a7b469d6af27,shot_noise,s4,3,0.789158,0.879276,0.906011
e78b9fdb-8f6a-455b-9d4a-9c26b50a0d64,shot_noise,s4,3,0.491564,0.585461,0.836827
e78f3669-a259-4655-ac19-71cecd1478f8,shot_noise,s5,0,0.904261,0.949364,0.956819
e79857ee-837f-4e3a-9f4a-f9865e36014f,shot_noise,s4,5,0.602019,0.739381,0.798366
e79b4857-acf7-4126-b9dc-6d0e00fe1f81,gaussian_blur,s5,0,0.381574,0.539025,0.581339
e79cc012-b7ef-4715-b47c-91db6cc3f13f,clean,s5,1,0.386394,0.526655,0.622380
e79f14db-cdff-4045-b916-9cb6a60a98f4,shot_noise,s5,1,0.442327,0.592162,0.665307
e7ac8ff9-4fa7-4767-9ca1-7357c3fc1a06,fog,s4,2,0.919035,0.956867,0.979652
e7df7004-5916-4ce5-b203-8932e2a09965,fog,s3,1,0.552662,0.669159,0.841045
e7e03e53-3121-46e9-b0d5-13509d511d68,gaussian_blur,s4,2,0.788651,0.875814,0.930356
e7fa2ce2-0160-44a3-a179-7fc6f1875f9a,fog,s5,3,0.616528,0.759740,0.775435
e80821cd-88b1-482e-8b63-cd968ea8c11a,fog,s4,2,0.978843,0.989286,0.991397
e80fa00c-a503-4650-9c97-d3bf90acd70a,fog,s5,2,0.862921,0.925722,0.935771
e819b2c9-7d19-4811-9c29-7f1dcefc9b09,gaussian_blur,s4,4,0.727057,0.832436,0.898801
e821c432-7768-4d3a-a906-9df5cc5472e4,shot_noise,s4,1,0.708349,0.810967,0.926149
e82a9108-82e4-49c6-ac80-e63598353c5d,shot_noise,s4,3,0.713213,0.824362,0.879520
e835ed85-4465-4e66-ae05-4ad054f20ac6,clean,s4,4,0.902228,0.947741,0.965063
e83b4095-2142-497c-ab63-5841bf12777b,gaussian_blur,s2,0,0.911909,0.951886,0.996318
e846b542-9e88-4463-ab4c-834ce7b624e2,fog,s4,3,0.900785,0.946559,0.971087
e8611bcf-c451-4c36-bc0b-d4a2ff99c4ca,shot_noise,s4,0,0.635610,0.767949,0.817141
e8662098-4f12-4b93-8947-2f6c13f9b611,shot_noise,s4,4,0.789814,0.878426,0.916613
e87156fc-daa7-4924-9d98-01341ccd9440,shot_noise,s5,1,0.973231,0.986415,0.987862
e87e4a08-135d-4cd6-a700-634c3a241473,fog,s5,4,0.545613,0.698781,0.730030
e87fd422-c1a2-47c7-84b5-cc2795f487ac,fog,s5,2,0.907097,0.951277,0.951461
e885989b-4a67-4c61-b1a5-397647a9d2a6,gaussian_blur,s3,1,0.648333,0.758196,0.904341
e8867a7f-7789-4383-a290-5262f90b4e03,shot_noise,s4,5,0.800641,0.886635,0.912656
e88ca77f-7c5e-4ee8-b275-47ef9f194b37,shot_noise,s4,2,0.922551,0.959020,0.976688
e89f2939-8573-49d7-b680-ecd180abe48a,gaussian_blur,s5,4,0.513023,0.661746,0.726619
e8ba62bc-e88b-42de-b7d5-ed1e6ec6cc90,clean,s5,5,0.926152,0.961491,0.966066
e8ca6e2a-80da-4e35-ab43-7f8b798591bc,fog,s4,5,0.892561,0.942076,0.963159
e8dc4ed9-0b8f-4ddf-a7e8-e01aef2fdaaf,fog,s5,5,0.618647,0.758798,0.787628
e8e0f2f2-fdf0-4b22-b5ab-df66bda7f8a4,clean,s4,4,0.856359,0.920812,0.945483
e8e419d2-8fd7-4543-b5e3-56ab73394b04,shot_noise,s1,5,0.496405,0.498196,0.992811
e8e79eae-c2a4-42bd-a089-304077ea061c,gaussian_blur,s4,1,0.743027,0.841012,0.925273
e8ee2a67-0d22-4d75-9f4f-183212daad73,fog,s4,3,0.599286,0.736399,0.798920
e91234bf-711d-4642-9cf1-d9fde7392bd7,fog,s5,1,0.858236,0.923442,0.927216
e912c288-e4f5-4b63-9154-9273549cfb2c,shot_noise,s5,4,0.663064,0.796919,0.799771
e9181e34-1a32-492a-a8c5-ba3cc7d5531b,shot_noise,s4,3,0.865662,0.926436,0.949184
e91fab0d-633f-46b0-bddb-6bb893158b26,fog,s4,3,0.969565,0.984445,0.991147
e927db81-0d2c-4a62-b96e-6fb42dbfa621,gaussian_blur,s3,5,0.778371,0.861115,0.978053
e9280d74-2872-41d1-bac7-0b0604c876ac,gaussian_blur,s5,2,0.914047,0.955090,0.955159
e92c54ee-adfc-4ae2-831e-f7892e60bb4a,gaussian_blur,s4,3,0.959638,0.979324,0.983233
e9345517-7bf0-413e-b35d-75d0fb7a538e,clean,s4,5,0.928955,0.962552,0.979648
e93f0d89-d717-45f9-a269-d798e48705f3,clean,s1,0,0.373532,0.427611,0.747063
e943e1a0-c248-4e10-9534-ef61ac4f8c7c,gaussian_blur,s4,0,0.928955,0.962552,0.979648
e951b24a-c4b2-44af-a024-3098f95bf8b0,fog,s5,5,0.389054,0.556018,0.569525
e9547bb4-68cc-42c8-baa8-caca584d53e1,shot_noise,s5,5,0.902124,0.948492,0.949541
e9639d31-4035-4cdc-9b44-2a68321fb077,clean,s4,4,0.973655,0.986571,0.992667
e98e9065-6e0f-4d22-85b0-61b1d2a041df,gaussian_blur,s5,0,0.816031,0.897825,0.907237
e9a51d68-21d4-4b48-b53e-fa092f1a9dd0,shot_noise,s5,4,0.504159,0.571358,0.901303
e9b0ee7b-45e7-479f-a6a7-8dde2d472ef2,clean,s5,1,0.912510,0.954233,0.954699
e9b671be-0a47-4782-a119-5d70b9c184a0,gaussian_blur,s3,5,0.569865,0.687833,0.848286
e9c443f4-b703-4735-80dd-fc3ce498a95b,clean,s4,2,0.936170,0.966471,0.983773
e9e3dff5-ba88-45af-b2a4-ded38ed29f0d,clean,s5,3,0.901453,0.947752,0.956234
e9e9cd0c-df26-416e-826a-0efb2b2691a8,shot_noise,s5,2,0.740110,0.847120,0.873718
e9fdff99-2a22-45f5-9ba0-c5f1a991e48e,gaussian_blur,s5,0,0.649609,0.783833,0.804976
e9fefc24-2325-4022-93a0-d2887dede861,fog,s4,2,0.695671,0.804054,0.904592
ea01fb06-cfa0-49d2-b7d6-e041f3de593c,shot_noise,s5,2,0.953512,0.976143,0.978688
ea0793a4-74fa-46f5-8888-44d0cb0b5f6f,clean,s4,3,0.810709,0.892822,0.920075
ea225274-f2fc-4878-95da-fdf9b91b6be2,gaussian_blur,s4,0,0.912992,0.954041,0.964881
ea2a5e44-f5a4-4b48-a5ee-0984c8875372,gaussian_blur,s5,3,0.812312,0.895595,0.904507
ea304d62-d1f9-467e-a975-814ecf5ef38c,gaussian_blur,s5,0,0.770739,0.870444,0.871179
ea311654-7b31-4485-ab45-57ed391dd451,fog,s2,2,0.946878,0.972005,0.998061
ea3bcd71-564f-4da1-90fa-2aff2be5ad78,shot_noise,s5,5,0.856570,0.922380,0.927440
ea51354e-954a-42c6-ae2f-5bafb5d5a2ac,shot_noise,s4,1,0.949582,0.973896,0.983456
ea6e2d21-f9eb-457b-b28c-72722512e61e,fog,s5,1,0.284594,0.436412,0.454933
ea852047-fef4-46dc-a205-efa507f66c23,fog,s5,4,0.767705,0.865751,0.889737
ea85ba01-8d0d-4ceb-9679-6bfe9452423d,gaussian_blur,s5,3,0.918254,0.957230,0.961015
ea8839a0-b2c4-49e8-aa81-5842acdfb5a9,clean,s5,1,0.798131,0.885807,0.904612
ea8c5ffc-2a88-43ec-b07b-7e96d15a2f90,shot_noise,s3,2,0.873451,0.929612,0.972789
ea97174b-3fea-4403-8b69-d2a01b95165d,gaussian_blur,s4,5,0.698373,0.806086,0.906544
ea9bf260-5099-4d2c-810f-2bf023593a90,shot_noise,s5,2,0.579038,0.719960,0.781419
eaa437b9-aa6c-446f-8e01-e9986657dff4,clean,s4,3,0.912992,0.954041,0.964881
eab70d7b-8dd8-4ff1-a0c6-c98430aac88d,clean,s5,3,0.574061,0.725132,0.744934
eadf74da-a834-494c-893c-1fc7104f64da,fog,s4,1,0.573843,0.721498,0.756970
eaf58b62-363d-4af2-95d1-b51964ef0019,clean,s2,3,0.606244,0.687075,0.971472
eb05d301-a4aa-46bd-a4c5-d6f7f9fef7bb,clean,s4,1,0.370157,0.521319,0.579995
eb063072-2fda-47e6-9697-529ef134f725,shot_noise,s4,5,0.605907,0.720643,0.876142
eb075368-6bb1-47f8-97a4-7189a702274b,clean,s5,3,0.909416,0.952518,0.953435
eb0a3d6e-a067-4fab-9005-ddd7d6ec7bf6,shot_noise,s5,3,0.507480,0.576678,0.901489
eb1b3f12-850d-4d3b-91a1-18dda1ee4ad5,gaussian_blur,s3,1,0.663915,0.758296,0.962348
eb2820e6-fd6f-4dba-9904-15462514fe38,fog,s5,5,0.883338,0.937527,0.946523
eb339948-af1e-43fc-bfa6-cb64ca517a47,clean,s3,5,0.958667,0.978526,0.996174
eb35cd78-c64a-49f9-869a-422d9b97e789,gaussian_blur,s4,1,0.603377,0.720651,0.867120
eb419191-f47b-4f80-be9f-2dc390ce85c9,shot_noise,s3,2,0.924656,0.959609,0.991664
eb52adbc-d1f2-4d89-a861-e0a7f54b9168,gaussian_blur,s5,3,0.340332,0.422712,0.655280
eb65d0cf-ed56-45c1-be19-56d0476b2415,shot_noise,s5,4,0.836537,0.910353,0.918144
eb73bb07-1c27-45cb-a9e4-a680d8259686,gaussian_blur,s4,4,0.943467,0.970567,0.982607
eb97f7d9-1fcb-49ef-80e7-d9de7724d577,shot_noise,s5,5,0.726327,0.837295,0.867135
ebb17722-edd1-4e58-9922-46dc287b470b,fog,s5,5,0.817287,0.898646,0.907477
ebbe5be1-e1fc-40d0-9a55-c920f612c1b6,gaussian_blur,s3,4,0.459249,0.478759,0.918499
ebc16a8a-0507-4450-963b-466eff65c02c,gaussian_blur,s3,2,0.860761,0.921718,0.969285
ebc44461-adfa-4348-9562-2bf671cf191b,clean,s5,0,0.908927,0.952009,0.958181
ebc94d99-2a26-4721-8578-737af8778604,gaussian_blur,s4,5,0.362166,0.513925,0.568422
ebd8ee81-1e92-4438-9f03-5f7df3a1a7fc,fog,s4,4,0.518658,0.677447,0.700411
ebdc0b10-f6f6-4ad8-aa88-d9d420683d40,gaussian_blur,s3,3,0.591557,0.691260,0.912149
ebe462d2-b397-4781-b6d4-f2704616b653,clean,s4,4,0.841669,0.911704,0.940363
ebe866e9-f910-4241-b9c1-5b03857f4abb,shot_noise,s5,1,0.633356,0.770523,0.797332
ebf02ce3-eb7a-4d9a-8c69-ae9a28ba4938,gaussian_blur,s4,2,0.682442,0.802702,0.854589
ebf1d6d1-aa12-4045-aab4-5e62ab47744b,fog,s3,0,0.958667,0.978526,0.996174
ebf40619-9234-4689-80cb-32925376fdce,clean,s5,0,0.305168,0.413841,0.559397
ec040a97-4bc3-4633-bb54-8040af248ebc,clean,s5,0,0.790848,0.881375,0.898683
ec0614f5-c0b2-44cb-b7a5-6dbd54e3c7ef,clean,s5,5,0.454656,0.589668,0.711467
ec08f963-ee74-4fc2-9a5d-74675d32fa52,clean,s5,3,0.826471,0.903687,0.918537
ec0b46f4-8e76-4e25-b64e-72dbe78d524b,gaussian_blur,s4,0,0.350559,0.414540,0.697781
ec0fc80f-e6ed-44c6-808d-fece973ecab5,fog,s5,2,0.407030,0.577736,0.580533
ec33bcb5-f1e6-46f3-8150-30b6be2faa48,clean,s5,3,0.739600,0.848868,0.859857
ec3d286f-ea67-4aa2-b500-1577f97222c6,fog,s5,1,0.743187,0.852300,0.855221
ec4aae4c-6526-4357-afde-09b327e41b22,fog,s4,5,0.925637,0.960876,0.974336
ec50f664-536d-4349-aec9-01f1a6db6078,gaussian_blur,s4,0,0.861726,0.923073,0.960240
ec5d9100-9168-4b1f-a6cb-77dd8e79b27c,fog,s5,5,0.970274,0.984903,0.985542
ec6fd645-0a66-4793-a534-babe3399ca4c,clean,s4,1,0.879878,0.934160,0.965584
ec71b6b0-8124-4823-923d-b5cfa32d51b8,shot_noise,s5,1,0.887331,0.940054,0.944444
ec741b79-5ab1-49ef-871b-6fc3fc4d3db5,clean,s5,5,0.914209,0.955177,0.955303
ec78dacc-a4ed-4e7f-b5a9-708245f5a3fd,gaussian_blur,s3,5,0.660485,0.755339,0.959814
ec7c6dab-608e-4fe1-94aa-5e72e9c68075,gaussian_blur,s4,0,0.962842,0.980945,0.987600
ecbbc39d-0691-49f5-829d-091d45be7bcc,fog,s4,2,0.803220,0.886053,0.933173
ecc52eb3-9721-42e8-b6c8-c8f5813b2c5c,shot_noise,s5,5,0.608382,0.755347,0.761285
ecd19a1b-6908-4d0c-9f04-9e32e3c20f58,fog,s5,1,0.484063,0.647609,0.665796
ecd1d42d-4337-40dd-8404-609673a500b1,shot_noise,s5,3,0.257541,0.346065,0.506745
ecf59237-ae41-44af-a05b-8e4f1cbe2ac4,shot_noise,s5,3,0.895916,0.944664,0.953000
ed026945-d288-4d65-ad14-4da4324c1df6,gaussian_blur,s4,0,0.596361,0.716639,0.854827
ed181097-10f8-42e7-993b-02127a3e5f29,gaussian_blur,s3,2,0.589148,0.686925,0.915669
ed1e5dbd-3d65-4745-b41b-b8c1c994bd94,clean,s2,4,0.891521,0.939573,0.993562
ed1eeeef-d76d-4c9b-a219-b9cd0268e9be,fog,s4,5,0.823511,0.898616,0.948576
ed2fcc0e-219e-404e-98fd-a901e777a5b8,fog,s4,2,0.578443,0.725232,0.760940
ed2fcf92-796a-4c25-9118-4fcc49b72e81,gaussian_blur,s5,4,0.950678,0.974664,0.976752
ed369bd0-7e93-40f0-ac45-2abc4a171fa5,gaussian_blur,s5,3,0.456859,0.608763,0.674267
ed3e83e6-aec1-422e-9601-65012ee43b33,shot_noise,s2,2,0.891261,0.939412,0.993538
ed400e05-359d-4a4f-99fb-8f4962a961f4,shot_noise,s2,3,0.721199,0.813727,0.968432
ed447a3e-8c62-49ee-a1fc-2e238d309033,gaussian_blur,s4,3,0.923617,0.959576,0.978016
ed47d328-beac-40e9-a0c0-b0ea353bce3a,shot_noise,s2,0,0.606244,0.687075,0.971472
ed492d9f-112f-4168-9d4f-337da751825a,fog,s3,1,0.914643,0.953727,0.991981
ed4e786a-5678-47db-aefa-5ecad47d16c2,gaussian_blur,s4,3,0.503600,0.662787,0.690832
ed565740-90d6-4c6e-a9a6-9c2c67214b32,shot_noise,s3,0,0.567082,0.683521,0.850835
ed56d939-7251-4156-aee1-5783e7779d18,clean,s4,5,0.734995,0.833077,0.932219
ed5d3415-393a-4b7a-aa25-0d11d1e74502,shot_noise,s5,4,0.967422,0.983429,0.984203
ed6be7c4-505f-4a95-bb22-8708774e9637,gaussian_blur,s3,2,0.745020,0.837096,0.956917
ed6c5a67-923a-4092-a319-e89839db781c,fog,s5,1,0.968449,0.983945,0.985646
ed711971-e8fa-4d84-a8ad-4b1c2643f200,clean,s3,1,0.857231,0.917532,0.990982
ed736cd7-50a4-451a-8e7c-22ff9143f511,gaussian_blur,s4,1,0.839118,0.910123,0.939216
ed76dad6-e67f-4700-8a06-89434671e31e,fog,s4,0,0.729948,0.836531,0.888946
ed7dd57e-bcb0-445a-825d-9369fad556b1,shot_noise,s4,5,0.897257,0.945025,0.960795
ed801146-1b99-48a8-b5ef-ab94d4361b7b,gaussian_blur,s5,0,0.977773,0.988756,0.989269
ed8318ba-5507-464a-87a3-11fe50ed1823,fog,s5,0,0.517671,0.591824,0.903586
ed863f6e-5d79-4d61-b19a-594dbd5ef7ff,gaussian_blur,s2,5,0.880654,0.932762,0.992727
ed8a5acb-5aeb-4b16-8e26-fc85ddb438c3,fog,s3,5,0.956642,0.977430,0.996006
ed91b5ef-f213-4df6-a4f9-7513c12b5c9f,fog,s3,5,0.278648,0.415031,0.471433
ed95d556-8425-4a5b-9ebf-457f26ba3ace,fog,s2,3,0.654243,0.741721,0.981739
ed99ab27-cce3-43ab-b37f-e6e6a19ac8ab,fog,s5,0,0.533448,0.686986,0.723749
eda35d12-3139-4077-966b-e5dcbc310e04,shot_noise,s5,1,0.897677,0.946062,0.946405
eda6b752-5e3d-4f21-bf3d-66d1f9fcdd48,clean,s4,4,0.771392,0.864227,0.920416
edb27c36-4f6d-4f6b-9613-1a190b8b214c,clean,s2,2,0.911909,0.951886,0.996318
edb481e6-f318-4c86-bcbd-f1896a19bf6c,shot_noise,s5,3,0.910818,0.952971,0.960919
edc27ceb-12ad-4b0a-b120-76cf86b4b4e9,shot_noise,s3,5,0.921255,0.957831,0.987051
edce4e9e-0108-40bc-9d61-2e5c6da020d4,clean,s4,0,0.905685,0.950063,0.959440
edda59c7-cb5b-47d5-9b8f-11a796bd3c0d,fog,s5,2,0.495123,0.659369,0.670976
eddfe265-4981-4ec4-bb44-46a029f79462,clean,s3,4,0.761960,0.848150,0.975211
ede55617-71ca-4d35-9e38-81ceb9eb483e,clean,s4,1,0.733272,0.836733,0.903568
edefe0e6-3908-47b0-b4e5-ce09a5188c35,clean,s5,1,0.971108,0.985325,0.986544
ee004294-c9d1-42b7-9b8e-1f7770530c82,fog,s5,2,0.773504,0.869903,0.890625
ee09e5ef-de9e-412d-a30e-eefae41e5d9a,fog,s4,2,0.960811,0.979887,0.986331
ee0c575e-aefd-4f58-aeea-b6681e85f923,clean,s3,0,0.857231,0.917532,0.990982
ee2b9f92-7082-410f-9447-530741bfd49e,clean,s5,2,0.938392,0.968090,0.972196
ee3ee720-c982-41fe-995b-f7e8ec6cbb27,gaussian_blur,s5,4,0.603541,0.751480,0.757915
ee4a7b4e-a926-4cb8-9e21-aa2da0f22bcd,fog,s3,0,0.720789,0.823223,0.919874
ee4a89d4-f2b7-449f-abf5-23467c39c975,clean,s4,3,0.672046,0.794951,0.847309
ee55fa82-7a23-4466-b601-8feb04f81b98,fog,s2,5,0.940815,0.968617,0.997805
ee6d28ed-9559-41d9-9e32-fde6925e1ed4,clean,s4,3,0.747602,0.844700,0.925598
ee6ff627-1543-4ec3-9754-5df84e5cdaf8,clean,s5,2,0.867043,0.928154,0.937611
ee8f645d-bcd5-4f44-a9b5-db3e620f399d,shot_noise,s5,5,0.516759,0.590649,0.903093
eec344a7-ef1f-4bd7-aa3d-423fa05c89fc,gaussian_blur,s2,4,0.882433,0.933887,0.992883
eec844b7-3c7f-40cc-85e1-6e5cebd816c9,fog,s4,0,0.804266,0.888130,0.921781
eecae53f-7e0c-4cc0-b7c6-885c87ce981f,fog,s4,2,0.767065,0.860162,0.925515
eecbdd85-fef1-4616-8a40-5af7d4a827f1,clean,s4,3,0.724916,0.827847,0.914157
eee04c20-47ff-42e8-bcc6-51f1c917dfab,gaussian_blur,s5,3,0.684157,0.804996,0.850748
eee72b4a-276a-4ac1-9219-bb70140ecdef,fog,s4,0,0.660697,0.783908,0.850192
eee95650-623f-41f3-a006-d0b40a76a206,shot_noise,s5,3,0.469606,0.632671,0.656571
eeed029a-839e-4303-a9c9-df52d2fae7b4,gaussian_blur,s5,3,0.552787,0.696463,0.763157
eefb23b9-4459-4b7a-a941-188a04ee3e07,shot_noise,s5,1,0.962973,0.981128,0.981665
ef0734bb-e81a-4f1c-9a97-0311e375b8cd,shot_noise,s5,5,0.845938,0.915488,0.928981
ef2450d0-2ac6-4bb9-a33a-63e945036ebd,shot_noise,s5,4,0.885423,0.939211,0.939545
ef31655d-3313-4d4c-aa5c-88fdfddcaf97,fog,s5,4,0.940863,0.969387,0.974224
ef322a5d-cc54-41d0-86ce-8b1b8b6149f6,shot_noise,s3,4,0.759687,0.851328,0.944861
ef3bbe7f-4bde-4a39-8da5-96b77fbe8b78,shot_noise,s4,4,0.804114,0.886739,0.932779
ef4e60b5-d581-435e-9975-54f22b609454,gaussian_blur,s5,2,0.704495,0.826592,0.826864
ef4e74a5-0bca-4a9a-8208-ac300803b38a,gaussian_blur,s5,5,0.860246,0.924783,0.926080
ef4f1031-cb1e-425a-85d2-5b2a277439b7,fog,s4,2,0.879653,0.935214,0.947707
ef5e8631-1ac1-4653-aa1c-096394058c52,fog,s5,1,0.516131,0.678652,0.687701
ef609cda-08fd-492d-98cb-04a5fb0cf125,gaussian_blur,s5,3,0.940385,0.969242,0.970415
ef612783-db5e-4dc0-bb90-d04db48c0681,gaussian_blur,s5,0,0.980354,0.990068,0.991171
ef8b1fc2-fbcd-4d64-b74e-5617c28fb7c7,gaussian_blur,s5,4,0.976329,0.988013,0.988849
ef90225d-4200-46f2-a125-04dddeb9020c,gaussian_blur,s4,5,0.966948,0.983144,0.986287
ef9d25d8-a479-42cc-bcde-54f763536892,clean,s4,3,0.856359,0.920812,0.945483
efa0af31-f3f7-469a-9790-4415626304dc,fog,s2,0,0.974545,0.986961,0.998456
efabfdb5-6c45-4149-b58d-df89d7d4b81a,clean,s3,2,0.976805,0.988145,0.998474
efaee243-6b11-4a90-87cd-1725644c07b4,shot_noise,s5,0,0.968174,0.983830,0.983840
efb8559e-6b09-452a-8393-ec434582fa09,gaussian_blur,s4,0,0.797129,0.883379,0.919141
efc26f34-96d7-4cb2-bb76-61c0616cb747,fog,s4,1,0.917554,0.956477,0.969120
efc8b335-1dab-4a89-b1d0-b9c3592036d3,clean,s4,2,0.284307,0.426547,0.470976
efd9c465-7f45-4887-9e9b-b9bb4786cd24,shot_noise,s5,4,0.832583,0.907400,0.922078
efd9e80b-69b9-42ee-a22d-0423df00c548,clean,s3,0,0.613432,0.713442,0.924299
efde7707-22ee-4674-9243-c41dd57fd1e2,shot_noise,s5,1,0.641137,0.779772,0.788416
efe5e5bf-356a-43a1-866e-34077a40c2aa,shot_noise,s3,2,0.606324,0.706356,0.920309
efeaaa24-aa58-4ae4-b95f-965179a14fa5,clean,s4,4,0.817748,0.894434,0.949979
eff8b762-23ee-433d-b71b-827b954641e6,clean,s5,0,0.829522,0.906762,0.907423
f021c28c-6b76-4a21-aa8a-cc89bf98ec47,shot_noise,s5,1,0.872890,0.931595,0.939976
f0281a24-f598-4a26-a725-fee367ed5f9f,clean,s3,4,0.929783,0.962497,0.993402
f02b5ca6-1b2f-40c8-bf37-a487eb03b9f3,clean,s3,0,0.696776,0.799880,0.928299
f0383669-cfa4-42a3-8638-33aa505e9b6c,shot_noise,s4,4,0.962117,0.980590,0.985963
f03bd85f-6be7-4263-9b15-9888a1d3f025,fog,s4,3,0.678039,0.779411,0.938336
f0507d95-7b4b-4246-8b71-0d329be16110,gaussian_blur,s4,0,0.734995,0.833077,0.932219
f057bd2c-3a05-47f1-9642-cdcb116311c5,clean,s4,0,0.488015,0.614317,0.763813
f059a1ed-246c-4278-9a68-0ec66e54619d,shot_noise,s5,1,0.727860,0.838509,0.867201
f05f2f8f-67c4-44c2-91f6-550a850b4ee4,shot_noise,s4,0,0.734995,0.833077,0.932219
f05f60c3-7a8a-495e-a31b-cee3491405e5,clean,s3,1,0.845765,0.911529,0.971928
f06aefda-0a3e-42ae-953f-efd133b969f5,clean,s5,3,0.860861,0.925001,0.928265
f072e982-21cc-4d5a-8f6c-aa891f1e594c,shot_noise,s4,2,0.833968,0.906485,0.941376
f07c9c4f-5721-4ed8-b99b-3b72edffa761,gaussian_blur,s3,0,0.564895,0.687961,0.830913
f07ec876-7af1-4e1f-8bb9-37e928f8af46,shot_noise,s5,4,0.751053,0.854744,0.879081
f08dbabb-3a53-457b-a30a-057a7a41039d,shot_noise,s5,3,0.349149,0.437562,0.659861
f09574d4-0eeb-44c5-9cee-4a6088af44b9,clean,s4,2,0.856359,0.920812,0.945483
f0a32b6e-25b4-4e25-9f1f-ab569bd3d274,shot_noise,s5,4,0.978297,0.989021,0.989783
f0a855b2-d17e-4b53-b101-ee3f07f3d829,gaussian_blur,s5,3,0.812740,0.896436,0.899227
f0ad3ea9-f7d3-40b8-93a2-f1ca162716a2,gaussian_blur,s3,2,0.917665,0.955805,0.985568
f0aea778-a4e9-4a0e-80e1-24a5a19568f8,clean,s5,4,0.820536,0.901361,0.902052
f0c1b92a-03bf-4772-854b-2239fddc0b93,fog,s3,0,0.702019,0.799749,0.950648
f0c5c195-15d4-4617-92be-c4062bfcf49c,shot_noise,s4,4,0.212149,0.348306,0.352693
f0c720ed-dada-4178-af27-aec4fe10baf9,shot_noise,s4,4,0.670665,0.793957,0.846138
f0c9b42a-d4ea-4702-8c0a-453850e2f3ea,shot_noise,s5,0,0.912510,0.954233,0.954699
f0ca87f1-f1fd-4b3b-890a-3ab08464a13d,clean,s4,0,0.672813,0.793377,0.857802
f0db252c-4b7e-4942-85b6-ccb4d39e8e60,gaussian_blur,s4,3,0.913038,0.953468,0.977640
f0e0de25-4ea0-4012-9714-d3e2b688587a,gaussian_blur,s5,1,0.858667,0.923263,0.933048
f0e9d56f-689c-48c8-b9ee-12a155ba85da,clean,s5,2,0.938237,0.968060,0.970453
f0efe9e6-3c79-4813-bdc2-abb7f443af53,shot_noise,s3,1,0.682743,0.788446,0.920273
f0f12429-d71a-4aae-92a5-f4034463265a,clean,s4,2,0.797129,0.883379,0.919141
f0f26279-ca56-464f-8e41-db6b456408f3,clean,s4,2,0.928955,0.962552,0.979648
f0f9cd11-4fe7-4150-bce6-dbafd001ff1d,fog,s4,2,0.899332,0.946333,0.959392
f101645e-18a0-4ae6-8373-812e2405f6be,gaussian_blur,s5,1,0.683053,0.808724,0.827156
f107cefb-714b-4327-8baf-d67835ef2694,shot_noise,s4,5,0.900318,0.947038,0.957115
f124ae84-508e-466b-aa15-683724dc3f90,gaussian_blur,s4,2,0.469468,0.594399,0.748837
f1265a6c-02c8-488f-8279-965b135d616f,clean,s5,3,0.434736,0.559523,0.711565
f12d4199-7ba5-44e2-86ea-7642c49f2c5a,shot_noise,s5,1,0.810349,0.895226,0.895377
f13e24b6-6fa8-4861-8138-c186fb993478,gaussian_blur,s3,0,0.845765,0.911529,0.971928
f1442b5d-e58d-4e88-8590-bc2d093d7964,clean,s5,1,0.543683,0.688520,0.755371
f147625b-e904-4589-9761-ba0930c04b5f,fog,s4,3,0.889961,0.940547,0.962468
f15497dd-ce0f-4dfb-8ca0-5170dfd502b4,clean,s4,4,0.963272,0.981175,0.987532
f1582af7-9632-45c7-806b-491be0a7e3fa,clean,s5,4,0.987224,0.993570,0.993781
f15bfea6-1220-4ae2-83ab-97bd8f8bc200,clean,s5,4,0.977773,0.988756,0.989269
f172f0d9-d4c0-4d5c-a962-02fbeaeddc8f,shot_noise,s5,5,0.909555,0.952493,0.955640
f174442a-caf4-4bf7-b32a-cf698d9791f8,clean,s3,1,0.934580,0.965398,0.988907
f17690db-a486-4738-8937-bb67cf07c9b2,fog,s4,1,0.934224,0.965576,0.978128
f17c96b9-86f0-473a-b399-f30db74103ef,shot_noise,s5,4,0.330729,0.406335,0.649893
f194ff14-f019-450d-ab5f-548b05d1d289,shot_noise,s4,1,0.931454,0.964126,0.975252
f1a59711-0fc3-4ea8-92d1-9bc712992f6b,shot_noise,s5,0,0.829522,0.906762,0.907423
f1b3026e-1bc0-4a8c-a415-039c2c32af02,gaussian_blur,s4,2,0.753698,0.849229,0.928030
f1b5867f-b12c-41f3-a962-1c6217f2c2df,fog,s3,2,0.775670,0.859001,0.977659
f1ba2555-c750-4a7a-83ba-c2816b14dcb8,gaussian_blur,s5,3,0.837965,0.911821,0.912048
f1c547b8-8940-4321-a3d4-b9010a332423,shot_noise,s5,1,0.793593,0.884178,0.891323
f1d945fc-7ff5-46fa-9f33-b991c8191155,clean,s5,5,0.912510,0.954233,0.954699
f1e3f314-403e-4da9-b9ed-6ca7f441fc80,gaussian_blur,s4,4,0.599823,0.719026,0.859605
f1ed2a32-254a-4bc9-9d5f-92e588f16ce6,clean,s5,5,0.983097,0.991474,0.991819
f1f6cf82-2b35-433e-9af2-824366653c77,fog,s5,4,0.853768,0.919319,0.943397
f1fc1931-7b48-4304-aa2c-875156beff06,clean,s5,2,0.655265,0.774026,0.870100
f20025e8-e419-47fa-a749-d0e8df0ac293,fog,s3,0,0.567082,0.683521,0.850835
f201d9db-a471-4343-9b90-cad54772e6b3,fog,s4,1,0.387304,0.462840,0.736171
f2085e1a-8c9c-49af-813c-bef9c0259755,shot_noise,s3,4,0.924313,0.959413,0.991595
f20ef1a5-6b27-4257-a06c-de4dc86b1282,shot_noise,s5,5,0.961761,0.980502,0.980835
f214054e-1e94-4878-8598-5068af44da62,clean,s5,2,0.940397,0.969282,0.969312
f215dc8d-b281-442c-bbb2-70a5751d46da,gaussian_blur,s5,3,0.628535,0.766635,0.794472
f2162c30-909b-4b2c-bceb-6e023df2e219,shot_noise,s4,2,0.900632,0.947215,0.957264
f219a21e-c0f5-44ed-8988-e20670a3a6fa,gaussian_blur,s5,4,0.617291,0.743580,0.840520
f2285cf6-355c-444d-b806-a25b6cfa63c0,fog,s5,0,0.612065,0.753181,0.784372
f22e5fcd-1d08-48c5-bb61-d3b60c8bd4a6,clean,s5,3,0.746387,0.854247,0.858428
f23b03f2-d082-45ef-8ed9-61ad45389367,shot_noise,s4,2,0.926192,0.961233,0.973264
f2428aa5-36f5-4dbb-a22c-8ce10c37d1c4,gaussian_blur,s4,1,0.878481,0.933313,0.965259
f254f813-0ada-4474-b498-7a77d4090e13,clean,s3,4,0.939485,0.968130,0.989771
f262eabc-58ed-4898-90a0-9c8c41a2c052,gaussian_blur,s4,1,0.904786,0.949326,0.963568
f26c0cd6-af82-4099-b078-de0e229f2fab,clean,s5,3,0.938237,0.968060,0.970453
f282b002-a6c9-4065-8c49-eef74b733519,shot_noise,s2,4,0.905547,0.948064,0.996048
f282b704-1173-4c24-8381-85663f5e930e,shot_noise,s5,4,0.477951,0.641699,0.660943
f28adebb-40c9-485b-8e38-daacdc103610,fog,s5,3,0.836306,0.909846,0.922066
f2913662-74c2-48e1-8144-81efb9b46fe2,shot_noise,s4,1,0.966206,0.982688,0.989995
f29ae1b0-5c94-4144-92b2-d07ebe88c361,fog,s4,2,0.861038,0.922943,0.956315
f29ee25c-f10e-430d-b69b-62a36fdfb881,shot_noise,s4,5,0.817264,0.896123,0.931424
f2ab3f35-deca-4754-b326-7993a3944a85,gaussian_blur,s3,1,0.952391,0.975231,0.991119
f2adefa4-5e79-4e3b-8dfc-de4678ab0b10,shot_noise,s5,2,0.756997,0.861643,0.862064
f2b016ea-f31d-415b-b560-1117b2bfd298,gaussian_blur,s5,3,0.958133,0.978544,0.982132
f2b48a8a-1770-482a-a154-e589a95945e1,shot_noise,s3,5,0.929800,0.962714,0.987996
f2ba2aca-0c37-4cd5-b2a5-017af0765c05,fog,s4,2,0.939482,0.968396,0.981495
f2bc74b9-26de-4886-9fe8-9bd0e9cc78c0,gaussian_blur,s4,0,0.729948,0.836531,0.888946
f2d848ba-ab5a-4c3f-806b-561a0b65906e,fog,s3,3,0.951381,0.974567,0.995447
f2d8a513-3304-4a89-928a-ff0de14387ef,shot_noise,s5,3,0.639430,0.750417,0.898848
f2e297ed-6a66-4aaf-ae00-9dd1ed66f807,shot_noise,s5,2,0.822537,0.901943,0.909621
f2eb2d75-a472-4b9e-a745-284d70357d4b,clean,s5,2,0.275350,0.369339,0.530848
f2efe574-928d-4fa0-8f60-c877cd7bf7da,fog,s3,3,0.668279,0.780377,0.895787
f2f3c681-cf66-4382-9983-5c7c6dc9751a,gaussian_blur,s5,3,0.385569,0.528748,0.615546
f2f83e8b-de2e-4af0-9e7c-e3787d6cc738,gaussian_blur,s4,2,0.439757,0.474291,0.870691
f303d449-e52a-4250-89de-095ef051652f,fog,s5,1,0.835612,0.910440,0.910494
f312e451-63de-4c0b-b0e0-cc3ecd3ebf4e,shot_noise,s3,0,0.934580,0.965398,0.988907
f3134309-fc15-47ef-b4ad-d6ff8b4a75c4,clean,s4,0,0.901624,0.947775,0.957701
f32eb817-d944-4489-9504-8abdca09b80e,gaussian_blur,s5,1,0.376052,0.503183,0.633888
f33bc25b-48e9-4024-89cd-dbd9aeec38af,clean,s4,4,0.781438,0.870261,0.931659
f33edcba-e21f-4d94-9a41-7ceeba41e15b,shot_noise,s4,0,0.977314,0.988476,0.992901
f3402e70-c46a-4c1c-b7e6-f895633a4e58,gaussian_blur,s5,4,0.929992,0.963597,0.967296
f3439b9a-c9e7-456c-a42e-a8f8917d457a,shot_noise,s3,0,0.873658,0.929318,0.978570
f35c6266-eaff-4199-8686-501a38a2e9e0,fog,s5,2,0.978632,0.989196,0.989627
f36ed699-7a43-469b-b023-f31b25c62012,fog,s3,1,0.552556,0.657899,0.869365
f3819213-553e-4849-baf8-1a6086fc8ca3,clean,s5,3,0.888530,0.940197,0.953979
f38239be-2828-4a63-b26d-683404bd6f60,shot_noise,s5,5,0.869331,0.929525,0.938240
f386cc92-2c01-4b53-ab77-037a799c1fad,gaussian_blur,s4,4,0.394520,0.441041,0.789040
f38cac31-de6f-4a52-b72a-b784a22e1124,clean,s1,0,0.496405,0.498196,0.992811
f393a337-53f9-4f46-8cc3-39360aa784ef,gaussian_blur,s5,2,0.961875,0.980561,0.980895
f399e00a-efc0-4717-9cbf-95d25efde895,shot_noise,s5,0,0.967115,0.983236,0.986069
f3a3d26f-35a3-4157-b518-f30fb94e74f8,gaussian_blur,s2,2,0.957093,0.977640,0.997586
f3a704da-c387-410f-9207-df139748d710,shot_noise,s3,2,0.641950,0.753057,0.898880
f3aa3c0d-db04-4d0c-aac1-952989754285,clean,s4,1,0.787592,0.873470,0.942078
f3aa45eb-f2c7-4d30-b88a-f0f6ccec4a62,fog,s5,5,0.734261,0.843427,0.868130
f3abe9ce-be01-48f7-8328-95eda44bfb24,fog,s3,1,0.586431,0.684666,0.912592
f3ae6261-7f72-4006-aee0-26f0b1db3ad6,shot_noise,s5,4,0.445513,0.596845,0.664933
f3ae81fc-3674-4f1f-96d0-ce950fa7db8b,fog,s4,2,0.474274,0.604469,0.741826
f3ba44f3-2f59-439b-bf41-aa18687aa886,shot_noise,s5,4,0.903901,0.949519,0.949652
f3cac26f-3af6-4c00-8125-70c8ac01a8ad,clean,s5,5,0.383867,0.512878,0.640784
f3d23f28-760a-44da-b2a7-8a81ebd04aa5,shot_noise,s5,1,0.865221,0.926984,0.938117
f3d3faef-7b3d-45a1-9b24-6fee8ee782a1,gaussian_blur,s5,2,0.562538,0.712027,0.747826
f3de1d8d-917e-45a5-b3e8-1b9c986d3eb6,fog,s5,3,0.673049,0.801146,0.821835
f3e40cd1-3666-4081-b0ad-3a74c54a8ff0,gaussian_blur,s5,2,0.929223,0.963141,0.967974
f4045562-50cd-4b22-a6a4-db885263df9c,fog,s4,4,0.962036,0.980547,0.986005
f4072d40-df6b-4776-b4e3-62d0fe3ee33f,gaussian_blur,s5,4,0.860198,0.923683,0.940075
f40d02c6-4e99-4529-90f5-71671a5000d0,gaussian_blur,s5,1,0.463742,0.616215,0.679040
f412e788-f9e5-4a58-a3a0-b0eea3122ace,gaussian_blur,s4,2,0.976235,0.987948,0.990204
f41b95c7-2779-43f8-9136-1ec9b1082b69,shot_noise,s4,1,0.961821,0.980411,0.987099
f41d133d-3a78-45f7-91dd-4d2a683d6f62,shot_noise,s4,0,0.700933,0.813174,0.883060
f42afdfa-a450-403f-b113-32062da802bf,shot_noise,s4,5,0.708394,0.811301,0.924747
f42e3304-67a7-4120-9d41-829153f4f6a1,clean,s5,2,0.913124,0.954582,0.954757
f439c541-537a-4f65-a8cb-796c3b81169d,fog,s4,2,0.923813,0.959772,0.975968
f43c8f56-d965-4d53-ade4-bfd896927682,fog,s3,4,0.877911,0.932169,0.976529
f4511ce0-786a-431f-9902-9eb5f87b0ce7,gaussian_blur,s3,0,0.665778,0.760256,0.962468
f4521cbb-a966-4e43-ad68-220448810c77,clean,s4,1,0.948754,0.973297,0.988920
f45d6376-88b4-488f-afbf-070de86430c8,clean,s5,3,0.650540,0.788229,0.788496
f45e8a1f-7809-4d62-a664-0baa0920c28f,gaussian_blur,s4,3,0.445823,0.586046,0.690768
f46779af-eecc-4fea-8053-0f314d5a3685,shot_noise,s5,4,0.454709,0.620070,0.638539
f47153f9-354c-417e-b0dc-df5803954978,shot_noise,s5,4,0.952798,0.975768,0.978347
f47605f1-3d43-45f8-9d04-6fb5eae3c8cd,gaussian_blur,s4,1,0.947429,0.972740,0.982725
f479fa7b-e5e5-4f08-9f40-b8b344b2948f,gaussian_blur,s5,2,0.581644,0.733992,0.741138
f47e263d-3af8-477e-8171-d37b459dea71,shot_noise,s5,4,0.850948,0.918525,0.931103
f48992e1-756e-4278-b6dc-9f881056b85a,fog,s4,2,0.732640,0.833774,0.917387
f491b60a-6b7a-4008-b976-2e6013f114c4,gaussian_blur,s4,5,0.766676,0.861461,0.914631
f4a94791-0709-4725-be29-f19860e5dc08,shot_noise,s3,0,0.811442,0.885911,0.983520
f4a94f2f-7556-4e64-ad3e-9b17139af729,clean,s5,4,0.914209,0.955177,0.955303
f4b8070c-acc4-4be8-a0e9-e2b945cec553,gaussian_blur,s2,1,0.938935,0.967558,0.997737
f4c299e5-9346-44b4-b968-1580de5b8988,shot_noise,s5,0,0.568285,0.714437,0.760736
f4c4b7a8-aa99-4fb3-a515-cd091dfb09a0,clean,s4,3,0.977553,0.988625,0.990745
f4c8d1e6-5b6b-465b-9e86-9779a37ec57f,clean,s5,2,0.227774,0.321097,0.444592
f4d49962-b470-47ff-b1d4-e6c55cc2163e,clean,s4,1,0.924323,0.959723,0.984257
f4d9282d-d9b0-4a0b-82b0-01318b8eb460,gaussian_blur,s5,4,0.947728,0.973135,0.974200
f4dac46e-0cb4-4101-b23b-6c16ab3a34fb,gaussian_blur,s3,4,0.676451,0.788019,0.896565
f4f9a2ff-fc6b-4b20-a770-ca26aaa36a53,clean,s4,4,0.350559,0.414540,0.697781
f5015ed8-6400-49f8-a7f7-1f64699c196d,clean,s5,5,0.940397,0.969282,0.969312
f502be1a-f3ad-427a-9787-8e1fe17ca758,fog,s5,2,0.921602,0.959041,0.963115
f513cb8f-e6bf-49bd-996c-9821ebb8a693,clean,s4,1,0.804266,0.888130,0.921781
f51c0b74-f87d-40a4-8727-19ce7d7b8321,gaussian_blur,s3,1,0.926639,0.960745,0.991915
f523a5a9-4cca-4544-a713-5d947f79b603,shot_noise,s2,4,0.974734,0.987060,0.998468
f54b2b9e-c240-44ae-ae22-1ea2e13cb335,shot_noise,s5,4,0.769886,0.867602,0.887975
f55a2aa4-a150-459b-8d3a-2fd1d84801ea,gaussian_blur,s5,2,0.388858,0.528878,0.625960
f5743ae1-96c8-4d27-9ad8-c89c18ca3702,shot_noise,s5,1,0.578550,0.732238,0.735915
f58e9be7-992e-4467-8c0b-e33f57a8d256,shot_noise,s5,3,0.833510,0.908560,0.916149
f5a584d1-d9f0-48ff-abde-3e0a290e6c3d,gaussian_blur,s5,5,0.716503,0.834833,0.834885
f5a66afe-9efa-4e25-9203-9829ba4bb06f,gaussian_blur,s4,1,0.977582,0.988637,0.991019
f5b1cb92-e9d1-4aab-8ef6-cbc56ed1144d,fog,s4,0,0.292052,0.451446,0.453222
f5b79322-5aeb-4bdf-ba1e-b655f03bac78,clean,s4,5,0.672046,0.794951,0.847309
f5b9e4b8-2684-4572-9a8f-5959a30e594b,fog,s4,0,0.767316,0.856004,0.954012
f5c0928d-6c67-4aa9-861c-d40b6dbd2307,fog,s5,5,0.299098,0.405529,0.552891
f5cafb96-9694-4b23-a73b-1d875b82ecd6,shot_noise,s5,5,0.865251,0.927485,0.931531
f5d288c5-530c-4266-8208-d485eb659f8f,gaussian_blur,s5,4,0.715855,0.833276,0.841141
f5d93645-0847-4df0-b277-876733b0b287,fog,s5,0,0.351146,0.440836,0.660949
f6006257-8a03-4809-bfb7-0948163e63db,shot_noise,s5,4,0.898164,0.946291,0.947445
f604b474-ca38-449d-b3de-1038720b6f4c,fog,s5,1,0.899301,0.946579,0.954506
f609bc06-f33d-4f71-b10a-268495824f06,clean,s4,5,0.600010,0.721969,0.850856
f61ae40e-abb6-42f2-ba68-e7bc3abaeeb2,gaussian_blur,s3,4,0.975780,0.987633,0.996501
f63a04dd-4087-4303-b1a8-c833c44c039e,clean,s4,0,0.955677,0.977090,0.988085
f63f225d-af6c-4a6f-a244-1202cb61c261,fog,s3,5,0.829316,0.900010,0.973555
f647e6f9-ca4d-46b0-9205-b04997f399a5,clean,s2,3,0.974545,0.986961,0.998456
f6489e8c-7847-4a8a-8959-943ad330c25d,shot_noise,s5,0,0.980154,0.989971,0.990669
f64c6cc1-da04-458e-9868-fa45dd0bcfe2,clean,s5,5,0.450288,0.619277,0.625393
f652456d-6177-4dfe-9868-5aa9464b1000,fog,s3,5,0.890723,0.939953,0.979688
f6614f0a-61b7-4ed9-a4ba-83d22b74242b,clean,s4,0,0.917307,0.956016,0.976294
f666a1f2-df1f-40d6-a1ac-32df22e54a53,fog,s4,2,0.868594,0.928526,0.945771
f66ad048-b33b-4818-9c74-fdd3b758966a,gaussian_blur,s4,4,0.867500,0.927700,0.947720
f6766c87-5d0d-4581-87ad-0902f2750da2,shot_noise,s5,4,0.931009,0.964261,0.964577
f67cf0c2-bea9-4518-bb1b-8c3834c9797c,shot_noise,s4,3,0.862262,0.923411,0.960325
f6808573-dba7-4816-b1df-2f284f3ecffb,gaussian_blur,s4,1,0.868803,0.928092,0.953504
f68b7172-df4f-445a-8e57-cefb4f35e827,shot_noise,s3,3,0.703130,0.800109,0.953673
f68cb600-706c-4696-9c8d-96186dc8d13e,fog,s4,2,0.893111,0.942652,0.958997
f6a09dd4-7d32-4c00-8544-3c8eb981813b,gaussian_blur,s4,0,0.508218,0.665570,0.698933
f6a09de1-e555-4d57-baf3-39dddf289e09,fog,s2,4,0.883938,0.934836,0.992991
f6a4e6e9-a322-4027-8341-121a8207e94d,clean,s3,3,0.459164,0.478713,0.918327
f6ad231c-2226-44ac-97ad-d10856fb44d7,shot_noise,s4,3,0.879298,0.934643,0.953063
f6becfb2-e4e2-4406-91c9-bdd843e73af7,shot_noise,s4,4,0.363038,0.421384,0.725056
f6c0d092-90b5-4190-9cc3-d90ede2a135d,gaussian_blur,s4,4,0.743674,0.842149,0.921718
f6c20c92-b600-446c-a12f-3ab085b6b788,shot_noise,s4,2,0.956340,0.977526,0.984657
f6c3dc1d-fd10-47fb-a4ea-4d59656b267d,clean,s5,0,0.768254,0.866537,0.886950
f6ddcc45-3736-42ab-aceb-ac92b3851dc3,gaussian_blur,s4,5,0.720460,0.825850,0.904533
f71afad9-4962-4d6e-b33a-ae178f6c94d6,gaussian_blur,s4,5,0.693614,0.810344,0.865225
f7207eca-a554-4bcf-af66-58fe32029847,fog,s3,4,0.760973,0.851911,0.947687
f72f5aa7-f99b-48fb-8161-fffc185b1c52,shot_noise,s3,5,0.682088,0.791440,0.904795
f738c44e-3799-4299-8934-53c3b30cbe84,shot_noise,s5,3,0.533539,0.682027,0.739227
f73b07f7-29e2-47de-aef2-eac616027d7e,gaussian_blur,s3,4,0.678757,0.777138,0.950007
f744fef9-e01f-4842-9e57-64d70e982e5e,fog,s1,0,0.373532,0.427611,0.747063
f74b3586-4b76-462c-a020-24ac1991e36f,gaussian_blur,s5,3,0.567031,0.718691,0.741512
f75c7b80-c685-4964-bc9a-e114593e6f62,shot_noise,s5,0,0.938744,0.968384,0.969032
f7744356-ec75-44f0-9886-ab00fff7853c,gaussian_blur,s3,0,0.866658,0.925406,0.970939
f779c70f-2d0f-4daa-8222-10e00473b88a,gaussian_blur,s3,0,0.921872,0.958186,0.987141
f77cd822-0551-47a8-a8ec-3c5bb6176fbd,fog,s5,5,0.730468,0.843317,0.850155
f78b2877-88e6-4160-81e3-36ab268ce77e,shot_noise,s5,5,0.948537,0.973517,0.976299
f78df423-385d-4928-8df4-a72599aa04b4,clean,s3,2,0.968420,0.983790,0.994257
f79e4300-14df-4913-b8ee-ebbb778ecb06,fog,s4,4,0.781602,0.871922,0.920299
f7c0d6e6-5a4e-4842-83bb-044ddfb896c3,fog,s3,0,0.866658,0.925406,0.970939
f7ce30ff-8860-4cc8-b998-6a565e653748,shot_noise,s5,2,0.266182,0.354278,0.522923
f7d31396-63f3-47f3-84b6-230492b2c8aa,shot_noise,s5,3,0.672223,0.803981,0.804021
f7d8306e-e9d3-4bb5-aafd-f5337854f561,shot_noise,s5,2,0.895122,0.944646,0.944889
f7db957f-d879-421a-b4f8-d0ca7ad3a4e9,clean,s4,1,0.930964,0.963859,0.975013
f7eb50ae-4f02-44c5-a4bd-867f17fdb4da,clean,s5,1,0.890595,0.942117,0.942394
f7ee1958-10ec-4f9c-9d1b-efd9adf4f846,clean,s5,0,0.580700,0.733195,0.740521
f7f9ab81-47bd-4a77-bc0d-be6c54383710,clean,s5,5,0.863801,0.926852,0.927910
f7fb442d-eb9f-4ae5-ad89-77bc7c7d17ec,fog,s3,3,0.913135,0.953141,0.985637
f80b8894-857e-40f5-b6a2-3d24e1f7c305,fog,s4,4,0.932735,0.964554,0.983343
f8180fbd-72a8-4632-b959-2bcd67b912d9,gaussian_blur,s3,5,0.768677,0.855703,0.962821
f819c0c5-25fd-43c6-8e09-0e4050e29407,gaussian_blur,s4,4,0.619672,0.724380,0.913221
f81a4ac2-5156-4765-ba92-4f8e5a27124f,fog,s5,0,0.925712,0.961407,0.961838
f831dcb3-5834-4bda-bf75-a7e2a67cc6ce,fog,s5,1,0.879023,0.935598,0.935914
f84de33e-514f-41bc-9211-851f9762d432,clean,s4,2,0.870309,0.928996,0.954064
f85d952e-979d-4edd-b772-7102d2dac955,fog,s4,4,0.891381,0.941317,0.963952
f864f21b-e493-4b5a-a049-4ccb577add37,gaussian_blur,s4,2,0.367142,0.428622,0.726939
f89bc27f-95d0-4a15-bce0-bbd1389464fc,gaussian_blur,s5,0,0.937190,0.967315,0.975595
f8a1ec9f-1022-4dde-b00f-161737731e2a,shot_noise,s1,2,0.496405,0.498196,0.992811
f8abdd2c-f272-4c2b-b40d-8c3eb1b2b3b6,shot_noise,s5,3,0.819315,0.899829,0.909232
f8b018a0-820c-42e1-98ee-1e513f1a5c75,gaussian_blur,s5,3,0.238215,0.349329,0.439243
f8b9fd58-2cef-4892-bff7-99ac11799c8b,shot_noise,s4,0,0.861726,0.923073,0.960240
f8c757ab-0797-4f56-aebf-eb5dc118d74c,gaussian_blur,s5,4,0.877521,0.934716,0.935525
f8d0713c-772d-43d0-ad4f-0603ef855387,gaussian_blur,s5,1,0.970075,0.984775,0.987125
f8d904d7-5913-4896-a2fa-2551838209b5,gaussian_blur,s4,1,0.900284,0.946873,0.959813
f8db5f3e-eab9-4ea0-bc07-822ed4890f9a,fog,s5,1,0.871064,0.930417,0.940752
f8e39022-2d9c-4d9e-96fe-735215e6912b,clean,s5,0,0.896991,0.945281,0.953333
f8e3fff2-e5f1-4ed1-bf43-1dd8faa9cdc6,fog,s5,1,0.461480,0.630523,0.634232
f8e7303a-d15b-471e-8fe6-e5f29202bdb2,gaussian_blur,s5,4,0.851198,0.919524,0.920789
f8f22d82-e014-4fcb-bf67-1a44e62c537f,shot_noise,s5,2,0.935965,0.966812,0.970288
f8f6c575-c154-4a93-9791-9b2adaae80c0,gaussian_blur,s4,1,0.942819,0.970211,0.982553
f8fe5f0c-b753-46dd-a448-315948b50eaa,gaussian_blur,s5,4,0.836630,0.910426,0.918005
f9043afc-20a6-49bb-9592-5614b90025fd,shot_noise,s4,3,0.901825,0.947050,0.973469
f905acc5-69b6-434a-83bf-81bcf75834ab,fog,s3,0,0.428720,0.535144,0.739979
f911eab0-8b49-44d3-91be-dae6d31a70d4,gaussian_blur,s5,2,0.936854,0.967391,0.967589
f914d274-3999-4e37-9a15-a343b3ff6c99,shot_noise,s5,0,0.980354,0.990068,0.991171
f91685d2-015e-42fa-932f-47ccea4a5941,fog,s5,5,0.802541,0.890233,0.892480
f928a60b-22ec-451b-affc-a09240deada6,gaussian_blur,s5,2,0.903683,0.949040,0.956554
f93df4f1-8ad0-4ce9-8402-5c86d0f17344,clean,s5,4,0.305168,0.413841,0.559397
f947209a-5b67-4297-b3dd-afac3dd19564,shot_noise,s4,5,0.903114,0.948177,0.966733
f949c9d7-ca62-47ad-b664-3a53c9879ba7,gaussian_blur,s5,4,0.928087,0.962525,0.967438
f95ec00b-0076-4c47-8ceb-fa8c0d22cdd0,gaussian_blur,s5,4,0.708952,0.825466,0.853904
f9624487-657e-4590-8e18-4aaaa58c706a,fog,s5,1,0.743746,0.852745,0.855077
f963b32d-d49b-480f-a032-42c3a2770c1d,fog,s5,1,0.679514,0.806139,0.824864
f9679e32-be29-4509-8b67-674ea5fe5446,gaussian_blur,s4,1,0.710770,0.817280,0.905669
f96ed82e-5c7a-49be-8d87-818a6b32e257,shot_noise,s5,3,0.880590,0.936449,0.937365
f97030ca-4be1-4468-8f75-c523aac0795a,clean,s5,0,0.909416,0.952518,0.953435
f9704d0a-729d-4b9f-acd1-680132cd6991,gaussian_blur,s3,4,0.598110,0.697284,0.917781
f979c7da-3a9f-4381-9bf3-db7f7ea9de56,shot_noise,s3,3,0.957330,0.977804,0.996036
f98f9f63-d08d-474e-8802-f48b34c026ae,clean,s3,2,0.939485,0.968130,0.989771
f996da3c-7ebf-4a01-87a2-ec7cdbf41ea5,fog,s3,4,0.714681,0.808316,0.965520
f996fd17-a18a-4baf-9309-49c11cd6495d,shot_noise,s5,3,0.859405,0.923559,0.935227
f9a380df-2a04-44f9-a4d3-14ea2bcb06fc,clean,s5,4,0.971108,0.985325,0.986544
f9a5b3df-7d82-4498-98da-6c0f647dbdd1,fog,s5,3,0.313222,0.392950,0.615532
f9a96372-4d4e-47ab-986d-8e5f986b473d,clean,s3,5,0.642238,0.753444,0.898576
f9a9c401-ffad-4df9-91fe-fbdcad0257c3,fog,s3,2,0.307313,0.445303,0.514927
f9af6ff3-b39c-49b1-8861-4d6e1a146cb0,gaussian_blur,s5,2,0.825924,0.903958,0.912016
f9b89a18-c1b1-4fa1-b9d6-e03aa15b9800,fog,s4,3,0.545970,0.671877,0.811266
f9ca23b1-23a5-4ecf-876d-57c614e6f4d1,clean,s5,5,0.269934,0.419168,0.435355
f9e29691-f407-4dfb-9ed9-a8e5b6ffe07e,shot_noise,s5,4,0.905687,0.950502,0.950661
f9f808b9-075e-4b71-b73b-15ba26088f13,gaussian_blur,s5,3,0.924804,0.960432,0.973595
fa047e08-34ec-48d3-a435-2488fc8b3ca0,fog,s2,1,0.695138,0.790510,0.961665
fa0cf7fc-3609-4f80-be6a-2b96d309d111,gaussian_blur,s3,2,0.570672,0.675678,0.883856
fa191f42-9a66-4b94-ad62-c72496aea1e0,clean,s5,2,0.766929,0.867842,0.869984
fa1ab66a-450d-4ef4-9534-a341ecf17f48,clean,s3,2,0.873658,0.929318,0.978570
fa27b17e-77c6-44c8-b072-66410b9debc6,shot_noise,s3,3,0.942037,0.969392,0.995021
fa333724-973b-448c-9049-70c77a58fe13,fog,s4,1,0.544641,0.684178,0.771766
fa348400-d800-4f75-a822-6f034d18ccf7,clean,s1,1,0.496405,0.498196,0.992811
fa4bea51-5fff-457b-bc6d-142215c066c7,shot_noise,s4,1,0.915439,0.955535,0.963000
fa5b1894-2866-4c65-b897-6c0afed986da,fog,s4,0,0.771392,0.864227,0.920416
fa60cc5d-5d9a-406a-bae8-47d8c8e17c35,fog,s5,1,0.986485,0.993195,0.993419
fa651e07-7e0c-42cf-b648-9c2939423c2a,clean,s5,3,0.940397,0.969282,0.969312
fa65d0e4-424b-4fa9-9adb-a83b04f13b12,fog,s4,3,0.385111,0.459222,0.735168
fa662ecd-cac3-43ff-ab44-bbaae6e22716,clean,s5,1,0.824825,0.903333,0.910949
fa6d87c1-94aa-4957-b6b8-79be5fb0a7a3,clean,s5,3,0.912528,0.954260,0.954348
fa79fae8-0083-433f-a0f9-04a6a5be4836,fog,s3,2,0.851183,0.915659,0.966448
fa854747-29bf-40e7-ba5e-7a1bbba09296,fog,s5,5,0.660065,0.775475,0.883205
fa91f316-c1f0-4d01-a30f-641813ff6298,clean,s5,3,0.765235,0.866969,0.867288
fa990ffa-c8fd-4509-ad5e-32b5a8bd062a,fog,s5,4,0.412402,0.563857,0.630096
fa999cc6-91b7-4ce3-8ded-2fada26f8009,clean,s3,4,0.873658,0.929318,0.978570
fab4f077-52b9-45d2-b397-bf983f468b84,fog,s4,0,0.861726,0.923073,0.960240
fab7a475-90e5-421f-aced-42473e9f9670,shot_noise,s1,3,0.371670,0.426388,0.743339
fab8c501-a736-4114-945b-2727cd1741f8,fog,s5,0,0.963798,0.981556,0.982080
fad86cb0-b253-4d5f-a174-ec414ecc84c7,fog,s4,4,0.742230,0.842848,0.910571
fad9824c-7e9d-475f-9e30-92ac22fcd64d,clean,s5,4,0.383867,0.512878,0.640784
fadfed1e-df09-4106-989f-d546873b884a,fog,s4,0,0.862194,0.924250,0.949077
fae3389e-a258-400d-8329-23317a453373,gaussian_blur,s4,3,0.819431,0.898463,0.923328
fae67d69-eebe-4558-879a-aee6ba9d5e70,shot_noise,s5,1,0.827825,0.905744,0.906432
faf07d93-d35f-4863-ac72-4b177d1b98da,clean,s5,3,0.876985,0.934443,0.934741
fafd464e-297d-4b8e-85dc-aae79fd04e7e,gaussian_blur,s5,2,0.924769,0.960880,0.961783
fafd9394-cd4e-46f3-8671-7daa8638c2e9,gaussian_blur,s5,0,0.933832,0.965661,0.969360
fb07660b-8516-4051-b0e5-96f2d2eb3678,shot_noise,s4,0,0.675434,0.796166,0.855893
fb0e3e7d-4b12-41dc-bed0-72287b75d246,fog,s3,1,0.951713,0.974864,0.990980
fb1c3365-e7ec-4874-9dcd-7467b7c61083,shot_noise,s5,3,0.637988,0.777074,0.787584
fb20392f-4489-48bb-9134-d9a8f9b86ddb,shot_noise,s4,1,0.909542,0.951495,0.975994
fb386a68-18bb-4a7f-81f2-27fc63cecd61,shot_noise,s2,1,0.717222,0.806227,0.985509
fb3c6735-7c28-47dc-a459-9b300989ca61,fog,s4,5,0.392984,0.440080,0.785968
fb41095c-4623-40f7-b9f0-309d8a36f1e8,gaussian_blur,s4,2,0.975336,0.987454,0.992287
fb4f2214-dab0-44e2-8645-dabfc7358c44,fog,s5,5,0.409615,0.580239,0.583397
fb5ad918-46b5-4685-9264-b7374c731636,shot_noise,s5,4,0.806491,0.892781,0.893820
fb65f049-9ac7-4a62-97f5-74b420041da4,fog,s4,0,0.700933,0.813174,0.883060
fb6920d8-e7b6-405c-b527-047a9747454c,shot_noise,s4,0,0.898588,0.945810,0.960907
fb6d9fd6-9bd5-47cf-8638-5c9ac31f7bdc,clean,s4,4,0.713490,0.825838,0.872720
fb715739-b7d0-48b3-857c-87c5802a9ff5,fog,s5,4,0.739598,0.850007,0.852320
fb786e44-72d3-4602-b541-1edd01a84626,fog,s5,2,0.723457,0.839537,0.839568
fb803efa-4678-4072-a41e-787de479ac38,gaussian_blur,s4,5,0.761264,0.854984,0.929742
fb81e3d0-d4db-4ec8-96a9-438f956ca1e0,fog,s5,4,0.473367,0.639579,0.650848
fb838110-c317-4211-bccb-57c9f5527236,shot_noise,s5,1,0.877660,0.934790,0.935675
fb8523a9-c343-4db2-a9b4-fdfa7616cdef,fog,s5,5,0.960716,0.979946,0.980880
fb89353f-b7be-45cf-8467-0674b0188fe9,fog,s5,2,0.715210,0.831760,0.847051
fb8a54de-d03e-4fce-b0b3-d36c12f91b19,fog,s4,5,0.926885,0.961742,0.970235
fb959b74-b4b0-4d47-a648-bed4f816ec92,shot_noise,s3,2,0.678873,0.783521,0.925151
fbab447d-7f67-4a08-95cd-3a4eaea7a4cf,shot_noise,s4,2,0.399835,0.444342,0.799669
fbacd626-7ef6-495b-96ec-900d23c43097,shot_noise,s5,0,0.533448,0.686986,0.723749
fbc7c8f9-e6cd-4412-a23f-a1e0da0d2655,shot_noise,s3,1,0.938388,0.967521,0.989589
fbc857b6-6b1e-4701-a662-fed03ea88885,fog,s5,2,0.458764,0.627069,0.634090
fbdcae68-c7c9-417f-a7ab-3c3124e1c6a6,clean,s5,4,0.933315,0.965417,0.968117
fbdfd3ba-55e9-4524-8776-bce1413ae661,fog,s4,5,0.829176,0.903800,0.935835
fbe15082-9d40-4bd1-8652-8e7b7b3ece95,clean,s5,0,0.713857,0.829016,0.856587
fbe8b2ad-db33-4e42-853f-96afc4469f6a,clean,s5,1,0.735920,0.846789,0.854949
fbf048ea-a64f-4889-b458-19e3fbb4230e,clean,s5,0,0.450288,0.619277,0.625393
fbf22d97-6892-4515-9bb1-92c6ee6d7d45,gaussian_blur,s4,3,0.784412,0.874870,0.913648
fbf27740-eb12-4d4d-b1df-efe461add244,clean,s4,3,0.700933,0.813174,0.883060
fbfa4953-08c8-41c3-83c6-890e3e01c699,gaussian_blur,s5,3,0.557200,0.647184,0.909682
fbfd902e-a048-454b-8365-43e96ea17ef7,shot_noise,s4,3,0.937871,0.967286,0.987916
fc083266-9d5b-4d62-b950-3b96172739a7,fog,s2,5,0.977100,0.988298,0.998619
fc16b2d7-2764-410f-86e6-5755c641edb3,fog,s5,5,0.919513,0.957845,0.963381
fc2118a7-f93c-4b51-8af0-0049afe72259,fog,s5,3,0.587459,0.737977,0.748320
fc252168-5dc2-47cb-81ca-f70d2659dd4c,fog,s4,0,0.876333,0.932183,0.962229
fc3121db-a597-466e-a543-84857444d86c,fog,s3,2,0.390082,0.500808,0.682288
fc343a8c-fdce-4b30-8278-c1c568845797,clean,s5,5,0.967115,0.983236,0.986069
fc4e0cdf-45b7-42cf-977d-d04bb20478ed,clean,s5,3,0.925712,0.961407,0.961838
fc584a5f-5962-48e8-94fe-278bd4b6ae9a,shot_noise,s5,2,0.337373,0.417962,0.653264
fc5cd92c-3328-4186-bbde-007ae4cd4df2,fog,s4,5,0.787070,0.876741,0.914187
fc6c2076-6932-487d-855d-a3fcfc461220,clean,s4,5,0.833588,0.903652,0.967269
fc7015c8-6be7-4c4c-9402-cb9e07d37af3,gaussian_blur,s5,1,0.452809,0.603222,0.674101
fc7cfb43-f14f-4330-aa25-12e28a7c6751,gaussian_blur,s3,1,0.667973,0.780161,0.895461
fc7e2c25-1875-4a8b-bc58-b15f2c704f78,shot_noise,s5,5,0.901685,0.947972,0.954613
fc83657d-4591-40c3-97cc-dea2cba38512,clean,s4,0,0.917279,0.956553,0.963807
fc8400fb-c1bb-4a3b-a647-2d215f1c50d9,shot_noise,s5,0,0.908927,0.952009,0.958181
fc8dcec1-b9a6-4715-bc32-7a442da84627,fog,s4,0,0.600010,0.721969,0.850856
fc9ef28f-3e20-4df0-a7bc-daee0fa676f6,shot_noise,s4,4,0.816129,0.891889,0.962283
fca1f18a-5cca-41eb-ba09-06e67186cd0b,fog,s5,3,0.894528,0.944295,0.944928
fca6742b-9daa-4cb4-a567-9c03b602b80d,fog,s5,5,0.879933,0.936131,0.936162
fcad1ded-ba41-45a1-bd50-7496f8fa39ad,shot_noise,s3,1,0.858538,0.918401,0.991096
fcb31827-1c3e-43f0-b7a5-7a1b29670fae,fog,s3,1,0.787594,0.870790,0.961570
fcb6747f-a322-42be-bd20-cc94e1b96492,clean,s5,0,0.938744,0.968384,0.969032
fcc194b0-46fd-4378-8481-a7d403ab53f4,shot_noise,s3,0,0.428720,0.535144,0.739979
fcc383c1-6761-432a-ac29-28592439a170,shot_noise,s4,3,0.368435,0.468601,0.669968
fcce5352-a542-4361-80e9-5d74ffbaa71b,fog,s5,3,0.364840,0.518146,0.568832
fccf7c1b-43de-4ddd-856a-57222653c3d7,fog,s4,4,0.847430,0.913818,0.959147
fccfe96d-ce3a-49f8-bd17-3b6c9c0158d5,gaussian_blur,s5,0,0.568285,0.714437,0.760736
fcd2c128-ff47-4a90-bd3d-e81baf1b5e96,clean,s5,1,0.980354,0.990068,0.991171
fcead04e-a6df-4e92-948f-07a0e85ce982,fog,s5,1,0.959915,0.979536,0.980114
fcee88f3-7aee-431b-b686-1e227e623009,fog,s4,3,0.819475,0.897755,0.930384
fd0cd275-9e71-4ac5-8a57-38e590e9f63a,gaussian_blur,s4,1,0.346524,0.513559,0.517029
fd2a3fac-1e21-482a-9cbe-30ffa64670d5,clean,s3,3,0.939485,0.968130,0.989771
fd3d7f29-3eea-43aa-8e00-e74bd82b6e6c,gaussian_blur,s5,5,0.711288,0.831162,0.832043
fd45c460-e96f-4384-8f2d-2e0e2ee67c8d,fog,s4,1,0.851085,0.917532,0.944048
fd5222ba-42f2-45e9-85f0-4645611dca8a,shot_noise,s5,3,0.933952,0.965727,0.969381
fd55c07a-39ac-4cd8-a924-abf6f63d001b,shot_noise,s5,0,0.449576,0.620286,0.620288
fd5718e8-5196-4d60-9184-c25d29bedb1f,shot_noise,s4,0,0.926468,0.961207,0.977893
fd5d3b6b-179d-446c-899e-6f5f6e3ae54d,gaussian_blur,s5,1,0.892596,0.943068,0.946459
fd5f884f-035e-46b9-823f-23a8c3667d56,shot_noise,s5,1,0.924060,0.960022,0.973275
fd63c0dc-6727-484a-ae3e-902a5ce4b487,shot_noise,s4,2,0.668840,0.790129,0.856042
fd64f4b4-b169-4dad-bb4a-def509cd869f,clean,s4,2,0.930964,0.963859,0.975013
fd67ae47-d744-4719-b084-d8f391cd4c5f,fog,s3,2,0.720241,0.822465,0.921339
fd74ffe9-e277-4c7e-b83f-b14136813899,clean,s5,1,0.834908,0.910005,0.910264
fd7ef6b0-6819-4f76-8019-e47264b371c4,clean,s5,1,0.907385,0.951298,0.954444
fd9af3dd-6cf4-46c7-a075-711c52938439,shot_noise,s5,4,0.401508,0.572117,0.574949
fd9cba07-62c0-425c-aecf-6e73ffb21e2f,clean,s5,5,0.533448,0.686986,0.723749
fda1795a-f0e2-4e10-b758-f471f47d8288,gaussian_blur,s5,0,0.631751,0.743572,0.894241
fda220a3-7b7d-4dce-8dab-17c8635a95f9,fog,s5,2,0.266842,0.417385,0.427941
fda24cd4-4b5d-4442-be00-9a4ec6b418cf,shot_noise,s4,0,0.928955,0.962552,0.979648
fda566b4-2192-41f6-8c06-474457b95d32,gaussian_blur,s2,1,0.887467,0.937050,0.993261
fda6f9d1-0ffb-49d8-9fb6-05a609386699,gaussian_blur,s4,0,0.977553,0.988625,0.990745
fda7bbb5-d4a3-4939-83f0-24b4c78a39f0,fog,s3,4,0.921182,0.957547,0.992592
fdb0b849-058b-4d83-a50a-a3d17bf89370,shot_noise,s4,3,0.901036,0.947058,0.964644
fdb7eaf5-c491-4a36-a1bc-21028b9f37f5,shot_noise,s4,0,0.981722,0.990760,0.992581
fdc78107-5e00-42c9-8894-199056f060c0,gaussian_blur,s4,1,0.964846,0.982021,0.986992
fdcc53a4-a1f7-4616-9fde-1ee98e8c8c12,clean,s5,4,0.797107,0.887061,0.887447
fdd198a7-78a3-4a95-ab1a-c3e0a8fbd592,gaussian_blur,s4,5,0.467749,0.522170,0.878459
fdd28b20-6444-440e-a394-60ae18d4a81a,gaussian_blur,s5,1,0.918941,0.957747,0.958042
fddccd1d-2d8f-461e-a469-2d79550986e0,shot_noise,s3,4,0.522486,0.654038,0.779784
fde22246-45d2-414f-a151-31d9a5d132b3,clean,s4,1,0.940990,0.969341,0.977989
fdf96aea-c8fd-4c42-a812-ff5a3a294d83,clean,s5,1,0.852819,0.919447,0.934421
fdffc2e3-8454-438f-98ad-e131ce75c355,shot_noise,s5,1,0.907915,0.951576,0.955013
fdffca3c-6bae-4f6f-9f46-221fca4c9a29,clean,s4,3,0.595732,0.734031,0.794126
fe040bf2-06f5-4f5f-8324-ca81484bc3ab,fog,s4,1,0.520995,0.635880,0.820168
fe07c996-4ccb-4768-a208-ce0a800dd362,shot_noise,s4,2,0.982197,0.991003,0.992773
fe2334b7-3ed5-4b68-8368-a18bc5795fd7,fog,s4,3,0.860760,0.922195,0.963411
fe248d88-9c37-4471-8c65-469a474c5e44,clean,s4,5,0.880852,0.935526,0.954123
fe289ed8-601e-4bcb-a184-0686fdeeb838,gaussian_blur,s4,2,0.913165,0.954137,0.964969
fe29422c-46f9-4846-b7f9-693de8c560c8,shot_noise,s5,5,0.842472,0.914369,0.916054
fe3da561-844d-4431-a956-97cb754ebeeb,fog,s4,5,0.814396,0.893642,0.935899
fe68b9e5-4768-45ef-ad3e-7d68e4994b4c,fog,s5,4,0.946691,0.972495,0.976987
fe84f09e-6e7e-4a8b-9767-7871ab031c1e,fog,s5,2,0.587224,0.736154,0.754283
fe907908-ab3f-49cb-bc7e-b11237ade08a,gaussian_blur,s3,3,0.764481,0.854702,0.947873
feb1bd82-995c-4617-8a11-bafbcc375e04,shot_noise,s5,3,0.799460,0.886901,0.903179
feb5a1fb-0d0a-4afa-b108-8b5d80d7516e,clean,s4,5,0.495712,0.633600,0.742658
feb6b9d5-cdc0-47d4-8687-3bccc03d7fa8,fog,s3,4,0.279695,0.416299,0.472811
feb85d11-53ef-4543-82ec-f5cae3a4167b,fog,s5,3,0.970509,0.985033,0.985040
fec7a3e0-f13c-4b7c-822a-d203d311f520,fog,s4,4,0.857044,0.921740,0.939376
fec8718f-2ce0-4edd-a8d8-d4e10f2b7e92,clean,s5,1,0.973462,0.986547,0.986992
fed117d2-cce7-4d09-9da5-3ca006338e19,shot_noise,s4,1,0.910419,0.952604,0.963777
fed1a1a8-1d10-4b80-9f7f-046297032723,shot_noise,s5,3,0.808185,0.893886,0.894229
fed4e1a7-dd12-4497-8c96-8ba494e83edb,clean,s3,1,0.548330,0.654108,0.864917
fed54030-f638-4ef0-b761-384e8431a3cd,shot_noise,s5,2,0.819949,0.900996,0.901796
feda0c62-0753-434c-bc55-9f8be5c2d76a,shot_noise,s5,5,0.769106,0.869261,0.871200
fee4b775-25f6-4431-9e2e-d3bd335fc37f,clean,s5,4,0.735920,0.846789,0.854949
fee7669d-da42-4e1b-bb0d-2e3f33f7c83c,fog,s5,1,0.574895,0.724103,0.751719
feee48eb-7beb-4597-b55d-be4603bf2caa,fog,s3,2,0.918016,0.955704,0.992296
feef10c2-83f6-4953-81d4-64b71f5345ef,fog,s4,5,0.964148,0.981626,0.988318
fefa42f7-eeb8-4e81-9503-e0401f3345a1,gaussian_blur,s2,3,0.910928,0.951299,0.996276
ff01011d-fde2-4a72-aa98-c768b1c64f0b,shot_noise,s4,0,0.729948,0.836531,0.888946
ff091272-d002-46e9-a80e-60ecb1dbf3b7,gaussian_blur,s4,0,0.344564,0.492340,0.552299
ff198456-c048-47b6-be8c-a3007349ffa4,fog,s5,0,0.971108,0.985325,0.986544
ff1cc3a8-6d50-420e-b04c-7f7f750f8a9d,fog,s4,4,0.954437,0.976514,0.984090
ff1dac5e-8a49-468c-9361-135baef3f93d,gaussian_blur,s3,2,0.408200,0.518096,0.707680
ff256553-267e-40d1-8fd5-d53526e13f6d,fog,s4,2,0.802244,0.887413,0.915669
ff260dcd-6170-4c39-8d31-b0ef98e6bb02,clean,s5,5,0.611499,0.758005,0.762699
ff2c21c4-c04c-4a64-b9a5-ca91ccda182b,gaussian_blur,s5,3,0.508731,0.658548,0.720757
ff5b89da-6a73-4fde-ace2-e87d942a10ae,fog,s5,0,0.305168,0.413841,0.559397
ff5bda6d-d00f-4cdb-9f7b-78041df08568,shot_noise,s5,4,0.569570,0.721435,0.741313
ff5f2b96-9e9b-418a-930c-f43f1b78ca4a,shot_noise,s5,0,0.713857,0.829016,0.856587
ff6d6e66-1b41-4893-9769-89bed44ac100,clean,s5,4,0.478576,0.643054,0.659376
ff74b786-c846-4503-8c3f-2abca46fc743,shot_noise,s5,5,0.911691,0.953646,0.957242
ff79cab5-b323-4c8e-a8d1-1a799b0eb3f3,clean,s4,5,0.945967,0.972027,0.979616
ff8a8190-8415-4779-a4e8-c63d0dff3a04,clean,s4,5,0.804266,0.888130,0.921781
ff8bfb2b-b8e1-4139-98b8-b0c3af107c27,gaussian_blur,s3,0,0.968420,0.983790,0.994257
ff9615d7-f6e2-485b-a3e2-16f7ee35ad32,shot_noise,s4,0,0.833588,0.903652,0.967269
ff9e9775-9560-4799-a9ee-e85ca4e19588,clean,s5,4,0.908927,0.952009,0.958181
ffb992eb-a1de-414d-bc7d-e4eea56fd70b,gaussian_blur,s3,5,0.872584,0.928859,0.975508
ffbddf76-d89b-476c-9fb0-7e77525903be,shot_noise,s5,4,0.867785,0.929188,0.929563
ffc23686-dae6-42dc-a78e-166b0c2312f4,fog,s5,3,0.426406,0.567550,0.667996
ffc8f653-ad85-4155-9c72-aa25dbee5d7e,shot_noise,s5,5,0.724291,0.840014,0.840659
ffca1a0e-7277-49b5-913b-1fe109fab257,gaussian_blur,s4,1,0.922493,0.958948,0.977621
ffda2853-526c-48dc-b5a2-fda4f2df27b1,gaussian_blur,s5,0,0.713857,0.829016,0.856587
ffea8b83-342a-4a62-a2fe-a21e1a935e1f,shot_noise,s4,1,0.942673,0.970248,0.978645
fff0a319-cea9-4ee6-ac3d-8bca2cfe5b7b,fog,s4,5,0.708088,0.827119,0.840560
fff163fd-4b10-461b-a965-c06626b3f1db,shot_noise,s5,5,0.741360,0.851455,0.851589
fff208ee-402f-47ab-94d8-1b8a20da4f73,clean,s3,2,0.716648,0.811812,0.957829
fff31348-8f8a-491d-869c-57ba23d9c6b3,gaussian_blur,s4,2,0.714260,0.824415,0.884012
fffc4ac3-10f5-450b-b1da-8313147d6404,gaussian_blur,s3,3,0.566881,0.672421,0.879749
